observation_date,index_code,grade,price_usd,change_usd,change_pct,low_usd,high_usd,unit,source
2025-09-09,BIX_APAC,IFO380,487.59,,,,,USD/MT,BunkerIndex_BIX
2025-09-09,BIX_APAC,MGO,789.83,,,,,USD/MT,BunkerIndex_BIX
2025-09-09,BIX_APAC,VLSFO,579.54,,,,,USD/MT,BunkerIndex_BIX
2025-09-09,BIX_Americas,IFO380,491.33,,,,,USD/MT,BunkerIndex_BIX
2025-09-09,BIX_Americas,MGO,875.52,,,,,USD/MT,BunkerIndex_BIX
2025-09-09,BIX_Americas,VLSFO,601.04,,,,,USD/MT,BunkerIndex_BIX
2025-09-09,BIX_EMEA,IFO380,448.63,,,,,USD/MT,BunkerIndex_BIX
2025-09-09,BIX_EMEA,MGO,778.38,,,,,USD/MT,BunkerIndex_BIX
2025-09-09,BIX_EMEA,VLSFO,546.06,,,,,USD/MT,BunkerIndex_BIX
2025-09-09,BIX_World,IFO380,474.63,,,,,USD/MT,BunkerIndex_BIX
2025-09-09,BIX_World,MGO,816.71,,,,,USD/MT,BunkerIndex_BIX
2025-09-09,BIX_World,VLSFO,576.89,,,,,USD/MT,BunkerIndex_BIX
2025-09-09,BIX_World3,IFO380,397.67,,,,,USD/MT,BunkerIndex_BIX
2025-09-09,BIX_World3,MGO,690,,,,,USD/MT,BunkerIndex_BIX
2025-09-09,BIX_World3,VLSFO,481.67,,,,,USD/MT,BunkerIndex_BIX
2025-09-10,BIX_APAC,IFO380,488.95,,,,,USD/MT,BunkerIndex_BIX
2025-09-10,BIX_APAC,MGO,792.38,,,,,USD/MT,BunkerIndex_BIX
2025-09-10,BIX_APAC,VLSFO,580.21,,,,,USD/MT,BunkerIndex_BIX
2025-09-10,BIX_Americas,IFO380,494.44,,,,,USD/MT,BunkerIndex_BIX
2025-09-10,BIX_Americas,MGO,870.91,,,,,USD/MT,BunkerIndex_BIX
2025-09-10,BIX_Americas,VLSFO,600.4,,,,,USD/MT,BunkerIndex_BIX
2025-09-10,BIX_EMEA,IFO380,450.29,,,,,USD/MT,BunkerIndex_BIX
2025-09-10,BIX_EMEA,MGO,779.25,,,,,USD/MT,BunkerIndex_BIX
2025-09-10,BIX_EMEA,VLSFO,544.94,,,,,USD/MT,BunkerIndex_BIX
2025-09-10,BIX_World,IFO380,476.68,,,,,USD/MT,BunkerIndex_BIX
2025-09-10,BIX_World,MGO,816.01,,,,,USD/MT,BunkerIndex_BIX
2025-09-10,BIX_World,VLSFO,576.56,,,,,USD/MT,BunkerIndex_BIX
2025-09-10,BIX_World3,IFO380,398.33,,,,,USD/MT,BunkerIndex_BIX
2025-09-10,BIX_World3,MGO,692.33,,,,,USD/MT,BunkerIndex_BIX
2025-09-10,BIX_World3,VLSFO,482,,,,,USD/MT,BunkerIndex_BIX
2025-09-11,BIX_APAC,IFO380,489.78,,,,,USD/MT,BunkerIndex_BIX
2025-09-11,BIX_APAC,MGO,795.12,,,,,USD/MT,BunkerIndex_BIX
2025-09-11,BIX_APAC,VLSFO,580.31,,,,,USD/MT,BunkerIndex_BIX
2025-09-11,BIX_Americas,IFO380,494.96,,,,,USD/MT,BunkerIndex_BIX
2025-09-11,BIX_Americas,MGO,870.28,,,,,USD/MT,BunkerIndex_BIX
2025-09-11,BIX_Americas,VLSFO,600.15,,,,,USD/MT,BunkerIndex_BIX
2025-09-11,BIX_EMEA,IFO380,450.26,,,,,USD/MT,BunkerIndex_BIX
2025-09-11,BIX_EMEA,MGO,781.11,,,,,USD/MT,BunkerIndex_BIX
2025-09-11,BIX_EMEA,VLSFO,542.21,,,,,USD/MT,BunkerIndex_BIX
2025-09-11,BIX_World,IFO380,477.1,,,,,USD/MT,BunkerIndex_BIX
2025-09-11,BIX_World,MGO,817.19,,,,,USD/MT,BunkerIndex_BIX
2025-09-11,BIX_World,VLSFO,575.69,,,,,USD/MT,BunkerIndex_BIX
2025-09-11,BIX_World3,IFO380,400,,,,,USD/MT,BunkerIndex_BIX
2025-09-11,BIX_World3,MGO,693,,,,,USD/MT,BunkerIndex_BIX
2025-09-11,BIX_World3,VLSFO,483,,,,,USD/MT,BunkerIndex_BIX
2025-09-12,BIX_APAC,IFO380,486.93,,,,,USD/MT,BunkerIndex_BIX
2025-09-12,BIX_APAC,MGO,794.68,,,,,USD/MT,BunkerIndex_BIX
2025-09-12,BIX_APAC,VLSFO,576.3,,,,,USD/MT,BunkerIndex_BIX
2025-09-12,BIX_Americas,IFO380,493.83,,,,,USD/MT,BunkerIndex_BIX
2025-09-12,BIX_Americas,MGO,872.23,,,,,USD/MT,BunkerIndex_BIX
2025-09-12,BIX_Americas,VLSFO,595.83,,,,,USD/MT,BunkerIndex_BIX
2025-09-12,BIX_EMEA,IFO380,445.43,,,,,USD/MT,BunkerIndex_BIX
2025-09-12,BIX_EMEA,MGO,776.21,,,,,USD/MT,BunkerIndex_BIX
2025-09-12,BIX_EMEA,VLSFO,537.71,,,,,USD/MT,BunkerIndex_BIX
2025-09-12,BIX_World,IFO380,474.1,,,,,USD/MT,BunkerIndex_BIX
2025-09-12,BIX_World,MGO,815.94,,,,,USD/MT,BunkerIndex_BIX
2025-09-12,BIX_World,VLSFO,571.42,,,,,USD/MT,BunkerIndex_BIX
2025-09-12,BIX_World3,IFO380,392.5,,,,,USD/MT,BunkerIndex_BIX
2025-09-12,BIX_World3,MGO,682.67,,,,,USD/MT,BunkerIndex_BIX
2025-09-12,BIX_World3,VLSFO,470.5,,,,,USD/MT,BunkerIndex_BIX
2025-09-15,BIX_APAC,IFO380,489.67,,,,,USD/MT,BunkerIndex_BIX
2025-09-15,BIX_APAC,MGO,793.36,,,,,USD/MT,BunkerIndex_BIX
2025-09-15,BIX_APAC,VLSFO,575.9,,,,,USD/MT,BunkerIndex_BIX
2025-09-15,BIX_Americas,IFO380,494.18,,,,,USD/MT,BunkerIndex_BIX
2025-09-15,BIX_Americas,MGO,872.18,,,,,USD/MT,BunkerIndex_BIX
2025-09-15,BIX_Americas,VLSFO,597.93,,,,,USD/MT,BunkerIndex_BIX
2025-09-15,BIX_EMEA,IFO380,448.94,,,,,USD/MT,BunkerIndex_BIX
2025-09-15,BIX_EMEA,MGO,783.3,,,,,USD/MT,BunkerIndex_BIX
2025-09-15,BIX_EMEA,VLSFO,538.72,,,,,USD/MT,BunkerIndex_BIX
2025-09-15,BIX_World,IFO380,476.33,,,,,USD/MT,BunkerIndex_BIX
2025-09-15,BIX_World,MGO,818.26,,,,,USD/MT,BunkerIndex_BIX
2025-09-15,BIX_World,VLSFO,572.32,,,,,USD/MT,BunkerIndex_BIX
2025-09-15,BIX_World3,IFO380,399.33,,,,,USD/MT,BunkerIndex_BIX
2025-09-15,BIX_World3,MGO,694,,,,,USD/MT,BunkerIndex_BIX
2025-09-15,BIX_World3,VLSFO,480.83,,,,,USD/MT,BunkerIndex_BIX
2025-09-16,BIX_APAC,IFO380,490.5,,,,,USD/MT,BunkerIndex_BIX
2025-09-16,BIX_APAC,MGO,793.44,,,,,USD/MT,BunkerIndex_BIX
2025-09-16,BIX_APAC,VLSFO,577.64,,,,,USD/MT,BunkerIndex_BIX
2025-09-16,BIX_Americas,IFO380,496.49,,,,,USD/MT,BunkerIndex_BIX
2025-09-16,BIX_Americas,MGO,878.24,,,,,USD/MT,BunkerIndex_BIX
2025-09-16,BIX_Americas,VLSFO,595.4,,,,,USD/MT,BunkerIndex_BIX
2025-09-16,BIX_EMEA,IFO380,448.46,,,,,USD/MT,BunkerIndex_BIX
2025-09-16,BIX_EMEA,MGO,784.33,,,,,USD/MT,BunkerIndex_BIX
2025-09-16,BIX_EMEA,VLSFO,537.44,,,,,USD/MT,BunkerIndex_BIX
2025-09-16,BIX_World,IFO380,477.17,,,,,USD/MT,BunkerIndex_BIX
2025-09-16,BIX_World,MGO,820.88,,,,,USD/MT,BunkerIndex_BIX
2025-09-16,BIX_World,VLSFO,571.66,,,,,USD/MT,BunkerIndex_BIX
2025-09-16,BIX_World3,IFO380,399.67,,,,,USD/MT,BunkerIndex_BIX
2025-09-16,BIX_World3,MGO,694.83,,,,,USD/MT,BunkerIndex_BIX
2025-09-16,BIX_World3,VLSFO,481.33,,,,,USD/MT,BunkerIndex_BIX
2025-09-17,BIX_APAC,IFO380,494.22,,,,,USD/MT,BunkerIndex_BIX
2025-09-17,BIX_APAC,MGO,802.69,,,,,USD/MT,BunkerIndex_BIX
2025-09-17,BIX_APAC,VLSFO,583.18,,,,,USD/MT,BunkerIndex_BIX
2025-09-17,BIX_Americas,IFO380,497.24,,,,,USD/MT,BunkerIndex_BIX
2025-09-17,BIX_Americas,MGO,880.79,,,,,USD/MT,BunkerIndex_BIX
2025-09-17,BIX_Americas,VLSFO,595.64,,,,,USD/MT,BunkerIndex_BIX
2025-09-17,BIX_EMEA,IFO380,449.13,,,,,USD/MT,BunkerIndex_BIX
2025-09-17,BIX_EMEA,MGO,788.49,,,,,USD/MT,BunkerIndex_BIX
2025-09-17,BIX_EMEA,VLSFO,539.26,,,,,USD/MT,BunkerIndex_BIX
2025-09-17,BIX_World,IFO380,478.79,,,,,USD/MT,BunkerIndex_BIX
2025-09-17,BIX_World,MGO,825.76,,,,,USD/MT,BunkerIndex_BIX
2025-09-17,BIX_World,VLSFO,574.25,,,,,USD/MT,BunkerIndex_BIX
2025-09-17,BIX_World3,IFO380,401.33,,,,,USD/MT,BunkerIndex_BIX
2025-09-17,BIX_World3,MGO,701.5,,,,,USD/MT,BunkerIndex_BIX
2025-09-17,BIX_World3,VLSFO,485,,,,,USD/MT,BunkerIndex_BIX
2025-09-18,BIX_APAC,IFO380,493.19,,,,,USD/MT,BunkerIndex_BIX
2025-09-18,BIX_APAC,MGO,803.38,,,,,USD/MT,BunkerIndex_BIX
2025-09-18,BIX_APAC,VLSFO,583.15,,,,,USD/MT,BunkerIndex_BIX
2025-09-18,BIX_Americas,IFO380,499.44,,,,,USD/MT,BunkerIndex_BIX
2025-09-18,BIX_Americas,MGO,880.4,,,,,USD/MT,BunkerIndex_BIX
2025-09-18,BIX_Americas,VLSFO,595.75,,,,,USD/MT,BunkerIndex_BIX
2025-09-18,BIX_EMEA,IFO380,449.21,,,,,USD/MT,BunkerIndex_BIX
2025-09-18,BIX_EMEA,MGO,783.25,,,,,USD/MT,BunkerIndex_BIX
2025-09-18,BIX_EMEA,VLSFO,538.35,,,,,USD/MT,BunkerIndex_BIX
2025-09-18,BIX_World,IFO380,479.24,,,,,USD/MT,BunkerIndex_BIX
2025-09-18,BIX_World,MGO,823.81,,,,,USD/MT,BunkerIndex_BIX
2025-09-18,BIX_World,VLSFO,574,,,,,USD/MT,BunkerIndex_BIX
2025-09-18,BIX_World3,IFO380,398.33,,,,,USD/MT,BunkerIndex_BIX
2025-09-18,BIX_World3,MGO,699.17,,,,,USD/MT,BunkerIndex_BIX
2025-09-18,BIX_World3,VLSFO,481.17,,,,,USD/MT,BunkerIndex_BIX
2025-09-19,BIX_APAC,IFO380,488,,,,,USD/MT,BunkerIndex_BIX
2025-09-19,BIX_APAC,MGO,801.6,,,,,USD/MT,BunkerIndex_BIX
2025-09-19,BIX_APAC,VLSFO,579.26,,,,,USD/MT,BunkerIndex_BIX
2025-09-19,BIX_Americas,IFO380,496.24,,,,,USD/MT,BunkerIndex_BIX
2025-09-19,BIX_Americas,MGO,878.67,,,,,USD/MT,BunkerIndex_BIX
2025-09-19,BIX_Americas,VLSFO,596.92,,,,,USD/MT,BunkerIndex_BIX
2025-09-19,BIX_EMEA,IFO380,448.89,,,,,USD/MT,BunkerIndex_BIX
2025-09-19,BIX_EMEA,MGO,780.56,,,,,USD/MT,BunkerIndex_BIX
2025-09-19,BIX_EMEA,VLSFO,536.73,,,,,USD/MT,BunkerIndex_BIX
2025-09-19,BIX_World,IFO380,476.49,,,,,USD/MT,BunkerIndex_BIX
2025-09-19,BIX_World,MGO,821.71,,,,,USD/MT,BunkerIndex_BIX
2025-09-19,BIX_World,VLSFO,572.55,,,,,USD/MT,BunkerIndex_BIX
2025-09-19,BIX_World3,IFO380,394.67,,,,,USD/MT,BunkerIndex_BIX
2025-09-19,BIX_World3,MGO,693,,,,,USD/MT,BunkerIndex_BIX
2025-09-19,BIX_World3,VLSFO,476,,,,,USD/MT,BunkerIndex_BIX
2025-09-22,BIX_APAC,IFO380,486.05,,,,,USD/MT,BunkerIndex_BIX
2025-09-22,BIX_APAC,MGO,798.99,,,,,USD/MT,BunkerIndex_BIX
2025-09-22,BIX_APAC,VLSFO,576.38,,,,,USD/MT,BunkerIndex_BIX
2025-09-22,BIX_Americas,IFO380,497.88,,,,,USD/MT,BunkerIndex_BIX
2025-09-22,BIX_Americas,MGO,877.19,,,,,USD/MT,BunkerIndex_BIX
2025-09-22,BIX_Americas,VLSFO,595.06,,,,,USD/MT,BunkerIndex_BIX
2025-09-22,BIX_EMEA,IFO380,447.1,,,,,USD/MT,BunkerIndex_BIX
2025-09-22,BIX_EMEA,MGO,778.47,,,,,USD/MT,BunkerIndex_BIX
2025-09-22,BIX_EMEA,VLSFO,533.19,,,,,USD/MT,BunkerIndex_BIX
2025-09-22,BIX_World,IFO380,475.79,,,,,USD/MT,BunkerIndex_BIX
2025-09-22,BIX_World,MGO,819.56,,,,,USD/MT,BunkerIndex_BIX
2025-09-22,BIX_World,VLSFO,569.82,,,,,USD/MT,BunkerIndex_BIX
2025-09-22,BIX_World3,IFO380,393.83,,,,,USD/MT,BunkerIndex_BIX
2025-09-22,BIX_World3,MGO,691.17,,,,,USD/MT,BunkerIndex_BIX
2025-09-22,BIX_World3,VLSFO,475.17,,,,,USD/MT,BunkerIndex_BIX
2025-09-23,BIX_APAC,IFO380,485.98,,,,,USD/MT,BunkerIndex_BIX
2025-09-23,BIX_APAC,MGO,798.11,,,,,USD/MT,BunkerIndex_BIX
2025-09-23,BIX_APAC,VLSFO,575.11,,,,,USD/MT,BunkerIndex_BIX
2025-09-23,BIX_Americas,IFO380,497.62,,,,,USD/MT,BunkerIndex_BIX
2025-09-23,BIX_Americas,MGO,879.28,,,,,USD/MT,BunkerIndex_BIX
2025-09-23,BIX_Americas,VLSFO,595.69,,,,,USD/MT,BunkerIndex_BIX
2025-09-23,BIX_EMEA,IFO380,449.26,,,,,USD/MT,BunkerIndex_BIX
2025-09-23,BIX_EMEA,MGO,774.8,,,,,USD/MT,BunkerIndex_BIX
2025-09-23,BIX_EMEA,VLSFO,532.78,,,,,USD/MT,BunkerIndex_BIX
2025-09-23,BIX_World,IFO380,476.47,,,,,USD/MT,BunkerIndex_BIX
2025-09-23,BIX_World,MGO,818.85,,,,,USD/MT,BunkerIndex_BIX
2025-09-23,BIX_World,VLSFO,569.47,,,,,USD/MT,BunkerIndex_BIX
2025-09-23,BIX_World3,IFO380,395.67,,,,,USD/MT,BunkerIndex_BIX
2025-09-23,BIX_World3,MGO,689.5,,,,,USD/MT,BunkerIndex_BIX
2025-09-23,BIX_World3,VLSFO,473.17,,,,,USD/MT,BunkerIndex_BIX
2025-09-24,BIX_APAC,IFO380,491.09,,,,,USD/MT,BunkerIndex_BIX
2025-09-24,BIX_APAC,MGO,797.85,,,,,USD/MT,BunkerIndex_BIX
2025-09-24,BIX_APAC,VLSFO,574.79,,,,,USD/MT,BunkerIndex_BIX
2025-09-24,BIX_Americas,IFO380,501.46,,,,,USD/MT,BunkerIndex_BIX
2025-09-24,BIX_Americas,MGO,881.92,,,,,USD/MT,BunkerIndex_BIX
2025-09-24,BIX_Americas,VLSFO,598.62,,,,,USD/MT,BunkerIndex_BIX
2025-09-24,BIX_EMEA,IFO380,456.57,,,,,USD/MT,BunkerIndex_BIX
2025-09-24,BIX_EMEA,MGO,782.73,,,,,USD/MT,BunkerIndex_BIX
2025-09-24,BIX_EMEA,VLSFO,535.44,,,,,USD/MT,BunkerIndex_BIX
2025-09-24,BIX_World,IFO380,481.96,,,,,USD/MT,BunkerIndex_BIX
2025-09-24,BIX_World,MGO,822.75,,,,,USD/MT,BunkerIndex_BIX
2025-09-24,BIX_World,VLSFO,571.17,,,,,USD/MT,BunkerIndex_BIX
2025-09-24,BIX_World3,IFO380,404.17,,,,,USD/MT,BunkerIndex_BIX
2025-09-24,BIX_World3,MGO,697.17,,,,,USD/MT,BunkerIndex_BIX
2025-09-24,BIX_World3,VLSFO,478.33,,,,,USD/MT,BunkerIndex_BIX
2025-09-25,BIX_APAC,IFO380,495.47,,,,,USD/MT,BunkerIndex_BIX
2025-09-25,BIX_APAC,MGO,800.51,,,,,USD/MT,BunkerIndex_BIX
2025-09-25,BIX_APAC,VLSFO,576.73,,,,,USD/MT,BunkerIndex_BIX
2025-09-25,BIX_Americas,IFO380,503.71,,,,,USD/MT,BunkerIndex_BIX
2025-09-25,BIX_Americas,MGO,884.23,,,,,USD/MT,BunkerIndex_BIX
2025-09-25,BIX_Americas,VLSFO,599.81,,,,,USD/MT,BunkerIndex_BIX
2025-09-25,BIX_EMEA,IFO380,463.31,,,,,USD/MT,BunkerIndex_BIX
2025-09-25,BIX_EMEA,MGO,792.05,,,,,USD/MT,BunkerIndex_BIX
2025-09-25,BIX_EMEA,VLSFO,540.38,,,,,USD/MT,BunkerIndex_BIX
2025-09-25,BIX_World,IFO380,486.49,,,,,USD/MT,BunkerIndex_BIX
2025-09-25,BIX_World,MGO,827.81,,,,,USD/MT,BunkerIndex_BIX
2025-09-25,BIX_World,VLSFO,573.76,,,,,USD/MT,BunkerIndex_BIX
2025-09-25,BIX_World3,IFO380,411.67,,,,,USD/MT,BunkerIndex_BIX
2025-09-25,BIX_World3,MGO,704.67,,,,,USD/MT,BunkerIndex_BIX
2025-09-25,BIX_World3,VLSFO,481.83,,,,,USD/MT,BunkerIndex_BIX
2025-09-26,BIX_APAC,IFO380,500.19,,,,,USD/MT,BunkerIndex_BIX
2025-09-26,BIX_APAC,MGO,809.31,,,,,USD/MT,BunkerIndex_BIX
2025-09-26,BIX_APAC,VLSFO,583.04,,,,,USD/MT,BunkerIndex_BIX
2025-09-26,BIX_Americas,IFO380,504.91,,,,,USD/MT,BunkerIndex_BIX
2025-09-26,BIX_Americas,MGO,889.21,,,,,USD/MT,BunkerIndex_BIX
2025-09-26,BIX_Americas,VLSFO,602.48,,,,,USD/MT,BunkerIndex_BIX
2025-09-26,BIX_EMEA,IFO380,464.63,,,,,USD/MT,BunkerIndex_BIX
2025-09-26,BIX_EMEA,MGO,799.33,,,,,USD/MT,BunkerIndex_BIX
2025-09-26,BIX_EMEA,VLSFO,539.94,,,,,USD/MT,BunkerIndex_BIX
2025-09-26,BIX_World,IFO380,488.8,,,,,USD/MT,BunkerIndex_BIX
2025-09-26,BIX_World,MGO,834.64,,,,,USD/MT,BunkerIndex_BIX
2025-09-26,BIX_World,VLSFO,576.77,,,,,USD/MT,BunkerIndex_BIX
2025-09-26,BIX_World3,IFO380,419,,,,,USD/MT,BunkerIndex_BIX
2025-09-26,BIX_World3,MGO,710.67,,,,,USD/MT,BunkerIndex_BIX
2025-09-26,BIX_World3,VLSFO,484.33,,,,,USD/MT,BunkerIndex_BIX
2025-09-29,BIX_APAC,IFO380,498.76,,,,,USD/MT,BunkerIndex_BIX
2025-09-29,BIX_APAC,MGO,811.77,,,,,USD/MT,BunkerIndex_BIX
2025-09-29,BIX_APAC,VLSFO,584.56,,,,,USD/MT,BunkerIndex_BIX
2025-09-29,BIX_Americas,IFO380,498.74,,,,,USD/MT,BunkerIndex_BIX
2025-09-29,BIX_Americas,MGO,884.64,,,,,USD/MT,BunkerIndex_BIX
2025-09-29,BIX_Americas,VLSFO,597.01,,,,,USD/MT,BunkerIndex_BIX
2025-09-29,BIX_EMEA,IFO380,463.19,,,,,USD/MT,BunkerIndex_BIX
2025-09-29,BIX_EMEA,MGO,793.55,,,,,USD/MT,BunkerIndex_BIX
2025-09-29,BIX_EMEA,VLSFO,536.94,,,,,USD/MT,BunkerIndex_BIX
2025-09-29,BIX_World,IFO380,485.78,,,,,USD/MT,BunkerIndex_BIX
2025-09-29,BIX_World,MGO,831.42,,,,,USD/MT,BunkerIndex_BIX
2025-09-29,BIX_World,VLSFO,574.51,,,,,USD/MT,BunkerIndex_BIX
2025-09-29,BIX_World3,IFO380,422.67,,,,,USD/MT,BunkerIndex_BIX
2025-09-29,BIX_World3,MGO,710,,,,,USD/MT,BunkerIndex_BIX
2025-09-29,BIX_World3,VLSFO,484.83,,,,,USD/MT,BunkerIndex_BIX
2025-09-30,BIX_APAC,IFO380,497.91,,,,,USD/MT,BunkerIndex_BIX
2025-09-30,BIX_APAC,MGO,810.74,,,,,USD/MT,BunkerIndex_BIX
2025-09-30,BIX_APAC,VLSFO,583.44,,,,,USD/MT,BunkerIndex_BIX
2025-09-30,BIX_Americas,IFO380,498.48,,,,,USD/MT,BunkerIndex_BIX
2025-09-30,BIX_Americas,MGO,882.82,,,,,USD/MT,BunkerIndex_BIX
2025-09-30,BIX_Americas,VLSFO,595.38,,,,,USD/MT,BunkerIndex_BIX
2025-09-30,BIX_EMEA,IFO380,457.71,,,,,USD/MT,BunkerIndex_BIX
2025-09-30,BIX_EMEA,MGO,784.65,,,,,USD/MT,BunkerIndex_BIX
2025-09-30,BIX_EMEA,VLSFO,533.33,,,,,USD/MT,BunkerIndex_BIX
2025-09-30,BIX_World,IFO380,483.44,,,,,USD/MT,BunkerIndex_BIX
2025-09-30,BIX_World,MGO,827.12,,,,,USD/MT,BunkerIndex_BIX
2025-09-30,BIX_World,VLSFO,572.46,,,,,USD/MT,BunkerIndex_BIX
2025-09-30,BIX_World3,IFO380,411.67,,,,,USD/MT,BunkerIndex_BIX
2025-09-30,BIX_World3,MGO,698.5,,,,,USD/MT,BunkerIndex_BIX
2025-09-30,BIX_World3,VLSFO,475,,,,,USD/MT,BunkerIndex_BIX
2025-10-01,BIX_APAC,IFO380,497.74,,,,,USD/MT,BunkerIndex_BIX
2025-10-01,BIX_APAC,MGO,809.78,,,,,USD/MT,BunkerIndex_BIX
2025-10-01,BIX_APAC,VLSFO,582.84,,,,,USD/MT,BunkerIndex_BIX
2025-10-01,BIX_Americas,IFO380,495.57,,,,,USD/MT,BunkerIndex_BIX
2025-10-01,BIX_Americas,MGO,876.72,,,,,USD/MT,BunkerIndex_BIX
2025-10-01,BIX_Americas,VLSFO,591.41,,,,,USD/MT,BunkerIndex_BIX
2025-10-01,BIX_EMEA,IFO380,455.03,,,,,USD/MT,BunkerIndex_BIX
2025-10-01,BIX_EMEA,MGO,780.86,,,,,USD/MT,BunkerIndex_BIX
2025-10-01,BIX_EMEA,VLSFO,532.29,,,,,USD/MT,BunkerIndex_BIX
2025-10-01,BIX_World,IFO380,481.44,,,,,USD/MT,BunkerIndex_BIX
2025-10-01,BIX_World,MGO,823.22,,,,,USD/MT,BunkerIndex_BIX
2025-10-01,BIX_World,VLSFO,570.56,,,,,USD/MT,BunkerIndex_BIX
2025-10-01,BIX_World3,IFO380,407,,,,,USD/MT,BunkerIndex_BIX
2025-10-01,BIX_World3,MGO,693.17,,,,,USD/MT,BunkerIndex_BIX
2025-10-01,BIX_World3,VLSFO,472.33,,,,,USD/MT,BunkerIndex_BIX
2025-10-02,BIX_APAC,IFO380,493.81,,,,,USD/MT,BunkerIndex_BIX
2025-10-02,BIX_APAC,MGO,807.97,,,,,USD/MT,BunkerIndex_BIX
2025-10-02,BIX_APAC,VLSFO,579.95,,,,,USD/MT,BunkerIndex_BIX
2025-10-02,BIX_Americas,IFO380,492.43,,,,,USD/MT,BunkerIndex_BIX
2025-10-02,BIX_Americas,MGO,875.04,,,,,USD/MT,BunkerIndex_BIX
2025-10-02,BIX_Americas,VLSFO,587.9,,,,,USD/MT,BunkerIndex_BIX
2025-10-02,BIX_EMEA,IFO380,455.69,,,,,USD/MT,BunkerIndex_BIX
2025-10-02,BIX_EMEA,MGO,774.89,,,,,USD/MT,BunkerIndex_BIX
2025-10-02,BIX_EMEA,VLSFO,533.92,,,,,USD/MT,BunkerIndex_BIX
2025-10-02,BIX_World,IFO380,479.45,,,,,USD/MT,BunkerIndex_BIX
2025-10-02,BIX_World,MGO,819.88,,,,,USD/MT,BunkerIndex_BIX
2025-10-02,BIX_World,VLSFO,568.82,,,,,USD/MT,BunkerIndex_BIX
2025-10-02,BIX_World3,IFO380,411.67,,,,,USD/MT,BunkerIndex_BIX
2025-10-02,BIX_World3,MGO,694.17,,,,,USD/MT,BunkerIndex_BIX
2025-10-02,BIX_World3,VLSFO,472,,,,,USD/MT,BunkerIndex_BIX
2025-10-03,BIX_APAC,IFO380,490.48,,,,,USD/MT,BunkerIndex_BIX
2025-10-03,BIX_APAC,MGO,806.66,,,,,USD/MT,BunkerIndex_BIX
2025-10-03,BIX_APAC,VLSFO,574.87,,,,,USD/MT,BunkerIndex_BIX
2025-10-03,BIX_Americas,IFO380,489.91,,,,,USD/MT,BunkerIndex_BIX
2025-10-03,BIX_Americas,MGO,878.33,,,,,USD/MT,BunkerIndex_BIX
2025-10-03,BIX_Americas,VLSFO,587.95,,,,,USD/MT,BunkerIndex_BIX
2025-10-03,BIX_EMEA,IFO380,451.23,,,,,USD/MT,BunkerIndex_BIX
2025-10-03,BIX_EMEA,MGO,763.62,,,,,USD/MT,BunkerIndex_BIX
2025-10-03,BIX_EMEA,VLSFO,531.19,,,,,USD/MT,BunkerIndex_BIX
2025-10-03,BIX_World,IFO380,475.98,,,,,USD/MT,BunkerIndex_BIX
2025-10-03,BIX_World,MGO,816.48,,,,,USD/MT,BunkerIndex_BIX
2025-10-03,BIX_World,VLSFO,566.22,,,,,USD/MT,BunkerIndex_BIX
2025-10-03,BIX_World3,IFO380,400.5,,,,,USD/MT,BunkerIndex_BIX
2025-10-03,BIX_World3,MGO,681.33,,,,,USD/MT,BunkerIndex_BIX
2025-10-03,BIX_World3,VLSFO,463.33,,,,,USD/MT,BunkerIndex_BIX
2025-10-06,BIX_APAC,IFO380,490.83,,,,,USD/MT,BunkerIndex_BIX
2025-10-06,BIX_APAC,MGO,803.65,,,,,USD/MT,BunkerIndex_BIX
2025-10-06,BIX_APAC,VLSFO,574.61,,,,,USD/MT,BunkerIndex_BIX
2025-10-06,BIX_Americas,IFO380,492.74,,,,,USD/MT,BunkerIndex_BIX
2025-10-06,BIX_Americas,MGO,878.55,,,,,USD/MT,BunkerIndex_BIX
2025-10-06,BIX_Americas,VLSFO,588.18,,,,,USD/MT,BunkerIndex_BIX
2025-10-06,BIX_EMEA,IFO380,453.36,,,,,USD/MT,BunkerIndex_BIX
2025-10-06,BIX_EMEA,MGO,760.35,,,,,USD/MT,BunkerIndex_BIX
2025-10-06,BIX_EMEA,VLSFO,530.51,,,,,USD/MT,BunkerIndex_BIX
2025-10-06,BIX_World,IFO380,477.8,,,,,USD/MT,BunkerIndex_BIX
2025-10-06,BIX_World,MGO,814.54,,,,,USD/MT,BunkerIndex_BIX
2025-10-06,BIX_World,VLSFO,566.01,,,,,USD/MT,BunkerIndex_BIX
2025-10-06,BIX_World3,IFO380,403.83,,,,,USD/MT,BunkerIndex_BIX
2025-10-06,BIX_World3,MGO,690.33,,,,,USD/MT,BunkerIndex_BIX
2025-10-06,BIX_World3,VLSFO,467.5,,,,,USD/MT,BunkerIndex_BIX
2025-10-07,BIX_APAC,IFO380,491.07,,,,,USD/MT,BunkerIndex_BIX
2025-10-07,BIX_APAC,MGO,803.99,,,,,USD/MT,BunkerIndex_BIX
2025-10-07,BIX_APAC,VLSFO,574.87,,,,,USD/MT,BunkerIndex_BIX
2025-10-07,BIX_Americas,IFO380,492.82,,,,,USD/MT,BunkerIndex_BIX
2025-10-07,BIX_Americas,MGO,877.35,,,,,USD/MT,BunkerIndex_BIX
2025-10-07,BIX_Americas,VLSFO,588.73,,,,,USD/MT,BunkerIndex_BIX
2025-10-07,BIX_EMEA,IFO380,455.09,,,,,USD/MT,BunkerIndex_BIX
2025-10-07,BIX_EMEA,MGO,770.81,,,,,USD/MT,BunkerIndex_BIX
2025-10-07,BIX_EMEA,VLSFO,529.28,,,,,USD/MT,BunkerIndex_BIX
2025-10-07,BIX_World,IFO380,478.53,,,,,USD/MT,BunkerIndex_BIX
2025-10-07,BIX_World,MGO,818.16,,,,,USD/MT,BunkerIndex_BIX
2025-10-07,BIX_World,VLSFO,565.92,,,,,USD/MT,BunkerIndex_BIX
2025-10-07,BIX_World3,IFO380,407,,,,,USD/MT,BunkerIndex_BIX
2025-10-07,BIX_World3,MGO,691.33,,,,,USD/MT,BunkerIndex_BIX
2025-10-07,BIX_World3,VLSFO,469,,,,,USD/MT,BunkerIndex_BIX
2025-10-08,BIX_APAC,IFO380,491.98,,,,,USD/MT,BunkerIndex_BIX
2025-10-08,BIX_APAC,MGO,803.13,,,,,USD/MT,BunkerIndex_BIX
2025-10-08,BIX_APAC,VLSFO,575.5,,,,,USD/MT,BunkerIndex_BIX
2025-10-08,BIX_Americas,IFO380,495.26,,,,,USD/MT,BunkerIndex_BIX
2025-10-08,BIX_Americas,MGO,882.07,,,,,USD/MT,BunkerIndex_BIX
2025-10-08,BIX_Americas,VLSFO,594.4,,,,,USD/MT,BunkerIndex_BIX
2025-10-08,BIX_EMEA,IFO380,457.37,,,,,USD/MT,BunkerIndex_BIX
2025-10-08,BIX_EMEA,MGO,769.88,,,,,USD/MT,BunkerIndex_BIX
2025-10-08,BIX_EMEA,VLSFO,530.62,,,,,USD/MT,BunkerIndex_BIX
2025-10-08,BIX_World,IFO380,480.46,,,,,USD/MT,BunkerIndex_BIX
2025-10-08,BIX_World,MGO,819.3,,,,,USD/MT,BunkerIndex_BIX
2025-10-08,BIX_World,VLSFO,568.51,,,,,USD/MT,BunkerIndex_BIX
2025-10-08,BIX_World3,IFO380,410.67,,,,,USD/MT,BunkerIndex_BIX
2025-10-08,BIX_World3,MGO,692.67,,,,,USD/MT,BunkerIndex_BIX
2025-10-08,BIX_World3,VLSFO,467.17,,,,,USD/MT,BunkerIndex_BIX
2025-10-09,BIX_APAC,IFO380,491.05,,,,,USD/MT,BunkerIndex_BIX
2025-10-09,BIX_APAC,MGO,801.52,,,,,USD/MT,BunkerIndex_BIX
2025-10-09,BIX_APAC,VLSFO,576.06,,,,,USD/MT,BunkerIndex_BIX
2025-10-09,BIX_Americas,IFO380,496.98,,,,,USD/MT,BunkerIndex_BIX
2025-10-09,BIX_Americas,MGO,882.52,,,,,USD/MT,BunkerIndex_BIX
2025-10-09,BIX_Americas,VLSFO,596.56,,,,,USD/MT,BunkerIndex_BIX
2025-10-09,BIX_EMEA,IFO380,456.14,,,,,USD/MT,BunkerIndex_BIX
2025-10-09,BIX_EMEA,MGO,768.12,,,,,USD/MT,BunkerIndex_BIX
2025-10-09,BIX_EMEA,VLSFO,531.54,,,,,USD/MT,BunkerIndex_BIX
2025-10-09,BIX_World,IFO380,480.3,,,,,USD/MT,BunkerIndex_BIX
2025-10-09,BIX_World,MGO,818.38,,,,,USD/MT,BunkerIndex_BIX
2025-10-09,BIX_World,VLSFO,569.73,,,,,USD/MT,BunkerIndex_BIX
2025-10-09,BIX_World3,IFO380,412.33,,,,,USD/MT,BunkerIndex_BIX
2025-10-09,BIX_World3,MGO,696.33,,,,,USD/MT,BunkerIndex_BIX
2025-10-09,BIX_World3,VLSFO,469.17,,,,,USD/MT,BunkerIndex_BIX
2025-10-10,BIX_APAC,IFO380,487.78,,,,,USD/MT,BunkerIndex_BIX
2025-10-10,BIX_APAC,MGO,800.19,,,,,USD/MT,BunkerIndex_BIX
2025-10-10,BIX_APAC,VLSFO,572.59,,,,,USD/MT,BunkerIndex_BIX
2025-10-10,BIX_Americas,IFO380,491.3,,,,,USD/MT,BunkerIndex_BIX
2025-10-10,BIX_Americas,MGO,880.45,,,,,USD/MT,BunkerIndex_BIX
2025-10-10,BIX_Americas,VLSFO,593.51,,,,,USD/MT,BunkerIndex_BIX
2025-10-10,BIX_EMEA,IFO380,450.07,,,,,USD/MT,BunkerIndex_BIX
2025-10-10,BIX_EMEA,MGO,767.42,,,,,USD/MT,BunkerIndex_BIX
2025-10-10,BIX_EMEA,VLSFO,519.67,,,,,USD/MT,BunkerIndex_BIX
2025-10-10,BIX_World,IFO380,475.21,,,,,USD/MT,BunkerIndex_BIX
2025-10-10,BIX_World,MGO,817.02,,,,,USD/MT,BunkerIndex_BIX
2025-10-10,BIX_World,VLSFO,563.87,,,,,USD/MT,BunkerIndex_BIX
2025-10-10,BIX_World3,IFO380,403.67,,,,,USD/MT,BunkerIndex_BIX
2025-10-10,BIX_World3,MGO,690.83,,,,,USD/MT,BunkerIndex_BIX
2025-10-10,BIX_World3,VLSFO,458,,,,,USD/MT,BunkerIndex_BIX
2025-10-13,BIX_APAC,IFO380,478.45,,,,,USD/MT,BunkerIndex_BIX
2025-10-13,BIX_APAC,MGO,797.38,,,,,USD/MT,BunkerIndex_BIX
2025-10-13,BIX_APAC,VLSFO,563.81,,,,,USD/MT,BunkerIndex_BIX
2025-10-13,BIX_Americas,IFO380,491.69,,,,,USD/MT,BunkerIndex_BIX
2025-10-13,BIX_Americas,MGO,869.94,,,,,USD/MT,BunkerIndex_BIX
2025-10-13,BIX_Americas,VLSFO,583.82,,,,,USD/MT,BunkerIndex_BIX
2025-10-13,BIX_EMEA,IFO380,440.26,,,,,USD/MT,BunkerIndex_BIX
2025-10-13,BIX_EMEA,MGO,762.44,,,,,USD/MT,BunkerIndex_BIX
2025-10-13,BIX_EMEA,VLSFO,513.01,,,,,USD/MT,BunkerIndex_BIX
2025-10-13,BIX_World,IFO380,468.94,,,,,USD/MT,BunkerIndex_BIX
2025-10-13,BIX_World,MGO,810.59,,,,,USD/MT,BunkerIndex_BIX
2025-10-13,BIX_World,VLSFO,555.42,,,,,USD/MT,BunkerIndex_BIX
2025-10-13,BIX_World3,IFO380,399.17,,,,,USD/MT,BunkerIndex_BIX
2025-10-13,BIX_World3,MGO,686.33,,,,,USD/MT,BunkerIndex_BIX
2025-10-13,BIX_World3,VLSFO,450.17,,,,,USD/MT,BunkerIndex_BIX
2025-10-14,BIX_APAC,IFO380,471.91,,,,,USD/MT,BunkerIndex_BIX
2025-10-14,BIX_APAC,MGO,796.72,,,,,USD/MT,BunkerIndex_BIX
2025-10-14,BIX_APAC,VLSFO,559.15,,,,,USD/MT,BunkerIndex_BIX
2025-10-14,BIX_Americas,IFO380,488.3,,,,,USD/MT,BunkerIndex_BIX
2025-10-14,BIX_Americas,MGO,867.43,,,,,USD/MT,BunkerIndex_BIX
2025-10-14,BIX_Americas,VLSFO,576.85,,,,,USD/MT,BunkerIndex_BIX
2025-10-14,BIX_EMEA,IFO380,440.34,,,,,USD/MT,BunkerIndex_BIX
2025-10-14,BIX_EMEA,MGO,760.25,,,,,USD/MT,BunkerIndex_BIX
2025-10-14,BIX_EMEA,VLSFO,512.64,,,,,USD/MT,BunkerIndex_BIX
2025-10-14,BIX_World,IFO380,465.87,,,,,USD/MT,BunkerIndex_BIX
2025-10-14,BIX_World,MGO,808.67,,,,,USD/MT,BunkerIndex_BIX
2025-10-14,BIX_World,VLSFO,551.25,,,,,USD/MT,BunkerIndex_BIX
2025-10-14,BIX_World3,IFO380,387.33,,,,,USD/MT,BunkerIndex_BIX
2025-10-14,BIX_World3,MGO,678.17,,,,,USD/MT,BunkerIndex_BIX
2025-10-14,BIX_World3,VLSFO,443.67,,,,,USD/MT,BunkerIndex_BIX
2025-10-15,BIX_APAC,IFO380,468.57,,,,,USD/MT,BunkerIndex_BIX
2025-10-15,BIX_APAC,MGO,792.79,,,,,USD/MT,BunkerIndex_BIX
2025-10-15,BIX_APAC,VLSFO,556.39,,,,,USD/MT,BunkerIndex_BIX
2025-10-15,BIX_Americas,IFO380,488.1,,,,,USD/MT,BunkerIndex_BIX
2025-10-15,BIX_Americas,MGO,862.47,,,,,USD/MT,BunkerIndex_BIX
2025-10-15,BIX_Americas,VLSFO,575.91,,,,,USD/MT,BunkerIndex_BIX
2025-10-15,BIX_EMEA,IFO380,435.51,,,,,USD/MT,BunkerIndex_BIX
2025-10-15,BIX_EMEA,MGO,749.12,,,,,USD/MT,BunkerIndex_BIX
2025-10-15,BIX_EMEA,VLSFO,506.65,,,,,USD/MT,BunkerIndex_BIX
2025-10-15,BIX_World,IFO380,463.03,,,,,USD/MT,BunkerIndex_BIX
2025-10-15,BIX_World,MGO,801.64,,,,,USD/MT,BunkerIndex_BIX
2025-10-15,BIX_World,VLSFO,548.15,,,,,USD/MT,BunkerIndex_BIX
2025-10-15,BIX_World3,IFO380,386,,,,,USD/MT,BunkerIndex_BIX
2025-10-15,BIX_World3,MGO,675,,,,,USD/MT,BunkerIndex_BIX
2025-10-15,BIX_World3,VLSFO,439.33,,,,,USD/MT,BunkerIndex_BIX
2025-10-16,BIX_APAC,IFO380,468.53,,,,,USD/MT,BunkerIndex_BIX
2025-10-16,BIX_APAC,MGO,786.27,,,,,USD/MT,BunkerIndex_BIX
2025-10-16,BIX_APAC,VLSFO,553.66,,,,,USD/MT,BunkerIndex_BIX
2025-10-16,BIX_Americas,IFO380,487.57,,,,,USD/MT,BunkerIndex_BIX
2025-10-16,BIX_Americas,MGO,864.04,,,,,USD/MT,BunkerIndex_BIX
2025-10-16,BIX_Americas,VLSFO,577.75,,,,,USD/MT,BunkerIndex_BIX
2025-10-16,BIX_EMEA,IFO380,439.29,,,,,USD/MT,BunkerIndex_BIX
2025-10-16,BIX_EMEA,MGO,748.21,,,,,USD/MT,BunkerIndex_BIX
2025-10-16,BIX_EMEA,VLSFO,507.97,,,,,USD/MT,BunkerIndex_BIX
2025-10-16,BIX_World,IFO380,464.22,,,,,USD/MT,BunkerIndex_BIX
2025-10-16,BIX_World,MGO,800.19,,,,,USD/MT,BunkerIndex_BIX
2025-10-16,BIX_World,VLSFO,548.22,,,,,USD/MT,BunkerIndex_BIX
2025-10-16,BIX_World3,IFO380,385.67,,,,,USD/MT,BunkerIndex_BIX
2025-10-16,BIX_World3,MGO,674.33,,,,,USD/MT,BunkerIndex_BIX
2025-10-16,BIX_World3,VLSFO,440,,,,,USD/MT,BunkerIndex_BIX
2025-10-17,BIX_APAC,IFO380,467.53,,,,,USD/MT,BunkerIndex_BIX
2025-10-17,BIX_APAC,MGO,787.17,,,,,USD/MT,BunkerIndex_BIX
2025-10-17,BIX_APAC,VLSFO,550.47,,,,,USD/MT,BunkerIndex_BIX
2025-10-17,BIX_Americas,IFO380,482.54,,,,,USD/MT,BunkerIndex_BIX
2025-10-17,BIX_Americas,MGO,860.73,,,,,USD/MT,BunkerIndex_BIX
2025-10-17,BIX_Americas,VLSFO,569.55,,,,,USD/MT,BunkerIndex_BIX
2025-10-17,BIX_EMEA,IFO380,437.46,,,,,USD/MT,BunkerIndex_BIX
2025-10-17,BIX_EMEA,MGO,740.91,,,,,USD/MT,BunkerIndex_BIX
2025-10-17,BIX_EMEA,VLSFO,504.74,,,,,USD/MT,BunkerIndex_BIX
2025-10-17,BIX_World,IFO380,461.57,,,,,USD/MT,BunkerIndex_BIX
2025-10-17,BIX_World,MGO,796.46,,,,,USD/MT,BunkerIndex_BIX
2025-10-17,BIX_World,VLSFO,543.28,,,,,USD/MT,BunkerIndex_BIX
2025-10-17,BIX_World3,IFO380,384.67,,,,,USD/MT,BunkerIndex_BIX
2025-10-17,BIX_World3,MGO,674.67,,,,,USD/MT,BunkerIndex_BIX
2025-10-17,BIX_World3,VLSFO,433,,,,,USD/MT,BunkerIndex_BIX
2025-10-20,BIX_APAC,IFO380,467.34,,,,,USD/MT,BunkerIndex_BIX
2025-10-20,BIX_APAC,MGO,785.44,,,,,USD/MT,BunkerIndex_BIX
2025-10-20,BIX_APAC,VLSFO,546.33,,,,,USD/MT,BunkerIndex_BIX
2025-10-20,BIX_Americas,IFO380,483.41,,,,,USD/MT,BunkerIndex_BIX
2025-10-20,BIX_Americas,MGO,862.33,,,,,USD/MT,BunkerIndex_BIX
2025-10-20,BIX_Americas,VLSFO,569.81,,,,,USD/MT,BunkerIndex_BIX
2025-10-20,BIX_EMEA,IFO380,434.77,,,,,USD/MT,BunkerIndex_BIX
2025-10-20,BIX_EMEA,MGO,736.44,,,,,USD/MT,BunkerIndex_BIX
2025-10-20,BIX_EMEA,VLSFO,503.23,,,,,USD/MT,BunkerIndex_BIX
2025-10-20,BIX_World,IFO380,460.83,,,,,USD/MT,BunkerIndex_BIX
2025-10-20,BIX_World,MGO,794.9,,,,,USD/MT,BunkerIndex_BIX
2025-10-20,BIX_World,VLSFO,541.46,,,,,USD/MT,BunkerIndex_BIX
2025-10-20,BIX_World3,IFO380,385.17,,,,,USD/MT,BunkerIndex_BIX
2025-10-20,BIX_World3,MGO,672.83,,,,,USD/MT,BunkerIndex_BIX
2025-10-20,BIX_World3,VLSFO,434,,,,,USD/MT,BunkerIndex_BIX
2025-10-21,BIX_APAC,IFO380,467.91,,,,,USD/MT,BunkerIndex_BIX
2025-10-21,BIX_APAC,MGO,786.17,,,,,USD/MT,BunkerIndex_BIX
2025-10-21,BIX_APAC,VLSFO,550.98,,,,,USD/MT,BunkerIndex_BIX
2025-10-21,BIX_Americas,IFO380,482.65,,,,,USD/MT,BunkerIndex_BIX
2025-10-21,BIX_Americas,MGO,858.47,,,,,USD/MT,BunkerIndex_BIX
2025-10-21,BIX_Americas,VLSFO,567.08,,,,,USD/MT,BunkerIndex_BIX
2025-10-21,BIX_EMEA,IFO380,430.61,,,,,USD/MT,BunkerIndex_BIX
2025-10-21,BIX_EMEA,MGO,735.26,,,,,USD/MT,BunkerIndex_BIX
2025-10-21,BIX_EMEA,VLSFO,500.08,,,,,USD/MT,BunkerIndex_BIX
2025-10-21,BIX_World,IFO380,459.23,,,,,USD/MT,BunkerIndex_BIX
2025-10-21,BIX_World,MGO,793.24,,,,,USD/MT,BunkerIndex_BIX
2025-10-21,BIX_World,VLSFO,541.2,,,,,USD/MT,BunkerIndex_BIX
2025-10-21,BIX_World3,IFO380,380.17,,,,,USD/MT,BunkerIndex_BIX
2025-10-21,BIX_World3,MGO,674.83,,,,,USD/MT,BunkerIndex_BIX
2025-10-21,BIX_World3,VLSFO,435.67,,,,,USD/MT,BunkerIndex_BIX
2025-10-22,BIX_APAC,IFO380,471.02,,,,,USD/MT,BunkerIndex_BIX
2025-10-22,BIX_APAC,MGO,783.43,,,,,USD/MT,BunkerIndex_BIX
2025-10-22,BIX_APAC,VLSFO,547.06,,,,,USD/MT,BunkerIndex_BIX
2025-10-22,BIX_Americas,IFO380,482.41,,,,,USD/MT,BunkerIndex_BIX
2025-10-22,BIX_Americas,MGO,863,,,,,USD/MT,BunkerIndex_BIX
2025-10-22,BIX_Americas,VLSFO,568.56,,,,,USD/MT,BunkerIndex_BIX
2025-10-22,BIX_EMEA,IFO380,435.71,,,,,USD/MT,BunkerIndex_BIX
2025-10-22,BIX_EMEA,MGO,749.82,,,,,USD/MT,BunkerIndex_BIX
2025-10-22,BIX_EMEA,VLSFO,508.89,,,,,USD/MT,BunkerIndex_BIX
2025-10-22,BIX_World,IFO380,461.94,,,,,USD/MT,BunkerIndex_BIX
2025-10-22,BIX_World,MGO,799.69,,,,,USD/MT,BunkerIndex_BIX
2025-10-22,BIX_World,VLSFO,542.99,,,,,USD/MT,BunkerIndex_BIX
2025-10-22,BIX_World3,IFO380,383.33,,,,,USD/MT,BunkerIndex_BIX
2025-10-22,BIX_World3,MGO,680.33,,,,,USD/MT,BunkerIndex_BIX
2025-10-22,BIX_World3,VLSFO,437,,,,,USD/MT,BunkerIndex_BIX
2025-10-23,BIX_APAC,IFO380,475.91,,,,,USD/MT,BunkerIndex_BIX
2025-10-23,BIX_APAC,MGO,790.38,,,,,USD/MT,BunkerIndex_BIX
2025-10-23,BIX_APAC,VLSFO,548.88,,,,,USD/MT,BunkerIndex_BIX
2025-10-23,BIX_Americas,IFO380,486.18,,,,,USD/MT,BunkerIndex_BIX
2025-10-23,BIX_Americas,MGO,875.37,,,,,USD/MT,BunkerIndex_BIX
2025-10-23,BIX_Americas,VLSFO,573.45,,,,,USD/MT,BunkerIndex_BIX
2025-10-23,BIX_EMEA,IFO380,446.01,,,,,USD/MT,BunkerIndex_BIX
2025-10-23,BIX_EMEA,MGO,763.82,,,,,USD/MT,BunkerIndex_BIX
2025-10-23,BIX_EMEA,VLSFO,519.88,,,,,USD/MT,BunkerIndex_BIX
2025-10-23,BIX_World,IFO380,468.43,,,,,USD/MT,BunkerIndex_BIX
2025-10-23,BIX_World,MGO,811.28,,,,,USD/MT,BunkerIndex_BIX
2025-10-23,BIX_World,VLSFO,548.64,,,,,USD/MT,BunkerIndex_BIX
2025-10-23,BIX_World3,IFO380,401.33,,,,,USD/MT,BunkerIndex_BIX
2025-10-23,BIX_World3,MGO,705.67,,,,,USD/MT,BunkerIndex_BIX
2025-10-23,BIX_World3,VLSFO,454.83,,,,,USD/MT,BunkerIndex_BIX
2025-10-24,BIX_APAC,IFO380,477.45,,,,,USD/MT,BunkerIndex_BIX
2025-10-24,BIX_APAC,MGO,791.94,,,,,USD/MT,BunkerIndex_BIX
2025-10-24,BIX_APAC,VLSFO,551.19,,,,,USD/MT,BunkerIndex_BIX
2025-10-24,BIX_Americas,IFO380,486.57,,,,,USD/MT,BunkerIndex_BIX
2025-10-24,BIX_Americas,MGO,875.99,,,,,USD/MT,BunkerIndex_BIX
2025-10-24,BIX_Americas,VLSFO,571.01,,,,,USD/MT,BunkerIndex_BIX
2025-10-24,BIX_EMEA,IFO380,449.14,,,,,USD/MT,BunkerIndex_BIX
2025-10-24,BIX_EMEA,MGO,766.94,,,,,USD/MT,BunkerIndex_BIX
2025-10-24,BIX_EMEA,VLSFO,521.73,,,,,USD/MT,BunkerIndex_BIX
2025-10-24,BIX_World,IFO380,470.17,,,,,USD/MT,BunkerIndex_BIX
2025-10-24,BIX_World,MGO,813.1,,,,,USD/MT,BunkerIndex_BIX
2025-10-24,BIX_World,VLSFO,549.17,,,,,USD/MT,BunkerIndex_BIX
2025-10-24,BIX_World3,IFO380,401.17,,,,,USD/MT,BunkerIndex_BIX
2025-10-24,BIX_World3,MGO,711.17,,,,,USD/MT,BunkerIndex_BIX
2025-10-24,BIX_World3,VLSFO,455.33,,,,,USD/MT,BunkerIndex_BIX
2025-10-27,BIX_APAC,IFO380,479.72,,,,,USD/MT,BunkerIndex_BIX
2025-10-27,BIX_APAC,MGO,801.22,,,,,USD/MT,BunkerIndex_BIX
2025-10-27,BIX_APAC,VLSFO,557.86,,,,,USD/MT,BunkerIndex_BIX
2025-10-27,BIX_Americas,IFO380,485.58,,,,,USD/MT,BunkerIndex_BIX
2025-10-27,BIX_Americas,MGO,885.1,,,,,USD/MT,BunkerIndex_BIX
2025-10-27,BIX_Americas,VLSFO,573.9,,,,,USD/MT,BunkerIndex_BIX
2025-10-27,BIX_EMEA,IFO380,451.84,,,,,USD/MT,BunkerIndex_BIX
2025-10-27,BIX_EMEA,MGO,787.73,,,,,USD/MT,BunkerIndex_BIX
2025-10-27,BIX_EMEA,VLSFO,521.24,,,,,USD/MT,BunkerIndex_BIX
2025-10-27,BIX_World,IFO380,471.51,,,,,USD/MT,BunkerIndex_BIX
2025-10-27,BIX_World,MGO,826.67,,,,,USD/MT,BunkerIndex_BIX
2025-10-27,BIX_World,VLSFO,552.37,,,,,USD/MT,BunkerIndex_BIX
2025-10-27,BIX_World3,IFO380,399.17,,,,,USD/MT,BunkerIndex_BIX
2025-10-27,BIX_World3,MGO,703.5,,,,,USD/MT,BunkerIndex_BIX
2025-10-27,BIX_World3,VLSFO,454.17,,,,,USD/MT,BunkerIndex_BIX
2025-10-28,BIX_APAC,IFO380,477.26,,,,,USD/MT,BunkerIndex_BIX
2025-10-28,BIX_APAC,MGO,805.28,,,,,USD/MT,BunkerIndex_BIX
2025-10-28,BIX_APAC,VLSFO,556.78,,,,,USD/MT,BunkerIndex_BIX
2025-10-28,BIX_Americas,IFO380,484.98,,,,,USD/MT,BunkerIndex_BIX
2025-10-28,BIX_Americas,MGO,884.01,,,,,USD/MT,BunkerIndex_BIX
2025-10-28,BIX_Americas,VLSFO,573.06,,,,,USD/MT,BunkerIndex_BIX
2025-10-28,BIX_EMEA,IFO380,448.57,,,,,USD/MT,BunkerIndex_BIX
2025-10-28,BIX_EMEA,MGO,797.09,,,,,USD/MT,BunkerIndex_BIX
2025-10-28,BIX_EMEA,VLSFO,520.61,,,,,USD/MT,BunkerIndex_BIX
2025-10-28,BIX_World,IFO380,469.37,,,,,USD/MT,BunkerIndex_BIX
2025-10-28,BIX_World,MGO,830.86,,,,,USD/MT,BunkerIndex_BIX
2025-10-28,BIX_World,VLSFO,551.51,,,,,USD/MT,BunkerIndex_BIX
2025-10-28,BIX_World3,IFO380,395.5,,,,,USD/MT,BunkerIndex_BIX
2025-10-28,BIX_World3,MGO,720.17,,,,,USD/MT,BunkerIndex_BIX
2025-10-28,BIX_World3,VLSFO,452.5,,,,,USD/MT,BunkerIndex_BIX
2025-10-29,BIX_APAC,IFO380,476.55,,,,,USD/MT,BunkerIndex_BIX
2025-10-29,BIX_APAC,MGO,805.21,,,,,USD/MT,BunkerIndex_BIX
2025-10-29,BIX_APAC,VLSFO,555.63,,,,,USD/MT,BunkerIndex_BIX
2025-10-29,BIX_Americas,IFO380,487.52,,,,,USD/MT,BunkerIndex_BIX
2025-10-29,BIX_Americas,MGO,884.13,,,,,USD/MT,BunkerIndex_BIX
2025-10-29,BIX_Americas,VLSFO,573.59,,,,,USD/MT,BunkerIndex_BIX
2025-10-29,BIX_EMEA,IFO380,445.21,,,,,USD/MT,BunkerIndex_BIX
2025-10-29,BIX_EMEA,MGO,790.53,,,,,USD/MT,BunkerIndex_BIX
2025-10-29,BIX_EMEA,VLSFO,514.42,,,,,USD/MT,BunkerIndex_BIX
2025-10-29,BIX_World,IFO380,468.78,,,,,USD/MT,BunkerIndex_BIX
2025-10-29,BIX_World,MGO,828.4,,,,,USD/MT,BunkerIndex_BIX
2025-10-29,BIX_World,VLSFO,549.42,,,,,USD/MT,BunkerIndex_BIX
2025-10-29,BIX_World3,IFO380,389.17,,,,,USD/MT,BunkerIndex_BIX
2025-10-29,BIX_World3,MGO,715.33,,,,,USD/MT,BunkerIndex_BIX
2025-10-29,BIX_World3,VLSFO,449,,,,,USD/MT,BunkerIndex_BIX
2025-10-30,BIX_APAC,IFO380,477.74,,,,,USD/MT,BunkerIndex_BIX
2025-10-30,BIX_APAC,MGO,810.01,,,,,USD/MT,BunkerIndex_BIX
2025-10-30,BIX_APAC,VLSFO,556.89,,,,,USD/MT,BunkerIndex_BIX
2025-10-30,BIX_Americas,IFO380,487.3,,,,,USD/MT,BunkerIndex_BIX
2025-10-30,BIX_Americas,MGO,885.95,,,,,USD/MT,BunkerIndex_BIX
2025-10-30,BIX_Americas,VLSFO,575.14,,,,,USD/MT,BunkerIndex_BIX
2025-10-30,BIX_EMEA,IFO380,445.74,,,,,USD/MT,BunkerIndex_BIX
2025-10-30,BIX_EMEA,MGO,793.17,,,,,USD/MT,BunkerIndex_BIX
2025-10-30,BIX_EMEA,VLSFO,516.19,,,,,USD/MT,BunkerIndex_BIX
2025-10-30,BIX_World,IFO380,469.26,,,,,USD/MT,BunkerIndex_BIX
2025-10-30,BIX_World,MGO,831.3,,,,,USD/MT,BunkerIndex_BIX
2025-10-30,BIX_World,VLSFO,550.93,,,,,USD/MT,BunkerIndex_BIX
2025-10-30,BIX_World3,IFO380,389.17,,,,,USD/MT,BunkerIndex_BIX
2025-10-30,BIX_World3,MGO,714.33,,,,,USD/MT,BunkerIndex_BIX
2025-10-30,BIX_World3,VLSFO,449.5,,,,,USD/MT,BunkerIndex_BIX
2025-10-31,BIX_APAC,IFO380,475.9,,,,,USD/MT,BunkerIndex_BIX
2025-10-31,BIX_APAC,MGO,810.67,,,,,USD/MT,BunkerIndex_BIX
2025-10-31,BIX_APAC,VLSFO,557.4,,,,,USD/MT,BunkerIndex_BIX
2025-10-31,BIX_Americas,IFO380,487.57,,,,,USD/MT,BunkerIndex_BIX
2025-10-31,BIX_Americas,MGO,887.62,,,,,USD/MT,BunkerIndex_BIX
2025-10-31,BIX_Americas,VLSFO,578.11,,,,,USD/MT,BunkerIndex_BIX
2025-10-31,BIX_EMEA,IFO380,444.43,,,,,USD/MT,BunkerIndex_BIX
2025-10-31,BIX_EMEA,MGO,798.27,,,,,USD/MT,BunkerIndex_BIX
2025-10-31,BIX_EMEA,VLSFO,516.1,,,,,USD/MT,BunkerIndex_BIX
2025-10-31,BIX_World,IFO380,468.31,,,,,USD/MT,BunkerIndex_BIX
2025-10-31,BIX_World,MGO,834.01,,,,,USD/MT,BunkerIndex_BIX
2025-10-31,BIX_World,VLSFO,552.11,,,,,USD/MT,BunkerIndex_BIX
2025-10-31,BIX_World3,IFO380,387.33,,,,,USD/MT,BunkerIndex_BIX
2025-10-31,BIX_World3,MGO,721.33,,,,,USD/MT,BunkerIndex_BIX
2025-10-31,BIX_World3,VLSFO,451.33,,,,,USD/MT,BunkerIndex_BIX
2025-11-03,BIX_APAC,IFO380,477.02,,,,,USD/MT,BunkerIndex_BIX
2025-11-03,BIX_APAC,MGO,812.58,,,,,USD/MT,BunkerIndex_BIX
2025-11-03,BIX_APAC,VLSFO,558.86,,,,,USD/MT,BunkerIndex_BIX
2025-11-03,BIX_Americas,IFO380,489.08,,,,,USD/MT,BunkerIndex_BIX
2025-11-03,BIX_Americas,MGO,888.84,,,,,USD/MT,BunkerIndex_BIX
2025-11-03,BIX_Americas,VLSFO,578.61,,,,,USD/MT,BunkerIndex_BIX
2025-11-03,BIX_EMEA,IFO380,448.09,,,,,USD/MT,BunkerIndex_BIX
2025-11-03,BIX_EMEA,MGO,796.73,,,,,USD/MT,BunkerIndex_BIX
2025-11-03,BIX_EMEA,VLSFO,518.68,,,,,USD/MT,BunkerIndex_BIX
2025-11-03,BIX_World,IFO380,470.49,,,,,USD/MT,BunkerIndex_BIX
2025-11-03,BIX_World,MGO,834.36,,,,,USD/MT,BunkerIndex_BIX
2025-11-03,BIX_World,VLSFO,553.58,,,,,USD/MT,BunkerIndex_BIX
2025-11-03,BIX_World3,IFO380,389,,,,,USD/MT,BunkerIndex_BIX
2025-11-03,BIX_World3,MGO,723.17,,,,,USD/MT,BunkerIndex_BIX
2025-11-03,BIX_World3,VLSFO,457,,,,,USD/MT,BunkerIndex_BIX
2025-11-04,BIX_APAC,IFO380,477.43,,,,,USD/MT,BunkerIndex_BIX
2025-11-04,BIX_APAC,MGO,814.27,,,,,USD/MT,BunkerIndex_BIX
2025-11-04,BIX_APAC,VLSFO,563.02,,,,,USD/MT,BunkerIndex_BIX
2025-11-04,BIX_Americas,IFO380,488.16,,,,,USD/MT,BunkerIndex_BIX
2025-11-04,BIX_Americas,MGO,885.07,,,,,USD/MT,BunkerIndex_BIX
2025-11-04,BIX_Americas,VLSFO,577.86,,,,,USD/MT,BunkerIndex_BIX
2025-11-04,BIX_EMEA,IFO380,445.14,,,,,USD/MT,BunkerIndex_BIX
2025-11-04,BIX_EMEA,MGO,788.72,,,,,USD/MT,BunkerIndex_BIX
2025-11-04,BIX_EMEA,VLSFO,515.22,,,,,USD/MT,BunkerIndex_BIX
2025-11-04,BIX_World,IFO380,469.24,,,,,USD/MT,BunkerIndex_BIX
2025-11-04,BIX_World,MGO,830.39,,,,,USD/MT,BunkerIndex_BIX
2025-11-04,BIX_World,VLSFO,553.74,,,,,USD/MT,BunkerIndex_BIX
2025-11-04,BIX_World3,IFO380,386.33,,,,,USD/MT,BunkerIndex_BIX
2025-11-04,BIX_World3,MGO,721.67,,,,,USD/MT,BunkerIndex_BIX
2025-11-04,BIX_World3,VLSFO,455.67,,,,,USD/MT,BunkerIndex_BIX
2025-11-05,BIX_APAC,IFO380,475.14,,,,,USD/MT,BunkerIndex_BIX
2025-11-05,BIX_APAC,MGO,812.85,,,,,USD/MT,BunkerIndex_BIX
2025-11-05,BIX_APAC,VLSFO,560.43,,,,,USD/MT,BunkerIndex_BIX
2025-11-05,BIX_Americas,IFO380,489.27,,,,,USD/MT,BunkerIndex_BIX
2025-11-05,BIX_Americas,MGO,890.38,,,,,USD/MT,BunkerIndex_BIX
2025-11-05,BIX_Americas,VLSFO,576.08,,,,,USD/MT,BunkerIndex_BIX
2025-11-05,BIX_EMEA,IFO380,446.11,,,,,USD/MT,BunkerIndex_BIX
2025-11-05,BIX_EMEA,MGO,797.21,,,,,USD/MT,BunkerIndex_BIX
2025-11-05,BIX_EMEA,VLSFO,515.09,,,,,USD/MT,BunkerIndex_BIX
2025-11-05,BIX_World,IFO380,469.27,,,,,USD/MT,BunkerIndex_BIX
2025-11-05,BIX_World,MGO,835.17,,,,,USD/MT,BunkerIndex_BIX
2025-11-05,BIX_World,VLSFO,552.17,,,,,USD/MT,BunkerIndex_BIX
2025-11-05,BIX_World3,IFO380,387.17,,,,,USD/MT,BunkerIndex_BIX
2025-11-05,BIX_World3,MGO,725,,,,,USD/MT,BunkerIndex_BIX
2025-11-05,BIX_World3,VLSFO,455,,,,,USD/MT,BunkerIndex_BIX
2025-11-06,BIX_APAC,IFO380,472.1,,,,,USD/MT,BunkerIndex_BIX
2025-11-06,BIX_APAC,MGO,820.65,,,,,USD/MT,BunkerIndex_BIX
2025-11-06,BIX_APAC,VLSFO,560.65,,,,,USD/MT,BunkerIndex_BIX
2025-11-06,BIX_Americas,IFO380,487.68,,,,,USD/MT,BunkerIndex_BIX
2025-11-06,BIX_Americas,MGO,889.13,,,,,USD/MT,BunkerIndex_BIX
2025-11-06,BIX_Americas,VLSFO,574.19,,,,,USD/MT,BunkerIndex_BIX
2025-11-06,BIX_EMEA,IFO380,444.94,,,,,USD/MT,BunkerIndex_BIX
2025-11-06,BIX_EMEA,MGO,810.8,,,,,USD/MT,BunkerIndex_BIX
2025-11-06,BIX_EMEA,VLSFO,515.9,,,,,USD/MT,BunkerIndex_BIX
2025-11-06,BIX_World,IFO380,467.39,,,,,USD/MT,BunkerIndex_BIX
2025-11-06,BIX_World,MGO,842.52,,,,,USD/MT,BunkerIndex_BIX
2025-11-06,BIX_World,VLSFO,551.84,,,,,USD/MT,BunkerIndex_BIX
2025-11-06,BIX_World3,IFO380,384.83,,,,,USD/MT,BunkerIndex_BIX
2025-11-06,BIX_World3,MGO,730,,,,,USD/MT,BunkerIndex_BIX
2025-11-06,BIX_World3,VLSFO,453.5,,,,,USD/MT,BunkerIndex_BIX
2025-11-07,BIX_APAC,IFO380,473.43,,,,,USD/MT,BunkerIndex_BIX
2025-11-07,BIX_APAC,MGO,824.51,,,,,USD/MT,BunkerIndex_BIX
2025-11-07,BIX_APAC,VLSFO,560.27,,,,,USD/MT,BunkerIndex_BIX
2025-11-07,BIX_Americas,IFO380,488.19,,,,,USD/MT,BunkerIndex_BIX
2025-11-07,BIX_Americas,MGO,894.13,,,,,USD/MT,BunkerIndex_BIX
2025-11-07,BIX_Americas,VLSFO,573.88,,,,,USD/MT,BunkerIndex_BIX
2025-11-07,BIX_EMEA,IFO380,439.51,,,,,USD/MT,BunkerIndex_BIX
2025-11-07,BIX_EMEA,MGO,815.57,,,,,USD/MT,BunkerIndex_BIX
2025-11-07,BIX_EMEA,VLSFO,512.85,,,,,USD/MT,BunkerIndex_BIX
2025-11-07,BIX_World,IFO380,465.99,,,,,USD/MT,BunkerIndex_BIX
2025-11-07,BIX_World,MGO,846.49,,,,,USD/MT,BunkerIndex_BIX
2025-11-07,BIX_World,VLSFO,550.68,,,,,USD/MT,BunkerIndex_BIX
2025-11-07,BIX_World3,IFO380,384,,,,,USD/MT,BunkerIndex_BIX
2025-11-07,BIX_World3,MGO,736.83,,,,,USD/MT,BunkerIndex_BIX
2025-11-07,BIX_World3,VLSFO,456.33,,,,,USD/MT,BunkerIndex_BIX
2025-11-10,BIX_APAC,IFO380,472.1,,,,,USD/MT,BunkerIndex_BIX
2025-11-10,BIX_APAC,MGO,832.86,,,,,USD/MT,BunkerIndex_BIX
2025-11-10,BIX_APAC,VLSFO,563.19,,,,,USD/MT,BunkerIndex_BIX
2025-11-10,BIX_Americas,IFO380,487.29,,,,,USD/MT,BunkerIndex_BIX
2025-11-10,BIX_Americas,MGO,891.31,,,,,USD/MT,BunkerIndex_BIX
2025-11-10,BIX_Americas,VLSFO,573.59,,,,,USD/MT,BunkerIndex_BIX
2025-11-10,BIX_EMEA,IFO380,439.91,,,,,USD/MT,BunkerIndex_BIX
2025-11-10,BIX_EMEA,MGO,807.17,,,,,USD/MT,BunkerIndex_BIX
2025-11-10,BIX_EMEA,VLSFO,517.56,,,,,USD/MT,BunkerIndex_BIX
2025-11-10,BIX_World,IFO380,465.43,,,,,USD/MT,BunkerIndex_BIX
2025-11-10,BIX_World,MGO,844.43,,,,,USD/MT,BunkerIndex_BIX
2025-11-10,BIX_World,VLSFO,553.03,,,,,USD/MT,BunkerIndex_BIX
2025-11-10,BIX_World3,IFO380,378.83,,,,,USD/MT,BunkerIndex_BIX
2025-11-10,BIX_World3,MGO,731.67,,,,,USD/MT,BunkerIndex_BIX
2025-11-10,BIX_World3,VLSFO,454.67,,,,,USD/MT,BunkerIndex_BIX
2025-11-11,BIX_APAC,IFO380,472.5,,,,,USD/MT,BunkerIndex_BIX
2025-11-11,BIX_APAC,MGO,833.15,,,,,USD/MT,BunkerIndex_BIX
2025-11-11,BIX_APAC,VLSFO,563.62,,,,,USD/MT,BunkerIndex_BIX
2025-11-11,BIX_Americas,IFO380,485.4,,,,,USD/MT,BunkerIndex_BIX
2025-11-11,BIX_Americas,MGO,894.81,,,,,USD/MT,BunkerIndex_BIX
2025-11-11,BIX_Americas,VLSFO,573.41,,,,,USD/MT,BunkerIndex_BIX
2025-11-11,BIX_EMEA,IFO380,439.06,,,,,USD/MT,BunkerIndex_BIX
2025-11-11,BIX_EMEA,MGO,813.33,,,,,USD/MT,BunkerIndex_BIX
2025-11-11,BIX_EMEA,VLSFO,515.81,,,,,USD/MT,BunkerIndex_BIX
2025-11-11,BIX_World,IFO380,464.61,,,,,USD/MT,BunkerIndex_BIX
2025-11-11,BIX_World,MGO,848.11,,,,,USD/MT,BunkerIndex_BIX
2025-11-11,BIX_World,VLSFO,552.59,,,,,USD/MT,BunkerIndex_BIX
2025-11-11,BIX_World3,IFO380,377,,,,,USD/MT,BunkerIndex_BIX
2025-11-11,BIX_World3,MGO,731,,,,,USD/MT,BunkerIndex_BIX
2025-11-11,BIX_World3,VLSFO,452.67,,,,,USD/MT,BunkerIndex_BIX
2025-11-12,BIX_APAC,IFO380,473.34,,,,,USD/MT,BunkerIndex_BIX
2025-11-12,BIX_APAC,MGO,831.98,,,,,USD/MT,BunkerIndex_BIX
2025-11-12,BIX_APAC,VLSFO,563.3,,,,,USD/MT,BunkerIndex_BIX
2025-11-12,BIX_Americas,IFO380,485.33,,,,,USD/MT,BunkerIndex_BIX
2025-11-12,BIX_Americas,MGO,888.49,,,,,USD/MT,BunkerIndex_BIX
2025-11-12,BIX_Americas,VLSFO,572.8,,,,,USD/MT,BunkerIndex_BIX
2025-11-12,BIX_EMEA,IFO380,438.91,,,,,USD/MT,BunkerIndex_BIX
2025-11-12,BIX_EMEA,MGO,821.57,,,,,USD/MT,BunkerIndex_BIX
2025-11-12,BIX_EMEA,VLSFO,517.57,,,,,USD/MT,BunkerIndex_BIX
2025-11-12,BIX_World,IFO380,464.79,,,,,USD/MT,BunkerIndex_BIX
2025-11-12,BIX_World,MGO,848.62,,,,,USD/MT,BunkerIndex_BIX
2025-11-12,BIX_World,VLSFO,552.8,,,,,USD/MT,BunkerIndex_BIX
2025-11-12,BIX_World3,IFO380,376.83,,,,,USD/MT,BunkerIndex_BIX
2025-11-12,BIX_World3,MGO,734,,,,,USD/MT,BunkerIndex_BIX
2025-11-12,BIX_World3,VLSFO,458.33,,,,,USD/MT,BunkerIndex_BIX
2025-11-13,BIX_APAC,IFO380,468.45,,,,,USD/MT,BunkerIndex_BIX
2025-11-13,BIX_APAC,MGO,838.1,,,,,USD/MT,BunkerIndex_BIX
2025-11-13,BIX_APAC,VLSFO,564.81,,,,,USD/MT,BunkerIndex_BIX
2025-11-13,BIX_Americas,IFO380,482.93,,,,,USD/MT,BunkerIndex_BIX
2025-11-13,BIX_Americas,MGO,903.17,,,,,USD/MT,BunkerIndex_BIX
2025-11-13,BIX_Americas,VLSFO,570.19,,,,,USD/MT,BunkerIndex_BIX
2025-11-13,BIX_EMEA,IFO380,432.57,,,,,USD/MT,BunkerIndex_BIX
2025-11-13,BIX_EMEA,MGO,808.54,,,,,USD/MT,BunkerIndex_BIX
2025-11-13,BIX_EMEA,VLSFO,511.76,,,,,USD/MT,BunkerIndex_BIX
2025-11-13,BIX_World,IFO380,460.19,,,,,USD/MT,BunkerIndex_BIX
2025-11-13,BIX_World,MGO,850.8,,,,,USD/MT,BunkerIndex_BIX
2025-11-13,BIX_World,VLSFO,550.67,,,,,USD/MT,BunkerIndex_BIX
2025-11-13,BIX_World3,IFO380,368.5,,,,,USD/MT,BunkerIndex_BIX
2025-11-13,BIX_World3,MGO,725,,,,,USD/MT,BunkerIndex_BIX
2025-11-13,BIX_World3,VLSFO,446.67,,,,,USD/MT,BunkerIndex_BIX
2025-11-14,BIX_APAC,IFO380,468.31,,,,,USD/MT,BunkerIndex_BIX
2025-11-14,BIX_APAC,MGO,829.26,,,,,USD/MT,BunkerIndex_BIX
2025-11-14,BIX_APAC,VLSFO,562.83,,,,,USD/MT,BunkerIndex_BIX
2025-11-14,BIX_Americas,IFO380,482.21,,,,,USD/MT,BunkerIndex_BIX
2025-11-14,BIX_Americas,MGO,924.36,,,,,USD/MT,BunkerIndex_BIX
2025-11-14,BIX_Americas,VLSFO,574.35,,,,,USD/MT,BunkerIndex_BIX
2025-11-14,BIX_EMEA,IFO380,432.44,,,,,USD/MT,BunkerIndex_BIX
2025-11-14,BIX_EMEA,MGO,810.31,,,,,USD/MT,BunkerIndex_BIX
2025-11-14,BIX_EMEA,VLSFO,513.77,,,,,USD/MT,BunkerIndex_BIX
2025-11-14,BIX_World,IFO380,459.87,,,,,USD/MT,BunkerIndex_BIX
2025-11-14,BIX_World,MGO,856.73,,,,,USD/MT,BunkerIndex_BIX
2025-11-14,BIX_World,VLSFO,552.02,,,,,USD/MT,BunkerIndex_BIX
2025-11-14,BIX_World3,IFO380,369.17,,,,,USD/MT,BunkerIndex_BIX
2025-11-14,BIX_World3,MGO,726.67,,,,,USD/MT,BunkerIndex_BIX
2025-11-14,BIX_World3,VLSFO,448.17,,,,,USD/MT,BunkerIndex_BIX
2025-11-17,BIX_APAC,IFO380,469.41,,,,,USD/MT,BunkerIndex_BIX
2025-11-17,BIX_APAC,MGO,830.85,,,,,USD/MT,BunkerIndex_BIX
2025-11-17,BIX_APAC,VLSFO,563.36,,,,,USD/MT,BunkerIndex_BIX
2025-11-17,BIX_Americas,IFO380,483.12,,,,,USD/MT,BunkerIndex_BIX
2025-11-17,BIX_Americas,MGO,922.65,,,,,USD/MT,BunkerIndex_BIX
2025-11-17,BIX_Americas,VLSFO,572.75,,,,,USD/MT,BunkerIndex_BIX
2025-11-17,BIX_EMEA,IFO380,432.1,,,,,USD/MT,BunkerIndex_BIX
2025-11-17,BIX_EMEA,MGO,807.22,,,,,USD/MT,BunkerIndex_BIX
2025-11-17,BIX_EMEA,VLSFO,513.73,,,,,USD/MT,BunkerIndex_BIX
2025-11-17,BIX_World,IFO380,460.38,,,,,USD/MT,BunkerIndex_BIX
2025-11-17,BIX_World,MGO,855.34,,,,,USD/MT,BunkerIndex_BIX
2025-11-17,BIX_World,VLSFO,551.64,,,,,USD/MT,BunkerIndex_BIX
2025-11-17,BIX_World3,IFO380,371.17,,,,,USD/MT,BunkerIndex_BIX
2025-11-17,BIX_World3,MGO,732.67,,,,,USD/MT,BunkerIndex_BIX
2025-11-17,BIX_World3,VLSFO,453.33,,,,,USD/MT,BunkerIndex_BIX
2025-11-18,BIX_APAC,IFO380,465.97,,,,,USD/MT,BunkerIndex_BIX
2025-11-18,BIX_APAC,MGO,835.43,,,,,USD/MT,BunkerIndex_BIX
2025-11-18,BIX_APAC,VLSFO,564.62,,,,,USD/MT,BunkerIndex_BIX
2025-11-18,BIX_Americas,IFO380,481.02,,,,,USD/MT,BunkerIndex_BIX
2025-11-18,BIX_Americas,MGO,907.41,,,,,USD/MT,BunkerIndex_BIX
2025-11-18,BIX_Americas,VLSFO,572.55,,,,,USD/MT,BunkerIndex_BIX
2025-11-18,BIX_EMEA,IFO380,426.04,,,,,USD/MT,BunkerIndex_BIX
2025-11-18,BIX_EMEA,MGO,824.66,,,,,USD/MT,BunkerIndex_BIX
2025-11-18,BIX_EMEA,VLSFO,513.15,,,,,USD/MT,BunkerIndex_BIX
2025-11-18,BIX_World,IFO380,456.43,,,,,USD/MT,BunkerIndex_BIX
2025-11-18,BIX_World,MGO,857.57,,,,,USD/MT,BunkerIndex_BIX
2025-11-18,BIX_World,VLSFO,551.84,,,,,USD/MT,BunkerIndex_BIX
2025-11-18,BIX_World3,IFO380,367,,,,,USD/MT,BunkerIndex_BIX
2025-11-18,BIX_World3,MGO,732.5,,,,,USD/MT,BunkerIndex_BIX
2025-11-18,BIX_World3,VLSFO,450.33,,,,,USD/MT,BunkerIndex_BIX
2025-11-19,BIX_APAC,IFO380,464.57,,,,,USD/MT,BunkerIndex_BIX
2025-11-19,BIX_APAC,MGO,840.64,,,,,USD/MT,BunkerIndex_BIX
2025-11-19,BIX_APAC,VLSFO,563.87,,,,,USD/MT,BunkerIndex_BIX
2025-11-19,BIX_Americas,IFO380,482.16,,,,,USD/MT,BunkerIndex_BIX
2025-11-19,BIX_Americas,MGO,922.19,,,,,USD/MT,BunkerIndex_BIX
2025-11-19,BIX_Americas,VLSFO,578.35,,,,,USD/MT,BunkerIndex_BIX
2025-11-19,BIX_EMEA,IFO380,426.07,,,,,USD/MT,BunkerIndex_BIX
2025-11-19,BIX_EMEA,MGO,839.68,,,,,USD/MT,BunkerIndex_BIX
2025-11-19,BIX_EMEA,VLSFO,514.19,,,,,USD/MT,BunkerIndex_BIX
2025-11-19,BIX_World,IFO380,456.4,,,,,USD/MT,BunkerIndex_BIX
2025-11-19,BIX_World,MGO,869.98,,,,,USD/MT,BunkerIndex_BIX
2025-11-19,BIX_World,VLSFO,553.9,,,,,USD/MT,BunkerIndex_BIX
2025-11-19,BIX_World3,IFO380,368.33,,,,,USD/MT,BunkerIndex_BIX
2025-11-19,BIX_World3,MGO,748,,,,,USD/MT,BunkerIndex_BIX
2025-11-19,BIX_World3,VLSFO,456.67,,,,,USD/MT,BunkerIndex_BIX
2025-11-20,BIX_APAC,IFO380,460.36,,,,,USD/MT,BunkerIndex_BIX
2025-11-20,BIX_APAC,MGO,844,,,,,USD/MT,BunkerIndex_BIX
2025-11-20,BIX_APAC,VLSFO,552.94,,,,,USD/MT,BunkerIndex_BIX
2025-11-20,BIX_Americas,IFO380,480.71,,,,,USD/MT,BunkerIndex_BIX
2025-11-20,BIX_Americas,MGO,920.82,,,,,USD/MT,BunkerIndex_BIX
2025-11-20,BIX_Americas,VLSFO,578.76,,,,,USD/MT,BunkerIndex_BIX
2025-11-20,BIX_EMEA,IFO380,420.99,,,,,USD/MT,BunkerIndex_BIX
2025-11-20,BIX_EMEA,MGO,830.75,,,,,USD/MT,BunkerIndex_BIX
2025-11-20,BIX_EMEA,VLSFO,508.05,,,,,USD/MT,BunkerIndex_BIX
2025-11-20,BIX_World,IFO380,452.79,,,,,USD/MT,BunkerIndex_BIX
2025-11-20,BIX_World,MGO,866.97,,,,,USD/MT,BunkerIndex_BIX
2025-11-20,BIX_World,VLSFO,548.34,,,,,USD/MT,BunkerIndex_BIX
2025-11-20,BIX_World3,IFO380,358.67,,,,,USD/MT,BunkerIndex_BIX
2025-11-20,BIX_World3,MGO,745.5,,,,,USD/MT,BunkerIndex_BIX
2025-11-20,BIX_World3,VLSFO,444.5,,,,,USD/MT,BunkerIndex_BIX
2025-11-21,BIX_APAC,IFO380,457.02,,,,,USD/MT,BunkerIndex_BIX
2025-11-21,BIX_APAC,MGO,836.62,,,,,USD/MT,BunkerIndex_BIX
2025-11-21,BIX_APAC,VLSFO,548.51,,,,,USD/MT,BunkerIndex_BIX
2025-11-21,BIX_Americas,IFO380,478.87,,,,,USD/MT,BunkerIndex_BIX
2025-11-21,BIX_Americas,MGO,922.45,,,,,USD/MT,BunkerIndex_BIX
2025-11-21,BIX_Americas,VLSFO,579.32,,,,,USD/MT,BunkerIndex_BIX
2025-11-21,BIX_EMEA,IFO380,412.27,,,,,USD/MT,BunkerIndex_BIX
2025-11-21,BIX_EMEA,MGO,803.7,,,,,USD/MT,BunkerIndex_BIX
2025-11-21,BIX_EMEA,VLSFO,503.1,,,,,USD/MT,BunkerIndex_BIX
2025-11-21,BIX_World,IFO380,447.99,,,,,USD/MT,BunkerIndex_BIX
2025-11-21,BIX_World,MGO,855.42,,,,,USD/MT,BunkerIndex_BIX
2025-11-21,BIX_World,VLSFO,545.48,,,,,USD/MT,BunkerIndex_BIX
2025-11-21,BIX_World3,IFO380,350,,,,,USD/MT,BunkerIndex_BIX
2025-11-21,BIX_World3,MGO,727.33,,,,,USD/MT,BunkerIndex_BIX
2025-11-21,BIX_World3,VLSFO,435.83,,,,,USD/MT,BunkerIndex_BIX
2025-11-24,BIX_APAC,IFO380,454.14,,,,,USD/MT,BunkerIndex_BIX
2025-11-24,BIX_APAC,MGO,823.03,,,,,USD/MT,BunkerIndex_BIX
2025-11-24,BIX_APAC,VLSFO,545.09,,,,,USD/MT,BunkerIndex_BIX
2025-11-24,BIX_Americas,IFO380,474.79,,,,,USD/MT,BunkerIndex_BIX
2025-11-24,BIX_Americas,MGO,905.27,,,,,USD/MT,BunkerIndex_BIX
2025-11-24,BIX_Americas,VLSFO,576.35,,,,,USD/MT,BunkerIndex_BIX
2025-11-24,BIX_EMEA,IFO380,406.79,,,,,USD/MT,BunkerIndex_BIX
2025-11-24,BIX_EMEA,MGO,793.26,,,,,USD/MT,BunkerIndex_BIX
2025-11-24,BIX_EMEA,VLSFO,499.56,,,,,USD/MT,BunkerIndex_BIX
2025-11-24,BIX_World,IFO380,443.76,,,,,USD/MT,BunkerIndex_BIX
2025-11-24,BIX_World,MGO,841.72,,,,,USD/MT,BunkerIndex_BIX
2025-11-24,BIX_World,VLSFO,542.18,,,,,USD/MT,BunkerIndex_BIX
2025-11-24,BIX_World3,IFO380,350,,,,,USD/MT,BunkerIndex_BIX
2025-11-24,BIX_World3,MGO,698.33,,,,,USD/MT,BunkerIndex_BIX
2025-11-24,BIX_World3,VLSFO,426.67,,,,,USD/MT,BunkerIndex_BIX
2025-11-25,BIX_APAC,IFO380,454.05,,,,,USD/MT,BunkerIndex_BIX
2025-11-25,BIX_APAC,MGO,821.25,,,,,USD/MT,BunkerIndex_BIX
2025-11-25,BIX_APAC,VLSFO,541.9,,,,,USD/MT,BunkerIndex_BIX
2025-11-25,BIX_Americas,IFO380,474.71,,,,,USD/MT,BunkerIndex_BIX
2025-11-25,BIX_Americas,MGO,898.79,,,,,USD/MT,BunkerIndex_BIX
2025-11-25,BIX_Americas,VLSFO,572.58,,,,,USD/MT,BunkerIndex_BIX
2025-11-25,BIX_EMEA,IFO380,405,,,,,USD/MT,BunkerIndex_BIX
2025-11-25,BIX_EMEA,MGO,788.08,,,,,USD/MT,BunkerIndex_BIX
2025-11-25,BIX_EMEA,VLSFO,493.56,,,,,USD/MT,BunkerIndex_BIX
2025-11-25,BIX_World,IFO380,443.05,,,,,USD/MT,BunkerIndex_BIX
2025-11-25,BIX_World,MGO,836.94,,,,,USD/MT,BunkerIndex_BIX
2025-11-25,BIX_World,VLSFO,537.95,,,,,USD/MT,BunkerIndex_BIX
2025-11-25,BIX_World3,IFO380,351,,,,,USD/MT,BunkerIndex_BIX
2025-11-25,BIX_World3,MGO,690,,,,,USD/MT,BunkerIndex_BIX
2025-11-25,BIX_World3,VLSFO,424,,,,,USD/MT,BunkerIndex_BIX
2025-11-26,BIX_APAC,IFO380,453.5,,,,,USD/MT,BunkerIndex_BIX
2025-11-26,BIX_APAC,MGO,821.81,,,,,USD/MT,BunkerIndex_BIX
2025-11-26,BIX_APAC,VLSFO,541.97,,,,,USD/MT,BunkerIndex_BIX
2025-11-26,BIX_Americas,IFO380,470.96,,,,,USD/MT,BunkerIndex_BIX
2025-11-26,BIX_Americas,MGO,898.26,,,,,USD/MT,BunkerIndex_BIX
2025-11-26,BIX_Americas,VLSFO,576.36,,,,,USD/MT,BunkerIndex_BIX
2025-11-26,BIX_EMEA,IFO380,405.53,,,,,USD/MT,BunkerIndex_BIX
2025-11-26,BIX_EMEA,MGO,770.68,,,,,USD/MT,BunkerIndex_BIX
2025-11-26,BIX_EMEA,VLSFO,492.45,,,,,USD/MT,BunkerIndex_BIX
2025-11-26,BIX_World,IFO380,441.83,,,,,USD/MT,BunkerIndex_BIX
2025-11-26,BIX_World,MGO,830.31,,,,,USD/MT,BunkerIndex_BIX
2025-11-26,BIX_World,VLSFO,538.94,,,,,USD/MT,BunkerIndex_BIX
2025-11-26,BIX_World3,IFO380,347.5,,,,,USD/MT,BunkerIndex_BIX
2025-11-26,BIX_World3,MGO,683.67,,,,,USD/MT,BunkerIndex_BIX
2025-11-26,BIX_World3,VLSFO,421.67,,,,,USD/MT,BunkerIndex_BIX
2025-11-27,BIX_APAC,IFO380,454.93,,,,,USD/MT,BunkerIndex_BIX
2025-11-27,BIX_APAC,MGO,819.83,,,,,USD/MT,BunkerIndex_BIX
2025-11-27,BIX_APAC,VLSFO,540.49,,,,,USD/MT,BunkerIndex_BIX
2025-11-27,BIX_Americas,IFO380,472.21,,,,,USD/MT,BunkerIndex_BIX
2025-11-27,BIX_Americas,MGO,879.27,,,,,USD/MT,BunkerIndex_BIX
2025-11-27,BIX_Americas,VLSFO,562.73,,,,,USD/MT,BunkerIndex_BIX
2025-11-27,BIX_EMEA,IFO380,405.97,,,,,USD/MT,BunkerIndex_BIX
2025-11-27,BIX_EMEA,MGO,770.59,,,,,USD/MT,BunkerIndex_BIX
2025-11-27,BIX_EMEA,VLSFO,491.02,,,,,USD/MT,BunkerIndex_BIX
2025-11-27,BIX_World,IFO380,442.84,,,,,USD/MT,BunkerIndex_BIX
2025-11-27,BIX_World,MGO,822.84,,,,,USD/MT,BunkerIndex_BIX
2025-11-27,BIX_World,VLSFO,533.27,,,,,USD/MT,BunkerIndex_BIX
2025-11-27,BIX_World3,IFO380,349.67,,,,,USD/MT,BunkerIndex_BIX
2025-11-27,BIX_World3,MGO,683.17,,,,,USD/MT,BunkerIndex_BIX
2025-11-27,BIX_World3,VLSFO,425,,,,,USD/MT,BunkerIndex_BIX
2025-11-28,BIX_APAC,IFO380,447.55,,,,,USD/MT,BunkerIndex_BIX
2025-11-28,BIX_APAC,MGO,809.58,,,,,USD/MT,BunkerIndex_BIX
2025-11-28,BIX_APAC,VLSFO,540.23,,,,,USD/MT,BunkerIndex_BIX
2025-11-28,BIX_Americas,IFO380,470.91,,,,,USD/MT,BunkerIndex_BIX
2025-11-28,BIX_Americas,MGO,878.69,,,,,USD/MT,BunkerIndex_BIX
2025-11-28,BIX_Americas,VLSFO,563.28,,,,,USD/MT,BunkerIndex_BIX
2025-11-28,BIX_EMEA,IFO380,408.74,,,,,USD/MT,BunkerIndex_BIX
2025-11-28,BIX_EMEA,MGO,773.08,,,,,USD/MT,BunkerIndex_BIX
2025-11-28,BIX_EMEA,VLSFO,493.81,,,,,USD/MT,BunkerIndex_BIX
2025-11-28,BIX_World,IFO380,441.19,,,,,USD/MT,BunkerIndex_BIX
2025-11-28,BIX_World,MGO,820.94,,,,,USD/MT,BunkerIndex_BIX
2025-11-28,BIX_World,VLSFO,534.21,,,,,USD/MT,BunkerIndex_BIX
2025-11-28,BIX_World3,IFO380,346.67,,,,,USD/MT,BunkerIndex_BIX
2025-11-28,BIX_World3,MGO,686.67,,,,,USD/MT,BunkerIndex_BIX
2025-11-28,BIX_World3,VLSFO,426.5,,,,,USD/MT,BunkerIndex_BIX
2025-12-01,BIX_APAC,IFO380,446.55,,,,,USD/MT,BunkerIndex_BIX
2025-12-01,BIX_APAC,MGO,811.6,,,,,USD/MT,BunkerIndex_BIX
2025-12-01,BIX_APAC,VLSFO,537.37,,,,,USD/MT,BunkerIndex_BIX
2025-12-01,BIX_Americas,IFO380,471.15,,,,,USD/MT,BunkerIndex_BIX
2025-12-01,BIX_Americas,MGO,879.52,,,,,USD/MT,BunkerIndex_BIX
2025-12-01,BIX_Americas,VLSFO,563.59,,,,,USD/MT,BunkerIndex_BIX
2025-12-01,BIX_EMEA,IFO380,413.13,,,,,USD/MT,BunkerIndex_BIX
2025-12-01,BIX_EMEA,MGO,769.3,,,,,USD/MT,BunkerIndex_BIX
2025-12-01,BIX_EMEA,VLSFO,495.67,,,,,USD/MT,BunkerIndex_BIX
2025-12-01,BIX_World,IFO380,442.56,,,,,USD/MT,BunkerIndex_BIX
2025-12-01,BIX_World,MGO,820.33,,,,,USD/MT,BunkerIndex_BIX
2025-12-01,BIX_World,VLSFO,533.87,,,,,USD/MT,BunkerIndex_BIX
2025-12-01,BIX_World3,IFO380,351,,,,,USD/MT,BunkerIndex_BIX
2025-12-01,BIX_World3,MGO,687,,,,,USD/MT,BunkerIndex_BIX
2025-12-01,BIX_World3,VLSFO,426.67,,,,,USD/MT,BunkerIndex_BIX
2025-12-02,BIX_APAC,IFO380,442.64,,,,,USD/MT,BunkerIndex_BIX
2025-12-02,BIX_APAC,MGO,808.86,,,,,USD/MT,BunkerIndex_BIX
2025-12-02,BIX_APAC,VLSFO,536.16,,,,,USD/MT,BunkerIndex_BIX
2025-12-02,BIX_Americas,IFO380,471.43,,,,,USD/MT,BunkerIndex_BIX
2025-12-02,BIX_Americas,MGO,881.32,,,,,USD/MT,BunkerIndex_BIX
2025-12-02,BIX_Americas,VLSFO,564.35,,,,,USD/MT,BunkerIndex_BIX
2025-12-02,BIX_EMEA,IFO380,407.8,,,,,USD/MT,BunkerIndex_BIX
2025-12-02,BIX_EMEA,MGO,761.67,,,,,USD/MT,BunkerIndex_BIX
2025-12-02,BIX_EMEA,VLSFO,491.54,,,,,USD/MT,BunkerIndex_BIX
2025-12-02,BIX_World,IFO380,439.53,,,,,USD/MT,BunkerIndex_BIX
2025-12-02,BIX_World,MGO,817.39,,,,,USD/MT,BunkerIndex_BIX
2025-12-02,BIX_World,VLSFO,532.46,,,,,USD/MT,BunkerIndex_BIX
2025-12-02,BIX_World3,IFO380,351.17,,,,,USD/MT,BunkerIndex_BIX
2025-12-02,BIX_World3,MGO,687,,,,,USD/MT,BunkerIndex_BIX
2025-12-02,BIX_World3,VLSFO,428,,,,,USD/MT,BunkerIndex_BIX
2025-12-03,BIX_APAC,IFO380,438.48,,,,,USD/MT,BunkerIndex_BIX
2025-12-03,BIX_APAC,MGO,802.15,,,,,USD/MT,BunkerIndex_BIX
2025-12-03,BIX_APAC,VLSFO,534.63,,,,,USD/MT,BunkerIndex_BIX
2025-12-03,BIX_Americas,IFO380,474.54,,,,,USD/MT,BunkerIndex_BIX
2025-12-03,BIX_Americas,MGO,876.82,,,,,USD/MT,BunkerIndex_BIX
2025-12-03,BIX_Americas,VLSFO,564.57,,,,,USD/MT,BunkerIndex_BIX
2025-12-03,BIX_EMEA,IFO380,404.03,,,,,USD/MT,BunkerIndex_BIX
2025-12-03,BIX_EMEA,MGO,756.34,,,,,USD/MT,BunkerIndex_BIX
2025-12-03,BIX_EMEA,VLSFO,486.9,,,,,USD/MT,BunkerIndex_BIX
2025-12-03,BIX_World,IFO380,437.94,,,,,USD/MT,BunkerIndex_BIX
2025-12-03,BIX_World,MGO,812.01,,,,,USD/MT,BunkerIndex_BIX
2025-12-03,BIX_World,VLSFO,530.6,,,,,USD/MT,BunkerIndex_BIX
2025-12-03,BIX_World3,IFO380,344.33,,,,,USD/MT,BunkerIndex_BIX
2025-12-03,BIX_World3,MGO,679.17,,,,,USD/MT,BunkerIndex_BIX
2025-12-03,BIX_World3,VLSFO,422.5,,,,,USD/MT,BunkerIndex_BIX
2025-12-04,BIX_APAC,IFO380,431.9,,,,,USD/MT,BunkerIndex_BIX
2025-12-04,BIX_APAC,MGO,796.43,,,,,USD/MT,BunkerIndex_BIX
2025-12-04,BIX_APAC,VLSFO,532.01,,,,,USD/MT,BunkerIndex_BIX
2025-12-04,BIX_Americas,IFO380,475.55,,,,,USD/MT,BunkerIndex_BIX
2025-12-04,BIX_Americas,MGO,893.96,,,,,USD/MT,BunkerIndex_BIX
2025-12-04,BIX_Americas,VLSFO,563.34,,,,,USD/MT,BunkerIndex_BIX
2025-12-04,BIX_EMEA,IFO380,403.71,,,,,USD/MT,BunkerIndex_BIX
2025-12-04,BIX_EMEA,MGO,752.85,,,,,USD/MT,BunkerIndex_BIX
2025-12-04,BIX_EMEA,VLSFO,486.17,,,,,USD/MT,BunkerIndex_BIX
2025-12-04,BIX_World,IFO380,436.17,,,,,USD/MT,BunkerIndex_BIX
2025-12-04,BIX_World,MGO,815.46,,,,,USD/MT,BunkerIndex_BIX
2025-12-04,BIX_World,VLSFO,529.03,,,,,USD/MT,BunkerIndex_BIX
2025-12-04,BIX_World3,IFO380,343.67,,,,,USD/MT,BunkerIndex_BIX
2025-12-04,BIX_World3,MGO,674.67,,,,,USD/MT,BunkerIndex_BIX
2025-12-04,BIX_World3,VLSFO,423,,,,,USD/MT,BunkerIndex_BIX
2025-12-05,BIX_APAC,IFO380,433.88,,,,,USD/MT,BunkerIndex_BIX
2025-12-05,BIX_APAC,MGO,799.27,,,,,USD/MT,BunkerIndex_BIX
2025-12-05,BIX_APAC,VLSFO,534.36,,,,,USD/MT,BunkerIndex_BIX
2025-12-05,BIX_Americas,IFO380,477.3,,,,,USD/MT,BunkerIndex_BIX
2025-12-05,BIX_Americas,MGO,908.34,,,,,USD/MT,BunkerIndex_BIX
2025-12-05,BIX_Americas,VLSFO,564.88,,,,,USD/MT,BunkerIndex_BIX
2025-12-05,BIX_EMEA,IFO380,403.1,,,,,USD/MT,BunkerIndex_BIX
2025-12-05,BIX_EMEA,MGO,754.58,,,,,USD/MT,BunkerIndex_BIX
2025-12-05,BIX_EMEA,VLSFO,484.94,,,,,USD/MT,BunkerIndex_BIX
2025-12-05,BIX_World,IFO380,437.13,,,,,USD/MT,BunkerIndex_BIX
2025-12-05,BIX_World,MGO,822.09,,,,,USD/MT,BunkerIndex_BIX
2025-12-05,BIX_World,VLSFO,530.02,,,,,USD/MT,BunkerIndex_BIX
2025-12-05,BIX_World3,IFO380,343.83,,,,,USD/MT,BunkerIndex_BIX
2025-12-05,BIX_World3,MGO,678.17,,,,,USD/MT,BunkerIndex_BIX
2025-12-05,BIX_World3,VLSFO,427.17,,,,,USD/MT,BunkerIndex_BIX
2025-12-08,BIX_APAC,IFO380,432.33,,,,,USD/MT,BunkerIndex_BIX
2025-12-08,BIX_APAC,MGO,798.44,,,,,USD/MT,BunkerIndex_BIX
2025-12-08,BIX_APAC,VLSFO,535.3,,,,,USD/MT,BunkerIndex_BIX
2025-12-08,BIX_Americas,IFO380,475.96,,,,,USD/MT,BunkerIndex_BIX
2025-12-08,BIX_Americas,MGO,904.45,,,,,USD/MT,BunkerIndex_BIX
2025-12-08,BIX_Americas,VLSFO,566.75,,,,,USD/MT,BunkerIndex_BIX
2025-12-08,BIX_EMEA,IFO380,403.16,,,,,USD/MT,BunkerIndex_BIX
2025-12-08,BIX_EMEA,MGO,754.82,,,,,USD/MT,BunkerIndex_BIX
2025-12-08,BIX_EMEA,VLSFO,486.09,,,,,USD/MT,BunkerIndex_BIX
2025-12-08,BIX_World,IFO380,436.24,,,,,USD/MT,BunkerIndex_BIX
2025-12-08,BIX_World,MGO,820.54,,,,,USD/MT,BunkerIndex_BIX
2025-12-08,BIX_World,VLSFO,531.35,,,,,USD/MT,BunkerIndex_BIX
2025-12-08,BIX_World3,IFO380,350,,,,,USD/MT,BunkerIndex_BIX
2025-12-08,BIX_World3,MGO,678.67,,,,,USD/MT,BunkerIndex_BIX
2025-12-08,BIX_World3,VLSFO,428,,,,,USD/MT,BunkerIndex_BIX
2025-12-09,BIX_APAC,IFO380,430.41,,,,,USD/MT,BunkerIndex_BIX
2025-12-09,BIX_APAC,MGO,798.09,,,,,USD/MT,BunkerIndex_BIX
2025-12-09,BIX_APAC,VLSFO,535.95,,,,,USD/MT,BunkerIndex_BIX
2025-12-09,BIX_Americas,IFO380,471.46,,,,,USD/MT,BunkerIndex_BIX
2025-12-09,BIX_Americas,MGO,888.36,,,,,USD/MT,BunkerIndex_BIX
2025-12-09,BIX_Americas,VLSFO,566.57,,,,,USD/MT,BunkerIndex_BIX
2025-12-09,BIX_EMEA,IFO380,396.03,,,,,USD/MT,BunkerIndex_BIX
2025-12-09,BIX_EMEA,MGO,749.66,,,,,USD/MT,BunkerIndex_BIX
2025-12-09,BIX_EMEA,VLSFO,481.3,,,,,USD/MT,BunkerIndex_BIX
2025-12-09,BIX_World,IFO380,431.56,,,,,USD/MT,BunkerIndex_BIX
2025-12-09,BIX_World,MGO,812.64,,,,,USD/MT,BunkerIndex_BIX
2025-12-09,BIX_World,VLSFO,530.07,,,,,USD/MT,BunkerIndex_BIX
2025-12-09,BIX_World3,IFO380,341.67,,,,,USD/MT,BunkerIndex_BIX
2025-12-09,BIX_World3,MGO,669.33,,,,,USD/MT,BunkerIndex_BIX
2025-12-09,BIX_World3,VLSFO,419,,,,,USD/MT,BunkerIndex_BIX
2025-12-10,BIX_APAC,IFO380,430.59,,,,,USD/MT,BunkerIndex_BIX
2025-12-10,BIX_APAC,MGO,795.99,,,,,USD/MT,BunkerIndex_BIX
2025-12-10,BIX_APAC,VLSFO,534.17,,,,,USD/MT,BunkerIndex_BIX
2025-12-10,BIX_Americas,IFO380,474.6,,,,,USD/MT,BunkerIndex_BIX
2025-12-10,BIX_Americas,MGO,887.95,,,,,USD/MT,BunkerIndex_BIX
2025-12-10,BIX_Americas,VLSFO,567.36,,,,,USD/MT,BunkerIndex_BIX
2025-12-10,BIX_EMEA,IFO380,396.77,,,,,USD/MT,BunkerIndex_BIX
2025-12-10,BIX_EMEA,MGO,745.73,,,,,USD/MT,BunkerIndex_BIX
2025-12-10,BIX_EMEA,VLSFO,478.31,,,,,USD/MT,BunkerIndex_BIX
2025-12-10,BIX_World,IFO380,432.93,,,,,USD/MT,BunkerIndex_BIX
2025-12-10,BIX_World,MGO,810.46,,,,,USD/MT,BunkerIndex_BIX
2025-12-10,BIX_World,VLSFO,528.82,,,,,USD/MT,BunkerIndex_BIX
2025-12-10,BIX_World3,IFO380,341,,,,,USD/MT,BunkerIndex_BIX
2025-12-10,BIX_World3,MGO,667.83,,,,,USD/MT,BunkerIndex_BIX
2025-12-10,BIX_World3,VLSFO,418.83,,,,,USD/MT,BunkerIndex_BIX
2025-12-11,BIX_APAC,IFO380,432.55,,,,,USD/MT,BunkerIndex_BIX
2025-12-11,BIX_APAC,MGO,790.55,,,,,USD/MT,BunkerIndex_BIX
2025-12-11,BIX_APAC,VLSFO,533.67,,,,,USD/MT,BunkerIndex_BIX
2025-12-11,BIX_Americas,IFO380,474.08,,,,,USD/MT,BunkerIndex_BIX
2025-12-11,BIX_Americas,MGO,882.67,,,,,USD/MT,BunkerIndex_BIX
2025-12-11,BIX_Americas,VLSFO,550.08,,,,,USD/MT,BunkerIndex_BIX
2025-12-11,BIX_EMEA,IFO380,394.69,,,,,USD/MT,BunkerIndex_BIX
2025-12-11,BIX_EMEA,MGO,740.93,,,,,USD/MT,BunkerIndex_BIX
2025-12-11,BIX_EMEA,VLSFO,476.84,,,,,USD/MT,BunkerIndex_BIX
2025-12-11,BIX_World,IFO380,432.59,,,,,USD/MT,BunkerIndex_BIX
2025-12-11,BIX_World,MGO,805.32,,,,,USD/MT,BunkerIndex_BIX
2025-12-11,BIX_World,VLSFO,522.21,,,,,USD/MT,BunkerIndex_BIX
2025-12-11,BIX_World3,IFO380,340,,,,,USD/MT,BunkerIndex_BIX
2025-12-11,BIX_World3,MGO,671.5,,,,,USD/MT,BunkerIndex_BIX
2025-12-11,BIX_World3,VLSFO,419.67,,,,,USD/MT,BunkerIndex_BIX
2025-12-12,BIX_APAC,IFO380,431.59,,,,,USD/MT,BunkerIndex_BIX
2025-12-12,BIX_APAC,MGO,788.18,,,,,USD/MT,BunkerIndex_BIX
2025-12-12,BIX_APAC,VLSFO,530.67,,,,,USD/MT,BunkerIndex_BIX
2025-12-12,BIX_Americas,IFO380,472.32,,,,,USD/MT,BunkerIndex_BIX
2025-12-12,BIX_Americas,MGO,880.72,,,,,USD/MT,BunkerIndex_BIX
2025-12-12,BIX_Americas,VLSFO,545.1,,,,,USD/MT,BunkerIndex_BIX
2025-12-12,BIX_EMEA,IFO380,393.57,,,,,USD/MT,BunkerIndex_BIX
2025-12-12,BIX_EMEA,MGO,740.17,,,,,USD/MT,BunkerIndex_BIX
2025-12-12,BIX_EMEA,VLSFO,477.85,,,,,USD/MT,BunkerIndex_BIX
2025-12-12,BIX_World,IFO380,431.3,,,,,USD/MT,BunkerIndex_BIX
2025-12-12,BIX_World,MGO,803.72,,,,,USD/MT,BunkerIndex_BIX
2025-12-12,BIX_World,VLSFO,519.73,,,,,USD/MT,BunkerIndex_BIX
2025-12-12,BIX_World3,IFO380,338.67,,,,,USD/MT,BunkerIndex_BIX
2025-12-12,BIX_World3,MGO,658.17,,,,,USD/MT,BunkerIndex_BIX
2025-12-12,BIX_World3,VLSFO,416.17,,,,,USD/MT,BunkerIndex_BIX
2025-12-15,BIX_APAC,IFO380,431.97,,,,,USD/MT,BunkerIndex_BIX
2025-12-15,BIX_APAC,MGO,790.74,,,,,USD/MT,BunkerIndex_BIX
2025-12-15,BIX_APAC,VLSFO,534.28,,,,,USD/MT,BunkerIndex_BIX
2025-12-15,BIX_Americas,IFO380,468.38,,,,,USD/MT,BunkerIndex_BIX
2025-12-15,BIX_Americas,MGO,879.64,,,,,USD/MT,BunkerIndex_BIX
2025-12-15,BIX_Americas,VLSFO,544.43,,,,,USD/MT,BunkerIndex_BIX
2025-12-15,BIX_EMEA,IFO380,389.77,,,,,USD/MT,BunkerIndex_BIX
2025-12-15,BIX_EMEA,MGO,727.92,,,,,USD/MT,BunkerIndex_BIX
2025-12-15,BIX_EMEA,VLSFO,477.38,,,,,USD/MT,BunkerIndex_BIX
2025-12-15,BIX_World,IFO380,428.72,,,,,USD/MT,BunkerIndex_BIX
2025-12-15,BIX_World,MGO,799.34,,,,,USD/MT,BunkerIndex_BIX
2025-12-15,BIX_World,VLSFO,520.63,,,,,USD/MT,BunkerIndex_BIX
2025-12-15,BIX_World3,IFO380,337,,,,,USD/MT,BunkerIndex_BIX
2025-12-15,BIX_World3,MGO,653.5,,,,,USD/MT,BunkerIndex_BIX
2025-12-15,BIX_World3,VLSFO,415.33,,,,,USD/MT,BunkerIndex_BIX
2025-12-16,BIX_APAC,IFO380,430.1,,,,,USD/MT,BunkerIndex_BIX
2025-12-16,BIX_APAC,MGO,789.49,,,,,USD/MT,BunkerIndex_BIX
2025-12-16,BIX_APAC,VLSFO,532.35,,,,,USD/MT,BunkerIndex_BIX
2025-12-16,BIX_Americas,IFO380,466.16,,,,,USD/MT,BunkerIndex_BIX
2025-12-16,BIX_Americas,MGO,878.29,,,,,USD/MT,BunkerIndex_BIX
2025-12-16,BIX_Americas,VLSFO,539.51,,,,,USD/MT,BunkerIndex_BIX
2025-12-16,BIX_EMEA,IFO380,386.03,,,,,USD/MT,BunkerIndex_BIX
2025-12-16,BIX_EMEA,MGO,718.91,,,,,USD/MT,BunkerIndex_BIX
2025-12-16,BIX_EMEA,VLSFO,471.06,,,,,USD/MT,BunkerIndex_BIX
2025-12-16,BIX_World,IFO380,426.05,,,,,USD/MT,BunkerIndex_BIX
2025-12-16,BIX_World,MGO,795.12,,,,,USD/MT,BunkerIndex_BIX
2025-12-16,BIX_World,VLSFO,516.34,,,,,USD/MT,BunkerIndex_BIX
2025-12-16,BIX_World3,IFO380,332,,,,,USD/MT,BunkerIndex_BIX
2025-12-16,BIX_World3,MGO,644,,,,,USD/MT,BunkerIndex_BIX
2025-12-16,BIX_World3,VLSFO,410.33,,,,,USD/MT,BunkerIndex_BIX
2025-12-17,BIX_APAC,IFO380,427.79,,,,,USD/MT,BunkerIndex_BIX
2025-12-17,BIX_APAC,MGO,786.6,,,,,USD/MT,BunkerIndex_BIX
2025-12-17,BIX_APAC,VLSFO,523.13,,,,,USD/MT,BunkerIndex_BIX
2025-12-17,BIX_Americas,IFO380,468.6,,,,,USD/MT,BunkerIndex_BIX
2025-12-17,BIX_Americas,MGO,873.5,,,,,USD/MT,BunkerIndex_BIX
2025-12-17,BIX_Americas,VLSFO,538.7,,,,,USD/MT,BunkerIndex_BIX
2025-12-17,BIX_EMEA,IFO380,383.97,,,,,USD/MT,BunkerIndex_BIX
2025-12-17,BIX_EMEA,MGO,719.75,,,,,USD/MT,BunkerIndex_BIX
2025-12-17,BIX_EMEA,VLSFO,471.53,,,,,USD/MT,BunkerIndex_BIX
2025-12-17,BIX_World,IFO380,425.42,,,,,USD/MT,BunkerIndex_BIX
2025-12-17,BIX_World,MGO,792.95,,,,,USD/MT,BunkerIndex_BIX
2025-12-17,BIX_World,VLSFO,512.96,,,,,USD/MT,BunkerIndex_BIX
2025-12-17,BIX_World3,IFO380,330.67,,,,,USD/MT,BunkerIndex_BIX
2025-12-17,BIX_World3,MGO,637.83,,,,,USD/MT,BunkerIndex_BIX
2025-12-17,BIX_World3,VLSFO,407.67,,,,,USD/MT,BunkerIndex_BIX
2025-12-18,BIX_APAC,IFO380,431.14,,,,,USD/MT,BunkerIndex_BIX
2025-12-18,BIX_APAC,MGO,780.63,,,,,USD/MT,BunkerIndex_BIX
2025-12-18,BIX_APAC,VLSFO,522.61,,,,,USD/MT,BunkerIndex_BIX
2025-12-18,BIX_Americas,IFO380,468.96,,,,,USD/MT,BunkerIndex_BIX
2025-12-18,BIX_Americas,MGO,874.41,,,,,USD/MT,BunkerIndex_BIX
2025-12-18,BIX_Americas,VLSFO,546.88,,,,,USD/MT,BunkerIndex_BIX
2025-12-18,BIX_EMEA,IFO380,383.29,,,,,USD/MT,BunkerIndex_BIX
2025-12-18,BIX_EMEA,MGO,717.27,,,,,USD/MT,BunkerIndex_BIX
2025-12-18,BIX_EMEA,VLSFO,469.69,,,,,USD/MT,BunkerIndex_BIX
2025-12-18,BIX_World,IFO380,426.3,,,,,USD/MT,BunkerIndex_BIX
2025-12-18,BIX_World,MGO,790.81,,,,,USD/MT,BunkerIndex_BIX
2025-12-18,BIX_World,VLSFO,515.05,,,,,USD/MT,BunkerIndex_BIX
2025-12-18,BIX_World3,IFO380,335.17,,,,,USD/MT,BunkerIndex_BIX
2025-12-18,BIX_World3,MGO,643.17,,,,,USD/MT,BunkerIndex_BIX
2025-12-18,BIX_World3,VLSFO,412,,,,,USD/MT,BunkerIndex_BIX
2025-12-19,BIX_APAC,IFO380,431.21,,,,,USD/MT,BunkerIndex_BIX
2025-12-19,BIX_APAC,MGO,779.13,,,,,USD/MT,BunkerIndex_BIX
2025-12-19,BIX_APAC,VLSFO,522.17,,,,,USD/MT,BunkerIndex_BIX
2025-12-19,BIX_Americas,IFO380,467.48,,,,,USD/MT,BunkerIndex_BIX
2025-12-19,BIX_Americas,MGO,854.73,,,,,USD/MT,BunkerIndex_BIX
2025-12-19,BIX_Americas,VLSFO,545.33,,,,,USD/MT,BunkerIndex_BIX
2025-12-19,BIX_EMEA,IFO380,383.39,,,,,USD/MT,BunkerIndex_BIX
2025-12-19,BIX_EMEA,MGO,713.61,,,,,USD/MT,BunkerIndex_BIX
2025-12-19,BIX_EMEA,VLSFO,470.12,,,,,USD/MT,BunkerIndex_BIX
2025-12-19,BIX_World,IFO380,425.86,,,,,USD/MT,BunkerIndex_BIX
2025-12-19,BIX_World,MGO,781.87,,,,,USD/MT,BunkerIndex_BIX
2025-12-19,BIX_World,VLSFO,514.49,,,,,USD/MT,BunkerIndex_BIX
2025-12-19,BIX_World3,IFO380,336.33,,,,,USD/MT,BunkerIndex_BIX
2025-12-19,BIX_World3,MGO,636.33,,,,,USD/MT,BunkerIndex_BIX
2025-12-19,BIX_World3,VLSFO,409.5,,,,,USD/MT,BunkerIndex_BIX
2025-12-22,BIX_APAC,IFO380,431.9,,,,,USD/MT,BunkerIndex_BIX
2025-12-22,BIX_APAC,MGO,778.44,,,,,USD/MT,BunkerIndex_BIX
2025-12-22,BIX_APAC,VLSFO,522.48,,,,,USD/MT,BunkerIndex_BIX
2025-12-22,BIX_Americas,IFO380,469.33,,,,,USD/MT,BunkerIndex_BIX
2025-12-22,BIX_Americas,MGO,851.91,,,,,USD/MT,BunkerIndex_BIX
2025-12-22,BIX_Americas,VLSFO,547.56,,,,,USD/MT,BunkerIndex_BIX
2025-12-22,BIX_EMEA,IFO380,389.17,,,,,USD/MT,BunkerIndex_BIX
2025-12-22,BIX_EMEA,MGO,718.25,,,,,USD/MT,BunkerIndex_BIX
2025-12-22,BIX_EMEA,VLSFO,473.94,,,,,USD/MT,BunkerIndex_BIX
2025-12-22,BIX_World,IFO380,428.8,,,,,USD/MT,BunkerIndex_BIX
2025-12-22,BIX_World,MGO,782.42,,,,,USD/MT,BunkerIndex_BIX
2025-12-22,BIX_World,VLSFO,516.52,,,,,USD/MT,BunkerIndex_BIX
2025-12-22,BIX_World3,IFO380,343.5,,,,,USD/MT,BunkerIndex_BIX
2025-12-22,BIX_World3,MGO,646.33,,,,,USD/MT,BunkerIndex_BIX
2025-12-22,BIX_World3,VLSFO,417,,,,,USD/MT,BunkerIndex_BIX
2025-12-23,BIX_APAC,IFO380,437.52,,,,,USD/MT,BunkerIndex_BIX
2025-12-23,BIX_APAC,MGO,773.33,,,,,USD/MT,BunkerIndex_BIX
2025-12-23,BIX_APAC,VLSFO,525.88,,,,,USD/MT,BunkerIndex_BIX
2025-12-23,BIX_Americas,IFO380,467.29,,,,,USD/MT,BunkerIndex_BIX
2025-12-23,BIX_Americas,MGO,857.47,,,,,USD/MT,BunkerIndex_BIX
2025-12-23,BIX_Americas,VLSFO,550.32,,,,,USD/MT,BunkerIndex_BIX
2025-12-23,BIX_EMEA,IFO380,397.76,,,,,USD/MT,BunkerIndex_BIX
2025-12-23,BIX_EMEA,MGO,720.56,,,,,USD/MT,BunkerIndex_BIX
2025-12-23,BIX_EMEA,VLSFO,476.98,,,,,USD/MT,BunkerIndex_BIX
2025-12-23,BIX_World,IFO380,432.94,,,,,USD/MT,BunkerIndex_BIX
2025-12-23,BIX_World,MGO,784.01,,,,,USD/MT,BunkerIndex_BIX
2025-12-23,BIX_World,VLSFO,519.59,,,,,USD/MT,BunkerIndex_BIX
2025-12-23,BIX_World3,IFO380,345.17,,,,,USD/MT,BunkerIndex_BIX
2025-12-23,BIX_World3,MGO,646.67,,,,,USD/MT,BunkerIndex_BIX
2025-12-23,BIX_World3,VLSFO,418.33,,,,,USD/MT,BunkerIndex_BIX
2025-12-24,BIX_APAC,IFO380,437.79,,,,,USD/MT,BunkerIndex_BIX
2025-12-24,BIX_APAC,MGO,774.85,,,,,USD/MT,BunkerIndex_BIX
2025-12-24,BIX_APAC,VLSFO,529.38,,,,,USD/MT,BunkerIndex_BIX
2025-12-24,BIX_Americas,IFO380,472.27,,,,,USD/MT,BunkerIndex_BIX
2025-12-24,BIX_Americas,MGO,869.38,,,,,USD/MT,BunkerIndex_BIX
2025-12-24,BIX_Americas,VLSFO,554.65,,,,,USD/MT,BunkerIndex_BIX
2025-12-24,BIX_EMEA,IFO380,397.41,,,,,USD/MT,BunkerIndex_BIX
2025-12-24,BIX_EMEA,MGO,719.73,,,,,USD/MT,BunkerIndex_BIX
2025-12-24,BIX_EMEA,VLSFO,477.49,,,,,USD/MT,BunkerIndex_BIX
2025-12-24,BIX_World,IFO380,434.56,,,,,USD/MT,BunkerIndex_BIX
2025-12-24,BIX_World,MGO,788.42,,,,,USD/MT,BunkerIndex_BIX
2025-12-24,BIX_World,VLSFO,522.48,,,,,USD/MT,BunkerIndex_BIX
2025-12-24,BIX_World3,IFO380,348.33,,,,,USD/MT,BunkerIndex_BIX
2025-12-24,BIX_World3,MGO,645.17,,,,,USD/MT,BunkerIndex_BIX
2025-12-24,BIX_World3,VLSFO,420.17,,,,,USD/MT,BunkerIndex_BIX
2025-12-29,BIX_APAC,IFO380,437.98,,,,,USD/MT,BunkerIndex_BIX
2025-12-29,BIX_APAC,MGO,775.39,,,,,USD/MT,BunkerIndex_BIX
2025-12-29,BIX_APAC,VLSFO,530,,,,,USD/MT,BunkerIndex_BIX
2025-12-29,BIX_Americas,IFO380,473.15,,,,,USD/MT,BunkerIndex_BIX
2025-12-29,BIX_Americas,MGO,870.2,,,,,USD/MT,BunkerIndex_BIX
2025-12-29,BIX_Americas,VLSFO,554.81,,,,,USD/MT,BunkerIndex_BIX
2025-12-29,BIX_EMEA,IFO380,395.36,,,,,USD/MT,BunkerIndex_BIX
2025-12-29,BIX_EMEA,MGO,720.72,,,,,USD/MT,BunkerIndex_BIX
2025-12-29,BIX_EMEA,VLSFO,474.72,,,,,USD/MT,BunkerIndex_BIX
2025-12-29,BIX_World,IFO380,434.16,,,,,USD/MT,BunkerIndex_BIX
2025-12-29,BIX_World,MGO,789.23,,,,,USD/MT,BunkerIndex_BIX
2025-12-29,BIX_World,VLSFO,521.92,,,,,USD/MT,BunkerIndex_BIX
2025-12-29,BIX_World3,IFO380,346.5,,,,,USD/MT,BunkerIndex_BIX
2025-12-29,BIX_World3,MGO,643.67,,,,,USD/MT,BunkerIndex_BIX
2025-12-29,BIX_World3,VLSFO,418.67,,,,,USD/MT,BunkerIndex_BIX
2025-12-30,BIX_APAC,IFO380,437.79,,,,,USD/MT,BunkerIndex_BIX
2025-12-30,BIX_APAC,MGO,774.25,,,,,USD/MT,BunkerIndex_BIX
2025-12-30,BIX_APAC,VLSFO,530.09,,,,,USD/MT,BunkerIndex_BIX
2025-12-30,BIX_Americas,IFO380,474.85,,,,,USD/MT,BunkerIndex_BIX
2025-12-30,BIX_Americas,MGO,867.23,,,,,USD/MT,BunkerIndex_BIX
2025-12-30,BIX_Americas,VLSFO,551.56,,,,,USD/MT,BunkerIndex_BIX
2025-12-30,BIX_EMEA,IFO380,399.24,,,,,USD/MT,BunkerIndex_BIX
2025-12-30,BIX_EMEA,MGO,718.35,,,,,USD/MT,BunkerIndex_BIX
2025-12-30,BIX_EMEA,VLSFO,472.69,,,,,USD/MT,BunkerIndex_BIX
2025-12-30,BIX_World,IFO380,436.09,,,,,USD/MT,BunkerIndex_BIX
2025-12-30,BIX_World,MGO,786.96,,,,,USD/MT,BunkerIndex_BIX
2025-12-30,BIX_World,VLSFO,520.21,,,,,USD/MT,BunkerIndex_BIX
2025-12-30,BIX_World3,IFO380,356,,,,,USD/MT,BunkerIndex_BIX
2025-12-30,BIX_World3,MGO,646.33,,,,,USD/MT,BunkerIndex_BIX
2025-12-30,BIX_World3,VLSFO,426.33,,,,,USD/MT,BunkerIndex_BIX
2025-12-31,BIX_APAC,IFO380,435.79,,,,,USD/MT,BunkerIndex_BIX
2025-12-31,BIX_APAC,MGO,773.5,,,,,USD/MT,BunkerIndex_BIX
2025-12-31,BIX_APAC,VLSFO,528.33,,,,,USD/MT,BunkerIndex_BIX
2025-12-31,BIX_Americas,IFO380,474.98,,,,,USD/MT,BunkerIndex_BIX
2025-12-31,BIX_Americas,MGO,867.53,,,,,USD/MT,BunkerIndex_BIX
2025-12-31,BIX_Americas,VLSFO,552.05,,,,,USD/MT,BunkerIndex_BIX
2025-12-31,BIX_EMEA,IFO380,398.36,,,,,USD/MT,BunkerIndex_BIX
2025-12-31,BIX_EMEA,MGO,719.14,,,,,USD/MT,BunkerIndex_BIX
2025-12-31,BIX_EMEA,VLSFO,472.4,,,,,USD/MT,BunkerIndex_BIX
2025-12-31,BIX_World,IFO380,435.21,,,,,USD/MT,BunkerIndex_BIX
2025-12-31,BIX_World,MGO,787.17,,,,,USD/MT,BunkerIndex_BIX
2025-12-31,BIX_World,VLSFO,519.67,,,,,USD/MT,BunkerIndex_BIX
2025-12-31,BIX_World3,IFO380,354.33,,,,,USD/MT,BunkerIndex_BIX
2025-12-31,BIX_World3,MGO,649.33,,,,,USD/MT,BunkerIndex_BIX
2025-12-31,BIX_World3,VLSFO,425.17,,,,,USD/MT,BunkerIndex_BIX
2026-01-02,BIX_APAC,IFO380,436.66,,,,,USD/MT,BunkerIndex_BIX
2026-01-02,BIX_APAC,MGO,773.41,,,,,USD/MT,BunkerIndex_BIX
2026-01-02,BIX_APAC,VLSFO,528.55,,,,,USD/MT,BunkerIndex_BIX
2026-01-02,BIX_Americas,IFO380,472.63,,,,,USD/MT,BunkerIndex_BIX
2026-01-02,BIX_Americas,MGO,870.38,,,,,USD/MT,BunkerIndex_BIX
2026-01-02,BIX_Americas,VLSFO,557.72,,,,,USD/MT,BunkerIndex_BIX
2026-01-02,BIX_EMEA,IFO380,396.3,,,,,USD/MT,BunkerIndex_BIX
2026-01-02,BIX_EMEA,MGO,718.45,,,,,USD/MT,BunkerIndex_BIX
2026-01-02,BIX_EMEA,VLSFO,471.42,,,,,USD/MT,BunkerIndex_BIX
2026-01-02,BIX_World,IFO380,433.93,,,,,USD/MT,BunkerIndex_BIX
2026-01-02,BIX_World,MGO,787.93,,,,,USD/MT,BunkerIndex_BIX
2026-01-02,BIX_World,VLSFO,521.42,,,,,USD/MT,BunkerIndex_BIX
2026-01-02,BIX_World3,IFO380,355,,,,,USD/MT,BunkerIndex_BIX
2026-01-02,BIX_World3,MGO,650.67,,,,,USD/MT,BunkerIndex_BIX
2026-01-02,BIX_World3,VLSFO,425.83,,,,,USD/MT,BunkerIndex_BIX
2026-01-05,BIX_APAC,IFO380,438.29,,,,,USD/MT,BunkerIndex_BIX
2026-01-05,BIX_APAC,MGO,770.9,,,,,USD/MT,BunkerIndex_BIX
2026-01-05,BIX_APAC,VLSFO,531.78,,,,,USD/MT,BunkerIndex_BIX
2026-01-05,BIX_Americas,IFO380,469.91,,,,,USD/MT,BunkerIndex_BIX
2026-01-05,BIX_Americas,MGO,851.18,,,,,USD/MT,BunkerIndex_BIX
2026-01-05,BIX_Americas,VLSFO,551.58,,,,,USD/MT,BunkerIndex_BIX
2026-01-05,BIX_EMEA,IFO380,393,,,,,USD/MT,BunkerIndex_BIX
2026-01-05,BIX_EMEA,MGO,715.17,,,,,USD/MT,BunkerIndex_BIX
2026-01-05,BIX_EMEA,VLSFO,468.21,,,,,USD/MT,BunkerIndex_BIX
2026-01-05,BIX_World,IFO380,432.32,,,,,USD/MT,BunkerIndex_BIX
2026-01-05,BIX_World,MGO,779.05,,,,,USD/MT,BunkerIndex_BIX
2026-01-05,BIX_World,VLSFO,519.46,,,,,USD/MT,BunkerIndex_BIX
2026-01-05,BIX_World3,IFO380,349.33,,,,,USD/MT,BunkerIndex_BIX
2026-01-05,BIX_World3,MGO,644.83,,,,,USD/MT,BunkerIndex_BIX
2026-01-05,BIX_World3,VLSFO,418.33,,,,,USD/MT,BunkerIndex_BIX
2026-01-06,BIX_APAC,IFO380,436.48,,,,,USD/MT,BunkerIndex_BIX
2026-01-06,BIX_APAC,MGO,769.05,,,,,USD/MT,BunkerIndex_BIX
2026-01-06,BIX_APAC,VLSFO,529.63,,,,,USD/MT,BunkerIndex_BIX
2026-01-06,BIX_Americas,IFO380,471.13,,,,,USD/MT,BunkerIndex_BIX
2026-01-06,BIX_Americas,MGO,848.55,,,,,USD/MT,BunkerIndex_BIX
2026-01-06,BIX_Americas,VLSFO,549.74,,,,,USD/MT,BunkerIndex_BIX
2026-01-06,BIX_EMEA,IFO380,395.51,,,,,USD/MT,BunkerIndex_BIX
2026-01-06,BIX_EMEA,MGO,717.67,,,,,USD/MT,BunkerIndex_BIX
2026-01-06,BIX_EMEA,VLSFO,471.73,,,,,USD/MT,BunkerIndex_BIX
2026-01-06,BIX_World,IFO380,433.1,,,,,USD/MT,BunkerIndex_BIX
2026-01-06,BIX_World,MGO,778.56,,,,,USD/MT,BunkerIndex_BIX
2026-01-06,BIX_World,VLSFO,519.13,,,,,USD/MT,BunkerIndex_BIX
2026-01-06,BIX_World3,IFO380,354.83,,,,,USD/MT,BunkerIndex_BIX
2026-01-06,BIX_World3,MGO,650.5,,,,,USD/MT,BunkerIndex_BIX
2026-01-06,BIX_World3,VLSFO,421.5,,,,,USD/MT,BunkerIndex_BIX
2026-01-07,BIX_APAC,IFO380,434.74,,,,,USD/MT,BunkerIndex_BIX
2026-01-07,BIX_APAC,MGO,767.87,,,,,USD/MT,BunkerIndex_BIX
2026-01-07,BIX_APAC,VLSFO,528.33,,,,,USD/MT,BunkerIndex_BIX
2026-01-07,BIX_Americas,IFO380,470.54,,,,,USD/MT,BunkerIndex_BIX
2026-01-07,BIX_Americas,MGO,848.96,,,,,USD/MT,BunkerIndex_BIX
2026-01-07,BIX_Americas,VLSFO,550.26,,,,,USD/MT,BunkerIndex_BIX
2026-01-07,BIX_EMEA,IFO380,391.71,,,,,USD/MT,BunkerIndex_BIX
2026-01-07,BIX_EMEA,MGO,710.42,,,,,USD/MT,BunkerIndex_BIX
2026-01-07,BIX_EMEA,VLSFO,467.78,,,,,USD/MT,BunkerIndex_BIX
2026-01-07,BIX_World,IFO380,430.99,,,,,USD/MT,BunkerIndex_BIX
2026-01-07,BIX_World,MGO,775.66,,,,,USD/MT,BunkerIndex_BIX
2026-01-07,BIX_World,VLSFO,517.66,,,,,USD/MT,BunkerIndex_BIX
2026-01-07,BIX_World3,IFO380,350.33,,,,,USD/MT,BunkerIndex_BIX
2026-01-07,BIX_World3,MGO,640.33,,,,,USD/MT,BunkerIndex_BIX
2026-01-07,BIX_World3,VLSFO,415.17,,,,,USD/MT,BunkerIndex_BIX
2026-01-08,BIX_APAC,IFO380,430.03,,,,,USD/MT,BunkerIndex_BIX
2026-01-08,BIX_APAC,MGO,757.28,,,,,USD/MT,BunkerIndex_BIX
2026-01-08,BIX_APAC,VLSFO,521.5,,,,,USD/MT,BunkerIndex_BIX
2026-01-08,BIX_Americas,IFO380,466.71,,,,,USD/MT,BunkerIndex_BIX
2026-01-08,BIX_Americas,MGO,847.25,,,,,USD/MT,BunkerIndex_BIX
2026-01-08,BIX_Americas,VLSFO,546.44,,,,,USD/MT,BunkerIndex_BIX
2026-01-08,BIX_EMEA,IFO380,386.57,,,,,USD/MT,BunkerIndex_BIX
2026-01-08,BIX_EMEA,MGO,709.68,,,,,USD/MT,BunkerIndex_BIX
2026-01-08,BIX_EMEA,VLSFO,465.74,,,,,USD/MT,BunkerIndex_BIX
2026-01-08,BIX_World,IFO380,426.41,,,,,USD/MT,BunkerIndex_BIX
2026-01-08,BIX_World,MGO,772.04,,,,,USD/MT,BunkerIndex_BIX
2026-01-08,BIX_World,VLSFO,513.32,,,,,USD/MT,BunkerIndex_BIX
2026-01-08,BIX_World3,IFO380,348.17,,,,,USD/MT,BunkerIndex_BIX
2026-01-08,BIX_World3,MGO,636.5,,,,,USD/MT,BunkerIndex_BIX
2026-01-08,BIX_World3,VLSFO,414.33,,,,,USD/MT,BunkerIndex_BIX
2026-01-09,BIX_APAC,IFO380,434.33,,,,,USD/MT,BunkerIndex_BIX
2026-01-09,BIX_APAC,MGO,761.13,,,,,USD/MT,BunkerIndex_BIX
2026-01-09,BIX_APAC,VLSFO,524.35,,,,,USD/MT,BunkerIndex_BIX
2026-01-09,BIX_Americas,IFO380,466.76,,,,,USD/MT,BunkerIndex_BIX
2026-01-09,BIX_Americas,MGO,849.87,,,,,USD/MT,BunkerIndex_BIX
2026-01-09,BIX_Americas,VLSFO,547.28,,,,,USD/MT,BunkerIndex_BIX
2026-01-09,BIX_EMEA,IFO380,392.11,,,,,USD/MT,BunkerIndex_BIX
2026-01-09,BIX_EMEA,MGO,720.4,,,,,USD/MT,BunkerIndex_BIX
2026-01-09,BIX_EMEA,VLSFO,473.59,,,,,USD/MT,BunkerIndex_BIX
2026-01-09,BIX_World,IFO380,429.75,,,,,USD/MT,BunkerIndex_BIX
2026-01-09,BIX_World,MGO,778.04,,,,,USD/MT,BunkerIndex_BIX
2026-01-09,BIX_World,VLSFO,516.98,,,,,USD/MT,BunkerIndex_BIX
2026-01-09,BIX_World3,IFO380,351.67,,,,,USD/MT,BunkerIndex_BIX
2026-01-09,BIX_World3,MGO,652.33,,,,,USD/MT,BunkerIndex_BIX
2026-01-09,BIX_World3,VLSFO,427,,,,,USD/MT,BunkerIndex_BIX
2026-01-12,BIX_APAC,IFO380,437.41,,,,,USD/MT,BunkerIndex_BIX
2026-01-12,BIX_APAC,MGO,763.7,,,,,USD/MT,BunkerIndex_BIX
2026-01-12,BIX_APAC,VLSFO,526.99,,,,,USD/MT,BunkerIndex_BIX
2026-01-12,BIX_Americas,IFO380,462.44,,,,,USD/MT,BunkerIndex_BIX
2026-01-12,BIX_Americas,MGO,846.32,,,,,USD/MT,BunkerIndex_BIX
2026-01-12,BIX_Americas,VLSFO,546.83,,,,,USD/MT,BunkerIndex_BIX
2026-01-12,BIX_EMEA,IFO380,392.44,,,,,USD/MT,BunkerIndex_BIX
2026-01-12,BIX_EMEA,MGO,720.34,,,,,USD/MT,BunkerIndex_BIX
2026-01-12,BIX_EMEA,VLSFO,476.86,,,,,USD/MT,BunkerIndex_BIX
2026-01-12,BIX_World,IFO380,429.36,,,,,USD/MT,BunkerIndex_BIX
2026-01-12,BIX_World,MGO,777.39,,,,,USD/MT,BunkerIndex_BIX
2026-01-12,BIX_World,VLSFO,518.74,,,,,USD/MT,BunkerIndex_BIX
2026-01-12,BIX_World3,IFO380,351.67,,,,,USD/MT,BunkerIndex_BIX
2026-01-12,BIX_World3,MGO,652.5,,,,,USD/MT,BunkerIndex_BIX
2026-01-12,BIX_World3,VLSFO,428,,,,,USD/MT,BunkerIndex_BIX
2026-01-13,BIX_APAC,IFO380,440.47,,,,,USD/MT,BunkerIndex_BIX
2026-01-13,BIX_APAC,MGO,766.51,,,,,USD/MT,BunkerIndex_BIX
2026-01-13,BIX_APAC,VLSFO,528.79,,,,,USD/MT,BunkerIndex_BIX
2026-01-13,BIX_Americas,IFO380,465.13,,,,,USD/MT,BunkerIndex_BIX
2026-01-13,BIX_Americas,MGO,851.46,,,,,USD/MT,BunkerIndex_BIX
2026-01-13,BIX_Americas,VLSFO,549.67,,,,,USD/MT,BunkerIndex_BIX
2026-01-13,BIX_EMEA,IFO380,396.9,,,,,USD/MT,BunkerIndex_BIX
2026-01-13,BIX_EMEA,MGO,726.98,,,,,USD/MT,BunkerIndex_BIX
2026-01-13,BIX_EMEA,VLSFO,481.18,,,,,USD/MT,BunkerIndex_BIX
2026-01-13,BIX_World,IFO380,432.8,,,,,USD/MT,BunkerIndex_BIX
2026-01-13,BIX_World,MGO,782.49,,,,,USD/MT,BunkerIndex_BIX
2026-01-13,BIX_World,VLSFO,521.66,,,,,USD/MT,BunkerIndex_BIX
2026-01-13,BIX_World3,IFO380,354,,,,,USD/MT,BunkerIndex_BIX
2026-01-13,BIX_World3,MGO,655,,,,,USD/MT,BunkerIndex_BIX
2026-01-13,BIX_World3,VLSFO,431.67,,,,,USD/MT,BunkerIndex_BIX
2026-01-14,BIX_APAC,IFO380,450.43,,,,,USD/MT,BunkerIndex_BIX
2026-01-14,BIX_APAC,MGO,770.51,,,,,USD/MT,BunkerIndex_BIX
2026-01-14,BIX_APAC,VLSFO,533.03,,,,,USD/MT,BunkerIndex_BIX
2026-01-14,BIX_Americas,IFO380,471.37,,,,,USD/MT,BunkerIndex_BIX
2026-01-14,BIX_Americas,MGO,854.2,,,,,USD/MT,BunkerIndex_BIX
2026-01-14,BIX_Americas,VLSFO,552.73,,,,,USD/MT,BunkerIndex_BIX
2026-01-14,BIX_EMEA,IFO380,402.94,,,,,USD/MT,BunkerIndex_BIX
2026-01-14,BIX_EMEA,MGO,745,,,,,USD/MT,BunkerIndex_BIX
2026-01-14,BIX_EMEA,VLSFO,483.2,,,,,USD/MT,BunkerIndex_BIX
2026-01-14,BIX_World,IFO380,440.1,,,,,USD/MT,BunkerIndex_BIX
2026-01-14,BIX_World,MGO,791.34,,,,,USD/MT,BunkerIndex_BIX
2026-01-14,BIX_World,VLSFO,524.82,,,,,USD/MT,BunkerIndex_BIX
2026-01-14,BIX_World3,IFO380,364.17,,,,,USD/MT,BunkerIndex_BIX
2026-01-14,BIX_World3,MGO,672.33,,,,,USD/MT,BunkerIndex_BIX
2026-01-14,BIX_World3,VLSFO,438.67,,,,,USD/MT,BunkerIndex_BIX
2026-01-15,BIX_APAC,IFO380,451.81,,,,,USD/MT,BunkerIndex_BIX
2026-01-15,BIX_APAC,MGO,778.81,,,,,USD/MT,BunkerIndex_BIX
2026-01-15,BIX_APAC,VLSFO,538.47,,,,,USD/MT,BunkerIndex_BIX
2026-01-15,BIX_Americas,IFO380,473.71,,,,,USD/MT,BunkerIndex_BIX
2026-01-15,BIX_Americas,MGO,856.48,,,,,USD/MT,BunkerIndex_BIX
2026-01-15,BIX_Americas,VLSFO,556.98,,,,,USD/MT,BunkerIndex_BIX
2026-01-15,BIX_EMEA,IFO380,403.17,,,,,USD/MT,BunkerIndex_BIX
2026-01-15,BIX_EMEA,MGO,741.12,,,,,USD/MT,BunkerIndex_BIX
2026-01-15,BIX_EMEA,VLSFO,483.39,,,,,USD/MT,BunkerIndex_BIX
2026-01-15,BIX_World,IFO380,441.38,,,,,USD/MT,BunkerIndex_BIX
2026-01-15,BIX_World,MGO,792.84,,,,,USD/MT,BunkerIndex_BIX
2026-01-15,BIX_World,VLSFO,528.26,,,,,USD/MT,BunkerIndex_BIX
2026-01-15,BIX_World3,IFO380,366,,,,,USD/MT,BunkerIndex_BIX
2026-01-15,BIX_World3,MGO,672.67,,,,,USD/MT,BunkerIndex_BIX
2026-01-15,BIX_World3,VLSFO,438,,,,,USD/MT,BunkerIndex_BIX
2026-01-16,BIX_APAC,IFO380,449.88,,,,,USD/MT,BunkerIndex_BIX
2026-01-16,BIX_APAC,MGO,776.56,,,,,USD/MT,BunkerIndex_BIX
2026-01-16,BIX_APAC,VLSFO,541.34,,,,,USD/MT,BunkerIndex_BIX
2026-01-16,BIX_Americas,IFO380,474.18,,,,,USD/MT,BunkerIndex_BIX
2026-01-16,BIX_Americas,MGO,860.26,,,,,USD/MT,BunkerIndex_BIX
2026-01-16,BIX_Americas,VLSFO,556.84,,,,,USD/MT,BunkerIndex_BIX
2026-01-16,BIX_EMEA,IFO380,402.96,,,,,USD/MT,BunkerIndex_BIX
2026-01-16,BIX_EMEA,MGO,736.5,,,,,USD/MT,BunkerIndex_BIX
2026-01-16,BIX_EMEA,VLSFO,479.86,,,,,USD/MT,BunkerIndex_BIX
2026-01-16,BIX_World,IFO380,440.87,,,,,USD/MT,BunkerIndex_BIX
2026-01-16,BIX_World,MGO,791.88,,,,,USD/MT,BunkerIndex_BIX
2026-01-16,BIX_World,VLSFO,528.16,,,,,USD/MT,BunkerIndex_BIX
2026-01-16,BIX_World3,IFO380,359.67,,,,,USD/MT,BunkerIndex_BIX
2026-01-16,BIX_World3,MGO,661.33,,,,,USD/MT,BunkerIndex_BIX
2026-01-16,BIX_World3,VLSFO,433.17,,,,,USD/MT,BunkerIndex_BIX
2026-01-19,BIX_APAC,IFO380,447.55,,,,,USD/MT,BunkerIndex_BIX
2026-01-19,BIX_APAC,MGO,772.87,,,,,USD/MT,BunkerIndex_BIX
2026-01-19,BIX_APAC,VLSFO,542.56,,,,,USD/MT,BunkerIndex_BIX
2026-01-19,BIX_Americas,IFO380,479.65,,,,,USD/MT,BunkerIndex_BIX
2026-01-19,BIX_Americas,MGO,862.76,,,,,USD/MT,BunkerIndex_BIX
2026-01-19,BIX_Americas,VLSFO,561.15,,,,,USD/MT,BunkerIndex_BIX
2026-01-19,BIX_EMEA,IFO380,405.36,,,,,USD/MT,BunkerIndex_BIX
2026-01-19,BIX_EMEA,MGO,739.87,,,,,USD/MT,BunkerIndex_BIX
2026-01-19,BIX_EMEA,VLSFO,482.67,,,,,USD/MT,BunkerIndex_BIX
2026-01-19,BIX_World,IFO380,442.87,,,,,USD/MT,BunkerIndex_BIX
2026-01-19,BIX_World,MGO,793.12,,,,,USD/MT,BunkerIndex_BIX
2026-01-19,BIX_World,VLSFO,530.93,,,,,USD/MT,BunkerIndex_BIX
2026-01-19,BIX_World3,IFO380,366.67,,,,,USD/MT,BunkerIndex_BIX
2026-01-19,BIX_World3,MGO,662.33,,,,,USD/MT,BunkerIndex_BIX
2026-01-19,BIX_World3,VLSFO,439.17,,,,,USD/MT,BunkerIndex_BIX
2026-01-20,BIX_APAC,IFO380,447.36,,,,,USD/MT,BunkerIndex_BIX
2026-01-20,BIX_APAC,MGO,772.33,,,,,USD/MT,BunkerIndex_BIX
2026-01-20,BIX_APAC,VLSFO,542.4,,,,,USD/MT,BunkerIndex_BIX
2026-01-20,BIX_Americas,IFO380,483.6,,,,,USD/MT,BunkerIndex_BIX
2026-01-20,BIX_Americas,MGO,867.9,,,,,USD/MT,BunkerIndex_BIX
2026-01-20,BIX_Americas,VLSFO,563.59,,,,,USD/MT,BunkerIndex_BIX
2026-01-20,BIX_EMEA,IFO380,406.27,,,,,USD/MT,BunkerIndex_BIX
2026-01-20,BIX_EMEA,MGO,744.1,,,,,USD/MT,BunkerIndex_BIX
2026-01-20,BIX_EMEA,VLSFO,483.79,,,,,USD/MT,BunkerIndex_BIX
2026-01-20,BIX_World,IFO380,444.46,,,,,USD/MT,BunkerIndex_BIX
2026-01-20,BIX_World,MGO,796.46,,,,,USD/MT,BunkerIndex_BIX
2026-01-20,BIX_World,VLSFO,532.06,,,,,USD/MT,BunkerIndex_BIX
2026-01-20,BIX_World3,IFO380,366.33,,,,,USD/MT,BunkerIndex_BIX
2026-01-20,BIX_World3,MGO,663.67,,,,,USD/MT,BunkerIndex_BIX
2026-01-20,BIX_World3,VLSFO,439.67,,,,,USD/MT,BunkerIndex_BIX
2026-01-21,BIX_APAC,IFO380,447,,,,,USD/MT,BunkerIndex_BIX
2026-01-21,BIX_APAC,MGO,776.34,,,,,USD/MT,BunkerIndex_BIX
2026-01-21,BIX_APAC,VLSFO,540.28,,,,,USD/MT,BunkerIndex_BIX
2026-01-21,BIX_Americas,IFO380,482.48,,,,,USD/MT,BunkerIndex_BIX
2026-01-21,BIX_Americas,MGO,873.33,,,,,USD/MT,BunkerIndex_BIX
2026-01-21,BIX_Americas,VLSFO,564.02,,,,,USD/MT,BunkerIndex_BIX
2026-01-21,BIX_EMEA,IFO380,410.79,,,,,USD/MT,BunkerIndex_BIX
2026-01-21,BIX_EMEA,MGO,756.66,,,,,USD/MT,BunkerIndex_BIX
2026-01-21,BIX_EMEA,VLSFO,486.1,,,,,USD/MT,BunkerIndex_BIX
2026-01-21,BIX_World,IFO380,445.62,,,,,USD/MT,BunkerIndex_BIX
2026-01-21,BIX_World,MGO,804.12,,,,,USD/MT,BunkerIndex_BIX
2026-01-21,BIX_World,VLSFO,532.2,,,,,USD/MT,BunkerIndex_BIX
2026-01-21,BIX_World3,IFO380,373.17,,,,,USD/MT,BunkerIndex_BIX
2026-01-21,BIX_World3,MGO,675.17,,,,,USD/MT,BunkerIndex_BIX
2026-01-21,BIX_World3,VLSFO,440.17,,,,,USD/MT,BunkerIndex_BIX
2026-01-22,BIX_APAC,IFO380,455.5,,,,,USD/MT,BunkerIndex_BIX
2026-01-22,BIX_APAC,MGO,781.49,,,,,USD/MT,BunkerIndex_BIX
2026-01-22,BIX_APAC,VLSFO,543.3,,,,,USD/MT,BunkerIndex_BIX
2026-01-22,BIX_Americas,IFO380,482.57,,,,,USD/MT,BunkerIndex_BIX
2026-01-22,BIX_Americas,MGO,873.4,,,,,USD/MT,BunkerIndex_BIX
2026-01-22,BIX_Americas,VLSFO,564.53,,,,,USD/MT,BunkerIndex_BIX
2026-01-22,BIX_EMEA,IFO380,410.66,,,,,USD/MT,BunkerIndex_BIX
2026-01-22,BIX_EMEA,MGO,757.13,,,,,USD/MT,BunkerIndex_BIX
2026-01-22,BIX_EMEA,VLSFO,488.54,,,,,USD/MT,BunkerIndex_BIX
2026-01-22,BIX_World,IFO380,448.17,,,,,USD/MT,BunkerIndex_BIX
2026-01-22,BIX_World,MGO,805.75,,,,,USD/MT,BunkerIndex_BIX
2026-01-22,BIX_World,VLSFO,534.13,,,,,USD/MT,BunkerIndex_BIX
2026-01-22,BIX_World3,IFO380,375.33,,,,,USD/MT,BunkerIndex_BIX
2026-01-22,BIX_World3,MGO,674.33,,,,,USD/MT,BunkerIndex_BIX
2026-01-22,BIX_World3,VLSFO,445,,,,,USD/MT,BunkerIndex_BIX
2026-01-23,BIX_APAC,IFO380,462.4,,,,,USD/MT,BunkerIndex_BIX
2026-01-23,BIX_APAC,MGO,787.46,,,,,USD/MT,BunkerIndex_BIX
2026-01-23,BIX_APAC,VLSFO,545.93,,,,,USD/MT,BunkerIndex_BIX
2026-01-23,BIX_Americas,IFO380,479.87,,,,,USD/MT,BunkerIndex_BIX
2026-01-23,BIX_Americas,MGO,871.91,,,,,USD/MT,BunkerIndex_BIX
2026-01-23,BIX_Americas,VLSFO,566.52,,,,,USD/MT,BunkerIndex_BIX
2026-01-23,BIX_EMEA,IFO380,415.54,,,,,USD/MT,BunkerIndex_BIX
2026-01-23,BIX_EMEA,MGO,753.15,,,,,USD/MT,BunkerIndex_BIX
2026-01-23,BIX_EMEA,VLSFO,486.06,,,,,USD/MT,BunkerIndex_BIX
2026-01-23,BIX_World,IFO380,451.14,,,,,USD/MT,BunkerIndex_BIX
2026-01-23,BIX_World,MGO,805.24,,,,,USD/MT,BunkerIndex_BIX
2026-01-23,BIX_World,VLSFO,535,,,,,USD/MT,BunkerIndex_BIX
2026-01-23,BIX_World3,IFO380,385.5,,,,,USD/MT,BunkerIndex_BIX
2026-01-23,BIX_World3,MGO,674.67,,,,,USD/MT,BunkerIndex_BIX
2026-01-23,BIX_World3,VLSFO,442,,,,,USD/MT,BunkerIndex_BIX
2026-01-26,BIX_APAC,IFO380,470.19,,,,,USD/MT,BunkerIndex_BIX
2026-01-26,BIX_APAC,MGO,786.38,,,,,USD/MT,BunkerIndex_BIX
2026-01-26,BIX_APAC,VLSFO,546.88,,,,,USD/MT,BunkerIndex_BIX
2026-01-26,BIX_Americas,IFO380,489.99,,,,,USD/MT,BunkerIndex_BIX
2026-01-26,BIX_Americas,MGO,884.31,,,,,USD/MT,BunkerIndex_BIX
2026-01-26,BIX_Americas,VLSFO,579.93,,,,,USD/MT,BunkerIndex_BIX
2026-01-26,BIX_EMEA,IFO380,421.36,,,,,USD/MT,BunkerIndex_BIX
2026-01-26,BIX_EMEA,MGO,765.88,,,,,USD/MT,BunkerIndex_BIX
2026-01-26,BIX_EMEA,VLSFO,491.17,,,,,USD/MT,BunkerIndex_BIX
2026-01-26,BIX_World,IFO380,458.99,,,,,USD/MT,BunkerIndex_BIX
2026-01-26,BIX_World,MGO,814.29,,,,,USD/MT,BunkerIndex_BIX
2026-01-26,BIX_World,VLSFO,541.52,,,,,USD/MT,BunkerIndex_BIX
2026-01-26,BIX_World3,IFO380,393.83,,,,,USD/MT,BunkerIndex_BIX
2026-01-26,BIX_World3,MGO,689,,,,,USD/MT,BunkerIndex_BIX
2026-01-26,BIX_World3,VLSFO,452.67,,,,,USD/MT,BunkerIndex_BIX
2026-01-27,BIX_APAC,IFO380,471.17,,,,,USD/MT,BunkerIndex_BIX
2026-01-27,BIX_APAC,MGO,783.24,,,,,USD/MT,BunkerIndex_BIX
2026-01-27,BIX_APAC,VLSFO,546.36,,,,,USD/MT,BunkerIndex_BIX
2026-01-27,BIX_Americas,IFO380,487.83,,,,,USD/MT,BunkerIndex_BIX
2026-01-27,BIX_Americas,MGO,882.77,,,,,USD/MT,BunkerIndex_BIX
2026-01-27,BIX_Americas,VLSFO,578.73,,,,,USD/MT,BunkerIndex_BIX
2026-01-27,BIX_EMEA,IFO380,406.24,,,,,USD/MT,BunkerIndex_BIX
2026-01-27,BIX_EMEA,MGO,757.54,,,,,USD/MT,BunkerIndex_BIX
2026-01-27,BIX_EMEA,VLSFO,480.4,,,,,USD/MT,BunkerIndex_BIX
2026-01-27,BIX_World,IFO380,453.05,,,,,USD/MT,BunkerIndex_BIX
2026-01-27,BIX_World,MGO,809.77,,,,,USD/MT,BunkerIndex_BIX
2026-01-27,BIX_World,VLSFO,537.67,,,,,USD/MT,BunkerIndex_BIX
2026-01-27,BIX_World3,IFO380,391.67,,,,,USD/MT,BunkerIndex_BIX
2026-01-27,BIX_World3,MGO,685.5,,,,,USD/MT,BunkerIndex_BIX
2026-01-27,BIX_World3,VLSFO,448.33,,,,,USD/MT,BunkerIndex_BIX
2026-01-28,BIX_APAC,IFO380,478.24,,,,,USD/MT,BunkerIndex_BIX
2026-01-28,BIX_APAC,MGO,785.51,,,,,USD/MT,BunkerIndex_BIX
2026-01-28,BIX_APAC,VLSFO,549.21,,,,,USD/MT,BunkerIndex_BIX
2026-01-28,BIX_Americas,IFO380,492.19,,,,,USD/MT,BunkerIndex_BIX
2026-01-28,BIX_Americas,MGO,892,,,,,USD/MT,BunkerIndex_BIX
2026-01-28,BIX_Americas,VLSFO,581.7,,,,,USD/MT,BunkerIndex_BIX
2026-01-28,BIX_EMEA,IFO380,415.84,,,,,USD/MT,BunkerIndex_BIX
2026-01-28,BIX_EMEA,MGO,769.33,,,,,USD/MT,BunkerIndex_BIX
2026-01-28,BIX_EMEA,VLSFO,487.53,,,,,USD/MT,BunkerIndex_BIX
2026-01-28,BIX_World,IFO380,460.14,,,,,USD/MT,BunkerIndex_BIX
2026-01-28,BIX_World,MGO,818.18,,,,,USD/MT,BunkerIndex_BIX
2026-01-28,BIX_World,VLSFO,541.86,,,,,USD/MT,BunkerIndex_BIX
2026-01-28,BIX_World3,IFO380,402.67,,,,,USD/MT,BunkerIndex_BIX
2026-01-28,BIX_World3,MGO,697.17,,,,,USD/MT,BunkerIndex_BIX
2026-01-28,BIX_World3,VLSFO,455.67,,,,,USD/MT,BunkerIndex_BIX
2026-01-29,BIX_APAC,IFO380,484.74,,,,,USD/MT,BunkerIndex_BIX
2026-01-29,BIX_APAC,MGO,803.13,,,,,USD/MT,BunkerIndex_BIX
2026-01-29,BIX_APAC,VLSFO,557.87,,,,,USD/MT,BunkerIndex_BIX
2026-01-29,BIX_Americas,IFO380,495.41,,,,,USD/MT,BunkerIndex_BIX
2026-01-29,BIX_Americas,MGO,892.35,,,,,USD/MT,BunkerIndex_BIX
2026-01-29,BIX_Americas,VLSFO,586.99,,,,,USD/MT,BunkerIndex_BIX
2026-01-29,BIX_EMEA,IFO380,417.6,,,,,USD/MT,BunkerIndex_BIX
2026-01-29,BIX_EMEA,MGO,773.74,,,,,USD/MT,BunkerIndex_BIX
2026-01-29,BIX_EMEA,VLSFO,490.45,,,,,USD/MT,BunkerIndex_BIX
2026-01-29,BIX_World,IFO380,463.82,,,,,USD/MT,BunkerIndex_BIX
2026-01-29,BIX_World,MGO,824.5,,,,,USD/MT,BunkerIndex_BIX
2026-01-29,BIX_World,VLSFO,547.62,,,,,USD/MT,BunkerIndex_BIX
2026-01-29,BIX_World3,IFO380,406,,,,,USD/MT,BunkerIndex_BIX
2026-01-29,BIX_World3,MGO,703.33,,,,,USD/MT,BunkerIndex_BIX
2026-01-29,BIX_World3,VLSFO,459.83,,,,,USD/MT,BunkerIndex_BIX
2026-01-30,BIX_APAC,IFO380,485.84,,,,,USD/MT,BunkerIndex_BIX
2026-01-30,BIX_APAC,MGO,809.2,,,,,USD/MT,BunkerIndex_BIX
2026-01-30,BIX_APAC,VLSFO,565.68,,,,,USD/MT,BunkerIndex_BIX
2026-01-30,BIX_Americas,IFO380,494.4,,,,,USD/MT,BunkerIndex_BIX
2026-01-30,BIX_Americas,MGO,895.92,,,,,USD/MT,BunkerIndex_BIX
2026-01-30,BIX_Americas,VLSFO,586.36,,,,,USD/MT,BunkerIndex_BIX
2026-01-30,BIX_EMEA,IFO380,420.19,,,,,USD/MT,BunkerIndex_BIX
2026-01-30,BIX_EMEA,MGO,785.27,,,,,USD/MT,BunkerIndex_BIX
2026-01-30,BIX_EMEA,VLSFO,496.39,,,,,USD/MT,BunkerIndex_BIX
2026-01-30,BIX_World,IFO380,464.76,,,,,USD/MT,BunkerIndex_BIX
2026-01-30,BIX_World,MGO,831.73,,,,,USD/MT,BunkerIndex_BIX
2026-01-30,BIX_World,VLSFO,551.94,,,,,USD/MT,BunkerIndex_BIX
2026-01-30,BIX_World3,IFO380,408.67,,,,,USD/MT,BunkerIndex_BIX
2026-01-30,BIX_World3,MGO,701.67,,,,,USD/MT,BunkerIndex_BIX
2026-01-30,BIX_World3,VLSFO,462.33,,,,,USD/MT,BunkerIndex_BIX
2026-02-02,BIX_APAC,IFO380,484.12,,,,,USD/MT,BunkerIndex_BIX
2026-02-02,BIX_APAC,MGO,806.69,,,,,USD/MT,BunkerIndex_BIX
2026-02-02,BIX_APAC,VLSFO,560.56,,,,,USD/MT,BunkerIndex_BIX
2026-02-02,BIX_Americas,IFO380,488.44,,,,,USD/MT,BunkerIndex_BIX
2026-02-02,BIX_Americas,MGO,890.55,,,,,USD/MT,BunkerIndex_BIX
2026-02-02,BIX_Americas,VLSFO,585.8,,,,,USD/MT,BunkerIndex_BIX
2026-02-02,BIX_EMEA,IFO380,408.29,,,,,USD/MT,BunkerIndex_BIX
2026-02-02,BIX_EMEA,MGO,773.43,,,,,USD/MT,BunkerIndex_BIX
2026-02-02,BIX_EMEA,VLSFO,487.44,,,,,USD/MT,BunkerIndex_BIX
2026-02-02,BIX_World,IFO380,457.91,,,,,USD/MT,BunkerIndex_BIX
2026-02-02,BIX_World,MGO,824.65,,,,,USD/MT,BunkerIndex_BIX
2026-02-02,BIX_World,VLSFO,547.24,,,,,USD/MT,BunkerIndex_BIX
2026-02-02,BIX_World3,IFO380,395.33,,,,,USD/MT,BunkerIndex_BIX
2026-02-02,BIX_World3,MGO,687.83,,,,,USD/MT,BunkerIndex_BIX
2026-02-02,BIX_World3,VLSFO,447.67,,,,,USD/MT,BunkerIndex_BIX
2026-02-03,BIX_APAC,IFO380,486.17,,,,,USD/MT,BunkerIndex_BIX
2026-02-03,BIX_APAC,MGO,806.18,,,,,USD/MT,BunkerIndex_BIX
2026-02-03,BIX_APAC,VLSFO,560.13,,,,,USD/MT,BunkerIndex_BIX
2026-02-03,BIX_Americas,IFO380,491.46,,,,,USD/MT,BunkerIndex_BIX
2026-02-03,BIX_Americas,MGO,893.02,,,,,USD/MT,BunkerIndex_BIX
2026-02-03,BIX_Americas,VLSFO,588.61,,,,,USD/MT,BunkerIndex_BIX
2026-02-03,BIX_EMEA,IFO380,409.36,,,,,USD/MT,BunkerIndex_BIX
2026-02-03,BIX_EMEA,MGO,764.89,,,,,USD/MT,BunkerIndex_BIX
2026-02-03,BIX_EMEA,VLSFO,485.78,,,,,USD/MT,BunkerIndex_BIX
2026-02-03,BIX_World,IFO380,459.93,,,,,USD/MT,BunkerIndex_BIX
2026-02-03,BIX_World,MGO,822.43,,,,,USD/MT,BunkerIndex_BIX
2026-02-03,BIX_World,VLSFO,547.79,,,,,USD/MT,BunkerIndex_BIX
2026-02-03,BIX_World3,IFO380,402.17,,,,,USD/MT,BunkerIndex_BIX
2026-02-03,BIX_World3,MGO,692,,,,,USD/MT,BunkerIndex_BIX
2026-02-03,BIX_World3,VLSFO,451.83,,,,,USD/MT,BunkerIndex_BIX
2026-02-04,BIX_APAC,IFO380,490.6,,,,,USD/MT,BunkerIndex_BIX
2026-02-04,BIX_APAC,MGO,809.43,,,,,USD/MT,BunkerIndex_BIX
2026-02-04,BIX_APAC,VLSFO,565.29,,,,,USD/MT,BunkerIndex_BIX
2026-02-04,BIX_Americas,IFO380,496.57,,,,,USD/MT,BunkerIndex_BIX
2026-02-04,BIX_Americas,MGO,890.21,,,,,USD/MT,BunkerIndex_BIX
2026-02-04,BIX_Americas,VLSFO,588.21,,,,,USD/MT,BunkerIndex_BIX
2026-02-04,BIX_EMEA,IFO380,418.29,,,,,USD/MT,BunkerIndex_BIX
2026-02-04,BIX_EMEA,MGO,775.7,,,,,USD/MT,BunkerIndex_BIX
2026-02-04,BIX_EMEA,VLSFO,493.67,,,,,USD/MT,BunkerIndex_BIX
2026-02-04,BIX_World,IFO380,466.23,,,,,USD/MT,BunkerIndex_BIX
2026-02-04,BIX_World,MGO,826.09,,,,,USD/MT,BunkerIndex_BIX
2026-02-04,BIX_World,VLSFO,551.62,,,,,USD/MT,BunkerIndex_BIX
2026-02-04,BIX_World3,IFO380,411.67,,,,,USD/MT,BunkerIndex_BIX
2026-02-04,BIX_World3,MGO,704.33,,,,,USD/MT,BunkerIndex_BIX
2026-02-04,BIX_World3,VLSFO,466,,,,,USD/MT,BunkerIndex_BIX
2026-02-05,BIX_APAC,IFO380,501.43,,,,,USD/MT,BunkerIndex_BIX
2026-02-05,BIX_APAC,MGO,816.08,,,,,USD/MT,BunkerIndex_BIX
2026-02-05,BIX_APAC,VLSFO,568.14,,,,,USD/MT,BunkerIndex_BIX
2026-02-05,BIX_Americas,IFO380,498.12,,,,,USD/MT,BunkerIndex_BIX
2026-02-05,BIX_Americas,MGO,892.72,,,,,USD/MT,BunkerIndex_BIX
2026-02-05,BIX_Americas,VLSFO,589.49,,,,,USD/MT,BunkerIndex_BIX
2026-02-05,BIX_EMEA,IFO380,421.26,,,,,USD/MT,BunkerIndex_BIX
2026-02-05,BIX_EMEA,MGO,776.1,,,,,USD/MT,BunkerIndex_BIX
2026-02-05,BIX_EMEA,VLSFO,499.09,,,,,USD/MT,BunkerIndex_BIX
2026-02-05,BIX_World,IFO380,471.1,,,,,USD/MT,BunkerIndex_BIX
2026-02-05,BIX_World,MGO,828.86,,,,,USD/MT,BunkerIndex_BIX
2026-02-05,BIX_World,VLSFO,554.71,,,,,USD/MT,BunkerIndex_BIX
2026-02-05,BIX_World3,IFO380,417,,,,,USD/MT,BunkerIndex_BIX
2026-02-05,BIX_World3,MGO,700.5,,,,,USD/MT,BunkerIndex_BIX
2026-02-05,BIX_World3,VLSFO,469.67,,,,,USD/MT,BunkerIndex_BIX
2026-02-06,BIX_APAC,IFO380,499.24,,,,,USD/MT,BunkerIndex_BIX
2026-02-06,BIX_APAC,MGO,808.95,,,,,USD/MT,BunkerIndex_BIX
2026-02-06,BIX_APAC,VLSFO,564.98,,,,,USD/MT,BunkerIndex_BIX
2026-02-06,BIX_Americas,IFO380,497.44,,,,,USD/MT,BunkerIndex_BIX
2026-02-06,BIX_Americas,MGO,892.21,,,,,USD/MT,BunkerIndex_BIX
2026-02-06,BIX_Americas,VLSFO,589.43,,,,,USD/MT,BunkerIndex_BIX
2026-02-06,BIX_EMEA,IFO380,420.6,,,,,USD/MT,BunkerIndex_BIX
2026-02-06,BIX_EMEA,MGO,775.18,,,,,USD/MT,BunkerIndex_BIX
2026-02-06,BIX_EMEA,VLSFO,498.68,,,,,USD/MT,BunkerIndex_BIX
2026-02-06,BIX_World,IFO380,469.97,,,,,USD/MT,BunkerIndex_BIX
2026-02-06,BIX_World,MGO,826.5,,,,,USD/MT,BunkerIndex_BIX
2026-02-06,BIX_World,VLSFO,553.44,,,,,USD/MT,BunkerIndex_BIX
2026-02-06,BIX_World3,IFO380,411.33,,,,,USD/MT,BunkerIndex_BIX
2026-02-06,BIX_World3,MGO,698,,,,,USD/MT,BunkerIndex_BIX
2026-02-06,BIX_World3,VLSFO,464.17,,,,,USD/MT,BunkerIndex_BIX
2026-02-09,BIX_APAC,IFO380,497.66,,,,,USD/MT,BunkerIndex_BIX
2026-02-09,BIX_APAC,MGO,809.91,,,,,USD/MT,BunkerIndex_BIX
2026-02-09,BIX_APAC,VLSFO,564.16,,,,,USD/MT,BunkerIndex_BIX
2026-02-09,BIX_Americas,IFO380,497.48,,,,,USD/MT,BunkerIndex_BIX
2026-02-09,BIX_Americas,MGO,888.42,,,,,USD/MT,BunkerIndex_BIX
2026-02-09,BIX_Americas,VLSFO,591.36,,,,,USD/MT,BunkerIndex_BIX
2026-02-09,BIX_EMEA,IFO380,421.19,,,,,USD/MT,BunkerIndex_BIX
2026-02-09,BIX_EMEA,MGO,778.21,,,,,USD/MT,BunkerIndex_BIX
2026-02-09,BIX_EMEA,VLSFO,501.7,,,,,USD/MT,BunkerIndex_BIX
2026-02-09,BIX_World,IFO380,469.72,,,,,USD/MT,BunkerIndex_BIX
2026-02-09,BIX_World,MGO,826.45,,,,,USD/MT,BunkerIndex_BIX
2026-02-09,BIX_World,VLSFO,554.79,,,,,USD/MT,BunkerIndex_BIX
2026-02-09,BIX_World3,IFO380,413.33,,,,,USD/MT,BunkerIndex_BIX
2026-02-09,BIX_World3,MGO,700.17,,,,,USD/MT,BunkerIndex_BIX
2026-02-09,BIX_World3,VLSFO,467.17,,,,,USD/MT,BunkerIndex_BIX
2026-02-10,BIX_APAC,IFO380,498.38,,,,,USD/MT,BunkerIndex_BIX
2026-02-10,BIX_APAC,MGO,811.11,,,,,USD/MT,BunkerIndex_BIX
2026-02-10,BIX_APAC,VLSFO,565.67,,,,,USD/MT,BunkerIndex_BIX
2026-02-10,BIX_Americas,IFO380,498.43,,,,,USD/MT,BunkerIndex_BIX
2026-02-10,BIX_Americas,MGO,894,,,,,USD/MT,BunkerIndex_BIX
2026-02-10,BIX_Americas,VLSFO,593.22,,,,,USD/MT,BunkerIndex_BIX
2026-02-10,BIX_EMEA,IFO380,427.24,,,,,USD/MT,BunkerIndex_BIX
2026-02-10,BIX_EMEA,MGO,776.38,,,,,USD/MT,BunkerIndex_BIX
2026-02-10,BIX_EMEA,VLSFO,504.43,,,,,USD/MT,BunkerIndex_BIX
2026-02-10,BIX_World,IFO380,472.46,,,,,USD/MT,BunkerIndex_BIX
2026-02-10,BIX_World,MGO,828.16,,,,,USD/MT,BunkerIndex_BIX
2026-02-10,BIX_World,VLSFO,556.74,,,,,USD/MT,BunkerIndex_BIX
2026-02-10,BIX_World3,IFO380,418.17,,,,,USD/MT,BunkerIndex_BIX
2026-02-10,BIX_World3,MGO,699.67,,,,,USD/MT,BunkerIndex_BIX
2026-02-10,BIX_World3,VLSFO,468.67,,,,,USD/MT,BunkerIndex_BIX
2026-02-11,BIX_APAC,IFO380,502.24,,,,,USD/MT,BunkerIndex_BIX
2026-02-11,BIX_APAC,MGO,814.65,,,,,USD/MT,BunkerIndex_BIX
2026-02-11,BIX_APAC,VLSFO,571.33,,,,,USD/MT,BunkerIndex_BIX
2026-02-11,BIX_Americas,IFO380,499.66,,,,,USD/MT,BunkerIndex_BIX
2026-02-11,BIX_Americas,MGO,892.86,,,,,USD/MT,BunkerIndex_BIX
2026-02-11,BIX_Americas,VLSFO,594.26,,,,,USD/MT,BunkerIndex_BIX
2026-02-11,BIX_EMEA,IFO380,427.9,,,,,USD/MT,BunkerIndex_BIX
2026-02-11,BIX_EMEA,MGO,777.61,,,,,USD/MT,BunkerIndex_BIX
2026-02-11,BIX_EMEA,VLSFO,510.17,,,,,USD/MT,BunkerIndex_BIX
2026-02-11,BIX_World,IFO380,474.28,,,,,USD/MT,BunkerIndex_BIX
2026-02-11,BIX_World,MGO,829.12,,,,,USD/MT,BunkerIndex_BIX
2026-02-11,BIX_World,VLSFO,560.82,,,,,USD/MT,BunkerIndex_BIX
2026-02-11,BIX_World3,IFO380,419.83,,,,,USD/MT,BunkerIndex_BIX
2026-02-11,BIX_World3,MGO,700,,,,,USD/MT,BunkerIndex_BIX
2026-02-11,BIX_World3,VLSFO,471.33,,,,,USD/MT,BunkerIndex_BIX
2026-02-12,BIX_APAC,IFO380,508.64,,,,,USD/MT,BunkerIndex_BIX
2026-02-12,BIX_APAC,MGO,808.36,,,,,USD/MT,BunkerIndex_BIX
2026-02-12,BIX_APAC,VLSFO,571.13,,,,,USD/MT,BunkerIndex_BIX
2026-02-12,BIX_Americas,IFO380,498.33,,,,,USD/MT,BunkerIndex_BIX
2026-02-12,BIX_Americas,MGO,893.23,,,,,USD/MT,BunkerIndex_BIX
2026-02-12,BIX_Americas,VLSFO,594.39,,,,,USD/MT,BunkerIndex_BIX
2026-02-12,BIX_EMEA,IFO380,427.93,,,,,USD/MT,BunkerIndex_BIX
2026-02-12,BIX_EMEA,MGO,775.45,,,,,USD/MT,BunkerIndex_BIX
2026-02-12,BIX_EMEA,VLSFO,506.61,,,,,USD/MT,BunkerIndex_BIX
2026-02-12,BIX_World,IFO380,475.78,,,,,USD/MT,BunkerIndex_BIX
2026-02-12,BIX_World,MGO,826.82,,,,,USD/MT,BunkerIndex_BIX
2026-02-12,BIX_World,VLSFO,559.72,,,,,USD/MT,BunkerIndex_BIX
2026-02-12,BIX_World3,IFO380,424.17,,,,,USD/MT,BunkerIndex_BIX
2026-02-12,BIX_World3,MGO,702.83,,,,,USD/MT,BunkerIndex_BIX
2026-02-12,BIX_World3,VLSFO,476.33,,,,,USD/MT,BunkerIndex_BIX
2026-02-13,BIX_APAC,IFO380,508.05,,,,,USD/MT,BunkerIndex_BIX
2026-02-13,BIX_APAC,MGO,808.1,,,,,USD/MT,BunkerIndex_BIX
2026-02-13,BIX_APAC,VLSFO,569.91,,,,,USD/MT,BunkerIndex_BIX
2026-02-13,BIX_Americas,IFO380,500.85,,,,,USD/MT,BunkerIndex_BIX
2026-02-13,BIX_Americas,MGO,887.16,,,,,USD/MT,BunkerIndex_BIX
2026-02-13,BIX_Americas,VLSFO,595.33,,,,,USD/MT,BunkerIndex_BIX
2026-02-13,BIX_EMEA,IFO380,422.24,,,,,USD/MT,BunkerIndex_BIX
2026-02-13,BIX_EMEA,MGO,766.93,,,,,USD/MT,BunkerIndex_BIX
2026-02-13,BIX_EMEA,VLSFO,501.33,,,,,USD/MT,BunkerIndex_BIX
2026-02-13,BIX_World,IFO380,474.37,,,,,USD/MT,BunkerIndex_BIX
2026-02-13,BIX_World,MGO,821.31,,,,,USD/MT,BunkerIndex_BIX
2026-02-13,BIX_World,VLSFO,558.03,,,,,USD/MT,BunkerIndex_BIX
2026-02-13,BIX_World3,IFO380,415.33,,,,,USD/MT,BunkerIndex_BIX
2026-02-13,BIX_World3,MGO,695,,,,,USD/MT,BunkerIndex_BIX
2026-02-13,BIX_World3,VLSFO,466.17,,,,,USD/MT,BunkerIndex_BIX
2026-02-16,BIX_APAC,IFO380,506.31,,,,,USD/MT,BunkerIndex_BIX
2026-02-16,BIX_APAC,MGO,817.72,,,,,USD/MT,BunkerIndex_BIX
2026-02-16,BIX_APAC,VLSFO,571.48,,,,,USD/MT,BunkerIndex_BIX
2026-02-16,BIX_Americas,IFO380,500.94,,,,,USD/MT,BunkerIndex_BIX
2026-02-16,BIX_Americas,MGO,886.5,,,,,USD/MT,BunkerIndex_BIX
2026-02-16,BIX_Americas,VLSFO,595.72,,,,,USD/MT,BunkerIndex_BIX
2026-02-16,BIX_EMEA,IFO380,425.63,,,,,USD/MT,BunkerIndex_BIX
2026-02-16,BIX_EMEA,MGO,769.5,,,,,USD/MT,BunkerIndex_BIX
2026-02-16,BIX_EMEA,VLSFO,504.21,,,,,USD/MT,BunkerIndex_BIX
2026-02-16,BIX_World,IFO380,475.11,,,,,USD/MT,BunkerIndex_BIX
2026-02-16,BIX_World,MGO,824.47,,,,,USD/MT,BunkerIndex_BIX
2026-02-16,BIX_World,VLSFO,559.58,,,,,USD/MT,BunkerIndex_BIX
2026-02-16,BIX_World3,IFO380,420.83,,,,,USD/MT,BunkerIndex_BIX
2026-02-16,BIX_World3,MGO,692.83,,,,,USD/MT,BunkerIndex_BIX
2026-02-16,BIX_World3,VLSFO,473.5,,,,,USD/MT,BunkerIndex_BIX
2026-02-17,BIX_APAC,IFO380,506.4,,,,,USD/MT,BunkerIndex_BIX
2026-02-17,BIX_APAC,MGO,817.69,,,,,USD/MT,BunkerIndex_BIX
2026-02-17,BIX_APAC,VLSFO,571.56,,,,,USD/MT,BunkerIndex_BIX
2026-02-17,BIX_Americas,IFO380,503.27,,,,,USD/MT,BunkerIndex_BIX
2026-02-17,BIX_Americas,MGO,889.34,,,,,USD/MT,BunkerIndex_BIX
2026-02-17,BIX_Americas,VLSFO,596.27,,,,,USD/MT,BunkerIndex_BIX
2026-02-17,BIX_EMEA,IFO380,428.26,,,,,USD/MT,BunkerIndex_BIX
2026-02-17,BIX_EMEA,MGO,772.91,,,,,USD/MT,BunkerIndex_BIX
2026-02-17,BIX_EMEA,VLSFO,507.15,,,,,USD/MT,BunkerIndex_BIX
2026-02-17,BIX_World,IFO380,476.87,,,,,USD/MT,BunkerIndex_BIX
2026-02-17,BIX_World,MGO,826.84,,,,,USD/MT,BunkerIndex_BIX
2026-02-17,BIX_World,VLSFO,560.69,,,,,USD/MT,BunkerIndex_BIX
2026-02-17,BIX_World3,IFO380,423.33,,,,,USD/MT,BunkerIndex_BIX
2026-02-17,BIX_World3,MGO,694.83,,,,,USD/MT,BunkerIndex_BIX
2026-02-17,BIX_World3,VLSFO,476.67,,,,,USD/MT,BunkerIndex_BIX
2026-02-18,BIX_APAC,IFO380,506.53,,,,,USD/MT,BunkerIndex_BIX
2026-02-18,BIX_APAC,MGO,817.53,,,,,USD/MT,BunkerIndex_BIX
2026-02-18,BIX_APAC,VLSFO,571.32,,,,,USD/MT,BunkerIndex_BIX
2026-02-18,BIX_Americas,IFO380,499.07,,,,,USD/MT,BunkerIndex_BIX
2026-02-18,BIX_Americas,MGO,888.36,,,,,USD/MT,BunkerIndex_BIX
2026-02-18,BIX_Americas,VLSFO,597.23,,,,,USD/MT,BunkerIndex_BIX
2026-02-18,BIX_EMEA,IFO380,429.23,,,,,USD/MT,BunkerIndex_BIX
2026-02-18,BIX_EMEA,MGO,773.24,,,,,USD/MT,BunkerIndex_BIX
2026-02-18,BIX_EMEA,VLSFO,509.6,,,,,USD/MT,BunkerIndex_BIX
2026-02-18,BIX_World,IFO380,475.86,,,,,USD/MT,BunkerIndex_BIX
2026-02-18,BIX_World,MGO,826.57,,,,,USD/MT,BunkerIndex_BIX
2026-02-18,BIX_World,VLSFO,561.67,,,,,USD/MT,BunkerIndex_BIX
2026-02-18,BIX_World3,IFO380,424.67,,,,,USD/MT,BunkerIndex_BIX
2026-02-18,BIX_World3,MGO,693.33,,,,,USD/MT,BunkerIndex_BIX
2026-02-18,BIX_World3,VLSFO,476.67,,,,,USD/MT,BunkerIndex_BIX
2026-02-19,BIX_APAC,IFO380,519.93,,,,,USD/MT,BunkerIndex_BIX
2026-02-19,BIX_APAC,MGO,827.6,,,,,USD/MT,BunkerIndex_BIX
2026-02-19,BIX_APAC,VLSFO,586.92,,,,,USD/MT,BunkerIndex_BIX
2026-02-19,BIX_Americas,IFO380,503.08,,,,,USD/MT,BunkerIndex_BIX
2026-02-19,BIX_Americas,MGO,893.16,,,,,USD/MT,BunkerIndex_BIX
2026-02-19,BIX_Americas,VLSFO,599.89,,,,,USD/MT,BunkerIndex_BIX
2026-02-19,BIX_EMEA,IFO380,440.66,,,,,USD/MT,BunkerIndex_BIX
2026-02-19,BIX_EMEA,MGO,789.06,,,,,USD/MT,BunkerIndex_BIX
2026-02-19,BIX_EMEA,VLSFO,519.5,,,,,USD/MT,BunkerIndex_BIX
2026-02-19,BIX_World,IFO380,485.41,,,,,USD/MT,BunkerIndex_BIX
2026-02-19,BIX_World,MGO,836.89,,,,,USD/MT,BunkerIndex_BIX
2026-02-19,BIX_World,VLSFO,571.07,,,,,USD/MT,BunkerIndex_BIX
2026-02-19,BIX_World3,IFO380,446,,,,,USD/MT,BunkerIndex_BIX
2026-02-19,BIX_World3,MGO,716.67,,,,,USD/MT,BunkerIndex_BIX
2026-02-19,BIX_World3,VLSFO,501,,,,,USD/MT,BunkerIndex_BIX
2026-02-20,BIX_APAC,IFO380,528.52,,,,,USD/MT,BunkerIndex_BIX
2026-02-20,BIX_APAC,MGO,836.14,,,,,USD/MT,BunkerIndex_BIX
2026-02-20,BIX_APAC,VLSFO,595.27,,,,,USD/MT,BunkerIndex_BIX
2026-02-20,BIX_Americas,IFO380,505.91,,,,,USD/MT,BunkerIndex_BIX
2026-02-20,BIX_Americas,MGO,897.03,,,,,USD/MT,BunkerIndex_BIX
2026-02-20,BIX_Americas,VLSFO,602.94,,,,,USD/MT,BunkerIndex_BIX
2026-02-20,BIX_EMEA,IFO380,444.14,,,,,USD/MT,BunkerIndex_BIX
2026-02-20,BIX_EMEA,MGO,797.15,,,,,USD/MT,BunkerIndex_BIX
2026-02-20,BIX_EMEA,VLSFO,521.68,,,,,USD/MT,BunkerIndex_BIX
2026-02-20,BIX_World,IFO380,490.22,,,,,USD/MT,BunkerIndex_BIX
2026-02-20,BIX_World,MGO,843.56,,,,,USD/MT,BunkerIndex_BIX
2026-02-20,BIX_World,VLSFO,575.72,,,,,USD/MT,BunkerIndex_BIX
2026-02-20,BIX_World3,IFO380,445.33,,,,,USD/MT,BunkerIndex_BIX
2026-02-20,BIX_World3,MGO,728.33,,,,,USD/MT,BunkerIndex_BIX
2026-02-20,BIX_World3,VLSFO,504.83,,,,,USD/MT,BunkerIndex_BIX
2026-02-23,BIX_APAC,IFO380,523.36,,,,,USD/MT,BunkerIndex_BIX
2026-02-23,BIX_APAC,MGO,835.88,,,,,USD/MT,BunkerIndex_BIX
2026-02-23,BIX_APAC,VLSFO,597.21,,,,,USD/MT,BunkerIndex_BIX
2026-02-23,BIX_Americas,IFO380,508.35,,,,,USD/MT,BunkerIndex_BIX
2026-02-23,BIX_Americas,MGO,894.95,,,,,USD/MT,BunkerIndex_BIX
2026-02-23,BIX_Americas,VLSFO,596.95,,,,,USD/MT,BunkerIndex_BIX
2026-02-23,BIX_EMEA,IFO380,441.74,,,,,USD/MT,BunkerIndex_BIX
2026-02-23,BIX_EMEA,MGO,796.6,,,,,USD/MT,BunkerIndex_BIX
2026-02-23,BIX_EMEA,VLSFO,519.58,,,,,USD/MT,BunkerIndex_BIX
2026-02-23,BIX_World,IFO380,488.6,,,,,USD/MT,BunkerIndex_BIX
2026-02-23,BIX_World,MGO,842.53,,,,,USD/MT,BunkerIndex_BIX
2026-02-23,BIX_World,VLSFO,573.7,,,,,USD/MT,BunkerIndex_BIX
2026-02-23,BIX_World3,IFO380,434,,,,,USD/MT,BunkerIndex_BIX
2026-02-23,BIX_World3,MGO,735,,,,,USD/MT,BunkerIndex_BIX
2026-02-23,BIX_World3,VLSFO,501,,,,,USD/MT,BunkerIndex_BIX
2026-02-24,BIX_APAC,IFO380,514.41,,,,,USD/MT,BunkerIndex_BIX
2026-02-24,BIX_APAC,MGO,829.69,,,,,USD/MT,BunkerIndex_BIX
2026-02-24,BIX_APAC,VLSFO,593.86,,,,,USD/MT,BunkerIndex_BIX
2026-02-24,BIX_Americas,IFO380,511.02,,,,,USD/MT,BunkerIndex_BIX
2026-02-24,BIX_Americas,MGO,902.25,,,,,USD/MT,BunkerIndex_BIX
2026-02-24,BIX_Americas,VLSFO,598.98,,,,,USD/MT,BunkerIndex_BIX
2026-02-24,BIX_EMEA,IFO380,442.11,,,,,USD/MT,BunkerIndex_BIX
2026-02-24,BIX_EMEA,MGO,805.9,,,,,USD/MT,BunkerIndex_BIX
2026-02-24,BIX_EMEA,VLSFO,522.59,,,,,USD/MT,BunkerIndex_BIX
2026-02-24,BIX_World,IFO380,486.92,,,,,USD/MT,BunkerIndex_BIX
2026-02-24,BIX_World,MGO,847.12,,,,,USD/MT,BunkerIndex_BIX
2026-02-24,BIX_World,VLSFO,574.13,,,,,USD/MT,BunkerIndex_BIX
2026-02-24,BIX_World3,IFO380,424.67,,,,,USD/MT,BunkerIndex_BIX
2026-02-24,BIX_World3,MGO,735.83,,,,,USD/MT,BunkerIndex_BIX
2026-02-24,BIX_World3,VLSFO,499.33,,,,,USD/MT,BunkerIndex_BIX
2026-02-25,BIX_APAC,IFO380,512.41,,,,,USD/MT,BunkerIndex_BIX
2026-02-25,BIX_APAC,MGO,829.41,,,,,USD/MT,BunkerIndex_BIX
2026-02-25,BIX_APAC,VLSFO,594.68,,,,,USD/MT,BunkerIndex_BIX
2026-02-25,BIX_Americas,IFO380,509.71,,,,,USD/MT,BunkerIndex_BIX
2026-02-25,BIX_Americas,MGO,903.48,,,,,USD/MT,BunkerIndex_BIX
2026-02-25,BIX_Americas,VLSFO,598.9,,,,,USD/MT,BunkerIndex_BIX
2026-02-25,BIX_EMEA,IFO380,442.39,,,,,USD/MT,BunkerIndex_BIX
2026-02-25,BIX_EMEA,MGO,803.43,,,,,USD/MT,BunkerIndex_BIX
2026-02-25,BIX_EMEA,VLSFO,521.84,,,,,USD/MT,BunkerIndex_BIX
2026-02-25,BIX_World,IFO380,485.98,,,,,USD/MT,BunkerIndex_BIX
2026-02-25,BIX_World,MGO,846.56,,,,,USD/MT,BunkerIndex_BIX
2026-02-25,BIX_World,VLSFO,574.17,,,,,USD/MT,BunkerIndex_BIX
2026-02-25,BIX_World3,IFO380,425.17,,,,,USD/MT,BunkerIndex_BIX
2026-02-25,BIX_World3,MGO,730.17,,,,,USD/MT,BunkerIndex_BIX
2026-02-25,BIX_World3,VLSFO,498.33,,,,,USD/MT,BunkerIndex_BIX
2026-02-26,BIX_APAC,IFO380,511.98,,,,,USD/MT,BunkerIndex_BIX
2026-02-26,BIX_APAC,MGO,835.01,,,,,USD/MT,BunkerIndex_BIX
2026-02-26,BIX_APAC,VLSFO,597.48,,,,,USD/MT,BunkerIndex_BIX
2026-02-26,BIX_Americas,IFO380,509.82,,,,,USD/MT,BunkerIndex_BIX
2026-02-26,BIX_Americas,MGO,905.01,,,,,USD/MT,BunkerIndex_BIX
2026-02-26,BIX_Americas,VLSFO,599.94,,,,,USD/MT,BunkerIndex_BIX
2026-02-26,BIX_EMEA,IFO380,439.07,,,,,USD/MT,BunkerIndex_BIX
2026-02-26,BIX_EMEA,MGO,801.1,,,,,USD/MT,BunkerIndex_BIX
2026-02-26,BIX_EMEA,VLSFO,520.69,,,,,USD/MT,BunkerIndex_BIX
2026-02-26,BIX_World,IFO380,484.68,,,,,USD/MT,BunkerIndex_BIX
2026-02-26,BIX_World,MGO,847.67,,,,,USD/MT,BunkerIndex_BIX
2026-02-26,BIX_World,VLSFO,575.17,,,,,USD/MT,BunkerIndex_BIX
2026-02-26,BIX_World3,IFO380,423.17,,,,,USD/MT,BunkerIndex_BIX
2026-02-26,BIX_World3,MGO,728.67,,,,,USD/MT,BunkerIndex_BIX
2026-02-26,BIX_World3,VLSFO,499.5,,,,,USD/MT,BunkerIndex_BIX
2026-02-27,BIX_APAC,IFO380,513.84,,,,,USD/MT,BunkerIndex_BIX
2026-02-27,BIX_APAC,MGO,836.75,,,,,USD/MT,BunkerIndex_BIX
2026-02-27,BIX_APAC,VLSFO,601.04,,,,,USD/MT,BunkerIndex_BIX
2026-02-27,BIX_Americas,IFO380,512.66,,,,,USD/MT,BunkerIndex_BIX
2026-02-27,BIX_Americas,MGO,906.02,,,,,USD/MT,BunkerIndex_BIX
2026-02-27,BIX_Americas,VLSFO,603.31,,,,,USD/MT,BunkerIndex_BIX
2026-02-27,BIX_EMEA,IFO380,449.8,,,,,USD/MT,BunkerIndex_BIX
2026-02-27,BIX_EMEA,MGO,813.71,,,,,USD/MT,BunkerIndex_BIX
2026-02-27,BIX_EMEA,VLSFO,529.1,,,,,USD/MT,BunkerIndex_BIX
2026-02-27,BIX_World,IFO380,490.1,,,,,USD/MT,BunkerIndex_BIX
2026-02-27,BIX_World,MGO,853.45,,,,,USD/MT,BunkerIndex_BIX
2026-02-27,BIX_World,VLSFO,580.12,,,,,USD/MT,BunkerIndex_BIX
2026-02-27,BIX_World3,IFO380,430.33,,,,,USD/MT,BunkerIndex_BIX
2026-02-27,BIX_World3,MGO,738.67,,,,,USD/MT,BunkerIndex_BIX
2026-02-27,BIX_World3,VLSFO,510.83,,,,,USD/MT,BunkerIndex_BIX
2026-03-02,BIX_APAC,IFO380,562.36,,,,,USD/MT,BunkerIndex_BIX
2026-03-02,BIX_APAC,MGO,870.67,,,,,USD/MT,BunkerIndex_BIX
2026-03-02,BIX_APAC,VLSFO,629.29,,,,,USD/MT,BunkerIndex_BIX
2026-03-02,BIX_Americas,IFO380,525.19,,,,,USD/MT,BunkerIndex_BIX
2026-03-02,BIX_Americas,MGO,926.5,,,,,USD/MT,BunkerIndex_BIX
2026-03-02,BIX_Americas,VLSFO,626.23,,,,,USD/MT,BunkerIndex_BIX
2026-03-02,BIX_EMEA,IFO380,500.74,,,,,USD/MT,BunkerIndex_BIX
2026-03-02,BIX_EMEA,MGO,936.72,,,,,USD/MT,BunkerIndex_BIX
2026-03-02,BIX_EMEA,VLSFO,579.94,,,,,USD/MT,BunkerIndex_BIX
2026-03-02,BIX_World,IFO380,527.51,,,,,USD/MT,BunkerIndex_BIX
2026-03-02,BIX_World,MGO,916.01,,,,,USD/MT,BunkerIndex_BIX
2026-03-02,BIX_World,VLSFO,613.34,,,,,USD/MT,BunkerIndex_BIX
2026-03-02,BIX_World3,IFO380,490,,,,,USD/MT,BunkerIndex_BIX
2026-03-02,BIX_World3,MGO,870,,,,,USD/MT,BunkerIndex_BIX
2026-03-02,BIX_World3,VLSFO,574.33,,,,,USD/MT,BunkerIndex_BIX
2026-03-03,BIX_APAC,IFO380,583.43,,,,,USD/MT,BunkerIndex_BIX
2026-03-03,BIX_APAC,MGO,927.85,,,,,USD/MT,BunkerIndex_BIX
2026-03-03,BIX_APAC,VLSFO,662.21,,,,,USD/MT,BunkerIndex_BIX
2026-03-03,BIX_Americas,IFO380,535.02,,,,,USD/MT,BunkerIndex_BIX
2026-03-03,BIX_Americas,MGO,952.29,,,,,USD/MT,BunkerIndex_BIX
2026-03-03,BIX_Americas,VLSFO,637.13,,,,,USD/MT,BunkerIndex_BIX
2026-03-03,BIX_EMEA,IFO380,543.74,,,,,USD/MT,BunkerIndex_BIX
2026-03-03,BIX_EMEA,MGO,1026.67,,,,,USD/MT,BunkerIndex_BIX
2026-03-03,BIX_EMEA,VLSFO,632.53,,,,,USD/MT,BunkerIndex_BIX
2026-03-03,BIX_World,IFO380,552.83,,,,,USD/MT,BunkerIndex_BIX
2026-03-03,BIX_World,MGO,974.16,,,,,USD/MT,BunkerIndex_BIX
2026-03-03,BIX_World,VLSFO,644.57,,,,,USD/MT,BunkerIndex_BIX
2026-03-03,BIX_World3,IFO380,526.33,,,,,USD/MT,BunkerIndex_BIX
2026-03-03,BIX_World3,MGO,992.33,,,,,USD/MT,BunkerIndex_BIX
2026-03-03,BIX_World3,VLSFO,605.67,,,,,USD/MT,BunkerIndex_BIX
2026-03-04,BIX_APAC,IFO380,626.91,,,,,USD/MT,BunkerIndex_BIX
2026-03-04,BIX_APAC,MGO,980.35,,,,,USD/MT,BunkerIndex_BIX
2026-03-04,BIX_APAC,VLSFO,701.56,,,,,USD/MT,BunkerIndex_BIX
2026-03-04,BIX_Americas,IFO380,542.3,,,,,USD/MT,BunkerIndex_BIX
2026-03-04,BIX_Americas,MGO,952.81,,,,,USD/MT,BunkerIndex_BIX
2026-03-04,BIX_Americas,VLSFO,670.92,,,,,USD/MT,BunkerIndex_BIX
2026-03-04,BIX_EMEA,IFO380,564.03,,,,,USD/MT,BunkerIndex_BIX
2026-03-04,BIX_EMEA,MGO,1055.66,,,,,USD/MT,BunkerIndex_BIX
2026-03-04,BIX_EMEA,VLSFO,648.07,,,,,USD/MT,BunkerIndex_BIX
2026-03-04,BIX_World,IFO380,575.78,,,,,USD/MT,BunkerIndex_BIX
2026-03-04,BIX_World,MGO,998.83,,,,,USD/MT,BunkerIndex_BIX
2026-03-04,BIX_World,VLSFO,674.81,,,,,USD/MT,BunkerIndex_BIX
2026-03-04,BIX_World3,IFO380,582.33,,,,,USD/MT,BunkerIndex_BIX
2026-03-04,BIX_World3,MGO,1078.33,,,,,USD/MT,BunkerIndex_BIX
2026-03-04,BIX_World3,VLSFO,652.33,,,,,USD/MT,BunkerIndex_BIX
2026-03-05,BIX_APAC,IFO380,661.8,,,,,USD/MT,BunkerIndex_BIX
2026-03-05,BIX_APAC,MGO,1103.72,,,,,USD/MT,BunkerIndex_BIX
2026-03-05,BIX_APAC,VLSFO,740.89,,,,,USD/MT,BunkerIndex_BIX
2026-03-05,BIX_Americas,IFO380,558.76,,,,,USD/MT,BunkerIndex_BIX
2026-03-05,BIX_Americas,MGO,993.51,,,,,USD/MT,BunkerIndex_BIX
2026-03-05,BIX_Americas,VLSFO,696,,,,,USD/MT,BunkerIndex_BIX
2026-03-05,BIX_EMEA,IFO380,572.57,,,,,USD/MT,BunkerIndex_BIX
2026-03-05,BIX_EMEA,MGO,1096.75,,,,,USD/MT,BunkerIndex_BIX
2026-03-05,BIX_EMEA,VLSFO,656.94,,,,,USD/MT,BunkerIndex_BIX
2026-03-05,BIX_World,IFO380,594.22,,,,,USD/MT,BunkerIndex_BIX
2026-03-05,BIX_World,MGO,1060.94,,,,,USD/MT,BunkerIndex_BIX
2026-03-05,BIX_World,VLSFO,700.02,,,,,USD/MT,BunkerIndex_BIX
2026-03-05,BIX_World3,IFO380,584.33,,,,,USD/MT,BunkerIndex_BIX
2026-03-05,BIX_World3,MGO,1096.67,,,,,USD/MT,BunkerIndex_BIX
2026-03-05,BIX_World3,VLSFO,656.33,,,,,USD/MT,BunkerIndex_BIX
2026-03-06,BIX_APAC,IFO380,737.59,,,,,USD/MT,BunkerIndex_BIX
2026-03-06,BIX_APAC,MGO,1188.41,,,,,USD/MT,BunkerIndex_BIX
2026-03-06,BIX_APAC,VLSFO,792.1,,,,,USD/MT,BunkerIndex_BIX
2026-03-06,BIX_Americas,IFO380,585.6,,,,,USD/MT,BunkerIndex_BIX
2026-03-06,BIX_Americas,MGO,1093.1,,,,,USD/MT,BunkerIndex_BIX
2026-03-06,BIX_Americas,VLSFO,744.36,,,,,USD/MT,BunkerIndex_BIX
2026-03-06,BIX_EMEA,IFO380,633.03,,,,,USD/MT,BunkerIndex_BIX
2026-03-06,BIX_EMEA,MGO,1180.88,,,,,USD/MT,BunkerIndex_BIX
2026-03-06,BIX_EMEA,VLSFO,716.92,,,,,USD/MT,BunkerIndex_BIX
2026-03-06,BIX_World,IFO380,647.87,,,,,USD/MT,BunkerIndex_BIX
2026-03-06,BIX_World,MGO,1150.84,,,,,USD/MT,BunkerIndex_BIX
2026-03-06,BIX_World,VLSFO,752.88,,,,,USD/MT,BunkerIndex_BIX
2026-03-06,BIX_World3,IFO380,691,,,,,USD/MT,BunkerIndex_BIX
2026-03-06,BIX_World3,MGO,1238.33,,,,,USD/MT,BunkerIndex_BIX
2026-03-06,BIX_World3,VLSFO,785,,,,,USD/MT,BunkerIndex_BIX
2026-03-09,BIX_APAC,IFO380,1010.11,,,,,USD/MT,BunkerIndex_BIX
2026-03-09,BIX_APAC,MGO,1278.47,,,,,USD/MT,BunkerIndex_BIX
2026-03-09,BIX_APAC,VLSFO,963.17,,,,,USD/MT,BunkerIndex_BIX
2026-03-09,BIX_Americas,IFO380,623.18,,,,,USD/MT,BunkerIndex_BIX
2026-03-09,BIX_Americas,MGO,1134.19,,,,,USD/MT,BunkerIndex_BIX
2026-03-09,BIX_Americas,VLSFO,802.27,,,,,USD/MT,BunkerIndex_BIX
2026-03-09,BIX_EMEA,IFO380,750.69,,,,,USD/MT,BunkerIndex_BIX
2026-03-09,BIX_EMEA,MGO,1312.48,,,,,USD/MT,BunkerIndex_BIX
2026-03-09,BIX_EMEA,VLSFO,833.2,,,,,USD/MT,BunkerIndex_BIX
2026-03-09,BIX_World,IFO380,784.2,,,,,USD/MT,BunkerIndex_BIX
2026-03-09,BIX_World,MGO,1238.93,,,,,USD/MT,BunkerIndex_BIX
2026-03-09,BIX_World,VLSFO,868.23,,,,,USD/MT,BunkerIndex_BIX
2026-03-09,BIX_World3,IFO380,913.33,,,,,USD/MT,BunkerIndex_BIX
2026-03-09,BIX_World3,MGO,1616.67,,,,,USD/MT,BunkerIndex_BIX
2026-03-09,BIX_World3,VLSFO,1037.33,,,,,USD/MT,BunkerIndex_BIX
2026-03-10,BIX_APAC,IFO380,916.71,,,,,USD/MT,BunkerIndex_BIX
2026-03-10,BIX_APAC,MGO,1306.33,,,,,USD/MT,BunkerIndex_BIX
2026-03-10,BIX_APAC,VLSFO,999.86,,,,,USD/MT,BunkerIndex_BIX
2026-03-10,BIX_Americas,IFO380,611.62,,,,,USD/MT,BunkerIndex_BIX
2026-03-10,BIX_Americas,MGO,1075.94,,,,,USD/MT,BunkerIndex_BIX
2026-03-10,BIX_Americas,VLSFO,785.17,,,,,USD/MT,BunkerIndex_BIX
2026-03-10,BIX_EMEA,IFO380,744.54,,,,,USD/MT,BunkerIndex_BIX
2026-03-10,BIX_EMEA,MGO,1250.08,,,,,USD/MT,BunkerIndex_BIX
2026-03-10,BIX_EMEA,VLSFO,806.23,,,,,USD/MT,BunkerIndex_BIX
2026-03-10,BIX_World,IFO380,750.51,,,,,USD/MT,BunkerIndex_BIX
2026-03-10,BIX_World,MGO,1201.11,,,,,USD/MT,BunkerIndex_BIX
2026-03-10,BIX_World,VLSFO,867.08,,,,,USD/MT,BunkerIndex_BIX
2026-03-10,BIX_World3,IFO380,815,,,,,USD/MT,BunkerIndex_BIX
2026-03-10,BIX_World3,MGO,1400,,,,,USD/MT,BunkerIndex_BIX
2026-03-10,BIX_World3,VLSFO,933.33,,,,,USD/MT,BunkerIndex_BIX
2026-03-11,BIX_APAC,IFO380,943.68,,,,,USD/MT,BunkerIndex_BIX
2026-03-11,BIX_APAC,MGO,1314.56,,,,,USD/MT,BunkerIndex_BIX
2026-03-11,BIX_APAC,VLSFO,1016.02,,,,,USD/MT,BunkerIndex_BIX
2026-03-11,BIX_Americas,IFO380,634.77,,,,,USD/MT,BunkerIndex_BIX
2026-03-11,BIX_Americas,MGO,1122.49,,,,,USD/MT,BunkerIndex_BIX
2026-03-11,BIX_Americas,VLSFO,825.81,,,,,USD/MT,BunkerIndex_BIX
2026-03-11,BIX_EMEA,IFO380,718.74,,,,,USD/MT,BunkerIndex_BIX
2026-03-11,BIX_EMEA,MGO,1207.62,,,,,USD/MT,BunkerIndex_BIX
2026-03-11,BIX_EMEA,VLSFO,797.54,,,,,USD/MT,BunkerIndex_BIX
2026-03-11,BIX_World,IFO380,756.75,,,,,USD/MT,BunkerIndex_BIX
2026-03-11,BIX_World,MGO,1204.11,,,,,USD/MT,BunkerIndex_BIX
2026-03-11,BIX_World,VLSFO,884.23,,,,,USD/MT,BunkerIndex_BIX
2026-03-11,BIX_World3,IFO380,793.67,,,,,USD/MT,BunkerIndex_BIX
2026-03-11,BIX_World3,MGO,1328.33,,,,,USD/MT,BunkerIndex_BIX
2026-03-11,BIX_World3,VLSFO,893.33,,,,,USD/MT,BunkerIndex_BIX
2026-03-12,BIX_APAC,IFO380,1019.5,,,,,USD/MT,BunkerIndex_BIX
2026-03-12,BIX_APAC,MGO,1530.97,,,,,USD/MT,BunkerIndex_BIX
2026-03-12,BIX_APAC,VLSFO,1152.19,,,,,USD/MT,BunkerIndex_BIX
2026-03-12,BIX_Americas,IFO380,682.27,,,,,USD/MT,BunkerIndex_BIX
2026-03-12,BIX_Americas,MGO,1335.88,,,,,USD/MT,BunkerIndex_BIX
2026-03-12,BIX_Americas,VLSFO,969.57,,,,,USD/MT,BunkerIndex_BIX
2026-03-12,BIX_EMEA,IFO380,755.96,,,,,USD/MT,BunkerIndex_BIX
2026-03-12,BIX_EMEA,MGO,1267.2,,,,,USD/MT,BunkerIndex_BIX
2026-03-12,BIX_EMEA,VLSFO,842.89,,,,,USD/MT,BunkerIndex_BIX
2026-03-12,BIX_World,IFO380,808.81,,,,,USD/MT,BunkerIndex_BIX
2026-03-12,BIX_World,MGO,1360.04,,,,,USD/MT,BunkerIndex_BIX
2026-03-12,BIX_World,VLSFO,995.63,,,,,USD/MT,BunkerIndex_BIX
2026-03-12,BIX_World3,IFO380,849,,,,,USD/MT,BunkerIndex_BIX
2026-03-12,BIX_World3,MGO,1448.17,,,,,USD/MT,BunkerIndex_BIX
2026-03-12,BIX_World3,VLSFO,976.33,,,,,USD/MT,BunkerIndex_BIX
2026-03-13,BIX_APAC,IFO380,1018.25,,,,,USD/MT,BunkerIndex_BIX
2026-03-13,BIX_APAC,MGO,1588.75,,,,,USD/MT,BunkerIndex_BIX
2026-03-13,BIX_APAC,VLSFO,1161.6,,,,,USD/MT,BunkerIndex_BIX
2026-03-13,BIX_Americas,IFO380,674.05,,,,,USD/MT,BunkerIndex_BIX
2026-03-13,BIX_Americas,MGO,1357.41,,,,,USD/MT,BunkerIndex_BIX
2026-03-13,BIX_Americas,VLSFO,993.65,,,,,USD/MT,BunkerIndex_BIX
2026-03-13,BIX_EMEA,IFO380,760.7,,,,,USD/MT,BunkerIndex_BIX
2026-03-13,BIX_EMEA,MGO,1276.25,,,,,USD/MT,BunkerIndex_BIX
2026-03-13,BIX_EMEA,VLSFO,846.66,,,,,USD/MT,BunkerIndex_BIX
2026-03-13,BIX_World,IFO380,807.42,,,,,USD/MT,BunkerIndex_BIX
2026-03-13,BIX_World,MGO,1386.17,,,,,USD/MT,BunkerIndex_BIX
2026-03-13,BIX_World,VLSFO,1008.41,,,,,USD/MT,BunkerIndex_BIX
2026-03-13,BIX_World3,IFO380,840.67,,,,,USD/MT,BunkerIndex_BIX
2026-03-13,BIX_World3,MGO,1460,,,,,USD/MT,BunkerIndex_BIX
2026-03-13,BIX_World3,VLSFO,982.67,,,,,USD/MT,BunkerIndex_BIX
2026-03-16,BIX_APAC,IFO380,1010.54,,,,,USD/MT,BunkerIndex_BIX
2026-03-16,BIX_APAC,MGO,1627.94,,,,,USD/MT,BunkerIndex_BIX
2026-03-16,BIX_APAC,VLSFO,1191.43,,,,,USD/MT,BunkerIndex_BIX
2026-03-16,BIX_Americas,IFO380,685.74,,,,,USD/MT,BunkerIndex_BIX
2026-03-16,BIX_Americas,MGO,1368.32,,,,,USD/MT,BunkerIndex_BIX
2026-03-16,BIX_Americas,VLSFO,993.18,,,,,USD/MT,BunkerIndex_BIX
2026-03-16,BIX_EMEA,IFO380,754.54,,,,,USD/MT,BunkerIndex_BIX
2026-03-16,BIX_EMEA,MGO,1294.29,,,,,USD/MT,BunkerIndex_BIX
2026-03-16,BIX_EMEA,VLSFO,842.09,,,,,USD/MT,BunkerIndex_BIX
2026-03-16,BIX_World,IFO380,806.82,,,,,USD/MT,BunkerIndex_BIX
2026-03-16,BIX_World,MGO,1407.06,,,,,USD/MT,BunkerIndex_BIX
2026-03-16,BIX_World,VLSFO,1017.37,,,,,USD/MT,BunkerIndex_BIX
2026-03-16,BIX_World3,IFO380,843.33,,,,,USD/MT,BunkerIndex_BIX
2026-03-16,BIX_World3,MGO,1527.33,,,,,USD/MT,BunkerIndex_BIX
2026-03-16,BIX_World3,VLSFO,1003,,,,,USD/MT,BunkerIndex_BIX
2026-03-17,BIX_APAC,IFO380,973.13,,,,,USD/MT,BunkerIndex_BIX
2026-03-17,BIX_APAC,MGO,1667.56,,,,,USD/MT,BunkerIndex_BIX
2026-03-17,BIX_APAC,VLSFO,1210.76,,,,,USD/MT,BunkerIndex_BIX
2026-03-17,BIX_Americas,IFO380,710.66,,,,,USD/MT,BunkerIndex_BIX
2026-03-17,BIX_Americas,MGO,1385.3,,,,,USD/MT,BunkerIndex_BIX
2026-03-17,BIX_Americas,VLSFO,1001.75,,,,,USD/MT,BunkerIndex_BIX
2026-03-17,BIX_EMEA,IFO380,744.23,,,,,USD/MT,BunkerIndex_BIX
2026-03-17,BIX_EMEA,MGO,1310.11,,,,,USD/MT,BunkerIndex_BIX
2026-03-17,BIX_EMEA,VLSFO,842.12,,,,,USD/MT,BunkerIndex_BIX
2026-03-17,BIX_World,IFO380,800.39,,,,,USD/MT,BunkerIndex_BIX
2026-03-17,BIX_World,MGO,1429.42,,,,,USD/MT,BunkerIndex_BIX
2026-03-17,BIX_World,VLSFO,1027.16,,,,,USD/MT,BunkerIndex_BIX
2026-03-17,BIX_World3,IFO380,808.33,,,,,USD/MT,BunkerIndex_BIX
2026-03-17,BIX_World3,MGO,1502.33,,,,,USD/MT,BunkerIndex_BIX
2026-03-17,BIX_World3,VLSFO,985,,,,,USD/MT,BunkerIndex_BIX
2026-03-18,BIX_APAC,IFO380,968.48,,,,,USD/MT,BunkerIndex_BIX
2026-03-18,BIX_APAC,MGO,1657.39,,,,,USD/MT,BunkerIndex_BIX
2026-03-18,BIX_APAC,VLSFO,1192.75,,,,,USD/MT,BunkerIndex_BIX
2026-03-18,BIX_Americas,IFO380,714.35,,,,,USD/MT,BunkerIndex_BIX
2026-03-18,BIX_Americas,MGO,1400.93,,,,,USD/MT,BunkerIndex_BIX
2026-03-18,BIX_Americas,VLSFO,1005.7,,,,,USD/MT,BunkerIndex_BIX
2026-03-18,BIX_EMEA,IFO380,745.69,,,,,USD/MT,BunkerIndex_BIX
2026-03-18,BIX_EMEA,MGO,1316.81,,,,,USD/MT,BunkerIndex_BIX
2026-03-18,BIX_EMEA,VLSFO,869.07,,,,,USD/MT,BunkerIndex_BIX
2026-03-18,BIX_World,IFO380,800.8,,,,,USD/MT,BunkerIndex_BIX
2026-03-18,BIX_World,MGO,1435.03,,,,,USD/MT,BunkerIndex_BIX
2026-03-18,BIX_World,VLSFO,1030.32,,,,,USD/MT,BunkerIndex_BIX
2026-03-18,BIX_World3,IFO380,800,,,,,USD/MT,BunkerIndex_BIX
2026-03-18,BIX_World3,MGO,1516.33,,,,,USD/MT,BunkerIndex_BIX
2026-03-18,BIX_World3,VLSFO,981.67,,,,,USD/MT,BunkerIndex_BIX
2026-03-19,BIX_APAC,IFO380,983.79,,,,,USD/MT,BunkerIndex_BIX
2026-03-19,BIX_APAC,MGO,1739.71,,,,,USD/MT,BunkerIndex_BIX
2026-03-19,BIX_APAC,VLSFO,1218.79,,,,,USD/MT,BunkerIndex_BIX
2026-03-19,BIX_Americas,IFO380,730.23,,,,,USD/MT,BunkerIndex_BIX
2026-03-19,BIX_Americas,MGO,1646.72,,,,,USD/MT,BunkerIndex_BIX
2026-03-19,BIX_Americas,VLSFO,1057.46,,,,,USD/MT,BunkerIndex_BIX
2026-03-19,BIX_EMEA,IFO380,764.77,,,,,USD/MT,BunkerIndex_BIX
2026-03-19,BIX_EMEA,MGO,1406.1,,,,,USD/MT,BunkerIndex_BIX
2026-03-19,BIX_EMEA,VLSFO,891.12,,,,,USD/MT,BunkerIndex_BIX
2026-03-19,BIX_World,IFO380,817.69,,,,,USD/MT,BunkerIndex_BIX
2026-03-19,BIX_World,MGO,1579.54,,,,,USD/MT,BunkerIndex_BIX
2026-03-19,BIX_World,VLSFO,1064.06,,,,,USD/MT,BunkerIndex_BIX
2026-03-19,BIX_World3,IFO380,801.67,,,,,USD/MT,BunkerIndex_BIX
2026-03-19,BIX_World3,MGO,1630.83,,,,,USD/MT,BunkerIndex_BIX
2026-03-19,BIX_World3,VLSFO,966,,,,,USD/MT,BunkerIndex_BIX
2026-03-20,BIX_APAC,IFO380,1000.25,,,,,USD/MT,BunkerIndex_BIX
2026-03-20,BIX_APAC,MGO,1788.16,,,,,USD/MT,BunkerIndex_BIX
2026-03-20,BIX_APAC,VLSFO,1233.06,,,,,USD/MT,BunkerIndex_BIX
2026-03-20,BIX_Americas,IFO380,745.79,,,,,USD/MT,BunkerIndex_BIX
2026-03-20,BIX_Americas,MGO,1714.53,,,,,USD/MT,BunkerIndex_BIX
2026-03-20,BIX_Americas,VLSFO,1080.48,,,,,USD/MT,BunkerIndex_BIX
2026-03-20,BIX_EMEA,IFO380,764.37,,,,,USD/MT,BunkerIndex_BIX
2026-03-20,BIX_EMEA,MGO,1429.05,,,,,USD/MT,BunkerIndex_BIX
2026-03-20,BIX_EMEA,VLSFO,901.98,,,,,USD/MT,BunkerIndex_BIX
2026-03-20,BIX_World,IFO380,827.63,,,,,USD/MT,BunkerIndex_BIX
2026-03-20,BIX_World,MGO,1625.39,,,,,USD/MT,BunkerIndex_BIX
2026-03-20,BIX_World,VLSFO,1080.34,,,,,USD/MT,BunkerIndex_BIX
2026-03-20,BIX_World3,IFO380,784.17,,,,,USD/MT,BunkerIndex_BIX
2026-03-20,BIX_World3,MGO,1650,,,,,USD/MT,BunkerIndex_BIX
2026-03-20,BIX_World3,VLSFO,946.67,,,,,USD/MT,BunkerIndex_BIX
2026-03-23,BIX_APAC,IFO380,994.61,,,,,USD/MT,BunkerIndex_BIX
2026-03-23,BIX_APAC,MGO,1884.69,,,,,USD/MT,BunkerIndex_BIX
2026-03-23,BIX_APAC,VLSFO,1216.52,,,,,USD/MT,BunkerIndex_BIX
2026-03-23,BIX_Americas,IFO380,750.79,,,,,USD/MT,BunkerIndex_BIX
2026-03-23,BIX_Americas,MGO,1697.6,,,,,USD/MT,BunkerIndex_BIX
2026-03-23,BIX_Americas,VLSFO,1072.77,,,,,USD/MT,BunkerIndex_BIX
2026-03-23,BIX_EMEA,IFO380,787.46,,,,,USD/MT,BunkerIndex_BIX
2026-03-23,BIX_EMEA,MGO,1497.95,,,,,USD/MT,BunkerIndex_BIX
2026-03-23,BIX_EMEA,VLSFO,938.56,,,,,USD/MT,BunkerIndex_BIX
2026-03-23,BIX_World,IFO380,836.16,,,,,USD/MT,BunkerIndex_BIX
2026-03-23,BIX_World,MGO,1670.12,,,,,USD/MT,BunkerIndex_BIX
2026-03-23,BIX_World,VLSFO,1082.88,,,,,USD/MT,BunkerIndex_BIX
2026-03-23,BIX_World3,IFO380,812,,,,,USD/MT,BunkerIndex_BIX
2026-03-23,BIX_World3,MGO,1654.67,,,,,USD/MT,BunkerIndex_BIX
2026-03-23,BIX_World3,VLSFO,943.33,,,,,USD/MT,BunkerIndex_BIX
2026-03-24,BIX_APAC,IFO380,954.79,,,,,USD/MT,BunkerIndex_BIX
2026-03-24,BIX_APAC,MGO,1855.68,,,,,USD/MT,BunkerIndex_BIX
2026-03-24,BIX_APAC,VLSFO,1182.49,,,,,USD/MT,BunkerIndex_BIX
2026-03-24,BIX_Americas,IFO380,743.26,,,,,USD/MT,BunkerIndex_BIX
2026-03-24,BIX_Americas,MGO,1707.87,,,,,USD/MT,BunkerIndex_BIX
2026-03-24,BIX_Americas,VLSFO,1018.41,,,,,USD/MT,BunkerIndex_BIX
2026-03-24,BIX_EMEA,IFO380,726.29,,,,,USD/MT,BunkerIndex_BIX
2026-03-24,BIX_EMEA,MGO,1438.47,,,,,USD/MT,BunkerIndex_BIX
2026-03-24,BIX_EMEA,VLSFO,895.31,,,,,USD/MT,BunkerIndex_BIX
2026-03-24,BIX_World,IFO380,799.35,,,,,USD/MT,BunkerIndex_BIX
2026-03-24,BIX_World,MGO,1644.12,,,,,USD/MT,BunkerIndex_BIX
2026-03-24,BIX_World,VLSFO,1039.03,,,,,USD/MT,BunkerIndex_BIX
2026-03-24,BIX_World3,IFO380,709.17,,,,,USD/MT,BunkerIndex_BIX
2026-03-24,BIX_World3,MGO,1536.67,,,,,USD/MT,BunkerIndex_BIX
2026-03-24,BIX_World3,VLSFO,848.33,,,,,USD/MT,BunkerIndex_BIX
2026-03-25,BIX_APAC,IFO380,891.32,,,,,USD/MT,BunkerIndex_BIX
2026-03-25,BIX_APAC,MGO,1818.6,,,,,USD/MT,BunkerIndex_BIX
2026-03-25,BIX_APAC,VLSFO,1126.59,,,,,USD/MT,BunkerIndex_BIX
2026-03-25,BIX_Americas,IFO380,753.35,,,,,USD/MT,BunkerIndex_BIX
2026-03-25,BIX_Americas,MGO,1679.25,,,,,USD/MT,BunkerIndex_BIX
2026-03-25,BIX_Americas,VLSFO,1015.85,,,,,USD/MT,BunkerIndex_BIX
2026-03-25,BIX_EMEA,IFO380,715.49,,,,,USD/MT,BunkerIndex_BIX
2026-03-25,BIX_EMEA,MGO,1442.47,,,,,USD/MT,BunkerIndex_BIX
2026-03-25,BIX_EMEA,VLSFO,881.59,,,,,USD/MT,BunkerIndex_BIX
2026-03-25,BIX_World,IFO380,779.79,,,,,USD/MT,BunkerIndex_BIX
2026-03-25,BIX_World,MGO,1625.44,,,,,USD/MT,BunkerIndex_BIX
2026-03-25,BIX_World,VLSFO,1014.32,,,,,USD/MT,BunkerIndex_BIX
2026-03-25,BIX_World3,IFO380,695.67,,,,,USD/MT,BunkerIndex_BIX
2026-03-25,BIX_World3,MGO,1483.33,,,,,USD/MT,BunkerIndex_BIX
2026-03-25,BIX_World3,VLSFO,819.33,,,,,USD/MT,BunkerIndex_BIX
2026-03-26,BIX_APAC,IFO380,840.34,,,,,USD/MT,BunkerIndex_BIX
2026-03-26,BIX_APAC,MGO,1761.65,,,,,USD/MT,BunkerIndex_BIX
2026-03-26,BIX_APAC,VLSFO,1044.86,,,,,USD/MT,BunkerIndex_BIX
2026-03-26,BIX_Americas,IFO380,760.98,,,,,USD/MT,BunkerIndex_BIX
2026-03-26,BIX_Americas,MGO,1697.88,,,,,USD/MT,BunkerIndex_BIX
2026-03-26,BIX_Americas,VLSFO,1037.8,,,,,USD/MT,BunkerIndex_BIX
2026-03-26,BIX_EMEA,IFO380,713.74,,,,,USD/MT,BunkerIndex_BIX
2026-03-26,BIX_EMEA,MGO,1461.15,,,,,USD/MT,BunkerIndex_BIX
2026-03-26,BIX_EMEA,VLSFO,880.94,,,,,USD/MT,BunkerIndex_BIX
2026-03-26,BIX_World,IFO380,766.97,,,,,USD/MT,BunkerIndex_BIX
2026-03-26,BIX_World,MGO,1624.66,,,,,USD/MT,BunkerIndex_BIX
2026-03-26,BIX_World,VLSFO,992.96,,,,,USD/MT,BunkerIndex_BIX
2026-03-26,BIX_World3,IFO380,689.67,,,,,USD/MT,BunkerIndex_BIX
2026-03-26,BIX_World3,MGO,1527,,,,,USD/MT,BunkerIndex_BIX
2026-03-26,BIX_World3,VLSFO,796.67,,,,,USD/MT,BunkerIndex_BIX
2026-03-27,BIX_APAC,IFO380,841.5,,,,,USD/MT,BunkerIndex_BIX
2026-03-27,BIX_APAC,MGO,1793.67,,,,,USD/MT,BunkerIndex_BIX
2026-03-27,BIX_APAC,VLSFO,1040.68,,,,,USD/MT,BunkerIndex_BIX
2026-03-27,BIX_Americas,IFO380,770.08,,,,,USD/MT,BunkerIndex_BIX
2026-03-27,BIX_Americas,MGO,1712.91,,,,,USD/MT,BunkerIndex_BIX
2026-03-27,BIX_Americas,VLSFO,1052.76,,,,,USD/MT,BunkerIndex_BIX
2026-03-27,BIX_EMEA,IFO380,729.27,,,,,USD/MT,BunkerIndex_BIX
2026-03-27,BIX_EMEA,MGO,1472.95,,,,,USD/MT,BunkerIndex_BIX
2026-03-27,BIX_EMEA,VLSFO,883.95,,,,,USD/MT,BunkerIndex_BIX
2026-03-27,BIX_World,IFO380,776.1,,,,,USD/MT,BunkerIndex_BIX
2026-03-27,BIX_World,MGO,1642.23,,,,,USD/MT,BunkerIndex_BIX
2026-03-27,BIX_World,VLSFO,997.58,,,,,USD/MT,BunkerIndex_BIX
2026-03-27,BIX_World3,IFO380,702.33,,,,,USD/MT,BunkerIndex_BIX
2026-03-27,BIX_World3,MGO,1646.67,,,,,USD/MT,BunkerIndex_BIX
2026-03-27,BIX_World3,VLSFO,821.67,,,,,USD/MT,BunkerIndex_BIX
2026-03-30,BIX_APAC,IFO380,841.96,,,,,USD/MT,BunkerIndex_BIX
2026-03-30,BIX_APAC,MGO,1834.92,,,,,USD/MT,BunkerIndex_BIX
2026-03-30,BIX_APAC,VLSFO,1052.27,,,,,USD/MT,BunkerIndex_BIX
2026-03-30,BIX_Americas,IFO380,774.66,,,,,USD/MT,BunkerIndex_BIX
2026-03-30,BIX_Americas,MGO,1727.96,,,,,USD/MT,BunkerIndex_BIX
2026-03-30,BIX_Americas,VLSFO,1057.35,,,,,USD/MT,BunkerIndex_BIX
2026-03-30,BIX_EMEA,IFO380,767.19,,,,,USD/MT,BunkerIndex_BIX
2026-03-30,BIX_EMEA,MGO,1559.21,,,,,USD/MT,BunkerIndex_BIX
2026-03-30,BIX_EMEA,VLSFO,910.69,,,,,USD/MT,BunkerIndex_BIX
2026-03-30,BIX_World,IFO380,791.74,,,,,USD/MT,BunkerIndex_BIX
2026-03-30,BIX_World,MGO,1691.58,,,,,USD/MT,BunkerIndex_BIX
2026-03-30,BIX_World,VLSFO,1011.32,,,,,USD/MT,BunkerIndex_BIX
2026-03-30,BIX_World3,IFO380,736.33,,,,,USD/MT,BunkerIndex_BIX
2026-03-30,BIX_World3,MGO,1744.33,,,,,USD/MT,BunkerIndex_BIX
2026-03-30,BIX_World3,VLSFO,830,,,,,USD/MT,BunkerIndex_BIX
2026-03-31,BIX_APAC,IFO380,854.04,,,,,USD/MT,BunkerIndex_BIX
2026-03-31,BIX_APAC,MGO,1849.57,,,,,USD/MT,BunkerIndex_BIX
2026-03-31,BIX_APAC,VLSFO,1049.1,,,,,USD/MT,BunkerIndex_BIX
2026-03-31,BIX_Americas,IFO380,762.57,,,,,USD/MT,BunkerIndex_BIX
2026-03-31,BIX_Americas,MGO,1741.44,,,,,USD/MT,BunkerIndex_BIX
2026-03-31,BIX_Americas,VLSFO,1062.81,,,,,USD/MT,BunkerIndex_BIX
2026-03-31,BIX_EMEA,IFO380,748.74,,,,,USD/MT,BunkerIndex_BIX
2026-03-31,BIX_EMEA,MGO,1580.3,,,,,USD/MT,BunkerIndex_BIX
2026-03-31,BIX_EMEA,VLSFO,918.09,,,,,USD/MT,BunkerIndex_BIX
2026-03-31,BIX_World,IFO380,784.43,,,,,USD/MT,BunkerIndex_BIX
2026-03-31,BIX_World,MGO,1707.79,,,,,USD/MT,BunkerIndex_BIX
2026-03-31,BIX_World,VLSFO,1013.26,,,,,USD/MT,BunkerIndex_BIX
2026-03-31,BIX_World3,IFO380,717.67,,,,,USD/MT,BunkerIndex_BIX
2026-03-31,BIX_World3,MGO,1628.33,,,,,USD/MT,BunkerIndex_BIX
2026-03-31,BIX_World3,VLSFO,820,,,,,USD/MT,BunkerIndex_BIX
2026-04-01,BIX_APAC,IFO380,817.4,,,,,USD/MT,BunkerIndex_BIX
2026-04-01,BIX_APAC,MGO,1854.29,,,,,USD/MT,BunkerIndex_BIX
2026-04-01,BIX_APAC,VLSFO,1024.33,,,,,USD/MT,BunkerIndex_BIX
2026-04-01,BIX_Americas,IFO380,748.32,,,,,USD/MT,BunkerIndex_BIX
2026-04-01,BIX_Americas,MGO,1696.18,,,,,USD/MT,BunkerIndex_BIX
2026-04-01,BIX_Americas,VLSFO,1015.11,,,,,USD/MT,BunkerIndex_BIX
2026-04-01,BIX_EMEA,IFO380,730.7,,,,,USD/MT,BunkerIndex_BIX
2026-04-01,BIX_EMEA,MGO,1557.96,,,,,USD/MT,BunkerIndex_BIX
2026-04-01,BIX_EMEA,VLSFO,907.87,,,,,USD/MT,BunkerIndex_BIX
2026-04-01,BIX_World,IFO380,763.18,,,,,USD/MT,BunkerIndex_BIX
2026-04-01,BIX_World,MGO,1684.06,,,,,USD/MT,BunkerIndex_BIX
2026-04-01,BIX_World,VLSFO,985.14,,,,,USD/MT,BunkerIndex_BIX
2026-04-01,BIX_World3,IFO380,673.5,,,,,USD/MT,BunkerIndex_BIX
2026-04-01,BIX_World3,MGO,1611.33,,,,,USD/MT,BunkerIndex_BIX
2026-04-01,BIX_World3,VLSFO,793,,,,,USD/MT,BunkerIndex_BIX
2026-04-02,BIX_APAC,IFO380,844.35,,,,,USD/MT,BunkerIndex_BIX
2026-04-02,BIX_APAC,MGO,2114.63,,,,,USD/MT,BunkerIndex_BIX
2026-04-02,BIX_APAC,VLSFO,1110.67,,,,,USD/MT,BunkerIndex_BIX
2026-04-02,BIX_Americas,IFO380,757.12,,,,,USD/MT,BunkerIndex_BIX
2026-04-02,BIX_Americas,MGO,1736.23,,,,,USD/MT,BunkerIndex_BIX
2026-04-02,BIX_Americas,VLSFO,1029.09,,,,,USD/MT,BunkerIndex_BIX
2026-04-02,BIX_EMEA,IFO380,754.04,,,,,USD/MT,BunkerIndex_BIX
2026-04-02,BIX_EMEA,MGO,1619.5,,,,,USD/MT,BunkerIndex_BIX
2026-04-02,BIX_EMEA,VLSFO,918.88,,,,,USD/MT,BunkerIndex_BIX
2026-04-02,BIX_World,IFO380,783.61,,,,,USD/MT,BunkerIndex_BIX
2026-04-02,BIX_World,MGO,1788.74,,,,,USD/MT,BunkerIndex_BIX
2026-04-02,BIX_World,VLSFO,1023.39,,,,,USD/MT,BunkerIndex_BIX
2026-04-02,BIX_World3,IFO380,730,,,,,USD/MT,BunkerIndex_BIX
2026-04-02,BIX_World3,MGO,1793.33,,,,,USD/MT,BunkerIndex_BIX
2026-04-02,BIX_World3,VLSFO,838.33,,,,,USD/MT,BunkerIndex_BIX
2026-04-06,BIX_APAC,IFO380,890.16,,,,,USD/MT,BunkerIndex_BIX
2026-04-06,BIX_APAC,MGO,2146.43,,,,,USD/MT,BunkerIndex_BIX
2026-04-06,BIX_APAC,VLSFO,1114,,,,,USD/MT,BunkerIndex_BIX
2026-04-06,BIX_Americas,IFO380,778.96,,,,,USD/MT,BunkerIndex_BIX
2026-04-06,BIX_Americas,MGO,1743.78,,,,,USD/MT,BunkerIndex_BIX
2026-04-06,BIX_Americas,VLSFO,1037.15,,,,,USD/MT,BunkerIndex_BIX
2026-04-06,BIX_EMEA,IFO380,756.97,,,,,USD/MT,BunkerIndex_BIX
2026-04-06,BIX_EMEA,MGO,1656.95,,,,,USD/MT,BunkerIndex_BIX
2026-04-06,BIX_EMEA,VLSFO,918.79,,,,,USD/MT,BunkerIndex_BIX
2026-04-06,BIX_World,IFO380,806.28,,,,,USD/MT,BunkerIndex_BIX
2026-04-06,BIX_World,MGO,1813.89,,,,,USD/MT,BunkerIndex_BIX
2026-04-06,BIX_World,VLSFO,1027.28,,,,,USD/MT,BunkerIndex_BIX
2026-04-06,BIX_World3,IFO380,730,,,,,USD/MT,BunkerIndex_BIX
2026-04-06,BIX_World3,MGO,1783.33,,,,,USD/MT,BunkerIndex_BIX
2026-04-06,BIX_World3,VLSFO,831.67,,,,,USD/MT,BunkerIndex_BIX
2026-04-07,BIX_APAC,IFO380,883.58,,,,,USD/MT,BunkerIndex_BIX
2026-04-07,BIX_APAC,MGO,2157.93,,,,,USD/MT,BunkerIndex_BIX
2026-04-07,BIX_APAC,VLSFO,1112.73,,,,,USD/MT,BunkerIndex_BIX
2026-04-07,BIX_Americas,IFO380,775.43,,,,,USD/MT,BunkerIndex_BIX
2026-04-07,BIX_Americas,MGO,1582.23,,,,,USD/MT,BunkerIndex_BIX
2026-04-07,BIX_Americas,VLSFO,1033.65,,,,,USD/MT,BunkerIndex_BIX
2026-04-07,BIX_EMEA,IFO380,753.97,,,,,USD/MT,BunkerIndex_BIX
2026-04-07,BIX_EMEA,MGO,1712.43,,,,,USD/MT,BunkerIndex_BIX
2026-04-07,BIX_EMEA,VLSFO,926.54,,,,,USD/MT,BunkerIndex_BIX
2026-04-07,BIX_World,IFO380,801.98,,,,,USD/MT,BunkerIndex_BIX
2026-04-07,BIX_World,MGO,1779.32,,,,,USD/MT,BunkerIndex_BIX
2026-04-07,BIX_World,VLSFO,1028.04,,,,,USD/MT,BunkerIndex_BIX
2026-04-07,BIX_World3,IFO380,717,,,,,USD/MT,BunkerIndex_BIX
2026-04-07,BIX_World3,MGO,1766.5,,,,,USD/MT,BunkerIndex_BIX
2026-04-07,BIX_World3,VLSFO,820,,,,,USD/MT,BunkerIndex_BIX
2026-04-08,BIX_APAC,IFO380,842.66,,,,,USD/MT,BunkerIndex_BIX
2026-04-08,BIX_APAC,MGO,2082.08,,,,,USD/MT,BunkerIndex_BIX
2026-04-08,BIX_APAC,VLSFO,1079.95,,,,,USD/MT,BunkerIndex_BIX
2026-04-08,BIX_Americas,IFO380,750.27,,,,,USD/MT,BunkerIndex_BIX
2026-04-08,BIX_Americas,MGO,1529.53,,,,,USD/MT,BunkerIndex_BIX
2026-04-08,BIX_Americas,VLSFO,1018.24,,,,,USD/MT,BunkerIndex_BIX
2026-04-08,BIX_EMEA,IFO380,679.16,,,,,USD/MT,BunkerIndex_BIX
2026-04-08,BIX_EMEA,MGO,1481.58,,,,,USD/MT,BunkerIndex_BIX
2026-04-08,BIX_EMEA,VLSFO,850.07,,,,,USD/MT,BunkerIndex_BIX
2026-04-08,BIX_World,IFO380,754.1,,,,,USD/MT,BunkerIndex_BIX
2026-04-08,BIX_World,MGO,1652.85,,,,,USD/MT,BunkerIndex_BIX
2026-04-08,BIX_World,VLSFO,987.69,,,,,USD/MT,BunkerIndex_BIX
2026-04-08,BIX_World3,IFO380,598.67,,,,,USD/MT,BunkerIndex_BIX
2026-04-08,BIX_World3,MGO,1457.33,,,,,USD/MT,BunkerIndex_BIX
2026-04-08,BIX_World3,VLSFO,681.67,,,,,USD/MT,BunkerIndex_BIX
2026-04-09,BIX_APAC,IFO380,854.97,,,,,USD/MT,BunkerIndex_BIX
2026-04-09,BIX_APAC,MGO,2086.75,,,,,USD/MT,BunkerIndex_BIX
2026-04-09,BIX_APAC,VLSFO,1062.04,,,,,USD/MT,BunkerIndex_BIX
2026-04-09,BIX_Americas,IFO380,771.32,,,,,USD/MT,BunkerIndex_BIX
2026-04-09,BIX_Americas,MGO,1546.45,,,,,USD/MT,BunkerIndex_BIX
2026-04-09,BIX_Americas,VLSFO,1017.89,,,,,USD/MT,BunkerIndex_BIX
2026-04-09,BIX_EMEA,IFO380,700.77,,,,,USD/MT,BunkerIndex_BIX
2026-04-09,BIX_EMEA,MGO,1509.62,,,,,USD/MT,BunkerIndex_BIX
2026-04-09,BIX_EMEA,VLSFO,855.48,,,,,USD/MT,BunkerIndex_BIX
2026-04-09,BIX_World,IFO380,772.58,,,,,USD/MT,BunkerIndex_BIX
2026-04-09,BIX_World,MGO,1670.87,,,,,USD/MT,BunkerIndex_BIX
2026-04-09,BIX_World,VLSFO,983.01,,,,,USD/MT,BunkerIndex_BIX
2026-04-09,BIX_World3,IFO380,639.67,,,,,USD/MT,BunkerIndex_BIX
2026-04-09,BIX_World3,MGO,1523.33,,,,,USD/MT,BunkerIndex_BIX
2026-04-09,BIX_World3,VLSFO,729.33,,,,,USD/MT,BunkerIndex_BIX
2026-04-10,BIX_APAC,IFO380,837.63,,,,,USD/MT,BunkerIndex_BIX
2026-04-10,BIX_APAC,MGO,2072.37,,,,,USD/MT,BunkerIndex_BIX
2026-04-10,BIX_APAC,VLSFO,1051.88,,,,,USD/MT,BunkerIndex_BIX
2026-04-10,BIX_Americas,IFO380,764.32,,,,,USD/MT,BunkerIndex_BIX
2026-04-10,BIX_Americas,MGO,1657.54,,,,,USD/MT,BunkerIndex_BIX
2026-04-10,BIX_Americas,VLSFO,1021.2,,,,,USD/MT,BunkerIndex_BIX
2026-04-10,BIX_EMEA,IFO380,692.79,,,,,USD/MT,BunkerIndex_BIX
2026-04-10,BIX_EMEA,MGO,1507.19,,,,,USD/MT,BunkerIndex_BIX
2026-04-10,BIX_EMEA,VLSFO,847.52,,,,,USD/MT,BunkerIndex_BIX
2026-04-10,BIX_World,IFO380,761.96,,,,,USD/MT,BunkerIndex_BIX
2026-04-10,BIX_World,MGO,1706.58,,,,,USD/MT,BunkerIndex_BIX
2026-04-10,BIX_World,VLSFO,978.14,,,,,USD/MT,BunkerIndex_BIX
2026-04-10,BIX_World3,IFO380,636.83,,,,,USD/MT,BunkerIndex_BIX
2026-04-10,BIX_World3,MGO,1481.33,,,,,USD/MT,BunkerIndex_BIX
2026-04-10,BIX_World3,VLSFO,731.67,,,,,USD/MT,BunkerIndex_BIX
2026-04-13,BIX_APAC,IFO380,844.29,,,,,USD/MT,BunkerIndex_BIX
2026-04-13,BIX_APAC,MGO,2095.32,,,,,USD/MT,BunkerIndex_BIX
2026-04-13,BIX_APAC,VLSFO,1051.81,,,,,USD/MT,BunkerIndex_BIX
2026-04-13,BIX_Americas,IFO380,773.68,,,,,USD/MT,BunkerIndex_BIX
2026-04-13,BIX_Americas,MGO,1682.53,,,,,USD/MT,BunkerIndex_BIX
2026-04-13,BIX_Americas,VLSFO,1020.83,,,,,USD/MT,BunkerIndex_BIX
2026-04-13,BIX_EMEA,IFO380,708.34,,,,,USD/MT,BunkerIndex_BIX
2026-04-13,BIX_EMEA,MGO,1539.81,,,,,USD/MT,BunkerIndex_BIX
2026-04-13,BIX_EMEA,VLSFO,875.88,,,,,USD/MT,BunkerIndex_BIX
2026-04-13,BIX_World,IFO380,772.68,,,,,USD/MT,BunkerIndex_BIX
2026-04-13,BIX_World,MGO,1733.96,,,,,USD/MT,BunkerIndex_BIX
2026-04-13,BIX_World,VLSFO,986.77,,,,,USD/MT,BunkerIndex_BIX
2026-04-13,BIX_World3,IFO380,641.67,,,,,USD/MT,BunkerIndex_BIX
2026-04-13,BIX_World3,MGO,1511.67,,,,,USD/MT,BunkerIndex_BIX
2026-04-13,BIX_World3,VLSFO,728.67,,,,,USD/MT,BunkerIndex_BIX
2026-04-14,BIX_APAC,IFO380,850.03,,,,,USD/MT,BunkerIndex_BIX
2026-04-14,BIX_APAC,MGO,2066,,,,,USD/MT,BunkerIndex_BIX
2026-04-14,BIX_APAC,VLSFO,1031.2,,,,,USD/MT,BunkerIndex_BIX
2026-04-14,BIX_Americas,IFO380,765.57,,,,,USD/MT,BunkerIndex_BIX
2026-04-14,BIX_Americas,MGO,1662.57,,,,,USD/MT,BunkerIndex_BIX
2026-04-14,BIX_Americas,VLSFO,990.16,,,,,USD/MT,BunkerIndex_BIX
2026-04-14,BIX_EMEA,IFO380,693.9,,,,,USD/MT,BunkerIndex_BIX
2026-04-14,BIX_EMEA,MGO,1505.13,,,,,USD/MT,BunkerIndex_BIX
2026-04-14,BIX_EMEA,VLSFO,863.52,,,,,USD/MT,BunkerIndex_BIX
2026-04-14,BIX_World,IFO380,766.69,,,,,USD/MT,BunkerIndex_BIX
2026-04-14,BIX_World,MGO,1705.99,,,,,USD/MT,BunkerIndex_BIX
2026-04-14,BIX_World,VLSFO,965.26,,,,,USD/MT,BunkerIndex_BIX
2026-04-14,BIX_World3,IFO380,643,,,,,USD/MT,BunkerIndex_BIX
2026-04-14,BIX_World3,MGO,1440.17,,,,,USD/MT,BunkerIndex_BIX
2026-04-14,BIX_World3,VLSFO,713,,,,,USD/MT,BunkerIndex_BIX
2026-04-15,BIX_APAC,IFO380,843.77,,,,,USD/MT,BunkerIndex_BIX
2026-04-15,BIX_APAC,MGO,2030.26,,,,,USD/MT,BunkerIndex_BIX
2026-04-15,BIX_APAC,VLSFO,1019.63,,,,,USD/MT,BunkerIndex_BIX
2026-04-15,BIX_Americas,IFO380,750.79,,,,,USD/MT,BunkerIndex_BIX
2026-04-15,BIX_Americas,MGO,1596.41,,,,,USD/MT,BunkerIndex_BIX
2026-04-15,BIX_Americas,VLSFO,970.75,,,,,USD/MT,BunkerIndex_BIX
2026-04-15,BIX_EMEA,IFO380,686.37,,,,,USD/MT,BunkerIndex_BIX
2026-04-15,BIX_EMEA,MGO,1453.63,,,,,USD/MT,BunkerIndex_BIX
2026-04-15,BIX_EMEA,VLSFO,855.63,,,,,USD/MT,BunkerIndex_BIX
2026-04-15,BIX_World,IFO380,757.2,,,,,USD/MT,BunkerIndex_BIX
2026-04-15,BIX_World,MGO,1653.2,,,,,USD/MT,BunkerIndex_BIX
2026-04-15,BIX_World,VLSFO,952.15,,,,,USD/MT,BunkerIndex_BIX
2026-04-15,BIX_World3,IFO380,627.67,,,,,USD/MT,BunkerIndex_BIX
2026-04-15,BIX_World3,MGO,1376.67,,,,,USD/MT,BunkerIndex_BIX
2026-04-15,BIX_World3,VLSFO,694,,,,,USD/MT,BunkerIndex_BIX
2026-04-16,BIX_APAC,IFO380,817.85,,,,,USD/MT,BunkerIndex_BIX
2026-04-16,BIX_APAC,MGO,1920.95,,,,,USD/MT,BunkerIndex_BIX
2026-04-16,BIX_APAC,VLSFO,984.25,,,,,USD/MT,BunkerIndex_BIX
2026-04-16,BIX_Americas,IFO380,750.99,,,,,USD/MT,BunkerIndex_BIX
2026-04-16,BIX_Americas,MGO,1588.85,,,,,USD/MT,BunkerIndex_BIX
2026-04-16,BIX_Americas,VLSFO,982.79,,,,,USD/MT,BunkerIndex_BIX
2026-04-16,BIX_EMEA,IFO380,678.61,,,,,USD/MT,BunkerIndex_BIX
2026-04-16,BIX_EMEA,MGO,1442.96,,,,,USD/MT,BunkerIndex_BIX
2026-04-16,BIX_EMEA,VLSFO,852.58,,,,,USD/MT,BunkerIndex_BIX
2026-04-16,BIX_World,IFO380,746.29,,,,,USD/MT,BunkerIndex_BIX
2026-04-16,BIX_World,MGO,1618.39,,,,,USD/MT,BunkerIndex_BIX
2026-04-16,BIX_World,VLSFO,943.01,,,,,USD/MT,BunkerIndex_BIX
2026-04-16,BIX_World3,IFO380,623.83,,,,,USD/MT,BunkerIndex_BIX
2026-04-16,BIX_World3,MGO,1369,,,,,USD/MT,BunkerIndex_BIX
2026-04-16,BIX_World3,VLSFO,696.67,,,,,USD/MT,BunkerIndex_BIX
2026-04-17,BIX_APAC,IFO380,816.47,,,,,USD/MT,BunkerIndex_BIX
2026-04-17,BIX_APAC,MGO,1926.72,,,,,USD/MT,BunkerIndex_BIX
2026-04-17,BIX_APAC,VLSFO,974.9,,,,,USD/MT,BunkerIndex_BIX
2026-04-17,BIX_Americas,IFO380,756.46,,,,,USD/MT,BunkerIndex_BIX
2026-04-17,BIX_Americas,MGO,1525.53,,,,,USD/MT,BunkerIndex_BIX
2026-04-17,BIX_Americas,VLSFO,966.37,,,,,USD/MT,BunkerIndex_BIX
2026-04-17,BIX_EMEA,IFO380,667.27,,,,,USD/MT,BunkerIndex_BIX
2026-04-17,BIX_EMEA,MGO,1407.84,,,,,USD/MT,BunkerIndex_BIX
2026-04-17,BIX_EMEA,VLSFO,841.01,,,,,USD/MT,BunkerIndex_BIX
2026-04-17,BIX_World,IFO380,743.59,,,,,USD/MT,BunkerIndex_BIX
2026-04-17,BIX_World,MGO,1583.51,,,,,USD/MT,BunkerIndex_BIX
2026-04-17,BIX_World,VLSFO,930.55,,,,,USD/MT,BunkerIndex_BIX
2026-04-17,BIX_World3,IFO380,617.83,,,,,USD/MT,BunkerIndex_BIX
2026-04-17,BIX_World3,MGO,1310.33,,,,,USD/MT,BunkerIndex_BIX
2026-04-17,BIX_World3,VLSFO,692.83,,,,,USD/MT,BunkerIndex_BIX
2026-04-20,BIX_APAC,IFO380,776.82,,,,,USD/MT,BunkerIndex_BIX
2026-04-20,BIX_APAC,MGO,1923.55,,,,,USD/MT,BunkerIndex_BIX
2026-04-20,BIX_APAC,VLSFO,958.61,,,,,USD/MT,BunkerIndex_BIX
2026-04-20,BIX_Americas,IFO380,747.13,,,,,USD/MT,BunkerIndex_BIX
2026-04-20,BIX_Americas,MGO,1533.48,,,,,USD/MT,BunkerIndex_BIX
2026-04-20,BIX_Americas,VLSFO,960.64,,,,,USD/MT,BunkerIndex_BIX
2026-04-20,BIX_EMEA,IFO380,664.86,,,,,USD/MT,BunkerIndex_BIX
2026-04-20,BIX_EMEA,MGO,1366.97,,,,,USD/MT,BunkerIndex_BIX
2026-04-20,BIX_EMEA,VLSFO,824.55,,,,,USD/MT,BunkerIndex_BIX
2026-04-20,BIX_World,IFO380,727.14,,,,,USD/MT,BunkerIndex_BIX
2026-04-20,BIX_World,MGO,1570.02,,,,,USD/MT,BunkerIndex_BIX
2026-04-20,BIX_World,VLSFO,917.83,,,,,USD/MT,BunkerIndex_BIX
2026-04-20,BIX_World3,IFO380,612.17,,,,,USD/MT,BunkerIndex_BIX
2026-04-20,BIX_World3,MGO,1312.33,,,,,USD/MT,BunkerIndex_BIX
2026-04-20,BIX_World3,VLSFO,690,,,,,USD/MT,BunkerIndex_BIX
2026-04-21,BIX_APAC,IFO380,765.35,,,,,USD/MT,BunkerIndex_BIX
2026-04-21,BIX_APAC,MGO,1879.38,,,,,USD/MT,BunkerIndex_BIX
2026-04-21,BIX_APAC,VLSFO,949.16,,,,,USD/MT,BunkerIndex_BIX
2026-04-21,BIX_Americas,IFO380,750.8,,,,,USD/MT,BunkerIndex_BIX
2026-04-21,BIX_Americas,MGO,1520.41,,,,,USD/MT,BunkerIndex_BIX
2026-04-21,BIX_Americas,VLSFO,960.73,,,,,USD/MT,BunkerIndex_BIX
2026-04-21,BIX_EMEA,IFO380,661.46,,,,,USD/MT,BunkerIndex_BIX
2026-04-21,BIX_EMEA,MGO,1341.25,,,,,USD/MT,BunkerIndex_BIX
2026-04-21,BIX_EMEA,VLSFO,827.45,,,,,USD/MT,BunkerIndex_BIX
2026-04-21,BIX_World,IFO380,723.5,,,,,USD/MT,BunkerIndex_BIX
2026-04-21,BIX_World,MGO,1544.17,,,,,USD/MT,BunkerIndex_BIX
2026-04-21,BIX_World,VLSFO,915.47,,,,,USD/MT,BunkerIndex_BIX
2026-04-21,BIX_World3,IFO380,594.67,,,,,USD/MT,BunkerIndex_BIX
2026-04-21,BIX_World3,MGO,1254,,,,,USD/MT,BunkerIndex_BIX
2026-04-21,BIX_World3,VLSFO,674.67,,,,,USD/MT,BunkerIndex_BIX
2026-04-22,BIX_APAC,IFO380,777,,,,,USD/MT,BunkerIndex_BIX
2026-04-22,BIX_APAC,MGO,1881.31,,,,,USD/MT,BunkerIndex_BIX
2026-04-22,BIX_APAC,VLSFO,949.27,,,,,USD/MT,BunkerIndex_BIX
2026-04-22,BIX_Americas,IFO380,754.9,,,,,USD/MT,BunkerIndex_BIX
2026-04-22,BIX_Americas,MGO,1558.92,,,,,USD/MT,BunkerIndex_BIX
2026-04-22,BIX_Americas,VLSFO,972.92,,,,,USD/MT,BunkerIndex_BIX
2026-04-22,BIX_EMEA,IFO380,677.03,,,,,USD/MT,BunkerIndex_BIX
2026-04-22,BIX_EMEA,MGO,1385.84,,,,,USD/MT,BunkerIndex_BIX
2026-04-22,BIX_EMEA,VLSFO,839.09,,,,,USD/MT,BunkerIndex_BIX
2026-04-22,BIX_World,IFO380,734.08,,,,,USD/MT,BunkerIndex_BIX
2026-04-22,BIX_World,MGO,1575.62,,,,,USD/MT,BunkerIndex_BIX
2026-04-22,BIX_World,VLSFO,923.28,,,,,USD/MT,BunkerIndex_BIX
2026-04-22,BIX_World3,IFO380,618.67,,,,,USD/MT,BunkerIndex_BIX
2026-04-22,BIX_World3,MGO,1303.17,,,,,USD/MT,BunkerIndex_BIX
2026-04-22,BIX_World3,VLSFO,707.67,,,,,USD/MT,BunkerIndex_BIX
2026-04-23,BIX_APAC,IFO380,775.39,,,,,USD/MT,BunkerIndex_BIX
2026-04-23,BIX_APAC,MGO,1815.4,,,,,USD/MT,BunkerIndex_BIX
2026-04-23,BIX_APAC,VLSFO,921.51,,,,,USD/MT,BunkerIndex_BIX
2026-04-23,BIX_Americas,IFO380,753.77,,,,,USD/MT,BunkerIndex_BIX
2026-04-23,BIX_Americas,MGO,1555.87,,,,,USD/MT,BunkerIndex_BIX
2026-04-23,BIX_Americas,VLSFO,934.07,,,,,USD/MT,BunkerIndex_BIX
2026-04-23,BIX_EMEA,IFO380,670.37,,,,,USD/MT,BunkerIndex_BIX
2026-04-23,BIX_EMEA,MGO,1407.34,,,,,USD/MT,BunkerIndex_BIX
2026-04-23,BIX_EMEA,VLSFO,856.88,,,,,USD/MT,BunkerIndex_BIX
2026-04-23,BIX_World,IFO380,730.82,,,,,USD/MT,BunkerIndex_BIX
2026-04-23,BIX_World,MGO,1565.81,,,,,USD/MT,BunkerIndex_BIX
2026-04-23,BIX_World,VLSFO,905.81,,,,,USD/MT,BunkerIndex_BIX
2026-04-23,BIX_World3,IFO380,645.67,,,,,USD/MT,BunkerIndex_BIX
2026-04-23,BIX_World3,MGO,1327.33,,,,,USD/MT,BunkerIndex_BIX
2026-04-23,BIX_World3,VLSFO,734.5,,,,,USD/MT,BunkerIndex_BIX
2026-04-24,BIX_APAC,IFO380,778.31,,,,,USD/MT,BunkerIndex_BIX
2026-04-24,BIX_APAC,MGO,1792.76,,,,,USD/MT,BunkerIndex_BIX
2026-04-24,BIX_APAC,VLSFO,941.24,,,,,USD/MT,BunkerIndex_BIX
2026-04-24,BIX_Americas,IFO380,751.69,,,,,USD/MT,BunkerIndex_BIX
2026-04-24,BIX_Americas,MGO,1587.52,,,,,USD/MT,BunkerIndex_BIX
2026-04-24,BIX_Americas,VLSFO,933.85,,,,,USD/MT,BunkerIndex_BIX
2026-04-24,BIX_EMEA,IFO380,678.69,,,,,USD/MT,BunkerIndex_BIX
2026-04-24,BIX_EMEA,MGO,1425.95,,,,,USD/MT,BunkerIndex_BIX
2026-04-24,BIX_EMEA,VLSFO,869.49,,,,,USD/MT,BunkerIndex_BIX
2026-04-24,BIX_World,IFO380,734.04,,,,,USD/MT,BunkerIndex_BIX
2026-04-24,BIX_World,MGO,1578.59,,,,,USD/MT,BunkerIndex_BIX
2026-04-24,BIX_World,VLSFO,916.51,,,,,USD/MT,BunkerIndex_BIX
2026-04-24,BIX_World3,IFO380,658,,,,,USD/MT,BunkerIndex_BIX
2026-04-24,BIX_World3,MGO,1342.33,,,,,USD/MT,BunkerIndex_BIX
2026-04-24,BIX_World3,VLSFO,751.67,,,,,USD/MT,BunkerIndex_BIX
2026-04-27,BIX_APAC,IFO380,788.79,,,,,USD/MT,BunkerIndex_BIX
2026-04-27,BIX_APAC,MGO,1803.6,,,,,USD/MT,BunkerIndex_BIX
2026-04-27,BIX_APAC,VLSFO,942.21,,,,,USD/MT,BunkerIndex_BIX
2026-04-27,BIX_Americas,IFO380,741.91,,,,,USD/MT,BunkerIndex_BIX
2026-04-27,BIX_Americas,MGO,1602.26,,,,,USD/MT,BunkerIndex_BIX
2026-04-27,BIX_Americas,VLSFO,943.6,,,,,USD/MT,BunkerIndex_BIX
2026-04-27,BIX_EMEA,IFO380,675.31,,,,,USD/MT,BunkerIndex_BIX
2026-04-27,BIX_EMEA,MGO,1449.3,,,,,USD/MT,BunkerIndex_BIX
2026-04-27,BIX_EMEA,VLSFO,865.25,,,,,USD/MT,BunkerIndex_BIX
2026-04-27,BIX_World,IFO380,732.96,,,,,USD/MT,BunkerIndex_BIX
2026-04-27,BIX_World,MGO,1595.61,,,,,USD/MT,BunkerIndex_BIX
2026-04-27,BIX_World,VLSFO,918.88,,,,,USD/MT,BunkerIndex_BIX
2026-04-27,BIX_World3,IFO380,652.5,,,,,USD/MT,BunkerIndex_BIX
2026-04-27,BIX_World3,MGO,1350.33,,,,,USD/MT,BunkerIndex_BIX
2026-04-27,BIX_World3,VLSFO,755.83,,,,,USD/MT,BunkerIndex_BIX
2026-04-28,BIX_APAC,IFO380,797.94,,,,,USD/MT,BunkerIndex_BIX
2026-04-28,BIX_APAC,MGO,1790.86,,,,,USD/MT,BunkerIndex_BIX
2026-04-28,BIX_APAC,VLSFO,946.31,,,,,USD/MT,BunkerIndex_BIX
2026-04-28,BIX_Americas,IFO380,745.02,,,,,USD/MT,BunkerIndex_BIX
2026-04-28,BIX_Americas,MGO,1617.73,,,,,USD/MT,BunkerIndex_BIX
2026-04-28,BIX_Americas,VLSFO,945.3,,,,,USD/MT,BunkerIndex_BIX
2026-04-28,BIX_EMEA,IFO380,680.26,,,,,USD/MT,BunkerIndex_BIX
2026-04-28,BIX_EMEA,MGO,1444.37,,,,,USD/MT,BunkerIndex_BIX
2026-04-28,BIX_EMEA,VLSFO,867.8,,,,,USD/MT,BunkerIndex_BIX
2026-04-28,BIX_World,IFO380,738.63,,,,,USD/MT,BunkerIndex_BIX
2026-04-28,BIX_World,MGO,1596.08,,,,,USD/MT,BunkerIndex_BIX
2026-04-28,BIX_World,VLSFO,921.67,,,,,USD/MT,BunkerIndex_BIX
2026-04-28,BIX_World3,IFO380,663,,,,,USD/MT,BunkerIndex_BIX
2026-04-28,BIX_World3,MGO,1356.67,,,,,USD/MT,BunkerIndex_BIX
2026-04-28,BIX_World3,VLSFO,775.33,,,,,USD/MT,BunkerIndex_BIX
2026-04-29,BIX_APAC,IFO380,797.71,,,,,USD/MT,BunkerIndex_BIX
2026-04-29,BIX_APAC,MGO,1771.33,,,,,USD/MT,BunkerIndex_BIX
2026-04-29,BIX_APAC,VLSFO,949.48,,,,,USD/MT,BunkerIndex_BIX
2026-04-29,BIX_Americas,IFO380,750.73,,,,,USD/MT,BunkerIndex_BIX
2026-04-29,BIX_Americas,MGO,1591.1,,,,,USD/MT,BunkerIndex_BIX
2026-04-29,BIX_Americas,VLSFO,953.27,,,,,USD/MT,BunkerIndex_BIX
2026-04-29,BIX_EMEA,IFO380,688.9,,,,,USD/MT,BunkerIndex_BIX
2026-04-29,BIX_EMEA,MGO,1456.24,,,,,USD/MT,BunkerIndex_BIX
2026-04-29,BIX_EMEA,VLSFO,877.34,,,,,USD/MT,BunkerIndex_BIX
2026-04-29,BIX_World,IFO380,743.51,,,,,USD/MT,BunkerIndex_BIX
2026-04-29,BIX_World,MGO,1585.93,,,,,USD/MT,BunkerIndex_BIX
2026-04-29,BIX_World,VLSFO,928.46,,,,,USD/MT,BunkerIndex_BIX
2026-04-29,BIX_World3,IFO380,674,,,,,USD/MT,BunkerIndex_BIX
2026-04-29,BIX_World3,MGO,1374.67,,,,,USD/MT,BunkerIndex_BIX
2026-04-29,BIX_World3,VLSFO,786.83,,,,,USD/MT,BunkerIndex_BIX
2026-04-30,BIX_APAC,IFO380,816.98,,,,,USD/MT,BunkerIndex_BIX
2026-04-30,BIX_APAC,MGO,1781.75,,,,,USD/MT,BunkerIndex_BIX
2026-04-30,BIX_APAC,VLSFO,952.05,,,,,USD/MT,BunkerIndex_BIX
2026-04-30,BIX_Americas,IFO380,755.9,,,,,USD/MT,BunkerIndex_BIX
2026-04-30,BIX_Americas,MGO,1610.75,,,,,USD/MT,BunkerIndex_BIX
2026-04-30,BIX_Americas,VLSFO,969.6,,,,,USD/MT,BunkerIndex_BIX
2026-04-30,BIX_EMEA,IFO380,715.63,,,,,USD/MT,BunkerIndex_BIX
2026-04-30,BIX_EMEA,MGO,1479.64,,,,,USD/MT,BunkerIndex_BIX
2026-04-30,BIX_EMEA,VLSFO,898.72,,,,,USD/MT,BunkerIndex_BIX
2026-04-30,BIX_World,IFO380,760.84,,,,,USD/MT,BunkerIndex_BIX
2026-04-30,BIX_World,MGO,1604.64,,,,,USD/MT,BunkerIndex_BIX
2026-04-30,BIX_World,VLSFO,941.56,,,,,USD/MT,BunkerIndex_BIX
2026-04-30,BIX_World3,IFO380,709.83,,,,,USD/MT,BunkerIndex_BIX
2026-04-30,BIX_World3,MGO,1434.17,,,,,USD/MT,BunkerIndex_BIX
2026-04-30,BIX_World3,VLSFO,833,,,,,USD/MT,BunkerIndex_BIX
2026-05-01,BIX_APAC,IFO380,809.71,,,,,USD/MT,BunkerIndex_BIX
2026-05-01,BIX_APAC,MGO,1786.81,,,,,USD/MT,BunkerIndex_BIX
2026-05-01,BIX_APAC,VLSFO,954.21,,,,,USD/MT,BunkerIndex_BIX
2026-05-01,BIX_Americas,IFO380,729.27,,,,,USD/MT,BunkerIndex_BIX
2026-05-01,BIX_Americas,MGO,1571.97,,,,,USD/MT,BunkerIndex_BIX
2026-05-01,BIX_Americas,VLSFO,934.81,,,,,USD/MT,BunkerIndex_BIX
2026-05-01,BIX_EMEA,IFO380,718.97,,,,,USD/MT,BunkerIndex_BIX
2026-05-01,BIX_EMEA,MGO,1465.52,,,,,USD/MT,BunkerIndex_BIX
2026-05-01,BIX_EMEA,VLSFO,886.53,,,,,USD/MT,BunkerIndex_BIX
2026-05-01,BIX_World,IFO380,750.71,,,,,USD/MT,BunkerIndex_BIX
2026-05-01,BIX_World,MGO,1586.49,,,,,USD/MT,BunkerIndex_BIX
2026-05-01,BIX_World,VLSFO,926.63,,,,,USD/MT,BunkerIndex_BIX
2026-05-01,BIX_World3,IFO380,685.5,,,,,USD/MT,BunkerIndex_BIX
2026-05-01,BIX_World3,MGO,1379,,,,,USD/MT,BunkerIndex_BIX
2026-05-01,BIX_World3,VLSFO,811,,,,,USD/MT,BunkerIndex_BIX
2026-05-04,BIX_APAC,IFO380,815.42,,,,,USD/MT,BunkerIndex_BIX
2026-05-04,BIX_APAC,MGO,1812.94,,,,,USD/MT,BunkerIndex_BIX
2026-05-04,BIX_APAC,VLSFO,974.2,,,,,USD/MT,BunkerIndex_BIX
2026-05-04,BIX_Americas,IFO380,738.94,,,,,USD/MT,BunkerIndex_BIX
2026-05-04,BIX_Americas,MGO,1580.3,,,,,USD/MT,BunkerIndex_BIX
2026-05-04,BIX_Americas,VLSFO,950.27,,,,,USD/MT,BunkerIndex_BIX
2026-05-04,BIX_EMEA,IFO380,724.57,,,,,USD/MT,BunkerIndex_BIX
2026-05-04,BIX_EMEA,MGO,1446,,,,,USD/MT,BunkerIndex_BIX
2026-05-04,BIX_EMEA,VLSFO,899.71,,,,,USD/MT,BunkerIndex_BIX
2026-05-04,BIX_World,IFO380,757.66,,,,,USD/MT,BunkerIndex_BIX
2026-05-04,BIX_World,MGO,1588.77,,,,,USD/MT,BunkerIndex_BIX
2026-05-04,BIX_World,VLSFO,942.96,,,,,USD/MT,BunkerIndex_BIX
2026-05-04,BIX_World3,IFO380,684.83,,,,,USD/MT,BunkerIndex_BIX
2026-05-04,BIX_World3,MGO,1380.17,,,,,USD/MT,BunkerIndex_BIX
2026-05-04,BIX_World3,VLSFO,824.67,,,,,USD/MT,BunkerIndex_BIX
2026-05-05,BIX_APAC,IFO380,820.81,,,,,USD/MT,BunkerIndex_BIX
2026-05-05,BIX_APAC,MGO,1789.19,,,,,USD/MT,BunkerIndex_BIX
2026-05-05,BIX_APAC,VLSFO,984.36,,,,,USD/MT,BunkerIndex_BIX
2026-05-05,BIX_Americas,IFO380,751.07,,,,,USD/MT,BunkerIndex_BIX
2026-05-05,BIX_Americas,MGO,1583.97,,,,,USD/MT,BunkerIndex_BIX
2026-05-05,BIX_Americas,VLSFO,953.91,,,,,USD/MT,BunkerIndex_BIX
2026-05-05,BIX_EMEA,IFO380,738.42,,,,,USD/MT,BunkerIndex_BIX
2026-05-05,BIX_EMEA,MGO,1455.94,,,,,USD/MT,BunkerIndex_BIX
2026-05-05,BIX_EMEA,VLSFO,920.77,,,,,USD/MT,BunkerIndex_BIX
2026-05-05,BIX_World,IFO380,768.31,,,,,USD/MT,BunkerIndex_BIX
2026-05-05,BIX_World,MGO,1587.81,,,,,USD/MT,BunkerIndex_BIX
2026-05-05,BIX_World,VLSFO,954.25,,,,,USD/MT,BunkerIndex_BIX
2026-05-05,BIX_World3,IFO380,701.5,,,,,USD/MT,BunkerIndex_BIX
2026-05-05,BIX_World3,MGO,1396.17,,,,,USD/MT,BunkerIndex_BIX
2026-05-05,BIX_World3,VLSFO,868.17,,,,,USD/MT,BunkerIndex_BIX
2026-05-06,BIX_APAC,IFO380,803.77,,,,,USD/MT,BunkerIndex_BIX
2026-05-06,BIX_APAC,MGO,1692.88,,,,,USD/MT,BunkerIndex_BIX
2026-05-06,BIX_APAC,VLSFO,985.49,,,,,USD/MT,BunkerIndex_BIX
2026-05-06,BIX_Americas,IFO380,747.71,,,,,USD/MT,BunkerIndex_BIX
2026-05-06,BIX_Americas,MGO,1566.3,,,,,USD/MT,BunkerIndex_BIX
2026-05-06,BIX_Americas,VLSFO,929.6,,,,,USD/MT,BunkerIndex_BIX
2026-05-06,BIX_EMEA,IFO380,720.67,,,,,USD/MT,BunkerIndex_BIX
2026-05-06,BIX_EMEA,MGO,1392.34,,,,,USD/MT,BunkerIndex_BIX
2026-05-06,BIX_EMEA,VLSFO,899.79,,,,,USD/MT,BunkerIndex_BIX
2026-05-06,BIX_World,IFO380,755.43,,,,,USD/MT,BunkerIndex_BIX
2026-05-06,BIX_World,MGO,1532.49,,,,,USD/MT,BunkerIndex_BIX
2026-05-06,BIX_World,VLSFO,939.77,,,,,USD/MT,BunkerIndex_BIX
2026-05-06,BIX_World3,IFO380,690.5,,,,,USD/MT,BunkerIndex_BIX
2026-05-06,BIX_World3,MGO,1309.33,,,,,USD/MT,BunkerIndex_BIX
2026-05-06,BIX_World3,VLSFO,851.5,,,,,USD/MT,BunkerIndex_BIX
2026-05-07,BIX_APAC,IFO380,794.16,,,,,USD/MT,BunkerIndex_BIX
2026-05-07,BIX_APAC,MGO,1655,,,,,USD/MT,BunkerIndex_BIX
2026-05-07,BIX_APAC,VLSFO,976.43,,,,,USD/MT,BunkerIndex_BIX
2026-05-07,BIX_Americas,IFO380,745.35,,,,,USD/MT,BunkerIndex_BIX
2026-05-07,BIX_Americas,MGO,1532.75,,,,,USD/MT,BunkerIndex_BIX
2026-05-07,BIX_Americas,VLSFO,920.29,,,,,USD/MT,BunkerIndex_BIX
2026-05-07,BIX_EMEA,IFO380,706.72,,,,,USD/MT,BunkerIndex_BIX
2026-05-07,BIX_EMEA,MGO,1363.74,,,,,USD/MT,BunkerIndex_BIX
2026-05-07,BIX_EMEA,VLSFO,879.88,,,,,USD/MT,BunkerIndex_BIX
2026-05-07,BIX_World,IFO380,746.59,,,,,USD/MT,BunkerIndex_BIX
2026-05-07,BIX_World,MGO,1499.72,,,,,USD/MT,BunkerIndex_BIX
2026-05-07,BIX_World,VLSFO,927.33,,,,,USD/MT,BunkerIndex_BIX
2026-05-07,BIX_World3,IFO380,691.83,,,,,USD/MT,BunkerIndex_BIX
2026-05-07,BIX_World3,MGO,1307.17,,,,,USD/MT,BunkerIndex_BIX
2026-05-07,BIX_World3,VLSFO,828.67,,,,,USD/MT,BunkerIndex_BIX
2026-05-08,BIX_APAC,IFO380,790.45,,,,,USD/MT,BunkerIndex_BIX
2026-05-08,BIX_APAC,MGO,1626.13,,,,,USD/MT,BunkerIndex_BIX
2026-05-08,BIX_APAC,VLSFO,965.4,,,,,USD/MT,BunkerIndex_BIX
2026-05-08,BIX_Americas,IFO380,762.58,,,,,USD/MT,BunkerIndex_BIX
2026-05-08,BIX_Americas,MGO,1559.02,,,,,USD/MT,BunkerIndex_BIX
2026-05-08,BIX_Americas,VLSFO,923.9,,,,,USD/MT,BunkerIndex_BIX
2026-05-08,BIX_EMEA,IFO380,709.22,,,,,USD/MT,BunkerIndex_BIX
2026-05-08,BIX_EMEA,MGO,1371.35,,,,,USD/MT,BunkerIndex_BIX
2026-05-08,BIX_EMEA,VLSFO,879.22,,,,,USD/MT,BunkerIndex_BIX
2026-05-08,BIX_World,IFO380,751.91,,,,,USD/MT,BunkerIndex_BIX
2026-05-08,BIX_World,MGO,1504.75,,,,,USD/MT,BunkerIndex_BIX
2026-05-08,BIX_World,VLSFO,924.52,,,,,USD/MT,BunkerIndex_BIX
2026-05-08,BIX_World3,IFO380,693.83,,,,,USD/MT,BunkerIndex_BIX
2026-05-08,BIX_World3,MGO,1288.67,,,,,USD/MT,BunkerIndex_BIX
2026-05-08,BIX_World3,VLSFO,824.17,,,,,USD/MT,BunkerIndex_BIX
2026-05-11,BIX_APAC,IFO380,810.42,,,,,USD/MT,BunkerIndex_BIX
2026-05-11,BIX_APAC,MGO,1646.08,,,,,USD/MT,BunkerIndex_BIX
2026-05-11,BIX_APAC,VLSFO,969.32,,,,,USD/MT,BunkerIndex_BIX
2026-05-11,BIX_Americas,IFO380,753.44,,,,,USD/MT,BunkerIndex_BIX
2026-05-11,BIX_Americas,MGO,1519.93,,,,,USD/MT,BunkerIndex_BIX
2026-05-11,BIX_Americas,VLSFO,912.85,,,,,USD/MT,BunkerIndex_BIX
2026-05-11,BIX_EMEA,IFO380,734.19,,,,,USD/MT,BunkerIndex_BIX
2026-05-11,BIX_EMEA,MGO,1377.79,,,,,USD/MT,BunkerIndex_BIX
2026-05-11,BIX_EMEA,VLSFO,888.2,,,,,USD/MT,BunkerIndex_BIX
2026-05-11,BIX_World,IFO380,764.28,,,,,USD/MT,BunkerIndex_BIX
2026-05-11,BIX_World,MGO,1498.13,,,,,USD/MT,BunkerIndex_BIX
2026-05-11,BIX_World,VLSFO,924.88,,,,,USD/MT,BunkerIndex_BIX
2026-05-11,BIX_World3,IFO380,706.67,,,,,USD/MT,BunkerIndex_BIX
2026-05-11,BIX_World3,MGO,1304.5,,,,,USD/MT,BunkerIndex_BIX
2026-05-11,BIX_World3,VLSFO,835.17,,,,,USD/MT,BunkerIndex_BIX
2026-05-12,BIX_APAC,IFO380,797.21,,,,,USD/MT,BunkerIndex_BIX
2026-05-12,BIX_APAC,MGO,1638.86,,,,,USD/MT,BunkerIndex_BIX
2026-05-12,BIX_APAC,VLSFO,974.74,,,,,USD/MT,BunkerIndex_BIX
2026-05-12,BIX_Americas,IFO380,746.76,,,,,USD/MT,BunkerIndex_BIX
2026-05-12,BIX_Americas,MGO,1536.74,,,,,USD/MT,BunkerIndex_BIX
2026-05-12,BIX_Americas,VLSFO,924.43,,,,,USD/MT,BunkerIndex_BIX
2026-05-12,BIX_EMEA,IFO380,739.51,,,,,USD/MT,BunkerIndex_BIX
2026-05-12,BIX_EMEA,MGO,1383.02,,,,,USD/MT,BunkerIndex_BIX
2026-05-12,BIX_EMEA,VLSFO,882.44,,,,,USD/MT,BunkerIndex_BIX
2026-05-12,BIX_World,IFO380,759.92,,,,,USD/MT,BunkerIndex_BIX
2026-05-12,BIX_World,MGO,1504.85,,,,,USD/MT,BunkerIndex_BIX
2026-05-12,BIX_World,VLSFO,928.95,,,,,USD/MT,BunkerIndex_BIX
2026-05-12,BIX_World3,IFO380,704.33,,,,,USD/MT,BunkerIndex_BIX
2026-05-12,BIX_World3,MGO,1329.83,,,,,USD/MT,BunkerIndex_BIX
2026-05-12,BIX_World3,VLSFO,834,,,,,USD/MT,BunkerIndex_BIX
2026-05-13,BIX_APAC,IFO380,791.79,,,,,USD/MT,BunkerIndex_BIX
2026-05-13,BIX_APAC,MGO,1626.81,,,,,USD/MT,BunkerIndex_BIX
2026-05-13,BIX_APAC,VLSFO,983.49,,,,,USD/MT,BunkerIndex_BIX
2026-05-13,BIX_Americas,IFO380,748.51,,,,,USD/MT,BunkerIndex_BIX
2026-05-13,BIX_Americas,MGO,1614.01,,,,,USD/MT,BunkerIndex_BIX
2026-05-13,BIX_Americas,VLSFO,945.38,,,,,USD/MT,BunkerIndex_BIX
2026-05-13,BIX_EMEA,IFO380,731.31,,,,,USD/MT,BunkerIndex_BIX
2026-05-13,BIX_EMEA,MGO,1376.96,,,,,USD/MT,BunkerIndex_BIX
2026-05-13,BIX_EMEA,VLSFO,873.63,,,,,USD/MT,BunkerIndex_BIX
2026-05-13,BIX_World,IFO380,755.81,,,,,USD/MT,BunkerIndex_BIX
2026-05-13,BIX_World,MGO,1527.03,,,,,USD/MT,BunkerIndex_BIX
2026-05-13,BIX_World,VLSFO,936.45,,,,,USD/MT,BunkerIndex_BIX
2026-05-13,BIX_World3,IFO380,693.17,,,,,USD/MT,BunkerIndex_BIX
2026-05-13,BIX_World3,MGO,1340.5,,,,,USD/MT,BunkerIndex_BIX
2026-05-13,BIX_World3,VLSFO,833,,,,,USD/MT,BunkerIndex_BIX
2026-05-14,BIX_APAC,IFO380,781.06,,,,,USD/MT,BunkerIndex_BIX
2026-05-14,BIX_APAC,MGO,1599.82,,,,,USD/MT,BunkerIndex_BIX
2026-05-14,BIX_APAC,VLSFO,969.36,,,,,USD/MT,BunkerIndex_BIX
2026-05-14,BIX_Americas,IFO380,744.46,,,,,USD/MT,BunkerIndex_BIX
2026-05-14,BIX_Americas,MGO,1601.45,,,,,USD/MT,BunkerIndex_BIX
2026-05-14,BIX_Americas,VLSFO,924.07,,,,,USD/MT,BunkerIndex_BIX
2026-05-14,BIX_EMEA,IFO380,729.97,,,,,USD/MT,BunkerIndex_BIX
2026-05-14,BIX_EMEA,MGO,1372.03,,,,,USD/MT,BunkerIndex_BIX
2026-05-14,BIX_EMEA,VLSFO,882.97,,,,,USD/MT,BunkerIndex_BIX
2026-05-14,BIX_World,IFO380,750.65,,,,,USD/MT,BunkerIndex_BIX
2026-05-14,BIX_World,MGO,1513.67,,,,,USD/MT,BunkerIndex_BIX
2026-05-14,BIX_World,VLSFO,927.12,,,,,USD/MT,BunkerIndex_BIX
2026-05-14,BIX_World3,IFO380,686.33,,,,,USD/MT,BunkerIndex_BIX
2026-05-14,BIX_World3,MGO,1333.67,,,,,USD/MT,BunkerIndex_BIX
2026-05-14,BIX_World3,VLSFO,841.67,,,,,USD/MT,BunkerIndex_BIX
2026-05-15,BIX_APAC,IFO380,799.35,,,,,USD/MT,BunkerIndex_BIX
2026-05-15,BIX_APAC,MGO,1609.5,,,,,USD/MT,BunkerIndex_BIX
2026-05-15,BIX_APAC,VLSFO,976.29,,,,,USD/MT,BunkerIndex_BIX
2026-05-15,BIX_Americas,IFO380,756.62,,,,,USD/MT,BunkerIndex_BIX
2026-05-15,BIX_Americas,MGO,1624.85,,,,,USD/MT,BunkerIndex_BIX
2026-05-15,BIX_Americas,VLSFO,925.4,,,,,USD/MT,BunkerIndex_BIX
2026-05-15,BIX_EMEA,IFO380,733.61,,,,,USD/MT,BunkerIndex_BIX
2026-05-15,BIX_EMEA,MGO,1372.43,,,,,USD/MT,BunkerIndex_BIX
2026-05-15,BIX_EMEA,VLSFO,887.29,,,,,USD/MT,BunkerIndex_BIX
2026-05-15,BIX_World,IFO380,761.63,,,,,USD/MT,BunkerIndex_BIX
2026-05-15,BIX_World,MGO,1525.1,,,,,USD/MT,BunkerIndex_BIX
2026-05-15,BIX_World,VLSFO,931.32,,,,,USD/MT,BunkerIndex_BIX
2026-05-15,BIX_World3,IFO380,689.83,,,,,USD/MT,BunkerIndex_BIX
2026-05-15,BIX_World3,MGO,1341.33,,,,,USD/MT,BunkerIndex_BIX
2026-05-15,BIX_World3,VLSFO,847,,,,,USD/MT,BunkerIndex_BIX
2026-05-18,BIX_APAC,IFO380,818.16,,,,,USD/MT,BunkerIndex_BIX
2026-05-18,BIX_APAC,MGO,1608.77,,,,,USD/MT,BunkerIndex_BIX
2026-05-18,BIX_APAC,VLSFO,994.44,,,,,USD/MT,BunkerIndex_BIX
2026-05-18,BIX_Americas,IFO380,763.57,,,,,USD/MT,BunkerIndex_BIX
2026-05-18,BIX_Americas,MGO,1639.82,,,,,USD/MT,BunkerIndex_BIX
2026-05-18,BIX_Americas,VLSFO,935.45,,,,,USD/MT,BunkerIndex_BIX
2026-05-18,BIX_EMEA,IFO380,746.11,,,,,USD/MT,BunkerIndex_BIX
2026-05-18,BIX_EMEA,MGO,1378.53,,,,,USD/MT,BunkerIndex_BIX
2026-05-18,BIX_EMEA,VLSFO,894.68,,,,,USD/MT,BunkerIndex_BIX
2026-05-18,BIX_World,IFO380,774.32,,,,,USD/MT,BunkerIndex_BIX
2026-05-18,BIX_World,MGO,1532.37,,,,,USD/MT,BunkerIndex_BIX
2026-05-18,BIX_World,VLSFO,943.37,,,,,USD/MT,BunkerIndex_BIX
2026-05-18,BIX_World3,IFO380,716,,,,,USD/MT,BunkerIndex_BIX
2026-05-18,BIX_World3,MGO,1364.67,,,,,USD/MT,BunkerIndex_BIX
2026-05-18,BIX_World3,VLSFO,881.67,,,,,USD/MT,BunkerIndex_BIX
2026-05-19,BIX_APAC,IFO380,822.13,,,,,USD/MT,BunkerIndex_BIX
2026-05-19,BIX_APAC,MGO,1613.48,,,,,USD/MT,BunkerIndex_BIX
2026-05-19,BIX_APAC,VLSFO,1001.21,,,,,USD/MT,BunkerIndex_BIX
2026-05-19,BIX_Americas,IFO380,762.65,,,,,USD/MT,BunkerIndex_BIX
2026-05-19,BIX_Americas,MGO,1627.16,,,,,USD/MT,BunkerIndex_BIX
2026-05-19,BIX_Americas,VLSFO,945.72,,,,,USD/MT,BunkerIndex_BIX
2026-05-19,BIX_EMEA,IFO380,741.39,,,,,USD/MT,BunkerIndex_BIX
2026-05-19,BIX_EMEA,MGO,1390.07,,,,,USD/MT,BunkerIndex_BIX
2026-05-19,BIX_EMEA,VLSFO,882.93,,,,,USD/MT,BunkerIndex_BIX
2026-05-19,BIX_World,IFO380,773.54,,,,,USD/MT,BunkerIndex_BIX
2026-05-19,BIX_World,MGO,1533.38,,,,,USD/MT,BunkerIndex_BIX
2026-05-19,BIX_World,VLSFO,945.6,,,,,USD/MT,BunkerIndex_BIX
2026-05-19,BIX_World3,IFO380,722.17,,,,,USD/MT,BunkerIndex_BIX
2026-05-19,BIX_World3,MGO,1348.33,,,,,USD/MT,BunkerIndex_BIX
2026-05-19,BIX_World3,VLSFO,887.67,,,,,USD/MT,BunkerIndex_BIX
2026-05-20,BIX_APAC,IFO380,818.48,,,,,USD/MT,BunkerIndex_BIX
2026-05-20,BIX_APAC,MGO,1616.41,,,,,USD/MT,BunkerIndex_BIX
2026-05-20,BIX_APAC,VLSFO,997.79,,,,,USD/MT,BunkerIndex_BIX
2026-05-20,BIX_Americas,IFO380,762.73,,,,,USD/MT,BunkerIndex_BIX
2026-05-20,BIX_Americas,MGO,1623.52,,,,,USD/MT,BunkerIndex_BIX
2026-05-20,BIX_Americas,VLSFO,941.48,,,,,USD/MT,BunkerIndex_BIX
2026-05-20,BIX_EMEA,IFO380,736.19,,,,,USD/MT,BunkerIndex_BIX
2026-05-20,BIX_EMEA,MGO,1369.9,,,,,USD/MT,BunkerIndex_BIX
2026-05-20,BIX_EMEA,VLSFO,870.68,,,,,USD/MT,BunkerIndex_BIX
2026-05-20,BIX_World,IFO380,770.54,,,,,USD/MT,BunkerIndex_BIX
2026-05-20,BIX_World,MGO,1525.12,,,,,USD/MT,BunkerIndex_BIX
2026-05-20,BIX_World,VLSFO,939.17,,,,,USD/MT,BunkerIndex_BIX
2026-05-20,BIX_World3,IFO380,720.5,,,,,USD/MT,BunkerIndex_BIX
2026-05-20,BIX_World3,MGO,1340,,,,,USD/MT,BunkerIndex_BIX
2026-05-20,BIX_World3,VLSFO,857.83,,,,,USD/MT,BunkerIndex_BIX
2026-05-21,BIX_APAC,IFO380,788.16,,,,,USD/MT,BunkerIndex_BIX
2026-05-21,BIX_APAC,MGO,1575.51,,,,,USD/MT,BunkerIndex_BIX
2026-05-21,BIX_APAC,VLSFO,988.42,,,,,USD/MT,BunkerIndex_BIX
2026-05-21,BIX_Americas,IFO380,756.71,,,,,USD/MT,BunkerIndex_BIX
2026-05-21,BIX_Americas,MGO,1608.02,,,,,USD/MT,BunkerIndex_BIX
2026-05-21,BIX_Americas,VLSFO,931.5,,,,,USD/MT,BunkerIndex_BIX
2026-05-21,BIX_EMEA,IFO380,724.06,,,,,USD/MT,BunkerIndex_BIX
2026-05-21,BIX_EMEA,MGO,1353.25,,,,,USD/MT,BunkerIndex_BIX
2026-05-21,BIX_EMEA,VLSFO,863.23,,,,,USD/MT,BunkerIndex_BIX
2026-05-21,BIX_World,IFO380,754.68,,,,,USD/MT,BunkerIndex_BIX
2026-05-21,BIX_World,MGO,1502.68,,,,,USD/MT,BunkerIndex_BIX
2026-05-21,BIX_World,VLSFO,930.19,,,,,USD/MT,BunkerIndex_BIX
2026-05-21,BIX_World3,IFO380,681,,,,,USD/MT,BunkerIndex_BIX
2026-05-21,BIX_World3,MGO,1307.33,,,,,USD/MT,BunkerIndex_BIX
2026-05-21,BIX_World3,VLSFO,836.33,,,,,USD/MT,BunkerIndex_BIX
2026-05-22,BIX_APAC,IFO380,789.55,,,,,USD/MT,BunkerIndex_BIX
2026-05-22,BIX_APAC,MGO,1569.01,,,,,USD/MT,BunkerIndex_BIX
2026-05-22,BIX_APAC,VLSFO,975.87,,,,,USD/MT,BunkerIndex_BIX
2026-05-22,BIX_Americas,IFO380,747.8,,,,,USD/MT,BunkerIndex_BIX
2026-05-22,BIX_Americas,MGO,1603.15,,,,,USD/MT,BunkerIndex_BIX
2026-05-22,BIX_Americas,VLSFO,925.21,,,,,USD/MT,BunkerIndex_BIX
2026-05-22,BIX_EMEA,IFO380,715.54,,,,,USD/MT,BunkerIndex_BIX
2026-05-22,BIX_EMEA,MGO,1331.55,,,,,USD/MT,BunkerIndex_BIX
2026-05-22,BIX_EMEA,VLSFO,856.38,,,,,USD/MT,BunkerIndex_BIX
2026-05-22,BIX_World,IFO380,749.14,,,,,USD/MT,BunkerIndex_BIX
2026-05-22,BIX_World,MGO,1490.98,,,,,USD/MT,BunkerIndex_BIX
2026-05-22,BIX_World,VLSFO,921.55,,,,,USD/MT,BunkerIndex_BIX
2026-05-22,BIX_World3,IFO380,670.17,,,,,USD/MT,BunkerIndex_BIX
2026-05-22,BIX_World3,MGO,1296,,,,,USD/MT,BunkerIndex_BIX
2026-05-22,BIX_World3,VLSFO,832.83,,,,,USD/MT,BunkerIndex_BIX
2026-05-25,BIX_APAC,IFO380,775,,,,,USD/MT,BunkerIndex_BIX
2026-05-25,BIX_APAC,MGO,1548.3,,,,,USD/MT,BunkerIndex_BIX
2026-05-25,BIX_APAC,VLSFO,963.94,,,,,USD/MT,BunkerIndex_BIX
2026-05-25,BIX_Americas,IFO380,741.35,,,,,USD/MT,BunkerIndex_BIX
2026-05-25,BIX_Americas,MGO,1587.03,,,,,USD/MT,BunkerIndex_BIX
2026-05-25,BIX_Americas,VLSFO,916.77,,,,,USD/MT,BunkerIndex_BIX
2026-05-25,BIX_EMEA,IFO380,706.17,,,,,USD/MT,BunkerIndex_BIX
2026-05-25,BIX_EMEA,MGO,1304.24,,,,,USD/MT,BunkerIndex_BIX
2026-05-25,BIX_EMEA,VLSFO,843.22,,,,,USD/MT,BunkerIndex_BIX
2026-05-25,BIX_World,IFO380,739.09,,,,,USD/MT,BunkerIndex_BIX
2026-05-25,BIX_World,MGO,1469.43,,,,,USD/MT,BunkerIndex_BIX
2026-05-25,BIX_World,VLSFO,910.43,,,,,USD/MT,BunkerIndex_BIX
2026-05-25,BIX_World3,IFO380,664.67,,,,,USD/MT,BunkerIndex_BIX
2026-05-25,BIX_World3,MGO,1269.67,,,,,USD/MT,BunkerIndex_BIX
2026-05-25,BIX_World3,VLSFO,812.5,,,,,USD/MT,BunkerIndex_BIX
2026-05-26,BIX_APAC,IFO380,772.97,,,,,USD/MT,BunkerIndex_BIX
2026-05-26,BIX_APAC,MGO,1544.35,,,,,USD/MT,BunkerIndex_BIX
2026-05-26,BIX_APAC,VLSFO,960.4,,,,,USD/MT,BunkerIndex_BIX
2026-05-26,BIX_Americas,IFO380,733.07,,,,,USD/MT,BunkerIndex_BIX
2026-05-26,BIX_Americas,MGO,1583.37,,,,,USD/MT,BunkerIndex_BIX
2026-05-26,BIX_Americas,VLSFO,916,,,,,USD/MT,BunkerIndex_BIX
2026-05-26,BIX_EMEA,IFO380,705.76,,,,,USD/MT,BunkerIndex_BIX
2026-05-26,BIX_EMEA,MGO,1293.99,,,,,USD/MT,BunkerIndex_BIX
2026-05-26,BIX_EMEA,VLSFO,839.22,,,,,USD/MT,BunkerIndex_BIX
2026-05-26,BIX_World,IFO380,735.63,,,,,USD/MT,BunkerIndex_BIX
2026-05-26,BIX_World,MGO,1463.18,,,,,USD/MT,BunkerIndex_BIX
2026-05-26,BIX_World,VLSFO,907.7,,,,,USD/MT,BunkerIndex_BIX
2026-05-26,BIX_World3,IFO380,657.5,,,,,USD/MT,BunkerIndex_BIX
2026-05-26,BIX_World3,MGO,1265.67,,,,,USD/MT,BunkerIndex_BIX
2026-05-26,BIX_World3,VLSFO,820.33,,,,,USD/MT,BunkerIndex_BIX
2026-05-27,BIX_APAC,IFO380,770.19,,,,,USD/MT,BunkerIndex_BIX
2026-05-27,BIX_APAC,MGO,1468.8,,,,,USD/MT,BunkerIndex_BIX
2026-05-27,BIX_APAC,VLSFO,949.05,,,,,USD/MT,BunkerIndex_BIX
2026-05-27,BIX_Americas,IFO380,728.82,,,,,USD/MT,BunkerIndex_BIX
2026-05-27,BIX_Americas,MGO,1560.04,,,,,USD/MT,BunkerIndex_BIX
2026-05-27,BIX_Americas,VLSFO,899.44,,,,,USD/MT,BunkerIndex_BIX
2026-05-27,BIX_EMEA,IFO380,691.25,,,,,USD/MT,BunkerIndex_BIX
2026-05-27,BIX_EMEA,MGO,1273.35,,,,,USD/MT,BunkerIndex_BIX
2026-05-27,BIX_EMEA,VLSFO,830.51,,,,,USD/MT,BunkerIndex_BIX
2026-05-27,BIX_World,IFO380,728.11,,,,,USD/MT,BunkerIndex_BIX
2026-05-27,BIX_World,MGO,1427.5,,,,,USD/MT,BunkerIndex_BIX
2026-05-27,BIX_World,VLSFO,895.38,,,,,USD/MT,BunkerIndex_BIX
2026-05-27,BIX_World3,IFO380,648.83,,,,,USD/MT,BunkerIndex_BIX
2026-05-27,BIX_World3,MGO,1244.67,,,,,USD/MT,BunkerIndex_BIX
2026-05-27,BIX_World3,VLSFO,822.17,,,,,USD/MT,BunkerIndex_BIX
2026-05-28,BIX_APAC,IFO380,771.11,,,,,USD/MT,BunkerIndex_BIX
2026-05-28,BIX_APAC,MGO,1403.11,,,,,USD/MT,BunkerIndex_BIX
2026-05-28,BIX_APAC,VLSFO,925.78,,,,,USD/MT,BunkerIndex_BIX
2026-05-28,BIX_Americas,IFO380,722.41,,,,,USD/MT,BunkerIndex_BIX
2026-05-28,BIX_Americas,MGO,1551.16,,,,,USD/MT,BunkerIndex_BIX
2026-05-28,BIX_Americas,VLSFO,892.64,,,,,USD/MT,BunkerIndex_BIX
2026-05-28,BIX_EMEA,IFO380,684.92,,,,,USD/MT,BunkerIndex_BIX
2026-05-28,BIX_EMEA,MGO,1262.31,,,,,USD/MT,BunkerIndex_BIX
2026-05-28,BIX_EMEA,VLSFO,826.61,,,,,USD/MT,BunkerIndex_BIX
2026-05-28,BIX_World,IFO380,724.03,,,,,USD/MT,BunkerIndex_BIX
2026-05-28,BIX_World,MGO,1403.24,,,,,USD/MT,BunkerIndex_BIX
2026-05-28,BIX_World,VLSFO,883.74,,,,,USD/MT,BunkerIndex_BIX
2026-05-28,BIX_World3,IFO380,636.33,,,,,USD/MT,BunkerIndex_BIX
2026-05-28,BIX_World3,MGO,1236.33,,,,,USD/MT,BunkerIndex_BIX
2026-05-28,BIX_World3,VLSFO,825.17,,,,,USD/MT,BunkerIndex_BIX
2026-05-29,BIX_APAC,IFO380,763.5,,,,,USD/MT,BunkerIndex_BIX
2026-05-29,BIX_APAC,MGO,1414.95,,,,,USD/MT,BunkerIndex_BIX
2026-05-29,BIX_APAC,VLSFO,920.17,,,,,USD/MT,BunkerIndex_BIX
2026-05-29,BIX_Americas,IFO380,698.98,,,,,USD/MT,BunkerIndex_BIX
2026-05-29,BIX_Americas,MGO,1501.55,,,,,USD/MT,BunkerIndex_BIX
2026-05-29,BIX_Americas,VLSFO,873.25,,,,,USD/MT,BunkerIndex_BIX
2026-05-29,BIX_EMEA,IFO380,676.72,,,,,USD/MT,BunkerIndex_BIX
2026-05-29,BIX_EMEA,MGO,1247.94,,,,,USD/MT,BunkerIndex_BIX
2026-05-29,BIX_EMEA,VLSFO,827.12,,,,,USD/MT,BunkerIndex_BIX
2026-05-29,BIX_World,IFO380,711.09,,,,,USD/MT,BunkerIndex_BIX
2026-05-29,BIX_World,MGO,1382.79,,,,,USD/MT,BunkerIndex_BIX
2026-05-29,BIX_World,VLSFO,875.31,,,,,USD/MT,BunkerIndex_BIX
2026-05-29,BIX_World3,IFO380,621.83,,,,,USD/MT,BunkerIndex_BIX
2026-05-29,BIX_World3,MGO,1211.17,,,,,USD/MT,BunkerIndex_BIX
2026-05-29,BIX_World3,VLSFO,817.33,,,,,USD/MT,BunkerIndex_BIX
2026-06-01,BIX_APAC,IFO380,766.21,,,,,USD/MT,BunkerIndex_BIX
2026-06-01,BIX_APAC,MGO,1406.01,,,,,USD/MT,BunkerIndex_BIX
2026-06-01,BIX_APAC,VLSFO,913.8,,,,,USD/MT,BunkerIndex_BIX
2026-06-01,BIX_Americas,IFO380,720.83,,,,,USD/MT,BunkerIndex_BIX
2026-06-01,BIX_Americas,MGO,1513.52,,,,,USD/MT,BunkerIndex_BIX
2026-06-01,BIX_Americas,VLSFO,875.56,,,,,USD/MT,BunkerIndex_BIX
2026-06-01,BIX_EMEA,IFO380,684.68,,,,,USD/MT,BunkerIndex_BIX
2026-06-01,BIX_EMEA,MGO,1245.97,,,,,USD/MT,BunkerIndex_BIX
2026-06-01,BIX_EMEA,VLSFO,830.01,,,,,USD/MT,BunkerIndex_BIX
2026-06-01,BIX_World,IFO380,721.9,,,,,USD/MT,BunkerIndex_BIX
2026-06-01,BIX_World,MGO,1384.09,,,,,USD/MT,BunkerIndex_BIX
2026-06-01,BIX_World,VLSFO,874.78,,,,,USD/MT,BunkerIndex_BIX
2026-06-01,BIX_World3,IFO380,635.17,,,,,USD/MT,BunkerIndex_BIX
2026-06-01,BIX_World3,MGO,1216,,,,,USD/MT,BunkerIndex_BIX
2026-06-01,BIX_World3,VLSFO,831,,,,,USD/MT,BunkerIndex_BIX
2026-06-02,BIX_APAC,IFO380,776.68,,,,,USD/MT,BunkerIndex_BIX
2026-06-02,BIX_APAC,MGO,1407.35,,,,,USD/MT,BunkerIndex_BIX
2026-06-02,BIX_APAC,VLSFO,915.88,,,,,USD/MT,BunkerIndex_BIX
2026-06-02,BIX_Americas,IFO380,721.49,,,,,USD/MT,BunkerIndex_BIX
2026-06-02,BIX_Americas,MGO,1515.98,,,,,USD/MT,BunkerIndex_BIX
2026-06-02,BIX_Americas,VLSFO,875.62,,,,,USD/MT,BunkerIndex_BIX
2026-06-02,BIX_EMEA,IFO380,688.58,,,,,USD/MT,BunkerIndex_BIX
2026-06-02,BIX_EMEA,MGO,1246.28,,,,,USD/MT,BunkerIndex_BIX
2026-06-02,BIX_EMEA,VLSFO,837.21,,,,,USD/MT,BunkerIndex_BIX
2026-06-02,BIX_World,IFO380,726.81,,,,,USD/MT,BunkerIndex_BIX
2026-06-02,BIX_World,MGO,1385.45,,,,,USD/MT,BunkerIndex_BIX
2026-06-02,BIX_World,VLSFO,877.75,,,,,USD/MT,BunkerIndex_BIX
2026-06-02,BIX_World3,IFO380,642.17,,,,,USD/MT,BunkerIndex_BIX
2026-06-02,BIX_World3,MGO,1227.33,,,,,USD/MT,BunkerIndex_BIX
2026-06-02,BIX_World3,VLSFO,839,,,,,USD/MT,BunkerIndex_BIX
2026-06-03,BIX_APAC,IFO380,784.45,,,,,USD/MT,BunkerIndex_BIX
2026-06-03,BIX_APAC,MGO,1415.59,,,,,USD/MT,BunkerIndex_BIX
2026-06-03,BIX_APAC,VLSFO,915.44,,,,,USD/MT,BunkerIndex_BIX
2026-06-03,BIX_Americas,IFO380,714.68,,,,,USD/MT,BunkerIndex_BIX
2026-06-03,BIX_Americas,MGO,1525.7,,,,,USD/MT,BunkerIndex_BIX
2026-06-03,BIX_Americas,VLSFO,884.6,,,,,USD/MT,BunkerIndex_BIX
2026-06-03,BIX_EMEA,IFO380,694.75,,,,,USD/MT,BunkerIndex_BIX
2026-06-03,BIX_EMEA,MGO,1278.58,,,,,USD/MT,BunkerIndex_BIX
2026-06-03,BIX_EMEA,VLSFO,838.74,,,,,USD/MT,BunkerIndex_BIX
2026-06-03,BIX_World,IFO380,729.28,,,,,USD/MT,BunkerIndex_BIX
2026-06-03,BIX_World,MGO,1403.39,,,,,USD/MT,BunkerIndex_BIX
2026-06-03,BIX_World,VLSFO,881.15,,,,,USD/MT,BunkerIndex_BIX
2026-06-03,BIX_World3,IFO380,652.83,,,,,USD/MT,BunkerIndex_BIX
2026-06-03,BIX_World3,MGO,1252.5,,,,,USD/MT,BunkerIndex_BIX
2026-06-03,BIX_World3,VLSFO,886.5,,,,,USD/MT,BunkerIndex_BIX
2026-06-04,BIX_APAC,IFO380,766.53,,,,,USD/MT,BunkerIndex_BIX
2026-06-04,BIX_APAC,MGO,1390.57,,,,,USD/MT,BunkerIndex_BIX
2026-06-04,BIX_APAC,VLSFO,904.08,,,,,USD/MT,BunkerIndex_BIX
2026-06-04,BIX_Americas,IFO380,706.94,,,,,USD/MT,BunkerIndex_BIX
2026-06-04,BIX_Americas,MGO,1525.33,,,,,USD/MT,BunkerIndex_BIX
2026-06-04,BIX_Americas,VLSFO,877.31,,,,,USD/MT,BunkerIndex_BIX
2026-06-04,BIX_EMEA,IFO380,685.04,,,,,USD/MT,BunkerIndex_BIX
2026-06-04,BIX_EMEA,MGO,1275.53,,,,,USD/MT,BunkerIndex_BIX
2026-06-04,BIX_EMEA,VLSFO,834.39,,,,,USD/MT,BunkerIndex_BIX
2026-06-04,BIX_World,IFO380,717.64,,,,,USD/MT,BunkerIndex_BIX
2026-06-04,BIX_World,MGO,1395.68,,,,,USD/MT,BunkerIndex_BIX
2026-06-04,BIX_World,VLSFO,873.35,,,,,USD/MT,BunkerIndex_BIX
2026-06-04,BIX_World3,IFO380,657.5,,,,,USD/MT,BunkerIndex_BIX
2026-06-04,BIX_World3,MGO,1270.67,,,,,USD/MT,BunkerIndex_BIX
2026-06-04,BIX_World3,VLSFO,898.33,,,,,USD/MT,BunkerIndex_BIX
2026-06-05,BIX_APAC,IFO380,757.87,,,,,USD/MT,BunkerIndex_BIX
2026-06-05,BIX_APAC,MGO,1378.82,,,,,USD/MT,BunkerIndex_BIX
2026-06-05,BIX_APAC,VLSFO,899.37,,,,,USD/MT,BunkerIndex_BIX
2026-06-05,BIX_Americas,IFO380,695.51,,,,,USD/MT,BunkerIndex_BIX
2026-06-05,BIX_Americas,MGO,1493.04,,,,,USD/MT,BunkerIndex_BIX
2026-06-05,BIX_Americas,VLSFO,865.52,,,,,USD/MT,BunkerIndex_BIX
2026-06-05,BIX_EMEA,IFO380,673.75,,,,,USD/MT,BunkerIndex_BIX
2026-06-05,BIX_EMEA,MGO,1264.71,,,,,USD/MT,BunkerIndex_BIX
2026-06-05,BIX_EMEA,VLSFO,835.06,,,,,USD/MT,BunkerIndex_BIX
2026-06-05,BIX_World,IFO380,707.12,,,,,USD/MT,BunkerIndex_BIX
2026-06-05,BIX_World,MGO,1376.83,,,,,USD/MT,BunkerIndex_BIX
2026-06-05,BIX_World,VLSFO,867.88,,,,,USD/MT,BunkerIndex_BIX
2026-06-05,BIX_World3,IFO380,642.5,,,,,USD/MT,BunkerIndex_BIX
2026-06-05,BIX_World3,MGO,1262,,,,,USD/MT,BunkerIndex_BIX
2026-06-05,BIX_World3,VLSFO,912.33,,,,,USD/MT,BunkerIndex_BIX
2026-06-08,BIX_APAC,IFO380,759.5,,,,,USD/MT,BunkerIndex_BIX
2026-06-08,BIX_APAC,MGO,1356.81,,,,,USD/MT,BunkerIndex_BIX
2026-06-08,BIX_APAC,VLSFO,891.44,,,,,USD/MT,BunkerIndex_BIX
2026-06-08,BIX_Americas,IFO380,700.91,,,,,USD/MT,BunkerIndex_BIX
2026-06-08,BIX_Americas,MGO,1272.84,,,,,USD/MT,BunkerIndex_BIX
2026-06-08,BIX_Americas,VLSFO,890.36,,,,,USD/MT,BunkerIndex_BIX
2026-06-08,BIX_EMEA,IFO380,679.43,,,,,USD/MT,BunkerIndex_BIX
2026-06-08,BIX_EMEA,MGO,1271.3,,,,,USD/MT,BunkerIndex_BIX
2026-06-08,BIX_EMEA,VLSFO,845.11,,,,,USD/MT,BunkerIndex_BIX
2026-06-08,BIX_World,IFO380,711.45,,,,,USD/MT,BunkerIndex_BIX
2026-06-08,BIX_World,MGO,1293.77,,,,,USD/MT,BunkerIndex_BIX
2026-06-08,BIX_World,VLSFO,876.74,,,,,USD/MT,BunkerIndex_BIX
2026-06-08,BIX_World3,IFO380,641.5,,,,,USD/MT,BunkerIndex_BIX
2026-06-08,BIX_World3,MGO,1277.83,,,,,USD/MT,BunkerIndex_BIX
2026-06-08,BIX_World3,VLSFO,926.83,,,,,USD/MT,BunkerIndex_BIX
2026-06-09,BIX_APAC,IFO380,754.79,,,,,USD/MT,BunkerIndex_BIX
2026-06-09,BIX_APAC,MGO,1357.57,,,,,USD/MT,BunkerIndex_BIX
2026-06-09,BIX_APAC,VLSFO,892.01,,,,,USD/MT,BunkerIndex_BIX
2026-06-09,BIX_Americas,IFO380,697.19,,,,,USD/MT,BunkerIndex_BIX
2026-06-09,BIX_Americas,MGO,1255.41,,,,,USD/MT,BunkerIndex_BIX
2026-06-09,BIX_Americas,VLSFO,881.45,,,,,USD/MT,BunkerIndex_BIX
2026-06-09,BIX_EMEA,IFO380,660.89,,,,,USD/MT,BunkerIndex_BIX
2026-06-09,BIX_EMEA,MGO,1259.62,,,,,USD/MT,BunkerIndex_BIX
2026-06-09,BIX_EMEA,VLSFO,822.04,,,,,USD/MT,BunkerIndex_BIX
2026-06-09,BIX_World,IFO380,702.03,,,,,USD/MT,BunkerIndex_BIX
2026-06-09,BIX_World,MGO,1283.19,,,,,USD/MT,BunkerIndex_BIX
2026-06-09,BIX_World,VLSFO,866.74,,,,,USD/MT,BunkerIndex_BIX
2026-06-09,BIX_World3,IFO380,637.5,,,,,USD/MT,BunkerIndex_BIX
2026-06-09,BIX_World3,MGO,1244.67,,,,,USD/MT,BunkerIndex_BIX
2026-06-09,BIX_World3,VLSFO,893.17,,,,,USD/MT,BunkerIndex_BIX
2026-06-10,BIX_APAC,IFO380,741.34,,,,,USD/MT,BunkerIndex_BIX
2026-06-10,BIX_APAC,MGO,1335.24,,,,,USD/MT,BunkerIndex_BIX
2026-06-10,BIX_APAC,VLSFO,873.63,,,,,USD/MT,BunkerIndex_BIX
2026-06-10,BIX_Americas,IFO380,699.65,,,,,USD/MT,BunkerIndex_BIX
2026-06-10,BIX_Americas,MGO,1252.2,,,,,USD/MT,BunkerIndex_BIX
2026-06-10,BIX_Americas,VLSFO,876.37,,,,,USD/MT,BunkerIndex_BIX
2026-06-10,BIX_EMEA,IFO380,655.83,,,,,USD/MT,BunkerIndex_BIX
2026-06-10,BIX_EMEA,MGO,1225.44,,,,,USD/MT,BunkerIndex_BIX
2026-06-10,BIX_EMEA,VLSFO,817.57,,,,,USD/MT,BunkerIndex_BIX
2026-06-10,BIX_World,IFO380,696.77,,,,,USD/MT,BunkerIndex_BIX
2026-06-10,BIX_World,MGO,1263.28,,,,,USD/MT,BunkerIndex_BIX
2026-06-10,BIX_World,VLSFO,857.23,,,,,USD/MT,BunkerIndex_BIX
2026-06-10,BIX_World3,IFO380,623.83,,,,,USD/MT,BunkerIndex_BIX
2026-06-10,BIX_World3,MGO,1233,,,,,USD/MT,BunkerIndex_BIX
2026-06-10,BIX_World3,VLSFO,876.33,,,,,USD/MT,BunkerIndex_BIX
2026-06-11,BIX_APAC,IFO380,744.97,,,,,USD/MT,BunkerIndex_BIX
2026-06-11,BIX_APAC,MGO,1338.69,,,,,USD/MT,BunkerIndex_BIX
2026-06-11,BIX_APAC,VLSFO,871.52,,,,,USD/MT,BunkerIndex_BIX
2026-06-11,BIX_Americas,IFO380,696.96,,,,,USD/MT,BunkerIndex_BIX
2026-06-11,BIX_Americas,MGO,1251.7,,,,,USD/MT,BunkerIndex_BIX
2026-06-11,BIX_Americas,VLSFO,873.35,,,,,USD/MT,BunkerIndex_BIX
2026-06-11,BIX_EMEA,IFO380,656.11,,,,,USD/MT,BunkerIndex_BIX
2026-06-11,BIX_EMEA,MGO,1222.82,,,,,USD/MT,BunkerIndex_BIX
2026-06-11,BIX_EMEA,VLSFO,819.57,,,,,USD/MT,BunkerIndex_BIX
2026-06-11,BIX_World,IFO380,697.14,,,,,USD/MT,BunkerIndex_BIX
2026-06-11,BIX_World,MGO,1263,,,,,USD/MT,BunkerIndex_BIX
2026-06-11,BIX_World,VLSFO,856.07,,,,,USD/MT,BunkerIndex_BIX
2026-06-11,BIX_World3,IFO380,620.5,,,,,USD/MT,BunkerIndex_BIX
2026-06-11,BIX_World3,MGO,1225.83,,,,,USD/MT,BunkerIndex_BIX
2026-06-11,BIX_World3,VLSFO,894.5,,,,,USD/MT,BunkerIndex_BIX
2026-06-12,BIX_APAC,IFO380,723.39,,,,,USD/MT,BunkerIndex_BIX
2026-06-12,BIX_APAC,MGO,1325.92,,,,,USD/MT,BunkerIndex_BIX
2026-06-12,BIX_APAC,VLSFO,868.55,,,,,USD/MT,BunkerIndex_BIX
2026-06-12,BIX_Americas,IFO380,681.3,,,,,USD/MT,BunkerIndex_BIX
2026-06-12,BIX_Americas,MGO,1231.99,,,,,USD/MT,BunkerIndex_BIX
2026-06-12,BIX_Americas,VLSFO,861.85,,,,,USD/MT,BunkerIndex_BIX
2026-06-12,BIX_EMEA,IFO380,629.85,,,,,USD/MT,BunkerIndex_BIX
2026-06-12,BIX_EMEA,MGO,1181.17,,,,,USD/MT,BunkerIndex_BIX
2026-06-12,BIX_EMEA,VLSFO,802.46,,,,,USD/MT,BunkerIndex_BIX
2026-06-12,BIX_World,IFO380,675.77,,,,,USD/MT,BunkerIndex_BIX
2026-06-12,BIX_World,MGO,1236.71,,,,,USD/MT,BunkerIndex_BIX
2026-06-12,BIX_World,VLSFO,845.81,,,,,USD/MT,BunkerIndex_BIX
2026-06-12,BIX_World3,IFO380,597,,,,,USD/MT,BunkerIndex_BIX
2026-06-12,BIX_World3,MGO,1202.5,,,,,USD/MT,BunkerIndex_BIX
2026-06-12,BIX_World3,VLSFO,882.67,,,,,USD/MT,BunkerIndex_BIX
2026-06-15,BIX_APAC,IFO380,707.13,,,,,USD/MT,BunkerIndex_BIX
2026-06-15,BIX_APAC,MGO,1318.01,,,,,USD/MT,BunkerIndex_BIX
2026-06-15,BIX_APAC,VLSFO,850.7,,,,,USD/MT,BunkerIndex_BIX
2026-06-15,BIX_Americas,IFO380,670.12,,,,,USD/MT,BunkerIndex_BIX
2026-06-15,BIX_Americas,MGO,1212.62,,,,,USD/MT,BunkerIndex_BIX
2026-06-15,BIX_Americas,VLSFO,840.6,,,,,USD/MT,BunkerIndex_BIX
2026-06-15,BIX_EMEA,IFO380,620.88,,,,,USD/MT,BunkerIndex_BIX
2026-06-15,BIX_EMEA,MGO,1159.69,,,,,USD/MT,BunkerIndex_BIX
2026-06-15,BIX_EMEA,VLSFO,784.68,,,,,USD/MT,BunkerIndex_BIX
2026-06-15,BIX_World,IFO380,663.8,,,,,USD/MT,BunkerIndex_BIX
2026-06-15,BIX_World,MGO,1219.47,,,,,USD/MT,BunkerIndex_BIX
2026-06-15,BIX_World,VLSFO,826.81,,,,,USD/MT,BunkerIndex_BIX
2026-06-15,BIX_World3,IFO380,584.17,,,,,USD/MT,BunkerIndex_BIX
2026-06-15,BIX_World3,MGO,1164.33,,,,,USD/MT,BunkerIndex_BIX
2026-06-15,BIX_World3,VLSFO,850.33,,,,,USD/MT,BunkerIndex_BIX
2026-06-16,BIX_APAC,IFO380,688.53,,,,,USD/MT,BunkerIndex_BIX
2026-06-16,BIX_APAC,MGO,1307.2,,,,,USD/MT,BunkerIndex_BIX
2026-06-16,BIX_APAC,VLSFO,839.21,,,,,USD/MT,BunkerIndex_BIX
2026-06-16,BIX_Americas,IFO380,671.8,,,,,USD/MT,BunkerIndex_BIX
2026-06-16,BIX_Americas,MGO,1199.33,,,,,USD/MT,BunkerIndex_BIX
2026-06-16,BIX_Americas,VLSFO,834.63,,,,,USD/MT,BunkerIndex_BIX
2026-06-16,BIX_EMEA,IFO380,604.39,,,,,USD/MT,BunkerIndex_BIX
2026-06-16,BIX_EMEA,MGO,1136.85,,,,,USD/MT,BunkerIndex_BIX
2026-06-16,BIX_EMEA,VLSFO,759.15,,,,,USD/MT,BunkerIndex_BIX
2026-06-16,BIX_World,IFO380,652.53,,,,,USD/MT,BunkerIndex_BIX
2026-06-16,BIX_World,MGO,1203.18,,,,,USD/MT,BunkerIndex_BIX
2026-06-16,BIX_World,VLSFO,812.87,,,,,USD/MT,BunkerIndex_BIX
2026-06-16,BIX_World3,IFO380,572,,,,,USD/MT,BunkerIndex_BIX
2026-06-16,BIX_World3,MGO,1143.17,,,,,USD/MT,BunkerIndex_BIX
2026-06-16,BIX_World3,VLSFO,843,,,,,USD/MT,BunkerIndex_BIX
2026-06-17,BIX_APAC,IFO380,665.27,,,,,USD/MT,BunkerIndex_BIX
2026-06-17,BIX_APAC,MGO,1282.75,,,,,USD/MT,BunkerIndex_BIX
2026-06-17,BIX_APAC,VLSFO,824.3,,,,,USD/MT,BunkerIndex_BIX
2026-06-17,BIX_Americas,IFO380,655.82,,,,,USD/MT,BunkerIndex_BIX
2026-06-17,BIX_Americas,MGO,1188.13,,,,,USD/MT,BunkerIndex_BIX
2026-06-17,BIX_Americas,VLSFO,819.01,,,,,USD/MT,BunkerIndex_BIX
2026-06-17,BIX_EMEA,IFO380,593.92,,,,,USD/MT,BunkerIndex_BIX
2026-06-17,BIX_EMEA,MGO,1110.82,,,,,USD/MT,BunkerIndex_BIX
2026-06-17,BIX_EMEA,VLSFO,767.32,,,,,USD/MT,BunkerIndex_BIX
2026-06-17,BIX_World,IFO380,636.27,,,,,USD/MT,BunkerIndex_BIX
2026-06-17,BIX_World,MGO,1182.93,,,,,USD/MT,BunkerIndex_BIX
2026-06-17,BIX_World,VLSFO,804.86,,,,,USD/MT,BunkerIndex_BIX
2026-06-17,BIX_World3,IFO380,554.5,,,,,USD/MT,BunkerIndex_BIX
2026-06-17,BIX_World3,MGO,1118.5,,,,,USD/MT,BunkerIndex_BIX
2026-06-17,BIX_World3,VLSFO,828.5,,,,,USD/MT,BunkerIndex_BIX
2026-06-18,BIX_APAC,IFO380,645.76,,,,,USD/MT,BunkerIndex_BIX
2026-06-18,BIX_APAC,MGO,1242.44,,,,,USD/MT,BunkerIndex_BIX
2026-06-18,BIX_APAC,VLSFO,803.33,,,,,USD/MT,BunkerIndex_BIX
2026-06-18,BIX_Americas,IFO380,645.29,,,,,USD/MT,BunkerIndex_BIX
2026-06-18,BIX_Americas,MGO,1174.49,,,,,USD/MT,BunkerIndex_BIX
2026-06-18,BIX_Americas,VLSFO,801.86,,,,,USD/MT,BunkerIndex_BIX
2026-06-18,BIX_EMEA,IFO380,565.72,,,,,USD/MT,BunkerIndex_BIX
2026-06-18,BIX_EMEA,MGO,1087.29,,,,,USD/MT,BunkerIndex_BIX
2026-06-18,BIX_EMEA,VLSFO,745.36,,,,,USD/MT,BunkerIndex_BIX
2026-06-18,BIX_World,IFO380,616.5,,,,,USD/MT,BunkerIndex_BIX
2026-06-18,BIX_World,MGO,1158.45,,,,,USD/MT,BunkerIndex_BIX
2026-06-18,BIX_World,VLSFO,784.89,,,,,USD/MT,BunkerIndex_BIX
2026-06-18,BIX_World3,IFO380,520.67,,,,,USD/MT,BunkerIndex_BIX
2026-06-18,BIX_World3,MGO,1083.67,,,,,USD/MT,BunkerIndex_BIX
2026-06-18,BIX_World3,VLSFO,814.83,,,,,USD/MT,BunkerIndex_BIX
2026-06-19,BIX_APAC,IFO380,647.68,,,,,USD/MT,BunkerIndex_BIX
2026-06-19,BIX_APAC,MGO,1228.06,,,,,USD/MT,BunkerIndex_BIX
2026-06-19,BIX_APAC,VLSFO,801.98,,,,,USD/MT,BunkerIndex_BIX
2026-06-19,BIX_Americas,IFO380,638.23,,,,,USD/MT,BunkerIndex_BIX
2026-06-19,BIX_Americas,MGO,1162.54,,,,,USD/MT,BunkerIndex_BIX
2026-06-19,BIX_Americas,VLSFO,790.23,,,,,USD/MT,BunkerIndex_BIX
2026-06-19,BIX_EMEA,IFO380,572.6,,,,,USD/MT,BunkerIndex_BIX
2026-06-19,BIX_EMEA,MGO,1076.03,,,,,USD/MT,BunkerIndex_BIX
2026-06-19,BIX_EMEA,VLSFO,748.19,,,,,USD/MT,BunkerIndex_BIX
2026-06-19,BIX_World,IFO380,617.32,,,,,USD/MT,BunkerIndex_BIX
2026-06-19,BIX_World,MGO,1146.38,,,,,USD/MT,BunkerIndex_BIX
2026-06-19,BIX_World,VLSFO,781.31,,,,,USD/MT,BunkerIndex_BIX
2026-06-19,BIX_World3,IFO380,537.5,,,,,USD/MT,BunkerIndex_BIX
2026-06-19,BIX_World3,MGO,1075.83,,,,,USD/MT,BunkerIndex_BIX
2026-06-19,BIX_World3,VLSFO,816.5,,,,,USD/MT,BunkerIndex_BIX
2026-06-22,BIX_APAC,IFO380,652.98,,,,,USD/MT,BunkerIndex_BIX
2026-06-22,BIX_APAC,MGO,1232.55,,,,,USD/MT,BunkerIndex_BIX
2026-06-22,BIX_APAC,VLSFO,814.86,,,,,USD/MT,BunkerIndex_BIX
2026-06-22,BIX_Americas,IFO380,636.8,,,,,USD/MT,BunkerIndex_BIX
2026-06-22,BIX_Americas,MGO,1164.24,,,,,USD/MT,BunkerIndex_BIX
2026-06-22,BIX_Americas,VLSFO,791.44,,,,,USD/MT,BunkerIndex_BIX
2026-06-22,BIX_EMEA,IFO380,572.08,,,,,USD/MT,BunkerIndex_BIX
2026-06-22,BIX_EMEA,MGO,1090.97,,,,,USD/MT,BunkerIndex_BIX
2026-06-22,BIX_EMEA,VLSFO,748.69,,,,,USD/MT,BunkerIndex_BIX
2026-06-22,BIX_World,IFO380,618.34,,,,,USD/MT,BunkerIndex_BIX
2026-06-22,BIX_World,MGO,1153.84,,,,,USD/MT,BunkerIndex_BIX
2026-06-22,BIX_World,VLSFO,786.36,,,,,USD/MT,BunkerIndex_BIX
2026-06-22,BIX_World3,IFO380,542.67,,,,,USD/MT,BunkerIndex_BIX
2026-06-22,BIX_World3,MGO,1091.5,,,,,USD/MT,BunkerIndex_BIX
2026-06-22,BIX_World3,VLSFO,800.83,,,,,USD/MT,BunkerIndex_BIX
2026-06-23,BIX_APAC,IFO380,638.19,,,,,USD/MT,BunkerIndex_BIX
2026-06-23,BIX_APAC,MGO,1234.23,,,,,USD/MT,BunkerIndex_BIX
2026-06-23,BIX_APAC,VLSFO,809.82,,,,,USD/MT,BunkerIndex_BIX
2026-06-23,BIX_Americas,IFO380,632.62,,,,,USD/MT,BunkerIndex_BIX
2026-06-23,BIX_Americas,MGO,1155.41,,,,,USD/MT,BunkerIndex_BIX
2026-06-23,BIX_Americas,VLSFO,785.28,,,,,USD/MT,BunkerIndex_BIX
2026-06-23,BIX_EMEA,IFO380,556.64,,,,,USD/MT,BunkerIndex_BIX
2026-06-23,BIX_EMEA,MGO,1056.08,,,,,USD/MT,BunkerIndex_BIX
2026-06-23,BIX_EMEA,VLSFO,737.86,,,,,USD/MT,BunkerIndex_BIX
2026-06-23,BIX_World,IFO380,606.73,,,,,USD/MT,BunkerIndex_BIX
2026-06-23,BIX_World,MGO,1137.78,,,,,USD/MT,BunkerIndex_BIX
2026-06-23,BIX_World,VLSFO,779.15,,,,,USD/MT,BunkerIndex_BIX
2026-06-23,BIX_World3,IFO380,509.83,,,,,USD/MT,BunkerIndex_BIX
2026-06-23,BIX_World3,MGO,1061.5,,,,,USD/MT,BunkerIndex_BIX
2026-06-23,BIX_World3,VLSFO,775.17,,,,,USD/MT,BunkerIndex_BIX
2026-06-24,BIX_APAC,IFO380,634.24,,,,,USD/MT,BunkerIndex_BIX
2026-06-24,BIX_APAC,MGO,1219.19,,,,,USD/MT,BunkerIndex_BIX
2026-06-24,BIX_APAC,VLSFO,806.11,,,,,USD/MT,BunkerIndex_BIX
2026-06-24,BIX_Americas,IFO380,625.49,,,,,USD/MT,BunkerIndex_BIX
2026-06-24,BIX_Americas,MGO,1153.71,,,,,USD/MT,BunkerIndex_BIX
2026-06-24,BIX_Americas,VLSFO,777.35,,,,,USD/MT,BunkerIndex_BIX
2026-06-24,BIX_EMEA,IFO380,552.71,,,,,USD/MT,BunkerIndex_BIX
2026-06-24,BIX_EMEA,MGO,1057.85,,,,,USD/MT,BunkerIndex_BIX
2026-06-24,BIX_EMEA,VLSFO,737.87,,,,,USD/MT,BunkerIndex_BIX
2026-06-24,BIX_World,IFO380,601.76,,,,,USD/MT,BunkerIndex_BIX
2026-06-24,BIX_World,MGO,1133.99,,,,,USD/MT,BunkerIndex_BIX
2026-06-24,BIX_World,VLSFO,775.15,,,,,USD/MT,BunkerIndex_BIX
2026-06-24,BIX_World3,IFO380,502.5,,,,,USD/MT,BunkerIndex_BIX
2026-06-24,BIX_World3,MGO,1047.33,,,,,USD/MT,BunkerIndex_BIX
2026-06-24,BIX_World3,VLSFO,777.67,,,,,USD/MT,BunkerIndex_BIX
2026-06-25,BIX_APAC,IFO380,622.26,,,,,USD/MT,BunkerIndex_BIX
2026-06-25,BIX_APAC,MGO,1200.24,,,,,USD/MT,BunkerIndex_BIX
2026-06-25,BIX_APAC,VLSFO,801.6,,,,,USD/MT,BunkerIndex_BIX
2026-06-25,BIX_Americas,IFO380,623.55,,,,,USD/MT,BunkerIndex_BIX
2026-06-25,BIX_Americas,MGO,1182.6,,,,,USD/MT,BunkerIndex_BIX
2026-06-25,BIX_Americas,VLSFO,780.71,,,,,USD/MT,BunkerIndex_BIX
2026-06-25,BIX_EMEA,IFO380,546.47,,,,,USD/MT,BunkerIndex_BIX
2026-06-25,BIX_EMEA,MGO,1059.61,,,,,USD/MT,BunkerIndex_BIX
2026-06-25,BIX_EMEA,VLSFO,727.77,,,,,USD/MT,BunkerIndex_BIX
2026-06-25,BIX_World,IFO380,595.12,,,,,USD/MT,BunkerIndex_BIX
2026-06-25,BIX_World,MGO,1140.29,,,,,USD/MT,BunkerIndex_BIX
2026-06-25,BIX_World,VLSFO,771.6,,,,,USD/MT,BunkerIndex_BIX
2026-06-25,BIX_World3,IFO380,489,,,,,USD/MT,BunkerIndex_BIX
2026-06-25,BIX_World3,MGO,1025,,,,,USD/MT,BunkerIndex_BIX
2026-06-25,BIX_World3,VLSFO,752.17,,,,,USD/MT,BunkerIndex_BIX
2026-06-26,BIX_APAC,IFO380,617.45,,,,,USD/MT,BunkerIndex_BIX
2026-06-26,BIX_APAC,MGO,1202.26,,,,,USD/MT,BunkerIndex_BIX
2026-06-26,BIX_APAC,VLSFO,798.16,,,,,USD/MT,BunkerIndex_BIX
2026-06-26,BIX_Americas,IFO380,616.19,,,,,USD/MT,BunkerIndex_BIX
2026-06-26,BIX_Americas,MGO,1159.82,,,,,USD/MT,BunkerIndex_BIX
2026-06-26,BIX_Americas,VLSFO,768.73,,,,,USD/MT,BunkerIndex_BIX
2026-06-26,BIX_EMEA,IFO380,540.49,,,,,USD/MT,BunkerIndex_BIX
2026-06-26,BIX_EMEA,MGO,1053.52,,,,,USD/MT,BunkerIndex_BIX
2026-06-26,BIX_EMEA,VLSFO,727.3,,,,,USD/MT,BunkerIndex_BIX
2026-06-26,BIX_World,IFO380,589.06,,,,,USD/MT,BunkerIndex_BIX
2026-06-26,BIX_World,MGO,1130.22,,,,,USD/MT,BunkerIndex_BIX
2026-06-26,BIX_World,VLSFO,766.16,,,,,USD/MT,BunkerIndex_BIX
2026-06-26,BIX_World3,IFO380,493.17,,,,,USD/MT,BunkerIndex_BIX
2026-06-26,BIX_World3,MGO,1035,,,,,USD/MT,BunkerIndex_BIX
2026-06-26,BIX_World3,VLSFO,747.33,,,,,USD/MT,BunkerIndex_BIX
2026-06-29,BIX_APAC,IFO380,613.61,,,,,USD/MT,BunkerIndex_BIX
2026-06-29,BIX_APAC,MGO,1198.45,,,,,USD/MT,BunkerIndex_BIX
2026-06-29,BIX_APAC,VLSFO,798.52,,,,,USD/MT,BunkerIndex_BIX
2026-06-29,BIX_Americas,IFO380,612.6,,,,,USD/MT,BunkerIndex_BIX
2026-06-29,BIX_Americas,MGO,1168.14,,,,,USD/MT,BunkerIndex_BIX
2026-06-29,BIX_Americas,VLSFO,762.01,,,,,USD/MT,BunkerIndex_BIX
2026-06-29,BIX_EMEA,IFO380,530.65,,,,,USD/MT,BunkerIndex_BIX
2026-06-29,BIX_EMEA,MGO,1049.13,,,,,USD/MT,BunkerIndex_BIX
2026-06-29,BIX_EMEA,VLSFO,705.95,,,,,USD/MT,BunkerIndex_BIX
2026-06-29,BIX_World,IFO380,583.12,,,,,USD/MT,BunkerIndex_BIX
2026-06-29,BIX_World,MGO,1130.59,,,,,USD/MT,BunkerIndex_BIX
2026-06-29,BIX_World,VLSFO,757.37,,,,,USD/MT,BunkerIndex_BIX
2026-06-29,BIX_World3,IFO380,486,,,,,USD/MT,BunkerIndex_BIX
2026-06-29,BIX_World3,MGO,1015.5,,,,,USD/MT,BunkerIndex_BIX
2026-06-29,BIX_World3,VLSFO,730,,,,,USD/MT,BunkerIndex_BIX
2026-06-30,BIX_APAC,IFO380,611.23,,,,,USD/MT,BunkerIndex_BIX
2026-06-30,BIX_APAC,MGO,1202.88,,,,,USD/MT,BunkerIndex_BIX
2026-06-30,BIX_APAC,VLSFO,805.46,,,,,USD/MT,BunkerIndex_BIX
2026-06-30,BIX_Americas,IFO380,613.91,,,,,USD/MT,BunkerIndex_BIX
2026-06-30,BIX_Americas,MGO,1135.29,,,,,USD/MT,BunkerIndex_BIX
2026-06-30,BIX_Americas,VLSFO,771.24,,,,,USD/MT,BunkerIndex_BIX
2026-06-30,BIX_EMEA,IFO380,530.06,,,,,USD/MT,BunkerIndex_BIX
2026-06-30,BIX_EMEA,MGO,1041.11,,,,,USD/MT,BunkerIndex_BIX
2026-06-30,BIX_EMEA,VLSFO,699.8,,,,,USD/MT,BunkerIndex_BIX
2026-06-30,BIX_World,IFO380,582.58,,,,,USD/MT,BunkerIndex_BIX
2026-06-30,BIX_World,MGO,1116.74,,,,,USD/MT,BunkerIndex_BIX
2026-06-30,BIX_World,VLSFO,761.05,,,,,USD/MT,BunkerIndex_BIX
2026-06-30,BIX_World3,IFO380,483.33,,,,,USD/MT,BunkerIndex_BIX
2026-06-30,BIX_World3,MGO,1031.5,,,,,USD/MT,BunkerIndex_BIX
2026-06-30,BIX_World3,VLSFO,717.33,,,,,USD/MT,BunkerIndex_BIX
2026-07-01,BIX_APAC,IFO380,609.53,,,,,USD/MT,BunkerIndex_BIX
2026-07-01,BIX_APAC,MGO,1200.3,,,,,USD/MT,BunkerIndex_BIX
2026-07-01,BIX_APAC,VLSFO,805.2,,,,,USD/MT,BunkerIndex_BIX
2026-07-01,BIX_Americas,IFO380,612.82,,,,,USD/MT,BunkerIndex_BIX
2026-07-01,BIX_Americas,MGO,1134.51,,,,,USD/MT,BunkerIndex_BIX
2026-07-01,BIX_Americas,VLSFO,772.04,,,,,USD/MT,BunkerIndex_BIX
2026-07-01,BIX_EMEA,IFO380,531.38,,,,,USD/MT,BunkerIndex_BIX
2026-07-01,BIX_EMEA,MGO,1061.62,,,,,USD/MT,BunkerIndex_BIX
2026-07-01,BIX_EMEA,VLSFO,705.86,,,,,USD/MT,BunkerIndex_BIX
2026-07-01,BIX_World,IFO380,582.17,,,,,USD/MT,BunkerIndex_BIX
2026-07-01,BIX_World,MGO,1123.88,,,,,USD/MT,BunkerIndex_BIX
2026-07-01,BIX_World,VLSFO,763.1,,,,,USD/MT,BunkerIndex_BIX
2026-07-01,BIX_World3,IFO380,475,,,,,USD/MT,BunkerIndex_BIX
2026-07-01,BIX_World3,MGO,1035.17,,,,,USD/MT,BunkerIndex_BIX
2026-07-01,BIX_World3,VLSFO,712.67,,,,,USD/MT,BunkerIndex_BIX
2026-07-02,BIX_APAC,IFO380,603.74,,,,,USD/MT,BunkerIndex_BIX
2026-07-02,BIX_APAC,MGO,1179.31,,,,,USD/MT,BunkerIndex_BIX
2026-07-02,BIX_APAC,VLSFO,791.46,,,,,USD/MT,BunkerIndex_BIX
2026-07-02,BIX_Americas,IFO380,610.63,,,,,USD/MT,BunkerIndex_BIX
2026-07-02,BIX_Americas,MGO,1130.49,,,,,USD/MT,BunkerIndex_BIX
2026-07-02,BIX_Americas,VLSFO,758.4,,,,,USD/MT,BunkerIndex_BIX
2026-07-02,BIX_EMEA,IFO380,525.03,,,,,USD/MT,BunkerIndex_BIX
2026-07-02,BIX_EMEA,MGO,1061.13,,,,,USD/MT,BunkerIndex_BIX
2026-07-02,BIX_EMEA,VLSFO,698.22,,,,,USD/MT,BunkerIndex_BIX
2026-07-02,BIX_World,IFO380,577.35,,,,,USD/MT,BunkerIndex_BIX
2026-07-02,BIX_World,MGO,1116.59,,,,,USD/MT,BunkerIndex_BIX
2026-07-02,BIX_World,VLSFO,751.29,,,,,USD/MT,BunkerIndex_BIX
2026-07-02,BIX_World3,IFO380,463.5,,,,,USD/MT,BunkerIndex_BIX
2026-07-02,BIX_World3,MGO,1007.83,,,,,USD/MT,BunkerIndex_BIX
2026-07-02,BIX_World3,VLSFO,671.83,,,,,USD/MT,BunkerIndex_BIX
2026-07-03,BIX_APAC,IFO380,586.02,,,,,USD/MT,BunkerIndex_BIX
2026-07-03,BIX_APAC,MGO,1162.6,,,,,USD/MT,BunkerIndex_BIX
2026-07-03,BIX_APAC,VLSFO,783.21,,,,,USD/MT,BunkerIndex_BIX
2026-07-03,BIX_Americas,IFO380,589.52,,,,,USD/MT,BunkerIndex_BIX
2026-07-03,BIX_Americas,MGO,1101.86,,,,,USD/MT,BunkerIndex_BIX
2026-07-03,BIX_Americas,VLSFO,740,,,,,USD/MT,BunkerIndex_BIX
2026-07-03,BIX_EMEA,IFO380,524.82,,,,,USD/MT,BunkerIndex_BIX
2026-07-03,BIX_EMEA,MGO,1071.92,,,,,USD/MT,BunkerIndex_BIX
2026-07-03,BIX_EMEA,VLSFO,694.59,,,,,USD/MT,BunkerIndex_BIX
2026-07-03,BIX_World,IFO380,564.9,,,,,USD/MT,BunkerIndex_BIX
2026-07-03,BIX_World,MGO,1106.02,,,,,USD/MT,BunkerIndex_BIX
2026-07-03,BIX_World,VLSFO,740.99,,,,,USD/MT,BunkerIndex_BIX
2026-07-03,BIX_World3,IFO380,459.83,,,,,USD/MT,BunkerIndex_BIX
2026-07-03,BIX_World3,MGO,1014.83,,,,,USD/MT,BunkerIndex_BIX
2026-07-03,BIX_World3,VLSFO,643.17,,,,,USD/MT,BunkerIndex_BIX
2026-07-06,BIX_APAC,IFO380,580.42,,,,,USD/MT,BunkerIndex_BIX
2026-07-06,BIX_APAC,MGO,1157.4,,,,,USD/MT,BunkerIndex_BIX
2026-07-06,BIX_APAC,VLSFO,781.13,,,,,USD/MT,BunkerIndex_BIX
2026-07-06,BIX_Americas,IFO380,589.57,,,,,USD/MT,BunkerIndex_BIX
2026-07-06,BIX_Americas,MGO,1106.31,,,,,USD/MT,BunkerIndex_BIX
2026-07-06,BIX_Americas,VLSFO,738.69,,,,,USD/MT,BunkerIndex_BIX
2026-07-06,BIX_EMEA,IFO380,521.85,,,,,USD/MT,BunkerIndex_BIX
2026-07-06,BIX_EMEA,MGO,1077.78,,,,,USD/MT,BunkerIndex_BIX
2026-07-06,BIX_EMEA,VLSFO,690.16,,,,,USD/MT,BunkerIndex_BIX
2026-07-06,BIX_World,IFO380,562.08,,,,,USD/MT,BunkerIndex_BIX
2026-07-06,BIX_World,MGO,1108.54,,,,,USD/MT,BunkerIndex_BIX
2026-07-06,BIX_World,VLSFO,738.45,,,,,USD/MT,BunkerIndex_BIX
2026-07-06,BIX_World3,IFO380,459.67,,,,,USD/MT,BunkerIndex_BIX
2026-07-06,BIX_World3,MGO,1015.5,,,,,USD/MT,BunkerIndex_BIX
2026-07-06,BIX_World3,VLSFO,635.67,,,,,USD/MT,BunkerIndex_BIX
2026-07-07,BIX_APAC,IFO380,584.08,,,,,USD/MT,BunkerIndex_BIX
2026-07-07,BIX_APAC,MGO,1155.75,,,,,USD/MT,BunkerIndex_BIX
2026-07-07,BIX_APAC,VLSFO,777.58,,,,,USD/MT,BunkerIndex_BIX
2026-07-07,BIX_Americas,IFO380,591.21,,,,,USD/MT,BunkerIndex_BIX
2026-07-07,BIX_Americas,MGO,1105.63,,,,,USD/MT,BunkerIndex_BIX
2026-07-07,BIX_Americas,VLSFO,737.22,,,,,USD/MT,BunkerIndex_BIX
2026-07-07,BIX_EMEA,IFO380,521.9,,,,,USD/MT,BunkerIndex_BIX
2026-07-07,BIX_EMEA,MGO,1088.83,,,,,USD/MT,BunkerIndex_BIX
2026-07-07,BIX_EMEA,VLSFO,688.04,,,,,USD/MT,BunkerIndex_BIX
2026-07-07,BIX_World,IFO380,563.77,,,,,USD/MT,BunkerIndex_BIX
2026-07-07,BIX_World,MGO,1112.07,,,,,USD/MT,BunkerIndex_BIX
2026-07-07,BIX_World,VLSFO,736.05,,,,,USD/MT,BunkerIndex_BIX
2026-07-07,BIX_World3,IFO380,455.5,,,,,USD/MT,BunkerIndex_BIX
2026-07-07,BIX_World3,MGO,1006.67,,,,,USD/MT,BunkerIndex_BIX
2026-07-07,BIX_World3,VLSFO,618.33,,,,,USD/MT,BunkerIndex_BIX
2026-07-08,BIX_APAC,IFO380,599.89,,,,,USD/MT,BunkerIndex_BIX
2026-07-08,BIX_APAC,MGO,1166.35,,,,,USD/MT,BunkerIndex_BIX
2026-07-08,BIX_APAC,VLSFO,789.97,,,,,USD/MT,BunkerIndex_BIX
2026-07-08,BIX_Americas,IFO380,619.49,,,,,USD/MT,BunkerIndex_BIX
2026-07-08,BIX_Americas,MGO,1139,,,,,USD/MT,BunkerIndex_BIX
2026-07-08,BIX_Americas,VLSFO,769.31,,,,,USD/MT,BunkerIndex_BIX
2026-07-08,BIX_EMEA,IFO380,538.29,,,,,USD/MT,BunkerIndex_BIX
2026-07-08,BIX_EMEA,MGO,1118.42,,,,,USD/MT,BunkerIndex_BIX
2026-07-08,BIX_EMEA,VLSFO,697.78,,,,,USD/MT,BunkerIndex_BIX
2026-07-08,BIX_World,IFO380,583.83,,,,,USD/MT,BunkerIndex_BIX
2026-07-08,BIX_World,MGO,1138.1,,,,,USD/MT,BunkerIndex_BIX
2026-07-08,BIX_World,VLSFO,754.37,,,,,USD/MT,BunkerIndex_BIX
2026-07-08,BIX_World3,IFO380,468.33,,,,,USD/MT,BunkerIndex_BIX
2026-07-08,BIX_World3,MGO,1035,,,,,USD/MT,BunkerIndex_BIX
2026-07-08,BIX_World3,VLSFO,619.17,,,,,USD/MT,BunkerIndex_BIX
2026-07-09,BIX_APAC,IFO380,615.24,,,,,USD/MT,BunkerIndex_BIX
2026-07-09,BIX_APAC,MGO,1189.31,,,,,USD/MT,BunkerIndex_BIX
2026-07-09,BIX_APAC,VLSFO,801.25,,,,,USD/MT,BunkerIndex_BIX
2026-07-09,BIX_Americas,IFO380,619.46,,,,,USD/MT,BunkerIndex_BIX
2026-07-09,BIX_Americas,MGO,1133.96,,,,,USD/MT,BunkerIndex_BIX
2026-07-09,BIX_Americas,VLSFO,767.68,,,,,USD/MT,BunkerIndex_BIX
2026-07-09,BIX_EMEA,IFO380,539.97,,,,,USD/MT,BunkerIndex_BIX
2026-07-09,BIX_EMEA,MGO,1152.2,,,,,USD/MT,BunkerIndex_BIX
2026-07-09,BIX_EMEA,VLSFO,717.17,,,,,USD/MT,BunkerIndex_BIX
2026-07-09,BIX_World,IFO380,589.23,,,,,USD/MT,BunkerIndex_BIX
2026-07-09,BIX_World,MGO,1155.09,,,,,USD/MT,BunkerIndex_BIX
2026-07-09,BIX_World,VLSFO,763.73,,,,,USD/MT,BunkerIndex_BIX
2026-07-09,BIX_World3,IFO380,485.33,,,,,USD/MT,BunkerIndex_BIX
2026-07-09,BIX_World3,MGO,1080.17,,,,,USD/MT,BunkerIndex_BIX
2026-07-09,BIX_World3,VLSFO,663.5,,,,,USD/MT,BunkerIndex_BIX
2026-07-10,BIX_APAC,IFO380,609.58,,,,,USD/MT,BunkerIndex_BIX
2026-07-10,BIX_APAC,MGO,1189.97,,,,,USD/MT,BunkerIndex_BIX
2026-07-10,BIX_APAC,VLSFO,801.58,,,,,USD/MT,BunkerIndex_BIX
2026-07-10,BIX_Americas,IFO380,607.55,,,,,USD/MT,BunkerIndex_BIX
2026-07-10,BIX_Americas,MGO,1147.55,,,,,USD/MT,BunkerIndex_BIX
2026-07-10,BIX_Americas,VLSFO,766.92,,,,,USD/MT,BunkerIndex_BIX
2026-07-10,BIX_EMEA,IFO380,535.63,,,,,USD/MT,BunkerIndex_BIX
2026-07-10,BIX_EMEA,MGO,1148.01,,,,,USD/MT,BunkerIndex_BIX
2026-07-10,BIX_EMEA,VLSFO,714.37,,,,,USD/MT,BunkerIndex_BIX
2026-07-10,BIX_World,IFO380,582.03,,,,,USD/MT,BunkerIndex_BIX
2026-07-10,BIX_World,MGO,1158.6,,,,,USD/MT,BunkerIndex_BIX
2026-07-10,BIX_World,VLSFO,762.72,,,,,USD/MT,BunkerIndex_BIX
2026-07-10,BIX_World3,IFO380,474.83,,,,,USD/MT,BunkerIndex_BIX
2026-07-10,BIX_World3,MGO,1073.17,,,,,USD/MT,BunkerIndex_BIX
2026-07-10,BIX_World3,VLSFO,655.5,,,,,USD/MT,BunkerIndex_BIX
2026-07-13,BIX_APAC,IFO380,610.87,,,,,USD/MT,BunkerIndex_BIX
2026-07-13,BIX_APAC,MGO,1192.48,,,,,USD/MT,BunkerIndex_BIX
2026-07-13,BIX_APAC,VLSFO,807.84,,,,,USD/MT,BunkerIndex_BIX
2026-07-13,BIX_Americas,IFO380,615.54,,,,,USD/MT,BunkerIndex_BIX
2026-07-13,BIX_Americas,MGO,1155.54,,,,,USD/MT,BunkerIndex_BIX
2026-07-13,BIX_Americas,VLSFO,773.28,,,,,USD/MT,BunkerIndex_BIX
2026-07-13,BIX_EMEA,IFO380,557.6,,,,,USD/MT,BunkerIndex_BIX
2026-07-13,BIX_EMEA,MGO,1177.85,,,,,USD/MT,BunkerIndex_BIX
2026-07-13,BIX_EMEA,VLSFO,733.94,,,,,USD/MT,BunkerIndex_BIX
2026-07-13,BIX_World,IFO380,593.01,,,,,USD/MT,BunkerIndex_BIX
2026-07-13,BIX_World,MGO,1173.5,,,,,USD/MT,BunkerIndex_BIX
2026-07-13,BIX_World,VLSFO,773.14,,,,,USD/MT,BunkerIndex_BIX
2026-07-13,BIX_World3,IFO380,486.33,,,,,USD/MT,BunkerIndex_BIX
2026-07-13,BIX_World3,MGO,1083.17,,,,,USD/MT,BunkerIndex_BIX
2026-07-13,BIX_World3,VLSFO,674.33,,,,,USD/MT,BunkerIndex_BIX
2026-07-14,BIX_APAC,IFO380,629.47,,,,,USD/MT,BunkerIndex_BIX
2026-07-14,BIX_APAC,MGO,1217.38,,,,,USD/MT,BunkerIndex_BIX
2026-07-14,BIX_APAC,VLSFO,816.42,,,,,USD/MT,BunkerIndex_BIX
2026-07-14,BIX_Americas,IFO380,632.05,,,,,USD/MT,BunkerIndex_BIX
2026-07-14,BIX_Americas,MGO,1201.28,,,,,USD/MT,BunkerIndex_BIX
2026-07-14,BIX_Americas,VLSFO,796.48,,,,,USD/MT,BunkerIndex_BIX
2026-07-14,BIX_EMEA,IFO380,590.17,,,,,USD/MT,BunkerIndex_BIX
2026-07-14,BIX_EMEA,MGO,1230.29,,,,,USD/MT,BunkerIndex_BIX
2026-07-14,BIX_EMEA,VLSFO,763.92,,,,,USD/MT,BunkerIndex_BIX
2026-07-14,BIX_World,IFO380,616.01,,,,,USD/MT,BunkerIndex_BIX
2026-07-14,BIX_World,MGO,1216.45,,,,,USD/MT,BunkerIndex_BIX
2026-07-14,BIX_World,VLSFO,793.35,,,,,USD/MT,BunkerIndex_BIX
2026-07-14,BIX_World3,IFO380,517.5,,,,,USD/MT,BunkerIndex_BIX
2026-07-14,BIX_World3,MGO,1134.5,,,,,USD/MT,BunkerIndex_BIX
2026-07-14,BIX_World3,VLSFO,711,,,,,USD/MT,BunkerIndex_BIX
2026-07-15,BIX_APAC,IFO380,684.06,,,,,USD/MT,BunkerIndex_BIX
2026-07-15,BIX_APAC,MGO,1270.79,,,,,USD/MT,BunkerIndex_BIX
2026-07-15,BIX_APAC,VLSFO,861.94,,,,,USD/MT,BunkerIndex_BIX
2026-07-15,BIX_Americas,IFO380,630.96,,,,,USD/MT,BunkerIndex_BIX
2026-07-15,BIX_Americas,MGO,1209.05,,,,,USD/MT,BunkerIndex_BIX
2026-07-15,BIX_Americas,VLSFO,805.52,,,,,USD/MT,BunkerIndex_BIX
2026-07-15,BIX_EMEA,IFO380,595.96,,,,,USD/MT,BunkerIndex_BIX
2026-07-15,BIX_EMEA,MGO,1252.44,,,,,USD/MT,BunkerIndex_BIX
2026-07-15,BIX_EMEA,VLSFO,774.31,,,,,USD/MT,BunkerIndex_BIX
2026-07-15,BIX_World,IFO380,634.86,,,,,USD/MT,BunkerIndex_BIX
2026-07-15,BIX_World,MGO,1241.39,,,,,USD/MT,BunkerIndex_BIX
2026-07-15,BIX_World,VLSFO,815.5,,,,,USD/MT,BunkerIndex_BIX
2026-07-15,BIX_World3,IFO380,541.33,,,,,USD/MT,BunkerIndex_BIX
2026-07-15,BIX_World3,MGO,1206.83,,,,,USD/MT,BunkerIndex_BIX
2026-07-15,BIX_World3,VLSFO,742.83,,,,,USD/MT,BunkerIndex_BIX
2026-07-16,BIX_APAC,IFO380,667.76,,,,,USD/MT,BunkerIndex_BIX
2026-07-16,BIX_APAC,MGO,1315.44,,,,,USD/MT,BunkerIndex_BIX
2026-07-16,BIX_APAC,VLSFO,873.83,,,,,USD/MT,BunkerIndex_BIX
2026-07-16,BIX_Americas,IFO380,629.76,,,,,USD/MT,BunkerIndex_BIX
2026-07-16,BIX_Americas,MGO,1206.02,,,,,USD/MT,BunkerIndex_BIX
2026-07-16,BIX_Americas,VLSFO,807.9,,,,,USD/MT,BunkerIndex_BIX
2026-07-16,BIX_EMEA,IFO380,594.28,,,,,USD/MT,BunkerIndex_BIX
2026-07-16,BIX_EMEA,MGO,1269.84,,,,,USD/MT,BunkerIndex_BIX
2026-07-16,BIX_EMEA,VLSFO,771.72,,,,,USD/MT,BunkerIndex_BIX
2026-07-16,BIX_World,IFO380,628.75,,,,,USD/MT,BunkerIndex_BIX
2026-07-16,BIX_World,MGO,1258.36,,,,,USD/MT,BunkerIndex_BIX
2026-07-16,BIX_World,VLSFO,819.66,,,,,USD/MT,BunkerIndex_BIX
2026-07-16,BIX_World3,IFO380,551.67,,,,,USD/MT,BunkerIndex_BIX
2026-07-16,BIX_World3,MGO,1202,,,,,USD/MT,BunkerIndex_BIX
2026-07-16,BIX_World3,VLSFO,744.83,,,,,USD/MT,BunkerIndex_BIX
2026-07-17,BIX_APAC,IFO380,647.23,,,,,USD/MT,BunkerIndex_BIX
2026-07-17,BIX_APAC,MGO,1304.77,,,,,USD/MT,BunkerIndex_BIX
2026-07-17,BIX_APAC,VLSFO,863.12,,,,,USD/MT,BunkerIndex_BIX
2026-07-17,BIX_Americas,IFO380,646.12,,,,,USD/MT,BunkerIndex_BIX
2026-07-17,BIX_Americas,MGO,1248.24,,,,,USD/MT,BunkerIndex_BIX
2026-07-17,BIX_Americas,VLSFO,822.72,,,,,USD/MT,BunkerIndex_BIX
2026-07-17,BIX_EMEA,IFO380,592.78,,,,,USD/MT,BunkerIndex_BIX
2026-07-17,BIX_EMEA,MGO,1280.89,,,,,USD/MT,BunkerIndex_BIX
2026-07-17,BIX_EMEA,VLSFO,771.96,,,,,USD/MT,BunkerIndex_BIX
2026-07-17,BIX_World,IFO380,627.07,,,,,USD/MT,BunkerIndex_BIX
2026-07-17,BIX_World,MGO,1275.16,,,,,USD/MT,BunkerIndex_BIX
2026-07-17,BIX_World,VLSFO,821.07,,,,,USD/MT,BunkerIndex_BIX
2026-07-17,BIX_World3,IFO380,558,,,,,USD/MT,BunkerIndex_BIX
2026-07-17,BIX_World3,MGO,1203.17,,,,,USD/MT,BunkerIndex_BIX
2026-07-17,BIX_World3,VLSFO,747.17,,,,,USD/MT,BunkerIndex_BIX
2026-07-20,BIX_APAC,IFO380,676.76,,,,,USD/MT,BunkerIndex_BIX
2026-07-20,BIX_APAC,MGO,1315.56,,,,,USD/MT,BunkerIndex_BIX
2026-07-20,BIX_APAC,VLSFO,868.19,,,,,USD/MT,BunkerIndex_BIX
2026-07-20,BIX_Americas,IFO380,651.38,,,,,USD/MT,BunkerIndex_BIX
2026-07-20,BIX_Americas,MGO,1267.9,,,,,USD/MT,BunkerIndex_BIX
2026-07-20,BIX_Americas,VLSFO,828.06,,,,,USD/MT,BunkerIndex_BIX
2026-07-20,BIX_EMEA,IFO380,605.39,,,,,USD/MT,BunkerIndex_BIX
2026-07-20,BIX_EMEA,MGO,1308.6,,,,,USD/MT,BunkerIndex_BIX
2026-07-20,BIX_EMEA,VLSFO,779.88,,,,,USD/MT,BunkerIndex_BIX
2026-07-20,BIX_World,IFO380,642.6,,,,,USD/MT,BunkerIndex_BIX
2026-07-20,BIX_World,MGO,1295.61,,,,,USD/MT,BunkerIndex_BIX
2026-07-20,BIX_World,VLSFO,827.12,,,,,USD/MT,BunkerIndex_BIX
2026-07-20,BIX_World3,IFO380,568.17,,,,,USD/MT,BunkerIndex_BIX
2026-07-20,BIX_World3,MGO,1251.67,,,,,USD/MT,BunkerIndex_BIX
2026-07-20,BIX_World3,VLSFO,768.33,,,,,USD/MT,BunkerIndex_BIX
2026-07-21,BIX_APAC,IFO380,684.97,,,,,USD/MT,BunkerIndex_BIX
2026-07-21,BIX_APAC,MGO,1321.8,,,,,USD/MT,BunkerIndex_BIX
2026-07-21,BIX_APAC,VLSFO,873.25,,,,,USD/MT,BunkerIndex_BIX
2026-07-21,BIX_Americas,IFO380,639.05,,,,,USD/MT,BunkerIndex_BIX
2026-07-21,BIX_Americas,MGO,1265.19,,,,,USD/MT,BunkerIndex_BIX
2026-07-21,BIX_Americas,VLSFO,826.22,,,,,USD/MT,BunkerIndex_BIX
2026-07-21,BIX_EMEA,IFO380,609.19,,,,,USD/MT,BunkerIndex_BIX
2026-07-21,BIX_EMEA,MGO,1312.1,,,,,USD/MT,BunkerIndex_BIX
2026-07-21,BIX_EMEA,VLSFO,777.63,,,,,USD/MT,BunkerIndex_BIX
2026-07-21,BIX_World,IFO380,642.57,,,,,USD/MT,BunkerIndex_BIX
2026-07-21,BIX_World,MGO,1297.56,,,,,USD/MT,BunkerIndex_BIX
2026-07-21,BIX_World,VLSFO,827.56,,,,,USD/MT,BunkerIndex_BIX
2026-07-21,BIX_World3,IFO380,574.67,,,,,USD/MT,BunkerIndex_BIX
2026-07-21,BIX_World3,MGO,1250,,,,,USD/MT,BunkerIndex_BIX
2026-07-21,BIX_World3,VLSFO,760.67,,,,,USD/MT,BunkerIndex_BIX
2026-07-22,BIX_APAC,IFO380,682.97,,,,,USD/MT,BunkerIndex_BIX
2026-07-22,BIX_APAC,MGO,1333.94,,,,,USD/MT,BunkerIndex_BIX
2026-07-22,BIX_APAC,VLSFO,881.7,,,,,USD/MT,BunkerIndex_BIX
2026-07-22,BIX_Americas,IFO380,638.23,,,,,USD/MT,BunkerIndex_BIX
2026-07-22,BIX_Americas,MGO,1269.45,,,,,USD/MT,BunkerIndex_BIX
2026-07-22,BIX_Americas,VLSFO,832.29,,,,,USD/MT,BunkerIndex_BIX
2026-07-22,BIX_EMEA,IFO380,617.4,,,,,USD/MT,BunkerIndex_BIX
2026-07-22,BIX_EMEA,MGO,1334.9,,,,,USD/MT,BunkerIndex_BIX
2026-07-22,BIX_EMEA,VLSFO,796.88,,,,,USD/MT,BunkerIndex_BIX
2026-07-22,BIX_World,IFO380,644.66,,,,,USD/MT,BunkerIndex_BIX
2026-07-22,BIX_World,MGO,1310.9,,,,,USD/MT,BunkerIndex_BIX
2026-07-22,BIX_World,VLSFO,838.53,,,,,USD/MT,BunkerIndex_BIX
2026-07-22,BIX_World3,IFO380,588.17,,,,,USD/MT,BunkerIndex_BIX
2026-07-22,BIX_World3,MGO,1273.67,,,,,USD/MT,BunkerIndex_BIX
2026-07-22,BIX_World3,VLSFO,772.17,,,,,USD/MT,BunkerIndex_BIX
2026-07-23,BIX_APAC,IFO380,713.03,,,,,USD/MT,BunkerIndex_BIX
2026-07-23,BIX_APAC,MGO,1380.24,,,,,USD/MT,BunkerIndex_BIX
2026-07-23,BIX_APAC,VLSFO,914.4,,,,,USD/MT,BunkerIndex_BIX
2026-07-23,BIX_Americas,IFO380,639.44,,,,,USD/MT,BunkerIndex_BIX
2026-07-23,BIX_Americas,MGO,1264.15,,,,,USD/MT,BunkerIndex_BIX
2026-07-23,BIX_Americas,VLSFO,840.06,,,,,USD/MT,BunkerIndex_BIX
2026-07-23,BIX_EMEA,IFO380,623.69,,,,,USD/MT,BunkerIndex_BIX
2026-07-23,BIX_EMEA,MGO,1353.73,,,,,USD/MT,BunkerIndex_BIX
2026-07-23,BIX_EMEA,VLSFO,808.33,,,,,USD/MT,BunkerIndex_BIX
2026-07-23,BIX_World,IFO380,656.76,,,,,USD/MT,BunkerIndex_BIX
2026-07-23,BIX_World,MGO,1328.01,,,,,USD/MT,BunkerIndex_BIX
2026-07-23,BIX_World,VLSFO,856.12,,,,,USD/MT,BunkerIndex_BIX
2026-07-23,BIX_World3,IFO380,608.33,,,,,USD/MT,BunkerIndex_BIX
2026-07-23,BIX_World3,MGO,1311,,,,,USD/MT,BunkerIndex_BIX
2026-07-23,BIX_World3,VLSFO,804,,,,,USD/MT,BunkerIndex_BIX
2026-07-24,BIX_APAC,IFO380,723.06,,,,,USD/MT,BunkerIndex_BIX
2026-07-24,BIX_APAC,MGO,1390.69,,,,,USD/MT,BunkerIndex_BIX
2026-07-24,BIX_APAC,VLSFO,915.6,,,,,USD/MT,BunkerIndex_BIX
2026-07-24,BIX_Americas,IFO380,654.29,,,,,USD/MT,BunkerIndex_BIX
2026-07-24,BIX_Americas,MGO,1295.21,,,,,USD/MT,BunkerIndex_BIX
2026-07-24,BIX_Americas,VLSFO,859.79,,,,,USD/MT,BunkerIndex_BIX
2026-07-24,BIX_EMEA,IFO380,638.18,,,,,USD/MT,BunkerIndex_BIX
2026-07-24,BIX_EMEA,MGO,1369.43,,,,,USD/MT,BunkerIndex_BIX
2026-07-24,BIX_EMEA,VLSFO,812.06,,,,,USD/MT,BunkerIndex_BIX
2026-07-24,BIX_World,IFO380,669.97,,,,,USD/MT,BunkerIndex_BIX
2026-07-24,BIX_World,MGO,1347.94,,,,,USD/MT,BunkerIndex_BIX
2026-07-24,BIX_World,VLSFO,864.45,,,,,USD/MT,BunkerIndex_BIX
2026-07-24,BIX_World3,IFO380,622,,,,,USD/MT,BunkerIndex_BIX
2026-07-24,BIX_World3,MGO,1328.67,,,,,USD/MT,BunkerIndex_BIX
2026-07-24,BIX_World3,VLSFO,809.67,,,,,USD/MT,BunkerIndex_BIX
2026-07-27,BIX_APAC,IFO380,713.44,,,,,USD/MT,BunkerIndex_BIX
2026-07-27,BIX_APAC,MGO,1383.13,,,,,USD/MT,BunkerIndex_BIX
2026-07-27,BIX_APAC,VLSFO,907.74,,,,,USD/MT,BunkerIndex_BIX
2026-07-27,BIX_Americas,IFO380,640.76,,,,,USD/MT,BunkerIndex_BIX
2026-07-27,BIX_Americas,MGO,1280.06,,,,,USD/MT,BunkerIndex_BIX
2026-07-27,BIX_Americas,VLSFO,839.79,,,,,USD/MT,BunkerIndex_BIX
2026-07-27,BIX_EMEA,IFO380,608.97,,,,,USD/MT,BunkerIndex_BIX
2026-07-27,BIX_EMEA,MGO,1343.83,,,,,USD/MT,BunkerIndex_BIX
2026-07-27,BIX_EMEA,VLSFO,779.24,,,,,USD/MT,BunkerIndex_BIX
2026-07-27,BIX_World,IFO380,651.96,,,,,USD/MT,BunkerIndex_BIX
2026-07-27,BIX_World,MGO,1330.75,,,,,USD/MT,BunkerIndex_BIX
2026-07-27,BIX_World,VLSFO,844.71,,,,,USD/MT,BunkerIndex_BIX
2026-07-27,BIX_World3,IFO380,587.17,,,,,USD/MT,BunkerIndex_BIX
2026-07-27,BIX_World3,MGO,1289.83,,,,,USD/MT,BunkerIndex_BIX
2026-07-27,BIX_World3,VLSFO,777.5,,,,,USD/MT,BunkerIndex_BIX
2026-07-28,BIX_APAC,IFO380,689.69,,,,,USD/MT,BunkerIndex_BIX
2026-07-28,BIX_APAC,MGO,1363.57,,,,,USD/MT,BunkerIndex_BIX
2026-07-28,BIX_APAC,VLSFO,896.87,,,,,USD/MT,BunkerIndex_BIX
2026-07-28,BIX_Americas,IFO380,637.54,,,,,USD/MT,BunkerIndex_BIX
2026-07-28,BIX_Americas,MGO,1291.81,,,,,USD/MT,BunkerIndex_BIX
2026-07-28,BIX_Americas,VLSFO,838.9,,,,,USD/MT,BunkerIndex_BIX
2026-07-28,BIX_EMEA,IFO380,603.94,,,,,USD/MT,BunkerIndex_BIX
2026-07-28,BIX_EMEA,MGO,1347.29,,,,,USD/MT,BunkerIndex_BIX
2026-07-28,BIX_EMEA,VLSFO,784.04,,,,,USD/MT,BunkerIndex_BIX
2026-07-28,BIX_World,IFO380,641.65,,,,,USD/MT,BunkerIndex_BIX
2026-07-28,BIX_World,MGO,1331.32,,,,,USD/MT,BunkerIndex_BIX
2026-07-28,BIX_World,VLSFO,842.11,,,,,USD/MT,BunkerIndex_BIX
2026-07-28,BIX_World3,IFO380,564.83,,,,,USD/MT,BunkerIndex_BIX
2026-07-28,BIX_World3,MGO,1256.67,,,,,USD/MT,BunkerIndex_BIX
2026-07-28,BIX_World3,VLSFO,760.17,,,,,USD/MT,BunkerIndex_BIX
2026-07-29,BIX_APAC,IFO380,678.45,,,,,USD/MT,BunkerIndex_BIX
2026-07-29,BIX_APAC,MGO,1366.15,,,,,USD/MT,BunkerIndex_BIX
2026-07-29,BIX_APAC,VLSFO,893.9,,,,,USD/MT,BunkerIndex_BIX
2026-07-29,BIX_Americas,IFO380,643.08,,,,,USD/MT,BunkerIndex_BIX
2026-07-29,BIX_Americas,MGO,1303.19,,,,,USD/MT,BunkerIndex_BIX
2026-07-29,BIX_Americas,VLSFO,833.03,,,,,USD/MT,BunkerIndex_BIX
2026-07-29,BIX_EMEA,IFO380,603.99,,,,,USD/MT,BunkerIndex_BIX
2026-07-29,BIX_EMEA,MGO,1371.46,,,,,USD/MT,BunkerIndex_BIX
2026-07-29,BIX_EMEA,VLSFO,784.35,,,,,USD/MT,BunkerIndex_BIX
2026-07-29,BIX_World,IFO380,639.94,,,,,USD/MT,BunkerIndex_BIX
2026-07-29,BIX_World,MGO,1345.17,,,,,USD/MT,BunkerIndex_BIX
2026-07-29,BIX_World,VLSFO,839.12,,,,,USD/MT,BunkerIndex_BIX
2026-07-29,BIX_World3,IFO380,570.5,,,,,USD/MT,BunkerIndex_BIX
2026-07-29,BIX_World3,MGO,1257.83,,,,,USD/MT,BunkerIndex_BIX
2026-07-29,BIX_World3,VLSFO,759,,,,,USD/MT,BunkerIndex_BIX
2026-07-30,BIX_APAC,IFO380,695.05,,,,,USD/MT,BunkerIndex_BIX
2026-07-30,BIX_APAC,MGO,1375.49,,,,,USD/MT,BunkerIndex_BIX
2026-07-30,BIX_APAC,VLSFO,898.84,,,,,USD/MT,BunkerIndex_BIX
2026-07-30,BIX_Americas,IFO380,642.82,,,,,USD/MT,BunkerIndex_BIX
2026-07-30,BIX_Americas,MGO,1303.84,,,,,USD/MT,BunkerIndex_BIX
2026-07-30,BIX_Americas,VLSFO,834.82,,,,,USD/MT,BunkerIndex_BIX
2026-07-30,BIX_EMEA,IFO380,603.85,,,,,USD/MT,BunkerIndex_BIX
2026-07-30,BIX_EMEA,MGO,1381.85,,,,,USD/MT,BunkerIndex_BIX
2026-07-30,BIX_EMEA,VLSFO,787.79,,,,,USD/MT,BunkerIndex_BIX
2026-07-30,BIX_World,IFO380,645,,,,,USD/MT,BunkerIndex_BIX
2026-07-30,BIX_World,MGO,1351.91,,,,,USD/MT,BunkerIndex_BIX
2026-07-30,BIX_World,VLSFO,842.56,,,,,USD/MT,BunkerIndex_BIX
2026-07-30,BIX_World3,IFO380,579.5,,,,,USD/MT,BunkerIndex_BIX
2026-07-30,BIX_World3,MGO,1280.83,,,,,USD/MT,BunkerIndex_BIX
2026-07-30,BIX_World3,VLSFO,765.33,,,,,USD/MT,BunkerIndex_BIX
2026-07-31,BIX_APAC,IFO380,690.34,,,,,USD/MT,BunkerIndex_BIX
2026-07-31,BIX_APAC,MGO,1382.13,,,,,USD/MT,BunkerIndex_BIX
2026-07-31,BIX_APAC,VLSFO,911.71,,,,,USD/MT,BunkerIndex_BIX
2026-07-31,BIX_Americas,IFO380,647.51,,,,,USD/MT,BunkerIndex_BIX
2026-07-31,BIX_Americas,MGO,1330.38,,,,,USD/MT,BunkerIndex_BIX
2026-07-31,BIX_Americas,VLSFO,841.76,,,,,USD/MT,BunkerIndex_BIX
2026-07-31,BIX_EMEA,IFO380,595.79,,,,,USD/MT,BunkerIndex_BIX
2026-07-31,BIX_EMEA,MGO,1381.24,,,,,USD/MT,BunkerIndex_BIX
2026-07-31,BIX_EMEA,VLSFO,791.89,,,,,USD/MT,BunkerIndex_BIX
2026-07-31,BIX_World,IFO380,642.11,,,,,USD/MT,BunkerIndex_BIX
2026-07-31,BIX_World,MGO,1363,,,,,USD/MT,BunkerIndex_BIX
2026-07-31,BIX_World,VLSFO,850.68,,,,,USD/MT,BunkerIndex_BIX
2026-07-31,BIX_World3,IFO380,573,,,,,USD/MT,BunkerIndex_BIX
2026-07-31,BIX_World3,MGO,1277.5,,,,,USD/MT,BunkerIndex_BIX
2026-07-31,BIX_World3,VLSFO,769.17,,,,,USD/MT,BunkerIndex_BIX
2026-08-03,BIX_APAC,IFO380,679.81,,,,,USD/MT,BunkerIndex_BIX
2026-08-03,BIX_APAC,MGO,1393.65,,,,,USD/MT,BunkerIndex_BIX
2026-08-03,BIX_APAC,VLSFO,907.06,,,,,USD/MT,BunkerIndex_BIX
2026-08-03,BIX_Americas,IFO380,638.6,,,,,USD/MT,BunkerIndex_BIX
2026-08-03,BIX_Americas,MGO,1311.03,,,,,USD/MT,BunkerIndex_BIX
2026-08-03,BIX_Americas,VLSFO,831.95,,,,,USD/MT,BunkerIndex_BIX
2026-08-03,BIX_EMEA,IFO380,580.85,,,,,USD/MT,BunkerIndex_BIX
2026-08-03,BIX_EMEA,MGO,1344.08,,,,,USD/MT,BunkerIndex_BIX
2026-08-03,BIX_EMEA,VLSFO,779.77,,,,,USD/MT,BunkerIndex_BIX
2026-08-03,BIX_World,IFO380,630.5,,,,,USD/MT,BunkerIndex_BIX
2026-08-03,BIX_World,MGO,1344.78,,,,,USD/MT,BunkerIndex_BIX
2026-08-03,BIX_World,VLSFO,841.95,,,,,USD/MT,BunkerIndex_BIX
2026-08-03,BIX_World3,IFO380,553.17,,,,,USD/MT,BunkerIndex_BIX
2026-08-03,BIX_World3,MGO,1257.33,,,,,USD/MT,BunkerIndex_BIX
2026-08-03,BIX_World3,VLSFO,756.67,,,,,USD/MT,BunkerIndex_BIX
2026-08-04,BIX_APAC,IFO380,684.05,,,,,USD/MT,BunkerIndex_BIX
2026-08-04,BIX_APAC,MGO,1392.62,,,,,USD/MT,BunkerIndex_BIX
2026-08-04,BIX_APAC,VLSFO,908.08,,,,,USD/MT,BunkerIndex_BIX
2026-08-04,BIX_Americas,IFO380,640.85,,,,,USD/MT,BunkerIndex_BIX
2026-08-04,BIX_Americas,MGO,1295.53,,,,,USD/MT,BunkerIndex_BIX
2026-08-04,BIX_Americas,VLSFO,820.26,,,,,USD/MT,BunkerIndex_BIX
2026-08-04,BIX_EMEA,IFO380,583.49,,,,,USD/MT,BunkerIndex_BIX
2026-08-04,BIX_EMEA,MGO,1330.75,,,,,USD/MT,BunkerIndex_BIX
2026-08-04,BIX_EMEA,VLSFO,774.51,,,,,USD/MT,BunkerIndex_BIX
2026-08-04,BIX_World,IFO380,633.52,,,,,USD/MT,BunkerIndex_BIX
2026-08-04,BIX_World,MGO,1333.82,,,,,USD/MT,BunkerIndex_BIX
2026-08-04,BIX_World,VLSFO,836.67,,,,,USD/MT,BunkerIndex_BIX
2026-08-04,BIX_World3,IFO380,562.83,,,,,USD/MT,BunkerIndex_BIX
2026-08-04,BIX_World3,MGO,1254.17,,,,,USD/MT,BunkerIndex_BIX
2026-08-04,BIX_World3,VLSFO,772.5,,,,,USD/MT,BunkerIndex_BIX
2026-08-05,BIX_APAC,IFO380,689.34,,,,,USD/MT,BunkerIndex_BIX
2026-08-05,BIX_APAC,MGO,1381.04,,,,,USD/MT,BunkerIndex_BIX
2026-08-05,BIX_APAC,VLSFO,911.68,,,,,USD/MT,BunkerIndex_BIX
2026-08-05,BIX_Americas,IFO380,627.96,,,,,USD/MT,BunkerIndex_BIX
2026-08-05,BIX_Americas,MGO,1286.28,,,,,USD/MT,BunkerIndex_BIX
2026-08-05,BIX_Americas,VLSFO,818.94,,,,,USD/MT,BunkerIndex_BIX
2026-08-05,BIX_EMEA,IFO380,570.4,,,,,USD/MT,BunkerIndex_BIX
2026-08-05,BIX_EMEA,MGO,1297.54,,,,,USD/MT,BunkerIndex_BIX
2026-08-05,BIX_EMEA,VLSFO,749.45,,,,,USD/MT,BunkerIndex_BIX
2026-08-05,BIX_World,IFO380,626.25,,,,,USD/MT,BunkerIndex_BIX
2026-08-05,BIX_World,MGO,1314.85,,,,,USD/MT,BunkerIndex_BIX
2026-08-05,BIX_World,VLSFO,829.72,,,,,USD/MT,BunkerIndex_BIX
2026-08-05,BIX_World3,IFO380,541.83,,,,,USD/MT,BunkerIndex_BIX
2026-08-05,BIX_World3,MGO,1195,,,,,USD/MT,BunkerIndex_BIX
2026-08-05,BIX_World3,VLSFO,748.33,,,,,USD/MT,BunkerIndex_BIX
2026-08-06,BIX_APAC,IFO380,663.34,,,,,USD/MT,BunkerIndex_BIX
2026-08-06,BIX_APAC,MGO,1344.79,,,,,USD/MT,BunkerIndex_BIX
2026-08-06,BIX_APAC,VLSFO,900.36,,,,,USD/MT,BunkerIndex_BIX
2026-08-06,BIX_Americas,IFO380,629.13,,,,,USD/MT,BunkerIndex_BIX
2026-08-06,BIX_Americas,MGO,1338.27,,,,,USD/MT,BunkerIndex_BIX
2026-08-06,BIX_Americas,VLSFO,826.6,,,,,USD/MT,BunkerIndex_BIX
2026-08-06,BIX_EMEA,IFO380,569.44,,,,,USD/MT,BunkerIndex_BIX
2026-08-06,BIX_EMEA,MGO,1266.86,,,,,USD/MT,BunkerIndex_BIX
2026-08-06,BIX_EMEA,VLSFO,750.65,,,,,USD/MT,BunkerIndex_BIX
2026-08-06,BIX_World,IFO380,618.14,,,,,USD/MT,BunkerIndex_BIX
2026-08-06,BIX_World,MGO,1312.75,,,,,USD/MT,BunkerIndex_BIX
2026-08-06,BIX_World,VLSFO,828.35,,,,,USD/MT,BunkerIndex_BIX
2026-08-06,BIX_World3,IFO380,541.67,,,,,USD/MT,BunkerIndex_BIX
2026-08-06,BIX_World3,MGO,1178.17,,,,,USD/MT,BunkerIndex_BIX
2026-08-06,BIX_World3,VLSFO,740.83,,,,,USD/MT,BunkerIndex_BIX
2026-08-07,BIX_APAC,IFO380,664.29,,,,,USD/MT,BunkerIndex_BIX
2026-08-07,BIX_APAC,MGO,1350.14,,,,,USD/MT,BunkerIndex_BIX
2026-08-07,BIX_APAC,VLSFO,902.6,,,,,USD/MT,BunkerIndex_BIX
2026-08-07,BIX_Americas,IFO380,625.12,,,,,USD/MT,BunkerIndex_BIX
2026-08-07,BIX_Americas,MGO,1343.88,,,,,USD/MT,BunkerIndex_BIX
2026-08-07,BIX_Americas,VLSFO,822,,,,,USD/MT,BunkerIndex_BIX
2026-08-07,BIX_EMEA,IFO380,578.79,,,,,USD/MT,BunkerIndex_BIX
2026-08-07,BIX_EMEA,MGO,1300.52,,,,,USD/MT,BunkerIndex_BIX
2026-08-07,BIX_EMEA,VLSFO,753.68,,,,,USD/MT,BunkerIndex_BIX
2026-08-07,BIX_World,IFO380,620.54,,,,,USD/MT,BunkerIndex_BIX
2026-08-07,BIX_World,MGO,1328.97,,,,,USD/MT,BunkerIndex_BIX
2026-08-07,BIX_World,VLSFO,828.92,,,,,USD/MT,BunkerIndex_BIX
2026-08-07,BIX_World3,IFO380,563.5,,,,,USD/MT,BunkerIndex_BIX
2026-08-07,BIX_World3,MGO,1200.17,,,,,USD/MT,BunkerIndex_BIX
2026-08-07,BIX_World3,VLSFO,752.33,,,,,USD/MT,BunkerIndex_BIX
2026-08-10,BIX_APAC,IFO380,680.1,,,,,USD/MT,BunkerIndex_BIX
2026-08-10,BIX_APAC,MGO,1367.1,,,,,USD/MT,BunkerIndex_BIX
2026-08-10,BIX_APAC,VLSFO,923.47,,,,,USD/MT,BunkerIndex_BIX
2026-08-10,BIX_Americas,IFO380,627.58,,,,,USD/MT,BunkerIndex_BIX
2026-08-10,BIX_Americas,MGO,1359.04,,,,,USD/MT,BunkerIndex_BIX
2026-08-10,BIX_Americas,VLSFO,824.75,,,,,USD/MT,BunkerIndex_BIX
2026-08-10,BIX_EMEA,IFO380,582.54,,,,,USD/MT,BunkerIndex_BIX
2026-08-10,BIX_EMEA,MGO,1306.45,,,,,USD/MT,BunkerIndex_BIX
2026-08-10,BIX_EMEA,VLSFO,751.06,,,,,USD/MT,BunkerIndex_BIX
2026-08-10,BIX_World,IFO380,627.65,,,,,USD/MT,BunkerIndex_BIX
2026-08-10,BIX_World,MGO,1341.08,,,,,USD/MT,BunkerIndex_BIX
2026-08-10,BIX_World,VLSFO,836.79,,,,,USD/MT,BunkerIndex_BIX
2026-08-10,BIX_World3,IFO380,568.83,,,,,USD/MT,BunkerIndex_BIX
2026-08-10,BIX_World3,MGO,1212.67,,,,,USD/MT,BunkerIndex_BIX
2026-08-10,BIX_World3,VLSFO,767,,,,,USD/MT,BunkerIndex_BIX
2026-08-11,BIX_APAC,IFO380,683.37,,,,,USD/MT,BunkerIndex_BIX
2026-08-11,BIX_APAC,MGO,1377.78,,,,,USD/MT,BunkerIndex_BIX
2026-08-11,BIX_APAC,VLSFO,925.62,,,,,USD/MT,BunkerIndex_BIX
2026-08-11,BIX_Americas,IFO380,634.68,,,,,USD/MT,BunkerIndex_BIX
2026-08-11,BIX_Americas,MGO,1377.96,,,,,USD/MT,BunkerIndex_BIX
2026-08-11,BIX_Americas,VLSFO,838.88,,,,,USD/MT,BunkerIndex_BIX
2026-08-11,BIX_EMEA,IFO380,597.67,,,,,USD/MT,BunkerIndex_BIX
2026-08-11,BIX_EMEA,MGO,1358.12,,,,,USD/MT,BunkerIndex_BIX
2026-08-11,BIX_EMEA,VLSFO,767.21,,,,,USD/MT,BunkerIndex_BIX
2026-08-11,BIX_World,IFO380,636.47,,,,,USD/MT,BunkerIndex_BIX
2026-08-11,BIX_World,MGO,1370.36,,,,,USD/MT,BunkerIndex_BIX
2026-08-11,BIX_World,VLSFO,846.9,,,,,USD/MT,BunkerIndex_BIX
2026-08-11,BIX_World3,IFO380,588.33,,,,,USD/MT,BunkerIndex_BIX
2026-08-11,BIX_World3,MGO,1241,,,,,USD/MT,BunkerIndex_BIX
2026-08-11,BIX_World3,VLSFO,782,,,,,USD/MT,BunkerIndex_BIX
2026-08-12,BIX_APAC,IFO380,680.95,,,,,USD/MT,BunkerIndex_BIX
2026-08-12,BIX_APAC,MGO,1395.63,,,,,USD/MT,BunkerIndex_BIX
2026-08-12,BIX_APAC,VLSFO,926.62,,,,,USD/MT,BunkerIndex_BIX
2026-08-12,BIX_Americas,IFO380,633.58,,,,,USD/MT,BunkerIndex_BIX
2026-08-12,BIX_Americas,MGO,1384.86,,,,,USD/MT,BunkerIndex_BIX
2026-08-12,BIX_Americas,VLSFO,843.02,,,,,USD/MT,BunkerIndex_BIX
2026-08-12,BIX_EMEA,IFO380,603.54,,,,,USD/MT,BunkerIndex_BIX
2026-08-12,BIX_EMEA,MGO,1375.15,,,,,USD/MT,BunkerIndex_BIX
2026-08-12,BIX_EMEA,VLSFO,777.43,,,,,USD/MT,BunkerIndex_BIX
2026-08-12,BIX_World,IFO380,637.49,,,,,USD/MT,BunkerIndex_BIX
2026-08-12,BIX_World,MGO,1383.92,,,,,USD/MT,BunkerIndex_BIX
2026-08-12,BIX_World,VLSFO,851.82,,,,,USD/MT,BunkerIndex_BIX
2026-08-12,BIX_World3,IFO380,600.5,,,,,USD/MT,BunkerIndex_BIX
2026-08-12,BIX_World3,MGO,1268.17,,,,,USD/MT,BunkerIndex_BIX
2026-08-12,BIX_World3,VLSFO,786.33,,,,,USD/MT,BunkerIndex_BIX
2026-08-13,BIX_APAC,IFO380,678.37,,,,,USD/MT,BunkerIndex_BIX
2026-08-13,BIX_APAC,MGO,1394.85,,,,,USD/MT,BunkerIndex_BIX
2026-08-13,BIX_APAC,VLSFO,922.96,,,,,USD/MT,BunkerIndex_BIX
2026-08-13,BIX_Americas,IFO380,629.77,,,,,USD/MT,BunkerIndex_BIX
2026-08-13,BIX_Americas,MGO,1383.34,,,,,USD/MT,BunkerIndex_BIX
2026-08-13,BIX_Americas,VLSFO,836.43,,,,,USD/MT,BunkerIndex_BIX
2026-08-13,BIX_EMEA,IFO380,598.61,,,,,USD/MT,BunkerIndex_BIX
2026-08-13,BIX_EMEA,MGO,1373.91,,,,,USD/MT,BunkerIndex_BIX
2026-08-13,BIX_EMEA,VLSFO,774.09,,,,,USD/MT,BunkerIndex_BIX
2026-08-13,BIX_World,IFO380,633.66,,,,,USD/MT,BunkerIndex_BIX
2026-08-13,BIX_World,MGO,1382.7,,,,,USD/MT,BunkerIndex_BIX
2026-08-13,BIX_World,VLSFO,847.26,,,,,USD/MT,BunkerIndex_BIX
2026-08-13,BIX_World3,IFO380,592.67,,,,,USD/MT,BunkerIndex_BIX
2026-08-13,BIX_World3,MGO,1258.67,,,,,USD/MT,BunkerIndex_BIX
2026-08-13,BIX_World3,VLSFO,770.67,,,,,USD/MT,BunkerIndex_BIX
2026-08-14,BIX_APAC,IFO380,680.48,,,,,USD/MT,BunkerIndex_BIX
2026-08-14,BIX_APAC,MGO,1406.73,,,,,USD/MT,BunkerIndex_BIX
2026-08-14,BIX_APAC,VLSFO,923.75,,,,,USD/MT,BunkerIndex_BIX
2026-08-14,BIX_Americas,IFO380,617.68,,,,,USD/MT,BunkerIndex_BIX
2026-08-14,BIX_Americas,MGO,1377.61,,,,,USD/MT,BunkerIndex_BIX
2026-08-14,BIX_Americas,VLSFO,829.12,,,,,USD/MT,BunkerIndex_BIX
2026-08-14,BIX_EMEA,IFO380,596.39,,,,,USD/MT,BunkerIndex_BIX
2026-08-14,BIX_EMEA,MGO,1375.4,,,,,USD/MT,BunkerIndex_BIX
2026-08-14,BIX_EMEA,VLSFO,771.69,,,,,USD/MT,BunkerIndex_BIX
2026-08-14,BIX_World,IFO380,629.6,,,,,USD/MT,BunkerIndex_BIX
2026-08-14,BIX_World,MGO,1384.23,,,,,USD/MT,BunkerIndex_BIX
2026-08-14,BIX_World,VLSFO,844.29,,,,,USD/MT,BunkerIndex_BIX
2026-08-14,BIX_World3,IFO380,586.67,,,,,USD/MT,BunkerIndex_BIX
2026-08-14,BIX_World3,MGO,1261,,,,,USD/MT,BunkerIndex_BIX
2026-08-14,BIX_World3,VLSFO,762.17,,,,,USD/MT,BunkerIndex_BIX
2026-08-17,BIX_APAC,IFO380,684.26,,,,,USD/MT,BunkerIndex_BIX
2026-08-17,BIX_APAC,MGO,1409.87,,,,,USD/MT,BunkerIndex_BIX
2026-08-17,BIX_APAC,VLSFO,927.83,,,,,USD/MT,BunkerIndex_BIX
2026-08-17,BIX_Americas,IFO380,618.79,,,,,USD/MT,BunkerIndex_BIX
2026-08-17,BIX_Americas,MGO,1380.95,,,,,USD/MT,BunkerIndex_BIX
2026-08-17,BIX_Americas,VLSFO,833.85,,,,,USD/MT,BunkerIndex_BIX
2026-08-17,BIX_EMEA,IFO380,609.85,,,,,USD/MT,BunkerIndex_BIX
2026-08-17,BIX_EMEA,MGO,1384.44,,,,,USD/MT,BunkerIndex_BIX
2026-08-17,BIX_EMEA,VLSFO,778.07,,,,,USD/MT,BunkerIndex_BIX
2026-08-17,BIX_World,IFO380,636.04,,,,,USD/MT,BunkerIndex_BIX
2026-08-17,BIX_World,MGO,1389.69,,,,,USD/MT,BunkerIndex_BIX
2026-08-17,BIX_World,VLSFO,849.3,,,,,USD/MT,BunkerIndex_BIX
2026-08-17,BIX_World3,IFO380,596.33,,,,,USD/MT,BunkerIndex_BIX
2026-08-17,BIX_World3,MGO,1301.33,,,,,USD/MT,BunkerIndex_BIX
2026-08-17,BIX_World3,VLSFO,764.5,,,,,USD/MT,BunkerIndex_BIX
2026-08-18,BIX_APAC,IFO380,683.31,,,,,USD/MT,BunkerIndex_BIX
2026-08-18,BIX_APAC,MGO,1410.44,,,,,USD/MT,BunkerIndex_BIX
2026-08-18,BIX_APAC,VLSFO,928.68,,,,,USD/MT,BunkerIndex_BIX
2026-08-18,BIX_Americas,IFO380,622.27,,,,,USD/MT,BunkerIndex_BIX
2026-08-18,BIX_Americas,MGO,1394.08,,,,,USD/MT,BunkerIndex_BIX
2026-08-18,BIX_Americas,VLSFO,836.74,,,,,USD/MT,BunkerIndex_BIX
2026-08-18,BIX_EMEA,IFO380,618.18,,,,,USD/MT,BunkerIndex_BIX
2026-08-18,BIX_EMEA,MGO,1403.02,,,,,USD/MT,BunkerIndex_BIX
2026-08-18,BIX_EMEA,VLSFO,776.33,,,,,USD/MT,BunkerIndex_BIX
2026-08-18,BIX_World,IFO380,639.9,,,,,USD/MT,BunkerIndex_BIX
2026-08-18,BIX_World,MGO,1401.68,,,,,USD/MT,BunkerIndex_BIX
2026-08-18,BIX_World,VLSFO,850.05,,,,,USD/MT,BunkerIndex_BIX
2026-08-18,BIX_World3,IFO380,614.33,,,,,USD/MT,BunkerIndex_BIX
2026-08-18,BIX_World3,MGO,1318.83,,,,,USD/MT,BunkerIndex_BIX
2026-08-18,BIX_World3,VLSFO,776.67,,,,,USD/MT,BunkerIndex_BIX
2026-08-19,BIX_APAC,IFO380,688.35,,,,,USD/MT,BunkerIndex_BIX
2026-08-19,BIX_APAC,MGO,1424.22,,,,,USD/MT,BunkerIndex_BIX
2026-08-19,BIX_APAC,VLSFO,928.55,,,,,USD/MT,BunkerIndex_BIX
2026-08-19,BIX_Americas,IFO380,628.23,,,,,USD/MT,BunkerIndex_BIX
2026-08-19,BIX_Americas,MGO,1396.78,,,,,USD/MT,BunkerIndex_BIX
2026-08-19,BIX_Americas,VLSFO,840.16,,,,,USD/MT,BunkerIndex_BIX
2026-08-19,BIX_EMEA,IFO380,634.64,,,,,USD/MT,BunkerIndex_BIX
2026-08-19,BIX_EMEA,MGO,1422.83,,,,,USD/MT,BunkerIndex_BIX
2026-08-19,BIX_EMEA,VLSFO,780.54,,,,,USD/MT,BunkerIndex_BIX
2026-08-19,BIX_World,IFO380,649.39,,,,,USD/MT,BunkerIndex_BIX
2026-08-19,BIX_World,MGO,1413.73,,,,,USD/MT,BunkerIndex_BIX
2026-08-19,BIX_World,VLSFO,852.48,,,,,USD/MT,BunkerIndex_BIX
2026-08-19,BIX_World3,IFO380,629.17,,,,,USD/MT,BunkerIndex_BIX
2026-08-19,BIX_World3,MGO,1329.5,,,,,USD/MT,BunkerIndex_BIX
2026-08-19,BIX_World3,VLSFO,775.67,,,,,USD/MT,BunkerIndex_BIX
2026-08-20,BIX_APAC,IFO380,685.56,,,,,USD/MT,BunkerIndex_BIX
2026-08-20,BIX_APAC,MGO,1435.88,,,,,USD/MT,BunkerIndex_BIX
2026-08-20,BIX_APAC,VLSFO,929.44,,,,,USD/MT,BunkerIndex_BIX
2026-08-20,BIX_Americas,IFO380,630.79,,,,,USD/MT,BunkerIndex_BIX
2026-08-20,BIX_Americas,MGO,1402.78,,,,,USD/MT,BunkerIndex_BIX
2026-08-20,BIX_Americas,VLSFO,846.38,,,,,USD/MT,BunkerIndex_BIX
2026-08-20,BIX_EMEA,IFO380,636.19,,,,,USD/MT,BunkerIndex_BIX
2026-08-20,BIX_EMEA,MGO,1421.93,,,,,USD/MT,BunkerIndex_BIX
2026-08-20,BIX_EMEA,VLSFO,780.77,,,,,USD/MT,BunkerIndex_BIX
2026-08-20,BIX_World,IFO380,649.91,,,,,USD/MT,BunkerIndex_BIX
2026-08-20,BIX_World,MGO,1418.55,,,,,USD/MT,BunkerIndex_BIX
2026-08-20,BIX_World,VLSFO,854.99,,,,,USD/MT,BunkerIndex_BIX
2026-08-20,BIX_World3,IFO380,638.83,,,,,USD/MT,BunkerIndex_BIX
2026-08-20,BIX_World3,MGO,1334.17,,,,,USD/MT,BunkerIndex_BIX
2026-08-20,BIX_World3,VLSFO,769.83,,,,,USD/MT,BunkerIndex_BIX
2026-08-21,BIX_APAC,IFO380,689.55,,,,,USD/MT,BunkerIndex_BIX
2026-08-21,BIX_APAC,MGO,1433.28,,,,,USD/MT,BunkerIndex_BIX
2026-08-21,BIX_APAC,VLSFO,932.32,,,,,USD/MT,BunkerIndex_BIX
2026-08-21,BIX_Americas,IFO380,643.35,,,,,USD/MT,BunkerIndex_BIX
2026-08-21,BIX_Americas,MGO,1410.71,,,,,USD/MT,BunkerIndex_BIX
2026-08-21,BIX_Americas,VLSFO,846.98,,,,,USD/MT,BunkerIndex_BIX
2026-08-21,BIX_EMEA,IFO380,632.74,,,,,USD/MT,BunkerIndex_BIX
2026-08-21,BIX_EMEA,MGO,1424.84,,,,,USD/MT,BunkerIndex_BIX
2026-08-21,BIX_EMEA,VLSFO,777.9,,,,,USD/MT,BunkerIndex_BIX
2026-08-21,BIX_World,IFO380,653.96,,,,,USD/MT,BunkerIndex_BIX
2026-08-21,BIX_World,MGO,1421.87,,,,,USD/MT,BunkerIndex_BIX
2026-08-21,BIX_World,VLSFO,855.31,,,,,USD/MT,BunkerIndex_BIX
2026-08-21,BIX_World3,IFO380,642.5,,,,,USD/MT,BunkerIndex_BIX
2026-08-21,BIX_World3,MGO,1333.67,,,,,USD/MT,BunkerIndex_BIX
2026-08-21,BIX_World3,VLSFO,776.83,,,,,USD/MT,BunkerIndex_BIX
2026-08-24,BIX_APAC,IFO380,688.95,-0.6,-0.09,617,840,USD/MT,BunkerIndex_BIX
2026-08-24,BIX_APAC,MGO,1430.22,-3.06,-0.21,955,2351,USD/MT,BunkerIndex_BIX
2026-08-24,BIX_APAC,VLSFO,930.17,-2.15,-0.23,812,1315,USD/MT,BunkerIndex_BIX
2026-08-24,BIX_Americas,IFO380,635.88,-7.47,-1.16,436.6,845,USD/MT,BunkerIndex_BIX
2026-08-24,BIX_Americas,MGO,1412.41,1.7,0.12,633.2,1658,USD/MT,BunkerIndex_BIX
2026-08-24,BIX_Americas,VLSFO,842.19,-4.79,-0.57,695,971,USD/MT,BunkerIndex_BIX
2026-08-24,BIX_EMEA,IFO380,622.42,-10.32,-1.63,424,1200,USD/MT,BunkerIndex_BIX
2026-08-24,BIX_EMEA,MGO,1418.11,-6.73,-0.47,1100,2020,USD/MT,BunkerIndex_BIX
2026-08-24,BIX_EMEA,VLSFO,776.02,-1.88,-0.24,595,1300,USD/MT,BunkerIndex_BIX
2026-08-24,BIX_World,IFO380,647.6,-6.36,-0.97,424,1200,USD/MT,BunkerIndex_BIX
2026-08-24,BIX_World,MGO,1419.15,-2.72,-0.19,633.2,2351,USD/MT,BunkerIndex_BIX
2026-08-24,BIX_World,VLSFO,852.34,-2.97,-0.35,595,1315,USD/MT,BunkerIndex_BIX
2026-08-24,BIX_World3,IFO380,629.83,-12.67,-1.97,549,690,USD/MT,BunkerIndex_BIX
2026-08-24,BIX_World3,MGO,1318,-15.67,-1.17,1227,1450,USD/MT,BunkerIndex_BIX
2026-08-24,BIX_World3,VLSFO,770.83,-6,-0.77,662,846,USD/MT,BunkerIndex_BIX
2026-08-25,BIX_APAC,IFO380,688.63,-0.32,-0.05,617,840,USD/MT,BunkerIndex_BIX
2026-08-25,BIX_APAC,MGO,1427.58,-2.64,-0.18,955,2351,USD/MT,BunkerIndex_BIX
2026-08-25,BIX_APAC,VLSFO,927.83,-2.34,-0.25,789,1315,USD/MT,BunkerIndex_BIX
2026-08-25,BIX_Americas,IFO380,633.58,-2.3,-0.36,436.6,845,USD/MT,BunkerIndex_BIX
2026-08-25,BIX_Americas,MGO,1408.86,-3.55,-0.25,633.2,1658,USD/MT,BunkerIndex_BIX
2026-08-25,BIX_Americas,VLSFO,834.19,-8,-0.95,685,971,USD/MT,BunkerIndex_BIX
2026-08-25,BIX_EMEA,IFO380,618.18,-4.24,-0.68,424,1200,USD/MT,BunkerIndex_BIX
2026-08-25,BIX_EMEA,MGO,1396.76,-21.35,-1.51,1100,2025,USD/MT,BunkerIndex_BIX
2026-08-25,BIX_EMEA,VLSFO,771.89,-4.13,-0.53,595,1300,USD/MT,BunkerIndex_BIX
2026-08-25,BIX_World,IFO380,645.22,-2.38,-0.37,424,1200,USD/MT,BunkerIndex_BIX
2026-08-25,BIX_World,MGO,1409.05,-10.1,-0.71,633.2,2351,USD/MT,BunkerIndex_BIX
2026-08-25,BIX_World,VLSFO,847.51,-4.83,-0.57,595,1315,USD/MT,BunkerIndex_BIX
2026-08-25,BIX_World3,IFO380,622.67,-7.16,-1.14,537,671,USD/MT,BunkerIndex_BIX
2026-08-25,BIX_World3,MGO,1293.5,-24.5,-1.86,1205,1436,USD/MT,BunkerIndex_BIX
2026-08-25,BIX_World3,VLSFO,766.83,-4,-0.52,652,841,USD/MT,BunkerIndex_BIX
2026-08-26,BIX_APAC,IFO380,678.31,-10.32,-1.5,560,840,USD/MT,BunkerIndex_BIX
2026-08-26,BIX_APAC,MGO,1413.4,-14.18,-0.99,955,2451,USD/MT,BunkerIndex_BIX
2026-08-26,BIX_APAC,VLSFO,919.6,-8.23,-0.89,757,1315,USD/MT,BunkerIndex_BIX
2026-08-26,BIX_Americas,IFO380,624.98,-8.6,-1.36,436.6,845,USD/MT,BunkerIndex_BIX
2026-08-26,BIX_Americas,MGO,1389.07,-19.79,-1.4,633.2,1638,USD/MT,BunkerIndex_BIX
2026-08-26,BIX_Americas,VLSFO,818,-16.19,-1.94,663,971,USD/MT,BunkerIndex_BIX
2026-08-26,BIX_EMEA,IFO380,599.83,-18.35,-2.97,424,1200,USD/MT,BunkerIndex_BIX
2026-08-26,BIX_EMEA,MGO,1349.95,-46.81,-3.35,1100,2010,USD/MT,BunkerIndex_BIX
2026-08-26,BIX_EMEA,VLSFO,757.2,-14.69,-1.9,595,1300,USD/MT,BunkerIndex_BIX
2026-08-26,BIX_World,IFO380,632.53,-12.69,-1.97,424,1200,USD/MT,BunkerIndex_BIX
2026-08-26,BIX_World,MGO,1380.41,-28.64,-2.03,633.2,2451,USD/MT,BunkerIndex_BIX
2026-08-26,BIX_World,VLSFO,834.55,-12.96,-1.53,595,1315,USD/MT,BunkerIndex_BIX
2026-08-26,BIX_World3,IFO380,593.33,-29.34,-4.71,519,656,USD/MT,BunkerIndex_BIX
2026-08-26,BIX_World3,MGO,1253.83,-39.67,-3.07,1108,1400,USD/MT,BunkerIndex_BIX
2026-08-26,BIX_World3,VLSFO,742.67,-24.16,-3.15,621,821,USD/MT,BunkerIndex_BIX
2026-08-27,BIX_APAC,IFO380,665.85,-12.46,-1.84,567,864,USD/MT,BunkerIndex_BIX
2026-08-27,BIX_APAC,MGO,1372.68,-40.72,-2.88,955,2451,USD/MT,BunkerIndex_BIX
2026-08-27,BIX_APAC,VLSFO,896.83,-22.77,-2.48,764,1315,USD/MT,BunkerIndex_BIX
2026-08-27,BIX_Americas,IFO380,630.93,5.95,0.95,436.6,845,USD/MT,BunkerIndex_BIX
2026-08-27,BIX_Americas,MGO,1386.8,-2.27,-0.16,633.2,1633,USD/MT,BunkerIndex_BIX
2026-08-27,BIX_Americas,VLSFO,823.06,5.06,0.62,672,971,USD/MT,BunkerIndex_BIX
2026-08-27,BIX_EMEA,IFO380,601.47,1.64,0.27,424,1200,USD/MT,BunkerIndex_BIX
2026-08-27,BIX_EMEA,MGO,1356.91,6.96,0.52,1090,1970,USD/MT,BunkerIndex_BIX
2026-08-27,BIX_EMEA,VLSFO,757.74,0.54,0.07,595,1300,USD/MT,BunkerIndex_BIX
2026-08-27,BIX_World,IFO380,631.15,-1.38,-0.22,424,1200,USD/MT,BunkerIndex_BIX
2026-08-27,BIX_World,MGO,1371.8,-8.61,-0.62,633.2,2451,USD/MT,BunkerIndex_BIX
2026-08-27,BIX_World,VLSFO,828.53,-6.02,-0.72,595,1315,USD/MT,BunkerIndex_BIX
2026-08-27,BIX_World3,IFO380,589.17,-4.16,-0.7,509,645,USD/MT,BunkerIndex_BIX
2026-08-27,BIX_World3,MGO,1240.5,-13.33,-1.06,1109,1387,USD/MT,BunkerIndex_BIX
2026-08-27,BIX_World3,VLSFO,738.17,-4.5,-0.61,629,798,USD/MT,BunkerIndex_BIX
2026-08-28,BIX_APAC,IFO380,669.69,3.84,0.58,572,864,USD/MT,BunkerIndex_BIX
2026-08-28,BIX_APAC,MGO,1380.35,7.67,0.56,955,2451,USD/MT,BunkerIndex_BIX
2026-08-28,BIX_APAC,VLSFO,893.95,-2.88,-0.32,770,1315,USD/MT,BunkerIndex_BIX
2026-08-28,BIX_Americas,IFO380,629.91,-1.02,-0.16,436.6,829,USD/MT,BunkerIndex_BIX
2026-08-28,BIX_Americas,MGO,1403.22,16.42,1.18,633.2,1661,USD/MT,BunkerIndex_BIX
2026-08-28,BIX_Americas,VLSFO,823.9,0.84,0.1,675,955,USD/MT,BunkerIndex_BIX
2026-08-28,BIX_EMEA,IFO380,608.92,7.45,1.24,449,1200,USD/MT,BunkerIndex_BIX
2026-08-28,BIX_EMEA,MGO,1371.08,14.17,1.04,1090,2030,USD/MT,BunkerIndex_BIX
2026-08-28,BIX_EMEA,VLSFO,764.94,7.2,0.95,595,1300,USD/MT,BunkerIndex_BIX
2026-08-28,BIX_World,IFO380,634.73,3.58,0.57,436.6,1200,USD/MT,BunkerIndex_BIX
2026-08-28,BIX_World,MGO,1385.12,13.32,0.97,633.2,2451,USD/MT,BunkerIndex_BIX
2026-08-28,BIX_World,VLSFO,830.04,1.51,0.18,595,1315,USD/MT,BunkerIndex_BIX
2026-08-28,BIX_World3,IFO380,600.67,11.5,1.95,529,645,USD/MT,BunkerIndex_BIX
2026-08-28,BIX_World3,MGO,1255.17,14.67,1.18,1124,1415,USD/MT,BunkerIndex_BIX
2026-08-28,BIX_World3,VLSFO,748.67,10.5,1.42,652,811,USD/MT,BunkerIndex_BIX
2026-08-31,BIX_APAC,IFO380,678.65,8.96,1.34,587,864,USD/MT,BunkerIndex_BIX
2026-08-31,BIX_APAC,MGO,1385.27,4.92,0.36,955,2451,USD/MT,BunkerIndex_BIX
2026-08-31,BIX_APAC,VLSFO,902.7,8.75,0.98,770,1315,USD/MT,BunkerIndex_BIX
2026-08-31,BIX_Americas,IFO380,635.43,5.52,0.88,436.6,829,USD/MT,BunkerIndex_BIX
2026-08-31,BIX_Americas,MGO,1421.5,18.28,1.3,633.2,1633,USD/MT,BunkerIndex_BIX
2026-08-31,BIX_Americas,VLSFO,836.35,12.45,1.51,685,955,USD/MT,BunkerIndex_BIX
2026-08-31,BIX_EMEA,IFO380,611.85,2.93,0.48,449,1200,USD/MT,BunkerIndex_BIX
2026-08-31,BIX_EMEA,MGO,1399.14,28.06,2.05,1090,2030,USD/MT,BunkerIndex_BIX
2026-08-31,BIX_EMEA,VLSFO,771.16,6.22,0.81,585,1300,USD/MT,BunkerIndex_BIX
2026-08-31,BIX_World,IFO380,640.39,5.66,0.89,436.6,1200,USD/MT,BunkerIndex_BIX
2026-08-31,BIX_World,MGO,1403.7,18.58,1.34,633.2,2451,USD/MT,BunkerIndex_BIX
2026-08-31,BIX_World,VLSFO,839.27,9.23,1.11,585,1315,USD/MT,BunkerIndex_BIX
2026-08-31,BIX_World3,IFO380,601,0.33,0.05,535,650,USD/MT,BunkerIndex_BIX
2026-08-31,BIX_World3,MGO,1282,26.83,2.14,1139,1450,USD/MT,BunkerIndex_BIX
2026-08-31,BIX_World3,VLSFO,757.33,8.66,1.16,654,835,USD/MT,BunkerIndex_BIX
2026-09-01,BIX_APAC,IFO380,699.23,20.58,3.03,607,864,USD/MT,BunkerIndex_BIX
2026-09-01,BIX_APAC,MGO,1398.4,13.13,0.95,955,2451,USD/MT,BunkerIndex_BIX
2026-09-01,BIX_APAC,VLSFO,918.63,15.93,1.76,776,1315,USD/MT,BunkerIndex_BIX
2026-09-01,BIX_Americas,IFO380,640.08,4.65,0.73,436.6,854,USD/MT,BunkerIndex_BIX
2026-09-01,BIX_Americas,MGO,1423.46,1.96,0.14,633.2,1645,USD/MT,BunkerIndex_BIX
2026-09-01,BIX_Americas,VLSFO,841.9,5.55,0.66,685,977,USD/MT,BunkerIndex_BIX
2026-09-01,BIX_EMEA,IFO380,617.79,5.94,0.97,449,1200,USD/MT,BunkerIndex_BIX
2026-09-01,BIX_EMEA,MGO,1426,26.86,1.92,1090,2030,USD/MT,BunkerIndex_BIX
2026-09-01,BIX_EMEA,VLSFO,784.14,12.98,1.68,585,1300,USD/MT,BunkerIndex_BIX
2026-09-01,BIX_World,IFO380,650.5,10.11,1.58,436.6,1200,USD/MT,BunkerIndex_BIX
2026-09-01,BIX_World,MGO,1418.01,14.31,1.02,633.2,2451,USD/MT,BunkerIndex_BIX
2026-09-01,BIX_World,VLSFO,850.74,11.47,1.37,585,1315,USD/MT,BunkerIndex_BIX
2026-09-01,BIX_World3,IFO380,600,-1,-0.17,540,642,USD/MT,BunkerIndex_BIX
2026-09-01,BIX_World3,MGO,1302.33,20.33,1.59,1168,1450,USD/MT,BunkerIndex_BIX
2026-09-01,BIX_World3,VLSFO,771.17,13.84,1.83,665,840,USD/MT,BunkerIndex_BIX
2026-09-02,BIX_APAC,IFO380,714.66,15.43,2.21,622,910,USD/MT,BunkerIndex_BIX
2026-09-02,BIX_APAC,MGO,1413.26,14.86,1.06,955,2251,USD/MT,BunkerIndex_BIX
2026-09-02,BIX_APAC,VLSFO,935.15,16.52,1.8,825,1315,USD/MT,BunkerIndex_BIX
2026-09-02,BIX_Americas,IFO380,649.65,9.57,1.5,436.6,854,USD/MT,BunkerIndex_BIX
2026-09-02,BIX_Americas,MGO,1448.94,25.48,1.79,633.2,1705,USD/MT,BunkerIndex_BIX
2026-09-02,BIX_Americas,VLSFO,849.56,7.66,0.91,700,977,USD/MT,BunkerIndex_BIX
2026-09-02,BIX_EMEA,IFO380,627.42,9.63,1.56,449,1200,USD/MT,BunkerIndex_BIX
2026-09-02,BIX_EMEA,MGO,1472.7,46.7,3.27,1090,2165,USD/MT,BunkerIndex_BIX
2026-09-02,BIX_EMEA,VLSFO,790.81,6.67,0.85,585,1300,USD/MT,BunkerIndex_BIX
2026-09-02,BIX_World,IFO380,661.92,11.42,1.76,436.6,1200,USD/MT,BunkerIndex_BIX
2026-09-02,BIX_World,MGO,1448.84,30.83,2.17,633.2,2251,USD/MT,BunkerIndex_BIX
2026-09-02,BIX_World,VLSFO,861.17,10.43,1.23,585,1315,USD/MT,BunkerIndex_BIX
2026-09-02,BIX_World3,IFO380,621.5,21.5,3.58,554,668,USD/MT,BunkerIndex_BIX
2026-09-02,BIX_World3,MGO,1337.33,35,2.69,1219,1493,USD/MT,BunkerIndex_BIX
2026-09-02,BIX_World3,VLSFO,796.83,25.66,3.33,663,866,USD/MT,BunkerIndex_BIX
2026-09-03,BIX_APAC,IFO380,718.24,3.58,0.5,637,910,USD/MT,BunkerIndex_BIX
2026-09-03,BIX_APAC,MGO,1434.26,21,1.49,955,2251,USD/MT,BunkerIndex_BIX
2026-09-03,BIX_APAC,VLSFO,942.27,7.12,0.76,840,1215,USD/MT,BunkerIndex_BIX
2026-09-03,BIX_Americas,IFO380,650.41,0.76,0.12,436.6,864,USD/MT,BunkerIndex_BIX
2026-09-03,BIX_Americas,MGO,1478.45,29.51,2.04,633.2,1781,USD/MT,BunkerIndex_BIX
2026-09-03,BIX_Americas,VLSFO,858.78,9.22,1.09,710,989,USD/MT,BunkerIndex_BIX
2026-09-03,BIX_EMEA,IFO380,636.76,9.34,1.49,449,1200,USD/MT,BunkerIndex_BIX
2026-09-03,BIX_EMEA,MGO,1493.59,20.89,1.42,1000,2205,USD/MT,BunkerIndex_BIX
2026-09-03,BIX_EMEA,VLSFO,787.44,-3.37,-0.43,580,1300,USD/MT,BunkerIndex_BIX
2026-09-03,BIX_World,IFO380,666.69,4.77,0.72,436.6,1200,USD/MT,BunkerIndex_BIX
2026-09-03,BIX_World,MGO,1472.89,24.05,1.66,633.2,2251,USD/MT,BunkerIndex_BIX
2026-09-03,BIX_World,VLSFO,865.77,4.6,0.53,580,1300,USD/MT,BunkerIndex_BIX
2026-09-03,BIX_World3,IFO380,621.17,-0.33,-0.05,559,663,USD/MT,BunkerIndex_BIX
2026-09-03,BIX_World3,MGO,1349.5,12.17,0.91,1239,1490,USD/MT,BunkerIndex_BIX
2026-09-03,BIX_World3,VLSFO,800.33,3.5,0.44,659,867,USD/MT,BunkerIndex_BIX
2026-09-04,BIX_APAC,IFO380,714.1,-4.14,-0.58,627,910,USD/MT,BunkerIndex_BIX
2026-09-04,BIX_APAC,MGO,1429.81,-4.45,-0.31,955,2251,USD/MT,BunkerIndex_BIX
2026-09-04,BIX_APAC,VLSFO,938.72,-3.55,-0.38,830,1215,USD/MT,BunkerIndex_BIX
2026-09-04,BIX_Americas,IFO380,648.16,-2.25,-0.35,436.6,864,USD/MT,BunkerIndex_BIX
2026-09-04,BIX_Americas,MGO,1470.72,-7.73,-0.52,633.2,1751,USD/MT,BunkerIndex_BIX
2026-09-04,BIX_Americas,VLSFO,855.57,-3.21,-0.37,705,989,USD/MT,BunkerIndex_BIX
2026-09-04,BIX_EMEA,IFO380,635.78,-0.98,-0.15,449,1200,USD/MT,BunkerIndex_BIX
2026-09-04,BIX_EMEA,MGO,1481.59,-12,-0.8,1000,2105,USD/MT,BunkerIndex_BIX
2026-09-04,BIX_EMEA,VLSFO,778.99,-8.45,-1.07,580,1300,USD/MT,BunkerIndex_BIX
2026-09-04,BIX_World,IFO380,664.31,-2.38,-0.36,436.6,1200,USD/MT,BunkerIndex_BIX
2026-09-04,BIX_World,MGO,1464.38,-8.51,-0.58,633.2,2251,USD/MT,BunkerIndex_BIX
2026-09-04,BIX_World,VLSFO,860.82,-4.95,-0.57,580,1300,USD/MT,BunkerIndex_BIX
2026-09-04,BIX_World3,IFO380,619.83,-1.34,-0.22,567,656,USD/MT,BunkerIndex_BIX
2026-09-04,BIX_World3,MGO,1351.67,2.17,0.16,1239,1476,USD/MT,BunkerIndex_BIX
2026-09-04,BIX_World3,VLSFO,799.83,-0.5,-0.06,674,867,USD/MT,BunkerIndex_BIX
2026-09-07,BIX_APAC,IFO380,710.52,-3.58,-0.5,622,910,USD/MT,BunkerIndex_BIX
2026-09-07,BIX_APAC,MGO,1425.93,-3.88,-0.27,955,2251,USD/MT,BunkerIndex_BIX
2026-09-07,BIX_APAC,VLSFO,935.91,-2.81,-0.3,825,1215,USD/MT,BunkerIndex_BIX
2026-09-07,BIX_Americas,IFO380,648.12,-0.04,-0.01,436.6,864,USD/MT,BunkerIndex_BIX
2026-09-07,BIX_Americas,MGO,1465.03,-5.69,-0.39,633.2,1751,USD/MT,BunkerIndex_BIX
2026-09-07,BIX_Americas,VLSFO,855.38,-0.19,-0.02,705,989,USD/MT,BunkerIndex_BIX
2026-09-07,BIX_EMEA,IFO380,640.31,4.53,0.71,449,1200,USD/MT,BunkerIndex_BIX
2026-09-07,BIX_EMEA,MGO,1497.55,15.96,1.08,1000,2105,USD/MT,BunkerIndex_BIX
2026-09-07,BIX_EMEA,VLSFO,779.57,0.58,0.07,580,1300,USD/MT,BunkerIndex_BIX
2026-09-07,BIX_World,IFO380,664.82,0.51,0.08,436.6,1200,USD/MT,BunkerIndex_BIX
2026-09-07,BIX_World,MGO,1467.39,3.01,0.21,633.2,2251,USD/MT,BunkerIndex_BIX
2026-09-07,BIX_World,VLSFO,859.96,-0.86,-0.1,580,1300,USD/MT,BunkerIndex_BIX
2026-09-07,BIX_World3,IFO380,626.33,6.5,1.05,569,663,USD/MT,BunkerIndex_BIX
2026-09-07,BIX_World3,MGO,1359.83,8.16,0.6,1239,1493,USD/MT,BunkerIndex_BIX
2026-09-07,BIX_World3,VLSFO,797.83,-2,-0.25,667,868,USD/MT,BunkerIndex_BIX
2026-09-08,BIX_APAC,IFO380,714,3.48,0.49,627,910,USD/MT,BunkerIndex_BIX
2026-09-08,BIX_APAC,MGO,1429.61,3.68,0.26,955,2251,USD/MT,BunkerIndex_BIX
2026-09-08,BIX_APAC,VLSFO,937.61,1.7,0.18,830,1215,USD/MT,BunkerIndex_BIX
2026-09-08,BIX_Americas,IFO380,655.93,7.81,1.21,436.6,864,USD/MT,BunkerIndex_BIX
2026-09-08,BIX_Americas,MGO,1482.92,17.89,1.22,633.2,1765,USD/MT,BunkerIndex_BIX
2026-09-08,BIX_Americas,VLSFO,867.77,12.39,1.45,720,989,USD/MT,BunkerIndex_BIX
2026-09-08,BIX_EMEA,IFO380,647.04,6.73,1.05,479,1200,USD/MT,BunkerIndex_BIX
2026-09-08,BIX_EMEA,MGO,1514.98,17.43,1.16,1000,2030,USD/MT,BunkerIndex_BIX
2026-09-08,BIX_EMEA,VLSFO,786.17,6.6,0.85,580,1350,USD/MT,BunkerIndex_BIX
2026-09-08,BIX_World,IFO380,670.88,6.06,0.91,436.6,1200,USD/MT,BunkerIndex_BIX
2026-09-08,BIX_World,MGO,1481.47,14.08,0.96,633.2,2251,USD/MT,BunkerIndex_BIX
2026-09-08,BIX_World,VLSFO,866.83,6.87,0.8,580,1350,USD/MT,BunkerIndex_BIX
2026-09-08,BIX_World3,IFO380,629.83,3.5,0.56,584,675,USD/MT,BunkerIndex_BIX
2026-09-08,BIX_World3,MGO,1364.5,4.67,0.34,1240,1500,USD/MT,BunkerIndex_BIX
2026-09-08,BIX_World3,VLSFO,798,0.17,0.02,677,890,USD/MT,BunkerIndex_BIX
2026-09-09,BIX_APAC,IFO380,725.39,11.39,1.6,642,910,USD/MT,BunkerIndex_BIX
2026-09-09,BIX_APAC,MGO,1440.82,11.21,0.78,955,2251,USD/MT,BunkerIndex_BIX
2026-09-09,BIX_APAC,VLSFO,945.74,8.13,0.87,840,1215,USD/MT,BunkerIndex_BIX
2026-09-09,BIX_Americas,IFO380,659.51,3.58,0.55,436.6,864,USD/MT,BunkerIndex_BIX
2026-09-09,BIX_Americas,MGO,1508.5,25.58,1.72,633.2,1778,USD/MT,BunkerIndex_BIX
2026-09-09,BIX_Americas,VLSFO,876.65,8.88,1.02,720,989,USD/MT,BunkerIndex_BIX
2026-09-09,BIX_EMEA,IFO380,653.81,6.77,1.05,479,1200,USD/MT,BunkerIndex_BIX
2026-09-09,BIX_EMEA,MGO,1519.1,4.12,0.27,1000,2020,USD/MT,BunkerIndex_BIX
2026-09-09,BIX_EMEA,VLSFO,791.14,4.97,0.63,580,1350,USD/MT,BunkerIndex_BIX
2026-09-09,BIX_World,IFO380,678.06,7.18,1.07,436.6,1200,USD/MT,BunkerIndex_BIX
2026-09-09,BIX_World,MGO,1495.2,13.73,0.93,633.2,2251,USD/MT,BunkerIndex_BIX
2026-09-09,BIX_World,VLSFO,874.24,7.41,0.85,580,1350,USD/MT,BunkerIndex_BIX
2026-09-09,BIX_World3,IFO380,636.67,6.84,1.09,579,690,USD/MT,BunkerIndex_BIX
2026-09-09,BIX_World3,MGO,1372,7.5,0.55,1261,1469,USD/MT,BunkerIndex_BIX
2026-09-09,BIX_World3,VLSFO,811.83,13.83,1.73,689,905,USD/MT,BunkerIndex_BIX
