Date,Index,% Change
2008-10-06,"2,276",
2008-10-07,"2,127",-6.55%
2008-10-08,"1,987",-6.58%
2008-10-09,"1,844",-7.20%
2008-10-10,"1,641",-11.01%
2008-10-13,"1,463",-10.85%
2008-10-14,"1,355",-7.38%
2008-10-15,"1,294",-4.50%
2008-10-16,"1,254",-3.09%
2008-10-17,"1,206",-3.83%
2008-10-20,"1,144",-5.14%
2008-10-21,"1,079",-5.68%
2008-10-22,975,-9.64%
2008-10-23,881,-9.64%
2008-10-24,817,-7.26%
2008-10-27,768,-6.00%
2008-10-28,701,-8.72%
2008-10-29,655,-6.56%
2008-10-30,617,-5.80%
2008-10-31,583,-5.51%
2008-11-03,559,-4.12%
2008-11-04,531,-5.01%
2008-11-05,512,-3.58%
2008-11-06,521,1.76%
2008-11-07,530,1.73%
2008-11-10,531,0.19%
2008-11-11,534,0.56%
2008-11-12,536,0.37%
2008-11-13,543,1.31%
2008-11-14,556,2.39%
2008-11-17,571,2.70%
2008-11-18,589,3.15%
2008-11-19,606,2.89%
2008-11-20,623,2.81%
2008-11-21,634,1.77%
2008-11-24,640,0.95%
2008-11-25,641,0.16%
2008-11-26,637,-0.62%
2008-11-27,632,-0.78%
2008-11-28,622,-1.58%
2008-12-01,610,-1.93%
2008-12-02,597,-2.13%
2008-12-03,579,-3.02%
2008-12-04,564,-2.59%
2008-12-05,548,-2.84%
2008-12-08,533,-2.74%
2008-12-09,523,-1.88%
2008-12-10,511,-2.29%
2008-12-11,498,-2.54%
2008-12-12,490,-1.61%
2008-12-15,486,-0.82%
2008-12-16,481,-1.03%
2008-12-17,476,-1.04%
2008-12-18,464,-2.52%
2008-12-19,454,-2.16%
2008-12-22,442,-2.64%
2008-12-23,430,-2.71%
2008-12-24,421,-2.09%
2009-01-02,411,-2.38%
2009-01-05,403,-1.95%
2009-01-06,395,-1.99%
2009-01-07,390,-1.27%
2009-01-08,389,-0.26%
2009-01-09,394,1.29%
2009-01-12,397,0.76%
2009-01-13,402,1.26%
2009-01-14,409,1.74%
2009-01-15,413,0.98%
2009-01-16,418,1.21%
2009-01-19,424,1.44%
2009-01-20,427,0.71%
2009-01-21,432,1.17%
2009-01-22,436,0.93%
2009-01-23,443,1.61%
2009-01-26,446,0.68%
2009-01-27,460,3.14%
2009-01-28,473,2.83%
2009-01-29,488,3.17%
2009-01-30,512,4.92%
2009-02-02,533,4.10%
2009-02-03,556,4.32%
2009-02-04,681,22.48%
2009-02-05,783,14.98%
2009-02-06,854,9.07%
2009-02-09,948,11.01%
2009-02-10,"1,025",8.12%
2009-02-11,"1,089",6.24%
2009-02-12,"1,148",5.42%
2009-02-13,"1,190",3.66%
2009-02-16,"1,209",1.60%
2009-02-17,"1,213",0.33%
2009-02-18,"1,231",1.48%
2009-02-19,"1,271",3.25%
2009-02-20,"1,300",2.28%
2009-02-23,"1,325",1.92%
2009-02-24,"1,347",1.66%
2009-02-25,"1,385",2.82%
2009-02-26,"1,474",6.43%
2009-02-27,"1,529",3.73%
2009-03-02,"1,569",2.62%
2009-03-03,"1,585",1.02%
2009-03-04,"1,603",1.14%
2009-03-05,"1,653",3.12%
2009-03-06,"1,688",2.12%
2009-03-09,"1,713",1.48%
2009-03-10,"1,728",0.88%
2009-03-11,"1,735",0.41%
2009-03-12,"1,727",-0.46%
2009-03-13,"1,710",-0.98%
2009-03-16,"1,694",-0.94%
2009-03-17,"1,673",-1.24%
2009-03-18,"1,632",-2.45%
2009-03-19,"1,583",-3.00%
2009-03-20,"1,541",-2.65%
2009-03-23,"1,493",-3.11%
2009-03-24,"1,437",-3.75%
2009-03-25,"1,398",-2.71%
2009-03-26,"1,365",-2.36%
2009-03-27,"1,338",-1.98%
2009-03-30,"1,313",-1.87%
2009-03-31,"1,288",-1.90%
2009-04-01,"1,268",-1.55%
2009-04-02,"1,250",-1.42%
2009-04-03,"1,236",-1.12%
2009-04-06,"1,220",-1.29%
2009-04-07,"1,183",-3.03%
2009-04-08,"1,159",-2.03%
2009-04-09,"1,153",-0.52%
2009-04-14,"1,158",0.43%
2009-04-15,"1,165",0.60%
2009-04-16,"1,203",3.26%
2009-04-17,"1,241",3.16%
2009-04-20,"1,279",3.06%
2009-04-21,"1,308",2.27%
2009-04-22,"1,350",3.21%
2009-04-23,"1,396",3.41%
2009-04-24,"1,435",2.79%
2009-04-27,"1,453",1.25%
2009-04-28,"1,447",-0.41%
2009-04-29,"1,438",-0.62%
2009-04-30,"1,427",-0.76%
2009-05-01,"1,430",0.21%
2009-05-05,"1,430",0.00%
2009-05-06,"1,448",1.26%
2009-05-07,"1,497",3.38%
2009-05-08,"1,569",4.81%
2009-05-11,"1,611",2.68%
2009-05-12,"1,639",1.74%
2009-05-13,"1,675",2.20%
2009-05-14,"1,711",2.15%
2009-05-15,"1,754",2.51%
2009-05-18,"1,786",1.82%
2009-05-19,"1,834",2.69%
2009-05-20,"1,853",1.04%
2009-05-21,"1,854",0.05%
2009-05-22,"1,837",-0.92%
2009-05-26,"1,830",-0.38%
2009-05-27,"1,825",-0.27%
2009-05-28,"1,832",0.38%
2009-05-29,"1,831",-0.05%
2009-06-01,"1,835",0.22%
2009-06-02,"1,843",0.44%
2009-06-03,"1,862",1.03%
2009-06-04,"1,856",-0.32%
2009-06-05,"1,832",-1.29%
2009-06-08,"1,804",-1.53%
2009-06-09,"1,781",-1.27%
2009-06-10,"1,758",-1.29%
2009-06-11,"1,738",-1.14%
2009-06-12,"1,722",-0.92%
2009-06-15,"1,702",-1.16%
2009-06-16,"1,699",-0.18%
2009-06-17,"1,714",0.88%
2009-06-18,"1,735",1.23%
2009-06-19,"1,749",0.81%
2009-06-22,"1,758",0.51%
2009-06-23,"1,757",-0.06%
2009-06-24,"1,754",-0.17%
2009-06-25,"1,750",-0.23%
2009-06-26,"1,734",-0.91%
2009-06-29,"1,715",-1.10%
2009-06-30,"1,701",-0.82%
2009-07-01,"1,703",0.12%
2009-07-02,"1,709",0.35%
2009-07-03,"1,718",0.53%
2009-07-06,"1,716",-0.12%
2009-07-07,"1,724",0.47%
2009-07-08,"1,749",1.45%
2009-07-09,"1,782",1.89%
2009-07-10,"1,817",1.96%
2009-07-13,"1,834",0.94%
2009-07-14,"1,892",3.16%
2009-07-15,"1,953",3.22%
2009-07-16,"2,016",3.23%
2009-07-17,"2,051",1.74%
2009-07-20,"2,062",0.54%
2009-07-21,"2,080",0.87%
2009-07-22,"2,086",0.29%
2009-07-23,"2,095",0.43%
2009-07-24,"2,091",-0.19%
2009-07-27,"2,090",-0.05%
2009-07-28,"2,092",0.10%
2009-07-29,"2,091",-0.05%
2009-07-30,"2,089",-0.10%
2009-07-31,"2,081",-0.38%
2009-08-03,"2,060",-1.01%
2009-08-04,"2,033",-1.31%
2009-08-05,"1,996",-1.82%
2009-08-06,"1,918",-3.91%
2009-08-07,"1,840",-4.07%
2009-08-10,"1,785",-2.99%
2009-08-11,"1,736",-2.75%
2009-08-12,"1,700",-2.07%
2009-08-13,"1,693",-0.41%
2009-08-14,"1,709",0.95%
2009-08-17,"1,723",0.82%
2009-08-18,"1,733",0.58%
2009-08-19,"1,731",-0.12%
2009-08-20,"1,731",0.00%
2009-08-21,"1,733",0.12%
2009-08-24,"1,748",0.87%
2009-08-25,"1,753",0.29%
2009-08-26,"1,749",-0.23%
2009-08-27,"1,752",0.17%
2009-08-28,"1,740",-0.68%
2009-09-01,"1,732",-0.46%
2009-09-02,"1,723",-0.52%
2009-09-03,"1,723",0.00%
2009-09-04,"1,742",1.10%
2009-09-07,"1,793",2.93%
2009-09-08,"1,831",2.12%
2009-09-09,"1,865",1.86%
2009-09-11,"1,917",2.79%
2009-09-14,"1,933",0.83%
2009-09-15,"1,974",2.12%
2009-09-16,"2,015",2.08%
2009-09-17,"2,048",1.64%
2009-09-18,"2,063",0.73%
2009-09-21,"2,069",0.29%
2009-09-22,"2,071",0.10%
2009-09-23,"2,071",0.00%
2009-09-24,"2,068",-0.14%
2009-09-25,"2,058",-0.48%
2009-09-28,"2,031",-1.31%
2009-09-29,"2,000",-1.53%
2009-09-30,"1,966",-1.70%
2009-10-01,"1,911",-2.80%
2009-10-02,"1,868",-2.25%
2009-10-05,"1,837",-1.66%
2009-10-06,"1,820",-0.93%
2009-10-07,"1,799",-1.15%
2009-10-08,"1,799",0.00%
2009-10-09,"1,800",0.06%
2009-10-12,"1,804",0.22%
2009-10-13,"1,820",0.89%
2009-10-14,"1,869",2.69%
2009-10-15,"1,890",1.12%
2009-10-16,"1,903",0.69%
2009-10-19,"1,900",-0.16%
2009-10-20,"1,890",-0.53%
2009-10-21,"1,875",-0.79%
2009-10-22,"1,862",-0.69%
2009-10-23,"1,852",-0.54%
2009-10-26,"1,850",-0.11%
2009-10-27,"1,842",-0.43%
2009-10-28,"1,833",-0.49%
2009-10-29,"1,825",-0.44%
2009-10-30,"1,820",-0.27%
2009-11-02,"1,813",-0.38%
2009-11-03,"1,813",0.00%
2009-11-04,"1,833",1.10%
2009-11-05,"1,855",1.20%
2009-11-06,"1,888",1.78%
2009-11-09,"1,917",1.54%
2009-11-10,"1,958",2.14%
2009-11-11,"2,021",3.22%
2009-11-12,"2,085",3.17%
2009-11-13,"2,147",2.97%
2009-11-16,"2,257",5.12%
2009-11-17,"2,350",4.12%
2009-11-19,"2,472",5.19%
2009-11-20,"2,487",0.61%
2009-11-24,"2,479",-0.32%
2009-11-25,"2,472",-0.28%
2009-11-27,"2,446",-1.05%
2009-11-30,"2,416",-1.23%
2009-12-01,"2,376",-1.66%
2009-12-02,"2,364",-0.51%
2009-12-03,"2,368",0.17%
2009-12-04,"2,382",0.59%
2009-12-07,"2,395",0.55%
2009-12-08,"2,414",0.79%
2009-12-09,"2,429",0.62%
2009-12-10,"2,432",0.12%
2009-12-11,"2,429",-0.12%
2009-12-14,"2,420",-0.37%
2009-12-15,"2,413",-0.29%
2009-12-16,"2,000",-17.12%
2009-12-17,"2,340",17.00%
2009-12-18,"2,322",-0.77%
2009-12-21,"2,297",-1.08%
2009-12-22,"2,000",-12.93%
2009-12-23,"2,246",12.30%
2009-12-24,"2,224",-0.98%
2010-01-04,"2,224",0.00%
2010-01-06,"2,319",4.27%
2010-01-07,"2,375",2.41%
2010-01-08,"2,418",1.81%
2010-01-11,"2,452",1.41%
2010-01-12,"2,507",2.24%
2010-01-13,"2,542",1.40%
2010-01-14,"2,545",0.12%
2010-01-15,"2,535",-0.39%
2010-01-19,"2,510",-0.99%
2010-01-20,"2,488",-0.88%
2010-01-21,"2,462",-1.05%
2010-01-22,"2,449",-0.53%
2010-01-25,"2,429",-0.82%
2010-01-26,"2,395",-1.40%
2010-01-27,"2,356",-1.63%
2010-01-28,"2,313",-1.83%
2010-01-29,"2,271",-1.82%
2010-02-01,"2,233",-1.67%
2010-02-02,"2,209",-1.07%
2010-02-03,"2,186",-1.04%
2010-02-04,"2,167",-0.87%
2010-02-05,"2,156",-0.51%
2010-02-08,"2,141",-0.70%
2010-02-09,"2,128",-0.61%
2010-02-10,"2,111",-0.80%
2010-02-11,"2,076",-1.66%
2010-02-12,"2,048",-1.35%
2010-02-16,"2,028",-0.98%
2010-02-17,"2,029",0.05%
2010-02-18,"2,053",1.18%
2010-02-19,"2,077",1.17%
2010-02-22,"2,103",1.25%
2010-02-23,"2,158",2.62%
2010-02-24,"2,204",2.13%
2010-02-25,"2,249",2.04%
2010-02-26,"2,288",1.73%
2010-03-01,"2,316",1.22%
2010-03-02,"2,345",1.25%
2010-03-03,"2,384",1.66%
2010-03-04,"2,429",1.89%
2010-03-05,"2,472",1.77%
2010-03-08,"2,508",1.46%
2010-03-09,"2,552",1.75%
2010-03-10,"2,587",1.37%
2010-03-11,"2,628",1.58%
2010-03-12,"2,731",3.92%
2010-03-15,"2,820",3.26%
2010-03-16,"2,873",1.88%
2010-03-17,"2,898",0.87%
2010-03-18,"2,920",0.76%
2010-03-19,"2,929",0.31%
2010-03-22,"2,918",-0.38%
2010-03-23,"2,877",-1.41%
2010-03-25,"2,757",-4.17%
2010-03-26,"2,647",-3.99%
2010-03-29,"2,542",-3.97%
2010-03-30,"2,473",-2.71%
2010-03-31,"2,431",-1.70%
2010-04-01,"2,409",-0.90%
2010-04-06,"2,435",1.08%
2010-04-07,"2,460",1.03%
2010-04-08,"2,471",0.45%
2010-04-09,"2,490",0.77%
2010-04-12,"2,508",0.72%
2010-04-13,"2,540",1.28%
2010-04-14,"2,567",1.06%
2010-04-15,"2,596",1.13%
2010-04-16,"2,594",-0.08%
2010-04-19,"2,590",-0.15%
2010-04-20,"2,608",0.69%
2010-04-21,"2,620",0.46%
2010-04-22,"2,642",0.84%
2010-04-23,"2,656",0.53%
2010-04-26,"2,659",0.11%
2010-04-27,"2,666",0.26%
2010-04-29,"2,690",0.90%
2010-04-30,"2,715",0.93%
2010-05-04,"2,732",0.63%
2010-05-05,"2,755",0.84%
2010-05-06,"2,817",2.25%
2010-05-07,"2,888",2.52%
2010-05-10,"2,947",2.04%
2010-05-11,"2,991",1.49%
2010-05-12,"3,025",1.14%
2010-05-13,"3,053",0.93%
2010-05-14,"3,076",0.75%
2010-05-17,"3,090",0.46%
2010-05-18,"3,103",0.42%
2010-05-19,"3,111",0.26%
2010-05-20,"3,106",-0.16%
2010-05-21,"3,095",-0.35%
2010-05-24,"3,090",-0.16%
2010-05-25,"3,076",-0.45%
2010-05-26,"3,053",-0.75%
2010-05-27,"3,015",-1.24%
2010-05-28,"2,982",-1.09%
2010-06-01,"2,930",-1.74%
2010-06-02,"2,865",-2.22%
2010-06-03,"2,798",-2.34%
2010-06-04,"2,741",-2.04%
2010-06-07,"2,677",-2.33%
2010-06-08,"2,610",-2.50%
2010-06-09,"2,523",-3.33%
2010-06-10,"2,458",-2.58%
2010-06-11,"2,410",-1.95%
2010-06-14,"2,374",-1.49%
2010-06-15,"2,345",-1.22%
2010-06-16,"2,306",-1.66%
2010-06-17,"2,270",-1.56%
2010-06-18,"2,232",-1.67%
2010-06-21,"2,194",-1.70%
2010-06-22,"2,163",-1.41%
2010-06-23,"2,143",-0.92%
2010-06-24,"2,126",-0.79%
2010-06-25,"2,122",-0.19%
2010-06-28,"2,118",-0.19%
2010-06-29,"2,096",-1.04%
2010-06-30,"2,066",-1.43%
2010-07-01,"2,036",-1.45%
2010-07-02,"1,995",-2.01%
2010-07-06,"1,923",-3.61%
2010-07-07,"1,870",-2.76%
2010-07-08,"1,843",-1.44%
2010-07-09,"1,817",-1.41%
2010-07-12,"1,789",-1.54%
2010-07-13,"1,760",-1.62%
2010-07-14,"1,717",-2.44%
2010-07-15,"1,683",-1.98%
2010-07-16,"1,669",-0.83%
2010-07-19,"1,664",-0.30%
2010-07-20,"1,671",0.42%
2010-07-21,"1,692",1.26%
2010-07-22,"1,723",1.83%
2010-07-23,"1,745",1.28%
2010-07-26,"1,761",0.92%
2010-07-27,"1,774",0.74%
2010-07-28,"1,772",-0.11%
2010-07-29,"1,764",-0.45%
2010-07-30,"1,760",-0.23%
2010-08-02,"1,756",-0.23%
2010-08-03,"1,750",-0.34%
2010-08-04,"1,738",-0.69%
2010-08-05,"1,734",-0.23%
2010-08-06,"1,731",-0.17%
2010-08-09,"1,722",-0.52%
2010-08-10,"1,729",0.41%
2010-08-11,"1,750",1.21%
2010-08-12,"1,787",2.11%
2010-08-13,"1,831",2.46%
2010-08-16,"1,874",2.35%
2010-08-17,"1,908",1.81%
2010-08-18,"1,972",3.35%
2010-08-19,"2,034",3.14%
2010-08-20,"2,076",2.06%
2010-08-23,"2,102",1.25%
2010-08-24,"2,127",1.19%
2010-08-25,"2,142",0.71%
2010-08-26,"2,118",-1.12%
2010-08-27,"2,109",-0.42%
2010-08-31,"2,066",-2.04%
2010-09-01,"2,029",-1.79%
2010-09-02,"1,998",-1.53%
2010-09-03,"1,992",-0.30%
2010-09-07,"2,010",0.90%
2010-09-08,"2,023",0.65%
2010-09-09,"2,036",0.64%
2010-09-10,"2,046",0.49%
2010-09-13,"2,043",-0.15%
2010-09-14,"2,042",-0.05%
2010-09-15,"2,040",-0.10%
2010-09-16,"2,029",-0.54%
2010-09-17,"2,012",-0.84%
2010-09-20,"1,987",-1.24%
2010-09-21,"1,964",-1.16%
2010-09-22,"1,941",-1.17%
2010-09-23,"1,909",-1.65%
2010-09-24,"1,879",-1.57%
2010-09-27,"1,861",-0.96%
2010-09-28,"1,852",-0.48%
2010-09-29,"1,846",-0.32%
2010-09-30,"1,847",0.05%
2010-10-01,"1,843",-0.22%
2010-10-04,"1,853",0.54%
2010-10-05,"1,860",0.38%
2010-10-06,"1,873",0.70%
2010-10-07,"1,885",0.64%
2010-10-08,"1,894",0.48%
2010-10-11,"1,898",0.21%
2010-10-12,"1,905",0.37%
2010-10-13,"1,899",-0.31%
2010-10-14,"1,881",-0.95%
2010-10-15,"1,858",-1.22%
2010-10-18,"1,846",-0.65%
2010-10-19,"1,832",-0.76%
2010-10-20,"1,816",-0.87%
2010-10-21,"1,805",-0.61%
2010-10-22,"1,791",-0.78%
2010-10-25,"1,784",-0.39%
2010-10-26,"1,780",-0.22%
2010-10-27,"1,774",-0.34%
2010-10-28,"1,768",-0.34%
2010-10-29,"1,750",-1.02%
2010-11-01,"1,730",-1.14%
2010-11-02,"1,705",-1.45%
2010-11-03,"1,680",-1.47%
2010-11-04,"1,655",-1.49%
2010-11-05,"1,628",-1.63%
2010-11-08,"1,597",-1.90%
2010-11-09,"1,580",-1.06%
2010-11-10,"1,552",-1.77%
2010-11-11,"1,532",-1.29%
2010-11-12,"1,516",-1.04%
2010-11-15,"1,495",-1.39%
2010-11-17,"1,457",-2.54%
2010-11-18,"1,431",-1.78%
2010-11-23,"1,370",-4.26%
2010-11-24,"1,392",1.61%
2010-11-26,"1,486",6.75%
2010-11-29,"1,512",1.75%
2010-11-30,"1,526",0.93%
2010-12-01,"1,550",1.57%
2010-12-02,"1,569",1.23%
2010-12-06,"1,610",2.61%
2010-12-07,"1,624",0.87%
2010-12-08,"1,636",0.74%
2010-12-09,"1,654",1.10%
2010-12-10,"1,670",0.97%
2010-12-13,"1,677",0.42%
2010-12-14,"1,678",0.06%
2010-12-15,"1,659",-1.13%
2010-12-16,"1,642",-1.02%
2010-12-17,"1,613",-1.77%
2010-12-20,"1,582",-1.92%
2010-12-21,"1,555",-1.71%
2010-12-22,"1,539",-1.03%
2010-12-24,"1,493",-2.99%
2011-01-05,"1,386",-7.17%
2011-01-06,"1,352",-2.45%
2011-01-07,"1,341",-0.81%
2011-01-10,"1,345",0.30%
2011-01-11,"1,350",0.37%
2011-01-12,"1,360",0.74%
2011-01-13,"1,362",0.15%
2011-01-14,"1,393",2.28%
2011-01-18,"1,429",2.58%
2011-01-19,"1,437",0.56%
2011-01-20,"1,438",0.07%
2011-01-24,"1,414",-1.67%
2011-01-25,"1,371",-3.04%
2011-01-26,"1,318",-3.87%
2011-01-27,"1,273",-3.41%
2011-01-28,"1,337",5.03%
2011-01-31,"1,177",-11.97%
2011-02-01,"1,148",-2.46%
2011-02-02,"1,121",-2.35%
2011-02-03,"1,101",-1.78%
2011-02-04,"1,090",-1.00%
2011-02-07,"1,086",-0.37%
2011-02-08,"1,091",0.46%
2011-02-09,"1,099",0.73%
2011-02-10,"1,120",1.91%
2011-02-11,"1,132",1.07%
2011-02-14,"1,154",1.94%
2011-02-15,"1,172",1.56%
2011-02-16,"1,199",2.30%
2011-02-17,"1,233",2.84%
2011-02-18,"1,267",2.76%
2011-02-22,"1,309",3.31%
2011-02-23,"1,334",1.91%
2011-02-24,"1,362",2.10%
2011-02-25,"1,385",1.69%
2011-02-28,"1,398",0.94%
2011-03-01,"1,418",1.43%
2011-03-02,"1,435",1.20%
2011-03-03,"1,454",1.32%
2011-03-04,"1,467",0.89%
2011-03-07,"1,481",0.95%
2011-03-08,"1,496",1.01%
2011-03-09,"1,512",1.07%
2011-03-10,"1,522",0.66%
2011-03-11,"1,529",0.46%
2011-03-14,"1,533",0.26%
2011-03-15,"1,539",0.39%
2011-03-16,"1,551",0.78%
2011-03-17,"1,567",1.03%
2011-03-18,"1,574",0.45%
2011-03-21,"1,580",0.38%
2011-03-23,"1,608",1.77%
2011-03-25,"1,603",-0.31%
2011-03-28,"1,585",-1.12%
2011-03-30,"1,545",-2.52%
2011-03-31,"1,523",-1.42%
2011-04-01,"1,511",-0.79%
2011-04-04,"1,496",-0.99%
2011-04-06,"1,478",-1.20%
2011-04-07,"1,468",-0.68%
2011-04-08,"1,457",-0.75%
2011-04-11,"1,450",-0.48%
2011-04-12,"1,441",-0.62%
2011-04-13,"1,433",-0.56%
2011-04-14,"1,422",-0.77%
2011-04-15,"1,414",-0.56%
2011-04-18,"1,409",-0.35%
2011-04-20,"1,404",-0.35%
2011-04-21,"1,401",-0.21%
2011-04-26,"1,392",-0.64%
2011-04-28,"1,390",-0.14%
2011-05-03,"1,375",-1.08%
2011-05-04,"1,368",-0.51%
2011-05-05,"1,371",0.22%
2011-05-06,"1,386",1.09%
2011-05-09,"1,397",0.79%
2011-05-10,"1,403",0.43%
2011-05-11,"1,399",-0.29%
2011-05-12,"1,395",-0.29%
2011-05-13,"1,392",-0.22%
2011-05-17,"1,393",0.07%
2011-05-18,"1,399",0.43%
2011-05-19,"1,408",0.64%
2011-05-20,"1,413",0.36%
2011-05-23,"1,416",0.21%
2011-05-24,"1,429",0.92%
2011-05-25,"1,440",0.77%
2011-05-26,"1,449",0.63%
2011-05-27,"1,451",0.14%
2011-05-31,"1,450",-0.07%
2011-06-01,"1,449",-0.07%
2011-06-02,"1,445",-0.28%
2011-06-03,"1,435",-0.69%
2011-06-06,"1,424",-0.77%
2011-06-07,"1,397",-1.90%
2011-06-08,"1,369",-2.00%
2011-06-09,"1,355",-1.02%
2011-06-10,"1,348",-0.52%
2011-06-13,"1,339",-0.67%
2011-06-14,"1,331",-0.60%
2011-06-16,"1,321",-0.75%
2011-06-17,"1,319",-0.15%
2011-06-20,"1,318",-0.08%
2011-06-21,"1,318",0.00%
2011-06-22,"1,319",0.08%
2011-06-23,"1,323",0.30%
2011-06-24,"1,322",-0.08%
2011-06-27,"1,320",-0.15%
2011-06-28,"1,318",-0.15%
2011-06-29,"1,313",-0.38%
2011-06-30,"1,308",-0.38%
2011-07-01,"1,306",-0.15%
2011-07-04,"1,300",-0.46%
2011-07-05,"1,292",-0.62%
2011-07-06,"1,286",-0.46%
2011-07-07,"1,282",-0.31%
2011-07-08,"1,277",-0.39%
2011-07-11,"1,273",-0.31%
2011-07-12,"1,270",-0.24%
2011-07-13,"1,270",0.00%
2011-07-14,"1,270",0.00%
2011-07-15,"1,271",0.08%
2011-07-18,"1,270",-0.08%
2011-07-19,"1,268",-0.16%
2011-07-20,"1,268",0.00%
2011-07-21,"1,270",0.16%
2011-07-22,"1,271",0.08%
2011-07-25,"1,270",-0.08%
2011-07-26,"1,266",-0.31%
2011-07-27,"1,265",-0.08%
2011-07-28,"1,262",-0.24%
2011-07-29,"1,259",-0.24%
2011-08-01,"1,255",-0.32%
2011-08-02,"1,252",-0.24%
2011-08-03,"1,252",0.00%
2011-08-04,"1,253",0.08%
2011-08-05,"1,250",-0.24%
2011-08-08,"1,250",0.00%
2011-08-09,"1,244",-0.48%
2011-08-10,"1,244",0.00%
2011-08-11,"1,246",0.16%
2011-08-12,"1,255",0.72%
2011-08-15,"1,267",0.96%
2011-08-16,"1,282",1.18%
2011-08-17,"1,275",-0.55%
2011-08-18,"1,318",3.37%
2011-08-19,"1,338",1.52%
2011-08-22,"1,353",1.12%
2011-08-23,"1,366",0.96%
2011-08-24,"1,378",0.88%
2011-08-25,"1,383",0.36%
2011-08-26,"1,387",0.29%
2011-08-30,"1,386",-0.07%
2011-08-31,"1,383",-0.22%
2011-09-01,"1,380",-0.22%
2011-09-02,"1,379",-0.07%
2011-09-05,"1,378",-0.07%
2011-09-06,"1,381",0.22%
2011-09-07,"1,382",0.07%
2011-09-08,"1,390",0.58%
2011-09-09,"1,401",0.79%
2011-09-12,"1,408",0.50%
2011-09-13,"1,417",0.64%
2011-09-14,"1,426",0.64%
2011-09-15,"1,438",0.84%
2011-09-16,"1,446",0.56%
2011-09-19,"1,450",0.28%
2011-09-20,"1,457",0.48%
2011-09-21,"1,463",0.41%
2011-09-22,"1,471",0.55%
2011-09-23,"1,479",0.54%
2011-09-26,"1,483",0.27%
2011-09-27,"1,487",0.27%
2011-09-28,"1,492",0.34%
2011-09-29,"1,497",0.34%
2011-09-30,"1,499",0.13%
2011-10-03,"1,501",0.13%
2011-10-04,"1,503",0.13%
2011-10-05,"1,511",0.53%
2011-10-06,"1,519",0.53%
2011-10-07,"1,533",0.92%
2011-10-10,"1,545",0.78%
2011-10-11,"1,554",0.58%
2011-10-12,"1,568",0.90%
2011-10-13,"1,583",0.96%
2011-10-14,"1,594",0.69%
2011-10-17,"1,606",0.75%
2011-10-18,"1,607",0.06%
2011-10-19,"1,612",0.31%
2011-10-20,"1,612",0.00%
2011-10-21,"1,607",-0.31%
2011-10-24,"1,595",-0.75%
2011-10-25,"1,584",-0.69%
2011-10-26,"1,571",-0.82%
2011-10-27,"1,559",-0.76%
2011-10-28,"1,545",-0.90%
2011-10-31,"1,531",-0.91%
2011-11-01,"1,512",-1.24%
2011-11-02,"1,486",-1.72%
2011-11-03,"1,452",-2.29%
2011-11-04,"1,425",-1.86%
2011-11-07,"1,404",-1.47%
2011-11-08,"1,361",-3.06%
2011-11-09,"1,336",-1.84%
2011-11-10,"1,329",-0.52%
2011-11-11,"1,324",-0.38%
2011-11-14,"1,326",0.15%
2011-11-15,"1,344",1.36%
2011-11-16,"1,356",0.89%
2011-11-17,"1,368",0.88%
2011-11-18,"1,381",0.95%
2011-11-21,"1,383",0.14%
2011-11-22,"1,386",0.22%
2011-11-23,"1,384",-0.14%
2011-11-24,"1,382",-0.14%
2011-11-25,"1,380",-0.14%
2011-11-28,"1,378",-0.14%
2011-11-29,"1,366",-0.87%
2011-11-30,"1,359",-0.51%
2011-12-01,"1,347",-0.88%
2011-12-02,"1,335",-0.89%
2011-12-05,"1,322",-0.97%
2011-12-06,"1,300",-1.66%
2011-12-07,"1,278",-1.69%
2011-12-08,"1,278",0.00%
2011-12-09,"1,230",-3.76%
2011-12-12,"1,218",-0.98%
2011-12-13,"1,206",-0.99%
2011-12-14,"1,202",-0.33%
2011-12-15,"1,196",-0.50%
2011-12-16,"1,193",-0.25%
2011-12-19,"1,188",-0.42%
2011-12-20,"1,187",-0.08%
2011-12-21,"1,187",0.00%
2011-12-22,"1,183",-0.34%
2011-12-23,"1,176",-0.59%
2012-01-03,"1,158",-1.53%
2012-01-04,"1,140",-1.55%
2012-01-05,"1,125",-1.32%
2012-01-06,"1,112",-1.16%
2012-01-09,"1,099",-1.17%
2012-01-10,"1,082",-1.55%
2012-01-11,"1,035",-4.34%
2012-01-12,999,-3.48%
2012-01-13,971,-2.80%
2012-01-16,949,-2.27%
2012-01-17,927,-2.32%
2012-01-18,892,-3.78%
2012-01-19,858,-3.81%
2012-01-20,807,-5.94%
2012-01-23,792,-1.86%
2012-01-24,775,-2.15%
2012-01-25,756,-2.45%
2012-01-26,721,-4.63%
2012-01-27,695,-3.61%
2012-01-30,673,-3.17%
2012-01-31,655,-2.67%
2012-02-01,637,-2.75%
2012-02-02,620,-2.67%
2012-02-03,608,-1.94%
2012-02-06,600,-1.32%
2012-02-07,607,1.17%
2012-02-08,620,2.14%
2012-02-09,630,1.61%
2012-02-10,645,2.38%
2012-02-13,651,0.93%
2012-02-14,652,0.15%
2012-02-15,646,-0.92%
2012-02-16,641,-0.77%
2012-02-17,641,0.00%
2012-02-20,645,0.62%
2012-02-21,640,-0.78%
2012-02-22,641,0.16%
2012-02-23,647,0.94%
2012-02-24,662,2.32%
2012-02-28,692,4.53%
2012-02-29,712,2.89%
2012-03-01,732,2.81%
2012-03-02,745,1.78%
2012-03-05,768,3.09%
2012-03-06,788,2.60%
2012-03-07,810,2.79%
2012-03-08,841,3.83%
2012-03-09,864,2.73%
2012-03-12,882,2.08%
2012-03-13,899,1.93%
2012-03-14,923,2.67%
2012-03-15,937,1.52%
2012-03-16,951,1.49%
2012-03-19,963,1.26%
2012-03-20,989,2.70%
2012-03-21,"1,007",1.82%
2012-03-22,"1,024",1.69%
2012-03-23,"1,035",1.07%
2012-03-26,"1,047",1.16%
2012-03-27,"1,055",0.76%
2012-03-28,"1,054",-0.09%
2012-03-29,"1,043",-1.04%
2012-03-30,"1,030",-1.25%
2012-04-02,"1,016",-1.36%
2012-04-03,990,-2.56%
2012-04-04,965,-2.53%
2012-04-05,949,-1.66%
2012-04-10,936,-1.37%
2012-04-11,925,-1.18%
2012-04-13,936,1.19%
2012-04-16,944,0.85%
2012-04-17,957,1.38%
2012-04-18,974,1.78%
2012-04-19,992,1.85%
2012-04-20,"1,020",2.82%
2012-04-23,"1,044",2.35%
2012-04-24,"1,067",2.20%
2012-04-25,"1,087",1.87%
2012-04-26,"1,097",0.92%
2012-04-27,"1,102",0.46%
2012-04-30,"1,101",-0.09%
2012-05-01,"1,098",-0.27%
2012-05-02,"1,099",0.09%
2012-05-03,"1,108",0.82%
2012-05-04,"1,118",0.90%
2012-05-08,"1,119",0.09%
2012-05-09,"1,115",-0.36%
2012-05-10,"1,116",0.09%
2012-05-11,"1,112",-0.36%
2012-05-14,"1,109",-0.27%
2012-05-15,"1,105",-0.36%
2012-05-16,"1,106",0.09%
2012-05-17,"1,104",-0.18%
2012-05-18,"1,108",0.36%
2012-05-21,"1,113",0.45%
2012-05-22,"1,117",0.36%
2012-05-23,"1,120",0.27%
2012-05-24,"1,124",0.36%
2012-05-25,"1,118",-0.53%
2012-05-28,"1,108",-0.89%
2012-05-29,"1,090",-1.62%
2012-05-30,"1,054",-3.30%
2012-05-31,"1,034",-1.90%
2012-06-01,"1,023",-1.06%
2012-06-06,"1,008",-1.47%
2012-06-07,"1,001",-0.69%
2012-06-08,"1,000",-0.10%
2012-06-11,"1,000",0.00%
2012-06-12,"1,007",0.70%
2012-06-13,"1,018",1.09%
2012-06-14,"1,038",1.96%
2012-06-15,"1,061",2.22%
2012-06-18,"1,084",2.17%
2012-06-19,"1,112",2.58%
2012-06-20,"1,146",3.06%
2012-06-21,"1,167",1.83%
2012-06-22,"1,179",1.03%
2012-06-25,"1,191",1.02%
2012-06-26,"1,207",1.34%
2012-06-27,"1,229",1.82%
2012-06-29,"1,257",2.28%
2012-07-02,"1,264",0.56%
2012-07-03,"1,269",0.40%
2012-07-04,"1,284",1.18%
2012-07-05,"1,293",0.70%
2012-07-06,"1,296",0.23%
2012-07-09,"1,299",0.23%
2012-07-10,"1,300",0.08%
2012-07-11,"1,299",-0.08%
2012-07-12,"1,294",-0.38%
2012-07-13,"1,287",-0.54%
2012-07-16,"1,277",-0.78%
2012-07-17,"1,261",-1.25%
2012-07-19,"1,212",-3.89%
2012-07-20,"1,192",-1.65%
2012-07-23,"1,173",-1.59%
2012-07-24,"1,156",-1.45%
2012-07-25,"1,133",-1.99%
2012-07-26,"1,099",-3.00%
2012-07-27,"1,069",-2.73%
2012-07-30,"1,047",-2.06%
2012-07-31,"1,032",-1.43%
2012-08-01,"1,023",-0.87%
2012-08-02,"1,010",-1.27%
2012-08-03,995,-1.49%
2012-08-06,982,-1.31%
2012-08-07,966,-1.63%
2012-08-08,946,-2.07%
2012-08-09,906,-4.23%
2012-08-10,886,-2.21%
2012-08-13,877,-1.02%
2012-08-14,865,-1.37%
2012-08-15,856,-1.04%
2012-08-16,847,-1.05%
2012-08-17,841,-0.71%
2012-08-20,838,-0.36%
2012-08-21,833,-0.60%
2012-08-22,833,0.00%
2012-08-23,845,1.44%
2012-08-24,853,0.95%
2012-08-28,857,0.47%
2012-08-29,858,0.12%
2012-08-30,855,-0.35%
2012-08-31,857,0.23%
2012-09-03,852,-0.58%
2012-09-04,849,-0.35%
2012-09-05,845,-0.47%
2012-09-06,837,-0.95%
2012-09-07,832,-0.60%
2012-09-10,827,-0.60%
2012-09-11,821,-0.73%
2012-09-14,834,1.58%
2012-09-17,839,0.60%
2012-09-18,843,0.48%
2012-09-19,845,0.24%
2012-09-20,850,0.59%
2012-09-21,847,-0.35%
2012-09-24,847,0.00%
2012-09-25,847,0.00%
2012-09-26,844,-0.35%
2012-09-27,836,-0.95%
2012-09-28,830,-0.72%
2012-10-01,825,-0.60%
2012-10-02,818,-0.85%
2012-10-03,810,-0.98%
2012-10-04,802,-0.99%
2012-10-05,795,-0.87%
2012-10-08,791,-0.50%
2012-10-09,789,-0.25%
2012-10-10,787,-0.25%
2012-10-11,783,-0.51%
2012-10-12,776,-0.89%
2012-10-15,768,-1.03%
2012-10-16,754,-1.82%
2012-10-17,746,-1.06%
2012-10-18,740,-0.80%
2012-10-19,732,-1.08%
2012-10-22,721,-1.50%
2012-10-23,716,-0.69%
2012-10-24,712,-0.56%
2012-10-25,706,-0.84%
2012-10-26,699,-0.99%
2012-10-29,693,-0.86%
2012-10-30,689,-0.58%
2012-10-31,678,-1.60%
2012-11-01,671,-1.03%
2012-11-02,669,-0.30%
2012-11-05,662,-1.05%
2012-11-06,654,-1.21%
2012-11-07,647,-1.07%
2012-11-08,644,-0.46%
2012-11-09,649,0.78%
2012-11-12,652,0.46%
2012-11-13,653,0.15%
2012-11-14,655,0.31%
2012-11-15,664,1.37%
2012-11-16,674,1.51%
2012-11-19,687,1.93%
2012-11-20,695,1.16%
2012-11-21,706,1.58%
2012-11-22,716,1.42%
2012-11-23,724,1.12%
2012-11-26,732,1.10%
2012-11-27,742,1.37%
2012-11-30,766,3.23%
2012-12-03,772,0.78%
2012-12-04,771,-0.13%
2012-12-05,768,-0.39%
2012-12-06,765,-0.39%
2012-12-07,760,-0.65%
2012-12-10,751,-1.18%
2012-12-11,751,0.00%
2012-12-12,748,-0.40%
2012-12-13,746,-0.27%
2012-12-17,742,-0.54%
2012-12-18,738,-0.54%
2012-12-19,738,0.00%
2012-12-20,735,-0.41%
2012-12-24,728,-0.95%
2013-01-02,737,1.24%
2013-01-03,739,0.27%
2013-01-07,739,0.00%
2013-01-08,740,0.14%
2013-01-09,741,0.14%
2013-01-10,743,0.27%
2013-01-11,745,0.27%
2013-01-14,743,-0.27%
2013-01-15,740,-0.40%
2013-01-16,738,-0.27%
2013-01-17,735,-0.41%
2013-01-18,730,-0.68%
2013-01-21,728,-0.27%
2013-01-22,721,-0.96%
2013-01-23,713,-1.11%
2013-01-24,712,-0.14%
2013-01-25,711,-0.14%
2013-01-28,710,-0.14%
2013-01-29,695,-2.11%
2013-01-30,688,-1.01%
2013-01-31,684,-0.58%
2013-02-01,682,-0.29%
2013-02-04,681,-0.15%
2013-02-05,677,-0.59%
2013-02-06,674,-0.44%
2013-02-07,671,-0.45%
2013-02-08,669,-0.30%
2013-02-11,666,-0.45%
2013-02-13,664,-0.30%
2013-02-14,667,0.45%
2013-02-19,687,3.00%
2013-02-20,695,1.16%
2013-02-22,717,3.17%
2013-02-25,724,0.98%
2013-02-26,734,1.38%
2013-02-28,764,4.09%
2013-03-01,781,2.23%
2013-03-05,818,4.74%
2013-03-06,837,2.32%
2013-03-07,852,1.79%
2013-03-11,876,2.82%
2013-03-12,889,1.48%
2013-03-13,903,1.57%
2013-03-14,913,1.11%
2013-03-18,937,2.63%
2013-03-20,959,2.35%
2013-03-22,978,1.98%
2013-03-26,977,-0.10%
2013-03-27,965,-1.23%
2013-03-28,944,-2.18%
2013-04-02,933,-1.17%
2013-04-03,924,-0.96%
2013-04-04,915,-0.97%
2013-04-05,912,-0.33%
2013-04-09,902,-1.10%
2013-04-11,901,-0.11%
2013-04-12,902,0.11%
2013-04-16,900,-0.22%
2013-04-17,899,-0.11%
2013-04-19,902,0.33%
2013-04-22,902,0.00%
2013-04-23,903,0.11%
2013-04-24,905,0.22%
2013-04-26,900,-0.55%
2013-04-29,895,-0.56%
2013-05-02,880,-1.68%
2013-05-03,876,-0.45%
2013-05-07,874,-0.23%
2013-05-08,872,-0.23%
2013-05-09,869,-0.34%
2013-05-10,866,-0.35%
2013-05-13,861,-0.58%
2013-05-14,857,-0.46%
2013-05-15,854,-0.35%
2013-05-16,853,-0.12%
2013-05-17,851,-0.23%
2013-05-20,852,0.12%
2013-05-21,851,-0.12%
2013-05-22,853,0.24%
2013-05-23,855,0.23%
2013-05-24,857,0.23%
2013-05-28,858,0.12%
2013-05-29,859,0.12%
2013-05-30,865,0.70%
2013-05-31,871,0.69%
2013-06-03,873,0.23%
2013-06-05,880,0.80%
2013-06-06,885,0.57%
2013-06-07,889,0.45%
2013-06-10,890,0.11%
2013-06-11,892,0.22%
2013-06-12,895,0.34%
2013-06-14,900,0.56%
2013-06-17,900,0.00%
2013-06-18,903,0.33%
2013-06-19,909,0.66%
2013-06-20,916,0.77%
2013-06-21,923,0.76%
2013-06-25,937,1.52%
2013-06-26,944,0.75%
2013-06-27,950,0.64%
2013-06-28,954,0.42%
2013-07-01,954,0.00%
2013-07-03,943,-1.15%
2013-07-08,920,-2.44%
2013-07-09,911,-0.98%
2013-07-10,904,-0.77%
2013-07-11,901,-0.33%
2013-07-12,897,-0.44%
2013-07-15,894,-0.33%
2013-07-16,895,0.11%
2013-07-17,894,-0.11%
2013-07-18,897,0.34%
2013-07-19,898,0.11%
2013-07-22,902,0.45%
2013-07-23,907,0.55%
2013-07-24,914,0.77%
2013-07-25,917,0.33%
2013-07-26,917,0.00%
2013-07-29,919,0.22%
2013-07-30,916,-0.33%
2013-07-31,912,-0.44%
2013-08-01,909,-0.33%
2013-08-02,908,-0.11%
2013-08-05,908,0.00%
2013-08-06,907,-0.11%
2013-08-07,911,0.44%
2013-08-08,913,0.22%
2013-08-09,911,-0.22%
2013-08-12,910,-0.11%
2013-08-13,909,-0.11%
2013-08-15,913,0.44%
2013-08-16,916,0.33%
2013-08-19,917,0.11%
2013-08-21,920,0.33%
2013-08-22,925,0.54%
2013-08-23,927,0.22%
2013-08-27,929,0.22%
2013-08-29,937,0.86%
2013-08-30,939,0.21%
2013-09-02,939,0.00%
2013-09-04,943,0.43%
2013-09-05,952,0.95%
2013-09-06,959,0.74%
2013-09-09,965,0.63%
2013-09-10,958,-0.73%
2013-09-11,954,-0.42%
2013-09-12,946,-0.84%
2013-09-13,940,-0.63%
2013-09-16,936,-0.43%
2013-09-18,942,0.64%
2013-09-19,951,0.96%
2013-09-20,964,1.37%
2013-09-23,971,0.73%
2013-09-24,986,1.54%
2013-09-26,"1,046",6.09%
2013-09-27,"1,069",2.20%
2013-09-30,"1,079",0.94%
2013-10-01,"1,087",0.74%
2013-10-02,"1,093",0.55%
2013-10-03,"1,101",0.73%
2013-10-04,"1,113",1.09%
2013-10-07,"1,127",1.26%
2013-10-08,"1,145",1.60%
2013-10-09,"1,162",1.48%
2013-10-10,"1,175",1.12%
2013-10-11,"1,182",0.60%
2013-10-14,"1,185",0.25%
2013-10-15,"1,186",0.08%
2013-10-16,"1,199",1.10%
2013-10-17,"1,206",0.58%
2013-10-21,"1,221",1.24%
2013-10-22,"1,228",0.57%
2013-10-23,"1,243",1.22%
2013-10-24,"1,252",0.72%
2013-10-25,"1,258",0.48%
2013-10-28,"1,260",0.16%
2013-10-29,"1,266",0.48%
2013-10-30,"1,268",0.16%
2013-10-31,"1,269",0.08%
2013-11-01,"1,273",0.32%
2013-11-04,"1,280",0.55%
2013-11-05,"1,285",0.39%
2013-11-06,"1,291",0.47%
2013-11-07,"1,305",1.08%
2013-11-08,"1,315",0.77%
2013-11-11,"1,320",0.38%
2013-11-12,"1,321",0.08%
2013-11-13,"1,325",0.30%
2013-11-14,"1,339",1.06%
2013-11-18,"1,360",1.57%
2013-11-19,"1,363",0.22%
2013-11-20,"1,371",0.59%
2013-11-26,"1,418",3.43%
2013-11-27,"1,441",1.62%
2013-11-29,"1,475",2.36%
2013-12-03,"1,507",2.17%
2013-12-04,"1,522",1.00%
2013-12-05,"1,531",0.59%
2013-12-06,"1,552",1.37%
2013-12-09,"1,557",0.32%
2013-12-10,"1,554",-0.19%
2013-12-12,"1,562",0.51%
2013-12-13,"1,553",-0.58%
2013-12-16,"1,546",-0.45%
2013-12-18,"1,517",-1.88%
2013-12-19,"1,499",-1.19%
2013-12-20,"1,482",-1.13%
2013-12-23,"1,468",-0.94%
2013-12-24,"1,453",-1.02%
2014-01-03,"1,276",-12.18%
2014-01-06,"1,239",-2.90%
2014-01-07,"1,204",-2.82%
2014-01-08,"1,191",-1.08%
2014-01-09,"1,188",-0.25%
2014-01-10,"1,190",0.17%
2014-01-13,"1,191",0.08%
2014-01-15,"1,182",-0.76%
2014-01-16,"1,175",-0.59%
2014-01-17,"1,165",-0.85%
2014-01-21,"1,141",-2.06%
2014-01-22,"1,130",-0.96%
2014-01-24,"1,112",-1.59%
2014-01-29,"1,056",-5.04%
2014-01-30,"1,018",-3.60%
2014-01-31,996,-2.16%
2014-02-03,975,-2.11%
2014-02-04,961,-1.44%
2014-02-05,948,-1.35%
2014-02-06,937,-1.16%
2014-02-07,929,-0.85%
2014-02-11,928,-0.11%
2014-02-13,965,3.99%
2014-02-14,998,3.42%
2014-02-18,"1,049",5.11%
2014-02-19,"1,068",1.81%
2014-02-20,"1,087",1.78%
2014-02-21,"1,098",1.01%
2014-02-24,"1,096",-0.18%
2014-02-25,"1,096",0.00%
2014-02-26,"1,097",0.09%
2014-02-27,"1,100",0.27%
2014-02-28,"1,103",0.27%
2014-03-03,"1,107",0.36%
2014-03-04,"1,115",0.72%
2014-03-05,"1,116",0.09%
2014-03-07,"1,131",1.34%
2014-03-10,"1,137",0.53%
2014-03-11,"1,149",1.06%
2014-03-13,"1,173",2.09%
2014-03-14,"1,183",0.85%
2014-03-17,"1,191",0.68%
2014-03-18,"1,198",0.59%
2014-03-19,"1,200",0.17%
2014-03-21,"1,209",0.75%
2014-03-25,"1,201",-0.66%
2014-03-26,"1,180",-1.75%
2014-03-27,"1,139",-3.47%
2014-03-28,"1,115",-2.11%
2014-03-31,"1,090",-2.24%
2014-04-01,"1,068",-2.02%
2014-04-02,"1,047",-1.97%
2014-04-07,982,-6.21%
2014-04-08,965,-1.73%
2014-04-09,949,-1.66%
2014-04-10,936,-1.37%
2014-04-11,927,-0.96%
2014-04-15,916,-1.19%
2014-04-16,909,-0.76%
2014-04-17,908,-0.11%
2014-04-23,911,0.33%
2014-04-25,912,0.11%
2014-04-28,916,0.44%
2014-04-29,922,0.66%
2014-05-01,915,-0.76%
2014-05-02,915,0.00%
2014-05-05,915,0.00%
2014-05-06,917,0.22%
2014-05-07,920,0.33%
2014-05-08,918,-0.22%
2014-05-12,905,-1.42%
2014-05-13,904,-0.11%
2014-05-14,904,0.00%
2014-05-15,901,-0.33%
2014-05-16,889,-1.33%
2014-05-19,896,0.79%
2014-05-20,891,-0.56%
2014-05-21,884,-0.79%
2014-05-22,872,-1.36%
2014-05-23,866,-0.69%
2014-05-27,855,-1.27%
2014-05-28,846,-1.05%
2014-05-29,839,-0.83%
2014-05-30,830,-1.07%
2014-06-02,829,-0.12%
2014-06-03,829,0.00%
2014-06-04,821,-0.97%
2014-06-05,811,-1.22%
2014-06-06,802,-1.11%
2014-06-09,797,-0.62%
2014-06-10,787,-1.25%
2014-06-11,774,-1.65%
2014-06-12,760,-1.81%
2014-06-16,740,-2.63%
2014-06-17,724,-2.16%
2014-06-19,708,-2.21%
2014-06-20,704,-0.56%
2014-06-23,701,-0.43%
2014-06-26,679,-3.14%
2014-06-27,678,-0.15%
2014-06-30,675,-0.44%
2014-07-01,676,0.15%
2014-07-02,677,0.15%
2014-07-03,680,0.44%
2014-07-04,682,0.29%
2014-07-07,686,0.59%
2014-07-08,687,0.15%
2014-07-09,684,-0.44%
2014-07-10,681,-0.44%
2014-07-11,679,-0.29%
2014-07-14,675,-0.59%
2014-07-17,660,-2.22%
2014-07-18,659,-0.15%
2014-07-21,659,0.00%
2014-07-22,661,0.30%
2014-07-23,661,0.00%
2014-07-24,666,0.76%
2014-07-25,679,1.95%
2014-07-28,684,0.74%
2014-07-29,688,0.58%
2014-07-30,704,2.33%
2014-07-31,716,1.70%
2014-08-01,728,1.68%
2014-08-04,740,1.65%
2014-08-05,753,1.76%
2014-08-06,767,1.86%
2014-08-07,785,2.35%
2014-08-08,804,2.42%
2014-08-11,819,1.87%
2014-08-12,829,1.22%
2014-08-13,845,1.93%
2014-08-14,861,1.89%
2014-08-15,877,1.86%
2014-08-19,902,2.85%
2014-08-20,912,1.11%
2014-08-21,925,1.43%
2014-08-22,937,1.30%
2014-08-25,937,0.00%
2014-08-26,944,0.75%
2014-08-27,952,0.85%
2014-08-28,963,1.16%
2014-08-29,970,0.73%
2014-09-01,977,0.72%
2014-09-02,983,0.61%
2014-09-03,988,0.51%
2014-09-04,993,0.51%
2014-09-05,997,0.40%
2014-09-08,995,-0.20%
2014-09-09,"1,001",0.60%
2014-09-10,"1,003",0.20%
2014-09-11,"1,000",-0.30%
2014-09-12,"1,006",0.60%
2014-09-15,"1,016",0.99%
2014-09-16,"1,028",1.18%
2014-09-17,"1,031",0.29%
2014-09-18,"1,030",-0.10%
2014-09-19,"1,029",-0.10%
2014-09-22,"1,032",0.29%
2014-09-23,"1,041",0.87%
2014-09-24,"1,045",0.38%
2014-09-25,"1,046",0.10%
2014-09-26,"1,053",0.67%
2014-09-29,"1,054",0.09%
2014-09-30,"1,051",-0.28%
2014-10-01,"1,045",-0.57%
2014-10-02,"1,033",-1.15%
2014-10-03,"1,028",-0.48%
2014-10-06,"1,017",-1.07%
2014-10-07,"1,007",-0.98%
2014-10-08,993,-1.39%
2014-10-09,980,-1.31%
2014-10-10,970,-1.02%
2014-10-13,959,-1.13%
2014-10-14,952,-0.73%
2014-10-15,944,-0.84%
2014-10-16,933,-1.17%
2014-10-17,923,-1.07%
2014-10-20,916,-0.76%
2014-10-21,911,-0.55%
2014-10-22,907,-0.44%
2014-10-23,906,-0.11%
2014-10-24,900,-0.66%
2014-10-27,899,-0.11%
2014-10-28,898,-0.11%
2014-10-29,896,-0.22%
2014-10-30,891,-0.56%
2014-10-31,892,0.11%
2014-11-03,889,-0.34%
2014-11-04,888,-0.11%
2014-11-05,888,0.00%
2014-11-06,886,-0.23%
2014-11-07,881,-0.56%
2014-11-10,879,-0.23%
2014-11-11,876,-0.34%
2014-11-12,873,-0.34%
2014-11-13,873,0.00%
2014-11-14,875,0.23%
2014-11-17,875,0.00%
2014-11-18,881,0.69%
2014-11-19,904,2.61%
2014-11-20,926,2.43%
2014-11-21,942,1.73%
2014-11-24,956,1.49%
2014-11-25,970,1.46%
2014-11-26,980,1.03%
2014-11-27,984,0.41%
2014-11-28,986,0.20%
2014-12-01,989,0.30%
2014-12-02,987,-0.20%
2014-12-03,984,-0.30%
2014-12-04,980,-0.41%
2014-12-05,971,-0.92%
2014-12-08,969,-0.21%
2014-12-09,966,-0.31%
2014-12-10,960,-0.62%
2014-12-11,953,-0.73%
2014-12-12,950,-0.31%
2014-12-15,947,-0.32%
2014-12-16,942,-0.53%
2014-12-17,932,-1.06%
2014-12-18,925,-0.75%
2014-12-19,917,-0.86%
2014-12-22,906,-1.20%
2014-12-23,897,-0.99%
2014-12-24,887,-1.11%
2015-01-02,884,-0.34%
2015-01-05,873,-1.24%
2015-01-06,861,-1.37%
2015-01-07,843,-2.09%
2015-01-08,820,-2.73%
2015-01-09,800,-2.44%
2015-01-12,778,-2.75%
2015-01-13,763,-1.93%
2015-01-14,752,-1.44%
2015-01-15,735,-2.26%
2015-01-16,716,-2.59%
2015-01-19,699,-2.37%
2015-01-20,684,-2.15%
2015-01-21,673,-1.61%
2015-01-22,659,-2.08%
2015-01-23,650,-1.37%
2015-01-26,642,-1.23%
2015-01-27,632,-1.56%
2015-01-28,618,-2.22%
2015-01-29,599,-3.07%
2015-01-30,585,-2.34%
2015-02-02,567,-3.08%
2015-02-03,556,-1.94%
2015-02-04,545,-1.98%
2015-02-05,538,-1.28%
2015-02-06,530,-1.49%
2015-02-09,523,-1.32%
2015-02-10,516,-1.34%
2015-02-11,508,-1.55%
2015-02-12,496,-2.36%
2015-02-13,486,-2.02%
2015-02-16,480,-1.23%
2015-02-17,480,0.00%
2015-02-18,478,-0.42%
2015-02-19,483,1.05%
2015-02-20,490,1.45%
2015-02-23,492,0.41%
2015-02-24,490,-0.41%
2015-02-25,496,1.22%
2015-02-26,506,2.02%
2015-02-27,515,1.78%
2015-03-02,528,2.52%
2015-03-03,541,2.46%
2015-03-04,550,1.66%
2015-03-05,560,1.82%
2015-03-06,566,1.07%
2015-03-09,573,1.24%
2015-03-10,580,1.22%
2015-03-11,589,1.55%
2015-03-12,596,1.19%
2015-03-13,606,1.68%
2015-03-16,611,0.83%
2015-03-17,616,0.82%
2015-03-18,623,1.14%
2015-03-19,627,0.64%
2015-03-20,635,1.28%
2015-03-23,640,0.79%
2015-03-24,645,0.78%
2015-03-25,648,0.47%
2015-03-26,648,0.00%
2015-03-27,647,-0.15%
2015-03-30,649,0.31%
2015-03-31,650,0.15%
2015-04-01,646,-0.62%
2015-04-02,636,-1.55%
2015-04-07,631,-0.79%
2015-04-08,624,-1.11%
2015-04-09,617,-1.12%
2015-04-10,613,-0.65%
2015-04-13,609,-0.65%
2015-04-14,608,-0.16%
2015-04-15,608,0.00%
2015-04-16,612,0.66%
2015-04-17,619,1.14%
2015-04-20,618,-0.16%
2015-04-21,619,0.16%
2015-04-22,620,0.16%
2015-04-23,621,0.16%
2015-04-24,624,0.48%
2015-04-27,626,0.32%
2015-04-28,628,0.32%
2015-04-29,627,-0.16%
2015-04-30,625,-0.32%
2015-05-01,621,-0.64%
2015-05-05,618,-0.48%
2015-05-06,618,0.00%
2015-05-07,618,0.00%
2015-05-08,618,0.00%
2015-05-11,617,-0.16%
2015-05-12,619,0.32%
2015-05-13,624,0.81%
2015-05-14,626,0.32%
2015-05-15,628,0.32%
2015-05-18,626,-0.32%
2015-05-19,625,-0.16%
2015-05-20,623,-0.32%
2015-05-21,624,0.16%
2015-05-22,627,0.48%
2015-05-26,631,0.64%
2015-05-27,635,0.63%
2015-05-28,642,1.10%
2015-05-29,647,0.78%
2015-06-01,652,0.77%
2015-06-02,653,0.15%
2015-06-03,654,0.15%
2015-06-04,654,0.00%
2015-06-05,656,0.31%
2015-06-08,655,-0.15%
2015-06-09,654,-0.15%
2015-06-10,661,1.07%
2015-06-11,669,1.21%
2015-06-12,678,1.35%
2015-06-15,685,1.03%
2015-06-16,695,1.46%
2015-06-17,706,1.58%
2015-06-18,715,1.27%
2015-06-19,721,0.84%
2015-06-22,722,0.14%
2015-06-23,721,-0.14%
2015-06-24,723,0.28%
2015-06-25,723,0.00%
2015-06-26,723,0.00%
2015-06-29,722,-0.14%
2015-06-30,715,-0.97%
2015-07-01,713,-0.28%
2015-07-02,712,-0.14%
2015-07-06,723,1.54%
2015-07-08,750,3.73%
2015-07-09,759,1.20%
2015-07-10,767,1.05%
2015-07-13,774,0.91%
2015-07-14,784,1.29%
2015-07-15,801,2.17%
2015-07-16,823,2.75%
2015-07-17,846,2.79%
2015-07-20,862,1.89%
2015-07-21,875,1.51%
2015-07-22,889,1.60%
2015-07-23,896,0.79%
2015-07-24,899,0.33%
2015-07-27,903,0.44%
2015-07-28,903,0.00%
2015-07-29,898,-0.55%
2015-07-30,892,-0.67%
2015-07-31,899,0.78%
2015-08-03,900,0.11%
2015-08-04,899,-0.11%
2015-08-05,901,0.22%
2015-08-06,904,0.33%
2015-08-07,904,0.00%
2015-08-10,901,-0.33%
2015-08-11,900,-0.11%
2015-08-12,899,-0.11%
2015-08-13,901,0.22%
2015-08-14,905,0.44%
2015-08-17,908,0.33%
2015-08-18,915,0.77%
2015-08-19,920,0.55%
2015-08-20,924,0.43%
2015-08-21,930,0.65%
2015-08-24,933,0.32%
2015-08-25,934,0.11%
2015-08-26,933,-0.11%
2015-08-27,931,-0.21%
2015-08-28,925,-0.64%
2015-09-01,912,-1.41%
2015-09-02,896,-1.75%
2015-09-03,882,-1.56%
2015-09-04,870,-1.36%
2015-09-07,857,-1.49%
2015-09-08,848,-1.05%
2015-09-09,838,-1.18%
2015-09-10,824,-1.67%
2015-09-14,799,-3.03%
2015-09-15,789,-1.25%
2015-09-16,783,-0.76%
2015-09-17,772,-1.40%
2015-09-18,762,-1.30%
2015-09-21,757,-0.66%
2015-09-22,749,-1.06%
2015-09-29,713,-4.81%
2015-09-30,703,-1.40%
2015-10-01,695,-1.14%
2015-10-02,691,-0.58%
2015-10-05,688,-0.43%
2015-10-06,681,-1.02%
2015-10-07,676,-0.73%
2015-10-08,672,-0.59%
2015-10-09,669,-0.45%
2015-10-12,666,-0.45%
2015-10-13,664,-0.30%
2015-10-14,662,-0.30%
2015-10-15,661,-0.15%
2015-10-16,658,-0.45%
2015-10-19,656,-0.30%
2015-10-21,652,-0.61%
2015-10-22,649,-0.46%
2015-10-23,648,-0.15%
2015-10-26,646,-0.31%
2015-10-28,643,-0.46%
2015-10-29,633,-1.56%
2015-10-30,629,-0.63%
2015-11-02,620,-1.43%
2015-11-03,609,-1.77%
2015-11-04,596,-2.13%
2015-11-05,584,-2.01%
2015-11-06,571,-2.23%
2015-11-09,562,-1.58%
2015-11-10,554,-1.42%
2015-11-11,543,-1.99%
2015-11-12,533,-1.84%
2015-11-13,523,-1.88%
2015-11-16,516,-1.34%
2015-11-17,504,-2.33%
2015-11-18,491,-2.58%
2015-11-19,479,-2.44%
2015-11-20,472,-1.46%
2015-11-23,469,-0.64%
2015-11-24,467,-0.43%
2015-11-25,467,0.00%
2015-11-26,467,0.00%
2015-11-27,467,0.00%
2015-11-30,469,0.43%
2015-12-01,471,0.43%
2015-12-02,472,0.21%
2015-12-03,470,-0.42%
2015-12-04,469,-0.21%
2015-12-07,465,-0.85%
2015-12-08,461,-0.86%
2015-12-09,460,-0.22%
2015-12-10,455,-1.09%
2015-12-11,451,-0.88%
2015-12-14,450,-0.22%
2015-12-15,449,-0.22%
2015-12-16,448,-0.22%
2015-12-17,448,0.00%
2015-12-18,449,0.22%
2015-12-21,449,0.00%
2015-12-22,449,0.00%
2015-12-23,450,0.22%
2015-12-24,450,0.00%
2016-01-04,449,-0.22%
2016-01-05,445,-0.89%
2016-01-06,442,-0.67%
2016-01-07,436,-1.36%
2016-01-08,430,-1.38%
2016-01-11,422,-1.86%
2016-01-12,416,-1.42%
2016-01-13,412,-0.96%
2016-01-14,402,-2.43%
2016-01-15,394,-1.99%
2016-01-19,381,-3.30%
2016-01-20,372,-2.36%
2016-01-21,366,-1.61%
2016-01-22,358,-2.19%
2016-01-25,350,-2.23%
2016-01-26,338,-3.43%
2016-01-27,327,-3.25%
2016-01-28,316,-3.36%
2016-01-29,304,-3.80%
2016-02-01,299,-1.64%
2016-02-02,289,-3.34%
2016-02-03,280,-3.11%
2016-02-04,271,-3.21%
2016-02-05,262,-3.32%
2016-02-08,255,-2.67%
2016-02-09,250,-1.96%
2016-02-10,247,-1.20%
2016-02-11,244,-1.21%
2016-02-12,243,-0.41%
2016-02-15,247,1.65%
2016-02-16,252,2.02%
2016-02-17,259,2.78%
2016-02-18,270,4.25%
2016-02-19,286,5.93%
2016-02-22,298,4.20%
2016-02-23,310,4.03%
2016-03-03,363,17.10%
2016-03-04,371,2.20%
2016-03-07,377,1.62%
2016-03-08,386,2.39%
2016-03-09,399,3.37%
2016-03-10,412,3.26%
2016-03-11,420,1.94%
2016-03-14,427,1.67%
2016-03-15,432,1.17%
2016-03-16,439,1.62%
2016-03-17,445,1.37%
2016-03-18,449,0.90%
2016-03-21,460,2.45%
2016-03-22,464,0.87%
2016-03-24,473,1.94%
2016-03-29,474,0.21%
2016-03-30,475,0.21%
2016-03-31,476,0.21%
2016-04-01,476,0.00%
2016-04-04,479,0.63%
2016-04-05,479,0.00%
2016-04-06,482,0.63%
2016-04-07,485,0.62%
2016-04-08,488,0.62%
2016-04-11,492,0.82%
2016-04-12,498,1.22%
2016-04-13,506,1.61%
2016-04-14,514,1.58%
2016-04-15,525,2.14%
2016-04-18,529,0.76%
2016-04-19,534,0.95%
2016-04-20,543,1.69%
2016-04-21,551,1.47%
2016-04-22,558,1.27%
2016-04-25,562,0.72%
2016-04-26,564,0.36%
2016-04-29,582,3.19%
2016-05-04,583,0.17%
2016-05-05,582,-0.17%
2016-05-06,578,-0.69%
2016-05-09,575,-0.52%
2016-05-10,567,-1.39%
2016-05-11,560,-1.23%
2016-05-12,555,-0.89%
2016-05-13,553,-0.36%
2016-05-16,552,-0.18%
2016-05-17,552,0.00%
2016-05-18,553,0.18%
2016-05-19,558,0.90%
2016-05-20,562,0.72%
2016-05-23,565,0.53%
2016-05-24,568,0.53%
2016-05-25,571,0.53%
2016-05-26,575,0.70%
2016-05-27,579,0.70%
2016-05-31,580,0.17%
2016-06-01,578,-0.34%
2016-06-02,575,-0.52%
2016-06-03,574,-0.17%
2016-06-06,570,-0.70%
2016-06-07,567,-0.53%
2016-06-08,564,-0.53%
2016-06-09,560,-0.71%
2016-06-10,557,-0.54%
2016-06-13,554,-0.54%
2016-06-14,552,-0.36%
2016-06-15,552,0.00%
2016-06-16,554,0.36%
2016-06-17,555,0.18%
2016-06-20,559,0.72%
2016-06-21,563,0.72%
2016-06-22,570,1.24%
2016-06-23,577,1.23%
2016-06-24,583,1.04%
2016-06-27,587,0.69%
2016-06-28,593,1.02%
2016-06-29,606,2.19%
2016-06-30,619,2.15%
2016-07-01,627,1.29%
2016-07-04,633,0.96%
2016-07-05,637,0.63%
2016-07-06,639,0.31%
2016-07-07,644,0.78%
2016-07-08,647,0.47%
2016-07-14,686,6.03%
2016-07-15,693,1.02%
2016-07-18,697,0.58%
2016-07-19,700,0.43%
2016-07-20,702,0.29%
2016-07-21,701,-0.14%
2016-07-22,698,-0.43%
2016-07-25,697,-0.14%
2016-07-26,690,-1.00%
2016-07-27,684,-0.87%
2016-07-28,676,-1.17%
2016-07-29,671,-0.74%
2016-08-01,667,-0.60%
2016-08-02,663,-0.60%
2016-08-03,660,-0.45%
2016-08-04,654,-0.91%
2016-08-05,647,-1.07%
2016-08-08,645,-0.31%
2016-08-09,642,-0.47%
2016-08-10,639,-0.47%
2016-08-11,640,0.16%
2016-08-12,643,0.47%
2016-08-15,643,0.00%
2016-08-16,652,1.40%
2016-08-17,666,2.15%
2016-08-18,677,1.65%
2016-08-19,686,1.33%
2016-08-22,694,1.17%
2016-08-23,702,1.15%
2016-08-24,706,0.57%
2016-08-25,712,0.85%
2016-08-26,715,0.42%
2016-08-30,719,0.56%
2016-08-31,721,0.28%
2016-09-01,723,0.28%
2016-09-02,721,-0.28%
2016-09-06,714,-0.97%
2016-09-07,702,-1.68%
2016-09-08,694,-1.14%
2016-09-09,688,-0.86%
2016-09-12,681,-1.02%
2016-09-13,671,-1.47%
2016-09-14,665,-0.89%
2016-09-15,661,-0.60%
2016-09-16,660,-0.15%
2016-09-19,661,0.15%
2016-09-20,660,-0.15%
2016-09-21,662,0.30%
2016-09-22,668,0.91%
2016-09-23,671,0.45%
2016-09-26,673,0.30%
2016-09-27,674,0.15%
2016-09-28,676,0.30%
2016-09-29,676,0.00%
2016-09-30,679,0.44%
2016-10-03,681,0.29%
2016-10-04,681,0.00%
2016-10-05,680,-0.15%
2016-10-06,678,-0.29%
2016-10-07,677,-0.15%
2016-10-10,677,0.00%
2016-10-11,676,-0.15%
2016-10-12,674,-0.30%
2016-10-14,674,0.00%
2016-10-17,676,0.30%
2016-10-18,678,0.30%
2016-10-19,682,0.59%
2016-10-20,691,1.32%
2016-10-24,705,2.03%
2016-10-25,710,0.71%
2016-10-26,714,0.56%
2016-10-31,722,1.12%
2016-11-01,721,-0.14%
2016-11-02,718,-0.42%
2016-11-03,718,0.00%
2016-11-04,716,-0.28%
2016-11-07,712,-0.56%
2016-11-08,708,-0.56%
2016-11-09,703,-0.71%
2016-11-10,703,0.00%
2016-11-11,705,0.28%
2016-11-14,707,0.28%
2016-11-15,713,0.85%
2016-11-16,722,1.26%
2016-11-17,748,3.60%
2016-11-18,809,8.16%
2016-11-21,835,3.21%
2016-11-22,852,2.04%
2016-11-23,874,2.58%
2016-11-24,897,2.63%
2016-11-25,908,1.23%
2016-11-28,904,-0.44%
2016-11-29,908,0.44%
2016-11-30,912,0.44%
2016-12-01,917,0.55%
2016-12-02,921,0.44%
2016-12-05,929,0.87%
2016-12-06,934,0.54%
2016-12-07,941,0.75%
2016-12-08,957,1.70%
2016-12-09,966,0.94%
2016-12-12,968,0.21%
2016-12-13,972,0.41%
2016-12-14,975,0.31%
2016-12-15,968,-0.72%
2016-12-16,960,-0.83%
2016-12-19,953,-0.73%
2016-12-20,941,-1.26%
2016-12-21,926,-1.59%
2016-12-22,914,-1.30%
2016-12-23,903,-1.20%
2017-01-03,843,-6.64%
2017-01-04,820,-2.73%
2017-01-05,795,-3.05%
2017-01-06,783,-1.51%
2017-01-09,772,-1.40%
2017-01-10,766,-0.78%
2017-01-11,758,-1.04%
2017-01-12,748,-1.32%
2017-01-13,739,-1.20%
2017-01-16,733,-0.81%
2017-01-17,730,-0.41%
2017-01-18,725,-0.68%
2017-01-19,722,-0.41%
2017-01-20,718,-0.55%
2017-01-23,714,-0.56%
2017-01-24,708,-0.84%
2017-01-25,702,-0.85%
2017-01-26,696,-0.85%
2017-01-27,692,-0.57%
2017-01-30,688,-0.58%
2017-01-31,679,-1.31%
2017-02-01,674,-0.74%
2017-02-02,670,-0.59%
2017-02-03,667,-0.45%
2017-02-06,665,-0.30%
2017-02-07,663,-0.30%
2017-02-08,665,0.30%
2017-02-09,668,0.45%
2017-02-10,672,0.60%
2017-02-13,676,0.60%
2017-02-14,681,0.74%
2017-02-15,689,1.17%
2017-02-16,707,2.61%
2017-02-17,729,3.11%
2017-02-20,747,2.47%
2017-02-21,764,2.28%
2017-02-22,783,2.49%
2017-02-23,797,1.79%
2017-02-24,809,1.51%
2017-02-27,817,0.99%
2017-03-03,846,3.55%
2017-03-06,852,0.71%
2017-03-07,861,1.06%
2017-03-08,868,0.81%
2017-03-09,872,0.46%
2017-03-10,874,0.23%
2017-03-13,875,0.11%
2017-03-14,877,0.23%
2017-03-15,877,0.00%
2017-03-16,877,0.00%
2017-03-22,888,1.25%
2017-03-23,892,0.45%
2017-03-24,896,0.45%
2017-03-27,895,-0.11%
2017-03-28,893,-0.22%
2017-03-29,885,-0.90%
2017-03-30,882,-0.34%
2017-03-31,881,-0.11%
2017-04-03,882,0.11%
2017-04-04,881,-0.11%
2017-04-05,880,-0.11%
2017-04-06,882,0.23%
2017-04-07,886,0.45%
2017-04-10,888,0.23%
2017-04-11,891,0.34%
2017-04-12,893,0.22%
2017-04-13,899,0.67%
2017-04-17,899,0.00%
2017-04-18,898,-0.11%
2017-04-19,900,0.22%
2017-04-20,899,-0.11%
2017-04-21,895,-0.44%
2017-04-24,892,-0.34%
2017-04-25,887,-0.56%
2017-04-26,881,-0.68%
2017-04-27,870,-1.25%
2017-04-28,861,-1.03%
2017-05-02,849,-1.39%
2017-05-03,835,-1.65%
2017-05-04,822,-1.56%
2017-05-05,811,-1.34%
2017-05-08,799,-1.48%
2017-05-09,794,-0.63%
2017-05-10,790,-0.50%
2017-05-11,787,-0.38%
2017-05-12,784,-0.38%
2017-05-15,782,-0.26%
2017-05-16,778,-0.51%
2017-05-17,771,-0.90%
2017-05-18,764,-0.91%
2017-05-19,759,-0.65%
2017-05-22,753,-0.79%
2017-05-23,746,-0.93%
2017-05-24,737,-1.21%
2017-05-25,728,-1.22%
2017-05-26,721,-0.96%
2017-05-30,712,-1.25%
2017-05-31,698,-1.97%
2017-06-01,685,-1.86%
2017-06-02,674,-1.61%
2017-06-05,666,-1.19%
2017-06-06,658,-1.20%
2017-06-07,652,-0.91%
2017-06-08,649,-0.46%
2017-06-09,654,0.77%
2017-06-12,658,0.61%
2017-06-13,665,1.06%
2017-06-14,679,2.11%
2017-06-15,690,1.62%
2017-06-16,701,1.59%
2017-06-19,708,1.00%
2017-06-20,717,1.27%
2017-06-21,724,0.98%
2017-06-22,734,1.38%
2017-06-23,744,1.36%
2017-06-26,750,0.81%
2017-06-27,757,0.93%
2017-06-28,761,0.53%
2017-06-29,758,-0.39%
2017-06-30,754,-0.53%
2017-07-05,742,-1.59%
2017-07-06,735,-0.94%
2017-07-07,732,-0.41%
2017-07-10,729,-0.41%
2017-07-11,733,0.55%
2017-07-12,744,1.50%
2017-07-13,758,1.88%
2017-07-14,769,1.45%
2017-07-17,776,0.91%
2017-07-18,786,1.29%
2017-07-19,798,1.53%
2017-07-20,"1,260",57.89%
2017-07-21,812,-35.56%
2017-07-24,814,0.25%
2017-07-25,813,-0.12%
2017-07-26,807,-0.74%
2017-07-27,798,-1.12%
2017-07-28,789,-1.13%
2017-07-31,783,-0.76%
2017-08-01,779,-0.51%
2017-08-02,772,-0.90%
2017-08-03,767,-0.65%
2017-08-04,764,-0.39%
2017-08-07,762,-0.26%
2017-08-08,759,-0.39%
2017-08-09,756,-0.40%
2017-08-10,756,0.00%
2017-08-11,759,0.40%
2017-08-14,760,0.13%
2017-08-15,765,0.66%
2017-08-16,776,1.44%
2017-08-17,791,1.93%
2017-08-18,806,1.90%
2017-08-21,817,1.36%
2017-08-22,824,0.86%
2017-08-23,833,1.09%
2017-08-24,840,0.84%
2017-08-25,845,0.60%
2017-08-29,848,0.36%
2017-08-30,851,0.35%
2017-08-31,853,0.24%
2017-09-01,856,0.35%
2017-09-05,863,0.82%
2017-09-06,868,0.58%
2017-09-07,875,0.81%
2017-09-08,888,1.49%
2017-09-11,898,1.13%
2017-09-12,908,1.11%
2017-09-13,923,1.65%
2017-09-14,950,2.93%
2017-09-15,977,2.84%
2017-09-18,997,2.05%
2017-09-19,"1,017",2.01%
2017-09-20,"1,033",1.57%
2017-09-21,"1,050",1.65%
2017-09-22,"1,061",1.05%
2017-09-25,"1,068",0.66%
2017-09-26,"1,065",-0.28%
2017-09-27,"1,054",-1.03%
2017-09-28,"1,041",-1.23%
2017-09-29,"1,021",-1.92%
2017-10-02,"1,006",-1.47%
2017-10-03,984,-2.19%
2017-10-04,968,-1.63%
2017-10-05,965,-0.31%
2017-10-06,971,0.62%
2017-10-09,978,0.72%
2017-10-10,996,1.84%
2017-10-11,"1,020",2.41%
2017-10-12,"1,050",2.94%
2017-10-13,"1,069",1.81%
2017-10-16,"1,082",1.22%
2017-10-17,"1,094",1.11%
2017-10-18,"1,105",1.01%
2017-10-19,"1,116",1.00%
2017-10-20,"1,126",0.90%
2017-10-23,"1,128",0.18%
2017-10-24,"1,130",0.18%
2017-10-25,"1,129",-0.09%
2017-10-26,"1,117",-1.06%
2017-10-27,"1,100",-1.52%
2017-10-30,"1,081",-1.73%
2017-10-31,"1,060",-1.94%
2017-11-01,"1,043",-1.60%
2017-11-02,"1,027",-1.53%
2017-11-03,"1,014",-1.27%
2017-11-06,"1,001",-1.28%
2017-11-07,988,-1.30%
2017-11-08,961,-2.73%
2017-11-09,936,-2.60%
2017-11-10,912,-2.56%
2017-11-13,888,-2.63%
2017-11-14,872,-1.80%
2017-11-15,858,-1.61%
2017-11-16,849,-1.05%
2017-11-17,845,-0.47%
2017-11-20,850,0.59%
2017-11-21,856,0.71%
2017-11-22,875,2.22%
2017-11-24,914,4.46%
2017-11-27,923,0.98%
2017-11-28,929,0.65%
2017-11-29,936,0.75%
2017-11-30,941,0.53%
2017-12-01,944,0.32%
2017-12-04,944,0.00%
2017-12-05,944,0.00%
2017-12-06,945,0.11%
2017-12-07,944,-0.11%
2017-12-08,943,-0.11%
2017-12-11,939,-0.42%
2017-12-12,942,0.32%
2017-12-13,943,0.11%
2017-12-14,944,0.11%
2017-12-15,942,-0.21%
2017-12-18,943,0.11%
2017-12-19,938,-0.53%
2017-12-20,933,-0.53%
2017-12-21,925,-0.86%
2017-12-22,914,-1.19%
2018-01-02,901,-1.42%
2018-01-03,894,-0.78%
2018-01-04,884,-1.12%
2018-01-05,884,0.00%
2018-01-08,886,0.23%
2018-01-09,889,0.34%
2018-01-10,898,1.01%
2018-01-11,902,0.45%
2018-01-12,907,0.55%
2018-01-15,908,0.11%
2018-01-16,910,0.22%
2018-01-17,910,0.00%
2018-01-18,910,0.00%
2018-01-19,911,0.11%
2018-01-22,913,0.22%
2018-01-23,911,-0.22%
2018-01-24,908,-0.33%
2018-01-25,904,-0.44%
2018-01-26,900,-0.44%
2018-01-29,895,-0.56%
2018-01-30,889,-0.67%
2018-01-31,884,-0.56%
2018-02-01,877,-0.79%
2018-02-02,872,-0.57%
2018-02-05,865,-0.80%
2018-02-06,857,-0.92%
2018-02-07,844,-1.52%
2018-02-08,833,-1.30%
2018-02-09,825,-0.96%
2018-02-12,819,-0.73%
2018-02-13,817,-0.24%
2018-02-14,823,0.73%
2018-02-15,832,1.09%
2018-02-16,837,0.60%
2018-02-19,840,0.36%
2018-02-20,847,0.83%
2018-02-21,856,1.06%
2018-02-22,871,1.75%
2018-02-23,892,2.41%
2018-02-26,919,3.03%
2018-02-27,948,3.16%
2018-02-28,973,2.64%
2018-03-01,992,1.95%
2018-03-02,"1,004",1.21%
2018-03-05,"1,006",0.20%
2018-03-06,"1,013",0.70%
2018-03-07,"1,020",0.69%
2018-03-08,"1,026",0.59%
2018-03-09,"1,032",0.58%
2018-03-12,"1,040",0.78%
2018-03-13,"1,049",0.87%
2018-03-14,"1,061",1.14%
2018-03-15,"1,077",1.51%
2018-03-16,"1,091",1.30%
2018-03-19,"1,099",0.73%
2018-03-20,"1,109",0.91%
2018-03-21,"1,117",0.72%
2018-03-22,"1,122",0.45%
2018-03-23,"1,121",-0.09%
2018-03-26,"1,116",-0.45%
2018-03-27,"1,106",-0.90%
2018-03-28,"1,093",-1.18%
2018-03-29,"1,080",-1.19%
2018-04-03,"1,067",-1.20%
2018-04-04,"1,056",-1.03%
2018-04-05,"1,042",-1.33%
2018-04-06,"1,032",-0.96%
2018-04-09,"1,024",-0.78%
2018-04-10,"1,016",-0.78%
2018-04-11,"1,014",-0.20%
2018-04-12,"1,014",0.00%
2018-04-13,"1,013",-0.10%
2018-04-16,"1,016",0.30%
2018-04-17,"1,018",0.20%
2018-04-18,"1,022",0.39%
2018-04-19,"1,022",0.00%
2018-04-20,"1,025",0.29%
2018-04-23,"1,027",0.20%
2018-04-24,"1,030",0.29%
2018-04-25,"1,037",0.68%
2018-04-26,"1,040",0.29%
2018-04-27,"1,042",0.19%
2018-04-30,"1,045",0.29%
2018-05-02,"1,043",-0.19%
2018-05-03,"1,047",0.38%
2018-05-04,"1,050",0.29%
2018-05-08,"1,051",0.10%
2018-05-09,"1,048",-0.29%
2018-05-10,"1,052",0.38%
2018-05-11,"1,053",0.10%
2018-05-14,"1,055",0.19%
2018-05-15,"1,053",-0.19%
2018-05-16,"1,056",0.28%
2018-05-17,"1,064",0.76%
2018-05-18,"1,069",0.47%
2018-05-21,"1,071",0.19%
2018-05-22,"1,074",0.28%
2018-05-23,"1,074",0.00%
2018-05-24,"1,074",0.00%
2018-05-25,"1,071",-0.28%
2018-05-29,"1,068",-0.28%
2018-05-30,"1,064",-0.37%
2018-05-31,"1,063",-0.09%
2018-06-01,"1,061",-0.19%
2018-06-04,"1,061",0.00%
2018-06-05,"1,065",0.38%
2018-06-06,"1,065",0.00%
2018-06-07,"1,072",0.66%
2018-06-08,"1,075",0.28%
2018-06-11,"1,078",0.28%
2018-06-12,"1,084",0.56%
2018-06-13,"1,088",0.37%
2018-06-14,"1,089",0.09%
2018-06-15,"1,091",0.18%
2018-06-18,"1,092",0.09%
2018-06-19,"1,093",0.09%
2018-06-20,"1,094",0.09%
2018-06-21,"1,094",0.00%
2018-06-22,"1,092",-0.18%
2018-06-25,"1,085",-0.64%
2018-06-26,"1,078",-0.65%
2018-06-27,"1,067",-1.02%
2018-06-28,"1,055",-1.12%
2018-06-29,"1,042",-1.23%
2018-07-02,"1,034",-0.77%
2018-07-03,"1,025",-0.87%
2018-07-04,"1,017",-0.78%
2018-07-05,"1,005",-1.18%
2018-07-06,999,-0.60%
2018-07-09,997,-0.20%
2018-07-10,994,-0.30%
2018-07-11,992,-0.20%
2018-07-12,994,0.20%
2018-07-13,995,0.10%
2018-07-16,998,0.30%
2018-07-17,"1,003",0.50%
2018-07-18,"1,008",0.50%
2018-07-19,"1,016",0.79%
2018-07-20,"1,023",0.69%
2018-07-23,"1,028",0.49%
2018-07-24,"1,030",0.19%
2018-07-25,"1,033",0.29%
2018-07-26,"1,034",0.10%
2018-07-27,"1,035",0.10%
2018-07-30,"1,035",0.00%
2018-07-31,"1,035",0.00%
2018-08-01,"1,036",0.10%
2018-08-02,"1,032",-0.39%
2018-08-03,"1,030",-0.19%
2018-08-06,"1,030",0.00%
2018-08-07,"1,032",0.19%
2018-08-08,"1,035",0.29%
2018-08-09,"1,036",0.10%
2018-08-10,"1,039",0.29%
2018-08-13,"1,040",0.10%
2018-08-14,"1,042",0.19%
2018-08-15,"1,045",0.29%
2018-08-16,"1,050",0.48%
2018-08-17,"1,056",0.57%
2018-08-20,"1,062",0.57%
2018-08-21,"1,069",0.66%
2018-08-22,"1,078",0.84%
2018-08-23,"1,087",0.83%
2018-08-24,"1,095",0.74%
2018-08-28,"1,110",1.37%
2018-08-29,"1,121",0.99%
2018-08-30,"1,128",0.62%
2018-08-31,"1,132",0.35%
2018-09-03,"1,133",0.09%
2018-09-04,"1,135",0.18%
2018-09-05,"1,135",0.00%
2018-09-06,"1,135",0.00%
2018-09-07,"1,134",-0.09%
2018-09-10,"1,136",0.18%
2018-09-11,"1,135",-0.09%
2018-09-12,"1,134",-0.09%
2018-09-13,"1,132",-0.18%
2018-09-14,"1,134",0.18%
2018-09-17,"1,138",0.35%
2018-09-18,"1,151",1.14%
2018-09-19,"1,159",0.70%
2018-09-20,"1,169",0.86%
2018-09-21,"1,175",0.51%
2018-09-24,"1,185",0.85%
2018-09-25,"1,190",0.42%
2018-09-26,"1,194",0.34%
2018-09-27,"1,195",0.08%
2018-09-28,"1,194",-0.08%
2018-10-01,"1,193",-0.08%
2018-10-02,"1,189",-0.34%
2018-10-03,"1,190",0.08%
2018-10-04,"1,192",0.17%
2018-10-05,"1,197",0.42%
2018-10-08,"1,201",0.33%
2018-10-09,"1,203",0.17%
2018-10-10,"1,205",0.17%
2018-10-11,"1,207",0.17%
2018-10-12,"1,204",-0.25%
2018-10-15,"1,200",-0.33%
2018-10-16,"1,196",-0.33%
2018-10-17,"1,192",-0.33%
2018-10-18,"1,181",-0.92%
2018-10-19,"1,170",-0.93%
2018-10-22,"1,163",-0.60%
2018-10-23,"1,156",-0.60%
2018-10-24,"1,144",-1.04%
2018-10-25,"1,132",-1.05%
2018-10-26,"1,117",-1.33%
2018-10-29,"1,106",-0.98%
2018-10-30,"1,087",-1.72%
2018-10-31,"1,073",-1.29%
2018-11-01,"1,061",-1.12%
2018-11-02,"1,051",-0.94%
2018-11-05,"1,041",-0.95%
2018-11-06,"1,033",-0.77%
2018-11-07,"1,021",-1.16%
2018-11-08,"1,013",-0.78%
2018-11-09,"1,003",-0.99%
2018-11-12,994,-0.90%
2018-11-13,986,-0.80%
2018-11-14,982,-0.41%
2018-11-15,970,-1.22%
2018-11-16,969,-0.10%
2018-11-19,964,-0.52%
2018-11-20,963,-0.10%
2018-11-21,959,-0.42%
2018-11-22,956,-0.31%
2018-11-23,952,-0.42%
2018-11-26,947,-0.53%
2018-11-27,943,-0.42%
2018-11-28,942,-0.11%
2018-11-29,945,0.32%
2018-11-30,944,-0.11%
2018-12-03,945,0.11%
2018-12-04,949,0.42%
2018-12-05,950,0.11%
2018-12-06,951,0.11%
2018-12-07,953,0.21%
2018-12-10,955,0.21%
2018-12-11,958,0.31%
2018-12-12,963,0.52%
2018-12-13,968,0.52%
2018-12-14,974,0.62%
2018-12-17,978,0.41%
2018-12-18,977,-0.10%
2018-12-19,979,0.20%
2018-12-20,979,0.00%
2018-12-21,977,-0.20%
2018-12-24,975,-0.20%
2019-01-02,967,-0.82%
2019-01-03,958,-0.93%
2019-01-04,946,-1.25%
2019-01-07,933,-1.37%
2019-01-08,918,-1.61%
2019-01-09,893,-2.72%
2019-01-10,870,-2.58%
2019-01-11,842,-3.22%
2019-01-14,814,-3.33%
2019-01-15,785,-3.56%
2019-01-16,755,-3.82%
2019-01-17,729,-3.44%
2019-01-18,701,-3.84%
2019-01-21,680,-3.00%
2019-01-22,660,-2.94%
2019-01-23,638,-3.33%
2019-01-24,607,-4.86%
2019-01-25,576,-5.11%
2019-01-28,552,-4.17%
2019-01-29,526,-4.71%
2019-01-30,498,-5.32%
2019-01-31,472,-5.22%
2019-02-01,450,-4.66%
2019-02-04,438,-2.67%
2019-02-05,423,-3.42%
2019-02-06,415,-1.89%
2019-02-07,414,-0.24%
2019-02-08,415,0.24%
2019-02-11,429,3.37%
2019-02-12,454,5.83%
2019-02-13,478,5.29%
2019-02-14,526,10.04%
2019-02-15,560,6.46%
2019-02-18,594,6.07%
2019-02-19,625,5.22%
2019-02-20,649,3.84%
2019-02-21,686,5.70%
2019-02-22,707,3.06%
2019-02-25,721,1.98%
2019-02-26,729,1.11%
2019-02-27,738,1.23%
2019-02-28,749,1.49%
2019-03-01,759,1.34%
2019-03-04,767,1.05%
2019-03-05,776,1.17%
2019-03-06,783,0.90%
2019-03-07,790,0.89%
2019-03-08,790,0.00%
2019-03-11,790,0.00%
2019-03-12,789,-0.13%
2019-03-13,789,0.00%
2019-03-14,786,-0.38%
2019-03-15,786,0.00%
2019-03-18,787,0.13%
2019-03-19,789,0.25%
2019-03-20,796,0.89%
2019-03-21,813,2.14%
2019-03-22,826,1.60%
2019-03-25,830,0.48%
2019-03-26,833,0.36%
2019-03-27,831,-0.24%
2019-03-28,823,-0.96%
2019-03-29,813,-1.22%
2019-04-01,807,-0.74%
2019-04-02,795,-1.49%
2019-04-03,775,-2.52%
2019-04-04,757,-2.32%
2019-04-05,742,-1.98%
2019-04-08,733,-1.21%
2019-04-09,726,-0.95%
2019-04-10,718,-1.10%
2019-04-11,715,-0.42%
2019-04-12,711,-0.56%
2019-04-15,714,0.42%
2019-04-16,718,0.56%
2019-04-17,726,1.11%
2019-04-18,732,0.83%
2019-04-23,751,2.60%
2019-04-24,773,2.93%
2019-04-25,781,1.03%
2019-04-26,780,-0.13%
2019-04-29,777,-0.38%
2019-04-30,768,-1.16%
2019-05-02,755,-1.69%
2019-05-03,752,-0.40%
2019-05-07,761,1.20%
2019-05-08,770,1.18%
2019-05-09,776,0.78%
2019-05-10,779,0.39%
2019-05-13,782,0.39%
2019-05-14,783,0.13%
2019-05-15,784,0.13%
2019-05-16,783,-0.13%
2019-05-17,780,-0.38%
2019-05-20,778,-0.26%
2019-05-21,777,-0.13%
2019-05-22,778,0.13%
2019-05-23,779,0.13%
2019-05-24,778,-0.13%
2019-05-28,771,-0.90%
2019-05-29,763,-1.04%
2019-05-30,756,-0.92%
2019-05-31,752,-0.53%
2019-06-03,748,-0.53%
2019-06-04,739,-1.20%
2019-06-05,731,-1.08%
2019-06-06,726,-0.68%
2019-06-07,719,-0.96%
2019-06-10,717,-0.28%
2019-06-11,714,-0.42%
2019-06-12,712,-0.28%
2019-06-13,710,-0.28%
2019-06-14,716,0.85%
2019-06-17,720,0.56%
2019-06-18,728,1.11%
2019-06-19,736,1.10%
2019-06-20,743,0.95%
2019-06-21,751,1.08%
2019-06-24,756,0.67%
2019-06-25,765,1.19%
2019-06-26,774,1.18%
2019-06-27,783,1.16%
2019-06-28,787,0.51%
2019-07-01,792,0.64%
2019-07-02,796,0.51%
2019-07-03,803,0.88%
2019-07-04,814,1.37%
2019-07-05,820,0.74%
2019-07-08,829,1.10%
2019-07-09,835,0.72%
2019-07-10,845,1.20%
2019-07-11,860,1.78%
2019-07-12,879,2.21%
2019-07-15,888,1.02%
2019-07-16,905,1.91%
2019-07-17,928,2.54%
2019-07-18,953,2.69%
2019-07-19,982,3.04%
2019-07-22,"1,002",2.04%
2019-07-23,"1,017",1.50%
2019-07-24,"1,019",0.20%
2019-07-25,"1,012",-0.69%
2019-07-26,"1,005",-0.69%
2019-07-29,996,-0.90%
2019-07-30,988,-0.80%
2019-07-31,982,-0.61%
2019-08-01,974,-0.81%
2019-08-02,968,-0.62%
2019-08-05,959,-0.93%
2019-08-06,956,-0.31%
2019-08-07,955,-0.10%
2019-08-08,959,0.42%
2019-08-09,970,1.15%
2019-08-12,975,0.52%
2019-08-13,992,1.74%
2019-08-14,"1,022",3.02%
2019-08-15,"1,070",4.70%
2019-08-16,"1,118",4.49%
2019-08-19,"1,141",2.06%
2019-08-20,"1,161",1.75%
2019-08-21,"1,188",2.33%
2019-08-22,"1,220",2.69%
2019-08-23,"1,249",2.38%
2019-08-27,"1,286",2.96%
2019-08-28,"1,310",1.87%
2019-08-29,"1,328",1.37%
2019-08-30,"1,336",0.60%
2019-09-02,"1,346",0.75%
2019-09-03,"1,350",0.30%
2019-09-04,"1,351",0.07%
2019-09-05,"1,348",-0.22%
2019-09-06,"1,338",-0.74%
2019-09-09,"1,330",-0.60%
2019-09-10,"1,319",-0.83%
2019-09-11,"1,311",-0.61%
2019-09-12,"1,305",-0.46%
2019-09-13,"1,299",-0.46%
2019-09-16,"1,294",-0.38%
2019-09-17,"1,292",-0.15%
2019-09-18,"1,292",0.00%
2019-09-19,"1,296",0.31%
2019-09-20,"1,300",0.31%
2019-09-23,"1,298",-0.15%
2019-09-24,"1,294",-0.31%
2019-09-25,"1,282",-0.93%
2019-09-26,"1,272",-0.78%
2019-09-27,"1,260",-0.94%
2019-09-30,"1,248",-0.95%
2019-10-01,"1,231",-1.36%
2019-10-02,"1,217",-1.14%
2019-10-03,"1,204",-1.07%
2019-10-04,"1,199",-0.42%
2019-10-07,"1,196",-0.25%
2019-10-08,"1,199",0.25%
2019-10-09,"1,204",0.42%
2019-10-10,"1,211",0.58%
2019-10-11,"1,218",0.58%
2019-10-14,"1,223",0.41%
2019-10-15,"1,227",0.33%
2019-10-16,"1,226",-0.08%
2019-10-17,"1,224",-0.16%
2019-10-18,"1,222",-0.16%
2019-10-21,"1,221",-0.08%
2019-10-22,"1,217",-0.33%
2019-10-23,"1,210",-0.58%
2019-10-24,"1,200",-0.83%
2019-10-25,"1,187",-1.08%
2019-10-28,"1,179",-0.67%
2019-10-29,"1,159",-1.70%
2019-10-30,"1,127",-2.76%
2019-10-31,"1,091",-3.19%
2019-11-01,"1,045",-4.22%
2019-11-04,"1,005",-3.83%
2019-11-05,974,-3.08%
2019-11-06,926,-4.93%
2019-11-07,865,-6.59%
2019-11-08,824,-4.74%
2019-11-11,796,-3.40%
2019-11-12,774,-2.76%
2019-11-13,758,-2.07%
2019-11-14,745,-1.72%
2019-11-15,735,-1.34%
2019-11-18,723,-1.63%
2019-11-19,716,-0.97%
2019-11-20,718,0.28%
2019-11-21,731,1.81%
2019-11-22,747,2.19%
2019-11-25,767,2.68%
2019-11-26,783,2.09%
2019-11-27,796,1.66%
2019-11-28,807,1.38%
2019-11-29,816,1.12%
2019-12-02,819,0.37%
2019-12-03,825,0.73%
2019-12-04,828,0.36%
2019-12-05,831,0.36%
2019-12-06,835,0.48%
2019-12-09,837,0.24%
2019-12-10,838,0.12%
2019-12-11,838,0.00%
2019-12-12,835,-0.36%
2019-12-13,823,-1.44%
2019-12-16,815,-0.97%
2019-12-17,802,-1.60%
2019-12-18,785,-2.12%
2019-12-19,764,-2.68%
2019-12-20,743,-2.75%
2019-12-23,728,-2.02%
2019-12-24,718,-1.37%
2020-01-02,685,-4.60%
2020-01-03,662,-3.36%
2020-01-06,642,-3.02%
2020-01-07,611,-4.83%
2020-01-08,593,-2.95%
2020-01-09,581,-2.02%
2020-01-10,570,-1.89%
2020-01-13,566,-0.70%
2020-01-14,563,-0.53%
2020-01-15,559,-0.71%
2020-01-16,559,0.00%
2020-01-17,560,0.18%
2020-01-20,560,0.00%
2020-01-21,556,-0.71%
2020-01-22,550,-1.08%
2020-01-23,546,-0.73%
2020-01-24,543,-0.55%
2020-01-27,542,-0.18%
2020-01-28,538,-0.74%
2020-01-29,533,-0.93%
2020-01-30,528,-0.94%
2020-01-31,524,-0.76%
2020-02-03,521,-0.57%
2020-02-04,518,-0.58%
2020-02-05,512,-1.16%
2020-02-06,506,-1.17%
2020-02-07,491,-2.96%
2020-02-10,484,-1.43%
2020-02-11,477,-1.45%
2020-02-12,472,-1.05%
2020-02-13,468,-0.85%
2020-02-14,470,0.43%
2020-02-17,474,0.85%
2020-02-18,481,1.48%
2020-02-19,489,1.66%
2020-02-20,505,3.27%
2020-02-21,524,3.76%
2020-02-24,543,3.63%
2020-02-25,561,3.31%
2020-02-26,577,2.85%
2020-02-27,590,2.25%
2020-02-28,606,2.71%
2020-03-02,621,2.48%
2020-03-03,633,1.93%
2020-03-04,646,2.05%
2020-03-05,671,3.87%
2020-03-06,688,2.53%
2020-03-09,704,2.33%
2020-03-10,722,2.56%
2020-03-11,735,1.80%
2020-03-12,745,1.36%
2020-03-13,750,0.67%
2020-03-16,754,0.53%
2020-03-17,754,0.00%
2020-03-18,755,0.13%
2020-03-19,748,-0.93%
2020-03-20,741,-0.94%
2020-03-23,732,-1.21%
2020-03-24,720,-1.64%
2020-03-25,702,-2.50%
2020-03-26,675,-3.85%
2020-03-27,641,-5.04%
2020-03-30,606,-5.46%
2020-03-31,568,-6.27%
2020-04-01,535,-5.81%
2020-04-02,513,-4.11%
2020-04-03,495,-3.51%
2020-04-06,485,-2.02%
2020-04-07,472,-2.68%
2020-04-08,454,-3.81%
2020-04-09,441,-2.86%
2020-04-14,429,-2.72%
2020-04-15,419,-2.33%
2020-04-16,411,-1.91%
2020-04-17,404,-1.70%
2020-04-20,398,-1.49%
2020-04-21,390,-2.01%
2020-04-22,384,-1.54%
2020-04-23,383,-0.26%
2020-04-24,388,1.31%
2020-04-27,392,1.03%
2020-04-28,397,1.28%
2020-04-29,404,1.76%
2020-04-30,410,1.49%
2020-05-04,416,1.46%
2020-05-05,417,0.24%
2020-05-06,420,0.72%
2020-05-07,423,0.71%
2020-05-11,431,1.89%
2020-05-12,434,0.70%
2020-05-13,440,1.38%
2020-05-14,446,1.36%
2020-05-15,450,0.90%
2020-05-18,456,1.33%
2020-05-19,462,1.32%
2020-05-20,471,1.95%
2020-05-21,478,1.49%
2020-05-27,500,4.60%
2020-05-28,502,0.40%
2020-05-29,500,-0.40%
2020-06-01,497,-0.60%
2020-06-02,495,-0.40%
2020-06-03,494,-0.20%
2020-06-04,499,1.01%
2020-06-05,507,1.60%
2020-06-08,515,1.58%
2020-06-09,532,3.30%
2020-06-10,556,4.51%
2020-06-11,575,3.42%
2020-06-12,597,3.83%
2020-06-15,612,2.51%
2020-06-16,624,1.96%
2020-06-17,634,1.60%
2020-06-18,648,2.21%
2020-06-19,657,1.39%
2020-06-22,662,0.76%
2020-06-23,667,0.76%
2020-06-24,674,1.05%
2020-06-25,678,0.59%
2020-06-26,678,0.00%
2020-06-29,679,0.15%
2020-06-30,683,0.59%
2020-07-01,686,0.44%
2020-07-02,693,1.02%
2020-07-03,701,1.15%
2020-07-06,708,1.00%
2020-07-07,725,2.40%
2020-07-08,773,6.62%
2020-07-10,835,8.02%
2020-07-13,856,2.51%
2020-07-14,875,2.22%
2020-07-15,890,1.71%
2020-07-16,899,1.01%
2020-07-17,910,1.22%
2020-07-20,920,1.10%
2020-07-21,929,0.98%
2020-07-22,932,0.32%
2020-07-23,925,-0.75%
2020-07-24,915,-1.08%
2020-07-27,906,-0.98%
2020-07-28,897,-0.99%
2020-07-29,890,-0.78%
2020-07-30,878,-1.35%
2020-07-31,870,-0.91%
2020-08-03,862,-0.92%
2020-08-04,851,-1.28%
2020-08-05,844,-0.82%
2020-08-06,847,0.36%
2020-08-07,855,0.94%
2020-08-10,867,1.40%
2020-08-11,879,1.38%
2020-08-12,893,1.59%
2020-08-13,911,2.02%
2020-08-14,927,1.76%
2020-08-17,943,1.73%
2020-08-18,949,0.64%
2020-08-19,954,0.53%
2020-08-20,957,0.31%
2020-08-21,962,0.52%
2020-08-24,965,0.31%
2020-08-25,964,-0.10%
2020-08-26,960,-0.41%
2020-08-27,958,-0.21%
2020-08-28,958,0.00%
2020-08-31,958,0.00%
2020-09-01,958,0.00%
2020-09-02,959,0.10%
2020-09-03,958,-0.10%
2020-09-04,953,-0.52%
2020-09-07,949,-0.42%
2020-09-08,941,-0.84%
2020-09-09,931,-1.06%
2020-09-10,923,-0.86%
2020-09-11,917,-0.65%
2020-09-14,914,-0.33%
2020-09-15,912,-0.22%
2020-09-16,921,0.99%
2020-09-17,930,0.98%
2020-09-18,941,1.18%
2020-09-21,950,0.96%
2020-09-22,960,1.05%
2020-09-23,971,1.15%
2020-09-24,983,1.24%
2020-09-25,992,0.92%
2020-09-28,998,0.60%
2020-09-29,999,0.10%
2020-09-30,995,-0.40%
2020-10-01,992,-0.30%
2020-10-02,991,-0.10%
2020-10-05,988,-0.30%
2020-10-06,985,-0.30%
2020-10-07,985,0.00%
2020-10-08,984,-0.10%
2020-10-09,982,-0.20%
2020-10-12,982,0.00%
2020-10-13,982,0.00%
2020-10-14,980,-0.20%
2020-10-15,977,-0.31%
2020-10-16,976,-0.10%
2020-10-19,976,0.00%
2020-10-20,973,-0.31%
2020-10-21,972,-0.10%
2020-10-22,972,0.00%
2020-10-23,972,0.00%
2020-10-25,972,0.00%
2020-10-26,968,-0.41%
2020-10-27,962,-0.62%
2020-10-28,958,-0.42%
2020-11-01,943,-1.57%
2020-11-02,932,-1.17%
2020-11-03,922,-1.07%
2020-11-04,912,-1.08%
2020-11-05,901,-1.21%
2020-11-08,893,-0.89%
2020-11-09,888,-0.56%
2020-11-10,882,-0.68%
2020-11-11,884,0.23%
2020-11-12,884,0.00%
2020-11-15,884,0.00%
2020-11-16,888,0.45%
2020-11-17,900,1.35%
2020-11-18,915,1.67%
2020-11-19,930,1.64%
2020-11-22,952,2.37%
2020-11-23,973,2.21%
2020-11-24,995,2.26%
2020-11-25,"1,011",1.61%
2020-11-26,"1,018",0.69%
2020-11-29,"1,022",0.39%
2020-11-30,"1,020",-0.20%
2020-12-01,"1,019",-0.10%
2020-12-02,"1,015",-0.39%
2020-12-03,"1,011",-0.39%
2020-12-06,"1,011",0.00%
2020-12-07,"1,012",0.10%
2020-12-08,"1,017",0.49%
2020-12-09,"1,023",0.59%
2020-12-10,"1,031",0.78%
2020-12-13,"1,038",0.68%
2020-12-14,"1,046",0.77%
2020-12-15,"1,054",0.76%
2020-12-16,"1,057",0.28%
2020-12-17,"1,057",0.00%
2020-12-20,"1,054",-0.28%
2020-12-21,"1,048",-0.57%
2020-12-22,"1,047",-0.10%
2020-12-23,"1,039",-0.76%
2021-01-03,"1,028",-1.06%
2021-01-04,"1,022",-0.58%
2021-01-05,"1,022",0.00%
2021-01-06,"1,023",0.10%
2021-01-07,"1,029",0.59%
2021-01-10,"1,039",0.97%
2021-01-11,"1,055",1.54%
2021-01-12,"1,067",1.14%
2021-01-13,"1,080",1.22%
2021-01-14,"1,086",0.56%
2021-01-17,"1,096",0.92%
2021-01-18,"1,104",0.73%
2021-01-19,"1,119",1.36%
2021-01-20,"1,133",1.25%
2021-01-21,"1,142",0.79%
2021-01-24,"1,152",0.88%
2021-01-25,"1,158",0.52%
2021-01-26,"1,163",0.43%
2021-01-27,"1,166",0.26%
2021-01-28,"1,165",-0.09%
2021-01-31,"1,162",-0.26%
2021-02-01,"1,149",-1.12%
2021-02-02,"1,141",-0.70%
2021-02-03,"1,139",-0.18%
2021-02-04,"1,144",0.44%
2021-02-07,"1,149",0.44%
2021-02-08,"1,156",0.61%
2021-02-09,"1,175",1.64%
2021-02-10,"1,197",1.87%
2021-02-11,"1,217",1.67%
2021-02-14,"1,232",1.23%
2021-02-15,"1,262",2.44%
2021-02-16,"1,340",6.18%
2021-02-17,"1,441",7.54%
2021-02-18,"1,513",5.00%
2021-02-21,"1,598",5.62%
2021-02-22,"1,744",9.14%
2021-02-23,"1,822",4.47%
2021-02-24,"1,866",2.41%
2021-02-25,"1,878",0.64%
2021-02-28,"1,879",0.05%
2021-03-01,"1,879",0.00%
2021-03-02,"1,889",0.53%
2021-03-03,"1,900",0.58%
2021-03-04,"1,917",0.89%
2021-03-07,"1,933",0.83%
2021-03-08,"1,969",1.86%
2021-03-09,"2,017",2.44%
2021-03-10,"2,051",1.69%
2021-03-11,"2,077",1.27%
2021-03-14,"2,083",0.29%
2021-03-15,"2,079",-0.19%
2021-03-16,"2,091",0.58%
2021-03-17,"2,114",1.10%
2021-03-18,"2,122",0.38%
2021-03-21,"2,133",0.52%
2021-03-22,"2,126",-0.33%
2021-03-23,"2,084",-1.98%
2021-03-24,"2,021",-3.02%
2021-03-25,"1,983",-1.88%
2021-03-29,"1,951",-1.61%
2021-03-30,"1,916",-1.79%
2021-03-31,"1,871",-2.35%
2021-04-01,"1,840",-1.66%
2021-04-06,"1,809",-1.68%
2021-04-07,"1,792",-0.94%
2021-04-08,"1,786",-0.33%
2021-04-09,"1,780",-0.34%
2021-04-12,"1,774",-0.34%
2021-04-13,"1,774",0.00%
2021-04-14,"1,783",0.51%
2021-04-15,"1,811",1.57%
2021-04-16,"1,849",2.10%
2021-04-19,"1,878",1.57%
2021-04-20,"1,925",2.50%
2021-04-21,"1,977",2.70%
2021-04-22,"2,037",3.03%
2021-04-23,"2,085",2.36%
2021-04-26,"2,108",1.10%
2021-04-27,"2,129",1.00%
2021-04-28,"2,140",0.52%
2021-04-29,"2,151",0.51%
2021-04-30,"2,144",-0.33%
2021-05-04,"2,130",-0.65%
2021-05-05,"2,135",0.23%
2021-05-06,"2,160",1.17%
2021-05-07,"2,196",1.67%
2021-05-10,"2,216",0.91%
2021-05-11,"2,254",1.71%
2021-05-12,"2,269",0.67%
2021-05-13,"2,283",0.62%
2021-05-14,"2,297",0.61%
2021-05-17,"2,310",0.57%
2021-05-18,"2,324",0.61%
2021-05-19,"2,344",0.86%
2021-05-20,"2,374",1.28%
2021-05-21,"2,408",1.43%
2021-05-24,"2,428",0.83%
2021-05-25,"2,450",0.91%
2021-05-26,"2,492",1.71%
2021-05-27,"2,520",1.12%
2021-05-28,"2,504",-0.63%
2021-06-01,"2,455",-1.96%
2021-06-02,"2,456",0.04%
2021-06-03,"2,441",-0.61%
2021-06-04,"2,449",0.33%
2021-06-07,"2,461",0.49%
2021-06-08,"2,479",0.73%
2021-06-09,"2,508",1.17%
2021-06-10,"2,552",1.75%
2021-06-11,"2,592",1.57%
2021-06-14,"2,624",1.23%
2021-06-15,"2,667",1.64%
2021-06-16,"2,713",1.72%
2021-06-17,"2,754",1.51%
2021-06-18,"2,802",1.74%
2021-06-21,"2,825",0.82%
2021-06-22,"2,840",0.53%
2021-06-23,"2,852",0.42%
2021-06-24,"2,864",0.42%
2021-06-25,"2,877",0.45%
2021-06-28,"2,899",0.76%
2021-06-29,"2,921",0.76%
2021-06-30,"2,930",0.31%
2021-07-01,"2,939",0.31%
2021-07-02,"2,935",-0.14%
2021-07-05,"2,935",0.00%
2021-07-06,"2,920",-0.51%
2021-07-07,"2,909",-0.38%
2021-07-08,"2,897",-0.41%
2021-07-09,"2,891",-0.21%
2021-07-12,"2,882",-0.31%
2021-07-13,"2,865",-0.59%
2021-07-15,"2,799",-2.30%
2021-07-16,"2,775",-0.86%
2021-07-19,"2,774",-0.04%
2021-07-20,"2,783",0.32%
2021-07-21,"2,807",0.86%
2021-07-22,"2,842",1.25%
2021-07-23,"2,871",1.02%
2021-07-26,"2,883",0.42%
2021-07-27,"2,893",0.35%
2021-07-28,"2,911",0.62%
2021-07-29,"2,928",0.58%
2021-07-30,"2,945",0.58%
2021-08-02,"2,959",0.48%
2021-08-03,"2,969",0.34%
2021-08-04,"2,983",0.47%
2021-08-05,"2,996",0.44%
2021-08-06,"3,010",0.47%
2021-08-09,"3,022",0.40%
2021-08-10,"3,032",0.33%
2021-08-11,"3,049",0.56%
2021-08-12,"3,079",0.98%
2021-08-13,"3,098",0.62%
2021-08-16,"3,119",0.68%
2021-08-17,"3,146",0.87%
2021-08-18,"3,189",1.37%
2021-08-19,"3,237",1.51%
2021-08-20,"3,276",1.20%
2021-08-23,"3,303",0.82%
2021-08-24,"3,343",1.21%
2021-08-25,"3,386",1.29%
2021-08-26,"3,437",1.51%
2021-08-27,"3,470",0.96%
2021-08-31,"3,477",0.20%
2021-09-01,"3,434",-1.24%
2021-09-02,"3,393",-1.19%
2021-09-03,"3,348",-1.33%
2021-09-06,"3,293",-1.64%
2021-09-07,"3,256",-1.12%
2021-09-08,"3,211",-1.38%
2021-09-09,"3,179",-1.00%
2021-09-10,"3,170",-0.28%
2021-09-13,"3,180",0.32%
2021-09-14,"3,210",0.94%
2021-09-15,"3,247",1.15%
2021-09-16,"3,283",1.11%
2021-09-17,"3,307",0.73%
2021-09-20,"3,319",0.36%
2021-09-21,"3,327",0.24%
2021-09-22,"3,338",0.33%
2021-09-23,"3,349",0.33%
2021-09-24,"3,359",0.30%
2021-09-27,"3,363",0.12%
2021-09-28,"3,373",0.30%
2021-09-29,"3,379",0.18%
2021-09-30,"3,382",0.09%
2021-10-01,"3,383",0.03%
2021-10-04,"3,381",-0.06%
2021-10-05,"3,382",0.03%
2021-10-06,"3,388",0.18%
2021-10-07,"3,404",0.47%
2021-10-08,"3,417",0.38%
2021-10-11,"3,431",0.41%
2021-10-12,"3,461",0.87%
2021-10-13,"3,502",1.18%
2021-10-14,"3,542",1.14%
2021-10-15,"3,576",0.96%
2021-10-18,"3,595",0.53%
2021-10-19,"3,610",0.42%
2021-10-20,"3,618",0.22%
2021-10-21,"3,624",0.17%
2021-10-22,"3,584",-1.10%
2021-10-25,"3,547",-1.03%
2021-10-26,"3,497",-1.41%
2021-10-27,"3,344",-4.38%
2021-10-28,"3,190",-4.61%
2021-10-29,"3,104",-2.70%
2021-10-31,"3,042",-2.00%
2021-11-01,"2,919",-4.04%
2021-11-02,"2,728",-6.54%
2021-11-03,"2,563",-6.05%
2021-11-04,"2,416",-5.74%
2021-11-07,"2,334",-3.39%
2021-11-08,"2,284",-2.14%
2021-11-09,"2,259",-1.09%
2021-11-10,"2,251",-0.35%
2021-11-11,"2,253",0.09%
2021-11-14,"2,259",0.27%
2021-11-15,"2,263",0.18%
2021-11-16,"2,260",-0.13%
2021-11-17,"2,248",-0.53%
2021-11-18,"2,237",-0.49%
2021-11-21,"2,235",-0.09%
2021-11-22,"2,243",0.36%
2021-11-23,"2,255",0.53%
2021-11-24,"2,284",1.29%
2021-11-25,"2,316",1.40%
2021-11-28,"2,237",-3.41%
2021-11-29,"2,340",4.60%
2021-11-30,"2,374",1.45%
2021-12-01,"2,402",1.18%
2021-12-02,"2,431",1.21%
2021-12-05,"2,452",0.86%
2021-12-06,"2,488",1.47%
2021-12-07,"2,520",1.29%
2021-12-08,"2,541",0.83%
2021-12-09,"2,551",0.39%
2021-12-12,"2,552",0.04%
2021-12-13,"2,550",-0.08%
2021-12-14,"2,542",-0.31%
2021-12-15,"2,514",-1.10%
2021-12-16,"2,469",-1.79%
2021-12-19,"2,436",-1.34%
2021-12-20,"2,383",-2.18%
2021-12-21,"2,337",-1.93%
2021-12-22,"2,303",-1.45%
2021-12-23,"2,290",-0.56%
2022-01-03,"2,209",-3.54%
2022-01-04,"2,165",-1.99%
2022-01-05,"2,124",-1.89%
2022-01-06,"2,074",-2.35%
2022-01-09,"2,001",-3.52%
2022-01-10,"1,958",-2.15%
2022-01-11,"1,936",-1.12%
2022-01-12,"1,915",-1.08%
2022-01-13,"1,897",-0.94%
2022-01-16,"1,864",-1.74%
2022-01-17,"1,840",-1.29%
2022-01-18,"1,812",-1.52%
2022-01-19,"1,773",-2.15%
2022-01-20,"1,749",-1.35%
2022-01-23,"1,728",-1.20%
2022-01-24,"1,693",-2.03%
2022-01-25,"1,654",-2.30%
2022-01-26,"1,613",-2.48%
2022-01-27,"1,597",-0.99%
2022-01-30,"1,587",-0.63%
2022-01-31,"1,578",-0.57%
2022-02-01,"1,570",-0.51%
2022-02-02,"1,571",0.06%
2022-02-03,"1,594",1.46%
2022-02-06,"1,638",2.76%
2022-02-07,"1,734",5.86%
2022-02-08,"1,911",10.21%
2022-02-09,"2,057",7.64%
2022-02-10,"2,158",4.91%
2022-02-13,"2,228",3.24%
2022-02-14,"2,277",2.20%
2022-02-15,"2,320",1.89%
2022-02-16,"2,326",0.26%
2022-02-17,"2,325",-0.04%
2022-02-20,"2,342",0.73%
2022-02-21,"2,359",0.73%
2022-02-22,"2,388",1.23%
2022-02-23,"2,415",1.13%
2022-02-24,"2,417",0.08%
2022-02-27,"2,428",0.46%
2022-02-28,"2,443",0.62%
2022-03-01,"2,471",1.15%
2022-03-02,"2,520",1.98%
2022-03-03,"2,586",2.62%
2022-03-06,"2,640",2.09%
2022-03-07,"2,733",3.52%
2022-03-08,"2,845",4.10%
2022-03-09,"2,923",2.74%
2022-03-10,"2,939",0.55%
2022-03-13,"2,934",-0.17%
2022-03-14,"2,901",-1.12%
2022-03-15,"2,876",-0.86%
2022-03-16,"2,892",0.56%
2022-03-17,"2,922",1.04%
2022-03-20,"2,949",0.92%
2022-03-21,"2,983",1.15%
2022-03-22,"3,016",1.11%
2022-03-23,"3,033",0.56%
2022-03-24,"3,020",-0.43%
2022-03-28,"2,991",-0.96%
2022-03-29,"2,946",-1.50%
2022-03-30,"2,875",-2.41%
2022-03-31,"2,808",-2.33%
2022-04-01,"2,755",-1.89%
2022-04-04,"2,717",-1.38%
2022-04-05,"2,660",-2.10%
2022-04-06,"2,605",-2.07%
2022-04-07,"2,547",-2.23%
2022-04-08,"2,502",-1.77%
2022-04-11,"2,473",-1.16%
2022-04-12,"2,448",-1.01%
2022-04-13,"2,461",0.53%
2022-04-14,"2,497",1.46%
2022-04-19,"2,541",1.76%
2022-04-20,"2,596",2.16%
2022-04-21,"2,646",1.93%
2022-04-22,"2,678",1.21%
2022-04-25,"2,699",0.78%
2022-04-26,"2,714",0.56%
2022-04-27,"2,736",0.81%
2022-04-28,"2,736",0.00%
2022-04-29,"2,734",-0.07%
2022-05-03,"2,733",-0.04%
2022-05-04,"2,732",-0.04%
2022-05-05,"2,732",0.00%
2022-05-06,"2,729",-0.11%
2022-05-09,"2,732",0.11%
2022-05-10,"2,746",0.51%
2022-05-11,"2,759",0.47%
2022-05-12,"2,750",-0.33%
2022-05-13,"2,752",0.07%
2022-05-16,"2,748",-0.15%
2022-05-17,"2,745",-0.11%
2022-05-18,"2,758",0.47%
2022-05-19,"2,800",1.52%
2022-05-20,"2,816",0.57%
2022-05-23,"2,818",0.07%
2022-05-24,"2,828",0.35%
2022-05-25,"2,833",0.18%
2022-05-26,"2,823",-0.35%
2022-05-27,"2,796",-0.96%
2022-05-30,"2,774",-0.79%
2022-05-31,"2,743",-1.12%
2022-06-01,"2,703",-1.46%
2022-06-06,"2,660",-1.59%
2022-06-07,"2,632",-1.05%
2022-06-08,"2,585",-1.79%
2022-06-09,"2,527",-2.24%
2022-06-10,"2,495",-1.27%
2022-06-13,"2,463",-1.28%
2022-06-14,"2,451",-0.49%
2022-06-15,"2,454",0.12%
2022-06-16,"2,460",0.24%
2022-06-17,"2,467",0.28%
2022-06-20,"2,470",0.12%
2022-06-21,"2,471",0.04%
2022-06-22,"2,475",0.16%
2022-06-23,"2,466",-0.36%
2022-06-24,"2,449",-0.69%
2022-06-27,"2,439",-0.41%
2022-06-28,"2,416",-0.94%
2022-06-29,"2,359",-2.36%
2022-06-30,"2,306",-2.25%
2022-07-01,"2,290",-0.69%
2022-07-04,"2,282",-0.35%
2022-07-05,"2,265",-0.74%
2022-07-06,"2,247",-0.79%
2022-07-07,"2,203",-1.96%
2022-07-08,"2,163",-1.82%
2022-07-11,"2,152",-0.51%
2022-07-12,"2,123",-1.35%
2022-07-13,"2,077",-2.17%
2022-07-14,"2,050",-1.30%
2022-07-15,"2,039",-0.54%
2022-07-18,"2,037",-0.10%
2022-07-19,"2,039",0.10%
2022-07-20,"2,057",0.88%
2022-07-21,"2,073",0.78%
2022-07-22,"2,080",0.34%
2022-07-25,"2,079",-0.05%
2022-07-26,"2,071",-0.38%
2022-07-27,"2,038",-1.59%
2022-07-28,"2,003",-1.72%
2022-07-29,"1,971",-1.60%
2022-08-01,"1,928",-2.18%
2022-08-02,"1,866",-3.22%
2022-08-03,"1,805",-3.27%
2022-08-04,"1,747",-3.21%
2022-08-05,"1,700",-2.69%
2022-08-08,"1,671",-1.71%
2022-08-09,"1,636",-2.09%
2022-08-10,"1,614",-1.34%
2022-08-11,"1,591",-1.43%
2022-08-12,"1,593",0.13%
2022-08-15,"1,607",0.88%
2022-08-16,"1,626",1.18%
2022-08-17,"1,659",2.03%
2022-08-18,"1,698",2.35%
2022-08-19,"1,735",2.18%
2022-08-22,"1,751",0.92%
2022-08-23,"1,765",0.80%
2022-08-24,"1,773",0.45%
2022-08-25,"1,763",-0.56%
2022-08-26,"1,744",-1.08%
2022-08-30,"1,691",-3.04%
2022-08-31,"1,626",-3.84%
2022-09-01,"1,559",-4.12%
2022-09-02,"1,514",-2.89%
2022-09-05,"1,498",-1.06%
2022-09-06,"1,487",-0.73%
2022-09-07,"1,482",-0.34%
2022-09-08,"1,477",-0.34%
2022-09-09,"1,475",-0.14%
2022-09-12,"1,473",-0.14%
2022-09-13,"1,484",0.75%
2022-09-14,"1,505",1.42%
2022-09-15,"1,529",1.59%
2022-09-16,"1,551",1.44%
2022-09-20,"1,580",1.87%
2022-09-21,"1,605",1.58%
2022-09-22,"1,637",1.99%
2022-09-23,"1,652",0.92%
2022-09-26,"1,657",0.30%
2022-09-27,"1,671",0.84%
2022-09-28,"1,680",0.54%
2022-09-29,"1,674",-0.36%
2022-09-30,"1,663",-0.66%
2022-10-03,"1,663",0.00%
2022-10-04,"1,668",0.30%
2022-10-05,"1,676",0.48%
2022-10-06,"1,690",0.84%
2022-10-07,"1,706",0.95%
2022-10-10,"1,714",0.47%
2022-10-11,"1,714",0.00%
2022-10-12,"1,708",-0.35%
2022-10-13,"1,696",-0.70%
2022-10-14,"1,690",-0.35%
2022-10-17,"1,678",-0.71%
2022-10-18,"1,678",0.00%
2022-10-19,"1,678",0.00%
2022-10-20,"1,676",-0.12%
2022-10-21,"1,678",0.12%
2022-10-24,"1,670",-0.48%
2022-10-25,"1,658",-0.72%
2022-10-26,"1,632",-1.57%
2022-10-27,"1,572",-3.68%
2022-10-28,"1,483",-5.66%
2022-10-30,"1,437",-3.10%
2022-10-31,"1,389",-3.34%
2022-11-01,"1,332",-4.10%
2022-11-02,"1,287",-3.38%
2022-11-03,"1,268",-1.48%
2022-11-06,"1,251",-1.34%
2022-11-07,"1,241",-0.80%
2022-11-08,"1,232",-0.73%
2022-11-09,"1,227",-0.41%
2022-11-10,"1,213",-1.14%
2022-11-13,"1,197",-1.32%
2022-11-14,"1,186",-0.92%
2022-11-15,"1,180",-0.51%
2022-11-16,"1,175",-0.42%
2022-11-17,"1,170",-0.43%
2022-11-20,"1,164",-0.51%
2022-11-21,"1,160",-0.34%
2022-11-22,"1,163",0.26%
2022-11-23,"1,174",0.95%
2022-11-24,"1,182",0.68%
2022-11-27,"1,180",-0.17%
2022-11-28,"1,177",-0.25%
2022-11-29,"1,172",-0.42%
2022-11-30,"1,165",-0.60%
2022-12-01,"1,162",-0.26%
2022-12-04,"1,158",-0.34%
2022-12-05,"1,158",0.00%
2022-12-06,"1,158",0.00%
2022-12-07,"1,153",-0.43%
2022-12-08,"1,152",-0.09%
2022-12-11,"1,153",0.09%
2022-12-12,"1,167",1.21%
2022-12-13,"1,170",0.26%
2022-12-14,"1,167",-0.26%
2022-12-15,"1,157",-0.86%
2022-12-18,"1,146",-0.95%
2022-12-19,"1,146",0.00%
2022-12-20,"1,131",-1.31%
2022-12-21,"1,083",-4.24%
2022-12-22,"1,083",0.00%
2022-12-23,"1,062",-1.94%
2023-01-02,968,-8.85%
2023-01-03,968,0.00%
2023-01-04,912,-5.79%
2023-01-05,839,-8.00%
2023-01-06,839,0.00%
2023-01-08,825,-1.67%
2023-01-09,803,-2.67%
2023-01-10,762,-5.11%
2023-01-11,715,-6.17%
2023-01-12,715,0.00%
2023-01-13,686,-4.06%
2023-01-15,673,-1.90%
2023-01-16,673,0.00%
2023-01-17,657,-2.38%
2023-01-18,654,-0.46%
2023-01-19,654,0.00%
2023-01-20,652,-0.31%
2023-01-22,645,-1.07%
2023-01-23,649,0.62%
2023-01-24,648,-0.15%
2023-01-25,645,-0.46%
2023-01-26,645,0.00%
2023-01-27,650,0.78%
2023-01-29,658,1.23%
2023-01-30,658,0.00%
2023-01-31,680,3.34%
2023-02-01,680,0.00%
2023-02-02,682,0.29%
2023-02-03,682,0.00%
2023-02-05,680,-0.29%
2023-02-06,680,0.00%
2023-02-07,651,-4.26%
2023-02-08,636,-2.30%
2023-02-09,628,-1.26%
2023-02-10,628,0.00%
2023-02-12,625,-0.48%
2023-02-13,625,0.00%
2023-02-14,640,2.40%
2023-02-15,640,0.00%
2023-02-16,660,3.13%
2023-02-17,695,5.30%
2023-02-19,727,4.60%
2023-02-20,727,0.00%
2023-02-21,872,19.94%
2023-02-22,872,0.00%
2023-02-23,996,14.22%
2023-02-24,996,0.00%
2023-02-26,"1,050",5.42%
2023-02-27,"1,105",5.24%
2023-02-28,"1,156",4.62%
2023-03-01,"1,192",3.11%
2023-03-02,"1,189",-0.25%
2023-03-03,"1,189",0.00%
2023-03-06,"1,161",-2.35%
2023-03-07,"1,161",0.00%
2023-03-08,"1,161",0.00%
2023-03-09,"1,180",1.64%
2023-03-10,"1,209",2.46%
2023-03-12,"1,235",2.15%
2023-03-13,"1,235",0.00%
2023-03-14,"1,263",2.27%
2023-03-15,"1,296",2.61%
2023-03-16,"1,312",1.23%
2023-03-17,"1,318",0.46%
2023-03-20,"1,329",0.83%
2023-03-21,"1,335",0.45%
2023-03-22,"1,333",-0.15%
2023-03-23,"1,333",0.00%
2023-03-24,"1,332",-0.08%
2023-03-27,"1,326",-0.45%
2023-03-28,"1,315",-0.83%
2023-03-29,"1,285",-2.28%
2023-03-30,"1,237",-3.74%
2023-03-31,"1,198",-3.15%
2023-04-03,"1,187",-0.92%
2023-04-04,"1,176",-0.93%
2023-04-05,"1,170",-0.51%
2023-04-06,"1,161",-0.77%
2023-04-11,"1,131",-2.58%
2023-04-12,"1,118",-1.15%
2023-04-13,"1,105",-1.16%
2023-04-14,"1,096",-0.81%
2023-04-17,"1,098",0.18%
2023-04-18,"1,113",1.37%
2023-04-19,"1,151",3.41%
2023-04-20,"1,179",2.43%
2023-04-21,"1,201",1.87%
2023-04-24,"1,212",0.92%
2023-04-25,"1,216",0.33%
2023-04-26,"1,203",-1.07%
2023-04-27,"1,185",-1.50%
2023-04-28,"1,165",-1.69%
2023-05-02,"1,144",-1.80%
2023-05-03,"1,123",-1.84%
2023-05-04,"1,105",-1.60%
2023-05-05,"1,096",-0.81%
2023-05-09,"1,097",0.09%
2023-05-10,"1,114",1.55%
2023-05-11,"1,112",-0.18%
2023-05-12,"1,105",-0.63%
2023-05-15,"1,098",-0.63%
2023-05-16,"1,091",-0.64%
2023-05-17,"1,090",-0.09%
2023-05-18,"1,085",-0.46%
2023-05-19,"1,077",-0.74%
2023-05-22,"1,063",-1.30%
2023-05-23,"1,043",-1.88%
2023-05-24,"1,014",-2.78%
2023-05-25,980,-3.35%
2023-05-26,946,-3.47%
2023-05-30,910,-3.81%
2023-05-31,881,-3.19%
2023-06-01,847,-3.86%
2023-06-02,819,-3.31%
2023-06-05,803,-1.95%
2023-06-06,781,-2.74%
2023-06-07,766,-1.92%
2023-06-08,747,-2.48%
2023-06-09,736,-1.47%
2023-06-12,726,-1.36%
2023-06-13,722,-0.55%
2023-06-14,729,0.97%
2023-06-15,740,1.51%
2023-06-16,748,1.08%
2023-06-19,751,0.40%
2023-06-20,759,1.07%
2023-06-21,761,0.26%
2023-06-22,751,-1.31%
2023-06-23,743,-1.07%
2023-06-26,741,-0.27%
2023-06-27,746,0.67%
2023-06-28,752,0.80%
2023-06-29,750,-0.27%
2023-06-30,749,-0.13%
2023-07-03,747,-0.27%
2023-07-04,747,0.00%
2023-07-05,737,-1.34%
2023-07-06,728,-1.22%
2023-07-07,724,-0.55%
2023-07-10,724,0.00%
2023-07-11,728,0.55%
2023-07-12,734,0.82%
2023-07-13,743,1.23%
2023-07-14,743,0.00%
2023-07-17,743,0.00%
2023-07-18,746,0.40%
2023-07-19,754,1.07%
2023-07-20,757,0.40%
2023-07-21,758,0.13%
2023-07-24,757,-0.13%
2023-07-25,753,-0.53%
2023-07-26,742,-1.46%
2023-07-27,733,-1.21%
2023-07-28,726,-0.95%
2023-07-31,719,-0.96%
2023-08-01,709,-1.39%
2023-08-02,700,-1.27%
2023-08-03,695,-0.71%
2023-08-04,688,-1.01%
2023-08-07,686,-0.29%
2023-08-08,689,0.44%
2023-08-09,696,1.02%
2023-08-10,706,1.44%
2023-08-11,728,3.12%
2023-08-14,745,2.34%
2023-08-15,772,3.62%
2023-08-16,812,5.18%
2023-08-17,859,5.79%
2023-08-18,879,2.33%
2023-08-21,900,2.39%
2023-08-22,909,1.00%
2023-08-23,910,0.11%
2023-08-24,906,-0.44%
2023-08-25,908,0.22%
2023-08-29,918,1.10%
2023-08-30,942,2.61%
2023-08-31,962,2.12%
2023-09-01,980,1.87%
2023-09-04,995,1.53%
2023-09-05,"1,008",1.31%
2023-09-06,"1,036",2.78%
2023-09-07,"1,056",1.93%
2023-09-08,"1,079",2.18%
2023-09-11,"1,099",1.85%
2023-09-12,"1,118",1.73%
2023-09-13,"1,156",3.40%
2023-09-14,"1,196",3.46%
2023-09-15,"1,221",2.09%
2023-09-18,"1,240",1.56%
2023-09-19,"1,286",3.71%
2023-09-20,"1,324",2.95%
2023-09-21,"1,350",1.96%
2023-09-22,"1,355",0.37%
2023-09-25,"1,354",-0.07%
2023-09-26,"1,339",-1.11%
2023-09-27,"1,318",-1.57%
2023-09-28,"1,294",-1.82%
2023-09-29,"1,276",-1.39%
2023-10-02,"1,263",-1.02%
2023-10-03,"1,250",-1.03%
2023-10-04,"1,244",-0.48%
2023-10-05,"1,236",-0.64%
2023-10-06,"1,233",-0.24%
2023-10-09,"1,232",-0.08%
2023-10-10,"1,250",1.46%
2023-10-11,"1,261",0.88%
2023-10-12,"1,266",0.40%
2023-10-13,"1,268",0.16%
2023-10-16,"1,269",0.08%
2023-10-17,"1,277",0.63%
2023-10-18,"1,285",0.63%
2023-10-19,"1,287",0.16%
2023-10-20,"1,287",0.00%
2023-10-23,"1,279",-0.62%
2023-10-24,"1,266",-1.02%
2023-10-25,"1,247",-1.50%
2023-10-26,"1,227",-1.60%
2023-10-27,"1,184",-3.50%
2023-10-30,"1,159",-2.11%
2023-10-31,"1,135",-2.07%
2023-11-01,"1,119",-1.41%
2023-11-02,"1,108",-0.98%
2023-11-03,"1,101",-0.63%
2023-11-06,"1,098",-0.27%
2023-11-07,"1,097",-0.09%
2023-11-08,"1,104",0.64%
2023-11-09,"1,116",1.09%
2023-11-10,"1,125",0.81%
2023-11-13,"1,127",0.18%
2023-11-14,"1,133",0.53%
2023-11-15,"1,141",0.71%
2023-11-16,"1,178",3.24%
2023-11-17,"1,205",2.29%
2023-11-20,"1,217",1.00%
2023-11-21,"1,232",1.23%
2023-11-22,"1,247",1.22%
2023-11-23,"1,265",1.44%
2023-11-24,"1,279",1.11%
2023-11-27,"1,292",1.02%
2023-11-28,"1,321",2.24%
2023-11-29,"1,360",2.95%
2023-11-30,"1,425",4.78%
2023-12-01,"1,489",4.49%
2023-12-04,"1,526",2.48%
2023-12-05,"1,565",2.56%
2023-12-06,"1,552",-0.83%
2023-12-07,"1,538",-0.90%
2023-12-08,"1,521",-1.11%
2023-12-11,"1,506",-0.99%
2023-12-12,"1,480",-1.73%
2023-12-13,"1,463",-1.15%
2023-12-14,"1,442",-1.44%
2023-12-15,"1,426",-1.11%
2023-12-18,"1,419",-0.49%
2023-12-19,"1,408",-0.78%
2023-12-20,"1,397",-0.78%
2023-12-21,"1,378",-1.36%
2023-12-22,"1,369",-0.65%
2024-01-02,"1,308",-4.46%
2024-01-03,"1,271",-2.83%
2024-01-04,"1,236",-2.75%
2024-01-05,"1,212",-1.94%
2024-01-08,"1,194",-1.49%
2024-01-09,"1,162",-2.68%
2024-01-10,"1,135",-2.32%
2024-01-11,"1,108",-2.38%
2024-01-12,"1,088",-1.81%
2024-01-15,"1,078",-0.92%
2024-01-16,"1,060",-1.67%
2024-01-17,"1,039",-1.98%
2024-01-18,"1,029",-0.96%
2024-01-19,"1,030",0.10%
2024-01-22,"1,027",-0.29%
2024-01-23,"1,033",0.58%
2024-01-24,"1,050",1.65%
2024-01-25,"1,062",1.14%
2024-01-26,"1,065",0.28%
2024-01-29,"1,065",0.00%
2024-01-30,"1,061",-0.38%
2024-01-31,"1,055",-0.57%
2024-02-01,"1,048",-0.66%
2024-02-02,"1,041",-0.67%
2024-02-05,"1,037",-0.38%
2024-02-06,"1,041",0.39%
2024-02-07,"1,047",0.58%
2024-02-08,"1,050",0.29%
2024-02-09,"1,053",0.29%
2024-02-12,"1,048",-0.47%
2024-02-13,"1,047",-0.10%
2024-02-14,"1,052",0.48%
2024-02-15,"1,058",0.57%
2024-02-16,"1,071",1.23%
2024-02-19,"1,090",1.77%
2024-02-20,"1,129",3.58%
2024-02-21,"1,154",2.21%
2024-02-22,"1,174",1.73%
2024-02-23,"1,189",1.28%
2024-02-26,"1,198",0.76%
2024-02-27,"1,220",1.84%
2024-02-28,"1,239",1.56%
2024-02-29,"1,257",1.45%
2024-03-01,"1,267",0.80%
2024-03-04,"1,282",1.18%
2024-03-05,"1,297",1.17%
2024-03-06,"1,312",1.16%
2024-03-07,"1,317",0.38%
2024-03-08,"1,318",0.08%
2024-03-11,"1,316",-0.15%
2024-03-12,"1,306",-0.76%
2024-03-13,"1,301",-0.38%
2024-03-14,"1,314",1.00%
2024-03-15,"1,326",0.91%
2024-03-18,"1,338",0.90%
2024-03-19,"1,351",0.97%
2024-03-20,"1,370",1.41%
2024-03-21,"1,379",0.66%
2024-03-22,"1,383",0.29%
2024-03-25,"1,386",0.22%
2024-03-26,"1,375",-0.79%
2024-03-27,"1,353",-1.60%
2024-03-28,"1,331",-1.63%
2024-04-02,"1,303",-2.10%
2024-04-03,"1,284",-1.46%
2024-04-04,"1,273",-0.86%
2024-04-05,"1,261",-0.94%
2024-04-08,"1,258",-0.24%
2024-04-09,"1,259",0.08%
2024-04-10,"1,260",0.08%
2024-04-11,"1,261",0.08%
2024-04-12,"1,272",0.87%
2024-04-15,"1,280",0.63%
2024-04-16,"1,311",2.42%
2024-04-17,"1,337",1.98%
2024-04-18,"1,365",2.09%
2024-04-19,"1,394",2.12%
2024-04-22,"1,410",1.15%
2024-04-23,"1,430",1.42%
2024-04-24,"1,456",1.82%
2024-04-25,"1,488",2.20%
2024-04-26,"1,495",0.47%
2024-04-29,"1,492",-0.20%
2024-04-30,"1,485",-0.47%
2024-05-01,"1,478",-0.47%
2024-05-02,"1,466",-0.81%
2024-05-03,"1,458",-0.55%
2024-05-07,"1,461",0.21%
2024-05-08,"1,477",1.10%
2024-05-09,"1,488",0.74%
2024-05-10,"1,485",-0.20%
2024-05-13,"1,485",0.00%
2024-05-14,"1,475",-0.67%
2024-05-15,"1,453",-1.49%
2024-05-16,"1,405",-3.30%
2024-05-17,"1,405",0.00%
2024-05-20,"1,372",-2.35%
2024-05-21,"1,382",0.73%
2024-05-22,"1,371",-0.80%
2024-05-23,"1,307",-4.67%
2024-05-24,"1,326",1.45%
2024-05-27,"1,292",-2.56%
2024-05-28,"1,309",1.32%
2024-05-29,"1,293",-1.22%
2024-05-30,"1,286",-0.54%
2024-05-31,"1,278",-0.62%
2024-06-03,"1,272",-0.47%
2024-06-04,"1,265",-0.55%
2024-06-05,"1,258",-0.55%
2024-06-06,"1,255",-0.24%
2024-06-07,"1,254",-0.08%
2024-06-10,"1,257",0.24%
2024-06-11,"1,271",1.11%
2024-06-13,1313,3.30%
2024-06-14,1335,1.68%
2024-06-17,1346,0.82%
2024-06-18,1362,1.19%
2024-06-19,1374,0.88%
2024-06-20,1389,1.09%
2024-06-21,1398,0.65%
2024-06-24,1405,0.50%
2024-06-25,1412,0.50%
2024-06-26,1412,0.00%
2024-06-27,1399,-0.92%
2024-06-28,1385,-1.00%
2024-07-01,1369,-1.16%
2024-07-02,1351,-1.31%
2024-07-03,1340,-0.81%
2024-07-04,1337,-0.22%
2024-07-05,1335,-0.15%
2024-07-08,1334,-0.07%
2024-07-09,1347,0.97%
2024-07-10,1353,0.45%
2024-07-11,1361,0.59%
2024-07-12,1364,0.22%
2024-07-15,1368,0.29%
2024-07-16,1366,-0.15%
2024-07-17,1370,0.29%
2024-07-18,1370,0.00%
2024-07-19,1374,0.29%
2024-07-22,1374,0.00%
2024-07-23,1380,0.44%
2024-07-24,1385,0.36%
2024-07-25,1387,0.14%
2024-07-26,1386,-0.07%
2024-07-29,1383,-0.22%
2024-07-30,1377,-0.43%
2024-07-31,1363,-1.02%
2024-08-01,1352,-0.81%
2024-08-02,1342,-0.74%
2024-08-05,1330,-0.89%
2024-08-06,1320,-0.75%
2024-08-07,1309,-0.83%
2024-08-08,1302,-0.53%
2024-08-09,1301,-0.08%
2024-08-12,1294,-0.54%
2024-08-13,1292,-0.15%
2024-08-14,1297,0.39%
2024-08-15,1300,0.23%
2024-08-16,1304,0.31%
2024-08-19,1305,0.08%
2024-08-20,1309,0.31%
2024-08-21,1310,0.08%
2024-08-22,1313,0.23%
2024-08-23,1318,0.38%
2024-08-27,1317,-0.08%
2024-08-28,1316,-0.08%
2024-08-29,1312,-0.30%
2024-08-30,1306,-0.46%
2024-09-02,1289,-1.30%
2024-09-03,1280,-0.70%
2024-09-04,1271,-0.70%
2024-09-05,1266,-0.39%
2024-09-06,1260,-0.47%
2024-09-09,1259,-0.08%
2024-09-10,1258,-0.08%
2024-09-11,1259,0.08%
2024-09-12,1263,0.32%
2024-09-13,1264,0.08%
2024-09-16,1265,0.08%
2024-09-17,1266,0.08%
2024-09-18,1270,0.32%
2024-09-19,1276,0.47%
2024-09-20,1289,1.02%
2024-09-23,1301,0.93%
2024-09-24,1312,0.85%
2024-09-25,1317,0.38%
2024-09-26,1314,-0.23%
2024-09-27,1306,-0.61%
2024-09-30,1296,-0.77%
2024-10-01,1283,-1.00%
2024-10-02,1272,-0.86%
2024-10-03,1260,-0.94%
2024-10-04,1258,-0.16%
2024-10-08,1264,0.48%
2024-10-09,1270,0.47%
2024-10-10,1274,0.31%
2024-10-14,1262,0.00%
2024-10-16,1257,-0.40%
2024-10-17,1254,-0.24%
2024-10-18,1250,-0.32%
2024-10-21,1250,0.00%
2024-10-22,1249,-0.08%
2024-10-23,1249,0.00%
2024-10-24,1245,-0.32%
2024-10-25,1240,-0.40%
2024-10-28,1234,-0.48%
2024-10-29,1221,-1.05%
2024-10-30,1207,-1.15%
2024-10-31,1182,-2.07%
2024-11-01,1163,-1.61%
2024-11-04,1154,-0.77%
2024-11-05,1136,-1.56%
2024-11-06,1118,-1.58%
2024-11-07,1098,-1.79%
2024-11-08,1079,-1.73%
2024-11-11,1064,-1.39%
2024-11-12,1051,-1.22%
2024-11-13,1036,-1.43%
2024-11-14,1029,-0.68%
2024-11-15,1019,-0.97%
2024-11-18,1009,-0.98%
2024-11-19,999,-0.99%
2024-11-20,992,-0.70%
2024-11-21,987,-0.50%
2024-11-22,984,-0.30%
2024-11-25,984,0.00%
2024-11-26,985,0.10%
2024-11-27,988,0.30%
2024-11-28,989,0.10%
2024-11-29,980,-0.91%
2024-12-02,979,-0.10%
2024-12-03,979,0.00%
2024-12-04,982,0.31%
2024-12-05,979,-0.31%
2024-12-06,974,-0.51%
2024-12-09,971,-0.31%
2024-12-10,967,-0.41%
2024-12-12,961,-0.62%
2024-12-13,959,-0.21%
2024-12-16,955,-0.42%
2024-12-19,944,-1.15%
2024-12-20,940,-0.42%
2024-12-23,932,-0.85%
2024-12-24,923,-0.97%
2025-01-02,899,-2.60%
2025-01-03,884,-1.67%
2025-01-06,867,-1.92%
2025-01-07,856,-1.27%
2025-01-08,846,-1.17%
2025-01-09,830,-1.89%
2025-01-10,819,-1.33%
2025-01-13,809,-1.22%
2025-01-14,798,-1.36%
2025-01-15,783,-1.88%
2025-01-16,765,-2.30%
2025-01-17,747,-2.35%
2025-01-20,727,-2.68%
2025-01-21,703,-3.30%
2025-01-22,674,-4.13%
2025-01-23,654,-2.97%
2025-01-24,639,-2.29%
2025-01-27,629,-1.56%
2025-01-28,619,-1.59%
2025-01-29,612,-1.13%
2025-01-30,605,-1.14%
2025-01-31,603,-0.33%
2025-02-03,602,-0.17%
2025-02-04,605,0.50%
2025-02-05,619,2.31%
2025-02-06,649,4.85%
2025-02-07,677,4.31%
2025-02-10,694,2.51%
2025-02-11,710,2.31%
2025-02-12,724,1.97%
2025-02-13,741,2.35%
2025-02-14,765,3.24%
2025-02-17,781,2.09%
2025-02-18,813,4.10%
2025-02-19,839,3.20%
2025-02-20,866,3.22%
2025-02-21,886,2.31%
2025-02-24,895,1.02%
2025-02-25,904,1.01%
2025-02-26,907,0.33%
2025-02-27,903,-0.44%
2025-02-28,895,-0.89%
2025-03-03,887,-0.89%
2025-03-04,876,-1.24%
2025-03-05,868,-0.91%
2025-03-06,864,-0.46%
2025-03-07,864,0.00%
2025-03-10,864,0.00%
2025-03-11,864,0.00%
2025-03-12,872,0.93%
2025-03-13,895,2.64%
2025-03-14,930,3.91%
2025-03-17,954,2.58%
2025-03-18,977,2.41%
2025-03-19,999,2.25%
2025-03-20,1010,1.10%
2025-03-21,1012,0.20%
2025-03-24,1013,0.10%
2025-03-25,1015,0.20%
2025-03-26,1014,-0.10%
2025-03-27,1007,-0.69%
2025-03-28,995,-1.19%
2025-03-31,988,-0.70%
2025-04-01,983,-0.51%
2025-04-02,978,-0.51%
2025-04-03,973,-0.51%
2025-04-04,971,-0.21%
2025-04-07,965,-0.62%
2025-04-08,954,-1.14%
2025-04-09,948,-0.63%
2025-04-10,941,-0.74%
2025-04-11,939,-0.21%
2025-04-14,936,-0.32%
2025-04-15,937,0.11%
2025-04-16,943,0.64%
2025-04-17,950,0.74%
2025-04-22,954,0.42%
2025-04-23,964,1.05%
2025-04-24,976,1.24%
2025-04-25,977,0.10%
2025-04-28,975,-0.20%
2025-04-29,967,-0.82%
2025-04-30,957,-1.03%
2025-05-01,956,-0.10%
2025-05-02,955,-0.10%
2025-05-06,957,0.21%
2025-05-07,961,0.42%
2025-05-08,968,0.73%
2025-05-09,969,0.10%
2025-05-12,970,0.10%
2025-05-13,977,0.72%
2025-05-14,977,0.00%
2025-05-15,975,-0.20%
2025-05-16,978,0.31%
2025-05-19,980,0.20%
2025-05-20,982,0.20%
2025-05-21,988,0.61%
2025-05-22,986,-0.20%
2025-05-23,983,-0.30%
2025-05-27,974,-0.92%
2025-05-28,964,-1.03%
2025-05-29,956,-0.83%
2025-05-30,951,-0.52%
2025-06-02,951,0.00%
2025-06-03,942,-0.95%
2025-06-04,940,-0.21%
2025-06-05,936,-0.43%
2025-06-06,933,-0.32%
2025-06-09,926,-0.75%
2025-06-10,919,-0.76%
2025-06-11,922,0.33%
2025-06-12,933,1.19%
2025-06-13,936,0.32%
2025-06-16,939,0.32%
2025-06-17,945,0.64%
2025-06-18,949,0.42%
2025-06-19,963,1.48%
2025-06-20,973,1.04%
2025-06-23,979,0.62%
2025-06-24,983,0.41%
2025-06-25,994,1.12%
2025-06-26,1000,0.60%
2025-06-27,1009,0.90%
2025-06-30,1012,0.30%
2025-07-01,1018,0.59%
2025-07-02,1031,1.28%
2025-07-03,1052,2.04%
2025-07-04,1081,2.76%
2025-07-07,1100,1.76%
2025-07-08,1125,2.27%
2025-07-09,1151,2.31%
2025-07-10,1182,2.69%
2025-07-11,1219,3.13%
2025-07-14,1244,2.05%
2025-07-15,1287,3.46%
2025-07-16,1315,2.18%
2025-07-17,1335,1.52%
2025-07-18,1346,0.82%
2025-07-21,1346,0.00%
2025-07-22,1329,-1.26%
2025-07-23,1313,-1.20%
2025-07-24,1298,-1.14%
2025-07-25,1294,-0.31%
2025-07-28,1289,-0.39%
2025-07-29,1281,-0.62%
2025-07-30,1271,-0.78%
2025-07-31,1268,-0.24%
2025-08-01,1269,0.08%
2025-08-04,1270,0.08%
2025-08-05,1279,0.71%
2025-08-06,1300,1.64%
2025-08-07,1317,1.31%
2025-08-08,1320,0.23%
2025-08-11,1325,0.38%
2025-08-12,1329,0.30%
2025-08-13,1336,0.53%
2025-08-14,1345,0.67%
2025-08-15,1353,0.59%
2025-08-18,1361,0.59%
2025-08-19,1369,0.59%
2025-08-20,1388,1.39%
2025-08-21,1405,1.22%
2025-08-22,1424,1.35%
2025-08-26,1437,0.91%
2025-08-27,1447,0.70%
2025-08-28,1461,0.97%
2025-08-29,1465,0.27%
2025-09-01,1467,0.14%
2025-09-02,1466,-0.07%
2025-09-03,1467,0.07%
2025-09-04,1461,-0.41%
2025-09-05,1456,-0.34%
2025-09-08,1464,0.55%
2025-09-09,1473,0.61%
2025-09-10,1478,0.34%
2025-09-11,1484,0.41%
2025-09-12,1492,0.54%
2025-09-15,1493,0.07%
2025-09-16,1491,-0.13%
2025-09-17,1492,0.07%
2025-09-18,1492,0.00%
2025-09-19,1489,-0.20%
2025-09-22,1486,-0.20%
2025-09-23,1486,0.00%
2025-09-24,1483,-0.20%
2025-09-25,1483,0.00%
2025-09-26,1479,-0.27%
2025-09-29,1478,-0.07%
2025-09-30,1473,-0.34%
2025-10-01,1467,-0.41%
2025-10-02,1456,-0.75%
2025-10-03,1447,-0.62%
2025-10-06,1443,-0.28%
2025-10-07,1425,-1.25%
2025-10-08,1411,-0.98%
2025-10-09,1403,-0.57%
2025-10-10,1402,-0.07%
2025-10-13,1400,-0.14%
2025-10-14,1408,0.57%
2025-10-15,1418,0.71%
2025-10-16,1422,0.28%
2025-10-17,1424,0.14%
2025-10-20,1422,-0.14%
2025-10-21,1414,-0.56%
2025-10-22,1397,-1.20%
2025-10-23,1378,-1.36%
2025-10-24,1369,-0.65%
2025-10-27,1361,-0.58%
2025-10-28,1350,-0.81%
2025-10-29,1342,-0.59%
2025-10-30,1336,-0.45%
2025-10-31,1326,-0.75%
2025-11-03,1320,-0.45%
2025-11-04,1311,-0.68%
2025-11-05,1307,-0.31%
2025-11-06,1312,0.38%
2025-11-07,1319,0.53%
2025-11-10,1327,0.61%
2025-11-11,1344,1.28%
2025-11-12,1365,1.56%
2025-11-13,1387,1.61%
2025-11-14,1408,1.51%
2025-11-17,1423,1.07%
2025-11-18,1427,0.28%
2025-11-19,1430,0.21%
2025-11-20,1435,0.35%
2025-11-21,1432,-0.21%
2025-11-24,1432,0.00%
2025-11-25,1431,-0.07%
2025-11-26,1435,0.28%
2025-11-27,1437,0.14%
2025-11-28,1441,0.28%
2025-12-01,1442,0.07%
2025-12-02,1441,-0.07%
2025-12-03,1444,0.21%
2025-12-04,1441,-0.21%
2025-12-05,1436,-0.35%
2025-12-08,1430,-0.42%
2025-12-09,1419,-0.77%
2025-12-10,1405,-0.99%
2025-12-11,1387,-1.28%
2025-12-12,1371,-1.15%
2025-12-15,1360,-0.80%
2025-12-16,1335,-1.84%
2025-12-17,1308,-2.02%
2025-12-18,1258,-3.82%
2025-12-19,1222,-2.86%
2025-12-22,1193,-2.37%
2025-12-23,1162,-2.60%
2025-12-24,1144,-1.55%
2026-01-02,1076,-5.94%
2026-01-05,1043,-3.07%
2026-01-06,1011,-3.07%
2026-01-07,993,-1.78%
2026-01-08,976,-1.71%
2026-01-09,967,-0.92%
2026-01-12,960,-0.72%
2026-01-13,952,-0.83%
2026-01-14,953,0.11%
2026-01-15,963,1.05%
2026-01-16,967,0.42%
2026-01-19,970,0.31%
2026-01-20,983,1.34%
2026-01-21,996,1.32%
2026-01-22,1019,2.31%
2026-01-23,1026,0.69%
2026-01-26,1035,0.88%
2026-01-27,1039,0.39%
2026-01-28,1048,0.87%
2026-01-29,1062,1.34%
2026-01-30,1067,0.47%
2026-02-02,1072,0.47%
2026-02-03,1083,1.03%
2026-02-04,1092,0.83%
2026-02-05,1102,0.92%
2026-02-06,1104.0,0.18%
2026-02-09,1114.0,0.91%
2026-02-10,1123.0,0.81%
2026-02-11,1140.0,1.51%
2026-02-12,1165.0,2.19%
2026-02-13,1186.0,1.80%
2026-02-16,1198.0,1.01%
2026-02-17,1194.0,-0.33%
2026-02-18,1180.0,-1.17%
2026-02-19,1160.0,-1.69%
2026-02-20,1159.0,-0.09%
2026-02-23,1179.0,1.73%
2026-02-24,1217.0,3.22%
2026-02-25,1255.0,3.12%
2026-02-26,1299.0,3.51%
2026-02-27,1338.0,3.00%
2026-03-02,1361.0,1.72%
2026-03-03,1383.0,1.62%
2026-03-04,1392.0,0.65%
2026-03-05,1392.0,0.00%
2026-03-06,1386.0,-0.43%
2026-03-09,1373.0,-0.94%
2026-03-10,1342.0,-2.26%
2026-03-11,1312.0,-2.24%
2026-03-12,1290.0,-1.68%
2026-03-13,1283.0,-0.54%
2026-03-16,1268.0,-1.17%
2026-03-17,1256.0,-0.95%
2026-03-18,1240.0,-1.27%
2026-03-19,1229.0,-0.89%
2026-03-20,1224.0,-0.41%
2026-03-23,1218.0,-0.49%
2026-03-24,1215.0,-0.25%
2026-03-25,1208.0,-0.58%
2026-03-26,1205.0,-0.25%
2026-03-27,1206.0,0.08%
2026-03-30,1203.0,-0.25%
2026-03-31,1202.0,-0.08%
2026-04-01,1209.0,0.58%
2026-04-02,1224.0,1.24%
2026-04-07,1231.0,0.57%
2026-04-08,1261.0,2.44%
2026-04-09,1293.0,2.54%
2026-04-10,1308.0,1.16%
2026-04-13,1320.0,0.92%
2026-04-14,1344.0,1.82%
2026-04-15,1371.0,2.01%
2026-04-16,1398.0,1.97%
2026-04-17,1415.0,1.22%
2026-04-20,1422.0,0.49%
2026-04-21,1443.0,1.48%
2026-04-22,1484.0,2.84%
2026-04-23,1522.0,2.56%
2026-04-24,1535.0,0.85%
2026-04-27,1540.0,0.33%
2026-04-28,1542.0,0.13%
2026-04-29,1534.0,-0.52%
2026-04-30,1525.0,-0.59%
2026-05-01,1520.0,-0.33%
2026-05-05,1508.0,-0.79%
2026-05-06,1514.0,0.40%
2026-05-07,1521.0,0.46%
2026-05-08,1522.0,0.07%
2026-05-11,1527.0,0.33%
2026-05-12,1535.0,0.52%
2026-05-13,1553.0,1.17%
2026-05-14,1558.0,0.32%
2026-05-15,1565.0,0.45%
2026-05-18,1570.0,0.32%
2026-05-19,1568.0,-0.13%
2026-05-20,1566.0,-0.13%
2026-05-21,1571.0,0.32%
2026-05-22,1567.0,-0.25%
2026-05-26,1559.0,-0.51%
2026-05-27,1562.0,0.19%
2026-05-28,1569.0,0.45%
2026-05-29,1569.0,0.00%
2026-06-01,1570.0,0.06%
2026-06-02,1577.0,0.45%
2026-06-03,1583.0,0.38%
2026-06-04,1584.0,0.06%
2026-06-05,1588.0,0.25%
2026-06-08,1596.0,0.50%
2026-06-09,1614.0,1.13%
2026-06-10,1618.0,0.25%
2026-06-11,1633.0,0.93%
2026-06-12,1642.0,0.55%
2026-06-15,1664.0,1.34%
2026-06-16,1685.0,1.26%
2026-06-17,1705.0,1.19%
2026-06-18,1714.0,0.53%
2026-06-19,1718.0,0.23%
2026-06-22,1715.0,-0.17%
2026-06-23,1705.0,-0.58%
2026-06-24,1693.0,-0.70%
2026-06-25,1678.0,-0.89%
2026-06-26,1670.0,-0.48%
2026-06-29,1668.0,-0.12%
2026-06-30,1667.0,-0.06%
2026-07-01,1673.0,0.36%
2026-07-02,1675.0,0.12%
2026-07-03,1673.0,-0.12%
2026-07-06,1675.0,0.12%
2026-07-07,1676.0,0.06%
2026-07-08,1686.0,0.60%
2026-07-09,1700.0,0.83%
2026-07-10,1706.0,0.35%
2026-07-13,1707.0,0.06%
2026-07-14,1710.0,0.18%
2026-07-15,1720.0,0.58%
2026-07-16,1730.0,0.58%
2026-07-17,1737.0,0.40%
2026-07-20,1738.0,0.06%
2026-07-21,1730.0,-0.46%
2026-07-22,1715.0,-0.87%
2026-07-23,1702.0,-0.76%
2026-07-24,1694.0,-0.47%
2026-07-27,1670.0,-1.42%
2026-07-28,1648.0,-1.32%
2026-07-29,1628.0,-1.21%
2026-07-30,1610.0,-1.11%
2026-07-31,1609.0,-0.06%
2026-08-03,1610.0,0.06%
2026-08-04,1613.0,0.19%
2026-08-05,1612.0,-0.06%
2026-08-06,1608.0,-0.25%
2026-08-07,1603.0,-0.31%
2026-08-10,1603.0,0.00%
