issue_date,report_week,size,name,dwt,built,shipbuilder,coating,price_raw,price_usd_m,group_total_mil,buyers,comments,source_file,page
2021-07-04,26,VLCC,NISSOS SANTORINI,318744,2019,"Hyundai Heavy Industries Co Ltd Ulsan, S. Korea",- Wartsila,90.0m,90.0,,Frontline,"eco, bss dely Nov '21",allied_2021_W26_ALLIED-Weekly-Market-Report_04_07_2021.pdf,6
2021-07-04,26,VLCC,NISSOS ANTIPAROS,318744,2019,"Hyundai Heavy Industries Co Ltd Ulsan, S. Korea",- Wartsila,90.0m,90.0,,,,allied_2021_W26_ALLIED-Weekly-Market-Report_04_07_2021.pdf,6
2021-07-04,26,VLCC,MARAN TRITON,318692,2003,"Hyundai Samho Heavy Industries Co Ltd - Samho,",B&W S.,29.0m,29.0,,undisclosed,"scrubber fitted, SS/DD passed",allied_2021_W26_ALLIED-Weekly-Market-Report_04_07_2021.pdf,6
2021-07-04,26,LR1,BW AMAZON,76565,2006,Dalian Shipbuilding Industry Co Ltd Dalian LN (No,- MAN-B&W 1 EPOXY,N/A,,,undisclosed,,allied_2021_W26_ALLIED-Weekly-Market-Report_04_07_2021.pdf,6
2021-07-04,26,MR NEWYANGZI,JIANGSU YZJ2015- 2201,49600,2021,"Jiangsu Newyangzi Shipbuilding Co - Jingjiang JS, China",Ltd MAN-B&W,32.8m,32.8,,Greek,"BWTS fitted, blt Feb '21",allied_2021_W26_ALLIED-Weekly-Market-Report_04_07_2021.pdf,6
2021-07-04,26,MR NEWYANGZI,JIANGSU YZJ2015- 2202,49600,2021,"Jiangsu Newyangzi Shipbuilding Co - Jingjiang JS, China",Ltd MAN-B&W,32.8m,32.8,,,"BWTS fitted, blt Apr '21",allied_2021_W26_ALLIED-Weekly-Market-Report_04_07_2021.pdf,6
2021-07-04,26,CAPE,SPRINGBANK,177066,2010,"New Times Shipbuilding Co - Jingjiang JS, China",Ltd MAN-B&W,26.5m,26.5,,Kassian Maritime,"bss dely Sep '21, BWTS fitted",allied_2021_W26_ALLIED-Weekly-Market-Report_04_07_2021.pdf,6
2021-07-04,26,POST,DOUBLE,95720,2012,Imabari Shipbuilding Co,Ltd MAN-B&W,21.25m,21.25,,undisclosed,,allied_2021_W26_ALLIED-Weekly-Market-Report_04_07_2021.pdf,6
2021-07-04,26,PMAX,LDN FORTUNA,93318,2011,"Shipbuilding Co - Jingjiang JS, China",Ltd MAN-B&W,16.0m,16.0,,Smart Gains,SS/DD due Nov '21,allied_2021_W26_ALLIED-Weekly-Market-Report_04_07_2021.pdf,6
2021-07-04,26,KMAX,YARRAWONGA,82624,2008,Tsuneishi Holdings Corp Tsuneishi Shipbuilding Co,MAN-B&W -,16.5m,16.5,,Greek,"SS/DD passed, BWTS fitted, old sale",allied_2021_W26_ALLIED-Weekly-Market-Report_04_07_2021.pdf,6
2021-07-04,26,PMAX,SEA EXPRESS,79252,2012,"COSCO (Dalian) Shipyard Co Ltd Dalian LN, China",- MAN-B&W high,18.0m,18.0,,Greek,,allied_2021_W26_ALLIED-Weekly-Market-Report_04_07_2021.pdf,6
2021-07-04,26,PMAX,CENTURION,76838,2005,"Oshima Shipbuilding Co - Saikai NS, Japan",Ltd MAN-B&W,12.5m,12.5,,undisclosed,"bss TC free forward dely arnd Mar '22, BWTS fitted",allied_2021_W26_ALLIED-Weekly-Market-Report_04_07_2021.pdf,6
2021-07-04,26,PMAX,IMPERIAL ROSE,76619,2008,"Shin Kasado Dockyard Co Ltd Kudamatsu YC,",- MAN-B&W rgn,17.9m,17.9,,Greek,bss dely Oct' 21,allied_2021_W26_ALLIED-Weekly-Market-Report_04_07_2021.pdf,6
2021-07-04,26,PMAX,QC MATILDE,76015,2002,"Tsuneishi Shipbuilding Co - Fukuyama HS,",Ltd B&W high,10.0m,10.0,,undisclosed,,allied_2021_W26_ALLIED-Weekly-Market-Report_04_07_2021.pdf,6
2021-07-04,26,PMAX,AQUAMAN,75243,2001,"Samho Heavy Industries Co Ltd Samho, S. Korea",- B&W,11.0m,11.0,,undisclosed,"BWTS fitted, SS/DD passed",allied_2021_W26_ALLIED-Weekly-Market-Report_04_07_2021.pdf,6
2021-07-04,26,UMAX,NAVIGARE BELLUS,63310,2017,Chengxi Shipyard Co Ltd - Jiangyin,4 MAN-B&W CRANES X 30t rgn,25.0m,25.0,,European,"BWTS fitted, eco M/E",allied_2021_W26_ALLIED-Weekly-Market-Report_04_07_2021.pdf,6
2021-07-04,26,UMAX,NAVIGARE BEATUS,63310,2017,JS China Chengxi Shipyard Co Ltd - Jiangyin JS China,4 MAN-B&W CRANES,X 30t each,,,,,allied_2021_W26_ALLIED-Weekly-Market-Report_04_07_2021.pdf,6
2021-07-04,26,UMAX,NAVIGARE BONITAS,63166,2014,"Zhejiang Shipbuilding Co - Fenghua ZJ, China",4 Ltd MAN-B&W CRANES X 36t rgn/high,21.0m,21.0,,European,"BWTS fitted, eco M/E",allied_2021_W26_ALLIED-Weekly-Market-Report_04_07_2021.pdf,6
2021-07-04,26,SMAX,SERENE SUSANNAH,57266,2010,STX (Dalian) Shipbuilding Co - Wafangdian,"4 Ltd MAN-B&W CRANES LN, X 30t",14.8m,14.8,,Greek,,allied_2021_W26_ALLIED-Weekly-Market-Report_04_07_2021.pdf,6
2021-07-04,26,SMAX,IMPERIAL FORTUNE,53505,2006,Imabari Shipbuilding Co - Imabari EH,"4 X Ltd MAN-B&W CRANES 30,5t",13.15m,13.15,,undisclosed,,allied_2021_W26_ALLIED-Weekly-Market-Report_04_07_2021.pdf,6
2021-07-04,26,HMAX,POLA ANISIA,46412,2006,"Oshima Shipbuilding Co - Saikai NS, Japan",4 Ltd MAN-B&W CRANES X 30t rgn/xs,11.0m,11.0,,undisclosed,7,allied_2021_W26_ALLIED-Weekly-Market-Report_04_07_2021.pdf,6
2021-07-04,26,SUB,SEOUL TRADER,,26642009,STX Offshore Shipbuilding Co,& 4 Ltd MAN-B&W,X 45t,,,,,allied_2021_W26_ALLIED-Weekly-Market-Report_04_07_2021.pdf,7
2021-07-04,26,SUB,VIRGINIA TRADER,,24902006,"HDW-Gaarden GmbH - Kiel,",3 Sulzer,X 45t N/A,,,Mount Street,,allied_2021_W26_ALLIED-Weekly-Market-Report_04_07_2021.pdf,7
2021-07-04,26,SUB,NORDATLANTIC,,24782003,Aker MTW Werft,3,X 45t,,,,,allied_2021_W26_ALLIED-Weekly-Market-Report_04_07_2021.pdf,7
2021-07-04,26,FEEDER,SAN PASLEY,,18192007,"Hyundai Mipo Dockyard Co Ltd Ulsan, S. Korea",3 - MAN-B&W CRANES,X 45t N/A,,,undisclosed,,allied_2021_W26_ALLIED-Weekly-Market-Report_04_07_2021.pdf,7
2021-07-04,26,FEEDER,MCC KYOTO,,17132008,"CSBC Corp, Taiwan Keelung, Taiwan",- 2 MAN-B&W CRANES,X 40t N/A,,,CMA CGM,,allied_2021_W26_ALLIED-Weekly-Market-Report_04_07_2021.pdf,7
2021-07-04,26,FEEDER,ILIOS,,11022006,"Qingshan Shipyard Wuhan HB, China",- 2 MAN CRANES,X 45t N/A,,,MSC,8,allied_2021_W26_ALLIED-Weekly-Market-Report_04_07_2021.pdf,7
2021-07-11,27,VLCC,OLYMPIC LEGEND,309270,2003,"Samsung Heavy Industries Co Ltd Geoje, S. Korea",- B&W rgn/xs,31.0m,31.0,,Chinese,DD freshly passed,allied_2021_W27_ALLIED-Weekly-Market-Report_11_07_2021.pdf,6
2021-07-11,27,VLCC,PHOENIX M,307151,1999,"Daewoo Heavy Industries Ltd Geoje, S. Korea",- MAN-B&W,N/A,,,Nathalin,,allied_2021_W27_ALLIED-Weekly-Market-Report_11_07_2021.pdf,6
2021-07-11,27,LR2,HHIC-PHIL 169,114000,2021,"HHIC-Phil Inc Subic, Philippines",- EPOXY,rgn $,,,U. S. A. Based,BWTS fitted,allied_2021_W27_ALLIED-Weekly-Market-Report_11_07_2021.pdf,6
2021-07-11,27,LR2,HHIC-PHIL 170,114000,2021,"HHIC-Phil Inc Subic, Philippines",- EPOXY,110.0m,110.0,,,,allied_2021_W27_ALLIED-Weekly-Market-Report_11_07_2021.pdf,6
2021-07-11,27,AFRA,OCEAN PEGASUS,108926,2009,Shanghai Waigaoqiao Shipbuilding Co,MAN-B&W Ltd EPOXY,N/A,,,undisclosed,auction sale,allied_2021_W27_ALLIED-Weekly-Market-Report_11_07_2021.pdf,6
2021-07-11,27,MR,MAERSK MARMARA,51182,2006,STX Shipbuilding Co Ltd - Changwon (Jinhae Shipyard),MAN-B&W S EPOXY,21.0m,,21.0,undisclosed,"DPP, old sale",allied_2021_W27_ALLIED-Weekly-Market-Report_11_07_2021.pdf,6
2021-07-11,27,MR,MAERSK MEDITERRANEAN,46616,2007,Hyundai Mipo Dockyard Co Ltd Ulsan S Korea,MAN-B&W - EPOXY,en bloc,,,,"CPP, old sale",allied_2021_W27_ALLIED-Weekly-Market-Report_11_07_2021.pdf,6
2021-07-11,27,MR,NAVIG8 TANZANITE,49478,2016,STX Offshore Shipbuilding Co - Changwon (Jinhae,& Ltd MAN-B&W Epoxy Phenolic,30.7m,30.7,,undisclosed,,allied_2021_W27_ALLIED-Weekly-Market-Report_11_07_2021.pdf,6
2021-07-11,27,MR,NEW BREEZE,48064,2010,"Iwagi Zosen Co Kamijima EH, Japan",Ltd - MAN-B&W EPOXY rgn,15.4m,15.4,,Greek,"BWTS fitted, uncoiled pumproom",allied_2021_W27_ALLIED-Weekly-Market-Report_11_07_2021.pdf,6
2021-07-11,27,MR,CHEMROUTE BRILLIANT,25594,2009,Shin Kurushima Dockyard Co. Ltd.,- Mitsubishi Stainless Steel,16.5m,16.5,,German,,allied_2021_W27_ALLIED-Weekly-Market-Report_11_07_2021.pdf,6
2021-07-11,27,CAPE,LEADERSHIP,171199,2001,Koyo Dockyard Ltd - Mihara Japan,"Co HS, B&W",12.5m,12.5,,Chinese,"SS/DD due Oct '21, bss dely during next 2-month period",allied_2021_W27_ALLIED-Weekly-Market-Report_11_07_2021.pdf,6
2021-07-11,27,UMAX,KMARIN ULSAN,63151,2014,Jiangsu New Hantong Ship Heavy Industry,4 MAN-B&W CRANES Co X 30t,21.0m,21.0,,Chinese,"bss dely Jan '22, BWTS fitted",allied_2021_W27_ALLIED-Weekly-Market-Report_11_07_2021.pdf,6
2021-07-11,27,SMAX,VIET THUAN 56-01,57334,2009,STX Offshore Shipbuilding Co - Changwon (Jinhae,& 4 Ltd MAN-B&W CRANES X 30t,14.2m,14.2,,undisclosed,,allied_2021_W27_ALLIED-Weekly-Market-Report_11_07_2021.pdf,6
2021-07-11,27,SMAX,LARA,56557,2008,IHI Marine United Inc - Yokohama Japan,"4 KN, Wartsila CRANES X 35t",15.3m,15.3,,Greek,BWTS fitted,allied_2021_W27_ALLIED-Weekly-Market-Report_11_07_2021.pdf,6
2021-07-11,27,SMAX CENTENARIO,FORZA,56129,2012,"Mitsui Eng. & Co. Ltd., Chiba Works - Ichihara,",SB. 4 MAN-B&W CRANES X 30t,18.5m,18.5,,undisclosed,,allied_2021_W27_ALLIED-Weekly-Market-Report_11_07_2021.pdf,6
2021-07-11,27,SMAX,BELFRI,55866,2007,"Kawasaki Shipbuilding Corp Kobe HG, Japan","4 X - MAN-B&W CRANES 30,5t rgn",15.5m,15.5,,Jinhui Shipping,,allied_2021_W27_ALLIED-Weekly-Market-Report_11_07_2021.pdf,6
2021-07-11,27,SMAX,SOPHIA K,53496,2008,Nam Trieu Shipbuilding Industry Co. Ltd.,4 MAN-B&W CRANES - X 36t,11.5m,11.5,,Greek,,allied_2021_W27_ALLIED-Weekly-Market-Report_11_07_2021.pdf,6
2021-07-11,27,HANDY,OCEAN RAINBOW,38494,2011,Minaminippon Shipbuilding Co - Usuki OT,4 Ltd MAN-B&W CRANES,X 30t N/A,,,undisclosed,"BWTS fitted, on BBHP structure",allied_2021_W27_ALLIED-Weekly-Market-Report_11_07_2021.pdf,6
2021-07-11,27,HANDY,DRY BEAM NEO,38180,2019,"Shin Kochi Jyuko K.K. - Kochi, Japan",4 MAN-B&W CRANES X 30t rgn/xs,25.5m,25.5,,Nova Marine,"BWTS fitted, eco M/E, log fitted",allied_2021_W27_ALLIED-Weekly-Market-Report_11_07_2021.pdf,6
2021-07-11,27,HANDY,CIELO DI CAPALBIO,36699,2012,"Hyundai Mipo Dockyard Co Ltd Ulsan, S. Korea",4 - MAN-B&W CRANES X 36t rgn,15.7m,15.7,,undisclosed,"tier II, SS/DD due Mar '22",allied_2021_W27_ALLIED-Weekly-Market-Report_11_07_2021.pdf,6
2021-07-11,27,HANDY,MING YUAN,33002,2010,Taizhou Haibin Shipbuilding Repairing Co Ltd,"4 X & MAN-B&W CRANES - 30,5t",11.0m,11.0,,Greek,bss prompt dely,allied_2021_W27_ALLIED-Weekly-Market-Report_11_07_2021.pdf,6
2021-07-11,27,HANDY,GREAT RESOURCE,31776,2010,Guangzhou Huangpu Shipbuilding Co,4 MAN-B&W CRANES Ltd X 30t,12.6m,12.6,,Greek,"SS/DD passed, BWTS fitted 7",allied_2021_W27_ALLIED-Weekly-Market-Report_11_07_2021.pdf,6
2021-07-11,27,PMAX,HARMONY N,,28242006,"Dockyard Co Ltd Ulsan, S. Korea",- MAN-B&W,29.1m,29.1,,MSC,fitted 8,allied_2021_W27_ALLIED-Weekly-Market-Report_11_07_2021.pdf,7
2021-07-18,28,VLCC,TAKAHASHI,314020,2007,Nantong COSCO KHI Ship Engineering Co,MAN-B&W Ltd,34.4m,34.4,,Greek - NGM,bss prompt dely,allied_2021_W28_ALLIED-Weekly-Market-Report_18_07_2021.pdf,6
2021-07-18,28,SUEZ,VLADIMIR VELIKIY,159990,2002,"Samho Heavy Industries Co Ltd Samho, S. Korea",- B&W EPOXY,16.2m,16.2,,undisclosed,SS/DD due Jan '22,allied_2021_W28_ALLIED-Weekly-Market-Report_18_07_2021.pdf,6
2021-07-18,28,AFRA,PINK STARS,115592,2010,"Samsung Heavy Industries Co Ltd Geoje, S. Korea",- MAN-B&W EPOXY,25.3m,25.3,,Greek,"BB back to sellers at USD$10,000/day",allied_2021_W28_ALLIED-Weekly-Market-Report_18_07_2021.pdf,6
2021-07-18,28,AFRA,AQUAMARINE,99990,2002,"Onomichi Dockyard Co Ltd - Onomichi HS, Japan",MAN-B&W EPOXY,9.7m,9.7,,Taiwanese,,allied_2021_W28_ALLIED-Weekly-Market-Report_18_07_2021.pdf,6
2021-07-18,28,MR,FS SINCERITY,48045,2009,"Iwagi Zosen Co Kamijima EH, Japan",Ltd - MAN-B&W EPOXY,14.0m,14.0,,Greek,,allied_2021_W28_ALLIED-Weekly-Market-Report_18_07_2021.pdf,6
2021-07-18,28,MR,GOLD OCEAN,37320,2007,"STX Shipbuilding Co Ltd - Changwon (Jinhae Shipyard),",MAN-B&W S. EPOXY,8.8m,8.8,,undisclosed,,allied_2021_W28_ALLIED-Weekly-Market-Report_18_07_2021.pdf,6
2021-07-18,28,CHEM,BEECH GALAXY,19998,2007,"Ltd - Usuki OT, Japan",MAN-B&W Steel,11.0m,11.0,,undisclosed,,allied_2021_W28_ALLIED-Weekly-Market-Report_18_07_2021.pdf,6
2021-07-18,28,CHEM,LIME GALAXY,19992,2008,"Ltd - Usuki OT, Japan",MAN-B&W Steel,12.0m,12.0,,undisclosed,,allied_2021_W28_ALLIED-Weekly-Market-Report_18_07_2021.pdf,6
2021-07-18,28,CHEM,MANHATTAN,19807,2006,"Shipbuilding Co - Hachinohe, Japan",Ltd Mitsubishi Steel,11.5m,11.5,,Management (Shanghai) Ltd,,allied_2021_W28_ALLIED-Weekly-Market-Report_18_07_2021.pdf,6
2021-07-18,28,CAPE,BULK DENMARK,181360,2010,Koyo Dockyard Ltd - Mihara Japan,"Co HS, MAN-B&W",30.5m,30.5,,Greek - Thenamaris,BWTS & scrubber fitted,allied_2021_W28_ALLIED-Weekly-Market-Report_18_07_2021.pdf,6
2021-07-18,28,POST,LOWLANDS GREEN,95695,2011,Imabari Shipbuilding Co,Ltd MAN-B&W,21.0m,21.0,,Greek - Polembros,BWTS fitted,allied_2021_W28_ALLIED-Weekly-Market-Report_18_07_2021.pdf,6
2021-07-18,28,PMAX,MAGNOLIA,82165,2011,"Tsuneishi Shipbuilding Co - Fukuyama HS,",Ltd MAN-B&W,22.0m,22.0,,Greek - Diana,"BWTS fitted, basis forward delivery in March 2022",allied_2021_W28_ALLIED-Weekly-Market-Report_18_07_2021.pdf,6
2021-07-18,28,PMAX,OCEAN OPAL,81166,2012,"New Century Shipbuilding Co - Jingjiang JS, China",4 Ltd MAN-B&W CRANES X 35t,19.0m,19.0,,undisclosed,,allied_2021_W28_ALLIED-Weekly-Market-Report_18_07_2021.pdf,6
2021-07-18,28,PMAX,NAVIOS MARCO POLO,80647,2011,"Universal Shipbuilding Corp Maizuru KY, Japan",- MAN-B&W,22.3m,22.3,,Far Eastern,"BWTS fitted, bss dely Oct '21 at Japan - Singapore range, SS/DD passed",allied_2021_W28_ALLIED-Weekly-Market-Report_18_07_2021.pdf,6
2021-07-18,28,PMAX,NAVIOS AZALEA,74759,2005,Hudong-Zhonghua Shipbuilding (Group) Co Ltd,MAN-B&W -,13.0m,13.0,,undisclosed,,allied_2021_W28_ALLIED-Weekly-Market-Report_18_07_2021.pdf,6
2021-07-18,28,PMAX,XING BAO,72080,1997,"Hitachi Zosen Corp Maizuru KY, Japan",- B&W,8.3m,8.3,,Chinese,,allied_2021_W28_ALLIED-Weekly-Market-Report_18_07_2021.pdf,6
2021-07-18,28,PMAX,BELISLAND,61252,2016,"Shin Kasado Dockyard Co Ltd Kudamatsu YC,",4 X - MAN-B&W CRANES,"30,5t N/A",,,undisclosed,,allied_2021_W28_ALLIED-Weekly-Market-Report_18_07_2021.pdf,6
2021-07-18,28,SMAX,BULK COSTA RICA,58758,2012,Nantong COSCO KHI Ship Engineering Co,"4 X MAN-B&W CRANES Ltd 30,5t High",18m,18.0,,undisclosed,,allied_2021_W28_ALLIED-Weekly-Market-Report_18_07_2021.pdf,6
2021-07-18,28,SMAX,NORD TRUST,55693,2009,"Mitsui Eng. & Co. Ltd. - Tamano, Japan",SB. 4 MAN-B&W CRANES X 30t,16.0m,16.0,,undisclosed,,allied_2021_W28_ALLIED-Weekly-Market-Report_18_07_2021.pdf,6
2021-07-18,28,SMAX,KEN SEA,53491,2009,"Iwagi Zosen Co Kamijima EH, Japan","Ltd - 4 X MAN-B&W CRANES 30,5t",15.5m,15.5,,undisclosed,,allied_2021_W28_ALLIED-Weekly-Market-Report_18_07_2021.pdf,6
2021-07-18,28,SMAX,VALOVINE,52000,2016,"Uljanik' Brodogradiliste Pula, Croatia",4 dd - MAN-B&W CRANES X 30t Region,16m,16.0,,Croatian,,allied_2021_W28_ALLIED-Weekly-Market-Report_18_07_2021.pdf,6
2021-07-18,28,SMAX,PUNTA,52000,2013,"Uljanik' Brodogradiliste Pula, Croatia",4 dd - MAN-B&W CRANES X 30t Mid,14m,14.0,,Croatian,7,allied_2021_W28_ALLIED-Weekly-Market-Report_18_07_2021.pdf,6
2021-07-18,28,HANDY,KING RICE,28250,2012,"I-S Shipyard Co Imabari EH, Japan","Ltd - 4 X MAN-B&W CRANES 30,5t",12.8m,12.8,,Hong Kong based Taylor Maritime,-,allied_2021_W28_ALLIED-Weekly-Market-Report_18_07_2021.pdf,7
2021-07-18,28,HANDY,LUCKY LIFE,28197,2013,Imabari Shipbuilding Co - Imabari EH,"4 X Ltd MAN-B&W CRANES 30,5t Low/mid",14.0m,14.0,,undisclosed,bss later delivery,allied_2021_W28_ALLIED-Weekly-Market-Report_18_07_2021.pdf,7
2021-07-18,28,SMALL,OLZA,17107,2012,"Taizhou Sanfu Engineering Co Taizhou JS, China",Ship 3 Ltd - MAN-B&W CRANES X 30t,7.2m,7.2,,German,,allied_2021_W28_ALLIED-Weekly-Market-Report_18_07_2021.pdf,7
2021-07-18,28,SMALL,ADALINE,12259,2001,Shin Kurushima Dockyard Co. Ltd.,3 - Mitsubishi CRANES X 30t,3.5m,3.5,,Turkish,"SS/DD due, old sale",allied_2021_W28_ALLIED-Weekly-Market-Report_18_07_2021.pdf,7
2021-07-18,28,SUB,BALAO,,25502013,Jiangsu Newyangzi Shipbuilding Co,3 Ltd Wartsila,X 45t,,,,,allied_2021_W28_ALLIED-Weekly-Market-Report_18_07_2021.pdf,7
2021-07-18,28,PMAX,BALLENITA,,25502013,"Shipbuilding Co - Jingjiang JS, China",Ltd Wartsila CRANES,120m,120.0,,undisclosed,,allied_2021_W28_ALLIED-Weekly-Market-Report_18_07_2021.pdf,7
2021-07-18,28,SUB,BALSA,,25502013,Jiangsu Newyangzi Shipbuilding Co,3 Ltd Wartsila,en-bloc X 45t,,,,,allied_2021_W28_ALLIED-Weekly-Market-Report_18_07_2021.pdf,7
2021-07-18,28,SUB,JULIUS SCHULTE,,25462014,Jiangsu Newyangzi Shipbuilding Co,3 Ltd MAN-B&W,X 45t,,,,,allied_2021_W28_ALLIED-Weekly-Market-Report_18_07_2021.pdf,7
2021-07-25,29,SUEZ,SCF URAL,159314,2002,"Hyundai Heavy Industries Co Ltd Ulsan, S. Korea",- MAN-B&W,16.4m,16.4,,Far Eastern,,allied_2021_W29_ALLIED-Weekly-Market-Report_25_07_2021.pdf,6
2021-07-25,29,SUEZ,SCF CAUCASUS,159173,2002,"Hyundai Heavy Industries Co Ltd Ulsan, S. Korea",- MAN-B&W,16.4m,16.4,,Far Eastern,BWTS fitted,allied_2021_W29_ALLIED-Weekly-Market-Report_25_07_2021.pdf,6
2021-07-25,29,LR1,SUPER LOTUS,70426,2004,"Universal Shipbuilding Corp Maizuru KY, Japan",- B&W EPOXY,7.8m,7.8,,Far Eastern,uncoiled,allied_2021_W29_ALLIED-Weekly-Market-Report_25_07_2021.pdf,6
2021-07-25,29,PROD/,PRIME SOUTH,12886,2009,STX Offshore Shipbuilding Co,& Ltd MAN-B&W EPOXY,4.3m,4.3,,Taiwanese,auction sale,allied_2021_W29_ALLIED-Weekly-Market-Report_25_07_2021.pdf,6
2021-07-25,29,PMAX,ELINDA MARE,79648,2010,"New Century Shipbuilding Co - Jingjiang JS, China",Ltd MAN-B&W high,18.0m,18.0,,undisclosed,bss dely Oct '21,allied_2021_W29_ALLIED-Weekly-Market-Report_25_07_2021.pdf,6
2021-07-25,29,UMAX,KOMI,63628,2015,"COSCO (Zhoushan) Shipyard Co Ltd Zhoushan ZJ, China",4 - MAN-B&W CRANES X 30t,25.2m,25.2,,Greek,bss dely Sep '21 with TC attached until Nov '21,allied_2021_W29_ALLIED-Weekly-Market-Report_25_07_2021.pdf,6
2021-07-25,29,UMAX,NORD HUDSON,61617,2014,Nantong COSCO KHI Ship Engineering Co,4 MAN-B&W CRANES Ltd X 30t rgn/xs,24.0m,24.0,,European,bss dely Nov '21,allied_2021_W29_ALLIED-Weekly-Market-Report_25_07_2021.pdf,6
2021-07-25,29,UMAX,NEW ASPIRATION,61448,2011,"Iwagi Zosen Co Kamijima EH, Japan","Ltd - 4 X MAN-B&W CRANES 30,7t rgn",21.0m,21.0,,Greek,"bss dely Sep/Oct '21 & SS/DD due, BWTS fitted",allied_2021_W29_ALLIED-Weekly-Market-Report_25_07_2021.pdf,6
2021-07-25,29,HMAX,SIDER FAIOCH,40800,2015,Jiangsu Hantong Ship Heavy Industry Co Ltd,4 MAN-B&W CRANES - X 30t,21.2m,21.2,,European,bss dely Med Sep '21,allied_2021_W29_ALLIED-Weekly-Market-Report_25_07_2021.pdf,6
2021-07-25,29,HANDY,TS JASMINE,38860,2018,Shanhaiguan Shipbuilding Industry Co Ltd,4 Wartsila CRANES - X 30t rgn/high,19.0m,19.0,,Chinese,,allied_2021_W29_ALLIED-Weekly-Market-Report_25_07_2021.pdf,6
2021-07-25,29,HANDY,ULTRA CALBUCO,37981,2017,"I-S Shipyard Co Imabari EH, Japan","Ltd - 4 X MAN-B&W CRANES 30,7t",23.1m,23.1,,Chellaram Shipping,bss dely Dec '21,allied_2021_W29_ALLIED-Weekly-Market-Report_25_07_2021.pdf,6
2021-07-25,29,HANDY,NORDIC INCHEON,36000,2018,"Samjin Shipbuilding Industries Co Weihai SD, China","CR Ltd - MAN-B&W CR 4x35 T, 4x30 T",20.5m,20.5,,undisclosed,,allied_2021_W29_ALLIED-Weekly-Market-Report_25_07_2021.pdf,6
2021-07-25,29,HANDY,MS CHARM,32449,2010,"Zhejiang Hongxin Shipbuilding Co - Taizhou ZJ, China",4 Ltd MAN-B&W CRANES X 30t,12.5m,12.5,,undisclosed,BWTS fitted,allied_2021_W29_ALLIED-Weekly-Market-Report_25_07_2021.pdf,6
2021-07-25,29,HANDY,GEKI STAR,28352,2008,Shimanami Shipyard Co Ltd - Imabari Japan,"4 X EH, MAN-B&W CRANES 30,5t",10.55m,10.55,,Turkish,bss dely Turkey Aug/Sep '21,allied_2021_W29_ALLIED-Weekly-Market-Report_25_07_2021.pdf,6
2021-07-25,29,HANDY GLORIOUS,SAWARA,28339,2009,"I-S Shipyard Co Imabari EH, Japan","Ltd - 4 X MAN-B&W CRANES 30,5t",11.0m,11.0,,undisclosed,7,allied_2021_W29_ALLIED-Weekly-Market-Report_25_07_2021.pdf,6
2021-07-25,29,POST,NORTHERN JULIE,,88142005,Daewoo Shipbuilding,& MAN-B&W,85.0m,85.0,,,,allied_2021_W29_ALLIED-Weekly-Market-Report_25_07_2021.pdf,7
2021-07-25,29,POST,NORTHERN JADE,,88142005,Daewoo Shipbuilding,& MAN-B&W,85.0m,85.0,,,,allied_2021_W29_ALLIED-Weekly-Market-Report_25_07_2021.pdf,7
2021-08-01,30,VLCC,TSURUGA,309960,2009,Imabari Shipbuilding Co - Saijo EH (Saijo,Ltd MAN-B&W,39.8m,39.8,,Greek,,allied_2021_W30_ALLIED-Weekly-Market-Report_01_08_2021.pdf,6
2021-08-01,30,AFRA,GOVERNOR FARKHUTDINOV,109295,2004,"Brodosplit Brodogradiliste - Split, Croatia",- doo B&W EPOXY,14.0m,14.0,,undisclosed,,allied_2021_W30_ALLIED-Weekly-Market-Report_01_08_2021.pdf,6
2021-08-01,30,AFRA,SARPEN,105656,2002,Daewoo Shipbuilding Marine Engineering,& B&W,12.2m,12.2,,Chinese,,allied_2021_W30_ALLIED-Weekly-Market-Report_01_08_2021.pdf,6
2021-08-01,30,LR1,DESPINA,72247,2006,Hudong-Zhonghua Shipbuilding (Group) Co Ltd,MAN-B&W - EPOXY Mid,8.0m,8.0,,German - Chemikalien Seetransport GmbH,SS/DD due,allied_2021_W30_ALLIED-Weekly-Market-Report_01_08_2021.pdf,6
2021-08-01,30,MR,ANGEL 62,47410,2009,"Onomichi Dockyard Co Ltd - Onomichi HS, Japan",MAN-B&W EPOXY,N/A,,,Greek,,allied_2021_W30_ALLIED-Weekly-Market-Report_01_08_2021.pdf,6
2021-08-01,30,MR,GRAND ACE2,46185,2006,STX Shipbuilding Co Ltd - Changwon,MAN-B&W EPOXY PHEN,9.3m,9.3,,Greek - AERIO SHIPMANAGEMENT,"SS/DD passed, BWTS fitted",allied_2021_W30_ALLIED-Weekly-Market-Report_01_08_2021.pdf,6
2021-08-01,30,VLOC HARK,OLDENDORFF,209325,2016,"Jiangsu Newyangzi Shipbuilding Co - Jingjiang JS, China",Ltd MAN-B&W,45.0m,45.0,,U. S. A. Based - JP Morgan,Delivery Jan '22,allied_2021_W30_ALLIED-Weekly-Market-Report_01_08_2021.pdf,6
2021-08-01,30,CAPE,STELLA LUCY,179667,2015,Qingdao Beihai Shipbuilding Heavy Industry Co Ltd,MAN-B&W -,38.0m,38.0,,undisclosed,Index linked min Nov '21- max Jun '22 T/C included,allied_2021_W30_ALLIED-Weekly-Market-Report_01_08_2021.pdf,6
2021-08-01,30,CAPE,STELLA LAURA,179549,2015,Qingdao Beihai Shipbuilding Heavy Industry Co Ltd,MAN-B&W -,36.5m,36.5,,undisclosed,Fixed rate min Feb '22- max Jun '22 T/C included,allied_2021_W30_ALLIED-Weekly-Market-Report_01_08_2021.pdf,6
2021-08-01,30,PMAX,HARVEST SKY,95717,2013,Shipbuilding Co - Marugame,Ltd MAN-B&W KG,23.0m,23.0,,Greek,Delivery Q4-2021,allied_2021_W30_ALLIED-Weekly-Market-Report_01_08_2021.pdf,6
2021-08-01,30,POST,DYNA CAMELLIA,91569,2007,Imabari Shipbuilding Co,Ltd Mitsubishi,Mid $,,,Chinese,"Delivery Oct '21, BWTS",allied_2021_W30_ALLIED-Weekly-Market-Report_01_08_2021.pdf,6
2021-08-01,30,PMAX,AM EXPRESS,82245,2010,"Tsuneishi Heavy Industries (Cebu) Inc - Balamban,",MAN-B&W rgn/xs,21.0m,21.0,,undisclosed,,allied_2021_W30_ALLIED-Weekly-Market-Report_01_08_2021.pdf,6
2021-08-01,30,PMAX,OCEAN PHOENIX TREE,62623,2017,"Oshima Shipbuilding Co - Saikai NS, Japan",4 Ltd MAN-B&W CRANES X 30t,29.5m,29.5,,undisclosed,BWTS fitted,allied_2021_W30_ALLIED-Weekly-Market-Report_01_08_2021.pdf,6
2021-08-01,30,PMAX,CALICO JACK,61305,2015,"I-S Shipyard Co Imabari EH, Japan","Ltd - 4 X MAN-B&W CRANES 30,7t",55.0m,55.0,,,"T/C until 8/2022 included,",allied_2021_W30_ALLIED-Weekly-Market-Report_01_08_2021.pdf,6
2021-08-01,30,PMAX,PHOENIX RISING,60417,2015,"Mitsui Eng. & Co. Ltd., Chiba Works - Ichihara, Japan",SB. 4 MAN-B&W CRANES,en bloc X 30t,,,Greek,BWTS fitted,allied_2021_W30_ALLIED-Weekly-Market-Report_01_08_2021.pdf,6
2021-08-01,30,SMAX,DORY,55705,2010,IHI Marine United Inc - Yokohama Japan,"4 KN, Wartsila CRANES X 35t",17.5m,17.5,,undisclosed,"SS/DD passsed, BWTS fitted, Wartsila M/E",allied_2021_W30_ALLIED-Weekly-Market-Report_01_08_2021.pdf,6
2021-08-01,30,SMAX,GENCO PROVENCE,55317,2004,Nantong COSCO KHI Ship Engineering Co,4 MAN-B&W CRANES Ltd X 30t,13.3m,13.3,,Turkish,BWTS fitted,allied_2021_W30_ALLIED-Weekly-Market-Report_01_08_2021.pdf,6
2021-08-01,30,HANDY,YUNNAN,34398,2015,"Namura Shipbuilding Co - Imari SG, Japan",4 Ltd MAN-B&W CRANES X 30t,16.0m,16.0,,undisclosed,"T/C US$ 9,500/day until Dec '22 included",allied_2021_W30_ALLIED-Weekly-Market-Report_01_08_2021.pdf,6
2021-08-01,30,HANDY,GREAT REWARD,31785,2011,Guangzhou Huangpu Shipbuilding Co,4 MAN-B&W CRANES Ltd X 30t,13.2m,13.2,,Chinese,BWTS fitted 7,allied_2021_W30_ALLIED-Weekly-Market-Report_01_08_2021.pdf,6
2021-08-01,30,PMAX,MAINE TRADER,,49922004,Hanjin Heavy Industries & Construction Co,B&W Ltd,54.0m,54.0,,undisclosed,,allied_2021_W30_ALLIED-Weekly-Market-Report_01_08_2021.pdf,7
2021-08-01,30,PMAX,CAPE MAHON,,27422007,"GmbH - Wismar, Germany",MAN-B&W,38.0m,38.0,,Ltd,,allied_2021_W30_ALLIED-Weekly-Market-Report_01_08_2021.pdf,7
2021-08-01,30,PMAX,COSMOS,,26022006,"Co Ltd - Changwon (Jinhae Shipyard),",MAN-B&W CRANES S.,33.0m,33.0,,Italian - MSC,DD due,allied_2021_W30_ALLIED-Weekly-Market-Report_01_08_2021.pdf,7
2021-08-01,30,FEEDER JENNIFER,SCHEPERS,,17942009,"Taizhou Kouan Shipbuilding Co - Taizhou JS, China",2 Ltd MAN-B&W CRANES X 40t,21.0m,21.0,,Italian - MSC,,allied_2021_W30_ALLIED-Weekly-Market-Report_01_08_2021.pdf,7
2021-08-01,30,FEEDER,ANASSA,,17402006,Guangzhou Wenchong Shipyard Co Ltd - Guangzhou,2 MAN-B&W CRANES X 40t Region,20.0m,20.0,,French - CMA CGM,,allied_2021_W30_ALLIED-Weekly-Market-Report_01_08_2021.pdf,7
2021-08-01,30,FEEDER,JJ SKY,,11182006,"Yangzhou Dayang Shipbuilding Co - Yangzhou JS,",Ltd MAN,15.0m,15.0,,undisclosed,8,allied_2021_W30_ALLIED-Weekly-Market-Report_01_08_2021.pdf,7
2021-08-08,31,AFRA,ST. HELEN,105661,2002,"Samho Heavy Industries Co Ltd Samho, S. Korea",- B&W,12.5m,12.5,,Chinese,,allied_2021_W31_ALLIED-Weekly-Market-Report_08_08_2021-1.pdf,6
2021-08-08,31,MR,DEE4 BIRCH,53712,2006,"Shin Kurushima Dockyard Co. Ltd. Onishi, Japan",Mitsubishi - EPOXY rgn/xs,12.0m,12.0,,Ridgebury Tankers,BWTS fitted,allied_2021_W31_ALLIED-Weekly-Market-Report_08_08_2021-1.pdf,6
2021-08-08,31,MR,DEE4 ACACIA,53688,2006,Shin Kurushima Dockyard Co. Ltd.,Mitsubishi - EPOXY,each,,,,,allied_2021_W31_ALLIED-Weekly-Market-Report_08_08_2021-1.pdf,6
2021-08-08,31,PROD/,NIPAYIA,19997,2009,"Onishi, Japan Sekwang Heavy Industries Co Ltd",- MAN-B&W Siloxirane (MarineLI,15.75m,15.75,,undisclosed,,allied_2021_W31_ALLIED-Weekly-Market-Report_08_08_2021-1.pdf,6
2021-08-08,31,CAPE,AQUA SPLENDOR,175589,2012,Jinhai Heavy Industry Co Ltd Daishan County,"- MAN-B&W ZJ,",27.5m,27.5,,undisclosed,,allied_2021_W31_ALLIED-Weekly-Market-Report_08_08_2021-1.pdf,6
2021-08-08,31,UMAX LOWLANDS,BEACON,61400,2011,"Iwagi Zosen Co Kamijima EH, Japan","Ltd - 4 X MAN-B&W CRANES 30,7t rgn",21.0m,21.0,,Vietnamese,,allied_2021_W31_ALLIED-Weekly-Market-Report_08_08_2021-1.pdf,6
2021-08-08,31,SMAX,ADITYA,55496,2008,"Oshima Shipbuilding Co - Saikai NS, Japan",4 Ltd MAN-B&W CRANES X 30t rgn,16.5m,16.5,,undisclosed,bss dely Sep-Oct '21,allied_2021_W31_ALLIED-Weekly-Market-Report_08_08_2021-1.pdf,6
2021-08-08,31,SMAX,HELENA,50206,2002,"Mitsui Eng. & Co. Ltd., Chiba Works - Ichihara,",SB. 4 MAN-B&W CRANES X 30t rgn/high,9.0m,9.0,,Chinese,bss TC free dely Dec '21 - Spore-Japan range,allied_2021_W31_ALLIED-Weekly-Market-Report_08_08_2021-1.pdf,6
2021-08-08,31,HANDY,OCEAN MERCURY,37196,2012,"Hyundai Mipo Dockyard Co Ltd Ulsan, S. Korea",4 - MAN-B&W CRANES X 30t rgn/mid,13.0m,13.0,,undisclosed,incl TC atached to Oldendorff at US$ 9k/day until May '22,allied_2021_W31_ALLIED-Weekly-Market-Report_08_08_2021-1.pdf,6
2021-08-08,31,HANDY,SAKURA KOBE,33735,2011,"Shin Kochi Jyuko K.K. - Kochi, Japan",4 Mitsubishi CRANES X 30t rgn,16.2m,16.2,,undisclosed,"SS/DD passed, BWTS fitted",allied_2021_W31_ALLIED-Weekly-Market-Report_08_08_2021-1.pdf,6
2021-08-08,31,SMALL,SEXTA,18367,2000,INP Heavy Industries Co Ltd,"3 - B&W CRANES, X 30t 1",3.9m,3.9,,undisclosed,auction sale,allied_2021_W31_ALLIED-Weekly-Market-Report_08_08_2021-1.pdf,6
2021-08-08,31,Cargo,CSC RUI HAI,12497,2012,"Yichang HB, China","Daihatsu CRANES,2 X 25t",6.3m,6.3,,Chinese,,allied_2021_W31_ALLIED-Weekly-Market-Report_08_08_2021-1.pdf,6
2021-08-08,31,Cargo,CSC XIN HAI,12479,2012,"Yichang HB, China","MAN-B&W CRANES,2 X 25t",6.3m,6.3,,,,allied_2021_W31_ALLIED-Weekly-Market-Report_08_08_2021-1.pdf,6
2021-08-08,31,LPG,YURICOSMOS,49999,2010,"Mitsubishi Heavy Industries Ltd. Nagasaki, Japan","- Mitsubishi 77,330",N/A,,,BW LPG,declaration of purchase option 7,allied_2021_W31_ALLIED-Weekly-Market-Report_08_08_2021-1.pdf,6
2021-08-22,32,VLCC,KATSURAGISAN,311620,2005,"Kawasaki Shipbuilding Corp Sakaide KG, Japan",- MAN-B&W rgn,30.0m,30.0,,undisclosed,,allied_2021_W32_ALLIED-Weekly-Market-Report_22_08_2021_compressed.pdf,6
2021-08-22,32,VLCC,PAEONY,281050,1999,Ishikawajima- Harima Heavy Industries Co,Sulzer Ltd,25.0m,25.0,,undisclosed,,allied_2021_W32_ALLIED-Weekly-Market-Report_22_08_2021_compressed.pdf,6
2021-08-22,32,AFRA,SEAFALCON,112661,2002,"Samho Heavy Industries Co Ltd Samho, S. Korea",- B&W,13.5m,13.5,,Chinese,,allied_2021_W32_ALLIED-Weekly-Market-Report_22_08_2021_compressed.pdf,6
2021-08-22,32,AFRA,JAG LATA,105716,2003,"Hyundai Samho Heavy Industries Co Ltd - Samho,",B&W S. rgn,13.5m,13.5,,Far Eastern,,allied_2021_W32_ALLIED-Weekly-Market-Report_22_08_2021_compressed.pdf,6
2021-08-22,32,LR1,CABO KAMUI,74214,2016,Sungdong Shipbuilding Marine Engineering Co Ltd -,& MAN-B&W EPOXY,31.5m,31.5,,Ultratank,"declaration of Purchase Option, BWTS fitted, bss",allied_2021_W32_ALLIED-Weekly-Market-Report_22_08_2021_compressed.pdf,6
2021-08-22,32,LR1,CABO MISAKI,74177,2017,Sungdong Shipbuilding Marine Engineering,& MAN-B&W EPOXY,31.5m,31.5,,,SS/DD due,allied_2021_W32_ALLIED-Weekly-Market-Report_22_08_2021_compressed.pdf,6
2021-08-22,32,PMAX,SEAWAYS JADEMAR,69708,2002,Co Ltd - Daewoo Shipbuilding Marine Engineering,B&W & EPOXY,,,,,,allied_2021_W32_ALLIED-Weekly-Market-Report_22_08_2021_compressed.pdf,6
2021-08-22,32,PMAX SEAWAYS,GOLDMAR,69684,2002,Daewoo Shipbuilding Marine Engineering,B&W &,N/A,,,Middle Eastern,,allied_2021_W32_ALLIED-Weekly-Market-Report_22_08_2021_compressed.pdf,6
2021-08-22,32,PMAX,SEAWAYS HELLAS,69636,2003,Daewoo Shipbuilding Marine Engineering,B&W & EPOXY,,,,,,allied_2021_W32_ALLIED-Weekly-Market-Report_22_08_2021_compressed.pdf,6
2021-08-22,32,PMAX SEAWAYS,RUBYMAR,69599,2002,Daewoo Shipbuilding Marine Engineering,B&W &,,,,,,allied_2021_W32_ALLIED-Weekly-Market-Report_22_08_2021_compressed.pdf,6
2021-08-22,32,MR,ATLANTIC GEMINI,49999,2008,"Hyundai Mipo Dockyard Co Ltd Ulsan, S. Korea",MAN-B&W - EPOXY,,,,,,allied_2021_W32_ALLIED-Weekly-Market-Report_22_08_2021_compressed.pdf,6
2021-08-22,32,MR,ASSOS,47872,2006,"Hyundai Mipo Dockyard Co Ltd Ulsan, S. Korea",MAN-B&W - Epoxy Phenolic,,,,,,allied_2021_W32_ALLIED-Weekly-Market-Report_22_08_2021_compressed.pdf,6
2021-08-22,32,MR,ANEMOS I,47823,2007,"Hyundai Mipo Dockyard Co Ltd Ulsan, S. Korea",MAN-B&W - Epoxy Phenolic rgn en,61.0m,61.0,,Ridgebury Tankers,,allied_2021_W32_ALLIED-Weekly-Market-Report_22_08_2021_compressed.pdf,6
2021-08-22,32,MR,AKERAIOS,47782,2007,"Hyundai Mipo Dockyard Co Ltd Ulsan, S. Korea",MAN-B&W - Epoxy Phenolic,bloc,,,,,allied_2021_W32_ALLIED-Weekly-Market-Report_22_08_2021_compressed.pdf,6
2021-08-22,32,MR,ATLANTIC BREEZE,47128,2007,"Hyundai Mipo Dockyard Co Ltd Ulsan, S. Korea",MAN-B&W - EPOXY,,,,,,allied_2021_W32_ALLIED-Weekly-Market-Report_22_08_2021_compressed.pdf,6
2021-08-22,32,MR,CITRUS,46938,2008,"Hyundai Mipo Dockyard Co Ltd Ulsan, S. Korea",MAN-B&W - Epoxy Phenolic,,,,,,allied_2021_W32_ALLIED-Weekly-Market-Report_22_08_2021_compressed.pdf,6
2021-08-22,32,MR,MAERSK ERIK,40083,2008,"SLS Shipbuilding Ltd - Tongyeong, Korea",Co S. MAN-B&W Epoxy Phenolic,12.0m,12.0,,Socatra,,allied_2021_W32_ALLIED-Weekly-Market-Report_22_08_2021_compressed.pdf,6
2021-08-22,32,MR,NESTE,25117,2005,"Jinling Shipyard Nanjing JS, China",- Wartsila EPOXY,N/A,,,Monjasa,,allied_2021_W32_ALLIED-Weekly-Market-Report_22_08_2021_compressed.pdf,6
2021-08-22,32,CHEM,BOCHEM ANTWERP,19806,2011,"Shipbuilding Co - Hachinohe, Japan",Ltd Mitsubishi Steel,15.6m,15.6,,Vietnamese,,allied_2021_W32_ALLIED-Weekly-Market-Report_22_08_2021_compressed.pdf,6
2021-08-22,32,PROD/,TIGER SINGAPORE,13083,2009,21st Century Shipbuilding Co,Ltd MAN-B&W Epoxy,,,,,,allied_2021_W32_ALLIED-Weekly-Market-Report_22_08_2021_compressed.pdf,6
2021-08-22,32,SMALL,ANUKET AMBER,9596,2008,"Zhejiang Jingang Shipbuilding Co - Wenling ZJ, China",Ltd MaK EPOXY,5.0m,5.0,,First Ship Lease Trust,"DD passed Jul '21, incl TC attached 7",allied_2021_W32_ALLIED-Weekly-Market-Report_22_08_2021_compressed.pdf,6
2021-08-22,32,VLOC,CAPE UNITED,203137,2007,Universal Shipbuilding Corp Nagasu KM (Ariake,- MAN-B&W rgn,22.0m,22.0,,Greek,,allied_2021_W32_ALLIED-Weekly-Market-Report_22_08_2021_compressed.pdf,7
2021-08-22,32,CAPE,YUMETAMOU,181407,2012,Koyo Dockyard Ltd - Mihara Japan,"Co HS, MAN-B&W",32.3m,32.3,,Greek,incl 1-yr BBHP bss,allied_2021_W32_ALLIED-Weekly-Market-Report_22_08_2021_compressed.pdf,7
2021-08-22,32,PMAX,LEMESSOS QUEEN,76565,2008,Imabari Shipbuilding Co - Marugame,Ltd MAN-B&W KG rgn/high,18.0m,18.0,,Middle Eastern,BWTS fitted,allied_2021_W32_ALLIED-Weekly-Market-Report_22_08_2021_compressed.pdf,7
2021-08-22,32,PMAX,ADS GALTESUND,75395,2007,"Universal Shipbuilding Corp Maizuru KY, Japan",- MAN-B&W,15.9m,15.9,,Chinese,,allied_2021_W32_ALLIED-Weekly-Market-Report_22_08_2021_compressed.pdf,7
2021-08-22,32,UMAX,SANTA BARBARA,61381,2013,"Iwagi Zosen Co Kamijima EH, Japan","CR Ltd - MAN-B&W T, 4x30.5 4x30.7 CR T",24.5m,24.5,,Vietnamese,"BWTS fitted, bss dely Oct/Nov '21",allied_2021_W32_ALLIED-Weekly-Market-Report_22_08_2021_compressed.pdf,7
2021-08-22,32,SMAX,BELCARGO,58729,2008,"Tsuneishi Heavy Industries (Cebu) Inc - Balamban,",4 MAN-B&W CRANES X 30t,17.0m,17.0,,undisclosed,BWTS fitted,allied_2021_W32_ALLIED-Weekly-Market-Report_22_08_2021_compressed.pdf,7
2021-08-22,32,SMAX,MELATI LAUT,56643,2011,"Qingshan Shipyard Wuhan HB, China",- 4 MAN-B&W CRANES X 30t,15.3m,15.3,,Chinese,,allied_2021_W32_ALLIED-Weekly-Market-Report_22_08_2021_compressed.pdf,7
2021-08-22,32,SMAX,BULK PHOENIX,56088,2013,"Mitsui Eng. & Co. Ltd., Chiba Works - Ichihara,",SB. 4 MAN-B&W CRANES X 30t,19.2m,19.2,,Meghna Marine,,allied_2021_W32_ALLIED-Weekly-Market-Report_22_08_2021_compressed.pdf,7
2021-08-22,32,SMAX ATLANTIC,ENSENADA,55814,2006,"Kawasaki Shipbuilding Corp Kobe HG, Japan","4 X - MAN-B&W CRANES 30,5t",15.8m,15.8,,Bangladeshi,,allied_2021_W32_ALLIED-Weekly-Market-Report_22_08_2021_compressed.pdf,7
2021-08-22,32,SMAX,SPAR DRACO,53565,2006,"Chengxi Shipyard Jiangyin JS, China",- 4 MAN-B&W CRANES X 36t,13.45m,13.45,,undisclosed,"bss dely Sep '21 in Korea, SS/DD due Oct '21",allied_2021_W32_ALLIED-Weekly-Market-Report_22_08_2021_compressed.pdf,7
2021-08-22,32,SMAX,ASHIYA STAR,52223,2006,"Oshima Shipbuilding Co - Saikai NS, Japan",4 Ltd Mitsubishi CRANES X 30t rgn/low,13.0m,13.0,,undisclosed,"bss SS/DD Passed, BWTS Fitted",allied_2021_W32_ALLIED-Weekly-Market-Report_22_08_2021_compressed.pdf,7
2021-08-22,32,HMAX,WAN AN,42717,1998,Ishikawajima- Harima Heavy Industries Co,4 Sulzer CRANES Ltd X 30t,7.0m,7.0,,Chinese,,allied_2021_W32_ALLIED-Weekly-Market-Report_22_08_2021_compressed.pdf,7
2021-08-22,32,HANDY,NEREUS ISLAND,37920,2014,Imabari Shipbuilding Co - Imabari EH,"4 X Ltd MAN-B&W CRANES 30,5t",21.0m,21.0,,Pacific Basin,BWTS fitted,allied_2021_W32_ALLIED-Weekly-Market-Report_22_08_2021_compressed.pdf,7
2021-08-22,32,HANDY,PORT PHILLIP BAY,37614,2015,"Oshima Shipbuilding Co - Saikai NS, Japan",4 Ltd MAN-B&W CRANES,X 30t N/A,,,Taylor Maritime,,allied_2021_W32_ALLIED-Weekly-Market-Report_22_08_2021_compressed.pdf,7
2021-08-22,32,HANDY MARATHA,PROMISE,37187,2012,"Saiki Heavy Industries Co Ltd Saiki OT, Japan",4 - Mitsubishi CRANES X 30t,16.5m,16.5,,undisclosed,,allied_2021_W32_ALLIED-Weekly-Market-Report_22_08_2021_compressed.pdf,7
2021-08-22,32,HANDY,GLORIOUS SAIKI,37154,2012,"Saiki Heavy Industries Co Ltd Saiki OT, Japan",4 - Mitsubishi CRANES X 30t,17.0m,17.0,,Taylor Maritime,,allied_2021_W32_ALLIED-Weekly-Market-Report_22_08_2021_compressed.pdf,7
2021-08-22,32,HANDY,PRASLIN,36782,2011,"Hyundai-Vinashin Shipyard Co Ltd Ninh Hoa, Vietnam",4 - MAN-B&W CRANES X 30t,17.0m,17.0,,Taylor Maritime,"bss SS/DD passed, BWTS fitted",allied_2021_W32_ALLIED-Weekly-Market-Report_22_08_2021_compressed.pdf,7
2021-08-22,32,HANDY,PACIFIC BULKER,36309,2015,"Shikoku Dockyard Co. Ltd. - Takamatsu, Japan","4 X MAN-B&W CRANES 30,5t",21.0m,21.0,,undisclosed,,allied_2021_W32_ALLIED-Weekly-Market-Report_22_08_2021_compressed.pdf,7
2021-08-22,32,HANDY,FOUR DIAMOND,34059,2011,"Pha Rung Shipyard Co. - Haiphong, Vietnam",4 MAN-B&W CRANES X 30t,12.75m,12.75,,U. A. E. based,"bss SS/DD due Aug '21, dely Nov '21",allied_2021_W32_ALLIED-Weekly-Market-Report_22_08_2021_compressed.pdf,7
2021-08-22,32,HANDY,FOUR EMERALD,33992,2013,"Pha Rung Shipyard Co. - Haiphong, Vietnam",4 MAN-B&W CRANES X 30t,15.25m,15.25,,Deval,"bss dely Nov '21, BWTS fitted",allied_2021_W32_ALLIED-Weekly-Market-Report_22_08_2021_compressed.pdf,7
2021-08-22,32,HANDY,ANTIGONI,32663,2011,Jiangsu Zhenjiang Shipyard (Group) Ltd - Zhenjiang,"4 X Co MAN-B&W CRANES JS, 30,5t",11.2m,11.2,,Chinese,,allied_2021_W32_ALLIED-Weekly-Market-Report_22_08_2021_compressed.pdf,7
2021-08-22,32,HANDY,ORIENT GLORY,32419,2013,"Samho Shipbuilding Co Ltd - Tongyeong,",4 MAN-B&W CRANES S. X 30t,15.5m,15.5,,Load Line,8,allied_2021_W32_ALLIED-Weekly-Market-Report_22_08_2021_compressed.pdf,7
2021-08-22,32,FEEDER,GERRIT BRAREN,,17062006,"Aker MTW Werft GmbH - Wismar, Germany",3 MAN CRANES X 45t,25.0m,25.0,,X-Press Feeders,,allied_2021_W32_ALLIED-Weekly-Market-Report_22_08_2021_compressed.pdf,8
2021-08-22,32,FEEDER,JETT,,13042007,"Shandong Weihai Shipyard - Weihai SD, China",2 MAN-B&W CRANES X 40t,19.25m,19.25,,Israeli,,allied_2021_W32_ALLIED-Weekly-Market-Report_22_08_2021_compressed.pdf,8
2021-08-22,32,FEEDER,HEUNG-A MANILA,,6531997,"Hanjin Heavy Industries Co Ltd Busan, S. Korea",- B&W,5.5m,5.5,,Straits Orient Lines,,allied_2021_W32_ALLIED-Weekly-Market-Report_22_08_2021_compressed.pdf,8
2021-08-22,32,FEEDER,HEUNG-A JAKARTA,,6531997,Hanjin Heavy Industries Co Ltd,- B&W,5.5m,5.5,,,,allied_2021_W32_ALLIED-Weekly-Market-Report_22_08_2021_compressed.pdf,8
2021-08-22,32,LPG,CAPTAIN MARKOS NL,58585,2006,"Hyundai Heavy Industries Co Ltd Ulsan, S. Korea","- MAN-B&W 80,701",42.5m,42.5,,undisclosed,SS/DD due Nov '21,allied_2021_W32_ALLIED-Weekly-Market-Report_22_08_2021_compressed.pdf,8
2021-08-22,32,LPG,BOW GUARDIAN,9999,2008,"STX Shipbuilding Co Ltd - Busan, Korea","MAN-B&W 8,922 S.",N/A,,,BW Epic Kosan,,allied_2021_W32_ALLIED-Weekly-Market-Report_22_08_2021_compressed.pdf,8
2021-08-22,32,LPG,BOW GALLANT,9999,2008,"STX Shipbuilding Co Ltd - Busan, Korea","MAN-B&W 8,922 S.",,,,,9,allied_2021_W32_ALLIED-Weekly-Market-Report_22_08_2021_compressed.pdf,8
2021-08-29,34,VLCC,CHANG BAI SAN,318445,2012,Shanghai Waigaoqiao Shipbuilding Co,Wartsila Ltd EPOXY,41.5m,41.5,,Cyprus Maritime,bank sale,allied_2021_W34_ALLIED-Weekly-Market-Report_29_08_2021.pdf,6
2021-08-29,34,VLCC STARLIGHT,VENTURE,291768,2004,"Hyundai Heavy Industries Co Ltd Ulsan, S. Korea",- B&W rgn,30.0m,30.0,,Nigerian,,allied_2021_W34_ALLIED-Weekly-Market-Report_29_08_2021.pdf,6
2021-08-29,34,LR1,MARINOR,74997,2008,"Brodosplit Brodogradiliste - Split, Croatia",- doo MAN-B&W EPOXY,N/A,,,M Sea Capital,old sale,allied_2021_W34_ALLIED-Weekly-Market-Report_29_08_2021.pdf,6
2021-08-29,34,MR,OCEAN VENUS,50322,2006,"SLS Shipbuilding Ltd - Tongyeong, Korea",Co S. MAN-B&W EPOXY,6.95m,6.95,,undisclosed,"auction sale, SS/DD due Nov '21",allied_2021_W34_ALLIED-Weekly-Market-Report_29_08_2021.pdf,6
2021-08-29,34,MR,TMN PRIDE,48676,2006,"Iwagi Zosen Co Kamijima EH, Japan",Ltd - MAN-B&W EPOXY,8.1m,8.1,,undisclosed,"SS/DD due Oct '21, DPP",allied_2021_W34_ALLIED-Weekly-Market-Report_29_08_2021.pdf,6
2021-08-29,34,PROD/,FSL NEW YORK,19970,2006,"Usuki Shipyard Ltd - Usuki OT,",Co MAN-B&W Stainless,10.0m,10.0,,S. Korean,SS/DD due Sep '21,allied_2021_W34_ALLIED-Weekly-Market-Report_29_08_2021.pdf,6
2021-08-29,34,CHEM,GEMA,19831,2001,Sudostroitelnyy Zavod - Sankt-,B&W EPOXY,5.0m,5.0,,undisclosed,,allied_2021_W34_ALLIED-Weekly-Market-Report_29_08_2021.pdf,6
2021-08-29,34,CAPE FRONTIER,PHOENIX,181356,2011,Koyo Dockyard Ltd - Mihara Japan,"Co HS, MAN-B&W",33.75m,33.75,,NG Moundreas,"BWTS fitted, SS/DD passed",allied_2021_W34_ALLIED-Weekly-Market-Report_29_08_2021.pdf,6
2021-08-29,34,PMAX,OCEAN EMERALD,92950,2012,"Shipyard Co Ltd Dalian LN, China",- MAN-B&W,18.2m,18.2,,Chinese,,allied_2021_W34_ALLIED-Weekly-Market-Report_29_08_2021.pdf,6
2021-08-29,34,PMAX,ISHIZUCHI,77247,2006,"Sasebo Heavy Industries Co. Ltd. Sasebo, Japan",- MAN-B&W,16.5m,16.5,,Chinese,SS/DD due Dec '21,allied_2021_W34_ALLIED-Weekly-Market-Report_29_08_2021.pdf,6
2021-08-29,34,UMAX,ASIA RUBY III,63023,2014,"Jinling Shipyard Nanjing JS, China",- 4 MAN-B&W CRANES,X 36t N/A,,,undisclosed,BWTS fitted,allied_2021_W34_ALLIED-Weekly-Market-Report_29_08_2021.pdf,6
2021-08-29,34,UMAX,ASIA RUBY II,62996,2014,"Jinling Shipyard Nanjing JS, China",- 4 MAN-B&W CRANES X 36t,24.5m,24.5,,EuroDry,"BWTS fitted, bss dely Sep/Oct '21",allied_2021_W34_ALLIED-Weekly-Market-Report_29_08_2021.pdf,6
2021-08-29,34,UMAX,ASIA RUBY IV,62982,2014,"Jinling Shipyard Nanjing JS, China",- 4 MAN-B&W CRANES X 36t rgn/low,24.0m,24.0,,undisclosed,"BWTS fitted, bss dely Nov '21",allied_2021_W34_ALLIED-Weekly-Market-Report_29_08_2021.pdf,6
2021-08-29,34,SMAX,OCEAN SUCCESS,56815,2011,Tianjin Xingang Shipbuilding Industry Co Ltd,4 MAN-B&W CRANES - X 30t high,15.0m,15.0,,undisclosed,"tier II, bss SS/DD due Nov '21 & dely Oct '21",allied_2021_W34_ALLIED-Weekly-Market-Report_29_08_2021.pdf,6
2021-08-29,34,SMAX,PRABHU GOPAL,56060,2003,"Mitsui Eng. & Co. Ltd. - Tamano, Japan",SB. 4 MAN-B&W CRANES X 30t rgn,13.3m,13.3,,undisclosed,,allied_2021_W34_ALLIED-Weekly-Market-Report_29_08_2021.pdf,6
2021-08-29,34,HANDY,NICOLINE BULKER,38191,2012,Naikai Zosen Corp Onomichi HS (Innoshima,- 4 MAN-B&W CRANES X 30t,20.2m,20.2,,Pacific Basin,,allied_2021_W34_ALLIED-Weekly-Market-Report_29_08_2021.pdf,6
2021-08-29,34,HANDY,HOUSTON PEARL,35914,2011,"Hyundai Mipo Dockyard Co Ltd Ulsan, S. Korea",4 - MAN-B&W CRANES X 35t rgn/mid,18.0m,18.0,,undisclosed,"BWTS fitted, box",allied_2021_W34_ALLIED-Weekly-Market-Report_29_08_2021.pdf,6
2021-08-29,34,HANDY,NEW POWER,32070,2012,"The Hakodate Co Ltd - Hakodate HK, Japan",Dock 4 Mitsubishi CRANES X 30t,15.25m,15.25,,undisclosed,bss dely Dec '21,allied_2021_W34_ALLIED-Weekly-Market-Report_29_08_2021.pdf,6
2021-08-29,34,HANDY,ATHOS,30618,2007,"Cochin Shipyard - Ernakulam, India",Ltd 4 MAN-B&W CRANES X 30t,11.1m,11.1,,undisclosed,SS/DD passed,allied_2021_W34_ALLIED-Weekly-Market-Report_29_08_2021.pdf,6
2021-08-29,34,HANDY,SIDER MOON,26355,2015,"Yamanishi Corp Ishinomaki MG, Japan",- 3 MAN-B&W CRANES,X 30t N/A,,,Kopuzlar,BWTS fitted 7,allied_2021_W34_ALLIED-Weekly-Market-Report_29_08_2021.pdf,6
2021-08-29,34,PMAX,XIN FENG YANG ZI JIANG,,37392002,"Samsung Heavy Industries Co Ltd Geoje, S. Korea",2 - Sulzer CRANES X 45t,30.0m,30.0,,MSC,,allied_2021_W34_ALLIED-Weekly-Market-Report_29_08_2021.pdf,7
2021-08-29,34,PMAX,CORDELIA,,28242003,"Dockyard Co Ltd Ulsan, S. Korea",- B&W,39.0m,39.0,,MSC,,allied_2021_W34_ALLIED-Weekly-Market-Report_29_08_2021.pdf,7
2021-08-29,34,PMAX,BUSAN TRADER,,26642009,Shipbuilding Co - Changwon (Jinhae,Ltd MAN-B&W CRANES,35.0m,35.0,,undisclosed,,allied_2021_W34_ALLIED-Weekly-Market-Report_29_08_2021.pdf,7
2021-08-29,34,FEEDER,SAN ANTONIO,,18192008,"Hyundai Mipo Dockyard Co Ltd Ulsan, S. Korea",3 - MAN-B&W CRANES X 45t,32.5m,32.5,,Seaboard Marine,,allied_2021_W34_ALLIED-Weekly-Market-Report_29_08_2021.pdf,7
2021-08-29,34,FEEDER,OKEE ANN MARI,,17402002,Guangzhou Wenchong Shipyard Co Ltd - Guangzhou,2 MAN-B&W CRANES X 40t low,20.0m,20.0,,MSC,,allied_2021_W34_ALLIED-Weekly-Market-Report_29_08_2021.pdf,7
2021-08-29,34,FEEDER,VEGA SIGMA,,11182007,"Qingshan Shipyard Wuhan HB, China",- 2 MAN CRANES X 45t rgn/mid,15.0m,15.0,,MSC,,allied_2021_W34_ALLIED-Weekly-Market-Report_29_08_2021.pdf,7
2021-08-29,34,FEEDER,XIANG SHUN,,10501997,"YVC Ysselwerf - Capelle a/d IJssel, Netherlands",B.V. Wartsila,5.8m,5.8,,Sinokor Merchant,8,allied_2021_W34_ALLIED-Weekly-Market-Report_29_08_2021.pdf,7
2021-09-05,35,MR,HELLAS EXPLORER,51246,2008,"STX Shipbuilding Co Ltd - Changwon (Jinhae Shipyard),",MAN-B&W S. EPOXY,12.8m,12.8,,Greek,,allied_2021_W35_ALLIED-Weekly-Market-Report_05_09_2021-1_compressed.pdf,6
2021-09-05,35,MR,STENA IMPORTANT,49731,2015,"CSSC Offshore Marine Engineering Co Ltd, China",& MAN-B&W Epoxy Phenolic,N/A,,,Chinese,,allied_2021_W35_ALLIED-Weekly-Market-Report_05_09_2021-1_compressed.pdf,6
2021-09-05,35,MR,STENA IMAGE,49719,2015,Guangzhou Shipyard International Co,MAN-B&W Ltd Epoxy Phenolic,,,,,,allied_2021_W35_ALLIED-Weekly-Market-Report_05_09_2021-1_compressed.pdf,6
2021-09-05,35,MR,AMELIA PACIFIC,45811,2006,Shin Kurushima Dockyard Co. Ltd.,- Mitsubishi EPOXY rgn/low,8.0m,8.0,,undisclosed,SS/DD due Sep '21,allied_2021_W35_ALLIED-Weekly-Market-Report_05_09_2021-1_compressed.pdf,6
2021-09-05,35,CAPE,STELLA NAOMI,181031,2016,Shanghai Waigaoqiao Shipbuilding Co,MAN-B&W Ltd,,,,,,allied_2021_W35_ALLIED-Weekly-Market-Report_05_09_2021-1_compressed.pdf,6
2021-09-05,35,CAPE,STELLA NORA,180000,2016,Shanghai Waigaoqiao Shipbuilding Co Dalian Shipbuilding,MAN-B&W Ltd $ rgn each,44.0m,44.0,,Ciner Shipping,incl TC attached,allied_2021_W35_ALLIED-Weekly-Market-Report_05_09_2021-1_compressed.pdf,6
2021-09-05,35,CAPE,STELLA HOPE,180007,2016,Industry Co Ltd Dalian LN (No Yard) China,- MAN-B&W 2,,,,,,allied_2021_W35_ALLIED-Weekly-Market-Report_05_09_2021-1_compressed.pdf,6
2021-09-05,35,CAPE,DS CHARME,176000,2011,"Jiangsu Rongsheng Shipbuilding Co - Rugao JS, China",Ltd MAN-B&W,28.0m,28.0,,undisclosed,incl TC attached index linked at 89% of 5TC unitl July '22,allied_2021_W35_ALLIED-Weekly-Market-Report_05_09_2021-1_compressed.pdf,6
2021-09-05,35,POST,OCEAN DIAMOND,93025,2012,COSCO (Dalian) Shipyard Co Ltd,- MAN-B&W,rgn/xs $,,,Chinese,"tier II, dely Feb '22",allied_2021_W35_ALLIED-Weekly-Market-Report_05_09_2021-1_compressed.pdf,6
2021-09-05,35,PMAX,SDTR IRENE,84800,2022,Dalian Shipbuilding Industry Co Ltd Dalian LN (No,- MAN-B&W 2,36.03m,36.03,,Chinese,"tier III, bss dely Jun/Jul '22",allied_2021_W35_ALLIED-Weekly-Market-Report_05_09_2021-1_compressed.pdf,6
2021-09-05,35,KMAX,RANGER,82172,2012,Tsuneishi Group (Zhoushan) Shipbuilding Inc,MAN-B&W - rgn,24.0m,24.0,,undisclosed,,allied_2021_W35_ALLIED-Weekly-Market-Report_05_09_2021-1_compressed.pdf,6
2021-09-05,35,PMAX,OKEANOS BLISS,76636,2008,Imabari Shipbuilding Co - Marugame,Ltd MAN-B&W KG,18.75m,18.75,,Castor Maritime,"DD passed, BWTS fitted, bss dely Nov '21",allied_2021_W35_ALLIED-Weekly-Market-Report_05_09_2021-1_compressed.pdf,6
2021-09-05,35,UMAX,IVS PHOENIX,60477,2019,"Mitsui Eng. & Co. Ltd. - Tamano, Japan",SB. 4 MAN-B&W CRANES X 30t,25.0m,25.0,,Japanese,"incl BBBack with purch. Option, BWTS fitted",allied_2021_W35_ALLIED-Weekly-Market-Report_05_09_2021-1_compressed.pdf,6
2021-09-05,35,SMAX,ALAM MOLEK,58074,2014,Shin Kurushima Toyohashi Shipbuilding Co,"4 X MAN-B&W CRANES Ltd 30,5t",26.0m,26.0,,Meghna,eco M/E,allied_2021_W35_ALLIED-Weekly-Market-Report_05_09_2021-1_compressed.pdf,6
2021-09-05,35,SMAX,ALAM MADU,58045,2014,Shin Kurushima Toyohashi Shipbuilding Co,"4 X MAN-B&W CRANES Ltd 30,5t",26.0m,26.0,,,,allied_2021_W35_ALLIED-Weekly-Market-Report_05_09_2021-1_compressed.pdf,6
2021-09-05,35,SMAX,SKYLIGHT,56847,2009,"Taizhou Sanfu Engineering Co Taizhou JS, China",Ship 4 Ltd - MAN-B&W CRANES X 30t,16.35m,16.35,,undisclosed,,allied_2021_W35_ALLIED-Weekly-Market-Report_05_09_2021-1_compressed.pdf,6
2021-09-05,35,SMAX,HUA RONG 1,56381,2012,"Zhejiang Zhenghe Shipbuilding Co - Zhoushan ZJ,",4 Ltd MAN-B&W CRANES X 36t rgn,19.2m,19.2,,Chinese,auction sale,allied_2021_W35_ALLIED-Weekly-Market-Report_05_09_2021-1_compressed.pdf,6
2021-09-05,35,SMAX CENTENARIO,FORZA,56129,2012,"Mitsui Eng. & Co. Ltd., Chiba Works - Ichihara,",SB. 4 MAN-B&W CRANES X 30t $ rgn/xs,20.0m,20.0,,undisclosed,,allied_2021_W35_ALLIED-Weekly-Market-Report_05_09_2021-1_compressed.pdf,6
2021-09-05,35,SMAX,CRESSIDA,55614,2006,Nantong COSCO KHI Ship Engineering Co,"4 X MAN-B&W CRANES Ltd 30,5t rgn",15.5m,15.5,,undisclosed,bss prompt dely,allied_2021_W35_ALLIED-Weekly-Market-Report_05_09_2021-1_compressed.pdf,6
2021-09-05,35,SMAX,ANTOINE,55498,2009,"Mitsui Eng. & Co. Ltd., Chiba Works - Ichihara, Japan",SB. 4 MAN-B&W CRANES X 30t,19.2m,19.2,,undisclosed,"incl the balance of index linked TC 97% of BSI until early Oct '21 - latest Feb '22, BWTS fitted 7",allied_2021_W35_ALLIED-Weekly-Market-Report_05_09_2021-1_compressed.pdf,6
2021-09-05,35,PMAX,MP THE GRONK,,50602005,Hanjin Heavy Industries & Construction Co,B&W Ltd,242.0m,242.0,,MSC,,allied_2021_W35_ALLIED-Weekly-Market-Report_05_09_2021-1_compressed.pdf,7
2021-09-05,35,FEEDER,FEEDER 1,,17502021,COSCO (Guangdong) Shipyard Co Ltd,MAN-B&W -,39.0m,39.0,,undisclosed,8,allied_2021_W35_ALLIED-Weekly-Market-Report_05_09_2021-1_compressed.pdf,7
2021-09-12,36,VLCC,KOS,305870,2001,Daewoo Shipbuilding Marine Engineering,& B&W rgn,26.0m,26.0,,undisclosed,old sale,allied_2021_W36_ALLIED-Weekly-Market-Report_12_09_2021.pdf,6
2021-09-12,36,AFRA,MINERVA NIKE,105320,2004,"Hyundai Samho Heavy Industries Co Ltd - Samho,",B&W S.,14.0m,14.0,,undisclosed,old sale,allied_2021_W36_ALLIED-Weekly-Market-Report_12_09_2021.pdf,6
2021-09-12,36,MR,OCEAN SUNRISE,50353,2004,"ShinA Shipbuilding Co Ltd - Tongyeong,",B&W S. EPOXY,6.8m,6.8,,undisclosed,"BWTS fitted, auction sale",allied_2021_W36_ALLIED-Weekly-Market-Report_12_09_2021.pdf,6
2021-09-12,36,MR,YELLOW STARS,50000,2021,"Hyundai Mipo Dockyard Co Ltd Ulsan, S. Korea",-,35.0m,35.0,,Hafnia Tankers,incl existing 5yr charter to,allied_2021_W36_ALLIED-Weekly-Market-Report_12_09_2021.pdf,6
2021-09-12,36,MR,GREEN STARS,50000,2022,"Hyundai Mipo Dockyard Co Ltd Ulsan, S. Korea",-,35.0m,35.0,,,Clearlake,allied_2021_W36_ALLIED-Weekly-Market-Report_12_09_2021.pdf,6
2021-09-12,36,MR,MARVIN INDEPENDENCE,49988,2018,"Hyundai Mipo Dockyard Co Ltd Ulsan, S. Korea",- Wartsila Epoxy Phenolic,17.1m,17.1,,undisclosed,"auction sale, DD overdue",allied_2021_W36_ALLIED-Weekly-Market-Report_12_09_2021.pdf,6
2021-09-12,36,CAPE C,H S MAGNIFICENCE,173541,2006,Bohai Shipbuilding Heavy Industry Ltd - Huludao,"Co Wartsila LN,",N/A,,,undisclosed,,allied_2021_W36_ALLIED-Weekly-Market-Report_12_09_2021.pdf,6
2021-09-12,36,KMAX,VIJAYANAGAR,82167,2010,Tsuneishi Holdings Corp Tsuneishi Shipbuilding Co,MAN-B&W - rgn,24.0m,24.0,,Chinese,"SS/DD passed, BWTS fitted",allied_2021_W36_ALLIED-Weekly-Market-Report_12_09_2021.pdf,6
2021-09-12,36,KMAX,SEACON SHANGHAI,82000,2019,Guangzhou Huangpu Shipbuilding Co,MAN-B&W Ltd,35.0m,35.0,,undisclosed,,allied_2021_W36_ALLIED-Weekly-Market-Report_12_09_2021.pdf,6
2021-09-12,36,PMAX,SHAO SHAN,675700,2012,Guangzhou Huangpu Shipbuilding Co,MAN-B&W Ltd,20.9m,20.9,,Chinese,"auction sale, tier I",allied_2021_W36_ALLIED-Weekly-Market-Report_12_09_2021.pdf,6
2021-09-12,36,PMAX,NAVIOS ALTAIR,74475,2006,Hudong-Zhonghua Shipbuilding (Group) Co Ltd Jiangsu Hantong,MAN-B&W -,14.0m,14.0,,Chinese,"auction sale,SS/DD due Sep '21",allied_2021_W36_ALLIED-Weekly-Market-Report_12_09_2021.pdf,6
2021-09-12,36,UMAX,NAUTICAL RUNA,63577,2015,Ship Heavy Industry Co Ltd,4 MAN-B&W CRANES - X 36t,55.0m,,55.0,undisclosed,"BWTS & scrubber fitted,",allied_2021_W36_ALLIED-Weekly-Market-Report_12_09_2021.pdf,6
2021-09-12,36,UMAX,NAUTICAL LUCIA,63548,2016,Tongzhou JS China Jiangsu Hantong Ship Heavy Industry Co Ltd,4 MAN-B&W CRANES -,en bloc X 36t,,,,eco M/E,allied_2021_W36_ALLIED-Weekly-Market-Report_12_09_2021.pdf,6
2021-09-12,36,SMAX,NEW PRIDE,58761,2009,"Tongzhou JS China Tsuneishi Heavy Industries (Cebu) Inc - Balamban,",4 MAN-B&W CRANES X 30t rgn,18.8m,18.8,,undisclosed,bss dely Dec '21,allied_2021_W36_ALLIED-Weekly-Market-Report_12_09_2021.pdf,6
2021-09-12,36,SMAX,IVY DELTA,55869,2011,"IHI Marine United Inc - Kure HS, Japan",4 Wartsila CRANES X 35t rgn,20.4m,20.4,,Oscar Wehr,"SS/DD passed, BWTS fitted, bss dely Dec '21",allied_2021_W36_ALLIED-Weekly-Market-Report_12_09_2021.pdf,6
2021-09-12,36,SMAX,BAO ELLA,53468,2006,Imabari Shipbuilding Co - Imabari EH,"4 X Ltd MAN-B&W CRANES 30,5t rgn",15.0m,15.0,,undisclosed,SS/DD passed & BWTS fitted,allied_2021_W36_ALLIED-Weekly-Market-Report_12_09_2021.pdf,6
2021-09-12,36,HMAX,JOSCO SUZHOU,49416,2004,Nantong COSCO KHI Ship Engineering Co,"CR B&W CR Ltd 4x30 T, 4x25 T",13.5m,13.5,,Chinese,auction sale,allied_2021_W36_ALLIED-Weekly-Market-Report_12_09_2021.pdf,6
2021-09-12,36,HMAX,PACIFIC PAMELA,49061,1997,"Oshima Shipbuilding Co - Saikai NS, Japan",4 Ltd B&W CRANES X 35t,8.0m,8.0,,Chinese,SS/DD due Jan '22,allied_2021_W36_ALLIED-Weekly-Market-Report_12_09_2021.pdf,6
2021-09-12,36,HANDY,KMARIN MUGUNGHWA,37423,2014,"Hyundai-Vinashin Shipyard Co Ltd Ninh Hoa, Vietnam",4 - MAN-B&W CRANES X 30t,21.0m,21.0,,undisclosed,"eco M/E, BWTS fitted",allied_2021_W36_ALLIED-Weekly-Market-Report_12_09_2021.pdf,6
2021-09-12,36,HANDY,NIKI C,29974,2011,"New Century Shipbuilding Co - Jingjiang JS, China",4 Ltd MAN-B&W CRANES X 30t,12.0m,12.0,,Chinese,SS/DD due Sep '21 7,allied_2021_W36_ALLIED-Weekly-Market-Report_12_09_2021.pdf,6
2021-09-12,36,FEEDER,PIRAEUS TRADER,,17322006,Guangzhou Wenchong Shipyard Co Ltd - Guangzhou,2 MAN-B&W CRANES X 45t,25.5m,25.5,,Euroseas,"SS/DD due Sep '21, incl 3yr TC",allied_2021_W36_ALLIED-Weekly-Market-Report_12_09_2021.pdf,7
2021-09-12,36,FEEDER,BOSTON TRADER,,10832004,"B.V. Scheepswerf Damen Hoogezand Foxhol, Netherlands",2 - MAN CRANES X 45t rgn,17.0m,17.0,,undisclosed,8,allied_2021_W36_ALLIED-Weekly-Market-Report_12_09_2021.pdf,7
2021-09-19,37,VLCC,KHK VISION,305749,2007,Daewoo Shipbuilding Marine Engineering,& MAN-B&W rgn,30.7m,30.7,,EGPN,SS/DD due Mar '22,allied_2021_W37_ALLIED-Weekly-Market-Report_19_09_2021_compressed.pdf,6
2021-09-19,37,SUEZ SONANGOL,LUANDA,159178,2000,Daewoo Heavy Industries Ltd Geoje S Korea,- B&W,14.1m,14.1,,Indian,,allied_2021_W37_ALLIED-Weekly-Market-Report_19_09_2021_compressed.pdf,6
2021-09-19,37,SUEZ,SONANGOL GIRASSOL,159057,2000,Daewoo Heavy Industries Ltd Geoje S Korea,- B&W,14.1m,14.1,,,,allied_2021_W37_ALLIED-Weekly-Market-Report_19_09_2021_compressed.pdf,6
2021-09-19,37,AFRA,SUNNY ATLANTICA,114896,2006,"Samsung Heavy Industries Co Ltd Geoje, S. Korea",- MAN-B&W,15.5m,15.5,,Chinese,SS/DD due Nov '21,allied_2021_W37_ALLIED-Weekly-Market-Report_19_09_2021_compressed.pdf,6
2021-09-19,37,AFRA,MARMARA SEA,105860,2009,"Namura Shipbuilding Co - Imari SG, Japan",Ltd MAN-B&W,23.0m,23.0,,TMN,old sale,allied_2021_W37_ALLIED-Weekly-Market-Report_19_09_2021_compressed.pdf,6
2021-09-19,37,AFRA,BUNGA KELANA,7105194,2004,Samsung Heavy Industries Co Ltd Geoje S Korea,B&W -,13.3m,13.3,,undisclosed,,allied_2021_W37_ALLIED-Weekly-Market-Report_19_09_2021_compressed.pdf,6
2021-09-19,37,AFRA,BUNGA KELANA,8105174,2004,Samsung Heavy Industries Co Ltd Geoje S Korea,B&W -,13.3m,13.3,,,,allied_2021_W37_ALLIED-Weekly-Market-Report_19_09_2021_compressed.pdf,6
2021-09-19,37,MR,PIONEROS,49990,2013,"Hyundai Mipo Dockyard Co Ltd Ulsan, S. Korea",- MAN-B&W EPOXY,N/A,,,undisclosed,,allied_2021_W37_ALLIED-Weekly-Market-Report_19_09_2021_compressed.pdf,6
2021-09-19,37,MR,ANGEL NO. 5,46829,2009,"Jinling Shipyard Nanjing JS, China",- MAN-B&W Epoxy Phenolic rgn,11.8m,11.8,,IMS,,allied_2021_W37_ALLIED-Weekly-Market-Report_19_09_2021_compressed.pdf,6
2021-09-19,37,MR INTREPID,SEAHAWK,25588,2011,Nantong Mingde Heavy Industry Ltd - Tongzhou,"Co Wartsila JS, Marine Line",N/A,,,China Merchants Bank,incl 7yr BB attached,allied_2021_W37_ALLIED-Weekly-Market-Report_19_09_2021_compressed.pdf,6
2021-09-19,37,CHEM,FSL LONDON,19966,2006,"Ltd - Usuki OT, Japan",MAN-B&W Steel,10.2m,10.2,,PT Samudera,incl existing 3-5 year TC,allied_2021_W37_ALLIED-Weekly-Market-Report_19_09_2021_compressed.pdf,6
2021-09-19,37,CHEM,SICHEM NEW YORK,12945,2007,"Co Ltd - Tongyeong,",MAN-B&W S. Phenolic,4.0m,4.0,,undisclosed,,allied_2021_W37_ALLIED-Weekly-Market-Report_19_09_2021_compressed.pdf,6
2021-09-19,37,VLOC,NSS DYNAMIC,233584,2002,Imabari Shipbuilding Co - Saijo EH (Saijo,Ltd B&W,18.5m,18.5,,Chinese,"bss dely Jan '22, SS/DD passed, BWTS fitted",allied_2021_W37_ALLIED-Weekly-Market-Report_19_09_2021_compressed.pdf,6
2021-09-19,37,CAPE,PROSPEROUS,179100,2011,Sungdong Shipbuilding Marine Engineering,& MAN-B&W rgn,31.0m,31.0,,Beks,SS/DD passed,allied_2021_W37_ALLIED-Weekly-Market-Report_19_09_2021_compressed.pdf,6
2021-09-19,37,CAPE,MINERAL BEIJING,174083,2004,"Shanghai Waigaoqiao Shipbuilding, China",MAN-B&W,N/A,,,Agricore,old sale,allied_2021_W37_ALLIED-Weekly-Market-Report_19_09_2021_compressed.pdf,6
2021-09-19,37,PMAX,FORTUNA,93318,2011,"Shipbuilding Co - Jingjiang JS, China",Ltd MAN-B&W,19.7m,19.7,,Chinese,fitted,allied_2021_W37_ALLIED-Weekly-Market-Report_19_09_2021_compressed.pdf,6
2021-09-19,37,KMAX,PEAK PEGASUS,82026,2013,"Tsuneishi Shipbuilding Co - Fukuyama HS,",Ltd MAN-B&W rgn,27.0m,27.0,,Newport,"BWTS fitted, MC M/E",allied_2021_W37_ALLIED-Weekly-Market-Report_19_09_2021_compressed.pdf,6
2021-09-19,37,KMAX,LOWLANDS NELLO,82014,2015,"Sanoyas Shipbuilding Corp Kurashiki OY, Japan",- MAN-B&W rgn/xs,32.0m,32.0,,Greek,"BWTS fitted, MC M/E",allied_2021_W37_ALLIED-Weekly-Market-Report_19_09_2021_compressed.pdf,6
2021-09-19,37,KMAX,PEAK LIBERTY,81837,2015,"Tsuneishi Shipbuilding Co - Fukuyama HS,",Ltd MAN-B&W rgn,28.5m,28.5,,Greek,"BWTS fitted, MC M/E",allied_2021_W37_ALLIED-Weekly-Market-Report_19_09_2021_compressed.pdf,6
2021-09-19,37,PMAX,SEA VISION,77154,2015,Imabari Shipbuilding Co - Mihara HS,Ltd MAN-B&W,29.0m,29.0,,undisclosed,,allied_2021_W37_ALLIED-Weekly-Market-Report_19_09_2021_compressed.pdf,6
2021-09-19,37,PMAX,GREAT TALENT,76773,2005,"Sasebo Heavy Industries Co. Ltd. Sasebo, Japan",- MAN-B&W rgn,17.0m,17.0,,Chinese,,allied_2021_W37_ALLIED-Weekly-Market-Report_19_09_2021_compressed.pdf,6
2021-09-19,37,PMAX,SHAO SHAN,575700,2012,Guangzhou Huangpu Shipbuilding Co,MAN-B&W Ltd,20.82m,20.82,,Chinese,"bss cancelling for dely 31st Jan '22, auction sale 7",allied_2021_W37_ALLIED-Weekly-Market-Report_19_09_2021_compressed.pdf,6
2021-09-19,37,PMAX,CONTI EVEREST,,82382004,"Industries Co Ltd Ulsan, S. Korea",- MAN-B&W,78.0m,78.0,,MSC,,allied_2021_W37_ALLIED-Weekly-Market-Report_19_09_2021_compressed.pdf,8
2021-09-19,37,PMAX,MP THE LAW,,43302009,"HHIC-Phil Inc Subic, Philippines",- MAN-B&W,64.0m,64.0,,MSC,,allied_2021_W37_ALLIED-Weekly-Market-Report_19_09_2021_compressed.pdf,8
2021-09-19,37,PMAX,MP THE BROWN,,43302009,"HHIC-Phil Inc Subic, Philippines",- MAN-B&W,64.0m,64.0,,MSC,9,allied_2021_W37_ALLIED-Weekly-Market-Report_19_09_2021_compressed.pdf,8
2021-09-26,38,VLCC,FOS,306999,2002,"Hyundai Heavy Industries Co Ltd Ulsan, S. Korea",- MAN-B&W,28.0m,28.0,,undisclosed,,allied_2021_W38_ALLIED-Weekly-Market-Report_26_09_2021.pdf,6
2021-09-26,38,SUEZ,NORDIC SIRIUS,150183,2000,"NKK CORP - TSU, Japan",Sulzer MAR,14.0m,14.0,,Middle Eastern,,allied_2021_W38_ALLIED-Weekly-Market-Report_26_09_2021.pdf,6
2021-09-26,38,MR,OCEAN MARS,50388,2007,"SLS Shipbuilding Ltd - Tongyeong, Korea",Co S. MAN-B&W EPOXY rgn,9.0m,9.0,,Greek,pumproom,allied_2021_W38_ALLIED-Weekly-Market-Report_26_09_2021.pdf,6
2021-09-26,38,MR,JUSTICE EXPRESS,45998,2011,Shin Kurushima Dockyard Co. Ltd.,- MAN-B&W EPOXY rgn,17.0m,17.0,,Greek,BWTS fitted,allied_2021_W38_ALLIED-Weekly-Market-Report_26_09_2021.pdf,6
2021-09-26,38,CAPE,AQUABELLA,177216,2005,"Namura Shipbuilding Co - Imari SG, Japan",Ltd MAN-B&W rgn,19.75m,19.75,,Chinese,"BWTS fitted, bss prompt dely",allied_2021_W38_ALLIED-Weekly-Market-Report_26_09_2021.pdf,6
2021-09-26,38,PMAX,ELINDA MARE,79648,2010,"New Century Shipbuilding Co - Jingjiang JS, China",Ltd MAN-B&W rgn,20.0m,20.0,,undisclosed,"BWTS fitted, old sale",allied_2021_W38_ALLIED-Weekly-Market-Report_26_09_2021.pdf,6
2021-09-26,38,PMAX,PALAIS,75434,2014,"Jiangsu Rongsheng Shipbuilding Co - Rugao JS, China",Ltd Wartsila rgn,23.3m,23.3,,Chinese,"BWTS fitted, DD due Jan '22, tier II, bss prompt dely",allied_2021_W38_ALLIED-Weekly-Market-Report_26_09_2021.pdf,6
2021-09-26,38,UMAX,SAILING SKY,61346,2014,"Shin Kasado Dockyard Co Ltd Kudamatsu YC,","4 X - MAN-B&W CRANES 30,7t rgn/low",27.0m,27.0,,Vietnamese,,allied_2021_W38_ALLIED-Weekly-Market-Report_26_09_2021.pdf,6
2021-09-26,38,HANDY,CIELO DI GASPESIE,37064,2012,"Hyundai Mipo Dockyard Co Ltd Ulsan, S. Korea",4 - MAN-B&W CRANES X 30t rgn,19.2m,19.2,,undisclosed,"BWTS fitted, OHBS",allied_2021_W38_ALLIED-Weekly-Market-Report_26_09_2021.pdf,6
2021-09-26,38,HANDY,OCEAN RIDER,34250,2009,"Shinan Heavy Industries Co Ltd Jido, S. Korea",4 - MAN-B&W CRANES X 30t rgn,14.1m,14.1,,undisclosed,BWTS fitted,allied_2021_W38_ALLIED-Weekly-Market-Report_26_09_2021.pdf,6
2021-09-26,38,HANDY,VANTAGE KEY,29870,2004,"Shikoku Dockyard Co. Ltd. - Takamatsu, Japan","4 X MAN-B&W CRANES 30,5t",9.2m,9.2,,undisclosed,DD due,allied_2021_W38_ALLIED-Weekly-Market-Report_26_09_2021.pdf,6
2021-09-26,38,HANDY,GOLDEN DAISY,28368,2014,"I-S Shipyard Co Imabari EH, Japan","Ltd - 4 X MAN-B&W CRANES 30,5t rgn",16.6m,16.6,,undisclosed,BWTS fitted,allied_2021_W38_ALLIED-Weekly-Market-Report_26_09_2021.pdf,6
2021-09-26,38,HANDY,GLORIOUS EARTH,26102,2013,Shin Kurushima Dockyard Co. Ltd.,"3 X - MAN-B&W CRANES 30,7t",14.5m,14.5,,undisclosed,,allied_2021_W38_ALLIED-Weekly-Market-Report_26_09_2021.pdf,6
2021-09-26,38,General,MERMAID STAR,14026,1999,Hakata Zosen K.K.,"- CR B&W 2x36 T,",4.2m,4.2,,undisclosed,,allied_2021_W38_ALLIED-Weekly-Market-Report_26_09_2021.pdf,6
2021-09-26,38,Cargo,CSC ZHI HAI,12313,2013,"Yichang HB, China","MAN-B&W CRANES,2 X 25t",7.85m,7.85,,Chinese,auction sale,allied_2021_W38_ALLIED-Weekly-Market-Report_26_09_2021.pdf,6
2021-09-26,38,Cargo,CSC REN HAI,12312,2013,"Yichang HB, China","MAN-B&W CRANES,2 X 25t",7.85m,7.85,,Chinese,auction sale,allied_2021_W38_ALLIED-Weekly-Market-Report_26_09_2021.pdf,6
2021-09-26,38,PMAX,CAPE CHRONOS,,68652015,"Subic, Philippines",MAN-B&W,132.0m,132.0,,Oman Shipping,fitted,allied_2021_W38_ALLIED-Weekly-Market-Report_26_09_2021.pdf,6
2021-09-26,38,LPG,GAS RAY,26534,2003,"Hyundai Heavy Industries Co Ltd Ulsan, S. Korea","- B&W 35,000",N/A,,,Indian,7,allied_2021_W38_ALLIED-Weekly-Market-Report_26_09_2021.pdf,6
2021-10-03,39,AFRA,OCEAN VELA,108929,2009,Shanghai Waigaoqiao Shipbuilding Co,MAN-B&W Ltd EPOXY,18.5m,18.5,,undisclosed,,allied_2021_W39_ALLIED-Weekly-Market-Report_03_10_2021.pdf,6
2021-10-03,39,MR STENA,CONQUEROR,47323,2003,"Uljanik' Brodogradiliste Pula, Croatia",dd - B&W EPOXY PHEN,6.9m,6.9,,Chinese,,allied_2021_W39_ALLIED-Weekly-Market-Report_03_10_2021.pdf,6
2021-10-03,39,MR,OCEAN CLOVER,34746,2019,"Fujian Mawei Shipbuilding Ltd Fuzhou FJ, China",- Wartsila Epoxy Phenolic,18.4m,18.4,,Chinese,"BWTS fitted, auction sale",allied_2021_W39_ALLIED-Weekly-Market-Report_03_10_2021.pdf,6
2021-10-03,39,MR,OCEAN DIGNITY,34663,2006,Dalian Shipbuilding Industry Co Ltd Dalian LN (No,- MAN-B&W 1 EPOXY,N/A,,,Greek,,allied_2021_W39_ALLIED-Weekly-Market-Report_03_10_2021.pdf,6
2021-10-03,39,CHEM,GALAXY,19998,2007,"Ltd - Usuki OT, Japan",MAN-B&W Steel,23.0m,23.0,,MLEP,,allied_2021_W39_ALLIED-Weekly-Market-Report_03_10_2021.pdf,6
2021-10-03,39,CHEM,GALAXY,19992,2008,"Ltd - Usuki OT, Japan",MAN-B&W Steel,,,,,,allied_2021_W39_ALLIED-Weekly-Market-Report_03_10_2021.pdf,6
2021-10-03,39,CHEM,HANKUK CHEMI,17427,2000,"Shipbuilding Co - Fukuoka FO,",Ltd Mitsubishi Steel,5.5m,5.5,,Chinese,StSt,allied_2021_W39_ALLIED-Weekly-Market-Report_03_10_2021.pdf,6
2021-10-03,39,PROD/,CRANE ARGO,12163,2010,Niigata Shipbuilding & Repair Inc,- MAN-B&W Marine,7.2m,7.2,,Chinese,,allied_2021_W39_ALLIED-Weekly-Market-Report_03_10_2021.pdf,6
2021-10-03,39,SMALL,OCEAN GULL,9551,2012,Nanjing Tianshun Shipbuilding Co,Ltd MaK EPOXY,3.0m,3.0,,undisclosed,auction sale,allied_2021_W39_ALLIED-Weekly-Market-Report_03_10_2021.pdf,6
2021-10-03,39,VLOC,CONRAD,207609,2017,Shanghai Waigaoqiao Shipbuilding Co,MAN-B&W Ltd rgn,54.0m,54.0,,JP Morgan,scrubber & BWTS fitted,allied_2021_W39_ALLIED-Weekly-Market-Report_03_10_2021.pdf,6
2021-10-03,39,CAPE,ROSCO MAPLE,181453,2010,"Sasebo Heavy Industries Co. Ltd. Sasebo, Japan",- MAN-B&W rgn,33.75m,33.75,,Seanergy,"bss dely Nov '21, BWTS fitted",allied_2021_W39_ALLIED-Weekly-Market-Report_03_10_2021.pdf,6
2021-10-03,39,CAPE,AQUA HONOR,175428,2012,Jinhai Heavy Industry Co Ltd Daishan County,"- MAN-B&W ZJ, rgn",28.5m,28.5,,undisclosed,"BWTS fitted, tier II",allied_2021_W39_ALLIED-Weekly-Market-Report_03_10_2021.pdf,6
2021-10-03,39,KMAX,XIN HUA,82269,2012,Dalian Shipbuilding Industry Co Ltd Dalian LN (No,- MAN-B&W 2 rgn,22.0m,22.0,,undisclosed,"scrubber fitted, tier II",allied_2021_W39_ALLIED-Weekly-Market-Report_03_10_2021.pdf,6
2021-10-03,39,PMAX,BELLAMYS,76286,2005,"Tsuneishi Corp Tadotsu KG, Japan",- B&W rgn,17.0m,17.0,,Chinese,BWTS fitted,allied_2021_W39_ALLIED-Weekly-Market-Report_03_10_2021.pdf,6
2021-10-03,39,PMAX,OCEAN GINGER,75735,2002,"Sanoyas Hishino Meisho Corp Kurashiki OY, Japan",- B&W,11.5m,11.5,,undisclosed,incl TC attached at US$ 10.5k/day until May '22,allied_2021_W39_ALLIED-Weekly-Market-Report_03_10_2021.pdf,6
2021-10-03,39,PMAX,BANASOL,72562,2001,"Oshima Shipbuilding Co - Saikai NS, Japan",Ltd B&W rgn/high,13.0m,13.0,,Chinese,BWTS fitted,allied_2021_W39_ALLIED-Weekly-Market-Report_03_10_2021.pdf,6
2021-10-03,39,SMAX,STOVE FRIEND,57679,2016,"Tsuneishi Heavy Industries (Cebu) Inc - Balamban,",4 MAN-B&W CRANES X 30t,56.0m,,56.0,Belships,"SS/DD passed, BWTS",allied_2021_W39_ALLIED-Weekly-Market-Report_03_10_2021.pdf,6
2021-10-03,39,SMAX,STOVE TIDE,57679,2016,"Tsuneishi Heavy Industries (Cebu) Inc - Balamban,",4 MAN-B&W CRANES,en bloc X 30t,,,,"fitted, eco M/E",allied_2021_W39_ALLIED-Weekly-Market-Report_03_10_2021.pdf,6
2021-10-03,39,SMAX,SEACON 6,57000,2012,Ningbo Beilun Lantian Shipbuilding Co,4 MAN-B&W CRANES Ltd X 30t,15.3m,15.3,,Chinese,auction sale,allied_2021_W39_ALLIED-Weekly-Market-Report_03_10_2021.pdf,6
2021-10-03,39,SMAX,HTC CHARLIE,56451,2014,"Taizhou Sanfu Engineering Co Taizhou JS, China",Ship 4 Ltd - MAN-B&W CRANES X 36t,20.45m,20.45,,Chinese,"bss DD passed, tier II, BWTS fitted",allied_2021_W39_ALLIED-Weekly-Market-Report_03_10_2021.pdf,6
2021-10-03,39,SMAX,MEDI OKINAWA,56118,2011,"Mitsui Eng. & Co. Ltd., Chiba Works - Ichihara,",SB. 4 MAN-B&W CRANES X 30t rgn/xs,22.5m,22.5,,Bangladeshi,BWTS fitted 7,allied_2021_W39_ALLIED-Weekly-Market-Report_03_10_2021.pdf,6
2021-10-03,39,PMAX,RDO CONCERT,,69662009,"Industries Co Ltd Ulsan, S. Korea",- MAN-B&W,110.0m,110.0,,OM Maritime,,allied_2021_W39_ALLIED-Weekly-Market-Report_03_10_2021.pdf,7
2021-10-03,39,SUB,ATLANTIC FLOSTA,,24742002,Volkswerft Stralsund GmbH,3 - B&W,X 45t mid/high,,,,,allied_2021_W39_ALLIED-Weekly-Market-Report_03_10_2021.pdf,7
2021-10-03,39,SUB,MILAN TRADER,,24602002,Thyssen Nordseewerke,3 B&W X 45t,33.0m,33.0,,undisclosed,,allied_2021_W39_ALLIED-Weekly-Market-Report_03_10_2021.pdf,7
2021-10-03,39,FEEDER,FILIA T,,17742019,"Jiangsu Newyangzi Shipbuilding Co - Jingjiang JS, China",Ltd Wartsila rgn/xs,41.0m,41.0,,Wan Hai Lines,,allied_2021_W39_ALLIED-Weekly-Market-Report_03_10_2021.pdf,7
2021-10-03,39,FEEDER,ACACIA REI,,17402010,Guangzhou Wenchong Shipyard Co Ltd - Guangzhou,2 MAN-B&W CRANES X 45t,32.5m,32.5,,Chinese,,allied_2021_W39_ALLIED-Weekly-Market-Report_03_10_2021.pdf,7
2021-10-03,39,FEEDER,AS RICCARDA,,14962012,Zhejiang Ouhua Shipbuilding Co,Ltd MAN,24.0m,24.0,,MSC,,allied_2021_W39_ALLIED-Weekly-Market-Report_03_10_2021.pdf,7
2021-10-03,39,LPG,EPIC BARBADOS,6618,2001,"Murakami Hide Zosen K.K. Imabari, Japan","- B&W 7,076",N/A,,,Bashundhara LP Gas,8,allied_2021_W39_ALLIED-Weekly-Market-Report_03_10_2021.pdf,7
2021-10-10,40,VLCC,E MEI SAN,317952,2010,Shanghai Waigaoqiao Shipbuilding Co,MAN-B&W Ltd,39.0m,39.0,,Greek,,allied_2021_W40_ALLIED-Weekly-Market-Report_10_10_2021_compressed.pdf,6
2021-10-10,40,AFRA,AMERICAS SPIRIT,111920,2003,"Hyundai Heavy Industries Co Ltd Ulsan, S. Korea",- MAN-B&W,12.5m,12.5,,Chinese,,allied_2021_W40_ALLIED-Weekly-Market-Report_10_10_2021_compressed.pdf,6
2021-10-10,40,LR1,MARIBEL,74999,2007,Brodosplit Brodogradiliste - Split Croatia,- MAN-B&W doo Epoxy Phenolic,,,,,,allied_2021_W40_ALLIED-Weekly-Market-Report_10_10_2021_compressed.pdf,6
2021-10-10,40,LR1,MARI UGLAND,74997,2008,Brodosplit Brodogradiliste - Split Croatia,- MAN-B&W doo Epoxy Phenolic,,,,,,allied_2021_W40_ALLIED-Weekly-Market-Report_10_10_2021_compressed.pdf,6
2021-10-10,40,LR1,MARINOR,74997,2008,Brodosplit Brodogradiliste - Split Croatia,- MAN-B&W doo EPOXY,,,,,,allied_2021_W40_ALLIED-Weekly-Market-Report_10_10_2021_compressed.pdf,6
2021-10-10,40,LR1,MARIKA,74996,2008,Brodosplit Brodogradiliste - Split Croatia,- MAN-B&W doo Epoxy Phenolic,,,,,,allied_2021_W40_ALLIED-Weekly-Market-Report_10_10_2021_compressed.pdf,6
2021-10-10,40,LR1,MARIANN,74992,2008,Brodosplit Brodogradiliste - Split Croatia,- MAN-B&W doo Epoxy Phenolic,N/A,,,Clean Sea Transport,,allied_2021_W40_ALLIED-Weekly-Market-Report_10_10_2021_compressed.pdf,6
2021-10-10,40,MR,MARI JONE,49999,2016,Hyundai Mipo Dockyard Co Ltd Ulsan S Korea,MAN-B&W - Zinc Silicate,,,,,,allied_2021_W40_ALLIED-Weekly-Market-Report_10_10_2021_compressed.pdf,6
2021-10-10,40,MR,MARI BOYLE,49999,2016,Hyundai Mipo Dockyard Co Ltd Ulsan S Korea,MAN-B&W - Zinc Silicate,,,,,,allied_2021_W40_ALLIED-Weekly-Market-Report_10_10_2021_compressed.pdf,6
2021-10-10,40,MR,MARI COUVA,49765,2019,Hyundai Mipo Dockyard Co Ltd Ulsan S Korea,MAN-B&W - Zinc Silicate,,,,,,allied_2021_W40_ALLIED-Weekly-Market-Report_10_10_2021_compressed.pdf,6
2021-10-10,40,MR,MARI KOKAKO,49765,2019,Hyundai Mipo Dockyard Co Ltd Ulsan S Korea,MAN-B&W - Zinc Silicate,,,,,,allied_2021_W40_ALLIED-Weekly-Market-Report_10_10_2021_compressed.pdf,6
2021-10-10,40,LR1,JUSTICE VICTORIA,74902,2010,Minaminippon Shipbuilding Co - Usuki OT,Ltd MAN-B&W EPOXY,17.3m,17.3,,Velos,,allied_2021_W40_ALLIED-Weekly-Market-Report_10_10_2021_compressed.pdf,6
2021-10-10,40,LR1,STENA PRIMORSK,65125,2006,Brodosplit Brodogradiliste - Split Croatia,- doo MAN-B&W EPOXY,,,,,,allied_2021_W40_ALLIED-Weekly-Market-Report_10_10_2021_compressed.pdf,6
2021-10-10,40,LR1,STENA PARIS,65125,2005,Brodosplit Brodogradiliste - Split Croatia,- doo MAN-B&W EPOXY,,,,,,allied_2021_W40_ALLIED-Weekly-Market-Report_10_10_2021_compressed.pdf,6
2021-10-10,40,LR1,STENA PROVENCE,65125,2006,Brodosplit Brodogradiliste - Split Croatia,- doo MAN-B&W EPOXY,,,,,,allied_2021_W40_ALLIED-Weekly-Market-Report_10_10_2021_compressed.pdf,6
2021-10-10,40,LR1,STENA PRESIDENT,65112,2007,Brodosplit Brodogradiliste - Split Croatia,- doo MAN-B&W EPOXY,rgn $,,,undisclosed,inlc TC Back,allied_2021_W40_ALLIED-Weekly-Market-Report_10_10_2021_compressed.pdf,6
2021-10-10,40,LR1,STENA PERFORMANCE,65065,2006,Brodosplit Brodogradiliste - Split Croatia,- doo MAN-B&W EPOXY,114.0m,114.0,,,,allied_2021_W40_ALLIED-Weekly-Market-Report_10_10_2021_compressed.pdf,6
2021-10-10,40,LR1,STENA PREMIUM,65055,2011,Brodosplit Brodogradiliste - Split Croatia,- doo MAN-B&W EPOXY,,,,,,allied_2021_W40_ALLIED-Weekly-Market-Report_10_10_2021_compressed.pdf,6
2021-10-10,40,LR1,STENA POLARIS,64917,2010,Brodosplit Brodogradiliste - Split Croatia,- doo MAN-B&W EPOXY,,,,,,allied_2021_W40_ALLIED-Weekly-Market-Report_10_10_2021_compressed.pdf,6
2021-10-10,40,LR1,STENA PENGUIN,64834,2010,Brodosplit Brodogradiliste - Split Croatia,- doo MAN-B&W EPOXY,,,,,,allied_2021_W40_ALLIED-Weekly-Market-Report_10_10_2021_compressed.pdf,6
2021-10-10,40,MR,IVY EXPRESS,51442,2009,"STX Shipbuilding Co Ltd - Changwon (Jinhae Shipyard),",MAN-B&W S. Epoxy Phenolic rgn/high,13.0m,13.0,,Spring Marine,7,allied_2021_W40_ALLIED-Weekly-Market-Report_10_10_2021_compressed.pdf,6
2021-10-10,40,VLOC,STELLA BELLA,250380,2016,Qingdao Beihai Shipbuilding Heavy Industry Co Ltd Qingdao SD China,Wartsila -,60.0m,60.0,,Eastern Pacific,"eco M/E, BWTS fitted, incl",allied_2021_W40_ALLIED-Weekly-Market-Report_10_10_2021_compressed.pdf,7
2021-10-10,40,VLOC,STELLA IVY,250345,2015,Qingdao Beihai Shipbuilding Heavy Industry Co Ltd,Wartsila -,58.0m,58.0,,Shipping,balance of charters,allied_2021_W40_ALLIED-Weekly-Market-Report_10_10_2021_compressed.pdf,7
2021-10-10,40,CAPE,TRUE ENDURANCE,179147,2012,"Qingdao SD China Hyundai Heavy Industries Co Ltd Gunsan, S. Korea",- MAN-B&W,32.75m,32.75,,Beks,bss dely Oct/Nov '21,allied_2021_W40_ALLIED-Weekly-Market-Report_10_10_2021_compressed.pdf,7
2021-10-10,40,CAPE,ASL MARS,175085,2004,Shanghai Waigaoqiao Shipbuilding Co,MAN-B&W Ltd,16.2m,16.2,,Chinese,,allied_2021_W40_ALLIED-Weekly-Market-Report_10_10_2021_compressed.pdf,7
2021-10-10,40,POST,SHUANG XI,93237,2010,Jiangsu Newyangzi Shipbuilding Co,Ltd MAN-B&W,20.15m,20.15,,undisclosed,tier II,allied_2021_W40_ALLIED-Weekly-Market-Report_10_10_2021_compressed.pdf,7
2021-10-10,40,PMAX,VORANA MANX,82000,2021,Tsuneishi Group (Zhoushan) Shipbuilding Inc,MAN-B&W - rgn,42.0m,42.0,,Primerose,tier III,allied_2021_W40_ALLIED-Weekly-Market-Report_10_10_2021_compressed.pdf,7
2021-10-10,40,PMAX,ZEPHYRUS,81981,2019,"Jiangsu Newyangzi Shipbuilding Co - Jingjiang JS, China",Ltd MAN-B&W,36.75m,36.75,,Chellaram,"BWTS fitted, eco",allied_2021_W40_ALLIED-Weekly-Market-Report_10_10_2021_compressed.pdf,7
2021-10-10,40,SMAX,MARINER,56784,2009,Jiangsu Hantong Ship Heavy Industry Co Ltd,4 MAN-B&W CRANES - X 35t,16.75m,16.75,,undisclosed,,allied_2021_W40_ALLIED-Weekly-Market-Report_10_10_2021_compressed.pdf,7
2021-10-10,40,SMAX,SPRING HAWK,55688,2010,"Mitsui Eng. & Co. Ltd. - Tamano, Japan",SB. 4 MAN-B&W CRANES X 30t rgn,20.6m,20.6,,Chinese,"BWTS fitted, bss dely Nov/Dec '21",allied_2021_W40_ALLIED-Weekly-Market-Report_10_10_2021_compressed.pdf,7
2021-10-10,40,SMAX,TESORO,53350,2007,"Shanghai Shipyard Co Ltd - Shanghai, China",4 MAN-B&W CRANES X 36t,15.75m,15.75,,Jinhui Shipping,,allied_2021_W40_ALLIED-Weekly-Market-Report_10_10_2021_compressed.pdf,7
2021-10-10,40,SMAX,SILVER EAGLE,50337,2003,"Jiangnan Shipyard (Group) Co Ltd Shanghai, China",4 - B&W CRANES X 36t,12.8m,12.8,,Chinese,DD due,allied_2021_W40_ALLIED-Weekly-Market-Report_10_10_2021_compressed.pdf,7
2021-10-10,40,HANDY,ES VENUS,34358,2014,"Namura Shipbuilding Co - Imari SG, Japan",4 Ltd Mitsubishi CRANES X 30t,20.5m,20.5,,undisclosed,,allied_2021_W40_ALLIED-Weekly-Market-Report_10_10_2021_compressed.pdf,7
2021-10-10,40,HANDY,GAIL,29966,2011,New Century Shipbuilding Co,4 Ltd MAN-B&W CRANES X 30t,13.0m,13.0,,Chinese,SS/DD due,allied_2021_W40_ALLIED-Weekly-Market-Report_10_10_2021_compressed.pdf,7
2021-10-10,40,SUB,ISEACO HORIZON,,28242005,Hyundai Mipo Dockyard Co Ltd,- MAN-B&W,41.5m,41.5,,CMA CGM,,allied_2021_W40_ALLIED-Weekly-Market-Report_10_10_2021_compressed.pdf,7
2021-10-10,40,FEEDER,VEGA VIRGO,,9572011,Yangfan Group Ltd - Zhoushan,"Co 2 ZJ, MAN CRANES X 45t",18.5m,18.5,,Abu Dhabi Ports,,allied_2021_W40_ALLIED-Weekly-Market-Report_10_10_2021_compressed.pdf,7
2021-10-10,40,LPG,HELLAS FOS,54994,2008,"Hyundai Heavy Industries Co Ltd Ulsan, S. Korea","- MAN-B&W 80,705",50.2m,50.2,,Indonesian,,allied_2021_W40_ALLIED-Weekly-Market-Report_10_10_2021_compressed.pdf,7
2021-10-10,40,LPG,KENTMERE,9197,2007,"Asakawa Zosen K.K. - Imabari, Japan","MAN-B&W 8,554",11.0m,11.0,,Transgas,BWTS fitted 8,allied_2021_W40_ALLIED-Weekly-Market-Report_10_10_2021_compressed.pdf,7
2021-10-17,41,SUEZ,SCF URAL,159314,2002,"Hyundai Heavy Industries Co Ltd Ulsan, S. Korea",- MAN-B&W,16.0m,16.0,,Middle Eastern,,allied_2021_W41_ALLIED-Weekly-Market-Report_17_10_2021.pdf,6
2021-10-17,41,AFRA NAVIG8,PROVIDENCE,109997,2018,"New Times Shipbuilding Co - Jingjiang JS, China",Ltd MAN-B&W EPOXY,48.0m,48.0,,JP Morgan,,allied_2021_W41_ALLIED-Weekly-Market-Report_17_10_2021.pdf,6
2021-10-17,41,AFRA,NAVIG8 PRIDE LHJ,109991,2018,"New Times Shipbuilding Co - Jingjiang JS, China",Ltd MAN-B&W EPOXY,48.0m,48.0,,,,allied_2021_W41_ALLIED-Weekly-Market-Report_17_10_2021.pdf,6
2021-10-17,41,MR,ECO LOS ANGELES,50185,2020,"Hyundai Mipo Dockyard Co Ltd Ulsan, S. Korea",- MAN-B&W Epoxy Phenolic,36.5m,36.5,,Norden,bss dely Feb '22 with TC attached to Trafigura at,allied_2021_W41_ALLIED-Weekly-Market-Report_17_10_2021.pdf,6
2021-10-17,41,MR ECO,CITY OF ANGELS,49815,2020,"Hyundai Mipo Dockyard Co Ltd Ulsan, S. Korea",- MAN-B&W Epoxy Phenolic,each,,,,"US$ 17,500/day until Feb '23 with options",allied_2021_W41_ALLIED-Weekly-Market-Report_17_10_2021.pdf,6
2021-10-17,41,MR NORD,HIGHLANDER,37145,2007,"Hyundai Mipo Dockyard Co Ltd Ulsan, S. Korea",- MAN-B&W EPOXY PHEN rgn,8.8m,8.8,,undisclosed,SS/DD due Jan '22,allied_2021_W41_ALLIED-Weekly-Market-Report_17_10_2021.pdf,6
2021-10-17,41,MR,CHEMBULK VIRGIN GORDA,34614,2004,"Kitanihon Shipbuilding Co - Hachinohe, Japan",Ltd Mitsubishi Stainless Steel,9.0m,9.0,,,,allied_2021_W41_ALLIED-Weekly-Market-Report_17_10_2021.pdf,6
2021-10-17,41,MR,CHEMBULK BARCELONA,33573,2004,"Shin Kurushima Dockyard Co. Ltd. Onishi, Japan",- Mitsubishi Stainless Steel,9.0m,9.0,,Vietnamese,StSt,allied_2021_W41_ALLIED-Weekly-Market-Report_17_10_2021.pdf,6
2021-10-17,41,MR,CHEMBULK NEW ORLEANS,32363,2003,"Shin Kurushima Dockyard Co. Ltd. Onishi, Japan",- Mitsubishi Stainless Steel,9.0m,9.0,,,,allied_2021_W41_ALLIED-Weekly-Market-Report_17_10_2021.pdf,6
2021-10-17,41,MR,STENAWECO IMPULSE,49762,2016,Guangzhou Shipyard International CoLtd,MAN-B&W - Epoxy Phenolic,29.0m,29.0,,Chinese,,allied_2021_W41_ALLIED-Weekly-Market-Report_17_10_2021.pdf,6
2021-10-17,41,SMALL,OCEAN PITTA,9543,2013,Nanjing Tianshun Shipbuilding Co,Ltd MaK EPOXY,4.0m,4.0,,undisclosed,auction sale,allied_2021_W41_ALLIED-Weekly-Market-Report_17_10_2021.pdf,6
2021-10-17,41,VLOC,BAOGANG GLORY,207826,2008,"Universal Shipbuilding Corp Tsu ME, Japan",- MAN-B&W,31.5m,31.5,,Chinese,bss 1yr BBHP,allied_2021_W41_ALLIED-Weekly-Market-Report_17_10_2021.pdf,6
2021-10-17,41,CAPE,CAPE GARLAND,178394,2009,"Mitsui Eng. & Co. Ltd., Chiba Works - Ichihara,",SB. MAN-B&W rgn/xs,32.0m,32.0,,Chinese,BWTS fitted,allied_2021_W41_ALLIED-Weekly-Market-Report_17_10_2021.pdf,6
2021-10-17,41,CAPE,BLUEMOON,170089,2002,Ishikawajima- Harima Heavy Industries Co,Sulzer Ltd,15.75m,15.75,,Chinese,SS/DD due Dec '21,allied_2021_W41_ALLIED-Weekly-Market-Report_17_10_2021.pdf,6
2021-10-17,41,KMAX,IBIS WIND,82937,2013,"Sanoyas Shipbuilding Corp Kurashiki OY, Japan",- MAN-B&W,28.1m,28.1,,Starocean,,allied_2021_W41_ALLIED-Weekly-Market-Report_17_10_2021.pdf,6
2021-10-17,41,KMAX,LENA B,81922,2017,Tsuneishi Group (Zhoushan) Shipbuilding Inc,MAN-B&W - rgn,35.0m,35.0,,Far Eastern,"SS/DD due Jan '22, BWTS fitted, eco",allied_2021_W41_ALLIED-Weekly-Market-Report_17_10_2021.pdf,6
2021-10-17,41,PMAX,GOLDEN ENDURER,79457,2011,Jinhai Heavy Industry Co Ltd Daishan County,"- MAN-B&W ZJ, rgn",20.0m,20.0,,Greek,BWTS fitted,allied_2021_W41_ALLIED-Weekly-Market-Report_17_10_2021.pdf,6
2021-10-17,41,PMAX,GOLDEN OPPORTUNITY,75825,2008,"Jiangsu Rongsheng Shipbuilding Co - Rugao JS, China",Ltd MAN-B&W rgn,17.0m,17.0,,Greek,"BWTS fitted, ice class 1C, old sale (Sep '21)",allied_2021_W41_ALLIED-Weekly-Market-Report_17_10_2021.pdf,6
2021-10-17,41,PMAX,ORIENT VIOLET,77111,2015,Imabari Shipbuilding Co - Marugame Yangzhou Guoyu,Ltd Mitsui KG,30.3m,30.3,,TMS,"eco M/E, BWTS fitted",allied_2021_W41_ALLIED-Weekly-Market-Report_17_10_2021.pdf,6
2021-10-17,41,SMAX,SHANDONG HAI SHENG,56532,2011,"Shipbuilding Co - Yangzhou JS, China",Ltd 4 Wartsila CRANES X 36t,17.1m,17.1,,Chinese,"auction sale, BWTS fitted, bss dely Nov/Dec '21 7",allied_2021_W41_ALLIED-Weekly-Market-Report_17_10_2021.pdf,6
2021-10-17,41,SUB,ALDI WAVE,,28242008,Hyundai Mipo Dockyard Co Ltd,- MAN-B&W,40.0m,40.0,,MSC,,allied_2021_W41_ALLIED-Weekly-Market-Report_17_10_2021.pdf,7
2021-10-17,41,PMAX,GH MELTEMI,,27962010,Wenchong Shipyard Co Ltd - Guangzhou,Wartsila CRANES,35.0m,35.0,,Danish,,allied_2021_W41_ALLIED-Weekly-Market-Report_17_10_2021.pdf,7
2021-10-17,41,FEEDER,VIKING MERLIN,,17402014,Guangzhou Wenchong Shipyard Co Ltd - Guangzhou,2 MAN-B&W CRANES X 45t,33.0m,33.0,,CMA CGM,bss dely Jan/Feb '22,allied_2021_W41_ALLIED-Weekly-Market-Report_17_10_2021.pdf,7
2021-10-17,41,FEEDER,ROBERT RICKMERS,,17302003,Stocznia Szczecinska Nowa,3 Sulzer CRANES X 40t,20.0m,20.0,,MSC,,allied_2021_W41_ALLIED-Weekly-Market-Report_17_10_2021.pdf,7
2021-10-17,41,LNG,GASLOG SHANGHAI,82104,2013,"Samsung Heavy Industries Co Ltd Geoje, S. Korea","- Wartsila 151,900",120.0m,120.0,,China Development Bank,incl 5-yr BBB,allied_2021_W41_ALLIED-Weekly-Market-Report_17_10_2021.pdf,7
2021-10-17,41,LNG,GASLOG SALEM,82023,2015,"Samsung Heavy Industries Co Ltd Geoje, S. Korea","- Wartsila 151,900",128.0m,128.0,,China Development Bank,incl 5-yr BBB,allied_2021_W41_ALLIED-Weekly-Market-Report_17_10_2021.pdf,7
2021-10-17,41,LPG,IRIS GLORY,54707,2008,Daewoo Shipbuilding Marine Engineering,"& MAN-B&W 82,026",41.65m,41.65,,Japanese,incl 9-yr BBB,allied_2021_W41_ALLIED-Weekly-Market-Report_17_10_2021.pdf,7
2021-10-17,41,LPG,HAPPY BRIDE,4999,1999,"Hyundai Heavy Industries Co Ltd Ulsan, S. Korea","- B&W 6,261",4.7m,4.7,,Hargaz,8,allied_2021_W41_ALLIED-Weekly-Market-Report_17_10_2021.pdf,7
2021-10-24,42,VLCC,SEAWAYS TYBEE,300960,2015,Shanghai Waigaoqiao Shipbuilding Co,MAN-B&W Ltd,,,,,,allied_2021_W42_ALLIED-Weekly-Market-Report_24_10_2021.pdf,6
2021-10-24,42,VLCC,SEAWAYS CAPE HENRY,300932,2016,Shanghai Waigaoqiao Shipbuilding Co,MAN-B&W Ltd,,,,,,allied_2021_W42_ALLIED-Weekly-Market-Report_24_10_2021.pdf,6
2021-10-24,42,VLCC,SEAWAYS LIBERTY,300932,2016,Shanghai Waigaoqiao Shipbuilding Co,MAN-B&W Ltd,380.0m,,380.0,Ocean Yield,"bss 10-yr BBBack, incl",allied_2021_W42_ALLIED-Weekly-Market-Report_24_10_2021.pdf,6
2021-10-24,42,VLCC,SEAWAYS TRITON,300932,2016,Shanghai Waigaoqiao Shipbuilding Co,MAN-B&W Ltd,en bloc,,,,purch. obligation,allied_2021_W42_ALLIED-Weekly-Market-Report_24_10_2021.pdf,6
2021-10-24,42,VLCC,HEAD,299989,2016,Waigaoqiao Shipbuilding Co,MAN-B&W Ltd,,,,,,allied_2021_W42_ALLIED-Weekly-Market-Report_24_10_2021.pdf,6
2021-10-24,42,VLCC,SEAWAYS HENDRICKS,299983,2016,Shanghai Waigaoqiao Shipbuilding Co,MAN-B&W Ltd,,,,,,allied_2021_W42_ALLIED-Weekly-Market-Report_24_10_2021.pdf,6
2021-10-24,42,PROD/,CELSIUS MACAU,20768,2006,Shin Kurushima Dockyard Co. Ltd.,- Mitsubishi Stainless,N/A,,,Chinese,,allied_2021_W42_ALLIED-Weekly-Market-Report_24_10_2021.pdf,6
2021-10-24,42,CHEM,SICHEM MUMBAI,13085,2006,"Shipbuilding Co - Tongyeong,",Ltd MAN-B&W S. Phenolic,4.9m,4.9,,undisclosed,,allied_2021_W42_ALLIED-Weekly-Market-Report_24_10_2021.pdf,6
2021-10-24,42,PROD/,ASL TRIBUTE,12306,2007,Sasaki Shipbuilding Co Ltd -,MAN-B&W Epoxy,5.5m,5.5,,Singaporean,,allied_2021_W42_ALLIED-Weekly-Market-Report_24_10_2021.pdf,6
2021-10-24,42,SMALL,MARINUS,7082,2003,Gelibolu Gemi Sanayi ve Ticaret,Insa MaK EPOXY,3.9m,3.9,,undisclosed,,allied_2021_W42_ALLIED-Weekly-Market-Report_24_10_2021.pdf,6
2021-10-24,42,PMAX,RAMANAS ROSE,84500,2021,"Oshima Shipbuilding Co - Saikai NS, Japan",Ltd,44.0m,44.0,,Greek,,allied_2021_W42_ALLIED-Weekly-Market-Report_24_10_2021.pdf,6
2021-10-24,42,PMAX,SHANDONG HAI CHANG,75200,2011,Penglai Zhongbai Jinglu Ship Industry Co Ltd - Penglai,MAN-B&W rgn,16.75m,16.75,,undisclosed,"auction sale, SS/DD due oct '21",allied_2021_W42_ALLIED-Weekly-Market-Report_24_10_2021.pdf,6
2021-10-24,42,PMAX,BEI LUN HAI,969703,1989,Imabari Shipbuilding Co - Marugame,Ltd Sulzer KG rgn,4.7m,4.7,,Zhejiang Yihe,auction sale,allied_2021_W42_ALLIED-Weekly-Market-Report_24_10_2021.pdf,6
2021-10-24,42,UMAX,KANOURA,61396,2013,"Iwagi Zosen Co Kamijima EH, Japan","Ltd - 4 X MAN-B&W CRANES 30,7t rgn",28.0m,28.0,,Chinese,BWTS fitted,allied_2021_W42_ALLIED-Weekly-Market-Report_24_10_2021.pdf,6
2021-10-24,42,UMAX,DANIELA OETKER,61288,2015,"Shin Kasado Dockyard Co Ltd Kudamatsu YC,","4 X - MAN-B&W CRANES 30,7t",29.8m,29.8,,undisclosed,BWTS fitted,allied_2021_W42_ALLIED-Weekly-Market-Report_24_10_2021.pdf,6
2021-10-24,42,SMAX,WP BRAVE,58627,2012,"SPP Shipbuilding Co Ltd - Sacheon, Korea",4 S. MAN-B&W CRANES X 30t,21.75m,21.75,,undisclosed,tier II,allied_2021_W42_ALLIED-Weekly-Market-Report_24_10_2021.pdf,6
2021-10-24,42,SMAX,IKAN SELAYANG,56079,2013,"Mitsui Eng. & Co. Ltd. - Tamano, Japan",SB. 4 MAN-B&W CRANES X 30t,26.5m,26.5,,undisclosed,,allied_2021_W42_ALLIED-Weekly-Market-Report_24_10_2021.pdf,6
2021-10-24,42,SMAX,PACIFIC 08,52471,2004,"Tsuneishi Corp Tadotsu KG, Japan",- 4 B&W CRANES X 30t rgn,15.5m,15.5,,Chinese,bss dely Dec '21,allied_2021_W42_ALLIED-Weekly-Market-Report_24_10_2021.pdf,6
2021-10-24,42,SMAX,LUCKY SEA,52246,2005,"Yangzhou Dayang Shipbuilding Co - Yangzhou JS,",4 Ltd MAN-B&W CRANES X 30t,14.2m,14.2,,Egyptian,,allied_2021_W42_ALLIED-Weekly-Market-Report_24_10_2021.pdf,6
2021-10-24,42,HANDY,FEDERAL DANUBE,37116,2004,"New Century Shipbuilding Co - Jingjiang JS, China",4 B&W Ltd CRANES X 40t,23.0m,,23.0,undisclosed,"bss dely Jan '22, BWTS",allied_2021_W42_ALLIED-Weekly-Market-Report_24_10_2021.pdf,6
2021-10-24,42,HANDY,FEDERAL ELBE,37058,2003,"New Century Shipbuilding Co - Jingjiang JS, China",4 B&W Ltd CRANES,en bloc X 40t,,,,"fitted, laker, ice class 7",allied_2021_W42_ALLIED-Weekly-Market-Report_24_10_2021.pdf,6
2021-10-24,42,PMAX,SC MARA,,50592006,Hanjin Heavy Industries & Construction Co,MAN-B&W Ltd,68.0m,68.0,,,,allied_2021_W42_ALLIED-Weekly-Market-Report_24_10_2021.pdf,7
2021-10-24,42,PMAX,CSL SANTA MARIA,,50472005,"Hyundai Heavy Industries Co Ltd Ulsan, S. Korea",Sulzer -,68.0m,68.0,,MSC,,allied_2021_W42_ALLIED-Weekly-Market-Report_24_10_2021.pdf,7
2021-10-24,42,PMAX CITY,OF ALEXANDRIA,,50412006,"Hyundai Heavy Industries Co Ltd Ulsan, S. Korea",MAN-B&W -,68.0m,68.0,,,,allied_2021_W42_ALLIED-Weekly-Market-Report_24_10_2021.pdf,7
2021-10-24,42,PMAX,IRENES RESPECT,,28242006,"Dockyard Co Ltd Ulsan, S. Korea",- MAN-B&W,44.0m,44.0,,CMA CGM,,allied_2021_W42_ALLIED-Weekly-Market-Report_24_10_2021.pdf,7
2021-10-24,42,FEEDER,SAN ALVARO,,18192007,"Hyundai Mipo Dockyard Co Ltd Ulsan, S. Korea",3 - MAN-B&W CRANES,X 45t N/A,,,Danish,,allied_2021_W42_ALLIED-Weekly-Market-Report_24_10_2021.pdf,7
2021-10-24,42,FEEDER,AS FEDERICA,,12842007,"Zhejiang Ouhua Shipbuilding Co - Zhoushan ZJ,",2 Ltd MAN CRANES X 45t,23.0m,23.0,,undisclosed,,allied_2021_W42_ALLIED-Weekly-Market-Report_24_10_2021.pdf,7
2021-10-24,42,FEEDER,AS FAUSTINA,,12842007,"Zhejiang Ouhua Shipbuilding Co - Zhoushan ZJ,",2 Ltd MAN CRANES X 45t,23.0m,23.0,,undisclosed,,allied_2021_W42_ALLIED-Weekly-Market-Report_24_10_2021.pdf,7
2021-10-24,42,FEEDER,GRETE SIBUM,,10362008,SSW Schichau Seebeck Shipyard GmbH -,MaK,20.1m,20.1,,undisclosed,DD passed,allied_2021_W42_ALLIED-Weekly-Market-Report_24_10_2021.pdf,7
2021-10-24,42,FEEDER,STEFAN SIBUM,,10362008,SSW Schichau Seebeck Shipyard GmbH -,MaK,21.5m,21.5,,undisclosed,8,allied_2021_W42_ALLIED-Weekly-Market-Report_24_10_2021.pdf,7
2021-10-31,43,VLCC,GILOS,319247,2004,"Hyundai Samho Heavy Industries Co Ltd - Samho,",B&W S.,31.0m,31.0,,Egyptian,scrubber fitted,allied_2021_W43_ALLIED-Weekly-Market-Report_31_10_2021-1_compressed.pdf,6
2021-10-31,43,AFRA ADVANTAGE,ARROW,115804,2009,"Samsung Heavy Industries Co Ltd Geoje, S. Korea",- MAN-B&W,52.0m,52.0,,Greek,,allied_2021_W43_ALLIED-Weekly-Market-Report_31_10_2021-1_compressed.pdf,6
2021-10-31,43,AFRA ADVANTAGE,AVENUE,115785,2010,"Samsung Heavy Industries Co Ltd Geoje, S. Korea",- MAN-B&W,en bloc,,,,,allied_2021_W43_ALLIED-Weekly-Market-Report_31_10_2021-1_compressed.pdf,6
2021-10-31,43,LR1,TAI HU,73980,2007,"New Century Shipbuilding Co - Jingjiang JS, China",Ltd MAN-B&W EPOXY,10.5m,10.5,,undisclosed,,allied_2021_W43_ALLIED-Weekly-Market-Report_31_10_2021-1_compressed.pdf,6
2021-10-31,43,MR,STAR FALCON,53815,2007,"Shin Kurushima Dockyard Co. Ltd. Onishi, Japan",- Mitsubishi EPOXY rgn,10.0m,10.0,,undisclosed,,allied_2021_W43_ALLIED-Weekly-Market-Report_31_10_2021-1_compressed.pdf,6
2021-10-31,43,MR,STAR EAGLE,51202,2007,"STX Shipbuilding Co Ltd - Changwon (Jinhae Shipyard),",MAN-B&W S. EPOXY,11.75m,11.75,,undisclosed,,allied_2021_W43_ALLIED-Weekly-Market-Report_31_10_2021-1_compressed.pdf,6
2021-10-31,43,MR,HIGH VENTURE,51088,2006,"STX Shipbuilding Co Ltd - Changwon (Jinhae Shipyard),",MAN-B&W S. Epoxy Phenolic,10.7m,10.7,,Indian,,allied_2021_W43_ALLIED-Weekly-Market-Report_31_10_2021-1_compressed.pdf,6
2021-10-31,43,MR,K SHIPBUILDING 1928,49800,2022,"K-Shipbuilding Ltd - Changwon, Korea",Co MAN-B&W S.,37.8m,37.8,,EastMed,blt Oct '22,allied_2021_W43_ALLIED-Weekly-Market-Report_31_10_2021-1_compressed.pdf,6
2021-10-31,43,MR,K SHIPBUILDING 1929,49800,2022,"K-Shipbuilding Ltd - Changwon, Korea",Co MAN-B&W S.,37.8m,37.8,,,blt Dec '22,allied_2021_W43_ALLIED-Weekly-Market-Report_31_10_2021-1_compressed.pdf,6
2021-10-31,43,MR,AIOLOS,37651,2007,"Hyundai Mipo Dockyard Co Ltd Ulsan, S. Korea",- MAN-B&W Epoxy Phenolic,8.0m,8.0,,undisclosed,SS/DD due Mar '22,allied_2021_W43_ALLIED-Weekly-Market-Report_31_10_2021-1_compressed.pdf,6
2021-10-31,43,MR,BAUCI,37320,2002,"STX Shipbuilding Co Ltd - Changwon (Jinhae Shipyard),",MAN-B&W S. EPOXY rgn,6.3m,6.3,,undisclosed,,allied_2021_W43_ALLIED-Weekly-Market-Report_31_10_2021-1_compressed.pdf,6
2021-10-31,43,CHEM,CHEM WOLVERINE,19991,2006,"Ltd - Usuki OT, Japan",MAN-B&W Steel,9.0m,9.0,,S. Korean,,allied_2021_W43_ALLIED-Weekly-Market-Report_31_10_2021-1_compressed.pdf,6
2021-10-31,43,CHEM,CRIMSON RAY,19984,2007,"Shipbuilding Co - Nagasaki NS,",Ltd MAN-B&W Steel,12.5m,12.5,,S. Korean,,allied_2021_W43_ALLIED-Weekly-Market-Report_31_10_2021-1_compressed.pdf,6
2021-10-31,43,SMALL,SOLITAIRE,9124,2008,Guangzhou Hangtong,Daihatsu EPOXY,4.2m,4.2,,Indonesian,,allied_2021_W43_ALLIED-Weekly-Market-Report_31_10_2021-1_compressed.pdf,6
2021-10-31,43,CAPE,CAPE SPRING,180082,2011,Qingdao Beihai Shipbuilding Heavy Industry Co Ltd,MAN-B&W -,30.0m,30.0,,undisclosed,bss dely with Q1 '22,allied_2021_W43_ALLIED-Weekly-Market-Report_31_10_2021-1_compressed.pdf,6
2021-10-31,43,KMAX,JIANGSU YANGZI-,82300,2022,Jiangsu Yangzi- Mitsui Shipbuilding,MAN-B&W,38.5m,38.5,,Greek,blt Jan '22,allied_2021_W43_ALLIED-Weekly-Market-Report_31_10_2021-1_compressed.pdf,6
2021-10-31,43,KMAX,KEY DISCOVERY,82152,2010,Tsuneishi Holdings Corp Tsuneishi Shipbuilding Co,MAN-B&W - rgn/xs,24.0m,24.0,,Greek,"BWTS fitted, SS/DD passed",allied_2021_W43_ALLIED-Weekly-Market-Report_31_10_2021-1_compressed.pdf,6
2021-10-31,43,UMAX,SUNLEAF GRACE,61683,2011,"Oshima Shipbuilding Co - Saikai NS, Japan",4 Ltd MAN-B&W CRANES X 30t rgn,22.0m,22.0,,undisclosed,bss dely Mar-May '22,allied_2021_W43_ALLIED-Weekly-Market-Report_31_10_2021-1_compressed.pdf,6
2021-10-31,43,HANDY,NINA-MARIE,35974,2012,"ZCHI Shipbuilding Co Ltd - Zhoushan ZJ, China",4 MAN-B&W CRANES X 30t,17.5m,17.5,,undisclosed,,allied_2021_W43_ALLIED-Weekly-Market-Report_31_10_2021-1_compressed.pdf,6
2021-10-31,43,HANDY,RENATE,35946,2013,"ZCHI Shipbuilding Co Ltd - Zhoushan ZJ, China SPP Shipbuilding",4 MAN-B&W CRANES X 30t,18.0m,18.0,,undisclosed,,allied_2021_W43_ALLIED-Weekly-Market-Report_31_10_2021-1_compressed.pdf,6
2021-10-31,43,HANDY,DORY,34529,2010,"Co Ltd - Tongyeong, Korea",4 MAN-B&W S. CRANES X 35t,16.2m,16.2,,undisclosed,bss prompt dely with TC with max redely Feb '22 at about 8kpd nett 7,allied_2021_W43_ALLIED-Weekly-Market-Report_31_10_2021-1_compressed.pdf,6
2021-10-31,43,FEEDER,ASTURIANO II,,13682012,"AVIC Weihai Shipyard Co Ltd Weihai SD, China",2 - MAN-B&W CRANES,X 40t N/A,,,Safeen Feeders,8,allied_2021_W43_ALLIED-Weekly-Market-Report_31_10_2021-1_compressed.pdf,7
2021-11-07,44,LR1,IRIS VICTORIA,74905,2010,Minaminippon Shipbuilding Co - Usuki OT,Ltd MAN-B&W EPOXY,17.75m,17.75,,Transocean,,allied_2021_W44_ALLIED-Weekly-Market-Report_07_11_2021.pdf,6
2021-11-07,44,MR,ANGEL 61,48635,2006,"Iwagi Zosen Co Kamijima EH, Japan",Ltd - MAN-B&W EPOXY,9.8m,9.8,,Greek,"BWTS fitted, ucoiled",allied_2021_W44_ALLIED-Weekly-Market-Report_07_11_2021.pdf,6
2021-11-07,44,MR,ANGEL 62,47410,2009,"Onomichi Dockyard Co Ltd - Onomichi HS, Japan",MAN-B&W EPOXY rgn,13.7m,13.7,,Spring Marine Management,,allied_2021_W44_ALLIED-Weekly-Market-Report_07_11_2021.pdf,6
2021-11-07,44,SMALL,BOW FULING,9156,2012,Chongqing Chuandong Shipbuilding,MAN Stainless Steel,,,,,,allied_2021_W44_ALLIED-Weekly-Market-Report_07_11_2021.pdf,6
2021-11-07,44,SMALL,BOW NANGANG,9124,2013,Chongqing Chuandong Shipbuilding,MAN Stainless Steel,N/A,,,E&S Tankers,,allied_2021_W44_ALLIED-Weekly-Market-Report_07_11_2021.pdf,6
2021-11-07,44,SMALL,BOW DALIAN,9118,2012,Chongqing Chuandong,MAN Stainless Steel,,,,,,allied_2021_W44_ALLIED-Weekly-Market-Report_07_11_2021.pdf,6
2021-11-07,44,VLOC,MP THE KRAFT,209199,2020,"Jiangsu Newyangzi Shipbuilding Co - Jingjiang JS, China",MAN-B&W Ltd,65.0m,65.0,,Singaporean,,allied_2021_W44_ALLIED-Weekly-Market-Report_07_11_2021.pdf,6
2021-11-07,44,VLOC MP,THE HIGHTOWER,207999,2020,"Jiangsu Newyangzi Shipbuilding Co - Jingjiang JS, China",MAN-B&W Ltd,65.0m,65.0,,,,allied_2021_W44_ALLIED-Weekly-Market-Report_07_11_2021.pdf,6
2021-11-07,44,CAPE,ASL MARS,175085,2004,Shanghai Waigaoqiao Shipbuilding Co,MAN-B&W Ltd high,16.0m,16.0,,undisclosed,,allied_2021_W44_ALLIED-Weekly-Market-Report_07_11_2021.pdf,6
2021-11-07,44,KMAX,MAJULAH HARBOURFRONT,81922,2014,Tsuneishi Group (Zhoushan) Shipbuilding Inc,MAN-B&W - rgn,31.0m,31.0,,Far Eastern,"eco M/E, BWTS fitted",allied_2021_W44_ALLIED-Weekly-Market-Report_07_11_2021.pdf,6
2021-11-07,44,KMAX,OCEAN ROSEMARY,82265,2013,Dalian Shipbuilding Industry Co Ltd Dalian LN (No,- MAN-B&W 2,23.0m,23.0,,undisclosed,"BWTS fitted, tier II",allied_2021_W44_ALLIED-Weekly-Market-Report_07_11_2021.pdf,6
2021-11-07,44,PMAX,WEN,76098,2011,(Group) Co Ltd,MAN-B&W -,19.64m,19.64,,Chinese,'22,allied_2021_W44_ALLIED-Weekly-Market-Report_07_11_2021.pdf,6
2021-11-07,44,HMAX,BLUEWAYS,46658,1998,"Shanghai China Mitsui Eng. & Co. Ltd. - Tamano, Japan","SB. CR B&W T, CR 4x30.5 4x30 T",8.0m,8.0,,undisclosed,bss cancelling Jan '22,allied_2021_W44_ALLIED-Weekly-Market-Report_07_11_2021.pdf,6
2021-11-07,44,HANDY,SPRING BREEZE,33847,2013,"Jiangsu Yangzijiang Shipbuilding Co - Jiangyin JS, China",4 Ltd MAN-B&W CRANES X 30t high,15.0m,15.0,,undisclosed,"BWTS fitted, incl TC attached at US$ 13,500/day until Aug '22",allied_2021_W44_ALLIED-Weekly-Market-Report_07_11_2021.pdf,6
2021-11-07,44,General,MIGHTY CHAMP,10084,2005,Shin Kurushima Dockyard Co. Ltd.,"CR - B&W T, DE 2x30.7 1x30",6.0m,6.0,,undisclosed,,allied_2021_W44_ALLIED-Weekly-Market-Report_07_11_2021.pdf,6
2021-11-07,44,General,MIGHTY BOSS,10074,2004,Shin Kurushima Dockyard Co. Ltd.,"CR - B&W T, DE 2x30.7 1x30",6.0m,6.0,,undisclosed,,allied_2021_W44_ALLIED-Weekly-Market-Report_07_11_2021.pdf,6
2021-11-14,45,VLCC,MARAN CORONA,306093,2003,Daewoo Shipbuilding Marine Engineering,& B&W,28.5m,28.5,,undisclosed,,allied_2021_W45_ALLIED-Weekly-Market-Report_14_11_2021.pdf,6
2021-11-14,45,SUEZ,DENSA WHALE,158322,2012,"Hyundai Heavy Industries Co Ltd Gunsan, S. Korea",- MAN-B&W rgn,32.0m,32.0,,Greek,SS/DD due Mar '22,allied_2021_W45_ALLIED-Weekly-Market-Report_14_11_2021.pdf,6
2021-11-14,45,MR,OCEAN COSMOS,50359,2008,"SLS Shipbuilding Ltd - Tongyeong, Korea",Co S. MAN-B&W EPOXY,10.7m,10.7,,undisclosed,auction sale,allied_2021_W45_ALLIED-Weekly-Market-Report_14_11_2021.pdf,6
2021-11-14,45,MR,SEAWAYS BODIE,37627,2006,"Hyundai Mipo Dockyard Co Ltd Ulsan, S. Korea",- MAN-B&W Epoxy Phenolic,N/A,,,undisclosed,,allied_2021_W45_ALLIED-Weekly-Market-Report_14_11_2021.pdf,6
2021-11-14,45,CHEM,WAWASAN RUBY,19957,2010,"Ltd - Usuki OT, Japan",MAN-B&W Steel,N/A,,,Far Eastern,,allied_2021_W45_ALLIED-Weekly-Market-Report_14_11_2021.pdf,6
2021-11-14,45,PROD/,LT CRYSTAL,13545,2021,Dayang Offshore,Mitsubishi EPOXY,,,,,,allied_2021_W45_ALLIED-Weekly-Market-Report_14_11_2021.pdf,6
2021-11-14,45,PROD/,LT DIAMOND,13200,2020,Dayang Offshore,Mitsubishi EPOXY,each,,,Chemical,,allied_2021_W45_ALLIED-Weekly-Market-Report_14_11_2021.pdf,6
2021-11-14,45,POST,BUNJI,98704,2013,Tsuneishi Group (Zhoushan),MAN-B&W,rgn $,,,Oldendorff,,allied_2021_W45_ALLIED-Weekly-Market-Report_14_11_2021.pdf,6
2021-11-14,45,PMAX,YUTAI AMBITIONS,77283,2008,"Oshima Shipbuilding Co - Saikai NS, Japan",Ltd MAN-B&W rgn/low,18.0m,18.0,,Greek,,allied_2021_W45_ALLIED-Weekly-Market-Report_14_11_2021.pdf,6
2021-11-14,45,PMAX,BERLIN,76600,2009,"Shin Kasado Dockyard Co Ltd Kudamatsu YC,",- MAN-B&W,19.9m,19.9,,Pangea Logistics,BWTS fitted,allied_2021_W45_ALLIED-Weekly-Market-Report_14_11_2021.pdf,6
2021-11-14,45,UMAX,SOHO MERCHANT,63800,2015,"Chengxi Shipyard Co Ltd - Jiangyin JS, China",4 MAN-B&W CRANES X 30t rgn,23.0m,23.0,,Greek,,allied_2021_W45_ALLIED-Weekly-Market-Report_14_11_2021.pdf,6
2021-11-14,45,UMAX,SOHO TRADER,63473,2015,"Jiangsu Newyangzi Shipbuilding Co - Jingjiang JS, China",4 Ltd Wartsila CRANES,X 30t each,,,,,allied_2021_W45_ALLIED-Weekly-Market-Report_14_11_2021.pdf,6
2021-11-14,45,UMAX,NAUTICAL ALICE,63580,2016,Jiangsu New Hantong Ship Heavy Industry,4 MAN-B&W CRANES Co X 30t,28.5m,28.5,,Greek,"SS/DD passed, BWTS & scrubber fitted",allied_2021_W45_ALLIED-Weekly-Market-Report_14_11_2021.pdf,6
2021-11-14,45,UMAX,STAR CRIOS,63301,2012,"Ltd Yangzhong Yangzhou Dayang Shipbuilding Co - Yangzhou JS, Yangzhou Dayang","JS CR Ltd MAN-B&W CR 4x36 T, 4x35 T",21.5m,21.5,,undisclosed,"SS/DD due Jun '22, bss prompt dely Far East",allied_2021_W45_ALLIED-Weekly-Market-Report_14_11_2021.pdf,6
2021-11-14,45,UMAX,STAR DAMON,63227,2012,"Shipbuilding Co - Yangzhou JS,","CR Ltd MAN-B&W CR 4x36 T, 4x35 T",22.5m,22.5,,Greek,"incl TC attached at US$ 36,500/day until Mar/May '22, BWTS fitted",allied_2021_W45_ALLIED-Weekly-Market-Report_14_11_2021.pdf,6
2021-11-14,45,UMAX,IKAN SENYUR,61494,2010,"China Shin Kasado Dockyard Co Ltd Kudamatsu YC,","4 X - MAN-B&W CRANES 30,7t rgn/xs",22.0m,22.0,,Vietnamese,BWTS fitted,allied_2021_W45_ALLIED-Weekly-Market-Report_14_11_2021.pdf,6
2021-11-14,45,SMAX,FU HENG SHAN,57034,2011,Jiangsu Hantong Ship Heavy Industry Co Ltd,MAN-B&W -,20.0m,20.0,,Chinese,"BWTS fitted, tier II, Chinese flag",allied_2021_W45_ALLIED-Weekly-Market-Report_14_11_2021.pdf,6
2021-11-14,45,SMAX,SHANDONG HAI TONG,56724,2012,"Jinling Shipyard Nanjing JS, China",- 4 MAN-B&W CRANES X 30t,16.71m,16.71,,Zhehai Shipping,"bss SS/DD/BWTS due May '22, tier II, via online auction",allied_2021_W45_ALLIED-Weekly-Market-Report_14_11_2021.pdf,6
2021-11-14,45,HANDY,ZHONG XING DA,9838448,2013,"Zhejiang Hexing Shipyard - Wenling ZJ, China",4 MAN-B&W CRANES X 30t rgn,14.1m,14.1,,undisclosed,7,allied_2021_W45_ALLIED-Weekly-Market-Report_14_11_2021.pdf,6
2021-11-14,45,PMAX,CORONADO BAY,,25782008,Shipbuilding Industry Co Ltd,Wartsila CRANES -,40.0m,40.0,,undisclosed,,allied_2021_W45_ALLIED-Weekly-Market-Report_14_11_2021.pdf,7
2021-11-14,45,PMAX,GLACIER BAY,,25782009,Shipbuilding Industry Co Ltd,Wartsila CRANES -,40.0m,40.0,,,8,allied_2021_W45_ALLIED-Weekly-Market-Report_14_11_2021.pdf,7
2021-11-21,46,VLCC,DAEWOO 5496,300000,2022,Daewoo Shipbuilding Marine Engineering Co Ltd - Geoje,& MAN-B&W S,,,,,,allied_2021_W46_ALLIED-Weekly-Market-Report_21_11_2021.pdf,6
2021-11-21,46,VLCC,DAEWOO 5497,300000,2023,Daewoo Shipbuilding Marine Engineering Co Ltd - Geoje,& MAN-B&W S en bloc,245.0m,,245.0,Bocomm,bss 7-yr lease structure with purchase options and 7-yr TC to Shell upon dely,allied_2021_W46_ALLIED-Weekly-Market-Report_21_11_2021.pdf,6
2021-11-21,46,VLCC,DAEWOO 5498,300000,2023,Daewoo Shipbuilding Marine Engineering,& MAN-B&W,,,,,,allied_2021_W46_ALLIED-Weekly-Market-Report_21_11_2021.pdf,6
2021-11-21,46,SUEZ,SEAWAYS SAUGERTIES,162293,2006,Co Ltd - Geoje Daewoo Shipbuilding Marine Engineering,S & MAN-B&W EPOXY,21.8m,21.8,,undisclosed,"eco M/E, BWTS fitted, coated",allied_2021_W46_ALLIED-Weekly-Market-Report_21_11_2021.pdf,6
2021-11-21,46,SUEZ,ASTRO PERSEUS,159116,2004,"Hyundai Heavy Industries Co Ltd Ulsan, S. Korea",- MAN-B&W EPOXY,18.5m,18.5,,Middle Eastern,DD due Dec '21,allied_2021_W46_ALLIED-Weekly-Market-Report_21_11_2021.pdf,6
2021-11-21,46,SUEZ,ASTRA,149995,2002,"Sasebo Heavy Industries Co. Ltd. Sasebo, Japan",- B&W,N/A,,,undisclosed,,allied_2021_W46_ALLIED-Weekly-Market-Report_21_11_2021.pdf,6
2021-11-21,46,AFRA,ANTONIS,113563,2017,Daehan Shipbuilding Co - Hwawon (Haenam STX Shipbuilding,Ltd MAN-B&W EPOXY,44.5m,44.5,,undisclosed,,allied_2021_W46_ALLIED-Weekly-Market-Report_21_11_2021.pdf,6
2021-11-21,46,MR,PTI RHINE,51271,2007,"Co Ltd - Changwon (Jinhae Shipyard), Korea",MAN-B&W S. EPOXY rgn,9.95m,9.95,,undisclosed,DD due,allied_2021_W46_ALLIED-Weekly-Market-Report_21_11_2021.pdf,6
2021-11-21,46,MR,PTI AMAZON,51218,2007,"STX Shipbuilding Co Ltd - Changwon (Jinhae Shipyard),",MAN-B&W S. EPOXY rgn,9.95m,9.95,,,,allied_2021_W46_ALLIED-Weekly-Market-Report_21_11_2021.pdf,6
2021-11-21,46,MR,OCEAN GLOBE,50344,2007,"Korea SLS Shipbuilding Ltd - Tongyeong, Korea",Co S. MAN-B&W EPOXY,10.0m,10.0,,undisclosed,,allied_2021_W46_ALLIED-Weekly-Market-Report_21_11_2021.pdf,6
2021-11-21,46,EASTERLY,AS OLIVIA,19981,2007,"Ltd - Usuki OT,",MAN-B&W,11.0m,11.0,,Womar,,allied_2021_W46_ALLIED-Weekly-Market-Report_21_11_2021.pdf,6
2021-11-21,46,CHEM,MESABI,12934,2006,"Co Ltd - Tongyeong,",MAN-B&W S. Phenolic,6.0m,6.0,,undisclosed,fitted,allied_2021_W46_ALLIED-Weekly-Market-Report_21_11_2021.pdf,6
2021-11-21,46,SMALL,IHEM,5850,2005,Torgem Gemi Insaat Sanayii,ve MaK Marine Line,1.9m,1.9,,Nigerian,laid up,allied_2021_W46_ALLIED-Weekly-Market-Report_21_11_2021.pdf,6
2021-11-21,46,VLOC,CHINA STEEL REALIST,203512,2007,"CSBC Corp, Taiwan Kaohsiung, Taiwan",- MAN-B&W rgn,21.5m,21.5,,Chinese,,allied_2021_W46_ALLIED-Weekly-Market-Report_21_11_2021.pdf,6
2021-11-21,46,KMAX,SM AURORA,81970,2012,Jiangsu Eastern Heavy Industry Ltd - Jingjiang,"Co MAN-B&W JS,",21.0m,21.0,,Chinese,bss dely within Q1 '22,allied_2021_W46_ALLIED-Weekly-Market-Report_21_11_2021.pdf,6
2021-11-21,46,PMAX,SITC HUASHAN,76249,2012,Yangfan Group Ltd - Zhoushan China,"Co ZJ, MAN-B&W",22.0m,22.0,,undisclosed,"BWTS fitted, tier II, Sep '21 sale",allied_2021_W46_ALLIED-Weekly-Market-Report_21_11_2021.pdf,6
2021-11-21,46,UMAX,NORD COLORADO,60365,2018,"Oshima Shipbuilding Co - Saikai NS, Japan",4 Ltd MAN-B&W CRANES X 30t rgn,31.8m,31.8,,undisclosed,scrubber fitted,allied_2021_W46_ALLIED-Weekly-Market-Report_21_11_2021.pdf,6
2021-11-21,46,SMAX,GUANG ZHOU ZHAN 5,56970,2010,Jiangsu Hantong Ship Heavy Industry Co Ltd,MAN-B&W -,20.0m,20.0,,Chinese,Chinese Flag,allied_2021_W46_ALLIED-Weekly-Market-Report_21_11_2021.pdf,6
2021-11-21,46,SMAX,BULK ORION,56155,2011,"Mitsui Eng. & Co. Ltd., Chiba Works - Ichihara,",SB. 4 MAN-B&W CRANES X 30t,19.0m,19.0,,undisclosed,"SS/DD paased, BWTS fitted 7",allied_2021_W46_ALLIED-Weekly-Market-Report_21_11_2021.pdf,6
2021-11-21,46,PMAX,X-PRESS GUERNSEY,,50012015,"Samjin Shipbuilding Industries Co Weihai SD, China",MAN-B&W Ltd - rgn,105.0m,105.0,,MSC,,allied_2021_W46_ALLIED-Weekly-Market-Report_21_11_2021.pdf,7
2021-11-21,46,PMAX,X-PRESS JERSEY,,48962014,"Zhejiang Ouhua Shipbuilding Co - Zhoushan ZJ,",MAN-B&W Ltd rgn,105.0m,105.0,,,,allied_2021_W46_ALLIED-Weekly-Market-Report_21_11_2021.pdf,7
2021-11-21,46,PMAX,AS PALATIA,,25722006,"Co Ltd - Changwon (Jinhae Shipyard),",MAN-B&W CRANES S.,71.6m,71.6,,undisclosed,,allied_2021_W46_ALLIED-Weekly-Market-Report_21_11_2021.pdf,7
2021-11-21,46,SUB,AS PETULIA,,25642008,Xiamen,3 Wartsila,en bloc X 45t,,,,,allied_2021_W46_ALLIED-Weekly-Market-Report_21_11_2021.pdf,7
2021-11-21,46,FEEDER,ACACIA REI,,17402010,Guangzhou Wenchong Shipyard Co Ltd - Guangzhou,2 MAN-B&W CRANES,X 45t N/A,,,undisclosed,,allied_2021_W46_ALLIED-Weekly-Market-Report_21_11_2021.pdf,7
2021-11-21,46,FEEDER,BOX EXPRESS,,17002016,Guangzhou Wenchong Shipyard Co Ltd - Guangzhou,Wartsila,40.8m,40.8,,Wan Hai Lines,8,allied_2021_W46_ALLIED-Weekly-Market-Report_21_11_2021.pdf,7
2021-11-28,47,AFRA,FRONT LION,115162,2014,Guangzhou Longxue Shipbuilding Co,MAN-B&W Ltd EPOXY,,,,,,allied_2021_W47_ALLIED-Weekly-Market-Report_28_11_2021.pdf,6
2021-11-28,47,AFRA,FRONT TIGER,115024,2015,Guangzhou Longxue Shipbuilding Co,MAN-B&W Ltd EPOXY,160.0m,,160.0,SFL Corporation,"BWTS & scrubber fitted, incl 5yr TC with purch.",allied_2021_W47_ALLIED-Weekly-Market-Report_28_11_2021.pdf,6
2021-11-28,47,AFRA,FRONT PANTHER,109900,2015,Guangzhou Longxue Shipbuilding Co,MAN-B&W Ltd EPOXY,en bloc,,,,option to Trafigura,allied_2021_W47_ALLIED-Weekly-Market-Report_28_11_2021.pdf,6
2021-11-28,47,AFRA,FRONT PUMA,109900,2015,Guangzhou Longxue Shipbuilding Co,MAN-B&W Ltd EPOXY,,,,,,allied_2021_W47_ALLIED-Weekly-Market-Report_28_11_2021.pdf,6
2021-11-28,47,LR1,NORDNEPTUN,74999,2004,"Hyundai Heavy Industries Co Ltd Ulsan, S. Korea",MAN-B&W - EPOXY,10.0m,10.0,,undisclosed,,allied_2021_W47_ALLIED-Weekly-Market-Report_28_11_2021.pdf,6
2021-11-28,47,LR1,NORDMERKUR,74999,2004,"Hyundai Heavy Industries Co Ltd Ulsan, S. Korea",MAN-B&W - EPOXY,10.0m,10.0,,,,allied_2021_W47_ALLIED-Weekly-Market-Report_28_11_2021.pdf,6
2021-11-28,47,LR1 AMAZON,BRILLIANCE,72910,2005,"Hyundai Heavy Industries Co Ltd Ulsan, S. Korea",- MAN-B&W EPOXY rgn,12.0m,12.0,,undisclosed,,allied_2021_W47_ALLIED-Weekly-Market-Report_28_11_2021.pdf,6
2021-11-28,47,MR,PS HOUSTON,50922,2008,"STX Shipbuilding Co Ltd - Changwon (Jinhae Shipyard),",MAN-B&W S. Epoxy Phenolic,12.0m,12.0,,Greek,ice class 1A,allied_2021_W47_ALLIED-Weekly-Market-Report_28_11_2021.pdf,6
2021-11-28,47,MR,GRAZIA,50213,2010,Guangzhou Shipyard International Co,MAN-B&W Ltd Epoxy Phenolic rgn,15.15m,15.15,,Greek,BWTS fitted,allied_2021_W47_ALLIED-Weekly-Market-Report_28_11_2021.pdf,6
2021-11-28,47,MR,ARCTIC BAY,47999,2006,"STX Shipbuilding Co Ltd - Changwon (Jinhae Shipyard),",MAN-B&W S. Epoxy Phenolic,11.5m,11.5,,undisclosed,,allied_2021_W47_ALLIED-Weekly-Market-Report_28_11_2021.pdf,6
2021-11-28,47,MR,UACC HARMONY,45913,2005,"Shin Kurushima Dockyard Co. Ltd. Onishi, Japan",Mitsubishi - EPOXY rgn,9.2m,9.2,,Middle Eastern,old sale,allied_2021_W47_ALLIED-Weekly-Market-Report_28_11_2021.pdf,6
2021-11-28,47,MR,UACC CONSENSUS,45896,2005,"Shin Kurushima Dockyard Co. Ltd. Onishi, Japan",Mitsubishi - EPOXY rgn,9.2m,9.2,,,,allied_2021_W47_ALLIED-Weekly-Market-Report_28_11_2021.pdf,6
2021-11-28,47,PROD/,OCEAN SEAL,11998,2018,Samjin Shipbuilding Industries Co,Ltd - Wartsila Epoxy,rgn/xs $,,,undisclosed,,allied_2021_W47_ALLIED-Weekly-Market-Report_28_11_2021.pdf,6
2021-11-28,47,CAPE,AQUAPRINCESS,182060,2009,Odense Staalskibsvaerft A/S - Munkebo,MAN-B&W,25.0m,25.0,,Greek,BWTS fitted,allied_2021_W47_ALLIED-Weekly-Market-Report_28_11_2021.pdf,6
2021-11-28,47,CAPE,NAMURA 503,181500,2022,"Namura Shipbuilding Co - Imari SG, Japan",Ltd MAN-B&W rgn/high,59.0m,59.0,,Ocean Longevity,bss prompt dely,allied_2021_W47_ALLIED-Weekly-Market-Report_28_11_2021.pdf,6
2021-11-28,47,PMAX,MAYFAIR SPIRIT,93257,2011,"Shipbuilding Co - Jingjiang JS, China",Ltd MAN-B&W,18.5m,18.5,,NGM,"until April-June/2022 at USD 33,750/day",allied_2021_W47_ALLIED-Weekly-Market-Report_28_11_2021.pdf,6
2021-11-28,47,POST,CHENGXI CX0831,85000,2021,Chengxi Shipyard,MAN-B&W,,,,,,allied_2021_W47_ALLIED-Weekly-Market-Report_28_11_2021.pdf,6
2021-11-28,47,PMAX,CHENGXI CX0832,85000,2022,"Co Ltd - Jiangyin JS, China",MAN-B&W,N/A,,,Chinese,,allied_2021_W47_ALLIED-Weekly-Market-Report_28_11_2021.pdf,6
2021-11-28,47,PMAX,CHENGXI CX0833,85000,2022,"Co Ltd - Jiangyin JS, China",MAN-B&W,,,,,,allied_2021_W47_ALLIED-Weekly-Market-Report_28_11_2021.pdf,6
2021-11-28,47,POST,CHENGXI CX0834,85000,2022,Chengxi Shipyard,MAN-B&W,,,,,,allied_2021_W47_ALLIED-Weekly-Market-Report_28_11_2021.pdf,6
2021-12-05,48,VLCC,NEW CORAL,297580,2010,Shanghai Jiangnan Changxing Shipbuilding Co,MAN-B&W Ltd,38.5m,38.5,,Aeolos Management,,allied_2021_W48_ALLIED-Weekly-Market-Report_05_12_2021.pdf,6
2021-12-05,48,MR,HAFNIA HOPE,40009,2007,"Saiki Heavy Industries Co Ltd Saiki OT, Japan",- Mitsubishi Epoxy Phenolic rgn/xs,9.0m,9.0,,undisclosed,"DPP trading, SS/DD due Jan '22",allied_2021_W48_ALLIED-Weekly-Market-Report_05_12_2021.pdf,6
2021-12-05,48,SMALL,SAEHAN FREESIA,8719,2002,"Shin Kurushima Dockyard Co. Ltd. Hashihama, Imabari,",- B&W Stainless Steel,3.6m,3.6,,Indonesian,SS/DD due Feb '22,allied_2021_W48_ALLIED-Weekly-Market-Report_05_12_2021.pdf,6
2021-12-05,48,SMALL,NEWOCEAN,64679,2014,Chongqing Chuandong,Cummins,5.3m,5.3,,undisclosed,,allied_2021_W48_ALLIED-Weekly-Market-Report_05_12_2021.pdf,6
2021-12-05,48,PMAX,SHANDONG HONG TU,76116,2012,Hudong-Zhonghua Shipbuilding (Group) Co Ltd,MAN-B&W -,20.25m,20.25,,undisclosed,SS/DD due Jan '22,allied_2021_W48_ALLIED-Weekly-Market-Report_05_12_2021.pdf,6
2021-12-05,48,UMAX,TSUNEISHI ZHOUSHAN SS-312,66162,2023,Tsuneishi Group (Zhoushan) Shipbuilding Inc,MAN-B&W -,35.0m,35.0,,Greek,"blt Apr '23, BWTS & scrubber fitted",allied_2021_W48_ALLIED-Weekly-Market-Report_05_12_2021.pdf,6
2021-12-05,48,UMAX,TSUNEISHI ZHOUSHAN SS-311,66162,2023,Tsuneishi Group (Zhoushan) Shipbuilding Inc,MAN-B&W -,34.5m,34.5,,Greek,blt Jan '23,allied_2021_W48_ALLIED-Weekly-Market-Report_05_12_2021.pdf,6
2021-12-05,48,UMAX,VIRGO COLOSSUS,61616,2012,"Oshima Shipbuilding Co - Saikai NS, Japan",4 Ltd MAN-B&W CRANES X 30t,24.0m,24.0,,Greek,old sale,allied_2021_W48_ALLIED-Weekly-Market-Report_05_12_2021.pdf,6
2021-12-05,48,SMAX,BELSTAR,58018,2009,"Yangzhou Dayang Shipbuilding Co - Yangzhou JS,",4 Ltd MAN-B&W CRANES X 36t,35.0m,35.0,,undisclosed,BWTS fitted,allied_2021_W48_ALLIED-Weekly-Market-Report_05_12_2021.pdf,6
2021-12-05,48,SMAX,BELNOR,58018,2010,"Yangzhou Dayang Shipbuilding Co - Yangzhou JS,",4 Ltd MAN-B&W CRANES,en bloc X 35t,,,,,allied_2021_W48_ALLIED-Weekly-Market-Report_05_12_2021.pdf,6
2021-12-05,48,SMAX,TOMINI INFINITY,56720,2010,COSCO (Guangdong) Shipyard Co Ltd,4 MAN-B&W CRANES - X 30t rgn/low,16.0m,16.0,,undisclosed,"bss forward dely F. East within Q1 '22, tier I",allied_2021_W48_ALLIED-Weekly-Market-Report_05_12_2021.pdf,6
2021-12-05,48,HMAX,WAJED,45621,1998,"Dongguan GD Tsuneishi Shipbuilding Co - Fukuyama HS,",4 Ltd B&W CRANES X 30t,10.2m,10.2,,undisclosed,old sale,allied_2021_W48_ALLIED-Weekly-Market-Report_05_12_2021.pdf,6
2021-12-05,48,HMAX,183,40200,2022,Ship Engineering Co Ltd - Jiangmen,MAN-B&W CR 4x30 T,28.5m,28.5,,German,,allied_2021_W48_ALLIED-Weekly-Market-Report_05_12_2021.pdf,6
2021-12-05,48,HANDY,CLIPPER BETTINA,38221,2012,Shimanami Shipyard Co Ltd - Imabari Japan,"4 X EH, MAN-B&W CRANES 30,5t",20.25m,20.25,,undisclosed,BWTS fitted,allied_2021_W48_ALLIED-Weekly-Market-Report_05_12_2021.pdf,6
2021-12-05,48,HANDY,OCEAN GALAXY,37193,2011,"Hyundai Mipo Dockyard Co Ltd Ulsan, S. Korea",4 - MAN-B&W CRANES X 30t rgn/low,16.0m,16.0,,Middle Eastern,BWTS fitted,allied_2021_W48_ALLIED-Weekly-Market-Report_05_12_2021.pdf,6
2021-12-05,48,HANDY,SINLAU BULKER,34485,2018,"The Hakodate Co Ltd - Hakodate HK, Japan",Dock 4 MAN-B&W CRANES,X 30t N/A,,,Greek,"BWTS fitted, eco",allied_2021_W48_ALLIED-Weekly-Market-Report_05_12_2021.pdf,6
2021-12-05,48,HANDY,LEO STAR I,22145,1993,Saiki Heavy Industries Co Ltd,4 - Mitsubishi CRANES X 30t,5.2m,5.2,,undisclosed,,allied_2021_W48_ALLIED-Weekly-Market-Report_05_12_2021.pdf,6
2021-12-05,48,Hatch,SUPER LYDIA,37406,2007,Industries Co Ltd,4 - Mitsubishi CRANES X 36t rgn/mid,13.0m,13.0,,Turkish,,allied_2021_W48_ALLIED-Weekly-Market-Report_05_12_2021.pdf,6
2021-12-05,48,FEEDER,A FUJI,,17742021,"Jiangsu Newyangzi Shipbuilding Co - Jingjiang JS, China",Ltd Wartsila,42.75m,42.75,,Wan Hai Lines,,allied_2021_W48_ALLIED-Weekly-Market-Report_05_12_2021.pdf,7
2021-12-05,48,FEEDER,BREMEN TRADER,,17622021,COSCO (Guangdong) Shipyard Co Ltd,Wartsila -,42.75m,42.75,,Wan Hai Lines,8,allied_2021_W48_ALLIED-Weekly-Market-Report_05_12_2021.pdf,7
2021-12-12,49,VLCC,ASIAN PROGRESS,306352,2004,"Mitsubishi Heavy Industries Ltd. Nagasaki, Japan",- Mitsubishi rgn/xs,28.0m,28.0,,undisclosed,,allied_2021_W49_ALLIED-Weekly-Market-Report_12_12_2021_compressed.pdf,6
2021-12-12,49,LR2,AGNETA PALLAS,115341,2006,"Samsung Heavy Industries Co Ltd Geoje, S. Korea",- MAN-B&W EPOXY,18.15m,18.15,,Castor Maritime,"incl TC attached to AET at US$ 15,000/day for around another 3 months, BWTS fitted",allied_2021_W49_ALLIED-Weekly-Market-Report_12_12_2021_compressed.pdf,6
2021-12-12,49,AFRA,SILVER,107507,2010,Tsuneishi Holdings Corp Tsuneishi Shipbuilding Co Tadotsu KG Japan,MAN-B&W - EPOXY,24.25m,24.25,,Greek,"BWTS fitted, on subs",allied_2021_W49_ALLIED-Weekly-Market-Report_12_12_2021_compressed.pdf,6
2021-12-12,49,AFRA,GOLD,107488,2010,Tsuneishi Holdings Corp Tsuneishi Shipbuilding Co Tadotsu KG Japan,MAN-B&W - EPOXY,each,,,,,allied_2021_W49_ALLIED-Weekly-Market-Report_12_12_2021_compressed.pdf,6
2021-12-12,49,AFRA,KANPUR,106094,2005,"Hyundai Samho Heavy Industries Co Ltd - Samho, Korea",B&W S.,15.0m,15.0,,Greek,,allied_2021_W49_ALLIED-Weekly-Market-Report_12_12_2021_compressed.pdf,6
2021-12-12,49,AFRA,BAREILLY,106061,2005,"Hyundai Samho Heavy Industries Co Ltd - Samho, Korea",B&W S.,each,,,,,allied_2021_W49_ALLIED-Weekly-Market-Report_12_12_2021_compressed.pdf,6
2021-12-12,49,MR,AG MARS,50546,2006,"SPP Shipbuilding Co Ltd - Tongyeong, Guangzhou",Sulzer S. EPOXY,10.0m,10.0,,undisclosed,SS/DD due Nov '21,allied_2021_W49_ALLIED-Weekly-Market-Report_12_12_2021_compressed.pdf,6
2021-12-12,49,MR,MARLIN AQUAMARINE,50000,2016,Shipyard International CoLtd,MAN-B&W - Epoxy Phenolic,,,,,,allied_2021_W49_ALLIED-Weekly-Market-Report_12_12_2021_compressed.pdf,6
2021-12-12,49,MR,MARLIN AZURITE,50000,2016,Guangzhou GD Guangzhou Shipyard International Co,MAN-B&W Ltd Epoxy Phenolic,,,,,,allied_2021_W49_ALLIED-Weekly-Market-Report_12_12_2021_compressed.pdf,6
2021-12-12,49,MR,MARLIN AMETRINE,49999,2015,Guangzhou Guangzhou Shipyard International Co,GD MAN-B&W Ltd Epoxy Phenolic en bloc,140.0m,,140.0,China Development Bank,bss BBB to Trafigura,allied_2021_W49_ALLIED-Weekly-Market-Report_12_12_2021_compressed.pdf,6
2021-12-12,49,MR,MARLIN AMMOLITE,49999,2016,Guangzhou Guangzhou Shipyard International Co,GD MAN-B&W Ltd Epoxy Phenolic,,,,,,allied_2021_W49_ALLIED-Weekly-Market-Report_12_12_2021_compressed.pdf,6
2021-12-12,49,MR MARLIN,AVENTURINE,49999,2016,Guangzhou Guangzhou Shipyard International Co,GD MAN-B&W Ltd Epoxy Phenolic,,,,,,allied_2021_W49_ALLIED-Weekly-Market-Report_12_12_2021_compressed.pdf,6
2021-12-12,49,MR,HIGH VALOR,46994,2005,"Guangzhou STX Shipbuilding Co Ltd - Changwon (Jinhae Shipyard),",GD MAN-B&W S. Epoxy Phenolic,10.3m,10.3,,undisclosed,BWTS fitted,allied_2021_W49_ALLIED-Weekly-Market-Report_12_12_2021_compressed.pdf,6
2021-12-12,49,MR,KAREMA,46248,2004,"STX Shipbuilding Co Ltd - Changwon (Jinhae Shipyard),",MAN-B&W S. Epoxy Phenolic rgn,8.5m,8.5,,Indian,"bss ""as is, where is"" UAE",allied_2021_W49_ALLIED-Weekly-Market-Report_12_12_2021_compressed.pdf,6
2021-12-12,49,PROD/,SHAMROCK,19998,2010,Usuki Shipyard Ltd -,Co Stainless,,,,,"BWTS fitted, incl TC",allied_2021_W49_ALLIED-Weekly-Market-Report_12_12_2021_compressed.pdf,6
2021-12-12,49,CHEM,MERCURY,,,"Usuki OT, Japan",MAN-B&W Steel,16.0m,16.0,,undisclosed,attached,allied_2021_W49_ALLIED-Weekly-Market-Report_12_12_2021_compressed.pdf,6
2021-12-12,49,PROD/,FG ROTTERDAM,19995,2012,"Usuki Shipyard Ltd - Usuki OT,",Co MAN-B&W Stainless,N/A,,,DM Shipping,,allied_2021_W49_ALLIED-Weekly-Market-Report_12_12_2021_compressed.pdf,6
2021-12-12,49,CHEM,BUNGA LAUREL,19992,2010,"Shipbuilding Co - Nagasaki NS,",Ltd MAN-B&W Steel,15.0m,15.0,,undisclosed,,allied_2021_W49_ALLIED-Weekly-Market-Report_12_12_2021_compressed.pdf,6
2021-12-12,49,CAPE,CAPE TREASURE,180201,2007,Koyo Dockyard Ltd - Mihara Japan,"Co HS, MAN-B&W",22.0m,22.0,,H-Line,SS/DD due Feb '22,allied_2021_W49_ALLIED-Weekly-Market-Report_12_12_2021_compressed.pdf,6
2021-12-12,49,KMAX,KING BARLEY,82177,2012,Tsuneishi Group (Zhoushan) Shipbuilding Inc,MAN-B&W - rgn,22.7m,22.7,,Blumenthal,bss SS/DD passed & BWTS fitted 7,allied_2021_W49_ALLIED-Weekly-Market-Report_12_12_2021_compressed.pdf,6
2021-12-12,49,PMAX,COSCO KAWASAKI,,45302010,"Samsung Heavy Industries Co Ltd Geoje, S. Korea",- MAN-B&W,65.0m,65.0,,undisclosed,,allied_2021_W49_ALLIED-Weekly-Market-Report_12_12_2021_compressed.pdf,7
2021-12-12,49,PMAX,ATLANTIC SOLLI,,20152008,"Shipbuilding Co - Ningbo ZJ, China",Ltd MAN-B&W CRANES,26.0m,26.0,,undisclosed,,allied_2021_W49_ALLIED-Weekly-Market-Report_12_12_2021_compressed.pdf,7
2021-12-12,49,FEEDER,VEGA JUNO,,9572008,Yangfan Group Ltd - Zhoushan China,"Co 2 MAN ZJ, CRANES",X 45t N/A,,,Contships,,allied_2021_W49_ALLIED-Weekly-Market-Report_12_12_2021_compressed.pdf,7
2021-12-12,49,FEEDER,VEGA HERCULES,,9572006,Yangfan Group Ltd - Zhoushan China,"Co 2 MAN ZJ, CRANES",X 45t,,,Management,8,allied_2021_W49_ALLIED-Weekly-Market-Report_12_12_2021_compressed.pdf,7
2021-12-12,49,LPG,BW SAKURA,49999,2010,"Mitsubishi Heavy Industries Ltd. Nagasaki, Japan","- Mitsubishi 77,323",N/A,,,undisclosed,,allied_2021_W49_ALLIED-Weekly-Market-Report_12_12_2021_compressed.pdf,8
2021-12-12,49,LPG,BW NIIGATA,49999,2010,"Mitsubishi Heavy Industries Ltd. Nagasaki, Japan","- Mitsubishi 77,330",,,,,,allied_2021_W49_ALLIED-Weekly-Market-Report_12_12_2021_compressed.pdf,8
2021-12-12,49,LPG,CUMULUS GAS,30761,1994,"Kawasaki Heavy Industries Ltd Kobe HG, Japan","- B&W 34,058",7.5m,7.5,,undisclosed,"bss ""as is"" Panama, SS/DD due",allied_2021_W49_ALLIED-Weekly-Market-Report_12_12_2021_compressed.pdf,8
2021-12-12,49,LPG,JOTAGAS,4995,1997,"Hyundai Heavy Industries Co Ltd Ulsan, S. Korea","- B&W 7,166",N/A,,,Stradeza Shipping,9,allied_2021_W49_ALLIED-Weekly-Market-Report_12_12_2021_compressed.pdf,8
2021-12-19,50,VLCC,HYUNDAI SAMHO 8052,299580,2022,"Hyundai Samho Heavy Industries Co Ltd - Samho,",MAN-B&W S. rgn,96.0m,96.0,,Greek,blt May & Jun '22,allied_2021_W50_ALLIED-Weekly-Market-Report_19_12_2021-1.pdf,6
2021-12-19,50,VLCC,HYUNDAI SAMHO 8053,299580,2022,"Hyundai Samho Heavy Industries Co Ltd - Samho,",MAN-B&W S.,each,,,,respectively,allied_2021_W50_ALLIED-Weekly-Market-Report_19_12_2021-1.pdf,6
2021-12-19,50,SUEZ,VOYAGER,149991,2002,"Sasebo Heavy Industries Co. Ltd. Sasebo, Japan",- B&W,13.6m,13.6,,undisclosed,SS/DD due Jan '22,allied_2021_W50_ALLIED-Weekly-Market-Report_19_12_2021-1.pdf,6
2021-12-19,50,LR2,PROSKY,115643,2019,Daehan Shipbuilding Co - Hwawon (Haenam,Ltd MAN-B&W EPOXY,52.0m,52.0,,Neda Maritime Agency,balance TC to Shell for 6+6 months + profit share,allied_2021_W50_ALLIED-Weekly-Market-Report_19_12_2021-1.pdf,6
2021-12-19,50,LR2,STI GALLANTRY,109999,2016,Guangzhou Longxue Shipbuilding Co - Guangzhou,"MAN-B&W Ltd GD, EPOXY",35.1m,35.1,,Ocean Yield,"BWTS fitted, incl 10yr BBB with purch options",allied_2021_W50_ALLIED-Weekly-Market-Report_19_12_2021-1.pdf,6
2021-12-19,50,LR2,STI GUARD,109855,2016,Guangzhou Longxue Shipbuilding Co - Guangzhou,"MAN-B&W Ltd GD, EPOXY",35.1m,35.1,,,and purch obligation,allied_2021_W50_ALLIED-Weekly-Market-Report_19_12_2021-1.pdf,6
2021-12-19,50,AFRA,GUANABARA,106045,2007,Tsuneishi Holdings Corp Tsuneishi Shipbuilding Co,MAN-B&W - rgn,16.5m,16.5,,Castor,SS/DD due Jun '22,allied_2021_W50_ALLIED-Weekly-Market-Report_19_12_2021-1.pdf,6
2021-12-19,50,MR,TARGALE,52660,2007,"3 Maj' Brodogradiliste Rijeka, Croatia",dd - Wartsila Epoxy Phenolic,14.2m,14.2,,undisclosed,,allied_2021_W50_ALLIED-Weekly-Market-Report_19_12_2021-1.pdf,6
2021-12-19,50,MR,OCEAN PLUTO,50359,2007,"SLS Shipbuilding Ltd - Tongyeong, Korea",Co S. MAN-B&W EPOXY,9.6m,9.6,,EGPN,"CPP trading, pumproom",allied_2021_W50_ALLIED-Weekly-Market-Report_19_12_2021-1.pdf,6
2021-12-19,50,MR BIENDONG,VICTORY,47084,2001,"Onomichi Dockyard Co Ltd - Onomichi HS, Japan",B&W EPOXY,6.25m,6.25,,undisclosed,,allied_2021_W50_ALLIED-Weekly-Market-Report_19_12_2021-1.pdf,6
2021-12-19,50,MR,FORMOSA TEN,36233,1998,"Sasebo Heavy Industries Co. Ltd. Sasebo, Japan",- B&W ZINC Coated,3.8m,3.8,,undisclosed,,allied_2021_W50_ALLIED-Weekly-Market-Report_19_12_2021-1.pdf,6
2021-12-19,50,SMALL,DAEHO SUNSTAR,8833,2002,"Usuki Shipyard Ltd - Usuki OT,",Co Mitsubishi Stainless Steel rgn/high,4.0m,4.0,,undisclosed,"SS/DD due Jan '22, StSt",allied_2021_W50_ALLIED-Weekly-Market-Report_19_12_2021-1.pdf,6
2021-12-19,50,KMAX,ATLANTIC LEGEND,83685,2009,"Sanoyas Hishino Meisho Corp Kurashiki OY, Japan",- MAN-B&W rgn/xs,18.0m,18.0,,undisclosed,"BWTS fitted, incl TC attached at US$ 16,500/day until Apr/Jul '22",allied_2021_W50_ALLIED-Weekly-Market-Report_19_12_2021-1.pdf,6
2021-12-19,50,PMAX,QIN FA 18,73322,1998,"Halla Engineering Heavy Industries, Ltd. - Samho,",& B&W S. rgn,10.45m,10.45,,Chinese,bss prompt dely,allied_2021_W50_ALLIED-Weekly-Market-Report_19_12_2021-1.pdf,6
2021-12-19,50,UMAX,NORD ARPEGGIO,61000,2022,"NANTONG OCEAN, China",CR MAN-B&W 4x30.5 rgn $ T,33.8m,33.8,,,bss dely Jan & Feb '22,allied_2021_W50_ALLIED-Weekly-Market-Report_19_12_2021-1.pdf,6
2021-12-19,50,UMAX,NORD ADAGIO,61000,2022,"NANTONG OCEAN, China",CR MAN-B&W,4x30.5 each T,,,undisclosed,,allied_2021_W50_ALLIED-Weekly-Market-Report_19_12_2021-1.pdf,6
2021-12-19,50,UMAX,NORD COLUMBIA,60396,2018,"Oshima Shipbuilding Co - Saikai NS, Japan",4 MAN-B&W Ltd CRANES X 30t rgn,32.5m,32.5,,,BWTS & scrubber fitted,allied_2021_W50_ALLIED-Weekly-Market-Report_19_12_2021-1.pdf,6
2021-12-19,50,SMAX,NIKOLAS III,58081,2009,Tsuneishi Group (Zhoushan) Shipbuilding Inc,4 MAN-B&W CRANES - X 30t,17.5m,17.5,,Chinese,7,allied_2021_W50_ALLIED-Weekly-Market-Report_19_12_2021-1.pdf,6
2021-12-19,50,FEEDER MELBOURNE,STRAIT,,17942008,"Taizhou Kouan Shipbuilding Co - Taizhou JS, China",2 Ltd MAN-B&W CRANES X 40t rgn,27.0m,27.0,,European,,allied_2021_W50_ALLIED-Weekly-Market-Report_19_12_2021-1.pdf,7
2021-12-19,50,FEEDER,MEKONG SPIRIT,,10421996,"Stocznia Szczecinska SA Szczecin, Poland",2 - B&W CRANES,X 40t N/A,,,Russian,8,allied_2021_W50_ALLIED-Weekly-Market-Report_19_12_2021-1.pdf,7
2021-12-26,51,AFRA,PROSTAR,115643,2019,Daehan Shipbuilding Co - Hwawon (Haenam,Ltd MAN-B&W EPOXY,52.0m,52.0,,Greek,,allied_2021_W51_ALLIED-Weekly-Market-Report_26_12_2021.pdf,6
2021-12-26,51,MR,CELSIUS PALERMO,53540,2010,"Shin Kurushima Dockyard Co. Ltd. Onishi, Japan Guangzhou",- Mitsubishi EPOXY,N/A,,,Chemnav,BWTS fitted,allied_2021_W51_ALLIED-Weekly-Market-Report_26_12_2021.pdf,6
2021-12-26,51,MR,NORD GAINER,50281,2011,Shipyard International Co,MAN-B&W Ltd Epoxy Phenolic low/mid,18.0m,18.0,,undisclosed,"BWTS & scrubber fitted, vessel will remain in the pool",allied_2021_W51_ALLIED-Weekly-Market-Report_26_12_2021.pdf,6
2021-12-26,51,MR HYUNDAI,MIPO,285350000,2022,"Guangzhou Hyundai Mipo Dockyard Co Ltd Ulsan, S. Korea",GD - MAN-B&W,38.25m,38.25,,Dee4 Capital Partners,,allied_2021_W51_ALLIED-Weekly-Market-Report_26_12_2021.pdf,6
2021-12-26,51,MR,OCEAN DAHLIA,34800,2021,"Fujian Mawei Shipbuilding Ltd Fuzhou FJ, China",- Wartsila Epoxy Phenolic,,,,,,allied_2021_W51_ALLIED-Weekly-Market-Report_26_12_2021.pdf,6
2021-12-26,51,MR,OCEAN IRIS,34752,2021,"Fujian Mawei Shipbuilding Ltd Fuzhou FJ, China",- Wartsila Epoxy Phenolic,N/A,,,Pioneer Tanker,,allied_2021_W51_ALLIED-Weekly-Market-Report_26_12_2021.pdf,6
2021-12-26,51,MR,OCEAN CLOVER,34746,2019,Fujian Mawei Shipbuilding Ltd,- Wartsila Epoxy Phenolic,,,,,,allied_2021_W51_ALLIED-Weekly-Market-Report_26_12_2021.pdf,6
2021-12-26,51,KMAX SCARLET,ALBATROSS,81923,2015,"Tsuneishi Shipbuilding Co - Fukuyama HS,",Ltd MAN-B&W rgn,31.7m,31.7,,Greek,eco M/E,allied_2021_W51_ALLIED-Weekly-Market-Report_26_12_2021.pdf,6
2021-12-26,51,PMAX,ORIENT UNION,79754,2011,Fujian Crown Ocean Shipbuilding Industry Co Ltd,Wartsila -,17.5m,17.5,,Chinese,BWTS fitted,allied_2021_W51_ALLIED-Weekly-Market-Report_26_12_2021.pdf,6
2021-12-26,51,PMAX,CORAL DIAMOND,76596,2007,Imabari Shipbuilding Co - Marugame,Ltd MAN-B&W KG,16.2m,16.2,,undisclosed,,allied_2021_W51_ALLIED-Weekly-Market-Report_26_12_2021.pdf,6
2021-12-26,51,SMAX,BELOCEAN,58018,2011,"Yangzhou Dayang Shipbuilding Co - Yangzhou JS,",4 Ltd MAN-B&W CRANES X 35t,19.6m,19.6,,Oskar Wehr,"BWTS fitted, incl TC attached",allied_2021_W51_ALLIED-Weekly-Market-Report_26_12_2021.pdf,6
2021-12-26,51,SMAX,GOLD GEMINI,52050,2006,IHI Marine United Inc - Yokohama Japan,"4 KN, Sulzer CRANES",X 30t N/A,,,undisclosed,,allied_2021_W51_ALLIED-Weekly-Market-Report_26_12_2021.pdf,6
2021-12-26,51,HANDY,BERGE TARANAKI,36896,2019,"Oshima Shipbuilding Co - Saikai NS, Japan",4 Ltd MAN-B&W CRANES X 30t,27.0m,27.0,,Turkish,BWTS fitted,allied_2021_W51_ALLIED-Weekly-Market-Report_26_12_2021.pdf,6
2021-12-26,51,HANDY,MELBOURNE SPIRIT,35573,2013,"Qingshan Shipyard Wuhan HB, China",- 4 MAN-B&W CRANES X 30t,27.0m,27.0,,undisclosed,,allied_2021_W51_ALLIED-Weekly-Market-Report_26_12_2021.pdf,6
2021-12-26,51,HANDY,AS ELBIA,34394,2011,"SPP Shipbuilding Co Ltd - Tongyeong,",4 MAN-B&W CRANES S. X 35t,16.75m,16.75,,undisclosed,,allied_2021_W51_ALLIED-Weekly-Market-Report_26_12_2021.pdf,6
2021-12-26,51,HANDY,DD VANGUARD,26479,2007,Sungdong Shipbuilding Marine Engineering,4 & MAN-B&W CRANES X 30t,12.0m,12.0,,undisclosed,,allied_2021_W51_ALLIED-Weekly-Market-Report_26_12_2021.pdf,6
2021-12-26,51,SMALL,SUMISE MARU NO. 20,8562,1996,"Kanrei Zosen K.K. Naruto, Japan",- B&W,3.5m,3.5,,Greek,,allied_2021_W51_ALLIED-Weekly-Market-Report_26_12_2021.pdf,6
2021-12-26,51,Cargo,HAYATE,13121,2011,"Imabari, Japan",MAN-B&W Crane,10.0m,10.0,,undisclosed,7,allied_2021_W51_ALLIED-Weekly-Market-Report_26_12_2021.pdf,6
2021-12-26,51,SUB,MCC NINGBO,,25482016,Zhejiang Ouhua Shipbuilding Co,3 Ltd MAN-B&W,X 45t,,,,,allied_2021_W51_ALLIED-Weekly-Market-Report_26_12_2021.pdf,7
2021-12-26,51,FEEDER,REN JIAN ER,,16841994,"Schichau Seebeckwerft Bremerhaven,",AG - B&W,7.2m,7.2,,Chinese,8,allied_2021_W51_ALLIED-Weekly-Market-Report_26_12_2021.pdf,7
2022-01-09,1,VLCC,CHLOE V,320261,2011,Daewoo Shipbuilding Marine Engineering,& Wartsila,42.1m,42.1,,Greek,"auction sale, SS/DD due Mar '22",allied_2022_W01_ALLIED-Weekly-Market-Report_09_01_2022_compressed.pdf,6
2022-01-09,1,VLCC,ARGENTA,319180,2005,"Hyundai Samho Heavy Industries Co Ltd - Samho,",B&W S.,31.5m,31.5,,Greek,,allied_2022_W01_ALLIED-Weekly-Market-Report_09_01_2022_compressed.pdf,6
2022-01-09,1,LR1,NORDIC ANNE,73774,2009,"New Times Shipbuilding Co - Jingjiang JS, China",Ltd MAN-B&W EPOXY,13.0m,13.0,,German,BWTS fitted,allied_2022_W01_ALLIED-Weekly-Market-Report_09_01_2022_compressed.pdf,6
2022-01-09,1,MR,PS LONDON,50922,2008,"STX Shipbuilding Co Ltd - Changwon (Jinhae Shipyard),",MAN-B&W S. Epoxy Phenolic,11.8m,11.8,,Greek,"DPP trading, ice class 1A",allied_2022_W01_ALLIED-Weekly-Market-Report_09_01_2022_compressed.pdf,6
2022-01-09,1,MR,DONG-A TRITON,49997,2015,"Hyundai Mipo Dockyard Co Ltd Ulsan, S. Korea",- MAN-B&W Epoxy Phenolic,,,,,,allied_2022_W01_ALLIED-Weekly-Market-Report_09_01_2022_compressed.pdf,6
2022-01-09,1,MR,DONG-A THEMIS,49997,2015,"Hyundai Mipo Dockyard Co Ltd Ulsan, S. Korea",- MAN-B&W EPOXY,N/A,,,undisclosed,"BWTS fitted, eco M/E",allied_2022_W01_ALLIED-Weekly-Market-Report_09_01_2022_compressed.pdf,6
2022-01-09,1,MR,DONG-A KRIOS,49997,2015,"Hyundai Mipo Dockyard Co Ltd Ulsan, S. Korea",- MAN-B&W Epoxy Phenolic,,,,,,allied_2022_W01_ALLIED-Weekly-Market-Report_09_01_2022_compressed.pdf,6
2022-01-09,1,MR,NORDIC AGNETHA,37791,2009,"Hyundai Mipo Dockyard Co Ltd Ulsan, S. Korea",MAN-B&W - EPOXY rgn,11.6m,11.6,,German,BWTS fitted,allied_2022_W01_ALLIED-Weekly-Market-Report_09_01_2022_compressed.pdf,6
2022-01-09,1,MR,NORDIC AMY,37759,2009,Hyundai Mipo Dockyard Co Ltd,MAN-B&W - EPOXY,each,,,,,allied_2022_W01_ALLIED-Weekly-Market-Report_09_01_2022_compressed.pdf,6
2022-01-09,1,VLOC,SAKURA,229069,2010,"Namura Shipbuilding Co - Imari SG, Japan",Ltd Mitsubishi,23.5m,23.5,,Winning International,,allied_2022_W01_ALLIED-Weekly-Market-Report_09_01_2022_compressed.pdf,6
2022-01-09,1,PMAX,JIN QI,93079,2012,"Ships Co Ltd Yizheng JS, China",- MAN-B&W,17.3m,17.3,,Chinese,Mar '22,allied_2022_W01_ALLIED-Weekly-Market-Report_09_01_2022_compressed.pdf,6
2022-01-09,1,POST,LOWLANDS LIGHT,87605,2017,Oshima Shipbuilding Co,Ltd MAN-B&W,rgn $,,,undisclosed,"BWTS fitted, SS/DD due",allied_2022_W01_ALLIED-Weekly-Market-Report_09_01_2022_compressed.pdf,6
2022-01-09,1,PMAX,EL SOL SALE,75894,2002,"Kanasashi Heavy Industries Co Ltd Toyohashi AI, Japan",- Mitsubishi,11.5m,11.5,,Chinese,BWTS fitted,allied_2022_W01_ALLIED-Weekly-Market-Report_09_01_2022_compressed.pdf,6
2022-01-09,1,PMAX,HH PIONEER,72940,1997,Daedong Shipbuilding Co - Changwon (Jinhae,Ltd B&W,9.0m,9.0,,Chinese,BWTS fitted,allied_2022_W01_ALLIED-Weekly-Market-Report_09_01_2022_compressed.pdf,6
2022-01-09,1,PMAX,OCEAN DOTEY,69045,1995,"Sumitomo Heavy Industries Ltd. Oppama Shipyard,",- Sulzer,7.8m,7.8,,undisclosed,,allied_2022_W01_ALLIED-Weekly-Market-Report_09_01_2022_compressed.pdf,6
2022-01-09,1,PMAX,IKAN SENYUR,61494,2010,"Shin Kasado Dockyard Co Ltd Kudamatsu YC,","4 X - MAN-B&W CRANES 30,7t rgn",22.0m,22.0,,undisclosed,"BWTS fitted, Dec '21 sale",allied_2022_W01_ALLIED-Weekly-Market-Report_09_01_2022_compressed.pdf,6
2022-01-09,1,SMAX,JIN TAO,56731,2012,"Qingshan Shipyard Wuhan HB, China",- 4 MAN-B&W CRANES X 30t,16.06m,16.06,,Chinese,"auction sale, SS/DD due Jun '22",allied_2022_W01_ALLIED-Weekly-Market-Report_09_01_2022_compressed.pdf,6
2022-01-09,1,HANDY,XING JING HAI,34443,2015,"Namura Shipbuilding Co - Imari SG, Japan",4 Ltd MAN-B&W CRANES X 30t rgn,24.0m,24.0,,undisclosed,"BWTS fitted, on subs",allied_2022_W01_ALLIED-Weekly-Market-Report_09_01_2022_compressed.pdf,6
2022-01-09,1,HANDY,XING YUAN HAI,34443,2015,"Namura Shipbuilding Co - Imari SG, Japan",4 Ltd MAN-B&W CRANES,each X 30t,,,,,allied_2022_W01_ALLIED-Weekly-Market-Report_09_01_2022_compressed.pdf,6
2022-01-09,1,HANDY,LONGSHORE,34399,2010,"SPP Shipbuilding Co Ltd - Tongyeong,",4 MAN-B&W CRANES S. X 35t rgn,15.8m,15.8,,European,,allied_2022_W01_ALLIED-Weekly-Market-Report_09_01_2022_compressed.pdf,6
2022-01-09,1,HANDY UNIVERSE,HONESTY,28520,2000,Imabari Shipbuilding Co - Imabari EH,"4 X Ltd B&W CRANES 30,5t",6.8m,6.8,,undisclosed,7,allied_2022_W01_ALLIED-Weekly-Market-Report_09_01_2022_compressed.pdf,6
2022-01-09,1,PMAX,CHESAPEAKE BAY,,42532003,"Samsung Heavy Industries Co Ltd Geoje, S. Korea",- B&W,55.0m,55.0,,Hapag Lloyd,,allied_2022_W01_ALLIED-Weekly-Market-Report_09_01_2022_compressed.pdf,7
2022-01-09,1,CALIFORNIA,TRADER,,27822017,Shipbuilding Co,Ltd MAN-B&W,48.5m,48.5,,Wan Hai Lines,,allied_2022_W01_ALLIED-Weekly-Market-Report_09_01_2022_compressed.pdf,7
2022-01-16,2,VLCC,WU YI SAN,318572,2012,Shanghai Jiangnan Changxing Shipbuilding Co,Wartsila Ltd EPOXY rgn,38.25m,38.25,,undisclosed,auction sale,allied_2022_W02_ALLIED-Weekly-Market-Report_16_01_2022.pdf,6
2022-01-16,2,VLCC,TSUSHIMA,310391,2008,"Mitsui Eng. & Co. Ltd., Chiba Works - Ichihara,",SB. MAN-B&W rgn,37.0m,37.0,,Greek,,allied_2022_W02_ALLIED-Weekly-Market-Report_16_01_2022.pdf,6
2022-01-16,2,VLCC,NEW TALISMAN,296068,2009,Bohai Shipbuilding Heavy Industry Ltd - Huludao,"Co MAN-B&W LN,",36.0m,36.0,,Aeolos Management,,allied_2022_W02_ALLIED-Weekly-Market-Report_16_01_2022.pdf,6
2022-01-16,2,AFRA,KAZAN,115727,2003,"Hyundai Samho Heavy Industries Co Ltd - Samho,",B&W S.,11.5m,11.5,,undisclosed,,allied_2022_W02_ALLIED-Weekly-Market-Report_16_01_2022.pdf,6
2022-01-16,2,AFRA,KRYMSK,115663,2003,"Hyundai Heavy Industries Co Ltd Ulsan, S. Korea",B&W -,11.5m,11.5,,,,allied_2022_W02_ALLIED-Weekly-Market-Report_16_01_2022.pdf,6
2022-01-16,2,AFRA,JERSEY,105994,1998,"Hyundai Heavy Industries Co Ltd Ulsan, S. Korea",- B&W EPOXY,N/A,,,undisclosed,,allied_2022_W02_ALLIED-Weekly-Market-Report_16_01_2022.pdf,6
2022-01-16,2,LR1,TORM EMILIE,74999,2004,"Hyundai Heavy Industries Co Ltd Ulsan, S. Korea",- MAN-B&W EPOXY,13.5m,13.5,,undisclosed,scrubber fitted,allied_2022_W02_ALLIED-Weekly-Market-Report_16_01_2022.pdf,6
2022-01-16,2,MR,CHEMWAY GAIA,38106,2007,"Shin Kurushima Dockyard Co. Ltd. Onishi, Japan",- Mitsubishi Zinc Silicate,7.8m,7.8,,undisclosed,"SS/DD due Mar '22, BWTS fitted",allied_2022_W02_ALLIED-Weekly-Market-Report_16_01_2022.pdf,6
2022-01-16,2,MR,GULF MOON,37488,2007,"Hyundai Mipo Dockyard Co Ltd Ulsan, S. Korea",- MAN-B&W Zinc Silicate,7.75m,7.75,,undisclosed,,allied_2022_W02_ALLIED-Weekly-Market-Report_16_01_2022.pdf,6
2022-01-16,2,MR,GULF MEWS,37448,2007,"Hyundai Mipo Dockyard Co Ltd Ulsan, S. Korea",- MAN-B&W Zinc Silicate,N/A,,,undisclosed,,allied_2022_W02_ALLIED-Weekly-Market-Report_16_01_2022.pdf,6
2022-01-16,2,MR,GULF MIST,37434,2007,"Hyundai Mipo Dockyard Co Ltd Ulsan, S. Korea",- MAN-B&W Zinc Silicate,N/A,,,undisclosed,,allied_2022_W02_ALLIED-Weekly-Market-Report_16_01_2022.pdf,6
2022-01-16,2,MR,ARDBEG,34798,2021,"Fujian Mawei Shipbuilding Ltd Fuzhou FJ, China",Wartsila - Epoxy Phenolic,23.5m,23.5,,undisclosed,"SS/DD passed, eco",allied_2022_W02_ALLIED-Weekly-Market-Report_16_01_2022.pdf,6
2022-01-16,2,MR,BOWMORE,34752,2021,"Fujian Mawei Shipbuilding Ltd Fuzhou FJ, China",Wartsila - Epoxy Phenolic,23.5m,23.5,,,,allied_2022_W02_ALLIED-Weekly-Market-Report_16_01_2022.pdf,6
2022-01-16,2,MR,DICTADOR,34746,2019,"Fujian Mawei Shipbuilding Ltd Fuzhou FJ, China",- Wartsila Epoxy Phenolic,N/A,,,undisclosed,BWTS fitted,allied_2022_W02_ALLIED-Weekly-Market-Report_16_01_2022.pdf,6
2022-01-16,2,CHEM,OCEAN MANTA,11999,2017,Shipbuilding Co - Xiangshan County,Ltd Wartsila Phenolic,N/A,,,undisclosed,,allied_2022_W02_ALLIED-Weekly-Market-Report_16_01_2022.pdf,6
2022-01-16,2,CHEM,OCEAN JACK,11999,2018,"Industries Co Weihai SD, China",Ltd - Wartsila Phenolic,N/A,,,undisclosed,,allied_2022_W02_ALLIED-Weekly-Market-Report_16_01_2022.pdf,6
2022-01-16,2,SMALL,NORTHSEA BETA,8647,2010,"Yangzhou Kejin Shipyard Co Ltd Yangzhou JS, China",MAN - Epoxy Phenolic,8.9m,8.9,,undisclosed,bss dely Jan/Feb '22,allied_2022_W02_ALLIED-Weekly-Market-Report_16_01_2022.pdf,6
2022-01-16,2,SMALL,NORTHSEA ALPHA,8615,2010,Yangzhou Kejin Shipyard Co Ltd,MAN - Epoxy Phenolic,,,,,,allied_2022_W02_ALLIED-Weekly-Market-Report_16_01_2022.pdf,6
2022-01-16,2,POST,ASL JUPITER,87052,2005,IHI Marine United Inc - Yokohama,"KN, Sulzer",13.15m,13.15,,Chinese,,allied_2022_W02_ALLIED-Weekly-Market-Report_16_01_2022.pdf,6
2022-01-16,2,PMAX,CORAL DIAMOND,76596,2007,Imabari Shipbuilding Co - Marugame,Ltd MAN-B&W KG low/mid,16.0m,16.0,,Chinese,BWTS fitted,allied_2022_W02_ALLIED-Weekly-Market-Report_16_01_2022.pdf,6
2022-01-16,2,SMAX,HTC DELTA,56533,2014,"Taizhou Sanfu Engineering Co Taizhou JS, China",Ship 4 Ltd - MAN-B&W CRANES X 35t,17.9m,17.9,,undisclosed,"electronic m/e, BWTS fitted 7",allied_2022_W02_ALLIED-Weekly-Market-Report_16_01_2022.pdf,6
2022-01-16,2,PMAX BELMONTE,EXPRESS,,35342006,"Shanghai Shipyard Shanghai, China",- MAN-B&W rgn/xs,50.0m,50.0,,MSC,,allied_2022_W02_ALLIED-Weekly-Market-Report_16_01_2022.pdf,7
2022-01-16,2,SUB,CAPE MANILA,,27582011,Guangzhou Wenchong Shipyard,Wartsila,47.0m,47.0,,MSC,eco,allied_2022_W02_ALLIED-Weekly-Market-Report_16_01_2022.pdf,7
2022-01-16,2,SUB,CARDIFF TRADER,,25242003,Kvaerner Warnow Werft GmbH,3 - B&W,X 45t rgn $,,,MSC,,allied_2022_W02_ALLIED-Weekly-Market-Report_16_01_2022.pdf,7
2022-01-16,2,FEEDER,MOUNT GOUGH,,17302016,"Zhejiang Ouhua Shipbuilding Co - Zhoushan ZJ,",2 Ltd MAN-B&W CRANES X 45t,42.2m,42.2,,undisclosed,,allied_2022_W02_ALLIED-Weekly-Market-Report_16_01_2022.pdf,7
2022-01-16,2,FEEDER MOUNT,NICHOLSON,,17302017,"Zhejiang Ouhua Shipbuilding Co - Zhoushan ZJ,",Ltd MAN-B&W,45.0m,45.0,,Asian,eco,allied_2022_W02_ALLIED-Weekly-Market-Report_16_01_2022.pdf,7
2022-01-16,2,FEEDER,RUN HE,,12002003,"Peene-Werft GmbH - Wolgast,",B&W,20.0m,20.0,,undisclosed,,allied_2022_W02_ALLIED-Weekly-Market-Report_16_01_2022.pdf,7
2022-01-16,2,LPG,DAEWOO 2322,54789,2008,Daewoo Shipbuilding Marine Engineering,"& MAN-B&W 82,026",47.5m,47.5,,Arcadia Shipping,,allied_2022_W02_ALLIED-Weekly-Market-Report_16_01_2022.pdf,7
2022-01-16,2,LPG,PAMPERO,53503,2015,Shanghai Jiangnan Changxing Heavy Industry Co Ltd,"MAN-B&W 81,340 -",N/A,,,Chinese,"sale & leaseback deal, eco",allied_2022_W02_ALLIED-Weekly-Market-Report_16_01_2022.pdf,7
2022-01-16,2,LPG,EPIC ST. GEORGE,5350,2007,"Shitanoe Shipbuilding Co - Usuki OT, Japan","Ltd Mitsubishi 4,919 rgn/xs",10.5m,10.5,,Blue Energy & Maritime,8,allied_2022_W02_ALLIED-Weekly-Market-Report_16_01_2022.pdf,7
2022-01-23,3,VLCC,SEA LYNX,318306,2004,"Hyundai Samho Heavy Industries Co Ltd - Samho,",MAN-B&W S.,32.2m,32.2,,Middle Eastern,,allied_2022_W03_ALLIED-Weekly-Market-Report_23_01_2022_compressed.pdf,6
2022-01-23,3,SUEZ,KAVERI SPIRIT,159100,2004,"Hyundai Heavy Industries Co Ltd Ulsan, S. Korea",- B&W,15.8m,15.8,,undisclosed,,allied_2022_W03_ALLIED-Weekly-Market-Report_23_01_2022_compressed.pdf,6
2022-01-23,3,LR1,STI PRIDE,74997,2016,"SPP Shipbuilding Co Ltd - Sacheon, Korea",S. MAN-B&W EPOXY,,,,,,allied_2022_W03_ALLIED-Weekly-Market-Report_23_01_2022_compressed.pdf,6
2022-01-23,3,LR1,STI PROVIDENCE,74997,2016,"SPP Shipbuilding Co Ltd - Sacheon, Korea",S. MAN-B&W EPOXY,,,,,,allied_2022_W03_ALLIED-Weekly-Market-Report_23_01_2022_compressed.pdf,6
2022-01-23,3,LR1,STI PRECISION,74997,2016,"SPP Shipbuilding Co Ltd - Sacheon, Korea",S. MAN-B&W EPOXY,,,,,,allied_2022_W03_ALLIED-Weekly-Market-Report_23_01_2022_compressed.pdf,6
2022-01-23,3,LR1,STI PRESTIGE,74997,2016,"SPP Shipbuilding Co Ltd - Sacheon, Korea",S. MAN-B&W EPOXY,,,,,,allied_2022_W03_ALLIED-Weekly-Market-Report_23_01_2022_compressed.pdf,6
2022-01-23,3,LR1,STI EXPERIENCE,74669,2016,STX Offshore Shipbuilding Co - Changwon (Jinhae,& Ltd MAN-B&W EPOXY,,,,,,allied_2022_W03_ALLIED-Weekly-Market-Report_23_01_2022_compressed.pdf,6
2022-01-23,3,LR1,STI EXCELSIOR,74665,2016,STX Offshore Shipbuilding Co - Changwon (Jinhae,& Ltd MAN-B&W EPOXY rgn,35.4m,35.4,,Hafnia,on subs,allied_2022_W03_ALLIED-Weekly-Market-Report_23_01_2022_compressed.pdf,6
2022-01-23,3,LR2,STI EXCEED,74665,2016,STX Offshore Shipbuilding Co - Changwon (Jinhae,& Ltd MAN-B&W EPOXY,each,,,,,allied_2022_W03_ALLIED-Weekly-Market-Report_23_01_2022_compressed.pdf,6
2022-01-23,3,LR1,STI EXPRESS,74663,2016,STX Offshore Shipbuilding Co - Changwon (Jinhae,& Ltd MAN-B&W EPOXY,,,,,,allied_2022_W03_ALLIED-Weekly-Market-Report_23_01_2022_compressed.pdf,6
2022-01-23,3,LR1,STI EXPEDITE,74634,2016,STX Offshore Shipbuilding Co - Changwon (Jinhae,& Ltd MAN-B&W EPOXY,,,,,,allied_2022_W03_ALLIED-Weekly-Market-Report_23_01_2022_compressed.pdf,6
2022-01-23,3,LR1,STI EXCELLENCE,74613,2016,STX Offshore Shipbuilding Co - Changwon (Jinhae,& Ltd MAN-B&W EPOXY,,,,,,allied_2022_W03_ALLIED-Weekly-Market-Report_23_01_2022_compressed.pdf,6
2022-01-23,3,LR1,STI EXCEL,74547,2015,STX Offshore Shipbuilding Co - Changwon (Jinhae,& Ltd MAN-B&W EPOXY,,,,,,allied_2022_W03_ALLIED-Weekly-Market-Report_23_01_2022_compressed.pdf,6
2022-01-23,3,LR1,STI EXECUTIVE,74431,2016,STX Offshore Shipbuilding Co - Changwon (Jinhae,& Ltd MAN-B&W EPOXY,,,,,,allied_2022_W03_ALLIED-Weekly-Market-Report_23_01_2022_compressed.pdf,6
2022-01-23,3,LR1,STENA PERROS,65086,2007,"Brodosplit Brodogradiliste - Split, Croatia",- doo MAN-B&W EPOXY rgn,11.0m,11.0,,Crowley Marine,,allied_2022_W03_ALLIED-Weekly-Market-Report_23_01_2022_compressed.pdf,6
2022-01-23,3,MR,PS MILANO,50554,2008,"SPP Plant & Shipbuilding Co - Sacheon, S. Korea",Ltd MAN-B&W EPOXY,11.8m,11.8,,undisclosed,,allied_2022_W03_ALLIED-Weekly-Market-Report_23_01_2022_compressed.pdf,6
2022-01-23,3,MR,HAFNIA KARAVA,40020,2007,"Saiki Heavy Industries Co Ltd Saiki OT, Japan",- Mitsubishi Epoxy Phenolic rgn,9.2m,9.2,,Sea Hawk,SS/DD due Mar '22,allied_2022_W03_ALLIED-Weekly-Market-Report_23_01_2022_compressed.pdf,6
2022-01-23,3,SMALL,LS EVANNE,7003,2010,"Umo Gemi Sanayi ve Ticaret Ltd Karadeniz Eregli,",- MaK Marine Line,N/A,,,undisclosed,,allied_2022_W03_ALLIED-Weekly-Market-Report_23_01_2022_compressed.pdf,6
2022-01-23,3,SMALL,LS ANNE,5757,2008,"Soli Shipyard Izmit, Turkey",- MaK Siloxirane (MarineLI NE),9.0m,9.0,,undisclosed,,allied_2022_W03_ALLIED-Weekly-Market-Report_23_01_2022_compressed.pdf,6
2022-01-23,3,SMALL,LS JAMIE,5756,2009,"Soli Shipyard Izmit, Turkey",- MaK Siloxirane (MarineLI NE),,,,,7,allied_2022_W03_ALLIED-Weekly-Market-Report_23_01_2022_compressed.pdf,6
2022-01-23,3,POST,JIN HANG,93069,2012,Jiangsu Jinling Ships Co Ltd,- MAN-B&W,17.22m,17.22,,undisclosed,,allied_2022_W03_ALLIED-Weekly-Market-Report_23_01_2022_compressed.pdf,7
2022-01-23,3,PMAX,ENERGY TRITON,82122,2012,"Tsuneishi Shipbuilding Co - Fukuyama HS,",Ltd MAN-B&W rgn,25.0m,25.0,,Chinese,,allied_2022_W03_ALLIED-Weekly-Market-Report_23_01_2022_compressed.pdf,7
2022-01-23,3,SMAX,NIKOLAS III,58081,2009,Tsuneishi Group (Zhoushan) Shipbuilding Inc,4 MAN-B&W CRANES - X 30t,17.0m,17.0,,Indonesian,,allied_2022_W03_ALLIED-Weekly-Market-Report_23_01_2022_compressed.pdf,7
2022-01-23,3,SMAX,MOLYVOS LUCK,57924,2014,Tsuneishi Group (Zhoushan) Shipbuilding Inc,4 MAN-B&W CRANES - X 30t,21.2m,21.2,,Eurodry,incl TC until Apr '22,allied_2022_W03_ALLIED-Weekly-Market-Report_23_01_2022_compressed.pdf,7
2022-01-23,3,SMAX,JIN HAO,56625,2012,"Qingshan Shipyard Wuhan HB, China",- 4 MAN-B&W CRANES X 30t,15.68m,15.68,,undisclosed,SS/DD due Jun '22,allied_2022_W03_ALLIED-Weekly-Market-Report_23_01_2022_compressed.pdf,7
2022-01-23,3,SMAX,WEST WIND,56557,2008,IHI Marine United Inc - Yokohama Japan,"4 KN, Wartsila CRANES X 35t rgn",16.85m,16.85,,Gurita Lintas,"BWTS fitted, eco",allied_2022_W03_ALLIED-Weekly-Market-Report_23_01_2022_compressed.pdf,7
2022-01-23,3,HANDY,MELBOURNE SPIRIT,35573,2013,"Qingshan Shipyard Wuhan HB, China",- 4 MAN-B&W CRANES X 30t,17.0m,17.0,,undisclosed,,allied_2022_W03_ALLIED-Weekly-Market-Report_23_01_2022_compressed.pdf,7
2022-01-23,3,HANDY,LOCH MAREE,33382,2013,"Shin Kurushima Dockyard Co. Ltd. Onishi, Japan","4 X - Mitsubishi CRANES 30,5t",18.0m,18.0,,undisclosed,,allied_2022_W03_ALLIED-Weekly-Market-Report_23_01_2022_compressed.pdf,7
2022-01-23,3,HANDY,TEDA,32354,2006,"Kanda Zosensho K.K. - Kawajiri,","4 X Mitsubishi CRANES 30,5t",13.8m,13.8,,Turkish,,allied_2022_W03_ALLIED-Weekly-Market-Report_23_01_2022_compressed.pdf,7
2022-01-23,3,General,HIDALGA,12223,2009,Zhejiang Aoli Shipbuilding Co,2 Ltd Yanmar,X 25t N/A,,,Turkish,,allied_2022_W03_ALLIED-Weekly-Market-Report_23_01_2022_compressed.pdf,7
2022-01-23,3,SUB,AS PATRICIA,,25102006,Crist' Sp z oo,- 3 MAN-B&W,X 45t rgn $,,,Maersk,,allied_2022_W03_ALLIED-Weekly-Market-Report_23_01_2022_compressed.pdf,7
2022-01-23,3,XINFU,YZJ2015-2075,,,Co Ltd - Jingjiang,rgn en,80.0m,80.0,,Chinese,,allied_2022_W03_ALLIED-Weekly-Market-Report_23_01_2022_compressed.pdf,7
2022-01-30,4,AFRA,CRUDESUN,115643,2018,Daehan Shipbuilding Co - Hwawon (Haenam,Ltd MAN-B&W,47.6m,47.6,,undisclosed,BWTS fitted,allied_2022_W04_ALLIED-Weekly-Market-Report_30_01_2022_compressed.pdf,6
2022-01-30,4,AFRA,GUNDALA,107127,2003,Imabari Shipbuilding Co - Saijo EH (Saijo,Ltd B&W,11.7m,11.7,,Chinese,,allied_2022_W04_ALLIED-Weekly-Market-Report_30_01_2022_compressed.pdf,6
2022-01-30,4,LR1,POLAR COD,73919,2007,"Onomichi Dockyard Co Ltd - Onomichi HS, Japan",MAN-B&W EPOXY,11.7m,11.7,,undisclosed,,allied_2022_W04_ALLIED-Weekly-Market-Report_30_01_2022_compressed.pdf,6
2022-01-30,4,MR,PS HOUSTON,50922,2008,"STX Shipbuilding Co Ltd - Changwon (Jinhae Shipyard),",MAN-B&W S. Epoxy Phenolic rgn,11.55m,11.55,,Greek,"CPP, ice class",allied_2022_W04_ALLIED-Weekly-Market-Report_30_01_2022_compressed.pdf,6
2022-01-30,4,MR,STI FONTVIEILLE,49990,2013,"Hyundai Mipo Dockyard Co Ltd Ulsan, S. Korea",- MAN-B&W EPOXY,23.5m,23.5,,Japanese,old sale,allied_2022_W04_ALLIED-Weekly-Market-Report_30_01_2022_compressed.pdf,6
2022-01-30,4,MR,STI MAJESTIC,47499,2019,"Hyundai-Vinashin Shipyard Co Ltd Ninh Hoa, Vietnam",- MAN-B&W Epoxy Phenolic,34.9m,34.9,,Premuda,scrubber fitted,allied_2022_W04_ALLIED-Weekly-Market-Report_30_01_2022_compressed.pdf,6
2022-01-30,4,MR,PRIME EXPRESS,45996,2010,"Shin Kurushima Dockyard Co. Ltd. Onishi, Japan",- MAN-B&W EPOXY rgn,16.2m,16.2,,Laskaridis,,allied_2022_W04_ALLIED-Weekly-Market-Report_30_01_2022_compressed.pdf,6
2022-01-30,4,MR,KEREL,37297,2002,"Hyundai Mipo Dockyard Co Ltd Ulsan, S. Korea",B&W - EPOXY en,9.2m,9.2,,undisclosed,,allied_2022_W04_ALLIED-Weekly-Market-Report_30_01_2022_compressed.pdf,6
2022-01-30,4,MR,BALTIC SOUL,37244,2001,"Hyundai Mipo Dockyard Co Ltd Ulsan, S. Korea",B&W - Epoxy Phenolic,bloc,,,,,allied_2022_W04_ALLIED-Weekly-Market-Report_30_01_2022_compressed.pdf,6
2022-01-30,4,PROD/,CELSIUS MANILA,19997,2002,Shin Kurushima Dockyard Co. Ltd.,- Mitsubishi Stainless,rgn $,,,S. Korean,"BWTS fitted, SS/DD due",allied_2022_W04_ALLIED-Weekly-Market-Report_30_01_2022_compressed.pdf,6
2022-01-30,4,CHEM,FURE FERDER,18736,2003,"SA - Vigo, Spain",MAN Phenolic,5.5m,5.5,,undisclosed,,allied_2022_W04_ALLIED-Weekly-Market-Report_30_01_2022_compressed.pdf,6
2022-01-30,4,PROD/,FURE FLADEN,18736,2003,Factorias Vulcano,MAN EPOXY,5.5m,5.5,,,,allied_2022_W04_ALLIED-Weekly-Market-Report_30_01_2022_compressed.pdf,6
2022-01-30,4,VLOC,BAOSTEEL ELEVATION,206312,2007,Imabari Shipbuilding Co - Saijo EH (Saijo,Ltd MAN-B&W mid/high,18.0m,18.0,,Dryships,SS/DD due Apr '22,allied_2022_W04_ALLIED-Weekly-Market-Report_30_01_2022_compressed.pdf,6
2022-01-30,4,CAPE,SOUTH TRADER,181343,2014,Koyo Dockyard Ltd - Mihara Japan,"Co HS, MAN-B&W",33.8m,33.8,,Safety,,allied_2022_W04_ALLIED-Weekly-Market-Report_30_01_2022_compressed.pdf,6
2022-01-30,4,PMAX,SILVER STAR,79200,2011,"COSCO (Dalian) Shipyard Co Ltd Dalian LN, China",4 - MAN-B&W CRANES X 35t rgn,18.0m,18.0,,Middle Eastern,BWTS fitted,allied_2022_W04_ALLIED-Weekly-Market-Report_30_01_2022_compressed.pdf,6
2022-01-30,4,PMAX,ELVA,73910,2001,"Namura Shipbuilding Co - Imari SG, Japan",Ltd B&W rgn,11.2m,11.2,,undisclosed,BWTS fitted,allied_2022_W04_ALLIED-Weekly-Market-Report_30_01_2022_compressed.pdf,6
2022-01-30,4,SMAX,G TAISHAN,58780,2008,Tsuneishi Group (Zhoushan) Shipbuilding Inc,4 MAN-B&W CRANES - X 30t,17.4m,17.4,,undisclosed,"on TC to Norden until Apr '22 at rgn US$ 17,100/day",allied_2022_W04_ALLIED-Weekly-Market-Report_30_01_2022_compressed.pdf,6
2022-01-30,4,SMAX,SAFESEA NEHA,53389,2008,"Yangzhou Dayang Shipbuilding Co - Yangzhou JS,",4 Ltd MAN-B&W CRANES X 35t,13.8m,13.8,,Chinese,,allied_2022_W04_ALLIED-Weekly-Market-Report_30_01_2022_compressed.pdf,6
2022-01-30,4,HANDY,CIELO DI VIRGIN GORDA,39202,2015,Yangfan Group Ltd - Zhoushan China,"Co 4 ZJ, MAN-B&W CRANES X 30t rgn",22.7m,22.7,,Oldendorff,"B-Delta design, BWTS fitted, eco 7",allied_2022_W04_ALLIED-Weekly-Market-Report_30_01_2022_compressed.pdf,6
2022-01-30,4,POST,RHODOS,,68812013,Hyundai Samho Heavy Industries,Wartsila,140.0m,140.0,,CMA CGM,eco,allied_2022_W04_ALLIED-Weekly-Market-Report_30_01_2022_compressed.pdf,7
2022-01-30,4,LNG,EXCALIBUR,77822,2002,Daewoo Shipbuilding Marine Engineering Mitsui Eng. &,"& Kawasaki 135,273 SB. rgn",35.0m,35.0,,Chinese,,allied_2022_W04_ALLIED-Weekly-Market-Report_30_01_2022_compressed.pdf,8
2022-01-30,4,LNG,AL ZUBARAH,72557,1996,"Co. Ltd., Chiba Works - Ichihara,","Mitsubishi 134,821",,,,,,allied_2022_W04_ALLIED-Weekly-Market-Report_30_01_2022_compressed.pdf,8
2022-01-30,4,LNG,AL BIDDA,72462,1999,"Japan Kawasaki Heavy Industries Ltd Sakaide KG, Japan","- Mitsubishi 135,466",N/A,,,Qatargas,,allied_2022_W04_ALLIED-Weekly-Market-Report_30_01_2022_compressed.pdf,8
2022-01-30,4,LNG,AL WAKRAH,72453,1998,"Kawasaki Heavy Industries Ltd Sakaide KG, Japan","- Mitsubishi 134,624",,,,,,allied_2022_W04_ALLIED-Weekly-Market-Report_30_01_2022_compressed.pdf,8
2022-01-30,4,LNG,AL WAJBAH,72348,1997,"Mitsubishi Heavy Industries Ltd. Nagasaki, Japan","- Mitsubishi 134,562",,,,,,allied_2022_W04_ALLIED-Weekly-Market-Report_30_01_2022_compressed.pdf,8
2022-01-30,4,LNG,BROOG,72339,1998,"Mitsui Eng. & Co. Ltd., Chiba Works - Ichihara,","SB. Mitsubishi 134,778",,,,,,allied_2022_W04_ALLIED-Weekly-Market-Report_30_01_2022_compressed.pdf,8
2022-01-30,4,LNG,DOHA,72337,1999,"Japan Mitsubishi Heavy Industries Ltd. Nagasaki, Japan","- Mitsubishi 134,517",N/A,,,Qatargas,,allied_2022_W04_ALLIED-Weekly-Market-Report_30_01_2022_compressed.pdf,8
2022-01-30,4,LNG,AL JASRA,72218,2000,"Mitsubishi Heavy Industries Ltd. Nagasaki, Japan","- Mitsubishi 134,482",,,,,,allied_2022_W04_ALLIED-Weekly-Market-Report_30_01_2022_compressed.pdf,8
2022-01-30,4,LNG,AL KHOR,72176,1996,"Mitsubishi Heavy Industries Ltd. Nagasaki, Japan","- Mitsubishi 134,607",,,,,,allied_2022_W04_ALLIED-Weekly-Market-Report_30_01_2022_compressed.pdf,8
2022-01-30,4,LNG,AL RAYYAN,72430,1997,"Kawasaki Heavy Industries Ltd Sakaide KG, Japan","- Mitsubishi 134,671",N/A,,,Qatargas,,allied_2022_W04_ALLIED-Weekly-Market-Report_30_01_2022_compressed.pdf,8
2022-01-30,4,LNG,ZEKREET,72316,1998,"Mitsui Eng. & Co. Ltd., Chiba Works - Ichihara,","SB. Mitsubishi 134,733",,,,,,allied_2022_W04_ALLIED-Weekly-Market-Report_30_01_2022_compressed.pdf,8
2022-01-30,4,Ro/Pass,IRIS I,550,1999,Fjellstrand AS,- Caterpillar rgn $ 60.0,5.5m,5.5,,NLG,,allied_2022_W04_ALLIED-Weekly-Market-Report_30_01_2022_compressed.pdf,8
2022-01-30,4,er,AIDAMIRA,1670,1999,"l'Atlantique - Nazaire, France",St- Wartsila 216.0,N/A,,,Line,9,allied_2022_W04_ALLIED-Weekly-Market-Report_30_01_2022_compressed.pdf,8
2022-02-06,5,VLCC,ATHENIAN SUCCESS,298996,2010,"Hyundai Heavy Industries Co Ltd Ulsan, S. Korea",- MAN-B&W,42.5m,42.5,,Sinokor,,allied_2022_W05_ALLIED-Weekly-Market-Report_06_02_2022.pdf,6
2022-02-06,5,AFRA,GLIFA,109229,2005,Hudong-Zhonghua Shipbuilding (Group) Co Ltd,MAN-B&W -,14.7m,14.7,,Soechi,BWTS fitted,allied_2022_W05_ALLIED-Weekly-Market-Report_06_02_2022.pdf,6
2022-02-06,5,LR1,RED EAGLE,74997,2011,Sungdong Shipbuilding Marine Engineering,& MAN-B&W EPOXY,N/A,,,undisclosed,,allied_2022_W05_ALLIED-Weekly-Market-Report_06_02_2022.pdf,6
2022-02-06,5,MR,TEAM OSPREY,25432,2009,Dae Sun Shipbuilding Engineering Co,& MAN-B&W Ltd - Epoxy Phenolic,,,,,,allied_2022_W05_ALLIED-Weekly-Market-Report_06_02_2022.pdf,6
2022-02-06,5,MR,TEAM FALCON,25419,2009,Dae Sun Shipbuilding Engineering Co,& MAN-B&W Ltd - EPOXY rgn/low each,9.0m,9.0,,undisclosed,,allied_2022_W05_ALLIED-Weekly-Market-Report_06_02_2022.pdf,6
2022-02-06,5,MR,TEAM HAWK,25385,2008,Dae Sun Shipbuilding Engineering Co,& MAN-B&W Ltd - EPOXY,,,,,,allied_2022_W05_ALLIED-Weekly-Market-Report_06_02_2022.pdf,6
2022-02-06,5,PROD/,OCEAN MORAY,11999,2018,Zhejiang Shenzhou Shipbuilding Co,Ltd Wartsila Epoxy,10.0m,10.0,,Hong Lam Marine,,allied_2022_W05_ALLIED-Weekly-Market-Report_06_02_2022.pdf,6
2022-02-06,5,SMALL,EASTERN LIBERTY,8857,2002,"Usuki Shipyard Ltd - Usuki OT, Japan",Co Mitsubishi Stainless Steel,3.6m,3.6,,Indonesian,,allied_2022_W05_ALLIED-Weekly-Market-Report_06_02_2022.pdf,6
2022-02-06,5,SMALL,NEWOCEAN,64679,2014,Chongqing Chuandong,Cummins,5.3m,5.3,,undisclosed,,allied_2022_W05_ALLIED-Weekly-Market-Report_06_02_2022.pdf,6
2022-02-06,5,POST,BOTTIGLIERI,93274,2010,Jiangsu Newyangzi,,,,,,,allied_2022_W05_ALLIED-Weekly-Market-Report_06_02_2022.pdf,6
2022-02-06,5,PMAX,FRANCO VELA,,,"Shipbuilding Co - Jingjiang JS, China",Ltd MAN-B&W rgn en,35.5m,35.5,,undisclosed,BWTS fitted,allied_2022_W05_ALLIED-Weekly-Market-Report_06_02_2022.pdf,6
2022-02-06,5,PMAX,BORRIELLO,93258,2011,"Shipbuilding Co - Jingjiang JS, China",Ltd MAN-B&W,,,,,,allied_2022_W05_ALLIED-Weekly-Market-Report_06_02_2022.pdf,6
2022-02-06,5,PMAX,NORD FORTUNE,76596,2008,Imabari Shipbuilding Co - Marugame,Ltd MAN-B&W KG rgn mid,15.0m,15.0,,Newport,,allied_2022_W05_ALLIED-Weekly-Market-Report_06_02_2022.pdf,6
2022-02-06,5,SMAX,KOUJU LILY,58872,2011,"Kawasaki Heavy Industries Ltd Kobe HG, Japan","4 X - MAN-B&W CRANES 30,5t",24.5m,24.5,,Greek,bss 5yr BBHP with dely Q3 '22,allied_2022_W05_ALLIED-Weekly-Market-Report_06_02_2022.pdf,6
2022-02-06,5,SMAX,MAGDA,58018,2010,"Yangzhou Dayang Shipbuilding Co - Yangzhou JS,",4 Ltd MAN-B&W CRANES X 35t,16.9m,16.9,,Costamare Shipping,BWTS fitted,allied_2022_W05_ALLIED-Weekly-Market-Report_06_02_2022.pdf,6
2022-02-06,5,SMAX,UNIVERSE 1,53074,2003,"Oshima Shipbuilding Co - Saikai NS, Japan",4 Ltd Mitsubishi CRANES X 30t rgn/low,10.0m,10.0,,Chinese,,allied_2022_W05_ALLIED-Weekly-Market-Report_06_02_2022.pdf,6
2022-02-06,5,HANDY,MARINE PRINCESS,35501,2012,COSCO (Guangdong),4 MAN-B&W CRANES X 30t,16.4m,16.4,,Indian,"auction sale, laid up, SS/DD due Nov '22",allied_2022_W05_ALLIED-Weekly-Market-Report_06_02_2022.pdf,6
2022-02-06,5,Hatch,SUPER VALENTINA,33382,2013,Dockyard Co. Ltd.,4 - Mitsubishi CRANES X 30t rgn,18.0m,18.0,,undisclosed,eco M/E,allied_2022_W05_ALLIED-Weekly-Market-Report_06_02_2022.pdf,6
2022-02-06,5,SMALL,SKAWA,17073,2012,"Engineering Co Taizhou JS, China",3 Ltd - MAN-B&W CRANES X 30t,10.0m,10.0,,undisclosed,SS/DD due 7,allied_2022_W05_ALLIED-Weekly-Market-Report_06_02_2022.pdf,6
2022-02-06,5,PMAX,BALTIC SOUTH,,44322010,"Hyundai Heavy Industries Co Ltd Ulsan, S. Korea",Wartsila -,160.0m,160.0,,MSC,,allied_2022_W05_ALLIED-Weekly-Market-Report_06_02_2022.pdf,7
2022-02-06,5,PMAX,IONIKOS,,43602009,"HHIC-Phil Inc Subic, Philippines",- MAN-B&W rgn,95.0m,95.0,,Asian,,allied_2022_W05_ALLIED-Weekly-Market-Report_06_02_2022.pdf,7
2022-02-06,5,PMAX,HSL SHEFFIELD,,25562003,"Industries Co Ltd Ulsan, S. Korea",- Sulzer CRANES rgn,23.0m,23.0,,undisclosed,,allied_2022_W05_ALLIED-Weekly-Market-Report_06_02_2022.pdf,7
2022-02-06,5,FEEDER,CAPE NEMO,,17402010,Wenchong Shipyard Co Ltd - Guangzhou GD China,MAN-B&W rgn en,60.0m,60.0,,undisclosed,bss charterfree dely Mar/Apr '22 & May/Jun,allied_2022_W05_ALLIED-Weekly-Market-Report_06_02_2022.pdf,7
2022-02-06,5,LNG,LNG UNITY,86385,2006,"Chantiers de l'Atlantique - Nazaire, France","St- Wartsila 151,383",N/A,,,Karpowership,,allied_2022_W05_ALLIED-Weekly-Market-Report_06_02_2022.pdf,7
2022-02-06,5,LPG,VENTURE GAS,49701,1990,"Kawasaki Heavy Industries Ltd Sakaide KG, Japan","- MAN-B&W 73,879 rgn",20.0m,20.0,,U. A. E. Based,,allied_2022_W05_ALLIED-Weekly-Market-Report_06_02_2022.pdf,7
2022-02-06,5,LNG,GLOBAL ENERGY,34800,2006,"Chantiers de l'Atlantique - Nazaire, France","St- Wartsila 73,010",N/A,,,Asian,,allied_2022_W05_ALLIED-Weekly-Market-Report_06_02_2022.pdf,7
2022-02-06,5,LPG,STRAITS STAR,6825,2018,"Kyokuyo Shipyard Corp - Shimonoseki YC, Japan","MAN-B&W 7,545",N/A,,,Iino Singapore,8,allied_2022_W05_ALLIED-Weekly-Market-Report_06_02_2022.pdf,7
2022-02-13,6,LR2,ZANTORO,109647,2006,Dalian Shipbuilding Industry Co Ltd Dalian LN (No,- Wartsila 2 EPOXY rgn/xs,13.0m,13.0,,undisclosed,SS/DD due Mar '22,allied_2022_W06_ALLIED-Weekly-Market-Report_13_02_2022.pdf,6
2022-02-13,6,MR,ALPINE MAYA,51501,2010,STX Offshore Shipbuilding Co - Changwon (Jinhae,& Ltd MAN-B&W EPOXY,16.5m,16.5,,Adhart Shipping,swap deal,allied_2022_W06_ALLIED-Weekly-Market-Report_13_02_2022.pdf,6
2022-02-13,6,MR,JUPITER EXPRESS,45950,2012,"Shin Kurushima Dockyard Co. Ltd. Onishi, Japan",- MAN-B&W EPOXY,18.5m,18.5,,undisclosed,BWTS fitted,allied_2022_W06_ALLIED-Weekly-Market-Report_13_02_2022.pdf,6
2022-02-13,6,PROD/,SUMMER,13023,2009,21st Century Shipbuilding Co,Ltd MAN-B&W Siloxirane,,,,,,allied_2022_W06_ALLIED-Weekly-Market-Report_13_02_2022.pdf,6
2022-02-13,6,VLOC,BAOSTEEL EVOLUTION,206331,2007,Imabari Shipbuilding Co - Saijo EH (Saijo,Ltd MAN-B&W,19.0m,19.0,,Dryships,,allied_2022_W06_ALLIED-Weekly-Market-Report_13_02_2022.pdf,6
2022-02-13,6,VLOC,BAOSTEEL EXPEDITION,203198,2007,Universal Shipbuilding Corp Nagasu KM (Ariake,- MAN-B&W,19.5m,19.5,,Greek,,allied_2022_W06_ALLIED-Weekly-Market-Report_13_02_2022.pdf,6
2022-02-13,6,KMAX NAVIOS,PROSPERITY,82535,2007,Tsuneishi Holdings Corp Tsuneishi Shipbuilding Co,MAN-B&W -,16.4m,16.4,,Newport,,allied_2022_W06_ALLIED-Weekly-Market-Report_13_02_2022.pdf,6
2022-02-13,6,KMAX,SPETSES SPIRIT,80328,2011,STX Offshore Shipbuilding Co - Changwon (Jinhae,& Ltd MAN-B&W rgn,20.2m,20.2,,Circle Harmony Shipping,"BWTS fitted, tier II",allied_2022_W06_ALLIED-Weekly-Market-Report_13_02_2022.pdf,6
2022-02-13,6,SMAX,DORIC,58514,2013,"SPP Shipbuilding Co Ltd - Sacheon, Korea",4 S. MAN-B&W CRANES X 36t rgn,21.0m,21.0,,Greek,tier II,allied_2022_W06_ALLIED-Weekly-Market-Report_13_02_2022.pdf,6
2022-02-13,6,SMAX,IONIC,58468,2013,"SPP Shipbuilding Co Ltd - Sacheon, Korea",4 S. MAN-B&W CRANES,each X 36t,,,,,allied_2022_W06_ALLIED-Weekly-Market-Report_13_02_2022.pdf,6
2022-02-13,6,SMAX,GRAVITY,56546,2014,Jiangsu Hantong Ship Heavy Industry Co Ltd,4 MAN-B&W CRANES - X 36t,16.88m,16.88,,Chinese,DD due,allied_2022_W06_ALLIED-Weekly-Market-Report_13_02_2022.pdf,6
2022-02-13,6,SMAX,BUMBLEBEE,55628,2011,"Mitsui Eng. & Co. Ltd. - Tamano, Japan",SB. 4 MAN-B&W CRANES X 30t,20.4m,20.4,,Lebanese,BWTS fitted,allied_2022_W06_ALLIED-Weekly-Market-Report_13_02_2022.pdf,6
2022-02-13,6,HMAX,POLA ANISIA,46412,2006,"Oshima Shipbuilding Co - Saikai NS, Japan",4 Ltd MAN-B&W CRANES X 30t rgn,14.0m,14.0,,undisclosed,,allied_2022_W06_ALLIED-Weekly-Market-Report_13_02_2022.pdf,6
2022-02-13,6,HANDY,SEA BREEZE,37983,2016,"AVIC Weihai Shipyard Co Ltd Weihai SD, China",4 - MAN-B&W CRANES X 30t rgn/xs,23.0m,23.0,,Middle Eastern,"BWTS fitted, eco",allied_2022_W06_ALLIED-Weekly-Market-Report_13_02_2022.pdf,6
2022-02-13,6,HANDY,SEA ANGEL,37896,2016,"AVIC Weihai Shipyard Co Ltd Weihai SD, China",4 - MAN-B&W CRANES,each X 30t,,,,,allied_2022_W06_ALLIED-Weekly-Market-Report_13_02_2022.pdf,6
2022-02-13,6,SMALL,INA,17100,2012,Taizhou Sanfu Engineering Co,Ship 3 Ltd - MAN-B&W CRANES X 30t rgn,10.1m,10.1,,German,SS/DD due Jun '22,allied_2022_W06_ALLIED-Weekly-Market-Report_13_02_2022.pdf,6
2022-02-13,6,MARITIME Hatch,VOYAGER,64942,2016,Shipbuilding Co,MAN-B&W Ltd CRANES,,,,,,allied_2022_W06_ALLIED-Weekly-Market-Report_13_02_2022.pdf,6
2022-02-13,6,Hatch,MARITIME SINCHAI,64928,2017,Shipbuilding Co,MAN-B&W Ltd CRANES,rgn $,,,,,allied_2022_W06_ALLIED-Weekly-Market-Report_13_02_2022.pdf,6
2022-02-13,6,Open,MARITIME,,,Oshima,2,X 75t,,,,,allied_2022_W06_ALLIED-Weekly-Market-Report_13_02_2022.pdf,6
2022-02-13,6,Hatch,CHALLENGER,64794,2017,Shipbuilding Co,"MAN-B&W Ltd CRANES,2",each,,,,,allied_2022_W06_ALLIED-Weekly-Market-Report_13_02_2022.pdf,6
2022-02-13,6,Hatch,MARITIME SONIA,64793,2017,Shipbuilding Co,MAN-B&W Ltd CRANES,,,,,,allied_2022_W06_ALLIED-Weekly-Market-Report_13_02_2022.pdf,6
2022-02-13,6,SUB,HAMMONIA,,25462006,Jiangsu Yangzijiang Shipbuilding Co,3 Ltd MAN-B&W,X 45t N/A,,,MSC,,allied_2022_W06_ALLIED-Weekly-Market-Report_13_02_2022.pdf,7
2022-02-13,6,SUB,ELIZABETH,,24962003,Daewoo-Mangalia Heavy Industries,3 Sulzer,X 45t,,,,,allied_2022_W06_ALLIED-Weekly-Market-Report_13_02_2022.pdf,7
2022-02-13,6,SUB,CINDY,,24902004,Howaldtswerke- Deutsche Werft,3 AG Sulzer,en bloc X 45t,,,,,allied_2022_W06_ALLIED-Weekly-Market-Report_13_02_2022.pdf,7
2022-02-13,6,FEEDER,SAG GOOD TIMING,,11182009,"Taizhou Kouan Shipbuilding Co - Taizhou JS, China",2 Ltd MAN CRANES X 45t,22.0m,22.0,,undisclosed,8,allied_2022_W06_ALLIED-Weekly-Market-Report_13_02_2022.pdf,7
2022-02-20,7,VLCC,ATHENS,298677,2000,"Hitachi Zosen Corp Nagasu KM, Japan",- B&W,28.0m,28.0,,Middle Eastern,,allied_2022_W07_ALLIED-Weekly-Market-Report_20_02_2022.pdf,6
2022-02-20,7,SUEZ,RINEIA,159106,2004,"Hyundai Heavy Industries Co Ltd Ulsan, S. Korea",- MAN-B&W,18.0m,18.0,,Middle Eastern,,allied_2022_W07_ALLIED-Weekly-Market-Report_20_02_2022.pdf,6
2022-02-20,7,AFRA,ORANGE STARS,115756,2011,"Samsung Heavy Industries Co Ltd Geoje, S. Korea",- MAN-B&W EPOXY,28.5m,28.5,,undisclosed,"incl TC at US$17,500/day until Mar '24",allied_2022_W07_ALLIED-Weekly-Market-Report_20_02_2022.pdf,6
2022-02-20,7,AFRA,MASTERA,106208,2003,"Sumitomo Heavy Industries Ltd. Yokosuka Shipyard,",- Wartsila,N/A,,,GMS,,allied_2022_W07_ALLIED-Weekly-Market-Report_20_02_2022.pdf,6
2022-02-20,7,AFRA,BERGITTA,105827,2007,Tsuneishi Holdings Corp Tsuneishi Shipbuilding Co,MAN-B&W -,N/A,,,Greek,,allied_2022_W07_ALLIED-Weekly-Market-Report_20_02_2022.pdf,6
2022-02-20,7,AFRA,PHOENIX HOPE,105585,2008,"Hyundai Heavy Industries Co Ltd Ulsan, S. Korea",- MAN-B&W EPOXY rgn,18.25m,18.25,,Chemnav,,allied_2022_W07_ALLIED-Weekly-Market-Report_20_02_2022.pdf,6
2022-02-20,7,LR1,SEAWAYS SILVERMAR,69609,2002,Daewoo Shipbuilding Marine Engineering,& B&W,N/A,,,Indian,,allied_2022_W07_ALLIED-Weekly-Market-Report_20_02_2022.pdf,6
2022-02-20,7,MR,OCEAN JUPITER,50314,2007,"SLS Shipbuilding Ltd - Tongyeong, Korea",Co S. MAN-B&W EPOXY,,,,,,allied_2022_W07_ALLIED-Weekly-Market-Report_20_02_2022.pdf,6
2022-02-20,7,MR,ZHU JIANG,50192,2009,"SLS Shipbuilding Ltd - Tongyeong, Korea",Co S. MAN-B&W EPOXY,N/A,,,Greek,auction sale,allied_2022_W07_ALLIED-Weekly-Market-Report_20_02_2022.pdf,6
2022-02-20,7,MR,OCEAN WINTER,41370,2009,"SLS Shipbuilding Ltd - Tongyeong, Korea",Co S. MAN-B&W EPOXY,,,,,,allied_2022_W07_ALLIED-Weekly-Market-Report_20_02_2022.pdf,6
2022-02-20,7,MR,OCEAN SPRING,40960,2009,"SLS Shipbuilding Ltd - Tongyeong, Korea",Co S. MAN-B&W EPOXY,,,,,,allied_2022_W07_ALLIED-Weekly-Market-Report_20_02_2022.pdf,6
2022-02-20,7,MR,SKY,37879,2007,Hyundai Mipo Dockyard Co Ltd,- MAN-B&W Epoxy Phenolic,8.1m,8.1,,undisclosed,"SS/DD due Dec '22, ice class",allied_2022_W07_ALLIED-Weekly-Market-Report_20_02_2022.pdf,6
2022-02-20,7,CAPE,STELLA HOPE,180007,2016,Dalian Shipbuilding Industry Co Ltd Dalian LN (No,- MAN-B&W 2 rgn,42.5m,42.5,,Zodiac Marirtime,"eco, BWTS fitted, on index linked TC for 1+1 years",allied_2022_W07_ALLIED-Weekly-Market-Report_20_02_2022.pdf,6
2022-02-20,7,PMAX,LILY BREEZE,74744,1998,"Nippon Kokan (NKK Corp) - ME, Japan",KK Tsu Sulzer,8.6m,8.6,,undisclosed,,allied_2022_W07_ALLIED-Weekly-Market-Report_20_02_2022.pdf,6
2022-02-20,7,PMAX,BONANZA,73613,2003,"Jiangnan Shipyard (Group) Co Ltd Shanghai, China",- MAN-B&W rgn,10.9m,10.9,,Chinese,"BWTS fitted, SS/DD due Jul '22",allied_2022_W07_ALLIED-Weekly-Market-Report_20_02_2022.pdf,6
2022-02-20,7,UMAX,ULTRA EXCELLENCE,61214,2016,"Tadotsu Shipyard Co Ltd - Tadotsu KG, Japan","4 X MAN-B&W CRANES 30,7t rgn",31.0m,31.0,,undisclosed,"BWTS fitted, eco, bss dely June '22",allied_2022_W07_ALLIED-Weekly-Market-Report_20_02_2022.pdf,6
2022-02-20,7,SMAX,MANDARIN GRACE,56693,2011,Jiangsu Hantong Ship Heavy Industry Co Ltd,4 MAN-B&W Crane - X 30t,17.0m,17.0,,Chinese,BWTS fitted,allied_2022_W07_ALLIED-Weekly-Market-Report_20_02_2022.pdf,6
2022-02-20,7,SMAX,MANDARIN TRADER,56677,2011,Jiangsu Hantong Ship Heavy Industry Co Ltd,4 MAN-B&W CRANES - X 36t,17.0m,17.0,,Chinese,BWTS fitted,allied_2022_W07_ALLIED-Weekly-Market-Report_20_02_2022.pdf,6
2022-02-20,7,SMAX,IVY UNICORN,55874,2011,IHI Marine United Inc - Yokohama Japan,"4 KN, Wartsila Crane X 30t",20.5m,20.5,,Selmer,7,allied_2022_W07_ALLIED-Weekly-Market-Report_20_02_2022.pdf,6
2022-02-20,7,PMAX,NAVIOS UNITE,,82082006,"Industries Co Ltd Ulsan, S. Korea",MAN-B&W -,110.0m,110.0,,undisclosed,bss dely 2nd half of '22,allied_2022_W07_ALLIED-Weekly-Market-Report_20_02_2022.pdf,7
2022-02-20,7,PMAX,NORTH BRIDGE,,42982006,"Hyundai Heavy Industries Co Ltd Ulsan, S. Korea",- MAN-B&W,80.0m,80.0,,MSC,,allied_2022_W07_ALLIED-Weekly-Market-Report_20_02_2022.pdf,7
2022-02-20,7,SUB,WINDSWEPT,,27972010,Yangfan Group Ltd - Zhoushan,"Co ZJ, MAN-B&W",52.0m,52.0,,Transfar,,allied_2022_W07_ALLIED-Weekly-Market-Report_20_02_2022.pdf,7
2022-02-20,7,PMAX,CAPE MAGNUS,,27422008,"GmbH - Wismar, Germany",MAN-B&W,53.0m,53.0,,Wan Hai Lines,,allied_2022_W07_ALLIED-Weekly-Market-Report_20_02_2022.pdf,7
2022-02-20,7,SUB,VIVALDI,,25462010,Jiangsu Yangzijiang Shipbuilding Co,3 Ltd Wartsila X 45t,18.0m,18.0,,Greek,eco,allied_2022_W07_ALLIED-Weekly-Market-Report_20_02_2022.pdf,7
2022-02-20,7,SUB,MESSINI,,24421997,Thyssen Nordseewerke,3 Mitsubishi,X 40t N/A,,,U. K. Based,,allied_2022_W07_ALLIED-Weekly-Market-Report_20_02_2022.pdf,7
2022-02-20,7,FEEDER,YANGFAN CV18H- VG02,,18682022,Yangfan Group Ltd - Zhoushan China,"Co Wartsila ZJ,",44.5m,44.5,,CMA CGM,,allied_2022_W07_ALLIED-Weekly-Market-Report_20_02_2022.pdf,7
2022-02-20,7,FEEDER,MARINE BIA,,17082008,Imabari Shipbuilding Co - Imabari EH,3 Ltd MAN-B&W CRANES,X 40t N/A,,,undisclosed,,allied_2022_W07_ALLIED-Weekly-Market-Report_20_02_2022.pdf,7
2022-02-20,7,FEEDER,HOOGE,,14022006,"Shandong Weihai Shipyard - Weihai SD, China",2 MAN-B&W CRANES X 40t,23.6m,23.6,,Carmel Shipping,,allied_2022_W07_ALLIED-Weekly-Market-Report_20_02_2022.pdf,7
2022-02-20,7,LPG,NAVIGATOR NEPTUNE,23495,2000,"Jiangnan Shipyard (Group) Co Ltd Shanghai, China","- Sulzer 21,660",20.2m,20.2,,undisclosed,,allied_2022_W07_ALLIED-Weekly-Market-Report_20_02_2022.pdf,7
2022-02-20,7,LPG,ASTRID,5034,2010,"Kanrei Zosen K.K. Naruto, Japan","- MAN-B&W 4,916",N/A,,,Erasmus Corp,incl TC attached 8,allied_2022_W07_ALLIED-Weekly-Market-Report_20_02_2022.pdf,7
2022-02-27,8,VLCC,T. PROGRESS,305795,2002,Daewoo Shipbuilding Marine Engineering,& MAN-B&W,28.8m,28.8,,undisclosed,,allied_2022_W08_ALLIED-Weekly-Market-Report_27_02_2022.pdf,6
2022-02-27,8,SUEZ,ERVIKEN,152146,2004,"Samsung Heavy Industries Co Ltd Geoje, S. Korea",- MAN-B&W rgn/low,15.0m,15.0,,Greek,,allied_2022_W08_ALLIED-Weekly-Market-Report_27_02_2022.pdf,6
2022-02-27,8,CHEM,SAPPER,14002,1997,"Morini S.p.A. Ancona, Italy",- tork-Wartsil Steel,5.0m,5.0,,undisclosed,StSt,allied_2022_W08_ALLIED-Weekly-Market-Report_27_02_2022.pdf,6
2022-02-27,8,PROD/,NEELAMBARI,13103,2010,Sekwang Heavy Industries Co Ltd,- MAN-B&W Marine,7.3m,7.3,,undisclosed,,allied_2022_W08_ALLIED-Weekly-Market-Report_27_02_2022.pdf,6
2022-02-27,8,CAPE,DONG-A EOS,179329,2009,"Hyundai Heavy Industries Co Ltd Ulsan, S. Korea",- MAN-B&W,,,,,,allied_2022_W08_ALLIED-Weekly-Market-Report_27_02_2022.pdf,6
2022-02-27,8,CAPE,DONG-A ASTREA,179329,2010,"Hyundai Heavy Industries Co Ltd Ulsan, S. Korea",- MAN-B&W rgn en bloc,79.0m,,79.0,Minerva Marine,,allied_2022_W08_ALLIED-Weekly-Market-Report_27_02_2022.pdf,6
2022-02-27,8,CAPE,DONG-A OKNOS,179329,2010,"Hyundai Heavy Industries Co Ltd Ulsan, S. Korea",- MAN-B&W,,,,,,allied_2022_W08_ALLIED-Weekly-Market-Report_27_02_2022.pdf,6
2022-02-27,8,PMAX,DOUBLE FORTUNE,95790,2010,Shipbuilding Co - Marugame,Ltd MAN-B&W KG,21.0m,21.0,,Chinese,,allied_2022_W08_ALLIED-Weekly-Market-Report_27_02_2022.pdf,6
2022-02-27,8,POST,CORONA INFINITY,88233,2002,Imabari Shipbuilding Co,Ltd B&W,rgn/high $,,,Chinese,SS/DD due Oct '22,allied_2022_W08_ALLIED-Weekly-Market-Report_27_02_2022.pdf,6
2022-02-27,8,KMAX,SEAGULL WIND,82908,2013,"Sanoyas Shipbuilding Corp Kurashiki OY, Japan",- MAN-B&W,27.0m,27.0,,Sterling Shipping,"BWTS fitted , old sale (Jan '22)",allied_2022_W08_ALLIED-Weekly-Market-Report_27_02_2022.pdf,6
2022-02-27,8,SMAX,WP BRAVE,58627,2012,"SPP Shipbuilding Co Ltd - Sacheon, Korea",4 S. MAN-B&W CRANES X 30t rgn,19.5m,19.5,,undisclosed,"SS/DD/BWTS due Jul '22, tier II",allied_2022_W08_ALLIED-Weekly-Market-Report_27_02_2022.pdf,6
2022-02-27,8,SMAX,TOMINI MAJESTY,56942,2010,"Zhejiang Zhenghe Shipbuilding Co - Zhoushan ZJ,",4 Ltd MAN-B&W CRANES,X 36t N/A,,,U. A. E. Based,"on BBHP bss with dely Med , tier II",allied_2022_W08_ALLIED-Weekly-Market-Report_27_02_2022.pdf,6
2022-02-27,8,SMAX,JIN YUN,56810,2012,"Jinling Shipyard Nanjing JS, China",- 4 MAN-B&W CRANES X 30t,17.4m,17.4,,Chinese,"online auction, SS/DD due May '22",allied_2022_W08_ALLIED-Weekly-Market-Report_27_02_2022.pdf,6
2022-02-27,8,SMAX,WP AMBITION,55865,2015,"Mitsui Eng. & Co. Ltd., Chiba Works - Ichihara,",SB. 4 MAN-B&W CRANES X 30t rgn,25.5m,25.5,,Turkish,"BWTS fitted, eco",allied_2022_W08_ALLIED-Weekly-Market-Report_27_02_2022.pdf,6
2022-02-27,8,SMAX,AWESOME ASHLEY,55596,2011,"Mitsui Eng. & Co. Ltd. - Tamano, Japan",SB. 4 MAN-B&W CRANES X 30t,21.0m,21.0,,Blue Feet,BWTS fitted,allied_2022_W08_ALLIED-Weekly-Market-Report_27_02_2022.pdf,6
2022-02-27,8,SMAX,HS LUCK,52421,2002,"Tsuneishi Shipbuilding Co - Fukuyama HS,",4 Ltd MAN-B&W CRANES X 30t,12.0m,12.0,,Bangladeshi,,allied_2022_W08_ALLIED-Weekly-Market-Report_27_02_2022.pdf,6
2022-02-27,8,SMAX,HS WINNING,51104,2002,"Oshima Shipbuilding Co - Saikai NS, Japan",4 Ltd B&W CRANES X 30t,12.9m,12.9,,,BWTS fitted,allied_2022_W08_ALLIED-Weekly-Market-Report_27_02_2022.pdf,6
2022-02-27,8,HANDY,INTERLINK AUDACITY,39100,2016,"Zhejiang Zengzhou Shipyard Co Ltd Zhoushan ZJ, China",4 X - MAN-B&W CRANES,"30,5t",,,,,allied_2022_W08_ALLIED-Weekly-Market-Report_27_02_2022.pdf,6
2022-02-27,8,HANDY INTERLINK,AFFINITY,39046,2016,"Zhejiang Zengzhou Shipyard Co Ltd Zhoushan ZJ, China","4 X - MAN-B&W CRANES 30,5t rgn",25.0m,25.0,,undisclosed,"BWTS fitted, eco",allied_2022_W08_ALLIED-Weekly-Market-Report_27_02_2022.pdf,6
2022-02-27,8,HANDY INTERLINK,TENACITY,38785,2016,"Taizhou Kouan Shipbuilding Co - Taizhou JS, China",4 Ltd MAN-B&W CRANES,X 30t each,,,,,allied_2022_W08_ALLIED-Weekly-Market-Report_27_02_2022.pdf,6
2022-02-27,8,HANDY,INTERLINK UTILITY,38706,2016,Huatai Heavy Industry (Nantong) Co Ltd - Rugao,"4 MAN-B&W CRANES JS,",X 30t,,,,7,allied_2022_W08_ALLIED-Weekly-Market-Report_27_02_2022.pdf,6
2022-02-27,8,POST,HAMBURG BAY,,64942009,Koyo Dockyard Ltd - Mihara,"Co HS, MAN-B&W",69.0m,69.0,,German,,allied_2022_W08_ALLIED-Weekly-Market-Report_27_02_2022.pdf,7
2022-02-27,8,FEEDER,SABRE TRADER,,17742018,"Jiangsu Newyangzi Shipbuilding Co - Jingjiang JS, China",Ltd Wartsila,44.0m,44.0,,undisclosed,eco,allied_2022_W08_ALLIED-Weekly-Market-Report_27_02_2022.pdf,7
2022-02-27,8,FEEDER HANSA,MAGDEBURG,,17402003,Guangzhou Wenchong Shipyard Co Ltd - Guangzhou Guangzhou,2 MAN-B&W CRANES X 40t,30.0m,30.0,,Mount Street,incl TC attached,allied_2022_W08_ALLIED-Weekly-Market-Report_27_02_2022.pdf,7
2022-02-27,8,FEEDER,HANSA LIMBURG,,17402006,Wenchong Shipyard Co Ltd - Guangzhou,2 MAN-B&W CRANES X 40t,30.0m,30.0,,undisclosed,bss TC free dely Mar/Jun '22 in N. Europe / Med range,allied_2022_W08_ALLIED-Weekly-Market-Report_27_02_2022.pdf,7
2022-02-27,8,FEEDER HANSA,OFFENBURG,,17402011,GD China Guangzhou Wenchong Shipyard Co Ltd - Guangzhou,2 MAN-B&W CRANES X 40t,33.0m,33.0,,undisclosed,bss TC free dely Sep '22 in Far East,allied_2022_W08_ALLIED-Weekly-Market-Report_27_02_2022.pdf,7
2022-02-27,8,FEEDER,AVRA MITERAS,,11221996,"Volkswerft Stralsund GmbH Stralsund, Germany",2 - Sulzer CRANES,X 40t N/A,,,MSC,,allied_2022_W08_ALLIED-Weekly-Market-Report_27_02_2022.pdf,7
2022-02-27,8,FEEDER,VEGA KAPPA,,11182007,"Qingshan Shipyard Wuhan HB, China",- 2 MAN CRANES X 45t,23.0m,23.0,,Turkish,,allied_2022_W08_ALLIED-Weekly-Market-Report_27_02_2022.pdf,7
2022-02-27,8,FEEDER,MARCLIFF,,10492007,Dae Sun Shipbuilding Engineering Co,& MAN-B&W Ltd -,17.5m,17.5,,Russian,,allied_2022_W08_ALLIED-Weekly-Market-Report_27_02_2022.pdf,7
2022-02-27,8,FEEDER,MARCONNECTICUT,,10432007,Dae Sun Shipbuilding Engineering Co,& MAN-B&W Ltd -,15.5m,15.5,,,,allied_2022_W08_ALLIED-Weekly-Market-Report_27_02_2022.pdf,7
2022-02-27,8,FEEDER,DIANA K,,6421996,Dae Sun Shipbuilding,2 & B&W CRANES X 36t rgn,4.2m,4.2,,undisclosed,,allied_2022_W08_ALLIED-Weekly-Market-Report_27_02_2022.pdf,7
2022-02-27,8,LPG,BW TRADER,53151,2006,Daewoo Shipbuilding Marine Engineering,"& Sulzer 77,058",43.5m,43.5,,Foresight,incl TC attached 8,allied_2022_W08_ALLIED-Weekly-Market-Report_27_02_2022.pdf,7
2022-03-06,9,VLCC,MY WAY,314020,2007,Nantong COSCO KHI Ship Engineering Co,MAN-B&W Ltd,36.0m,36.0,,U. A. E. Based,,allied_2022_W09_ALLIED-Weekly-Market-Report_06_03_2022.pdf,6
2022-03-06,9,VLCC,LANDBRIDGE MAJESTY,308206,2017,Dalian Shipbuilding Industry Co Ltd Dalian LN (No Dalian Shipbuilding,- MAN-B&W 2 rgn,71.5m,71.5,,Greek,scrubber fitted,allied_2022_W09_ALLIED-Weekly-Market-Report_06_03_2022.pdf,6
2022-03-06,9,VLCC,NAUTILUS,307284,2006,Industry Co Ltd Dalian LN (No,- Wartsila 2 EPOXY rgn en,63.0m,63.0,,Sinokor,"eco, SS/DD passed, BWTS fitted",allied_2022_W09_ALLIED-Weekly-Market-Report_06_03_2022.pdf,6
2022-03-06,9,VLCC,NAVARIN,307284,2007,Yard) China Dalian Shipbuilding Industry Co Ltd Dalian LN (No,- Wartsila 2 EPOXY,bloc,,,,"eco, SS/DD due Apr '22",allied_2022_W09_ALLIED-Weekly-Market-Report_06_03_2022.pdf,6
2022-03-06,9,AFRA,AXEL SPIRIT,115392,2004,"Yard) China Samsung Heavy Industries Co Ltd Geoje, S. Korea",- B&W,13.2m,13.2,,Chinese,,allied_2022_W09_ALLIED-Weekly-Market-Report_06_03_2022.pdf,6
2022-03-06,9,AFRA,BUNGA KELANA,10105274,2004,"Samsung Heavy Industries Co Ltd Geoje, S. Korea",- B&W low,12.0m,12.0,,Singaporean,,allied_2022_W09_ALLIED-Weekly-Market-Report_06_03_2022.pdf,6
2022-03-06,9,AFRA,BUNGA KELANA,9105200,2004,"Samsung Heavy Industries Co Ltd Geoje, S. Korea",- B&W low,12.0m,12.0,,Indonesian,,allied_2022_W09_ALLIED-Weekly-Market-Report_06_03_2022.pdf,6
2022-03-06,9,LR1,TECTUS,74862,2009,STX Offshore Shipbuilding Co,& Ltd MAN-B&W EPOXY rgn,15.7m,15.7,,Centrofin,BWTS fitted,allied_2022_W09_ALLIED-Weekly-Market-Report_06_03_2022.pdf,6
2022-03-06,9,PMAX,JIN JIA,93077,2012,"Ships Co Ltd Yizheng JS, China",- MAN-B&W,14.5m,14.5,,Chinese,online auction,allied_2022_W09_ALLIED-Weekly-Market-Report_06_03_2022.pdf,6
2022-03-06,9,KMAX,BW RYE,81783,2019,Tsuneishi Group (Zhoushan) Shipbuilding Inc,MAN-B&W -,37.5m,37.5,,Primerose,"BWTS fitted, eco",allied_2022_W09_ALLIED-Weekly-Market-Report_06_03_2022.pdf,6
2022-03-06,9,KMAX,GALAXY,81666,2012,Qingdao Beihai Shipbuilding Heavy Industry Co Ltd,Wartsila - rgn,19.7m,19.7,,Greek,SS/DD due Nov '22,allied_2022_W09_ALLIED-Weekly-Market-Report_06_03_2022.pdf,6
2022-03-06,9,KMAX,DARYA KIRTHI,80545,2012,STX Offshore Shipbuilding Co - Changwon (Jinhae,& Ltd MAN-B&W rgn,24.5m,24.5,,Greek,"bss dely May '22, BWTS fitted",allied_2022_W09_ALLIED-Weekly-Market-Report_06_03_2022.pdf,6
2022-03-06,9,PMAX,CORAL OPAL,78090,2012,Shin Kurushima Toyohashi Shipbuilding Co,MAN-B&W Ltd,N/A,,,undisclosed,SS/DD due Mar '22,allied_2022_W09_ALLIED-Weekly-Market-Report_06_03_2022.pdf,6
2022-03-06,9,PMAX,GOYA,75750,2008,"Jiangsu Rongsheng Shipbuilding Co - Rugao JS, China",Ltd MAN-B&W,15.8m,15.8,,Chinese,,allied_2022_W09_ALLIED-Weekly-Market-Report_06_03_2022.pdf,6
2022-03-06,9,UMAX,HANTON TRADER,63800,2014,Jiangsu Hantong Ship Heavy Industry Co Ltd,"CR MAN-B&W CR - 4x36 T, 4x30 T",25.5m,25.5,,Hong Kong Based,,allied_2022_W09_ALLIED-Weekly-Market-Report_06_03_2022.pdf,6
2022-03-06,9,UMAX,DROGBA,63488,2015,"Chengxi Shipyard Co Ltd - Jiangyin JS, China",4 MAN-B&W CRANES X 30t rgn,28.75m,28.75,,undisclosed,"eco, BWTS fitted",allied_2022_W09_ALLIED-Weekly-Market-Report_06_03_2022.pdf,6
2022-03-06,9,SMAX,SITC TAISHAN,58107,2010,Tsuneishi Group (Zhoushan) Shipbuilding Inc,4 MAN-B&W CRANES - X 30t rgn,18.25m,18.25,,Greek,BWTS fitted,allied_2022_W09_ALLIED-Weekly-Market-Report_06_03_2022.pdf,6
2022-03-06,9,SMAX,KARIMU,57255,2010,STX Offshore Shipbuilding Co - Changwon (Jinhae,& 4 Ltd MAN-B&W CRANES X 30t,19.0m,19.0,,undisclosed,,allied_2022_W09_ALLIED-Weekly-Market-Report_06_03_2022.pdf,6
2022-03-06,9,SMAX,MANDARIN FORTUNE,57000,2008,Jiangsu Hantong Ship Heavy Industry Co Ltd,4 MAN-B&W CRANES - X 35t,14.0m,14.0,,undisclosed,bss TC free dely Aug/Sep '22 7,allied_2022_W09_ALLIED-Weekly-Market-Report_06_03_2022.pdf,6
2022-03-06,9,SUB,MARINA JADE,,24522001,Thyssen Nordseewerke,3 MAN-B&W,X 45t rgn $,,,OM Maritime,,allied_2022_W09_ALLIED-Weekly-Market-Report_06_03_2022.pdf,7
2022-03-06,9,FEEDER,A DAISEN,,17402010,Guangzhou Wenchong Shipyard Co Ltd - Guangzhou,2 MAN-B&W CRANES X 45t rgn,33.0m,33.0,,Maersk,dely Dec '22,allied_2022_W09_ALLIED-Weekly-Market-Report_06_03_2022.pdf,7
2022-03-06,9,FEEDER,PROVIDENCE,,6531998,"Hakata Zosen K.K. Imabari, Japan",- 2 Mitsubishi CRANES X 38t,6.5m,6.5,,undisclosed,"dely Apr 'ss , SS/DD due Sep '22 8",allied_2022_W09_ALLIED-Weekly-Market-Report_06_03_2022.pdf,7
2022-03-13,10,VLCC,SARA,323183,2011,STX Offshore Shipbuilding Co - Changwon (Jinhae,& MAN-B&W Ltd,,,,,,allied_2022_W10_ALLIED-Weekly-Market-Report_13_03_2022.pdf,6
2022-03-13,10,VLCC,SIMONE,323182,2012,STX Offshore Shipbuilding Co - Changwon (Jinhae,& MAN-B&W Ltd,N/A,,,Sinokor,,allied_2022_W10_ALLIED-Weekly-Market-Report_13_03_2022.pdf,6
2022-03-13,10,VLCC,SANDRA,314000,2011,STX Offshore Shipbuilding Co - Changwon (Jinhae,& MAN-B&W Ltd,,,,,,allied_2022_W10_ALLIED-Weekly-Market-Report_13_03_2022.pdf,6
2022-03-13,10,VLCC,SONIA,314000,2012,STX Offshore Shipbuilding Co - Changwon (Jinhae,& MAN-B&W Ltd,,,,,,allied_2022_W10_ALLIED-Weekly-Market-Report_13_03_2022.pdf,6
2022-03-13,10,VLCC OLYMPIC,LOYALTY,306999,2005,"Samsung Heavy Industries Co Ltd Geoje, S. Korea",- MAN-B&W,30.5m,30.5,,undisclosed,,allied_2022_W10_ALLIED-Weekly-Market-Report_13_03_2022.pdf,6
2022-03-13,10,VLCC,ENEOS TOKYO,300976,2004,"IHI Marine United Inc - Kure HS, Japan",Sulzer,30.5m,30.5,,Chinese,,allied_2022_W10_ALLIED-Weekly-Market-Report_13_03_2022.pdf,6
2022-03-13,10,SUEZ,DENSA ORCA,158322,2012,"Hyundai Heavy Industries Co Ltd Gunsan, S. Korea",- MAN-B&W rgn,33.0m,33.0,,Delta Tankers,bss SS/DD/BWTS due Apr '22,allied_2022_W10_ALLIED-Weekly-Market-Report_13_03_2022.pdf,6
2022-03-13,10,SUEZ,HAI LONG,153071,2000,"Hyundai Heavy Industries Co Ltd Ulsan, S. Korea",- B&W,16.0m,16.0,,undisclosed,,allied_2022_W10_ALLIED-Weekly-Market-Report_13_03_2022.pdf,6
2022-03-13,10,AFRA,STENA ARCTICA,117099,2005,"Hyundai Heavy Industries Co Ltd Ulsan, S. Korea",- MAN-B&W,14.9m,14.9,,undisclosed,,allied_2022_W10_ALLIED-Weekly-Market-Report_13_03_2022.pdf,6
2022-03-13,10,AFRA,BLUE POWER,106360,2003,"Tsuneishi Corp Tadotsu KG, Japan",- B&W,13.5m,13.5,,Vietnamese,,allied_2022_W10_ALLIED-Weekly-Market-Report_13_03_2022.pdf,6
2022-03-13,10,LR1,STENA PRESIDENT,65112,2007,"Brodosplit Brodogradiliste - Split, Croatia",- doo MAN-B&W EPOXY rgn,11.2m,11.2,,Greek,SS/DD due Sep '22,allied_2022_W10_ALLIED-Weekly-Market-Report_13_03_2022.pdf,6
2022-03-13,10,MR,PARAGON 11,40208,2007,"SLS Shipbuilding Ltd - Tongyeong, Korea",Co S. MAN-B&W EPOXY PHEN rgn,9.0m,9.0,,undisclosed,SS/DD due Jul '22,allied_2022_W10_ALLIED-Weekly-Market-Report_13_03_2022.pdf,6
2022-03-13,10,MR,ADEBOMI 3,36962,2002,3 Maj' Brodogradiliste,dd - Sulzer Epoxy Phenolic,6.2m,6.2,,Greek,old sale,allied_2022_W10_ALLIED-Weekly-Market-Report_13_03_2022.pdf,6
2022-03-13,10,KMAX,ALAM KUKUH,82079,2019,"Oshima Shipbuilding Co - Saikai NS, Japan",Ltd MAN-B&W,38.75m,38.75,,Far Eastern,"BWTS fitted, eco",allied_2022_W10_ALLIED-Weekly-Market-Report_13_03_2022.pdf,6
2022-03-13,10,KMAX,EASTERN HEATHER,82000,2022,"Chengxi Shipyard Co Ltd - Yangzhou JS, China Jinhai Heavy",MAN-B&W,36.0m,36.0,,Greek,"BWTS fitted, tier III",allied_2022_W10_ALLIED-Weekly-Market-Report_13_03_2022.pdf,6
2022-03-13,10,PMAX,GOLDEN EMPRESS,79471,2010,Industry Co Ltd Daishan County China,"- MAN-B&W ZJ,",,,,,,allied_2022_W10_ALLIED-Weekly-Market-Report_13_03_2022.pdf,6
2022-03-13,10,PMAX GOLDEN,ENTERPRISE,79471,2011,Jinhai Heavy Industry Co Ltd Daishan County China,"- MAN-B&W ZJ, en bloc",52.0m,,52.0,Lomar Shipping,BWTS fitted,allied_2022_W10_ALLIED-Weekly-Market-Report_13_03_2022.pdf,6
2022-03-13,10,PMAX,GOLDEN ENDEAVOUR,79454,2010,Jinhai Heavy Industry Co Ltd Daishan County,"- MAN-B&W ZJ,",,,,,,allied_2022_W10_ALLIED-Weekly-Market-Report_13_03_2022.pdf,6
2022-03-13,10,UMAX,ULTRA INITIATOR,62647,2019,"China Oshima Shipbuilding Co - Saikai NS, Japan",4 Ltd MAN-B&W CRANES X 30t,36.5m,36.5,,Chinese,"BWTS fitted, eco",allied_2022_W10_ALLIED-Weekly-Market-Report_13_03_2022.pdf,6
2022-03-13,10,SMAX,FRIENDLY SEAS,58779,2008,Tsuneishi Group (Zhoushan) Shipbuilding Inc,4 MAN-B&W CRANES - X 30t,18.75m,18.75,,Chinese,7,allied_2022_W10_ALLIED-Weekly-Market-Report_13_03_2022.pdf,6
2022-03-13,10,PMAX,WASHINGTON,,,"Industries Co Ltd Ulsan, S. Korea",-,150.0m,150.0,,undisclosed,incl TC attach until end '22,allied_2022_W10_ALLIED-Weekly-Market-Report_13_03_2022.pdf,7
2022-03-13,10,PMAX,MP THE MCGINEST,,44002010,"Hyundai Samho Heavy Industries Co Ltd - Samho,",Wartsila S.,mid/high $ 40's,,,German,incl index linked TC until Jan '23 - Jan '25,allied_2022_W10_ALLIED-Weekly-Market-Report_13_03_2022.pdf,7
2022-03-13,10,LPG,JOHANN SCHULTE,18111,1998,"Jiangnan Shipyard (Group) Co Ltd Shanghai, China","- Sulzer 16,262",6.0m,6.0,,undisclosed,8,allied_2022_W10_ALLIED-Weekly-Market-Report_13_03_2022.pdf,7
2022-03-20,11,AFRA,SRI ASIH,109637,2005,Dalian New Shipbuilding Heavy Industries Co Ltd,Sulzer - EPOXY,14.5m,14.5,,undisclosed,,allied_2022_W11_ALLIED-Weekly-Market-Report_20_03_2022.pdf,6
2022-03-20,11,MR,SUPER EMERALD,50346,2005,"ShinA Shipbuilding Co Ltd - Tongyeong,",MAN-B&W S. EPOXY,10.0m,10.0,,undisclosed,,allied_2022_W11_ALLIED-Weekly-Market-Report_20_03_2022.pdf,6
2022-03-20,11,MR,HIGH PRIORITY,46847,2005,"Naikai Zosen Corp Onomichi HS (Setoda Shipyard),",- B&W EPOXY rgn,9.1m,9.1,,undisclosed,,allied_2022_W11_ALLIED-Weekly-Market-Report_20_03_2022.pdf,6
2022-03-20,11,MR,NORD SWAN,38326,2009,Guangzhou Shipyard,MAN-B&W EPOXY PHEN high,10.0m,10.0,,Greek,vessel will remain in the pool,allied_2022_W11_ALLIED-Weekly-Market-Report_20_03_2022.pdf,6
2022-03-20,11,VLOC,AZUL LIBERO,203278,2004,Universal Shipbuilding Corp Nagasu KM (Ariake,- MAN-B&W,18.8m,18.8,,Chinese,BWTS fitted,allied_2022_W11_ALLIED-Weekly-Market-Report_20_03_2022.pdf,6
2022-03-20,11,KMAX,OCEANIC,82471,2007,Tsuneishi Holdings Corp Tsuneishi Shipbuilding Co,MAN-B&W -,20.8m,20.8,,NGM,"BWTS fitted, bss prompt dely",allied_2022_W11_ALLIED-Weekly-Market-Report_20_03_2022.pdf,6
2022-03-20,11,KMAX,AGRI GRANDE,81966,2017,"Jiangsu Newyangzi Shipbuilding Co - Jingjiang JS, China",Ltd MAN-B&W rgn,30.5m,30.5,,Chinese,"BWTS fitted , Tier II , eco",allied_2022_W11_ALLIED-Weekly-Market-Report_20_03_2022.pdf,6
2022-03-20,11,KMAX,EVERGLORY,81666,2012,Qingdao Beihai Shipbuilding Heavy Industry Co Ltd,Wartsila - rgn,19.8m,19.8,,undisclosed,,allied_2022_W11_ALLIED-Weekly-Market-Report_20_03_2022.pdf,6
2022-03-20,11,KMAX,RENAISSANCE,81666,2012,Qingdao Beihai Shipbuilding Heavy Industry Co Ltd,Wartsila -,each,,,,,allied_2022_W11_ALLIED-Weekly-Market-Report_20_03_2022.pdf,6
2022-03-20,11,SMAX,ATLANTIC TULUM,58802,2008,"Tsuneishi Heavy Industries (Cebu) Inc - Balamban,",4 MAN-B&W CRANES X 30t,17.3m,17.3,,undisclosed,,allied_2022_W11_ALLIED-Weekly-Market-Report_20_03_2022.pdf,6
2022-03-20,11,SMAX,ORIENT RISE,56700,2010,"Qingshan Shipyard Wuhan HB, China",- 4 MAN-B&W CRANES X 30t,17.0m,17.0,,Greek,BWTS fitted,allied_2022_W11_ALLIED-Weekly-Market-Report_20_03_2022.pdf,6
2022-03-20,11,SMAX,ATLANTIC MEXICO,56697,2011,"Taizhou Kouan Shipbuilding Co - Taizhou JS, China",4 Ltd Mitsubishi CRANES X 30t xs,17.0m,17.0,,undisclosed,,allied_2022_W11_ALLIED-Weekly-Market-Report_20_03_2022.pdf,6
2022-03-20,11,SMAX SEACON,SINGAPORE,56501,2013,"Taizhou Sanfu Engineering Co Taizhou JS, China",Ship 4 Ltd - MAN-B&W CRANES X 30t,19.45m,19.45,,Ningbo Honglong Shipping,"online auction, SS/DD due Jan '23, BWTS fitted",allied_2022_W11_ALLIED-Weekly-Market-Report_20_03_2022.pdf,6
2022-03-20,11,HANDY,VENTURE TEAM,38947,2015,Jiangmen Nanyang Ship Engineering Co Ltd - Jiangmen,"4 X MAN-B&W CRANES 30,5t",24.9m,24.9,,Italian,eco,allied_2022_W11_ALLIED-Weekly-Market-Report_20_03_2022.pdf,6
2022-03-20,11,HANDY INTERLINK,FIDELITY,38792,2015,"Taizhou Kouan Shipbuilding Co - Taizhou JS, China",4 Ltd MAN-B&W CRANES X 30t rgn,25.5m,25.5,,undisclosed,"BWTS fitted , eco , ice class 1C",allied_2022_W11_ALLIED-Weekly-Market-Report_20_03_2022.pdf,6
2022-03-20,11,HANDY,CAPE FLATTERY,28433,2004,Imabari Shipbuilding Co,"4 X Ltd MAN-B&W CRANES 30,5t",9.45m,9.45,,undisclosed,,allied_2022_W11_ALLIED-Weekly-Market-Report_20_03_2022.pdf,6
2022-03-20,11,Cargo,BRIGHT HORIZON,30538,2002,"Ltd - Dalian LN, China","MAN-B&W CRANES,2 X",N/A 50t,,,MSC,heavy lift,allied_2022_W11_ALLIED-Weekly-Market-Report_20_03_2022.pdf,6
2022-03-20,11,Cargo,GREEN FRONTIER,14387,2007,"Imabari, Japan","MAN-B&W CR CR 3x31 T, 2x30.7",8.7m,8.7,,Chinese,BWTS fitted,allied_2022_W11_ALLIED-Weekly-Market-Report_20_03_2022.pdf,6
2022-03-27,12,SUEZ,NORDIC PASSAT,164274,2002,"Samho Heavy Industries Co Ltd Samho, S. Korea",- B&W,15.5m,15.5,,undisclosed,,allied_2022_W12_ALLIED-Weekly-Market-Report_27_03_2022.pdf,6
2022-03-27,12,SUEZ,NORDIC GRACE,149921,2002,"Samho Heavy Industries Co Ltd Samho, S. Korea",- B&W EPOXY,15.0m,15.0,,undisclosed,SS/DD due Mar ' 22,allied_2022_W12_ALLIED-Weekly-Market-Report_27_03_2022.pdf,6
2022-03-27,12,MR,K SHIPBUILDING 1930,49750,2023,"K-Shipbuilding Ltd - Changwon, Korea",Co MAN-B&W S. $ rgn,38.5m,38.5,,PCL Tankers,bss dely Jan & Mar '23,allied_2022_W12_ALLIED-Weekly-Market-Report_27_03_2022.pdf,6
2022-03-27,12,MR,K SHIPBUILDING 1931,49750,2023,"K-Shipbuilding Ltd - Changwon,",Co MAN-B&W S.,each,,,,,allied_2022_W12_ALLIED-Weekly-Market-Report_27_03_2022.pdf,6
2022-03-27,12,PMAX,XIN YUAN,91439,2002,"Shipbuilding Co - Saikai NS, Japan",Ltd Mitsubishi,14.0m,14.0,,undisclosed,,allied_2022_W12_ALLIED-Weekly-Market-Report_27_03_2022.pdf,6
2022-03-27,12,KMAX,AZUR,82282,2007,"Oshima Shipbuilding Co - Saikai NS, Japan",Ltd MAN-B&W rgn,20.5m,20.5,,undisclosed,bss dely Ma '22 in Far East,allied_2022_W12_ALLIED-Weekly-Market-Report_27_03_2022.pdf,6
2022-03-27,12,SMAX,DAYANG CENTURY,56780,2011,"Jiangdong Shipyard Wuhu AH, China",- 4 MAN-B&W CRANES X 30t,17.88m,17.88,,Chinese,online auction,allied_2022_W12_ALLIED-Weekly-Market-Report_27_03_2022.pdf,6
2022-03-27,12,SMAX,JIN FA,56699,2012,"Qingshan Shipyard Wuhan HB, China",- 4 MAN-B&W CRANES X 30t,17.9m,17.9,,Chinese,"SS/DD due Jun ' 22 , online auction",allied_2022_W12_ALLIED-Weekly-Market-Report_27_03_2022.pdf,6
2022-03-27,12,SMAX,NERAIDA,55567,2005,"Oshima Shipbuilding Co - Saikai NS, Japan",4 Ltd B&W CRANES X 30t,17.5m,17.5,,Chinese,"bss ppt delivery and SS/DD passed, BWTS fitted",allied_2022_W12_ALLIED-Weekly-Market-Report_27_03_2022.pdf,6
2022-03-27,12,SMAX,SHANGRILA,52342,2001,"Tsuneishi Shipbuilding Co - Fukuyama HS,",4 Ltd B&W CRANES X 30t,12.75m,12.75,,undisclosed,,allied_2022_W12_ALLIED-Weekly-Market-Report_27_03_2022.pdf,6
2022-03-27,12,SMAX,LUCKY SEA,52246,2005,"Yangzhou Dayang Shipbuilding Co - Yangzhou JS,",4 Ltd MAN-B&W CRANES X 30t,12.0m,12.0,,Chinese,,allied_2022_W12_ALLIED-Weekly-Market-Report_27_03_2022.pdf,6
2022-03-27,12,HANDY INTERLINK,CAPACITY,38835,2016,"Taizhou Kouan Shipbuilding Co - Taizhou JS, China",4 Ltd MAN-B&W CRANES X 30t,26.25m,26.25,,,,allied_2022_W12_ALLIED-Weekly-Market-Report_27_03_2022.pdf,6
2022-03-27,12,HANDY INTERLINK,EQUALITY,38781,2016,"Taizhou Kouan Shipbuilding Co - Taizhou JS, China",4 Ltd MAN-B&W CRANES X 30t,26.25m,26.25,,undisclosed,BWTS fitted,allied_2022_W12_ALLIED-Weekly-Market-Report_27_03_2022.pdf,6
2022-03-27,12,HANDY INTERLINK,QUALITY,38719,2016,Huatai Heavy Industry (Nantong) Co Ltd - Rugao,"4 MAN-B&W CRANES JS, X 30t",26.25m,26.25,,,,allied_2022_W12_ALLIED-Weekly-Market-Report_27_03_2022.pdf,6
2022-03-27,12,HANDY,INTERLINK ABILITY,38683,2015,Huatai Heavy Industry (Nantong) Co Ltd - Rugao,"4 MAN-B&W CRANES JS, X 30t",25.5m,25.5,,,,allied_2022_W12_ALLIED-Weekly-Market-Report_27_03_2022.pdf,6
2022-03-27,12,HANDY,OCEAN IBIS,38486,2013,Minaminippon Shipbuilding Co - Oita OT (Ozai,4 Ltd MAN-B&W CRANES X 30t,24.5m,24.5,,undisclosed,incl 1-yr BB structure,allied_2022_W12_ALLIED-Weekly-Market-Report_27_03_2022.pdf,6
2022-03-27,12,HANDY,IONIC HALO,34039,2012,Dae Sun Shipbuilding Engineering Co,4 & MAN-B&W CRANES Ltd - X 30t rgn,19.0m,19.0,,Greek,"bss SS/DD freshly passed, BWTS fitted",allied_2022_W12_ALLIED-Weekly-Market-Report_27_03_2022.pdf,6
2022-03-27,12,HANDY,KIWI TRADER,33048,2000,"The Hakodate Co Ltd - Hakodate HK, Japan","Dock 4 X Mitsubishi CRANES 30,5t",10.2m,10.2,,undisclosed,BWTS fitted 7,allied_2022_W12_ALLIED-Weekly-Market-Report_27_03_2022.pdf,6
2022-03-27,12,FEEDER,TALISKER,,11292001,Stocznia Gdanska Grupa Stoczni Gdynia SA,- 2 B&W CRANES - X 43t,17.0m,17.0,,MSC,,allied_2022_W12_ALLIED-Weekly-Market-Report_27_03_2022.pdf,7
2022-03-27,12,LPG,PROVIDENCE,54784,2008,Daewoo Shipbuilding Marine Engineering,"& MAN-B&W 82,423",46.5m,46.5,,Foresight Group,,allied_2022_W12_ALLIED-Weekly-Market-Report_27_03_2022.pdf,7
2022-03-27,12,LPG,VENTURE GAS,49701,1990,"Kawasaki Heavy Industries Ltd Sakaide KG, Japan","- MAN-B&W 73,879",20.0m,20.0,,Chinese,8,allied_2022_W12_ALLIED-Weekly-Market-Report_27_03_2022.pdf,7
2022-04-03,13,VLCC,TOKIO,306206,2005,"Mitsubishi Heavy Industries Ltd. Nagasaki, Japan",- Mitsubishi EPOXY rgn,31.5m,31.5,,undisclosed,,allied_2022_W13_ALLIED-Weekly-Market-Report_03_04_2022_compressed.pdf,6
2022-04-03,13,VLCC,EASTERN JUNIPER,305749,2007,Daewoo Shipbuilding Marine Engineering,& MAN-B&W,36.5m,36.5,,Middle Eastern,SS/DD/BWTS due Mar '22,allied_2022_W13_ALLIED-Weekly-Market-Report_03_04_2022_compressed.pdf,6
2022-04-03,13,SUEZ,17 FEBRUARY,160391,2008,"SAMSUNG HI, Korea",S. MAN-B&W,46.0m,46.0,,undisclosed,,allied_2022_W13_ALLIED-Weekly-Market-Report_03_04_2022_compressed.pdf,6
2022-04-03,13,SUEZ,LIBYA,159233,2007,Hyundai Samho Heavy Industries Co Ltd - Samho,MAN-B&W S,en bloc,,,,,allied_2022_W13_ALLIED-Weekly-Market-Report_03_04_2022_compressed.pdf,6
2022-04-03,13,SUEZ,BARI,159186,2005,"HYUNDAI HI, Korea",S. MAN-B&W EPOXY,21.5m,21.5,,Greek,BWTS fitted,allied_2022_W13_ALLIED-Weekly-Market-Report_03_04_2022_compressed.pdf,6
2022-04-03,13,SUEZ,DA YUAN HU,159149,2004,Bohai Shipbuilding Heavy Industry Ltd - Huludao,"Co MAN-B&W LN,",16.5m,16.5,,undisclosed,bss dely China Apr/May '22,allied_2022_W13_ALLIED-Weekly-Market-Report_03_04_2022_compressed.pdf,6
2022-04-03,13,AFRA,ADVANTAGE ANTHEM,116087,2011,"SAMSUNG HI, Korea",S. MAN-B&W,53.0m,53.0,,Synergy Marine,incl TC attached to Shell at US$15.5K/day until early,allied_2022_W13_ALLIED-Weekly-Market-Report_03_04_2022_compressed.pdf,6
2022-04-03,13,AFRA ADVANTAGE,AVENUE,115785,2010,"SAMSUNG HI, Korea",S. MAN-B&W,en bloc,,,,1H '23,allied_2022_W13_ALLIED-Weekly-Market-Report_03_04_2022_compressed.pdf,6
2022-04-03,13,AFRA,BERICA,115146,2008,"Sasebo Heavy Industries Co. Ltd. Sasebo, Japan",- MAN-B&W EPOXY rgn,23.0m,23.0,,undisclosed,,allied_2022_W13_ALLIED-Weekly-Market-Report_03_04_2022_compressed.pdf,6
2022-04-03,13,AFRA,STI SAVILE ROW,109999,2015,Sungdong Shipbuilding Marine Engineering,& MAN-B&W EPOXY,43.0m,43.0,,Advantage Tankers,"eco , scrubber fitted",allied_2022_W13_ALLIED-Weekly-Market-Report_03_04_2022_compressed.pdf,6
2022-04-03,13,AFRA,STI CARNABY,109999,2015,Sungdong Shipbuilding Marine Engineering,& MAN-B&W EPOXY,43.0m,43.0,,,,allied_2022_W13_ALLIED-Weekly-Market-Report_03_04_2022_compressed.pdf,6
2022-04-03,13,MR,YUFU CROWN,51418,2020,Minaminippon Shipbuilding Co - Oita OT (Ozai,Ltd MAN-B&W EPOXY,N/A,,,Premuda,,allied_2022_W13_ALLIED-Weekly-Market-Report_03_04_2022_compressed.pdf,6
2022-04-03,13,MR,STI BENICIA,49990,2014,"SPP Shipbuilding Co Ltd - Sacheon, Korea",S. MAN-B&W EPOXY,26.5m,26.5,,European,"eco, scrubber -fitted , incl TC attached, Jan '22 sale",allied_2022_W13_ALLIED-Weekly-Market-Report_03_04_2022_compressed.pdf,6
2022-04-03,13,MR,MAERSK TOKYO,49687,2016,Sungdong Shipbuilding Marine Engineering,& MAN-B&W EPOXY,31.0m,31.0,,undisclosed,,allied_2022_W13_ALLIED-Weekly-Market-Report_03_04_2022_compressed.pdf,6
2022-04-03,13,MR,CHALLENGE PEGASUS,47786,2007,"STX Shipbuilding Co Ltd - Changwon (Jinhae Shipyard),",MAN-B&W S. EPOXY,12.3m,12.3,,R Shipping,,allied_2022_W13_ALLIED-Weekly-Market-Report_03_04_2022_compressed.pdf,6
2022-04-03,13,MR,VS RIESA,34558,2003,"Dalian Shipyard Ltd - Dalian LN, China",Co B&W EPOXY,5.85m,5.85,,undisclosed,,allied_2022_W13_ALLIED-Weekly-Market-Report_03_04_2022_compressed.pdf,6
2022-04-03,13,MR,HAFNIA SPICA,25268,2017,"KOYO FUKUOKA, Japan",MAN-B&W Stainless Steel,,,,,,allied_2022_W13_ALLIED-Weekly-Market-Report_03_04_2022_compressed.pdf,6
2022-04-03,13,MR,HAFNIA SOL,25253,2017,"KOYO FUKUOKA, Japan",MAN-B&W Stainless Steel,,,,,,allied_2022_W13_ALLIED-Weekly-Market-Report_03_04_2022_compressed.pdf,6
2022-04-03,13,MR,HAFNIA SCEPTRUM,25198,2017,Kitanihon Shipbuilding,MAN-B&W Stainless Steel,,,,,,allied_2022_W13_ALLIED-Weekly-Market-Report_03_04_2022_compressed.pdf,6
2022-04-03,13,MR,HAFNIA SIRIUS,25196,2016,Kitanihon Shipbuilding,MAN-B&W Stainless Steel,252.4m,,252.4,Ace Tankers,eco,allied_2022_W13_ALLIED-Weekly-Market-Report_03_04_2022_compressed.pdf,6
2022-04-03,13,MR,HAFNIA SPARK,25196,2016,Kitanihon Shipbuilding,MAN-B&W Stainless Steel,en bloc,,,,,allied_2022_W13_ALLIED-Weekly-Market-Report_03_04_2022_compressed.pdf,6
2022-04-03,13,MR,HAFNIA STELLAR,25196,2016,Kitanihon Shipbuilding,MAN-B&W Stainless Steel,,,,,,allied_2022_W13_ALLIED-Weekly-Market-Report_03_04_2022_compressed.pdf,6
2022-04-03,13,MR,HAFNIA SAIPH,25194,2017,Kitanihon Shipbuilding,MAN-B&W Stainless Steel,,,,,,allied_2022_W13_ALLIED-Weekly-Market-Report_03_04_2022_compressed.pdf,6
2022-04-03,13,MR,HAFNIA SKY,25193,2016,Kitanihon Shipbuilding,MAN-B&W Stainless Steel,,,,,7,allied_2022_W13_ALLIED-Weekly-Market-Report_03_04_2022_compressed.pdf,6
2022-04-03,13,VLOC,BAOSTEEL EVOLUTION,206331,2007,Imabari Shipbuilding Co - Saijo EH (Saijo,Ltd MAN-B&W,21.8m,21.8,,Chinese,,allied_2022_W13_ALLIED-Weekly-Market-Report_03_04_2022_compressed.pdf,7
2022-04-03,13,KMAX,ROSCO POPLAR,82331,2008,"Oshima Shipbuilding Co - Saikai NS, Japan",Ltd MAN-B&W,N/A,,,undisclosed,,allied_2022_W13_ALLIED-Weekly-Market-Report_03_04_2022_compressed.pdf,7
2022-04-03,13,KMAX,OCEAN GARLIC,82305,2012,Dalian Shipbuilding Industry Co Ltd Dalian LN (No,- MAN-B&W 1,22.1m,22.1,,undisclosed,eco,allied_2022_W13_ALLIED-Weekly-Market-Report_03_04_2022_compressed.pdf,7
2022-04-03,13,KMAX,ROSCO LITCHI,82153,2011,Tsuneishi Group (Zhoushan) Shipbuilding Inc,MAN-B&W - xs,25.0m,25.0,,undisclosed,,allied_2022_W13_ALLIED-Weekly-Market-Report_03_04_2022_compressed.pdf,7
2022-04-03,13,PMAX,MARIBELLA,76629,2004,Imabari Shipbuilding Co - Marugame,Ltd B&W KG,15.2m,15.2,,Chinese,,allied_2022_W13_ALLIED-Weekly-Market-Report_03_04_2022_compressed.pdf,7
2022-04-03,13,PMAX,EVERSHINE,75933,2000,"Kanasashi Heavy Industries Co Ltd Toyohashi AI, Japan",- B&W,12.0m,12.0,,undisclosed,,allied_2022_W13_ALLIED-Weekly-Market-Report_03_04_2022_compressed.pdf,7
2022-04-03,13,PMAX,RIO GRITA,75378,2014,"Taizhou Kouan Shipbuilding Co - Taizhou JS, China",Ltd MAN-B&W rgn,23.0m,23.0,,undisclosed,eco,allied_2022_W13_ALLIED-Weekly-Market-Report_03_04_2022_compressed.pdf,7
2022-04-03,13,UMAX,PENG DE,64485,2014,Guangzhou Huangpu Shipbuilding Co,MAN-B&W Ltd,25.5m,25.5,,Jinhui Shipping,,allied_2022_W13_ALLIED-Weekly-Market-Report_03_04_2022_compressed.pdf,7
2022-04-03,13,UMAX,NICON FORTUNE,63562,2019,"Shin Kasado Dockyard Co Ltd Kudamatsu YC,","4 X - MAN-B&W CRANES 30,7t",35.0m,35.0,,Meadway,"old sale, BWTS fitted",allied_2022_W13_ALLIED-Weekly-Market-Report_03_04_2022_compressed.pdf,7
2022-04-03,13,UMAX,S HERMES,61272,2016,"I-S Shipyard Co Imabari EH, Japan",Ltd - 4 X MAN-B&W CRANES,"30,7t",,,,,allied_2022_W13_ALLIED-Weekly-Market-Report_03_04_2022_compressed.pdf,7
2022-04-03,13,UMAX,S ECHO,61258,2015,Imabari Shipbuilding Co - Imabari EH,"4 X Ltd MAN-B&W CRANES $ rgn 30,7t en bloc",93.0m,,93.0,Centrofin,"bss dely within 2H '22 , BWTS fitted",allied_2022_W13_ALLIED-Weekly-Market-Report_03_04_2022_compressed.pdf,7
2022-04-03,13,UMAX,S TANGO,61192,2015,Imabari Shipbuilding Co - Imabari EH,4 X Ltd MAN-B&W CRANES,"30,7t",,,,scrubber fitted,allied_2022_W13_ALLIED-Weekly-Market-Report_03_04_2022_compressed.pdf,7
2022-04-03,13,SMAX,ORIENT LUCKY,57124,2010,Bohai Shipbuilding Heavy Industry Ltd - Huludao,"4 Co MAN-B&W CRANES LN, X 30t",17.9m,17.9,,Greek,,allied_2022_W13_ALLIED-Weekly-Market-Report_03_04_2022_compressed.pdf,7
2022-04-03,13,SMAX,AMOY ACTION,56874,2010,Xiamen Shipbuilding Industry Co Ltd,4 MAN-B&W CRANES - X 30t xs,18.0m,18.0,,Greek,BWTS fitted,allied_2022_W13_ALLIED-Weekly-Market-Report_03_04_2022_compressed.pdf,7
2022-04-03,13,SMAX,VEGA ROSE,55711,2007,"Kawasaki Shipbuilding Corp Kobe HG, Japan","4 X - MAN-B&W CRANES 30,5t high",18.0m,18.0,,Bangladeshi,BWTS fitted,allied_2022_W13_ALLIED-Weekly-Market-Report_03_04_2022_compressed.pdf,7
2022-04-03,13,SMAX,ENY,53525,2006,"Iwagi Zosen Co Kamijima EH, Japan","Ltd - 4 X MAN-B&W CRANES 30,5t",17.2m,17.2,,Middle Eastern,"BWTS fitted , bss dely July/August '22",allied_2022_W13_ALLIED-Weekly-Market-Report_03_04_2022_compressed.pdf,7
2022-04-03,13,SMAX,EVER AMPLE,50029,1998,Imabari Shipbuilding Co - Marugame,"3 X Ltd Mitsubishi CRANES KG 14,5t",8.25m,8.25,,undisclosed,Woodchip carrier,allied_2022_W13_ALLIED-Weekly-Market-Report_03_04_2022_compressed.pdf,7
2022-04-03,13,HANDY,NONG LYLA,33773,2004,"Oshima Shipbuilding Co - Saikai NS, Japan",4 Ltd B&W CRANES X 30t,12.3m,12.3,,undisclosed,8,allied_2022_W13_ALLIED-Weekly-Market-Report_03_04_2022_compressed.pdf,7
2022-04-03,13,LPG,CRATIS,54656,2015,"Daewoo Shipbuilding Marine Engineering Co Ltd - Geoje,","& MAN-B&W 82,464 S.",N/A,,,Japanese,$ 70.0m sale and bareboat charter arrangement (9-yr term with purchase options),allied_2022_W13_ALLIED-Weekly-Market-Report_03_04_2022_compressed.pdf,8
2022-04-03,13,LPG,COPERNICUS,54656,2015,"Daewoo Shipbuilding Marine Engineering Co Ltd - Geoje,","& MAN-B&W 82,464 S.",N/A,,,Japanese,$ 70.0m sale and bareboat charter arrangement (9-yr term with purchase options),allied_2022_W13_ALLIED-Weekly-Market-Report_03_04_2022_compressed.pdf,8
2022-04-03,13,LPG,CARAVELLE,54566,2016,"Hyundai Samho Heavy Industries Co Ltd - Samho, Korea","MAN-B&W 82,320 S.",N/A,,,undisclosed,$ 71.5m sale and bareboat charter arrangement (10-yr term with purchase options),allied_2022_W13_ALLIED-Weekly-Market-Report_03_04_2022_compressed.pdf,8
2022-04-03,13,LPG,CHAPARRAL,54540,2015,"Hyundai Samho Heavy Industries Co Ltd - Samho, Korea","MAN-B&W 82,320 S.",N/A,,,Japanese,"$ 64.9m sale and bareboat charter arrangement ( 7-yr term, plus 3 option years) 9",allied_2022_W13_ALLIED-Weekly-Market-Report_03_04_2022_compressed.pdf,8
2022-04-10,14,VLCC,FRONT FORCE,305442,2004,"Hyundai Heavy Industries Co Ltd Ulsan, S. Korea",- MAN-B&W,N/A,,,undisclosed,,allied_2022_W14_ALLIED-Weekly-Market-Report_10_04_2022.pdf,6
2022-04-10,14,VLCC,FRONT ENERGY,305318,2004,"Hyundai Heavy Industries Co Ltd Ulsan, S. Korea",- MAN-B&W,,,,,,allied_2022_W14_ALLIED-Weekly-Market-Report_10_04_2022.pdf,6
2022-04-10,14,SUEZ,SKS SKEENA,158933,2006,"Hyundai Samho Heavy Industries Co Ltd - Samho,",MAN-B&W S. EPOXY,23.5m,23.5,,undisclosed,,allied_2022_W14_ALLIED-Weekly-Market-Report_10_04_2022.pdf,6
2022-04-10,14,MR ARDMORE,SEALIFTER,47472,2008,"Onomichi Dockyard Co Ltd - Onomichi HS, Japan",MAN-B&W EPOXY,,,,,,allied_2022_W14_ALLIED-Weekly-Market-Report_10_04_2022.pdf,6
2022-04-10,14,MR,ARDMORE SEALEADER,47463,2008,"Onomichi Dockyard Co Ltd - Onomichi HS, Japan",MAN-B&W EPOXY en bloc,40.0m,,40.0,Leonhardt & Blumberg,"incl TC Back for 2 years at rgn US$ 13,000 /day",allied_2022_W14_ALLIED-Weekly-Market-Report_10_04_2022.pdf,6
2022-04-10,14,MR,ARDMORE SEALANCER,47451,2008,"Onomichi Dockyard Co Ltd - Onomichi HS, Japan",MAN-B&W EPOXY,,,,,,allied_2022_W14_ALLIED-Weekly-Market-Report_10_04_2022.pdf,6
2022-04-10,14,MR,PRO EMERALD,46101,2003,"Shin Kurushima Dockyard Co. Ltd. Onishi, Japan",- MAN-B&W EPOXY high,6.0m,6.0,,Far Eastern,,allied_2022_W14_ALLIED-Weekly-Market-Report_10_04_2022.pdf,6
2022-04-10,14,MR,PRIME EXPRESS,45996,2010,"Shin Kurushima Dockyard Co. Ltd. Onishi, Japan",- MAN-B&W EPOXY high,15.0m,15.0,,undisclosed,old sale,allied_2022_W14_ALLIED-Weekly-Market-Report_10_04_2022.pdf,6
2022-04-10,14,MR,SUNLIGHT EXPRESS,45931,2011,"Shin Kurushima Dockyard Co. Ltd. Onishi, Japan",- MAN-B&W EPOXY rgn,17.0m,17.0,,undisclosed,,allied_2022_W14_ALLIED-Weekly-Market-Report_10_04_2022.pdf,6
2022-04-10,14,CHEM,OCEAN MARLIN,11996,2018,China,Wartsila Phenolic,10.0m,10.0,,Singaporean,court sale,allied_2022_W14_ALLIED-Weekly-Market-Report_10_04_2022.pdf,6
2022-04-10,14,SMALL,PHUONG DONG STAR,9045,2007,"YANGZHOU KEJIN SHYD CO, China",Daihatsu EPOXY,3.1m,3.1,,Middle Eastern,,allied_2022_W14_ALLIED-Weekly-Market-Report_10_04_2022.pdf,6
2022-04-10,14,SMALL,HOKO,8911,2010,Shin Kurushima Dockyard Co. Ltd.,- MAN-B&W Stainless Steel rgn,8.5m,8.5,,Shelton Navigation,,allied_2022_W14_ALLIED-Weekly-Market-Report_10_04_2022.pdf,6
2022-04-10,14,CAPE,RED SAGE,182443,2015,Japan Marine United Corp (JMU) Nagasu KM (Ariake,- MAN-B&W rgn,48.1m,48.1,,European,"BWTS fitted, eco",allied_2022_W14_ALLIED-Weekly-Market-Report_10_04_2022.pdf,6
2022-04-10,14,KMAX,DARYA KIRTHI,80545,2012,STX Offshore Shipbuilding Co - Changwon (Jinhae,& Ltd MAN-B&W rgn,26.0m,26.0,,undisclosed,BWTS fitted,allied_2022_W14_ALLIED-Weekly-Market-Report_10_04_2022.pdf,6
2022-04-10,14,PMAX,CORAL CRYSTAL,78103,2012,Shin Kurushima Toyohashi Shipbuilding Co,MAN-B&W Ltd,25.0m,25.0,,Greek,BWTS fitted,allied_2022_W14_ALLIED-Weekly-Market-Report_10_04_2022.pdf,6
2022-04-10,14,UMAX,ULTRA INITIATOR,62647,2019,"Oshima Shipbuilding Co - Saikai NS, Japan",4 Ltd MAN-B&W CRANES X 30t,37.0m,37.0,,undisclosed,"BWTS fitted , eco",allied_2022_W14_ALLIED-Weekly-Market-Report_10_04_2022.pdf,6
2022-04-10,14,SMAX,TITAN II,57337,2009,STX Offshore Shipbuilding Co - Changwon (Jinhae,& 4 Ltd MAN-B&W CRANES X 30t rgn xs,17.0m,17.0,,Chinese,,allied_2022_W14_ALLIED-Weekly-Market-Report_10_04_2022.pdf,6
2022-04-10,14,SMAX,ASL MERCURY,56899,2010,Jiangsu Hantong Ship Heavy Industry Co Ltd,4 MAN-B&W Crane - X 36t,16.0m,16.0,,undisclosed,BWTS fitted,allied_2022_W14_ALLIED-Weekly-Market-Report_10_04_2022.pdf,6
2022-04-10,14,SMAX,MANDARIN OCEAN,56741,2012,Jiangsu Hantong Ship Heavy Industry Co Ltd,4 MAN-B&W CRANES - X 36t,17.25m,17.25,,Singaporean,,allied_2022_W14_ALLIED-Weekly-Market-Report_10_04_2022.pdf,6
2022-04-10,14,SMAX,MANDARIN CROWN,56406,2012,Jiangsu Hantong Ship Heavy Industry Co Ltd,4 MAN-B&W CRANES - X 36t,17.25m,17.25,,Chinese,7,allied_2022_W14_ALLIED-Weekly-Market-Report_10_04_2022.pdf,6
2022-04-10,14,FEEDER,JAN,,17002010,Imabari Shipbuilding Co - Imabari EH,3 Ltd MAN-B&W CRANES,X 40t high $ 30's,,,undisclosed,8,allied_2022_W14_ALLIED-Weekly-Market-Report_10_04_2022.pdf,7
2022-04-17,15,VLCC,CHELSEA,300000,2020,Daewoo Shipbuilding Marine Engineering,& MAN-B&W rgn en,184.0m,184.0,,Euronav,Scrubber & BWTS fiited,allied_2022_W15_ALLIED-Weekly-Market-Report_17_04_2022_compressed.pdf,6
2022-04-17,15,VLCC,GHILLIE,299995,2019,Daewoo Shipbuilding Marine Engineering,& MAN-B&W,bloc,,,,,allied_2022_W15_ALLIED-Weekly-Market-Report_17_04_2022_compressed.pdf,6
2022-04-17,15,AFRA,BANDA SEA,105576,2007,"Sumitomo Heavy Industries Marine Engineering Co.,",& Sulzer,21.0m,21.0,,Greek,"scrubber fitted, SS/DD due May '22",allied_2022_W15_ALLIED-Weekly-Market-Report_17_04_2022_compressed.pdf,6
2022-04-17,15,MR,HIGH SATURN,51527,2008,"STX Shipbuilding Co Ltd - Changwon (Jinhae Shipyard),",MAN-B&W S. EPOXY rgn,14.25m,14.25,,Greek,,allied_2022_W15_ALLIED-Weekly-Market-Report_17_04_2022_compressed.pdf,6
2022-04-17,15,MR,ARCTIC BREEZE,50885,2006,"STX Shipbuilding Co Ltd - Changwon (Jinhae Shipyard),",MAN-B&W S. Epoxy Phenolic rgn en,24.0m,24.0,,undisclosed,"BWTS fitted, ice class, CPP trading",allied_2022_W15_ALLIED-Weekly-Market-Report_17_04_2022_compressed.pdf,6
2022-04-17,15,MR,ARCTIC BLIZZARD,49990,2006,"STX Shipbuilding Co Ltd - Changwon (Jinhae Shipyard),",MAN-B&W S. Epoxy Phenolic,bloc,,,,"ice class, CPP trading",allied_2022_W15_ALLIED-Weekly-Market-Report_17_04_2022_compressed.pdf,6
2022-04-17,15,MR,MAERSK TANGIER,49835,2016,Sungdong Shipbuilding Marine Engineering,& MAN-B&W Epoxy Phenolic,31.0m,31.0,,undisclosed,BWTS fitted,allied_2022_W15_ALLIED-Weekly-Market-Report_17_04_2022_compressed.pdf,6
2022-04-17,15,MR,TROGIR KAIROS,49708,2015,"Hrvatska Brodogradnja Trogir doo - Trogir,",MAN-B&W Epoxy Phenolic,24.75m,24.75,,Hammonia R,,allied_2022_W15_ALLIED-Weekly-Market-Report_17_04_2022_compressed.pdf,6
2022-04-17,15,MR,SONGA PRIDE,49708,2016,"Hrvatska Brodogradnja Trogir doo - Trogir,",MAN-B&W Epoxy Phenolic,25.75m,25.75,,,,allied_2022_W15_ALLIED-Weekly-Market-Report_17_04_2022_compressed.pdf,6
2022-04-17,15,MR,SEAWAYS CAPE HORN,37662,2006,"Hyundai Mipo Dockyard Co Ltd Ulsan, S. Korea",- MAN-B&W Epoxy Phenolic,9.9m,9.9,,,,allied_2022_W15_ALLIED-Weekly-Market-Report_17_04_2022_compressed.pdf,6
2022-04-17,15,MR SEAWAYS,AMBROSE,37623,2006,"Hyundai Mipo Dockyard Co Ltd Ulsan, S. Korea",- Wartsila EPOXY PHEN,9.9m,9.9,,Chemikalien Seetransport GmbH,BWTS fitted,allied_2022_W15_ALLIED-Weekly-Market-Report_17_04_2022_compressed.pdf,6
2022-04-17,15,MR,SEAWAYS CHANIA,36713,2006,"Hyundai Mipo Dockyard Co Ltd Ulsan, S. Korea",- MAN-B&W Epoxy Phenolic,9.9m,9.9,,,,allied_2022_W15_ALLIED-Weekly-Market-Report_17_04_2022_compressed.pdf,6
2022-04-17,15,MR,SEAWAYS CANAVERAL,37582,2006,"Hyundai Mipo Dockyard Co Ltd Ulsan, S. Korea",- MAN-B&W Epoxy Phenolic,9.85m,9.85,,Trans KA,"BWTS fitted, ice class",allied_2022_W15_ALLIED-Weekly-Market-Report_17_04_2022_compressed.pdf,6
2022-04-17,15,MR,TORM GYDA,36207,2009,"Hyundai Mipo Dockyard Co Ltd Ulsan, S. Korea",- MAN-B&W EPOXY rgn,13.5m,13.5,,Greek,,allied_2022_W15_ALLIED-Weekly-Market-Report_17_04_2022_compressed.pdf,6
2022-04-17,15,PROD/,OCEAN COD,13499,2018,Zhejiang Shenzhou Shipbuilding Co,Ltd Wartsila Epoxy,,,,,,allied_2022_W15_ALLIED-Weekly-Market-Report_17_04_2022_compressed.pdf,6
2022-04-17,15,CHEM,OCEAN BASS,13498,2018,Shipbuilding Co - Xiangshan County,Ltd Wartsila Phenolic,,,,,,allied_2022_W15_ALLIED-Weekly-Market-Report_17_04_2022_compressed.pdf,6
2022-04-17,15,PROD/,OCEAN EEL,13498,2019,Zhejiang Shenzhou Shipbuilding Co,Ltd Wartsila Epoxy,,,,,,allied_2022_W15_ALLIED-Weekly-Market-Report_17_04_2022_compressed.pdf,6
2022-04-17,15,CAPE,STELLA ANITA,180355,2012,Dalian Shipbuilding Industry Co Ltd Dalian LN (No,- MAN-B&W 2 rgn,30.3m,30.3,,Safe Bulkers,bss prompt dely,allied_2022_W15_ALLIED-Weekly-Market-Report_17_04_2022_compressed.pdf,6
2022-04-17,15,CAPE,MOUNT OPHIR,180181,2004,Imabari Shipbuilding Co - Saijo EH (Saijo,Ltd B&W high,17.0m,17.0,,undisclosed,old sale (March '22),allied_2022_W15_ALLIED-Weekly-Market-Report_17_04_2022_compressed.pdf,6
2022-04-17,15,KMAX,ROSCO PALM,82153,2011,Tsuneishi Group (Zhoushan) Shipbuilding Inc,MAN-B&W -,26.0m,26.0,,undisclosed,BWTS fitted,allied_2022_W15_ALLIED-Weekly-Market-Report_17_04_2022_compressed.pdf,6
2022-04-17,15,KMAX,DERBY,81700,2011,STX Offshore Shipbuilding Co - Changwon (Jinhae,& Ltd MAN-B&W,24.0m,24.0,,undisclosed,"BWTS fitted, bss dely Jul/Aug '22 7",allied_2022_W15_ALLIED-Weekly-Market-Report_17_04_2022_compressed.pdf,6
2022-04-17,15,SUB,GH ZEPHYR,,25782008,Xiamen Shipbuilding,3 Wartsila,X 45t N/A,,,French,,allied_2022_W15_ALLIED-Weekly-Market-Report_17_04_2022_compressed.pdf,7
2022-05-01,17,VLCC,NISSHO MARU,300544,2004,"IHI Marine United Inc - Kure HS, Japan",Sulzer,31.5m,31.5,,Greek,,allied_2022_W17_ALLIED-Weekly-Market-Report_01_05_2022.pdf,6
2022-05-01,17,VLCC,AMORGOS,299868,2004,"IHI Marine United Inc - Kure HS, Japan",Sulzer,35.5m,35.5,,Chinese,scrubber fitted,allied_2022_W17_ALLIED-Weekly-Market-Report_01_05_2022.pdf,6
2022-05-01,17,SUEZ,STENA SUPREME,159031,2012,"SAMSUNG HI, Korea",S. MAN-B&W rgn,37.0m,37.0,,Delta Tankers,,allied_2022_W17_ALLIED-Weekly-Market-Report_01_05_2022.pdf,6
2022-05-01,17,AFRA,SOPHIE SCHULTE,115583,2005,"Sanoyas Hishino Meisho Corp Kurashiki OY, Japan",- MAN-B&W,17.0m,17.0,,undisclosed,BWTS fitted,allied_2022_W17_ALLIED-Weekly-Market-Report_01_05_2022.pdf,6
2022-05-01,17,AFRA,WAFRAH,113849,2007,Daewoo Shipbuilding Marine Engineering,& MAN-B&W EPOXY,N/A,,,undisclosed,"SS/DD due Oct '22 , BWTS fitted",allied_2022_W17_ALLIED-Weekly-Market-Report_01_05_2022.pdf,6
2022-05-01,17,AFRA,ASTRO SCULPTOR,105109,2003,Daewoo Shipbuilding Marine Engineering,& B&W rgn,15.0m,15.0,,Chinese,CAP1,allied_2022_W17_ALLIED-Weekly-Market-Report_01_05_2022.pdf,6
2022-05-01,17,MR,MATUKU,52000,2016,"SPP Shipbuilding Co Ltd - Sacheon, Korea",S. MAN-B&W Epoxy Phenolic rgn,30.0m,30.0,,Premuda,"BWTS fitted, eco",allied_2022_W17_ALLIED-Weekly-Market-Report_01_05_2022.pdf,6
2022-05-01,17,MR,ST.JACOBI,50209,2014,"SPP Shipbuilding Co Ltd - Sacheon, Korea",S. MAN-B&W EPOXY,22.9m,22.9,,Indonesian,"BWTS fitted, eco",allied_2022_W17_ALLIED-Weekly-Market-Report_01_05_2022.pdf,6
2022-05-01,17,MR,ELANDRA PINE,49999,2018,"Hyundai Mipo Dockyard Co Ltd Ulsan, S. Korea",- MAN-B&W Epoxy Phenolic,34.0m,34.0,,Premuda,BWTS fitted,allied_2022_W17_ALLIED-Weekly-Market-Report_01_05_2022.pdf,6
2022-05-01,17,MR,ISOLDE,37527,2008,"Hyundai Mipo Dockyard Co Ltd Ulsan, S. Korea",- MAN-B&W EPOXY,11.25m,11.25,,Greek,bss dely within May '22,allied_2022_W17_ALLIED-Weekly-Market-Report_01_05_2022.pdf,6
2022-05-01,17,MR,MAERSK ARCTIC,36993,2006,"Hyundai Mipo Dockyard Co Ltd Ulsan, S. Korea",- MAN-B&W Epoxy Phenolic rgn,10.8m,10.8,,Turkish,,allied_2022_W17_ALLIED-Weekly-Market-Report_01_05_2022.pdf,6
2022-05-01,17,CHEM,FOREST PARK,19803,2013,"Shipbuilding Co - Hachinohe, Japan",Ltd Mitsubishi Steel,16.0m,16.0,,undisclosed,,allied_2022_W17_ALLIED-Weekly-Market-Report_01_05_2022.pdf,6
2022-05-01,17,SMALL,LS CHRISTINE,8400,2007,Turkter Tersane Deniz Isl. A.S.,ve - Wartsila EPOXY,4.25m,4.25,,undisclosed,,allied_2022_W17_ALLIED-Weekly-Market-Report_01_05_2022.pdf,6
2022-05-01,17,VLOC,AZUL LEGENDA,206331,2008,Imabari Shipbuilding Co - Saijo EH (Saijo,Ltd MAN-B&W high,26.0m,26.0,,German,BWTS fitted,allied_2022_W17_ALLIED-Weekly-Market-Report_01_05_2022.pdf,6
2022-05-01,17,CAPE,C H S HARVEST,173624,2006,Bohai Shipbuilding Heavy Industry Ltd - Huludao,"Co Wartsila LN,",17.5m,17.5,,undisclosed,"BWTS fitted, old sale (Mar '22)",allied_2022_W17_ALLIED-Weekly-Market-Report_01_05_2022.pdf,6
2022-05-01,17,POST,SPRING PRIDE,106552,2007,Oshima Shipbuilding Co,Ltd MAN-B&W,17.5m,17.5,,Chinese,SS/DD due Jun '22,allied_2022_W17_ALLIED-Weekly-Market-Report_01_05_2022.pdf,6
2022-05-01,17,POST,JIN JIA,93077,2012,Jiangsu Jinling Ships Co Ltd,- MAN-B&W,17.72m,17.72,,undisclosed,"SS/DD due May '22, online",allied_2022_W17_ALLIED-Weekly-Market-Report_01_05_2022.pdf,6
2022-05-01,17,POST,HONG GUANG,93025,2012,COSCO (Dalian) Shipyard Co Ltd,- MAN-B&W,23.0m,23.0,,Chinese,old sale,allied_2022_W17_ALLIED-Weekly-Market-Report_01_05_2022.pdf,6
2022-05-01,17,KMAX,MSXT OCEANUS,81642,2012,Daewoo Shipbuilding Marine Engineering,& MAN-B&W,22.33m,22.33,,undisclosed,"online auction , Tier II",allied_2022_W17_ALLIED-Weekly-Market-Report_01_05_2022.pdf,6
2022-05-01,17,PMAX,CORAL TOPAZ,76598,2007,"Sasebo Heavy Industries Co. Ltd. Sasebo, Japan",- MAN-B&W,18.2m,18.2,,S. Korean,BWTS Fitted,allied_2022_W17_ALLIED-Weekly-Market-Report_01_05_2022.pdf,6
2022-05-01,17,PMAX,SANTA CRUZ,76440,2005,"Tsuneishi Corp Fukuyama HS, Japan",- B&W,15.75m,15.75,,Eurodry,incl TC at rgn US$ 14.800/day until July '22 7,allied_2022_W17_ALLIED-Weekly-Market-Report_01_05_2022.pdf,6
2022-05-01,17,FEEDER,A HOKEN,,17362004,Guangzhou Wenchong Shipyard Co Ltd - Guangzhou,2 MAN-B&W CRANES,X 45t N/A,,,MSC,,allied_2022_W17_ALLIED-Weekly-Market-Report_01_05_2022.pdf,8
2022-05-01,17,FEEDER,LANGENESS,,14022006,"Shandong Weihai Shipyard - Weihai SD, China",2 MAN-B&W CRANES X 40t,23.0m,23.0,,undisclosed,,allied_2022_W17_ALLIED-Weekly-Market-Report_01_05_2022.pdf,8
2022-05-01,17,FEEDER,GLORY FORTUNE,,10982006,"Jinling Shipyard Nanjing JS, China",- MAN,15.5m,15.5,,undisclosed,"BWTS fitted , bss dely May/June '22",allied_2022_W17_ALLIED-Weekly-Market-Report_01_05_2022.pdf,8
2022-05-01,17,FEEDER,TOKATA,,10802006,"Yangzhou Dayang Shipbuilding Co - Yangzhou JS,",2 Ltd MAN CRANES,X 45t N/A,,,MSC,9,allied_2022_W17_ALLIED-Weekly-Market-Report_01_05_2022.pdf,8
2022-05-08,18,VLCC,NISSOS KEA,299240,2022,"HYUNDAI HI, Korea",S. MAN-B&W,145.5m,,145.5,CBM Fund,"Scrubber fitted, eco",allied_2022_W18_ALLIED-Weekly-Market-Report_08_05_2022.pdf,6
2022-05-08,18,VLCC,NISSOS NIKOURIA,299240,2022,"HYUNDAI HI, Korea",S. MAN-B&W,en bloc,,,,,allied_2022_W18_ALLIED-Weekly-Market-Report_08_05_2022.pdf,6
2022-05-08,18,SUEZ,CAP PIERRE,159083,2004,"SAMSUNG HI, Korea",S. B&W,21.5m,21.5,,Metrostar,old sale,allied_2022_W18_ALLIED-Weekly-Market-Report_08_05_2022.pdf,6
2022-05-08,18,AFRA,HELGA SPIRIT,115515,2005,"SAMSUNG HI, Korea",S. B&W,17.0m,17.0,,undisclosed,old sale,allied_2022_W18_ALLIED-Weekly-Market-Report_08_05_2022.pdf,6
2022-05-08,18,AFRA,SAINT NICHOLAI,105541,2002,"Samho Heavy Industries Co Ltd Samho, S. Korea",- MAN-B&W,N/A,,,Al Anchor Ship Management,old sale,allied_2022_W18_ALLIED-Weekly-Market-Report_08_05_2022.pdf,6
2022-05-08,18,LR1,AMALIA,73869,2006,"New Century Shipbuilding Co - Jingjiang JS, China",Ltd MAN-B&W EPOXY,10.6m,10.6,,undisclosed,,allied_2022_W18_ALLIED-Weekly-Market-Report_08_05_2022.pdf,6
2022-05-08,18,MR,LUGANO,37159,2007,"Hyundai Mipo Dockyard Co Ltd Ulsan, S. Korea",- MAN-B&W EPOXY,11.0m,11.0,,undisclosed,"SS/DD due Jun '22, ice 1A",allied_2022_W18_ALLIED-Weekly-Market-Report_08_05_2022.pdf,6
2022-05-08,18,MR,GENUINE GALAXY,33591,2012,"Kitanihon Shipbuilding Co - Hachinohe, Japan",Ltd Mitsubishi Stainless Steel,24.5m,24.5,,,,allied_2022_W18_ALLIED-Weekly-Market-Report_08_05_2022.pdf,6
2022-05-08,18,MR GENUINE,HERCULES,33559,2013,"Kitanihon Shipbuilding Co - Hachinohe, Japan",Ltd Mitsubishi Stainless Steel,25.8m,25.8,,Stolt Tankers,,allied_2022_W18_ALLIED-Weekly-Market-Report_08_05_2022.pdf,6
2022-05-08,18,MR,GENUINE VENUS,33552,2013,"Kitanihon Shipbuilding Co - Hachinohe, Japan",Ltd Mitsubishi Stainless Steel,25.8m,25.8,,,,allied_2022_W18_ALLIED-Weekly-Market-Report_08_05_2022.pdf,6
2022-05-08,18,SMALL,ORKIM WISDOM,9220,2008,Dongfang Shipbuilding Group Co Ltd - Yueqing,MaK EPOXY PHEN,3.6m,3.6,,Indonesian,,allied_2022_W18_ALLIED-Weekly-Market-Report_08_05_2022.pdf,6
2022-05-08,18,SMALL,GOLDEN MERCURY,6248,2003,"Murakami Hide Zosen K.K. Imabari, Japan",- Mitsubishi Stainless Steel,3.75m,3.75,,undisclosed,,allied_2022_W18_ALLIED-Weekly-Market-Report_08_05_2022.pdf,6
2022-05-08,18,SMALL,SANTA PAWLINA,5717,2005,"Torlak Gemi Insaat Sanayi ve Ticaret A.S. - Tuzla, Turkey",MAN Epoxy Phenolic rgn,4.6m,4.6,,undisclosed,,allied_2022_W18_ALLIED-Weekly-Market-Report_08_05_2022.pdf,6
2022-05-08,18,SMALL,NEWOCEAN,64679,2014,Chongqing Chuandong,Cummins,4.5m,4.5,,Taiwanese,,allied_2022_W18_ALLIED-Weekly-Market-Report_08_05_2022.pdf,6
2022-05-08,18,CAPE,MOUNT SINAI,177656,2006,"Mitsui Eng. & Co. Ltd., Chiba Works - Ichihara,",SB. MAN-B&W,22.0m,22.0,,Chinese,Scrubber fitted,allied_2022_W18_ALLIED-Weekly-Market-Report_08_05_2022.pdf,6
2022-05-08,18,PMAX,ORIENT UNION,79754,2011,Fujian Crown Ocean Shipbuilding Industry Co Ltd,Wartsila - high,17.0m,17.0,,undisclosed,BWTS fitted,allied_2022_W18_ALLIED-Weekly-Market-Report_08_05_2022.pdf,6
2022-05-08,18,SMAX,AP STON,57239,2012,STX Offshore Shipbuilding Co - Changwon (Jinhae,& 4 Ltd MAN-B&W CRANES X 36t,19.5m,19.5,,undisclosed,"bss dely within Dec '22 , Tier II, SS/DD due Aug '22",allied_2022_W18_ALLIED-Weekly-Market-Report_08_05_2022.pdf,6
2022-05-08,18,SMAX,THERESE SELMER,55682,2006,"Mitsui Eng. & Co. Ltd. - Tamano, Japan","SB. 4 X MAN-B&W CRANES 30,5t",17.5m,17.5,,undisclosed,"BWTS fitted , bss dely due Jul/Aug '22",allied_2022_W18_ALLIED-Weekly-Market-Report_08_05_2022.pdf,6
2022-05-08,18,HANDY,ERISKAY,39810,2015,"Chengxi Shipyard Co Ltd - Jiangyin JS, China",4 Wartsila CRANES,X 36t N/A,,,European,,allied_2022_W18_ALLIED-Weekly-Market-Report_08_05_2022.pdf,6
2022-05-08,18,HANDY,IONIC HUNTRESS,34062,2012,"DAESUN, S. Korea",4 MAN-B&W CRANES X 30t rgn,19.25m,19.25,,European,"BWTS fitted, SS/DD due Jun '22",allied_2022_W18_ALLIED-Weekly-Market-Report_08_05_2022.pdf,6
2022-05-08,18,HANDY,MERAY GLYFADA,28471,2002,"Kanda Zosensho K.K. - Kawajiri, Japan",4 B&W CRANES X 30t,10.0m,10.0,,undisclosed,,allied_2022_W18_ALLIED-Weekly-Market-Report_08_05_2022.pdf,6
2022-05-08,18,HANDY,SCROOGE,28445,2006,"WATANABE, Japan","4 X MAN-B&W CRANES 30,5t",12.75m,12.75,,undisclosed,BWTS fitted 7,allied_2022_W18_ALLIED-Weekly-Market-Report_08_05_2022.pdf,6
2022-05-08,18,PMAX,XIN FENG YANG PU,,50892006,"HANJIN HI PUSAN, S. Korea",MAN-B&W,70.0m,70.0,,Chinese,,allied_2022_W18_ALLIED-Weekly-Market-Report_08_05_2022.pdf,7
2022-05-08,18,PMAX,SEASPAN MELBOURNE,,42532005,"SAMSUNG HI, Korea",S. B&W,18.0m,18.0,,Euroseas,"incl. TC attached at US$ 20,050/day until 2025 &",allied_2022_W18_ALLIED-Weekly-Market-Report_08_05_2022.pdf,7
2022-05-08,18,PMAX,SEASPAN MANILA,,42482007,"SAMSUNG HI, Korea",S. MAN-B&W,19.0m,19.0,,,"US$ 19,000/day until 2024 respectively 8",allied_2022_W18_ALLIED-Weekly-Market-Report_08_05_2022.pdf,7
2022-05-15,19,VLCC,LEONIDAS,318325,2009,"HYUNDAI HI, Korea",S. Wartsila rgn,42.0m,42.0,,undisclosed,eco,allied_2022_W19_ALLIED-Weekly-Market-Report_15_05_2022.pdf,6
2022-05-15,19,VLCC,DHT FALCON,298971,2006,"NANTONG OCEAN, China",MAN-B&W,38.0m,38.0,,undisclosed,scrubber fitted,allied_2022_W19_ALLIED-Weekly-Market-Report_15_05_2022.pdf,6
2022-05-15,19,VLCC,DHT HAWK,298923,2007,"NANTONG OCEAN, China",MAN-B&W,40.0m,40.0,,,"scrubber fitted, SS/DD due Jul '22",allied_2022_W19_ALLIED-Weekly-Market-Report_15_05_2022.pdf,6
2022-05-15,19,VLCC,NEW TALISMAN,296068,2009,Bohai Shipbuilding Heavy Industry Ltd - Huludao,"Co MAN-B&W LN,",38.2m,38.2,,U. A. E. Based,BWTS fitted,allied_2022_W19_ALLIED-Weekly-Market-Report_15_05_2022.pdf,6
2022-05-15,19,AFRA,ALMI STAR,114880,2005,Daewoo Shipbuilding Marine Engineering,& B&W EPOXY rgn,18.25m,18.25,,Turkish,BWTS fitted,allied_2022_W19_ALLIED-Weekly-Market-Report_15_05_2022.pdf,6
2022-05-15,19,AFRA WONDER,ARCTURUS,106149,2002,"HYUNDAI HI, Korea",S. MAN-B&W EPOXY,13.15m,13.15,,Chinese,"LR2, trading DPP",allied_2022_W19_ALLIED-Weekly-Market-Report_15_05_2022.pdf,6
2022-05-15,19,AFRA,TORM GUDRUN,101155,2000,"HYUNDAI HI, Korea",S. B&W EPOXY,10.0m,10.0,,undisclosed,,allied_2022_W19_ALLIED-Weekly-Market-Report_15_05_2022.pdf,6
2022-05-15,19,MR,MAERSK MESSINA,48056,2009,"Iwagi Zosen Co Kamijima EH, Japan",Ltd - MAN-B&W EPOXY,16.5m,16.5,,undisclosed,BWTS fitted,allied_2022_W19_ALLIED-Weekly-Market-Report_15_05_2022.pdf,6
2022-05-15,19,CHEM,ORIENTAL ROSE,14351,2006,"K.K. - Imabari, Japan",MAN-B&W Steel,10.8m,10.8,,S. Korean,,allied_2022_W19_ALLIED-Weekly-Market-Report_15_05_2022.pdf,6
2022-05-15,19,SMALL,ORKIM AMBITION,6921,2009,"YINGKOU SHANGHAI, China",Yanmar rgn,3.25m,3.25,,undisclosed,,allied_2022_W19_ALLIED-Weekly-Market-Report_15_05_2022.pdf,6
2022-05-15,19,CAPE,MINERAL YARDEN,181218,2016,Imabari Shipbuilding Co - Mihara HS,Ltd MAN-B&W rgn,50.5m,50.5,,Val Hal,eco,allied_2022_W19_ALLIED-Weekly-Market-Report_15_05_2022.pdf,6
2022-05-15,19,CAPE,MINERAL HAIKU,180242,2010,Koyo Dockyard Ltd - Mihara Japan,"Co HS, MAN-B&W rgn",34.0m,34.0,,Seanergy,,allied_2022_W19_ALLIED-Weekly-Market-Report_15_05_2022.pdf,6
2022-05-15,19,KMAX,BTG OLYMPOS,81086,2015,"Japan Marine United Corp (JMU) Tsu ME, Japan",- MAN-B&W rgn,35.6m,35.6,,TMS,"BWTS fitted , eco",allied_2022_W19_ALLIED-Weekly-Market-Report_15_05_2022.pdf,6
2022-05-15,19,KMAX,BTG KAILASH,81084,2015,"Japan Marine United Corp (JMU) Tsu ME, Japan",- MAN-B&W,each,,,,,allied_2022_W19_ALLIED-Weekly-Market-Report_15_05_2022.pdf,6
2022-05-15,19,PMAX,CHAILEASE BLOSSOM,77684,2004,"China Shipbuilding Corp (CSBC) Kaohsiung, Taiwan",- B&W rgn,13.5m,13.5,,Chinese,,allied_2022_W19_ALLIED-Weekly-Market-Report_15_05_2022.pdf,6
2022-05-15,19,PMAX,PALAIS,75434,2014,"Jiangsu Rongsheng Shipbuilding Co - Rugao JS, China",Ltd Wartsila,22.0m,22.0,,Chinese,,allied_2022_W19_ALLIED-Weekly-Market-Report_15_05_2022.pdf,6
2022-05-15,19,UMAX,BELPAREIL,63242,2015,Jiangsu Hantong Ship Heavy Industry Co Ltd,4 MAN-B&W CRANES - X 36t,29.5m,29.5,,Norwegian KS Structure,"bss 1-yr TC back at US$ 27,250/day",allied_2022_W19_ALLIED-Weekly-Market-Report_15_05_2022.pdf,6
2022-05-15,19,UMAX,NORD BALTIC,62625,2018,"Oshima Shipbuilding Co - Saikai NS, Japan",4 Ltd MAN-B&W CRANES X 30t rgn,37.0m,37.0,,undisclosed,"BWTS & scrubber fitted , eco",allied_2022_W19_ALLIED-Weekly-Market-Report_15_05_2022.pdf,6
2022-05-15,19,SMAX,HUA RONG 3,56467,2013,"Zhejiang Zhenghe Shipbuilding Co - Zhoushan ZJ,",4 Ltd MAN-B&W CRANES X 36t rgn,17.8m,17.8,,undisclosed,online auction,allied_2022_W19_ALLIED-Weekly-Market-Report_15_05_2022.pdf,6
2022-05-15,19,SMAX,HUA RONG 2,56439,2013,"Zhejiang Zhenghe Shipbuilding Co - Zhoushan ZJ,",4 Ltd MAN-B&W CRANES X 36t,17.5m,17.5,,undisclosed,online auction,allied_2022_W19_ALLIED-Weekly-Market-Report_15_05_2022.pdf,6
2022-05-15,19,HMAX,AQUATA,46685,1999,"Sanoyas Hishino Meisho Corp Kurashiki OY, Japan",4 - Sulzer CRANES X 30t rgn,10.5m,10.5,,undisclosed,7,allied_2022_W19_ALLIED-Weekly-Market-Report_15_05_2022.pdf,6
2022-05-15,19,FEEDER,SMILEY LADY,,17301999,"Stocznia Szczecinska SA Szczecin, Poland",3 - Sulzer CRANES X 40t,20.0m,20.0,,Mount Street,old sale,allied_2022_W19_ALLIED-Weekly-Market-Report_15_05_2022.pdf,7
2022-05-15,19,LNG,SCF MITRE,93585,2015,STX Offshore Shipbuilding Co - Changwon (Jinhae,"& Ltd MAN 167,158 rgn",150.0m,150.0,,Eastern Pacific,"incl. TC attached to Shell,",allied_2022_W19_ALLIED-Weekly-Market-Report_15_05_2022.pdf,7
2022-05-15,19,LNG,SCF MELAMPUS,93508,2015,STX Offshore Shipbuilding Co - Changwon (Jinhae,"& Ltd MAN 167,062",each,,,,bank deal,allied_2022_W19_ALLIED-Weekly-Market-Report_15_05_2022.pdf,7
2022-05-15,19,LNG,SCF BARENTS,93025,2020,"Hyundai Samho Heavy Industries Co Ltd - Samho,","Wartsila 170,479 S. rgn",200.0m,200.0,,Eastern Pacific,"incl. TC attached to Shell,",allied_2022_W19_ALLIED-Weekly-Market-Report_15_05_2022.pdf,7
2022-05-15,19,LNG,SCF TIMMERMAN,92969,2021,"Hyundai Samho Heavy Industries Co Ltd - Samho,","Wartsila 170,551 S.",each,,,,bank deal,allied_2022_W19_ALLIED-Weekly-Market-Report_15_05_2022.pdf,7
2022-05-15,19,LPG,BW LIBERTY,54975,2007,Daewoo Shipbuilding Marine Engineering,"& MAN-B&W 82,908",N/A,,,Vietnamese,SS/DD due Nov '22 8,allied_2022_W19_ALLIED-Weekly-Market-Report_15_05_2022.pdf,7
2022-05-22,20,VLCC,SVET,321039,2013,Bohai Shipbuilding Heavy Industry Ltd - Huludao,"Co Wartsila LN,",N/A,,,Al Seer Marine,,allied_2022_W20_ALLIED-Weekly-Market-Report_22_05_2022_compressed.pdf,6
2022-05-22,20,VLCC,SCF SHANGHAI,320701,2014,Bohai Shipbuilding Heavy Industry Ltd - Huludao,"Co Wartsila LN,",,,,Supplies,,allied_2022_W20_ALLIED-Weekly-Market-Report_22_05_2022_compressed.pdf,6
2022-05-22,20,VLCC,NEPTUN,307284,2007,Dalian Shipbuilding Industry Co Ltd Dalian LN (No,- Wartsila 2,30.8m,30.8,,Asian,SS/DD due Jul '22 & Oct,allied_2022_W20_ALLIED-Weekly-Market-Report_22_05_2022_compressed.pdf,6
2022-05-22,20,VLCC,NUCLEUS,307284,2007,Dalian Shipbuilding Industry Co Ltd Dalian LN (No,- Wartsila 2 EPOXY,30.8m,30.8,,,'22 respectively,allied_2022_W20_ALLIED-Weekly-Market-Report_22_05_2022_compressed.pdf,6
2022-05-22,20,VLCC,HUNTER FREYA,299995,2020,Daewoo Shipbuilding Marine Engineering,& MAN-B&W,95.0m,95.0,,,,allied_2022_W20_ALLIED-Weekly-Market-Report_22_05_2022_compressed.pdf,6
2022-05-22,20,VLCC,HUNTER DISEN,299995,2020,Daewoo Shipbuilding Marine Engineering,& MAN-B&W,95.0m,95.0,,DHT,"tier III , scrubber fitted",allied_2022_W20_ALLIED-Weekly-Market-Report_22_05_2022_compressed.pdf,6
2022-05-22,20,VLCC,HUNTER IDUN,299995,2020,Daewoo Shipbuilding Marine Engineering,& MAN-B&W,95.0m,95.0,,,,allied_2022_W20_ALLIED-Weekly-Market-Report_22_05_2022_compressed.pdf,6
2022-05-22,20,VLCC,HUNTER FRIGG,299995,2020,Daewoo Shipbuilding Marine Engineering,& MAN-B&W,95.0m,95.0,,,,allied_2022_W20_ALLIED-Weekly-Market-Report_22_05_2022_compressed.pdf,6
2022-05-22,20,AFRA,LOMONOSOV PROSPECT,113226,2018,"Hyundai Samho Heavy Industries Co Ltd - Samho,",Wartsila S.,,,,,,allied_2022_W20_ALLIED-Weekly-Market-Report_22_05_2022_compressed.pdf,6
2022-05-22,20,AFRA,MENDELEEV PROSPECT,113189,2018,"Hyundai Samho Heavy Industries Co Ltd - Samho,",Wartsila S.,high $ 40's mill.,,,Clients of Capital,purchased from mortgage,allied_2022_W20_ALLIED-Weekly-Market-Report_22_05_2022_compressed.pdf,6
2022-05-22,20,AFRA GAGARIN,PROSPECT,113170,2018,"Hyundai Samho Heavy Industries Co Ltd - Samho,",Wartsila S.,each,,,,bank - ING Bank,allied_2022_W20_ALLIED-Weekly-Market-Report_22_05_2022_compressed.pdf,6
2022-05-22,20,AFRA,SAMUEL PROSPECT,113095,2019,"Hyundai Samho Heavy Industries Co Ltd - Samho,",Wartsila S.,,,,,,allied_2022_W20_ALLIED-Weekly-Market-Report_22_05_2022_compressed.pdf,6
2022-05-22,20,AFRA,ALMI SPIRIT,105547,2007,"HYUNDAI HI, Korea",S. MAN-B&W EPOXY rgn,20.0m,20.0,,Chinese,,allied_2022_W20_ALLIED-Weekly-Market-Report_22_05_2022_compressed.pdf,6
2022-05-22,20,LR1,BW ORINOCO,76580,2007,Dalian Shipbuilding Industry Co Ltd Dalian LN (No,- MAN-B&W 1 EPOXY,12.0m,12.0,,undisclosed,,allied_2022_W20_ALLIED-Weekly-Market-Report_22_05_2022_compressed.pdf,6
2022-05-22,20,LR1,BW LENA,76578,2007,Dalian Shipbuilding Industry Co Ltd Dalian LN (No,- MAN-B&W 1 EPOXY,12.0m,12.0,,,,allied_2022_W20_ALLIED-Weekly-Market-Report_22_05_2022_compressed.pdf,6
2022-05-22,20,MR,FALCON NOSTOS,51371,2006,"ShinA Shipbuilding Co Ltd - Tongyeong,",MAN-B&W S. Epoxy Phenolic rgn,13.1m,13.1,,Norwegian,BWTS fitted,allied_2022_W20_ALLIED-Weekly-Market-Report_22_05_2022_compressed.pdf,6
2022-05-22,20,MR,ST. PAULI,49999,2017,"Hyundai Mipo Dockyard Co Ltd Ulsan, S. Korea",- MAN-B&W EPOXY,33.3m,33.3,,undisclosed,,allied_2022_W20_ALLIED-Weekly-Market-Report_22_05_2022_compressed.pdf,6
2022-05-22,20,MR,TUCHKOV BRIDGE,47199,2004,Admiralteyskiy Sudostroitelnyy Zavod - Sankt-,B&W EPOXY,N/A,,,VR Marine Management,,allied_2022_W20_ALLIED-Weekly-Market-Report_22_05_2022_compressed.pdf,6
2022-05-22,20,MR,ELBRUS,46655,2004,"Hyundai Mipo Dockyard Co Ltd Ulsan, S. Korea",- B&W Epoxy Phenolic,13.9m,13.9,,Middle Eastern,,allied_2022_W20_ALLIED-Weekly-Market-Report_22_05_2022_compressed.pdf,6
2022-05-22,20,MR,PAMIR,46654,2004,"Hyundai Mipo Dockyard Co Ltd Ulsan, S. Korea",- B&W Epoxy Phenolic,en bloc,,,,,allied_2022_W20_ALLIED-Weekly-Market-Report_22_05_2022_compressed.pdf,6
2022-05-22,20,MR,SANMAR SOPRANO,45861,2002,"Shin Kurushima Dockyard Co. Ltd. Onishi, Japan",- Mitsubishi EPOXY xs,6.0m,6.0,,undisclosed,,allied_2022_W20_ALLIED-Weekly-Market-Report_22_05_2022_compressed.pdf,6
2022-05-22,20,SMALL,GAO CHENG,59039,2011,"Zhejiang Taitong Shipyard Co Ltd Zhoushan ZJ, China",- Yanmar Siloxirane (MarineLI NE),3.9m,3.9,,Chinese,7,allied_2022_W20_ALLIED-Weekly-Market-Report_22_05_2022_compressed.pdf,6
2022-05-22,20,CAPE,AQUADIVA,182060,2010,Odense Staalskibsvaerft A/S - Munkebo,MAN-B&W,32.5m,32.5,,undisclosed,BWTS fitted,allied_2022_W20_ALLIED-Weekly-Market-Report_22_05_2022_compressed.pdf,7
2022-05-22,20,CAPE,FORMOSABULK CLEMENT,170085,2001,Ishikawajima- Harima Heavy Industries Co,Sulzer Ltd,13.8m,13.8,,undisclosed,"bss prompt dely within Jun '22 , BWTS fitted",allied_2022_W20_ALLIED-Weekly-Market-Report_22_05_2022_compressed.pdf,7
2022-05-22,20,PMAX,RIO TAMARA,75610,2014,"Taizhou Kouan Shipbuilding Co - Taizhou JS, China",Ltd MAN-B&W,24.5m,24.5,,German,BWTS fitted,allied_2022_W20_ALLIED-Weekly-Market-Report_22_05_2022_compressed.pdf,7
2022-05-22,20,PMAX,ROSCO OLIVE,74951,2010,"Sasebo Heavy Industries Co. Ltd. Sasebo, Japan",- MAN-B&W,25.0m,25.0,,Greek,BWTS fitted,allied_2022_W20_ALLIED-Weekly-Market-Report_22_05_2022_compressed.pdf,7
2022-05-22,20,SMAX,SERENE JUNIPER,57185,2011,STX (Dalian) Shipbuilding Co - Wafangdian,"4 Ltd MAN-B&W CRANES LN, X 30t",19.2m,19.2,,Norwegian,Tier I,allied_2022_W20_ALLIED-Weekly-Market-Report_22_05_2022_compressed.pdf,7
2022-05-22,20,SMAX,NICOLAOS A.,53806,2003,"New Century Shipbuilding Co - Jingjiang JS, China",4 Ltd B&W CRANES X 40t,14.35m,14.35,,Turkish,,allied_2022_W20_ALLIED-Weekly-Market-Report_22_05_2022_compressed.pdf,7
2022-05-22,20,HANDY,CAPE MORETON,32959,2010,Jiangmen Nanyang Ship Engineering Co Ltd - Jiangmen,4 X MAN-B&W CRANES,"30,5t N/A",,,Chinese,old sale (Apr '22),allied_2022_W20_ALLIED-Weekly-Market-Report_22_05_2022_compressed.pdf,7
2022-05-22,20,HANDY,TEAM CHALLENGE,28710,2004,"Shin Kochi Jyuko K.K. - Kochi, Japan","CR Mitsubishi T, CR 4x30.5 rgn $ 4x30 T",9.9m,9.9,,Greek,SS/DD due Jun '22,allied_2022_W20_ALLIED-Weekly-Market-Report_22_05_2022_compressed.pdf,7
2022-05-22,20,HANDY,SENSEI,21955,1994,Saiki Heavy Industries Co Ltd,4 - Mitsubishi CRANES X 30t,6.0m,6.0,,Syrian,,allied_2022_W20_ALLIED-Weekly-Market-Report_22_05_2022_compressed.pdf,7
2022-05-22,20,PMAX,MSC PARIS,,82042006,Korea,MAN-B&W,31.0m,31.0,,undisclosed,until Q1 '25,allied_2022_W20_ALLIED-Weekly-Market-Report_22_05_2022_compressed.pdf,7
2022-05-22,20,FEEDER,H MERCURY,,18002022,Jiangsu Yangzi Xinfu Shipbuilding Co Ltd - Jingjiang,MAN-B&W,43.0m,43.0,,Transfar Shipping,,allied_2022_W20_ALLIED-Weekly-Market-Report_22_05_2022_compressed.pdf,7
2022-05-22,20,FEEDER,HANSA COBURG,,17402007,Guangzhou Wenchong Shipyard Co Ltd - Guangzhou,2 MAN-B&W CRANES X 40t,30.0m,30.0,,CMA CGM,,allied_2022_W20_ALLIED-Weekly-Market-Report_22_05_2022_compressed.pdf,7
2022-05-22,20,FEEDER,A DAISEN,,17402010,Guangzhou Wenchong Shipyard Co Ltd - Guangzhou,2 MAN-B&W CRANES X 45t,32.0m,32.0,,Transfar Shipping,,allied_2022_W20_ALLIED-Weekly-Market-Report_22_05_2022_compressed.pdf,7
2022-05-22,20,FEEDER,EASLINE QINGDAO,,15102001,Guangzhou Wenchong Shipyard - Guangzhou,"2 B&W CRANES GD, X 40t",19.0m,19.0,,MSC,,allied_2022_W20_ALLIED-Weekly-Market-Report_22_05_2022_compressed.pdf,7
2022-05-22,20,LPG,COUGAR,54450,2015,"Hyundai Samho Heavy Industries Co Ltd - Samho,","MAN-B&W 82,320 S.",70.0m,70.0,,Japanese,Sale & Leaseback deal (10 years),allied_2022_W20_ALLIED-Weekly-Market-Report_22_05_2022_compressed.pdf,8
2022-05-22,20,LPG,POINTIS,53991,2016,"Hyundai Samho Heavy Industries Co Ltd - Samho,","MAN-B&W 82,320 S.",70.0m,70.0,,undisclosed,,allied_2022_W20_ALLIED-Weekly-Market-Report_22_05_2022_compressed.pdf,8
2022-05-22,20,LPG,EUPEN,29121,1999,"Mitsubishi Heavy Industries Ltd. Nagasaki, Japan","- Mitsubishi 38,156",16.0m,16.0,,Pascogas,,allied_2022_W20_ALLIED-Weekly-Market-Report_22_05_2022_compressed.pdf,8
2022-05-22,20,LPG,JAG VIJAYA,26897,1997,"Mitsubishi Heavy Industries Ltd. Nagasaki, Japan","- Mitsubishi 34,712",9.5m,9.5,,Chinese,,allied_2022_W20_ALLIED-Weekly-Market-Report_22_05_2022_compressed.pdf,8
2022-05-22,20,LPG,SIBUR VORONEZH,22780,2013,"Hyundai Mipo Dockyard Co Ltd Ulsan, S. Korea","- MAN-B&W 20,311",N/A,,,Al Seer Marine,,allied_2022_W20_ALLIED-Weekly-Market-Report_22_05_2022_compressed.pdf,8
2022-05-22,20,LPG,SIBUR TOBOL,22765,2013,"Hyundai Mipo Dockyard Co Ltd Ulsan, S. Korea","- MAN-B&W 20,311",,,,,,allied_2022_W20_ALLIED-Weekly-Market-Report_22_05_2022_compressed.pdf,8
2022-05-22,20,LPG,MARIGOLA,17779,1999,"Sestri Cant. Nav. SpA - Genova,","Sulzer 17,559 Italy low",8.0m,8.0,,undisclosed,,allied_2022_W20_ALLIED-Weekly-Market-Report_22_05_2022_compressed.pdf,8
2022-05-22,20,LPG,CLIPPER HARALD,13712,1999,"Thyssen Nordseewerke GmbH - Emden,","B&W 12,423 xs",9.0m,9.0,,Sanmar Shipping,Scrubber fitted 9,allied_2022_W20_ALLIED-Weekly-Market-Report_22_05_2022_compressed.pdf,8
2022-05-29,21,SUEZ,17 FEBRUARY,160391,2008,"SAMSUNG HI, Korea",S. MAN-B&W,23.75m,23.75,,Stealth Maritime,,allied_2022_W21_ALLIED-Weekly-Market-Report_29_05_2022.pdf,6
2022-05-29,21,SUEZ,LIBYA,159233,2007,"Hyundai Samho Heavy Industries Ltd - Samho, S. Korea",Co MAN-B&W,22.75m,22.75,,,,allied_2022_W21_ALLIED-Weekly-Market-Report_29_05_2022.pdf,6
2022-05-29,21,AFRA,RUMFORD,107505,2012,"Tsuneishi Shipbuilding Co Tadotsu KG, Japan",Ltd - MAN-B&W EPOXY rgn,32.7m,32.7,,Greek,BWTS fitted,allied_2022_W21_ALLIED-Weekly-Market-Report_29_05_2022.pdf,6
2022-05-29,21,MR,ST.JACOBI,50209,2014,"SPP Shipbuilding Ltd - Sacheon, Korea",Co S. MAN-B&W EPOXY,24.5m,24.5,,undisclosed,,allied_2022_W21_ALLIED-Weekly-Market-Report_29_05_2022.pdf,6
2022-05-29,21,MR,VALLE DI NAVARRA,42721,2002,"Hyundai Mipo Dockyard Co Ltd Ulsan, S. Korea",- B&W EPOXY,6.1m,6.1,,Greek,"SS/DD/BWTS due Jul '22, IMO II/III",allied_2022_W21_ALLIED-Weekly-Market-Report_29_05_2022.pdf,6
2022-05-29,21,MR,GOLD OCEAN,37320,2007,"STX Shipbuilding Ltd - Changwon (Jinhae Shipyard),",Co MAN-B&W S. EPOXY,10.0m,10.0,,Middle Eastern,"BWTS fitted, SS/DD due",allied_2022_W21_ALLIED-Weekly-Market-Report_29_05_2022.pdf,6
2022-05-29,21,CHEM,PANGNIU,24202,2017,"Shipyard Co Ltd Dalian LN, China",- MAN EPOXY,20.6m,20.6,,Greek,,allied_2022_W21_ALLIED-Weekly-Market-Report_29_05_2022.pdf,6
2022-05-29,21,PROD/,MEHMET A,20528,2011,Turker Gemi Yapim Sanayi ve Ticaret,AS - MaK Marine Line,10.0m,10.0,,undisclosed,"BWTS fitted, bss dely within",allied_2022_W21_ALLIED-Weekly-Market-Report_29_05_2022.pdf,6
2022-05-29,21,PROD/,BRO NYBORG,16564,2007,Qiuxin Shipyard,- Wartsila Siloxirane (MarineLIN,,,,,,allied_2022_W21_ALLIED-Weekly-Market-Report_29_05_2022.pdf,6
2022-05-29,21,PROD/,BRO NIBE,16534,2007,Qiuxin Shipyard,- Wartsila Siloxirane (MarineLIN,,,,,,allied_2022_W21_ALLIED-Weekly-Market-Report_29_05_2022.pdf,6
2022-05-29,21,CHEM,BRO NORDBY,16511,2007,"Shanghai, China",Wartsila (MarineLIN E),,,,,,allied_2022_W21_ALLIED-Weekly-Market-Report_29_05_2022.pdf,6
2022-05-29,21,CHEM,BRO NAKSKOV,16427,2007,"Shanghai, China",Wartsila (MarineLIN E),,,,,,allied_2022_W21_ALLIED-Weekly-Market-Report_29_05_2022.pdf,6
2022-05-29,21,SMALL,LS EVA,4726,2007,"Tersan Tersanecilik San Tic AS - Altinova,",MaK Siloxirane (MarineLIN,2.85m,2.85,,Kaptanoglu Shipmanagement,,allied_2022_W21_ALLIED-Weekly-Market-Report_29_05_2022.pdf,6
2022-05-29,21,CAPE,MOUNT NEVIS,177005,2005,Namura Shipbuilding Co Ltd - Imari Japan,"SG, MAN-B&W",20.5m,20.5,,Greek,scrubber fitted,allied_2022_W21_ALLIED-Weekly-Market-Report_29_05_2022.pdf,6
2022-05-29,21,CAPE,STELLA FLORA,176292,2012,Shanghai Jiangnan Changxing Shipbuilding Co,MAN-B&W Ltd - rgn,32.0m,32.0,,Safe Bulkers,SS/DD due Oct '22,allied_2022_W21_ALLIED-Weekly-Market-Report_29_05_2022.pdf,6
2022-05-29,21,KMAX,MAJULAH HARBOURFRONT,81922,2014,Tsuneishi Group (Zhoushan) Shipbuilding Inc,MAN-B&W - rgn,31.5m,31.5,,Greek,BWTS fitted,allied_2022_W21_ALLIED-Weekly-Market-Report_29_05_2022.pdf,6
2022-05-29,21,PMAX,ES SAKURA,76596,2007,Imabari Shipbuilding Co Ltd - Marugame KG (Marugame,MAN-B&W xs,18.0m,18.0,,undisclosed,,allied_2022_W21_ALLIED-Weekly-Market-Report_29_05_2022.pdf,6
2022-05-29,21,SMAX,XIN XIANG HAI,56111,2012,"Mitsui Eng. & SB. Ltd., Chiba Works Ichihara, Japan",Co. 4 - MAN-B&W CRANES X 30t,23.5m,23.5,,Greek,BWTS fitted,allied_2022_W21_ALLIED-Weekly-Market-Report_29_05_2022.pdf,6
2022-05-29,21,SMAX,OSIOS DAVID,55831,2012,"IHI Marine United - Kure HS, Japan",Inc 4 Wartsila CRANES X 30t high,22.0m,22.0,,undisclosed,"BWTS fitted , bss dely within Sep '22",allied_2022_W21_ALLIED-Weekly-Market-Report_29_05_2022.pdf,6
2022-05-29,21,SMAX,EVANS,53507,2009,Zhejiang Shipbuilding Co Ltd - Ningbo China,"4 ZJ, MAN-B&W CRANES X 35t",16.2m,16.2,,undisclosed,BWTS fitted 7,allied_2022_W21_ALLIED-Weekly-Market-Report_29_05_2022.pdf,6
2022-05-29,21,SUB,MAERSK NIAGARA,,25562008,"HYUNDAI HI,",S. 4 Wartsila,X 40t,,,,,allied_2022_W21_ALLIED-Weekly-Market-Report_29_05_2022.pdf,7
2022-05-29,21,SUB,MAERSK NIJMEGEN,,25562009,"HYUNDAI HI,",S. 4 Wartsila,X 40t,,,,,allied_2022_W21_ALLIED-Weekly-Market-Report_29_05_2022.pdf,7
2022-06-05,22,VLCC,DUQM,310084,2008,Imabari Shipbuilding Co - Saijo EH (Saijo,MAN-B&W Ltd,39.0m,39.0,,Middle Eastern,"BWTS fitted, bss dely within Jul/Aug '22, uncoiled",allied_2022_W22_ALLIED-Weekly-Market-Report_05_06_2022.pdf,6
2022-06-05,22,SUEZ,MARVIN STAR,157985,2009,"Hyundai Samho Heavy Industries Co Ltd - Samho,",MAN-B&W S.,26.4m,26.4,,Transmed,"laid up since Aug '21, court sale",allied_2022_W22_ALLIED-Weekly-Market-Report_05_06_2022.pdf,6
2022-06-05,22,AFRA,SILVER,107507,2010,Tsuneishi Holdings Corp Tsuneishi Shipbuilding Co,MAN-B&W - EPOXY,27.5m,27.5,,undisclosed,,allied_2022_W22_ALLIED-Weekly-Market-Report_05_06_2022.pdf,6
2022-06-05,22,MR,SABREWING,49323,2004,"NAIKAI ZOSEN SETODA, Japan",B&W Zinc Silicate,9.5m,9.5,,undisclosed,"BWTS fitted , scrubber fitted",allied_2022_W22_ALLIED-Weekly-Market-Report_05_06_2022.pdf,6
2022-06-05,22,MR,PACIFIC DIAMOND,47917,2010,"Iwagi Zosen Co Kamijima EH, Japan",Ltd - MAN-B&W EPOXY,18.0m,18.0,,undisclosed,BWTS fitted,allied_2022_W22_ALLIED-Weekly-Market-Report_05_06_2022.pdf,6
2022-06-05,22,MR,ANGEL NO. 6,45663,2005,"Shin Kurushima Dockyard Co. Ltd. Onishi, Japan",- Mitsubishi Epoxy Phenolic,9.4m,9.4,,undisclosed,partly unheated,allied_2022_W22_ALLIED-Weekly-Market-Report_05_06_2022.pdf,6
2022-06-05,22,MR,HANS SCHOLL,40250,2004,"ShinA Shipbuilding Co Ltd - Tongyeong,",MAN-B&W S. EPOXY,8.1m,8.1,,undisclosed,BWTS novated to Buyers,allied_2022_W22_ALLIED-Weekly-Market-Report_05_06_2022.pdf,6
2022-06-05,22,MR,BIANCA AMORETTI,29524,2003,"Chengxi Shipyard Jiangyin JS, China",- MaK EPOXY,6.0m,6.0,,undisclosed,,allied_2022_W22_ALLIED-Weekly-Market-Report_05_06_2022.pdf,6
2022-06-05,22,CAPE,ROSEBANK,177029,2010,"New Times Shipbuilding Co - Jingjiang JS, China",Ltd MAN-B&W,N/A,,,U. K. Based,,allied_2022_W22_ALLIED-Weekly-Market-Report_05_06_2022.pdf,6
2022-06-05,22,KMAX,CAPRICORN MOON,81828,2015,"Tsuneishi Heavy Industries (Cebu) Inc - Balamban,",MAN-B&W rgn,33.0m,33.0,,German,"BWTS fitted , bss prompt dely within Jun '22",allied_2022_W22_ALLIED-Weekly-Market-Report_05_06_2022.pdf,6
2022-06-05,22,PMAX,ELIM JOYCE,77834,2004,"China Shipbuilding Corp (CSBC) Kaohsiung, Taiwan",- MAN-B&W,15.0m,15.0,,undisclosed,BWTS fitted,allied_2022_W22_ALLIED-Weekly-Market-Report_05_06_2022.pdf,6
2022-06-05,22,PMAX,ORIENT PRIMA,76596,2005,Imabari Shipbuilding Co - Marugame,Ltd MAN-B&W KG,17.0m,17.0,,undisclosed,BWTS fitted,allied_2022_W22_ALLIED-Weekly-Market-Report_05_06_2022.pdf,6
2022-06-05,22,PMAX,ZHONG LIANG HUA NAN,74786,2001,Hudong-Zhonghua Shipbuilding (Group) Co Ltd,MAN-B&W -,13.25m,13.25,,Chinese,online auction,allied_2022_W22_ALLIED-Weekly-Market-Report_05_06_2022.pdf,6
2022-06-05,22,PMAX,GLORY ONE,73180,2002,"Namura Shipbuilding Co - Imari SG, Japan",Ltd B&W,10.3m,10.3,,Chinese,SS/DD due Jun '22,allied_2022_W22_ALLIED-Weekly-Market-Report_05_06_2022.pdf,6
2022-06-05,22,SMAX,VAN FORTUNE,56847,2009,"Taizhou Sanfu Engineering Co Taizhou JS, China",Ship 4 Ltd - MAN-B&W CRANES X 30t,16.5m,16.5,,HNA,BWTS fitted,allied_2022_W22_ALLIED-Weekly-Market-Report_05_06_2022.pdf,6
2022-06-05,22,SMAX,BAO CHUAN,56039,2007,"Mitsui Eng. & Co. Ltd., Chiba Works - Ichihara,",SB. 4 MAN-B&W CRANES X 30t,17.8m,17.8,,Chinese,,allied_2022_W22_ALLIED-Weekly-Market-Report_05_06_2022.pdf,6
2022-06-05,22,SMAX,EVNIA,53806,2003,"New Century Shipbuilding Co - Jingjiang JS, China",4 Ltd B&W CRANES X 40t rgn,14.5m,14.5,,undisclosed,,allied_2022_W22_ALLIED-Weekly-Market-Report_05_06_2022.pdf,6
2022-06-05,22,SMAX,PRABHU LAL,52491,2004,"Tsuneishi Corp Fukuyama HS, Japan",- 4 B&W CRANES X 30t,16.0m,16.0,,undisclosed,BWTS fitted,allied_2022_W22_ALLIED-Weekly-Market-Report_05_06_2022.pdf,6
2022-06-05,22,HMAX,ZHONG LIANG HUA DONG,46513,2001,"Oshima Shipbuilding Co - Saikai NS, Japan",4 Ltd Sulzer CRANES X 30t,11.9m,11.9,,undisclosed,online auction,allied_2022_W22_ALLIED-Weekly-Market-Report_05_06_2022.pdf,6
2022-06-05,22,HANDY INTERLINK,ACTIVITY,38710,2015,"Taizhou Kouan Shipbuilding Co - Taizhou JS, China",4 Ltd MAN-B&W CRANES X 30t,26.5m,26.5,,undisclosed,,allied_2022_W22_ALLIED-Weekly-Market-Report_05_06_2022.pdf,6
2022-06-05,22,HANDY INTERLINK,PRIORITY,38709,2015,"Taizhou Kouan Shipbuilding Co - Taizhou JS, China",4 Ltd MAN-B&W CRANES X 30t,26.5m,26.5,,,7,allied_2022_W22_ALLIED-Weekly-Market-Report_05_06_2022.pdf,6
2022-06-05,22,FEEDER,A MIZUHO,,10222008,"JINGJIANG TRAFFIC, China",2 MAN-B&W CRANES X 45t,21.0m,21.0,,MSC,8,allied_2022_W22_ALLIED-Weekly-Market-Report_05_06_2022.pdf,7
2022-06-12,23,SUEZ,NORDIC MOON,160200,2002,"SAMSUNG HI, Korea",S. B&W,16.0m,16.0,,undisclosed,SS/DD due Aug '22,allied_2022_W23_ALLIED-Weekly-Market-Report_12_06_2022_compressed.pdf,6
2022-06-12,23,SUEZ,RIDGEBURY ASTARI,149991,2002,"Nippon Kokan (NKK Corp) - ME, Japan",KK Tsu Sulzer,15.5m,15.5,,undisclosed,SS/DD due Jul '22,allied_2022_W23_ALLIED-Weekly-Market-Report_12_06_2022_compressed.pdf,6
2022-06-12,23,AFRA,ELANDRA BAY,115674,2018,Daehan Shipbuilding Co - Hwawon (Haenam,Ltd MAN-B&W EPOXY,N/A,,,European,,allied_2022_W23_ALLIED-Weekly-Market-Report_12_06_2022_compressed.pdf,6
2022-06-12,23,AFRA,ELANDRA SOUND,115666,2018,Daehan Shipbuilding Co - Hwawon (Haenam,Ltd MAN-B&W EPOXY,,,,,,allied_2022_W23_ALLIED-Weekly-Market-Report_12_06_2022_compressed.pdf,6
2022-06-12,23,AFRA,GODAM,113553,2006,"SAMSUNG HI, Korea",S. MAN-B&W,22.5m,22.5,,Chinese,"BWTS fitted , bss prompt dely Asia",allied_2022_W23_ALLIED-Weekly-Market-Report_12_06_2022_compressed.pdf,6
2022-06-12,23,AFRA,SEA BEECH,106138,2003,"Tsuneishi Corp Tadotsu KG, Japan",- B&W EPOXY,15.5m,15.5,,undisclosed,,allied_2022_W23_ALLIED-Weekly-Market-Report_12_06_2022_compressed.pdf,6
2022-06-12,23,AFRA,BARONESS,105335,2011,"Sumitomo Heavy Industries Marine Engineering Co.,",& MAN-B&W,33.5m,33.5,,undisclosed,BWTS fitted,allied_2022_W23_ALLIED-Weekly-Market-Report_12_06_2022_compressed.pdf,6
2022-06-12,23,MR,CYGNUS,51218,2007,"STX Shipbuilding Co Ltd - Changwon (Jinhae Shipyard),",MAN-B&W S. EPOXY,15.0m,15.0,,European,,allied_2022_W23_ALLIED-Weekly-Market-Report_12_06_2022_compressed.pdf,6
2022-06-12,23,MR,SEXTANS,51215,2007,"STX Shipbuilding Co Ltd - Changwon (Jinhae Shipyard),",MAN-B&W S. EPOXY,15.0m,15.0,,,,allied_2022_W23_ALLIED-Weekly-Market-Report_12_06_2022_compressed.pdf,6
2022-06-12,23,MR,HAFNIA GREEN,40003,2007,"Saiki Heavy Industries Co Ltd Saiki OT, Japan",- Mitsubishi Epoxy Phenolic,11.9m,11.9,,Sea Hawk Maritime,SS/DD due Aug '22,allied_2022_W23_ALLIED-Weekly-Market-Report_12_06_2022_compressed.pdf,6
2022-06-12,23,MR,MAERSK CAELUM,45999,2016,"Hyundai Mipo Dockyard Co Ltd Ulsan, S. Korea",- MAN-B&W EPOXY,,,,,,allied_2022_W23_ALLIED-Weekly-Market-Report_12_06_2022_compressed.pdf,6
2022-06-12,23,MR MAERSK,NAVIGATOR,45999,2016,"Hyundai Mipo Dockyard Co Ltd Ulsan, S. Korea",- MAN-B&W EPOXY,,,,,,allied_2022_W23_ALLIED-Weekly-Market-Report_12_06_2022_compressed.pdf,6
2022-06-12,23,MR,MAERSK SEAFARER,45999,2016,"Hyundai Mipo Dockyard Co Ltd Ulsan, S. Korea",- MAN-B&W EPOXY,,,,,,allied_2022_W23_ALLIED-Weekly-Market-Report_12_06_2022_compressed.pdf,6
2022-06-12,23,MR,MAERSK CUMULUS,39999,2016,"Hyundai Mipo Dockyard Co Ltd Ulsan, S. Korea",- MAN-B&W EPOXY,230.0m,,230.0,KMARIN,BWTS fitted,allied_2022_W23_ALLIED-Weekly-Market-Report_12_06_2022_compressed.pdf,6
2022-06-12,23,MR,MAERSK NIMBUS,39999,2016,"Hyundai Mipo Dockyard Co Ltd Ulsan, S. Korea",- MAN-B&W EPOXY,en bloc,,,,,allied_2022_W23_ALLIED-Weekly-Market-Report_12_06_2022_compressed.pdf,6
2022-06-12,23,MR,MAERSK STRATUS,39999,2017,"Hyundai Mipo Dockyard Co Ltd Ulsan, S. Korea",- MAN-B&W EPOXY,,,,,,allied_2022_W23_ALLIED-Weekly-Market-Report_12_06_2022_compressed.pdf,6
2022-06-12,23,MR,MAERSK CIRRUS,39999,2017,"Hyundai Mipo Dockyard Co Ltd Ulsan, S. Korea",- MAN-B&W EPOXY,,,,,,allied_2022_W23_ALLIED-Weekly-Market-Report_12_06_2022_compressed.pdf,6
2022-06-12,23,MR,MAERSK ALTUS,39999,2017,"Hyundai Mipo Dockyard Co Ltd Ulsan, S. Korea",- MAN-B&W EPOXY,,,,,,allied_2022_W23_ALLIED-Weekly-Market-Report_12_06_2022_compressed.pdf,6
2022-06-12,23,MR,CHEM EAGLE,25421,2008,"DAESUN, S. Korea",MAN-B&W Epoxy Phenolic,9.0m,9.0,,undisclosed,"incl TC attached at $10,500/day until Jul '23",allied_2022_W23_ALLIED-Weekly-Market-Report_12_06_2022_compressed.pdf,6
2022-06-12,23,PROD/,CHEM VENUS,19888,2004,"Usuki Shipyard Ltd - Usuki OT,",Co B&W Stainless,9.9m,9.9,,undisclosed,BWTS fitted,allied_2022_W23_ALLIED-Weekly-Market-Report_12_06_2022_compressed.pdf,6
2022-06-12,23,CAPE,HL PRIDE,179656,2016,Dalian Shipbuilding Industry Co Ltd Dalian LN (No,- MAN-B&W 2 low/mid,45.0m,45.0,,European,eco 7,allied_2022_W23_ALLIED-Weekly-Market-Report_12_06_2022_compressed.pdf,6
2022-06-12,23,POST,ARCHIMIDIS,,82662006,Daewoo Shipbuilding,& Sulzer,64.5m,64.5,,,,allied_2022_W23_ALLIED-Weekly-Market-Report_12_06_2022_compressed.pdf,7
2022-06-12,23,POST,AGAMEMNON,,82662007,Daewoo Shipbuilding,& Wartsila,65.5m,65.5,,,until Feb '24,allied_2022_W23_ALLIED-Weekly-Market-Report_12_06_2022_compressed.pdf,7
2022-06-12,23,PMAX,OEL KEDARNATH,,30912003,"Stocznia Szczecinska Nowa Sp z oo - Szczecin,",B&W,45.0m,45.0,,MSC,8,allied_2022_W23_ALLIED-Weekly-Market-Report_12_06_2022_compressed.pdf,7
2022-06-12,23,LNG,ABADI,72758,2002,"Mitsubishi Heavy Industries Ltd. Nagasaki, Japan","- Mitsubishi 132,564",N/A,,,undisclosed,,allied_2022_W23_ALLIED-Weekly-Market-Report_12_06_2022_compressed.pdf,8
2022-06-12,23,LPG,BETAGAS,4663,1997,"Appledore Shipbuilders Ltd Bideford, U.","- MaK 5,699 K.",3.1m,3.1,,undisclosed,SS/DD due Aug '22 9,allied_2022_W23_ALLIED-Weekly-Market-Report_12_06_2022_compressed.pdf,8
2022-06-19,24,VLCC,KOHO I,301045,2002,"IHI Marine United Inc - Kure HS, Japan",Sulzer,28.5m,28.5,,Chinese,"BWTS fitted, SS/DD due Nov '22",allied_2022_W24_ALLIED-Weekly-Market-Report_19_06_2022.pdf,6
2022-06-19,24,AFRA,ANGELICA SCHULTE,106433,2005,Universal Shipbuilding Corp Nagasu KM (Ariake,- Sulzer rgn,19.5m,19.5,,undisclosed,"BWTS fitted, bss prompt dely West",allied_2022_W24_ALLIED-Weekly-Market-Report_19_06_2022.pdf,6
2022-06-19,24,MR CELSIUS,RICHMOND,50083,2010,Onomichi Dockyard Co Ltd - Onomichi,MAN-B&W EPOXY,19.0m,19.0,,Turkish,BWTS fitted,allied_2022_W24_ALLIED-Weekly-Market-Report_19_06_2022.pdf,6
2022-06-19,24,CAPE,BALTIMORE,177243,2005,"Namura Shipbuilding Co - Imari SG, Japan",Ltd MAN-B&W,22.0m,22.0,,Greek,,allied_2022_W24_ALLIED-Weekly-Market-Report_19_06_2022.pdf,6
2022-06-19,24,KMAX,MAJESTIC SKY,81949,2014,"Tadotsu Shipbuilding Co - Tadotsu KG, Japan",Ltd MAN-B&W,32.5m,32.5,,Greek,"BWTS fitted, eco, tier i",allied_2022_W24_ALLIED-Weekly-Market-Report_19_06_2022.pdf,6
2022-06-19,24,PMAX,ORIENT BEAUTY,76598,2005,Imabari Shipbuilding Co - Marugame,Ltd MAN-B&W KG,17.25m,17.25,,Indonesian,,allied_2022_W24_ALLIED-Weekly-Market-Report_19_06_2022.pdf,6
2022-06-19,24,PMAX,TINA IV,75187,2009,Hudong-Zhonghua Shipbuilding (Group) Co Ltd,MAN-B&W - rgn,16.75m,16.75,,undisclosed,BWTS fitted,allied_2022_W24_ALLIED-Weekly-Market-Report_19_06_2022.pdf,6
2022-06-19,24,PMAX,JAL SHAKTI,69925,1995,"Sanoyas Hishino Meisho Corp Kurashiki OY, Japan",4 - Sulzer CRANES X 30t,7.5m,7.5,,Chinese,currently out of class,allied_2022_W24_ALLIED-Weekly-Market-Report_19_06_2022.pdf,6
2022-06-19,24,UMAX,ATLANTIC MANZANILLO,63590,2016,"Shin Kasado Dockyard Co Ltd Kudamatsu YC,","4 X - MAN-B&W CRANES 30,7t rgn",34.0m,34.0,,undisclosed,"eco , BWTS fitted , grabs fitted",allied_2022_W24_ALLIED-Weekly-Market-Report_19_06_2022.pdf,6
2022-06-19,24,UMAX,TRITON SWAN,61457,2012,"Iwagi Zosen Co Kamijima EH, Japan",Ltd - 4 X MAN-B&W CRANES,"30,5t N/A",,,Hong Kong Based,,allied_2022_W24_ALLIED-Weekly-Market-Report_19_06_2022.pdf,6
2022-06-19,24,SMAX,CARDINAL,55408,2004,"Oshima Shipbuilding Co - Saikai NS, Japan",4 Ltd MAN-B&W CRANES X 30t,15.8m,15.8,,Chinese,"BWTS fitted, bss dely to Far East within Jul/Aug '22",allied_2022_W24_ALLIED-Weekly-Market-Report_19_06_2022.pdf,6
2022-06-19,24,SMAX,EMILIA,53098,2002,"Oshima Shipbuilding Co - Saikai NS, Japan",4 Ltd B&W CRANES X 30t,13.9m,13.9,,Chinese,BWTS fitted,allied_2022_W24_ALLIED-Weekly-Market-Report_19_06_2022.pdf,6
2022-06-19,24,SMAX,SEVEN LADY,51241,2009,Imabari Shipbuilding Co - Imabari EH,"4 X Ltd MAN-B&W CRANES 30,5t",22.5m,22.5,,undisclosed,BWTS fitted,allied_2022_W24_ALLIED-Weekly-Market-Report_19_06_2022.pdf,6
2022-06-19,24,HANDY,ANNE METTE BULKER,38118,2012,Naikai Zosen Corp Onomichi HS (Innoshima,- 4 MAN-B&W CRANES X 30t,23.0m,23.0,,Devbulk,BWTS fitted,allied_2022_W24_ALLIED-Weekly-Market-Report_19_06_2022.pdf,6
2022-06-19,24,HANDY,ANSAC COLUMBIA,37993,2017,"WATANABE, Japan","4 X MAN-B&W CRANES 30,5t rgn",28.8m,28.8,,undisclosed,"BWTS fitted, eco",allied_2022_W24_ALLIED-Weekly-Market-Report_19_06_2022.pdf,6
2022-06-19,24,HANDY,TEAM HOPE,37196,2012,"Hyundai Mipo Dockyard Co Ltd Ulsan, S. Korea",4 - MAN-B&W CRANES X 30t,19.5m,19.5,,Turkish,,allied_2022_W24_ALLIED-Weekly-Market-Report_19_06_2022.pdf,6
2022-06-19,24,HANDY,SUPER VALENTINA,33382,2013,Shin Kurushima Dockyard Co. Ltd.,4 - Mitsubishi CRANES X 30t rgn,22.0m,22.0,,undisclosed,,allied_2022_W24_ALLIED-Weekly-Market-Report_19_06_2022.pdf,6
2022-06-19,24,SUB,IRENES RAINBOW,,28242006,Hyundai Mipo Dockyard Co Ltd,- MAN-B&W,45.0m,45.0,,CMA CGM,bss dely within Aug '22,allied_2022_W24_ALLIED-Weekly-Market-Report_19_06_2022.pdf,6
2022-06-19,24,FEEDER,GUANGZHOU HUANGPU H2415,,15002022,CSSC Huangpu Wenchong Shipbuilding Co,MAN-B&W Ltd,31.5m,31.5,,Asian,eco,allied_2022_W24_ALLIED-Weekly-Market-Report_19_06_2022.pdf,6
2022-06-19,24,FEEDER,GUANGZHOU HUANGPU H2416,,15002023,CSSC Huangpu Wenchong Shipbuilding Co,MAN-B&W Ltd,31.5m,31.5,,,7,allied_2022_W24_ALLIED-Weekly-Market-Report_19_06_2022.pdf,6
2022-06-26,25,VLCC,MARIDAKI,299990,2005,"IHI Marine United Inc - Kure HS, Japan",Sulzer,36.5m,36.5,,undisclosed,"BWTS fitted , cap I",allied_2022_W25_ALLIED-Weekly-Market-Report_26_06_2022.pdf,6
2022-06-26,25,SUEZ,STORVIKEN,152013,2006,"SAMSUNG HI, Korea",S. MAN-B&W,23.5m,23.5,,Greek,eco M/E,allied_2022_W25_ALLIED-Weekly-Market-Report_26_06_2022.pdf,6
2022-06-26,25,AFRA,CARLTON,115635,2004,"SAMSUNG HI, Korea",S. MAN-B&W,22.0m,22.0,,Chinese,"BWTS fitted, scrubber fitted, ice class",allied_2022_W25_ALLIED-Weekly-Market-Report_26_06_2022.pdf,6
2022-06-26,25,AFRA,MARAN SAGITTA,105071,2009,"HYUNDAI HI, Korea",S. MAN-B&W rgn,27.6m,27.6,,Performance Shipping,bss prompt dely within Jul '22,allied_2022_W25_ALLIED-Weekly-Market-Report_26_06_2022.pdf,6
2022-06-26,25,MR,DAISY M,50352,2008,Guangzhou Shipyard International Co,MAN-B&W Ltd EPOXY,15.0m,15.0,,Greek,,allied_2022_W25_ALLIED-Weekly-Market-Report_26_06_2022.pdf,6
2022-06-26,25,MR,STI BENICIA,49990,2014,"SPP Shipbuilding Co Ltd - Sacheon, Korea",S. MAN-B&W EPOXY,31.5m,31.5,,Tufton,old sale,allied_2022_W25_ALLIED-Weekly-Market-Report_26_06_2022.pdf,6
2022-06-26,25,MR,HY GINKGO,49600,2022,Guangzhou Shipyard International CoLtd,MAN-B&W - EPOXY,,,,,,allied_2022_W25_ALLIED-Weekly-Market-Report_26_06_2022.pdf,6
2022-06-26,25,MR,HY SPRUCE,49600,2022,Guangzhou Shipyard International CoLtd,MAN-B&W - EPOXY,152.0m,,152.0,JP Morgan,"EEDI 2,tier III",allied_2022_W25_ALLIED-Weekly-Market-Report_26_06_2022.pdf,6
2022-06-26,25,MR,HY CEDAR,49600,2023,Guangzhou Shipyard International CoLtd,MAN-B&W - EPOXY,en bloc,,,,,allied_2022_W25_ALLIED-Weekly-Market-Report_26_06_2022.pdf,6
2022-06-26,25,MR,HY OAK,49600,2023,Guangzhou Shipyard International CoLtd,MAN-B&W - EPOXY,,,,,,allied_2022_W25_ALLIED-Weekly-Market-Report_26_06_2022.pdf,6
2022-06-26,25,MR,ENERGY PANTHER,46846,2008,Sungdong Shipbuilding Marine Engineering,& MAN-B&W Epoxy Phenolic rgn,15.5m,15.5,,Aims Shipping,,allied_2022_W25_ALLIED-Weekly-Market-Report_26_06_2022.pdf,6
2022-06-26,25,MR,SEACROWN,40039,2003,"Hyundai Mipo Dockyard Co Ltd Ulsan, S. Korea",- B&W EPOXY,8.5m,8.5,,undisclosed,,allied_2022_W25_ALLIED-Weekly-Market-Report_26_06_2022.pdf,6
2022-06-26,25,MR,HAFNIA VICTORIA,40016,2007,"Saiki Heavy Industries Co Ltd Saiki OT, Japan",- Mitsubishi Epoxy Phenolic,11.5m,11.5,,undisclosed,"old sale, SS/DD due Jun '22",allied_2022_W25_ALLIED-Weekly-Market-Report_26_06_2022.pdf,6
2022-06-26,25,MR,BALTIC FAVOUR,37105,2006,"Hyundai Mipo Dockyard Co Ltd Ulsan, S. Korea",- MAN-B&W Epoxy Phenolic,12.1m,12.1,,undisclosed,,allied_2022_W25_ALLIED-Weekly-Market-Report_26_06_2022.pdf,6
2022-06-26,25,MR,AZAHAR,35648,2003,"STX Shipbuilding Co Ltd - Changwon (Jinhae Shipyard),",B&W S. EPOXY,7.2m,7.2,,undisclosed,,allied_2022_W25_ALLIED-Weekly-Market-Report_26_06_2022.pdf,6
2022-06-26,25,MR,MAERSK BORNEO,29013,2007,Guangzhou Shipyard International Co,MAN-B&W Ltd Epoxy Phenolic,11.8m,11.8,,undisclosed,,allied_2022_W25_ALLIED-Weekly-Market-Report_26_06_2022.pdf,6
2022-06-26,25,PROD/,CELSIUS MESSINA,20896,2007,Shin Kurushima Dockyard Co. Ltd.,- MAN-B&W Stainless,13.5m,13.5,,Chinese,SS/DD due Jul '22,allied_2022_W25_ALLIED-Weekly-Market-Report_26_06_2022.pdf,6
2022-06-26,25,CHEM,FSL LONDON,19966,2006,"Ltd - Usuki OT, Japan",MAN-B&W Steel,12.0m,12.0,,Chinese,,allied_2022_W25_ALLIED-Weekly-Market-Report_26_06_2022.pdf,6
2022-06-26,25,SMALL,PROSPER,9285,2008,Dongfang Shipbuilding Group Co Ltd - Yueqing,MaK Epoxy Phenolic,3.6m,3.6,,Middle Eastern,,allied_2022_W25_ALLIED-Weekly-Market-Report_26_06_2022.pdf,6
2022-06-26,25,SMALL,TIGER SPRING,9380,2009,Dongfang Shipbuilding Group Co Ltd - Yueqing,MaK EPOXY,12.1m,12.1,,,,allied_2022_W25_ALLIED-Weekly-Market-Report_26_06_2022.pdf,6
2022-06-26,25,SMALL,TIGER SUMMER,9118,2009,Dongfang Shipbuilding Group Co Ltd - Yueqing,MaK EPOXY,12.1m,12.1,,Turkish,,allied_2022_W25_ALLIED-Weekly-Market-Report_26_06_2022.pdf,6
2022-06-26,25,SMALL,TIGER WINTER,9055,2011,Dongfang Shipbuilding Group Co Ltd - Yueqing,MaK EPOXY,13.3m,13.3,,,7,allied_2022_W25_ALLIED-Weekly-Market-Report_26_06_2022.pdf,6
2022-06-26,25,PMAX,THEODOR OLDENDORFF,77171,2008,"Oshima Shipbuilding Co - Saikai NS, Japan",Ltd MAN-B&W,19.5m,19.5,,Turkish,"incl. 1 year TC attached at US$ 20,000/day",allied_2022_W25_ALLIED-Weekly-Market-Report_26_06_2022.pdf,7
2022-06-26,25,PMAX,LOWLANDS MAINE,76784,2005,"Sasebo Heavy Industries Co. Ltd. Sasebo, Japan",- B&W rgn,16.0m,16.0,,Chinese,,allied_2022_W25_ALLIED-Weekly-Market-Report_26_06_2022.pdf,7
2022-06-26,25,SMAX,SUNNY HORIZON,56686,2012,Xiamen Shipbuilding Industry Co Ltd,"CR MAN-B&W CR - 4x35 T, 4x30 T",17.4m,17.4,,undisclosed,"SS/DD due Jun '22, online auction",allied_2022_W25_ALLIED-Weekly-Market-Report_26_06_2022.pdf,7
2022-06-26,25,SMAX,IDC FALCON,55803,2006,"Kawasaki Shipbuilding Corp Kobe HG, Japan","4 X - MAN-B&W CRANES 30,5t high",18.0m,18.0,,Middle Eastern,,allied_2022_W25_ALLIED-Weekly-Market-Report_26_06_2022.pdf,7
2022-06-26,25,SMAX,BAO WEALTH,53591,2005,"Yangzhou Dayang Shipbuilding Co - Yangzhou JS,",4 Ltd MAN-B&W CRANES X 35t,14.8m,14.8,,undisclosed,BWTS novated to Buyers,allied_2022_W25_ALLIED-Weekly-Market-Report_26_06_2022.pdf,7
2022-06-26,25,SMAX,VICJOUR ACE,50209,2001,"Mitsui Eng. & Co. Ltd., Chiba Works - Ichihara,",SB. 4 B&W CRANES X 30t,13.0m,13.0,,Far Eastern,BWTS fitted,allied_2022_W25_ALLIED-Weekly-Market-Report_26_06_2022.pdf,7
2022-06-26,25,HANDY,EVA BULKER,38140,2012,Naikai Zosen Corp Onomichi HS (Innoshima,- 4 MAN-B&W CRANES X 30t,23.0m,23.0,,Greek,"SS/DD due Aug '22 , BWTS fitted",allied_2022_W25_ALLIED-Weekly-Market-Report_26_06_2022.pdf,7
2022-06-26,25,HANDY,CL ANTWERP,33687,2010,"SHANGHAI EAST, China",4 MAN-B&W CRANES X 35t,16.5m,16.5,,undisclosed,,allied_2022_W25_ALLIED-Weekly-Market-Report_26_06_2022.pdf,7
2022-06-26,25,HANDY,VEGA GRANAT,31780,2011,"Fujian Mawei Shipbuilding Ltd Fuzhou FJ, China",4 - Mitsubishi CRANES X 30t,17.5m,17.5,,undisclosed,BWTS fitted,allied_2022_W25_ALLIED-Weekly-Market-Report_26_06_2022.pdf,7
2022-06-26,25,HANDY,PAGONA,27797,1999,"NAIKAI ZOSEN SETODA, Japan",4 B&W CRANES X 30t,10.5m,10.5,,undisclosed,"BWTS fitted, 779 TEU",allied_2022_W25_ALLIED-Weekly-Market-Report_26_06_2022.pdf,7
2022-06-26,25,General,HUANGHAI,28309,2013,Huanghai Shipbuilding Co,"CR Ltd MAN-B&W T, CR",2x200,,,,,allied_2022_W25_ALLIED-Weekly-Market-Report_26_06_2022.pdf,7
2022-06-26,25,Cargo,DEVELOPER,,,- Rongcheng,"SD, 1x45 T",26.0m,26.0,,undisclosed,"OHBC , 1735 TEU",allied_2022_W25_ALLIED-Weekly-Market-Report_26_06_2022.pdf,7
2022-06-26,25,PMAX,ZIM CONSTANZA,,42502010,"Jiangsu Newyangzi Shipbuilding Co - Jingjiang JS, China",Ltd MAN-B&W,low/mid $ 70's mill,,,CMA CGM,,allied_2022_W25_ALLIED-Weekly-Market-Report_26_06_2022.pdf,7
2022-06-26,25,PMAX,EASTAWAY MALMSEY,,34212011,Rongcheng Shenfei Shipbuilding Co - Rongcheng,"3 Ltd Wartsila CRANES,1 SD, X X 45t 35t",65.0m,65.0,,Safeen Feeders,,allied_2022_W25_ALLIED-Weekly-Market-Report_26_06_2022.pdf,7
2022-06-26,25,FEEDER,MOUNT KELLETT,,17302017,"Zhejiang Ouhua Shipbuilding Co - Zhoushan ZJ,",2 Ltd MAN-B&W CRANES X 45t rgn,40.0m,40.0,,CMA CGM,"SS/DD due Jul '22, BWTS fitted 8",allied_2022_W25_ALLIED-Weekly-Market-Report_26_06_2022.pdf,7
2022-07-03,26,SUEZ,NAVION GOTHENBURG,150980,2006,"SAMSUNG HI, Korea",S. MAN-B&W EPOXY,26.0m,26.0,,undisclosed,"BWTS fitted, shuttle tanker",allied_2022_W26_ALLIED-Weekly-Market-Report_03_07_2022.pdf,6
2022-07-03,26,SUEZ,A SYMPHONY,149995,2001,"Sasebo Heavy Industries Co. Ltd. Sasebo, Japan",- B&W,12.8m,12.8,,Chinese,DD due Jul '22,allied_2022_W26_ALLIED-Weekly-Market-Report_03_07_2022.pdf,6
2022-07-03,26,AFRA,KRONVIKEN,114523,2006,"SAMSUNG HI, Korea",S. MAN-B&W,25.0m,25.0,,undisclosed,"ice class 1A, BWTS fitted , cap 1",allied_2022_W26_ALLIED-Weekly-Market-Report_03_07_2022.pdf,6
2022-07-03,26,LR1,UACC IBN SINA,73338,2008,"New Times Shipbuilding Co - Jingjiang JS, China",Ltd MAN-B&W EPOXY,N/A,,,undisclosed,,allied_2022_W26_ALLIED-Weekly-Market-Report_03_07_2022.pdf,6
2022-07-03,26,MR,EXPLORER II,47326,2005,"Onomichi Dockyard Co Ltd - Onomichi HS, Japan",MAN-B&W EPOXY,12.1m,12.1,,undisclosed,"BWTS, DD due",allied_2022_W26_ALLIED-Weekly-Market-Report_03_07_2022.pdf,6
2022-07-03,26,MR,FRESIA,37320,2003,"STX Shipbuilding Co Ltd - Changwon (Jinhae Shipyard),",MAN-B&W S. EPOXY,8.1m,8.1,,undisclosed,"bss Med dely, old sale",allied_2022_W26_ALLIED-Weekly-Market-Report_03_07_2022.pdf,6
2022-07-03,26,CHEM,EBONY RAY,19998,2008,"Ltd - Usuki OT, Japan",MAN-B&W Steel,14.0m,14.0,,Samudera Shipping,"US$ 13,750/day to GSB Tankers",allied_2022_W26_ALLIED-Weekly-Market-Report_03_07_2022.pdf,6
2022-07-03,26,VLOC HANS,OLDENDORFF,209190,2017,Taizhou CATIC Shipbuilding Heavy Industry Ltd,MAN-B&W -,54.0m,54.0,,undisclosed,"SS/DD due Aug '22, scrubber fitted",allied_2022_W26_ALLIED-Weekly-Market-Report_03_07_2022.pdf,6
2022-07-03,26,KMAX,SDTR JULIA,84800,2022,Shanhaiguan Shipbuilding Industry Co Ltd,MAN-B&W -,35.18m,35.18,,undisclosed,"BWTS fitted, eco , online auction, blt month Sep '22",allied_2022_W26_ALLIED-Weekly-Market-Report_03_07_2022.pdf,6
2022-07-03,26,KMAX,THESTELIA K,82108,2009,Tsuneishi Group (Zhoushan) Shipbuilding Inc,MAN-B&W - rgn,23.3m,23.3,,Greek,"BWTS fitted, old sale",allied_2022_W26_ALLIED-Weekly-Market-Report_03_07_2022.pdf,6
2022-07-03,26,PMAX,RUI FU TAI,73870,2002,"Namura Shipbuilding Co - Imari SG, Japan",Ltd B&W low,14.0m,14.0,,undisclosed,"BWTS fitted, bss ppt dely in China",allied_2022_W26_ALLIED-Weekly-Market-Report_03_07_2022.pdf,6
2022-07-03,26,PMAX,CHRISTINA IV,72493,2000,"Sasebo Heavy Industries Co. Ltd. Sasebo, Japan",- B&W,13.0m,13.0,,Middle Eastern,,allied_2022_W26_ALLIED-Weekly-Market-Report_03_07_2022.pdf,6
2022-07-03,26,UMAX,WESTERN SANTOS,63518,2014,Jiangsu Hantong Ship Heavy Industry Co Ltd,4 MAN-B&W CRANES - X 30t,26.4m,26.4,,Jinhui Shipping,BWTS fitted,allied_2022_W26_ALLIED-Weekly-Market-Report_03_07_2022.pdf,6
2022-07-03,26,SMAX,MAMBA POINT,55614,2009,"Mitsui Eng. & Co. Ltd. - Tamano, Japan",SB. 4 MAN-B&W CRANES X 30t rgn,20.3m,20.3,,undisclosed,BWTS fitted,allied_2022_W26_ALLIED-Weekly-Market-Report_03_07_2022.pdf,6
2022-07-03,26,SMAX,MEDI BANGKOK,53466,2006,Imabari Shipbuilding Co - Imabari EH,4 Ltd MAN-B&W CRANES X 31t,17.5m,17.5,,undisclosed,"BWTS fitted, bss dely within Oct '22",allied_2022_W26_ALLIED-Weekly-Market-Report_03_07_2022.pdf,6
2022-07-03,26,HANDY,MILAU BULKER,38173,2012,Naikai Zosen Corp Onomichi HS,- 4 MAN-B&W CRANES X 30t,23.0m,23.0,,Newport Shipping,,allied_2022_W26_ALLIED-Weekly-Market-Report_03_07_2022.pdf,6
2022-07-03,26,Open,DORTHE,,,(Innoshima Qingdao Beihai,4,X 45t,,,,,allied_2022_W26_ALLIED-Weekly-Market-Report_03_07_2022.pdf,6
2022-07-03,26,HANDY,MEGA MAGGIE,31922,2009,"Co Ltd - Hakodate HK, Japan",4 Mitsubishi CRANES X 30t,17.5m,17.5,,LA Maritime,,allied_2022_W26_ALLIED-Weekly-Market-Report_03_07_2022.pdf,6
2022-07-03,26,HANDY LORD,WELLINGTON,31921,2005,"The Hakodate Co Ltd - Hakodate HK, Japan",Dock 4 Mitsubishi CRANES X 30t,14.3m,14.3,,Chinese,,allied_2022_W26_ALLIED-Weekly-Market-Report_03_07_2022.pdf,6
2022-07-03,26,HANDY,SUNRISE,29828,2006,"Shikoku Dockyard Co. Ltd. - Takamatsu, Japan",4 X MAN-B&W Crane,"30,5t N/A",,,undisclosed,,allied_2022_W26_ALLIED-Weekly-Market-Report_03_07_2022.pdf,6
2022-07-03,26,HANDY,ZHE HAI 355,26750,2010,Zhejiang Jiuzhou Shipbuilding Co - Sanmen County,Ltd Pielstick rgn,7.8m,7.8,,Chinese,,allied_2022_W26_ALLIED-Weekly-Market-Report_03_07_2022.pdf,6
2022-07-03,26,HANDY SUNROAD,YATSUKA,24989,2005,Kurinoura Dockyard Co Ltd - Yawatahama,"4 B&W CRANES EH, X 30t rgn/low",11.0m,11.0,,undisclosed,DD due Dec '22 7,allied_2022_W26_ALLIED-Weekly-Market-Report_03_07_2022.pdf,6
2022-07-03,26,LPG,ECO NEBULA,29536,2007,Daewoo Shipbuilding Marine Engineering,"& MAN-B&W 38,197",27.75m,27.75,,Manta Denizcilik,8,allied_2022_W26_ALLIED-Weekly-Market-Report_03_07_2022.pdf,7
2022-07-10,27,VLCC,ELANDRA EVEREST,299999,2020,"HYUNDAI HI, Korea",S. MAN-B&W,95.0m,95.0,,Tsakos,"old sale, bss dely within Sep '22",allied_2022_W27_ALLIED-Weekly-Market-Report_10_07_2022-1.pdf,6
2022-07-10,27,AFRA,ELANDRA ANGEL,115949,2009,"SAMSUNG HI, Korea",S. MAN-B&W EPOXY rgn,33.0m,33.0,,undisclosed,"BWTS fitted, scrubber fitted",allied_2022_W27_ALLIED-Weekly-Market-Report_10_07_2022-1.pdf,6
2022-07-10,27,AFRA,MATTERHORN SPIRIT,114834,2005,Daewoo Shipbuilding Marine Engineering,& MAN-B&W,24.75m,24.75,,undisclosed,"eco, ice class 1A",allied_2022_W27_ALLIED-Weekly-Market-Report_10_07_2022-1.pdf,6
2022-07-10,27,AFRA,MAZA,109571,2005,Dalian New Shipbuilding Heavy Industries Co Ltd,Sulzer - EPOXY,N/A,,,Elite Tankships,old sale,allied_2022_W27_ALLIED-Weekly-Market-Report_10_07_2022-1.pdf,6
2022-07-10,27,LR1,GSS,73072,2000,"SAMSUNG HI, Korea",S. MAN-B&W,N/A,,,Aurora Ship Management,,allied_2022_W27_ALLIED-Weekly-Market-Report_10_07_2022-1.pdf,6
2022-07-10,27,LR1,STENA PARIS,65125,2005,"SPLIT, Croatia",MAN-B&W EPOXY,14.0m,14.0,,Greek,BWTS fitted,allied_2022_W27_ALLIED-Weekly-Market-Report_10_07_2022-1.pdf,6
2022-07-10,27,MR,ELANDRA BLU,50696,2008,"SPP Shipbuilding Co Ltd - Tongyeong,",MAN-B&W S. EPOXY rgn en,37.0m,37.0,,undisclosed,BWTS fitted,allied_2022_W27_ALLIED-Weekly-Market-Report_10_07_2022-1.pdf,6
2022-07-10,27,MR,ELANDRA CORALLO,50607,2008,"SPP Shipbuilding Co Ltd - Tongyeong,",MAN-B&W S. EPOXY,bloc,,,,,allied_2022_W27_ALLIED-Weekly-Market-Report_10_07_2022-1.pdf,6
2022-07-10,27,MR,EASTERN KALMIA,50359,2007,"SLS Shipbuilding Ltd - Tongyeong, Korea",Co S. MAN-B&W EPOXY,14.8m,14.8,,undisclosed,,allied_2022_W27_ALLIED-Weekly-Market-Report_10_07_2022-1.pdf,6
2022-07-10,27,MR,HIGH FIDELITY,49990,2014,"Hyundai-Vinashin Shipyard Co Ltd Ninh Hoa, Vietnam",- MAN-B&W Epoxy Phenolic,19.2m,19.2,,D' Amico International,declaration of purchase option,allied_2022_W27_ALLIED-Weekly-Market-Report_10_07_2022-1.pdf,6
2022-07-10,27,MR,HIGH DISCOVERY,45999,2014,"Hyundai Mipo Dockyard Co Ltd Ulsan, S. Korea",- MAN-B&W Epoxy Phenolic,20.3m,20.3,,D' Amico International,declaration of purchase option,allied_2022_W27_ALLIED-Weekly-Market-Report_10_07_2022-1.pdf,6
2022-07-10,27,CHEM,KIRANA SAPTA,19000,2016,"SETODA, Japan",MAN-B&W EPOXY,20.0m,20.0,,undisclosed,,allied_2022_W27_ALLIED-Weekly-Market-Report_10_07_2022-1.pdf,6
2022-07-10,27,SMALL,DH ADMIRAL,8714,2018,"Nantong Tongbao Shipbuilding Co - Rugao JS, China",Ltd J-ENG Stainless Steel,18.5m,18.5,,undisclosed,via online auction,allied_2022_W27_ALLIED-Weekly-Market-Report_10_07_2022-1.pdf,6
2022-07-10,27,SMALL,DH BLOSSOMING,8703,2018,Nantong Tongbao Shipbuilding Co,Ltd J-ENG Stainless Steel,18.5m,18.5,,,,allied_2022_W27_ALLIED-Weekly-Market-Report_10_07_2022-1.pdf,6
2022-07-10,27,PMAX,HUI XIN 8,92974,2012,"Shipyard Co Ltd Dalian LN, China",- MAN-B&W,22.0m,22.0,,Chinese,"passed, BWTS fitted",allied_2022_W27_ALLIED-Weekly-Market-Report_10_07_2022-1.pdf,6
2022-07-10,27,KMAX,LEDRA,83987,2013,"Hyundai Samho Heavy Industries Co Ltd - Samho,",MAN-B&W S.,28.5m,28.5,,Five Star Shipping,old sale,allied_2022_W27_ALLIED-Weekly-Market-Report_10_07_2022-1.pdf,6
2022-07-10,27,KMAX,OCEAN SCALLION,82215,2013,Dalian Shipbuilding Industry Co Ltd Dalian LN (No,- MAN-B&W 2,23.5m,23.5,,Chinese,"BWTS fitted, tier II 7",allied_2022_W27_ALLIED-Weekly-Market-Report_10_07_2022-1.pdf,6
2022-07-10,27,PMAX XIN,FENG SHANG HAI,,49922005,"HANJIN HI PUSAN, S. Korea",B&W,60.0m,60.0,,undisclosed,,allied_2022_W27_ALLIED-Weekly-Market-Report_10_07_2022-1.pdf,7
2022-07-10,27,LPG,SONOMA SPIRIT,9352,2003,Hudong-Zhonghua Shipbuilding (Group) Co Ltd,"MAN 8,299 -",N/A,,,LX Pantos,incl. TC attached 8,allied_2022_W27_ALLIED-Weekly-Market-Report_10_07_2022-1.pdf,7
2022-07-17,28,VLCC,ECO LEADER,299999,2016,Daewoo Shipbuilding Marine Engineering,& MAN-B&W,82.0m,82.0,,undisclosed,scrubber fitted,allied_2022_W28_ALLIED-Weekly-Market-Report_17_07_2022.pdf,6
2022-07-17,28,SUEZ,TORILL KNUTSEN,123166,2013,"HYUNDAI HI, Korea",S. MAN-B&W,112.0m,112.0,,Japanese,"shuttle tanker, incl. 10 yrs BBB with purchase obligation at the end",allied_2022_W28_ALLIED-Weekly-Market-Report_17_07_2022.pdf,6
2022-07-17,28,AFRA,MANDALA,113553,2006,"SAMSUNG HI,",S.,,,,,,allied_2022_W28_ALLIED-Weekly-Market-Report_17_07_2022.pdf,6
2022-07-17,28,AFRA,GODAM,113553,2006,Korea,en,80.0m,80.0,,,,allied_2022_W28_ALLIED-Weekly-Market-Report_17_07_2022.pdf,6
2022-07-17,28,AFRA,TIMBERWOLF,109647,2008,Dalian Shipbuilding Industry Co Ltd Dalian LN (No,MAN-B&W - 2 EPOXY,bloc,,,United Maritime,,allied_2022_W28_ALLIED-Weekly-Market-Report_17_07_2022.pdf,6
2022-07-17,28,AFRA,THUNDERBOLT,108817,2008,Shanghai Waigaoqiao Shipbuilding Co,Ltd,,,,,,allied_2022_W28_ALLIED-Weekly-Market-Report_17_07_2022.pdf,6
2022-07-17,28,AFRA,SONGA CORAL,107081,2005,Koyo Dockyard Ltd - Mihara Japan,"Co HS, B&W",25.0m,25.0,,undisclosed,BWTS fitted,allied_2022_W28_ALLIED-Weekly-Market-Report_17_07_2022.pdf,6
2022-07-17,28,AFRA,SUPER SAPPHIRE,99876,2009,"HYUNDAI HI, Korea",S. MAN-B&W EPOXY,26.0m,26.0,,S. Korean,BWTS fitted,allied_2022_W28_ALLIED-Weekly-Market-Report_17_07_2022.pdf,6
2022-07-17,28,LR1,BW LARA,73495,2004,"New Century Shipbuilding Co - Jingjiang JS, China",Ltd MAN-B&W EPOXY,13.0m,13.0,,Chemnav,"BWTS fitted, cap I",allied_2022_W28_ALLIED-Weekly-Market-Report_17_07_2022.pdf,6
2022-07-17,28,MR,SUNNY BAY,50661,2008,"SPP Plant & Shipbuilding Co - Sacheon, S. Korea",Ltd MAN-B&W Epoxy Phenolic,17.8m,17.8,,Chinese,BWTS fitted,allied_2022_W28_ALLIED-Weekly-Market-Report_17_07_2022.pdf,6
2022-07-17,28,MR,NEUTRON SONIC,49995,2007,"SPP Shipbuilding Co Ltd - Tongyeong,",SULZER S. EPOXY high,13.0m,13.0,,undisclosed,SS/DD due Sep '22,allied_2022_W28_ALLIED-Weekly-Market-Report_17_07_2022.pdf,6
2022-07-17,28,MR,SEAEXPLORER,39975,2003,Hyundai Mipo Dockyard Co Ltd,- B&W EPOXY,9.1m,9.1,,Turkish,,allied_2022_W28_ALLIED-Weekly-Market-Report_17_07_2022.pdf,6
2022-07-17,28,PMAX,FORTUNE UNION,73729,1998,"Sumitomo Heavy Industries Ltd. Yokosuka Shipyard,",- Sulzer,8.5m,8.5,,undisclosed,BWTS fitted,allied_2022_W28_ALLIED-Weekly-Market-Report_17_07_2022.pdf,6
2022-07-17,28,UMAX,GOLDEN CECILIE,60263,2015,Japan Marine United Corp (JMU),4 CRANES - Wartsila X 30t en,63.0m,63.0,,Chinese,BWTS fitted,allied_2022_W28_ALLIED-Weekly-Market-Report_17_07_2022.pdf,6
2022-07-17,28,UMAX,GOLDEN CATHRINE,60263,2015,"Kure HS, Japan",4 CRANES,bloc X 30t,,,,,allied_2022_W28_ALLIED-Weekly-Market-Report_17_07_2022.pdf,6
2022-07-17,28,SMAX,NEUTRINO,58612,2012,"Kawasaki Heavy Industries Ltd Sakaide KG, Japan","4 X - MAN-B&W CRANES 30,5t",24.3m,24.3,,HTK Shipping & Import Export,"BWTS fitted, old sale , SS/DD due Oct '22",allied_2022_W28_ALLIED-Weekly-Market-Report_17_07_2022.pdf,6
2022-07-17,28,SMAX,SHUN XIN,56933,2010,"COSCO (Zhoushan) Shipyard Co Ltd Zhoushan ZJ, China",4 - MAN-B&W CRANES X 30t,16.8m,16.8,,undisclosed,,allied_2022_W28_ALLIED-Weekly-Market-Report_17_07_2022.pdf,6
2022-07-17,28,SMAX,OREO,55430,2008,"Kawasaki Shipbuilding Corp Kobe HG, Japan","4 X - MAN-B&W CRANES 30,5t",19.4m,19.4,,Greek,BWTS fitted,allied_2022_W28_ALLIED-Weekly-Market-Report_17_07_2022.pdf,6
2022-07-17,28,HMAX,SEA ROSE,45700,1995,"Hashihama Shipbuilding Co - Tadotsu KG, Japan",4 Ltd B&W CRANES X 30t,6.25m,6.25,,Chinese,7,allied_2022_W28_ALLIED-Weekly-Market-Report_17_07_2022.pdf,6
2022-07-17,28,FEEDER,AS SERAFINA,,17132010,"CSBC Corp, Taiwan Keelung, Taiwan",- 2 MAN-B&W CRANES X 40t,33.0m,33.0,,CMA CGM,bss dely due Sep '22,allied_2022_W28_ALLIED-Weekly-Market-Report_17_07_2022.pdf,7
2022-07-17,28,FEEDER,A ROKU,,17082008,Imabari Shipbuilding Co - Imabari EH,Ltd MAN-B&W,30.0m,30.0,,Hai An Transport,,allied_2022_W28_ALLIED-Weekly-Market-Report_17_07_2022.pdf,7
2022-07-17,28,FEEDER,X-PRESS YAMUNA,,11621998,"Stocznia Szczecinska SA Szczecin, Poland",3 - B&W CRANES,X 40t N/A,,,Middle Eastern,,allied_2022_W28_ALLIED-Weekly-Market-Report_17_07_2022.pdf,7
2022-07-17,28,FEEDER,CRYSTAL ARROW,,10202017,Tsuneishi Group (Zhoushan) Shipbuilding Inc,MAN-B&W -,27.0m,27.0,,CMA CGM,BWTS fitted 8,allied_2022_W28_ALLIED-Weekly-Market-Report_17_07_2022.pdf,7
2022-07-24,29,SUEZ,DOLVIKEN,159058,2012,"SAMSUNG HI, Korea",S. MAN-B&W EPOXY,42.5m,42.5,,Advantage Tankers,SS/DD passed,allied_2022_W29_ALLIED-Weekly-Market-Report_24_07_2022.pdf,6
2022-07-24,29,AFRA,BLUE PRIDE,115048,2004,Daewoo Shipbuilding Marine Engineering,& B&W EPOXY,23.0m,23.0,,Undisclosed,"BWTS fitted, DD due Nov '22",allied_2022_W29_ALLIED-Weekly-Market-Report_24_07_2022.pdf,6
2022-07-24,29,AFRA,JAG LYALL,110531,2006,Dalian Shipbuilding Industry Co Ltd Dalian LN (No,- MAN-B&W 1,26.2m,26.2,,Undisclosed,"DD passed, BWTS fitted, scrubber fitted",allied_2022_W29_ALLIED-Weekly-Market-Report_24_07_2022.pdf,6
2022-07-24,29,MR,LARGO SUN,49990,2016,"SPP Shipbuilding Co Ltd - Sacheon, Korea",S. MAN-B&W Epoxy Phenolic,34.6m,34.6,,Greek,"eco, BWTS fitted",allied_2022_W29_ALLIED-Weekly-Market-Report_24_07_2022.pdf,6
2022-07-24,29,MR,PATAGONIAN MYSTIC,49414,2005,"NAIKAI ZOSEN SETODA, Japan",B&W Zinc Silicate,13.8m,13.8,,Undisclosed,"methanol carrier, BWTS fitted",allied_2022_W29_ALLIED-Weekly-Market-Report_24_07_2022.pdf,6
2022-07-24,29,MR,CHALLENGE PHOENIX,47786,2007,"STX Shipbuilding Co Ltd - Changwon (Jinhae Shipyard),",MAN-B&W S. EPOXY,18.0m,18.0,,Greek,BWTS fitted,allied_2022_W29_ALLIED-Weekly-Market-Report_24_07_2022.pdf,6
2022-07-24,29,MR,HAFNIA ROBSON,40014,2004,Saiki Heavy Industries Co Ltd,- Mitsubishi EPOXY,24.0m,24.0,,Beks Shipping,BWTS fitted,allied_2022_W29_ALLIED-Weekly-Market-Report_24_07_2022.pdf,6
2022-07-24,29,MR,HAFNIA ADAMELLO,40002,2004,"Saiki OT, Japan",,,,,,,allied_2022_W29_ALLIED-Weekly-Market-Report_24_07_2022.pdf,6
2022-07-24,29,MR,ATLANTIC SYMPHONY,36684,2009,"Hyundai Mipo Dockyard Co Ltd Ulsan, S. Korea",-,,,,,,allied_2022_W29_ALLIED-Weekly-Market-Report_24_07_2022.pdf,6
2022-07-24,29,MR,ATLANTIC CANYON,36677,2009,"Hyundai Mipo Dockyard Co Ltd Ulsan, S. Korea",- MAN-B&W Epoxy,68.0m,,68.0,Undisclosed,,allied_2022_W29_ALLIED-Weekly-Market-Report_24_07_2022.pdf,6
2022-07-24,29,MR,ATLANTIC SIRIUS,36677,2010,"Hyundai Mipo Dockyard Co Ltd Ulsan, S. Korea",- Phenolic,en bloc,,,,,allied_2022_W29_ALLIED-Weekly-Market-Report_24_07_2022.pdf,6
2022-07-24,29,MR,ATLANTIC JUPITER,36677,2009,Hyundai Mipo Dockyard Co Ltd,-,,,,,,allied_2022_W29_ALLIED-Weekly-Market-Report_24_07_2022.pdf,6
2022-07-24,29,CHEM,RHAEO RAPID,13224,2008,"Co Ltd - Busan, Korea",S. MAN-B&W Phenolic,7.0m,7.0,,Undisclosed,BWTS fitted,allied_2022_W29_ALLIED-Weekly-Market-Report_24_07_2022.pdf,6
2022-07-24,29,PMAX,DAYANG CONFIDENCE,63127,2017,"Yangzhou Dayang Shipbuilding Co - Yangzhou JS,",4 Ltd MAN-B&W CRANES X 35t,30.0m,30.0,,Chinese,"eco, BWTS fitted",allied_2022_W29_ALLIED-Weekly-Market-Report_24_07_2022.pdf,6
2022-07-24,29,PMAX,SOHO MANDATE,61436,2016,DACKS (Dalian COSCO KHI Ship Engineering Co,"4 X MAN-B&W CRANES Ltd) 30,5t",31.0m,31.0,,Chinese,"BWTS fitted, eco",allied_2022_W29_ALLIED-Weekly-Market-Report_24_07_2022.pdf,6
2022-07-24,29,HANDY,NORD MONTREAL,36570,2012,"Onomichi Dockyard Co Ltd - Onomichi HS, Japan","4 X MAN-B&W CRANES 30,5t",22.5m,22.5,,Undisclosed,"SS/DD due Sep '22, ice class 1C",allied_2022_W29_ALLIED-Weekly-Market-Report_24_07_2022.pdf,6
2022-07-24,29,HANDY,JUN DE,34420,2011,SPP Shipbuilding Co Ltd -,"CR MAN-B&W CR 4x35 T, 4x30 T",17.5m,17.5,,Chinese,"bss dely within Oct '22, Tier II",allied_2022_W29_ALLIED-Weekly-Market-Report_24_07_2022.pdf,6
2022-07-24,29,LPG,DL BEGONIA,3650,2006,,"3,447",,,,,,allied_2022_W29_ALLIED-Weekly-Market-Report_24_07_2022.pdf,6
2022-07-24,29,LPG,DL FREESIA,3650,2007,"Shitanoe Shipbuilding Co - Usuki OT, Japan","Ltd Mitsubishi 3,448",N/A,,,Indonesian,,allied_2022_W29_ALLIED-Weekly-Market-Report_24_07_2022.pdf,6
2022-07-24,29,LPG,DL CAMELLIA,3598,2001,,"3,446",,,,,7,allied_2022_W29_ALLIED-Weekly-Market-Report_24_07_2022.pdf,6
2022-07-31,30,VLCC,TINAT,316502,2002,"HYUNDAI HI, Korea",S. B&W,29.5m,29.5,,Far Eastern,,allied_2022_W30_ALLIED-Weekly-Market-Report_31_07_2022.pdf,6
2022-07-31,30,VLCC,KIONI,310389,2004,Imabari Shipbuilding Co - Saijo EH (Saijo,Ltd MAN-B&W,29.5m,29.5,,undisclosed,DD due Aug '22,allied_2022_W30_ALLIED-Weekly-Market-Report_31_07_2022.pdf,6
2022-07-31,30,SUEZ,ASTRO POLARIS,159073,2004,"HYUNDAI HI, Korea",S. B&W,43.0m,,43.0,Sunne Co Ltd,,allied_2022_W30_ALLIED-Weekly-Market-Report_31_07_2022.pdf,6
2022-07-31,30,SUEZ,ASTRO PHOENIX,159055,2004,"HYUNDAI HI, Korea",S. B&W,en bloc,,,,,allied_2022_W30_ALLIED-Weekly-Market-Report_31_07_2022.pdf,6
2022-07-31,30,SUEZ RIDGEBURY,LINDY,146356,2007,"UNIVERSAL TSU, Japan",MAN-B&W,33.0m,33.0,,Stealth Maritime,"ice class 1A, scrubber fitted, BWTS fitted",allied_2022_W30_ALLIED-Weekly-Market-Report_31_07_2022.pdf,6
2022-07-31,30,AFRA STAVANGER,FALCON,105419,2009,"Sumitomo Heavy Industries Marine Engineering Co.,",& MAN-B&W,28.1m,28.1,,undisclosed,,allied_2022_W30_ALLIED-Weekly-Market-Report_31_07_2022.pdf,6
2022-07-31,30,AFRA,ORACLE,105380,2008,"Sumitomo Heavy Industries Marine Engineering Co.,",& MAN-B&W,28.8m,28.8,,undisclosed,,allied_2022_W30_ALLIED-Weekly-Market-Report_31_07_2022.pdf,6
2022-07-31,30,AFRA,PROSPEROUS,105355,2009,"Sumitomo Heavy Industries Marine Engineering Co.,",& MAN-B&W rgn,28.7m,28.7,,undisclosed,,allied_2022_W30_ALLIED-Weekly-Market-Report_31_07_2022.pdf,6
2022-07-31,30,LR1,KARADENIZ POWERSHIP ANATOLIA,72515,2004,"SAMSUNG HI, Korea",S. MAN-B&W EPOXY,13.2m,13.2,,undisclosed,DD due Dec ' 22,allied_2022_W30_ALLIED-Weekly-Market-Report_31_07_2022.pdf,6
2022-07-31,30,MR,GRAND,50129,2008,"SPP Plant & Shipbuilding Co - Sacheon, S. Korea",Ltd MAN-B&W EPOXY,19.5m,19.5,,Vietnamese,"BWTS fitted, CPP, bss prompt delivery",allied_2022_W30_ALLIED-Weekly-Market-Report_31_07_2022.pdf,6
2022-07-31,30,MR,PRIORITY,46847,2005,"NAIKAI ZOSEN SETODA, Japan",B&W EPOXY,13.0m,13.0,,Greek,"BWTS fitted, old sale",allied_2022_W30_ALLIED-Weekly-Market-Report_31_07_2022.pdf,6
2022-07-31,30,MR,STEFANIE,37248,2003,"Hyundai Mipo Dockyard Co Ltd Ulsan, S. Korea",- B&W Epoxy Phenolic,10.8m,10.8,,undisclosed,ice class 1B,allied_2022_W30_ALLIED-Weekly-Market-Report_31_07_2022.pdf,6
2022-07-31,30,MR,BALTIC FAVOUR,37105,2006,"Hyundai Mipo Dockyard Co Ltd Ulsan, S. Korea",- MAN-B&W Epoxy Phenolic,13.8m,13.8,,undisclosed,"BWTS fitted, epoxy coated, ice class 1A, DPP",allied_2022_W30_ALLIED-Weekly-Market-Report_31_07_2022.pdf,6
2022-07-31,30,CHEM,PERSEVERANCE,12267,2019,"Hashihama, Imabari, Japan",MAN-B&W Steel,N/A,,,undisclosed,"BWTS fitted, StSt",allied_2022_W30_ALLIED-Weekly-Market-Report_31_07_2022.pdf,6
2022-07-31,30,PROD/,TIGER RELIANCE,12259,2018,Shin Kurushima Dockyard Co. Ltd.,- MAN-B&W Stainless,,,,,,allied_2022_W30_ALLIED-Weekly-Market-Report_31_07_2022.pdf,6
2022-07-31,30,SMALL,LEFTERIS,4972,1997,"Qiuxin Shipyard Shanghai, China",- MaK EPOXY,3.1m,3.1,,undisclosed,,allied_2022_W30_ALLIED-Weekly-Market-Report_31_07_2022.pdf,6
2022-07-31,30,PMAX,BONANZA YR,76465,2006,"Tsuneishi Corp Fukuyama HS, Japan",- MAN-B&W,16.5m,16.5,,Chinese,"BWTS fitted, bss dely within Sep/Oct '222",allied_2022_W30_ALLIED-Weekly-Market-Report_31_07_2022.pdf,6
2022-07-31,30,PMAX,KRITON,73975,2003,"Hyundai Samho Heavy Industries Co Ltd - Samho,",B&W S.,15.0m,15.0,,undisclosed,,allied_2022_W30_ALLIED-Weekly-Market-Report_31_07_2022.pdf,6
2022-07-31,30,SMAX,SOPHIA K,55612,2011,"Mitsui Eng. & Co. Ltd. - Tamano, Japan",SB. 4 MAN-B&W CRANES X 30t,22.9m,22.9,,U. A. E. Based,BWTS fitted,allied_2022_W30_ALLIED-Weekly-Market-Report_31_07_2022.pdf,6
2022-07-31,30,SMAX,DENALI,53800,2009,"JINGJIANG TRAFFIC, China",4 MAN-B&W CRANES X 36t,16.0m,16.0,,undisclosed,,allied_2022_W30_ALLIED-Weekly-Market-Report_31_07_2022.pdf,6
2022-07-31,30,SMAX,CRETE TRADER,53428,2009,"Zhejiang Shipbuilding Co - Fenghua ZJ, China",4 Ltd MAN-B&W CRANES X 35t,15.9m,15.9,,Middle Eastern,BWTS fitted 7,allied_2022_W30_ALLIED-Weekly-Market-Report_31_07_2022.pdf,6
2022-07-31,30,HANDY,MISS SIMONA,34529,2010,"SPP Shipbuilding Co Ltd - Tongyeong,",4 MAN-B&W CRANES S. X 35t,16.8m,16.8,,undisclosed,BWTS fitted,allied_2022_W30_ALLIED-Weekly-Market-Report_31_07_2022.pdf,7
2022-07-31,30,HANDY,MARIA L,28404,1998,"The Hakodate Co Ltd - Hakodate HK, Japan","Dock 4 X B&W CRANES 30,5t",7.3m,7.3,,Syrian,,allied_2022_W30_ALLIED-Weekly-Market-Report_31_07_2022.pdf,7
2022-07-31,30,HANDY,GLOBAL AQUARIUS,28328,2010,Imabari Shipbuilding Co - Imabari EH,"4 X Ltd MAN-B&W CRANES 30,5t",14.8m,14.8,,Vietnamese,BWTS fitted,allied_2022_W30_ALLIED-Weekly-Market-Report_31_07_2022.pdf,7
2022-07-31,30,HANDY,A RACER,26467,1996,Guangzhou Shipyard,4 B&W CRANES X 30t,6.8m,6.8,,Middle Eastern,BWTS fitted,allied_2022_W30_ALLIED-Weekly-Market-Report_31_07_2022.pdf,7
2022-07-31,30,PMAX,JUDITH SCHULTE,,94032013,"Industry Co Ltd Shanghai, China",MAN-B&W -,260.0m,260.0,,undisclosed,,allied_2022_W30_ALLIED-Weekly-Market-Report_31_07_2022.pdf,7
2022-07-31,30,PMAX,CAP CAPRICORN,,38842013,"Zhejiang Shipbuilding Co - Fenghua ZJ, China",Ltd MAN-B&W,75.0m,75.0,,CMA-CGM,,allied_2022_W30_ALLIED-Weekly-Market-Report_31_07_2022.pdf,7
2022-07-31,30,FEEDER,A KIBO,,17082008,Imabari Shipbuilding Co - Imabari EH,Ltd MAN-B&W,30.0m,30.0,,undisclosed,,allied_2022_W30_ALLIED-Weekly-Market-Report_31_07_2022.pdf,7
2022-07-31,30,FEEDER CARIBBEAN,EXPRESS,,17062007,"Aker MTW Werft GmbH - Wismar, Germany",3 MAN CRANES X 45t,30.1m,30.1,,undisclosed,,allied_2022_W30_ALLIED-Weekly-Market-Report_31_07_2022.pdf,7
2022-07-31,30,FEEDER,HARBOUR EXPRESS,,5601998,Watanabe Zosen KK - Imabari,"2 EH, B&W CRANES X 36t",10.0m,10.0,,undisclosed,,allied_2022_W30_ALLIED-Weekly-Market-Report_31_07_2022.pdf,7
2022-07-31,30,LPG,G. SYMPHONY,54867,2011,"Mitsubishi Heavy Industries Ltd. Nagasaki, Japan","- Mitsubishi 81,608",53.5m,53.5,,U. A. E. Based,"BWTS fitted, scrubber fitted",allied_2022_W30_ALLIED-Weekly-Market-Report_31_07_2022.pdf,7
2022-07-31,30,LPG GLOBAL,CAPRICORN,53208,2005,Daewoo Shipbuilding Marine Engineering,"& Sulzer 77,105",43.0m,43.0,,Hong Kong Based,BWTS fitted 8,allied_2022_W30_ALLIED-Weekly-Market-Report_31_07_2022.pdf,7
2022-08-07,31,VLCC,MARAN ANDROMEDA,320472,2005,Daewoo Shipbuilding Marine Engineering,& MAN-B&W low,37.0m,37.0,,Singaporean,"BWTS fitted, scrubber fitted, cap I",allied_2022_W31_ALLIED-Weekly-Market-Report_07_08_2022_compressed.pdf,6
2022-08-07,31,SUEZ,RIDGEBURY NICHOLAS A,159395,2007,Universal Shipbuilding Corp Nagasu KM (Ariake,- MAN-B&W,N/A,,,undisclosed,,allied_2022_W31_ALLIED-Weekly-Market-Report_07_08_2022_compressed.pdf,6
2022-08-07,31,SUEZ,SPM STRENGTH,159314,2002,"HYUNDAI HI, Korea",S. MAN-B&W,17.5m,17.5,,Chinese,,allied_2022_W31_ALLIED-Weekly-Market-Report_07_08_2022_compressed.pdf,6
2022-08-07,31,AFRA,STRIDE,105369,2009,"HYUNDAI HI, Korea",S. MAN-B&W rgn,32.5m,32.5,,undisclosed,"ice class 1C, bss ppt delivery in Cont-Med",allied_2022_W31_ALLIED-Weekly-Market-Report_07_08_2022_compressed.pdf,6
2022-08-07,31,AFRA,BARONESS,105335,2011,"Sumitomo Heavy Industries Marine Engineering Co.,",& MAN-B&W,rgn mid $ 30's mill,,,undisclosed,BWTS fitted,allied_2022_W31_ALLIED-Weekly-Market-Report_07_08_2022_compressed.pdf,6
2022-08-07,31,LR1,ARCTIC CHAR,74996,2008,"SPLIT, Croatia",MAN-B&W Epoxy Phenolic,40.0m,,40.0,undisclosed,ice class 1A,allied_2022_W31_ALLIED-Weekly-Market-Report_07_08_2022_compressed.pdf,6
2022-08-07,31,LR1,ARCTIC FLOUNDER,74925,2009,"SPLIT, Croatia",MAN-B&W EPOXY,en bloc,,,,,allied_2022_W31_ALLIED-Weekly-Market-Report_07_08_2022_compressed.pdf,6
2022-08-07,31,LR1,ALPINE PENELOPE,74401,2008,Sungdong Shipbuilding Marine Engineering,& MAN-B&W EPOXY,21.0m,21.0,,Turkish,,allied_2022_W31_ALLIED-Weekly-Market-Report_07_08_2022_compressed.pdf,6
2022-08-07,31,MR,ORWELL,51745,2010,"Hyundai Mipo Dockyard Co Ltd Ulsan, S. Korea",- MAN-B&W Epoxy Phenolic,25.0m,25.0,,United Overseas Group,BWTS fitted,allied_2022_W31_ALLIED-Weekly-Market-Report_07_08_2022_compressed.pdf,6
2022-08-07,31,MR,RIDGEBURY ROSEMARY E,50261,2009,"SPP Plant & Shipbuilding Co - Sacheon, S. Korea",Ltd MAN-B&W EPOXY,,,,,,allied_2022_W31_ALLIED-Weekly-Market-Report_07_08_2022_compressed.pdf,6
2022-08-07,31,MR,RIDGEBURY ALEXANDRA,50250,2009,"SPP Plant & Shipbuilding Co - Sacheon, S. Korea",Ltd MAN-B&W EPOXY en bloc,66.0m,,66.0,Turkish,bss dely within Sep '22,allied_2022_W31_ALLIED-Weekly-Market-Report_07_08_2022_compressed.pdf,6
2022-08-07,31,MR RIDGEBURY,CINDY,50162,2009,"SPP Plant & Shipbuilding Co - Sacheon, S. Korea",Ltd MAN-B&W EPOXY,,,,,,allied_2022_W31_ALLIED-Weekly-Market-Report_07_08_2022_compressed.pdf,6
2022-08-07,31,MR,ESTHER,36990,2005,Hyundai Mipo Dockyard Co Ltd,- MAN-B&W EPOXY,11.5m,11.5,,Greek,bss dely within Dec '22,allied_2022_W31_ALLIED-Weekly-Market-Report_07_08_2022_compressed.pdf,6
2022-08-07,31,UMAX,NAUTICAL ANNE,63593,2016,Jiangsu New Hantong Ship Heavy Industry,4 MAN-B&W CRANES Co X 30t,31.0m,31.0,,undisclosed,on subs,allied_2022_W31_ALLIED-Weekly-Market-Report_07_08_2022_compressed.pdf,6
2022-08-07,31,SMAX,TERESA OETKER,58018,2010,"Yangzhou Dayang Shipbuilding Co - Yangzhou JS,",4 Ltd MAN-B&W CRANES X 35t,17.5m,17.5,,undisclosed,BWTS fitted,allied_2022_W31_ALLIED-Weekly-Market-Report_07_08_2022_compressed.pdf,6
2022-08-07,31,SMAX,JIA HUI SHAN,56611,2011,China Shipping Industry (Jiangsu) Co Ltd - Jiangdu,"4 MAN-B&W CRANES JS, X 30t",17.8m,17.8,,undisclosed,"BWTS fitted, DD due Dec '22, old sale 7",allied_2022_W31_ALLIED-Weekly-Market-Report_07_08_2022_compressed.pdf,6
2022-08-07,31,PMAX,NORTHERN DECISION,,35342008,"Shanghai Shipyard Co Ltd - Shanghai, China",MAN-B&W,44.0m,44.0,,MSC,,allied_2022_W31_ALLIED-Weekly-Market-Report_07_08_2022_compressed.pdf,7
2022-08-07,31,FEEDER,ENDURANCE,,7502005,Daewoo-Mangalia Heavy Industries,MaK,8.0m,8.0,,Turkish,,allied_2022_W31_ALLIED-Weekly-Market-Report_07_08_2022_compressed.pdf,7
2022-08-07,31,LNG,METHANE SHIRLEY ELISABETH,78997,2007,"SAMSUNG HI, Korea","S. Kawasaki 142,100",54.0m,54.0,,undisclosed,,allied_2022_W31_ALLIED-Weekly-Market-Report_07_08_2022_compressed.pdf,7
2022-08-07,31,LPG,BASTOGNE,26616,2002,"HYUNDAI HI, Korea","S. MAN-B&W 34,861 rgn",19.0m,19.0,,undisclosed,BWTS fitted 8,allied_2022_W31_ALLIED-Weekly-Market-Report_07_08_2022_compressed.pdf,7
2022-08-21,32,VLCC,C. GUARDIAN,300300,2019,Daewoo Shipbuilding Marine Engineering,& MAN-B&W,98.0m,98.0,,HMM,"bss DD due Oct '22, BWTS fitted, scrubber fitted",allied_2022_W32_ALLIED-Weekly-Market-Report_21_08_2022_compressed.pdf,6
2022-08-21,32,SUEZ,ATINA,159500,2015,Bohai Shipbuilding Heavy Industry Ltd - Huludao China,"Co MAN-B&W LN,",,,,,,allied_2022_W32_ALLIED-Weekly-Market-Report_21_08_2022_compressed.pdf,6
2022-08-21,32,SUEZ,ISTANBUL,159500,2015,Bohai Shipbuilding Heavy Industry Ltd - Huludao China,"Co MAN-B&W LN, en bloc",222.5m,,222.5,SFL,"eco, scrubber fitted, incl. 6 year TC attached to Koch",allied_2022_W32_ALLIED-Weekly-Market-Report_21_08_2022_compressed.pdf,6
2022-08-21,32,SUEZ,ZEYNEP,158060,2020,"HYUNDAI HI, Korea",S. MAN-B&W,,,,,Industries,allied_2022_W32_ALLIED-Weekly-Market-Report_21_08_2022_compressed.pdf,6
2022-08-21,32,SUEZ,AYSE C,158060,2020,"HYUNDAI HI, Korea",S. MAN-B&W,,,,,,allied_2022_W32_ALLIED-Weekly-Market-Report_21_08_2022_compressed.pdf,6
2022-08-21,32,SUEZ RIDGEBURY,LESSLEY,158319,2013,"SAMSUNG HI, Korea",S. MAN-B&W,45.0m,45.0,,Thenamaris,,allied_2022_W32_ALLIED-Weekly-Market-Report_21_08_2022_compressed.pdf,6
2022-08-21,32,SUEZ,RIDGEBURY MARY SELENA,146427,2006,"UNIVERSAL TSU, Japan",MAN-B&W,31.0m,31.0,,Westport,BWTS fitted,allied_2022_W32_ALLIED-Weekly-Market-Report_21_08_2022_compressed.pdf,6
2022-08-21,32,AFRA,ALPINE AMALIA,105304,2010,"HYUNDAI HI, Korea",S. MAN-B&W EPOXY,36.5m,36.5,,undisclosed,"BWTS fitted, Scrubber fitted",allied_2022_W32_ALLIED-Weekly-Market-Report_21_08_2022_compressed.pdf,6
2022-08-21,32,LR1,INCA,68439,2003,Koyo Dockyard Ltd - Mihara Japan,"Co HS, B&W EPOXY",13.0m,13.0,,undisclosed,,allied_2022_W32_ALLIED-Weekly-Market-Report_21_08_2022_compressed.pdf,6
2022-08-21,32,MR,DEE4 DOGWOOD,47399,2008,"Onomichi Dockyard Co Ltd - Onomichi HS, Japan",MAN-B&W EPOXY rgn,44.0m,,44.0,undisclosed,BWTS fitted,allied_2022_W32_ALLIED-Weekly-Market-Report_21_08_2022_compressed.pdf,6
2022-08-21,32,MR,DEE4 CEDAR,45994,2010,"Shin Kurushima Dockyard Co. Ltd. Onishi, Japan",- MAN-B&W EPOXY,en bloc,,,,,allied_2022_W32_ALLIED-Weekly-Market-Report_21_08_2022_compressed.pdf,6
2022-08-21,32,MR,RIDGEBURY SATURN,47128,2007,"Hyundai Mipo Dockyard Co Ltd Ulsan, S. Korea",- MAN-B&W EPOXY rgn,18.0m,18.0,,Greek,,allied_2022_W32_ALLIED-Weekly-Market-Report_21_08_2022_compressed.pdf,6
2022-08-21,32,MR,TORM MOSELLE,47024,2003,"Onomichi Dockyard Co Ltd - Onomichi HS, Japan",B&W EPOXY,N/A,,,undisclosed,old sale,allied_2022_W32_ALLIED-Weekly-Market-Report_21_08_2022_compressed.pdf,6
2022-08-21,32,MR,ENERGY PATRIOT,46606,2008,Sungdong Shipbuilding Marine Engineering,& MAN-B&W Epoxy Phenolic,19.8m,19.8,,undisclosed,on order BWTS fitted novated at cost,allied_2022_W32_ALLIED-Weekly-Market-Report_21_08_2022_compressed.pdf,6
2022-08-21,32,MR,CROWN II,46159,2003,"STX Shipbuilding Co Ltd - Changwon (Jinhae Shipyard),",MAN-B&W S. EPOXY,N/A,,,undisclosed,,allied_2022_W32_ALLIED-Weekly-Market-Report_21_08_2022_compressed.pdf,6
2022-08-21,32,MR,GULF MISHREF,46089,2010,"SLS Shipbuilding Ltd - Tongyeong, Korea",Co S. MAN-B&W EPOXY,,,,,,allied_2022_W32_ALLIED-Weekly-Market-Report_21_08_2022_compressed.pdf,6
2022-08-21,32,MR,GULF HUWAYLAT,45967,2008,"Hyundai Mipo Dockyard Co Ltd Ulsan, S. Korea",- MAN-B&W Zinc Silicate,,,,,,allied_2022_W32_ALLIED-Weekly-Market-Report_21_08_2022_compressed.pdf,6
2022-08-21,32,MR,GULF DEFFI,45951,2009,"Hyundai Mipo Dockyard Co Ltd Ulsan, S. Korea",- MAN-B&W Zinc Silicate,N/A,,,Jiangsu Financial Leasing,,allied_2022_W32_ALLIED-Weekly-Market-Report_21_08_2022_compressed.pdf,6
2022-08-21,32,MR,GULF FANATIR,45920,2008,"Hyundai Mipo Dockyard Co Ltd Ulsan, S. Korea",- MAN-B&W Zinc Silicate,,,,,,allied_2022_W32_ALLIED-Weekly-Market-Report_21_08_2022_compressed.pdf,6
2022-08-21,32,MR,GULF JALMUDA,45907,2009,"Hyundai Mipo Dockyard Co Ltd Ulsan, S. Korea",- MAN-B&W Zinc Silicate,,,,,7,allied_2022_W32_ALLIED-Weekly-Market-Report_21_08_2022_compressed.pdf,6
2022-08-21,32,MR,FURANO GALAXY,25357,2020,"Kitanihon Shipbuilding Co - Hachinohe, Japan",Ltd MAN-B&W Stainless Steel,N/A,,,SBI Leasing Services,BBBack,allied_2022_W32_ALLIED-Weekly-Market-Report_21_08_2022_compressed.pdf,7
2022-08-21,32,MR,NISEKO GALAXY,25289,2020,Kitanihon Shipbuilding Co,Ltd MAN-B&W Stainless Steel,,,,,,allied_2022_W32_ALLIED-Weekly-Market-Report_21_08_2022_compressed.pdf,7
2022-08-21,32,UMAX,STH ATHENS,60508,2015,"Mitsui Eng. & Co. Ltd., Chiba Works - Ichihara, Japan",SB. 4 MAN-B&W CRANES,X 30t,,,,,allied_2022_W32_ALLIED-Weekly-Market-Report_21_08_2022_compressed.pdf,7
2022-08-21,32,UMAX,STH CHIBA,60456,2017,"Mitsui Eng. & Co. Ltd., Chiba Works - Ichihara, Japan",SB. 4 MAN-B&W CRANES,X 30t,,,,,allied_2022_W32_ALLIED-Weekly-Market-Report_21_08_2022_compressed.pdf,7
2022-08-21,32,UMAX,STH LONDON,60446,2015,"Mitsui Eng. & Co. Ltd., Chiba Works - Ichihara, Japan",SB. 4 MAN-B&W CRANES,X 30t,,,,,allied_2022_W32_ALLIED-Weekly-Market-Report_21_08_2022_compressed.pdf,7
2022-08-21,32,UMAX,STH OSLO,60404,2018,"Mitsui Eng. & Co. Ltd. - Tamano, Japan",SB. 4 MAN-B&W CRANES X 30t,330.0m,,330.0,Diana Shipping,"eco, cash & shares deal, US$ 220 mill cash & US$",allied_2022_W32_ALLIED-Weekly-Market-Report_21_08_2022_compressed.pdf,7
2022-08-21,32,UMAX,STH MONTREAL,60362,2018,"Mitsui Eng. & Co. Ltd. - Tamano, Japan",SB. 4 MAN-B&W CRANES,en bloc X 30t,,,,110 mill in newly issued shares,allied_2022_W32_ALLIED-Weekly-Market-Report_21_08_2022_compressed.pdf,7
2022-08-21,32,UMAX,STH NEW YORK,60309,2015,"Japan Marine United Corp (JMU) Kure HS, Japan",4 - Wartsila CRANES,X 30t,,,,,allied_2022_W32_ALLIED-Weekly-Market-Report_21_08_2022_compressed.pdf,7
2022-08-21,32,UMAX,STH SYDNEY,60309,2016,"Japan Marine United Corp (JMU) Kure HS, Japan",4 - Wartsila CRANES,X 30t,,,,,allied_2022_W32_ALLIED-Weekly-Market-Report_21_08_2022_compressed.pdf,7
2022-08-21,32,UMAX,STH TOKYO,60309,2016,"Japan Marine United Corp (JMU) Kure HS, Japan",4 - Wartsila CRANES,X 30t,,,,,allied_2022_W32_ALLIED-Weekly-Market-Report_21_08_2022_compressed.pdf,7
2022-08-21,32,UMAX,STH KURE,60309,2016,"Japan Marine United Corp (JMU) Kure HS, Japan",4 - Wartsila CRANES,X 30t,,,,,allied_2022_W32_ALLIED-Weekly-Market-Report_21_08_2022_compressed.pdf,7
2022-08-21,32,SMAX,NATHAN BRANDON,56489,2013,Huatai Heavy Industry (Nantong) Co Ltd - Rugao,"4 MAN-B&W CRANES JS, X 36t",18.7m,18.7,,Densay Denizcilik ve Ticaret,BWTS fitted,allied_2022_W32_ALLIED-Weekly-Market-Report_21_08_2022_compressed.pdf,7
2022-08-21,32,ZHONG,LIANG DONG,,,Shin Kurushima,4 X,"30,5t",,,,,allied_2022_W32_ALLIED-Weekly-Market-Report_21_08_2022_compressed.pdf,7
2022-08-21,32,SMAX,NAN,52551,2001,"Dockyard Co. Ltd. Onishi, Japan",- Mitsubishi CRANES,11.4m,11.4,,Chinese,online auction,allied_2022_W32_ALLIED-Weekly-Market-Report_21_08_2022_compressed.pdf,7
2022-08-21,32,HANDY,PRETTY TEAM,35200,2013,Nantong Changqingsha Shipyard - Rugao,4 X MAN-B&W CRANES,"30,5t N/A",,,undisclosed,,allied_2022_W32_ALLIED-Weekly-Market-Report_21_08_2022_compressed.pdf,7
2022-08-21,32,HANDY,FW ADVENTURER,34487,2019,"The Hakodate Co Ltd - Hakodate HK, Japan",Dock 4 MAN-B&W CRANES X 30t,28.3m,28.3,,undisclosed,"eco, BWTS fitted",allied_2022_W32_ALLIED-Weekly-Market-Report_21_08_2022_compressed.pdf,7
2022-08-21,32,HANDY,DEM FIVE,31842,2002,"The Hakodate Co Ltd - Hakodate HK, Japan",Dock 4 Mitsubishi CRANES X 30t,11.0m,11.0,,Middle Eastern,,allied_2022_W32_ALLIED-Weekly-Market-Report_21_08_2022_compressed.pdf,7
2022-08-21,32,HANDY,BISCAYNE LIGHT,24341,1997,"Saiki Heavy Industries Co Ltd Saiki OT, Japan",4 - Mitsubishi CRANES,X 30t N/A,,,undisclosed,,allied_2022_W32_ALLIED-Weekly-Market-Report_21_08_2022_compressed.pdf,7
2022-08-21,32,SMALL,SEBAT,18315,1997,"Shikoku Dockyard Co. Ltd. - Takamatsu, Japan",3 B&W CRANES X 30t,6.7m,6.7,,Middle Eastern,BWTS fitted 8,allied_2022_W32_ALLIED-Weekly-Market-Report_21_08_2022_compressed.pdf,7
2022-08-21,32,PMAX NORTHERN,PRELUDE,,46162009,Daewoo Shipbuilding Marine Engineering,& MAN-B&W,65.0m,65.0,,MSC,bss DD due Oct ' 22,allied_2022_W32_ALLIED-Weekly-Market-Report_21_08_2022_compressed.pdf,8
2022-08-21,32,FEEDER,KALLIROE,,17402011,Guangzhou Wenchong Shipyard Co Ltd - Guangzhou,2 MAN-B&W CRANES X 45t,35.4m,35.4,,undisclosed,,allied_2022_W32_ALLIED-Weekly-Market-Report_21_08_2022_compressed.pdf,8
2022-08-21,32,FEEDER,MARINE TARABA,,17082008,Imabari Shipbuilding Co - Imabari EH,3 Ltd MAN-B&W CRANES X 40t,28.0m,28.0,,undisclosed,BWTS fitted,allied_2022_W32_ALLIED-Weekly-Market-Report_21_08_2022_compressed.pdf,8
2022-08-21,32,FEEDER,ASIATIC REUNION,,10492008,"DAESUN, S. Korea",MAN-B&W,18.5m,18.5,,Far Eastern,9,allied_2022_W32_ALLIED-Weekly-Market-Report_21_08_2022_compressed.pdf,8
2022-08-28,34,VLCC,DHT EDELWEISS,301021,2008,Daewoo Shipbuilding Marine Engineering,& MAN-B&W EPOXY,37.0m,37.0,,undisclosed,,allied_2022_W34_ALLIED-Weekly-Market-Report_28_08_2022_compressed.pdf,6
2022-08-28,34,VLCC,TSURUSAKI,300838,2002,"IHI Marine United Inc - Kure HS, Japan",Sulzer,31.6m,31.6,,undisclosed,old sale,allied_2022_W34_ALLIED-Weekly-Market-Report_28_08_2022_compressed.pdf,6
2022-08-28,34,VLCC,G.DREAM,299288,2022,"Hyundai Samho Heavy Industries Co Ltd - Samho,",MAN-B&W S.,108.0m,108.0,,Hyundai Merchant Marine,,allied_2022_W34_ALLIED-Weekly-Market-Report_28_08_2022_compressed.pdf,6
2022-08-28,34,SUEZ,DROGIN,166468,2007,Korea,MAN-B&W,28.8m,28.8,,Greek,SS/DD due within Oct '22,allied_2022_W34_ALLIED-Weekly-Market-Report_28_08_2022_compressed.pdf,6
2022-08-28,34,SUEZ,AKSTA,159460,2003,"Hyundai Samho Heavy Industries Co Ltd - Samho,",MAN-B&W S. EPOXY rgn,18.0m,18.0,,undisclosed,epoxy coated,allied_2022_W34_ALLIED-Weekly-Market-Report_28_08_2022_compressed.pdf,6
2022-08-28,34,AFRA,IMPERIA,114849,2006,"SAMSUNG HI, Korea",S. MAN-B&W,31.5m,31.5,,Middle Eastern,"BWTS fitted, scrubber fitted, ice class 1A, bss dely within Sept-Oct '22",allied_2022_W34_ALLIED-Weekly-Market-Report_28_08_2022_compressed.pdf,6
2022-08-28,34,AFRA,LIONHEART,109672,2008,"Dalian Shipbuilding Industry Co Ltd Dalian LN (No Yard), China",- Wartsila 2 EPOXY,N/A,,,undisclosed,,allied_2022_W34_ALLIED-Weekly-Market-Report_28_08_2022_compressed.pdf,6
2022-08-28,34,AFRA,MAERSK PENGUIN,109647,2007,"Dalian Shipbuilding Industry Co Ltd Dalian LN (No Yard), China",- Wartsila 2 EPOXY,,,,,,allied_2022_W34_ALLIED-Weekly-Market-Report_28_08_2022_compressed.pdf,6
2022-08-28,34,AFRA,ARGO,105188,2009,"HYUNDAI HI, Korea",S. MAN-B&W EPOXY,33.8m,33.8,,Dubai,"bss dely within the end of '22, BWTS fitted, DPP",allied_2022_W34_ALLIED-Weekly-Market-Report_28_08_2022_compressed.pdf,6
2022-08-28,34,MR GOTLAND,CAROLINA,53160,2006,Guangzhou Shipyard International Co,Wartsila Ltd Epoxy Phenolic,18.5m,18.5,,Norwegian,BWTS fitted,allied_2022_W34_ALLIED-Weekly-Market-Report_28_08_2022_compressed.pdf,6
2022-08-28,34,MR,ALKAIOS,50137,2016,Samsung Heavy Industries (Ningbo) Co Ltd - Ningbo China,"Wartsila ZJ, Epoxy Phenolic",en bloc,,,Tufton Oceanic,"BWTS fitted, ice class 1A,",allied_2022_W34_ALLIED-Weekly-Market-Report_28_08_2022_compressed.pdf,6
2022-08-28,34,MR,ARCHON,50100,2016,Samsung Heavy Industries (Ningbo) Co Ltd - Ningbo China,"WinGD ZJ, Epoxy Phenolic",73.0m,73.0,,,IMO II,allied_2022_W34_ALLIED-Weekly-Market-Report_28_08_2022_compressed.pdf,6
2022-08-28,34,MR,FSL SINGAPORE,47470,2006,"Hyundai Mipo Dockyard Co Ltd Ulsan, S. Korea",- MAN-B&W EPOXY PHEN,18.0m,18.0,,undisclosed,"BWTS fitted, ice class 1A",allied_2022_W34_ALLIED-Weekly-Market-Report_28_08_2022_compressed.pdf,6
2022-08-28,34,MR,GLENDA MERYL,47251,2011,"Hyundai Mipo Dockyard Co Ltd Ulsan, S. Korea",- MAN-B&W Epoxy Phenolic,,,,,,allied_2022_W34_ALLIED-Weekly-Market-Report_28_08_2022_compressed.pdf,6
2022-08-28,34,MR,GLENDA MELODY,47238,2011,"Hyundai Mipo Dockyard Co Ltd Ulsan, S. Korea",- MAN-B&W Epoxy Phenolic,en bloc,,,d'Amico Tankers,d'Amico is purchasing the 50% share of their J/V,allied_2022_W34_ALLIED-Weekly-Market-Report_28_08_2022_compressed.pdf,6
2022-08-28,34,MR,GLENDA MELISSA,47203,2011,"Hyundai Mipo Dockyard Co Ltd Ulsan, S. Korea",- MAN-B&W Epoxy Phenolic,109.6m,,109.6,,partner based on the reported price,allied_2022_W34_ALLIED-Weekly-Market-Report_28_08_2022_compressed.pdf,6
2022-08-28,34,MR,GLENDA MELANIE,47162,2010,"Hyundai Mipo Dockyard Co Ltd Ulsan, S. Korea",- MAN-B&W Epoxy Phenolic,,,,,,allied_2022_W34_ALLIED-Weekly-Market-Report_28_08_2022_compressed.pdf,6
2022-08-28,34,MR,AGNES VICTORY,47122,2004,"Uljanik' Brodogradiliste Pula, Croatia",dd - B&W EPOXY,17.0m,17.0,,Chinese,BWTS fitted,allied_2022_W34_ALLIED-Weekly-Market-Report_28_08_2022_compressed.pdf,6
2022-08-28,34,MR,GENNARO IEVOLI,27912,2002,"Cant. Nav. Fratelli Orlando Srl Livorno, Italy",- Wartsila Stainless Steel,13.5m,13.5,,undisclosed,BWTS fitted,allied_2022_W34_ALLIED-Weekly-Market-Report_28_08_2022_compressed.pdf,6
2022-08-28,34,PROD/,MTM TOKYO,20857,2003,Kitanihon Shipbuilding Co,Ltd Mitsubishi Stainless,10.5m,10.5,,undisclosed,,allied_2022_W34_ALLIED-Weekly-Market-Report_28_08_2022_compressed.pdf,6
2022-08-28,34,CAPE,NEW ORLEANS,180960,2015,"Shanghai Waigaoqiao Shipbuilding Co - Shanghai, China",MAN-B&W Ltd,en bloc,,,Japanese,"BWTS fitted, eco, incl. 8 year BBBack, incl. purchase",allied_2022_W34_ALLIED-Weekly-Market-Report_28_08_2022_compressed.pdf,7
2022-08-28,34,CAPE,SANTA BARBARA,179492,2015,"Qingdao Beihai Shipbuilding Heavy Industry Co Ltd Qingdao SD, China",MAN-B&W -,66.4m,66.4,,,option beginning at the end of the third year,allied_2022_W34_ALLIED-Weekly-Market-Report_28_08_2022_compressed.pdf,7
2022-08-28,34,SMAX,CLARKE QUAY,55618,2010,"Hyundai-Vinashin Shipyard Co Ltd Ninh Hoa, Vietnam",4 - MAN-B&W CRANES X 30t,17.0m,17.0,,Pangea Logistics,,allied_2022_W34_ALLIED-Weekly-Market-Report_28_08_2022_compressed.pdf,7
2022-08-28,34,HMAX,BEI LUN 6,43665,1989,"Tsuneishi Shipbuilding Co - Fukuyama HS,",4 Ltd B&W CRANES X 30t,3.5m,3.5,,Chinese,online auction,allied_2022_W34_ALLIED-Weekly-Market-Report_28_08_2022_compressed.pdf,7
2022-08-28,34,HANDY,AFRICA PRIDE,28843,1991,KK Kanasashi Zosen - Toyohashi Japan,"4 X AI, Mitsubishi CRANES","30,4t N/A",,,undisclosed,,allied_2022_W34_ALLIED-Weekly-Market-Report_28_08_2022_compressed.pdf,7
2022-08-28,34,SMALL,KINATSI,18901,2007,"Yamanishi Corp Ishinomaki MG,","- 3 X MAN-B&W CRANES 30,5t",10.3m,10.3,,Syrian,,allied_2022_W34_ALLIED-Weekly-Market-Report_28_08_2022_compressed.pdf,7
2022-08-28,34,FEEDER,PINARA,,17402004,Guangzhou Wenchong Shipyard Co Ltd - Guangzhou,2 MAN-B&W CRANES X 45t,20.2m,20.2,,Akar Deniz Tasimac,8,allied_2022_W34_ALLIED-Weekly-Market-Report_28_08_2022_compressed.pdf,7
2022-09-04,35,AFRA,ATLANTIC PRIDE,114500,2004,"SAMSUNG HI, Korea",S. B&W EPOXY,25.0m,25.0,,Chinese,"bss ppt dely, ice class 1C, BWTS fitted",allied_2022_W35_ALLIED-Weekly-Market-Report_04_09_2022_compressed.pdf,6
2022-09-04,35,AFRA,LILA FUJAIRAH,113849,2007,Daewoo Shipbuilding Marine Engineering,& MAN-B&W EPOXY rgn,27.8m,27.8,,undisclosed,"SS/DD due Oct '22, uncoiled",allied_2022_W35_ALLIED-Weekly-Market-Report_04_09_2022_compressed.pdf,6
2022-09-04,35,AFRA,EAGLE TURIN,107123,2008,Koyo Dockyard Ltd - Mihara Japan,"Co HS, MAN-B&W",N/A,,,undisclosed,old sale,allied_2022_W35_ALLIED-Weekly-Market-Report_04_09_2022_compressed.pdf,6
2022-09-04,35,AFRA,EAGLE TORRANCE,107123,2007,Koyo Dockyard Ltd - Mihara Japan,"Co HS, MAN-B&W",,,,,,allied_2022_W35_ALLIED-Weekly-Market-Report_04_09_2022_compressed.pdf,6
2022-09-04,35,AFRA,ARISTODIMOS,113553,2006,"SAMSUNG HI, Korea",S. MAN-B&W,32.0m,32.0,,U. A. E. Based,"BWTS fitted, scrubber fitted, ice clas 1A",allied_2022_W35_ALLIED-Weekly-Market-Report_04_09_2022_compressed.pdf,6
2022-09-04,35,AFRA,ZHEN I,105588,2002,Daewoo Shipbuilding Marine Engineering,& MAN-B&W,17.0m,17.0,,undisclosed,cap I,allied_2022_W35_ALLIED-Weekly-Market-Report_04_09_2022_compressed.pdf,6
2022-09-04,35,LR1,ARISTOS,74999,2006,"Onomichi Dockyard Co Ltd - Onomichi HS, Japan",Mitsubishi EPOXY,21.0m,21.0,,U. A. E. based,BWTS fitted,allied_2022_W35_ALLIED-Weekly-Market-Report_04_09_2022_compressed.pdf,6
2022-09-04,35,MR,HYDE,46858,2007,"Hyundai Mipo Dockyard Co Ltd Ulsan, S. Korea",- MAN-B&W Epoxy Phenolic,22.7m,22.7,,undisclosed,"BWTS fitted, Scrubber fitted, SS passed",allied_2022_W35_ALLIED-Weekly-Market-Report_04_09_2022_compressed.pdf,6
2022-09-04,35,MR,NCC SUDAIR,46012,2007,"Hyundai Mipo Dockyard Co Ltd Ulsan, S. Korea",- MAN-B&W EPOXY,en bloc xs,,,undisclosed,"SS/DD/BWTS due Nov '22,",allied_2022_W35_ALLIED-Weekly-Market-Report_04_09_2022_compressed.pdf,6
2022-09-04,35,MR,NCC RABIGH,45951,2007,"Hyundai Mipo Dockyard Co Ltd Ulsan, S. Korea",- MAN-B&W Interline,35.0m,,35.0,,"IMO II, 22 tanks",allied_2022_W35_ALLIED-Weekly-Market-Report_04_09_2022_compressed.pdf,6
2022-09-04,35,MR,BALTIC MONARCH,37273,2006,"Hyundai Mipo Dockyard Co Ltd Ulsan, S. Korea",- MAN-B&W Epoxy Phenolic,15.1m,15.1,,IMMS,"BWTS fitted, DPP",allied_2022_W35_ALLIED-Weekly-Market-Report_04_09_2022_compressed.pdf,6
2022-09-04,35,CHEM,ATLANTIK MIRACLE,11320,2008,"Sanayi ve Ticaret A.S. - Tuzla,",MaK EPOXY,7.0m,7.0,,Turkish,,allied_2022_W35_ALLIED-Weekly-Market-Report_04_09_2022_compressed.pdf,6
2022-09-04,35,VLOC,STELLA DAPHNE,250381,2017,"Qingdao Beihai Shipbuilding Heavy Industry Co Ltd Qingdao SD, China",- Wartsila,N/A,,,undisclosed,,allied_2022_W35_ALLIED-Weekly-Market-Report_04_09_2022_compressed.pdf,6
2022-09-04,35,VLOC,STELLA ISABEL,250379,2015,"Qingdao Beihai Shipbuilding Heavy Industry Co Ltd Qingdao SD, China",-,,,,,,allied_2022_W35_ALLIED-Weekly-Market-Report_04_09_2022_compressed.pdf,6
2022-09-04,35,PMAX,FORTUNA,83353,2010,"Sanoyas Hishino Meisho Corp Kurashiki OY, Japan",- MAN-B&W rgn,23.0m,23.0,,undisclosed,,allied_2022_W35_ALLIED-Weekly-Market-Report_04_09_2022_compressed.pdf,6
2022-09-04,35,PMAX ZHONG,LIAN SI FANG,73747,2000,"Sumitomo Heavy Industries Ltd. Yokosuka Shipyard,",- Sulzer,10.6m,10.6,,undisclosed,online auction,allied_2022_W35_ALLIED-Weekly-Market-Report_04_09_2022_compressed.pdf,6
2022-09-04,35,HMAX,BLUEWAYS,46658,1998,"Mitsui Eng. & Co. Ltd. - Tamano, Japan","SB. CR B&W T, CR 4x30.5 4x30 T",6.0m,6.0,,undisclosed,bss ppt dely,allied_2022_W35_ALLIED-Weekly-Market-Report_04_09_2022_compressed.pdf,6
2022-09-04,35,HANDY,SINGAPORE SPIRIT,32259,2002,"Saiki Heavy Industries Co Ltd Saiki OT, Japan",4 - Mitsubishi CRANES X 30t,11.3m,11.3,,undisclosed,BWTS fitted,allied_2022_W35_ALLIED-Weekly-Market-Report_04_09_2022_compressed.pdf,6
2022-09-04,35,HANDY,MALTO HOPE,28226,2013,"I-S Shipyard Co Imabari EH, Japan","Ltd - 4 X MAN-B&W CRANES 30,5t rgn",13.6m,13.6,,Middle Eastern,,allied_2022_W35_ALLIED-Weekly-Market-Report_04_09_2022_compressed.pdf,6
2022-09-04,35,HANDY,VTC PLANET,22176,1993,"Saiki Heavy Industries Co Ltd Saiki OT, Japan",4 - Mitsubishi CRANES X 30t xs,5.0m,5.0,,Greek,7,allied_2022_W35_ALLIED-Weekly-Market-Report_04_09_2022_compressed.pdf,6
2022-09-04,35,PMAX,VERMONT TRADER,,49922004,"HANJIN HI PUSAN, S. Korea",B&W,37.0m,37.0,,RCL,DD due Oct '22,allied_2022_W35_ALLIED-Weekly-Market-Report_04_09_2022_compressed.pdf,7
2022-09-04,35,PMAX,BURGUNDY,,34262008,"Nordseewerke GmbH - Emden,",MAN-B&W,24.1m,24.1,,Rifline,incl. TC attached,allied_2022_W35_ALLIED-Weekly-Market-Report_04_09_2022_compressed.pdf,7
2022-09-04,35,LNG,KMARIN DIAMOND,84553,2008,"Hyundai Samho Heavy Industries Co Ltd - Samho,","Wartsila 151,883 S.",N/A,,,Greek,8,allied_2022_W35_ALLIED-Weekly-Market-Report_04_09_2022_compressed.pdf,7
2022-09-11,36,VLCC,TEMA,311620,2005,"Kawasaki Shipbuilding Corp Sakaide KG, Japan",- MAN-B&W,34.0m,34.0,,undisclosed,BWTS fitted,allied_2022_W36_ALLIED-Weekly-Market-Report_11_09_2022_compressed.pdf,6
2022-09-11,36,VLCC,ABQAIQ,302986,2002,"SAMSUNG HI, Korea",S. Sulzer EPOXY,30.7m,30.7,,undisclosed,SS/DD/BWTS due Nov '22,allied_2022_W36_ALLIED-Weekly-Market-Report_11_09_2022_compressed.pdf,6
2022-09-11,36,SUEZ,LILA GUANGZHOU,159149,2004,Bohai Shipbuilding Heavy Industry Ltd - Huludao,"Co MAN-B&W LN,",23.0m,23.0,,undisclosed,BWTS fitted,allied_2022_W36_ALLIED-Weekly-Market-Report_11_09_2022_compressed.pdf,6
2022-09-11,36,AFRA,PIPER,114809,2005,"SAMSUNG HI, Korea",S. B&W xs,28.0m,28.0,,Middle Eastern,"BWTS fitted, scrubber fitted",allied_2022_W36_ALLIED-Weekly-Market-Report_11_09_2022_compressed.pdf,6
2022-09-11,36,AFRA,ALBA,113782,2005,"SAMSUNG HI, Korea",S. B&W,31.5m,31.5,,undisclosed,"BWTS fitted, scrubber fitted, ice class 1A",allied_2022_W36_ALLIED-Weekly-Market-Report_11_09_2022_compressed.pdf,6
2022-09-11,36,MR,STI ROSE,109999,2015,"Daehan Shipbuilding Co - Hwawon (Haenam Shipyard), S. Korea Sungdong",Ltd MAN-B&W EPOXY,,,,,,allied_2022_W36_ALLIED-Weekly-Market-Report_11_09_2022_compressed.pdf,6
2022-09-11,36,MR,STI RAMBLA,109999,2017,"Shipbuilding Marine Engineering Co Ltd - Tongyeong,",& MAN-B&W S. EPOXY,N/A,,,Scorpio Tankers,declaration of purchase options,allied_2022_W36_ALLIED-Weekly-Market-Report_11_09_2022_compressed.pdf,6
2022-09-11,36,MR,STI BROOKLYN,49990,2015,"Korea SPP Shipbuilding Co Ltd - Donghae (Goseong Shipyard), S. Korea",MAN-B&W Epoxy Phenolic,,,,,,allied_2022_W36_ALLIED-Weekly-Market-Report_11_09_2022_compressed.pdf,6
2022-09-11,36,MR,STI VILLE,49990,2013,"Hyundai Mipo Dockyard Co Ltd Ulsan, S. Korea",- MAN-B&W EPOXY,,,,,,allied_2022_W36_ALLIED-Weekly-Market-Report_11_09_2022_compressed.pdf,6
2022-09-11,36,LR1 ENERGY,CHALLENGER,70675,2005,"STX Shipbuilding Co Ltd - Changwon (Jinhae Shipyard),",B&W S. EPOXY,16.0m,16.0,,U. A. E. Based,DPP,allied_2022_W36_ALLIED-Weekly-Market-Report_11_09_2022_compressed.pdf,6
2022-09-11,36,MR,STI TEXAS CITY,49990,2014,"SPP Shipbuilding Co Ltd - Sacheon, Korea",S. MAN-B&W Epoxy Phenolic,,,,,,allied_2022_W36_ALLIED-Weekly-Market-Report_11_09_2022_compressed.pdf,6
2022-09-11,36,MR,STI MERAUX,49990,2014,"SPP Shipbuilding Co Ltd - Sacheon, Korea",S. MAN-B&W EPOXY,N/A,,,Scorpio Tankers,declaration of purchase,allied_2022_W36_ALLIED-Weekly-Market-Report_11_09_2022_compressed.pdf,6
2022-09-11,36,MR,STI BATTERSEA,38734,2014,"Hyundai Mipo Dockyard Co Ltd Ulsan, S. Korea",- MAN-B&W Epoxy Phenolic,,,,,options,allied_2022_W36_ALLIED-Weekly-Market-Report_11_09_2022_compressed.pdf,6
2022-09-11,36,MR,STI WEMBLEY,38734,2014,"Hyundai Mipo Dockyard Co Ltd Ulsan, S. Korea",- MAN-B&W Epoxy Phenolic,,,,,,allied_2022_W36_ALLIED-Weekly-Market-Report_11_09_2022_compressed.pdf,6
2022-09-11,36,MR,ASTREA,40158,2006,"ShinA Shipbuilding Co Ltd - Tongyeong,",MAN-B&W S. Epoxy Phenolic,15.6m,15.6,,undisclosed,"bss ppt dely in Atlantic/Med, BWTS fitted",allied_2022_W36_ALLIED-Weekly-Market-Report_11_09_2022_compressed.pdf,6
2022-09-11,36,MR,TIGER JOY,25284,2017,"Shitanoe Shipbuilding Co - Usuki OT, Japan",Ltd MAN-B&W Stainless Steel,,,,,,allied_2022_W36_ALLIED-Weekly-Market-Report_11_09_2022_compressed.pdf,6
2022-09-11,36,MR,TIGER GLORY,25273,2017,"KOYO FUKUOKA, Japan",MAN-B&W Stainless Steel,,,,,,allied_2022_W36_ALLIED-Weekly-Market-Report_11_09_2022_compressed.pdf,6
2022-09-11,36,MR,TIGER TENACITY,25086,2017,"Kitanihon Shipbuilding Co - Hachinohe, Japan",Ltd MAN-B&W Stainless Steel en bloc,180.0m,,180.0,undisclosed,"IMO II/III, incl. TC attached to MOL on delivery, coated/coiled",allied_2022_W36_ALLIED-Weekly-Market-Report_11_09_2022_compressed.pdf,6
2022-09-11,36,MR,TIGER INTEGRITY,25082,2018,"Kitanihon Shipbuilding Co - Hachinohe, Japan",Ltd MAN-B&W Stainless Steel,,,,,,allied_2022_W36_ALLIED-Weekly-Market-Report_11_09_2022_compressed.pdf,6
2022-09-11,36,CHEM,TIGER HARMONY,19994,2016,"Shipbuilding Co - Hachinohe, Japan",Ltd Mitsubishi StSt,,,,,7,allied_2022_W36_ALLIED-Weekly-Market-Report_11_09_2022_compressed.pdf,6
2022-09-11,36,UMAX,HANTON TRADER,63518,2014,Jiangsu Hantong Ship Heavy Industry Co Ltd,"CR MAN-B&W CR - 4x35 T, 4x30 T",24.5m,24.5,,undisclosed,"BWTS fitted, DD due Dec '22",allied_2022_W36_ALLIED-Weekly-Market-Report_11_09_2022_compressed.pdf,7
2022-09-11,36,UMAX,ULTRA TRUST,61225,2015,"Tadotsu Shipyard Co Ltd - Tadotsu KG, Japan","4 X MAN-B&W CRANES 30,7t",28.0m,28.0,,Eagle Bulk,"BWTS fitted, scrubber fitted, eco",allied_2022_W36_ALLIED-Weekly-Market-Report_11_09_2022_compressed.pdf,7
2022-09-11,36,HMAX,AMBER L,47282,2000,"Oshima Shipbuilding Co - Saikai NS, Japan",4 Ltd MAN-B&W CRANES X 25t,9.5m,9.5,,undisclosed,BWTS fitted,allied_2022_W36_ALLIED-Weekly-Market-Report_11_09_2022_compressed.pdf,7
2022-09-11,36,HANDY,AQUARIUS 77,35737,2016,"Tsuneishi Heavy Industries (Cebu) Inc - Balamban,",4 MAN-B&W CRANES X 30t,20.5m,20.5,,undisclosed,BWTS fitted,allied_2022_W36_ALLIED-Weekly-Market-Report_11_09_2022_compressed.pdf,7
2022-09-11,36,HANDY,ECO DESTINY,35287,2005,Shikoku Dockyard Co. Ltd. -,4 B&W CRANES X 30t,12.7m,12.7,,Middle Eastern,BWTS fitted,allied_2022_W36_ALLIED-Weekly-Market-Report_11_09_2022_compressed.pdf,7
2022-09-11,36,PMAX,OSAKA,,45062008,"SAMSUNG HI, Korea",S. MAN-B&W,60.0m,60.0,,undisclosed,,allied_2022_W36_ALLIED-Weekly-Market-Report_11_09_2022_compressed.pdf,7
2022-09-11,36,LPG,BW PRINCE,54368,2007,"HYUNDAI HI, Korea","S. MAN-B&W 80,735",45.0m,45.0,,undisclosed,"BWTS fitted, SS/DD due Nov '22 8",allied_2022_W36_ALLIED-Weekly-Market-Report_11_09_2022_compressed.pdf,7
2022-09-18,37,AFRA,BEKS ATLANTICA,114896,2006,"SAMSUNG HI, Korea",S. MAN-B&W,33.0m,33.0,,IMMS,"BWTS fitted, ice class 1A, cap I",allied_2022_W37_ALLIED-Weekly-Market-Report_18_09_2022_compressed.pdf,6
2022-09-18,37,LR1,STENA PROVENCE,65125,2006,"SPLIT, Croatia",MAN-B&W EPOXY,,,,,,allied_2022_W37_ALLIED-Weekly-Market-Report_18_09_2022_compressed.pdf,6
2022-09-18,37,LR1,STENA PRIMORSK,65079,2006,"SPLIT, Croatia",MAN-B&W EPOXY rgn en bloc,60.0m,,60.0,European,ice class,allied_2022_W37_ALLIED-Weekly-Market-Report_18_09_2022_compressed.pdf,6
2022-09-18,37,LR1 STENA,PERFORMANCE,65065,2006,"SPLIT, Croatia",MAN-B&W EPOXY,,,,,,allied_2022_W37_ALLIED-Weekly-Market-Report_18_09_2022_compressed.pdf,6
2022-09-18,37,MR,SEABRIGHT,46177,2006,"STX Shipbuilding Co Ltd - Changwon (Jinhae Shipyard),",MAN-B&W S. Epoxy Phenolic,18.0m,18.0,,undisclosed,,allied_2022_W37_ALLIED-Weekly-Market-Report_18_09_2022_compressed.pdf,6
2022-09-18,37,MR,SEAMERCURY,39634,2003,"Hyundai Mipo Dockyard Co Ltd Ulsan, S. Korea",- B&W Epoxy Phenolic rgn,11.0 m,11.0,,undisclosed,ice class 1B,allied_2022_W37_ALLIED-Weekly-Market-Report_18_09_2022_compressed.pdf,6
2022-09-18,37,PROD/,BESIKTAS ENGLAND,17998,2008,Cicek Tersanesi,- MaK Epoxy,,,,,,allied_2022_W37_ALLIED-Weekly-Market-Report_18_09_2022_compressed.pdf,6
2022-09-18,37,PROD/,SELANDIA SWAN,,,Gisan Gemi Ins.,San Epoxy,24.0m,24.0,,,,allied_2022_W37_ALLIED-Weekly-Market-Report_18_09_2022_compressed.pdf,6
2022-09-18,37,PROD/,AS SOVEREIGN,17579,2009,Samho Shipbuilding Co Ltd -,MAN-B&W EPOXY,N/A,,,undisclosed,old sale,allied_2022_W37_ALLIED-Weekly-Market-Report_18_09_2022_compressed.pdf,6
2022-09-18,37,CHEM,AEON,17519,2012,Hangchang Shipbuilding Co,MAN-B&W Ltd Line,13.0m,13.0,,Seven Islands,"bss ppt dely, online auction",allied_2022_W37_ALLIED-Weekly-Market-Report_18_09_2022_compressed.pdf,6
2022-09-18,37,PROD/,SOL,11479,2007,Nantong Tongshun Shiprepair &,MAN-B&W EPOXY,5.1m,5.1,,Indian,online auction,allied_2022_W37_ALLIED-Weekly-Market-Report_18_09_2022_compressed.pdf,6
2022-09-18,37,SMALL,SG BAHARI,9600,2009,Dongfang Shipbuilding Group,MaK EPOXY PHEN,4.5m,4.5,,Turkish,,allied_2022_W37_ALLIED-Weekly-Market-Report_18_09_2022_compressed.pdf,6
2022-09-18,37,CAPE,XYG FORTUNE,176955,2006,"Namura Shipbuilding Co - Imari SG, Japan",Ltd MAN-B&W,20.8m,20.8,,Franbo,incl. 5y BBB charter,allied_2022_W37_ALLIED-Weekly-Market-Report_18_09_2022_compressed.pdf,6
2022-09-18,37,POST,SUNNY SAILOR,91443,2000,Oshima Shipbuilding Co,Ltd Mitsubishi,9.8m,9.8,,Chinese,DD passed,allied_2022_W37_ALLIED-Weekly-Market-Report_18_09_2022_compressed.pdf,6
2022-09-18,37,PMAX,CORAL EMERALD,75632,2007,"Sanoyas Hishino Meisho Corp Kurashiki OY, Japan",- MAN-B&W,14.5m,14.5,,undisclosed,BWTS fitted,allied_2022_W37_ALLIED-Weekly-Market-Report_18_09_2022_compressed.pdf,6
2022-09-18,37,SMAX,MEDI BANGKOK,53466,2006,Imabari Shipbuilding Co - Imabari EH,4 Ltd MAN-B&W CRANES X 31t,17.0m,17.0,,undisclosed,"BWTS fitted, payment via L/C, old sale",allied_2022_W37_ALLIED-Weekly-Market-Report_18_09_2022_compressed.pdf,6
2022-09-18,37,SMAX,LIAN XIN,52512,2002,"Kanasashi Heavy Industries Co Ltd Toyohashi AI, Japan","4 X - Mitsubishi CRANES 30,5t",11.3m,11.3,,undisclosed,BWTS fitted,allied_2022_W37_ALLIED-Weekly-Market-Report_18_09_2022_compressed.pdf,6
2022-09-18,37,HMAX,MARVEL,48893,2001,Ishikawajima- Harima Heavy Industries Co,4 Sulzer CRANES Ltd,X 30t N/A,,,undisclosed,BWTS fitted,allied_2022_W37_ALLIED-Weekly-Market-Report_18_09_2022_compressed.pdf,6
2022-09-18,37,HANDY,MAPLE AMBITION,35513,2015,"Taizhou Maple Shipbuilding Co - Linhai ZJ, China","Leaf 4 X Ltd MAN-B&W CRANES 30,5t",16.5m,16.5,,Chinese,7,allied_2022_W37_ALLIED-Weekly-Market-Report_18_09_2022_compressed.pdf,6
2022-09-18,37,LPG,CLIPPER SIRIUS,54048,2008,"HYUNDAI HI, Korea","S. MAN-B&W 73,537 rgn",50.0 m,50.0,,undisclosed,"BWTS fitted, ammonia capable",allied_2022_W37_ALLIED-Weekly-Market-Report_18_09_2022_compressed.pdf,7
2022-09-18,37,LPG,SCALI REALI,3804,2010,"Besiktas Gemi AS - Altinova, Turkey","Insa Wartsila 3,295",rgn,,,,,allied_2022_W37_ALLIED-Weekly-Market-Report_18_09_2022_compressed.pdf,7
2022-09-18,37,LPG,SCALI SANLORENZO,3801,2010,"ZAO Sudostroitelnyy Zavod 'Naval' Nikolayev, Ukraine","Wartsila 3,248 - en bloc",39.0m,,39.0,Chemgas,8,allied_2022_W37_ALLIED-Weekly-Market-Report_18_09_2022_compressed.pdf,7
2022-09-25,38,VLCC,HILWAH,316808,2002,"HYUNDAI HI, Korea",S. B&W xs,37.0m,37.0,,Chinese,SS/DD due Dec '22,allied_2022_W38_ALLIED-Weekly-Market-Report_25_09_2022_compressed.pdf,6
2022-09-25,38,VLCC,VIKI,310106,2000,"SAMSUNG HI, Korea",S. B&W,29.5m,29.5,,undisclosed,,allied_2022_W38_ALLIED-Weekly-Market-Report_25_09_2022_compressed.pdf,6
2022-09-25,38,SUEZ,NORDIC RIO,151174,2004,"SAMSUNG HI, Korea",S. MAN-B&W,26.0m,26.0,,undisclosed,BWTS fitted,allied_2022_W38_ALLIED-Weekly-Market-Report_25_09_2022_compressed.pdf,6
2022-09-25,38,AFRA,CONCORD EXPRESS,111920,2003,"HYUNDAI HI, Korea",S. MAN-B&W,23.0m,23.0,,Chinese,,allied_2022_W38_ALLIED-Weekly-Market-Report_25_09_2022_compressed.pdf,6
2022-09-25,38,AFRA,STI SANCTITY,109999,2016,Sungdong Shipbuilding Marine Engineering,& MAN-B&W EPOXY,N/A,,,Scorpio Tankers,"declaration of purchase option, bss dely witin Q1 '23",allied_2022_W38_ALLIED-Weekly-Market-Report_25_09_2022_compressed.pdf,6
2022-09-25,38,LR1,AMBER,73981,2008,"New Century Shipbuilding Co - Jingjiang JS, China",Ltd MAN-B&W EPOXY,18.4m,18.4,,undisclosed,,allied_2022_W38_ALLIED-Weekly-Market-Report_25_09_2022_compressed.pdf,6
2022-09-25,38,LR1,POLAR UNICORN,73956,2008,"Onomichi Dockyard Co Ltd - Onomichi HS, Japan",MAN-B&W EPOXY,22.0m,22.0,,undisclosed,"BWTS fitted, ice class 1A, cap I",allied_2022_W38_ALLIED-Weekly-Market-Report_25_09_2022_compressed.pdf,6
2022-09-25,38,LR1,AZURITE,73948,2008,"New Century Shipbuilding Co - Jingjiang JS, China",Ltd MAN-B&W EPOXY,18.4m,18.4,,undisclosed,,allied_2022_W38_ALLIED-Weekly-Market-Report_25_09_2022_compressed.pdf,6
2022-09-25,38,MR RIDGEBURY,VOYAGER,49999,2008,"Hyundai Mipo Dockyard Co Ltd Ulsan, S. Korea",- MAN-B&W EPOXY,19.5m,19.5,,Middle Eastern,,allied_2022_W38_ALLIED-Weekly-Market-Report_25_09_2022_compressed.pdf,6
2022-09-25,38,MR,HIGH ADVENTURER,49997,2017,"Onomichi Dockyard Co Ltd - Onomichi HS, Japan",MAN-B&W EPOXY,30.4m,30.4,,D'Amico,declaration of purchase option,allied_2022_W38_ALLIED-Weekly-Market-Report_25_09_2022_compressed.pdf,6
2022-09-25,38,MR,BLACK SWAN,47999,2007,"Iwagi Zosen Co Kamijima EH, Japan",Ltd - MAN-B&W EPOXY,N/A,,,undisclosed,,allied_2022_W38_ALLIED-Weekly-Market-Report_25_09_2022_compressed.pdf,6
2022-09-25,38,MR,SURFER ROSA,46719,2004,"Hyundai Mipo Dockyard Co Ltd Ulsan, S. Korea",- B&W Epoxy Phenolic,16.0m,16.0,,undisclosed,"ice class 1C, DPP",allied_2022_W38_ALLIED-Weekly-Market-Report_25_09_2022_compressed.pdf,6
2022-09-25,38,MR,ENDO BREEZE,44999,2003,"TROGIR, Croatia",MaK EPOXY rgn,14.0m,14.0,,undisclosed,twin m/e,allied_2022_W38_ALLIED-Weekly-Market-Report_25_09_2022_compressed.pdf,6
2022-09-25,38,PROD/,LOCH LOMOND,19098,2010,Zhejiang Taitong Shipyard Co Ltd,- MAN-B&W Siloxirane (MarineLI,11.3m,11.3,,Chinese,"online auction, BWTS fitted",allied_2022_W38_ALLIED-Weekly-Market-Report_25_09_2022_compressed.pdf,6
2022-09-25,38,CHEM,ORIENTAL FREESIA,14383,2006,"K.K. - Imabari, Japan",MAN-B&W Steel,11.5m,11.5,,Sunwoo,"IMO II/III, coated/coiled",allied_2022_W38_ALLIED-Weekly-Market-Report_25_09_2022_compressed.pdf,6
2022-09-25,38,CHEM,RUBINO,11161,2008,Yapim Sanayi Ticaret AS Shantou Shipping,ve MAN-B&W - Line,8.5m,8.5,,ALBA,,allied_2022_W38_ALLIED-Weekly-Market-Report_25_09_2022_compressed.pdf,6
2022-09-25,38,SMALL,UNITED TRADER,6841,2012,"Corp Shipbuilding Repair Yard Shantou GD, China",& Daihatsu - MAR,en bloc,,,Nigerian,laid up in Nigeria since '17,allied_2022_W38_ALLIED-Weekly-Market-Report_25_09_2022_compressed.pdf,6
2022-09-25,38,SMALL,UNITED VENTURE,6365,2012,Zhenjiang Sopo Shiprepair Building Co Ltd,& MaK - EPOXY PHEN,3.4m,,3.4,,,allied_2022_W38_ALLIED-Weekly-Market-Report_25_09_2022_compressed.pdf,6
2022-09-25,38,CAPE,FRONTIER TRIUMPH,181429,2012,Imabari Shipbuilding Co - Saijo EH (Saijo,Ltd MAN-B&W,30.0m,30.0,,Chinese,BWTS fitted,allied_2022_W38_ALLIED-Weekly-Market-Report_25_09_2022_compressed.pdf,6
2022-09-25,38,PMAX,GREAT WENCHENG,91439,2005,"Shipbuilding Co - Saikai NS, Japan",Ltd Mitsubishi,16.9m,16.9,,Indonesian,,allied_2022_W38_ALLIED-Weekly-Market-Report_25_09_2022_compressed.pdf,6
2022-09-25,38,KMAX,BUENOS AIRES,83366,2011,"Sanoyas Hishino Meisho Corp Kurashiki OY, Japan",- MAN-B&W,21.0m,21.0,,Greek,BWTS fitted 7,allied_2022_W38_ALLIED-Weekly-Market-Report_25_09_2022_compressed.pdf,6
2022-09-25,38,LNG,TRADER,75109,2002,"SAMSUNG HI, Korea","S. Kawasaki 136,135",33.0m,33.0,,undisclosed,SS/DD due Nov '22 8,allied_2022_W38_ALLIED-Weekly-Market-Report_25_09_2022_compressed.pdf,7
2022-10-02,39,VLCC,MARAN AQUARIUS,320821,2005,Daewoo Shipbuilding Marine Engineering,& MAN-B&W,52.5m,52.5,,undisclosed,"BWTS fitted, scrubber fitted",allied_2022_W39_ALLIED-Weekly-Market-Report_02_10_2022_compressed.pdf,6
2022-10-02,39,VLCC,PRINCESS MARY,306206,2004,"Mitsubishi Heavy Industries Ltd. Nagasaki, Japan",- Mitsubishi xs,48.0m,48.0,,undisclosed,BWTS fitted,allied_2022_W39_ALLIED-Weekly-Market-Report_02_10_2022_compressed.pdf,6
2022-10-02,39,VLCC,PRIDE,299986,1998,"Hitachi Zosen Corp Nagasu KM, Japan",- B&W EPOXY,24.5m,24.5,,undisclosed,,allied_2022_W39_ALLIED-Weekly-Market-Report_02_10_2022_compressed.pdf,6
2022-10-02,39,SUEZ,VINGA,158982,2012,"SAMSUNG HI, Korea",S. MAN-B&W,42.0m,42.0,,Thenamaris,"SS/DD due, eco m/e",allied_2022_W39_ALLIED-Weekly-Market-Report_02_10_2022_compressed.pdf,6
2022-10-02,39,AFRA,SEA LEGEND,112511,2008,"HYUNDAI HI, Korea",S. MAN-B&W EPOXY,N/A,,,undisclosed,,allied_2022_W39_ALLIED-Weekly-Market-Report_02_10_2022_compressed.pdf,6
2022-10-02,39,AFRA,PHOENIX BEACON,105525,2011,"HYUNDAI HI, Korea",S. MAN-B&W,35.0m,35.0,,Performance Shipping,"BWTS fitted, bss dely within Dec '22",allied_2022_W39_ALLIED-Weekly-Market-Report_02_10_2022_compressed.pdf,6
2022-10-02,39,MR,RIDGEBURY BIRCH,53712,2006,"Shin Kurushima Dockyard Co. Ltd. Onishi, Japan",- Mitsubishi EPOXY,en bloc,,,undisclosed,BWTS fitted,allied_2022_W39_ALLIED-Weekly-Market-Report_02_10_2022_compressed.pdf,6
2022-10-02,39,MR,RIDGEBURY ACACIA,53688,2006,"Shin Kurushima Dockyard Co. Ltd. Onishi, Japan",- Mitsubishi EPOXY,35.0m,,35.0,,,allied_2022_W39_ALLIED-Weekly-Market-Report_02_10_2022_compressed.pdf,6
2022-10-02,39,MR,HIGH MARS,51543,2008,"STX Shipbuilding Co Ltd - Changwon (Jinhae Shipyard),",MAN-B&W S. EPOXY,20.5 m,20.5,,undisclosed,BWTS fitted,allied_2022_W39_ALLIED-Weekly-Market-Report_02_10_2022_compressed.pdf,6
2022-10-02,39,MR,NORTHERN OCEAN,50922,2005,"STX Shipbuilding Co Ltd - Changwon (Jinhae Shipyard),",MAN-B&W S. Epoxy Phenolic high,19.0 m,19.0,,undisclosed,Ice Class 1A,allied_2022_W39_ALLIED-Weekly-Market-Report_02_10_2022_compressed.pdf,6
2022-10-02,39,MR,JO ASK,47128,2007,"Hyundai Mipo Dockyard Co Ltd Ulsan, S. Korea",- MAN-B&W EPOXY rgn,20.5 m,20.5,,Middle Eastern,BWTS fitted,allied_2022_W39_ALLIED-Weekly-Market-Report_02_10_2022_compressed.pdf,6
2022-10-02,39,MR,SYNERGY,34819,2020,"Fujian Mawei Shipbuilding Ltd Fuzhou FJ, China",- WinGD Epoxy Phenolic,31.0m,31.0,,Chinese,,allied_2022_W39_ALLIED-Weekly-Market-Report_02_10_2022_compressed.pdf,6
2022-10-02,39,CHEM,BATTERSEA PARK,19949,2002,"Ltd - Usuki OT, Japan",MAN-B&W Steel,10.5m,10.5,,undisclosed,BWTS fitted,allied_2022_W39_ALLIED-Weekly-Market-Report_02_10_2022_compressed.pdf,6
2022-10-02,39,CHEM,WEALTHY LOYAL,19098,2012,"Shipyard Co Ltd Zhoushan ZJ, China",- MAN-B&W (MarineLI NE),15.0m,15.0,,undisclosed,online auction in China,allied_2022_W39_ALLIED-Weekly-Market-Report_02_10_2022_compressed.pdf,6
2022-10-02,39,CAPE,SHINYO GUARDIAN,177216,2005,"Namura Shipbuilding Co - Imari SG, Japan",Ltd MAN-B&W,17.3m,17.3,,Turkish,BWTS fitted,allied_2022_W39_ALLIED-Weekly-Market-Report_02_10_2022_compressed.pdf,6
2022-10-02,39,KMAX,CYMONA GEMINI,82992,2006,"Tsuneishi Corp Fukuyama HS, Japan",- MAN-B&W,15.9m,15.9,,Minoa Marine,BWTS fitted,allied_2022_W39_ALLIED-Weekly-Market-Report_02_10_2022_compressed.pdf,6
2022-10-02,39,KMAX,ALEXANDRA,82329,2006,"Tsuneishi Corp Fukuyama HS, Japan",- MAN-B&W,16.35m,16.35,,Turkish,BWTS fitted,allied_2022_W39_ALLIED-Weekly-Market-Report_02_10_2022_compressed.pdf,6
2022-10-02,39,KMAX,DARYA JYOTI,80545,2010,"STX Offshore Shipbuilding Co - Changwon (Jinhae Shipyard), S. Korea",& Ltd MAN-B&W,N/A,,,Turkish,"old sale, BWTS fitted",allied_2022_W39_ALLIED-Weekly-Market-Report_02_10_2022_compressed.pdf,6
2022-10-02,39,KMAX,DARYA MOTI,80545,2010,"STX Offshore Shipbuilding Co - Changwon (Jinhae Shipyard), S. Korea",& Ltd MAN-B&W,,,,,7,allied_2022_W39_ALLIED-Weekly-Market-Report_02_10_2022_compressed.pdf,6
2022-10-09,40,SUEZ,NORDIC COSMOS,159999,2003,"SAMSUNG HI, Korea",S. B&W,21.0m,21.0,,undisclosed,"bss dely within Q4 '22, ice class 1C, BWTS fitted",allied_2022_W40_ALLIED-Weekly-Market-Report_09_10_2022_compressed.pdf,6
2022-10-09,40,SUEZ,CAP GUILLAUME,158889,2006,"SAMSUNG HI, Korea",S. MAN-B&W,35.0m,35.0,,U. A. E. Based,"BWTS fitted, ice class 1C",allied_2022_W40_ALLIED-Weekly-Market-Report_09_10_2022_compressed.pdf,6
2022-10-09,40,LR2,ALBURAQ,112521,2008,"HYUNDAI HI, Korea",S. MAN-B&W EPOXY,en bloc,,,sold to existing,,allied_2022_W40_ALLIED-Weekly-Market-Report_09_10_2022_compressed.pdf,6
2022-10-09,40,LR2,SEA LEGEND,112511,2008,"HYUNDAI HI, Korea",S. MAN-B&W EPOXY,70.0m,70.0,,charterers,,allied_2022_W40_ALLIED-Weekly-Market-Report_09_10_2022_compressed.pdf,6
2022-10-09,40,AFRA,SEAGRACE,105941,2004,"HYUNDAI HI, Korea",S. B&W EPOXY,23.5m,23.5,,Chinese,,allied_2022_W40_ALLIED-Weekly-Market-Report_09_10_2022_compressed.pdf,6
2022-10-09,40,LR1,ARIEL,71498,2004,"STX Shipbuilding Co Ltd - Changwon (Jinhae Shipyard),",B&W S. EPOXY PHEN,19.0m,19.0,,undisclosed,"BWTS fitted, scrubber fitted, ice class 1C , cap I",allied_2022_W40_ALLIED-Weekly-Market-Report_09_10_2022_compressed.pdf,6
2022-10-09,40,MR,ENERGY PROGRESS,46606,2008,Sungdong Shipbuilding Marine Engineering Co Ltd -,& MAN-B&W Epoxy Phenolic,en bloc,,,U. A. E. Based,,allied_2022_W40_ALLIED-Weekly-Market-Report_09_10_2022_compressed.pdf,6
2022-10-09,40,MR,ENERGY PUMA,46549,2008,Sungdong Shipbuilding Marine Engineering,& MAN-B&W Epoxy Phenolic,40.0m,,40.0,,,allied_2022_W40_ALLIED-Weekly-Market-Report_09_10_2022_compressed.pdf,6
2022-10-09,40,MR,DEE4 FIG,44995,2011,"Onomichi Dockyard Co Ltd - Onomichi HS, Japan",MAN-B&W EPOXY,26.0m,26.0,,United Overseas,BWTS fitted,allied_2022_W40_ALLIED-Weekly-Market-Report_09_10_2022_compressed.pdf,6
2022-10-09,40,MR,BALTIC ADVANCE,37332,2006,"Hyundai Mipo Dockyard Co Ltd Ulsan, S. Korea",- B&W EPOXY,16.5m,16.5,,undisclosed,"BWTS fitted, CPP, ice class 1B",allied_2022_W40_ALLIED-Weekly-Market-Report_09_10_2022_compressed.pdf,6
2022-10-09,40,CHEM,HANYU FREESIA,13102,2006,"Shipbuilding Co - Tongyeong,",Ltd MAN-B&W S. Line,7.1m,7.1,,undisclosed,BWTS fitted,allied_2022_W40_ALLIED-Weekly-Market-Report_09_10_2022_compressed.pdf,6
2022-10-09,40,CAPE,AGIA TRIAS,185820,2002,"KAWASAKI SAKAIDE, Japan",HI B&W,15.0m,15.0,,Beks,SS/DD/BWTS due,allied_2022_W40_ALLIED-Weekly-Market-Report_09_10_2022_compressed.pdf,6
2022-10-09,40,PMAX,D SKALKEAS,93281,2011,"Shipbuilding Co - Jingjiang JS, China",Ltd MAN-B&W,19.0m,19.0,,undisclosed,BWTS fitted,allied_2022_W40_ALLIED-Weekly-Market-Report_09_10_2022_compressed.pdf,6
2022-10-09,40,PMAX,BELLATRIX,77053,2006,"Oshima Shipbuilding Co - Saikai NS, Japan",Ltd MAN-B&W,14.5m,14.5,,Veritas,BWTS fitted,allied_2022_W40_ALLIED-Weekly-Market-Report_09_10_2022_compressed.pdf,6
2022-10-09,40,UMAX,NORD BARENTS,62625,2019,"Oshima Shipbuilding Co - Saikai NS, Japan",4 Ltd MAN-B&W CRANES X 30t,33.3m,33.3,,Greek,"scrubber fitted, January cancelling, BWTS fitted",allied_2022_W40_ALLIED-Weekly-Market-Report_09_10_2022_compressed.pdf,6
2022-10-09,40,UMAX,BERGE TRONADOR,61087,2020,DACKS (Dalian COSCO KHI Ship Engineering Co,4 MAN-B&W CRANES Ltd) X 30t,32.8m,32.8,,Greek,,allied_2022_W40_ALLIED-Weekly-Market-Report_09_10_2022_compressed.pdf,6
2022-10-09,40,SMAX,TERESA OETKER,58018,2010,"Yangzhou Dayang Shipbuilding Co - Yangzhou JS,",4 Ltd MAN-B&W CRANES X 35t rgn,16.0m,16.0,,Greek,BWTS fitted,allied_2022_W40_ALLIED-Weekly-Market-Report_09_10_2022_compressed.pdf,6
2022-10-09,40,SMAX,OCEAN ADVENTURE,57814,2015,"Tsuneishi Shipbuilding Co - Fukuyama HS,",4 Ltd MAN-B&W CRANES X 30t,22.8m,22.8,,Japanese,"eco modern, BWTS fitted",allied_2022_W40_ALLIED-Weekly-Market-Report_09_10_2022_compressed.pdf,6
2022-10-09,40,HANDY,LODESTAR PACIFIC,33393,2015,"Shin Kochi Jyuko K.K. - Kochi, Japan",4 Mitsubishi CRANES X 30t,19.5m,19.5,,Evalend Shipping,"BWTS fitted, eco m/e",allied_2022_W40_ALLIED-Weekly-Market-Report_09_10_2022_compressed.pdf,6
2022-10-09,40,HANDY,PROMISE 2,32401,2010,"Samho Shipbuilding Co Ltd - Tongyeong,",4 MAN-B&W CRANES S. X 30t,14.0m,14.0,,Middle Eastern,BWTS fitted,allied_2022_W40_ALLIED-Weekly-Market-Report_09_10_2022_compressed.pdf,6
2022-10-09,40,HANDY,ANSAC CHRISTINE NANCY,32836,2013,"Kanda Zosensho K.K. - Kawajiri,","4 X Mitsubishi CRANES 30,5t",17.1m,17.1,,undisclosed,"BWTS fitted, open hatch",allied_2022_W40_ALLIED-Weekly-Market-Report_09_10_2022_compressed.pdf,6
2022-10-09,40,Cargo,NS EVE,5600,2003,"Murueta S.A. Murueta, Spain",- Wartsila,N/A,,,undisclosed,7,allied_2022_W40_ALLIED-Weekly-Market-Report_09_10_2022_compressed.pdf,6
2022-10-09,40,PMAX,GENOVA,,42532007,Dalian Shipbuilding Industry Co Ltd Dalian LN (No,- MAN-B&W 2,45.0m,45.0,,undisclosed,,allied_2022_W40_ALLIED-Weekly-Market-Report_09_10_2022_compressed.pdf,7
2022-10-09,40,SUB,X-PRESS MAKALU,,27142008,Stocznia Gdansk,SA 3 MAN-B&W X 45t,25.0m,25.0,,MSC,,allied_2022_W40_ALLIED-Weekly-Market-Report_09_10_2022_compressed.pdf,7
2022-10-09,40,FEEDER,JSP TITAN,,11221996,"Volkswerft Stralsund GmbH Stralsund, Germany",2 - Sulzer CRANES X 40t,5.8m,5.8,,undisclosed,"incl. TC attached at US$12,000/day until Jun '23",allied_2022_W40_ALLIED-Weekly-Market-Report_09_10_2022_compressed.pdf,7
2022-10-09,40,FEEDER,SUNNY LOTUS,,10482013,"DAESUN, S. Korea",MAN-B&W,15.5m,15.5,,S. Korean,,allied_2022_W40_ALLIED-Weekly-Market-Report_09_10_2022_compressed.pdf,7
2022-10-09,40,FEEDER,AS LAETITIA,,9572007,Yangfan Group Ltd - Zhoushan,"Co 2 ZJ, MAN CRANES X 45t",16.0m,16.0,,U. S. A. Based,,allied_2022_W40_ALLIED-Weekly-Market-Report_09_10_2022_compressed.pdf,7
2022-10-09,40,LPG,PROGRESS,58560,2009,"HYUNDAI HI, Korea","S. MAN-B&W 80,793",50.0m,50.0,,Foresight Group,,allied_2022_W40_ALLIED-Weekly-Market-Report_09_10_2022_compressed.pdf,7
2022-10-09,40,LPG,CLIPPER,56864,1992,"Nippon Kokan (NKK Corp) - ME, Japan","KK Tsu Sulzer 76,978",15.0m,15.0,,Far Eastern,,allied_2022_W40_ALLIED-Weekly-Market-Report_09_10_2022_compressed.pdf,7
2022-10-09,40,LPG,GAS TIGERS,54675,2016,"HYUNDAI HI, Korea","S. MAN-B&W 82,461",63.0m,63.0,,Swisschem,eco m/e,allied_2022_W40_ALLIED-Weekly-Market-Report_09_10_2022_compressed.pdf,7
2022-10-09,40,LPG,GAS GROUPER,26416,2009,"HYUNDAI HI, Korea Nantong CIMC","S. MAN-B&W 34,574",32.0m,32.0,,undisclosed,,allied_2022_W40_ALLIED-Weekly-Market-Report_09_10_2022_compressed.pdf,7
2022-10-09,40,LPG,PACIFIC SATURN,23724,2019,"Sinopacific Offshore& Engineering Co Qidong JS, China","MAN-B&W 21,560 Ltd -",,,,,,allied_2022_W40_ALLIED-Weekly-Market-Report_09_10_2022_compressed.pdf,7
2022-10-09,40,LPG,PACIFIC MARS,23708,2019,"Nantong CIMC Sinopacific Offshore& Engineering Co Qidong JS, China","MAN-B&W 21,560 Ltd -",,,,,,allied_2022_W40_ALLIED-Weekly-Market-Report_09_10_2022_compressed.pdf,7
2022-10-09,40,LPG,PACIFIC MERCURY,23704,2019,"Nantong CIMC Sinopacific Offshore& Engineering Co Qidong JS, China","MAN-B&W 21,560 Ltd - en bloc",133.0m,,133.0,undisclosed,sold to a JV of Navigator Gas & Greater Bay,allied_2022_W40_ALLIED-Weekly-Market-Report_09_10_2022_compressed.pdf,7
2022-10-09,40,LPG,PACIFIC VENUS,18599,2018,"Nantong CIMC Sinopacific Offshore& Engineering Co Qidong JS, China","MAN-B&W 17,075 Ltd -",,,,,,allied_2022_W40_ALLIED-Weekly-Market-Report_09_10_2022_compressed.pdf,7
2022-10-09,40,LPG,PACIFIC JUPITER,18599,2018,"Nantong CIMC Sinopacific Offshore& Engineering Co Qidong JS, China","MAN-B&W 17,075 Ltd -",,,,,8,allied_2022_W40_ALLIED-Weekly-Market-Report_09_10_2022_compressed.pdf,7
2022-10-16,41,VLCC,EUROPE,441561,2002,Daewoo Shipbuilding Marine Engineering,& Sulzer,43.0m,43.0,,undisclosed,,allied_2022_W41_ALLIED-Weekly-Market-Report_16_10_2022.pdf,6
2022-10-16,41,VLCC,CITY OF TOKYO,303994,2004,Universal Shipbuilding Corp Nagasu KM (Ariake,- B&W,49.0m,49.0,,undisclosed,,allied_2022_W41_ALLIED-Weekly-Market-Report_16_10_2022.pdf,6
2022-10-16,41,SUEZ,DA MING HU,159149,2003,Bohai Shipbuilding Heavy Industry Ltd - Huludao,"MAN-B&W Co LN,",22.0m,22.0,,Chinese,"BWTS fitted, cap I",allied_2022_W41_ALLIED-Weekly-Market-Report_16_10_2022.pdf,6
2022-10-16,41,AFRA,BLUESEA,113553,2006,"SAMSUNG HI, Korea",S. MAN-B&W,en bloc,,,undisclosed,"ice class 1A, bss dely within",allied_2022_W41_ALLIED-Weekly-Market-Report_16_10_2022.pdf,6
2022-10-16,41,AFRA,PAROSEA,113553,2006,"SAMSUNG HI, Korea",S. MAN-B&W,62.5m,62.5,,,Q4 '22,allied_2022_W41_ALLIED-Weekly-Market-Report_16_10_2022.pdf,6
2022-10-16,41,LR1,ALPINE PLYMOUTH,74606,2011,"Hyundai Mipo Dockyard Co Ltd Ulsan, S. Korea",- MAN-B&W EPOXY,,,,,,allied_2022_W41_ALLIED-Weekly-Market-Report_16_10_2022.pdf,6
2022-10-16,41,LR1,ALPINE PEMBROKE,74602,2010,"Hyundai Mipo Dockyard Co Ltd Ulsan, S. Korea",- MAN-B&W EPOXY,en bloc,,,undisclosed,BWTS fitted,allied_2022_W41_ALLIED-Weekly-Market-Report_16_10_2022.pdf,6
2022-10-16,41,LR1,ALPINE PACIFICA,74554,2011,"Hyundai Mipo Dockyard Co Ltd Ulsan, S. Korea",- MAN-B&W EPOXY,110.0m,,110.0,,,allied_2022_W41_ALLIED-Weekly-Market-Report_16_10_2022.pdf,6
2022-10-16,41,LR1,ALPINE PEARL,74552,2011,"Hyundai Mipo Dockyard Co Ltd Ulsan, S. Korea",- MAN-B&W EPOXY,,,,,,allied_2022_W41_ALLIED-Weekly-Market-Report_16_10_2022.pdf,6
2022-10-16,41,MR,BSL ELSA,51747,2009,"Hyundai Mipo Dockyard Co Ltd Ulsan, S. Korea",- MAN-B&W EPOXY PHEN,22.0m,22.0,,undisclosed,,allied_2022_W41_ALLIED-Weekly-Market-Report_16_10_2022.pdf,6
2022-10-16,41,MR,SWIFT OMAHA,46087,2010,"Hyundai Mipo Dockyard Co Ltd Ulsan, S. Korea",- MAN-B&W Epoxy Phenolic,25.0m,25.0,,undisclosed,,allied_2022_W41_ALLIED-Weekly-Market-Report_16_10_2022.pdf,6
2022-10-16,41,MR,STARMAN,45997,2008,"Shin Kurushima Dockyard Co. Ltd. Onishi, Japan",- MAN-B&W EPOXY,21.0m,21.0,,undisclosed,,allied_2022_W41_ALLIED-Weekly-Market-Report_16_10_2022.pdf,6
2022-10-16,41,MR,AURORA EXPRESS,45770,2002,Minaminippon Shipbuilding Co - Usuki OT,Ltd MAN-B&W EPOXY,10.0m,10.0,,Indian,DPP,allied_2022_W41_ALLIED-Weekly-Market-Report_16_10_2022.pdf,6
2022-10-16,41,CHEM,CHEM TIGER,20622,2003,"Usuki OT, Ltd - Japan",MAN-B&W Steel,11.8m,11.8,,Chinese,,allied_2022_W41_ALLIED-Weekly-Market-Report_16_10_2022.pdf,6
2022-10-16,41,PROD/,FURE VALO,17999,2018,AVIC Dingheng Shipbuilding Co,Ltd Wartsila Epoxy,,,,,,allied_2022_W41_ALLIED-Weekly-Market-Report_16_10_2022.pdf,6
2022-10-16,41,PROD/,VEN,17993,2019,Dingheng AVIC Shipbuilding Co,Ltd Wartsila Epoxy,,,,,,allied_2022_W41_ALLIED-Weekly-Market-Report_16_10_2022.pdf,6
2022-10-16,41,CAPE,ARETHOUSA,169770,2001,"Sasebo Heavy Industries Co. Ltd. Sasebo, Japan",- B&W,15.1m,15.1,,Greek,"BWTS fitted, SS passed",allied_2022_W41_ALLIED-Weekly-Market-Report_16_10_2022.pdf,6
2022-10-16,41,POST,CMB CHARDONNAY,95707,2012,Koyo Dockyard Ltd - Mihara,"Co HS, MAN-B&W",rgn,,,Chinese,"'22, BWTS SS/DD due Nov",allied_2022_W41_ALLIED-Weekly-Market-Report_16_10_2022.pdf,6
2022-10-16,41,PMAX,LARA VENTURE,93758,2011,Shipbuilding Industry Co Ltd,MAN-B&W -,20.2m,20.2,,Middle Eastern,BWTS fitted,allied_2022_W41_ALLIED-Weekly-Market-Report_16_10_2022.pdf,6
2022-10-16,41,KMAX,BULK HOLLAND,81712,2017,"Tsuneishi Heavy Industries (Cebu) Inc - Balamban,",MAN-B&W rgn,29.5 m,29.5,,Newport,"BWTS fitted, eco, bss dely before the end of Q4 '22",allied_2022_W41_ALLIED-Weekly-Market-Report_16_10_2022.pdf,6
2022-10-16,41,KMAX,FIORELA,81501,2011,"Hyundai Samho Heavy Industries Samho, Co Ltd -",MAN-B&W S.,21.8m,21.8,,Middle Eastern,"BWTS fitted, Tier II 7",allied_2022_W41_ALLIED-Weekly-Market-Report_16_10_2022.pdf,6
2022-10-16,41,BELLAVISTA LPG,EXPLORER,57555,2021,"Hyundai Samho Heavy Industries Co Ltd - Samho, Korea","MAN-B&W 88,200 S.",en bloc,,,undisclosed,,allied_2022_W41_ALLIED-Weekly-Market-Report_16_10_2022.pdf,7
2022-10-16,41,LPG,MONTE ROSA EXPLORER,57555,2021,"Hyundai Samho Heavy Industries Co Ltd - Samho, Korea","MAN-B&W 88,200 S.",186.0m,186.0,,,,allied_2022_W41_ALLIED-Weekly-Market-Report_16_10_2022.pdf,7
2022-10-16,41,LPG,MANGUSTA,28700,2022,"Hyundai Mipo Ltd Dockyard Co Ulsan, S. Korea","- 39,200",59.5m,59.5,,U. S. A. Based,"resale, built in Oct '22",allied_2022_W41_ALLIED-Weekly-Market-Report_16_10_2022.pdf,7
2022-10-16,41,LPG,NAVIGATOR MAGELLAN,23292,1998,"Mitsui Eng. & Co. Ltd., Chiba Works - Ichihara,","SB. 20,815 B&W",13.0m,13.0,,undisclosed,8,allied_2022_W41_ALLIED-Weekly-Market-Report_16_10_2022.pdf,7
2022-10-23,42,VLCC,SHIBLAH,316476,2003,"HYUNDAI HI, Korea",S. B&W,44.0m,44.0,,Chinese,bss ppt dely within early Nov '22,allied_2022_W42_ALLIED-Weekly-Market-Report_23_10_2022-min.pdf,6
2022-10-23,42,VLCC,PACIFIC M,299546,2019,"Hyundai Samho Heavy Industries Co Ltd - Samho, Korea",MAN-B&W S.,en bloc low,,,undisclosed,incl. TC attached,allied_2022_W42_ALLIED-Weekly-Market-Report_23_10_2022-min.pdf,6
2022-10-23,42,VLCC,NEPTUNE M,299546,2019,"Hyundai Samho Heavy Industries Co Ltd - Samho, Korea",MAN-B&W S.,180.0m,180.0,,,,allied_2022_W42_ALLIED-Weekly-Market-Report_23_10_2022-min.pdf,6
2022-10-23,42,SUEZ,EUROGLORY,166447,2005,"SPLIT, Croatia",B&W,26.0m,26.0,,undisclosed,cap I,allied_2022_W42_ALLIED-Weekly-Market-Report_23_10_2022-min.pdf,6
2022-10-23,42,SUEZ,CAP PHILIPPE,158920,2006,"SAMSUNG HI, Korea",S. MAN-B&W,32.7m,32.7,,Marshal Shipping,"old sale, BWTS fitted, ice class 1C",allied_2022_W42_ALLIED-Weekly-Market-Report_23_10_2022-min.pdf,6
2022-10-23,42,SUEZ,AQUAVIRTUE,156800,2022,"SAMSUNG HI, Korea",S. MAN-B&W,76.0m,76.0,,Thenamaris,bss dely within Dec '22,allied_2022_W42_ALLIED-Weekly-Market-Report_23_10_2022-min.pdf,6
2022-10-23,42,AFRA,P. FOS,155577,2007,"Sasebo Heavy Industries Co. Ltd. Sasebo, Japan",- MAN-B&W,34.0m,34.0,,undisclosed,,allied_2022_W42_ALLIED-Weekly-Market-Report_23_10_2022-min.pdf,6
2022-10-23,42,AFRA,SEA PUMA,115000,2023,"New Times Shipbuilding Co - Jingjiang JS, China",Ltd MAN-B&W EPOXY,en bloc,,,Navig8,bss dely within Q1 '23,allied_2022_W42_ALLIED-Weekly-Market-Report_23_10_2022-min.pdf,6
2022-10-23,42,AFRA,SEA TIGER,115000,2023,"New Times Shipbuilding Co - Jingjiang JS, China",Ltd MAN-B&W EPOXY,143.0m,,143.0,,,allied_2022_W42_ALLIED-Weekly-Market-Report_23_10_2022-min.pdf,6
2022-10-23,42,AFRA,SOLVIKEN,114523,2007,"SAMSUNG HI, Korea",S. MAN-B&W,32.5m,32.5,,undisclosed,"bss dely between Q4 '22 & Q1 '23, incl. TC attached at US $15,000/day until Feb '23, ice class 1A",allied_2022_W42_ALLIED-Weekly-Market-Report_23_10_2022-min.pdf,6
2022-10-23,42,AFRA,HAO YU,105522,2005,"Sumitomo Heavy Industries Marine Engineering Co., Guangzhou",& Wartsila,27.0m,27.0,,Middle Eastern,"BWTS fitted, scrubber fitted",allied_2022_W42_ALLIED-Weekly-Market-Report_23_10_2022-min.pdf,6
2022-10-23,42,MR,GOTLAND SOFIA,53187,2007,Shipyard International Co - Guangzhou China,"Ltd Wartsila GD, Epoxy Phenolic",,,,,,allied_2022_W42_ALLIED-Weekly-Market-Report_23_10_2022-min.pdf,6
2022-10-23,42,MR,GOTLAND ALIYA,53148,2008,Guangzhou Shipyard International Co - Guangzhou China,"Ltd Wartsila GD, Epoxy Phenolic en bloc",55.0m,,55.0,Chinese,super ice class 1A,allied_2022_W42_ALLIED-Weekly-Market-Report_23_10_2022-min.pdf,6
2022-10-23,42,MR GOTLAND,MARIEANN,53116,2008,Guangzhou Shipyard International Co - Guangzhou,"Ltd Wartsila GD, Epoxy Phenolic",,,,,,allied_2022_W42_ALLIED-Weekly-Market-Report_23_10_2022-min.pdf,6
2022-10-23,42,MR,FALCON BAY,47147,2009,"China Hyundai Mipo Dockyard Co Ltd Ulsan, S. Korea",- MAN-B&W Epoxy Phenolic,23.0m,23.0,,undisclosed,BWTS fitted,allied_2022_W42_ALLIED-Weekly-Market-Report_23_10_2022-min.pdf,6
2022-10-23,42,PROD/,FOREST PARK,19803,2013,Kitanihon Shipbuilding Co,Ltd Mitsubishi Stainless,22.0m,22.0,,undisclosed,,allied_2022_W42_ALLIED-Weekly-Market-Report_23_10_2022-min.pdf,6
2022-10-23,42,CHEM,RF ALICE,13273,2008,"Co Ltd - Busan, Korea",S. MAN-B&W Phenolic,7.1m,7.1,,Vietnamese,,allied_2022_W42_ALLIED-Weekly-Market-Report_23_10_2022-min.pdf,6
2022-10-23,42,PROD/,DS COUGAR,12585,2009,Shitanoe Shipbuilding Co,Ltd MAN-B&W Stainless,13.5m,13.5,,undisclosed,,allied_2022_W42_ALLIED-Weekly-Market-Report_23_10_2022-min.pdf,6
2022-10-23,42,SMALL,DUMANKAYA,4622,2007,Ceksan Gemi Celik Konstruksiyon,Insa Wartsila San Siloxirane (MarineLI NE),5.7m,5.7,,Murmansk,ice class 1A 7,allied_2022_W42_ALLIED-Weekly-Market-Report_23_10_2022-min.pdf,6
2022-10-23,42,CAPE,ORIENT ANGEL,176859,2007,"Namura Shipbuilding Co - Imari SG, Japan",MAN-B&W Ltd,N/A,,,Turkish,,allied_2022_W42_ALLIED-Weekly-Market-Report_23_10_2022-min.pdf,7
2022-10-23,42,PMAX,JIN LANG,93280,2010,"Shipbuilding Co - Jingjiang JS, China",Ltd,en bloc,,,Greek,BWTS fitted,allied_2022_W42_ALLIED-Weekly-Market-Report_23_10_2022-min.pdf,7
2022-10-23,42,POST,JIN MEI,93204,2010,Jiangsu Newyangzi Shipbuilding Co,MAN-B&W Ltd,34.5m,34.5,,,,allied_2022_W42_ALLIED-Weekly-Market-Report_23_10_2022-min.pdf,7
2022-10-23,42,PMAX,GREAT GLEN,93252,2010,"Ships Co Ltd Yizheng JS, China",- MAN-B&W,en bloc,,,Eastern Middle,BWTS fitted,allied_2022_W42_ALLIED-Weekly-Market-Report_23_10_2022-min.pdf,7
2022-10-23,42,POST,GREAT ANIMATION,93204,2011,Jiangsu Jinling Ships Co Ltd,- MAN-B&W,37.0m,37.0,,,,allied_2022_W42_ALLIED-Weekly-Market-Report_23_10_2022-min.pdf,7
2022-10-23,42,KMAX,AROUZU,82113,2012,"Tsuneishi Shipbuilding Co - Tadotsu KG, Japan",Ltd MAN-B&W,undisclosed,,,Greek,"BWTS fitted, scrubber fitted, SS/DD passed",allied_2022_W42_ALLIED-Weekly-Market-Report_23_10_2022-min.pdf,7
2022-10-23,42,KMAX,CCS ORCHID,81966,2017,"Jiangsu Newyangzi Shipbuilding Co - Jingjiang JS, China",Ltd MAN-B&W,en bloc,,,Chinese,"BWTS fitted, eco",allied_2022_W42_ALLIED-Weekly-Market-Report_23_10_2022-min.pdf,7
2022-10-23,42,KMAX,MSXT HERA,81738,2018,"Chengxi Shipyard Co Ltd - Jiangyin JS, China",MAN-B&W,54.0m,54.0,,,,allied_2022_W42_ALLIED-Weekly-Market-Report_23_10_2022-min.pdf,7
2022-10-23,42,PMAX,TAI PROSPERITY,77747,2005,"China Shipbuilding Corp - Keelung, Taiwan",MAN-B&W,11.6m,11.6,,Chinese,"BWTS novated separately at US $250,000",allied_2022_W42_ALLIED-Weekly-Market-Report_23_10_2022-min.pdf,7
2022-10-23,42,PMAX,PAN DIVA,76830,2004,"Sasebo Heavy Industries Co. Ltd. Sasebo, Japan",- B&W,13.1m,13.1,,undisclosed,BWTS fitted,allied_2022_W42_ALLIED-Weekly-Market-Report_23_10_2022-min.pdf,7
2022-10-23,42,PMAX,DOOYANG JEJU,76634,2002,Imabari Shipbuilding Co - Marugame,Ltd MAN-B&W KG,9.9m,9.9,,undisclosed,,allied_2022_W42_ALLIED-Weekly-Market-Report_23_10_2022-min.pdf,7
2022-10-23,42,PMAX,BLUE CHIP,76596,2007,Imabari Shipbuilding Co - Marugame,Ltd MAN-B&W KG,15.0m,15.0,,S. Korean,BWTS fitted,allied_2022_W42_ALLIED-Weekly-Market-Report_23_10_2022-min.pdf,7
2022-10-23,42,PMAX,CABRILLO,75200,2010,"YANGZHOU, China",MAN-B&W,15.8m,15.8,,undisclosed,BWTS fitted,allied_2022_W42_ALLIED-Weekly-Market-Report_23_10_2022-min.pdf,7
2022-10-23,42,HANDY,OCEAN SATOKO,37215,2011,"Hyundai Mipo Dockyard Co Ltd Ulsan, S. Korea",4 - MAN-B&W CRANES X 30t $,17.0m,17.0,,Vietnamese,BWTS fitted,allied_2022_W42_ALLIED-Weekly-Market-Report_23_10_2022-min.pdf,7
2022-10-23,42,HANDY,YANGTZE ETERNAL,32573,2011,Jiangmen Nanyang Ship Engineering Co Ltd - Jiangmen,4 MAN-B&W CRANES X 30t rgn,13.5 m,13.5,,undisclosed,,allied_2022_W42_ALLIED-Weekly-Market-Report_23_10_2022-min.pdf,7
2022-10-23,42,HANDY,ORIENT MATE,32471,2014,Korea Yanase Tongyeong,4 MAN-B&W CRANES X 30t,16.8m,16.8,,Greek,"BWTS fitted, scrubber fitted",allied_2022_W42_ALLIED-Weekly-Market-Report_23_10_2022-min.pdf,7
2022-10-23,42,General,THORCO LEGACY,16954,2014,Honda Zosen,- 2 MAN-B&W X 50t,14.0m,14.0,,undisclosed,BWTS fitted,allied_2022_W42_ALLIED-Weekly-Market-Report_23_10_2022-min.pdf,7
2022-10-23,42,LPG,GAS ARIES,53688,2016,"Jiangnan Shipyard (Group) Co Ltd Shanghai, China","- MAN-B&W 81,429",N/A,,,COSCO Shipping,eco 8,allied_2022_W42_ALLIED-Weekly-Market-Report_23_10_2022-min.pdf,7
2022-10-30,43,VLCC,BRILLIANT JEWEL,305178,2002,Daewoo Shipbuilding Marine Engineering,& B&W,40.0m,40.0,,undisclosed,BWTS fitted,allied_2022_W43_ALLIED-Weekly-Market-Report_30_10_2022.pdf,6
2022-10-30,43,SUEZ,RS AURORA,159812,2018,Shanghai Waigaoqiao Shipbuilding Co,MAN-B&W Ltd,64.0m,64.0,,Delta Tankers,"BWTS fitted. eco , SS/DD passed",allied_2022_W43_ALLIED-Weekly-Market-Report_30_10_2022.pdf,6
2022-10-30,43,SUEZ,LILA SHENZHEN,159549,2004,Bohai Shipbuilding Heavy Industry Ltd - Huludao,"Co MAN-B&W LN,",25.0m,25.0,,Chinese,BWTS fitted,allied_2022_W43_ALLIED-Weekly-Market-Report_30_10_2022.pdf,6
2022-10-30,43,SUEZ,VALTAMED,158609,2004,Daewoo Shipbuilding Marine Engineering,& B&W,26.0m,26.0,,European,,allied_2022_W43_ALLIED-Weekly-Market-Report_30_10_2022.pdf,6
2022-10-30,43,SUEZ,KIMOLOS WARRIOR,157258,2013,"SAMSUNG HI, Korea",S. MAN-B&W rgn,46.0m,46.0,,Turkish,"ice class 1C, BWTS fitted",allied_2022_W43_ALLIED-Weekly-Market-Report_30_10_2022.pdf,6
2022-10-30,43,LR2,RAFFLES HARMONY,105405,2013,"HYUNDAI HI, Korea",S. MAN-B&W EPOXY,41.8m,41.8,,undisclosed,"DPP, scrubber fitted, BWTS fitted",allied_2022_W43_ALLIED-Weekly-Market-Report_30_10_2022.pdf,6
2022-10-30,43,LR1,HOUSTON STAR,74999,2004,"HYUNDAI HI, Korea",S. MAN-B&W EPOXY,13.0m,13.0,,Turkish,,allied_2022_W43_ALLIED-Weekly-Market-Report_30_10_2022.pdf,6
2022-10-30,43,MR,CELSIUS RIMINI,53603,2009,"Shin Kurushima Dockyard Co. Ltd. Onishi, Japan",- Mitsubishi EPOXY,24.3m,24.3,,undisclosed,"BWTS fitted, end Jan '23 cancelling",allied_2022_W43_ALLIED-Weekly-Market-Report_30_10_2022.pdf,6
2022-10-30,43,MR,ATLANTICA BELL,50844,2006,"STX Shipbuilding Co Ltd - Changwon (Jinhae Shipyard),",MAN-B&W S. Epoxy Phenolic,20.7m,20.7,,undisclosed,"BWTS fitted, ice class 1A",allied_2022_W43_ALLIED-Weekly-Market-Report_30_10_2022.pdf,6
2022-10-30,43,CHEM,BRO ANNA,16868,2008,"Ticaret Koll. Sti. Tuzla, Turkey",- MAN Phenolic,en bloc,,,undisclosed,ice class 1A,allied_2022_W43_ALLIED-Weekly-Market-Report_30_10_2022.pdf,6
2022-10-30,43,CHEM,BRO AGNES,16791,2008,"Deniz Isl. A.S. Tuzla, Turkey",- MAN PHEN,,,,,,allied_2022_W43_ALLIED-Weekly-Market-Report_30_10_2022.pdf,6
2022-10-30,43,CHEM,BERNORA,13000,2008,"Shipbuilding Co - Tongyeong,",Ltd MAN-B&W S.,7.8m,7.8,,Norwegian,"BWTS fitted, IMO II",allied_2022_W43_ALLIED-Weekly-Market-Report_30_10_2022.pdf,6
2022-10-30,43,SMALL,MIS 3,3842,2005,"K.K. Miura Zosensho - Saiki,",Daihatsu EPOXY,3.0m,3.0,,S. Korean,,allied_2022_W43_ALLIED-Weekly-Market-Report_30_10_2022.pdf,6
2022-10-30,43,POST,PELLONIA,93386,2010,Jiangsu Newyangzi Shipbuilding Co,Ltd MAN-B&W,17.3m,17.3,,undisclosed,BWTS fitted,allied_2022_W43_ALLIED-Weekly-Market-Report_30_10_2022.pdf,6
2022-10-30,43,PMAX,PRABHU PUNI,76015,2002,"Tsuneishi Shipbuilding Co - Fukuyama HS,",Ltd B&W,11.5m,11.5,,undisclosed,BWTS fitted,allied_2022_W43_ALLIED-Weekly-Market-Report_30_10_2022.pdf,6
2022-10-30,43,PMAX,SEAWIND,75637,2006,"Sanoyas Hishino Meisho Corp Kurashiki OY, Japan",- MAN-B&W,15.2m,15.2,,undisclosed,BWTS fitted,allied_2022_W43_ALLIED-Weekly-Market-Report_30_10_2022.pdf,6
2022-10-30,43,SMAX,FANOULA,56560,2008,IHI Marine United Inc - Yokohama Japan,"4 KN, Wartsila CRANES X 35t",16.0m,16.0,,Chinese,BWTS fitted,allied_2022_W43_ALLIED-Weekly-Market-Report_30_10_2022.pdf,6
2022-10-30,43,SMAX,SEA ETIQUETTE,51658,2011,"Oshima Shipbuilding Co - Saikai NS, Japan",4 Ltd MAN-B&W CRANES X 30t,19.0m,19.0,,Cypriot,BWTS fitted,allied_2022_W43_ALLIED-Weekly-Market-Report_30_10_2022.pdf,6
2022-10-30,43,HANDY,WAAL CONFIDENCE,33387,2009,"Shin Kochi Jyuko K.K. - Kochi, Japan",4 Mitsubishi CRANES X 30t,15.2m,15.2,,undisclosed,BWTS fitted,allied_2022_W43_ALLIED-Weekly-Market-Report_30_10_2022.pdf,6
2022-10-30,43,HANDY,MINER,33002,2010,Taizhou Haibin Shipbuilding Repairing Co Ltd,4 X & MAN-B&W CRANES -,"30,5t N/A",,,Greek,BWTS fitted,allied_2022_W43_ALLIED-Weekly-Market-Report_30_10_2022.pdf,6
2022-10-30,43,HANDY,ALAM SERI,29562,2011,"Shikoku Dockyard Co. Ltd. - Takamatsu, Japan","4 X MAN-B&W CRANES 30,5t",12.2m,12.2,,undisclosed,BWTS fitted 7,allied_2022_W43_ALLIED-Weekly-Market-Report_30_10_2022.pdf,6
2022-10-30,43,LPG,EPIC BALTA,5076,2000,"Higaki Zosen K.K. Imabari, Japan","- MAN-B&W 6,185",6.0m,6.0,,undisclosed,DD passed 8,allied_2022_W43_ALLIED-Weekly-Market-Report_30_10_2022.pdf,7
2022-11-06,44,SUEZ RIDGEBURY,NICHOLAS,159395,2007,Universal Shipbuilding Corp Nagasu KM (Ariake,- MAN-B&W rgn,34.0m,34.0,,undisclosed,"SS/DD due Nov '22, scrubber fitted",allied_2022_W44_ALLIED-Weekly-Market-Report_06_11_2022_compressed.pdf,6
2022-11-06,44,LR2,DAEHAN 5075,115000,2022,Daehan Shipbuilding Co - Hwawon (Haenam,Ltd MAN-B&W EPOXY,72.5m,72.5,,Navig8,"resale, bss dely within Dec '22",allied_2022_W44_ALLIED-Weekly-Market-Report_06_11_2022_compressed.pdf,6
2022-11-06,44,AFRA,BEKS SWAN,108929,2009,Shanghai Waigaoqiao Shipbuilding Co,MAN-B&W Ltd EPOXY,36.0m,36.0,,undisclosed,,allied_2022_W44_ALLIED-Weekly-Market-Report_06_11_2022_compressed.pdf,6
2022-11-06,44,LR1,ORTOLAN COCO,74992,2008,"SPLIT, Croatia",MAN-B&W Epoxy Phenolic,20.0m,20.0,,Greeks,"ice class 1A, bss dely within Jan '22",allied_2022_W44_ALLIED-Weekly-Market-Report_06_11_2022_compressed.pdf,6
2022-11-06,44,LR1,LIBERTY,74862,2009,STX Offshore Shipbuilding Co - Changwon (Jinhae,& Ltd MAN-B&W EPOXY,23.0m,23.0,,undisclosed,,allied_2022_W44_ALLIED-Weekly-Market-Report_06_11_2022_compressed.pdf,6
2022-11-06,44,LR1,NORDIC TRISTAN,73604,2007,"New Times Shipbuilding Co - Jingjiang JS, China",Ltd MAN-B&W EPOXY,20.5m,20.5,,undisclosed,BWTS fitted,allied_2022_W44_ALLIED-Weekly-Market-Report_06_11_2022_compressed.pdf,6
2022-11-06,44,MR,ERAWAN 10,44998,2003,"Iwagi Zosen Co Kamijima EH, Japan",Ltd - MAN-B&W EPOXY,12.0m,12.0,,Far Eastern,DPP,allied_2022_W44_ALLIED-Weekly-Market-Report_06_11_2022_compressed.pdf,6
2022-11-06,44,MR,PSS VITALITY,37297,2002,"Hyundai Mipo Dockyard Co Ltd Ulsan, S. Korea",- B&W EPOXY,en bloc xs,,,Far Eastern,,allied_2022_W44_ALLIED-Weekly-Market-Report_06_11_2022_compressed.pdf,6
2022-11-06,44,MR,PSS ENERGY,37244,2001,"Hyundai Mipo Dockyard Co Ltd Ulsan, S. Korea",- B&W Epoxy Phenolic,25.0m,,25.0,,,allied_2022_W44_ALLIED-Weekly-Market-Report_06_11_2022_compressed.pdf,6
2022-11-06,44,PROD/,CHEM LUCK,11564,1997,Fukuoka Shipbuilding Co,Ltd B&W Stainless,3.3m,3.3,,Chinese,via online auction,allied_2022_W44_ALLIED-Weekly-Market-Report_06_11_2022_compressed.pdf,6
2022-11-06,44,CAPE,TRUE PATRIOT,180967,2016,Imabari Shipbuilding Co - Mihara HS,Ltd MAN-B&W,39.8m,39.8,,undisclosed,BWTS fitted,allied_2022_W44_ALLIED-Weekly-Market-Report_06_11_2022_compressed.pdf,6
2022-11-06,44,CAPE,EDWARD N,176216,2011,Shanghai Waigaoqiao Shipbuilding Co,MAN-B&W Ltd rgn,23.0 m,23.0,,Taiwanese,BWTS fitted,allied_2022_W44_ALLIED-Weekly-Market-Report_06_11_2022_compressed.pdf,6
2022-11-06,44,CAPE,AQUAFORTUNE,174725,2011,"Namura Shipbuilding Co - Imari SG, Japan",Ltd MAN-B&W,27.0m,27.0,,undisclosed,,allied_2022_W44_ALLIED-Weekly-Market-Report_06_11_2022_compressed.pdf,6
2022-11-06,44,POST,CMB VAN MIEGHEM,95737,2011,Imabari Shipbuilding Co,Ltd MAN-B&W,21.0m,21.0,,undisclosed,BWTS fitted,allied_2022_W44_ALLIED-Weekly-Market-Report_06_11_2022_compressed.pdf,6
2022-11-06,44,PMAX,NAVIOS TAURUS,76596,2005,Imabari Shipbuilding Co - Marugame,Ltd B&W KG,14.0m,14.0,,Indonesian,BWTS fitted,allied_2022_W44_ALLIED-Weekly-Market-Report_06_11_2022_compressed.pdf,6
2022-11-06,44,UMAX,NORD YUCATAN,63500,2019,Nantong Xiangyu Shipbuilding Offshore,4 & MAN-B&W CRANES X 35t,28.5m,28.5,,Tomasos Brothers,"eco, scrubber fitted",allied_2022_W44_ALLIED-Weekly-Market-Report_06_11_2022_compressed.pdf,6
2022-11-06,44,SMAX,PAN CROCUS,57269,2009,STX (Dalian) Shipbuilding Co - Wafangdian,"4 Ltd MAN-B&W CRANES LN, X 30t",14.7m,14.7,,undisclosed,BWTS fitted,allied_2022_W44_ALLIED-Weekly-Market-Report_06_11_2022_compressed.pdf,6
2022-11-06,44,SMAX,PORTHOS,56825,2010,Jiangsu Hantong Ship Heavy Industry Co Ltd,4 MAN-B&W CRANES - X 35t,16.0m,16.0,,undisclosed,DD due Nov '22,allied_2022_W44_ALLIED-Weekly-Market-Report_06_11_2022_compressed.pdf,6
2022-11-06,44,SMAX,JIN FENG,52686,2004,"Oshima Shipbuilding Co - Saikai NS, Japan",4 Ltd MAN-B&W CRANES X 30t,13.3m,13.3,,Xinfeng HK Shipping,BWTS fitted,allied_2022_W44_ALLIED-Weekly-Market-Report_06_11_2022_compressed.pdf,6
2022-11-06,44,SMAX,JIAN DA,52677,2005,"Oshima Shipbuilding Co - Saikai NS, Japan",4 Ltd MAN-B&W CRANES X 30t,13.2m,13.2,,Turkish,old sale,allied_2022_W44_ALLIED-Weekly-Market-Report_06_11_2022_compressed.pdf,6
2022-11-06,44,SMAX,WORLDERA-6,52292,2005,"Tsuneishi Heavy Industries (Cebu) Inc - Balamban,",4 B&W CRANES X 30t rgn,12.5m,12.5,,undisclosed,BWTS fitted,allied_2022_W44_ALLIED-Weekly-Market-Report_06_11_2022_compressed.pdf,6
2022-11-06,44,HANDY,BELLE ETOILE,28230,2014,"I-S Shipyard Co Imabari EH, Japan","Ltd - 4 X MAN-B&W CRANES 30,5t",14.0m,14.0,,undisclosed,7,allied_2022_W44_ALLIED-Weekly-Market-Report_06_11_2022_compressed.pdf,6
2022-11-06,44,SUB,X-PRESS,,,Nordseewerke,3,X 45t,,,,,allied_2022_W44_ALLIED-Weekly-Market-Report_06_11_2022_compressed.pdf,7
2022-11-06,44,LNG,KOOL BOREAS,93585,2015,"STX Offshore Shipbuilding Co - Changwon (Jinhae Shipyard), S. Korea","& Ltd MAN 167,158",,,,,,allied_2022_W44_ALLIED-Weekly-Market-Report_06_11_2022_compressed.pdf,7
2022-11-06,44,LNG,KOOL BALTIC,93508,2015,"STX Offshore Shipbuilding Co - Changwon (Jinhae Shipyard), S. Korea","& Ltd MAN 167,062",en bloc,,,CoolCo,,allied_2022_W44_ALLIED-Weekly-Market-Report_06_11_2022_compressed.pdf,7
2022-11-06,44,LNG,KOOL FIRN,93025,2020,"Hyundai Samho Heavy Industries Co Ltd - Samho, Korea","WinGD 170,479 S.",660.0m,,660.0,,,allied_2022_W44_ALLIED-Weekly-Market-Report_06_11_2022_compressed.pdf,7
2022-11-06,44,LNG,KOOL ORCA,92969,2021,"Hyundai Samho Heavy Industries Co Ltd - Samho, Korea","WinGD 170,551 S.",,,,,,allied_2022_W44_ALLIED-Weekly-Market-Report_06_11_2022_compressed.pdf,7
2022-11-06,44,LNG,METHANE HEATHER SALLY,79084,2007,"SAMSUNG HI, Korea","S. Kawasaki 142,100",50.0m,50.0,,Shandong Shipping,incl. BBB charter 8,allied_2022_W44_ALLIED-Weekly-Market-Report_06_11_2022_compressed.pdf,7
2022-11-13,45,VLCC,ELANDRA ELBRUS,299999,2020,"HYUNDAI HI, Korea",S. MAN-B&W,en bloc,,,Bahri,"eco, scrubber fitted",allied_2022_W45_ALLIED-Weekly-Market-Report_13_11_2022.pdf,6
2022-11-13,45,VLCC,ELANDRA DENALI,299999,2020,"HYUNDAI HI, Korea",S. MAN-B&W,227.0m,,227.0,,,allied_2022_W45_ALLIED-Weekly-Market-Report_13_11_2022.pdf,6
2022-11-13,45,HYUNDAI,VIETNAM,510,,Hyundai - Vietnam,,,,,,"incl. 3 year TC attached,",allied_2022_W45_ALLIED-Weekly-Market-Report_13_11_2022.pdf,6
2022-11-13,45,LR2,(ELANDRA FINCH),115000,2023,"Shipbuilding Co - Ninh Hoa,",MAN-B&W Ltd EPOXY,75.0m,75.0,,CM Lemos,"scrubber fitted, resale Jun '23",allied_2022_W45_ALLIED-Weekly-Market-Report_13_11_2022.pdf,6
2022-11-13,45,LR1,AUGUSTA,72344,2003,Hudong-Zhonghua Shipbuilding (Group) Co Ltd,MAN-B&W - EPOXY,12.0m,12.0,,undisclosed,,allied_2022_W45_ALLIED-Weekly-Market-Report_13_11_2022.pdf,6
2022-11-13,45,MR,BISMARK BERNAS,50554,2008,"SPP Plant & Shipbuilding Co - Sacheon, S. Korea",Ltd MAN-B&W EPOXY,N/A,,,Turkish,,allied_2022_W45_ALLIED-Weekly-Market-Report_13_11_2022.pdf,6
2022-11-13,45,MR,GOLDEN CAMELLIA,34783,2021,"Fujian Mawei Shipbuilding Ltd Fuzhou FJ, China",- WinGD Epoxy Phenolic rgn,34.5m,34.5,,undisclosed,"eco, BWTS fitted",allied_2022_W45_ALLIED-Weekly-Market-Report_13_11_2022.pdf,6
2022-11-13,45,CHEM,GS FUTURE,17532,2009,"Tongyeong, Korea",MAN-B&W S. Interline,en bloc rgn,,,undisclosed,bss dely within '23,allied_2022_W45_ALLIED-Weekly-Market-Report_13_11_2022.pdf,6
2022-11-13,45,PROD/,GS FORWARD,17527,2008,Samho Shipbuilding Co Ltd -,MAN-B&W Interline,24.0m,24.0,,,,allied_2022_W45_ALLIED-Weekly-Market-Report_13_11_2022.pdf,6
2022-11-13,45,PROD/,WOOJIN CHEMS,12675,1999,"Asakawa Zosen K.K. - Imabari,",B&W Stainless,N/A,,,Laju Tanker Berlian,,allied_2022_W45_ALLIED-Weekly-Market-Report_13_11_2022.pdf,6
2022-11-13,45,CAPE,NAVIOS OBELIKS,181415,2012,Koyo Dockyard Ltd - Mihara Japan,"Co HS, MAN-B&W",29.5m,29.5,,Maritime Synergy,"BWTS fitted, scrubber fitted",allied_2022_W45_ALLIED-Weekly-Market-Report_13_11_2022.pdf,6
2022-11-13,45,CAPE,HL SHINBORYEONG,179294,2010,"Hyundai Samho Heavy Industries Co Ltd - Samho,",MAN-B&W S.,25.0m,25.0,,Korean,,allied_2022_W45_ALLIED-Weekly-Market-Report_13_11_2022.pdf,6
2022-11-13,45,KMAX,KEY LIGHT,83027,2012,"Sanoyas Shipbuilding Corp Kurashiki OY, Japan",- MAN-B&W,23.0m,23.0,,Dhabi Port Abu,"BWTS fitted, tier II",allied_2022_W45_ALLIED-Weekly-Market-Report_13_11_2022.pdf,6
2022-11-13,45,KMAX,DARYA LOK,81874,2012,Daewoo Shipbuilding Marine Engineering,& MAN-B&W $,21.5m,21.5,,undisclosed,BWTS fitted,allied_2022_W45_ALLIED-Weekly-Market-Report_13_11_2022.pdf,6
2022-11-13,45,KMAX,CMB PARTNER,81805,2016,"Tsuneishi Heavy Industries (Cebu) Inc - Balamban,",MAN-B&W $,29.0m,29.0,,Minerva Marine,"bss dely within Feb '23, eco, BWTS fitted, Tier II",allied_2022_W45_ALLIED-Weekly-Market-Report_13_11_2022.pdf,6
2022-11-13,45,PMAX,CERAFINA,74759,2005,Hudong-Zhonghua Shipbuilding (Group) Co Ltd,MAN-B&W - $,12.0m,12.0,,Greek,,allied_2022_W45_ALLIED-Weekly-Market-Report_13_11_2022.pdf,6
2022-11-13,45,SMAX,BULK CARINA,57819,2016,"Tsuneishi Heavy Industries (Cebu) Inc - Balamban,",4 MAN-B&W CRANES X 30t $,22.0m,22.0,,Greek,"BWTS fitted, bss ppt dely in Taiwan",allied_2022_W45_ALLIED-Weekly-Market-Report_13_11_2022.pdf,6
2022-11-13,45,SMAX,AZZURA,52050,2004,Marine United IHI Inc - Yokohama Japan,"4 KN, Sulzer CRANES X 30t",12.8m,12.8,,undisclosed,BWTS fitted,allied_2022_W45_ALLIED-Weekly-Market-Report_13_11_2022.pdf,6
2022-11-13,45,HANDY,OCEAN ECHO,37084,2013,"Saiki Heavy Industries Co Ltd Saiki OT, Japan",4 - Mitsubishi CRANES X 30t,17.5m,17.5,,undisclosed,"open hatch, BWTS fitted",allied_2022_W45_ALLIED-Weekly-Market-Report_13_11_2022.pdf,6
2022-11-13,45,HANDY,MANTA CICEK,31997,2011,"The Hakodate Co Ltd - Hakodate HK, Japan",Dock 4 Mitsubishi CRANES X 30t,15.5m,15.5,,Negmar Shipping,,allied_2022_W45_ALLIED-Weekly-Market-Report_13_11_2022.pdf,6
2022-11-13,45,HANDY,BLUE BAIE,31734,2006,"Saiki Heavy Industries Co Ltd Saiki OT, Japan",4 - Mitsubishi CRANES X 30t,13.0m,13.0,,Turkish,"BWTS fitted, bss dely within Feb '23",allied_2022_W45_ALLIED-Weekly-Market-Report_13_11_2022.pdf,6
2022-11-13,45,HANDY,TRUDY,30790,2009,Traffic Jingjiang Shipyard - Jingjiang JS,3 MAN-B&W CRANES X 30t,13.0m,13.0,,Brodin Shipping,"BWTS fitted, ice class 1C 7",allied_2022_W45_ALLIED-Weekly-Market-Report_13_11_2022.pdf,6
2022-11-13,45,LPG,PROMISE,54633,2009,"Daewoo Shipbuilding Marine Engineering Co Ltd - Geoje,","& MAN-B&W 82,423 S.",40.8m,40.8,,undisclosed,"incl TC attached at US$30,000/day until Oct ' 22 plus 1y option 8",allied_2022_W45_ALLIED-Weekly-Market-Report_13_11_2022.pdf,7
2022-11-20,46,SUEZ,MARIA GRACE,160289,2002,"SAMSUNG HI, Korea",S. B&W,22.5m,22.5,,Turkish,BWTS fitted,allied_2022_W46_ALLIED-Weekly-Market-Report_20_11_2022.pdf,6
2022-11-20,46,AFRA,ALTHEA,115194,2022,Daehan Shipbuilding Co - Hwawon (Haenam,Ltd MAN-B&W EPOXY,72.5m,72.5,,Navig8,,allied_2022_W46_ALLIED-Weekly-Market-Report_20_11_2022.pdf,6
2022-11-20,46,AFRA,KARACHI,107081,2003,Imabari Shipbuilding Co - Marugame,Ltd B&W KG,19.0m,19.0,,undisclosed,,allied_2022_W46_ALLIED-Weekly-Market-Report_20_11_2022.pdf,6
2022-11-20,46,AFRA,SIFIS,105827,2007,Tsuneishi Holdings Corp Tsuneishi Shipbuilding Co,MAN-B&W -,32.2m,32.2,,undisclosed,BWTS fitted,allied_2022_W46_ALLIED-Weekly-Market-Report_20_11_2022.pdf,6
2022-11-20,46,LR1,PGC IKAROS,72829,2004,Hudong-Zhonghua Shipbuilding (Group) Co Ltd,MAN-B&W - EPOXY,12.7m,12.7,,Turkish,BWTS fitted,allied_2022_W46_ALLIED-Weekly-Market-Report_20_11_2022.pdf,6
2022-11-20,46,MR,ATHLOS,50034,2016,Samsung Heavy Industries (Ningbo) Co Ltd - Ningbo,"Wartsila ZJ, Epoxy Phenolic",41.0m,41.0,,undisclosed,BWTS fitted,allied_2022_W46_ALLIED-Weekly-Market-Report_20_11_2022.pdf,6
2022-11-20,46,MR,VALLERMOSA,40218,2003,"Hyundai Mipo Dockyard Co Ltd Ulsan, S. Korea",- B&W EPOXY,12.0m,12.0,,Chinese,"IMO II/III, CPP",allied_2022_W46_ALLIED-Weekly-Market-Report_20_11_2022.pdf,6
2022-11-20,46,MR,CAPE GUINEA,37554,2008,"Hyundai Mipo Dockyard Co Ltd Ulsan, S. Korea",- MAN-B&W EPOXY,16.4m,16.4,,Greek,,allied_2022_W46_ALLIED-Weekly-Market-Report_20_11_2022.pdf,6
2022-11-20,46,MR,PERSEUS N,36264,2009,"Hyundai Mipo Dockyard Co Ltd Ulsan, S. Korea",- MAN-B&W EPOXY,N/A,,,Turkish,"BWTS fitted, ice class 1A",allied_2022_W46_ALLIED-Weekly-Market-Report_20_11_2022.pdf,6
2022-11-20,46,CHEM,MTM TOKYO,20857,2003,"Shipbuilding Co - Hachinohe, Japan",Ltd Mitsubishi Steel,en bloc,,,,,allied_2022_W46_ALLIED-Weekly-Market-Report_20_11_2022.pdf,6
2022-11-20,46,PROD/,MTM FAIRFIELD,20585,2002,Fukuoka Shipbuilding Co,Ltd Mitsubishi Stainless,22.0m,22.0,,undisclosed,BWTS fitted,allied_2022_W46_ALLIED-Weekly-Market-Report_20_11_2022.pdf,6
2022-11-20,46,PROD/,YU RU,16718,2011,Taizhou Maple Shipbuilding Co,Leaf Ltd MAN-B&W Marine,12.5m,12.5,,Indian,ice class II,allied_2022_W46_ALLIED-Weekly-Market-Report_20_11_2022.pdf,6
2022-11-20,46,PROD/,STO CAMELLIA,11679,2000,Higaki Zosen K.K.,- Mitsubishi StSt,5.6m,5.6,,Indonesian,,allied_2022_W46_ALLIED-Weekly-Market-Report_20_11_2022.pdf,6
2022-11-20,46,VLOC,CHINA STEEL ENTREPRENEUR,203512,2007,"China Shipbuilding Corp (CSBC) Kaohsiung, Taiwan",- MAN-B&W,en bloc,,,Alberta,BWTS fitted,allied_2022_W46_ALLIED-Weekly-Market-Report_20_11_2022.pdf,6
2022-11-20,46,VLOC,CHINA STEEL TEAM,203512,2006,"China Shipbuilding Corp (CSBC) Kaohsiung, Taiwan",- MAN-B&W,35.5m,,35.5,Shipmanagement,,allied_2022_W46_ALLIED-Weekly-Market-Report_20_11_2022.pdf,6
2022-11-20,46,PMAX,ULTRA PANACHE,78450,2011,"Sanoyas Hishino Meisho Corp Kurashiki OY, Japan",- MAN-B&W,17.0m,17.0,,undisclosed,BWTS fitted,allied_2022_W46_ALLIED-Weekly-Market-Report_20_11_2022.pdf,6
2022-11-20,46,PMAX,NAVIOS ALDEBARAN,76529,2008,Imabari Shipbuilding Co - Marugame,Ltd MAN-B&W KG,14.0m,14.0,,undisclosed,,allied_2022_W46_ALLIED-Weekly-Market-Report_20_11_2022.pdf,6
2022-11-20,46,PMAX,LT OCEAN STAR,75395,2005,"Universal Shipbuilding Corp Maizuru KY, Japan",- B&W,14.0m,14.0,,undisclosed,BWTS fitted,allied_2022_W46_ALLIED-Weekly-Market-Report_20_11_2022.pdf,6
2022-11-20,46,HMAX,ZILOS,46541,2000,"Oshima Shipbuilding Co - Saikai NS, Japan",4 Ltd Sulzer CRANES,X 30t N/A,,,Turkish,,allied_2022_W46_ALLIED-Weekly-Market-Report_20_11_2022.pdf,6
2022-11-20,46,HANDY,SEASTAR HARRIER,39804,2022,"The Hakodate Co Ltd - Hakodate HK, Japan",Dock MAN-B&W CR xs 4x30 T,30.0m,30.0,,undisclosed,,allied_2022_W46_ALLIED-Weekly-Market-Report_20_11_2022.pdf,6
2022-11-20,46,HANDY,INTERLINK ACTIVITY,38710,2015,"Taizhou Kouan Shipbuilding Co - Taizhou JS, China",4 Ltd MAN-B&W CRANES X 30t,21.0m,21.0,,Scandinavian,"ice class 1C, BWTS fitted 7",allied_2022_W46_ALLIED-Weekly-Market-Report_20_11_2022.pdf,6
2022-11-20,46,FEEDER,ATLANTIC BRIDGE,,7242007,"Cassens Werft GmbH - Emden,",MaK,19.8m,19.8,,undisclosed,,allied_2022_W46_ALLIED-Weekly-Market-Report_20_11_2022.pdf,7
2022-11-20,46,LPG,G DANCER,4686,1996,"Appledore Shipbuilders Ltd Bideford, U.","- MaK 5,685 K.",N/A,,,Middle Eastern,8,allied_2022_W46_ALLIED-Weekly-Market-Report_20_11_2022.pdf,7
2022-11-27,47,VLCC,C. PASSION,313998,2013,"Hyundai Heavy Industries Co Ltd Gunsan, S. Korea",- Wartsila,66.0m,66.0,,Sinokor Shipping,"BWTS fitted, scrubber fitted",allied_2022_W47_ALLIED-Weekly-Market-Report_27_11_2022-1.pdf,6
2022-11-27,47,AFRA,ALHANI,114795,2007,"SAMSUNG HI, Korea",S. MAN-B&W xs,40.0 m,40.0,,undisclosed,"ice class 1A, BWTS fitted",allied_2022_W47_ALLIED-Weekly-Market-Report_27_11_2022-1.pdf,6
2022-11-27,47,AFRA,FOS HAMILTON,105408,2013,"Hyundai Heavy Industries Co Ltd Gunsan, S. Korea",- MAN-B&W EPOXY,43.8m,43.8,,Performance Shipping,"BWTS fitted, DPP, eco",allied_2022_W47_ALLIED-Weekly-Market-Report_27_11_2022-1.pdf,6
2022-11-27,47,LR1,FREIGHT MARGIE,70312,2004,Daewoo Shipbuilding Marine Engineering,& MAN-B&W EPOXY,undisclosed,,,undisclosed,CPP,allied_2022_W47_ALLIED-Weekly-Market-Report_27_11_2022-1.pdf,6
2022-11-27,47,MR,SEABREEZE,53714,2007,"Shin Kurushima Dockyard Co. Ltd. Onishi, Japan",- Mitsubishi EPOXY,19.6m,19.6,,undisclosed,,allied_2022_W47_ALLIED-Weekly-Market-Report_27_11_2022-1.pdf,6
2022-11-27,47,MR,GWN 2,50192,2020,"SAMSUNG HI, Korea",S. MAN-B&W Epoxy Phenolic,38.5m,38.5,,Japanese,"BWTS fitted, Tier III, scrubber fitted, internal sale",allied_2022_W47_ALLIED-Weekly-Market-Report_27_11_2022-1.pdf,6
2022-11-27,47,MR,CELSIUS RIGA,46151,2010,"Hyundai Mipo Dockyard Co Ltd Ulsan, S. Korea",- MAN-B&W Epoxy Phenolic,en bloc,,,U. S. A. Based,BWTS fitted,allied_2022_W47_ALLIED-Weekly-Market-Report_27_11_2022-1.pdf,6
2022-11-27,47,MR,CELSIUS ROSKILDE,46105,2009,"Hyundai Mipo Dockyard Co Ltd Ulsan, S. Korea",- MAN-B&W Epoxy Phenolic,55.0m,,55.0,,,allied_2022_W47_ALLIED-Weekly-Market-Report_27_11_2022-1.pdf,6
2022-11-27,47,MR,VALLERMOSA,40218,2003,"Hyundai Mipo Dockyard Co Ltd Ulsan, S. Korea",- B&W EPOXY,12.0m,12.0,,undisclosed,"IMO II/III, incl. BWTS novation",allied_2022_W47_ALLIED-Weekly-Market-Report_27_11_2022-1.pdf,6
2022-11-27,47,MR,NORDIC TATIANA,38396,2007,Guangzhou Shipyard International Co,MAN-B&W Ltd EPOXY,15.7m,15.7,,undisclosed,BWTS fitted,allied_2022_W47_ALLIED-Weekly-Market-Report_27_11_2022-1.pdf,6
2022-11-27,47,MR,STAR N,37836,2009,"Hyundai Mipo Dockyard Co Ltd Ulsan, S. Korea",- MAN-B&W Epoxy Phenolic,undisclosed,,,undisclosed,BWTS fitted,allied_2022_W47_ALLIED-Weekly-Market-Report_27_11_2022-1.pdf,6
2022-11-27,47,MR,PETROLIMEX 10,37256,2003,"ShinA Shipbuilding Co Ltd - Tongyeong,",B&W S. EPOXY,10.0m,10.0,,Vietnamese,,allied_2022_W47_ALLIED-Weekly-Market-Report_27_11_2022-1.pdf,6
2022-11-27,47,PROD/,ONSAN CHEMI,12498,2001,Fukuoka Shipbuilding Co,Ltd Mitsubishi Stainless,6.8m,6.8,,undisclosed,"BWTS fitted, old sale Oct",allied_2022_W47_ALLIED-Weekly-Market-Report_27_11_2022-1.pdf,6
2022-11-27,47,SMALL,DH DILIGENCY,8716,2019,"Nantong Tongbao Shipbuilding Co - Rugao JS, China",Ltd J-ENG Stainless Steel,20.0m,20.0,,Chinese,online auction,allied_2022_W47_ALLIED-Weekly-Market-Report_27_11_2022-1.pdf,6
2022-11-27,47,SMALL,JIN FU XING 9,4999,2008,Zhejiang Zhenyu Shipbuilding Co,Ltd Guangzhou,4.0m,4.0,,undisclosed,,allied_2022_W47_ALLIED-Weekly-Market-Report_27_11_2022-1.pdf,6
2022-11-27,47,CAPE,AQUATAINE,181725,2010,Imabari Shipbuilding Co - Saijo EH (Saijo,Ltd MAN-B&W high,24.0m,24.0,,Brave Maritime,BWTS fitted,allied_2022_W47_ALLIED-Weekly-Market-Report_27_11_2022-1.pdf,6
2022-11-27,47,CAPE,C H S SPLENDOR,170000,2006,"IHI Marine United Inc - Kure HS, Japan",Sulzer,15.5m,15.5,,undisclosed,BWTS fitted,allied_2022_W47_ALLIED-Weekly-Market-Report_27_11_2022-1.pdf,6
2022-11-27,47,KMAX LOWLANDS,COMFORT,81845,2016,"Tsuneishi Heavy Industries (Cebu) Inc - Balamban,",MAN-B&W,26.0m,26.0,,undisclosed,Feb '22 cancelling,allied_2022_W47_ALLIED-Weekly-Market-Report_27_11_2022-1.pdf,6
2022-11-27,47,KMAX,DL CARNATION,81805,2014,"JINGJIANG TRAFFIC, China",MAN-B&W,18.8m,18.8,,undisclosed,"BWTS fitted, non eco",allied_2022_W47_ALLIED-Weekly-Market-Report_27_11_2022-1.pdf,6
2022-11-27,47,KMAX,NORD VIRGO,80915,2014,"Japan Marine United Corp (JMU) Tsu ME, Japan",- MAN-B&W,27.5m,27.5,,Greek,"BWTS fitted, scrubber fitted",allied_2022_W47_ALLIED-Weekly-Market-Report_27_11_2022-1.pdf,6
2022-11-27,47,PMAX,NAVIOS ALDEBARAN,76529,2008,Imabari Shipbuilding Co - Marugame Shin Kasado,Ltd MAN-B&W KG,14.0m,14.0,,undisclosed,,allied_2022_W47_ALLIED-Weekly-Market-Report_27_11_2022-1.pdf,6
2022-11-27,47,UMAX,ITALIAN BULKER,63482,2017,"Dockyard Co Ltd Kudamatsu YC, Japan","4 X - MAN-B&W CRANES 30,7t",27.0m,27.0,,Dao Shipping,"BWTS fitted, eco, incl. TC attached at 114% of BSI until Apr '24 7",allied_2022_W47_ALLIED-Weekly-Market-Report_27_11_2022-1.pdf,6
2022-12-04,48,VLCC,SEAKING,318669,2005,"HYUNDAI HI, Korea",S. B&W,51.5m,51.5,,undisclosed,"BWTS fitted, scrubber fitted",allied_2022_W48_ALLIED-Weekly-Market-Report_04_12_2022_compressed.pdf,6
2022-12-04,48,VLCC,SYFNOS,298495,2006,Universal Shipbuilding Corp Nagasu KM (Ariake,MAN-B&W -,56.0m,56.0,,U. A. E. Based,"BWTS fitted, scrubber fitted, bss 15th Feb '23 cancelling",allied_2022_W48_ALLIED-Weekly-Market-Report_04_12_2022_compressed.pdf,6
2022-12-04,48,SUEZ,FRONT BALDER,156436,2009,"Jiangsu Rongsheng Shipbuilding Co - Rugao JS, China",MAN-B&W Ltd,38.5m,38.5,,Turkish,scrubber fitted,allied_2022_W48_ALLIED-Weekly-Market-Report_04_12_2022_compressed.pdf,6
2022-12-04,48,SUEZ,NAVIGA,150841,1998,"Nippon Kokan (NKK Corp) - ME, Japan",KK Sulzer Tsu,18.7m,18.7,,Chinese,,allied_2022_W48_ALLIED-Weekly-Market-Report_04_12_2022_compressed.pdf,6
2022-12-04,48,SUEZ,GRENA KNUTSEN,148553,2003,"SAMSUNG HI, Korea",S. B&W,27.5m,27.5,,undisclosed,,allied_2022_W48_ALLIED-Weekly-Market-Report_04_12_2022_compressed.pdf,6
2022-12-04,48,AFRA,SAMRAA ALKHALEEJ,114858,2006,"SAMSUNG HI, Korea",S. MAN-B&W,en bloc,,,Chinese,"Ice Class 1A, BWTS fitted",allied_2022_W48_ALLIED-Weekly-Market-Report_04_12_2022_compressed.pdf,6
2022-12-04,48,AFRA,ALHANI,114795,2007,"SAMSUNG HI, Korea",S. MAN-B&W,86.0 m,86.0,,,,allied_2022_W48_ALLIED-Weekly-Market-Report_04_12_2022_compressed.pdf,6
2022-12-04,48,AFRA,SEATRUST,114549,2004,"SAMSUNG HI, Korea",S. B&W EPOXY,35.0m,35.0,,undisclosed,"BWTS fitted, Ice Class 1C",allied_2022_W48_ALLIED-Weekly-Market-Report_04_12_2022_compressed.pdf,6
2022-12-04,48,AFRA,SOUTHERN ROUSE,108467,2018,"Tsuneishi Shipbuilding Co - Fukuyama HS,",Ltd MAN-B&W,62.0m,62.0,,undisclosed,"BWTS fitted, scrubber fitted",allied_2022_W48_ALLIED-Weekly-Market-Report_04_12_2022_compressed.pdf,6
2022-12-04,48,AFRA,ANTAIOS,106005,2006,"Hyundai Samho Heavy Industries Co Ltd - Samho,",MAN-B&W S.,33.5m,33.5,,Shipping Gardsea,"BWTS fitted, CAP 1",allied_2022_W48_ALLIED-Weekly-Market-Report_04_12_2022_compressed.pdf,6
2022-12-04,48,AFRA,S PUMA,105034,2005,Shanghai Waigaoqiao Shipbuilding Co,MAN-B&W Ltd EPOXY,24.0m,24.0,,Shipping Gardsea,,allied_2022_W48_ALLIED-Weekly-Market-Report_04_12_2022_compressed.pdf,6
2022-12-04,48,LR1,ANTIKEROS,69714,2004,Daewoo Shipbuilding Marine Engineering,& B&W EPOXY,13.2m,13.2,,Beks,"DPP, CAP 1",allied_2022_W48_ALLIED-Weekly-Market-Report_04_12_2022_compressed.pdf,6
2022-12-04,48,LR1,STROFADES,69431,2006,"Daewoo-Mangalia Heavy Industries S.A. - Mangalia,",MAN-B&W,17.3m,17.3,,undisclosed,"BWTS fitted, CAP 1",allied_2022_W48_ALLIED-Weekly-Market-Report_04_12_2022_compressed.pdf,6
2022-12-04,48,MR,NAVIGARE PACTOR,51034,2012,STX Offshore Shipbuilding Co - Changwon (Jinhae,& Ltd MAN-B&W Epoxy Phenolic,32.0m,32.0,,undisclosed,"BWTS fitted, bss dely Jan '23",allied_2022_W48_ALLIED-Weekly-Market-Report_04_12_2022_compressed.pdf,6
2022-12-04,48,MR,ATLANTICA BRIDGE,50921,2005,"STX Shipbuilding Co Ltd - Changwon (Jinhae Shipyard),",MAN-B&W S. EPOXY,19.8m,19.8,,undisclosed,"class 1A, BWTS fitted ice",allied_2022_W48_ALLIED-Weekly-Market-Report_04_12_2022_compressed.pdf,6
2022-12-04,48,MR,MINUTE NORD,49999,2009,"Hyundai Mipo Dockyard Co Ltd Ulsan, S. Korea",- MAN-B&W EPOXY,en bloc,,,undisclosed,"BWTS fitted, IMO II/III, old",allied_2022_W48_ALLIED-Weekly-Market-Report_04_12_2022_compressed.pdf,6
2022-12-04,48,MR,NORD MAGIC,49999,2009,"Hyundai Mipo Dockyard Co Ltd Ulsan, S. Korea",- MAN-B&W Epoxy Phenolic $,50.0 m,50.0,,,sale,allied_2022_W48_ALLIED-Weekly-Market-Report_04_12_2022_compressed.pdf,6
2022-12-04,48,MR,CENTENNIAL MISUMI,47186,2008,"Onomichi Dockyard Co Ltd - Onomichi HS, Japan",MAN-B&W EPOXY,21.5m,21.5,,undisclosed,"BWTS fitted, CPP",allied_2022_W48_ALLIED-Weekly-Market-Report_04_12_2022_compressed.pdf,6
2022-12-04,48,MR,HAWASSA,42190,2013,"Jinling Shipyard Nanjing JS, China",- MAN-B&W EPOXY,en bloc,,,Stamford Shipping,,allied_2022_W48_ALLIED-Weekly-Market-Report_04_12_2022_compressed.pdf,6
2022-12-04,48,MR,BAHIR DAR,42150,2012,"Jinling Shipyard Nanjing JS, China",- MAN-B&W EPOXY,34.0 m,34.0,,,,allied_2022_W48_ALLIED-Weekly-Market-Report_04_12_2022_compressed.pdf,6
2022-12-04,48,MR,STYLE,37923,2008,"Hyundai Mipo Dockyard Co Ltd Ulsan, S. Korea",- MAN-B&W Epoxy Phenolic,en bloc,,,Turkish,Ice Class 1A,allied_2022_W48_ALLIED-Weekly-Market-Report_04_12_2022_compressed.pdf,6
2022-12-04,48,MR,SKY,37879,2007,"Hyundai Mipo Dockyard Co Ltd Ulsan, S. Korea",- MAN-B&W Epoxy Phenolic,33.0 m,33.0,,,,allied_2022_W48_ALLIED-Weekly-Market-Report_04_12_2022_compressed.pdf,6
2022-12-04,48,MR,STAR N,37836,2009,"Hyundai Mipo Dockyard Co Ltd Korea Ulsan, S.",- MAN-B&W Epoxy Phenolic,18.1m,18.1,,undisclosed,BWTS fitted 7,allied_2022_W48_ALLIED-Weekly-Market-Report_04_12_2022_compressed.pdf,6
2022-12-04,48,CAPE,STAR ENERGY,180310,2004,Koyo Dockyard Ltd - Mihara Japan,"Co HS, MAN-B&W",14.0m,14.0,,Beks,SS/DD due Dec '22,allied_2022_W48_ALLIED-Weekly-Market-Report_04_12_2022_compressed.pdf,7
2022-12-04,48,KMAX,MYNIKA,84108,2013,"Hyundai Samho Heavy Industries Co Ltd - Samho,",MAN-B&W S.,24.5m,24.5,,Five Stars,SS/DD due Jan '23,allied_2022_W48_ALLIED-Weekly-Market-Report_04_12_2022_compressed.pdf,7
2022-12-04,48,PMAX,NORD LIBRA,77134,2014,Imabari Shipbuilding Co - Mihara HS,Ltd MAN-B&W,22.0m,22.0,,Velos,"BWTS fitted, scrubber fitted, eco, bss dely Feb '23",allied_2022_W48_ALLIED-Weekly-Market-Report_04_12_2022_compressed.pdf,7
2022-12-04,48,PMAX,YU LIN HAI,75380,2012,Guangzhou Huangpu Shipbuilding Co,MAN-B&W Ltd,N/A,,,undisclosed,old sale Oct '22,allied_2022_W48_ALLIED-Weekly-Market-Report_04_12_2022_compressed.pdf,7
2022-12-04,48,PMAX,FORTUNE LADY,74694,1998,"Nippon Kokan (NKK Corp) - ME, Japan",KK Tsu Sulzer,6.0m,6.0,,Chinese,BWTS fitted,allied_2022_W48_ALLIED-Weekly-Market-Report_04_12_2022_compressed.pdf,7
2022-12-04,48,SMAX,WORLDERA-5,52292,2004,"Tsuneishi Heavy Industries (Cebu) Inc - Balamban,",4 B&W CRANES X 30t,10.1m,10.1,,Chinese,"BWTS fitted, bss ppt dely Spore",allied_2022_W48_ALLIED-Weekly-Market-Report_04_12_2022_compressed.pdf,7
2022-12-04,48,HMAX,GLORIOUS LOTUS,49602,2007,Tsuneishi Holdings Corp Tsuneishi Shipbuilding Co,"3 X MAN-B&W CRANES - 14,7t",13.0m,13.0,,undisclosed,,allied_2022_W48_ALLIED-Weekly-Market-Report_04_12_2022_compressed.pdf,7
2022-12-04,48,HMAX,SEASTAR HAWK,40355,2022,The Hakodate Co Ltd - Hakodate,Dock MAN-B&W CR 4x30 T,30.9m,30.9,,Japanese,Tier III,allied_2022_W48_ALLIED-Weekly-Market-Report_04_12_2022_compressed.pdf,7
2022-12-09,49,SUEZ,RIDGEBURY MARY JANE,149993,2008,"UNIVERSAL TSU, Japan",Wartsila MAR,38.5m,38.5,,undisclosed,"Scrubber fitted, SS/DD due May '23",allied_2022_W49_ALLIED-Weekly-Market-Report_09_12_2022.pdf,6
2022-12-09,49,AFRA,GULLIT,108953,2008,Shanghai Waigaoqiao Shipbuilding Co,MAN-B&W Ltd EPOXY,34.0m,34.0,,undisclosed,DPP,allied_2022_W49_ALLIED-Weekly-Market-Report_09_12_2022.pdf,6
2022-12-09,49,AFRA,FOS ATHENS,105171,2015,"Hyundai Heavy Industries Co Ltd Gunsan, S. Korea",- MAN-B&W EPOXY,50.0m,50.0,,Turkish,"BWTS fitted, eco",allied_2022_W49_ALLIED-Weekly-Market-Report_09_12_2022.pdf,6
2022-12-09,49,AFRA,ANGGERIK,104707,2003,Daewoo Shipbuilding Marine Engineering,& B&W MAR,N/A,,,undisclosed,,allied_2022_W49_ALLIED-Weekly-Market-Report_09_12_2022.pdf,6
2022-12-09,49,LR1,SUMMIT AFRICA,73427,2009,"New Times Shipbuilding Co - Jingjiang JS, China",Ltd MAN-B&W EPOXY high,24.0m,24.0,,undisclosed,BWTS fitted,allied_2022_W49_ALLIED-Weekly-Market-Report_09_12_2022.pdf,6
2022-12-09,49,MR,T REX,50548,2006,"SPP Shipbuilding Co Ltd - Tongyeong,",Wartsila S. EPOXY,19.2m,19.2,,undisclosed,BWTS fitted,allied_2022_W49_ALLIED-Weekly-Market-Report_09_12_2022.pdf,6
2022-12-09,49,MR,NAVE DORADO,47999,2005,"Iwagi Zosen Co Kamijima EH, Japan",Ltd - MAN-B&W EPOXY,15.6m,15.6,,undisclosed,,allied_2022_W49_ALLIED-Weekly-Market-Report_09_12_2022.pdf,6
2022-12-09,49,MR,HIGH VOYAGER,45999,2014,"Hyundai Mipo Dockyard Co Ltd Ulsan, S. Korea",- MAN-B&W Epoxy Phenolic,20.8m,20.8,,D'Amico International,internal sale,allied_2022_W49_ALLIED-Weekly-Market-Report_09_12_2022.pdf,6
2022-12-09,49,MR,LUZERN,38431,2007,Guangzhou Shipyard International Co,MAN-B&W Ltd EPOXY rgn,15.35m,15.35,,undisclosed,"BWTS fitted, bss dely Mar '23, DPP",allied_2022_W49_ALLIED-Weekly-Market-Report_09_12_2022.pdf,6
2022-12-09,49,CHEM,STRAUM,19934,2010,"Wuhan HB, China",MAN-B&W Steel,19.0m,19.0,,undisclosed,fitted,allied_2022_W49_ALLIED-Weekly-Market-Report_09_12_2022.pdf,6
2022-12-09,49,KMAX,RICH RAINFOREST,82278,2022,Jiangsu Yangzi- Mitsui Shipbuilding Co Ltd - Taicang,"MAN-B&W JS,",34.5m,34.5,,undisclosed,"BWTS fitted, eco, BBHP",allied_2022_W49_ALLIED-Weekly-Market-Report_09_12_2022.pdf,6
2022-12-09,49,PMAX GOLDEN,STRENGTH,75744,2009,"Jiangsu Rongsheng Shipbuilding Co - Rugao JS, China",Ltd MAN-B&W rgn en,30.0m,30.0,,Greek,"BWTS fitted, Ice Class 1C",allied_2022_W49_ALLIED-Weekly-Market-Report_09_12_2022.pdf,6
2022-12-09,49,PMAX,GOLDEN ICE,75725,2008,"Jiangsu Rongsheng Shipbuilding Co - Rugao JS, China",Ltd MAN-B&W,bloc,,,,,allied_2022_W49_ALLIED-Weekly-Market-Report_09_12_2022.pdf,6
2022-12-09,49,SMAX,SAGAR MOTI,58097,2012,Tsuneishi Group (Zhoushan) Shipbuilding Inc,4 MAN-B&W CRANES - X 30t xs,17.0m,17.0,,Far Eastern,,allied_2022_W49_ALLIED-Weekly-Market-Report_09_12_2022.pdf,6
2022-12-09,49,SMAX,JAEGER,52483,2004,"Tsuneishi Heavy Industries (Cebu) Inc - Balamban,",4 MAN-B&W CRANES X 30t,10.5m,10.5,,Middle Eastern,,allied_2022_W49_ALLIED-Weekly-Market-Report_09_12_2022.pdf,6
2022-12-09,49,SMAX,RIO CHOAPA,50633,2012,"Oshima Shipbuilding Co - Saikai NS, Japan",4 Ltd Mitsui CRANES X 30t,16.4m,16.4,,Greek,"BWTS fitted, SS/DD due Dec '22, OHBS",allied_2022_W49_ALLIED-Weekly-Market-Report_09_12_2022.pdf,6
2022-12-09,49,HANDY,BEN WYVIS,35000,2015,"Jiangdong Shipyard Wuhu AH, China",- 4 MAN-B&W CRANES,X 30t N/A,,,undisclosed,,allied_2022_W49_ALLIED-Weekly-Market-Report_09_12_2022.pdf,6
2022-12-09,49,HANDY,CYGNUS,32642,2005,"Kanda Zosensho K.K. - Kawajiri, Japan","4 X Mitsubishi CRANES 30,5t",9.5m,9.5,,Middle Eastern,,allied_2022_W49_ALLIED-Weekly-Market-Report_09_12_2022.pdf,6
2022-12-09,49,HANDY,GANT GRACE,28375,2010,Imabari Shipbuilding Co,"4 X Ltd MAN-B&W Crane 30,5t",12.5m,12.5,,Greek,old sale,allied_2022_W49_ALLIED-Weekly-Market-Report_09_12_2022.pdf,6
2022-12-09,49,Hatch,SHANGHAI,31923,2000,Industries Co Ltd,- Mitsubishi CRANES,N/A,,,undisclosed,,allied_2022_W49_ALLIED-Weekly-Market-Report_09_12_2022.pdf,6
2022-12-09,49,LPG,KAROLINE N,54004,2009,"HYUNDAI HI, Korea","S. MAN-B&W 73,555 rgn/low en",100.0m,100.0,,undisclosed,"BWTS fitted, incl. TC attached to Trafigura, bss",allied_2022_W49_ALLIED-Weekly-Market-Report_09_12_2022.pdf,7
2022-12-09,49,LPG,RONALD N,54004,2008,"HYUNDAI HI, Korea","S. MAN-B&W 73,517",bloc,,,,dely March/April '22 8,allied_2022_W49_ALLIED-Weekly-Market-Report_09_12_2022.pdf,7
2022-12-16,50,VLCC,COSMO ACE,320054,2010,"HYUNDAI HI, Korea",S. Wartsila EPOXY,N/A,,,undisclosed,"Scrubber fitted,converted to VLOC",allied_2022_W50_ALLIED-Weekly-Market-Report_16_12_2022_compressed.pdf,6
2022-12-16,50,AFRA,HOUSTON STAR,116093,2007,"UNIVERSAL TSU, Japan",Sulzer,39.5m,39.5,,Gardsea,"CAP 1, BWTS fitted",allied_2022_W50_ALLIED-Weekly-Market-Report_16_12_2022_compressed.pdf,6
2022-12-16,50,AFRA,SAINT GEORGE,109390,2002,Dalian New Shipbuilding Heavy Industries Co Ltd,Sulzer - EPOXY rgn,23.5m,23.5,,undisclosed,"SS/DD freshly passed, BWTS fitted",allied_2022_W50_ALLIED-Weekly-Market-Report_16_12_2022_compressed.pdf,6
2022-12-16,50,AFRA,MINOANSEA,108817,2008,Shanghai Waigaoqiao Shipbuilding Co,MAN-B&W Ltd EPOXY,39.0m,39.0,,Gardsea,CPP,allied_2022_W50_ALLIED-Weekly-Market-Report_16_12_2022_compressed.pdf,6
2022-12-16,50,AFRA,SEALOYALTY,106468,2005,Universal Shipbuilding Corp Nagasu KM (Ariake,- Sulzer MAR rgn,32.0m,32.0,,undisclosed,,allied_2022_W50_ALLIED-Weekly-Market-Report_16_12_2022_compressed.pdf,6
2022-12-16,50,MR,CAPE BRADLEY,40345,2004,"Hyundai Mipo Dockyard Co Ltd Ulsan, S. Korea",- B&W EPOXY,16.0m,16.0,,undisclosed,BWTS fitted,allied_2022_W50_ALLIED-Weekly-Market-Report_16_12_2022_compressed.pdf,6
2022-12-16,50,MR,CAPE BACTON,40293,2004,"Hyundai Mipo Dockyard Co Ltd Ulsan, S. Korea",- B&W EPOXY,16.0m,16.0,,,,allied_2022_W50_ALLIED-Weekly-Market-Report_16_12_2022_compressed.pdf,6
2022-12-16,50,MR,SILENT,37847,2007,"Hyundai Mipo Dockyard Co Ltd Ulsan, S. Korea",- MAN-B&W Epoxy Phenolic,N/A,,,undisclosed,ice class 1A,allied_2022_W50_ALLIED-Weekly-Market-Report_16_12_2022_compressed.pdf,6
2022-12-16,50,MR,SINGLE,37824,2007,"Hyundai Mipo Dockyard Co Ltd Ulsan, S. Korea",- MAN-B&W Epoxy Phenolic,N/A,,,,,allied_2022_W50_ALLIED-Weekly-Market-Report_16_12_2022_compressed.pdf,6
2022-12-16,50,MR,CAPE GAVI,37606,2008,"Hyundai Mipo Dockyard Co Ltd Ulsan, S. Korea",- MAN-B&W EPOXY rgn,17.3m,17.3,,Greek,,allied_2022_W50_ALLIED-Weekly-Market-Report_16_12_2022_compressed.pdf,6
2022-12-16,50,MR,NAVE POLARIS,25145,2011,"DAESUN, S. Korea",MAN-B&W Marine Line,14.7m,14.7,,undisclosed,,allied_2022_W50_ALLIED-Weekly-Market-Report_16_12_2022_compressed.pdf,6
2022-12-16,50,MR,NAVE COSMOS,25130,2010,"DAESUN, S. Korea",MAN-B&W Marine Line,13.6m,13.6,,,,allied_2022_W50_ALLIED-Weekly-Market-Report_16_12_2022_compressed.pdf,6
2022-12-16,50,CHEM,BOCHEM CHENNAI,19801,2012,"Shipbuilding Co - Hachinohe, Japan",Ltd Mitsubishi Steel,23.8m,23.8,,undisclosed,"BWTS fitted, StSt",allied_2022_W50_ALLIED-Weekly-Market-Report_16_12_2022_compressed.pdf,6
2022-12-16,50,PROD/,YC DAHLIA,10977,2010,Nokbong Shipbuilding Co,Ltd MAN-B&W EPOXY,11.2m,11.2,,Thai,,allied_2022_W50_ALLIED-Weekly-Market-Report_16_12_2022_compressed.pdf,6
2022-12-16,50,CAPE,2,180184,2011,Shipbuilding Co - Hwawon (Haenam,Ltd MAN-B&W,23.75m,23.75,,,,allied_2022_W50_ALLIED-Weekly-Market-Report_16_12_2022_compressed.pdf,6
2022-12-16,50,CAPE,1,180144,2011,Shipbuilding Co - Hwawon (Haenam,Ltd MAN-B&W,23.75m,23.75,,,,allied_2022_W50_ALLIED-Weekly-Market-Report_16_12_2022_compressed.pdf,6
2022-12-16,50,UMAX,STONY STREAM,64000,2015,"Chengxi Shipyard Co Ltd - Jiangyin JS, China",4 MAN-B&W CRANES X 30t,24.25m,24.25,,GENCO,eco,allied_2022_W50_ALLIED-Weekly-Market-Report_16_12_2022_compressed.pdf,6
2022-12-16,50,UMAX,DELSA,63166,2015,"Zhejiang Shipbuilding Co - Fenghua ZJ, China",4 Ltd MAN-B&W CRANES X 36t rgn,24.5m,24.5,,Turkish,"eco, BWTS fitted",allied_2022_W50_ALLIED-Weekly-Market-Report_16_12_2022_compressed.pdf,6
2022-12-16,50,SMAX,PAN BEGONIA,57307,2009,STX (Dalian) Shipbuilding Co - Wafangdian,"4 Ltd MAN-B&W CRANES LN, X 30t",12.5m,12.5,,undisclosed,BWTS fitted,allied_2022_W50_ALLIED-Weekly-Market-Report_16_12_2022_compressed.pdf,6
2022-12-16,50,HMAX,DE XING HAI,43665,1990,"Tsuneishi Shipbuilding Co - Fukuyama HS,",4 Ltd B&W CRANES X 30t rgn,2.9m,2.9,,Chinese,,allied_2022_W50_ALLIED-Weekly-Market-Report_16_12_2022_compressed.pdf,6
2022-12-16,50,HANDY INTERLINK,SAGACITY,38743,2015,"Taizhou Kouan Shipbuilding Co - Taizhou JS, China",4 Ltd MAN-B&W CRANES X 30t rgn,19.5m,19.5,,undisclosed,"BWTS fitted, OHBS, eco, ice class 1C, CO2 fitted 7",allied_2022_W50_ALLIED-Weekly-Market-Report_16_12_2022_compressed.pdf,6
2022-12-16,50,SUB,AS CLEOPATRA,,27422006,"Aker MTW Werft GmbH - Wismar,",3 MAN-B&W X 45t,20.9m,20.9,,undisclosed,,allied_2022_W50_ALLIED-Weekly-Market-Report_16_12_2022_compressed.pdf,7
2022-12-16,50,LPG,BERKSHIRE,26466,2008,"HYUNDAI HI, Korea","S. MAN-B&W 34,483",30.2m,30.2,,undisclosed,SS/DD due Jul '23 8,allied_2022_W50_ALLIED-Weekly-Market-Report_16_12_2022_compressed.pdf,7
2022-12-23,51,AFRA,DELTA PIONEER,111013,2004,"Hyundai Samho Heavy Industries Co Ltd - Samho,",B&W S. EPOXY,,,,,,allied_2022_W51_ALLIED-Weekly-Market-Report_23_12_2022-1.pdf,6
2022-12-23,51,AFRA,DELTA CAPTAIN,111009,2005,"Hyundai Samho Heavy Industries Co Ltd - Samho,",B&W S. EPOXY,rgn $,,,U. A. E. Based,"BWTS fitted, ice class 1A",allied_2022_W51_ALLIED-Weekly-Market-Report_23_12_2022-1.pdf,6
2022-12-23,51,AFRA,DELTA VICTORY,111006,2005,"Hyundai Samho Heavy Industries Co Ltd - Samho,",B&W S. EPOXY p/v,35.0m,35.0,,,,allied_2022_W51_ALLIED-Weekly-Market-Report_23_12_2022-1.pdf,6
2022-12-23,51,AFRA,DELTA SAILOR,111004,2005,"Hyundai Samho Heavy Industries Co Ltd - Samho,",B&W S. EPOXY,,,,,,allied_2022_W51_ALLIED-Weekly-Market-Report_23_12_2022-1.pdf,6
2022-12-23,51,AFRA,LUNA ERAWAN,106488,2005,Universal Shipbuilding Corp Nagasu KM (Ariake,- Sulzer,23.5m,23.5,,Greek,DD due Jan '23,allied_2022_W51_ALLIED-Weekly-Market-Report_23_12_2022-1.pdf,6
2022-12-23,51,AFRA,SEABORN,105042,2005,"Hyundai Samho Heavy Industries Co Ltd - Samho,",B&W S. EPOXY,N/A,,,undisclosed,,allied_2022_W51_ALLIED-Weekly-Market-Report_23_12_2022-1.pdf,6
2022-12-23,51,MR,GWN 3,50192,2021,"SAMSUNG HI, Korea",S. MAN-B&W Epoxy Phenolic rgn xs,50.0m,50.0,,Japanese,"BWTS fitted, scrubber fitted, IMO II/III",allied_2022_W51_ALLIED-Weekly-Market-Report_23_12_2022-1.pdf,6
2022-12-23,51,CAPE,AMITY,180311,2009,Dalian Shipbuilding Industry Co Ltd Dalian LN (No,- MAN-B&W 2 rgn,19.2m,19.2,,undisclosed,,allied_2022_W51_ALLIED-Weekly-Market-Report_23_12_2022-1.pdf,6
2022-12-23,51,SMAX,ANITA N,56868,2010,"Jinling Shipyard Nanjing JS, China",- 4 MAN-B&W CRANES X 30t rgn,14.0m,14.0,,undisclosed,BWTS fitted,allied_2022_W51_ALLIED-Weekly-Market-Report_23_12_2022-1.pdf,6
2022-12-23,51,SMAX,ALEGRE III,55808,2007,"Kawasaki Shipbuilding Corp Kobe HG, Japan","4 X - MAN-B&W CRANES 30,5t",14.7m,14.7,,Indonesian,,allied_2022_W51_ALLIED-Weekly-Market-Report_23_12_2022-1.pdf,6
2022-12-23,51,SMAX,ROYAL FAIRNESS,55654,2011,"Mitsui Eng. & Co. Ltd. - Tamano, Japan",SB. 4 MAN-B&W CRANES X 30t,16.0m,16.0,,undisclosed,,allied_2022_W51_ALLIED-Weekly-Market-Report_23_12_2022-1.pdf,6
2022-12-23,51,SMAX,EQUINOX DAWN,52015,2002,"SPLIT, Croatia",4 B&W CRANES X 35t,11.3m,11.3,,Chinese,"BWTS fitted, old sale",allied_2022_W51_ALLIED-Weekly-Market-Report_23_12_2022-1.pdf,6
2022-12-23,51,HANDY,KIRISHIMA SKY,35309,2014,Minaminippon Shipbuilding Co,4 Ltd MAN-B&W CRANES X 30t,16.5m,16.5,,undisclosed,,allied_2022_W51_ALLIED-Weekly-Market-Report_23_12_2022-1.pdf,6
2022-12-23,51,LPG,BW ODIN,58551,2009,"HYUNDAI HI, Korea","S. MAN-B&W 80,797",60.0m,60.0,,Vietnamese,"BWTS fitted, scrubber",allied_2022_W51_ALLIED-Weekly-Market-Report_23_12_2022-1.pdf,6
2022-12-23,51,LPG,BW AUSTRIA,54707,2009,Daewoo Shipbuilding Marine Engineering,"& MAN-B&W 82,922",p/v,,,,fitted,allied_2022_W51_ALLIED-Weekly-Market-Report_23_12_2022-1.pdf,6
2022-12-23,51,LPG,GASCHEM AACHEN,38427,2003,"Fincantieri-Cant. Nav. Italiani S.p.A. Ancona, Italy","- Sulzer 36,474",22.5m,22.5,,undisclosed,,allied_2022_W51_ALLIED-Weekly-Market-Report_23_12_2022-1.pdf,6
2022-12-23,51,LPG,BASTOGNE,26616,2002,"HYUNDAI HI, Korea","S. MAN-B&W 34,861",23.5m,23.5,,undisclosed,7,allied_2022_W51_ALLIED-Weekly-Market-Report_23_12_2022-1.pdf,6
2023-01-06,1,VLCC,COSGREAT LAKE,298833,2002,Nantong COSCO China,"KHI, rgn",39.0m,39.0,,Middle Eastern,,allied_2023_W01_Allied-Weekly-Market-Review-Week-01.pdf,7
2023-01-06,1,VLCC,ASIA DAWN,281396,2005,"IHI Marine United, Japan",,rgn/low $ 50's mill,,,Middle Eastern,BWTS fitted,allied_2023_W01_Allied-Weekly-Market-Review-Week-01.pdf,7
2023-01-06,1,SUEZ,MIKE R.,146427,2006,"UNIVERSAL, Japan",,50.0m,50.0,,Middle Eastern,"Scrubber fitted, Ice Class 1A, eco, BWTS fitted",allied_2023_W01_Allied-Weekly-Market-Review-Week-01.pdf,7
2023-01-06,1,SUEZ,ICE TRANSPORTER,146270,2006,"UNIVERSAL, Japan",,47.5m,47.5,,Middle Eastern,"BWTS fitted, ice class 1A, eco",allied_2023_W01_Allied-Weekly-Market-Review-Week-01.pdf,7
2023-01-06,1,AFRA,SYRA,105309,2010,"Sumitomo Heavy Industries, Japan",,39.5m,39.5,,Middle Eastern,BWTS fitted,allied_2023_W01_Allied-Weekly-Market-Review-Week-01.pdf,7
2023-01-06,1,LR1 KONSTANTIN,JACOB,76547,2011,"Dalian Shipbuilding Industry, China",EPOXY,,,,,,allied_2023_W01_Allied-Weekly-Market-Review-Week-01.pdf,7
2023-01-06,1,LR1,GEORG JACOB,75618,2011,"Dalian Shipbuilding Industry, China",EPOXY rgn en,124.0m,124.0,,undisclosed,"BWTS fitted, cpp",allied_2023_W01_Allied-Weekly-Market-Review-Week-01.pdf,7
2023-01-06,1,LR1,CORDULA JACOB,75618,2012,"Dalian Shipbuilding Industry, China",EPOXY,bloc,,,,,allied_2023_W01_Allied-Weekly-Market-Review-Week-01.pdf,7
2023-01-06,1,LR1,TILL JACOB,69999,2012,"Dalian Shipbuilding Industry, China",EPOXY,,,,,,allied_2023_W01_Allied-Weekly-Market-Review-Week-01.pdf,7
2023-01-06,1,MR,KOKAKO,49218,2017,"Hyundai Mipo Dockyard, S. Korea",EPOXY,N/A,,,Al Seer Marine,BWTS fitted,allied_2023_W01_Allied-Weekly-Market-Review-Week-01.pdf,7
2023-01-06,1,MR,DELPHI,38877,2006,"Guangzhou Shipyard International, China",EPOXY,14.0m,14.0,,undisclosed,,allied_2023_W01_Allied-Weekly-Market-Review-Week-01.pdf,7
2023-01-06,1,SMALL,JEY HOPE,8981,2008,"Kwangsung Shipbuilding, S.",Marine Korea Line,8.3m,8.3,,U. A. E. based,,allied_2023_W01_Allied-Weekly-Market-Review-Week-01.pdf,7
2023-01-06,1,VLOC,CAPE MAPLE,206204,2005,"Imabari Shipbuilding, Japan",rgn,15.5m,15.5,,Chinese,BWTS fitted,allied_2023_W01_Allied-Weekly-Market-Review-Week-01.pdf,7
2023-01-06,1,CAPE,AQUASALWADOR,180012,2012,"Daehan Shipbuilding, S. Korea",rgn,27.0m,27.0,,Greek,BWTS fitted,allied_2023_W01_Allied-Weekly-Market-Review-Week-01.pdf,7
2023-01-06,1,CAPE,GOODSHIP,177536,2005,"Eng. & SB., Japan",,36.25m,36.25,,United Maritime,"internal deal, incl TC attached on index until mid",allied_2023_W01_Allied-Weekly-Market-Review-Week-01.pdf,7
2023-01-06,1,CAPE,TRADERSHIP,176925,2006,"Namura Shipbuilding, Japan",,en bloc,,,,2023,allied_2023_W01_Allied-Weekly-Market-Review-Week-01.pdf,7
2023-01-06,1,CAPE,AQUAHOPE,177173,2007,"Namura Shipbuilding, Japan",rgn,18.5m,18.5,,Turkish,"BWTS fitted, SS/DD freshly passed",allied_2023_W01_Allied-Weekly-Market-Review-Week-01.pdf,7
2023-01-06,1,PMAX,ACHILLES II,75785,2004,"Hishino Meisho Corp, Japan",,10.3m,10.3,,undisclosed,BWTS fitted,allied_2023_W01_Allied-Weekly-Market-Review-Week-01.pdf,7
2023-01-06,1,UMAX,ULTRA BELLAMBI,61470,2012,"Shin Kasado Dockyard, Japan","4 X 30,5t CRANES",21.9m,21.9,,Far Eastern,BWTS fitted,allied_2023_W01_Allied-Weekly-Market-Review-Week-01.pdf,7
2023-01-06,1,UMAX,SEA KSANTI,59941,2012,"Hyundai Mipo Dockyard, S. Korea",4 X 30t CRANES,18.8m,18.8,,undisclosed,BWTS fitted,allied_2023_W01_Allied-Weekly-Market-Review-Week-01.pdf,7
2023-01-06,1,HANDY,BALTIC PEARL,37227,2014,"Zhejiang Ouhua Shipbuilding, China",4 X 30t CRANES,19.0m,19.0,,undisclosed,"BWTS fitted, ice class 1C",allied_2023_W01_Allied-Weekly-Market-Review-Week-01.pdf,7
2023-01-06,1,HANDY,ATLANTIC DREAM,32527,2011,"Zhejiang Hongxin Shipbuilding, China",4 X 30t CRANES,10.75m,10.75,,undisclosed,BWTS fitted,allied_2023_W01_Allied-Weekly-Market-Review-Week-01.pdf,7
2023-01-06,1,HANDY,LOVELY LEAH,28383,2012,"Imabari Shipbuilding, Japan","4 X 30,5t rgn $ CRANES",11.4m,11.4,,Lebanese,"BWTS fitted, SS/DD freshly passed",allied_2023_W01_Allied-Weekly-Market-Review-Week-01.pdf,7
2023-01-06,1,SUB,SEALAND,,25462009,Jiangsu Yangzijiang,3 X 45t,13.0m,13.0,,undisclosed,,allied_2023_W01_Allied-Weekly-Market-Review-Week-01.pdf,8
2023-01-06,1,LPG,TELENDOS,26634,2010,"Hyundai Mipo Dockyard, S. Korea","34,513",33.0m,33.0,,undisclosed,DD due Jan '23,allied_2023_W01_Allied-Weekly-Market-Review-Week-01.pdf,8
2023-01-13,2,VLCC,FPMC C HONOR,298078,2008,"Universal Shipbuilding Corp - Nagasu Shipyard),",KM Japan rgn,55.5m,55.5,,U. A. E. based,"scrubber fitted, SS/DD due Nov '23, BWTS fitted",allied_2023_W02_Allied-Weekly-Market-Review-Week-02.pdf,7
2023-01-13,2,AFRA,ARGEUS,106007,2006,"HYUNDAI HI, S.",Korea EPOXY,N/A,,,undisclosed,"BWTS fitted, scrubber fitted, old sale",allied_2023_W02_Allied-Weekly-Market-Review-Week-02.pdf,7
2023-01-13,2,LR1,ALPINE PLYMOUTH,74606,2011,"Mipo Dockyard Ltd - Ulsan, S.",EPOXY Korea,,,,,,allied_2023_W02_Allied-Weekly-Market-Review-Week-02.pdf,7
2023-01-13,2,LR1,ALPINE PEMBROKE,74602,2010,"Mipo Dockyard Ltd - Ulsan, S.",EPOXY Korea rgn en,130.0m,130.0,,European,BWTS fitted,allied_2023_W02_Allied-Weekly-Market-Review-Week-02.pdf,7
2023-01-13,2,LR1,ALPINE PACIFICA,74554,2011,"Mipo Dockyard Ltd - Ulsan, S.",EPOXY Korea,bloc,,,,,allied_2023_W02_Allied-Weekly-Market-Review-Week-02.pdf,7
2023-01-13,2,LR1,ALPINE PEARL,74552,2011,"Mipo Dockyard Ltd - Ulsan, S.",EPOXY Korea,,,,,,allied_2023_W02_Allied-Weekly-Market-Review-Week-02.pdf,7
2023-01-13,2,LR1,PETALI LADY,71830,2004,"Shipbuilding - Changwon (Jinhae Shipyard), S. Korea",Co Ltd EPOXY rgn,18.75m,18.75,,Middle Eastern,bss dely Med,allied_2023_W02_Allied-Weekly-Market-Review-Week-02.pdf,7
2023-01-13,2,LR1,LUMEN N,63599,2008,"Shipbuilding - Changwon (Jinhae Shipyard), S. Korea",Co Ltd EPOXY,23.0m,23.0,,Middle Eastern,"BWTS fitted, ice class 1A",allied_2023_W02_Allied-Weekly-Market-Review-Week-02.pdf,7
2023-01-13,2,LR1,AURORA N,63495,2008,"Shipbuilding - Changwon (Jinhae Shipyard), S. Korea",Co Ltd EPOXY,23.0m,23.0,,,,allied_2023_W02_Allied-Weekly-Market-Review-Week-02.pdf,7
2023-01-13,2,MR,HTM WARRIOR,49999,2009,"Shipbuilding - Tongyeong, S.",Co Ltd EPOXY Korea,23.5m,23.5,,Peninsula Petroleum,,allied_2023_W02_Allied-Weekly-Market-Review-Week-02.pdf,7
2023-01-13,2,MR,CHALLENGE PASSAGE,48658,2005,"Iwagi Zosen Co Kamijima EH, Japan",Ltd - EPOXY,17.5m,17.5,,undisclosed,"bss ppt dely WC Mexico, BWTS fitted, CPP",allied_2023_W02_Allied-Weekly-Market-Review-Week-02.pdf,7
2023-01-13,2,MR,CHEMTRANS MARS,37651,2007,"Mipo Dockyard Ltd - Ulsan, S.",Epoxy Korea Phenolic,N/A,,,undisclosed,"BWTS fitted, ice class 1A",allied_2023_W02_Allied-Weekly-Market-Review-Week-02.pdf,7
2023-01-13,2,MR,BALTIC SKY,37272,2001,"Mipo Dockyard Ltd - Ulsan, S.",Epoxy Korea Phenolic,10.5m,10.5,,Turkish,"BWTS fitted, ice class 1B, cap1",allied_2023_W02_Allied-Weekly-Market-Review-Week-02.pdf,7
2023-01-13,2,MR,OLYMPIC VISION,34663,2006,"Dalian Shipbuilding Co Ltd - LN (No 1 Yard),",Dalian EPOXY China,15.45m,15.45,,Greek,"BWTS fitted, CPP",allied_2023_W02_Allied-Weekly-Market-Review-Week-02.pdf,7
2023-01-13,2,PROD/,MILD BLOOM,20768,2006,Shin Kurushima Dockyard Co.,Stainless Ltd. -,rgn $,,,Greek,BWTS fitted,allied_2023_W02_Allied-Weekly-Market-Review-Week-02.pdf,7
2023-01-13,2,POST,DYNA GLOBE,99347,2006,Imabari Shipbuilding Co Ltd - Marugame KG,,15.1m,15.1,,Far Eastern,BWTS fitted,allied_2023_W02_Allied-Weekly-Market-Review-Week-02.pdf,7
2023-01-13,2,PMAX,PETIT CHAM,63526,2013,"Chengxi Shipyard Co Ltd - Jiangyin JS, China",4 X 30t CRANES,19.6m,19.6,,undisclosed,"BWTS fitted, eco, SS/DD due Jun '23",allied_2023_W02_Allied-Weekly-Market-Review-Week-02.pdf,7
2023-01-13,2,PMAX,STEEL GRACE,63118,2015,"New Times Shipbuilding Co Ltd - Jingjiang JS, China",4 X 35t CRANES,24.5m,24.5,,Greek,"BWTS fitted, eco",allied_2023_W02_Allied-Weekly-Market-Review-Week-02.pdf,7
2023-01-13,2,UMAX,ULTRA GUJARAT,61671,2012,"Shipbuilding Co Ltd - Saikai NS, Japan",,4 X 30t CRANES,,,,,allied_2023_W02_Allied-Weekly-Market-Review-Week-02.pdf,8
2023-01-13,2,UMAX ULTRA,SASKATOON,61470,2012,"Shin Kasado Dockyard Ltd - Kudamatsu YC, Japan",,"4 X 30,5t CRANES",,,,,allied_2023_W02_Allied-Weekly-Market-Review-Week-02.pdf,8
2023-01-13,2,UMAX,ULTRA DWARKA,61395,2012,"Shin Kasado Dockyard Ltd - Kudamatsu YC, Japan","4 X 30,7t CRANES",124.65m,,124.65,Pacific Basin,bss dely within Feb/Jul '23,allied_2023_W02_Allied-Weekly-Market-Review-Week-02.pdf,8
2023-01-13,2,UMAX,ULTRA INTEGRITY,61181,2016,"Tadotsu Shipyard Co - Tadotsu KG, Japan",,"en bloc 4 X 30,7t CRANES",,,,range,allied_2023_W02_Allied-Weekly-Market-Review-Week-02.pdf,8
2023-01-13,2,SMAX,ULTRA LANIGAN,58032,2012,"Tsuneishi Heavy Industries (Cebu) Inc - Balamban, Philippines",,4 X 30t CRANES,,,,,allied_2023_W02_Allied-Weekly-Market-Review-Week-02.pdf,8
2023-01-13,2,HANDY,ULTRA FITZ ROY,37918,2016,"Imabari Shipbuilding Co Ltd - Marugame KG (Marugame Shipyard),",,"4 X 30,5t CRANES",,,,,allied_2023_W02_Allied-Weekly-Market-Review-Week-02.pdf,8
2023-01-13,2,SMAX,ASTRA PERSEUS,58518,2012,"Shandong Co Ltd Yantai SD, China",- 4 X 35t CRANES,16.5m,16.5,,undisclosed,"BWTS fitted, Tier II",allied_2023_W02_Allied-Weekly-Market-Review-Week-02.pdf,8
2023-01-13,2,SMAX,SUNRISE RAINBOW,56416,2012,"Jiangsu Hantong Ship Industry Co Ltd Tongzhou JS, China",4 X 36t - CRANES,15.5m,15.5,,undisclosed,"BWTS fitted, SS/DD freshly passed",allied_2023_W02_Allied-Weekly-Market-Review-Week-02.pdf,8
2023-01-13,2,SMAX,KITAKAMI,55668,2009,"Mitsui Eng. & SB. Co. Ltd. - Tamano, Japan",4 X 30t CRANES,15.3m,15.3,,undisclosed,BWTS fitted,allied_2023_W02_Allied-Weekly-Market-Review-Week-02.pdf,8
2023-01-13,2,PMAX NORTHERN,GENERAL,,42942008,"Mipo Dockyard Ltd - Ulsan, S. Korea",rgn,20.5m,20.5,,MSC,,allied_2023_W02_Allied-Weekly-Market-Review-Week-02.pdf,8
2023-01-13,2,SUB,G. ACE,,25532007,Naikai Zosen Corp - Onomichi HS,,13.7m,13.7,,Chinese,,allied_2023_W02_Allied-Weekly-Market-Review-Week-02.pdf,8
2023-01-13,2,SUB,HAMMONIA,,25462007,Jiangsu Yangzijiang Shipbuilding Co Ltd -,,3 X 45t rgn mid $,,,undisclosed,incl TC attached to Maersk,allied_2023_W02_Allied-Weekly-Market-Review-Week-02.pdf,8
2023-01-13,2,PMAX,BEROLINA,,,"Jiangyin JS, China",CRANES ill,20 m,20.0,,,,allied_2023_W02_Allied-Weekly-Market-Review-Week-02.pdf,8
2023-01-13,2,PMAX,BUXCONTACT,,24782002,"GmbH - Wismar, Germany",CRANES,7.7m,7.7,,MSC,bss ppt TC free dely,allied_2023_W02_Allied-Weekly-Market-Review-Week-02.pdf,8
2023-01-13,2,SUB,AMALIA C,,24521998,"Nordseewerke GmbH - Emden,",3 X 40t,6.0m,6.0,,Chinese,,allied_2023_W02_Allied-Weekly-Market-Review-Week-02.pdf,8
2023-01-13,2,FEEDER,X-PRESS BRAHMAPUTRA,,11621998,"Szczecinska SA - Szczecin, Poland",3 X 40t CRANES,4.0m,4.0,,undisclosed,,allied_2023_W02_Allied-Weekly-Market-Review-Week-02.pdf,8
2023-01-13,2,FEEDER,ACACIA WA,,7042006,"Yangfan Group Co Ltd Zhoushan ZJ, China",-,9.0m,9.0,,Turkish,,allied_2023_W02_Allied-Weekly-Market-Review-Week-02.pdf,8
2023-01-13,2,FEEDER,ACACIA MING,,7042010,"Yangfan Group Co Ltd Zhoushan ZJ, China",-,10.0m,10.0,,FESCO,,allied_2023_W02_Allied-Weekly-Market-Review-Week-02.pdf,8
2023-01-13,2,LNG PUTERI,INTAN SATU,75849,2002,"Mitsubishi Heavy Industries Ltd. - Nagasaki, Japan","134,770",30.0m,30.0,,South East Asian,,allied_2023_W02_Allied-Weekly-Market-Review-Week-02.pdf,8
2023-01-13,2,LPG,SYN ALTAIR,7553,1998,"Cantiere Navale di Pesaro SpA (CNP) - Pesaro, Italy","7,031",6.0m,6.0,,Far Eastern,,allied_2023_W02_Allied-Weekly-Market-Review-Week-02.pdf,8
2023-01-20,3,VLCC,POROS,318068,2008,"Shanghai Waigaoqiao Shipbuilding Co Shanghai, China",Ltd - EPOXY,N/A,,,undisclosed,,allied_2023_W03_Allied-Weekly-Market-Review-Week-03.pdf,7
2023-01-20,3,VLCC,RIDER 1,299986,1998,"Hitachi Zosen Corp Nagasu KM, Japan",- EPOXY,N/A,,,undisclosed,,allied_2023_W03_Allied-Weekly-Market-Review-Week-03.pdf,7
2023-01-20,3,AFRA,SEAMAGIC,116905,2007,"HYUNDAI HI, S.",Korea EPOXY rgn,46.5m,46.5,,undisclosed,"BWTS fitted, ice class 1A",allied_2023_W03_Allied-Weekly-Market-Review-Week-03.pdf,7
2023-01-20,3,AFRA,LEO,112795,2010,"New Times Shipbuilding Co Jingjiang JS, China",Ltd - EPOXY rgn,45.0m,45.0,,Middle Eastern,CPP,allied_2023_W03_Allied-Weekly-Market-Review-Week-03.pdf,7
2023-01-20,3,LR1,JO PINARI,75022,2012,STX Offshore Shipbuilding Co Changwon (Jinhae,& Ltd - EPOXY,,,,,,allied_2023_W03_Allied-Weekly-Market-Review-Week-03.pdf,7
2023-01-20,3,LR1,JO PROVEL,75013,2013,STX Offshore Shipbuilding Co Changwon (Jinhae,& Ltd - EPOXY,140.0m,,140.0,European,BWTS fitted,allied_2023_W03_Allied-Weekly-Market-Review-Week-03.pdf,7
2023-01-20,3,LR1,JO REDWOOD,73847,2013,"New Times Shipbuilding Co Jingjiang JS, China",Ltd - EPOXY,en bloc,,,,,allied_2023_W03_Allied-Weekly-Market-Review-Week-03.pdf,7
2023-01-20,3,LR1,JO ROWAN,73811,2013,"New Times Shipbuilding Co Jingjiang JS, China",Ltd - EPOXY,,,,,,allied_2023_W03_Allied-Weekly-Market-Review-Week-03.pdf,7
2023-01-20,3,MR,FIDAN,52949,2009,"Guangzhou Shipyard International Co Guangzhou GD,",Epoxy Ltd - Phenolic China,N/A,,,undisclosed,,allied_2023_W03_Allied-Weekly-Market-Review-Week-03.pdf,7
2023-01-20,3,CHEM,T RIGEL,20919,2021,"Ltd - Rushan SD,",StSt China,57.0m,57.0,,undisclosed,BWTS fitted,allied_2023_W03_Allied-Weekly-Market-Review-Week-03.pdf,7
2023-01-20,3,PROD/,T PROCYON,15900,,Rushan Shipbuilding,Co,en bloc,,,,,allied_2023_W03_Allied-Weekly-Market-Review-Week-03.pdf,7
2023-01-20,3,PROD/,BUNGA LAVENDER,19997,2010,"KOYO FUKUOKA,",Stainless,20.0m,20.0,,undisclosed,StSt,allied_2023_W03_Allied-Weekly-Market-Review-Week-03.pdf,7
2023-01-20,3,CHEM,DREGGEN,19994,2008,Co Ltd - Fukuoka Japan,"FO, Steel",19.0m,19.0,,Dingheng Shipping,StSt,allied_2023_W03_Allied-Weekly-Market-Review-Week-03.pdf,7
2023-01-20,3,CHEM,DUBHE,19924,2001,"Usuki OT, Japan",Steel,N/A,,,Chinese,"StSt, old sale",allied_2023_W03_Allied-Weekly-Market-Review-Week-03.pdf,7
2023-01-20,3,PROD/,GIANCARLO,19801,2016,Ningbo Xinle Shipbuilding Co,Stainless Ltd -,28.0m,28.0,,,,allied_2023_W03_Allied-Weekly-Market-Review-Week-03.pdf,7
2023-01-20,3,CHEM,NQ ALPINIA,19800,2016,"Shipbuilding Co Ningbo ZJ, China",Ltd - Steel,28.0m,28.0,,,,allied_2023_W03_Allied-Weekly-Market-Review-Week-03.pdf,7
2023-01-20,3,PROD/,ATLANTIK PRIDE,17999,2010,Anadolu Deniz,Insaat Epoxy,,,,,,allied_2023_W03_Allied-Weekly-Market-Review-Week-03.pdf,7
2023-01-20,3,PMAX,AM LIBERIA,98730,2013,"Shipbuilding - Daishan County ZJ,",,20.5m,20.5,,Greek,Jan '23,allied_2023_W03_Allied-Weekly-Market-Review-Week-03.pdf,7
2023-01-20,3,UMAX,IVS HIRONO,60280,2015,"Onomichi Dockyard Co Ltd - Onomichi HS, Japan",4 X 30t CRANES,24.6m,24.6,,undisclosed,Pac Basin,allied_2023_W03_Allied-Weekly-Market-Review-Week-03.pdf,7
2023-01-20,3,HANDY,MIREILLE SELMER,35000,2010,"EAST, China",4 X 35t rgn $ CRANES,10.75m,10.75,,undisclosed,BWTS fitted,allied_2023_W03_Allied-Weekly-Market-Review-Week-03.pdf,7
2023-01-20,3,HANDY,AMADEUS II,32474,2014,"Korea Yanase Shipbuilding Co Ltd - Tongyeong, S.",,4 X 30t N/A CRANES,,,undisclosed,,allied_2023_W03_Allied-Weekly-Market-Review-Week-03.pdf,7
2023-01-20,3,FEEDER,NICKIE B,,13682011,"AVIC Weihai Shipyard Co Ltd - Weihai SD, China",,2 X 40t N/A CRANES,,,undisclosed,,allied_2023_W03_Allied-Weekly-Market-Review-Week-03.pdf,8
2023-01-20,3,LPG,INGE KOSAN,3796,2011,"YANGZHOU KEJIN SHYD CO, China","3,604",9.5m,9.5,,undisclosed,,allied_2023_W03_Allied-Weekly-Market-Review-Week-03.pdf,8
2023-01-20,3,LPG,TRACEY KOSAN,3791,2011,"YANGZHOU KEJIN SHYD CO, China","3,604",9.5m,9.5,,,,allied_2023_W03_Allied-Weekly-Market-Review-Week-03.pdf,8
2023-01-27,4,VLCC,OCEANIA,441585,2003,"Daewoo Shipbuilding Marine Engineering Ltd - Geoje, S.",& Co Korea,50.0m,50.0,,undisclosed,,allied_2023_W04_Allied-Weekly-Market-Review-Week-04.pdf,7
2023-01-27,4,VLCC,YASA SOUTHERN CROSS,318348,2012,"Shanghai Waigaoqiao Shipbuilding Co Shanghai, China",Ltd -,69.0m,69.0,,undisclosed,,allied_2023_W04_Allied-Weekly-Market-Review-Week-04.pdf,7
2023-01-27,4,VLCC,BIRDIE,308829,2005,"SAMSUNG HI, S.",Korea,N/A,,,undisclosed,,allied_2023_W04_Allied-Weekly-Market-Review-Week-04.pdf,7
2023-01-27,4,VLCC,ARCADIA V,298920,2000,"KAWASAKI SAKAIDE, Japan",HI,40.0m,40.0,,undisclosed,,allied_2023_W04_Allied-Weekly-Market-Review-Week-04.pdf,7
2023-01-27,4,AFRA,KYTHIRA WARRIOR,115338,2006,Hishino Corp - Kurashiki Japan,"Meisho OY,",38.0m,38.0,,IMMS,"BWTS fitted, SS/DD freshly passed, ppt dely",allied_2023_W04_Allied-Weekly-Market-Review-Week-04.pdf,7
2023-01-27,4,LR1,LILA ALABAMA,72514,2004,"SAMSUNG HI, S.",Korea EPOXY,rgn $ 21.5,,,Besiktas,,allied_2023_W04_Allied-Weekly-Market-Review-Week-04.pdf,7
2023-01-27,4,MR,SUNNY HORIZON,53116,2010,"Guangzhou Shipyard International Co Guangzhou GD,",Epoxy Ltd - Phenolic China,N/A,,,undisclosed,,allied_2023_W04_Allied-Weekly-Market-Review-Week-04.pdf,7
2023-01-27,4,MR,HIGH MERCURY,51501,2008,"Shipbuilding - Changwon (Jinhae Shipyard), S. Korea",Co Ltd EPOXY,21.0m,21.0,,European,"BWTS fitted, CPP, SS/DD due Jul '23",allied_2023_W04_Allied-Weekly-Market-Review-Week-04.pdf,7
2023-01-27,4,MR,HIGH EXPLORER,49996,2018,Onomichi Dockyard Ltd - Onomichi Japan,"Co HS, EPOXY",30.0m,30.0,,D' Amico,declaration of purchase option,allied_2023_W04_Allied-Weekly-Market-Review-Week-04.pdf,7
2023-01-27,4,MR,VICTOR 1,46921,2004,"Mipo Dockyard Ltd - Ulsan, S.",EPOXY Korea rgn,11.0m,11.0,,Seven Islands,"on 'as is, where is' bss, auction sale in Singapore",allied_2023_W04_Allied-Weekly-Market-Review-Week-04.pdf,7
2023-01-27,4,MR,ATLANTICA BREEZE,46846,2007,"Sungdong Shipbuilding & Marine Engineering Co Ltd - Tongyeong,",Epoxy Phenolic S.,19.0m,19.0,,Far Eastern,,allied_2023_W04_Allied-Weekly-Market-Review-Week-04.pdf,7
2023-01-27,4,CAPE,ALIKI,180235,2005,"Imabari Shipbuilding Co Ltd - Saijo EH (Saijo Shipyard), Japan",,15.08m,15.08,,Baoli Marine,"BWTS fitted, bss ppt dely",allied_2023_W04_Allied-Weekly-Market-Review-Week-04.pdf,7
2023-01-27,4,POST,JUPITER N,93099,2011,Taizhou Kouan Shipbuilding Co Ltd -,,16.5m,16.5,,W Marine,"BWTS fitted, SS/DD",allied_2023_W04_Allied-Weekly-Market-Review-Week-04.pdf,7
2023-01-27,4,PMAX,OCEAN DOMINA,76255,2005,"Tsuneishi Corp - Tadotsu KG, Japan",,10.6m,10.6,,Vietnamese,,allied_2023_W04_Allied-Weekly-Market-Review-Week-04.pdf,7
2023-01-27,4,PMAX,I,75527,2007,"- Changwon (Jinhae Shipyard), S. Korea",,13.75m,13.75,,undisclosed,freshly passed,allied_2023_W04_Allied-Weekly-Market-Review-Week-04.pdf,7
2023-01-27,4,SMAX,NAVIOS AMARYLLIS,58735,2008,"Tsuneishi Group Shipbuilding - Daishan County ZJ,",4 X 30t high $ CRANES,14.0m,14.0,,Gurita Lines,Dec '22 sale,allied_2023_W04_Allied-Weekly-Market-Review-Week-04.pdf,7
2023-01-27,4,SMAX,BONITA,58105,2010,"Tsuneishi Group Shipbuilding - Daishan County ZJ,",4 X 30t CRANES,15.8m,15.8,,Greek,,allied_2023_W04_Allied-Weekly-Market-Review-Week-04.pdf,7
2023-01-27,4,SMAX,BULK NEWPORT,52587,2003,"Toyohashi Shipbuilding Co Ltd - Toyohashi AI, Japan","4 X 30,5t CRANES",9.3m,9.3,,undisclosed,"BWTS fitted, SS/DD due May '23",allied_2023_W04_Allied-Weekly-Market-Review-Week-04.pdf,7
2023-01-27,4,HANDY,KOTOR,34987,2012,"Shanghai Shipyard Co Ltd - Shanghai, China",4 X 30t CRANES,15.1m,15.1,,Turkish,old sale,allied_2023_W04_Allied-Weekly-Market-Review-Week-04.pdf,7
2023-01-27,4,HANDY,AFRICAN VENTURE,34721,2012,"Chengxi Shipyard Co Ltd - Jiangyin JS, China",4 X 30t mid/high $ CRANES,12.0m,12.0,,undisclosed,"BWTS fitted, SS/DD freshly passed",allied_2023_W04_Allied-Weekly-Market-Review-Week-04.pdf,7
2023-01-27,4,HANDY,GALENE M,33158,2011,"Kanda Zosensho K.K. - Kawajiri, Japan","4 X 30,5t CRANES",14.1m,14.1,,Turkish,"OHBS, BWTS fitted",allied_2023_W04_Allied-Weekly-Market-Review-Week-04.pdf,7
2023-01-27,4,HANDY,CORKSCREW,33193,2010,"Kanda Zosensho K.K. - Kawajiri, Japan","4 X 30,5t CRANES",13.75m,13.75,,Chinese,"OHBS, old sale",allied_2023_W04_Allied-Weekly-Market-Review-Week-04.pdf,7
2023-01-27,4,PMAX,AS CARINTHIA,,28242003,"Ltd - Ulsan, S. Korea",,7.8m,7.8,,Chinese,incl. T/C,allied_2023_W04_Allied-Weekly-Market-Review-Week-04.pdf,8
2023-01-27,4,SUB,SITC SURABAYA,,27422006,"Aker MTW Werft GmbH - Wismar,",,13.0m,13.0,,Chinese,,allied_2023_W04_Allied-Weekly-Market-Review-Week-04.pdf,8
2023-01-27,4,FEEDER,SITC BANGKOK,,16202003,"Imabari Shipbuilding Co Ltd - Imabari EH (Imabari Shipyard),",,12.25m,12.25,,HR Lines,old sale,allied_2023_W04_Allied-Weekly-Market-Review-Week-04.pdf,8
2023-01-27,4,FEEDER DONGJIN,HIGHNESS,,7062007,"Yangfan Group Co Ltd Zhoushan ZJ, China",-,5.5m,5.5,,Chinese,,allied_2023_W04_Allied-Weekly-Market-Review-Week-04.pdf,8
2023-02-03,5,VLCC,CORDELIA,319994,2008,"SAMSUNG HI, S.",Korea,,,,,,allied_2023_W05_Allied-Weekly-Market-Review-Week-05.pdf,7
2023-02-03,5,VLCC,MARLEY,319993,2008,"SAMSUNG HI, S.",Korea,N/A,,,Indian,"scrubber fitted, old sale",allied_2023_W05_Allied-Weekly-Market-Review-Week-05.pdf,7
2023-02-03,5,VLCC,MAREN,319901,2009,"SAMSUNG HI, S.",Korea,,,,,,allied_2023_W05_Allied-Weekly-Market-Review-Week-05.pdf,7
2023-02-03,5,VLCC,SEAHERO,306507,2006,"Daewoo Shipbuilding Marine Engineering Ltd - Geoje, S.",& Co Korea,56.0m,56.0,,Undisclosed,Scrubber fitted,allied_2023_W05_Allied-Weekly-Market-Review-Week-05.pdf,7
2023-02-03,5,VLCC,NEW GLOBAL,305704,2001,"Daewoo Shipbuilding Marine Engineering Ltd - Geoje, S.",& Co Korea,N/A,,,Chinese,,allied_2023_W05_Allied-Weekly-Market-Review-Week-05.pdf,7
2023-02-03,5,VLCC,ARZOYI,299152,2002,"Hitachi Zosen Corp Nagasu KM, Japan",-,26.7m,26.7,,Chinese,"BWTS fitted, scrubber fitted, auction sale",allied_2023_W05_Allied-Weekly-Market-Review-Week-05.pdf,7
2023-02-03,5,AFRA,ATLANTIS,105400,2008,"Sumitomo Heavy Industries Marine Engineering Co.,",& EPOXY Ltd. - rgn,33.5m,33.5,,Greek,"BWTS fitted, SS/DD due Sep '23",allied_2023_W05_Allied-Weekly-Market-Review-Week-05.pdf,7
2023-02-03,5,LR1,HAFNIA COLUMBIA,76604,2007,"Dalian Shipbuilding Co Ltd - LN (No 1 Yard),",Dalian EPOXY China,rgn high $,,,Undisclosed,BWTS fitted,allied_2023_W05_Allied-Weekly-Market-Review-Week-05.pdf,7
2023-02-03,5,LR1 HAFNIA,KRONBORG,73708,2007,"New Century Shipbuilding Co Jingjiang JS, China",Ltd - EPOXY each,22.0m,22.0,,,,allied_2023_W05_Allied-Weekly-Market-Review-Week-05.pdf,7
2023-02-03,5,LR1,JUNIOR G,70426,2005,Universal Shipbuilding Corp - Maizuru Japan,"KY, EPOXY",21.0m,21.0,,Middle Eastern,"BWTS fitted, CPP, old sale, uncoiled",allied_2023_W05_Allied-Weekly-Market-Review-Week-05.pdf,7
2023-02-03,5,MR,PINK CORAL,49474,2003,"Shipbuilding - Changwon (Jinhae Shipyard), S. Korea",Co Ltd Epoxy Phenolic rgn,13.0m,13.0,,U.A.E. based,SS/DD due Apr '23,allied_2023_W05_Allied-Weekly-Market-Review-Week-05.pdf,7
2023-02-03,5,MR,MARKOS I,45592,2005,"Uljanik' Brodogradiliste dd - Pula, Croatia",Epoxy Phenolic,16.9m,16.9,,Chinese,BWTS fitted,allied_2023_W05_Allied-Weekly-Market-Review-Week-05.pdf,7
2023-02-03,5,MR,LOUKAS I,45568,2005,"Uljanik' Brodogradiliste dd - Pula, Croatia",Epoxy Phenolic,17.0m,17.0,,Undisclosed,BWTS fitted,allied_2023_W05_Allied-Weekly-Market-Review-Week-05.pdf,7
2023-02-03,5,PROD/,NORMANNA,10022,1996,Nav. de Poli,S.p.A. Stainless,5.8m,5.8,,Turkish,ice class 1C,allied_2023_W05_Allied-Weekly-Market-Review-Week-05.pdf,7
2023-02-03,5,CAPE,UBUNTU UNITY,190000,2023,"Shanghai Waigaoqiao Shipbuilding Co Ltd - Shanghai, China",,N/A,,,Maran Dry,"DF LNG, incl long TC",allied_2023_W05_Allied-Weekly-Market-Review-Week-05.pdf,7
2023-02-03,5,CAPE,UBUNTU COMMUNITY,190000,2023,"Shanghai Waigaoqiao Shipbuilding Co Ltd - Shanghai, China",,,,,,attached to Anglo Eastern,allied_2023_W05_Allied-Weekly-Market-Review-Week-05.pdf,7
2023-02-03,5,KMAX,LIBERTY K,82217,2010,"Tsuneishi Group Shipbuilding - Daishan County ZJ,",rgn,19.5m,19.5,,Seanergy,"BWTS fitted, DD due Mar '23",allied_2023_W05_Allied-Weekly-Market-Review-Week-05.pdf,7
2023-02-03,5,KMAX,HAMPTON BAY,81508,2009,"Universal Shipbuilding Corp - Maizuru KY, Japan",rgn low,19.0m,19.0,,Greek,BWTS fitted,allied_2023_W05_Allied-Weekly-Market-Review-Week-05.pdf,7
2023-02-03,5,PMAX,OCEANIC POWER,78173,2013,"Shin Kurushima Toyohashi Shipbuilding Co Ltd - Toyohashi AI,",,23.0m,23.0,,Undisclosed,"BWTS fitted, bss 18-month BBHP structure",allied_2023_W05_Allied-Weekly-Market-Review-Week-05.pdf,7
2023-02-03,5,UMAX,SPRINGFIELD,63614,2020,"Shipping Heavy Industry (Yangzhou) Co Ltd - Yangzhou JS,",4 X 30t CRANES,30.75m,30.75,,Undisclosed,"BWTS fitted, scrubber fitted",allied_2023_W05_Allied-Weekly-Market-Review-Week-05.pdf,7
2023-02-03,5,HANDY,VENTURE OCEAN,38947,2015,"Nanyang Ship Engineering Co Ltd - Jiangmen GD, China","4 X 30,5t low mid $ CRANES",18.0m,18.0,,Italian,BWTS fitted,allied_2023_W05_Allied-Weekly-Market-Review-Week-05.pdf,7
2023-02-03,5,PMAX,RIO CENTAURUS,,34262010,"Nordseewerke GmbH - Emden, Germany",,18.9m,18.9,,,"incl TC attached, SS/DD",allied_2023_W05_Allied-Weekly-Market-Review-Week-05.pdf,8
2023-02-03,5,PMAX,TRF KAYA,,28242007,"Ltd - Ulsan, S. Korea",,15.0m,15.0,,,,allied_2023_W05_Allied-Weekly-Market-Review-Week-05.pdf,8
2023-02-03,5,FEEDER,YM TOKYO,,14051998,"Shipbuilding Corp - Keelung, Taiwan",,3.3m,3.3,,Undisclosed,SS/DD due Feb '23,allied_2023_W05_Allied-Weekly-Market-Review-Week-05.pdf,8
2023-02-03,5,LPG,BW THOR,58610,2008,"HYUNDAI HI, S. Korea","80,657",55.0m,55.0,,Undisclosed,BWTS fitted,allied_2023_W05_Allied-Weekly-Market-Review-Week-05.pdf,8
2023-02-03,5,LPG,SEAPEAK VISION,12211,2011,"AVIC Dingheng Shipbuilding Co Ltd - Yangzhou JS, China",,"11,782 rgn $",,,,,allied_2023_W05_Allied-Weekly-Market-Review-Week-05.pdf,8
2023-02-03,5,LPG,SEAPEAK UNIKUM,12210,2011,"AVIC Dingheng Shipbuilding Co Ltd - Yangzhou JS, China","each 11,782",27.0m,27.0,,Undisclosed,incl BB charter to Titan,allied_2023_W05_Allied-Weekly-Market-Review-Week-05.pdf,8
2023-02-10,6,VLCC,FRONT EMINENCE,321300,2009,"Daewoo Shipbuilding Marine Engineering Ltd - Geoje, S.",& Co Korea,N/A,,,undisclosed,"BWTS fitted, scrubber fitted",allied_2023_W06_Allied-Weekly-Market-Review-Week-06.pdf,7
2023-02-10,6,VLCC,ADVENTURE,308829,2005,"SAMSUNG HI, S.",Korea,52.5m,52.5,,undisclosed,Scrubber fitted,allied_2023_W06_Allied-Weekly-Market-Review-Week-06.pdf,7
2023-02-10,6,VLCC,NAVE PHOTON,297395,2008,"Shanghai Jiangnan Changxing Shipbuilding Ltd - Shanghai,",China,58.0m,58.0,,Wirana,,allied_2023_W06_Allied-Weekly-Market-Review-Week-06.pdf,7
2023-02-10,6,SUEZ,AEGEAN DIGNITY,159081,2004,"HYUNDAI HI, S.",Korea,rgn mid $ 30's mill,,,undisclosed,,allied_2023_W06_Allied-Weekly-Market-Review-Week-06.pdf,7
2023-02-10,6,AFRA,SEA BAY,108760,2009,Zhoushan Jinhaiwan Shipyard Co Ltd Daishan County,"- EPOXY ZJ,",35.0m,35.0,,undisclosed,Scrubber fitted,allied_2023_W06_Allied-Weekly-Market-Review-Week-06.pdf,7
2023-02-10,6,AFRA,SEA HOPE,106992,2009,Zhoushan Jinhaiwan Shipyard Co Ltd Daishan County,"- EPOXY ZJ,",p/v,,,,,allied_2023_W06_Allied-Weekly-Market-Review-Week-06.pdf,7
2023-02-10,6,LR1,STENA PROGRESS,65125,2009,"SPLIT, Croatia",EPOXY,,,,,,allied_2023_W06_Allied-Weekly-Market-Review-Week-06.pdf,7
2023-02-10,6,LR1,STENA PREMIUM,65055,2011,"SPLIT, Croatia",EPOXY p/v,30.0m,30.0,,undisclosed,"BWTS fitted, ice class 1A & 1B, bss TCB",allied_2023_W06_Allied-Weekly-Market-Review-Week-06.pdf,7
2023-02-10,6,LR1,STENA PENGUIN,64834,2010,"SPLIT, Croatia",EPOXY,,,,,,allied_2023_W06_Allied-Weekly-Market-Review-Week-06.pdf,7
2023-02-10,6,MR,NORD STINGRAY,51291,2009,"STX Offshore Shipbuilding Co Changwon (Jinhae Shipyard), S. Korea",& Ltd - EPOXY rgn,24.0m,24.0,,Turkish,"BWTS fitted, Scrubber fitted, bss cancelling May '23",allied_2023_W06_Allied-Weekly-Market-Review-Week-06.pdf,7
2023-02-10,6,MR,SUPER EMERALD,50346,2005,"ShinA Shipbuilding Ltd - Tongyeong, Korea",Co S. EPOXY,17.5m,17.5,,Turkish,"BWTS fitted, CPP, bss ppt dely",allied_2023_W06_Allied-Weekly-Market-Review-Week-06.pdf,7
2023-02-10,6,MR,UOG ANDROS,49999,2009,"SPP Plant Shipbuilding Co Sacheon, S. Korea",& Ltd - EPOXY,22.5m,22.5,,undisclosed,"BWTS fitted, ice class 1D, CPP, ice class",allied_2023_W06_Allied-Weekly-Market-Review-Week-06.pdf,7
2023-02-10,6,CAPE,THALASSINI ASTRID,179816,2014,"Tianjin Xingang Shipbuilding Industry Co Ltd - Tianjin, China",,34.0m,34.0,,Dubai based,"BWTS fitted, scrubber fitted, eco",allied_2023_W06_Allied-Weekly-Market-Review-Week-06.pdf,7
2023-02-10,6,PMAX,OMICRON CREST,76737,2004,"Sasebo Heavy Industries Co. Ltd. - Sasebo, Japan",,12.0m,12.0,,Indonesian,"BWTS fitted, old sale",allied_2023_W06_Allied-Weekly-Market-Review-Week-06.pdf,7
2023-02-10,6,PMAX,NAVIOS LIBERTAS,75511,2007,"Shipbuilding Co Ltd - Changwon (Jinhae Shipyard), S. Korea",,13.8m,13.8,,Greek,"BWTS fitted, SS/DD freshly passed",allied_2023_W06_Allied-Weekly-Market-Review-Week-06.pdf,7
2023-02-10,6,SMAX,MILOS,56988,2010,"COSCO (Zhoushan) Shipyard Co Ltd - Zhoushan ZJ, China",4 X 30t CRANES,13.8m,13.8,,undisclosed,BWTS fitted,allied_2023_W06_Allied-Weekly-Market-Review-Week-06.pdf,7
2023-02-10,6,SMAX,SERENITAS N,56811,2011,"Yangzhou Guoyu Shipbuilding Co Ltd - Yangzhou JS, China",4 X 30t CRANES,12.3m,12.3,,Stem Shipping,"BWTS fitted, bss dely May '23, Wartsila m/e",allied_2023_W06_Allied-Weekly-Market-Review-Week-06.pdf,7
2023-02-10,6,HANDY,BBC NEPTUNE,37506,2010,"Tianjin Xingang Shipbuilding Industry Co Ltd - Tianjin, China",4 X 30t CRANES,12.0m,12.0,,Akson Denizcilik,Wartsila m/e,allied_2023_W06_Allied-Weekly-Market-Review-Week-06.pdf,7
2023-02-10,6,HANDY,SHANGHAI PEARL,35921,2011,"Mipo Dockyard Ltd - Ulsan, S. Korea",4 X 35t CRANES,13.0m,13.0,,Vietnamese,"BWTS fitted, OHBS",allied_2023_W06_Allied-Weekly-Market-Review-Week-06.pdf,7
2023-02-10,6,HANDY,LAVIEEN ROSE,33398,2014,"Shin Kurushima Dockyard Co. Ltd. - Onishi, Japan",4 X 30t CRANES,17.2m,17.2,,Newport,"incl TC attached at US$ 18,750/day to Ultrabulk until May/Sep '23, BWTS fitted, eco, OHBS",allied_2023_W06_Allied-Weekly-Market-Review-Week-06.pdf,7
2023-02-10,6,FEEDER,TS YOKOHAMA,,10962019,"Shipyard Corp Shimonoseki YC, Japan",-,16.5m,16.5,,,,allied_2023_W06_Allied-Weekly-Market-Review-Week-06.pdf,8
2023-02-10,6,FEEDER,TS SHANGHAI,,10962019,"Shipyard Corp Shimonoseki YC, Japan",-,16.5m,16.5,,HS Schiffahrt,,allied_2023_W06_Allied-Weekly-Market-Review-Week-06.pdf,8
2023-02-10,6,FEEDER,TS MOJI,,9622006,"DAESUN, S. Korea",,7.0m,7.0,,,,allied_2023_W06_Allied-Weekly-Market-Review-Week-06.pdf,8
2023-02-10,6,LNG,TRINITY ARROW,79556,2008,"Dockyard Co Ltd Mihara HS, Japan",- low $ 60's ill,"152,655 m",152.655,,Jovo,,allied_2023_W06_Allied-Weekly-Market-Review-Week-06.pdf,8
2023-02-17,7,SUEZ,GLORYCROWN,156654,2009,"Jiangsu Rongsheng Shipbuilding Co Rugao JS, China",Ltd - en,78.8m,78.8,,undisclosed,"BWTS fitted, Scrubber",allied_2023_W07_Allied-Weekly-Market-Review-Week-07.pdf,7
2023-02-17,7,SUEZ,FRONT BALDER,156436,2009,"Jiangsu Rongsheng Shipbuilding Co Rugao JS, China",Ltd -,bloc,,,,fitted,allied_2023_W07_Allied-Weekly-Market-Review-Week-07.pdf,7
2023-02-17,7,SUEZ,RIDGEBURY JUDITH,150393,2008,"TSU,",Japan,40.0m,40.0,,undisclosed,Scrubber fitted,allied_2023_W07_Allied-Weekly-Market-Review-Week-07.pdf,7
2023-02-17,7,AFRA,PELAGOS ONE,111775,2005,"Hyundai Samho Industries Co Samho, S. Korea",Heavy Ltd -,36.5m,36.5,,U.A.E. based,"BWTS fitted, Ice Class 1A",allied_2023_W07_Allied-Weekly-Market-Review-Week-07.pdf,7
2023-02-17,7,AFRA,OAKA,106395,2003,"Tsuneishi Corp Tadotsu KG, Japan",-,24.1m,24.1,,undisclosed,,allied_2023_W07_Allied-Weekly-Market-Review-Week-07.pdf,7
2023-02-17,7,LR1 KONSTANTIN,JACOB,76547,2011,"Dalian Shipbuilding Co Ltd - LN (No 1 Yard),",Dalian EPOXY China,,,,,,allied_2023_W07_Allied-Weekly-Market-Review-Week-07.pdf,7
2023-02-17,7,LR1,GEORG JACOB,75618,2011,"Dalian Shipbuilding Co Ltd - LN (No 1 Yard),",Dalian EPOXY China,116.5m,116.5,,Navig8,"BWTS fitted, CPP",allied_2023_W07_Allied-Weekly-Market-Review-Week-07.pdf,7
2023-02-17,7,LR1,CORDULA JACOB,75618,2012,"Dalian Shipbuilding Co Ltd - LN (No 1 Yard),",Dalian EPOXY China,en bloc,,,,,allied_2023_W07_Allied-Weekly-Market-Review-Week-07.pdf,7
2023-02-17,7,LR1,TILL JACOB,69999,2012,"Dalian Shipbuilding Co Ltd - LN (No 1 Yard),",Dalian EPOXY China,,,,,,allied_2023_W07_Allied-Weekly-Market-Review-Week-07.pdf,7
2023-02-17,7,LR1,HAFNIA ARCTIC,74910,2010,"SPLIT, Croatia",EPOXY,N/A,,,undisclosed,Ice Class 1A,allied_2023_W07_Allied-Weekly-Market-Review-Week-07.pdf,7
2023-02-17,7,LR1,MEGALI,73919,2007,Onomichi Dockyard Ltd - Onomichi Japan,"Co HS, EPOXY rgn",30.0m,30.0,,undisclosed,"BWTS fitted, Ice Class 1A",allied_2023_W07_Allied-Weekly-Market-Review-Week-07.pdf,7
2023-02-17,7,LR1,LORELEI,73673,2007,"Shipbuilding - Changwon (Jinhae Shipyard), S. Korea",Co Ltd EPOXY,33.5m,33.5,,undisclosed,"Scrubber fitted, Ice Class 1A",allied_2023_W07_Allied-Weekly-Market-Review-Week-07.pdf,7
2023-02-17,7,LR1,LA BOHEME,73672,2007,"Shipbuilding - Changwon (Jinhae Shipyard), S. Korea",Co Ltd EPOXY,N/A,,,undisclosed,,allied_2023_W07_Allied-Weekly-Market-Review-Week-07.pdf,7
2023-02-17,7,LR1,UACC EAGLE,73410,2009,"New Times Shipbuilding Co Jingjiang JS, China",Ltd - EPOXY,23.0m,23.0,,undisclosed,,allied_2023_W07_Allied-Weekly-Market-Review-Week-07.pdf,7
2023-02-17,7,LR1,CHEMTRANS SATURN,72247,2006,"Hudong-Zhonghua (Group) Ltd - Shanghai,",Co EPOXY China,N/A,,,IMS,,allied_2023_W07_Allied-Weekly-Market-Review-Week-07.pdf,7
2023-02-17,7,MR,IBIS PACIFIC,51277,2007,"Shipbuilding - Changwon (Jinhae Shipyard), S. Korea",Co Ltd EPOXY,22.0m,22.0,,undisclosed,"BWTS fitted, CPP",allied_2023_W07_Allied-Weekly-Market-Review-Week-07.pdf,7
2023-02-17,7,MR,RIDGEBURY KATHERINE Z,50215,2009,"SPP Plant Shipbuilding Co Sacheon, S. Korea",& Ltd - EPOXY,24.8m,24.8,,undisclosed,bss ppt dely,allied_2023_W07_Allied-Weekly-Market-Review-Week-07.pdf,7
2023-02-17,7,MR,LOUKAS I,45568,2005,"Uljanik' Brodogradiliste dd - Pula, Croatia",Epoxy Phenolic low,17.0m,17.0,,undisclosed,"BWTS fitted, CPP",allied_2023_W07_Allied-Weekly-Market-Review-Week-07.pdf,7
2023-02-17,7,MR,LISCA BIANCA,40000,2005,"Mipo Dockyard Ltd - Ulsan, S.",EPOXY Korea,21.0m,21.0,,Gatik,"BWTS fitted, Ice Class 1B",allied_2023_W07_Allied-Weekly-Market-Review-Week-07.pdf,7
2023-02-17,7,MR,STYLE,37923,2008,"Mipo Dockyard Ltd - Ulsan, S.",Epoxy Korea Phenolic low,16.0m,16.0,,undisclosed,"Ice Class 1A, DPP",allied_2023_W07_Allied-Weekly-Market-Review-Week-07.pdf,7
2023-02-17,7,MR,BALTIC SUN,37305,2005,"Mipo Dockyard Ltd - Ulsan, S.",EPOXY Korea en,27.3m,27.3,,European,,allied_2023_W07_Allied-Weekly-Market-Review-Week-07.pdf,7
2023-02-17,7,MR,GIANNUTRI,37299,2004,"Mipo Dockyard Ltd - Ulsan, S.",EPOXY Korea,bloc,,,,,allied_2023_W07_Allied-Weekly-Market-Review-Week-07.pdf,7
2023-02-17,7,PROD/,BELUGA PACIFIC,17988,2018,PaxOcean Engineering (Zhoushan) Co,Ltd - EPOXY,19.5m,19.5,,undisclosed,,allied_2023_W07_Allied-Weekly-Market-Review-Week-07.pdf,7
2023-02-17,7,CHEM,DL EMERALD,13034,2009,"Shipbuilding Co Tongyeong, S.",Ltd - Phenolic Korea rgn,9.7m,9.7,,undisclosed,,allied_2023_W07_Allied-Weekly-Market-Review-Week-07.pdf,7
2023-02-17,7,SMALL,FRONA,9091,2021,"Dongfang Shipbuilding Co Ltd - Yueqing ZJ, China",Marine Line,17.0m,17.0,,Peninsula Petroleum,,allied_2023_W07_Allied-Weekly-Market-Review-Week-07.pdf,8
2023-02-17,7,SMALL,ATA OCEAN,7003,2010,"Umo Gemi Sanayi Ticaret Ltd - Karadeniz Eregli, Turkey",ve Marine Line,9.7m,9.7,,Turkish,,allied_2023_W07_Allied-Weekly-Market-Review-Week-07.pdf,8
2023-02-17,7,VLOC,HL PEARL,207999,2020,"New Times Shipbuilding Co Ltd - Jingjiang JS, China",,,,,,,allied_2023_W07_Allied-Weekly-Market-Review-Week-07.pdf,8
2023-02-17,7,VLOC,HL SAPPHIRE,207999,2021,"New Times Shipbuilding Co Ltd - Jingjiang JS, China",,,,,,,allied_2023_W07_Allied-Weekly-Market-Review-Week-07.pdf,8
2023-02-17,7,VLOC,HL AQUAMARINE,207999,2021,"New Times Shipbuilding Co Ltd - Jingjiang JS, China",en,291.0m,291.0,,Golden Ocean,"BWTS fitted, Scrubber fitted, bss TCB for 36",allied_2023_W07_Allied-Weekly-Market-Review-Week-07.pdf,8
2023-02-17,7,VLOC,HL DIAMOND,207999,2020,"New Times Shipbuilding Co Ltd - Jingjiang JS, China",,bloc,,,,"months at US$ 21,000/day",allied_2023_W07_Allied-Weekly-Market-Review-Week-07.pdf,8
2023-02-17,7,VLOC,HL EMERALD,207999,2020,"New Times Shipbuilding Co Ltd - Jingjiang JS, China",,,,,,,allied_2023_W07_Allied-Weekly-Market-Review-Week-07.pdf,8
2023-02-17,7,VLOC HL,PORT WALCOTT,207999,2017,"Shipping Industry (Jiangsu) Co Ltd - Jiangdu JS, China",,,,,,,allied_2023_W07_Allied-Weekly-Market-Review-Week-07.pdf,8
2023-02-17,7,CAPE,AGIA TRIAS,185820,2002,"KAWASAKI HI SAKAIDE, Japan",,12.5m,12.5,,undisclosed,BWTS fitted,allied_2023_W07_Allied-Weekly-Market-Review-Week-07.pdf,8
2023-02-17,7,CAPE,OCEAN CAESAR,180176,2008,"Imabari Shipbuilding Co Ltd - Saijo EH (Saijo Shipyard), Japan",rgn,20.0m,20.0,,Winning Shipping,BWTS fitted,allied_2023_W07_Allied-Weekly-Market-Review-Week-07.pdf,8
2023-02-17,7,UMAX,NORD POTOMAC,63379,2016,"I-S Shipyard Co Ltd - Imabari EH, Japan","4 X 30,7t CRANES",27.9m,27.9,,Diana Shipping,"BWTS fitted, Scrubber fitted, dely Apr '23",allied_2023_W07_Allied-Weekly-Market-Review-Week-07.pdf,8
2023-02-17,7,UMAX,MUTIARA,61498,2012,"Shin Kasado Dockyard Ltd - Kudamatsu YC, Japan","4 X 30,7t rgn $ CRANES",21.0m,21.0,,Pac Basin,"BWTS fitted, SS/DD due Sep '23, Tier I",allied_2023_W07_Allied-Weekly-Market-Review-Week-07.pdf,8
2023-02-17,7,SMAX,PACIFIC DREAM,56531,2013,"Jiangsu Hantong Ship Industry Co Ltd Tongzhou JS, China",4 X 36t - CRANES,15.0m,15.0,,undisclosed,"BWTS fitted, Tier II, bss",allied_2023_W07_Allied-Weekly-Market-Review-Week-07.pdf,8
2023-02-17,7,SMAX,PACIFIC VISION,56425,2013,"Jiangsu Hantong Ship Industry Co Ltd Tongzhou JS, China",,p/v 4 X 36t - CRANES,,,,dely Mar-Apr '23,allied_2023_W07_Allied-Weekly-Market-Review-Week-07.pdf,8
2023-02-17,7,SMAX,KAI XUAN 11,50236,2000,"Mitsui Eng. & SB. Co. Ltd. - Tamano, Japan","4 X 30,5t CRANES",7.2m,7.2,,undisclosed,BWTS fitted,allied_2023_W07_Allied-Weekly-Market-Review-Week-07.pdf,8
2023-02-17,7,HANDY,AUCKLAND SPIRIT,31646,2003,"Saiki Heavy Industries Ltd - Saiki OT, Japan",4 X 30t CRANES,9.5m,9.5,,undisclosed,"BWTS fitted, OHBS",allied_2023_W07_Allied-Weekly-Market-Review-Week-07.pdf,8
2023-02-17,7,SMALL,PRINCE RUPERT,18917,2009,"Yamanishi Corp - Ishinomaki MG, Japan","CR 3x30.5 T, CR 3x25",9.1m,9.1,,undisclosed,,allied_2023_W07_Allied-Weekly-Market-Review-Week-07.pdf,8
2023-02-17,7,FEEDER,SKY PRIDE,,9622005,"DAESUN, S. Korea",,8.5m,8.5,,undisclosed,,allied_2023_W07_Allied-Weekly-Market-Review-Week-07.pdf,8
2023-02-17,7,LPG,RUBRA,56745,2001,"Stocznia Gdynia SA - Gdynia, Poland","rgn $ 76,980",35.0m,35.0,,Middle Eastern,,allied_2023_W07_Allied-Weekly-Market-Review-Week-07.pdf,8
2023-02-24,8,VLCC,COSGLORY LAKE,299145,2003,"Universal Shipbuilding Corp - Nagasu Shipyard),",KM Japan,39.0m,39.0,,undisclosed,BWTS fitted,allied_2023_W08_Allied-Weekly-Market-Review-Week-08.pdf,7
2023-02-24,8,SUEZ,CAP CHARLES,158880,2006,"SAMSUNG HI, S.",Korea,41.5m,41.5,,Gatik,"BWTS fitted, Ice Class 1C",allied_2023_W08_Allied-Weekly-Market-Review-Week-08.pdf,7
2023-02-24,8,AFRA,ONEX PHOENIX,114623,2021,"Hyundai Samho Industries Co Samho, S. Korea",Heavy Ltd - EPOXY,N/A,,,undisclosed,,allied_2023_W08_Allied-Weekly-Market-Review-Week-08.pdf,7
2023-02-24,8,MR,SPRUCE EXPRESS,51218,2006,"Shipbuilding - Changwon (Jinhae Shipyard), S. Korea",Co Ltd EPOXY,17.6m,17.6,,undisclosed,"BWTS fitted, CPP, Cap 1, fwd dely",allied_2023_W08_Allied-Weekly-Market-Review-Week-08.pdf,7
2023-02-24,8,MR,MARLIN AMETHYST,49999,2015,"CSSC Offshore Marine Engineering Ltd, China",& Epoxy Co Phenolic,33.8m,33.8,,Union Maritime,"BWTS Fitted, eco m/e, CPP",allied_2023_W08_Allied-Weekly-Market-Review-Week-08.pdf,7
2023-02-24,8,MR,SW TROPEZ,46992,2004,"Shipbuilding - Changwon (Jinhae Shipyard), S. Korea",Co Ltd Epoxy Phenolic,N/A,,,undisclosed,,allied_2023_W08_Allied-Weekly-Market-Review-Week-08.pdf,7
2023-02-24,8,SMALL,PEARL MAJESTIC,7999,2018,"Bohai Shipbuilding Industry Co Huludao LN, China",Ltd - EPOXY,14.0m,14.0,,Peninsula Petroleum,,allied_2023_W08_Allied-Weekly-Market-Review-Week-08.pdf,7
2023-02-24,8,SMALL,TRADEWIND PASSION,7739,2008,"Ningbo Xinle Shipbuilding Co Ningbo ZJ, China",Ltd - EPOXY,5.6m,5.6,,undisclosed,,allied_2023_W08_Allied-Weekly-Market-Review-Week-08.pdf,7
2023-02-24,8,CAPE,NAVIOS FELIX,181221,2016,"Imabari Shipbuilding Co Ltd - Mihara HS (Hiroshima Shipyard),",,40.7m,40.7,,Navios,"Scrubber fitted, exercise of purchase option",allied_2023_W08_Allied-Weekly-Market-Review-Week-08.pdf,7
2023-02-24,8,PMAX,DONA TARA,81323,2011,"Hyundai Samho Heavy Industries Co Ltd - Samho, S. Korea",rgn low,21.0m,21.0,,Greek,"BWTS fitted, SS/DD freshly passed",allied_2023_W08_Allied-Weekly-Market-Review-Week-08.pdf,7
2023-02-24,8,SMAX,SUN GLOBE,58790,2007,"Tsuneishi Heavy Industries (Cebu) Inc - Balamban, Philippines",4 X 30t CRANES,14.1m,14.1,,Chinese,,allied_2023_W08_Allied-Weekly-Market-Review-Week-08.pdf,7
2023-02-24,8,SMAX,ELLIE M,52510,2001,"Kanasashi Heavy Industries Co Ltd - Toyohashi AI, Japan","4 X 30,5t CRANES",7.5m,7.5,,undisclosed,BWTS fitted,allied_2023_W08_Allied-Weekly-Market-Review-Week-08.pdf,7
2023-02-24,8,SMAX,JAEGER,52483,2004,"Tsuneishi Heavy Industries (Cebu) Inc - Balamban, Philippines",4 X 30t CRANES,9.3m,9.3,,Chinese,"BWTS fitted, DD due",allied_2023_W08_Allied-Weekly-Market-Review-Week-08.pdf,7
2023-02-24,8,HANDY INTERLINK,PRIORITY,38709,2015,"Taizhou Kouan Shipbuilding Co Ltd - Taizhou JS, China",4 X 30t rgn CRANES,19.8m,19.8,,Tufton,"BWTS fitted, Ice Class 1C",allied_2023_W08_Allied-Weekly-Market-Review-Week-08.pdf,7
2023-02-24,8,HANDY,BASIC PRINCESS,38037,2012,"Imabari Shipbuilding Co Ltd - Imabari EH (Imabari Shipyard),",,"4 X 30,5t N/A CRANES",,,Oras Shipping,"BWTS fitted, bss BBHP",allied_2023_W08_Allied-Weekly-Market-Review-Week-08.pdf,7
2023-02-24,8,HANDY HONG,KONG SPIRIT,32491,2011,"Taizhou Maple Leaf Shipbuilding Co Ltd - Linhai ZJ, China","4 X 30,5t CRANES",10.7m,10.7,,undisclosed,BWTS fitted,allied_2023_W08_Allied-Weekly-Market-Review-Week-08.pdf,7
2023-02-24,8,HANDY,PATRONUS,30587,2007,"COCHIN SY, India",4 X 30t CRANES,7.8m,7.8,,Turkish,BWTS fitted,allied_2023_W08_Allied-Weekly-Market-Review-Week-08.pdf,7
2023-02-24,8,PMAX,HAMMONIA LIPSIA,,30912004,"Stocznia Szczecinska Nowa Sp z oo - Szczecin, Poland",3 X 45t CRANES,14.5m,14.5,,MSC,,allied_2023_W08_Allied-Weekly-Market-Review-Week-08.pdf,7
2023-02-24,8,SUB,WINDERMERE,,27972010,Yangfan Group Co Ltd,-,17.0m,17.0,,undisclosed,,allied_2023_W08_Allied-Weekly-Market-Review-Week-08.pdf,7
2023-02-24,8,LNG,GOLAR SEAL,82048,2013,"SAMSUNG HI, S. Korea","157,337",184.3m,184.3,,Leif Hoegh & Co,,allied_2023_W08_Allied-Weekly-Market-Review-Week-08.pdf,8
2023-02-24,8,LNG,GASLOG ATHENS,78957,2006,"SAMSUNG HI, S. Korea",,"142,100 N/A",,,undisclosed,,allied_2023_W08_Allied-Weekly-Market-Review-Week-08.pdf,8
2023-02-24,8,LPG,MUSTANG,28700,2023,"Mipo Dockyard Ltd - Ulsan, S. Korea","39,242",61.5m,61.5,,Purus Marine,,allied_2023_W08_Allied-Weekly-Market-Review-Week-08.pdf,8
2023-02-24,8,LPG,GASCHEM BREMEN,26645,2010,"Mipo Dockyard Ltd - Ulsan, S. Korea","34,300",39.0m,39.0,,Turkish,,allied_2023_W08_Allied-Weekly-Market-Review-Week-08.pdf,8
2023-02-24,8,LPG,ECO EVOLUZIONE,26618,2010,"Mipo Dockyard Ltd - Ulsan, S. Korea","34,420",39.0m,39.0,,,,allied_2023_W08_Allied-Weekly-Market-Review-Week-08.pdf,8
2023-03-03,9,VLCC,ELIZABETH I.A.,306229,2004,"Daewoo Shipbuilding Marine Engineering Ltd - Geoje, S.",& Co Korea,N/A,,,undisclosed,Scrubber fitted,allied_2023_W09_Allied-Weekly-Market-Review-Week-09.pdf,7
2023-03-03,9,AFRA,FOUR SKY,115708,2010,"SAMSUNG HI, S.",Korea EPOXY,42.6m,42.6,,European,"BWTS fitted, CPP",allied_2023_W09_Allied-Weekly-Market-Review-Week-09.pdf,7
2023-03-03,9,AFRA,GALVESTON STAR,115000,2023,"Shipbuilding Ltd - Hwawon (Haenam Shipyard), S. Korea",Co EPOXY,76.0m,76.0,,GNTMC,"BWTS fitted, Scrubber",allied_2023_W09_Allied-Weekly-Market-Review-Week-09.pdf,7
2023-03-03,9,AFRA,DELAWARE STAR,115000,2023,"Shipbuilding Ltd - Hwawon (Haenam Shipyard), S. Korea",Co,p/v,,,,"fitted, eco, built Apr '23",allied_2023_W09_Allied-Weekly-Market-Review-Week-09.pdf,7
2023-03-03,9,AFRA,BEKS INDIANA,105547,2007,"Sumitomo Heavy Industries Marine Engineering Co.,",& EPOXY Ltd. -,38.0m,38.0,,Gatik,"BWTS fitted, CPP",allied_2023_W09_Allied-Weekly-Market-Review-Week-09.pdf,7
2023-03-03,9,LR1,SAND SHINER,73715,2006,"New Century Shipbuilding Co Jingjiang JS, China",Ltd - EPOXY,23.3m,23.3,,Greek,"Scrubber fitted, CPP",allied_2023_W09_Allied-Weekly-Market-Review-Week-09.pdf,7
2023-03-03,9,MR,NORD SKATE,51332,2009,"Shipbuilding - Changwon (Jinhae Shipyard), S. Korea",Co Ltd EPOXY,24.8m,24.8,,Turkish,"BWTS fitted, Scrubber fitted",allied_2023_W09_Allied-Weekly-Market-Review-Week-09.pdf,7
2023-03-03,9,MR,SEAMUSE,48673,2007,"Iwagi Zosen Co Kamijima EH, Japan",Ltd - EPOXY high,21.0m,21.0,,undisclosed,"BWTS fitted, CPP, bss ppt dely Gibraltar",allied_2023_W09_Allied-Weekly-Market-Review-Week-09.pdf,7
2023-03-03,9,MR,RIDGEBURY MERCURY,46938,2008,"Mipo Dockyard Ltd - Ulsan, S.",Epoxy Korea Phenolic,21.0m,21.0,,undisclosed,BWTS fitted,allied_2023_W09_Allied-Weekly-Market-Review-Week-09.pdf,7
2023-03-03,9,MR,ATLANTICA BAY,46763,2007,"Sungdong Shipbuilding & Marine Engineering Co Ltd - Tongyeong,",Epoxy Phenolic S.,21.8m,21.8,,undisclosed,"BWTS fitted, CPP",allied_2023_W09_Allied-Weekly-Market-Review-Week-09.pdf,7
2023-03-03,9,MR NORDIC,HUMBOLDT,37602,2008,"Mipo Dockyard Ltd - Ulsan, S.",EPOXY Korea,15.0m,15.0,,undisclosed,"dely Jun '23, DPP, SS/DD due Sep '23",allied_2023_W09_Allied-Weekly-Market-Review-Week-09.pdf,7
2023-03-03,9,MR,BALTIC WAVE,37300,2003,"Mipo Dockyard Ltd - Ulsan, S.",Korea EPOXY,13.0m,13.0,,undisclosed,"Ice Class 1B, SS/DD due",allied_2023_W09_Allied-Weekly-Market-Review-Week-09.pdf,7
2023-03-03,9,MR,BALTIC WIND,37296,2003,Mipo Dockyard Ltd Ulsan S,Korea,p/v,,,,May & Nov '23,allied_2023_W09_Allied-Weekly-Market-Review-Week-09.pdf,7
2023-03-03,9,PROD/,CHEM POLARIS,19859,2008,Fukuoka Shipbuilding Co Ltd - Fukuoka,"Stainless FO,",rgn $,,,Tolani,BWTS fitted,allied_2023_W09_Allied-Weekly-Market-Review-Week-09.pdf,7
2023-03-03,9,CAPE,ELIZABETH II,180184,2007,"Imabari Shipbuilding Co Ltd - Saijo EH (Saijo Shipyard), Japan",rgn,17.5m,17.5,,undisclosed,price inc. BWTS novated,allied_2023_W09_Allied-Weekly-Market-Review-Week-09.pdf,7
2023-03-03,9,PMAX,MOON GLOBE,74432,2005,"Hudong-Zhonghua (Group) Co Ltd - Shanghai, China",,10.5m,10.5,,undisclosed,BWTS fitted,allied_2023_W09_Allied-Weekly-Market-Review-Week-09.pdf,7
2023-03-03,9,UMAX,ASTON,63614,2020,"Shipping Heavy Industry (Yangzhou) Co Ltd - Yangzhou JS,",4 X 30t CRANES,30.0m,30.0,,Eagle Bulk,"BWTS fitted, Scrubber fitted, eco",allied_2023_W09_Allied-Weekly-Market-Review-Week-09.pdf,7
2023-03-03,9,UMAX,JAN OLDENDORFF,61606,2019,"Nantong COSCO KHI Engineering Co Ltd (NACKS) - Nantong JS,",4 X 30t rgn $ CRANES,32.0m,32.0,,undisclosed,Scrubber fitted,allied_2023_W09_Allied-Weekly-Market-Review-Week-09.pdf,7
2023-03-03,9,UMAX JONAS,OLDENDORFF,61148,2019,"DACKS (Dalian COSCO KHI Ship Engineering Co Ltd) - Dalian LN,","4 X 30,5t rgn $ CRANES",32.0m,32.0,,undisclosed,Scrubber fitted,allied_2023_W09_Allied-Weekly-Market-Review-Week-09.pdf,7
2023-03-03,9,UMAX,JENS OLDENDORFF,61139,2019,"DACKS (Dalian COSCO KHI Ship Engineering Co Ltd) - Dalian LN,","CR rgn $ 4x30.5 T, CR 4x30",32.0m,32.0,,undisclosed,Scrubber fitted,allied_2023_W09_Allied-Weekly-Market-Review-Week-09.pdf,7
2023-03-03,9,UMAX JACOB,OLDENDORFF,61131,2019,"DACKS (Dalian COSCO KHI Ship Engineering Co Ltd) - Dalian LN,","4 X 30,5t rgn $ CRANES",32.0m,32.0,,undisclosed,Scrubber fitted,allied_2023_W09_Allied-Weekly-Market-Review-Week-09.pdf,7
2023-03-03,9,SMAX,IGNAZIO,58126,2010,"Tsuneishi Heavy Industries (Cebu) Inc - Balamban, Philippines",4 X 30t rgn $ CRANES,15.5m,15.5,,Turkish,"BWTS fitted, on waiving inspecation bss",allied_2023_W09_Allied-Weekly-Market-Review-Week-09.pdf,7
2023-03-03,9,SMAX,SUPRA ONIKI,57022,2010,"Qingshan Shipyard - Wuhan HB, China",4 X 35t rgn $ CRANES,13.0m,13.0,,Indonesian,BWTS fitted,allied_2023_W09_Allied-Weekly-Market-Review-Week-09.pdf,7
2023-03-03,9,FEEDER,GSL AMSTEL,,11182008,"Jinling Shipyard - Nanjing JS, China",,2 X 45t N/A CRANES,,,Contships Management,,allied_2023_W09_Allied-Weekly-Market-Review-Week-09.pdf,8
2023-03-10,10,VLCC,KASSOS I,319247,2007,"Hyundai Samho Industries Co Samho, S. Korea",Heavy Ltd -,60.1m,60.1,,U.A.E. based,Scrubber fitted,allied_2023_W10_Allied-Weekly-Market-Review-Week-10.pdf,7
2023-03-10,10,VLCC,ATHINA II,318658,2005,"HYUNDAI HI, S.",Korea,56.0m,56.0,,undisclosed,Scrubber fitted,allied_2023_W10_Allied-Weekly-Market-Review-Week-10.pdf,7
2023-03-10,10,VLCC,YUFUSAN,311389,2005,"Mitsui Eng. & SB. Ltd., Chiba Works Ichihara, Japan",Co. -,52.0m,52.0,,Chinese,BWTS fitted,allied_2023_W10_Allied-Weekly-Market-Review-Week-10.pdf,7
2023-03-10,10,VLCC,LIMNIA,309960,2009,"Imabari Shipbuilding Ltd - Saijo EH Shipyard), Japan",Co (Saijo rgn,61.5m,61.5,,undisclosed,BWTS fitted,allied_2023_W10_Allied-Weekly-Market-Review-Week-10.pdf,7
2023-03-10,10,SUEZ,LILA HONG KONG,159149,2003,"Bohai Shipbuilding Industry Co Huludao LN, China",Ltd -,mid $ 30's,,,Chinese,SS/DD due Dec '23,allied_2023_W10_Allied-Weekly-Market-Review-Week-10.pdf,7
2023-03-10,10,AFRA,AFRA ROYAL,115948,2010,HHIC-Phil Inc - Philippines,"Subic, EPOXY",43.0m,43.0,,undisclosed,,allied_2023_W10_Allied-Weekly-Market-Review-Week-10.pdf,7
2023-03-10,10,LR1,CHEMTRANS OCEANIC,73901,2005,"New Century Shipbuilding Co Jingjiang JS, China",Ltd - EPOXY,21.0m,21.0,,undisclosed,BWTS fitted,allied_2023_W10_Allied-Weekly-Market-Review-Week-10.pdf,7
2023-03-10,10,MR,NAVIGARE PARS,51034,2012,STX Offshore Shipbuilding Co Changwon (Jinhae,& EPOXY Ltd - PHEN rgn,31.0m,31.0,,Socomar,BWTS fitted,allied_2023_W10_Allied-Weekly-Market-Review-Week-10.pdf,7
2023-03-10,10,MR,PYXIS MALOU,50667,2009,"Shipbuilding - Tongyeong, S.",Co Ltd EPOXY Korea,24.8m,24.8,,U.K. based,BWTS fitted,allied_2023_W10_Allied-Weekly-Market-Review-Week-10.pdf,7
2023-03-10,10,MR,DESAILLY,50192,2009,"Shipbuilding - Tongyeong, S.",Co Ltd EPOXY Korea,22.5m,22.5,,undisclosed,,allied_2023_W10_Allied-Weekly-Market-Review-Week-10.pdf,7
2023-03-10,10,MR,MTM MANILA,46839,2003,"Mipo Dockyard Ltd - Ulsan, S.",EPOXY Korea,,,,,,allied_2023_W10_Allied-Weekly-Market-Review-Week-10.pdf,7
2023-03-10,10,MR,MTM YANGON,46818,2003,"Mipo Dockyard Ltd - Ulsan, S.",EPOXY Korea p/v,14.8m,14.8,,undisclosed,BWTS fitted,allied_2023_W10_Allied-Weekly-Market-Review-Week-10.pdf,7
2023-03-10,10,MR,MTM MUMBAI,46818,2003,"Mipo Dockyard Ltd - Ulsan, S.",EPOXY Korea,,,,,,allied_2023_W10_Allied-Weekly-Market-Review-Week-10.pdf,7
2023-03-10,10,MR,NCC DAMMAM,45965,2008,"Mipo Dockyard Ltd - Ulsan, S.",Interline Korea,20.1m,20.1,,undisclosed,"IMO II, 22 tanks",allied_2023_W10_Allied-Weekly-Market-Review-Week-10.pdf,7
2023-03-10,10,MR,NCC HAIEL,45953,2008,"Mipo Dockyard Ltd - Ulsan, S.",Interline Korea,,,,,,allied_2023_W10_Allied-Weekly-Market-Review-Week-10.pdf,7
2023-03-10,10,MR,OCEAN III,45672,2007,"Bohai Shipbuilding Industry Co Huludao LN, China",Ltd - EPOXY,N/A,,,undisclosed,BWTS fitted,allied_2023_W10_Allied-Weekly-Market-Review-Week-10.pdf,7
2023-03-10,10,MR,INVIKEN,37873,2009,"Mipo Dockyard Ltd - Ulsan, S.",Epoxy Korea Phenolic,20.1m,20.1,,European,CPP,allied_2023_W10_Allied-Weekly-Market-Review-Week-10.pdf,7
2023-03-10,10,MR,UTVIKEN,37872,2009,"Mipo Dockyard Ltd - Ulsan, S.",Epoxy Korea Phenolic,p/v,,,,,allied_2023_W10_Allied-Weekly-Market-Review-Week-10.pdf,7
2023-03-10,10,PROD/,DL AMBER,12898,2010,Higaki Zosen K.K.,- Stainless,9.5m,9.5,,undisclosed,BWTS fitted,allied_2023_W10_Allied-Weekly-Market-Review-Week-10.pdf,7
2023-03-10,10,VLOC,MP THE VRABEL,208286,2021,"Jiangsu Newyangzi Shipbuilding Co Ltd - Jingjiang JS, China",en,121.0m,121.0,,Middle Eastern,"Scrubber fitted, incl. TC",allied_2023_W10_Allied-Weekly-Market-Review-Week-10.pdf,7
2023-03-10,10,VLOC,MP THE BRUSCHI,208214,2020,"Jiangsu Newyangzi Shipbuilding Co Ltd - Jingjiang JS, China",,bloc,,,,attached at index link,allied_2023_W10_Allied-Weekly-Market-Review-Week-10.pdf,7
2023-03-10,10,PMAX,FORTUNE GENIUS,74362,2002,"Daewoo Shipbuilding & Marine Engineering Co Ltd - Geoje, S. Korea",,7.58m,7.58,,Chinese,"BWTS fitted, dely China",allied_2023_W10_Allied-Weekly-Market-Review-Week-10.pdf,7
2023-03-10,10,PMAX,MAGIC RAINBOW,73593,2007,"Jiangnan Shipyard (Group) Co Ltd - Shanghai, China",,12.6m,12.6,,undisclosed,BWTS fitted,allied_2023_W10_Allied-Weekly-Market-Review-Week-10.pdf,7
2023-03-10,10,POST,TS DUBAI,,63502007,Dockyard Co Ltd,-,29.0m,29.0,,MSC,,allied_2023_W10_Allied-Weekly-Market-Review-Week-10.pdf,8
2023-03-10,10,PMAX,TS MUMBAI,,56802003,"HYUNDAI HI, S. Korea",,25.0m,25.0,,MSC,,allied_2023_W10_Allied-Weekly-Market-Review-Week-10.pdf,8
2023-03-17,11,SUEZ,EUROVOYAGER,159342,2005,"Daewoo Shipbuilding Marine Engineering Ltd - Geoje, S.",& Co Korea,37.5m,37.5,,U. A. E. Based,,allied_2023_W11_Allied-Weekly-Market-Review-Week-11.pdf,7
2023-03-17,11,LR2,PRO ALLIANCE,105348,2008,"HYUNDAI HI, S.",Korea EPOXY,38.50m,38.5,,Greek,"BWTS fitted, Scrubber fitted",allied_2023_W11_Allied-Weekly-Market-Review-Week-11.pdf,7
2023-03-17,11,LR1 ENERGY,CHAMPION,70681,2005,"Shipbuilding - Changwon (Jinhae Shipyard), S. Korea",Co Ltd EPOXY low/mid,19.0m,19.0,,Beks Shipmanagement,,allied_2023_W11_Allied-Weekly-Market-Review-Week-11.pdf,7
2023-03-17,11,MR,NEUTRON RAY,50386,2005,"ShinA Shipbuilding Ltd - Tongyeong, Korea",Co S. EPOXY low,18.0m,18.0,,undisclosed,BWTS fitted,allied_2023_W11_Allied-Weekly-Market-Review-Week-11.pdf,7
2023-03-17,11,MR,MARJORIE K,49995,2013,STX Offshore Shipbuilding Co Changwon (Jinhae,& Ltd -,,,,,,allied_2023_W11_Allied-Weekly-Market-Review-Week-11.pdf,7
2023-03-17,11,MR,JULIA L,49995,2013,STX Offshore Shipbuilding Co Changwon (Jinhae,& Epoxy Ltd - Phenolic en bloc,97.0m,,97.0,Torm,"BWTS fitted, cash and shares deal",allied_2023_W11_Allied-Weekly-Market-Review-Week-11.pdf,7
2023-03-17,11,MR,GLADYS W,49995,2013,STX Offshore Shipbuilding Co Changwon (Jinhae,& Ltd -,,,,,,allied_2023_W11_Allied-Weekly-Market-Review-Week-11.pdf,7
2023-03-17,11,MR,RICH BREEZE,47409,2009,Onomichi Dockyard Ltd - Onomichi Japan,"Co HS, EPOXY low/mid",23.0m,23.0,,undisclosed,"BWTS fitted, pumproom",allied_2023_W11_Allied-Weekly-Market-Review-Week-11.pdf,7
2023-03-17,11,MR,MAERSK MICHIGAN,47047,2003,Onomichi Dockyard Ltd - Onomichi Japan,"Co HS, EPOXY",14.5m,14.5,,U.A.E. based,"BWTS fitted, SS/DD due Jul '23",allied_2023_W11_Allied-Weekly-Market-Review-Week-11.pdf,7
2023-03-17,11,MR,SAFESEA NEHA,46013,2003,"Shin Kurushima Dockyard Co. Onishi, Japan",Ltd. - EPOXY,13.8m,13.8,,undisclosed,"old sale, pumproom",allied_2023_W11_Allied-Weekly-Market-Review-Week-11.pdf,7
2023-03-17,11,MR,ATRIA,37583,2011,"Mipo Dockyard Ltd - Ulsan, S.",Epoxy Korea Phenolic,23.0m,23.0,,Navalmed,,allied_2023_W11_Allied-Weekly-Market-Review-Week-11.pdf,7
2023-03-17,11,PROD/,STREAM BALTIC,19999,2019,Fukuoka Shipbuilding Co Ltd - Fukuoka,"Stainless FO,",,,,,,allied_2023_W11_Allied-Weekly-Market-Review-Week-11.pdf,7
2023-03-17,11,PROD/,STREAM PACIFIC,19999,2019,Fukuoka Shipbuilding Co Ltd - Fukuoka,"Stainless FO,",,,,,,allied_2023_W11_Allied-Weekly-Market-Review-Week-11.pdf,7
2023-03-17,11,CHEM,STREAM ARCTIC,19998,2018,Japan,Steel,,,,,,allied_2023_W11_Allied-Weekly-Market-Review-Week-11.pdf,7
2023-03-17,11,CHEM,STREAM ATLANTIC,19998,2019,Co Ltd - Fukuoka Japan,"FO, Steel",,,,,,allied_2023_W11_Allied-Weekly-Market-Review-Week-11.pdf,7
2023-03-17,11,PROD/,PENINSULA IX,17906,2019,Mipo Dockyard,EPOXY,26.0m,26.0,,undisclosed,BWTS fitted,allied_2023_W11_Allied-Weekly-Market-Review-Week-11.pdf,7
2023-03-17,11,CAPE,XIN JIN HAI,180406,2009,"Dalian Shipbuilding Co Ltd - Dalian LN (No 2 Yard), China",,23.0m,23.0,,Chinese,BWTS fitted,allied_2023_W11_Allied-Weekly-Market-Review-Week-11.pdf,7
2023-03-17,11,CAPE,AQUAHAHA,179023,2012,"HHIC-Phil Inc - Subic, Philippines",,rgn $,,,Europeans,BWTS fitted,allied_2023_W11_Allied-Weekly-Market-Review-Week-11.pdf,7
2023-03-17,11,CAPE,AQUATONKA,178733,2012,"HHIC-Phil Inc - Subic, Philippines",p/v,27.8m,27.8,,,,allied_2023_W11_Allied-Weekly-Market-Review-Week-11.pdf,7
2023-03-17,11,CAPE,MOUNT FABER,176943,2008,"Shipbuilding Co Ltd - Imari SG, Japan",,22.7m,22.7,,undisclosed,Scrubber fitted,allied_2023_W11_Allied-Weekly-Market-Review-Week-11.pdf,7
2023-03-17,11,CAPE,C H S CREATION,174110,2006,"Shanghai Waigaoqiao Shipbuilding Co Ltd - Shanghai, China",,17.0m,17.0,,Jiangsu Steamship,BWTS fitted,allied_2023_W11_Allied-Weekly-Market-Review-Week-11.pdf,7
2023-03-17,11,CAPE,GOLDEN SHUI,169333,2009,"Shipbuilding Co Ltd - Hwawon (Haenam Shipyard), S. Korea",,23.0m,23.0,,undisclosed,Scrubber fitted,allied_2023_W11_Allied-Weekly-Market-Review-Week-11.pdf,7
2023-03-17,11,CAPE,GOLDEN FENG,169232,2009,"Shipbuilding Co Ltd - Hwawon (Haenam Shipyard), S. Korea",,p/v,,,,,allied_2023_W11_Allied-Weekly-Market-Review-Week-11.pdf,7
2023-03-17,11,NORTHERN,JUSTICE,,88142010,Marine Engineering Co,xs,50.0m,50.0,,undisclosed,eco,allied_2023_W11_Allied-Weekly-Market-Review-Week-11.pdf,8
2023-03-17,11,PMAX,NORTHERN DEBONAIR,,35342007,"Shanghai Shipyard Co Ltd - Shanghai, China",,14.8m,14.8,,Chinese,,allied_2023_W11_Allied-Weekly-Market-Review-Week-11.pdf,8
2023-03-17,11,SUB,BUXHANSA,,24561998,"DAEWOO HI, S. Korea","2 X 40t CRANES,",6.5m,6.5,,undisclosed,,allied_2023_W11_Allied-Weekly-Market-Review-Week-11.pdf,8
2023-03-17,11,FEEDER,G. BOX,,17142018,"Guangzhou Wenchong Shipyard Co Ltd - Guangzhou GD, China",2 X 40t CRANES,20.5m,20.5,,Far Eastern,BWTS fitted,allied_2023_W11_Allied-Weekly-Market-Review-Week-11.pdf,8
2023-03-17,11,LPG,RODBERG,23292,1998,"Mitsui Eng. & SB. Co. Ltd., Chiba Works - Ichihara, Japan","rgn $ 20,815",15.0m,15.0,,undisclosed,BWTS fitted,allied_2023_W11_Allied-Weekly-Market-Review-Week-11.pdf,8
2023-03-24,12,VLCC,BALTIC GLORY,309316,2005,"HYUNDAI HI, S.",Korea,N/A,,,undisclosed,Scrubber fitted,allied_2023_W12_Allied-Weekly-Market-Review-Week-12.pdf,7
2023-03-24,12,VLCC,COSBRIGHT LAKE,299079,2003,Nantong COSCO Engineering (NACKS) - Nantong,"KHI Co Ltd JS,",34.0m,34.0,,undisclosed,,allied_2023_W12_Allied-Weekly-Market-Review-Week-12.pdf,7
2023-03-24,12,SUEZ,OKEANOS,159367,2003,"HYUNDAI HI, S.",Korea EPOXY,37.0m,37.0,,Middle Eastern,"BWTS fitted, Cap 1",allied_2023_W12_Allied-Weekly-Market-Review-Week-12.pdf,7
2023-03-24,12,SUEZ,WHITE TRADER,150875,1999,"Nippon Kokan KK Corp) - Tsu ME,",(NKK EPOXY Japan,27.0m,27.0,,undisclosed,BWTS fitted,allied_2023_W12_Allied-Weekly-Market-Review-Week-12.pdf,7
2023-03-24,12,LR1,HAFNIA HUDSON,76574,2007,"Dalian Shipbuilding Co Ltd - LN (No 1 Yard),",Dalian China EPOXY,rgn $,,,undisclosed,"BWTS fitted, CPP, Cap 1",allied_2023_W12_Allied-Weekly-Market-Review-Week-12.pdf,7
2023-03-24,12,LR1,HAFNIA DANUBE,76543,2007,"Dalian Shipbuilding Co Ltd - LN (No 1 Yard),",Dalian China p/v,23.0m,23.0,,,,allied_2023_W12_Allied-Weekly-Market-Review-Week-12.pdf,7
2023-03-24,12,MR,PTI DANUBE,49999,2017,"Shipbuilding - Sacheon, S. Korea",Co Ltd Epoxy Phenolic xs,40.0m,40.0,,undisclosed,"BWTS fitted, bss dely Jul '23",allied_2023_W12_Allied-Weekly-Market-Review-Week-12.pdf,7
2023-03-24,12,MR,JO KARI,47128,2007,"Mipo Dockyard Ltd - Ulsan, S.",EPOXY Korea xs,22.0m,22.0,,undisclosed,BWTS fitted,allied_2023_W12_Allied-Weekly-Market-Review-Week-12.pdf,7
2023-03-24,12,MR,ATLANTICA BREEZE,46846,2007,"Sungdong Shipbuilding & Marine Engineering Co Ltd - Tongyeong,",Epoxy Phenolic S.,21.8m,21.8,,undisclosed,,allied_2023_W12_Allied-Weekly-Market-Review-Week-12.pdf,7
2023-03-24,12,MR,SEAHAKE,32464,2003,Lindenau GmbH Schiffswerft Maschinenfabrik,"u. - Kiel, EPOXY en",30.0m,30.0,,undisclosed,Ice 1B,allied_2023_W12_Allied-Weekly-Market-Review-Week-12.pdf,7
2023-03-24,12,MR,SEARAY,32310,2004,Lindenau GmbH Schiffswerft Maschinenfabrik,"u. - Kiel,",bloc,,,,,allied_2023_W12_Allied-Weekly-Market-Review-Week-12.pdf,7
2023-03-24,12,PROD/,PREVEZE 1,15081,2019,"Selah Makina Sanayi Ticaret A.S. - Tuzla,",ve,,,,,,allied_2023_W12_Allied-Weekly-Market-Review-Week-12.pdf,7
2023-03-24,12,CHEMICAL,ATLANTIK,15081,2018,"Ticaret A.S. - Tuzla,",,,,,,,allied_2023_W12_Allied-Weekly-Market-Review-Week-12.pdf,7
2023-03-24,12,CHEM,KS CLOVER,12835,2009,Shipbuilding Co Changwon (Jinhae,Ltd - PHEN,10.5m,10.5,,undisclosed,,allied_2023_W12_Allied-Weekly-Market-Review-Week-12.pdf,7
2023-03-24,12,VLOC,MP THE HARRISON,208283,2021,"Jiangsu Newyangzi Shipbuilding Co Ltd - Jingjiang JS, China",,126.0m,,126.0,TMS,"BWTS fitted, Scrubber",allied_2023_W12_Allied-Weekly-Market-Review-Week-12.pdf,7
2023-03-24,12,VLOC,MP THE VINATIERI,208213,2021,"Jiangsu Newyangzi Shipbuilding Co Ltd - Jingjiang JS, China",,en bloc,,,,fitted,allied_2023_W12_Allied-Weekly-Market-Review-Week-12.pdf,7
2023-03-24,12,CAPE,MULAN,176279,2005,"TSU, Japan",rgn,16.0m,16.0,,Chinese,"BWTS fitted, bss dely Sep- Oct",allied_2023_W12_Allied-Weekly-Market-Review-Week-12.pdf,7
2023-03-24,12,CAPE,C H S SPLENDOR,170000,2006,"IHI Marine United Inc - Kure HS, Japan",rgn,17.5m,17.5,,Middle Eastern,BWTS fitted,allied_2023_W12_Allied-Weekly-Market-Review-Week-12.pdf,7
2023-03-24,12,KMAX,BLUMENAU,81652,2012,Taizhou CATIC Shipbuilding Heavy Industry Ltd - Taizhou,rgn,20.0m,20.0,,W Marine,BWTS fitted,allied_2023_W12_Allied-Weekly-Market-Review-Week-12.pdf,7
2023-03-24,12,PMAX,TR INFINITY,77113,2015,"Imabari Shipbuilding Co Ltd - Marugame KG (Marugame Shipyard),",mid/high,25.0m,25.0,,Newport,BWTS fitted,allied_2023_W12_Allied-Weekly-Market-Review-Week-12.pdf,7
2023-03-24,12,PMAX,MAGIC MOON,76662,2005,"Imabari Shipbuilding Co Ltd - Marugame KG (Marugame Shipyard),",,14.0m,14.0,,S. Korean,BWTS fitted,allied_2023_W12_Allied-Weekly-Market-Review-Week-12.pdf,7
2023-03-24,12,PMAX,HUI XIN 9,75658,2012,"Shanghai Shipyard Co Ltd - Shanghai, China",xs,17.0m,17.0,,Averton Bulk,BWTS fitted,allied_2023_W12_Allied-Weekly-Market-Review-Week-12.pdf,7
2023-03-24,12,SMAX,CARMENCITA,58773,2009,"Tsuneishi Heavy Industries (Cebu) Inc - Balamban, Philippines",4 X 30t CRANES,16.0m,16.0,,undisclosed,BWTS fitted,allied_2023_W12_Allied-Weekly-Market-Review-Week-12.pdf,7
2023-03-24,12,FEEDER,TS HONGKONG,,15742006,"Jiangsu Yangzijiang Shipbuilding Co Ltd - Jiangyin JS, China",low,8.0m,8.0,,Middle Eastern,BWTS fitted,allied_2023_W12_Allied-Weekly-Market-Review-Week-12.pdf,8
2023-03-24,12,LNG,GASLOG SYDNEY,82010,2013,"SAMSUNG HI, S. Korea","151,900",284.0m,284.0,,CDB Leasing,,allied_2023_W12_Allied-Weekly-Market-Review-Week-12.pdf,8
2023-03-24,12,LNG GASLOG,SARATOGA,81855,2014,"SAMSUNG HI, S. Korea",,"en bloc 151,990",,,,,allied_2023_W12_Allied-Weekly-Market-Review-Week-12.pdf,8
2023-03-31,13,SUEZ,EVERBRIGHT,156717,2010,"Jiangsu Rongsheng Shipbuilding Co Rugao JS, China",Ltd -,43.5m,43.5,,Besiktas,Scrubber fitted,allied_2023_W13_Allied-Weekly-Market-Review-Week-13.pdf,7
2023-03-31,13,AFRA,NECTAR SEA,105370,2008,"Sumitomo Heavy Industries Marine Engineering Co.,",& Ltd. -,37.0m,37.0,,undisclosed,Scrubber fitted,allied_2023_W13_Allied-Weekly-Market-Review-Week-13.pdf,7
2023-03-31,13,LR1,NORDIC GENEVA,73766,2009,"New Times Shipbuilding Co Jingjiang JS, China",Ltd - EPOXY,23.5m,23.5,,undisclosed,"BWTS fitted, DPP",allied_2023_W13_Allied-Weekly-Market-Review-Week-13.pdf,7
2023-03-31,13,LR1,DHONOUSSA,69523,2005,"Daewoo-Mangalia Heavy Industries Mangalia, Romania",S.A. -,N/A,,,Beks Shipping,,allied_2023_W13_Allied-Weekly-Market-Review-Week-13.pdf,7
2023-03-31,13,MR,ELANDRA BLU,50696,2008,"Shipbuilding - Tongyeong, S.",Co Ltd Korea EPOXY,24.0m,24.0,,Viken,BWTS fitted,allied_2023_W13_Allied-Weekly-Market-Review-Week-13.pdf,7
2023-03-31,13,MR,ELANDRA CORALLO,50607,2008,"Shipbuilding - Tongyeong, S.",Co Ltd Korea,p/v,,,,,allied_2023_W13_Allied-Weekly-Market-Review-Week-13.pdf,7
2023-03-31,13,MR,PS MILANO,49999,2018,"Mipo Dockyard Ltd - Ulsan, S.",Epoxy Korea Phenolic,N/A,,,Premuda,,allied_2023_W13_Allied-Weekly-Market-Review-Week-13.pdf,7
2023-03-31,13,MR,WISBY PACIFIC,49686,2017,"Guangzhou Shipyard International CoLtd Guangzhou GD,",- Stainless China,low/mid $,,,undisclosed,"BWTS fitted, eco, IMO II,",allied_2023_W13_Allied-Weekly-Market-Review-Week-13.pdf,7
2023-03-31,13,MR,WISBY ATLANTIC,49614,2017,"Guangzhou Shipyard International CoLtd Guangzhou GD,",Steel - China p/v,43.0m,43.0,,,"Tanguard Flexline, 9 grades",allied_2023_W13_Allied-Weekly-Market-Review-Week-13.pdf,7
2023-03-31,13,MR,DOLUNAY,47823,2007,"Mipo Dockyard Ltd - Ulsan, S.",Epoxy Korea Phenolic,N/A,,,undisclosed,,allied_2023_W13_Allied-Weekly-Market-Review-Week-13.pdf,7
2023-03-31,13,MR SANMAR,SONGBIRD,47094,2003,Onomichi Dockyard Ltd - Onomichi Japan,"Co HS, EPOXY mid/high",15.0m,15.0,,U.A.E. based,"BWTS fitted, Cap 1, bss dely end May '23, bss waiving inspection",allied_2023_W13_Allied-Weekly-Market-Review-Week-13.pdf,7
2023-03-31,13,MR,CELSIUS RANDERS,46046,2010,"Mipo Dockyard Ltd - Ulsan, S.",Epoxy Korea Phenolic,26.5m,26.5,,undisclosed,"BWTS fitted, bss cancel May '23",allied_2023_W13_Allied-Weekly-Market-Review-Week-13.pdf,7
2023-03-31,13,MR RIDGEBURY,JOHN,45975,2007,"Shin Kurushima Dockyard Co. Onishi, Japan",Ltd. - EPOXY rgn,23.0m,23.0,,undisclosed,BWTS fitted,allied_2023_W13_Allied-Weekly-Market-Review-Week-13.pdf,7
2023-03-31,13,MR,NORIENT SATURN,40435,2007,"Santierul Naval Constanta S.A. Constanta, Romania",- EPOXY,19.7m,19.7,,Sea Transport,"BWTS fitted, CPP",allied_2023_W13_Allied-Weekly-Market-Review-Week-13.pdf,7
2023-03-31,13,MR,VOGE TRUST,38341,2009,"Guangzhou Shipyard International Co Guangzhou GD,",Epoxy Ltd - Phenolic China,19.0m,19.0,,undisclosed,"BWTS fitted, bss dely Jun",allied_2023_W13_Allied-Weekly-Market-Review-Week-13.pdf,7
2023-03-31,13,MR,VOGE DIGNITY,38334,2009,"Guangzhou Shipyard International Co Guangzhou GD,",Ltd - EPOXY China,p/v,,,,'23,allied_2023_W13_Allied-Weekly-Market-Review-Week-13.pdf,7
2023-03-31,13,MR,NORVIKEN,37874,2010,"Mipo Dockyard Ltd - Ulsan, S.",Epoxy Korea Phenolic,22.5m,22.5,,undisclosed,,allied_2023_W13_Allied-Weekly-Market-Review-Week-13.pdf,7
2023-03-31,13,MR,NAFTILOS AN,37379,2003,"Shipbuilding - Changwon (Jinhae Shipyard), S. Korea",Co Ltd EPOXY,15.0m,15.0,,Turkish,,allied_2023_W13_Allied-Weekly-Market-Review-Week-13.pdf,7
2023-03-31,13,CHEM,ROSY,20610,2008,"Wuhan HB, China",EPOXY,12.75m,12.75,,undisclosed,SS/DD/BWTS due Jun '23,allied_2023_W13_Allied-Weekly-Market-Review-Week-13.pdf,7
2023-03-31,13,CAPE,ROSEBANK,177029,2010,"New Times Shipbuilding Co Ltd - Jingjiang JS, China",,23.25m,23.25,,Middle Eastern,BWTS fitted,allied_2023_W13_Allied-Weekly-Market-Review-Week-13.pdf,7
2023-03-31,13,KMAX,BULK JAPAN,82951,2006,"Tsuneishi Corp - Tadotsu KG, Japan",,15.3m,15.3,,undisclosed,BWTS fitted,allied_2023_W13_Allied-Weekly-Market-Review-Week-13.pdf,7
2023-03-31,13,PMAX,LUCK FORTUNE,76662,2002,"Imabari Shipbuilding Co Ltd - Marugame KG (Marugame Shipyard),",,9.8m,9.8,,undisclosed,"BWTS fitted, bss ppt TC/free dely mid-Apr '23",allied_2023_W13_Allied-Weekly-Market-Review-Week-13.pdf,7
2023-03-31,13,SMAX,AMIS LEADER,58107,2010,"Tsuneishi Group Shipbuilding - Daishan County ZJ,",4 X 30t CRANES,18.0m,18.0,,undisclosed,BWTS fitted,allied_2023_W13_Allied-Weekly-Market-Review-Week-13.pdf,7
2023-03-31,13,PMAX,AMOLIANI,,68812013,"Industries Co Ltd - Samho, S. Korea",,61.0m,61.0,,CMA CGM,,allied_2023_W13_Allied-Weekly-Market-Review-Week-13.pdf,8
2023-03-31,13,FEEDER,LOUISA SCHULTE,,17402008,"Guangzhou Wenchong Shipyard Co Ltd - Guangzhou GD, China",2 X 45t mid CRANES,11.0m,11.0,,undisclosed,,allied_2023_W13_Allied-Weekly-Market-Review-Week-13.pdf,8
2023-03-31,13,LPG,GAS BERYL,53010,2010,"Kawasaki Shipbuilding Corp - Sakaide KG, Japan","78,595",59.0m,59.0,,Foresight,,allied_2023_W13_Allied-Weekly-Market-Review-Week-13.pdf,8
2023-04-07,14,LR1 NAUTICAL,DEBORAH,75343,2018,"Jiangsu Hantong Industry Co Tongzhou JS,",Ship Ltd - China,,,,,,allied_2023_W14_Allied-Weekly-Market-Review-Week-14.pdf,7
2023-04-07,14,LR1,NAUTICAL SARAH,75144,2019,"Jiangsu Hantong Industry Co Tongzhou JS,",Ship EPOXY Ltd - China,$ 150.3 en bloc,,,Advantage Tankers,"Scrubber fitted, incl. TC attached at US$ 28,500/day to Trafigura",allied_2023_W14_Allied-Weekly-Market-Review-Week-14.pdf,7
2023-04-07,14,LR1,NAUTICAL JANINE,75111,2019,"Jiangsu Hantong Industry Co Tongzhou JS,",Ship Ltd - China,,,,,,allied_2023_W14_Allied-Weekly-Market-Review-Week-14.pdf,7
2023-04-07,14,MR,GRACE LUCRUM,51371,2006,"ShinA Shipbuilding Ltd - Tongyeong, Korea",Co Epoxy S. Phenolic,22.8m,22.8,,undisclosed,"Cap 1, Ice Class 1B",allied_2023_W14_Allied-Weekly-Market-Review-Week-14.pdf,7
2023-04-07,14,MR,VALLE BIANCA,50633,2007,"Shipbuilding - Tongyeong, S.",Co Ltd Korea,,,,,,allied_2023_W14_Allied-Weekly-Market-Review-Week-14.pdf,7
2023-04-07,14,MR,VALVERDE,50344,2008,"Shipbuilding - Tongyeong, S.",Co Ltd Korea,,,,,,allied_2023_W14_Allied-Weekly-Market-Review-Week-14.pdf,7
2023-04-07,14,MR,VALROSSA,50344,2008,"Shipbuilding - Tongyeong, S.",Co Ltd Korea,,,,,,allied_2023_W14_Allied-Weekly-Market-Review-Week-14.pdf,7
2023-04-07,14,MR,VALLE AZZURRA,49999,2007,"Shipbuilding - Tongyeong, S.",Co Ltd Korea EPOXY,N/A,,,Montanari,declaration of purchase,allied_2023_W14_Allied-Weekly-Market-Review-Week-14.pdf,7
2023-04-07,14,MR HYUNDAI,MIPO,204137481,2008,"Mipo Dockyard Ltd - Ulsan, S.",Korea,,,,Navigazione,option,allied_2023_W14_Allied-Weekly-Market-Review-Week-14.pdf,7
2023-04-07,14,MR HYUNDAI,MIPO,204237481,2008,"Mipo Dockyard Ltd - Ulsan, S.",Korea,,,,,,allied_2023_W14_Allied-Weekly-Market-Review-Week-14.pdf,7
2023-04-07,14,MR,VALTELLINA,37481,2008,"Mipo Dockyard Ltd - Ulsan, S.",Korea,,,,,,allied_2023_W14_Allied-Weekly-Market-Review-Week-14.pdf,7
2023-04-07,14,MR,VALSESIA,37481,2008,"Mipo Dockyard Ltd - Ulsan, S.",Korea,,,,,,allied_2023_W14_Allied-Weekly-Market-Review-Week-14.pdf,7
2023-04-07,14,PROD/,SFL WESER,17777,2008,No 4807 Shipyard,of,,,,,,allied_2023_W14_Allied-Weekly-Market-Review-Week-14.pdf,7
2023-04-07,14,PROD/,SFL ELBE,17777,2008,No 4807 Shipyard,of,bloc,,,,,allied_2023_W14_Allied-Weekly-Market-Review-Week-14.pdf,7
2023-04-07,14,CAPE,AQUAVICTORY,182060,2010,"Staalskibsvaerft A/S - Munkebo (Lindo Shipyard), Denmark",,26.5m,26.5,,Greeks,BWTS fitted,allied_2023_W14_Allied-Weekly-Market-Review-Week-14.pdf,7
2023-04-07,14,CAPE,AQUAEXPLORER,178929,2012,"Sungdong Shipbuilding & Marine Engineering Co Ltd - Tongyeong, S.",,28.5m,28.5,,,,allied_2023_W14_Allied-Weekly-Market-Review-Week-14.pdf,7
2023-04-07,14,CAPE,STELLA ADA,180223,2011,"Dalian Shipbuilding Co Ltd - Dalian LN (No 2 Yard), China",,25.0m,25.0,,Chinese,BWTS fitted,allied_2023_W14_Allied-Weekly-Market-Review-Week-14.pdf,7
2023-04-07,14,UMAX,ATLANTIC MONTERREY,63590,2017,"Shin Kasado Dockyard Ltd - Kudamatsu YC, Japan","4 X 30,7t CRANES",30.0m,30.0,,Far Eastern,"BWTS fitted, eco m/e",allied_2023_W14_Allied-Weekly-Market-Review-Week-14.pdf,7
2023-04-07,14,UMAX,ALL STAR ATLAS,63250,2014,"Yangzhou Dayang Shipbuilding Co Ltd - Yangzhou JS, China",4 X 35t CRANES,24.5m,24.5,,undisclosed,"eco, bss dely Q3 '23",allied_2023_W14_Allied-Weekly-Market-Review-Week-14.pdf,7
2023-04-07,14,SMAX,HAUT BRION,57075,2011,"Taizhou Sanfu Ship Engineering Co Ltd - Taizhou JS, China",4 X 30t CRANES,14.5m,14.5,,undisclosed,"BWTS fitted, Tier I",allied_2023_W14_Allied-Weekly-Market-Review-Week-14.pdf,7
2023-04-07,14,SMAX,CHRIS,56838,2010,"COSCO (Guangdong) Shipyard Co Ltd - Dongguan GD, China",4 X 30t CRANES,13.7m,13.7,,Middle Eastern,"BWTS fitted, bss waiving inspection, dely Jun '23 in WCCA",allied_2023_W14_Allied-Weekly-Market-Review-Week-14.pdf,7
2023-04-07,14,SMAX,ASIAN TRIUMPH,56536,2012,"COSCO (Zhoushan) Shipyard Co Ltd - Zhoushan ZJ, China",4 X 30t high $ CRANES,14.0m,14.0,,undisclosed,BWTS fitted,allied_2023_W14_Allied-Weekly-Market-Review-Week-14.pdf,7
2023-04-07,14,HANDY,MAESTRO PEARL,36920,2015,"Saiki Heavy Industries Ltd - Saiki OT, Japan",4 X 36t CRANES,22.5m,22.5,,Deval,"BWTS fitted, eco, bss ptt dely",allied_2023_W14_Allied-Weekly-Market-Review-Week-14.pdf,7
2023-04-21,16,VLCC,NAUTICA,307284,2008,"Dalian Shipbuilding Co Ltd - LN (No 2 Yard),",Dalian China,55.0m,55.0,,United Nations Development Program,To be employed in the removal of about 1m barrels of oil from the deteriorating FSO Safer off Yemen,allied_2023_W16_Allied-Weekly-Market-Review-Week-16.pdf,7
2023-04-21,16,VLCC,PRINCESS MARY,306206,2004,"Mitsubishi Heavy Industries Ltd. Nagasaki, Japan",- rgn,51.0m,51.0,,Chinese,BWTS fitted,allied_2023_W16_Allied-Weekly-Market-Review-Week-16.pdf,7
2023-04-21,16,VLCC,ACE PORTER,301021,2008,"Daewoo Shipbuilding Marine Engineering Ltd - Geoje, S.",& Co EPOXY Korea,N/A,,,undisclosed,BWTS fitted,allied_2023_W16_Allied-Weekly-Market-Review-Week-16.pdf,7
2023-04-21,16,SUEZ,EAGLE BRENDA,164626,2001,"HYUNDAI HI, S.",Korea EPOXY rgn,26.0m,26.0,,undisclosed,,allied_2023_W16_Allied-Weekly-Market-Review-Week-16.pdf,7
2023-04-21,16,SUEZ,RIDGEBURY ELIZABETH B,158574,2011,"Hyundai Heavy Industries Co Gunsan, S. Korea",Ltd - rgn mid,47.0m,47.0,,Navig8,,allied_2023_W16_Allied-Weekly-Market-Review-Week-16.pdf,7
2023-04-21,16,SUEZ,MARE VENETUM,158319,2013,"SAMSUNG HI, S.",Korea,56.0m,56.0,,Navig8,"BWTS fitted, Scrubber fitted, bss DD due",allied_2023_W16_Allied-Weekly-Market-Review-Week-16.pdf,7
2023-04-21,16,AFRA,ARISTOKLIS,113838,2017,"Shipbuilding Ltd - Hwawon (Haenam Shipyard), S. Korea",Co EPOXY,68.5m,68.5,,undisclosed,"BWTS fitted, Scrubber fitted",allied_2023_W16_Allied-Weekly-Market-Review-Week-16.pdf,7
2023-04-21,16,LR1,HAFNIA RHINE,76578,2008,"Dalian Shipbuilding Co Ltd - LN (No 1 Yard),",Dalian EPOXY China,26.5m,26.5,,European,BWTS fitted,allied_2023_W16_Allied-Weekly-Market-Review-Week-16.pdf,7
2023-04-21,16,LR1,PIKE,73723,2008,"New Times Shipbuilding Co Jingjiang JS, China",Ltd - EPOXY rgn,23.0m,23.0,,undisclosed,"BWTS fitted, CPP, SS/DD due Oct '23",allied_2023_W16_Allied-Weekly-Market-Review-Week-16.pdf,7
2023-04-21,16,LR1,SAUGER,72652,2004,"SAMSUNG HI, S.",Korea EPOXY rgn,18.5m,18.5,,Turkish,"CPP, Cap 1",allied_2023_W16_Allied-Weekly-Market-Review-Week-16.pdf,7
2023-04-21,16,MR,KIRIBORA,50044,2013,"Shipbuilding - Tongyeong, S.",Co Ltd EPOXY Korea,33.5m,33.5,,Union Maritime,"BWTS fitted, eco",allied_2023_W16_Allied-Weekly-Market-Review-Week-16.pdf,7
2023-04-21,16,MR,BAHRI JASMINE,49000,2005,"Daewoo Shipbuilding Marine Engineering Ltd - Geoje, S.",& Co EPOXY Korea,18.3m,18.3,,undisclosed,DD due Jul '23,allied_2023_W16_Allied-Weekly-Market-Review-Week-16.pdf,7
2023-04-21,16,MR,BAHRI IRIS,49000,2005,"Daewoo Shipbuilding Marine Engineering Ltd - Geoje, S.",& Co EPOXY Korea,17.0m,17.0,,U.A.E. based,"BWTS fitted, CPP, old sale",allied_2023_W16_Allied-Weekly-Market-Review-Week-16.pdf,7
2023-04-21,16,AFRA,STI LOBELIA,109994,2019,"New Times Shipbuilding Co Jingjiang JS, China",Ltd - EPOXY,,,,,,allied_2023_W16_Allied-Weekly-Market-Review-Week-16.pdf,7
2023-04-21,16,MR,STI MAGIC,47499,2019,"Hyundai-Vinashin Shipyard Co Ltd Hoa, Vietnam",Epoxy - Ninh Phenolic,,,,,,allied_2023_W16_Allied-Weekly-Market-Review-Week-16.pdf,7
2023-04-21,16,MR,STI MYSTERY,47499,2019,"Hyundai-Vinashin Shipyard Co Ltd Hoa, Vietnam",Epoxy - Ninh Phenolic,N/A,,,Scorpio Tankers,purchase option declared,allied_2023_W16_Allied-Weekly-Market-Review-Week-16.pdf,7
2023-04-21,16,MR,STI MARVEL,47499,2019,"Hyundai-Vinashin Shipyard Co Ltd Hoa, Vietnam",Epoxy - Ninh Phenolic,,,,,,allied_2023_W16_Allied-Weekly-Market-Review-Week-16.pdf,7
2023-04-21,16,MR,STI MYTHIC,47499,2019,"Hyundai-Vinashin Shipyard Co Ltd Hoa, Vietnam",Epoxy - Ninh Phenolic,,,,,,allied_2023_W16_Allied-Weekly-Market-Review-Week-16.pdf,7
2023-04-21,16,MR,STI MAGISTER,47499,2019,"Hyundai-Vinashin Shipyard Co Ltd Hoa, Vietnam",Epoxy - Ninh Phenolic,,,,,,allied_2023_W16_Allied-Weekly-Market-Review-Week-16.pdf,7
2023-04-21,16,MR,DEE4 ELM,47401,2009,Onomichi Dockyard Ltd - Onomichi Japan,"Co HS, EPOXY rgn",25.0m,25.0,,undisclosed,"BWTS fitted, DPP, pumproom",allied_2023_W16_Allied-Weekly-Market-Review-Week-16.pdf,7
2023-04-21,16,MR,DI MATTEO,46592,2009,"NAIKAI ZOSEN SETODA, Japan",EPOXY mid/high,25.0m,25.0,,undisclosed,"BWTS fitted, CPP, pumproom",allied_2023_W16_Allied-Weekly-Market-Review-Week-16.pdf,7
2023-04-21,16,MR,ODORI,45897,2005,"Shin Kurushima Dockyard Co. Onishi, Japan",Ltd. - EPOXY,20.0m,20.0,,undisclosed,"BWTS fitted, Cap 1, pumproom",allied_2023_W16_Allied-Weekly-Market-Review-Week-16.pdf,7
2023-04-21,16,MR,SW JULIA I,40246,2003,"Mipo Dockyard Ltd - Ulsan, S.",EPOXY Korea,15.2m,15.2,,undisclosed,"DPP, Cap 1",allied_2023_W16_Allied-Weekly-Market-Review-Week-16.pdf,7
2023-04-21,16,CAPE,MOUNT FABER,176943,2008,"Shipbuilding Co Ltd - Imari SG, Japan",rgn,23.0m,23.0,,Chinese,"Scrubber fitted, SS/DD due Jun '23",allied_2023_W16_Allied-Weekly-Market-Review-Week-16.pdf,8
2023-04-21,16,CAPE MARAN,INNOVATION,171681,2004,"Daewoo Shipbuilding & Marine Engineering Co Ltd - Geoje, S. Korea",,18.5m,18.5,,undisclosed,"BWTS fitted, Scrubber fitted",allied_2023_W16_Allied-Weekly-Market-Review-Week-16.pdf,8
2023-04-21,16,KMAX,VALIANT SPRING,81920,2015,"Tsuneishi Group Shipbuilding - Daishan County ZJ,",,28.2m,28.2,,Seastar,"BWTS fitted, bss dely Sep '23, eco m/e",allied_2023_W16_Allied-Weekly-Market-Review-Week-16.pdf,8
2023-04-21,16,PMAX,NAVIOS ANTHOS,75798,2004,"Hishino Meisho Corp - Kurashiki OY, Japan",,11.25m,11.25,,undisclosed,BWTS fitted,allied_2023_W16_Allied-Weekly-Market-Review-Week-16.pdf,8
2023-04-21,16,UMAX,SUN,63672,2013,"Jinling Shipyard - Nanjing JS, China",4 X 36t CRANES,23.5m,23.5,,Indian,"BWTS fitted, eco",allied_2023_W16_Allied-Weekly-Market-Review-Week-16.pdf,8
2023-04-21,16,UMAX,DIOMIDIS,63167,2015,"Jinling Ships Co Ltd - Yizheng JS, China",4 X 30t CRANES,25.5m,25.5,,German,"BWTS fitted, eco m/e",allied_2023_W16_Allied-Weekly-Market-Review-Week-16.pdf,8
2023-04-21,16,UMAX,CL EBISU,61330,2014,"Iwagi Zosen Co Ltd - Kamijima EH, Japan","4 X 30,7t CRANES",26.7m,26.7,,Pangaea,"BWTS fitted, eco m/e",allied_2023_W16_Allied-Weekly-Market-Review-Week-16.pdf,8
2023-04-21,16,UMAX,GLOBAL ROYAL,61211,2022,"DACKS (Dalian COSCO KHI Ship Engineering Co Ltd) - Dalian LN,",CR mid $ 4x30.5 T,34.0m,34.0,,Greek,"BWTS fitted, eco",allied_2023_W16_Allied-Weekly-Market-Review-Week-16.pdf,8
2023-04-21,16,SMAX,SANKATY EAGLE,57970,2011,"Yangzhou Dayang Shipbuilding Co Ltd - Yangzhou JS, China",,4 X 35t CRANES,,,,,allied_2023_W16_Allied-Weekly-Market-Review-Week-16.pdf,8
2023-04-21,16,SMAX,MONTAUK EAGLE,57970,2011,"Yangzhou Dayang Shipbuilding Co Ltd - Yangzhou JS, China",rgn mid $ 4 X 35t CRANES,16.0m,16.0,,Turkish,BWTS fitted,allied_2023_W16_Allied-Weekly-Market-Review-Week-16.pdf,8
2023-04-21,16,SMAX,NEWPORT EAGLE,57970,2011,"Yangzhou Dayang Shipbuilding Co Ltd - Yangzhou JS, China",,4 X 35t CRANES,,,,,allied_2023_W16_Allied-Weekly-Market-Review-Week-16.pdf,8
2023-04-21,16,SMAX,SEACON QINGDAO,57450,2013,"Taizhou Sanfu Ship Engineering Co Ltd - Taizhou JS, China",4 X 30t CRANES,15.52m,15.52,,undisclosed,"BWTS fitted, SS freshly passed, Tier II, auction sale",allied_2023_W16_Allied-Weekly-Market-Review-Week-16.pdf,8
2023-04-21,16,SMAX,PAN BEGONIA,57307,2009,"STX (Dalian) Shipbuilding Co Ltd - Wafangdian LN, China",4 X 30t rgn $ CRANES,14.0m,14.0,,undisclosed,BWTS fitted,allied_2023_W16_Allied-Weekly-Market-Review-Week-16.pdf,8
2023-04-21,16,SMAX,SANIA,57011,2010,"Qingshan Shipyard - Wuhan HB, China",4 X 30t low/mid $ CRANES,14.0m,14.0,,undisclosed,BWTS fitted,allied_2023_W16_Allied-Weekly-Market-Review-Week-16.pdf,8
2023-04-21,16,SMAX,WORLDERA-3,50296,2000,"Mitsui Eng. & SB. Co. Ltd. - Tamano, Japan",4 X 30t CRANES,8.0m,8.0,,undisclosed,"BWTS fitted, DD passed",allied_2023_W16_Allied-Weekly-Market-Review-Week-16.pdf,8
2023-04-21,16,HANDY,PACIFIC SPIRIT,35283,2009,"Nantong Changqingsha Shipyard - Rugao JS, China",,"4 X 30,5t N/A CRANES",,,undisclosed,BWTS fitted,allied_2023_W16_Allied-Weekly-Market-Review-Week-16.pdf,8
2023-04-21,16,HANDY,J-HARMONY,28398,2009,"Imabari Shipbuilding Co Ltd - Imabari EH (Imabari Shipyard),","4 X 30,5t CRANES",10.2m,10.2,,Vietnamese,BWTS fitted,allied_2023_W16_Allied-Weekly-Market-Review-Week-16.pdf,8
2023-04-21,16,HANDY,NORD SETOUCHI,28204,2010,"Imabari Shipbuilding Co Ltd - Imabari EH (Imabari Shipyard),","4 X 30,5t CRANES",11.25m,11.25,,Indonesian,BWTS fitted,allied_2023_W16_Allied-Weekly-Market-Review-Week-16.pdf,8
2023-04-21,16,Hatch,LADY LAURA,31945,2008,"Ltd - Hakodate HK,",CRANES,11.8m,11.8,,undisclosed,Aug '23,allied_2023_W16_Allied-Weekly-Market-Review-Week-16.pdf,8
2023-04-21,16,PMAX,MAERSK SURABAYA,,88452006,"Marine Engineering Co Ltd - Geoje, S. Korea",,40.25m,40.25,,MSC,,allied_2023_W16_Allied-Weekly-Market-Review-Week-16.pdf,9
2023-04-21,16,POST,LISBON,,60782003,"HANJIN HI PUSAN, S.",,22.5m,22.5,,MSC,,allied_2023_W16_Allied-Weekly-Market-Review-Week-16.pdf,9
2023-04-21,16,LPG,GAZ LIBERTY,49996,1997,"KAWASAKI HI SAKAIDE, Japan",,"77,925 N/A",,,Middle Eastern,,allied_2023_W16_Allied-Weekly-Market-Review-Week-16.pdf,9
2023-04-21,16,LPG,NAVIGATOR ORION,23495,2000,"Jiangnan Shipyard (Group) Co Ltd - Shanghai, China","21,650",20.2m,20.2,,Chemikalien Seetrans,BWTS fitted,allied_2023_W16_Allied-Weekly-Market-Review-Week-16.pdf,9
2023-04-28,17,SUEZ,RIDGEBURY JOHN ZIPSER,164772,2009,"Hyundai Samho Industries Co Samho, S. Korea",Heavy Ltd - MAR,45.0m,45.0,,undisclosed,Scrubber fitted,allied_2023_W17_Allied-Weekly-Market-Review-Week-17.pdf,7
2023-04-28,17,AFRA,EPANASTASEA,109647,2008,"Dalian Shipbuilding Co Ltd - LN (No 2 Yard),",Dalian EPOXY China,N/A,,,undisclosed,,allied_2023_W17_Allied-Weekly-Market-Review-Week-17.pdf,7
2023-04-28,17,AFRA,JAG LAVANYA,105010,2004,"SAMSUNG HI, S.",Korea,26.5m,26.5,,Chinese,,allied_2023_W17_Allied-Weekly-Market-Review-Week-17.pdf,7
2023-04-28,17,MR,PETRONIA PACIFIC,49884,2020,STX Offshore Shipbuilding Co Changwon (Jinhae,& Epoxy Ltd - Phenolic,43.0m,43.0,,undisclosed,"BWTS fitted, Scrubber fitted, DD due Sep '23",allied_2023_W17_Allied-Weekly-Market-Review-Week-17.pdf,7
2023-04-28,17,PROD/,CELSIUS MALAGA,20832,2008,Shin Kurushima Dockyard Co.,Stainless Ltd. -,18.5m,18.5,,undisclosed,"BWTS fitted, SS/DD due Apr '23, incl. TC attached to",allied_2023_W17_Allied-Weekly-Market-Review-Week-17.pdf,7
2023-04-28,17,PROD/,GT STAR,19956,2012,Shipyard Co,Ltd - Stainless,21.0m,21.0,,Chinese,BWTS fitted,allied_2023_W17_Allied-Weekly-Market-Review-Week-17.pdf,7
2023-04-28,17,CHEM,BRO AGNES,16791,2008,Deniz Isl. A.S. - Turkey,"Tuzla, PHEN",14.8m,14.8,,undisclosed,BWTS included in sale,allied_2023_W17_Allied-Weekly-Market-Review-Week-17.pdf,7
2023-04-28,17,SMALL,GUANG HUI 628,7036,2013,,,,,,,,allied_2023_W17_Allied-Weekly-Market-Review-Week-17.pdf,7
2023-04-28,17,SMALL,GUANG HUI 619,7023,2013,,,,,,,,allied_2023_W17_Allied-Weekly-Market-Review-Week-17.pdf,7
2023-04-28,17,SMALL,GUANG HUI 636,7020,2013,,,,,,,,allied_2023_W17_Allied-Weekly-Market-Review-Week-17.pdf,7
2023-04-28,17,SMALL,GUANG HUI 626,7004,2013,"ZHEJIANG HAIDONG, China",EPOXY p/v,6.9m,6.9,,Coral Shipping,"bss ""as is, where is""",allied_2023_W17_Allied-Weekly-Market-Review-Week-17.pdf,7
2023-04-28,17,SMALL,GUANG HUI 616,6993,2013,,,,,,,,allied_2023_W17_Allied-Weekly-Market-Review-Week-17.pdf,7
2023-04-28,17,SMALL,GUANG HUI 629,6989,2013,,,,,,,,allied_2023_W17_Allied-Weekly-Market-Review-Week-17.pdf,7
2023-04-28,17,SMALL,GUANG HUI 618,6987,2013,,,,,,,,allied_2023_W17_Allied-Weekly-Market-Review-Week-17.pdf,7
2023-04-28,17,CAPE,STELLA CHERISE,177832,2010,"Shanghai Waigaoqiao Shipbuilding Co Ltd - Shanghai, China",,24.0m,24.0,,undisclosed,BWTS fitted,allied_2023_W17_Allied-Weekly-Market-Review-Week-17.pdf,7
2023-04-28,17,CAPE,C H S SPLENDOR,170000,2006,"IHI Marine United Inc - Kure HS, Japan",xs,16.0m,16.0,,Lila Global,BWTS fitted,allied_2023_W17_Allied-Weekly-Market-Review-Week-17.pdf,7
2023-04-28,17,PMAX,DL IVY,81805,2012,"JINGJIANG TRAFFIC, China",,17.1m,17.1,,Greek,BWTS fitted,allied_2023_W17_Allied-Weekly-Market-Review-Week-17.pdf,7
2023-04-28,17,PMAX,PALMA BULKER,75843,2009,Tsuneishi Holdings Corp Tsuneishi Shipbuilding Co -,,18.0m,18.0,,Silk Searoad Maritime SA,BWTS fitted,allied_2023_W17_Allied-Weekly-Market-Review-Week-17.pdf,7
2023-04-28,17,SMAX,ARIADNE,57038,2010,"Liaoning Marine & Industrial Park Co Ltd - Yingkou LN,",4 X 31t Crane,13.0m,13.0,,Lomar Shipping,"BWTS fitted, DD due Aug '23",allied_2023_W17_Allied-Weekly-Market-Review-Week-17.pdf,7
2023-04-28,17,SMAX,OREN,56877,2010,"Jiangdong Shipyard - Wuhu AH, China",4 X 30t CRANES,13.2m,13.2,,Chinese,"BWTS fitted, DD due Jul '23",allied_2023_W17_Allied-Weekly-Market-Review-Week-17.pdf,7
2023-04-28,17,SMAX,SUPER TRADER,56868,2011,"Jiangsu Hantong Ship Industry Co Ltd Tongzhou JS, China",4 X 35t - CRANES,15.1m,15.1,,Greek,BWTS fitted,allied_2023_W17_Allied-Weekly-Market-Review-Week-17.pdf,7
2023-04-28,17,SMAX,EASTERN AZALEA,56771,2012,"Jiangsu Hantong Ship Industry Co Ltd Tongzhou JS, China",4 X 30t - CRANES,15.7m,15.7,,Indonesian,BWTS fitted,allied_2023_W17_Allied-Weekly-Market-Review-Week-17.pdf,7
2023-04-28,17,SMAX,CORAL BREEZE,55582,2009,"Mitsui Eng. & SB. Co. Ltd. - Tamano, Japan",4 X 30t mid $ CRANES,16.0m,16.0,,Greek,BWTS fitted,allied_2023_W17_Allied-Weekly-Market-Review-Week-17.pdf,7
2023-04-28,17,FEEDER,NEUBURG,,17402010,"Guangzhou Wenchong Shipyard Co Ltd - Guangzhou GD, China",2 X 45t CRANES,14.5m,14.5,,undisclosed,bss cfree dely Jun '23,allied_2023_W17_Allied-Weekly-Market-Review-Week-17.pdf,8
2023-04-28,17,LNG,LNG ALLIANCE,86389,2007,"L'ATLANTIQUE (ALSTHOM), France","151,383",68.0m,68.0,,Sinokor,incl 15-month TC back to Total,allied_2023_W17_Allied-Weekly-Market-Review-Week-17.pdf,8
2023-05-05,18,SUEZ,CLASSIC,159195,2005,"HYUNDAI HI, S.",Korea EPOXY,36.75m,36.75,,undisclosed,"BWTS fitted, Cap 1",allied_2023_W18_Allied-Weekly-Market-Review-Week-18.pdf,7
2023-05-05,18,SUEZ,NAVIGARE TOLERO,156516,2011,"Jiangsu Rongsheng Shipbuilding Co Rugao JS, China",Ltd -,N/A,,,Advantage,"Scrubber fitted, old sale",allied_2023_W18_Allied-Weekly-Market-Review-Week-18.pdf,7
2023-05-05,18,AFRA,PS PISA,108835,2010,"Hudong-Zhonghua (Group) Ltd - Shanghai,",Co EPOXY China,35.6m,35.6,,Middle Eastern,BWTS fitted,allied_2023_W18_Allied-Weekly-Market-Review-Week-18.pdf,7
2023-05-05,18,AFRA,SONGA CORAL,107081,2005,"Dockyard Co Mihara HS, Japan",Ltd -,35.0m,35.0,,U. A. E. Based,"BWTS fitted, Scrubber fitted, bss ppt dely B.Sea after completion of DD",allied_2023_W18_Allied-Weekly-Market-Review-Week-18.pdf,7
2023-05-05,18,AFRA,WONDER AVIOR,106162,2004,"HYUNDAI HI, S.",Korea EPOXY rgn,30.0m,30.0,,undisclosed,DPP,allied_2023_W18_Allied-Weekly-Market-Review-Week-18.pdf,7
2023-05-05,18,LR1,EVER VICTORY,70426,2005,Universal Shipbuilding Corp - Maizuru Japan,"KY, EPOXY",21.0m,21.0,,Chinese,BWTS fitted,allied_2023_W18_Allied-Weekly-Market-Review-Week-18.pdf,7
2023-05-05,18,LR1,STENA PENGUIN,64834,2010,"SPLIT, Croatia",EPOXY,N/A,,,undisclosed,Ice Class 1A,allied_2023_W18_Allied-Weekly-Market-Review-Week-18.pdf,7
2023-05-05,18,MR,MTM COLORADO,51319,2004,"Shipbuilding - Changwon (Jinhae Shipyard), S. Korea",Co Ltd Epoxy Phenolic,18.0m,18.0,,undisclosed,BWTS fitted,allied_2023_W18_Allied-Weekly-Market-Review-Week-18.pdf,7
2023-05-05,18,MR,ATLANTICA BRAVE,51246,2008,"Shipbuilding - Changwon (Jinhae Shipyard), S. Korea",Co Ltd EPOXY rgn,22.0m,22.0,,Turkish,SS/DD due Apr '23,allied_2023_W18_Allied-Weekly-Market-Review-Week-18.pdf,7
2023-05-05,18,MR,ADAMAS I,50122,2009,"SPP Plant Shipbuilding Co Sacheon, S. Korea",& Ltd - EPOXY mid,24.0m,24.0,,undisclosed,,allied_2023_W18_Allied-Weekly-Market-Review-Week-18.pdf,7
2023-05-05,18,MR,HIGH TRUST,49990,2016,"Hyundai-Vinashin Shipyard Co Ltd Hoa, Vietnam",Epoxy - Ninh Phenolic,22.2m,22.2,,D' Amico International,"declaration of purchase option, eco m/e",allied_2023_W18_Allied-Weekly-Market-Review-Week-18.pdf,7
2023-05-05,18,MR,BOW ENDEAVOR,26197,2011,"Shin Kurushima Dockyard Co. Akitsu, Japan",Ltd. - EPOXY,N/A,,,Odfjell,declaration of purchase option,allied_2023_W18_Allied-Weekly-Market-Review-Week-18.pdf,7
2023-05-05,18,PROD/,MTM LONDON,20587,2003,"Kitanihon Shipbuilding Co Ltd - Hachinohe,",Stainless,N/A,,,undisclosed,old sale,allied_2023_W18_Allied-Weekly-Market-Review-Week-18.pdf,7
2023-05-05,18,CHEM,SOLANDO,19992,2009,Turkey,e (MarineLI,N/A,,,Monjasa,old sale,allied_2023_W18_Allied-Weekly-Market-Review-Week-18.pdf,7
2023-05-05,18,CHEM,MAREX NOA,12479,2015,Ltd - Yawatahama Japan,"EH, Steel",N/A,,,Uni Tankers,,allied_2023_W18_Allied-Weekly-Market-Review-Week-18.pdf,7
2023-05-05,18,CAPE,DENSA COBRA,180491,2011,STX Offshore & Shipbuilding Co Ltd - Changwon (Jinhae,,27.25m,27.25,,undisclosed,BWTS fitted,allied_2023_W18_Allied-Weekly-Market-Review-Week-18.pdf,7
2023-05-05,18,CAPE,ZHENG YUAN,177643,2002,"Mitsui Eng. & SB. Co. Ltd., Chiba Works - Ichihara, Japan",,13.0m,13.0,,Chinese,BWTS fitted,allied_2023_W18_Allied-Weekly-Market-Review-Week-18.pdf,7
2023-05-05,18,PMAX,THALASSIC,81426,2009,"Universal Shipbuilding Corp - Maizuru KY, Japan",,21.0m,21.0,,Omicron,"BWTS fitted, bss dely Jun/Jul '23",allied_2023_W18_Allied-Weekly-Market-Review-Week-18.pdf,7
2023-05-05,18,PMAX,BULK ELECTRA,66604,2015,"Mitsui Eng. & SB. Co. Ltd. - Tamano, Japan",4 X 30t high $ CRANES,26.0m,26.0,,undisclosed,"BWTS fitted, eco m/e",allied_2023_W18_Allied-Weekly-Market-Review-Week-18.pdf,7
2023-05-05,18,PMAX,MOUNT ATHOS,63155,2014,"Jiangsu New Hantong Ship Heavy Industry Co Ltd - Yangzhong JS,",4 X 30t CRANES,24.9m,24.9,,U. A. E. Based,"BWTS fitted, eco m/e, incl. TC attached until end 24",allied_2023_W18_Allied-Weekly-Market-Review-Week-18.pdf,7
2023-05-05,18,PMAX,AMIS WISDOM,61456,2011,"Shin Kasado Dockyard Ltd - Kudamatsu YC, Japan","4 X 30,5t CRANES",22.5m,22.5,,Greek,"BWTS fitted, bss on index linked TC attached at 103% of BSI",allied_2023_W18_Allied-Weekly-Market-Review-Week-18.pdf,7
2023-05-05,18,SMAX,MANDARIN DALIAN,56604,2010,"Jiangsu Hantong Ship Industry Co Ltd Tongzhou JS, China",4 X 36t - CRANES,14.0m,14.0,,undisclosed,"BWTS fitted, on subs, dely June-Aug '23",allied_2023_W18_Allied-Weekly-Market-Review-Week-18.pdf,7
2023-05-05,18,SMAX,REGAL,53571,2008,"Zhejiang Shipbuilding Co Ltd - Ningbo ZJ, China",4 X 35t CRANES,11.0m,11.0,,undisclosed,"BWTS fitted, SS/DD due May '23",allied_2023_W18_Allied-Weekly-Market-Review-Week-18.pdf,7
2023-05-05,18,PMAX,NORTHERN PRIORITY,,46162009,"Daewoo Shipbuilding & Marine Engineering Co Ltd - Geoje, S. Korea",,28.0m,28.0,,Ignazio Messina,,allied_2023_W18_Allied-Weekly-Market-Review-Week-18.pdf,8
2023-05-05,18,LPG,SASAKI 719,7200,2023,"Sasaki Shipbuilding Co - Osakikamijima HS, Japan","7,350",26.2m,26.2,,Samudera,,allied_2023_W18_Allied-Weekly-Market-Review-Week-18.pdf,8
2023-05-05,18,LPG,ECO CZAR,5158,2015,"Kitanihon Shipbuilding Co Ltd - Hachinohe, Japan",,"4,900",,,,,allied_2023_W18_Allied-Weekly-Market-Review-Week-18.pdf,8
2023-05-05,18,LPG,ECO NEMESIS,5155,2015,"Kitanihon Shipbuilding Co Ltd - Hachinohe, Japan","4,900 p/v",16.9m,16.9,,Toro Corp,,allied_2023_W18_Allied-Weekly-Market-Review-Week-18.pdf,8
2023-05-05,18,LPG,ECO ENIGMA,4753,2015,"Murakami Hide Zosen K.K. - Imabari, Japan",,"4,923",,,,,allied_2023_W18_Allied-Weekly-Market-Review-Week-18.pdf,8
2023-05-05,18,LPG,ECO TEXIANA,4743,2020,"Murakami Hide Zosen K.K. - Imabari, Japan","4,929",20.0m,20.0,,,,allied_2023_W18_Allied-Weekly-Market-Review-Week-18.pdf,8
2023-05-12,19,VLCC,BALTIC SUNRISE,309373,2005,"HYUNDAI HI, S.",Korea,51.5m,51.5,,Chinese,,allied_2023_W19_Allied-Weekly-Market-Review-Week-19.pdf,7
2023-05-12,19,AFRA,WONDER POLARIS,115341,2005,"SAMSUNG HI, S.",Korea EPOXY rgn en,72.0m,72.0,,undisclosed,BWTS fitted,allied_2023_W19_Allied-Weekly-Market-Review-Week-19.pdf,7
2023-05-12,19,AFRA WONDER,BELLATRIX,115341,2006,"SAMSUNG HI, S.",Korea EPOXY,bloc,,,,,allied_2023_W19_Allied-Weekly-Market-Review-Week-19.pdf,7
2023-05-12,19,AFRA,AMPLEFORTH,108912,2008,"Shanghai Waigaoqiao Shipbuilding Co Shanghai, China",Ltd - EPOXY rgn,37.0m,37.0,,undisclosed,,allied_2023_W19_Allied-Weekly-Market-Review-Week-19.pdf,7
2023-05-12,19,AFRA,AFRAMAX RIVIERA,107113,2005,"Dockyard Co Mihara HS, Japan",Ltd -,35.0m,35.0,,U. A. E. based,,allied_2023_W19_Allied-Weekly-Market-Review-Week-19.pdf,7
2023-05-12,19,LR1,LUMEN N,63599,2008,"Shipbuilding - Changwon (Jinhae Shipyard), S. Korea",Co Ltd EPOXY,22.25m,22.25,,undisclosed,"BWTS fitted, ice class 1A, SS/DD due Aug '23, DPP",allied_2023_W19_Allied-Weekly-Market-Review-Week-19.pdf,7
2023-05-12,19,MR,MTM HUDSON,51319,2004,"Shipbuilding - Changwon (Jinhae Shipyard), S. Korea",Co Ltd Epoxy Phenolic,18.2m,18.2,,undisclosed,,allied_2023_W19_Allied-Weekly-Market-Review-Week-19.pdf,7
2023-05-12,19,MR,GREEN POINT,49511,2003,"Shipbuilding - Changwon (Jinhae Shipyard), S. Korea",Co Ltd EPOXY,13.0m,13.0,,U. A. E. based,DPP,allied_2023_W19_Allied-Weekly-Market-Review-Week-19.pdf,7
2023-05-12,19,MR,RIVIERA II,47999,2006,"Iwagi Zosen Co Kamijima EH, Japan",Ltd - EPOXY,N/A,,,undisclosed,old sale,allied_2023_W19_Allied-Weekly-Market-Review-Week-19.pdf,7
2023-05-12,19,MR,SPLENDOUR CHILTERN,44999,1999,"HALLA SAMHO, Korea",S. Zinc Silicate,14.2m,14.2,,U. A. E. based,zinc silicate,allied_2023_W19_Allied-Weekly-Market-Review-Week-19.pdf,7
2023-05-12,19,MR,JENNY I,40128,2003,"Mipo Dockyard Ltd - Ulsan, S.",EPOXY Korea,17.0m,17.0,,European,,allied_2023_W19_Allied-Weekly-Market-Review-Week-19.pdf,7
2023-05-12,19,PROD/,SUPER INFINITY,15004,2009,RO Offshore,Braila Epoxy,,,,,,allied_2023_W19_Allied-Weekly-Market-Review-Week-19.pdf,7
2023-05-12,19,CHEM,SUPER HERO,14984,2009,"SA - Braila, Romania",Phenolic rgn,9.0m,9.0,,undisclosed,,allied_2023_W19_Allied-Weekly-Market-Review-Week-19.pdf,7
2023-05-12,19,CHEM,EASTERN,12825,2009,"Shipbuilding Co Busan, S. Korea",Ltd - Phenolic,,,,,,allied_2023_W19_Allied-Weekly-Market-Review-Week-19.pdf,7
2023-05-12,19,PROD/,SUPER FORTE,12814,2010,STX Offshore Shipbuilding Co,& Epoxy Ltd -,,,,,,allied_2023_W19_Allied-Weekly-Market-Review-Week-19.pdf,7
2023-05-12,19,CHEM,TARRANT,13211,2008,"Ltd - Busan, S.",Korea Phenolic xs,8.0m,8.0,,undisclosed,,allied_2023_W19_Allied-Weekly-Market-Review-Week-19.pdf,7
2023-05-12,19,CAPE,TASIK MELATI,180310,2004,"Dockyard Co Ltd Mihara HS, Japan",- high,15.0m,15.0,,Jiangsu Steamship,,allied_2023_W19_Allied-Weekly-Market-Review-Week-19.pdf,7
2023-05-12,19,CAPE,OLYMPIUS,171314,2004,"Hyundai Samho Heavy Industries Co Ltd - Samho, S. Korea",,rgn $,,,U. A. E. Based,Scrubber fitted,allied_2023_W19_Allied-Weekly-Market-Review-Week-19.pdf,7
2023-05-12,19,CAPE,VICTORIUS,171314,2004,"Hyundai Samho Heavy Industries Co Ltd - Samho, S. Korea",each,17.0m,17.0,,,,allied_2023_W19_Allied-Weekly-Market-Review-Week-19.pdf,7
2023-05-12,19,PMAX,FPMC B 103,106668,2011,"Shipbuilding Co Ltd - Wafangdian LN, China",,24.0m,24.0,,International,Scrubber & BWTS fitted,allied_2023_W19_Allied-Weekly-Market-Review-Week-19.pdf,7
2023-05-12,19,POST,CLAIRE Z,93313,2009,Jiangsu Newyangzi Shipbuilding Co Ltd -,,rgn $,,,Chinese,"BWTS fitted, tier II",allied_2023_W19_Allied-Weekly-Market-Review-Week-19.pdf,7
2023-05-12,19,FEEDER,INGRID,,6982008,"Fujian Mawei Shipbuilding Ltd - Fuzhou FJ, China",,5.8m,5.8,,Turkish,,allied_2023_W19_Allied-Weekly-Market-Review-Week-19.pdf,8
2023-05-12,19,LNG,BW EVERETT,77410,2003,"Daewoo Shipbuilding & Marine Engineering Co Ltd - Geoje, S. Korea","rgn $ 135,267",46.0m,46.0,,Eddie Steamship,,allied_2023_W19_Allied-Weekly-Market-Review-Week-19.pdf,8
2023-05-19,20,SUEZ,AMOROZA,159168,2001,"HYUNDAI HI, S.",Korea rgn,30.0m,30.0,,undisclosed,,allied_2023_W20_Allied-Weekly-Market-Review-Week-20.pdf,7
2023-05-19,20,SUEZ,AGAPE SOUL,159165,2001,"Daewoo Shipbuilding Marine Engineering Ltd - Geoje, S.",& Co EPOXY Korea rgn,31.0m,31.0,,undisclosed,,allied_2023_W20_Allied-Weekly-Market-Review-Week-20.pdf,7
2023-05-19,20,AFRA,SOUTHERN GLORY,108411,2019,Tsuneishi Shipbuilding Co Ltd - Fukuyama Japan,"HS, rgn",66.7m,66.7,,Eastern Pacific Shipping,"Scrubber & BWTS fitted, eco",allied_2023_W20_Allied-Weekly-Market-Review-Week-20.pdf,7
2023-05-19,20,AFRA,WONDER MUSICA,106290,2004,"HYUNDAI HI, S.",Korea EPOXY rgn,30.0m,30.0,,Indonesian,DPP trading,allied_2023_W20_Allied-Weekly-Market-Review-Week-20.pdf,7
2023-05-19,20,AFRA,SEA HAZEL,106085,2004,"Tsuneishi Corp Tadotsu KG, Japan",-,N/A,,,Middle Eastern,BWTS fitted,allied_2023_W20_Allied-Weekly-Market-Review-Week-20.pdf,7
2023-05-19,20,LR1,GULF CRYSTAL,74999,2009,"Mipo Dockyard Ltd - Ulsan, S.",EPOXY Korea,29.5m,29.5,,undisclosed,IMO III,allied_2023_W20_Allied-Weekly-Market-Review-Week-20.pdf,7
2023-05-19,20,LR1,GULF PEARL,74999,2005,"HYUNDAI HI, S.",Korea EPOXY,,,,,,allied_2023_W20_Allied-Weekly-Market-Review-Week-20.pdf,7
2023-05-19,20,LR1,GULF COAST,74999,2005,"HYUNDAI HI, S.",Korea EPOXY en bloc,61.2m,,61.2,undisclosed,"CPP trading, BWTS fitted",allied_2023_W20_Allied-Weekly-Market-Review-Week-20.pdf,7
2023-05-19,20,LR1,GULF HORIZON,74999,2005,"HYUNDAI HI, S.",Korea EPOXY,,,,,,allied_2023_W20_Allied-Weekly-Market-Review-Week-20.pdf,7
2023-05-19,20,MR,EASTERN QUINCE,41397,2009,"Shipbuilding - Tongyeong, S.",Co Ltd EPOXY Korea rgn,22.0m,22.0,,European,DPP trading,allied_2023_W20_Allied-Weekly-Market-Review-Week-20.pdf,7
2023-05-19,20,CHEM,FORTITUDE,19997,2004,"Dockyard Co. Akitsu, Japan",Ltd. - Steel,14.0m,14.0,,undisclosed,IMO II/III,allied_2023_W20_Allied-Weekly-Market-Review-Week-20.pdf,7
2023-05-19,20,SMALL TRADEWIND,LEGEND,7739,2008,"Ningbo Xinle Shipbuilding Co Ningbo ZJ, China",Epoxy Ltd - Phenolic,5.8m,5.8,,undisclosed,,allied_2023_W20_Allied-Weekly-Market-Review-Week-20.pdf,7
2023-05-19,20,CAPE,MINERAL NINGBO,178120,2009,"Shanghai Waigaoqiao Shipbuilding Co Ltd - Shanghai, China",rgn,23.8m,23.8,,Chinese,,allied_2023_W20_Allied-Weekly-Market-Review-Week-20.pdf,7
2023-05-19,20,CAPE,BAO MAY,178050,2010,"Shanghai Waigaoqiao Shipbuilding Co Ltd - Shanghai, China",rgn,25.5m,25.5,,Far Eastern,BWTS fitted,allied_2023_W20_Allied-Weekly-Market-Review-Week-20.pdf,7
2023-05-19,20,CAPE,BERGE CRISTOBAL,177253,2003,"Shipbuilding Co Ltd - Imari SG, Japan",,13.0m,13.0,,undisclosed,,allied_2023_W20_Allied-Weekly-Market-Review-Week-20.pdf,7
2023-05-19,20,CAPE,CIC ELLI S,171448,2003,"HYUNDAI HI, S. Korea",,N/A,,,Lila Global,,allied_2023_W20_Allied-Weekly-Market-Review-Week-20.pdf,7
2023-05-19,20,SMAX,ELLA,52454,2003,"Tsuneishi Corp - Fukuyama HS, Japan",4 X 30t rgn CRANES,9.7m,9.7,,undisclosed,BWTS fitted,allied_2023_W20_Allied-Weekly-Market-Review-Week-20.pdf,7
2023-05-19,20,SMAX,GREAT WENJIE,50777,2002,"Shipbuilding Co Ltd - Saikai NS, Japan",4 X 30t CRANES,7.5m,7.5,,undisclosed,BWTS fitted,allied_2023_W20_Allied-Weekly-Market-Review-Week-20.pdf,7
2023-05-19,20,HANDY,IONIC HAWK,34067,2012,"DAESUN, S. Korea",4 X 30t rgn $ CRANES,16.2m,16.2,,Greek,"BWTS fitted, bss dely Singapore/Japan range",allied_2023_W20_Allied-Weekly-Market-Review-Week-20.pdf,7
2023-05-26,21,SUEZ,JAL FIGHTER,146427,2006,"TSU,",Japan,43.0m,43.0,,U. A. E. based,old sale,allied_2023_W21_Allied-Weekly-Market-Review-Week-21.pdf,7
2023-05-26,21,LR2,STAR PROSPERITY,115098,2009,"Sasebo Heavy Industries Co. Sasebo, Japan",Ltd. - EPOXY,43.0m,43.0,,Middle Eastern,"old sale, no coils, BWTS fitted",allied_2023_W21_Allied-Weekly-Market-Review-Week-21.pdf,7
2023-05-26,21,AFRA,EVERGLADES,112969,2008,"New Times Shipbuilding Co Jingjiang JS, China",Ltd - EPOXY high,39.0m,39.0,,Middle Eastern,BWTS fitted,allied_2023_W21_Allied-Weekly-Market-Review-Week-21.pdf,7
2023-05-26,21,AFRA,SPERCHIOS,106999,2018,"Shipbuilding Ltd - Imari SG,",Co Japan,68.5m,68.5,,ASCO,"scrubber & BWTS fitted, eco",allied_2023_W21_Allied-Weekly-Market-Review-Week-21.pdf,7
2023-05-26,21,AFRA,ASHAHDA,105221,2004,"Sumitomo Heavy Industries Marine Engineering Co.,",& Ltd. - rgn en,70.0m,70.0,,Middle Eastern,SS/DD due Q1 '24,allied_2023_W21_Allied-Weekly-Market-Review-Week-21.pdf,7
2023-05-26,21,AFRA,ADAFERA,105215,2004,"Sumitomo Heavy Industries Marine Engineering Co.,",& Ltd. -,bloc,,,,,allied_2023_W21_Allied-Weekly-Market-Review-Week-21.pdf,7
2023-05-26,21,LR1,AMAZON BEAUTY,72910,2004,"HYUNDAI HI, S.",Korea EPOXY,19.5m,19.5,,undisclosed,"SS/DD due Jan '24, CPP trading",allied_2023_W21_Allied-Weekly-Market-Review-Week-21.pdf,7
2023-05-26,21,LR1,STENA PROGRESS,65125,2009,"SPLIT, Croatia",EPOXY,N/A,,,undisclosed,,allied_2023_W21_Allied-Weekly-Market-Review-Week-21.pdf,7
2023-05-26,21,LR1,STENA PREMIUM,65055,2011,"SPLIT, Croatia",EPOXY,,,,,,allied_2023_W21_Allied-Weekly-Market-Review-Week-21.pdf,7
2023-05-26,21,MR,USMA,52684,2007,"3 Maj' Brodogradiliste dd - Rijeka, Croatia",EPOXY,,,,,,allied_2023_W21_Allied-Weekly-Market-Review-Week-21.pdf,7
2023-05-26,21,MR,TARGALE,52660,2007,"3 Maj' Brodogradiliste dd - Rijeka, Croatia",EPOXY en,90.0m,90.0,,undisclosed,"ice class 1B, BWTS fitted",allied_2023_W21_Allied-Weekly-Market-Review-Week-21.pdf,7
2023-05-26,21,MR,PILTENE,52648,2007,"3 Maj' Brodogradiliste dd - Rijeka, Croatia",EPOXY,bloc,,,,,allied_2023_W21_Allied-Weekly-Market-Review-Week-21.pdf,7
2023-05-26,21,MR,UGALE,52642,2007,"3 Maj' Brodogradiliste dd - Rijeka, Croatia",EPOXY,,,,,,allied_2023_W21_Allied-Weekly-Market-Review-Week-21.pdf,7
2023-05-26,21,MR,CELSIUS RIGA,46151,2010,"Mipo Dockyard Ltd - Ulsan, S.",Epoxy Korea Phenolic,28.5m,28.5,,U. S. A. based,,allied_2023_W21_Allied-Weekly-Market-Review-Week-21.pdf,7
2023-05-26,21,MR,GULF MISHREF,46089,2010,"Shipbuilding - Tongyeong, S.",Co Ltd EPOXY Korea,N/A,,,undisclosed,,allied_2023_W21_Allied-Weekly-Market-Review-Week-21.pdf,7
2023-05-26,21,PMAX,HANABUSA,77247,2007,"Sasebo Heavy Industries Co. Ltd. - Sasebo, Japan",,N/A,,,Chinese,coal carrier,allied_2023_W21_Allied-Weekly-Market-Review-Week-21.pdf,7
2023-05-26,21,PMAX,GREAT WENCHAO,75552,1999,"Mitsui Eng. & SB. Co. Ltd., Chiba Works - Ichihara, Japan",,7.1m,7.1,,Chinese,BWTS fitted,allied_2023_W21_Allied-Weekly-Market-Review-Week-21.pdf,7
2023-05-26,21,UMAX,TAURUS CONFIDENCE,63270,2018,"New Dayang Shipbuilding Co Ltd - Yangzhou, China",,4 X 35t CRANES rgn xs $,,,Spar Shipping,"eco, BWTS fitted, SS/DD due Oct/Nov '23",allied_2023_W21_Allied-Weekly-Market-Review-Week-21.pdf,7
2023-05-26,21,UMAX,ARIES CONFIDENCE,63153,2018,"New Dayang Shipbuilding Co Ltd - Yangzhou, China",each 4 X 35t CRANES,28.0m,28.0,,,"respectively, bss dely Q4 '23",allied_2023_W21_Allied-Weekly-Market-Review-Week-21.pdf,7
2023-05-26,21,SMAX,DAXIA,56811,2011,"COSCO (Dalian) Co Ltd - Dalian LN, China",4 X 36t CRANES,14.2m,14.2,,undisclosed,"tier II, BWTS fitted",allied_2023_W21_Allied-Weekly-Market-Review-Week-21.pdf,7
2023-05-26,21,SMAX,RHL JULIA,55701,2009,"Mitsui Eng. & SB. Co. Ltd. - Tamano, Japan",4 X 30t rgn/below CRANES,16.0m,16.0,,European,BWTS fitted,allied_2023_W21_Allied-Weekly-Market-Review-Week-21.pdf,7
2023-05-26,21,FEEDER,BALTIC FULMAR,,16382005,"Jos L Meyer GmbH - Papenburg, Germany",low,9.0m,9.0,,Chinese,,allied_2023_W21_Allied-Weekly-Market-Review-Week-21.pdf,8
2023-05-26,21,FEEDER,OKEE AUGUST,,15501998,"Guangzhou Wenchong Shipyard - Guangzhou GD, China",,2 X 40t N/A CRANES,,,undisclosed,,allied_2023_W21_Allied-Weekly-Market-Review-Week-21.pdf,8
2023-05-26,21,FEEDER,OCEAN PROBE,,14711995,"Shipbuilding Corp - Keelung, Taiwan",,4.0m,4.0,,Turkish,,allied_2023_W21_Allied-Weekly-Market-Review-Week-21.pdf,8
2023-05-26,21,FEEDER TAN,CANG PIONEER,,6011996,"Detlef Hegemann Rolandwerft GmbH & Co. KG - Berne,",,2.85m,2.85,,undisclosed,,allied_2023_W21_Allied-Weekly-Market-Review-Week-21.pdf,8
2023-05-26,21,LPG,SJ GAS NO. 5,2855,1998,"Murakami Hide Zosen K.K. - Imabari, Japan",,"3,941 N/A",,,Indonesian,,allied_2023_W21_Allied-Weekly-Market-Review-Week-21.pdf,8
2023-06-02,22,VLCC,GOOD NEWS,319430,2002,"Heavy Industries Co Ltd - Samho, Korea",S.,43.0m,43.0,,Chinese,BWTS fitted,allied_2023_W22_Allied-Weekly-Market-Review-Week-22.pdf,7
2023-06-02,22,VLCC,MARIA P. LEMOS,319191,2018,"HYUNDAI HI, S.",Korea,94.5m,94.5,,DHT HOLDINGS,"SS/DD due Oct '23, scrubber fitted, eco, bss Q3 '23 dely",allied_2023_W22_Allied-Weekly-Market-Review-Week-22.pdf,7
2023-06-02,22,SUEZ,FRONT NJORD,156760,2010,"Jiangsu Rongsheng Shipbuilding Co Rugao JS, China",Ltd -,44.5m,44.5,,undisclosed,DD due,allied_2023_W22_Allied-Weekly-Market-Review-Week-22.pdf,7
2023-06-02,22,AFRA,PETROATLANTIC,92968,2003,"SAMSUNG HI, S.",Korea,19.0m,19.0,,Thome Ship Management,"shuttle tanker converted to FSO, old sale",allied_2023_W22_Allied-Weekly-Market-Review-Week-22.pdf,7
2023-06-02,22,LR1,GOLDEN SHINER,74999,2007,Onomichi Dockyard Ltd - Onomichi Japan,"Co HS, EPOXY rgn",25.0m,25.0,,undisclosed,scrubber & BWTS fitted,allied_2023_W22_Allied-Weekly-Market-Review-Week-22.pdf,7
2023-06-02,22,LR1,BOWFIN,74994,2008,Minaminippon Shipbuilding Co Usuki OT (Shitanoe,Ltd - EPOXY rgn,25.0m,25.0,,undisclosed,SS/DD/BWTS due Oct '23,allied_2023_W22_Allied-Weekly-Market-Review-Week-22.pdf,7
2023-06-02,22,LR1,TORM SARA,72718,2003,"SAMSUNG HI, S.",Korea EPOXY mid,16.0m,16.0,,Middle Eastern,,allied_2023_W22_Allied-Weekly-Market-Review-Week-22.pdf,7
2023-06-02,22,MR,FALCON IRIS,50927,2008,"Shipbuilding - Tongyeong, S.",Co Ltd EPOXY Korea,N/A,,,Naftomar,old sale,allied_2023_W22_Allied-Weekly-Market-Review-Week-22.pdf,7
2023-06-02,22,MR,SUPER RUBY,50400,2006,"ShinA Shipbuilding Ltd - Tongyeong, Korea",Co S. EPOXY rgn,20.9m,20.9,,undisclosed,"BWTS fitted, cpp, pumproom",allied_2023_W22_Allied-Weekly-Market-Review-Week-22.pdf,7
2023-06-02,22,MR,ST. GERTRUD,46622,2009,"Naikai Zosen Corp Onomichi HS (Innoshima Shipyard),",- EPOXY,N/A,,,SR Navigation,"old sale, pumproom",allied_2023_W22_Allied-Weekly-Market-Review-Week-22.pdf,7
2023-06-02,22,PROD/,FAIRCHEM KISO,21167,2011,Shipyard Co,Ltd - Stainless,22.0m,22.0,,Chinese,BWTS fitted,allied_2023_W22_Allied-Weekly-Market-Review-Week-22.pdf,7
2023-06-02,22,PROD/,MILD BLOOM,20768,2006,Shin Kurushima Dockyard Co.,Stainless Ltd. -,N/A,,,Japanese,,allied_2023_W22_Allied-Weekly-Market-Review-Week-22.pdf,7
2023-06-02,22,PROD/,SUSANA S,19971,2009,Qingshan Shipyard,- Stainless,N/A,,,Chinese,"ice class 1A, old sale",allied_2023_W22_Allied-Weekly-Market-Review-Week-22.pdf,7
2023-06-02,22,SMALL,HONGKONG PIONEER,6525,2009,"Rung Shipyard Haiphong, Vietnam",Siloxiran Co. - e (MarineLI,6.8m,6.8,,undisclosed,,allied_2023_W22_Allied-Weekly-Market-Review-Week-22.pdf,7
2023-06-02,22,SMALL,AKRI,6137,2008,"Nakatani Shipyard Ltd. - Etajima,",Co. Epoxy Japan Phenolic,8.6m,8.6,,undisclosed,,allied_2023_W22_Allied-Weekly-Market-Review-Week-22.pdf,7
2023-06-02,22,UMAX,KMARIN MELBOURNE,63194,2015,"Jiangsu New Hantong Ship Heavy Industry Co Ltd - Yangzhong JS, China",,4 X 36t N/A CRANES,,,Vantage,"incl TC to Olam at net US$ 9,875/day with duration min Sep '23 / max Nov '26 (Charterers' option), old sale",allied_2023_W22_Allied-Weekly-Market-Review-Week-22.pdf,7
2023-06-02,22,UMAX,GREAT VENTURE,61056,2019,"DACKS (Dalian COSCO KHI Ship Engineering Co Ltd) - Dalian LN,",4 X 30t CRANES,30.03m,30.03,,Greek,"BWTS fitted, eco, bss dely Q4 '23, GSE auction",allied_2023_W22_Allied-Weekly-Market-Review-Week-22.pdf,7
2023-06-02,22,SMAX,ARTEMIS A,57000,2011,"Qingshan Shipyard - Wuhan HB, China",4 X 30t high $ CRANES,16.0m,16.0,,Turkish,BWTS fitted,allied_2023_W22_Allied-Weekly-Market-Review-Week-22.pdf,7
2023-06-02,22,SMAX,ZHOU SHAN HAI,56987,2009,"COSCO (Zhoushan) Shipyard Co Ltd - Zhoushan ZJ, China",,4 X 30t CRANES,,,,,allied_2023_W22_Allied-Weekly-Market-Review-Week-22.pdf,7
2023-06-02,22,SMAX,YUAN AN HAI,56957,2009,"COSCO (Zhoushan) Shipyard Co Ltd - Zhoushan ZJ, China",,4 X 30t CRANES N/A,,,undisclosed,BWTS fitted,allied_2023_W22_Allied-Weekly-Market-Review-Week-22.pdf,7
2023-06-02,22,SMAX,YUAN SHUN HAI,56956,2009,"COSCO (Zhoushan) Shipyard Co Ltd - Zhoushan ZJ, China",,4 X 30t CRANES,,,,,allied_2023_W22_Allied-Weekly-Market-Review-Week-22.pdf,7
2023-06-02,22,SMAX,JIN ZHOU HAI,56907,2009,"COSCO (Dalian) Co Ltd - Dalian LN, China",,4 X 30t CRANES,,,,,allied_2023_W22_Allied-Weekly-Market-Review-Week-22.pdf,7
2023-06-02,22,PMAX,SPIRIT OF MUMBAI,,22021999,"(CSBC) - Kaohsiung, Taiwan",CRANES,11.0m,11.0,,undisclosed,,allied_2023_W22_Allied-Weekly-Market-Review-Week-22.pdf,8
2023-06-02,22,FEEDER,CARLA-LIV,,17301999,"Stocznia Szczecinska Porta Holding SA - Szczecin, Poland",3 X 40t CRANES,7.7m,7.7,,Turkish,"incl TC to MSC at US$ 24,500/day until max May '24",allied_2023_W22_Allied-Weekly-Market-Review-Week-22.pdf,8
2023-06-02,22,VALENCIA,ELIZABETH,,,Jinling Shipyard -,,2 X 40t,,,,,allied_2023_W22_Allied-Weekly-Market-Review-Week-22.pdf,8
2023-06-02,22,FEEDER,CLOVER,,1281973,"Yamanishi Shipbuilding Ltd - Ishinomaki MG, Japan",,2 X 15t N/A CRANES,,,undisclosed,,allied_2023_W22_Allied-Weekly-Market-Review-Week-22.pdf,8
2023-06-02,22,LPG,KOETA NO. 3,3752,2014,"Kitanihon Shipbuilding Co Ltd - Hachinohe, Japan",,"3,448 N/A",,,Nippon Gas Line,,allied_2023_W22_Allied-Weekly-Market-Review-Week-22.pdf,8
2023-06-09,23,LR1,GULF CORAL,74999,2009,"Mipo Dockyard Ltd - Ulsan, S.",EPOXY Korea,28.5m,28.5,,undisclosed,BWTS fitted,allied_2023_W23_Allied-Weekly-Market-Review-Week-23.pdf,7
2023-06-09,23,LR1,LAKE STURGEON,74993,2007,Onomichi Dockyard Ltd - Onomichi Japan,"Co HS, EPOXY",27.0m,27.0,,undisclosed,CPP trading,allied_2023_W23_Allied-Weekly-Market-Review-Week-23.pdf,7
2023-06-09,23,MR,MTM POTOMAC,51291,2004,"Shipbuilding - Changwon (Jinhae Shipyard), S. Korea",Co Ltd Epoxy Phenolic,18.0m,18.0,,undisclosed,,allied_2023_W23_Allied-Weekly-Market-Review-Week-23.pdf,7
2023-06-09,23,CAPE,HERUN ZHOUSHAN,181056,2017,"Shanghai Waigaoqiao Shipbuilding Co Ltd - Shanghai, China",,41.5m,41.5,,Greek,"BWTS fitted, eco, bss dely within Jul/Nov '23 - Singapore/Japan range",allied_2023_W23_Allied-Weekly-Market-Review-Week-23.pdf,7
2023-06-09,23,CAPE,ZAMPA BLUE,178459,2011,"Mitsui Eng. & SB. Co. Ltd., Chiba Works - Ichihara, Japan",rgn,30.0m,30.0,,Greek,"BWTS fitted, tier I",allied_2023_W23_Allied-Weekly-Market-Review-Week-23.pdf,7
2023-06-09,23,PMAX,SANTA BARBARA,76361,2011,"Shipbuilding Co Ltd - Saikai NS, Japan",rgn,17.7m,17.7,,Greek,BWTS fitted,allied_2023_W23_Allied-Weekly-Market-Review-Week-23.pdf,7
2023-06-09,23,UMAX,VICTORIA T,61266,2017,"Shin Kurushima Toyohashi Shipbuilding Co Ltd - Toyohashi AI,","4 X 30,7t rgn $ CRANES",29.2m,29.2,,undisclosed,"old sale, BWTS fitted",allied_2023_W23_Allied-Weekly-Market-Review-Week-23.pdf,7
2023-06-09,23,SMAX,CF DIAMOND,57700,2016,"Tsuneishi Shipbuilding Co Ltd - Fukuyama HS, Japan",4 X 30t rgn low $ CRANES,24.0m,24.0,,Greek,"eco, BWTS fitted",allied_2023_W23_Allied-Weekly-Market-Review-Week-23.pdf,7
2023-06-09,23,SMAX,ARKADIA,56348,2012,"Hyundai-Vinashin Shipyard Co Ltd - Ninh Hoa, Vietnam",,"4 X 27,5t CRANES rgn xs $",,,undisclosed,"ice class 1A, BWTS fitted",allied_2023_W23_Allied-Weekly-Market-Review-Week-23.pdf,7
2023-06-09,23,SMAX,KUMPULA,56348,2012,"Hyundai-Vinashin Shipyard Co Ltd - Ninh Hoa, Vietnam","each 4 X 27,5t CRANES",17.0m,17.0,,,,allied_2023_W23_Allied-Weekly-Market-Review-Week-23.pdf,7
2023-06-09,23,SMAX,STOVE OCEAN,55861,2013,"Shipbuilding Co Ltd - Saikai NS, Japan",4 X 30t CRANES,21.0m,21.0,,Gearbulk,"BWTS fitted, box-hold, 306 TEU",allied_2023_W23_Allied-Weekly-Market-Review-Week-23.pdf,7
2023-06-09,23,SMAX,WOOYANG ELITE,55660,2011,"Mipo Dockyard Ltd - Ulsan, S. Korea",,"CR 4x30 T, CR N/A 4x25 T",,,undisclosed,BWTS fitted,allied_2023_W23_Allied-Weekly-Market-Review-Week-23.pdf,7
2023-06-09,23,HANDY,AMERICAN BULKER,36228,2016,"Shikoku Dockyard Co. Ltd. - Takamatsu, Japan","4 X 31,2t rgn $ CRANES",22.5m,22.5,,S. Korean,"BWTS fitted, bss Oct/Nov '23 dely, eco, OHBC",allied_2023_W23_Allied-Weekly-Market-Review-Week-23.pdf,7
2023-06-09,23,HANDY,SEASTAR ENDURANCE,34290,2011,"Zhejiang Jingang Shipbuilding Co Ltd - Wenling ZJ, China",4 X 30t rgn $ CRANES,11.7m,11.7,,European,BWTS fitted,allied_2023_W23_Allied-Weekly-Market-Review-Week-23.pdf,7
2023-06-09,23,FEEDER,DURANDE,,17402003,"Guangzhou Wenchong Shipyard Co Ltd - Guangzhou GD, China",2 X 40t CRANES,9.0m,9.0,,undisclosed,,allied_2023_W23_Allied-Weekly-Market-Review-Week-23.pdf,7
2023-06-09,23,LPG,GLOBAL SCORPIO,58814,2003,"HYUNDAI HI, S. Korea","rgn $ 80,530",47.5m,47.5,,U. A. E. Based,SS/DD due Jul '23,allied_2023_W23_Allied-Weekly-Market-Review-Week-23.pdf,7
2023-06-16,24,SUEZ,RIDGEBURY JUDITH,150393,2008,"TSU,",Japan rgn,38.0m,38.0,,Greek,BWTS & scrubber fitted,allied_2023_W24_Allied-Weekly-Market-Review-Week-24.pdf,7
2023-06-16,24,AFRA,BERICA,115146,2008,"Sasebo Heavy Industries Co. Sasebo, Japan",Ltd. - EPOXY,N/A,,,undisclosed,,allied_2023_W24_Allied-Weekly-Market-Review-Week-24.pdf,7
2023-06-16,24,LR1,FAROS,74999,2005,"HYUNDAI HI, S.",Korea EPOXY,18.0m,18.0,,Turkish,,allied_2023_W24_Allied-Weekly-Market-Review-Week-24.pdf,7
2023-06-16,24,MR,ANFA,47975,2010,"Iwagi Zosen Co Kamijima EH, Japan",Ltd - EPOXY rgn,24.5m,24.5,,undisclosed,"BWTS fitted, DPP trading",allied_2023_W24_Allied-Weekly-Market-Review-Week-24.pdf,7
2023-06-16,24,MR,EAGLE BAY,47134,2008,"Mipo Dockyard Ltd - Ulsan, S.",EPOXY Korea rgn,24.5m,24.5,,undisclosed,"BWTS fitted, cap 1, old sale",allied_2023_W24_Allied-Weekly-Market-Review-Week-24.pdf,7
2023-06-16,24,MR,GULF JUMEIRAH,46488,2008,"Mipo Dockyard Ltd - Ulsan, S.",Epoxy Korea Phenolic rgn mid,23.0m,23.0,,undisclosed,"SS/DD/BWTS due Dec '23, N2 gen fitted",allied_2023_W24_Allied-Weekly-Market-Review-Week-24.pdf,7
2023-06-16,24,MR,RT STAR,26199,2011,"Shin Kurushima Dockyard Co. Akitsu, Japan",Stainless Ltd. - Steel,24.0m,24.0,,undisclosed,BWTS fitted,allied_2023_W24_Allied-Weekly-Market-Review-Week-24.pdf,7
2023-06-16,24,ESHIPS,BARRACUDA,13130,2006,,rgn,9.3m,9.3,,undisclosed,,allied_2023_W24_Allied-Weekly-Market-Review-Week-24.pdf,7
2023-06-16,24,SMALL,PEARL MERCURY,7991,2018,"Bohai Shipbuilding Industry Co Huludao LN, China",Ltd - EPOXY,N/A,,,Monjasa,,allied_2023_W24_Allied-Weekly-Market-Review-Week-24.pdf,7
2023-06-16,24,CAPE,ATLANTIC TIGER,180182,2006,"Imabari Shipbuilding Co Ltd - Saijo EH (Saijo Shipyard), Japan",rgn high,16.0m,16.0,,Winning Shipping,,allied_2023_W24_Allied-Weekly-Market-Review-Week-24.pdf,7
2023-06-16,24,KMAX,JY BULK,81112,2018,"Chengxi Shipyard Co Ltd - Jiangyin JS, China",,28.49m,28.49,,undisclosed,"BWTS & Scrubber fitted, GSE online bidding platform",allied_2023_W24_Allied-Weekly-Market-Review-Week-24.pdf,7
2023-06-16,24,KMAX,MAGIC TWILIGHT,80700,2010,STX Offshore & Shipbuilding Co Ltd - Changwon (Jinhae,,17.5m,17.5,,undisclosed,BWTS fitted,allied_2023_W24_Allied-Weekly-Market-Review-Week-24.pdf,7
2023-06-16,24,UMAX,BELVEDERE,66637,2015,"Mitsui Eng. & SB. Co. Ltd. - Tamano, Japan",4 X 30t rgn/xs $ CRANES,27.0m,27.0,,undisclosed,"BWTS fitted, eco, bss Q3 '23 dely",allied_2023_W24_Allied-Weekly-Market-Review-Week-24.pdf,7
2023-06-16,24,SMAX,CORINTHIAN EMERALD,57592,2012,STX Offshore & Shipbuilding Co Ltd - Changwon (Jinhae,4 X 30t Crane,19.0m,19.0,,undisclosed,BWTS fitted,allied_2023_W24_Allied-Weekly-Market-Review-Week-24.pdf,7
2023-06-16,24,SMAX,NEW DIRECTION,56097,2013,"Mitsui Eng. & SB. Co. Ltd. - Tamano, Japan",4 X 30t rgn high $ CRANES,19.0m,19.0,,undisclosed,BWTS fitted,allied_2023_W24_Allied-Weekly-Market-Review-Week-24.pdf,7
2023-06-16,24,SMAX,OCEANIC LEADER,53800,2006,"Kouan Shipbuilding Industry Co - Taizhou JS, China",4 X 36t rgn $ CRANES,11.0m,11.0,,Middle Eastern,,allied_2023_W24_Allied-Weekly-Market-Review-Week-24.pdf,7
2023-06-16,24,HANDY,GREENERY SEA,35000,2012,"Nantong Changqingsha Shipyard - Rugao JS, China",4 X 30t rgn $ CRANES,12.6m,12.6,,Greek,"BWTS fitted, log fitted",allied_2023_W24_Allied-Weekly-Market-Review-Week-24.pdf,7
2023-06-16,24,PMAX,AS EMMA,,42562010,"Jiangsu Newyangzi Shipbuilding Co Ltd - Jingjiang JS, China",,22.0m,22.0,,undisclosed,bss dely Nov '23,allied_2023_W24_Allied-Weekly-Market-Review-Week-24.pdf,7
2023-06-16,24,PMAX,NORTHERN DEDICATION,,35342007,"Shanghai Shipyard Co Ltd - Shanghai, China",each,17.5m,17.5,,Shipping,,allied_2023_W24_Allied-Weekly-Market-Review-Week-24.pdf,7
2023-06-16,24,NORTHERN,VIGOUR,,27422005,"GmbH - Wismar,",,17.0m,17.0,,MSC,,allied_2023_W24_Allied-Weekly-Market-Review-Week-24.pdf,7
2023-06-16,24,PMAX,ELLA,,24502003,"SETODA, Japan",CRANES,14.0m,14.0,,MSC,,allied_2023_W24_Allied-Weekly-Market-Review-Week-24.pdf,7
2023-06-23,25,VLCC,LULU,316507,2003,"HYUNDAI HI, S.",Korea,42.5m,42.5,,Chinese,SS/DD due Jul '23,allied_2023_W25_Allied-Weekly-Market-Review-Week-25.pdf,7
2023-06-23,25,VLCC,ATHENIAN GLORY,298996,2011,"HYUNDAI HI, S.",Korea,65.0m,65.0,,Greek,BWTS fitted,allied_2023_W25_Allied-Weekly-Market-Review-Week-25.pdf,7
2023-06-23,25,SUEZ,SONANGOL KASSANJE,158706,2005,"Daewoo Shipbuilding Marine Engineering Ltd - Geoje, S.",& Co Korea,34.0m,34.0,,Infinity Ships,"BWTS fitted, DD passed",allied_2023_W25_Allied-Weekly-Market-Review-Week-25.pdf,7
2023-06-23,25,SUEZ,ELANDRA OSPREY,157470,2018,"Hyundai Samho Industries Co Samho, S. Korea",Heavy Ltd - rgn,75.0m,75.0,,EPS,"scrubber fitted, eco",allied_2023_W25_Allied-Weekly-Market-Review-Week-25.pdf,7
2023-06-23,25,AFRA,NEVERLAND,105411,2003,"Sumitomo Heavy Industries Ltd. Yokosuka Shipyard,",-,N/A,,,New Trade Ship Management,,allied_2023_W25_Allied-Weekly-Market-Review-Week-25.pdf,7
2023-06-23,25,AFRA,PRO TRIUMPH,105272,2009,"HYUNDAI HI, S.",Korea EPOXY rgn,38.0m,38.0,,U. A. E. based,"Scrubber & BWTS fitted, CPP",allied_2023_W25_Allied-Weekly-Market-Review-Week-25.pdf,7
2023-06-23,25,MR,FALCON SEXTANT,50994,2009,STX Offshore Shipbuilding Co Changwon (Jinhae,& Ltd - EPOXY high,25.0m,25.0,,Pacific Ocean,,allied_2023_W25_Allied-Weekly-Market-Review-Week-25.pdf,7
2023-06-23,25,MR RIDGEBURY,GALILEO,47872,2006,"Mipo Dockyard Ltd - Ulsan, S.",Epoxy Korea Phenolic rgn,19.25m,19.25,,undisclosed,"ice class 1A, BWTS fitted",allied_2023_W25_Allied-Weekly-Market-Review-Week-25.pdf,7
2023-06-23,25,CHEM,MERMAID,11262,2006,"- Busan, S. Korea",Phenolic,8.25m,8.25,,undisclosed,,allied_2023_W25_Allied-Weekly-Market-Review-Week-25.pdf,7
2023-06-23,25,SMALL,BOMAR QUEST,8501,2003,Sasaki Shipbuilding - Osakikamijima Japan,"Co Epoxy HS, Phenolic",4.8m,4.8,,undisclosed,,allied_2023_W25_Allied-Weekly-Market-Review-Week-25.pdf,7
2023-06-23,25,CAPE,AQUAENNA,175975,2011,"Jinhai Heavy Industry Ltd - Daishan County ZJ, China",rgn,22.25m,22.25,,Costamare,,allied_2023_W25_Allied-Weekly-Market-Review-Week-25.pdf,7
2023-06-23,25,KMAX,SANTA CRUZ,83456,2011,"Hishino Meisho Corp - Kurashiki OY, Japan",rgn,18.5m,18.5,,Greek,BWTS fitted,allied_2023_W25_Allied-Weekly-Market-Review-Week-25.pdf,7
2023-06-23,25,KMAX,RIKKE,81895,2016,"Tsuneishi Group Shipbuilding - Daishan County ZJ,",rgn high,26.0m,26.0,,Greek,"BWTS fitted, eco",allied_2023_W25_Allied-Weekly-Market-Review-Week-25.pdf,7
2023-06-23,25,KMAX,AQUAVITA SKY,81600,2019,"Jiangsu Hantong Ship Industry Co Ltd Tongzhou JS, China",-,32.0m,32.0,,S. Korean,old sale,allied_2023_W25_Allied-Weekly-Market-Review-Week-25.pdf,7
2023-06-23,25,KMAX,JY PACIFIC,81139,2019,"Chengxi Shipyard Co Ltd - Jiangyin JS, China",,28.76m,28.76,,undisclosed,"BWTS fitted, via GSE platform",allied_2023_W25_Allied-Weekly-Market-Review-Week-25.pdf,7
2023-06-23,25,PMAX,CORAL OPAL,78090,2012,"Shin Kurushima Toyohashi Shipbuilding Co Ltd - Toyohashi AI,",rgn,19.0m,19.0,,Greek,BWTS fitted,allied_2023_W25_Allied-Weekly-Market-Review-Week-25.pdf,7
2023-06-23,25,PMAX,PRABHU PUNI,76015,2002,"Tsuneishi Shipbuilding Co Ltd - Fukuyama HS, Japan",,9.6m,9.6,,undisclosed,"BWTS fitted, old sale",allied_2023_W25_Allied-Weekly-Market-Review-Week-25.pdf,7
2023-06-23,25,UMAX HANTON,TRADER,63800,2014,"Jiangsu Hantong Ship Industry Co Ltd Tongzhou JS, China",4 X 35t - Crane,23.6m,23.6,,undisclosed,"BWTS fitted, eco",allied_2023_W25_Allied-Weekly-Market-Review-Week-25.pdf,7
2023-06-23,25,SMAX,RHL JULIA,55701,2009,"Mitsui Eng. & SB. Co. Ltd. - Tamano, Japan",4 X 30t rgn/mid $ CRANES,15.0m,15.0,,undisclosed,BWTS fitted,allied_2023_W25_Allied-Weekly-Market-Review-Week-25.pdf,7
2023-06-23,25,HANDY,COMITY,37302,2010,"Huatai Heavy Industry (Nantong) Co Ltd - Rugao JS, China","CR 4x30 T, CR 4x25 T",12.8m,12.8,,undisclosed,,allied_2023_W25_Allied-Weekly-Market-Review-Week-25.pdf,7
2023-06-23,25,HANDY,AGIA IRINI,28207,2013,"Imabari Shipbuilding Co Ltd - Imabari EH (Imabari Shipyard),","4 X 30,5t CRANES",13.9m,13.9,,Florence Shipping,BWTS fitted,allied_2023_W25_Allied-Weekly-Market-Review-Week-25.pdf,7
2023-06-23,25,FEEDER,MELLUM,,18102010,"Dalian Shipbuilding Co Ltd - Dalian LN (No 1 Yard), China",2 X 40t CRANES,12.0m,12.0,,Milaha,purchase option declared,allied_2023_W25_Allied-Weekly-Market-Review-Week-25.pdf,8
2023-06-23,25,FEEDER,SC PARMA,,12092003,"Jiangsu Yangzijiang Shipbuilding Co Ltd - Jiangyin JS, China",,2 X 45t N/A CRANES,,,Middle Eastern,,allied_2023_W25_Allied-Weekly-Market-Review-Week-25.pdf,8
2023-06-23,25,FEEDER,HOLANDIA,,9072000,"Stocznia Szczecinska Porta Holding SA - Szczecin, Poland",2 X 45t CRANES,5.7m,5.7,,Salamis Lines,,allied_2023_W25_Allied-Weekly-Market-Review-Week-25.pdf,8
2023-06-30,26,SUEZ,MELODIA,158671,2011,"SAMSUNG HI, S.",Korea rgn,48.0m,48.0,,U. A. E. Based,,allied_2023_W26_Allied-Weekly-Market-Review-Week-26.pdf,7
2023-06-30,26,AFRA,MINERVA ZOE,105330,2004,"Hyundai Samho Industries Co Samho, S. Korea",Heavy Ltd -,31.0m,31.0,,Chinese,ice class 1D,allied_2023_W26_Allied-Weekly-Market-Review-Week-26.pdf,7
2023-06-30,26,MR,SAMPURNA SWARAJYA,32950,1999,"HYUNDAI HI, S.",Korea EPOXY,3.23m,3.23,,U. A. E. Based,,allied_2023_W26_Allied-Weekly-Market-Review-Week-26.pdf,7
2023-06-30,26,VLOC,BENITAMOU,206291,2008,"Imabari Shipbuilding Co Ltd - Saijo EH (Saijo Shipyard), Japan",high,22.0m,22.0,,Chinese,"BWTS fitted, incl 1yr BBHP",allied_2023_W26_Allied-Weekly-Market-Review-Week-26.pdf,7
2023-06-30,26,CAPE,AGIOS CHARALAMBOS,184872,2003,"Mitsui Eng. & SB. Co. Ltd., Chiba Works - Ichihara, Japan",,14.0m,14.0,,Indian,,allied_2023_W26_Allied-Weekly-Market-Review-Week-26.pdf,7
2023-06-30,26,CAPE,AQUARANGE,179842,2011,"HHIC-Phil Inc - Subic, Philippines",$ rgn,23.5m,23.5,,Costamare,"BWTS fitted, DD due",allied_2023_W26_Allied-Weekly-Market-Review-Week-26.pdf,7
2023-06-30,26,KMAX,JY HONGKONG,81107,2019,"Chengxi Shipyard Co Ltd - Jiangyin JS, China",,30.0m,30.0,,undisclosed,"eco, BWTS fitted, via online auction",allied_2023_W26_Allied-Weekly-Market-Review-Week-26.pdf,7
2023-06-30,26,UMAX,KK PROGRESSION,64012,2018,"Tsuneishi Heavy Industries (Cebu) Inc - Balamban, Philippines",,4 X 36t N/A CRANES,,,Greek,"eco, BWTS fitted",allied_2023_W26_Allied-Weekly-Market-Review-Week-26.pdf,7
2023-06-30,26,UMAX,GREAT SPIRIT,61087,2019,"DACKS (Dalian COSCO KHI Ship Engineering Co Ltd) - Dalian LN,","4 X 30,5t CRANES",28.9m,28.9,,YZJ Shipping,"eco, via online auction, bss dely Dec '23",allied_2023_W26_Allied-Weekly-Market-Review-Week-26.pdf,7
2023-06-30,26,HANDY,TOMINI BORA,37985,2016,"Zhejiang Ouhua Shipbuilding Co Ltd - Zhoushan ZJ, China",4 X 30t $ rgn CRANES,19.65m,19.65,,Greek,"eco, BWTS Fitted",allied_2023_W26_Allied-Weekly-Market-Review-Week-26.pdf,7
2023-06-30,26,HANDY,AFRICAN BULKER,36170,2015,"Shikoku Dockyard Co. Ltd. - Takamatsu, Japan","4 X 31,2t rgn xs $ CRANES",21.0m,21.0,,S. Korean,BWTS & scrubber fitted,allied_2023_W26_Allied-Weekly-Market-Review-Week-26.pdf,7
2023-06-30,26,SUB,MONEMVASIA,,24701998,"Aker MTW Werft GmbH - Wismar,",,3 X 45t N/A,,,undisclosed,,allied_2023_W26_Allied-Weekly-Market-Review-Week-26.pdf,7
2023-06-30,26,FEEDER,TACOMA TRADER,,11022015,"Jiangsu Newyangzi Shipbuilding Co Ltd - Jingjiang JS, China",2 X 45t rgn $ CRANES,18.5m,18.5,,German,,allied_2023_W26_Allied-Weekly-Market-Review-Week-26.pdf,7
2023-06-30,26,LNG,HYUNDAI SAMHO 8196,80690,2025,"Hyundai Samho Heavy Industries Co Ltd - Samho, S. Korea","170,520",234.0m,234.0,,Coolco,declaration of purchase,allied_2023_W26_Allied-Weekly-Market-Review-Week-26.pdf,7
2023-06-30,26,LNG,HYUNDAI SAMHO 8197,80690,2025,"Hyundai Samho Heavy Industries Co Ltd - Samho, S. Korea",,"each 170,520",,,,option,allied_2023_W26_Allied-Weekly-Market-Review-Week-26.pdf,7
2023-07-07,27,SUEZ,EURODIGNITY,159426,2004,"Daewoo Shipbuilding Marine Engineering Ltd - Geoje, S.",& Co Korea rgn,39.0m,39.0,,undisclosed,"bss dely China, BWTS FItted",allied_2023_W27_Allied-Weekly-Market-Review-Week-27.pdf,7
2023-07-07,27,AFRA,POSEIDON BAY,109996,2009,"Sasebo Heavy Industries Co. Sasebo, Japan",Ltd. - EPOXY,N/A,,,undisclosed,old sale,allied_2023_W27_Allied-Weekly-Market-Review-Week-27.pdf,7
2023-07-07,27,MR,BEACON HILL,47278,2005,Onomichi Dockyard Ltd - Onomichi Japan,"Co HS, EPOXY",19.0m,19.0,,undisclosed,,allied_2023_W27_Allied-Weekly-Market-Review-Week-27.pdf,7
2023-07-07,27,MR YONGSHENG,OCEAN,44970,1997,"HALLA SAMHO, Korea",S. EPOXY,7.2m,7.2,,undisclosed,BWTS fitted,allied_2023_W27_Allied-Weekly-Market-Review-Week-27.pdf,7
2023-07-07,27,MR ADVANTAGE,PRETTY,37289,2006,"Mipo Dockyard Ltd - Ulsan, S.",Epoxy Korea Phenolic,N/A,,,Besiktas,ice class 1B,allied_2023_W27_Allied-Weekly-Market-Review-Week-27.pdf,7
2023-07-07,27,CHEM,YONGKANG OCEAN,17427,2020,"Co Ltd - Wuxi JS,",China Line,18.5m,18.5,,undisclosed,BWTS fitted,allied_2023_W27_Allied-Weekly-Market-Review-Week-27.pdf,7
2023-07-07,27,VLOC,STAMATIS,203266,2004,"Universal Shipbuilding Corp - Nagasu KM Shipyard), Japan",low,18.0m,18.0,,undisclosed,,allied_2023_W27_Allied-Weekly-Market-Review-Week-27.pdf,7
2023-07-07,27,CAPE,AQUAMARINE,182060,2009,"Staalskibsvaerft A/S - Munkebo (Lindo Shipyard), Denmark",,18.5m,18.5,,New Shipping,BWTS fitted,allied_2023_W27_Allied-Weekly-Market-Review-Week-27.pdf,7
2023-07-07,27,CAPE,OCEAN COBALT,180200,2008,"Imabari Shipbuilding Co Ltd - Saijo EH (Saijo Shipyard), Japan",mid/high,19.0m,19.0,,Chinese,BWTS fitted,allied_2023_W27_Allied-Weekly-Market-Review-Week-27.pdf,7
2023-07-07,27,POST,DOUBLE PRESTIGE,95709,2011,Imabari Shipbuilding Co Ltd - Marugame KG,,22.0m,22.0,,Estonia,old sale,allied_2023_W27_Allied-Weekly-Market-Review-Week-27.pdf,7
2023-07-07,27,UMAX,KAMBOS,63696,2015,"COSCO (Zhoushan) Shipyard Co Ltd - Zhoushan ZJ, China",4 X 30t CRANES,24.5m,24.5,,Greek,eco,allied_2023_W27_Allied-Weekly-Market-Review-Week-27.pdf,7
2023-07-07,27,UMAX,IKAN PULAS,63520,2016,"Shin Kasado Dockyard Ltd - Kudamatsu YC, Japan",,"4 X 30,5t N/A CRANES",,,undisclosed,"scrubber & BWTS fitted, eco",allied_2023_W27_Allied-Weekly-Market-Review-Week-27.pdf,7
2023-07-07,27,UMAX GEMINI,CONFIDENCE,63270,2019,"New Dayang Shipbuilding Co Ltd - Yangzhou, China",,4 X 35t CRANES rgn $,,,,"BWTS Fitted, eco",allied_2023_W27_Allied-Weekly-Market-Review-Week-27.pdf,7
2023-07-07,27,UMAX VIRGO,CONFIDENCE,63206,2019,"New Dayang Shipbuilding Co Ltd - Yangzhou, China",each 4 X 35t CRANES,27.5m,27.5,,Chinese,"BWTS Fitted, eco, incl TC attached to Cargil till end '23 at rgn US$ 14,800/day",allied_2023_W27_Allied-Weekly-Market-Review-Week-27.pdf,7
2023-07-07,27,SMAX,TAI HONESTY,55418,2007,"Shipbuilding Co Ltd - Saikai NS, Japan",4 X 30t rgn $ CRANES,11.9m,11.9,,Chinese,BWTS fitted,allied_2023_W27_Allied-Weekly-Market-Review-Week-27.pdf,7
2023-07-07,27,SMAX,MARYLISA V,52428,2003,"Tsuneishi Corp - Fukuyama HS, Japan",4 X 30t rgn CRANES,7.5m,7.5,,Chinese,,allied_2023_W27_Allied-Weekly-Market-Review-Week-27.pdf,7
2023-07-07,27,SMAX,COUGA,50806,2010,"Shipbuilding Co Ltd - Saikai NS, Japan",4 X 30t CRANES,16.0m,16.0,,San Miguel Corporation,"BWTS fitted, OHBS",allied_2023_W27_Allied-Weekly-Market-Review-Week-27.pdf,7
2023-07-07,27,PMAX,LONDON BRIDGE,,80022024,"Industries Co Ltd - Ulsan, S. Korea",rgn/xs,100.0m,100.0,,MSC,"scrubber fitted, eco",allied_2023_W27_Allied-Weekly-Market-Review-Week-27.pdf,7
2023-07-07,27,PMAX,NYK DELPHINUS,,48882007,"HYUNDAI HI, S. Korea",,23.0m,23.0,,Cosmoship,,allied_2023_W27_Allied-Weekly-Market-Review-Week-27.pdf,7
2023-07-07,27,LPG,IRIS GLORY,54707,2008,Daewoo Shipbuilding & Marine Engineering Co,"82,026",60.0m,60.0,,Chinese,,allied_2023_W27_Allied-Weekly-Market-Review-Week-27.pdf,8
2023-07-07,27,LPG,KENT,26438,2007,"Ltd - Geoje, S. Korea HYUNDAI HI, S. Korea","34,501",34.0m,34.0,,Hong Kong Based,,allied_2023_W27_Allied-Weekly-Market-Review-Week-27.pdf,8
2023-07-14,28,SUEZ,DONAT,166188,2007,"SPLIT, Croatia",rgn,41.2m,41.2,,undisclosed,BWTS fitted,allied_2023_W28_Allied-Weekly-Market-Review-Week-28.pdf,7
2023-07-14,28,MR,NEW JUPITER,53116,2008,"Guangzhou Shipyard International Co Guangzhou GD,",Ltd - EPOXY China,21.5m,21.5,,undisclosed,"ice class 1A, SS/DD due Aug '23",allied_2023_W28_Allied-Weekly-Market-Review-Week-28.pdf,7
2023-07-14,28,MR,DONG-A TRITON,49997,2015,"Mipo Dockyard Ltd - Ulsan, S.",Epoxy Korea Phenolic rgn,38.0m,38.0,,Sonangol,scrubber & BWTS fitted,allied_2023_W28_Allied-Weekly-Market-Review-Week-28.pdf,7
2023-07-14,28,MR,STI VILLE,49990,2013,"Mipo Dockyard Ltd - Ulsan, S.",EPOXY Korea,32.5m,32.5,,Pertamina,,allied_2023_W28_Allied-Weekly-Market-Review-Week-28.pdf,7
2023-07-14,28,MR,PHOENIX HILL,47994,2003,"Dockyard Co Mihara HS, Japan",Ltd - EPOXY high,14.0m,14.0,,undisclosed,"BWTS fitted, DPP trading",allied_2023_W28_Allied-Weekly-Market-Review-Week-28.pdf,7
2023-07-14,28,MR,MAGELLAN ENDEAVOUR,47931,2006,"Iwagi Zosen Co Kamijima EH, Japan",Ltd - Zinc Silicate rgn,17.5m,17.5,,Chinese,BWTS fitted,allied_2023_W28_Allied-Weekly-Market-Review-Week-28.pdf,7
2023-07-14,28,CAPE,BULK INGENUITY,176022,2011,"Jinhai Heavy Industry Ltd - Daishan County ZJ, China",,,,,,,allied_2023_W28_Allied-Weekly-Market-Review-Week-28.pdf,7
2023-07-14,28,CAPE,BULK PEACE,175858,2010,"Jinhai Heavy Industry Ltd - Daishan County ZJ, China",,,,,,,allied_2023_W28_Allied-Weekly-Market-Review-Week-28.pdf,7
2023-07-14,28,CAPE,BULK INTEGRITY,175966,2010,"Jinhai Heavy Industry Ltd - Daishan County ZJ, China",rgn en bloc,103.0m,,103.0,Danaos Shipping,BWTS fitted,allied_2023_W28_Allied-Weekly-Market-Review-Week-28.pdf,7
2023-07-14,28,CAPE BULK,ACHIEVEMENT,175850,2011,"Jinhai Heavy Industry Ltd - Daishan County ZJ, China",,,,,,,allied_2023_W28_Allied-Weekly-Market-Review-Week-28.pdf,7
2023-07-14,28,CAPE,BULK GENIUS,175580,2012,"Jinhai Heavy Industry Ltd - Daishan County ZJ, China",,,,,,,allied_2023_W28_Allied-Weekly-Market-Review-Week-28.pdf,7
2023-07-14,28,KMAX,JY ATLANTIC,81096,2019,"Chengxi Shipyard Co Ltd - Jiangyin JS, China",,30.15m,30.15,,European,"BWTS fitted, via online auction platform",allied_2023_W28_Allied-Weekly-Market-Review-Week-28.pdf,7
2023-07-14,28,PMAX,NORD HYDRA,77134,2014,"Imabari Shipbuilding Co Ltd - Mihara HS (Hiroshima Shipyard),",low,23.0m,23.0,,undisclosed,"BWTS fitted, eco",allied_2023_W28_Allied-Weekly-Market-Review-Week-28.pdf,7
2023-07-14,28,SMAX,ALIS,58000,2013,"Zhejiang Shipbuilding Co Ltd - Fenghua ZJ, China",4 X 35t CRANES,17.8m,17.8,,undisclosed,"BWTS fitted, old sale",allied_2023_W28_Allied-Weekly-Market-Review-Week-28.pdf,7
2023-07-14,28,HANDY GLORIOUS,MAHUTA,37775,2015,"Imabari Shipbuilding Co Ltd - Imabari EH (Imabari Shipyard),","4 X 30,7t CRANES",20.5m,20.5,,undisclosed,BWTS fitted,allied_2023_W28_Allied-Weekly-Market-Review-Week-28.pdf,7
2023-07-14,28,HANDY,KATYA ATK,28467,2009,"Imabari Shipbuilding Co Ltd - Imabari EH (Imabari Shipyard),","4 X 30,5t CRANES",10.0m,10.0,,undisclosed,,allied_2023_W28_Allied-Weekly-Market-Review-Week-28.pdf,7
2023-07-14,28,PMAX,CHIQUITA PASSION,,27972008,"Zhoushan ZJ, China",CRANES,15.5m,15.5,,MSC,,allied_2023_W28_Allied-Weekly-Market-Review-Week-28.pdf,7
2023-07-14,28,FEEDER,X-PRESS COTOPAXI,,17402004,"Guangzhou Wenchong Shipyard Co Ltd - Guangzhou GD, China",,2 X 40t N/A CRANES,,,MSC,old sale,allied_2023_W28_Allied-Weekly-Market-Review-Week-28.pdf,7
2023-07-21,29,VLCC,ASTRO CHLOE,318440,2009,"HYUNDAI HI, S.",Korea rgn,62.0m,62.0,,Chinese,scrubber fitted,allied_2023_W29_Allied-Weekly-Market-Review-Week-29.pdf,7
2023-07-21,29,VLCC,C. CHAMPION,314000,2003,"SAMSUNG HI, S.",Korea rgn,40.0m,40.0,,undisclosed,"scrubber fitted, SS/DD due Nov '23",allied_2023_W29_Allied-Weekly-Market-Review-Week-29.pdf,7
2023-07-21,29,SUEZ,UMNENGA II,162293,2006,"Daewoo Shipbuilding Marine Engineering Ltd - Geoje, S.",& Co EPOXY Korea,N/A,,,MM Marine,"scrubber fitted, ice class 1A",allied_2023_W29_Allied-Weekly-Market-Review-Week-29.pdf,7
2023-07-21,29,AFRA,PIONEER BAY,109996,2008,"Sasebo Heavy Industries Co. Sasebo, Japan",Ltd. - EPOXY,N/A,,,Chinese,old sale,allied_2023_W29_Allied-Weekly-Market-Review-Week-29.pdf,7
2023-07-21,29,MR,TRF BERGEN,49126,2015,"Hyundai-Vinashin Shipyard Co Ltd Hoa, Vietnam",Epoxy - Ninh Phenolic,N/A,,,Far Eastern,,allied_2023_W29_Allied-Weekly-Market-Review-Week-29.pdf,7
2023-07-21,29,PROD/,CELSIUS MONACO,19999,2005,Shin Kurushima Dockyard Co.,Stainless Ltd. -,high $,,,undisclosed,,allied_2023_W29_Allied-Weekly-Market-Review-Week-29.pdf,7
2023-07-21,29,PROD/,SUMATRA PALM,16989,2008,Taizhou Sanfu Engineering Co,Ship EPOXY Ltd -,N/A,,,undisclosed,BWTS fitted,allied_2023_W29_Allied-Weekly-Market-Review-Week-29.pdf,7
2023-07-21,29,VLOC,HENRIETTE OLDENDORFF,209066,2016,"Jiangsu Newyangzi Shipbuilding Co Ltd - Jingjiang JS, China",rgn,46.8m,46.8,,S. Korean,"scrubber fitted, eco",allied_2023_W29_Allied-Weekly-Market-Review-Week-29.pdf,7
2023-07-21,29,CAPE,HL PASSION,179656,2015,"Dalian Shipbuilding Co Ltd - Dalian LN (No 2 Yard), China",,35.9m,35.9,,undisclosed,"BWTS fitted, eco",allied_2023_W29_Allied-Weekly-Market-Review-Week-29.pdf,7
2023-07-21,29,CAPE,AQUAPROUD,178055,2009,"Shanghai Waigaoqiao Shipbuilding Co Ltd - Shanghai, China",rgn,19.0m,19.0,,PrimeBulk,BWTS fitted,allied_2023_W29_Allied-Weekly-Market-Review-Week-29.pdf,7
2023-07-21,29,CAPE,AQUAKATIE,174142,2007,"Shanghai Waigaoqiao Shipbuilding Co Ltd - Shanghai, China",rgn,15.9m,15.9,,NGM,BWTS fitted,allied_2023_W29_Allied-Weekly-Market-Review-Week-29.pdf,7
2023-07-21,29,PMAX,DELPHINUS,76948,2007,"Shipbuilding Co Ltd - Imari SG, Japan",rgn,13.2m,13.2,,Greek,BWTS fitted,allied_2023_W29_Allied-Weekly-Market-Review-Week-29.pdf,7
2023-07-21,29,PMAX,KATERINA,76015,2004,"Tsuneishi Corp - Fukuyama HS, Japan",,12.7m,12.7,,undisclosed,,allied_2023_W29_Allied-Weekly-Market-Review-Week-29.pdf,7
2023-07-21,29,SMAX,GISCOURS,53208,2009,"Zhejiang Shipbuilding Co Ltd - Ningbo ZJ, China",4 X 35t CRANES,10.0m,10.0,,undisclosed,"BWTS fitted, SS/DD due",allied_2023_W29_Allied-Weekly-Market-Review-Week-29.pdf,7
2023-07-21,29,HANDY,TOMINI ZONDA,37976,2016,"Zhejiang Ouhua Shipbuilding Co Ltd - Zhoushan ZJ, China",4 X 30t CRANES,19.3m,19.3,,Greek,BWTS fitted,allied_2023_W29_Allied-Weekly-Market-Review-Week-29.pdf,7
2023-07-21,29,HANDY,BEN RINNES,35000,2015,"Jiangdong Shipyard - Wuhu AH, China",4 X 30t CRANES,16.5m,16.5,,Greek,"BWTS fitted, eco, bss 2yr TC to Cargill",allied_2023_W29_Allied-Weekly-Market-Review-Week-29.pdf,7
2023-07-21,29,HANDY,PAN DAISY,32978,2009,"Taizhou Maple Leaf Shipbuilding Co Ltd - Linhai ZJ, China","4 X 30,5t CRANES rgn",9.9m,9.9,,undisclosed,,allied_2023_W29_Allied-Weekly-Market-Review-Week-29.pdf,7
2023-07-21,29,HANDY,PAN EDELWEISS,32949,2009,"Taizhou Maple Leaf Shipbuilding Co Ltd - Linhai ZJ, China",,"each 4 X 30,5t CRANES",,,,,allied_2023_W29_Allied-Weekly-Market-Review-Week-29.pdf,7
2023-07-28,30,VLCC,SIFA,316373,2011,"HYUNDAI HI, S.",Korea,within rgn,,,,,allied_2023_W30_Allied-Weekly-Market-Review-Week-30.pdf,7
2023-07-28,30,VLCC,FIDA,316373,2011,"HYUNDAI HI, S.",Korea - 65.0m,64.0m,64.0,,Sinokor,scrubber fitted,allied_2023_W30_Allied-Weekly-Market-Review-Week-30.pdf,7
2023-07-28,30,VLCC,SAHAM,299991,2010,"Universal Shipbuilding Corp - Nagasu Shipyard),",KM Japan,range each,,,,,allied_2023_W30_Allied-Weekly-Market-Review-Week-30.pdf,7
2023-07-28,30,AFRA,WELLINGTON,108940,2009,"Shanghai Waigaoqiao Shipbuilding Co Shanghai, China",Ltd - EPOXY rgn high,40.0m,40.0,,Far Eastern,DPP,allied_2023_W30_Allied-Weekly-Market-Review-Week-30.pdf,7
2023-07-28,30,LR1,PRESIDENT,64999,2007,"SPLIT, Croatia",EPOXY,28.6m,28.6,,Italian,"BWTS fitted, ice class 1B",allied_2023_W30_Allied-Weekly-Market-Review-Week-30.pdf,7
2023-07-28,30,SMALL,ATHENIA,8828,2008,"YANGZHOU KEJIN SHYD CO, China",Epoxy Phenolic,4.5m,4.5,,undisclosed,,allied_2023_W30_Allied-Weekly-Market-Review-Week-30.pdf,7
2023-07-28,30,SMALL,EMIN REIS,6623,2010,"Umo Gemi Sanayi Ticaret Ltd - Karadeniz Eregli, Turkey",ve Marine Line,10.0m,10.0,,undisclosed,,allied_2023_W30_Allied-Weekly-Market-Review-Week-30.pdf,7
2023-07-28,30,CAPE,SHIOSAI,176827,2009,"Shipbuilding Co Ltd - Imari SG, Japan",rgn,21.0m,21.0,,Chinese,BWTS fitted,allied_2023_W30_Allied-Weekly-Market-Review-Week-30.pdf,7
2023-07-28,30,PMAX,SUNNY ETERNITY,77211,2014,"Shipbuilding Co Ltd - Saikai NS, Japan",rgn,19.5m,19.5,,Greek,eco,allied_2023_W30_Allied-Weekly-Market-Review-Week-30.pdf,7
2023-07-28,30,PMAX,DESPINA D,76633,2004,"Imabari Shipbuilding Co Ltd - Marugame KG (Marugame Shipyard),",,10.5m,10.5,,undisclosed,BWTS fitted,allied_2023_W30_Allied-Weekly-Market-Review-Week-30.pdf,7
2023-07-28,30,PMAX,SHENG WU,76286,2005,"Tsuneishi Corp - Tadotsu KG, Japan",,14.9m,14.9,,undisclosed,"BWTS fitted, old sale",allied_2023_W30_Allied-Weekly-Market-Review-Week-30.pdf,7
2023-07-28,30,SMAX,DEVBULK GULTEN,55865,2015,"Mitsui Eng. & SB. Co. Ltd., Chiba Works - Ichihara, Japan",4 X 30t CRANES,22.6m,22.6,,undisclosed,"BWTS fitted, eco",allied_2023_W30_Allied-Weekly-Market-Review-Week-30.pdf,7
2023-07-28,30,SMAX,RHL MARTA,53808,2007,"Chengxi Shipyard Co Ltd - Jiangyin JS, China",4 X 36t rgn $ Crane,10.0m,10.0,,undisclosed,BWTS fitted,allied_2023_W30_Allied-Weekly-Market-Review-Week-30.pdf,7
2023-07-28,30,HANDY,CIELO DI PALERMO,37059,2013,"Saiki Heavy Industries Ltd - Saiki OT, Japan","4 X 30,5t CRANES",17.0m,17.0,,undisclosed,BWTS fitted,allied_2023_W30_Allied-Weekly-Market-Review-Week-30.pdf,7
2023-08-04,31,VLCC,V. TRUST,301123,2017,"HYUNDAI HI, S.",Korea,N/A,,,HMM,,allied_2023_W31_Allied-Weekly-Market-Review-Week-31.pdf,7
2023-08-04,31,AFRA,TORNADO A,105411,2003,"Sumitomo Heavy Industries Ltd. Yokosuka Shipyard,",-,24.75m,24.75,,undisclosed,BWTS fitted,allied_2023_W31_Allied-Weekly-Market-Review-Week-31.pdf,7
2023-08-04,31,LR1,MANDALA,65125,2006,"SPLIT, Croatia",EPOXY,21.0m,21.0,,undisclosed,"BWTS fitted, ice class 1B",allied_2023_W31_Allied-Weekly-Market-Review-Week-31.pdf,7
2023-08-04,31,LR1,DONNA,65065,2006,"SPLIT, Croatia",EPOXY,21.0m,21.0,,,,allied_2023_W31_Allied-Weekly-Market-Review-Week-31.pdf,7
2023-08-04,31,LR1,ZARYA,65079,2006,"SPLIT, Croatia",EPOXY,N/A,,,undisclosed,old sale,allied_2023_W31_Allied-Weekly-Market-Review-Week-31.pdf,7
2023-08-04,31,MR,CASSIOPEIA,50696,2008,"Shipbuilding - Tongyeong, S.",Co Ltd EPOXY Korea,23.0m,23.0,,Far Eastern,BWTS fitted,allied_2023_W31_Allied-Weekly-Market-Review-Week-31.pdf,7
2023-08-04,31,MR,SW SOUTHPORT,46992,2004,"Shipbuilding - Changwon (Jinhae Shipyard), S. Korea",Co Ltd EPOXY,N/A,,,undisclosed,,allied_2023_W31_Allied-Weekly-Market-Review-Week-31.pdf,7
2023-08-04,31,MR,GULF ELAN,46894,2007,"Mipo Dockyard Ltd - Ulsan, S.",Zinc Korea Silicate,N/A,,,undisclosed,BWTS fitted,allied_2023_W31_Allied-Weekly-Market-Review-Week-31.pdf,7
2023-08-04,31,MR,GULF ESPRIT,46891,2006,"Mipo Dockyard Ltd - Ulsan, S.",Zinc Korea Silicate,N/A,,,,,allied_2023_W31_Allied-Weekly-Market-Review-Week-31.pdf,7
2023-08-04,31,MR,YONG XIN,44954,2000,"HANJIN HI PUSAN, Korea",S. Zinc Silicate,N/A,,,undisclosed,,allied_2023_W31_Allied-Weekly-Market-Review-Week-31.pdf,7
2023-08-04,31,MR,RT STAR,26199,2011,"Shin Kurushima Dockyard Co. Akitsu, Japan",Stainless Ltd. - Steel,19.5m,19.5,,Chinese,,allied_2023_W31_Allied-Weekly-Market-Review-Week-31.pdf,7
2023-08-04,31,CHEM,CELSIUS MAYFAIR,19999,2007,Co Ltd - Fukuoka Japan,"FO, Steel",17.25m,17.25,,undisclosed,old sale,allied_2023_W31_Allied-Weekly-Market-Review-Week-31.pdf,7
2023-08-04,31,CAPE,CHIMING,170578,2002,"Sasebo Heavy Industries Co. Ltd. - Sasebo, Japan",,N/A,,,GMS,old sale,allied_2023_W31_Allied-Weekly-Market-Review-Week-31.pdf,7
2023-08-04,31,UMAX,NORD EVEREST,60436,2016,"Shipbuilding Co Ltd - Saikai NS, Japan","4 X 30,5t rgn $ CRANES",24.5m,24.5,,Unity,"BWTS fitted, bss forward dely (arnd Dec '23)",allied_2023_W31_Allied-Weekly-Market-Review-Week-31.pdf,7
2023-08-04,31,SMAX,RHL MONICA,53542,2008,"Iwagi Zosen Co Ltd - Kamijima EH, Japan",,4 X 30t N/A CRANES,,,Guritas,old sale,allied_2023_W31_Allied-Weekly-Market-Review-Week-31.pdf,7
2023-08-04,31,HANDY,TOMINI NORTE,37983,2016,"AVIC Weihai Shipyard Co Ltd - Weihai SD, China",4 X 30t rgn high $ CRANES,17.0m,17.0,,undisclosed,BWTS fitted,allied_2023_W31_Allied-Weekly-Market-Review-Week-31.pdf,7
2023-08-04,31,HANDY,BULK TRADER,37845,2018,"AVIC Weihai Shipyard Co Ltd - Weihai SD, China",4 X 30t rgn $ CRANES,20.0m,20.0,,undisclosed,"bss TC back until Feb '24 at US$ 12,500/day",allied_2023_W31_Allied-Weekly-Market-Review-Week-31.pdf,7
2023-08-04,31,HANDY,VOGE JULIE,35853,2011,"Qidong Daoda Marine Heavy Industry - Qidong JS, China",4 X 30t CRANES,12.5m,12.5,,undisclosed,BWTS fitted,allied_2023_W31_Allied-Weekly-Market-Review-Week-31.pdf,7
2023-08-04,31,HANDY,SHIKOKU ISLAND,33443,2014,"Shin Kochi Jyuko K.K. - Kochi, Japan",4 X 30t CRANES,19.3m,19.3,,undisclosed,incl 2yr BBHP,allied_2023_W31_Allied-Weekly-Market-Review-Week-31.pdf,7
2023-08-04,31,PMAX,WADI ALRAYAN,,30132000,"DAEWOO HI, S. Korea",,3 X 45t N/A CRANES,,,undisclosed,,allied_2023_W31_Allied-Weekly-Market-Review-Week-31.pdf,8
2023-08-04,31,FEEDER,A XINXIA,,9072007,"Shipyard Corp Shimonoseki YC, Japan",-,8.0m,8.0,,Tan Cang Logistics,,allied_2023_W31_Allied-Weekly-Market-Review-Week-31.pdf,8
2023-08-18,32,SUEZ,NAMSEN,157543,2016,"New Times Shipbuilding Ltd - Jingjiang JS,",China,67.0m,67.0,,Hayfin Capital Holdings,BWTS and scrubber fitted,allied_2023_W32_Allied-Weekly-Market-Review-Week-32-33.pdf,7
2023-08-18,32,SUEZ,MONTE TOLEDO,150611,2004,"UNIVERSAL TSU,",Japan rgn,36.2m,36.2,,Nigerian,scrubber fitted,allied_2023_W32_Allied-Weekly-Market-Review-Week-32-33.pdf,7
2023-08-18,32,AFRA,SEA SENOR,109647,2006,"Dalian Shipbuilding Industry Co Ltd - LN (No 2 Yard), China",Dalian EPOXY rgn,35.5m,35.5,,undisclosed,BWTS fitted,allied_2023_W32_Allied-Weekly-Market-Review-Week-32-33.pdf,7
2023-08-18,32,AFRA,SEA LUCK III,105869,2003,Hyundai Samho Heavy Co Ltd - S. Korea,"Samho,",N/A,,,undisclosed,,allied_2023_W32_Allied-Weekly-Market-Review-Week-32-33.pdf,7
2023-08-18,32,MR,PRO JADE,46757,2003,"Hyundai Mipo Dockyard Co Ltd - Ulsan, S.",EPOXY Korea rgn,12.0m,12.0,,Chinese,SS/DD due Nov '23,allied_2023_W32_Allied-Weekly-Market-Review-Week-32-33.pdf,7
2023-08-18,32,MR,SCARLET IBIS,46719,2004,"Iwagi Zosen Co Kamijima EH, Japan",Ltd - Zinc Silicate rgn,15.0m,15.0,,undisclosed,BWTS fitted,allied_2023_W32_Allied-Weekly-Market-Review-Week-32-33.pdf,7
2023-08-18,32,MR,CELSIUS BIRDIE,25399,2009,"KOYO FUKUOKA, Japan",Stainless Steel rgn,50.0m,,50.0,undisclosed,BWTS fitted,allied_2023_W32_Allied-Weekly-Market-Review-Week-32-33.pdf,7
2023-08-18,32,MR,CELSIUS EAGLE,25390,2010,"KOYO FUKUOKA, Japan",Stainless Steel,en bloc,,,,,allied_2023_W32_Allied-Weekly-Market-Review-Week-32-33.pdf,7
2023-08-18,32,CHEM,WAWASAN BLUEFIN,19997,2008,"Co. Ltd. - Akitsu,",Japan Steel,18.5m,18.5,,undisclosed,fitted,allied_2023_W32_Allied-Weekly-Market-Review-Week-32-33.pdf,7
2023-08-18,32,SMALL,AD PRINCESS,7054,2012,"Zhejiang Haicheng Shipbuilding Co Yuhuan County ZJ,",Ltd - EPOXY China rgn,5.8m,5.8,,undisclosed,,allied_2023_W32_Allied-Weekly-Market-Review-Week-32-33.pdf,7
2023-08-18,32,VLOC,HL IMABARI,206312,2008,"Imabari Shipbuilding Co Ltd - Saijo EH (Saijo Shipyard), Japan",rgn high,21.0m,21.0,,Chinese,SS/DD due Oct '23,allied_2023_W32_Allied-Weekly-Market-Review-Week-32-33.pdf,7
2023-08-18,32,CAPE,IANTHE,180018,2009,"Daewoo Shipbuilding & Engineering Co Ltd - Geoje, S. Korea",,21.0m,21.0,,undisclosed,,allied_2023_W32_Allied-Weekly-Market-Review-Week-32-33.pdf,7
2023-08-18,32,CAPE,ARIADNE,180010,2009,"Daewoo Shipbuilding & Engineering Co Ltd - Geoje, S. Korea",rgn,21.0m,21.0,,Hayfin Capital Holdings,SS/DD due,allied_2023_W32_Allied-Weekly-Market-Review-Week-32-33.pdf,7
2023-08-18,32,CAPE,LILA LISBON,176423,2003,"UNIVERSAL TSU, Japan",,12.5m,12.5,,Chinese,SS/DD due,allied_2023_W32_Allied-Weekly-Market-Review-Week-32-33.pdf,7
2023-08-18,32,CAPE,YUAN FU STAR,176000,2011,"Jiangsu Rongsheng Shipbuilding Co Ltd - Rugao JS, China",rgn,23.0m,23.0,,Middle Eastern,BWTS fitted,allied_2023_W32_Allied-Weekly-Market-Review-Week-32-33.pdf,7
2023-08-18,32,CAPE,MOUNT APO,175800,2012,"Jiangsu Rongsheng Shipbuilding Co Ltd - Rugao JS, China",,24.75m,24.75,,Peter Doehle,BWTS & scrubber fitted,allied_2023_W32_Allied-Weekly-Market-Review-Week-32-33.pdf,7
2023-08-18,32,PMAX,AOM ELENA,106498,2010,"Ltd - Saikai NS, Japan",,20.5m,20.5,,Indonesian,BWTS & scrubber fitted,allied_2023_W32_Allied-Weekly-Market-Review-Week-32-33.pdf,7
2023-08-18,32,PMAX,ROYAL,87334,2010,"Shipbuilding (Group) Co Ltd - Shanghai, China",,N/A,,,Samudera,BWTS fitted,allied_2023_W32_Allied-Weekly-Market-Review-Week-32-33.pdf,7
2023-08-18,32,KMAX,NAVIOS SOUTHERN STAR,82224,2013,"Shipbuilding Co - Fukuyama HS, Japan Taizhou CATIC",rgn,21.5m,21.5,,Greek,BWTS fitted,allied_2023_W32_Allied-Weekly-Market-Review-Week-32-33.pdf,7
2023-08-18,32,KMAX,BELO HORIZONTE,81681,2012,"Shipbuilding Heavy Ltd - Taizhou JS,",,17.5m,17.5,,W Marine,"BWTS fitted, incl TC attached at US$ 14.500/day until Dec '23",allied_2023_W32_Allied-Weekly-Market-Review-Week-32-33.pdf,7
2023-08-18,32,UMAX,SSI FORMIDABLE,63510,2017,"China Jinling Shipyard - Nanjing JS, China",4 X 30t CRANES,27.0m,27.0,,undisclosed,"BWTS fitted, eco",allied_2023_W32_Allied-Weekly-Market-Review-Week-32-33.pdf,7
2023-08-25,34,VLCC,LANDBRIDGE HORIZON,308121,2019,"Dalian Shipbuilding Industry Co Ltd - LN (No 2 Yard), China",Dalian,102.0m,102.0,,CSSC Hong Kong,incl 9yr & 7yr BB back respectively at rgn US$,allied_2023_W34_Allied-Weekly-Market-Review-Week-34.pdf,7
2023-08-25,34,VLCC,LANDBRIDGE GLORY,307852,2019,"Dalian Shipbuilding Industry Co Ltd - LN (No 2 Yard), China",Dalian,102.0m,102.0,,,"29,500/day with purchase obligation at term",allied_2023_W34_Allied-Weekly-Market-Review-Week-34.pdf,7
2023-08-25,34,SUEZ,LILA ORLANDO,158706,2005,"Daewoo Shipbuilding Engineering - Geoje, S. Korea",& Co Ltd high,37.0m,37.0,,Chinese,BWTS fitted,allied_2023_W34_Allied-Weekly-Market-Review-Week-34.pdf,7
2023-08-25,34,LR1,STENA PROGRESS,65125,2009,"SPLIT, Croatia",EPOXY,N/A,,,IMS,"incl TC back, BWTS fitted, ice",allied_2023_W34_Allied-Weekly-Market-Review-Week-34.pdf,7
2023-08-25,34,LR1,STENA PREMIUM,65055,2011,"SPLIT, Croatia",EPOXY,,,,,class 1B,allied_2023_W34_Allied-Weekly-Market-Review-Week-34.pdf,7
2023-08-25,34,MR,MARLIN APATITE,50000,2016,"Guangzhou Shipyard International CoLtd Guangzhou GD,",Epoxy - Phenolic China,N/A,,,undisclosed,,allied_2023_W34_Allied-Weekly-Market-Review-Week-34.pdf,7
2023-08-25,34,MR,NIKOS M,49999,2020,"Hyundai Mipo Dockyard Co Ltd - Ulsan, S.",EPOXY Korea,N/A,,,undisclosed,,allied_2023_W34_Allied-Weekly-Market-Review-Week-34.pdf,7
2023-08-25,34,MR,BRUNSWICK,45902,2010,"Kurushima Dockyard Co. Ltd. - Onishi,",EPOXY Japan rgn high,24.0m,24.0,,PV Trans,BWTS fitted,allied_2023_W34_Allied-Weekly-Market-Review-Week-34.pdf,7
2023-08-25,34,MR,CAPT THANASIS,40354,2004,"Hyundai Mipo Dockyard Co Ltd - Ulsan, S.",EPOXY Korea rgn,18.0m,18.0,,undisclosed,DPP,allied_2023_W34_Allied-Weekly-Market-Review-Week-34.pdf,7
2023-08-25,34,MR,ACAMAR,37583,2011,"Hyundai Mipo Dockyard Co Ltd - Ulsan, S.",Epoxy Korea Phenolic,23.5m,23.5,,undisclosed,,allied_2023_W34_Allied-Weekly-Market-Review-Week-34.pdf,7
2023-08-25,34,MR,RAS MAERSK,34999,2003,"Guangzhou Shipyard International Co Guangzhou GD,",Ltd - EPOXY China,9.5m,9.5,,undisclosed,"Epoxy, DD and BWTS due",allied_2023_W34_Allied-Weekly-Market-Review-Week-34.pdf,7
2023-08-25,34,CHEM,HONG HAI 6,16826,2012,"Shipbuilding Co Xingzi County JX,",Ltd - PHEN China,12.25m,12.25,,undisclosed,BWTS fitted,allied_2023_W34_Allied-Weekly-Market-Review-Week-34.pdf,7
2023-08-25,34,CAPE,SANTA LUCIA,176760,2006,"Namura Shipbuilding Co Ltd - Imari SG, Japan",rgn,16.05m,16.05,,Beks,BWTS fitted,allied_2023_W34_Allied-Weekly-Market-Review-Week-34.pdf,7
2023-08-25,34,CAPE,XIN WANG HAI,174732,2003,"Shanghai Waigaoqiao Shipbuilding Co Ltd - Shanghai, China",,12.8m,12.8,,Chinese,SS/DD due Oct '23,allied_2023_W34_Allied-Weekly-Market-Review-Week-34.pdf,7
2023-08-25,34,KMAX,ALAM KEKAL,82079,2018,"Oshima Shipbuilding Co Ltd - Saikai NS, Japan",,31.8m,31.8,,undisclosed,"eco, BWTS fitted",allied_2023_W34_Allied-Weekly-Market-Review-Week-34.pdf,7
2023-08-25,34,PMAX,ANNA,75162,2002,"Hitachi Zosen Corp - Maizuru KY, Japan",rgn,10.0m,10.0,,Vietnamese,BWTS fitted,allied_2023_W34_Allied-Weekly-Market-Review-Week-34.pdf,7
2023-08-25,34,UMAX,IVS HAYAKITA,60402,2016,"Eng. & SB. Co. Ltd. Tamano, Japan",- 4 X 30t CRANES en,46.5m,46.5,,EastMed,,allied_2023_W34_Allied-Weekly-Market-Review-Week-34.pdf,7
2023-08-25,34,UMAX,IVS BOSCH HOEK,60269,2015,"Dockyard Co Ltd - Onomichi HS, Japan",,bloc 4 X 30t CRANES,,,,,allied_2023_W34_Allied-Weekly-Market-Review-Week-34.pdf,7
2023-08-25,34,HANDY,TASMAN SPIRIT,35256,2010,"Nantong Changqingsha - Rugao JS, China","4 X 30,5t rgn CRANES",9.5m,9.5,,undisclosed,BWTS fitted,allied_2023_W34_Allied-Weekly-Market-Review-Week-34.pdf,7
2023-08-25,34,PMAX,TS KELANG,,43632007,"Hyundai Mipo Dockyard Co Ltd - Ulsan, S. Korea",,20.8m,20.8,,Chinese,,allied_2023_W34_Allied-Weekly-Market-Review-Week-34.pdf,7
2023-09-01,35,AFRA,WILLOWY,106500,2003,Tsuneishi Shipbuilding Co Ltd - Tadotsu Japan,"KG,",25.0m,25.0,,Malaysian,,allied_2023_W35_Allied-Weekly-Market-Review-Week-35.pdf,7
2023-09-01,35,LR1 CABO,SAN ANTONIO,63589,2008,"Shipbuilding - Changwon (Jinhae Shipyard), S. Korea",Co Ltd EPOXY,N/A,,,undisclosed,"old sale, ice class 1A, scrubber fitted",allied_2023_W35_Allied-Weekly-Market-Review-Week-35.pdf,7
2023-09-01,35,PROD/,ECE NUR K,19964,2009,Torgem Gemi Sanayii ve Ticaret,Insaat Marine a.s. -,,,,,,allied_2023_W35_Allied-Weekly-Market-Review-Week-35.pdf,7
2023-09-01,35,PROD/,AT HONOR,10813,,Nokbong Shipbuilding,Epoxy,,,,,,allied_2023_W35_Allied-Weekly-Market-Review-Week-35.pdf,7
2023-09-01,35,KMAX,CUMA,83007,2006,"Tsuneishi Corp - Tadotsu KG, Japan",,N/A,,,Greek,BWTS fitted,allied_2023_W35_Allied-Weekly-Market-Review-Week-35.pdf,7
2023-09-01,35,KMAX,PORT STAR,82177,2012,"Tsuneishi Group Shipbuilding - Daishan County ZJ,",rgn,21.0m,21.0,,Singaporean,BWTS fitted,allied_2023_W35_Allied-Weekly-Market-Review-Week-35.pdf,7
2023-09-01,35,KMAX,AQUAVITA SUN,81553,2019,"Jiangsu Hantong Ship Industry Co Ltd Tongzhou JS, China",,- N/A,,,Pan Ocean,Old sale,allied_2023_W35_Allied-Weekly-Market-Review-Week-35.pdf,7
2023-09-01,35,PMAX,G R A,76634,2002,"Imabari Shipbuilding Co Ltd - Marugame KG (Marugame Shipyard),",,6.5m,6.5,,Chinese,BWTS fitted,allied_2023_W35_Allied-Weekly-Market-Review-Week-35.pdf,7
2023-09-01,35,UMAX,LOWLANDS BREEZE,61430,2013,"Iwagi Zosen Co Ltd - Kamijima EH, Japan",4 X 30t rgn $ CRANES,20.8m,20.8,,AIMS Shipping,BWTS fitted,allied_2023_W35_Allied-Weekly-Market-Review-Week-35.pdf,7
2023-09-01,35,UMAX,SANTA VIRGINIA,61271,2014,"Imabari Shipbuilding Co Ltd - Imabari EH (Imabari Shipyard),","4 X 30,7t CRANES",23.5m,23.5,,Greek,,allied_2023_W35_Allied-Weekly-Market-Review-Week-35.pdf,7
2023-09-01,35,UMAX,NORD PACIFIC,61221,2018,"Shin Kurushima Toyohashi Shipbuilding Co Ltd - Toyohashi AI,","4 X 30,7t low mid CRANES",27.0m,27.0,,Far Eastern,"BWTS fitted, eco, scrubber fitted",allied_2023_W35_Allied-Weekly-Market-Review-Week-35.pdf,7
2023-09-01,35,SMAX RHINE,CONFIDANTE,57016,2010,"Ningbo Beilun Lantian Shipbuilding Co Ltd - Ningbo ZJ, China","CR 4x35 rgn $ T, CR 4x30 T",10.8m,10.8,,Greek,,allied_2023_W35_Allied-Weekly-Market-Review-Week-35.pdf,7
2023-09-01,35,SMAX,STAR GLOBE,56867,2010,"Taizhou Kouan Shipbuilding Co Ltd - Taizhou JS, China",4 X 36t CRANES,11.2m,11.2,,U. A. E. Based,"BWTS fitted, previous",allied_2023_W35_Allied-Weekly-Market-Review-Week-35.pdf,7
2023-09-01,35,SMAX,SKY GLOBE,56854,2009,"Taizhou Kouan Shipbuilding Co Ltd - Taizhou JS, China",4 X 36t CRANES,10.7m,10.7,,,week sale,allied_2023_W35_Allied-Weekly-Market-Review-Week-35.pdf,7
2023-09-01,35,SMAX,SEA AQUARIUS,53468,2006,"Imabari Shipbuilding Co Ltd - Imabari EH (Imabari Shipyard),","4 X 30,5t high CRANES",9.0m,9.0,,Chinese,BWTS fitted,allied_2023_W35_Allied-Weekly-Market-Review-Week-35.pdf,7
2023-09-01,35,HMAX,BUNUN ELEGANCE,45556,2014,"Tsuneishi Group Shipbuilding - Daishan County ZJ,",,4 X 30t N/A CRANES,,,German,"old sale, OHBC",allied_2023_W35_Allied-Weekly-Market-Review-Week-35.pdf,7
2023-09-01,35,HMAX,GIVING,45428,1997,"Shipbuilding Co Ltd - Saikai NS, Japan",4 X 25t CRANES,5.5m,5.5,,Chinese,BWTS fitted,allied_2023_W35_Allied-Weekly-Market-Review-Week-35.pdf,7
2023-09-01,35,HANDY,VIL ATLANTIC,37852,2010,"JINGJIANG TRAFFIC, China",4 X 30t CRANES,9.5m,9.5,,undisclosed,BWTS fitted,allied_2023_W35_Allied-Weekly-Market-Review-Week-35.pdf,7
2023-09-01,35,HANDY,NORD SAVANNAH,37067,2013,"Saiki Heavy Industries Ltd - Saiki OT, Japan","4 X 30,5t CRANES",16.8m,16.8,,undisclosed,"BWTS, SS/DD Passed",allied_2023_W35_Allied-Weekly-Market-Review-Week-35.pdf,7
2023-09-01,35,HANDY,KLARA SELMER,34999,2011,"EAST, China",4 X 35t rgn $ CRANES,11.2m,11.2,,undisclosed,BWTS fitted,allied_2023_W35_Allied-Weekly-Market-Review-Week-35.pdf,7
2023-09-01,35,HANDY,SEASTAR TRADER,30487,2008,"TSUJI HI JIANGSU CO LT, China",4 X 30t CRANES,7.7m,7.7,,Turkish,SS/DD due Nov '23,allied_2023_W35_Allied-Weekly-Market-Review-Week-35.pdf,7
2023-09-01,35,FEEDER,BALTIC TERN,,16382005,"Jos L Meyer GmbH - Papenburg, Germany",,6.0m,6.0,,undisclosed,,allied_2023_W35_Allied-Weekly-Market-Review-Week-35.pdf,8
2023-09-01,35,FEEDER,BALTIC PETREL,,16382005,"Jos L Meyer GmbH - Papenburg, Germany",,6.0m,6.0,,,,allied_2023_W35_Allied-Weekly-Market-Review-Week-35.pdf,8
2023-09-08,36,VLCC,HABRUT,319439,2012,"Daewoo Shipbuilding Marine Engineering Ltd - Geoje, S.",& Co Korea,N/A,,,S. Korean,,allied_2023_W36_Allied-Weekly-Market-Review-Week-36.pdf,7
2023-09-08,36,VLCC ATHENIAN,FREEDOM,299991,2013,"HYUNDAI HI, S.",Korea rgn,78.0m,78.0,,Far Eastern,"BWTS fitted, scrubber fitted, SS/DD Passed",allied_2023_W36_Allied-Weekly-Market-Review-Week-36.pdf,7
2023-09-08,36,VLCC,FRONT SIGNE,297007,2010,"Shanghai Jiangnan Changxing Shipbuilding Ltd - Shanghai,",China,63.0m,63.0,,undisclosed,BWTS fitted,allied_2023_W36_Allied-Weekly-Market-Review-Week-36.pdf,7
2023-09-08,36,AFRA,FULMAR,115605,2009,"HANJIN HI PUSAN, Korea",S. MAR,rgn $,,,Middle Eastern,BWTS fitted,allied_2023_W36_Allied-Weekly-Market-Review-Week-36.pdf,7
2023-09-08,36,AFRA,ANAVATOS II,115459,2009,"HANJIN HI PUSAN, Korea",S. EPOXY each,39.5m,39.5,,,,allied_2023_W36_Allied-Weekly-Market-Review-Week-36.pdf,7
2023-09-08,36,MR,GRAND ACE1,46197,2008,"Shipbuilding - Changwon (Jinhae Shipyard), S. Korea",Co Ltd Epoxy Phenolic,18.2m,18.2,,undisclosed,"DPP trading, BWTS fitted",allied_2023_W36_Allied-Weekly-Market-Review-Week-36.pdf,7
2023-09-08,36,MR,GRAND ACE8,46197,2008,"Shipbuilding - Changwon (Jinhae Shipyard), S. Korea",Co Ltd Epoxy Phenolic,"$23,8",,,undisclosed,BWTS fitted,allied_2023_W36_Allied-Weekly-Market-Review-Week-36.pdf,7
2023-09-08,36,MR,NCC NAJD,45998,2005,"Mipo Dockyard Ltd - Ulsan, S.",Zinc Korea Silicate low en,34.0m,34.0,,undisclosed,,allied_2023_W36_Allied-Weekly-Market-Review-Week-36.pdf,7
2023-09-08,36,MR,NCC HIJAZ,45956,2005,"Mipo Dockyard Ltd - Ulsan, S.",Zinc Korea Silicate,bloc,,,,,allied_2023_W36_Allied-Weekly-Market-Review-Week-36.pdf,7
2023-09-08,36,MR WONDER,FORMOSA,37562,2006,"Mipo Dockyard Ltd - Ulsan, S.",Epoxy Korea Phenolic rgn,18.0m,18.0,,Turkish,"old sale, ice class 1A",allied_2023_W36_Allied-Weekly-Market-Review-Week-36.pdf,7
2023-09-08,36,MR,ADVANTAGE PARTY,37067,2006,"Mipo Dockyard Ltd - Ulsan, S.",Epoxy Korea Phenolic rgn,17.0m,17.0,,Turkish,ice class 1A,allied_2023_W36_Allied-Weekly-Market-Review-Week-36.pdf,7
2023-09-08,36,MR,BALTIC FREEDOM,37048,2006,"Mipo Dockyard Ltd - Ulsan, S.",Epoxy Korea Phenolic rgn low,18.0m,18.0,,Middle Eastern,"BWTS fitted, ice class 1A,",allied_2023_W36_Allied-Weekly-Market-Review-Week-36.pdf,7
2023-09-08,36,CHEM,MH LANGOEY,19969,2006,Co Ltd - Fukuoka Japan,"FO, Steel",15.5m,15.5,,undisclosed,BWTS fitted,allied_2023_W36_Allied-Weekly-Market-Review-Week-36.pdf,7
2023-09-08,36,PROD/,STRINDA,19959,2006,Fukuoka Shipbuilding Co Ltd,Stainless,,,,,,allied_2023_W36_Allied-Weekly-Market-Review-Week-36.pdf,7
2023-09-08,36,PROD/,FIONIA SWAN,15609,2005,Deniz Endustrisi,Siloxiran A.S. -,,,,,"old sale,BWTS fitted, ice",allied_2023_W36_Allied-Weekly-Market-Review-Week-36.pdf,7
2023-09-08,36,PMAX,DIMITRIOS T,72917,2000,"Daedong Shipbuilding Co Ltd - Changwon (Jinhae Shipyard), S.",,7.3m,7.3,,Turkish,already delivered,allied_2023_W36_Allied-Weekly-Market-Review-Week-36.pdf,7
2023-09-08,36,UMAX,GALILEO,63243,2014,"Yangzhou Dayang Shipbuilding Co Ltd - Yangzhou JS, China",,4 X 35t CRANES,,,,,allied_2023_W36_Allied-Weekly-Market-Review-Week-36.pdf,7
2023-09-08,36,UMAX,GIANTS CAUSEWAY,63197,2015,"Yangzhou Dayang Shipbuilding Co Ltd - Yangzhou JS, China",4 X 35t CRANES en,86.0m,86.0,,Eurodry,"two purchased in cash and two by NRP, Oslo, BWTS",allied_2023_W36_Allied-Weekly-Market-Review-Week-36.pdf,7
2023-09-08,36,UMAX,CAPE CROSS,63155,2014,"Yangzhou Dayang Shipbuilding Co Ltd - Yangzhou JS, China",,bloc 4 X 35t CRANES,,,,"fitted, eco",allied_2023_W36_Allied-Weekly-Market-Review-Week-36.pdf,7
2023-09-08,36,UMAX,SADLERS WELLS,63153,2015,"Yangzhou Dayang Shipbuilding Co Ltd - Yangzhou JS, China",,4 X 35t CRANES,,,,,allied_2023_W36_Allied-Weekly-Market-Review-Week-36.pdf,7
2023-09-08,36,SMAX,ISABELITA,58470,2010,"Tsuneishi Group Shipbuilding - Daishan County ZJ,",4 X 30t CRANES,15.2m,15.2,,undisclosed,BWTS fitted,allied_2023_W36_Allied-Weekly-Market-Review-Week-36.pdf,7
2023-09-08,36,PMAX,MIRADOR EXPRESS,,32372002,"Shipbuilding Corp (CSBC) - Kaohsiung, Taiwan",,4 X 45t CRANES N/A,,,undisclosed,"incl TC attached at US$ 14k/day till Sep '24, plus 1",allied_2023_W36_Allied-Weekly-Market-Review-Week-36.pdf,8
2023-09-08,36,PMAX,VELIKA EXPRESS,,32372002,"Shipbuilding Corp (CSBC) - Kaohsiung, Taiwan",,4 X 45t CRANES,,,,year in Charterers option,allied_2023_W36_Allied-Weekly-Market-Review-Week-36.pdf,8
2023-09-08,36,FEEDER,X-PRESS IRAZU,,17322007,"Guangzhou Wenchong Shipyard Co Ltd - Guangzhou GD, China",2 X 45t CRANES,11.0m,11.0,,undisclosed,old sale,allied_2023_W36_Allied-Weekly-Market-Review-Week-36.pdf,8
2023-09-15,37,AFRA,CENTENNIAL SAPPORO,110448,2008,"Mitsui Eng. & SB. Ltd., Chiba Works Ichihara, Japan",Co. -,35.3m,35.3,,Beks,"SS/DD due Dec'23, BWTS fitted",allied_2023_W37_Allied-Weekly-Market-Review-Week-37.pdf,7
2023-09-15,37,AFRA,WONDER VEGA,106062,2005,"HYUNDAI HI, S.",Korea,31.5m,31.5,,UAE based,BWTS fitted,allied_2023_W37_Allied-Weekly-Market-Review-Week-37.pdf,7
2023-09-15,37,LR1,GULF CORAL,74999,2009,"Mipo Dockyard Ltd - Ulsan, S.",EPOXY Korea,N/A,,,undisclosed,BWTS fitted,allied_2023_W37_Allied-Weekly-Market-Review-Week-37.pdf,7
2023-09-15,37,LR1,SPOTTAIL,74997,2008,Minaminippon Shipbuilding Co Usuki OT (Shitanoe,Ltd - EPOXY rgn,24.5m,24.5,,Sanmar,"CPP trading, SS/DD due Dec'23, BWTS fitted",allied_2023_W37_Allied-Weekly-Market-Review-Week-37.pdf,7
2023-09-15,37,MR,MARLIN APATITE,50000,2016,"Guangzhou Shipyard International CoLtd Guangzhou GD,",Epoxy - Phenolic China,34.5m,34.5,,undisclosed,BWTS fitted,allied_2023_W37_Allied-Weekly-Market-Review-Week-37.pdf,7
2023-09-15,37,CAPE GRACIOUS,ETERNITY,180199,2009,"Imabari Shipbuilding Co Ltd - Saijo EH (Saijo Shipyard), Japan",,21.9m,21.9,,Chinese,"BWTS fitted, SS/DD due Jan '24",allied_2023_W37_Allied-Weekly-Market-Review-Week-37.pdf,7
2023-09-15,37,POST,DOUBLE PRIDE,95707,2012,Dockyard Co Ltd,,- rgn $,,,Indian,,allied_2023_W37_Allied-Weekly-Market-Review-Week-37.pdf,7
2023-09-15,37,KMAX,INDIGO KITE,83454,2012,"Sanoyas Shipbuilding Corp - Kurashiki OY, Japan",,N/A,,,Greek,,allied_2023_W37_Allied-Weekly-Market-Review-Week-37.pdf,7
2023-09-15,37,KMAX,GENEVA STAR,81846,2015,"Tsuneishi Heavy Industries (Cebu) Inc - Balamban, Philippines",,26.9m,26.9,,Chinese,"BWTS fitted,eco,DD due",allied_2023_W37_Allied-Weekly-Market-Review-Week-37.pdf,7
2023-09-15,37,PMAX,DA YING,75318,2003,"Universal Shipbuilding Corp - Maizuru KY, Japan",,7.5m,7.5,,Chinese,BWTS fitted,allied_2023_W37_Allied-Weekly-Market-Review-Week-37.pdf,7
2023-09-15,37,PMAX,AP LIBERTAS,75213,2008,"Hudong-Zhonghua (Group) Co Ltd - Shanghai, China",,12.4m,12.4,,Greek,"BWTS fitted , SS/DD passed",allied_2023_W37_Allied-Weekly-Market-Review-Week-37.pdf,7
2023-09-15,37,SMAX,BULK PATAGONIA,58723,2012,"Kawasaki Heavy Industries Ltd - Kobe HG, Japan","4 X 30,5t CRANES",19.5m,19.5,,Indonesian,,allied_2023_W37_Allied-Weekly-Market-Review-Week-37.pdf,7
2023-09-15,37,SMAX,WAVE RUNNER,56676,2008,"IHI Marine United Inc - Yokohama KN, Japan",4 X 30t CRANES,13.0m,13.0,,Iskenderun Shipping,"BWTS fitted,Wartsila, old sale",allied_2023_W37_Allied-Weekly-Market-Review-Week-37.pdf,7
2023-09-15,37,SMAX,JIN FENG,52686,2004,"Shipbuilding Co Ltd - Saikai NS, Japan",4 X 30t high CRANES,7.0m,7.0,,Turkish,BWTS fitted,allied_2023_W37_Allied-Weekly-Market-Review-Week-37.pdf,7
2023-09-15,37,SMAX,OCEAN REEF,52458,2005,"Tsuneishi Heavy Industries (Cebu) Inc - Balamban, Philippines",4 X 30t CRANES,8.6m,8.6,,undisclosed,"BWTS fitted, DD passed",allied_2023_W37_Allied-Weekly-Market-Review-Week-37.pdf,7
2023-09-15,37,HANDY,TAKESHIO,38494,2012,"NAIKAI ZOSEN SETODA, Japan",4 X 30t CRANES,14.5m,14.5,,Greek,OHBC,allied_2023_W37_Allied-Weekly-Market-Review-Week-37.pdf,7
2023-09-15,37,HANDY,GLOBAL EFFORT,37072,2014,"Onomichi Dockyard Co Ltd - Onomichi HS, Japan",4 X 30t CRANES,16.7m,16.7,,Greek,"BWTS fitted, OHBS, eco",allied_2023_W37_Allied-Weekly-Market-Review-Week-37.pdf,7
2023-09-15,37,HANDY,UNION GROOVE,35064,2012,"Shipbuilding Co Ltd - Tongyeong, S. Korea",4 X 35t CRANES,14.5m,14.5,,undisclosed,BWTS fitted,allied_2023_W37_Allied-Weekly-Market-Review-Week-37.pdf,7
2023-09-15,37,HANDY,IVS RAFFLES,32046,2013,"Nanyang Ship Engineering Co Ltd - Jiangmen GD, China","4 X 30,5t rgn $ CRANES",11.5m,11.5,,undisclosed,,allied_2023_W37_Allied-Weekly-Market-Review-Week-37.pdf,7
2023-09-15,37,VLGC,SALTRAM,54627,2015,"HYUNDAI HI, S. Korea","rgn $ 82,441",73.5m,73.5,,Naftomar,bss dely within Q1 '24,allied_2023_W37_Allied-Weekly-Market-Review-Week-37.pdf,7
2023-09-22,38,AFRA,PS VENEZIA,108870,2010,"Hudong-Zhonghua (Group) Ltd - Shanghai,",Co EPOXY China,37.5m,37.5,,Vietnamese,"DPP, BWTS fitted",allied_2023_W38_Allied-Weekly-Market-Review-Week-38.pdf,7
2023-09-22,38,MR,HIGH JUPITER,51603,2008,"Shipbuilding - Changwon (Jinhae Shipyard), S. Korea",Co Ltd EPOXY rgn mid,22.0m,22.0,,Indian,SS/DD/BWTS due Oct '23,allied_2023_W38_Allied-Weekly-Market-Review-Week-38.pdf,7
2023-09-22,38,MR,PYXIS EPSILON,50124,2015,"Shipbuilding - Donghae (Goseong Shipyard), S. Korea",Co Ltd Epoxy Phenolic,40.75m,40.75,,U. S. A. based,"BWTS fitted, Military Sealift Command tender",allied_2023_W38_Allied-Weekly-Market-Review-Week-38.pdf,7
2023-09-22,38,PROD/,AZALEA GALAXY,19998,2006,Shin Kurushima Dockyard Co.,Stainless Ltd. -,N/A,,,Chinese,old sale,allied_2023_W38_Allied-Weekly-Market-Review-Week-38.pdf,7
2023-09-22,38,CHEM,PATNOS,16714,2006,"Shanghai, China",Phenolic,10.5m,10.5,,undisclosed,"BWTS fitted, ice class 1A",allied_2023_W38_Allied-Weekly-Market-Review-Week-38.pdf,7
2023-09-22,38,VLOC,CLEAR HORIZON,207947,2012,"Nantong COSCO KHI Engineering Co Ltd (NACKS) - Nantong JS, China",en,63.0m,63.0,,Neu Seeschiffahrt,BWTS fitted,allied_2023_W38_Allied-Weekly-Market-Review-Week-38.pdf,7
2023-09-22,38,VLOC,BLUE HORIZON,207867,2012,"Nantong COSCO KHI Engineering Co Ltd (NACKS) - Nantong JS, China",,bloc,,,,,allied_2023_W38_Allied-Weekly-Market-Review-Week-38.pdf,7
2023-09-22,38,KMAX,NORD SUN,82146,2013,"Tsuneishi Heavy Industries (Cebu) Inc - Balamban, Philippines",rgn,22.0m,22.0,,Greek,BWTS fitted,allied_2023_W38_Allied-Weekly-Market-Review-Week-38.pdf,7
2023-09-22,38,PMAX,SANKO FORTUNE,74940,2012,"Sasebo Heavy Industries Co. Ltd. - Sasebo, Japan",rgn,20.0m,20.0,,Astra Shipmanagement,"BWTS & Scrubber fitted, on 'as is' basis",allied_2023_W38_Allied-Weekly-Market-Review-Week-38.pdf,7
2023-09-22,38,SMAX,KOUROUPI,56047,2008,"Mitsui Eng. & SB. Co. Ltd. - Tamano, Japan",4 X 30t rgn $ CRANES,14.0m,14.0,,Indonesian,BWTS fitted,allied_2023_W38_Allied-Weekly-Market-Review-Week-38.pdf,7
2023-09-22,38,HMAX,BUNUN CHAMPION,45566,2014,"Tsuneishi Group Shipbuilding - Daishan County ZJ,",,4 X 30t N/A CRANES,,,SMT,"OHBS, old sale",allied_2023_W38_Allied-Weekly-Market-Review-Week-38.pdf,7
2023-09-22,38,HANDY,GOLD OAK,37732,2017,"WATANABE, Japan","4 X 30,5t CRANES",24.0m,24.0,,undisclosed,"on BBHP basis, eco",allied_2023_W38_Allied-Weekly-Market-Review-Week-38.pdf,7
2023-09-22,38,HANDY,COPACABANA,37202,2011,"Saiki Heavy Industries Ltd - Saiki OT, Japan",4 X 30t rgn $ CRANES,15.35m,15.35,,Chinese,"BWTS fitted, OHBS",allied_2023_W38_Allied-Weekly-Market-Review-Week-38.pdf,7
2023-09-22,38,HANDY,PURPLE SEA,35214,2011,"Nantong Changqingsha Shipyard - Rugao JS, China","4 X 30,5t high $ CRANES",10.0m,10.0,,undisclosed,BWTS fitted,allied_2023_W38_Allied-Weekly-Market-Review-Week-38.pdf,7
2023-09-22,38,HANDY,IVS MERLION,32071,2013,"Nanyang Ship Engineering Co Ltd - Jiangmen GD, China","4 X 30,5t CRANES",11.5m,11.5,,Greek,,allied_2023_W38_Allied-Weekly-Market-Review-Week-38.pdf,7
2023-09-22,38,HANDY,IRIS SKY,28725,2008,"Imabari Shipbuilding Co Ltd - Imabari EH (Imabari Shipyard),","4 X 30,5t CRANES",7.35m,7.35,,Greek,"SS/DD due Nov '23, OHBS",allied_2023_W38_Allied-Weekly-Market-Review-Week-38.pdf,7
2023-09-22,38,HANDY,GLORIOUS JUPITER,26091,2013,"Shin Kurushima Dockyard Co. Ltd. - Akitsu, Japan","3 X 30,7t CRANES",13.7m,13.7,,undisclosed,"SS/DD passed, BWTS fitted",allied_2023_W38_Allied-Weekly-Market-Review-Week-38.pdf,7
2023-09-22,38,PMAX,JOSEPH SCHULTE,,94032013,Changxing Heavy Industry Co Ltd -,,55.0m,55.0,,MSC,,allied_2023_W38_Allied-Weekly-Market-Review-Week-38.pdf,7
2023-09-29,39,VLCC,GOOD NEWS,319430,2002,"Heavy Industries Co Ltd - Samho, Korea",S.,35.0m,35.0,,Unitop,,allied_2023_W39_Allied-Weekly-Market-Review-Week-39.pdf,7
2023-09-29,39,VLCC,GREAT LADY,308930,2005,"SAMSUNG HI, S.",Korea,34.75m,34.75,,Chinese,,allied_2023_W39_Allied-Weekly-Market-Review-Week-39.pdf,7
2023-09-29,39,AFRA,CRUDEMED,115643,2018,"Shipbuilding Ltd - Hwawon (Haenam Shipyard), S. Korea",Co EPOXY,70.0m,70.0,,South Korean,,allied_2023_W39_Allied-Weekly-Market-Review-Week-39.pdf,7
2023-09-29,39,AFRA,CRUDESUN,115643,2018,"Shipbuilding Ltd - Hwawon (Haenam Shipyard), S. Korea",Co EPOXY,each,,,,,allied_2023_W39_Allied-Weekly-Market-Review-Week-39.pdf,7
2023-09-29,39,MR,SHANDONG ZIHE,40059,2004,"ShinA Shipbuilding Ltd - Tongyeong, Korea",Co S. EPOXY,14.45m,14.45,,undisclosed,auction sale,allied_2023_W39_Allied-Weekly-Market-Review-Week-39.pdf,7
2023-09-29,39,CAPE,CONTAMINES,180922,2016,"Shanghai Waigaoqiao Shipbuilding Co Ltd - Shanghai, China",high,41.0m,41.0,,Neda Maritime Agency,,allied_2023_W39_Allied-Weekly-Market-Review-Week-39.pdf,7
2023-09-29,39,CAPE,NAVIOS BEAUFIKS,180310,2004,"Dockyard Co Ltd Mihara HS, Japan",-,13.0m,13.0,,undisclosed,BWTS fitted,allied_2023_W39_Allied-Weekly-Market-Review-Week-39.pdf,7
2023-09-29,39,CAPE,SUIGO,174802,2011,"Shipbuilding Co Ltd - Imari SG, Japan",rgn,23.8m,23.8,,Greek,BWTS fitted,allied_2023_W39_Allied-Weekly-Market-Review-Week-39.pdf,7
2023-09-29,39,KMAX,MAGIC ARGO,82338,2009,"Shipbuilding Co Ltd - Saikai NS, Japan",,15.75m,15.75,,Minoa Marine,BWTS fitted,allied_2023_W39_Allied-Weekly-Market-Review-Week-39.pdf,7
2023-09-29,39,KMAX,YANGTZE XING,81649,2012,"Guangzhou Longxue Shipbuilding Co Ltd - Guangzhou GD, China",rgn,20.0m,20.0,,undisclosed,"BWTS fitted, Tier II",allied_2023_W39_Allied-Weekly-Market-Review-Week-39.pdf,7
2023-09-29,39,PMAX,ORION III,76602,2005,"Imabari Shipbuilding Co Ltd - Marugame KG (Marugame Shipyard),",,10.1m,10.1,,Far Eastern,"BWTS fitted, carry cargo with DENSITY 2.11(T/M3)",allied_2023_W39_Allied-Weekly-Market-Review-Week-39.pdf,7
2023-09-29,39,PMAX,GOLDEN SUEK,74849,2011,"Pipavav Defence & & Engineering Co Ltd - Rajula, India",,15.0m,15.0,,undisclosed,ice class 1C,allied_2023_W39_Allied-Weekly-Market-Review-Week-39.pdf,7
2023-09-29,39,UMAX,ZEYNO,63064,2014,"Yangzhou Dayang Shipbuilding Co Ltd - Yangzhou JS, China",4 X 36t CRANES,22.0m,22.0,,undisclosed,"BWTS fitted, eco",allied_2023_W39_Allied-Weekly-Market-Review-Week-39.pdf,7
2023-09-29,39,UMAX,SANTA VITORIA,61438,2012,"Iwagi Zosen Co Ltd - Kamijima EH, Japan","4 X 30,7t CRANES",20.5m,20.5,,undisclosed,BWTS fitted,allied_2023_W39_Allied-Weekly-Market-Review-Week-39.pdf,7
2023-09-29,39,SMAX,XING HONG DA,858018,2012,"Yangzhou Dayang Shipbuilding Co Ltd - Yangzhou JS, China",4 X 35t CRANES,12.7m,12.7,,Chinese,,allied_2023_W39_Allied-Weekly-Market-Review-Week-39.pdf,7
2023-09-29,39,SMAX,SUPRA THESSAL,57017,2010,"Qingshan Shipyard - Wuhan HB, China",4 X 35t CRANES,11.5m,11.5,,Indonesian,BWTS fitted,allied_2023_W39_Allied-Weekly-Market-Review-Week-39.pdf,7
2023-09-29,39,SMAX,HEILAN SONG,56851,2011,"Tianjin Xingang Shipbuilding Industry Co Ltd - Tianjin, China",4 X 30t CRANES,13.1m,13.1,,Chinese,"BWTS fitted, Tier II",allied_2023_W39_Allied-Weekly-Market-Review-Week-39.pdf,7
2023-09-29,39,HANDY,FENGNING,39836,2015,"Chengxi Shipyard Co Ltd - Jiangyin JS, China",,4 X 36t CRANES,,,,,allied_2023_W39_Allied-Weekly-Market-Review-Week-39.pdf,7
2023-09-29,39,HANDY,FUNING,39784,2015,"Chengxi Shipyard Co Ltd - Jiangyin JS, China",rgn $ 4 X 36t each CRANES,19.0m,19.0,,JP Morgan,"BWTS fitted, Log fitted, Wartsila, eco",allied_2023_W39_Allied-Weekly-Market-Review-Week-39.pdf,7
2023-09-29,39,HANDY,FOOCHOW,39758,2015,"Chengxi Shipyard Co Ltd - Jiangyin JS, China",,4 X 36t CRANES,,,,,allied_2023_W39_Allied-Weekly-Market-Review-Week-39.pdf,7
2023-09-29,39,HANDY,BALTIC SPIRIT,35239,2009,"Nantong Changqingsha Shipyard - Rugao JS, China","4 X 30,5t rgn mid $ CRANES",9.0m,9.0,,undisclosed,"BWTS fitted, semi OHBC",allied_2023_W39_Allied-Weekly-Market-Review-Week-39.pdf,7
2023-09-29,39,HANDY,UNI AUC ONE,28709,2007,"Shin Kochi Jyuko K.K. - Kochi, Japan","4 X 30,5t CRANES",7.8m,7.8,,undisclosed,BWTS fitted,allied_2023_W39_Allied-Weekly-Market-Review-Week-39.pdf,7
2023-09-29,39,SUB,NORDIC ANNA,,20072007,"Zhejiang Shipbuilding Co Ltd - Ningbo ZJ,",,3 X 45t N/A,,,undisclosed,eco,allied_2023_W39_Allied-Weekly-Market-Review-Week-39.pdf,8
2023-09-29,39,FEEDER,A ROKU,,17082008,"Imabari Shipbuilding Co Ltd - Imabari EH (Imabari Shipyard),",rgn,7.0m,7.0,,Chinese,,allied_2023_W39_Allied-Weekly-Market-Review-Week-39.pdf,8
2023-09-29,39,LPG,FRITZI N,58448,2009,"HYUNDAI HI, S. Korea","rgn $ 80,676",63.5m,63.5,,undisclosed,,allied_2023_W39_Allied-Weekly-Market-Review-Week-39.pdf,8
2023-10-06,40,LR1 CHEMTRANS,AEGEAN,76578,2007,"Dalian Shipbuilding Co Ltd - LN (No 1 Yard),",Dalian EPOXY China,22.0m,22.0,,undisclosed,,allied_2023_W40_Allied-Weekly-Market-Review-Week-40.pdf,7
2023-10-06,40,MR,SANDPIPER PACIFIC,51833,2013,"Sungdong Shipbuilding & Marine Engineering Co Ltd - Tongyeong,",EPOXY S.,34.0m,34.0,,undisclosed,"BWTS fitted, SS/DD passed",allied_2023_W40_Allied-Weekly-Market-Review-Week-40.pdf,7
2023-10-06,40,MR,EVINOS,49997,2013,STX Offshore Shipbuilding Co Changwon (Jinhae,& EPOXY Ltd - PHEN,33.7m,33.7,,R Shipping,"BWTS fitted, eco, SS/DD passed",allied_2023_W40_Allied-Weekly-Market-Review-Week-40.pdf,7
2023-10-06,40,MR,LACERTA,49996,2016,"Shipbuilding - Sacheon, S. Korea",Co Ltd Epoxy Phenolic,rgn $,,,Turkish,"BWTS fitted, eco",allied_2023_W40_Allied-Weekly-Market-Review-Week-40.pdf,7
2023-10-06,40,MR,BORA BORA,49994,2016,"Shipbuilding - Sacheon, S. Korea",Co Ltd Epoxy Phenolic each,40.0m,40.0,,,,allied_2023_W40_Allied-Weekly-Market-Review-Week-40.pdf,7
2023-10-06,40,MR,TRF BERGEN,49126,2015,"Hyundai-Vinashin Shipyard Co Ltd Hoa, Vietnam",Epoxy - Ninh Phenolic,36.0m,36.0,,Hafnia,"BWTS & Scrubber fitted, IMO II",allied_2023_W40_Allied-Weekly-Market-Review-Week-40.pdf,7
2023-10-06,40,CAPE,AM GIJON,178462,2011,"Mitsui Eng. & SB. Co. Ltd., Chiba Works - Ichihara, Japan",,25.75m,25.75,,Alberta Shipmanagement,BWTS fitted,allied_2023_W40_Allied-Weekly-Market-Review-Week-40.pdf,7
2023-10-06,40,CAPE,EAST TRADER,175886,2009,"Jinhai Heavy Industry Ltd - Daishan County ZJ, China",,18.2m,18.2,,Danaos,"BWTS fitted, old sale",allied_2023_W40_Allied-Weekly-Market-Review-Week-40.pdf,7
2023-10-06,40,CAPE,CAPE STAR,175366,2010,"Jiangsu Rongsheng Shipbuilding Co Ltd - Rugao JS, China",,21.5m,21.5,,Chinese,BWTS fitted,allied_2023_W40_Allied-Weekly-Market-Review-Week-40.pdf,7
2023-10-06,40,KMAX KUNO,OLDENDORFF,82206,2022,"Jiangsu New Hantong Ship Heavy Industry Co Ltd - Yangzhong JS, China",rgn,32.5m,32.5,,Greek,"BWTS fitted, eco, basis forward delivery (within Q2 2024)",allied_2023_W40_Allied-Weekly-Market-Review-Week-40.pdf,7
2023-10-06,40,SMAX,HONWIN,57334,2009,STX Offshore & Shipbuilding Co Ltd - Changwon (Jinhae,4 X 30t CRANES,15.0m,15.0,,Petro Vietnam,BWTS fitted,allied_2023_W40_Allied-Weekly-Market-Review-Week-40.pdf,7
2023-10-06,40,SMAX,JAG ROHAN,52450,2006,"Tsuneishi Heavy Industries (Cebu) Inc - Balamban, Philippines",4 X 30t CRANES,9.25m,9.25,,Chinese,BWTS fitted,allied_2023_W40_Allied-Weekly-Market-Review-Week-40.pdf,7
2023-10-06,40,HANDY,ZAID,37349,2015,"Nanjing Dongze Shipyard Co Ltd - Nanjing JS, China",,4 X 30t N/A CRANES,,,Salmi,"Wartsila, old sale",allied_2023_W40_Allied-Weekly-Market-Review-Week-40.pdf,7
2023-10-06,40,HANDY,LENI SELMER,34959,2011,"EAST, China",4 X 35t CRANES,11.55m,11.55,,undisclosed,"BWTS fitted, Log fitted",allied_2023_W40_Allied-Weekly-Market-Review-Week-40.pdf,7
2023-10-06,40,PMAX,MAGNITUDE,,,"Ltd - Geoje, S. Korea",,17.0m,17.0,,undisclosed,SS/DD due,allied_2023_W40_Allied-Weekly-Market-Review-Week-40.pdf,7
2023-10-06,40,PMAX,OAKLAND,,48432000,"HYUNDAI HI, S. Korea",rgn,11.9m,11.9,,Safetrans,,allied_2023_W40_Allied-Weekly-Market-Review-Week-40.pdf,7
2023-10-06,40,PMAX,MSC REN V,,45152002,"HANJIN HI PUSAN, S. Korea",,18.5m,18.5,,undisclosed,old sale,allied_2023_W40_Allied-Weekly-Market-Review-Week-40.pdf,7
2023-10-13,41,SUEZ ALASKAN,FRONTIER,193049,2004,"NATIONAL STEEL S.DIEGO, U. S.",A.,50.0m,50.0,,OSG,BWTS fitted,allied_2023_W41_Allied-Weekly-Market-Review-Week-41.pdf,7
2023-10-13,41,LR1,AESOP,74588,2012,"Mipo Dockyard Ltd - Ulsan, S.",EPOXY Korea,41.5m,41.5,,Greek,BWTS fitted,allied_2023_W41_Allied-Weekly-Market-Review-Week-41.pdf,7
2023-10-13,41,LR1,SIENA,74565,2012,"Mipo Dockyard Ltd - Ulsan, S.",EPOXY Korea,each,,,,,allied_2023_W41_Allied-Weekly-Market-Review-Week-41.pdf,7
2023-10-13,41,MR,ELAFONISOS BAY,50698,2009,"Shipbuilding - Tongyeong, S.",Co Ltd EPOXY Korea rgn,25.2m,25.2,,Active Shipping,"BWTS fitted, SS/DD due Mar '24",allied_2023_W41_Allied-Weekly-Market-Review-Week-41.pdf,7
2023-10-13,41,MR,ELIZABETH M,50359,2007,"Shipbuilding - Tongyeong, S.",Co Ltd EPOXY Korea,22.0m,22.0,,undisclosed,"BWTS fitted, pumproom",allied_2023_W41_Allied-Weekly-Market-Review-Week-41.pdf,7
2023-10-13,41,MR,GH AUSTEN,50319,2009,"Guangzhou Shipyard International Co Guangzhou GD,",Ltd - EPOXY China,23.0m,23.0,,undisclosed,BWTS fitted,allied_2023_W41_Allied-Weekly-Market-Review-Week-41.pdf,7
2023-10-13,41,MR,CONSTANCE,50129,2008,"SPP Plant Shipbuilding Co Sacheon, S. Korea",& Ltd - EPOXY rgn,22.0m,22.0,,PetroVietnam,"BWTS fitted, CPP",allied_2023_W41_Allied-Weekly-Market-Review-Week-41.pdf,7
2023-10-13,41,MR,DONG-A THEMIS,49997,2015,"Mipo Dockyard Ltd - Ulsan, S.",EPOXY Korea,38.0m,38.0,,undisclosed,"BWTS fitted, on subs",allied_2023_W41_Allied-Weekly-Market-Review-Week-41.pdf,7
2023-10-13,41,MR,UOG HELIOS,46093,2009,"Mipo Dockyard Ltd - Ulsan, S.",Epoxy Korea Phenolic,25.5m,25.5,,undisclosed,IMO III,allied_2023_W41_Allied-Weekly-Market-Review-Week-41.pdf,7
2023-10-13,41,MR FORMOSA,THIRTEEN,45706,2005,"Shin Kurushima Dockyard Co. Onishi, Japan",ZINC Ltd. - Coated,18.0m,18.0,,Chinese,BWTS & Scrubber fitted,allied_2023_W41_Allied-Weekly-Market-Review-Week-41.pdf,7
2023-10-13,41,MR,MTM HONG KONG,34465,2000,"Shin Kurushima Dockyard Co. Onishi, Japan",Stainless Ltd. - Steel,12.0m,12.0,,undisclosed,"BWTS fitted, SS/DD due Nov '23",allied_2023_W41_Allied-Weekly-Market-Review-Week-41.pdf,7
2023-10-13,41,PROD/,DOLPHIN 01,12945,2007,"Samho Shipbuilding Ltd - Tongyeong,",Co Epoxy S. rgn,8.5m,8.5,,undisclosed,"BWTS fitted, IMO II",allied_2023_W41_Allied-Weekly-Market-Review-Week-41.pdf,7
2023-10-13,41,CAPE,MINERAL SHOUGANG INTERNATIONAL,180171,2009,"Dalian Shipbuilding Co Ltd - Dalian LN (No 2 Yard), China",rgn,22.0m,22.0,,undisclosed,Scrubber fitted,allied_2023_W41_Allied-Weekly-Market-Review-Week-41.pdf,7
2023-10-13,41,CAPE,BOSTON,177827,2007,"Shanghai Waigaoqiao Shipbuilding Co Ltd - Shanghai, China",,18.0m,18.0,,Greek,incl. TC attached until min July - max October '24,allied_2023_W41_Allied-Weekly-Market-Review-Week-41.pdf,7
2023-10-13,41,KMAX,ROYAL FUKUYAMA,82224,2013,"Tsuneishi Shipbuilding Co Ltd - Fukuyama HS, Japan",,23.0m,23.0,,Kyla Shipping,"BWTS fitted, SS/DD passed",allied_2023_W41_Allied-Weekly-Market-Review-Week-41.pdf,7
2023-10-13,41,PMAX,AOM JULIA,76596,2009,"Shin Kasado Dockyard Ltd - Kudamatsu YC, Japan",,15.5m,15.5,,undisclosed,on waiving inspection basis,allied_2023_W41_Allied-Weekly-Market-Review-Week-41.pdf,7
2023-10-13,41,PMAX,HC PIONEER,75729,2004,"Hishino Meisho Corp - Kurashiki OY, Japan",high,8.0m,8.0,,Chinese,,allied_2023_W41_Allied-Weekly-Market-Review-Week-41.pdf,7
2023-10-13,41,PMAX,BOYANG GARNET,75674,2007,"Hishino Meisho Corp - Kurashiki OY, Japan",,12.2m,12.2,,Vietnamese,BWTS fitted,allied_2023_W41_Allied-Weekly-Market-Review-Week-41.pdf,7
2023-10-13,41,PMAX,MAGIC SUN,75311,2001,"Heavy Industries Co Ltd - Samho, S. Korea",,N/A,,,Chinese,"BWTS fitted, DD Dec'23",allied_2023_W41_Allied-Weekly-Market-Review-Week-41.pdf,7
2023-10-13,41,UMAX,CP SHANGHAI,63608,2015,"Chengxi Shipyard Co Ltd - Jiangyin JS, China",4 X 30t CRANES,23.5m,23.5,,Far Eastern,"BWTS fitted, eco",allied_2023_W41_Allied-Weekly-Market-Review-Week-41.pdf,7
2023-10-13,41,UMAX,SANTA FRANCESCA,61250,2016,"Shin Kasado Dockyard Ltd - Kudamatsu YC, Japan","4 X 30,7t rgn $ CRANES",26.8m,26.8,,Greek,"BWTS fitted, eco",allied_2023_W41_Allied-Weekly-Market-Review-Week-41.pdf,7
2023-10-13,41,PMAX,THORSTAR,,28242003,"Ltd - Ulsan, S. Korea",,13.0m,13.0,,undisclosed,"34,500 until around July '24",allied_2023_W41_Allied-Weekly-Market-Review-Week-41.pdf,8
2023-10-13,41,FEEDER,SZCZECIN TRADER,,17281998,"Szczecinska SA - Szczecin, Poland",,3 X 40t N/A CRANES,,,undisclosed,,allied_2023_W41_Allied-Weekly-Market-Review-Week-41.pdf,8
2023-10-13,41,FEEDER,PEGASUS PRIME,,7102004,"DAESUN, S. Korea",rgn,4.0m,4.0,,U. A. E. Based,BWTS fitted,allied_2023_W41_Allied-Weekly-Market-Review-Week-41.pdf,8
2023-10-13,41,LNG,LNG RIVERS,79885,2002,"HYUNDAI HI, S. Korea","rgn $ 137,036",35.0m,35.0,,Greek,old sale,allied_2023_W41_Allied-Weekly-Market-Review-Week-41.pdf,8
2023-10-20,42,SUEZ,CHEROKEE,158594,2016,"Hyundai Samho Heavy Industries Co Ltd Samho, S. Korea",-,72.0m,72.0,,NAT,"BWTS fitted, eco",allied_2023_W42_Allied-Weekly-Market-Review-Week-42.pdf,7
2023-10-20,42,MR,NANCY P,49999,2015,"Mipo Dockyard Ltd - Ulsan, S.",Epoxy Korea Phenolic,37.0m,37.0,,,,allied_2023_W42_Allied-Weekly-Market-Review-Week-42.pdf,7
2023-10-20,42,MR,JANE S,49999,2015,"Mipo Dockyard Ltd - Ulsan, S.",Epoxy Korea Phenolic,37.0m,37.0,,Torm A/S,,allied_2023_W42_Allied-Weekly-Market-Review-Week-42.pdf,7
2023-10-20,42,MR,ESSIE C,49999,2015,"Mipo Dockyard Ltd - Ulsan, S.",Epoxy Korea Phenolic,37.0m,37.0,,,,allied_2023_W42_Allied-Weekly-Market-Review-Week-42.pdf,7
2023-10-20,42,MR,MARIE S,49999,2016,"Mipo Dockyard Ltd - Ulsan, S.",Epoxy Korea Phenolic,39.0m,39.0,,,,allied_2023_W42_Allied-Weekly-Market-Review-Week-42.pdf,7
2023-10-20,42,MR,SUNNY SKY,38374,2008,"Guangzhou Shipyard International Co Guangzhou GD,",Ltd - EPOXY China,18.5m,18.5,,IMS,"BWTS fitted, CPP, SS/DD passed",allied_2023_W42_Allied-Weekly-Market-Review-Week-42.pdf,7
2023-10-20,42,CHEM,BUNGA LILY,19991,2011,Japan,Steel,21.7m,21.7,,FGAS Vietnam,BWTS fitted,allied_2023_W42_Allied-Weekly-Market-Review-Week-42.pdf,7
2023-10-20,42,SMALL,EASTERN NEPTUNE,8909,2006,"Shin Kurushima Dockyard Co. Ltd. Hashihama, Imabari,",Stainless - Steel,,,,,,allied_2023_W42_Allied-Weekly-Market-Review-Week-42.pdf,7
2023-10-20,42,SMALL,EASTERN OASIS,8895,2007,"Shin Kurushima Dockyard Co. Ltd. Hashihama, Imabari,",Stainless - Steel en,42.0m,42.0,,Greek,,allied_2023_W42_Allied-Weekly-Market-Review-Week-42.pdf,7
2023-10-20,42,SMALL,EASTERN PROSPERITY,8878,2008,"Shin Kurushima Dockyard Co. Ltd. Hashihama, Imabari,",- StSt,bloc,,,,,allied_2023_W42_Allied-Weekly-Market-Review-Week-42.pdf,7
2023-10-20,42,SMALL,EASTERN QUEST,8871,2009,"Shin Kurushima Dockyard Co. Ltd. Hashihama, Imabari,",Stainless - Steel,,,,,,allied_2023_W42_Allied-Weekly-Market-Review-Week-42.pdf,7
2023-10-20,42,SMALL,SEBAHAT ANA,8400,2007,"Turkter Tersane Deniz Isl. A.S. - Tuzla, Turkey",ve EPOXY,4.25m,4.25,,undisclosed,Wartsila,allied_2023_W42_Allied-Weekly-Market-Review-Week-42.pdf,7
2023-10-20,42,CAPE,CYMONA IRON,176505,2011,"Shanghai Waigaoqiao Shipbuilding Co Ltd - Shanghai, China",rgn,26.0m,26.0,,Middle Eastern,Scrubber fitted,allied_2023_W42_Allied-Weekly-Market-Review-Week-42.pdf,7
2023-10-20,42,KMAX,ASL NEPTUNE,82372,2009,"Shipbuilding Co Ltd - Saikai NS, Japan",,16.2m,16.2,,Greek,BWTS fitted,allied_2023_W42_Allied-Weekly-Market-Review-Week-42.pdf,7
2023-10-20,42,KMAX,STL MIRACLE,82338,2008,"Shipbuilding Co Ltd - Saikai NS, Japan",,15.3m,15.3,,Greek,BWTS fitted,allied_2023_W42_Allied-Weekly-Market-Review-Week-42.pdf,7
2023-10-20,42,PMAX,MAGIC PHOENIX,76636,2008,"Imabari Shipbuilding Co Ltd - Marugame KG (Marugame Shipyard),",rgn,14.0m,14.0,,Chinese,"BWTS fitted, SS/DD due Nov '23",allied_2023_W42_Allied-Weekly-Market-Review-Week-42.pdf,7
2023-10-20,42,PMAX,LADY MARITE,76529,2009,"Shin Kasado Dockyard Ltd - Kudamatsu YC, Japan",rgn high,15.0m,15.0,,undisclosed,BWTS fitted,allied_2023_W42_Allied-Weekly-Market-Review-Week-42.pdf,7
2023-10-20,42,UMAX,ATLANTIC ISLAND,61311,2014,"Iwagi Zosen Co Ltd - Kamijima EH, Japan","4 X 30,7t CRANES",24.5m,24.5,,undisclosed,"BWTS fitted, eco",allied_2023_W42_Allied-Weekly-Market-Review-Week-42.pdf,7
2023-10-20,42,SMAX ROTTERDAM,PEARL,58020,2010,"Yangzhou Dayang Shipbuilding Co Ltd - Yangzhou JS, China",4 X 35t CRANES,13.8m,13.8,,undisclosed,BWTS fitted,allied_2023_W42_Allied-Weekly-Market-Review-Week-42.pdf,7
2023-10-20,42,SMAX,OCEAN GLORY,56039,2006,"Mitsui Eng. & SB. Co. Ltd. - Tamano, Japan",4 X 30t CRANES,11.1m,11.1,,Indonesian,BWTS fitted,allied_2023_W42_Allied-Weekly-Market-Review-Week-42.pdf,7
2023-10-20,42,SMAX,BULK TRIDENT,52514,2005,"Tsuneishi Heavy Industries (Cebu) Inc - Balamban, Philippines",4 X 30t CRANES,9.8m,9.8,,undisclosed,BWTS fitted,allied_2023_W42_Allied-Weekly-Market-Review-Week-42.pdf,7
2023-10-20,42,SMAX,IOANNA POL,50238,2004,"Mitsui Eng. & SB. Co. Ltd. - Tamano, Japan",4 X 30t CRANES,7.75m,7.75,,Chinese,SS/DD & BWTS due Jun '24,allied_2023_W42_Allied-Weekly-Market-Review-Week-42.pdf,7
2023-10-20,42,PMAX,WAN HAI 301,,24962001,"SETODA, Japan",rgn,7.5m,7.5,,Chinese,,allied_2023_W42_Allied-Weekly-Market-Review-Week-42.pdf,8
2023-10-20,42,FEEDER,PADIAN 2,,10482006,"Hakata Zosen K.K. - Imabari, Japan",,6.0m,6.0,,Hong Kong Based,,allied_2023_W42_Allied-Weekly-Market-Review-Week-42.pdf,8
2023-10-27,43,VLCC,JIU YUE,305749,2007,"Daewoo Shipbuilding Engineering - Geoje, S. Korea",& Co Ltd,48.5m,48.5,,undisclosed,,allied_2023_W43_Allied-Weekly-Market-Review-Week-43.pdf,7
2023-10-27,43,LR2,HIBERNIAN TIDE,109896,2019,"Shanghai Waigaoqiao Shipbuilding Co Ltd Shanghai, China",- EPOXY rgn,65.5m,65.5,,Minerva Maritime,"BWTS fitted, ice class 1A",allied_2023_W43_Allied-Weekly-Market-Review-Week-43.pdf,7
2023-10-27,43,MR,MR EUPHRATES,50304,2008,"Guangzhou Shipyard International Co Ltd Guangzhou GD, China",- EPOXY,20.8m,20.8,,IMS,"DPP trading, SS/DD due Dec '23",allied_2023_W43_Allied-Weekly-Market-Review-Week-43.pdf,7
2023-10-27,43,MR,VANDA,48056,2009,"Iwagi Zosen Co Ltd Kamijima EH, Japan",- EPOXY,23.5m,23.5,,Indian,BWTS fitted,allied_2023_W43_Allied-Weekly-Market-Review-Week-43.pdf,7
2023-10-27,43,CHEM,CHEM LYRA,17055,2009,"Ltd - Ningbo ZJ,",LINE + China EPOXY,14.6m,14.6,,Seacon,on 5 years BBHP basis,allied_2023_W43_Allied-Weekly-Market-Review-Week-43.pdf,7
2023-10-27,43,CHEM,DOLPHIN 03,13080,2007,"Co Ltd - Tongyeong, Korea",S. Marine Line,$ 18.0 en,,,,,allied_2023_W43_Allied-Weekly-Market-Review-Week-43.pdf,7
2023-10-27,43,CHEM,DOLPHIN 02,13079,2007,"Co Ltd - Tongyeong, Korea",S. Marine Line,,,,,,allied_2023_W43_Allied-Weekly-Market-Review-Week-43.pdf,7
2023-10-27,43,CAPE,SATORI,177456,2007,"Eng. & SB. Co. Ltd., Chiba Works - Ichihara, Japan",,18.5m,18.5,,Densay,BWTS fitted,allied_2023_W43_Allied-Weekly-Market-Review-Week-43.pdf,7
2023-10-27,43,KMAX,BRENDA,81005,2014,"Marine United Corp (JMU) - Tsu ME, Japan",rgn,27.4m,27.4,,Great Eastern,"BWTS & Scrubber fitted, eco",allied_2023_W43_Allied-Weekly-Market-Review-Week-43.pdf,7
2023-10-27,43,PMAX,GOLDEN BULL,75000,2012,"Pipavav Defence & Offshore & Engineering Co Ltd - Rajula, India",,16.0m,16.0,,undisclosed,prompt charter free dely Atlantic,allied_2023_W43_Allied-Weekly-Market-Review-Week-43.pdf,7
2023-10-27,43,UMAX,MARLIN V,61444,2013,"Iwagi Zosen Co Ltd - Kamijima EH, Japan",4 X 30t CRANES,21.0m,21.0,,Alpha Omega Shipping,BWTS fitted,allied_2023_W43_Allied-Weekly-Market-Review-Week-43.pdf,7
2023-10-27,43,SMAX,OCEAN GRACE,56029,2005,"Eng. & SB. Co. Ltd. - Tamano, Japan",4 X 30t CRANES,11.0m,11.0,,Indonesian,,allied_2023_W43_Allied-Weekly-Market-Review-Week-43.pdf,7
2023-10-27,43,HANDY,AM THESEUS,37300,2015,"Nanjing Dongze Shipyard Ltd - Nanjing JS, China",,4 X 30t N/A CRANES,,,Salmi,"old sale, Wartsila",allied_2023_W43_Allied-Weekly-Market-Review-Week-43.pdf,7
2023-10-27,43,HANDY,DARYA JAMUNA,36845,2012,"Hyundai Mipo Dockyard Co Ltd - Ulsan, S. Korea",4 X 35t CRANES,16.0m,16.0,,Greek,BWTS fitted,allied_2023_W43_Allied-Weekly-Market-Review-Week-43.pdf,7
2023-10-27,43,HANDY,ST. GREGORY,32688,2010,"Jiangmen Nanyang Ship Engineering Co Ltd - Jiangmen GD, China","4 X 30,5t rgn CRANES",10.4m,10.4,,Greek,,allied_2023_W43_Allied-Weekly-Market-Review-Week-43.pdf,7
2023-10-27,43,HANDY,MIGHTY MAUD,32576,2007,"Kanda Zosensho K.K. - Kawajiri, Japan","4 X 30,5t CRANES",9.0m,9.0,,undisclosed,BWTS fitted,allied_2023_W43_Allied-Weekly-Market-Review-Week-43.pdf,7
2023-10-27,43,PMAX INDEPENDENT,QUEST,,30912005,"Szczecinska Nowa Sp z oo - Szczecin, Poland",,3 X 45t N/A CRANES,,,undisclosed,,allied_2023_W43_Allied-Weekly-Market-Review-Week-43.pdf,7
2023-10-27,43,VLGC,CLIPPER VICTORY,54048,2009,"HYUNDAI HI, S. Korea","73,537",66.0m,66.0,,undisclosed,,allied_2023_W43_Allied-Weekly-Market-Review-Week-43.pdf,7
2023-11-03,44,VLCC,C. EMPEROR,314000,2004,"SAMSUNG HI, S.",Korea,rgn $,,,undisclosed,bss forward dely Feb &,allied_2023_W44_Allied-Weekly-Market-Review-Week-44.pdf,7
2023-11-03,44,VLCC,C. VISION,314000,2004,"SAMSUNG HI, S.",Korea each,34.5m,34.5,,,Mar '24 respectively,allied_2023_W44_Allied-Weekly-Market-Review-Week-44.pdf,7
2023-11-03,44,VLCC,C. SPIRIT,313998,2013,Hyundai Heavy Industries Co Ltd Gunsan S Korea,-,67.0m,67.0,,New Shipping,incl TC attached until Mar '25 and Aug '24,allied_2023_W44_Allied-Weekly-Market-Review-Week-44.pdf,7
2023-11-03,44,VLCC,C. CHALLENGER,313918,2013,Dalian Shipbuilding Industry Co Ltd Dalian LN (No 2,- Yard),65.0m,65.0,,,"respectively, BWTS & Scrubber fitted",allied_2023_W44_Allied-Weekly-Market-Review-Week-44.pdf,7
2023-11-03,44,VLCC,NECTAR,307284,2008,Dalian Shipbuilding Industry Co Ltd Dalian LN (No 2,"- Yard),",N/A,,,Euronav,purchase option declared,allied_2023_W44_Allied-Weekly-Market-Review-Week-44.pdf,7
2023-11-03,44,AFRA,MARS SUN,115536,2006,"Sasebo Heavy Industries Co. Ltd. Sasebo, Japan",-,38.0m,38.0,,undisclosed,,allied_2023_W44_Allied-Weekly-Market-Review-Week-44.pdf,7
2023-11-03,44,MR,MR TIGRIS,49996,2009,"SPP Plant & Shipbuilding Co Sacheon, S. Korea",Ltd - EPOXY,26.0m,26.0,,Sea World,"BWTS fitted, old sale",allied_2023_W44_Allied-Weekly-Market-Review-Week-44.pdf,7
2023-11-03,44,MR,STI AMBER,49937,2012,"Hyundai Mipo Dockyard Co Ltd Ulsan, S. Korea",- EPOXY,33.9m,33.9,,Greek,BWTS & Scrubber fitted,allied_2023_W44_Allied-Weekly-Market-Review-Week-44.pdf,7
2023-11-03,44,MR,LEON ZEUS,40416,2008,"Santierul Naval Constanta S.A. Constanta, Romania",- EPOXY,21.5m,21.5,,undisclosed,"BWTS fitted, SS/DD passed",allied_2023_W44_Allied-Weekly-Market-Review-Week-44.pdf,7
2023-11-03,44,MR,CHEMTRANS LEO,37662,2006,"Hyundai Mipo Dockyard Co Ltd Ulsan, S. Korea",Epoxy - Phenolic,,,,,,allied_2023_W44_Allied-Weekly-Market-Review-Week-44.pdf,7
2023-11-03,44,MR,CHEMTRANS MERCURY,37623,2006,"Hyundai Mipo Dockyard Co Ltd Ulsan, S. Korea",EPOXY - PHEN en bloc,54.0m,,54.0,U. A. E. Based,,allied_2023_W44_Allied-Weekly-Market-Review-Week-44.pdf,7
2023-11-03,44,MR,CHEMTRANS URANUS,36713,2006,"Hyundai Mipo Dockyard Co Ltd Ulsan, S. Korea",Epoxy - Phenolic,,,,,,allied_2023_W44_Allied-Weekly-Market-Review-Week-44.pdf,7
2023-11-03,44,MR,DICTADOR,34746,2019,"Fujian Mawei Shipbuilding Ltd Fuzhou FJ, China",Epoxy - Phenolic,29.2m,29.2,,undisclosed,BWTS fitted,allied_2023_W44_Allied-Weekly-Market-Review-Week-44.pdf,7
2023-11-03,44,MR,BOW EMMA,25594,2009,"Shin Kurushima Dockyard Co. Ltd. Akitsu, Japan",Stainless - Steel,24.0m,24.0,,Taihua,BWTS fitted,allied_2023_W44_Allied-Weekly-Market-Review-Week-44.pdf,7
2023-11-03,44,PROD/,RAYANA,14958,2009,"STX RO Offshore Braila SA - Braila,",EPOXY,N/A,,,undisclosed,,allied_2023_W44_Allied-Weekly-Market-Review-Week-44.pdf,7
2023-11-03,44,SMALL,ST SARA,8019,2007,"Anadolu Deniz Insaat Kizaklari San. ve Ltd. Sti. - Tuzla,",Epoxy Tic. Phenolic,8.3m,8.3,,,,allied_2023_W44_Allied-Weekly-Market-Review-Week-44.pdf,7
2023-11-03,44,SMALL,VS SALMA,8015,2008,"Anadolu Deniz Insaat Kizaklari San. ve Ltd. Sti. - Tuzla,",EPOXY Tic. PHEN,8.8m,8.8,,undisclosed,,allied_2023_W44_Allied-Weekly-Market-Review-Week-44.pdf,7
2023-11-03,44,SMALL,VS SALOME,7915,2007,"Anadolu Deniz Insaat Kizaklari San. ve Ltd. Sti. - Tuzla,",EPOXY Tic.,8.3m,8.3,,,,allied_2023_W44_Allied-Weekly-Market-Review-Week-44.pdf,7
2023-11-03,44,VLOC,BAO AN,229117,2008,"Namura Shipbuilding Co Ltd - Imari SG, Japan",,N/A,,,Winning,old sale,allied_2023_W44_Allied-Weekly-Market-Review-Week-44.pdf,7
2023-11-03,44,VLOC,STAR VENTURE,206296,2005,"Imabari Shipbuilding Co Ltd - Saijo EH (Saijo Shipyard), Japan",,N/A,,,undisclosed,old sale,allied_2023_W44_Allied-Weekly-Market-Review-Week-44.pdf,7
2023-11-03,44,CAPE,OCEAN CORONA,180220,2009,"Koyo Dockyard Co Ltd - Mihara HS, Japan",rgn,20.75m,20.75,,Chinese,BWTS fitted,allied_2023_W44_Allied-Weekly-Market-Review-Week-44.pdf,7
2023-11-03,44,CAPE,CAPE FLAMINGO,180201,2005,"Koyo Dockyard Co Ltd - Mihara HS, Japan",,15.4m,15.4,,Chinese,BWTS fitted,allied_2023_W44_Allied-Weekly-Market-Review-Week-44.pdf,7
2023-11-03,44,SUB,AS CARLOTTA,,27422006,"Aker MTW Werft GmbH - Wismar,",,3 X 45t N/A,,,Singaporean,,allied_2023_W44_Allied-Weekly-Market-Review-Week-44.pdf,8
2023-11-03,44,FEEDER,MAUREN,,11182005,"Jinling Shipyard - Nanjing JS, China",,2 X 45t N/A CRANES,,,Swedish,,allied_2023_W44_Allied-Weekly-Market-Review-Week-44.pdf,8
2023-11-03,44,LPG,BW PRINCESS,54368,2008,"HYUNDAI HI, S. Korea","80,735",65.0m,65.0,,BGN,BWTS & Scrubber fitted,allied_2023_W44_Allied-Weekly-Market-Review-Week-44.pdf,8
2023-11-03,44,LPG,SEASPEED,28460,2017,"Hyundai Mipo Dockyard Co Ltd - Ulsan, S. Korea","37,390",55.7m,55.7,,undisclosed,eco,allied_2023_W44_Allied-Weekly-Market-Review-Week-44.pdf,8
2023-11-03,44,LPG,NASHWAN,16922,2008,"HYUNDAI HI, S. Korea",,"22,143 N/A",,,Indonesian,old sale,allied_2023_W44_Allied-Weekly-Market-Review-Week-44.pdf,8
2023-11-10,45,AFRA,SKS DOKKA,119950,2010,"Hyundai Samho Industries Co Ltd Samho, S. Korea",Heavy EPOXY -,,,,,,allied_2023_W45_Allied-Weekly-Market-Review-Week-45.pdf,7
2023-11-10,45,AFRA,SKS DELTA,119456,2010,"Hyundai Samho Industries Co Ltd Samho, S. Korea",Heavy EPOXY -,,,,,,allied_2023_W45_Allied-Weekly-Market-Review-Week-45.pdf,7
2023-11-10,45,AFRA,SKS DOURO,119456,2010,"Hyundai Samho Industries Co Ltd Samho, S. Korea",Heavy EPOXY -,,,,,,allied_2023_W45_Allied-Weekly-Market-Review-Week-45.pdf,7
2023-11-10,45,AFRA,SKS DEE,119456,2010,"Hyundai Samho Industries Co Ltd Samho, S. Korea",Heavy EPOXY - in cash & 5.5,239.0m,239.0,,TORM A/S,"eco, LR2",allied_2023_W45_Allied-Weekly-Market-Review-Week-45.pdf,7
2023-11-10,45,AFRA,SKS DONGGANG,119456,2011,"Hyundai Samho Industries Co Ltd Samho, S. Korea",Heavy - EPOXY,millions shares,,,,,allied_2023_W45_Allied-Weekly-Market-Review-Week-45.pdf,7
2023-11-10,45,AFRA,SKS DODA,119456,2012,"Hyundai Samho Industries Co Ltd Samho, S. Korea",Heavy - EPOXY,,,,,,allied_2023_W45_Allied-Weekly-Market-Review-Week-45.pdf,7
2023-11-10,45,AFRA,SKS DEMINI,119456,2012,"Hyundai Samho Industries Co Ltd Samho, S. Korea",Heavy - EPOXY,,,,,,allied_2023_W45_Allied-Weekly-Market-Review-Week-45.pdf,7
2023-11-10,45,AFRA,SKS DOYLES,119456,2010,"Hyundai Samho Industries Co Ltd Samho, S. Korea",Heavy - EPOXY,,,,,,allied_2023_W45_Allied-Weekly-Market-Review-Week-45.pdf,7
2023-11-10,45,AFRA,CONCORD EXPRESS,111920,2003,"HYUNDAI HI, S.",Korea,26.0m,26.0,,U.A.E.,"BWTS fitted, CPP, SS/DD passed",allied_2023_W45_Allied-Weekly-Market-Review-Week-45.pdf,7
2023-11-10,45,AFRA,TORM MARINA,109672,2007,Dalian Shipbuilding Industry Co Ltd Dalian LN (No 2,"- EPOXY Yard),",36.5m,36.5,,undisclosed,Scrubber fitted,allied_2023_W45_Allied-Weekly-Market-Review-Week-45.pdf,7
2023-11-10,45,AFRA,SILVER,107507,2010,Tsuneishi Holdings Corp Tsuneishi Shipbuilding Co,EPOXY -,N/A,,,Azerbaijani,old sale,allied_2023_W45_Allied-Weekly-Market-Review-Week-45.pdf,7
2023-11-10,45,LR1,TORM ESTRID,74999,2004,"HYUNDAI HI, S.",Korea EPOXY,19.5m,19.5,,China,,allied_2023_W45_Allied-Weekly-Market-Review-Week-45.pdf,7
2023-11-10,45,LR1,TORM ISMINI,74999,2004,"HYUNDAI HI, S.",Korea EPOXY,20.5m,20.5,,,,allied_2023_W45_Allied-Weekly-Market-Review-Week-45.pdf,7
2023-11-10,45,MR,SEAWAYS LORAIN,51218,2008,"STX Shipbuilding - Changwon Ltd (Jinhae Shipyard),",Co Epoxy Phenolic S.,24.5m,24.5,,undisclosed,BWTS fitted,allied_2023_W45_Allied-Weekly-Market-Review-Week-45.pdf,7
2023-11-10,45,MR,PRO SAPPHIRE,45887,2003,"Shin Kurushima Dockyard Co. Ltd. Onishi, Japan",- EPOXY,N/A,,,Seven Islands Shipping,SS/DD due Nov '23,allied_2023_W45_Allied-Weekly-Market-Review-Week-45.pdf,7
2023-11-10,45,MR,ROMOE MAERSK,34806,2003,"Guangzhou Shipyard International Co Guangzhou GD,",Ltd - EPOXY China,10.0m,10.0,,undisclosed,"deepwell, SS/DD due",allied_2023_W45_Allied-Weekly-Market-Review-Week-45.pdf,7
2023-11-10,45,MR,ROBERT MAERSK,34801,2003,"Guangzhou Shipyard International Co Guangzhou GD,",Ltd - EPOXY China,each,,,undisclosed,Nov'23,allied_2023_W45_Allied-Weekly-Market-Review-Week-45.pdf,7
2023-11-10,45,PROD/,MONAX,20762,2005,Usuki Shipyard Co,Ltd - Stainless,,,,,,allied_2023_W45_Allied-Weekly-Market-Review-Week-45.pdf,7
2023-11-10,45,CHEM,MARMOTAS,19953,2005,"Usuki OT, Japan",Steel,,,,,,allied_2023_W45_Allied-Weekly-Market-Review-Week-45.pdf,7
2023-11-10,45,PROD/,ENFORD,16886,2012,Taizhou Sanfu Engineering Co,Ship Ltd - EPOXY,,,,,,allied_2023_W45_Allied-Weekly-Market-Review-Week-45.pdf,7
2023-11-10,45,CHEM,KENRICK,16788,2012,"Engineering Co Taizhou JS, China",Ltd - PHEN,,,,,,allied_2023_W45_Allied-Weekly-Market-Review-Week-45.pdf,7
2023-11-10,45,CHEM,BRO DEVELOPER,14737,2007,"Nanjing JS, China",PHEN,10.1m,10.1,,Hawks,"BWTS fitted, ice class 1A",allied_2023_W45_Allied-Weekly-Market-Review-Week-45.pdf,7
2023-11-10,45,CAPE,AGIS,182334,2023,"Namura Shipbuilding Co Ltd - Imari SG, Japan",,67.5m,67.5,,undisclosed,"BWTS fitted, eco",allied_2023_W45_Allied-Weekly-Market-Review-Week-45.pdf,8
2023-11-10,45,KMAX,ULTRA PANTHER,83610,2008,"Sanoyas Hishino Meisho Corp - Kurashiki OY, Japan",,16.3m,16.3,,undisclosed,"BWTS fitted, SS/DD passed, bss dely Dec' '23/ Jan '24",allied_2023_W45_Allied-Weekly-Market-Review-Week-45.pdf,8
2023-11-10,45,KMAX,AP LOVRIJENAC,82000,2023,"Jiangsu New Hantong Ship Heavy Industry Co Ltd - Yangzhong JS,",,37.0m,37.0,,undisclosed,bss dely Jan '24,allied_2023_W45_Allied-Weekly-Market-Review-Week-45.pdf,8
2023-11-10,45,KMAX,XIN YU LONG,80226,2000,"China Shipbuilding Corp (CSBC) - Kaohsiung, Taiwan",4 X 30t CRANES,8.85m,8.85,,Chinese,"BWTS fitted, old sale",allied_2023_W45_Allied-Weekly-Market-Review-Week-45.pdf,8
2023-11-10,45,PMAX,THOR,76838,2005,"Oshima Shipbuilding Co Ltd - Saikai NS, Japan",,11.9m,11.9,,Ripley Shipping India,BWTS fitted,allied_2023_W45_Allied-Weekly-Market-Review-Week-45.pdf,8
2023-11-10,45,UMAX LOWLANDS,MIMOSA,63939,2018,"Tsuneishi Heavy Industries (Cebu) Inc - Balamban, Philippines",4 X 36t CRANES,25.5m,25.5,,,"BWTS fitted, eco",allied_2023_W45_Allied-Weekly-Market-Review-Week-45.pdf,8
2023-11-10,45,UMAX,FJM GLORY,61166,2019,"DACKS (Dalian COSCO KHI Ship Engineering Co Ltd) - Dalian LN, China",4 X 30t CRANES,29.5m,29.5,,undisclosed,"BWTS fitted, eco",allied_2023_W45_Allied-Weekly-Market-Review-Week-45.pdf,8
2023-11-10,45,SMAX,OCEAN DESTINY,58786,2008,Tsuneishi Holdings Corp Tsuneishi Shipbuilding Co -,4 X 30t CRANES,13.8m,13.8,,Pioneer,old sale,allied_2023_W45_Allied-Weekly-Market-Review-Week-45.pdf,8
2023-11-10,45,SMAX,ROYAL KNIGHT,58721,2013,"Kawasaki Heavy Industries Ltd - Kobe HG, Japan","4 X 30,5t rgn $ CRANES",19.5m,19.5,,Greek,"BWTS fitted, SS/DD passed",allied_2023_W45_Allied-Weekly-Market-Review-Week-45.pdf,8
2023-11-10,45,SMAX,NIPPON MARU,55581,2011,"Mitsui Eng. & SB. Co. Ltd. - Tamano, Japan",4 X 30t CRANES,17.3m,17.3,,Kouros Maritime,"BWTS fitted, old sale",allied_2023_W45_Allied-Weekly-Market-Review-Week-45.pdf,8
2023-11-10,45,HANDY,AFRICAN IBIS,32347,2004,"Kanda Zosensho K.K. - Kawajiri, Japan","4 X 30,5t CRANES",8.6m,8.6,,undisclosed,,allied_2023_W45_Allied-Weekly-Market-Review-Week-45.pdf,8
2023-11-17,46,SUEZ,CYPRESS,158388,2022,"Daehan Shipbuilding Co Ltd - Hwawon (Haenam Shipyard), Korea",S.,N/A,,,Ocean Yield,"on 14yr BB charter basis, incl purchase obligation at",allied_2023_W46_Allied-Weekly-Market-Review-Week-46.pdf,7
2023-11-17,46,SUEZ,CEDAR,158289,2022,"Daehan Shipbuilding Co Ltd - Hwawon (Haenam Shipyard), Korea",S.,,,,,the end,allied_2023_W46_Allied-Weekly-Market-Review-Week-46.pdf,7
2023-11-17,46,AFRA,P. KIKUMA,115915,2007,"SAMSUNG HI, S.",Korea,39.3m,39.3,,Middle Eastern,"BWTS fitted, bss dely Dec '23",allied_2023_W46_Allied-Weekly-Market-Review-Week-46.pdf,7
2023-11-17,46,MR,CHEMTRANS CAROLINA,53160,2006,"Guangzhou Shipyard International Co Guangzhou GD,",Epoxy Ltd - Phenolic China low,29.0m,29.0,,undisclosed,"BWTS fitted, Wartsila, ice class 1A",allied_2023_W46_Allied-Weekly-Market-Review-Week-46.pdf,7
2023-11-17,46,MR,FALCON SEXTANT,50994,2009,STX Offshore Shipbuilding Co,& Ltd - EPOXY,25.4m,25.4,,undisclosed,,allied_2023_W46_Allied-Weekly-Market-Review-Week-46.pdf,7
2023-11-17,46,ALBATROSS,TRADER,19862,2015,,,,,,,,allied_2023_W46_Allied-Weekly-Market-Review-Week-46.pdf,7
2023-11-17,46,CAPE,FRONTIER BRILLIANCE,181412,2013,"Imabari Shipbuilding Co Ltd - Saijo EH (Saijo Shipyard), Japan",rgn,30.5m,30.5,,UC Shipping,"BWTS fitted, SS/DD passed",allied_2023_W46_Allied-Weekly-Market-Review-Week-46.pdf,7
2023-11-17,46,CAPE,CHOW,181146,2016,"Shanghai Waigaoqiao Shipbuilding Co Ltd - Shanghai, China",,43.1m,43.1,,Genco,"BWTS & Scrubber fitted, eco",allied_2023_W46_Allied-Weekly-Market-Review-Week-46.pdf,7
2023-11-17,46,CAPE,COMANCHE,180882,2016,"Shanghai Waigaoqiao Shipbuilding Co Ltd - Shanghai, China",,43.1m,43.1,,Genco,"Scrubber fitted, eco",allied_2023_W46_Allied-Weekly-Market-Review-Week-46.pdf,7
2023-11-17,46,CAPE,HONOR,179469,2011,Hyundai Heavy Industries Co Ltd - Gunsan S Korea,,rgn $,,,,,allied_2023_W46_Allied-Weekly-Market-Review-Week-46.pdf,7
2023-11-17,46,CAPE,GLORY,179461,2011,"Hyundai Heavy Industries Co Ltd - Gunsan, S. Korea",en bloc,49.7m,,49.7,Moundreas,BWTS fitted,allied_2023_W46_Allied-Weekly-Market-Review-Week-46.pdf,7
2023-11-17,46,KMAX,STAR JENNIFER,82295,2006,"Tsuneishi Corp - Fukuyama HS, Japan",rgn,14.0m,14.0,,U.S.A. based,BWTS & Scrubber fitted,allied_2023_W46_Allied-Weekly-Market-Review-Week-46.pdf,7
2023-11-17,46,KMAX,NORD BELUGA,81841,2015,"Oshima Shipbuilding Co Ltd - Saikai NS, Japan",rgn,28.0m,28.0,,Greek,"BWTS & Scrubber fitted, eco, ice class 1C",allied_2023_W46_Allied-Weekly-Market-Review-Week-46.pdf,7
2023-11-17,46,PMAX,MAGIC MOON,76662,2005,"Imabari Shipbuilding Co Ltd - Marugame KG (Marugame Shipyard),",,11.5m,11.5,,Turkish,"BWTS fitted, DD passed",allied_2023_W46_Allied-Weekly-Market-Review-Week-46.pdf,7
2023-11-17,46,PMAX,OMICRON LIGHT,76602,2005,"Imabari Shipbuilding Co Ltd - Marugame KG (Marugame Shipyard),",,10.7m,10.7,,Vietnamese,BWTS fitted,allied_2023_W46_Allied-Weekly-Market-Review-Week-46.pdf,7
2023-11-17,46,PMAX,KATERINA,76015,2004,"Tsuneishi Corp - Fukuyama HS, Japan",,10.2m,10.2,,undisclosed,BWTS fitted,allied_2023_W46_Allied-Weekly-Market-Review-Week-46.pdf,7
2023-11-17,46,UMAX,STAR ATHENA,63371,2015,"Chengxi Shipyard Co Ltd - Jiangyin JS, China",4 X 30t high $ CRANES,23.0m,23.0,,Greek,eco,allied_2023_W46_Allied-Weekly-Market-Review-Week-46.pdf,7
2023-11-17,46,SMAX,STAR GLORY,58680,2012,Nantong COSCO KHI Ship Engineering Co Ltd (NACKS) - Nantong,"CR 4x30.5 T, CR 4x30 T",19.0m,19.0,,Greek,BWTS & Scrubber fitted,allied_2023_W46_Allied-Weekly-Market-Review-Week-46.pdf,7
2023-11-17,46,SMAX,ATHERINA,58677,2009,"Tsuneishi Heavy Industries (Cebu) Inc - Balamban, Philippines",4 X 30t rgn $ CRANES,14.5m,14.5,,Indonesian,,allied_2023_W46_Allied-Weekly-Market-Review-Week-46.pdf,7
2023-11-24,47,SUEZ,POLIEGOS,157540,2017,"Sungdong Shipbuilding & Marine Engineering Co Ltd - Tongyeong,",S.,N/A,,,Okeanis Eco Tankers Corp,declaration of purchase option,allied_2023_W47_Allied-Weekly-Market-Review-Week-47.pdf,7
2023-11-24,47,AFRA,AEGEAN MYTH,115838,2006,"SAMSUNG HI, S.",Korea EPOXY,37.5m,37.5,,Chinese,"BWTS fitted, prompt dely Med",allied_2023_W47_Allied-Weekly-Market-Review-Week-47.pdf,7
2023-11-24,47,AFRA,NAVIG8 PRESTIGE JKB,109995,2019,"New Times Shipbuilding Co Jingjiang JS, China",Ltd - EPOXY,N/A,,,NAVIG8,declaration of purchase option,allied_2023_W47_Allied-Weekly-Market-Review-Week-47.pdf,7
2023-11-24,47,MR,CHEMTRANS CAROLINA,53160,2006,"Guangzhou Shipyard International Co Guangzhou GD,",Epoxy Ltd - Phenolic China low,20.0m,20.0,,Chinese,"BWTS fitted, Wartsila, ice class 1A",allied_2023_W47_Allied-Weekly-Market-Review-Week-47.pdf,7
2023-11-24,47,MR,OCIOS IOANNIS,47147,2009,"Hyundai Mipo Dockyard Co Ltd Ulsan, S. Korea",Epoxy - Phenolic,25.0m,25.0,,undisclosed,,allied_2023_W47_Allied-Weekly-Market-Review-Week-47.pdf,7
2023-11-24,47,MR,VASSO,46177,2006,"STX Shipbuilding Ltd - Changwon (Jinhae Shipyard),",Co Epoxy Phenolic S.,19.25m,19.25,,,,allied_2023_W47_Allied-Weekly-Market-Review-Week-47.pdf,7
2023-11-24,47,MR,SHANDONG WEIHE,45898,2004,"Shin Kurushima Dockyard Co. Ltd. Onishi, Japan",- EPOXY,14.0m,14.0,,undisclosed,"BWTS fitted, deepwell, GSE auction sale",allied_2023_W47_Allied-Weekly-Market-Review-Week-47.pdf,7
2023-11-24,47,SMALL,LOI HOPE,8941,2008,"Kwangsung Shipbuilding Co Mokpo, S. Korea",Ltd - Marine Line,8.6m,8.6,,undisclosed,BWTS fitted,allied_2023_W47_Allied-Weekly-Market-Review-Week-47.pdf,7
2023-11-24,47,CAPE,HONOR,179469,2011,Hyundai Heavy Industries Co Ltd - Gunsan S Korea,,26.5m,26.5,,,,allied_2023_W47_Allied-Weekly-Market-Review-Week-47.pdf,7
2023-11-24,47,CAPE,GLORY,179461,2011,"Hyundai Heavy Industries Co Ltd - Gunsan, S. Korea",,each,,,Moundreas,"BWTS fitted, old sale",allied_2023_W47_Allied-Weekly-Market-Review-Week-47.pdf,7
2023-11-24,47,CAPE,GOODSHIP,177536,2005,"Mitsui Eng. & SB. Co. Ltd., Chiba Works - Ichihara, Japan",,,,,,,allied_2023_W47_Allied-Weekly-Market-Review-Week-47.pdf,7
2023-11-24,47,CAPE,TRADERSHIP,176925,2006,"Namura Shipbuilding Co Ltd - Imari SG, Japan",,N/A,,,Chinese,sale & leaseback deal,allied_2023_W47_Allied-Weekly-Market-Review-Week-47.pdf,7
2023-11-24,47,CAPE,GLORIUSHIP,171314,2004,"Hyundai Samho Heavy Industries Co Ltd - Samho, S. Korea",,,,,,,allied_2023_W47_Allied-Weekly-Market-Review-Week-47.pdf,7
2023-11-24,47,CAPE MARAN,INNOVATION,171681,2004,"Daewoo Shipbuilding & Marine Engineering Co Ltd - Geoje, S.",rgn,13.6m,13.6,,Middle Eastern,BWTS & Scrubber fitted,allied_2023_W47_Allied-Weekly-Market-Review-Week-47.pdf,7
2023-11-24,47,KMAX,AURORA BOREALIS,82315,2023,COSCO Shipping Heavy Industry (Yangzhou) Co Ltd -,,38.3m,38.3,,NNC Shipping,"BWTS fitted, eco, Tier III",allied_2023_W47_Allied-Weekly-Market-Review-Week-47.pdf,7
2023-11-24,47,KMAX PEDHOULAS,CHERRY,82013,2015,"Jiangsu Newyangzi Shipbuilding Co Ltd - Jingjiang JS, China",,26.6m,26.6,,undisclosed,Scrubber fitted,allied_2023_W47_Allied-Weekly-Market-Review-Week-47.pdf,7
2023-11-24,47,UMAX,SANTA VITORIA,61438,2012,"Iwagi Zosen Co Ltd - Kamijima EH, Japan","4 X 30,7t CRANES",19.8m,19.8,,undisclosed,BWTS fitted,allied_2023_W47_Allied-Weekly-Market-Review-Week-47.pdf,7
2023-11-24,47,SMAX,NPS MOSA,53556,2007,"Iwagi Zosen Co Ltd - Kamijima EH, Japan","CR 4x31 T, CR 4x30.5 T",11.6m,11.6,,S. Korean,BWTS fitted,allied_2023_W47_Allied-Weekly-Market-Review-Week-47.pdf,7
2023-11-24,47,HANDY,NAVIOS LYRA,34707,2012,"SPP Shipbuilding Co Ltd - Tongyeong, S. Korea",4 X 35t CRANES,13.75m,13.75,,Middle Eastern,BWTS fitted,allied_2023_W47_Allied-Weekly-Market-Review-Week-47.pdf,7
2023-11-24,47,HANDY,YANGTZE PIONEER,32613,2011,"Jiangmen Nanyang Ship Engineering Co Ltd - Jiangmen GD,",4 X 30t rgn $ CRANES,10.0m,10.0,,Greek,"BWTS fitted, old sale",allied_2023_W47_Allied-Weekly-Market-Review-Week-47.pdf,7
2023-11-24,47,HANDY,TANAIS FLYER,28674,1998,"Imabari Shipbuilding Co Ltd - Imabari EH (Imabari Shipyard),","4 X 30,5t CRANES",4.8m,4.8,,undisclosed,,allied_2023_W47_Allied-Weekly-Market-Review-Week-47.pdf,7
2023-11-24,47,PMAX,NORTHERN DECENCY,,39632003,"HYUNDAI HI, S. Korea",,12.65m,12.65,,Chinese,,allied_2023_W47_Allied-Weekly-Market-Review-Week-47.pdf,8
2023-11-24,47,SUB,AS PETRA,,25562004,"HYUNDAI HI, S. Korea",en 4 X 40t,25.5m,25.5,,undisclosed,bss dely Q1 '24,allied_2023_W47_Allied-Weekly-Market-Review-Week-47.pdf,8
2023-11-24,47,HAMMONIA,HUSUM,,25562006,"HYUNDAI HI, S. Korea",,9.74m,9.74,,undisclosed,,allied_2023_W47_Allied-Weekly-Market-Review-Week-47.pdf,8
2023-11-24,47,LPG,LIBRAMONT,29328,2006,"Daewoo Shipbuilding & Marine Engineering Co Ltd - Geoje, S. Korea","37,686",35.0m,35.0,,undisclosed,incl TC back to Exmar,allied_2023_W47_Allied-Weekly-Market-Review-Week-47.pdf,8
2023-11-24,47,LPG,SOMBEKE,29213,2006,"Daewoo Shipbuilding & Marine Engineering Co Ltd - Geoje, S. Korea",,"each 37,678",,,,,allied_2023_W47_Allied-Weekly-Market-Review-Week-47.pdf,8
2023-11-24,47,LPG,ECO ETHEREAL,26645,2010,"Hyundai Mipo Dockyard Co Ltd - Ulsan, S. Korea","34,300",43.0m,43.0,,undisclosed,,allied_2023_W47_Allied-Weekly-Market-Review-Week-47.pdf,8
2023-11-24,47,LPG,SEAPEAK NAPA,10790,2003,"Hudong-Zhonghua Shipbuilding (Group) Co Ltd - Shanghai, China","rgn $ 9,875",10.0m,10.0,,undisclosed,SS/DD passed,allied_2023_W47_Allied-Weekly-Market-Review-Week-47.pdf,8
2023-12-01,48,VLCC,HARAD,303115,2001,"SAMSUNG HI, S.",Korea,30.0m,30.0,,Chinese,"BWTS fitted, CAP 1",allied_2023_W48_Allied-Weekly-Market-Review-Week-48.pdf,7
2023-12-01,48,VLCC,JESSICA D,300976,2004,"IHI Marine United Kure HS, Japan",Inc -,32.5m,32.5,,undisclosed,CAP 2,allied_2023_W48_Allied-Weekly-Market-Review-Week-48.pdf,7
2023-12-01,48,VLCC,CRYSTAL STAR,298570,2000,"Hitachi Zosen Corp Nagasu KM, Japan",- MAR,N/A,,,Singaporean,old sale,allied_2023_W48_Allied-Weekly-Market-Review-Week-48.pdf,7
2023-12-01,48,SUEZ,NOBLEWAY,164028,2010,"Bohai Shipbuilding Heavy Industry Co Huludao LN, China",Ltd - MAR,47.0m,47.0,,New Shipping,"BWTS & scrubber fitted, CAP 1",allied_2023_W48_Allied-Weekly-Market-Review-Week-48.pdf,7
2023-12-01,48,AFRA,LR2 ETERNITY,105445,2006,"Sumitomo Heavy Industries Marine Engineering Co.,",& EPOXY Ltd. -,N/A,,,Middle Eastern,old sale,allied_2023_W48_Allied-Weekly-Market-Review-Week-48.pdf,7
2023-12-01,48,MR,TORM TITAN,49667,2016,"Sungdong Shipbuilding & Marine Engineering Co Ltd - Tongyeong,",EPOXY S.,N/A,,,TORM A/S,declaration of purchase option,allied_2023_W48_Allied-Weekly-Market-Review-Week-48.pdf,7
2023-12-01,48,MR,TORM TORINO,49667,2016,"Sungdong Shipbuilding & Marine Engineering Co Ltd - Tongyeong,",EPOXY S.,N/A,,,TORM A/S,declaration of purchase option,allied_2023_W48_Allied-Weekly-Market-Review-Week-48.pdf,7
2023-12-01,48,MR,TORM KANSAS,46922,2006,"Hyundai Mipo Dockyard Co Ltd Ulsan, S. Korea",- EPOXY,19.1m,19.1,,undisclosed,,allied_2023_W48_Allied-Weekly-Market-Review-Week-48.pdf,7
2023-12-01,48,MR,ADVANTAGE PRIDE,37311,2006,"Hyundai Mipo Dockyard Co Ltd Ulsan, S. Korea",Epoxy - Phenolic,N/A,,,Besiktas,old sale,allied_2023_W48_Allied-Weekly-Market-Review-Week-48.pdf,7
2023-12-01,48,CHEM,BDP SPIRIT,15202,2009,"Sanayi ve Ticaret Basiskele, Turkey",MAR AS -,12.0m,12.0,,undisclosed,"incl. 1yr TC back at US$ 16,500/day",allied_2023_W48_Allied-Weekly-Market-Review-Week-48.pdf,7
2023-12-01,48,CHEM,TARRANT,13211,2008,"Ltd - Busan, S. Korea",Phenolic,9.25m,9.25,,undisclosed,passed,allied_2023_W48_Allied-Weekly-Market-Review-Week-48.pdf,7
2023-12-01,48,CAPE,HERUN CHINA,181056,2017,"Shanghai Waigaoqiao Shipbuilding Co Ltd - Shanghai, China",xs,42.0m,42.0,,European,"BWTS fitted, eco, incl. TC attached until min 15 Mar/ max 15 Jul '24 to Olam at 112% of the BCI",allied_2023_W48_Allied-Weekly-Market-Review-Week-48.pdf,7
2023-12-01,48,KMAX,KAI OLDENDORFF,81600,2019,"Jiangsu Hantong Ship Heavy Industry Co Ltd - Tongzhou JS, China",,30.75m,30.75,,Far Eastern,"BWTS & Scrubber fitted, eco, incl. 5y TC back to Oldendorff at index linked rate",allied_2023_W48_Allied-Weekly-Market-Review-Week-48.pdf,7
2023-12-01,48,KMAX,AQUAVITA SOL,81541,2020,"Jiangsu Hantong Ship Heavy Industry Co Ltd - Tongzhou JS, China",,30.5m,30.5,,Chinese,"BWTS fitted, eco, Tier II",allied_2023_W48_Allied-Weekly-Market-Review-Week-48.pdf,7
2023-12-01,48,KMAX,AQUAVITA SEA,81479,2020,"Jiangsu Hantong Ship Heavy Industry Co Ltd - Tongzhou JS, China",,each,,,,,allied_2023_W48_Allied-Weekly-Market-Review-Week-48.pdf,7
2023-12-01,48,KMAX,CYMONA GALAXY,81383,2009,"Universal Shipbuilding Corp - Maizuru KY, Japan",high,15.0m,15.0,,Greek,"BWTS fitted, on bss dely Mar '24",allied_2023_W48_Allied-Weekly-Market-Review-Week-48.pdf,7
2023-12-01,48,SMAX,ZHE HAI 169,57000,2011,"China Shipping Industry (Jiangsu) Co Ltd - Jiangdu JS, China",4 X 30t rgn $ CRANES,11.7m,11.7,,undisclosed,online auction sale,allied_2023_W48_Allied-Weekly-Market-Review-Week-48.pdf,7
2023-12-01,48,SMAX,ORANGE RIVER,55687,2007,"Mitsui Eng. & SB. Co. Ltd. - Tamano, Japan",,4 X 30t N/A CRANES,,,Indonesian,old sale,allied_2023_W48_Allied-Weekly-Market-Review-Week-48.pdf,7
2023-12-01,48,HMAX ATLANTIC,ALTAMIRA,43368,2017,"Qingshan Shipyard - Wuhan HB, China",4 X 30t CRANES,23.0m,23.0,,S. Korean,"BWTS fitted, eco",allied_2023_W48_Allied-Weekly-Market-Review-Week-48.pdf,7
2023-12-01,48,HANDY,VULLY,35697,2011,"Shinan Heavy Industries Co Ltd - Jido, S. Korea",4 X 30t rgn $ CRANES,13.0m,13.0,,Far Eastern,BWTS fitted,allied_2023_W48_Allied-Weekly-Market-Review-Week-48.pdf,7
2023-12-01,48,HANDY,PAN GLORIS,32975,2010,"Taizhou Maple Leaf Shipbuilding Co Ltd - Linhai ZJ, China",,"4 X 30,5t N/A CRANES",,,Syrian,,allied_2023_W48_Allied-Weekly-Market-Review-Week-48.pdf,7
2023-12-08,49,VLCC,NINAWA,320596,2019,"SAMSUNG HI, S.",Korea rgn,112.0m,112.0,,Middle Eastern,"BWTS & scrubber fitted,",allied_2023_W49_Allied-Weekly-Market-Review-Week-49.pdf,7
2023-12-08,49,VLCC,DIYALA,320596,2019,"SAMSUNG HI, S.",Korea,each,,,,SS/DD Mar '24,allied_2023_W49_Allied-Weekly-Market-Review-Week-49.pdf,7
2023-12-08,49,VLCC ATHENIAN,FREEDOM,299991,2013,"HYUNDAI HI, S.",Korea EPOXY,73.5m,73.5,,Thenamaris,"BWTS & scrubber fitted, SS/DD passed",allied_2023_W49_Allied-Weekly-Market-Review-Week-49.pdf,7
2023-12-08,49,LR1,LEON APOLLON,74999,2009,"Hyundai Mipo Dockyard Co Ltd Ulsan, S. Korea",- EPOXY rgn,28.0m,28.0,,European,"BWTS fitted, prompt delivery",allied_2023_W49_Allied-Weekly-Market-Review-Week-49.pdf,7
2023-12-08,49,LR1,TTC VIDYUT,73948,2008,"New Century Shipbuilding Co Jingjiang JS, China",Ltd - EPOXY,24.0m,24.0,,Spring,"BWTS fitted, old sale",allied_2023_W49_Allied-Weekly-Market-Review-Week-49.pdf,7
2023-12-08,49,MR,BAHRI ROSE,49631,2006,"Daewoo Shipbuilding & Marine Engineering Co Ltd - Geoje,",EPOXY S.,18.0m,18.0,,undisclosed,old sale,allied_2023_W49_Allied-Weekly-Market-Review-Week-49.pdf,7
2023-12-08,49,MR NORD,SUSTAINABLE,49579,2015,"STX Offshore Shipbuilding Co Changwon (Jinhae Shipyard), S. Korea",& Ltd - Epoxy Phenolic xs,39.0m,39.0,,undisclosed,"BWTS & scrubber fitted, eco, vessels will remain",allied_2023_W49_Allied-Weekly-Market-Review-Week-49.pdf,7
2023-12-08,49,MR,NORD SUPREME,49552,2015,STX Offshore Shipbuilding Co Changwon (Jinhae,& Epoxy Ltd - Phenolic,each,,,,in the Norden pool,allied_2023_W49_Allied-Weekly-Market-Review-Week-49.pdf,7
2023-12-08,49,MR TRADEWIND,ENERGY,47128,2009,"Hyundai Mipo Dockyard Co Ltd Ulsan, S. Korea",- EPOXY,24.75m,24.75,,undisclosed,BWTS fitted,allied_2023_W49_Allied-Weekly-Market-Review-Week-49.pdf,7
2023-12-08,49,MR,RUNDEMANEN,34614,2004,"Kitanihon Shipbuilding Co Ltd - Hachinohe, Japan",Stainless Steel rgn,20.0m,20.0,,Chinese,,allied_2023_W49_Allied-Weekly-Market-Review-Week-49.pdf,7
2023-12-08,49,CAPE,IRON MIRACLE,180643,2011,"Tsuneishi Heavy Industries (Cebu) Inc - Balamban, Philippines",,27.2m,27.2,,Costamare,"BWTS fitted, eco, on bss dely Q1 '24",allied_2023_W49_Allied-Weekly-Market-Review-Week-49.pdf,7
2023-12-08,49,CAPE,MAGIC ORION,180200,2006,"Imabari Shipbuilding Co Ltd - Saijo EH (Saijo Shipyard), Japan",rgn,17.0m,17.0,,Chinese,,allied_2023_W49_Allied-Weekly-Market-Review-Week-49.pdf,7
2023-12-08,49,CAPE,MINERAL NINGBO,178120,2009,"Shanghai Waigaoqiao Shipbuilding Co Ltd - Shanghai, China",,20.0m,20.0,,Agricore,on bss prompt dely in China,allied_2023_W49_Allied-Weekly-Market-Review-Week-49.pdf,7
2023-12-08,49,CAPE,THE MOTHERSHIP,177544,2006,"Mitsui Eng. & SB. Co. Ltd., Chiba Works - Ichihara, Japan",,17.4m,17.4,,Chinese,BWTS fitted,allied_2023_W49_Allied-Weekly-Market-Review-Week-49.pdf,7
2023-12-08,49,CAPE,MINERAL DESTELBERGEN,175401,2010,"New Times Shipbuilding Co Ltd - Jingjiang JS, China",,,,,,,allied_2023_W49_Allied-Weekly-Market-Review-Week-49.pdf,7
2023-12-08,49,CAPE,MINERAL TEMSE,175401,2010,"New Times Shipbuilding Co Ltd - Jingjiang JS, China",rgn en bloc,62.0m,,62.0,EGPN,,allied_2023_W49_Allied-Weekly-Market-Review-Week-49.pdf,7
2023-12-08,49,CAPE,MINERAL BRUGGE,175155,2011,"New Times Shipbuilding Co Ltd - Jingjiang JS, China",,,,,,,allied_2023_W49_Allied-Weekly-Market-Review-Week-49.pdf,7
2023-12-08,49,CAPE,XIN WANG HAI,174732,2003,"Shanghai Waigaoqiao Shipbuilding Co Ltd - Shanghai, China",,N/A,,,GMS,SS/DD due,allied_2023_W49_Allied-Weekly-Market-Review-Week-49.pdf,7
2023-12-08,49,KMAX,IC HARVEST,83476,2010,"Sanoyas Hishino Meisho Corp - Kurashiki OY, Japan Tsuneishi Group",,17.0m,17.0,,Chinese,"BWTS fitted, SS/DD due Feb '24",allied_2023_W49_Allied-Weekly-Market-Review-Week-49.pdf,7
2023-12-08,49,KMAX,PEAK DAWN,81902,2013,(Zhoushan) Shipbuilding Inc - Daishan County ZJ,,23.0m,23.0,,Chinese,"BWTS fitted, eco, bss forward dely",allied_2023_W49_Allied-Weekly-Market-Review-Week-49.pdf,7
2023-12-08,49,LPG,AVANCE CASTOR,62500,24,"Hanwha Ocean Co Ltd - Geoje, S. Korea","89,450",120.0m,120.0,,Pertamina,"bss dely Q1 '24, LPG DF",allied_2023_W49_Allied-Weekly-Market-Review-Week-49.pdf,8
2023-12-08,49,LPG,AVANCE POLLUX,62500,24,"Hanwha Ocean Co Ltd - Geoje, S. Korea",,"each 89,459",,,,,allied_2023_W49_Allied-Weekly-Market-Review-Week-49.pdf,8
2023-12-15,50,AFRA,AEGEAN POWER,115754,2007,"SAMSUNG HI, S.",Korea,40.0m,40.0,,U.A.E. based,BWTS fitted,allied_2023_W50_Allied-Weekly-Market-Review-Week-50.pdf,7
2023-12-15,50,MR,SCF ANGARA,50956,2008,"STX Shipbuilding Ltd - Changwon (Jinhae Shipyard),",Co Epoxy Phenolic S.,25.0m,25.0,,undisclosed,"BWTS fitted, ice class 1A, SS/DD due Dec '23",allied_2023_W50_Allied-Weekly-Market-Review-Week-50.pdf,7
2023-12-15,50,MR,JAG PRABHA,47999,2004,"Iwagi Zosen Co Kamijima EH, Japan",Ltd - EPOXY,N/A,,,undisclosed,dely Mar '24,allied_2023_W50_Allied-Weekly-Market-Review-Week-50.pdf,7
2023-12-15,50,MR,HANA,47198,1997,Onomichi Dockyard Ltd - Onomichi Japan,"Co HS, EPOXY",6.5m,6.5,,undisclosed,,allied_2023_W50_Allied-Weekly-Market-Review-Week-50.pdf,7
2023-12-15,50,MR,CENTENNIAL MATSUYAMA,47165,2008,Onomichi Dockyard Ltd - Onomichi Japan,"Co HS, EPOXY",23.0m,23.0,,undisclosed,"BWTS fitted, Cap 1",allied_2023_W50_Allied-Weekly-Market-Review-Week-50.pdf,7
2023-12-15,50,MR,ALICUDI M,40083,2004,"ShinA Shipbuilding Ltd - Tongyeong, Korea",Co EPOXY S. PHEN,14.5m,14.5,,Turkish,novation of BWTS,allied_2023_W50_Allied-Weekly-Market-Review-Week-50.pdf,7
2023-12-15,50,CHEM,XING HAI HUA,72817204,2009,Shiprepair & Building Co Ltd - Wenling,"EPOXY ZJ, low",8.0m,8.0,,undisclosed,,allied_2023_W50_Allied-Weekly-Market-Review-Week-50.pdf,7
2023-12-15,50,VLOC,BEKS BROWN,206204,2005,"Imabari Shipbuilding Co Ltd - Saijo EH (Saijo Shipyard), Japan",,16.5m,16.5,,Chinese,"BWTS & Scrubber fitted, SS/DD due Jan '24, old sale",allied_2023_W50_Allied-Weekly-Market-Review-Week-50.pdf,7
2023-12-15,50,PMAX,DOUBLE MIRACLE,95444,2014,"Co Ltd - Mihara HS (Hiroshima Shipyard),",,25.0m,25.0,,Velos,eco,allied_2023_W50_Allied-Weekly-Market-Review-Week-50.pdf,7
2023-12-15,50,KMAX,ULTRA TIGER,83611,2009,"Sanoyas Hishino Meisho Corp - Kurashiki OY, Japan",rgn,16.0m,16.0,,Indian,BWTS fitted,allied_2023_W50_Allied-Weekly-Market-Review-Week-50.pdf,7
2023-12-15,50,KMAX,PRESINGE TRADER,81115,2016,"Jiangsu New Hantong Ship Heavy Industry Co Ltd - Yangzhong JS,",,26.0m,26.0,,W MARINE,BWTS fitted,allied_2023_W50_Allied-Weekly-Market-Review-Week-50.pdf,7
2023-12-15,50,KMAX,MELODIA,80554,2013,"Japan Marine United Corp (JMU) - Maizuru KY, Japan",,22.0m,22.0,,undisclosed,BWTS fitted,allied_2023_W50_Allied-Weekly-Market-Review-Week-50.pdf,7
2023-12-15,50,PMAX,TOPAZ,75499,2004,"Sanoyas Hishino Meisho Corp - Kurashiki OY, Japan",xs,10.5m,10.5,,undisclosed,,allied_2023_W50_Allied-Weekly-Market-Review-Week-50.pdf,7
2023-12-15,50,UMAX,UNITY ENDEAVOUR,61617,2014,Nantong COSCO KHI Ship Engineering Co Ltd (NACKS) - Nantong,4 X 30t CRANES,23.0m,23.0,,undisclosed,incl. index linked TC until May/Sep '24,allied_2023_W50_Allied-Weekly-Market-Review-Week-50.pdf,7
2023-12-15,50,UMAX,XING XI HAI,60498,2017,"Mitsui Eng. & SB. Co. Ltd., Chiba Works - Ichihara, Japan",4 X 30t CRANES,29.0m,29.0,,Scandinavian,"BWTS fitted, eco",allied_2023_W50_Allied-Weekly-Market-Review-Week-50.pdf,7
2023-12-15,50,UMAX,XING SHOU HAI,60492,2016,"Mitsui Eng. & SB. Co. Ltd., Chiba Works - Ichihara, Japan",4 X 30t CRANES,28.0m,28.0,,Greek,"BWTS fitted, eco",allied_2023_W50_Allied-Weekly-Market-Review-Week-50.pdf,7
2023-12-15,50,SMAX,TR CROWN,53474,2005,"Imabari Shipbuilding Co Ltd - Imabari EH (Imabari Shipyard),","4 X 30,5t CRANES",10.3m,10.3,,Korean,BWTS fitted,allied_2023_W50_Allied-Weekly-Market-Review-Week-50.pdf,7
2023-12-15,50,SMAX,MERLIN,50296,2001,"Mitsui Eng. & SB. Co. Ltd. - Tamano, Japan",4 X 30t CRANES,6.0m,6.0,,Chinese,BWTS fitted,allied_2023_W50_Allied-Weekly-Market-Review-Week-50.pdf,7
2023-12-15,50,HANDY,CLIPPER COPENHAGEN,37852,2010,"JINGJIANG TRAFFIC, China",4 X 30t CRANES,11.2m,11.2,,Armator Shipping,Wartsila,allied_2023_W50_Allied-Weekly-Market-Review-Week-50.pdf,7
2023-12-15,50,HANDY,ADVENTURE,33730,2011,"SHANGHAI EAST, China",4 X 35t mid $ CRANES,11.0m,11.0,,Vietnamese,,allied_2023_W50_Allied-Weekly-Market-Review-Week-50.pdf,7
2023-12-15,50,HANDY,TIMARU STAR,33527,2004,"The Hakodate Dock Co Ltd - Hakodate HK, Japan","4 X 30,5t CRANES",8.5m,8.5,,undisclosed,,allied_2023_W50_Allied-Weekly-Market-Review-Week-50.pdf,7
2023-12-15,50,PMAX,ZHONG GU FU JIAN,,49632010,"Daewoo-Mangalia Heavy Industries S.A. - Mangalia, Romania",,18.0m,18.0,,Tangshan Hede Shipping,,allied_2023_W50_Allied-Weekly-Market-Review-Week-50.pdf,8
2023-12-15,50,FEEDER,SUNNY IRIS,,10482013,"DAESUN, S. Korea",,10.2m,10.2,,Ehire Ocean Line,eco,allied_2023_W50_Allied-Weekly-Market-Review-Week-50.pdf,8
2023-12-22,51,LR2,ALPINE AQUALINA,105304,2011,"HYUNDAI HI, S.",Korea EPOXY,44.5m,44.5,,undisclosed,BWTS & Scrubber fitted,allied_2023_W51_Allied-Weekly-Market-Review-Week-51.pdf,7
2023-12-22,51,LR1,ALPINE PEMBROKE,74602,2010,"Hyundai Mipo Dockyard Co Ltd Ulsan, S. Korea",- EPOXY en,65.0m,65.0,,Advantage Tankers,BWTS fitted,allied_2023_W51_Allied-Weekly-Market-Review-Week-51.pdf,7
2023-12-22,51,LR1,ALPINE PIONEER,74552,2011,"Hyundai Mipo Dockyard Co Ltd Ulsan, S. Korea",- EPOXY,bloc,,,,BWTS fitted,allied_2023_W51_Allied-Weekly-Market-Review-Week-51.pdf,7
2023-12-22,51,LR1 CHEMTRANS,MOON,72365,2004,"Hudong-Zhonghua Shipbuilding (Group) Co Ltd - Shanghai, China",EPOXY,17.0m,17.0,,undisclosed,BWTS fitted,allied_2023_W51_Allied-Weekly-Market-Review-Week-51.pdf,7
2023-12-22,51,LR1,CHEMTRANS SEA,72365,2004,"Hudong-Zhonghua Shipbuilding (Group) Co Ltd - Shanghai,",EPOXY,each,,,,BWTS fitted,allied_2023_W51_Allied-Weekly-Market-Review-Week-51.pdf,7
2023-12-22,51,MR,BLUE TRADER,37270,2005,"China Hyundai Mipo Dockyard Co Ltd Ulsan, S. Korea",- EPOXY,17.4m,17.4,,Besiktas,"BWTS fitted, ice class 1B",allied_2023_W51_Allied-Weekly-Market-Review-Week-51.pdf,7
2023-12-22,51,PROD/,HZ SINGAPURA,13899,2022,Ningde Shengfan Shipbuilding Co,Epoxy Ltd -,21.5m,21.5,,Turkish,old sale,allied_2023_W51_Allied-Weekly-Market-Review-Week-51.pdf,7
2023-12-22,51,SMAX,DESERT RHAPSODY,53820,2007,"Taizhou Kouan Shipbuilding Co Ltd - Taizhou JS, China",4 X 36t CRANES,9.2m,9.2,,Indonesian,BWTS fitted,allied_2023_W51_Allied-Weekly-Market-Review-Week-51.pdf,7
2023-12-22,51,SMAX,TR CROWN,53474,2005,"Imabari Shipbuilding Co Ltd - Imabari EH (Imabari Shipyard),","4 X 30,5t rgn $ CRANES",11.0m,11.0,,Korean,BWTS fitted,allied_2023_W51_Allied-Weekly-Market-Review-Week-51.pdf,7
2023-12-22,51,SMAX,RICHMOND PEARL,53100,2009,"Yangzhou Dayang Shipbuilding Co Ltd - Yangzhou JS, China",4 X 35t CRANES,10.8m,10.8,,undisclosed,,allied_2023_W51_Allied-Weekly-Market-Review-Week-51.pdf,7
2023-12-22,51,SMAX,JIN SHENG,52050,2006,"IHI Marine United Inc - Yokohama KN, Japan",4 X 30t xs CRANES,10.0m,10.0,,Chinese,BWTS fitted,allied_2023_W51_Allied-Weekly-Market-Review-Week-51.pdf,7
2023-12-22,51,HANDY,AGALI,28202,2013,"Imabari Shipbuilding Co Ltd - Imabari EH (Imabari Shipyard),","4 X 30,5t low $ CRANES",13.0m,13.0,,undisclosed,BWTS fitted,allied_2023_W51_Allied-Weekly-Market-Review-Week-51.pdf,7
2024-01-05,1,VLCC,OCEANIA,441585,2003,"Daewoo Shipbuilding & Marine Engineering Co Ltd - Geoje,",S.,N/A,,,Chinese,,allied_2024_W01_Allied-Weekly-Market-Review-Week-01.pdf,7
2024-01-05,1,SUEZ,SERENEA,158583,2009,"SAMSUNG HI, S.",Korea,45.0m,45.0,,Eurotankers,BWTS & Scrubber fitted,allied_2024_W01_Allied-Weekly-Market-Review-Week-01.pdf,7
2024-01-05,1,SUEZ,BELLA CIAO,156586,2020,"New Times Shipbuilding Co Jingjiang JS, China",Ltd -,86.0m,86.0,,Pertamina,"BWTS & Scrubber fitted, eco, Tier III",allied_2024_W01_Allied-Weekly-Market-Review-Week-01.pdf,7
2024-01-05,1,MR,MARINER III,34801,2002,"Guangzhou Shipyard International Co Guangzhou GD,",Ltd - EPOXY China,N/A,,,Turkish,,allied_2024_W01_Allied-Weekly-Market-Review-Week-01.pdf,7
2024-01-05,1,PROD/,APATYTH,24086,2004,3 Maj' Brodogradiliste,EPOXY,rgn $,,,undisclosed,ice class 1B,allied_2024_W01_Allied-Weekly-Market-Review-Week-01.pdf,7
2024-01-05,1,PROD/,AURELIA,24025,2006,3 Maj' Brodogradiliste,EPOXY,rgn $,,,undisclosed,"scrubber fitted, ice class",allied_2024_W01_Allied-Weekly-Market-Review-Week-01.pdf,7
2024-01-05,1,CAPE,CAPT TASOS,182288,2023,"Namura Shipbuilding Co Ltd - Imari SG, Japan",rgn,70.0m,70.0,,Norden,eco,allied_2024_W01_Allied-Weekly-Market-Review-Week-01.pdf,7
2024-01-05,1,CAPE,HIGHLAND PARK,174093,2006,"Shanghai Waigaoqiao Shipbuilding Co Ltd - Shanghai, China",low,15.0m,15.0,,Chinese,BWTS fitted,allied_2024_W01_Allied-Weekly-Market-Review-Week-01.pdf,7
2024-01-05,1,POST,FLAG TRIAS,93492,2007,"Namura Shipbuilding Co Ltd - Imari SG,",,14.5m,14.5,,undisclosed,BWTS fitted,allied_2024_W01_Allied-Weekly-Market-Review-Week-01.pdf,7
2024-01-05,1,PMAX,GH HARMONY,92500,2010,"Zhoushan ZJ, China",,12.8m,12.8,,undisclosed,BWTS fitted,allied_2024_W01_Allied-Weekly-Market-Review-Week-01.pdf,7
2024-01-05,1,POST,THE EVOLUTION,88270,2010,Imabari Shipbuilding Co Ltd - Marugame KG,,17.2m,17.2,,undisclosed,BWTS fitted,allied_2024_W01_Allied-Weekly-Market-Review-Week-01.pdf,7
2024-01-05,1,POST,SFAKIA WAVE,87340,2011,Hudong-Zhonghua Shipbuilding (Group),,16.75m,16.75,,Chinese,"BWTS fitted, Tier II",allied_2024_W01_Allied-Weekly-Market-Review-Week-01.pdf,7
2024-01-05,1,KMAX,ARTEMIS,81963,2013,"COSCO (Dalian) Shipyard Co Ltd - Dalian LN, China",,19.5m,19.5,,Chinese,"BWTS fitted, Wartsila",allied_2024_W01_Allied-Weekly-Market-Review-Week-01.pdf,7
2024-01-05,1,KMAX,SUPER LUNA,81517,2016,"Jinhai Heavy Industry Co Ltd - Daishan County ZJ, China",,22.6m,22.6,,Modion,BWTS fitted,allied_2024_W01_Allied-Weekly-Market-Review-Week-01.pdf,7
2024-01-05,1,UMAX,XING HE HAI,61473,2016,"DACKS (Dalian COSCO KHI Ship Engineering Co Ltd) - Dalian LN,",4 X 30t CRANES en,52.5m,52.5,,Chinese,"BWTS fitted, eco",allied_2024_W01_Allied-Weekly-Market-Review-Week-01.pdf,7
2024-01-05,1,UMAX,XING HAO HAI,61452,2016,"DACKS (Dalian COSCO KHI Ship Engineering Co Ltd) - Dalian LN,",,bloc 4 X 30t CRANES,,,,,allied_2024_W01_Allied-Weekly-Market-Review-Week-01.pdf,7
2024-01-05,1,SMAX,SW PROSPEROUS,57480,2012,STX Offshore & Shipbuilding Co Ltd - Changwon (Jinhae,4 X 36t rgn $ CRANES,16.5m,16.5,,Sea Sands Shipping,"bss dely in Mar '24, old sale",allied_2024_W01_Allied-Weekly-Market-Review-Week-01.pdf,7
2024-01-05,1,SMAX,ELGIZNUR CEBI,57305,2009,"STX Shipbuilding Co Ltd - Changwon (Jinhae Shipyard), S.",4 X 35t CRANES,13.2m,13.2,,undisclosed,SS/DD Mar '24,allied_2024_W01_Allied-Weekly-Market-Review-Week-01.pdf,7
2024-01-05,1,SMAX,IKAN PARANG,56618,2011,"Taizhou Kouan Shipbuilding Co Ltd - Taizhou JS, China",4 X 30t high $ CRANES,11.0m,11.0,,undisclosed,BWTS fitted,allied_2024_W01_Allied-Weekly-Market-Review-Week-01.pdf,7
2024-01-05,1,HANDY,BARONESS,34264,2011,"Zhejiang Jingang Shipbuilding Co Ltd - Wenling ZJ, China",,4 X 30t N/A CRANES,,,undisclosed,BWTS fitted,allied_2024_W01_Allied-Weekly-Market-Review-Week-01.pdf,7
2024-01-05,1,HANDY SEASTAR,TRADITION,30465,2009,"TSUJI HI JIANGSU CO LT, China",,4 X 30t N/A CRANES,,,undisclosed,BWTS fitted,allied_2024_W01_Allied-Weekly-Market-Review-Week-01.pdf,7
2024-01-05,1,HANDY,VANTAGE SWORD,28310,2009,"WATANABE, Japan","4 X 30,5t rgn mid $ CRANES",9.0m,9.0,,Vietnamese,"BWTS fitted, log fitted",allied_2024_W01_Allied-Weekly-Market-Review-Week-01.pdf,7
2024-01-12,2,VLCC,ELIZABETH I.A.,306229,2004,"Daewoo Shipbuilding & Marine Engineering Co Ltd - Geoje,",S.,34.0m,34.0,,Chinese,BWTS & scrubber fitted,allied_2024_W02_Allied-Weekly-Market-Review-Week-02.pdf,7
2024-01-12,2,VLCC FRONT,ENDURANCE,321300,2009,Daewoo Shipbuilding & Marine Engineering Co Ltd - Geoje,S,,,,,,allied_2024_W02_Allied-Weekly-Market-Review-Week-02.pdf,7
2024-01-12,2,VLCC,FRONT KATHRINE,297974,2009,Shanghai Waigaoqiao Shipbuilding Co Shanghai China,Ltd -,,,,,,allied_2024_W02_Allied-Weekly-Market-Review-Week-02.pdf,7
2024-01-12,2,VLCC,FRONT QUEEN,297936,2009,Shanghai Waigaoqiao Shipbuilding Co Shanghai China,Ltd - rgn each,60.0m,60.0,,Sinokor,scrubber fitted,allied_2024_W02_Allied-Weekly-Market-Review-Week-02.pdf,7
2024-01-12,2,VLCC,FRONT SIGNE,297007,2010,Shanghai Waigaoqiao Shipbuilding Co Shanghai China,Ltd -,,,,,,allied_2024_W02_Allied-Weekly-Market-Review-Week-02.pdf,7
2024-01-12,2,VLCC,FRONT CECILIE,296995,2010,Shanghai Waigaoqiao Shipbuilding Co Shanghai China,Ltd -,,,,,,allied_2024_W02_Allied-Weekly-Market-Review-Week-02.pdf,7
2024-01-12,2,AFRA,FAIR SEAS,115406,2008,"STX Shipbuilding Ltd - Changwon (Jinhae Shipyard),",Co EPOXY S.,43.5m,43.5,,undisclosed,DPP trading,allied_2024_W02_Allied-Weekly-Market-Review-Week-02.pdf,7
2024-01-12,2,AFRA,VOLANS,99876,2009,"HYUNDAI HI, S.",Korea EPOXY,31.5m,31.5,,undisclosed,BWTS fitted,allied_2024_W02_Allied-Weekly-Market-Review-Week-02.pdf,7
2024-01-12,2,LR1,PATARIS,73774,2009,"New Times Shipbuilding Co Jingjiang JS, China STX Shipbuilding",Ltd - EPOXY Co,26.0m,26.0,,Trafigura,"CPP trading, SS/DD due Apr '24",allied_2024_W02_Allied-Weekly-Market-Review-Week-02.pdf,7
2024-01-12,2,LR1,BROOK TROUT,73672,2007,"Ltd - Changwon (Jinhae Shipyard), Korea",EPOXY S.,26.0m,26.0,,Emarat Maritime,"ice class 1A, CPP trading",allied_2024_W02_Allied-Weekly-Market-Review-Week-02.pdf,7
2024-01-12,2,LR1,LAKE TROUT,73580,2007,"STX Shipbuilding Ltd - Changwon (Jinhae Shipyard),",Co EPOXY S.,each,,,,,allied_2024_W02_Allied-Weekly-Market-Review-Week-02.pdf,7
2024-01-12,2,MR,SOCHRINA,46606,2008,"Korea Sungdong Shipbuilding & Marine Engineering Co Ltd - Tongyeong,",Epoxy Phenolic S. rgn,24.0m,24.0,,Besiktas,,allied_2024_W02_Allied-Weekly-Market-Review-Week-02.pdf,7
2024-01-12,2,MR,DINAH,37313,2008,"Hyundai Mipo Dockyard Co Ltd Ulsan, S. Korea",Epoxy - Phenolic rgn high en,41.0m,41.0,,undisclosed,"ice class 1A, bss dely Q2",allied_2024_W02_Allied-Weekly-Market-Review-Week-02.pdf,7
2024-01-12,2,MR,PLUTO,37282,2008,"Hyundai Mipo Dockyard Co Ltd Ulsan, S. Korea",Epoxy - Phenolic,bloc,,,,'24,allied_2024_W02_Allied-Weekly-Market-Review-Week-02.pdf,7
2024-01-12,2,PROD/,LIV KNUTSEN,16585,2009,Jiangnan Shipyard,,,,,,,allied_2024_W02_Allied-Weekly-Market-Review-Week-02.pdf,7
2024-01-12,2,PROD/,ELI KNUTSEN,16544,2009,Jiangnan Shipyard (Group) Co Ltd,- EPOXY each,13.0m,13.0,,,July/August '24,allied_2024_W02_Allied-Weekly-Market-Review-Week-02.pdf,7
2024-01-12,2,VLOC,MINERAL QINGDAO,206298,2020,"Qingdao Yangfan Shipbuilding Co Ltd - Qingdao SD, China",,54.25m,54.25,,Winning Shipping,BWTS & Scrubber fitted,allied_2024_W02_Allied-Weekly-Market-Review-Week-02.pdf,7
2024-01-12,2,CAPE,CAPE STAR,175366,2010,"Jiangsu Rongsheng Shipbuilding Co Ltd - Rugao JS, China",,21.0m,21.0,,Chinese,BWTS fitted,allied_2024_W02_Allied-Weekly-Market-Review-Week-02.pdf,7
2024-01-12,2,KMAX,KAVALA,83688,2009,"Sanoyas Hishino Meisho Corp - Kurashiki OY, Japan",,16.2m,16.2,,Greek,,allied_2024_W02_Allied-Weekly-Market-Review-Week-02.pdf,7
2024-01-12,2,KMAX,NIAN NU JIAO,83601,2010,"Sanoyas Hishino Meisho Corp - Kurashiki OY, Japan",,17.8m,17.8,,undisclosed,BWTS fitted,allied_2024_W02_Allied-Weekly-Market-Review-Week-02.pdf,7
2024-01-12,2,KMAX,TOMINI BRAVERY,81027,2015,"Jiangsu Jinling Ships Co Ltd - Yizheng JS, China",,24.5m,24.5,,Kassian Maritime,"BWTS fitted, eco, incl. TC attached at US$ 13,500/day until March/May '24",allied_2024_W02_Allied-Weekly-Market-Review-Week-02.pdf,7
2024-01-12,2,SMAX,ANETOS,58163,2009,"Tsuneishi Heavy Industries (Cebu) Inc - Balamban, Philippines",4 X 30t CRANES,15.1m,15.1,,Indonesian,,allied_2024_W02_Allied-Weekly-Market-Review-Week-02.pdf,7
2024-01-12,2,PMAX,MSC LAUSANNE,,63362005,"& Marine Engineering Co Ltd - Geoje, S.",,18.0m,18.0,,MSC,,allied_2024_W02_Allied-Weekly-Market-Review-Week-02.pdf,8
2024-01-12,2,PMAX,YUAN,,45152002,Korea,,14.0m,14.0,,Chinese,,allied_2024_W02_Allied-Weekly-Market-Review-Week-02.pdf,8
2024-01-12,2,LPG,FORMOSAGAS CRYSTAL,17659,2006,"Jiangnan Shipyard (Group) Co Ltd - Shanghai, China",,"16,250 N/A",,,undisclosed,,allied_2024_W02_Allied-Weekly-Market-Review-Week-02.pdf,8
2024-01-19,3,SUEZ,EUROCHAMPION 2004,164608,2005,"HYUNDAI HI, S.",Korea,N/A,,,Gatik,old sale,allied_2024_W03_Allied-Weekly-Market-Review-Week-03.pdf,7
2024-01-19,3,AFRA,ESTHER SPIRIT,115444,2004,"SAMSUNG HI, S. Daewoo Shipbuilding",Korea,24.0m,24.0,,,"old sale, SS/DD due Jul",allied_2024_W03_Allied-Weekly-Market-Review-Week-03.pdf,7
2024-01-19,3,AFRA,EVEREST SPIRIT,115048,2004,"& Marine Engineering Co Ltd - Geoje,",EPOXY S.,each,,,IMS,& May '24 respectively,allied_2024_W03_Allied-Weekly-Market-Review-Week-03.pdf,7
2024-01-19,3,AFRA,WONDER SIRIUS,115340,2005,"Korea SAMSUNG HI, S.",Korea EPOXY,33.8m,33.8,,Chinese,"BWTS fitted, DPP trading",allied_2024_W03_Allied-Weekly-Market-Review-Week-03.pdf,7
2024-01-19,3,LR2,MARE ORIENS,110295,2008,"Mitsui Eng. & SB. Ltd., Chiba Works Ichihara, Japan",Co. - EPOXY,42.0m,42.0,,Chinese,SS/DD passed,allied_2024_W03_Allied-Weekly-Market-Review-Week-03.pdf,7
2024-01-19,3,MR,STI TRIBECA,49990,2015,"SPP Shipbuilding Ltd - Sacheon, S.",Co Epoxy Korea Phenolic rgn low,39.0m,39.0,,KKS Line,"scrubber fitted, eco",allied_2024_W03_Allied-Weekly-Market-Review-Week-03.pdf,7
2024-01-19,3,CHEM,PATEA,16651,2008,"(Group) Co Ltd Shanghai, China",- Phenolic,13.0m,13.0,,Brystad Group,"SS/DD passed, old sale",allied_2024_W03_Allied-Weekly-Market-Review-Week-03.pdf,7
2024-01-19,3,PROD/,PATRICIA,16642,2005,Qiuxin Shipyard,- Epoxy,rgn low $,,,undisclosed,"BWTS fitted, CPP",allied_2024_W03_Allied-Weekly-Market-Review-Week-03.pdf,7
2024-01-19,3,PMAX,KERVEROS,76602,2003,"Imabari Shipbuilding Co Ltd - Marugame KG (Marugame Shipyard),",,9.35m,9.35,,undisclosed,BWTS fitted,allied_2024_W03_Allied-Weekly-Market-Review-Week-03.pdf,7
2024-01-19,3,PMAX,CP TIANJIN,63541,2016,"Chengxi Shipyard Co Ltd - Jiangyin JS, China",,4 X 30t CRANES rgn $,,,Chinese,BWTS fitted,allied_2024_W03_Allied-Weekly-Market-Review-Week-03.pdf,7
2024-01-19,3,PMAX,CP GUANGZHOU,63527,2015,"Chengxi Shipyard Co Ltd - Jiangyin JS, China",each 4 X 30t CRANES,23.8m,23.8,,,BWTS fitted,allied_2024_W03_Allied-Weekly-Market-Review-Week-03.pdf,7
2024-01-19,3,SMAX LAN,HAI SHENG,56616,2011,"China Shipping Industry (Jiangsu) Co Ltd - Jiangdu JS, China",4 X 30t CRANES,12.4m,12.4,,European,BWTS fitted,allied_2024_W03_Allied-Weekly-Market-Review-Week-03.pdf,7
2024-01-19,3,SMAX,HAI YANG ZHI HUA,56603,2011,"China Shipping Industry (Jiangsu) Co Ltd - Jiangdu JS, China",4 X 30t CRANES,12.3m,12.3,,,,allied_2024_W03_Allied-Weekly-Market-Review-Week-03.pdf,7
2024-01-19,3,SMAX,ISABELLA M,56056,2006,"Mitsui Eng. & SB. Co. Ltd. - Tamano, Japan","4 X 30,5t CRANES",12.5m,12.5,,Chinese,BWTS fitted,allied_2024_W03_Allied-Weekly-Market-Review-Week-03.pdf,7
2024-01-19,3,SMAX,AMARNATH,53169,2004,"Iwagi Zosen Co Ltd - Kamijima EH, Japan","4 X 30,5t CRANES",7.75m,7.75,,European,,allied_2024_W03_Allied-Weekly-Market-Review-Week-03.pdf,7
2024-01-19,3,HMAX,RUI AN,46509,2001,"Mitsui Eng. & SB. Co. Ltd. - Tamano, Japan",4 X 30t rgn CRANES,6.7m,6.7,,undisclosed,BWTS fitted,allied_2024_W03_Allied-Weekly-Market-Review-Week-03.pdf,7
2024-01-19,3,FEEDER,CTP DELTA,,10121993,"Stocznia Szczecinska SA - Szczecin, Poland",,2 X 40t N/A CRANES,,,undisclosed,,allied_2024_W03_Allied-Weekly-Market-Review-Week-03.pdf,7
2024-01-19,3,FEEDER,NCL HAUGESUND,,6572004,"Zhejiang Yangfan Ship Group Co Ltd - Zhoushan ZJ, China",,2 X 50t N/A CRANES,,,Far Eastern,,allied_2024_W03_Allied-Weekly-Market-Review-Week-03.pdf,7
2024-01-26,4,VLCC,TOHSHI,300363,2007,"IHI Marine United Kure HS, Japan",Inc -,rgn $ 42.5,,,Chinese,"BWTS fitted,Wartsila",allied_2024_W04_Allied-Weekly-Market-Review-Week-04.pdf,7
2024-01-26,4,MR,PELAGIC TAIMEN,50885,2006,"STX Shipbuilding Ltd - Changwon (Jinhae Shipyard),",Co Epoxy Phenolic S.,20.1m,20.1,,Chinese,"BWTS fitted, ice class 1A, DD due Jun '24",allied_2024_W04_Allied-Weekly-Market-Review-Week-04.pdf,7
2024-01-26,4,MR,FOS,48673,2007,"Iwagi Zosen Co Kamijima EH, Japan",Ltd - EPOXY,22.5m,22.5,,Middle Eastern,BWTS fitted,allied_2024_W04_Allied-Weekly-Market-Review-Week-04.pdf,7
2024-01-26,4,MR,PAPRIKA,40128,2003,"Hyundai Mipo Dockyard Co Ltd Ulsan, S. Korea",- EPOXY,15.0m,15.0,,undisclosed,"BWTS fitted, SS/DD passed",allied_2024_W04_Allied-Weekly-Market-Review-Week-04.pdf,7
2024-01-26,4,MR,MAERSK KALEA,38850,2004,"Guangzhou Shipyard International Co Guangzhou GD,",Ltd - EPOXY China,12.5m,12.5,,U.A.E,SS/DD due Mar '24,allied_2024_W04_Allied-Weekly-Market-Review-Week-04.pdf,7
2024-01-26,4,MR,GREEN TRADER,37320,2003,"STX Shipbuilding Ltd - Changwon (Jinhae Shipyard),",Co EPOXY S.,N/A,,,U.A.E,old sale,allied_2024_W04_Allied-Weekly-Market-Review-Week-04.pdf,7
2024-01-26,4,MR,OLYMPIC GLORY,36990,2005,"Hyundai Mipo Dockyard Co Ltd Ulsan, S. Korea",- EPOXY,16.0m,16.0,,undisclosed,"DD passed, ice class 1A",allied_2024_W04_Allied-Weekly-Market-Review-Week-04.pdf,7
2024-01-26,4,MR,CHEMROUTE OASIS,26199,2011,"Shin Kurushima Dockyard Co. Ltd. Akitsu, Japan",Stainless - Steel,25.5m,25.5,,undisclosed,"BWTS fitted, DD due Mar '24",allied_2024_W04_Allied-Weekly-Market-Review-Week-04.pdf,7
2024-01-26,4,POST,CHARLOTTE,93296,2010,Yangfan Group Co Ltd -,,15.45m,15.45,,Greek,BWTS & scrubber fitted,allied_2024_W04_Allied-Weekly-Market-Review-Week-04.pdf,7
2024-01-26,4,PMAX,ARTEMIS,76942,2006,"Namura Shipbuilding Co Ltd - Imari SG, Japan",rgn,13.0m,13.0,,Chinese,"BWTS fitted, SS/DD passed, bss dely Mar '24",allied_2024_W04_Allied-Weekly-Market-Review-Week-04.pdf,7
2024-01-26,4,PMAX,NAVIOS ORBITER,76602,2004,"Imabari Shipbuilding Co Ltd - Marugame KG (Marugame Shipyard),",,9.2m,9.2,,undisclosed,,allied_2024_W04_Allied-Weekly-Market-Review-Week-04.pdf,7
2024-01-26,4,PMAX,ALPHA AFOVOS,74428,2001,"Daewoo Shipbuilding & Marine Engineering Co Ltd - Geoje, S.",rgn,7.0m,7.0,,Chinese,"BWTS fitted, old sale",allied_2024_W04_Allied-Weekly-Market-Review-Week-04.pdf,7
2024-01-26,4,UMAX,SSI SPLENDID,63562,2019,"Jinling Shipyard - Nanjing JS, China",4 X 30t CRANES,30.3m,30.3,,Tri Bulk Shipping,"BWTS fitted, eco, SS/DD passed",allied_2024_W04_Allied-Weekly-Market-Review-Week-04.pdf,7
2024-01-26,4,SMAX,RUI FU KANG,57000,2011,"Xiamen Shipbuilding Industry Co Ltd - Xiamen FJ, China",4 X 36t rgn mid $ CRANES,12.0m,12.0,,Chinese,BWTS fitted,allied_2024_W04_Allied-Weekly-Market-Review-Week-04.pdf,7
2024-01-26,4,SMAX,PAN PRIDE,56907,2011,"COSCO (Zhoushan) Shipyard Co Ltd - Zhoushan ZJ, China",4 X 30t CRANES,12.5m,12.5,,undisclosed,"BWTS fitted, old sale, dely Feb '24",allied_2024_W04_Allied-Weekly-Market-Review-Week-04.pdf,7
2024-01-26,4,SMAX,PU LAN HAI,56897,2010,"COSCO (Dalian) Shipyard Co Ltd - Dalian LN, China",4 X 30t xs CRANES,12.0m,12.0,,Chinese,BWTS fitted,allied_2024_W04_Allied-Weekly-Market-Review-Week-04.pdf,7
2024-01-26,4,SMAX,MERIDA,56670,2012,"Taizhou Kouan Shipbuilding Co Ltd - Taizhou JS, China",4 X 30t CRANES,13.0m,13.0,,undisclosed,,allied_2024_W04_Allied-Weekly-Market-Review-Week-04.pdf,7
2024-01-26,4,SMAX,SEA STAR,56591,2014,"Jiangdong Shipyard - Wuhu AH, China",4 X 30t xs CRANES,15.5m,15.5,,Greek,"SS/DD, prompt dely China",allied_2024_W04_Allied-Weekly-Market-Review-Week-04.pdf,7
2024-01-26,4,SMAX,TOMORROW,56025,2013,Minaminippon Shipbuilding Co Ltd - Oita OT (Ozai,4 X 30t CRANES,18.7m,18.7,,Greek,"BWTS fitted, DD due Jul '24",allied_2024_W04_Allied-Weekly-Market-Review-Week-04.pdf,7
2024-01-26,4,SMAX,PACIFIC 07,53343,2003,"Toyohashi Shipbuilding Co Ltd - Toyohashi AI, Japan","CR 4x30.5 rgn $ T, CR 4x30 en T",16.0m,16.0,,,BWTS fitted,allied_2024_W04_Allied-Weekly-Market-Review-Week-04.pdf,7
2024-01-26,4,SMAX,PACIFIC 08,52471,2004,"Tsuneishi Corp - Tadotsu KG, Japan",,bloc 4 X 30t CRANES,,,SS/DD due Sep '24,,allied_2024_W04_Allied-Weekly-Market-Review-Week-04.pdf,7
2024-01-26,4,SMAX,RUI FU SHENG,53098,2003,"Oshima Shipbuilding Co Ltd - Saikai NS, Japan",4 X 30t high CRANES,8.0m,8.0,,Chinese,BWTS fitted,allied_2024_W04_Allied-Weekly-Market-Review-Week-04.pdf,7
2024-01-26,4,SUB,GH BORA,,27022009,HDW-Gaarden GmbH -,,rgn $ 12.5,,,Peter Doehle,,allied_2024_W04_Allied-Weekly-Market-Review-Week-04.pdf,8
2024-01-26,4,SUB,WAN HAI 305,,24962002,NAIKAI ZOSEN,rgn,8.0m,8.0,,Chinese,,allied_2024_W04_Allied-Weekly-Market-Review-Week-04.pdf,8
2024-02-02,5,SUEZ,FRONT ODIN,156840,2010,"Jiangsu Rongsheng Shipbuilding Co Rugao JS, China",Ltd -,46.0m,46.0,,Greek,Scrubber fitted,allied_2024_W05_Allied-Weekly-Market-Review-Week-05.pdf,7
2024-02-02,5,AFRA,SKS DARENT,119456,2011,"Hyundai Samho Industries Co Samho, S. Korea",Heavy Ltd - EPOXY,52.0m,52.0,,Union Maritime,,allied_2024_W05_Allied-Weekly-Market-Review-Week-05.pdf,7
2024-02-02,5,AFRA,SKS DRIVA,119456,2010,"Hyundai Samho Industries Co Samho, S. Korea",Heavy Ltd - EPOXY,each,,,,,allied_2024_W05_Allied-Weekly-Market-Review-Week-05.pdf,7
2024-02-02,5,AFRA,AFRA ROSSI,115829,2010,HHIC-Phil Inc - Philippines,"Subic, EPOXY",45.5m,45.5,,Chinese,BWTS fitted,allied_2024_W05_Allied-Weekly-Market-Review-Week-05.pdf,7
2024-02-02,5,AFRA,ALITA I,112118,2001,"HYUNDAI HI, S.",Korea,19.0m,19.0,,undisclosed,,allied_2024_W05_Allied-Weekly-Market-Review-Week-05.pdf,7
2024-02-02,5,AFRA,KORO SEA,105905,2008,Namura Shipbuilding Co Ltd - Imari Japan,"SG, MAR high",39.0m,39.0,,Vietnamese,"scrubber fitted, dely Far East",allied_2024_W05_Allied-Weekly-Market-Review-Week-05.pdf,7
2024-02-02,5,MR,ST. PAULI,49999,2017,"Hyundai Mipo Dockyard Co Ltd Ulsan, S. Korea",- EPOXY rgn,42.0m,42.0,,Ardmore Shipping,"BWTS fitted, eco",allied_2024_W05_Allied-Weekly-Market-Review-Week-05.pdf,7
2024-02-02,5,MR,BAHRI TULIP,49000,2006,"Daewoo Shipbuilding & Marine Engineering Co Ltd - Geoje,",EPOXY S.,18.0m,18.0,,undisclosed,BWTS fitted,allied_2024_W05_Allied-Weekly-Market-Review-Week-05.pdf,7
2024-02-02,5,MR,CSC BRAVE,45853,2007,"Jinling Shipyard Nanjing JS, China",- EPOXY,19.3m,19.3,,undisclosed,BWTS fitted,allied_2024_W05_Allied-Weekly-Market-Review-Week-05.pdf,7
2024-02-02,5,VLOC,QING MAY,206117,2012,"Shanghai Waigaoqiao Shipbuilding Co Ltd - Shanghai, China",,37.0m,37.0,,Winning,scrubber fitted,allied_2024_W05_Allied-Weekly-Market-Review-Week-05.pdf,7
2024-02-02,5,CAPE,NEW DELIGHT,181279,2012,"Imabari Shipbuilding Co Ltd - Saijo EH (Saijo Shipyard), Japan",,30.95m,30.95,,Jinhui Shipping & Transportation,"BWTS fitted, bss dely Jul '24",allied_2024_W05_Allied-Weekly-Market-Review-Week-05.pdf,7
2024-02-02,5,CAPE,SEAMATE,177775,2010,"Shanghai Waigaoqiao Shipbuilding Co Ltd - Shanghai, China",,26.0m,26.0,,Agricore Group,BWTS & scrubber fitted,allied_2024_W05_Allied-Weekly-Market-Review-Week-05.pdf,7
2024-02-02,5,CAPE,YUE MAY,176552,2011,"Shanghai Waigaoqiao Shipbuilding Co Ltd - Shanghai, China",,26.0m,26.0,,Greek,,allied_2024_W05_Allied-Weekly-Market-Review-Week-05.pdf,7
2024-02-02,5,CAPE,BIG BANG,174109,2007,"Shanghai Waigaoqiao Shipbuilding Co Ltd - Shanghai, China",,20.0m,20.0,,Pacific Bulk,"BWTS & scrubber fitted, DD due Mar '24",allied_2024_W05_Allied-Weekly-Market-Review-Week-05.pdf,7
2024-02-02,5,POST,AM POINT LISAS,93238,2010,Jiangsu Newyangzi Shipbuilding,,rgn $,,,,"BWTS fitted, dely",allied_2024_W05_Allied-Weekly-Market-Review-Week-05.pdf,7
2024-02-02,5,KMAX,SCARLET ROBIN,82235,2016,"Oshima Shipbuilding Co Ltd - Saikai NS, Japan",,29.0m,29.0,,undisclosed,"on 1 yr BBHP basis, BWTS fitted",allied_2024_W05_Allied-Weekly-Market-Review-Week-05.pdf,7
2024-02-02,5,PMAX,FENDA 18,73288,2000,"Sumitomo Heavy Industries Ltd. - Yokosuka Shipyard,",rgn,7.0m,7.0,,Chinese,,allied_2024_W05_Allied-Weekly-Market-Review-Week-05.pdf,7
2024-02-02,5,UMAX,SSI PRIVILEGE,63566,2019,"Jinling Shipyard - Nanjing JS, China",4 X 30t CRANES,30.3m,30.3,,Tri Bulk,"BWTS fitted, eco",allied_2024_W05_Allied-Weekly-Market-Review-Week-05.pdf,7
2024-02-02,5,UMAX,IVS NARUO,60317,2014,"Japan Marine United Corp (JMU) - Kure HS, Japan",4 X 30t CRANES,12.0m,12.0,,Grindrod Shipping,"purchase option, dely summer '24",allied_2024_W05_Allied-Weekly-Market-Review-Week-05.pdf,7
2024-02-02,5,SMAX,SOLAR AFRICA,58064,2011,"Tsuneishi Heavy Industries (Cebu) Inc - Balamban, Philippines",4 X 30t rgn high $ CRANES,17.0m,17.0,,Greek,BWTS fitted,allied_2024_W05_Allied-Weekly-Market-Review-Week-05.pdf,7
2024-02-02,5,LPG,IRMGARD SCHULTE,23361,2009,"Hyundai Mipo Dockyard Co Ltd - Ulsan, S. Korea",,"20,324 N/A",,,Greek,,allied_2024_W05_Allied-Weekly-Market-Review-Week-05.pdf,8
2024-02-09,6,VLCC,TRF HORTEN,297638,2018,HHIC-Phil Inc - Philippines,"Subic,",102.0m,102.0,,Chinese,BWTS & scrubber fitted,allied_2024_W06_Allied-Weekly-Market-Review-Week-06.pdf,7
2024-02-09,6,LR2,POLAR ACE,109999,2018,"Daehan Shipbuilding Co Ltd - Hwawon (Haenam Shipyard), Korea",EPOXY S.,131.0m,,131.0,undisclosed,"scrubber fitted, incl TC attached until Apr/Aug '",allied_2024_W06_Allied-Weekly-Market-Review-Week-06.pdf,7
2024-02-09,6,LR2,POLAR BRIGHT,109999,2018,"Daehan Shipbuilding Co Ltd - Hwawon (Haenam Shipyard), Korea",EPOXY S.,en bloc,,,,25,allied_2024_W06_Allied-Weekly-Market-Review-Week-06.pdf,7
2024-02-09,6,MR,MTM COLORADO,51319,2004,"STX Shipbuilding Ltd - Changwon (Jinhae Shipyard), Korea",Co Epoxy S. Phenolic mid,15.0m,15.0,,Chinese,"bss dely Med within Mar/Apr '24, SS/DD due May '24",allied_2024_W06_Allied-Weekly-Market-Review-Week-06.pdf,7
2024-02-09,6,MR,HANSA OSLO,51215,2007,"STX Shipbuilding Ltd - Changwon (Jinhae Shipyard),",Co EPOXY S.,22.5m,22.5,,Middle Eastern,BWTS fitted,allied_2024_W06_Allied-Weekly-Market-Review-Week-06.pdf,7
2024-02-09,6,MR,GH AUSTEN,50319,2009,"Guangzhou Shipyard International Co Guangzhou GD,",Ltd - EPOXY China,22.8m,22.8,,undisclosed,"BWTS fitted, SS/DD due Mar/May '24",allied_2024_W06_Allied-Weekly-Market-Review-Week-06.pdf,7
2024-02-09,6,MR ARDMORE,SEAFARER,50093,2010,Onomichi Dockyard Ltd - Onomichi Japan,"Co HS, EPOXY",27.25m,27.25,,Indian,BWTS fitted,allied_2024_W06_Allied-Weekly-Market-Review-Week-06.pdf,7
2024-02-09,6,MR,DONG-A TRITON,49997,2015,"Hyundai Mipo Dockyard Co Ltd Ulsan, S. Korea",Epoxy - Phenolic,37.5m,37.5,,Greek,"BWTS fitted, eco",allied_2024_W06_Allied-Weekly-Market-Review-Week-06.pdf,7
2024-02-09,6,MR,CHANG HANG XIAN,45841,2006,"Bohai Shipbuilding Heavy Industry Co Huludao LN, China",Ltd - EPOXY,19.9m,19.9,,undisclosed,,allied_2024_W06_Allied-Weekly-Market-Review-Week-06.pdf,7
2024-02-09,6,MR,CAPE CAMDEN,37791,2009,"Hyundai Mipo Dockyard Co Ltd Ulsan, S. Korea",- EPOXY,22.0m,22.0,,Greek,SS/DD May & Jul '24,allied_2024_W06_Allied-Weekly-Market-Review-Week-06.pdf,7
2024-02-09,6,MR,CAPE CORFU,37759,2009,"Hyundai Mipo Dockyard Co Ltd Ulsan, S. Korea",- EPOXY,each,,,,respectively,allied_2024_W06_Allied-Weekly-Market-Review-Week-06.pdf,7
2024-02-09,6,PROD/,VULCANO M,21297,2004,Factorias Vulcano,SA - Epoxy,12.4m,12.4,,undisclosed,BWTS fitted,allied_2024_W06_Allied-Weekly-Market-Review-Week-06.pdf,7
2024-02-09,6,PROD/,PENINSULA XI,17933,2023,Hyundai Mipo Dockyard Co Ltd,Epoxy -,N/A,,,Union Maritime,,allied_2024_W06_Allied-Weekly-Market-Review-Week-06.pdf,7
2024-02-09,6,VLOC,SOLAR PRIDE,209471,2020,"Shanghai Waigaoqiao Shipbuilding Co Ltd - Shanghai, China",,65.0m,65.0,,,,allied_2024_W06_Allied-Weekly-Market-Review-Week-06.pdf,7
2024-02-09,6,VLOC,SOLAR QUANTUM,209471,2020,"Shanghai Waigaoqiao Shipbuilding Co Ltd - Shanghai, China",,65.0m,65.0,,Thenamaris,BWTS & scrubber fitted,allied_2024_W06_Allied-Weekly-Market-Review-Week-06.pdf,7
2024-02-09,6,VLOC,SOLAR NOVA,208892,2021,"New Times Shipbuilding Co Ltd - Jingjiang JS, China",,66.0m,66.0,,,,allied_2024_W06_Allied-Weekly-Market-Review-Week-06.pdf,7
2024-02-09,6,VLOC,SOLAR OAK,208892,2021,"New Times Shipbuilding Co Ltd - Jingjiang JS, China",,66.0m,66.0,,,,allied_2024_W06_Allied-Weekly-Market-Review-Week-06.pdf,7
2024-02-09,6,VLOC,BULK SEOUL,207992,2019,"New Times Shipbuilding Co Ltd - Jingjiang JS, China",,127.5m,,127.5,Greek,BWTS & scrubber fitted,allied_2024_W06_Allied-Weekly-Market-Review-Week-06.pdf,7
2024-02-09,6,VLOC,BULK SHANGHAI,207992,2019,"New Times Shipbuilding Co Ltd - Jingjiang JS, China",,en bloc,,,,,allied_2024_W06_Allied-Weekly-Market-Review-Week-06.pdf,7
2024-02-09,6,PMAX,JACK LONDON,,42492010,"Jiangsu Newyangzi Shipbuilding Co Ltd - Jingjiang JS, China",,17.6m,17.6,,MPCC,incl. TC attached until,allied_2024_W06_Allied-Weekly-Market-Review-Week-06.pdf,9
2024-02-09,6,FEEDER HERMANN,SCHEPERS,,10252003,"Daewoo-Mangalia Heavy Industries S.A. - Mangalia, Romania",low,3.0m,3.0,,Turkish,BWTS fitted,allied_2024_W06_Allied-Weekly-Market-Review-Week-06.pdf,9
2024-02-09,6,FEEDER,VEGA SCORPIO,,9662010,"Yangfan Group Co Ltd - Zhoushan ZJ, China",,2 X 45t N/A CRANES,,,undisclosed,bss promt dely Caribbean Sea,allied_2024_W06_Allied-Weekly-Market-Review-Week-06.pdf,9
2024-02-16,7,VLCC,NAVE SPHERICAL,297572,2009,"Shanghai Jiangnan Changxing Shipbuilding Co Ltd - Shanghai,",,53.9m,53.9,,undisclosed,"scrubber fitted, old sale, SS/DD due May '24",allied_2024_W07_Allied-Weekly-Market-Review-Week-07.pdf,7
2024-02-16,7,SUEZ,JULIA A,165293,2003,"Hyundai Samho Industries Co Samho, S. Korea",Heavy Ltd -,N/A,,,Turkish,,allied_2024_W07_Allied-Weekly-Market-Review-Week-07.pdf,7
2024-02-16,7,SUEZ,FRONT THOR,156719,2010,"Jiangsu Rongsheng Shipbuilding Co Rugao JS, China",Ltd -,45.5m,45.5,,undisclosed,BWTS & scrubber fitted,allied_2024_W07_Allied-Weekly-Market-Review-Week-07.pdf,7
2024-02-16,7,MR,EXCELSIOR BAY,49990,2014,"SPP Shipbuilding Ltd - Sacheon, S.",Co Epoxy Korea Phenolic,,,,,,allied_2024_W07_Allied-Weekly-Market-Review-Week-07.pdf,7
2024-02-16,7,MR,CRYSTAL BAY,49990,2014,"SPP Shipbuilding Ltd - Sacheon, S.",Co Epoxy Korea Phenolic,,,,,,allied_2024_W07_Allied-Weekly-Market-Review-Week-07.pdf,7
2024-02-16,7,MR,HARRISON BAY,49990,2015,"SPP Shipbuilding Ltd - Sacheon, S.",Co Epoxy Korea Phenolic,238.0m,238.0,,International,BWTS & scrubber fitted,allied_2024_W07_Allied-Weekly-Market-Review-Week-07.pdf,7
2024-02-16,7,MR,SAINT ALBANS BAY,49990,2015,"SPP Shipbuilding Ltd - Sacheon, S.",Co Epoxy Korea Phenolic,en bloc,,,Seaways,,allied_2024_W07_Allied-Weekly-Market-Review-Week-07.pdf,7
2024-02-16,7,MR,JENNINGS BAY,49990,2015,"SPP Shipbuilding Ltd - Sacheon, S.",Co Epoxy Korea Phenolic,,,,,,allied_2024_W07_Allied-Weekly-Market-Review-Week-07.pdf,7
2024-02-16,7,MR,LAFAYETTE BAY,49990,2015,"SPP Shipbuilding Ltd - Sacheon, S.",Co Epoxy Korea Phenolic,,,,,,allied_2024_W07_Allied-Weekly-Market-Review-Week-07.pdf,7
2024-02-16,7,MR,SEA HELIOS,45948,2004,"Shin Kurushima Dockyard Co. Ltd. Onishi, Japan",- EPOXY,15.0m,15.0,,Turkish,"BWTS fitted, old sale, SS/DD Mar '24",allied_2024_W07_Allied-Weekly-Market-Review-Week-07.pdf,7
2024-02-16,7,MR,BEATRICE,25932,2013,"Asakawa Zosen Imabari, Japan",K.K. - Stainless Steel rgn,29.0m,29.0,,DM Shipping,BWTS fitted,allied_2024_W07_Allied-Weekly-Market-Review-Week-07.pdf,7
2024-02-16,7,CAPE,CAROUGE,182080,2023,"Imabari Shipbuilding Co Ltd - Mihara HS (Hiroshima Shipyard),",,N/A,,,undisclosed,,allied_2024_W07_Allied-Weekly-Market-Review-Week-07.pdf,7
2024-02-16,7,CAPE,SAPIENTZA,177736,2008,"Shanghai Jiangnan Changxing Shipbuilding Co Ltd - Shanghai,",,22.6m,22.6,,Chinese,,allied_2024_W07_Allied-Weekly-Market-Review-Week-07.pdf,7
2024-02-16,7,KMAX,MAGIC NEBULA,80282,2010,STX Offshore & Shipbuilding Co Ltd - Changwon (Jinhae,rgn,16.0m,16.0,,undisclosed,BWTS fitted,allied_2024_W07_Allied-Weekly-Market-Review-Week-07.pdf,7
2024-02-16,7,PMAX,W-GALAXY,76629,2006,"Imabari Shipbuilding Co Ltd - Marugame KG (Marugame Shipyard),",,13.0m,13.0,,Chinese,"BWTS fitted, DD due Aug '24",allied_2024_W07_Allied-Weekly-Market-Review-Week-07.pdf,7
2024-02-16,7,UMAX,ZEYNO,63064,2014,"Yangzhou Dayang Shipbuilding Co Ltd - Yangzhou JS, China",4 X 36t xs CRANES,22.0m,22.0,,European,"BWTS fitted, eco, SS/DD due Sep '24, incl TC attached at US$ 14,500/day until Aug '24",allied_2024_W07_Allied-Weekly-Market-Review-Week-07.pdf,7
2024-02-16,7,UMAX,CMB CHIKAKO,61299,2014,"Shin Kasado Dockyard Co Ltd - Kudamatsu YC, Japan","4 X 30,7t high $ CRANES",24.0m,24.0,,Greek,"BWTS fitted, eco, SS/DD due Jul '24",allied_2024_W07_Allied-Weekly-Market-Review-Week-07.pdf,7
2024-02-16,7,SMAX,SEAMEC NIDHI,56755,2010,"Taizhou Kouan Shipbuilding Co Ltd - Taizhou JS, China",4 X 30t CRANES,10.8m,10.8,,undisclosed,BWTS fitted,allied_2024_W07_Allied-Weekly-Market-Review-Week-07.pdf,7
2024-02-16,7,HANDY MAESTRO,SAPPHIRE,39830,2020,"Saiki Heavy Industries Co Ltd - Saiki OT, Japan",4 X 30t CRANES,29.25m,29.25,,Devbulk Trading,"BWTS fitted, Tier II, old sale",allied_2024_W07_Allied-Weekly-Market-Review-Week-07.pdf,7
2024-02-16,7,HANDY,ECO SPLENDOR,38302,2013,"Naikai Zosen Corp - Onomichi HS (Innoshima Shipyard),","4 X 30,7t rgn low $ CRANES",18.0m,18.0,,Devbulk Trading,"BWTS fitted, eco, on BBHP basis",allied_2024_W07_Allied-Weekly-Market-Review-Week-07.pdf,7
2024-02-16,7,PMAX,ANTIBES EXPRESS,,32372002,"China Shipbuilding Corp (CSBC) - Kaohsiung, Taiwan",,4 X 45t N/A CRANES,,,undisclosed,,allied_2024_W07_Allied-Weekly-Market-Review-Week-07.pdf,8
2024-02-16,7,FEEDER,MISTRAL,,8682008,"J.J. Sietas KG Schiffswerft GmbH & Co. - Hamburg,",rgn low,9.0m,9.0,,U. A. E. Based,scrubber fitted,allied_2024_W07_Allied-Weekly-Market-Review-Week-07.pdf,8
