issue_date,report_week,year,demolition_mio_dwt,source_file
2021-07-02,26,2007,5.3,2021-07-07_athenian-shipbrokers-s-a-demolition-quick-update-week-26-2021_ship-recycling-weekly-26-2021-atheni_3c137c5215b0.pdf
2021-07-02,26,2008,13.0,2021-07-07_athenian-shipbrokers-s-a-demolition-quick-update-week-26-2021_ship-recycling-weekly-26-2021-atheni_3c137c5215b0.pdf
2021-07-02,26,2009,32.0,2021-07-07_athenian-shipbrokers-s-a-demolition-quick-update-week-26-2021_ship-recycling-weekly-26-2021-atheni_3c137c5215b0.pdf
2021-07-02,26,2010,26.0,2021-07-07_athenian-shipbrokers-s-a-demolition-quick-update-week-26-2021_ship-recycling-weekly-26-2021-atheni_3c137c5215b0.pdf
2021-07-02,26,2011,40.0,2021-07-07_athenian-shipbrokers-s-a-demolition-quick-update-week-26-2021_ship-recycling-weekly-26-2021-atheni_3c137c5215b0.pdf
2021-07-02,26,2012,55.8,2021-07-07_athenian-shipbrokers-s-a-demolition-quick-update-week-26-2021_ship-recycling-weekly-26-2021-atheni_3c137c5215b0.pdf
2021-07-02,26,2013,47.0,2021-07-07_athenian-shipbrokers-s-a-demolition-quick-update-week-26-2021_ship-recycling-weekly-26-2021-atheni_3c137c5215b0.pdf
2021-07-02,26,2014,34.3,2021-07-07_athenian-shipbrokers-s-a-demolition-quick-update-week-26-2021_ship-recycling-weekly-26-2021-atheni_3c137c5215b0.pdf
2021-07-02,26,2015,38.8,2021-07-07_athenian-shipbrokers-s-a-demolition-quick-update-week-26-2021_ship-recycling-weekly-26-2021-atheni_3c137c5215b0.pdf
2021-07-02,26,2016,44.6,2021-07-07_athenian-shipbrokers-s-a-demolition-quick-update-week-26-2021_ship-recycling-weekly-26-2021-atheni_3c137c5215b0.pdf
2021-07-02,26,2017,35.3,2021-07-07_athenian-shipbrokers-s-a-demolition-quick-update-week-26-2021_ship-recycling-weekly-26-2021-atheni_3c137c5215b0.pdf
2021-07-02,26,2018,30.4,2021-07-07_athenian-shipbrokers-s-a-demolition-quick-update-week-26-2021_ship-recycling-weekly-26-2021-atheni_3c137c5215b0.pdf
2021-07-02,26,2019,16.9,2021-07-07_athenian-shipbrokers-s-a-demolition-quick-update-week-26-2021_ship-recycling-weekly-26-2021-atheni_3c137c5215b0.pdf
2021-07-02,26,2020,23.2,2021-07-07_athenian-shipbrokers-s-a-demolition-quick-update-week-26-2021_ship-recycling-weekly-26-2021-atheni_3c137c5215b0.pdf
2021-07-02,26,2021,12.8,2021-07-07_athenian-shipbrokers-s-a-demolition-quick-update-week-26-2021_ship-recycling-weekly-26-2021-atheni_3c137c5215b0.pdf
2021-07-09,27,2007,5.3,2021-07-14_athenian-shipbrokers-s-a-demolition-quick-update-week-27-2021_ship-recycling-weekly-27-2021-atheni_4d35b02d18bf.pdf
2021-07-09,27,2008,13.0,2021-07-14_athenian-shipbrokers-s-a-demolition-quick-update-week-27-2021_ship-recycling-weekly-27-2021-atheni_4d35b02d18bf.pdf
2021-07-09,27,2009,32.0,2021-07-14_athenian-shipbrokers-s-a-demolition-quick-update-week-27-2021_ship-recycling-weekly-27-2021-atheni_4d35b02d18bf.pdf
2021-07-09,27,2010,26.0,2021-07-14_athenian-shipbrokers-s-a-demolition-quick-update-week-27-2021_ship-recycling-weekly-27-2021-atheni_4d35b02d18bf.pdf
2021-07-09,27,2011,40.0,2021-07-14_athenian-shipbrokers-s-a-demolition-quick-update-week-27-2021_ship-recycling-weekly-27-2021-atheni_4d35b02d18bf.pdf
2021-07-09,27,2012,55.8,2021-07-14_athenian-shipbrokers-s-a-demolition-quick-update-week-27-2021_ship-recycling-weekly-27-2021-atheni_4d35b02d18bf.pdf
2021-07-09,27,2013,47.0,2021-07-14_athenian-shipbrokers-s-a-demolition-quick-update-week-27-2021_ship-recycling-weekly-27-2021-atheni_4d35b02d18bf.pdf
2021-07-09,27,2014,34.3,2021-07-14_athenian-shipbrokers-s-a-demolition-quick-update-week-27-2021_ship-recycling-weekly-27-2021-atheni_4d35b02d18bf.pdf
2021-07-09,27,2015,38.8,2021-07-14_athenian-shipbrokers-s-a-demolition-quick-update-week-27-2021_ship-recycling-weekly-27-2021-atheni_4d35b02d18bf.pdf
2021-07-09,27,2016,44.6,2021-07-14_athenian-shipbrokers-s-a-demolition-quick-update-week-27-2021_ship-recycling-weekly-27-2021-atheni_4d35b02d18bf.pdf
2021-07-09,27,2017,35.3,2021-07-14_athenian-shipbrokers-s-a-demolition-quick-update-week-27-2021_ship-recycling-weekly-27-2021-atheni_4d35b02d18bf.pdf
2021-07-09,27,2018,30.4,2021-07-14_athenian-shipbrokers-s-a-demolition-quick-update-week-27-2021_ship-recycling-weekly-27-2021-atheni_4d35b02d18bf.pdf
2021-07-09,27,2019,16.9,2021-07-14_athenian-shipbrokers-s-a-demolition-quick-update-week-27-2021_ship-recycling-weekly-27-2021-atheni_4d35b02d18bf.pdf
2021-07-09,27,2020,23.2,2021-07-14_athenian-shipbrokers-s-a-demolition-quick-update-week-27-2021_ship-recycling-weekly-27-2021-atheni_4d35b02d18bf.pdf
2021-07-09,27,2021,13.6,2021-07-14_athenian-shipbrokers-s-a-demolition-quick-update-week-27-2021_ship-recycling-weekly-27-2021-atheni_4d35b02d18bf.pdf
2021-07-16,28,2007,5.3,2021-07-21_athenian-shipbrokers-s-a-demolition-quick-update-week-28-2021_ship-recycling-weekly-28-2021-atheni_168830057a95.pdf
2021-07-16,28,2008,13.0,2021-07-21_athenian-shipbrokers-s-a-demolition-quick-update-week-28-2021_ship-recycling-weekly-28-2021-atheni_168830057a95.pdf
2021-07-16,28,2009,32.0,2021-07-21_athenian-shipbrokers-s-a-demolition-quick-update-week-28-2021_ship-recycling-weekly-28-2021-atheni_168830057a95.pdf
2021-07-16,28,2010,26.0,2021-07-21_athenian-shipbrokers-s-a-demolition-quick-update-week-28-2021_ship-recycling-weekly-28-2021-atheni_168830057a95.pdf
2021-07-16,28,2011,40.0,2021-07-21_athenian-shipbrokers-s-a-demolition-quick-update-week-28-2021_ship-recycling-weekly-28-2021-atheni_168830057a95.pdf
2021-07-16,28,2012,55.8,2021-07-21_athenian-shipbrokers-s-a-demolition-quick-update-week-28-2021_ship-recycling-weekly-28-2021-atheni_168830057a95.pdf
2021-07-16,28,2013,47.0,2021-07-21_athenian-shipbrokers-s-a-demolition-quick-update-week-28-2021_ship-recycling-weekly-28-2021-atheni_168830057a95.pdf
2021-07-16,28,2014,34.3,2021-07-21_athenian-shipbrokers-s-a-demolition-quick-update-week-28-2021_ship-recycling-weekly-28-2021-atheni_168830057a95.pdf
2021-07-16,28,2015,38.8,2021-07-21_athenian-shipbrokers-s-a-demolition-quick-update-week-28-2021_ship-recycling-weekly-28-2021-atheni_168830057a95.pdf
2021-07-16,28,2016,44.6,2021-07-21_athenian-shipbrokers-s-a-demolition-quick-update-week-28-2021_ship-recycling-weekly-28-2021-atheni_168830057a95.pdf
2021-07-16,28,2017,35.3,2021-07-21_athenian-shipbrokers-s-a-demolition-quick-update-week-28-2021_ship-recycling-weekly-28-2021-atheni_168830057a95.pdf
2021-07-16,28,2018,30.4,2021-07-21_athenian-shipbrokers-s-a-demolition-quick-update-week-28-2021_ship-recycling-weekly-28-2021-atheni_168830057a95.pdf
2021-07-16,28,2019,16.9,2021-07-21_athenian-shipbrokers-s-a-demolition-quick-update-week-28-2021_ship-recycling-weekly-28-2021-atheni_168830057a95.pdf
2021-07-16,28,2020,23.2,2021-07-21_athenian-shipbrokers-s-a-demolition-quick-update-week-28-2021_ship-recycling-weekly-28-2021-atheni_168830057a95.pdf
2021-07-16,28,2021,14.0,2021-07-21_athenian-shipbrokers-s-a-demolition-quick-update-week-28-2021_ship-recycling-weekly-28-2021-atheni_168830057a95.pdf
2021-07-23,29,2007,5.3,2021-07-28_athenian-shipbrokers-s-a-demolition-quick-update-week-29-2021_ath-demo-weekly-29-2021-athenian-1_d8c39ac71a7a.pdf
2021-07-23,29,2008,13.0,2021-07-28_athenian-shipbrokers-s-a-demolition-quick-update-week-29-2021_ath-demo-weekly-29-2021-athenian-1_d8c39ac71a7a.pdf
2021-07-23,29,2009,32.0,2021-07-28_athenian-shipbrokers-s-a-demolition-quick-update-week-29-2021_ath-demo-weekly-29-2021-athenian-1_d8c39ac71a7a.pdf
2021-07-23,29,2010,26.0,2021-07-28_athenian-shipbrokers-s-a-demolition-quick-update-week-29-2021_ath-demo-weekly-29-2021-athenian-1_d8c39ac71a7a.pdf
2021-07-23,29,2011,40.0,2021-07-28_athenian-shipbrokers-s-a-demolition-quick-update-week-29-2021_ath-demo-weekly-29-2021-athenian-1_d8c39ac71a7a.pdf
2021-07-23,29,2012,55.8,2021-07-28_athenian-shipbrokers-s-a-demolition-quick-update-week-29-2021_ath-demo-weekly-29-2021-athenian-1_d8c39ac71a7a.pdf
2021-07-23,29,2013,47.0,2021-07-28_athenian-shipbrokers-s-a-demolition-quick-update-week-29-2021_ath-demo-weekly-29-2021-athenian-1_d8c39ac71a7a.pdf
2021-07-23,29,2014,34.3,2021-07-28_athenian-shipbrokers-s-a-demolition-quick-update-week-29-2021_ath-demo-weekly-29-2021-athenian-1_d8c39ac71a7a.pdf
2021-07-23,29,2015,38.8,2021-07-28_athenian-shipbrokers-s-a-demolition-quick-update-week-29-2021_ath-demo-weekly-29-2021-athenian-1_d8c39ac71a7a.pdf
2021-07-23,29,2016,44.6,2021-07-28_athenian-shipbrokers-s-a-demolition-quick-update-week-29-2021_ath-demo-weekly-29-2021-athenian-1_d8c39ac71a7a.pdf
2021-07-23,29,2017,35.3,2021-07-28_athenian-shipbrokers-s-a-demolition-quick-update-week-29-2021_ath-demo-weekly-29-2021-athenian-1_d8c39ac71a7a.pdf
2021-07-23,29,2018,30.4,2021-07-28_athenian-shipbrokers-s-a-demolition-quick-update-week-29-2021_ath-demo-weekly-29-2021-athenian-1_d8c39ac71a7a.pdf
2021-07-23,29,2019,16.9,2021-07-28_athenian-shipbrokers-s-a-demolition-quick-update-week-29-2021_ath-demo-weekly-29-2021-athenian-1_d8c39ac71a7a.pdf
2021-07-23,29,2020,23.2,2021-07-28_athenian-shipbrokers-s-a-demolition-quick-update-week-29-2021_ath-demo-weekly-29-2021-athenian-1_d8c39ac71a7a.pdf
2021-07-23,29,2021,14.0,2021-07-28_athenian-shipbrokers-s-a-demolition-quick-update-week-29-2021_ath-demo-weekly-29-2021-athenian-1_d8c39ac71a7a.pdf
2021-07-30,30,2007,5.3,2021-08-04_athenian-shipbrokers-s-a-demolition-quick-update-week-30-2021_demo-weekly-30-2021_d2b6b7a70748.pdf
2021-07-30,30,2008,13.0,2021-08-04_athenian-shipbrokers-s-a-demolition-quick-update-week-30-2021_demo-weekly-30-2021_d2b6b7a70748.pdf
2021-07-30,30,2009,32.0,2021-08-04_athenian-shipbrokers-s-a-demolition-quick-update-week-30-2021_demo-weekly-30-2021_d2b6b7a70748.pdf
2021-07-30,30,2010,26.0,2021-08-04_athenian-shipbrokers-s-a-demolition-quick-update-week-30-2021_demo-weekly-30-2021_d2b6b7a70748.pdf
2021-07-30,30,2011,40.0,2021-08-04_athenian-shipbrokers-s-a-demolition-quick-update-week-30-2021_demo-weekly-30-2021_d2b6b7a70748.pdf
2021-07-30,30,2012,55.8,2021-08-04_athenian-shipbrokers-s-a-demolition-quick-update-week-30-2021_demo-weekly-30-2021_d2b6b7a70748.pdf
2021-07-30,30,2013,47.0,2021-08-04_athenian-shipbrokers-s-a-demolition-quick-update-week-30-2021_demo-weekly-30-2021_d2b6b7a70748.pdf
2021-07-30,30,2014,34.3,2021-08-04_athenian-shipbrokers-s-a-demolition-quick-update-week-30-2021_demo-weekly-30-2021_d2b6b7a70748.pdf
2021-07-30,30,2015,38.8,2021-08-04_athenian-shipbrokers-s-a-demolition-quick-update-week-30-2021_demo-weekly-30-2021_d2b6b7a70748.pdf
2021-07-30,30,2016,44.6,2021-08-04_athenian-shipbrokers-s-a-demolition-quick-update-week-30-2021_demo-weekly-30-2021_d2b6b7a70748.pdf
2021-07-30,30,2017,35.3,2021-08-04_athenian-shipbrokers-s-a-demolition-quick-update-week-30-2021_demo-weekly-30-2021_d2b6b7a70748.pdf
2021-07-30,30,2018,30.4,2021-08-04_athenian-shipbrokers-s-a-demolition-quick-update-week-30-2021_demo-weekly-30-2021_d2b6b7a70748.pdf
2021-07-30,30,2019,16.9,2021-08-04_athenian-shipbrokers-s-a-demolition-quick-update-week-30-2021_demo-weekly-30-2021_d2b6b7a70748.pdf
2021-07-30,30,2020,23.2,2021-08-04_athenian-shipbrokers-s-a-demolition-quick-update-week-30-2021_demo-weekly-30-2021_d2b6b7a70748.pdf
2021-07-30,30,2021,14.6,2021-08-04_athenian-shipbrokers-s-a-demolition-quick-update-week-30-2021_demo-weekly-30-2021_d2b6b7a70748.pdf
2021-08-08,31,2007,5.3,2021-08-11_athenian-shipbrokers-s-a-demolition-quick-update-week-31-2021_demo-weekly-31-2021_cfca71bc05f5.pdf
2021-08-08,31,2008,13.0,2021-08-11_athenian-shipbrokers-s-a-demolition-quick-update-week-31-2021_demo-weekly-31-2021_cfca71bc05f5.pdf
2021-08-08,31,2009,32.0,2021-08-11_athenian-shipbrokers-s-a-demolition-quick-update-week-31-2021_demo-weekly-31-2021_cfca71bc05f5.pdf
2021-08-08,31,2010,26.0,2021-08-11_athenian-shipbrokers-s-a-demolition-quick-update-week-31-2021_demo-weekly-31-2021_cfca71bc05f5.pdf
2021-08-08,31,2011,40.0,2021-08-11_athenian-shipbrokers-s-a-demolition-quick-update-week-31-2021_demo-weekly-31-2021_cfca71bc05f5.pdf
2021-08-08,31,2012,55.8,2021-08-11_athenian-shipbrokers-s-a-demolition-quick-update-week-31-2021_demo-weekly-31-2021_cfca71bc05f5.pdf
2021-08-08,31,2013,47.0,2021-08-11_athenian-shipbrokers-s-a-demolition-quick-update-week-31-2021_demo-weekly-31-2021_cfca71bc05f5.pdf
2021-08-08,31,2014,34.3,2021-08-11_athenian-shipbrokers-s-a-demolition-quick-update-week-31-2021_demo-weekly-31-2021_cfca71bc05f5.pdf
2021-08-08,31,2015,38.8,2021-08-11_athenian-shipbrokers-s-a-demolition-quick-update-week-31-2021_demo-weekly-31-2021_cfca71bc05f5.pdf
2021-08-08,31,2016,44.6,2021-08-11_athenian-shipbrokers-s-a-demolition-quick-update-week-31-2021_demo-weekly-31-2021_cfca71bc05f5.pdf
2021-08-08,31,2017,35.3,2021-08-11_athenian-shipbrokers-s-a-demolition-quick-update-week-31-2021_demo-weekly-31-2021_cfca71bc05f5.pdf
2021-08-08,31,2018,30.4,2021-08-11_athenian-shipbrokers-s-a-demolition-quick-update-week-31-2021_demo-weekly-31-2021_cfca71bc05f5.pdf
2021-08-08,31,2019,16.9,2021-08-11_athenian-shipbrokers-s-a-demolition-quick-update-week-31-2021_demo-weekly-31-2021_cfca71bc05f5.pdf
2021-08-08,31,2020,23.2,2021-08-11_athenian-shipbrokers-s-a-demolition-quick-update-week-31-2021_demo-weekly-31-2021_cfca71bc05f5.pdf
2021-08-08,31,2021,14.6,2021-08-11_athenian-shipbrokers-s-a-demolition-quick-update-week-31-2021_demo-weekly-31-2021_cfca71bc05f5.pdf
2021-08-15,32,2007,5.3,2021-08-18_athenian-shipbrokers-s-a-demolition-quick-update-week-32-2021_demo-weekly-32-2021-1_c26e6197a019.pdf
2021-08-15,32,2008,13.0,2021-08-18_athenian-shipbrokers-s-a-demolition-quick-update-week-32-2021_demo-weekly-32-2021-1_c26e6197a019.pdf
2021-08-15,32,2009,32.0,2021-08-18_athenian-shipbrokers-s-a-demolition-quick-update-week-32-2021_demo-weekly-32-2021-1_c26e6197a019.pdf
2021-08-15,32,2010,26.0,2021-08-18_athenian-shipbrokers-s-a-demolition-quick-update-week-32-2021_demo-weekly-32-2021-1_c26e6197a019.pdf
2021-08-15,32,2011,40.0,2021-08-18_athenian-shipbrokers-s-a-demolition-quick-update-week-32-2021_demo-weekly-32-2021-1_c26e6197a019.pdf
2021-08-15,32,2012,55.8,2021-08-18_athenian-shipbrokers-s-a-demolition-quick-update-week-32-2021_demo-weekly-32-2021-1_c26e6197a019.pdf
2021-08-15,32,2013,47.0,2021-08-18_athenian-shipbrokers-s-a-demolition-quick-update-week-32-2021_demo-weekly-32-2021-1_c26e6197a019.pdf
2021-08-15,32,2014,34.3,2021-08-18_athenian-shipbrokers-s-a-demolition-quick-update-week-32-2021_demo-weekly-32-2021-1_c26e6197a019.pdf
2021-08-15,32,2015,38.8,2021-08-18_athenian-shipbrokers-s-a-demolition-quick-update-week-32-2021_demo-weekly-32-2021-1_c26e6197a019.pdf
2021-08-15,32,2016,44.6,2021-08-18_athenian-shipbrokers-s-a-demolition-quick-update-week-32-2021_demo-weekly-32-2021-1_c26e6197a019.pdf
2021-08-15,32,2017,35.3,2021-08-18_athenian-shipbrokers-s-a-demolition-quick-update-week-32-2021_demo-weekly-32-2021-1_c26e6197a019.pdf
2021-08-15,32,2018,30.4,2021-08-18_athenian-shipbrokers-s-a-demolition-quick-update-week-32-2021_demo-weekly-32-2021-1_c26e6197a019.pdf
2021-08-15,32,2019,16.9,2021-08-18_athenian-shipbrokers-s-a-demolition-quick-update-week-32-2021_demo-weekly-32-2021-1_c26e6197a019.pdf
2021-08-15,32,2020,23.2,2021-08-18_athenian-shipbrokers-s-a-demolition-quick-update-week-32-2021_demo-weekly-32-2021-1_c26e6197a019.pdf
2021-08-15,32,2021,15.0,2021-08-18_athenian-shipbrokers-s-a-demolition-quick-update-week-32-2021_demo-weekly-32-2021-1_c26e6197a019.pdf
2021-08-23,33,2007,5.3,2021-08-25_athenian-shipbrokers-s-a-demolition-quick-update-week-33-2021_demo-weekly-33-2021-1_08ada131797e.pdf
2021-08-23,33,2008,13.0,2021-08-25_athenian-shipbrokers-s-a-demolition-quick-update-week-33-2021_demo-weekly-33-2021-1_08ada131797e.pdf
2021-08-23,33,2009,32.0,2021-08-25_athenian-shipbrokers-s-a-demolition-quick-update-week-33-2021_demo-weekly-33-2021-1_08ada131797e.pdf
2021-08-23,33,2010,26.0,2021-08-25_athenian-shipbrokers-s-a-demolition-quick-update-week-33-2021_demo-weekly-33-2021-1_08ada131797e.pdf
2021-08-23,33,2011,40.0,2021-08-25_athenian-shipbrokers-s-a-demolition-quick-update-week-33-2021_demo-weekly-33-2021-1_08ada131797e.pdf
2021-08-23,33,2012,55.8,2021-08-25_athenian-shipbrokers-s-a-demolition-quick-update-week-33-2021_demo-weekly-33-2021-1_08ada131797e.pdf
2021-08-23,33,2013,47.0,2021-08-25_athenian-shipbrokers-s-a-demolition-quick-update-week-33-2021_demo-weekly-33-2021-1_08ada131797e.pdf
2021-08-23,33,2014,34.3,2021-08-25_athenian-shipbrokers-s-a-demolition-quick-update-week-33-2021_demo-weekly-33-2021-1_08ada131797e.pdf
2021-08-23,33,2015,38.8,2021-08-25_athenian-shipbrokers-s-a-demolition-quick-update-week-33-2021_demo-weekly-33-2021-1_08ada131797e.pdf
2021-08-23,33,2016,44.6,2021-08-25_athenian-shipbrokers-s-a-demolition-quick-update-week-33-2021_demo-weekly-33-2021-1_08ada131797e.pdf
2021-08-23,33,2017,35.3,2021-08-25_athenian-shipbrokers-s-a-demolition-quick-update-week-33-2021_demo-weekly-33-2021-1_08ada131797e.pdf
2021-08-23,33,2018,30.4,2021-08-25_athenian-shipbrokers-s-a-demolition-quick-update-week-33-2021_demo-weekly-33-2021-1_08ada131797e.pdf
2021-08-23,33,2019,16.9,2021-08-25_athenian-shipbrokers-s-a-demolition-quick-update-week-33-2021_demo-weekly-33-2021-1_08ada131797e.pdf
2021-08-23,33,2020,23.2,2021-08-25_athenian-shipbrokers-s-a-demolition-quick-update-week-33-2021_demo-weekly-33-2021-1_08ada131797e.pdf
2021-08-23,33,2021,15.0,2021-08-25_athenian-shipbrokers-s-a-demolition-quick-update-week-33-2021_demo-weekly-33-2021-1_08ada131797e.pdf
2021-08-29,34,2007,5.3,2021-09-01_athenian-shipbrokers-s-a-demolition-quick-update-week-34-2021_demo-ig-weekly-34-2021_b4d541636014.pdf
2021-08-29,34,2008,13.0,2021-09-01_athenian-shipbrokers-s-a-demolition-quick-update-week-34-2021_demo-ig-weekly-34-2021_b4d541636014.pdf
2021-08-29,34,2009,32.0,2021-09-01_athenian-shipbrokers-s-a-demolition-quick-update-week-34-2021_demo-ig-weekly-34-2021_b4d541636014.pdf
2021-08-29,34,2010,26.0,2021-09-01_athenian-shipbrokers-s-a-demolition-quick-update-week-34-2021_demo-ig-weekly-34-2021_b4d541636014.pdf
2021-08-29,34,2011,40.0,2021-09-01_athenian-shipbrokers-s-a-demolition-quick-update-week-34-2021_demo-ig-weekly-34-2021_b4d541636014.pdf
2021-08-29,34,2012,55.8,2021-09-01_athenian-shipbrokers-s-a-demolition-quick-update-week-34-2021_demo-ig-weekly-34-2021_b4d541636014.pdf
2021-08-29,34,2013,47.0,2021-09-01_athenian-shipbrokers-s-a-demolition-quick-update-week-34-2021_demo-ig-weekly-34-2021_b4d541636014.pdf
2021-08-29,34,2014,34.3,2021-09-01_athenian-shipbrokers-s-a-demolition-quick-update-week-34-2021_demo-ig-weekly-34-2021_b4d541636014.pdf
2021-08-29,34,2015,38.8,2021-09-01_athenian-shipbrokers-s-a-demolition-quick-update-week-34-2021_demo-ig-weekly-34-2021_b4d541636014.pdf
2021-08-29,34,2016,44.6,2021-09-01_athenian-shipbrokers-s-a-demolition-quick-update-week-34-2021_demo-ig-weekly-34-2021_b4d541636014.pdf
2021-08-29,34,2017,35.3,2021-09-01_athenian-shipbrokers-s-a-demolition-quick-update-week-34-2021_demo-ig-weekly-34-2021_b4d541636014.pdf
2021-08-29,34,2018,30.4,2021-09-01_athenian-shipbrokers-s-a-demolition-quick-update-week-34-2021_demo-ig-weekly-34-2021_b4d541636014.pdf
2021-08-29,34,2019,16.9,2021-09-01_athenian-shipbrokers-s-a-demolition-quick-update-week-34-2021_demo-ig-weekly-34-2021_b4d541636014.pdf
2021-08-29,34,2020,23.2,2021-09-01_athenian-shipbrokers-s-a-demolition-quick-update-week-34-2021_demo-ig-weekly-34-2021_b4d541636014.pdf
2021-08-29,34,2021,15.6,2021-09-01_athenian-shipbrokers-s-a-demolition-quick-update-week-34-2021_demo-ig-weekly-34-2021_b4d541636014.pdf
2021-09-05,35,2007,5.3,2021-09-08_athenian-shipbrokers-s-a-demolition-quick-update-week-35-2021_demo-ig-weekly-35-2021pdf_19c1d8a85fb7.pdf
2021-09-05,35,2008,13.0,2021-09-08_athenian-shipbrokers-s-a-demolition-quick-update-week-35-2021_demo-ig-weekly-35-2021pdf_19c1d8a85fb7.pdf
2021-09-05,35,2009,32.0,2021-09-08_athenian-shipbrokers-s-a-demolition-quick-update-week-35-2021_demo-ig-weekly-35-2021pdf_19c1d8a85fb7.pdf
2021-09-05,35,2010,26.0,2021-09-08_athenian-shipbrokers-s-a-demolition-quick-update-week-35-2021_demo-ig-weekly-35-2021pdf_19c1d8a85fb7.pdf
2021-09-05,35,2011,40.0,2021-09-08_athenian-shipbrokers-s-a-demolition-quick-update-week-35-2021_demo-ig-weekly-35-2021pdf_19c1d8a85fb7.pdf
2021-09-05,35,2012,55.8,2021-09-08_athenian-shipbrokers-s-a-demolition-quick-update-week-35-2021_demo-ig-weekly-35-2021pdf_19c1d8a85fb7.pdf
2021-09-05,35,2013,47.0,2021-09-08_athenian-shipbrokers-s-a-demolition-quick-update-week-35-2021_demo-ig-weekly-35-2021pdf_19c1d8a85fb7.pdf
2021-09-05,35,2014,34.3,2021-09-08_athenian-shipbrokers-s-a-demolition-quick-update-week-35-2021_demo-ig-weekly-35-2021pdf_19c1d8a85fb7.pdf
2021-09-05,35,2015,38.8,2021-09-08_athenian-shipbrokers-s-a-demolition-quick-update-week-35-2021_demo-ig-weekly-35-2021pdf_19c1d8a85fb7.pdf
2021-09-05,35,2016,44.6,2021-09-08_athenian-shipbrokers-s-a-demolition-quick-update-week-35-2021_demo-ig-weekly-35-2021pdf_19c1d8a85fb7.pdf
2021-09-05,35,2017,35.3,2021-09-08_athenian-shipbrokers-s-a-demolition-quick-update-week-35-2021_demo-ig-weekly-35-2021pdf_19c1d8a85fb7.pdf
2021-09-05,35,2018,30.4,2021-09-08_athenian-shipbrokers-s-a-demolition-quick-update-week-35-2021_demo-ig-weekly-35-2021pdf_19c1d8a85fb7.pdf
2021-09-05,35,2019,16.9,2021-09-08_athenian-shipbrokers-s-a-demolition-quick-update-week-35-2021_demo-ig-weekly-35-2021pdf_19c1d8a85fb7.pdf
2021-09-05,35,2020,23.2,2021-09-08_athenian-shipbrokers-s-a-demolition-quick-update-week-35-2021_demo-ig-weekly-35-2021pdf_19c1d8a85fb7.pdf
2021-09-05,35,2021,15.7,2021-09-08_athenian-shipbrokers-s-a-demolition-quick-update-week-35-2021_demo-ig-weekly-35-2021pdf_19c1d8a85fb7.pdf
2021-09-12,36,2007,5.3,2021-09-15_athenian-shipbrokers-s-a-demolition-quick-update-week-36-2021_demo-ig-weekly-36-2021_118f79f79fa3.pdf
2021-09-12,36,2008,13.0,2021-09-15_athenian-shipbrokers-s-a-demolition-quick-update-week-36-2021_demo-ig-weekly-36-2021_118f79f79fa3.pdf
2021-09-12,36,2009,32.0,2021-09-15_athenian-shipbrokers-s-a-demolition-quick-update-week-36-2021_demo-ig-weekly-36-2021_118f79f79fa3.pdf
2021-09-12,36,2010,26.0,2021-09-15_athenian-shipbrokers-s-a-demolition-quick-update-week-36-2021_demo-ig-weekly-36-2021_118f79f79fa3.pdf
2021-09-12,36,2011,40.0,2021-09-15_athenian-shipbrokers-s-a-demolition-quick-update-week-36-2021_demo-ig-weekly-36-2021_118f79f79fa3.pdf
2021-09-12,36,2012,55.8,2021-09-15_athenian-shipbrokers-s-a-demolition-quick-update-week-36-2021_demo-ig-weekly-36-2021_118f79f79fa3.pdf
2021-09-12,36,2013,47.0,2021-09-15_athenian-shipbrokers-s-a-demolition-quick-update-week-36-2021_demo-ig-weekly-36-2021_118f79f79fa3.pdf
2021-09-12,36,2014,34.3,2021-09-15_athenian-shipbrokers-s-a-demolition-quick-update-week-36-2021_demo-ig-weekly-36-2021_118f79f79fa3.pdf
2021-09-12,36,2015,38.8,2021-09-15_athenian-shipbrokers-s-a-demolition-quick-update-week-36-2021_demo-ig-weekly-36-2021_118f79f79fa3.pdf
2021-09-12,36,2016,44.6,2021-09-15_athenian-shipbrokers-s-a-demolition-quick-update-week-36-2021_demo-ig-weekly-36-2021_118f79f79fa3.pdf
2021-09-12,36,2017,35.3,2021-09-15_athenian-shipbrokers-s-a-demolition-quick-update-week-36-2021_demo-ig-weekly-36-2021_118f79f79fa3.pdf
2021-09-12,36,2018,30.4,2021-09-15_athenian-shipbrokers-s-a-demolition-quick-update-week-36-2021_demo-ig-weekly-36-2021_118f79f79fa3.pdf
2021-09-12,36,2019,16.9,2021-09-15_athenian-shipbrokers-s-a-demolition-quick-update-week-36-2021_demo-ig-weekly-36-2021_118f79f79fa3.pdf
2021-09-12,36,2020,23.2,2021-09-15_athenian-shipbrokers-s-a-demolition-quick-update-week-36-2021_demo-ig-weekly-36-2021_118f79f79fa3.pdf
2021-09-12,36,2021,16.6,2021-09-15_athenian-shipbrokers-s-a-demolition-quick-update-week-36-2021_demo-ig-weekly-36-2021_118f79f79fa3.pdf
2021-09-19,37,2007,5.3,2021-09-22_athenian-shipbrokers-s-a-demolition-quick-update-week-37-2021_demo-ig-weekly-37-2021_b87071037cf0.pdf
2021-09-19,37,2008,13.0,2021-09-22_athenian-shipbrokers-s-a-demolition-quick-update-week-37-2021_demo-ig-weekly-37-2021_b87071037cf0.pdf
2021-09-19,37,2009,32.0,2021-09-22_athenian-shipbrokers-s-a-demolition-quick-update-week-37-2021_demo-ig-weekly-37-2021_b87071037cf0.pdf
2021-09-19,37,2010,26.0,2021-09-22_athenian-shipbrokers-s-a-demolition-quick-update-week-37-2021_demo-ig-weekly-37-2021_b87071037cf0.pdf
2021-09-19,37,2011,40.0,2021-09-22_athenian-shipbrokers-s-a-demolition-quick-update-week-37-2021_demo-ig-weekly-37-2021_b87071037cf0.pdf
2021-09-19,37,2012,55.8,2021-09-22_athenian-shipbrokers-s-a-demolition-quick-update-week-37-2021_demo-ig-weekly-37-2021_b87071037cf0.pdf
2021-09-19,37,2013,47.0,2021-09-22_athenian-shipbrokers-s-a-demolition-quick-update-week-37-2021_demo-ig-weekly-37-2021_b87071037cf0.pdf
2021-09-19,37,2014,34.3,2021-09-22_athenian-shipbrokers-s-a-demolition-quick-update-week-37-2021_demo-ig-weekly-37-2021_b87071037cf0.pdf
2021-09-19,37,2015,38.8,2021-09-22_athenian-shipbrokers-s-a-demolition-quick-update-week-37-2021_demo-ig-weekly-37-2021_b87071037cf0.pdf
2021-09-19,37,2016,44.6,2021-09-22_athenian-shipbrokers-s-a-demolition-quick-update-week-37-2021_demo-ig-weekly-37-2021_b87071037cf0.pdf
2021-09-19,37,2017,35.3,2021-09-22_athenian-shipbrokers-s-a-demolition-quick-update-week-37-2021_demo-ig-weekly-37-2021_b87071037cf0.pdf
2021-09-19,37,2018,30.4,2021-09-22_athenian-shipbrokers-s-a-demolition-quick-update-week-37-2021_demo-ig-weekly-37-2021_b87071037cf0.pdf
2021-09-19,37,2019,16.9,2021-09-22_athenian-shipbrokers-s-a-demolition-quick-update-week-37-2021_demo-ig-weekly-37-2021_b87071037cf0.pdf
2021-09-19,37,2020,23.2,2021-09-22_athenian-shipbrokers-s-a-demolition-quick-update-week-37-2021_demo-ig-weekly-37-2021_b87071037cf0.pdf
2021-09-19,37,2021,18.0,2021-09-22_athenian-shipbrokers-s-a-demolition-quick-update-week-37-2021_demo-ig-weekly-37-2021_b87071037cf0.pdf
2021-09-26,38,2007,5.3,2021-09-29_athenian-shipbrokers-s-a-demolition-quick-update-week-38-2021_demo-ig-weekly-38-2021_740139413520.pdf
2021-09-26,38,2008,13.0,2021-09-29_athenian-shipbrokers-s-a-demolition-quick-update-week-38-2021_demo-ig-weekly-38-2021_740139413520.pdf
2021-09-26,38,2009,32.0,2021-09-29_athenian-shipbrokers-s-a-demolition-quick-update-week-38-2021_demo-ig-weekly-38-2021_740139413520.pdf
2021-09-26,38,2010,26.0,2021-09-29_athenian-shipbrokers-s-a-demolition-quick-update-week-38-2021_demo-ig-weekly-38-2021_740139413520.pdf
2021-09-26,38,2011,40.0,2021-09-29_athenian-shipbrokers-s-a-demolition-quick-update-week-38-2021_demo-ig-weekly-38-2021_740139413520.pdf
2021-09-26,38,2012,55.8,2021-09-29_athenian-shipbrokers-s-a-demolition-quick-update-week-38-2021_demo-ig-weekly-38-2021_740139413520.pdf
2021-09-26,38,2013,47.0,2021-09-29_athenian-shipbrokers-s-a-demolition-quick-update-week-38-2021_demo-ig-weekly-38-2021_740139413520.pdf
2021-09-26,38,2014,34.3,2021-09-29_athenian-shipbrokers-s-a-demolition-quick-update-week-38-2021_demo-ig-weekly-38-2021_740139413520.pdf
2021-09-26,38,2015,38.8,2021-09-29_athenian-shipbrokers-s-a-demolition-quick-update-week-38-2021_demo-ig-weekly-38-2021_740139413520.pdf
2021-09-26,38,2016,44.6,2021-09-29_athenian-shipbrokers-s-a-demolition-quick-update-week-38-2021_demo-ig-weekly-38-2021_740139413520.pdf
2021-09-26,38,2017,35.3,2021-09-29_athenian-shipbrokers-s-a-demolition-quick-update-week-38-2021_demo-ig-weekly-38-2021_740139413520.pdf
2021-09-26,38,2018,30.4,2021-09-29_athenian-shipbrokers-s-a-demolition-quick-update-week-38-2021_demo-ig-weekly-38-2021_740139413520.pdf
2021-09-26,38,2019,16.9,2021-09-29_athenian-shipbrokers-s-a-demolition-quick-update-week-38-2021_demo-ig-weekly-38-2021_740139413520.pdf
2021-09-26,38,2020,23.2,2021-09-29_athenian-shipbrokers-s-a-demolition-quick-update-week-38-2021_demo-ig-weekly-38-2021_740139413520.pdf
2021-09-26,38,2021,18.3,2021-09-29_athenian-shipbrokers-s-a-demolition-quick-update-week-38-2021_demo-ig-weekly-38-2021_740139413520.pdf
2021-10-03,39,2007,5.3,2021-10-06_athenian-shipbrokers-s-a-demolition-quick-update-week-39-2021_demo-ig-weekly-39-2021_9e3246a481ac.pdf
2021-10-03,39,2008,13.0,2021-10-06_athenian-shipbrokers-s-a-demolition-quick-update-week-39-2021_demo-ig-weekly-39-2021_9e3246a481ac.pdf
2021-10-03,39,2009,32.0,2021-10-06_athenian-shipbrokers-s-a-demolition-quick-update-week-39-2021_demo-ig-weekly-39-2021_9e3246a481ac.pdf
2021-10-03,39,2010,26.0,2021-10-06_athenian-shipbrokers-s-a-demolition-quick-update-week-39-2021_demo-ig-weekly-39-2021_9e3246a481ac.pdf
2021-10-03,39,2011,40.0,2021-10-06_athenian-shipbrokers-s-a-demolition-quick-update-week-39-2021_demo-ig-weekly-39-2021_9e3246a481ac.pdf
2021-10-03,39,2012,55.8,2021-10-06_athenian-shipbrokers-s-a-demolition-quick-update-week-39-2021_demo-ig-weekly-39-2021_9e3246a481ac.pdf
2021-10-03,39,2013,47.0,2021-10-06_athenian-shipbrokers-s-a-demolition-quick-update-week-39-2021_demo-ig-weekly-39-2021_9e3246a481ac.pdf
2021-10-03,39,2014,34.3,2021-10-06_athenian-shipbrokers-s-a-demolition-quick-update-week-39-2021_demo-ig-weekly-39-2021_9e3246a481ac.pdf
2021-10-03,39,2015,38.8,2021-10-06_athenian-shipbrokers-s-a-demolition-quick-update-week-39-2021_demo-ig-weekly-39-2021_9e3246a481ac.pdf
2021-10-03,39,2016,44.6,2021-10-06_athenian-shipbrokers-s-a-demolition-quick-update-week-39-2021_demo-ig-weekly-39-2021_9e3246a481ac.pdf
2021-10-03,39,2017,35.3,2021-10-06_athenian-shipbrokers-s-a-demolition-quick-update-week-39-2021_demo-ig-weekly-39-2021_9e3246a481ac.pdf
2021-10-03,39,2018,30.4,2021-10-06_athenian-shipbrokers-s-a-demolition-quick-update-week-39-2021_demo-ig-weekly-39-2021_9e3246a481ac.pdf
2021-10-03,39,2019,16.9,2021-10-06_athenian-shipbrokers-s-a-demolition-quick-update-week-39-2021_demo-ig-weekly-39-2021_9e3246a481ac.pdf
2021-10-03,39,2020,23.2,2021-10-06_athenian-shipbrokers-s-a-demolition-quick-update-week-39-2021_demo-ig-weekly-39-2021_9e3246a481ac.pdf
2021-10-03,39,2021,18.6,2021-10-06_athenian-shipbrokers-s-a-demolition-quick-update-week-39-2021_demo-ig-weekly-39-2021_9e3246a481ac.pdf
2021-10-10,40,2007,5.3,2021-10-13_athenian-shipbrokers-s-a-demolition-quick-update-week-40-2021_demo-ig-weekly-40-2021_e9fa5c6a0d09.pdf
2021-10-10,40,2008,13.0,2021-10-13_athenian-shipbrokers-s-a-demolition-quick-update-week-40-2021_demo-ig-weekly-40-2021_e9fa5c6a0d09.pdf
2021-10-10,40,2009,32.0,2021-10-13_athenian-shipbrokers-s-a-demolition-quick-update-week-40-2021_demo-ig-weekly-40-2021_e9fa5c6a0d09.pdf
2021-10-10,40,2010,26.0,2021-10-13_athenian-shipbrokers-s-a-demolition-quick-update-week-40-2021_demo-ig-weekly-40-2021_e9fa5c6a0d09.pdf
2021-10-10,40,2011,40.0,2021-10-13_athenian-shipbrokers-s-a-demolition-quick-update-week-40-2021_demo-ig-weekly-40-2021_e9fa5c6a0d09.pdf
2021-10-10,40,2012,55.8,2021-10-13_athenian-shipbrokers-s-a-demolition-quick-update-week-40-2021_demo-ig-weekly-40-2021_e9fa5c6a0d09.pdf
2021-10-10,40,2013,47.0,2021-10-13_athenian-shipbrokers-s-a-demolition-quick-update-week-40-2021_demo-ig-weekly-40-2021_e9fa5c6a0d09.pdf
2021-10-10,40,2014,34.3,2021-10-13_athenian-shipbrokers-s-a-demolition-quick-update-week-40-2021_demo-ig-weekly-40-2021_e9fa5c6a0d09.pdf
2021-10-10,40,2015,38.8,2021-10-13_athenian-shipbrokers-s-a-demolition-quick-update-week-40-2021_demo-ig-weekly-40-2021_e9fa5c6a0d09.pdf
2021-10-10,40,2016,44.6,2021-10-13_athenian-shipbrokers-s-a-demolition-quick-update-week-40-2021_demo-ig-weekly-40-2021_e9fa5c6a0d09.pdf
2021-10-10,40,2017,35.3,2021-10-13_athenian-shipbrokers-s-a-demolition-quick-update-week-40-2021_demo-ig-weekly-40-2021_e9fa5c6a0d09.pdf
2021-10-10,40,2018,30.4,2021-10-13_athenian-shipbrokers-s-a-demolition-quick-update-week-40-2021_demo-ig-weekly-40-2021_e9fa5c6a0d09.pdf
2021-10-10,40,2019,16.9,2021-10-13_athenian-shipbrokers-s-a-demolition-quick-update-week-40-2021_demo-ig-weekly-40-2021_e9fa5c6a0d09.pdf
2021-10-10,40,2020,23.2,2021-10-13_athenian-shipbrokers-s-a-demolition-quick-update-week-40-2021_demo-ig-weekly-40-2021_e9fa5c6a0d09.pdf
2021-10-10,40,2021,19.0,2021-10-13_athenian-shipbrokers-s-a-demolition-quick-update-week-40-2021_demo-ig-weekly-40-2021_e9fa5c6a0d09.pdf
2021-10-17,41,2007,5.3,2021-10-20_athenian-shipbrokers-s-a-demolition-quick-update-week-41-2021_demo-ig-weekly-41-2021_6fd1362df973.pdf
2021-10-17,41,2008,13.0,2021-10-20_athenian-shipbrokers-s-a-demolition-quick-update-week-41-2021_demo-ig-weekly-41-2021_6fd1362df973.pdf
2021-10-17,41,2009,32.0,2021-10-20_athenian-shipbrokers-s-a-demolition-quick-update-week-41-2021_demo-ig-weekly-41-2021_6fd1362df973.pdf
2021-10-17,41,2010,26.0,2021-10-20_athenian-shipbrokers-s-a-demolition-quick-update-week-41-2021_demo-ig-weekly-41-2021_6fd1362df973.pdf
2021-10-17,41,2011,40.0,2021-10-20_athenian-shipbrokers-s-a-demolition-quick-update-week-41-2021_demo-ig-weekly-41-2021_6fd1362df973.pdf
2021-10-17,41,2012,55.8,2021-10-20_athenian-shipbrokers-s-a-demolition-quick-update-week-41-2021_demo-ig-weekly-41-2021_6fd1362df973.pdf
2021-10-17,41,2013,47.0,2021-10-20_athenian-shipbrokers-s-a-demolition-quick-update-week-41-2021_demo-ig-weekly-41-2021_6fd1362df973.pdf
2021-10-17,41,2014,34.3,2021-10-20_athenian-shipbrokers-s-a-demolition-quick-update-week-41-2021_demo-ig-weekly-41-2021_6fd1362df973.pdf
2021-10-17,41,2015,38.8,2021-10-20_athenian-shipbrokers-s-a-demolition-quick-update-week-41-2021_demo-ig-weekly-41-2021_6fd1362df973.pdf
2021-10-17,41,2016,44.6,2021-10-20_athenian-shipbrokers-s-a-demolition-quick-update-week-41-2021_demo-ig-weekly-41-2021_6fd1362df973.pdf
2021-10-17,41,2017,35.3,2021-10-20_athenian-shipbrokers-s-a-demolition-quick-update-week-41-2021_demo-ig-weekly-41-2021_6fd1362df973.pdf
2021-10-17,41,2018,30.4,2021-10-20_athenian-shipbrokers-s-a-demolition-quick-update-week-41-2021_demo-ig-weekly-41-2021_6fd1362df973.pdf
2021-10-17,41,2019,16.9,2021-10-20_athenian-shipbrokers-s-a-demolition-quick-update-week-41-2021_demo-ig-weekly-41-2021_6fd1362df973.pdf
2021-10-17,41,2020,23.2,2021-10-20_athenian-shipbrokers-s-a-demolition-quick-update-week-41-2021_demo-ig-weekly-41-2021_6fd1362df973.pdf
2021-10-17,41,2021,19.4,2021-10-20_athenian-shipbrokers-s-a-demolition-quick-update-week-41-2021_demo-ig-weekly-41-2021_6fd1362df973.pdf
2021-10-24,42,2007,5.3,2021-10-27_athenian-shipbrokers-s-a-demolition-quick-update-week-42-2021_demo-ig-weekly-42-2021_60fd1273cfe4.pdf
2021-10-24,42,2008,13.0,2021-10-27_athenian-shipbrokers-s-a-demolition-quick-update-week-42-2021_demo-ig-weekly-42-2021_60fd1273cfe4.pdf
2021-10-24,42,2009,32.0,2021-10-27_athenian-shipbrokers-s-a-demolition-quick-update-week-42-2021_demo-ig-weekly-42-2021_60fd1273cfe4.pdf
2021-10-24,42,2010,26.0,2021-10-27_athenian-shipbrokers-s-a-demolition-quick-update-week-42-2021_demo-ig-weekly-42-2021_60fd1273cfe4.pdf
2021-10-24,42,2011,40.0,2021-10-27_athenian-shipbrokers-s-a-demolition-quick-update-week-42-2021_demo-ig-weekly-42-2021_60fd1273cfe4.pdf
2021-10-24,42,2012,55.8,2021-10-27_athenian-shipbrokers-s-a-demolition-quick-update-week-42-2021_demo-ig-weekly-42-2021_60fd1273cfe4.pdf
2021-10-24,42,2013,47.0,2021-10-27_athenian-shipbrokers-s-a-demolition-quick-update-week-42-2021_demo-ig-weekly-42-2021_60fd1273cfe4.pdf
2021-10-24,42,2014,34.3,2021-10-27_athenian-shipbrokers-s-a-demolition-quick-update-week-42-2021_demo-ig-weekly-42-2021_60fd1273cfe4.pdf
2021-10-24,42,2015,38.8,2021-10-27_athenian-shipbrokers-s-a-demolition-quick-update-week-42-2021_demo-ig-weekly-42-2021_60fd1273cfe4.pdf
2021-10-24,42,2016,44.6,2021-10-27_athenian-shipbrokers-s-a-demolition-quick-update-week-42-2021_demo-ig-weekly-42-2021_60fd1273cfe4.pdf
2021-10-24,42,2017,35.3,2021-10-27_athenian-shipbrokers-s-a-demolition-quick-update-week-42-2021_demo-ig-weekly-42-2021_60fd1273cfe4.pdf
2021-10-24,42,2018,30.4,2021-10-27_athenian-shipbrokers-s-a-demolition-quick-update-week-42-2021_demo-ig-weekly-42-2021_60fd1273cfe4.pdf
2021-10-24,42,2019,16.9,2021-10-27_athenian-shipbrokers-s-a-demolition-quick-update-week-42-2021_demo-ig-weekly-42-2021_60fd1273cfe4.pdf
2021-10-24,42,2020,23.2,2021-10-27_athenian-shipbrokers-s-a-demolition-quick-update-week-42-2021_demo-ig-weekly-42-2021_60fd1273cfe4.pdf
2021-10-24,42,2021,19.9,2021-10-27_athenian-shipbrokers-s-a-demolition-quick-update-week-42-2021_demo-ig-weekly-42-2021_60fd1273cfe4.pdf
2021-10-31,43,2007,5.3,2021-11-03_athenian-shipbrokers-s-a-demolition-quick-update-week-43-2021_demo-ig-weekly-43-2021_ce55f5ad2101.pdf
2021-10-31,43,2008,13.0,2021-11-03_athenian-shipbrokers-s-a-demolition-quick-update-week-43-2021_demo-ig-weekly-43-2021_ce55f5ad2101.pdf
2021-10-31,43,2009,32.0,2021-11-03_athenian-shipbrokers-s-a-demolition-quick-update-week-43-2021_demo-ig-weekly-43-2021_ce55f5ad2101.pdf
2021-10-31,43,2010,26.0,2021-11-03_athenian-shipbrokers-s-a-demolition-quick-update-week-43-2021_demo-ig-weekly-43-2021_ce55f5ad2101.pdf
2021-10-31,43,2011,40.0,2021-11-03_athenian-shipbrokers-s-a-demolition-quick-update-week-43-2021_demo-ig-weekly-43-2021_ce55f5ad2101.pdf
2021-10-31,43,2012,55.8,2021-11-03_athenian-shipbrokers-s-a-demolition-quick-update-week-43-2021_demo-ig-weekly-43-2021_ce55f5ad2101.pdf
2021-10-31,43,2013,47.0,2021-11-03_athenian-shipbrokers-s-a-demolition-quick-update-week-43-2021_demo-ig-weekly-43-2021_ce55f5ad2101.pdf
2021-10-31,43,2014,34.3,2021-11-03_athenian-shipbrokers-s-a-demolition-quick-update-week-43-2021_demo-ig-weekly-43-2021_ce55f5ad2101.pdf
2021-10-31,43,2015,38.8,2021-11-03_athenian-shipbrokers-s-a-demolition-quick-update-week-43-2021_demo-ig-weekly-43-2021_ce55f5ad2101.pdf
2021-10-31,43,2016,44.6,2021-11-03_athenian-shipbrokers-s-a-demolition-quick-update-week-43-2021_demo-ig-weekly-43-2021_ce55f5ad2101.pdf
2021-10-31,43,2017,35.3,2021-11-03_athenian-shipbrokers-s-a-demolition-quick-update-week-43-2021_demo-ig-weekly-43-2021_ce55f5ad2101.pdf
2021-10-31,43,2018,30.4,2021-11-03_athenian-shipbrokers-s-a-demolition-quick-update-week-43-2021_demo-ig-weekly-43-2021_ce55f5ad2101.pdf
2021-10-31,43,2019,16.9,2021-11-03_athenian-shipbrokers-s-a-demolition-quick-update-week-43-2021_demo-ig-weekly-43-2021_ce55f5ad2101.pdf
2021-10-31,43,2020,23.2,2021-11-03_athenian-shipbrokers-s-a-demolition-quick-update-week-43-2021_demo-ig-weekly-43-2021_ce55f5ad2101.pdf
2021-10-31,43,2021,20.2,2021-11-03_athenian-shipbrokers-s-a-demolition-quick-update-week-43-2021_demo-ig-weekly-43-2021_ce55f5ad2101.pdf
2021-11-14,45,2007,5.3,2021-11-17_athenian-shipbrokers-s-a-demolition-quick-update-week-45-2021_demo-ig-weekly-45-2021_426037057cc9.pdf
2021-11-14,45,2008,13.0,2021-11-17_athenian-shipbrokers-s-a-demolition-quick-update-week-45-2021_demo-ig-weekly-45-2021_426037057cc9.pdf
2021-11-14,45,2009,32.0,2021-11-17_athenian-shipbrokers-s-a-demolition-quick-update-week-45-2021_demo-ig-weekly-45-2021_426037057cc9.pdf
2021-11-14,45,2010,26.0,2021-11-17_athenian-shipbrokers-s-a-demolition-quick-update-week-45-2021_demo-ig-weekly-45-2021_426037057cc9.pdf
2021-11-14,45,2011,40.0,2021-11-17_athenian-shipbrokers-s-a-demolition-quick-update-week-45-2021_demo-ig-weekly-45-2021_426037057cc9.pdf
2021-11-14,45,2012,55.8,2021-11-17_athenian-shipbrokers-s-a-demolition-quick-update-week-45-2021_demo-ig-weekly-45-2021_426037057cc9.pdf
2021-11-14,45,2013,47.0,2021-11-17_athenian-shipbrokers-s-a-demolition-quick-update-week-45-2021_demo-ig-weekly-45-2021_426037057cc9.pdf
2021-11-14,45,2014,34.3,2021-11-17_athenian-shipbrokers-s-a-demolition-quick-update-week-45-2021_demo-ig-weekly-45-2021_426037057cc9.pdf
2021-11-14,45,2015,38.8,2021-11-17_athenian-shipbrokers-s-a-demolition-quick-update-week-45-2021_demo-ig-weekly-45-2021_426037057cc9.pdf
2021-11-14,45,2016,44.6,2021-11-17_athenian-shipbrokers-s-a-demolition-quick-update-week-45-2021_demo-ig-weekly-45-2021_426037057cc9.pdf
2021-11-14,45,2017,35.3,2021-11-17_athenian-shipbrokers-s-a-demolition-quick-update-week-45-2021_demo-ig-weekly-45-2021_426037057cc9.pdf
2021-11-14,45,2018,30.4,2021-11-17_athenian-shipbrokers-s-a-demolition-quick-update-week-45-2021_demo-ig-weekly-45-2021_426037057cc9.pdf
2021-11-14,45,2019,16.9,2021-11-17_athenian-shipbrokers-s-a-demolition-quick-update-week-45-2021_demo-ig-weekly-45-2021_426037057cc9.pdf
2021-11-14,45,2020,23.2,2021-11-17_athenian-shipbrokers-s-a-demolition-quick-update-week-45-2021_demo-ig-weekly-45-2021_426037057cc9.pdf
2021-11-14,45,2021,21.0,2021-11-17_athenian-shipbrokers-s-a-demolition-quick-update-week-45-2021_demo-ig-weekly-45-2021_426037057cc9.pdf
2021-11-21,46,2007,5.3,2021-11-24_athenian-shipbrokers-s-a-demolition-quick-update-week-46-2021_demo-ig-weekly-46-2021_ac1ddac8a248.pdf
2021-11-21,46,2008,13.0,2021-11-24_athenian-shipbrokers-s-a-demolition-quick-update-week-46-2021_demo-ig-weekly-46-2021_ac1ddac8a248.pdf
2021-11-21,46,2009,32.0,2021-11-24_athenian-shipbrokers-s-a-demolition-quick-update-week-46-2021_demo-ig-weekly-46-2021_ac1ddac8a248.pdf
2021-11-21,46,2010,26.0,2021-11-24_athenian-shipbrokers-s-a-demolition-quick-update-week-46-2021_demo-ig-weekly-46-2021_ac1ddac8a248.pdf
2021-11-21,46,2011,40.0,2021-11-24_athenian-shipbrokers-s-a-demolition-quick-update-week-46-2021_demo-ig-weekly-46-2021_ac1ddac8a248.pdf
2021-11-21,46,2012,55.8,2021-11-24_athenian-shipbrokers-s-a-demolition-quick-update-week-46-2021_demo-ig-weekly-46-2021_ac1ddac8a248.pdf
2021-11-21,46,2013,47.0,2021-11-24_athenian-shipbrokers-s-a-demolition-quick-update-week-46-2021_demo-ig-weekly-46-2021_ac1ddac8a248.pdf
2021-11-21,46,2014,34.3,2021-11-24_athenian-shipbrokers-s-a-demolition-quick-update-week-46-2021_demo-ig-weekly-46-2021_ac1ddac8a248.pdf
2021-11-21,46,2015,38.8,2021-11-24_athenian-shipbrokers-s-a-demolition-quick-update-week-46-2021_demo-ig-weekly-46-2021_ac1ddac8a248.pdf
2021-11-21,46,2016,44.6,2021-11-24_athenian-shipbrokers-s-a-demolition-quick-update-week-46-2021_demo-ig-weekly-46-2021_ac1ddac8a248.pdf
2021-11-21,46,2017,35.3,2021-11-24_athenian-shipbrokers-s-a-demolition-quick-update-week-46-2021_demo-ig-weekly-46-2021_ac1ddac8a248.pdf
2021-11-21,46,2018,30.4,2021-11-24_athenian-shipbrokers-s-a-demolition-quick-update-week-46-2021_demo-ig-weekly-46-2021_ac1ddac8a248.pdf
2021-11-21,46,2019,16.9,2021-11-24_athenian-shipbrokers-s-a-demolition-quick-update-week-46-2021_demo-ig-weekly-46-2021_ac1ddac8a248.pdf
2021-11-21,46,2020,23.2,2021-11-24_athenian-shipbrokers-s-a-demolition-quick-update-week-46-2021_demo-ig-weekly-46-2021_ac1ddac8a248.pdf
2021-11-21,46,2021,21.5,2021-11-24_athenian-shipbrokers-s-a-demolition-quick-update-week-46-2021_demo-ig-weekly-46-2021_ac1ddac8a248.pdf
2021-12-05,48,2007,5.3,2021-12-07_athenian-shipbrokers-s-a-demolition-quick-update-week-48-2021_demo-ig-weekly-48-2021_dee5bbadeee8.pdf
2021-12-05,48,2008,13.0,2021-12-07_athenian-shipbrokers-s-a-demolition-quick-update-week-48-2021_demo-ig-weekly-48-2021_dee5bbadeee8.pdf
2021-12-05,48,2009,32.0,2021-12-07_athenian-shipbrokers-s-a-demolition-quick-update-week-48-2021_demo-ig-weekly-48-2021_dee5bbadeee8.pdf
2021-12-05,48,2010,26.0,2021-12-07_athenian-shipbrokers-s-a-demolition-quick-update-week-48-2021_demo-ig-weekly-48-2021_dee5bbadeee8.pdf
2021-12-05,48,2011,40.0,2021-12-07_athenian-shipbrokers-s-a-demolition-quick-update-week-48-2021_demo-ig-weekly-48-2021_dee5bbadeee8.pdf
2021-12-05,48,2012,55.8,2021-12-07_athenian-shipbrokers-s-a-demolition-quick-update-week-48-2021_demo-ig-weekly-48-2021_dee5bbadeee8.pdf
2021-12-05,48,2013,47.0,2021-12-07_athenian-shipbrokers-s-a-demolition-quick-update-week-48-2021_demo-ig-weekly-48-2021_dee5bbadeee8.pdf
2021-12-05,48,2014,34.3,2021-12-07_athenian-shipbrokers-s-a-demolition-quick-update-week-48-2021_demo-ig-weekly-48-2021_dee5bbadeee8.pdf
2021-12-05,48,2015,38.8,2021-12-07_athenian-shipbrokers-s-a-demolition-quick-update-week-48-2021_demo-ig-weekly-48-2021_dee5bbadeee8.pdf
2021-12-05,48,2016,44.6,2021-12-07_athenian-shipbrokers-s-a-demolition-quick-update-week-48-2021_demo-ig-weekly-48-2021_dee5bbadeee8.pdf
2021-12-05,48,2017,35.3,2021-12-07_athenian-shipbrokers-s-a-demolition-quick-update-week-48-2021_demo-ig-weekly-48-2021_dee5bbadeee8.pdf
2021-12-05,48,2018,30.4,2021-12-07_athenian-shipbrokers-s-a-demolition-quick-update-week-48-2021_demo-ig-weekly-48-2021_dee5bbadeee8.pdf
2021-12-05,48,2019,16.9,2021-12-07_athenian-shipbrokers-s-a-demolition-quick-update-week-48-2021_demo-ig-weekly-48-2021_dee5bbadeee8.pdf
2021-12-05,48,2020,23.2,2021-12-07_athenian-shipbrokers-s-a-demolition-quick-update-week-48-2021_demo-ig-weekly-48-2021_dee5bbadeee8.pdf
2021-12-05,48,2021,22.0,2021-12-07_athenian-shipbrokers-s-a-demolition-quick-update-week-48-2021_demo-ig-weekly-48-2021_dee5bbadeee8.pdf
2021-12-12,49,2007,5.3,2021-12-15_athenian-shipbrokers-s-a-demolition-quick-update-week-49-2021_demo-ig-weekly-49-2021_2d2c18afb2ad.pdf
2021-12-12,49,2008,13.0,2021-12-15_athenian-shipbrokers-s-a-demolition-quick-update-week-49-2021_demo-ig-weekly-49-2021_2d2c18afb2ad.pdf
2021-12-12,49,2009,32.0,2021-12-15_athenian-shipbrokers-s-a-demolition-quick-update-week-49-2021_demo-ig-weekly-49-2021_2d2c18afb2ad.pdf
2021-12-12,49,2010,26.0,2021-12-15_athenian-shipbrokers-s-a-demolition-quick-update-week-49-2021_demo-ig-weekly-49-2021_2d2c18afb2ad.pdf
2021-12-12,49,2011,40.0,2021-12-15_athenian-shipbrokers-s-a-demolition-quick-update-week-49-2021_demo-ig-weekly-49-2021_2d2c18afb2ad.pdf
2021-12-12,49,2012,55.8,2021-12-15_athenian-shipbrokers-s-a-demolition-quick-update-week-49-2021_demo-ig-weekly-49-2021_2d2c18afb2ad.pdf
2021-12-12,49,2013,47.0,2021-12-15_athenian-shipbrokers-s-a-demolition-quick-update-week-49-2021_demo-ig-weekly-49-2021_2d2c18afb2ad.pdf
2021-12-12,49,2014,34.3,2021-12-15_athenian-shipbrokers-s-a-demolition-quick-update-week-49-2021_demo-ig-weekly-49-2021_2d2c18afb2ad.pdf
2021-12-12,49,2015,38.8,2021-12-15_athenian-shipbrokers-s-a-demolition-quick-update-week-49-2021_demo-ig-weekly-49-2021_2d2c18afb2ad.pdf
2021-12-12,49,2016,44.6,2021-12-15_athenian-shipbrokers-s-a-demolition-quick-update-week-49-2021_demo-ig-weekly-49-2021_2d2c18afb2ad.pdf
2021-12-12,49,2017,35.3,2021-12-15_athenian-shipbrokers-s-a-demolition-quick-update-week-49-2021_demo-ig-weekly-49-2021_2d2c18afb2ad.pdf
2021-12-12,49,2018,30.4,2021-12-15_athenian-shipbrokers-s-a-demolition-quick-update-week-49-2021_demo-ig-weekly-49-2021_2d2c18afb2ad.pdf
2021-12-12,49,2019,16.9,2021-12-15_athenian-shipbrokers-s-a-demolition-quick-update-week-49-2021_demo-ig-weekly-49-2021_2d2c18afb2ad.pdf
2021-12-12,49,2020,23.2,2021-12-15_athenian-shipbrokers-s-a-demolition-quick-update-week-49-2021_demo-ig-weekly-49-2021_2d2c18afb2ad.pdf
2021-12-12,49,2021,22.3,2021-12-15_athenian-shipbrokers-s-a-demolition-quick-update-week-49-2021_demo-ig-weekly-49-2021_2d2c18afb2ad.pdf
2021-12-19,50,2007,5.3,2021-12-22_athenian-shipbrokers-s-a-demolition-quick-update-week-50-2021_demo-ig-weekly-50-2021-1_571696a217a6.pdf
2021-12-19,50,2008,13.0,2021-12-22_athenian-shipbrokers-s-a-demolition-quick-update-week-50-2021_demo-ig-weekly-50-2021-1_571696a217a6.pdf
2021-12-19,50,2009,32.0,2021-12-22_athenian-shipbrokers-s-a-demolition-quick-update-week-50-2021_demo-ig-weekly-50-2021-1_571696a217a6.pdf
2021-12-19,50,2010,26.0,2021-12-22_athenian-shipbrokers-s-a-demolition-quick-update-week-50-2021_demo-ig-weekly-50-2021-1_571696a217a6.pdf
2021-12-19,50,2011,40.0,2021-12-22_athenian-shipbrokers-s-a-demolition-quick-update-week-50-2021_demo-ig-weekly-50-2021-1_571696a217a6.pdf
2021-12-19,50,2012,55.8,2021-12-22_athenian-shipbrokers-s-a-demolition-quick-update-week-50-2021_demo-ig-weekly-50-2021-1_571696a217a6.pdf
2021-12-19,50,2013,47.0,2021-12-22_athenian-shipbrokers-s-a-demolition-quick-update-week-50-2021_demo-ig-weekly-50-2021-1_571696a217a6.pdf
2021-12-19,50,2014,34.3,2021-12-22_athenian-shipbrokers-s-a-demolition-quick-update-week-50-2021_demo-ig-weekly-50-2021-1_571696a217a6.pdf
2021-12-19,50,2015,38.8,2021-12-22_athenian-shipbrokers-s-a-demolition-quick-update-week-50-2021_demo-ig-weekly-50-2021-1_571696a217a6.pdf
2021-12-19,50,2016,44.6,2021-12-22_athenian-shipbrokers-s-a-demolition-quick-update-week-50-2021_demo-ig-weekly-50-2021-1_571696a217a6.pdf
2021-12-19,50,2017,35.3,2021-12-22_athenian-shipbrokers-s-a-demolition-quick-update-week-50-2021_demo-ig-weekly-50-2021-1_571696a217a6.pdf
2021-12-19,50,2018,30.4,2021-12-22_athenian-shipbrokers-s-a-demolition-quick-update-week-50-2021_demo-ig-weekly-50-2021-1_571696a217a6.pdf
2021-12-19,50,2019,16.9,2021-12-22_athenian-shipbrokers-s-a-demolition-quick-update-week-50-2021_demo-ig-weekly-50-2021-1_571696a217a6.pdf
2021-12-19,50,2020,23.2,2021-12-22_athenian-shipbrokers-s-a-demolition-quick-update-week-50-2021_demo-ig-weekly-50-2021-1_571696a217a6.pdf
2021-12-19,50,2021,22.7,2021-12-22_athenian-shipbrokers-s-a-demolition-quick-update-week-50-2021_demo-ig-weekly-50-2021-1_571696a217a6.pdf
2021-12-26,51,2007,5.3,2021-12-29_athenian-shipbrokers-s-a-demolition-quick-update-week-51-2021_demo-ig-weekly-51-2021_a6fbe08a80b3.pdf
2021-12-26,51,2008,13.0,2021-12-29_athenian-shipbrokers-s-a-demolition-quick-update-week-51-2021_demo-ig-weekly-51-2021_a6fbe08a80b3.pdf
2021-12-26,51,2009,32.0,2021-12-29_athenian-shipbrokers-s-a-demolition-quick-update-week-51-2021_demo-ig-weekly-51-2021_a6fbe08a80b3.pdf
2021-12-26,51,2010,26.0,2021-12-29_athenian-shipbrokers-s-a-demolition-quick-update-week-51-2021_demo-ig-weekly-51-2021_a6fbe08a80b3.pdf
2021-12-26,51,2011,40.0,2021-12-29_athenian-shipbrokers-s-a-demolition-quick-update-week-51-2021_demo-ig-weekly-51-2021_a6fbe08a80b3.pdf
2021-12-26,51,2012,55.8,2021-12-29_athenian-shipbrokers-s-a-demolition-quick-update-week-51-2021_demo-ig-weekly-51-2021_a6fbe08a80b3.pdf
2021-12-26,51,2013,47.0,2021-12-29_athenian-shipbrokers-s-a-demolition-quick-update-week-51-2021_demo-ig-weekly-51-2021_a6fbe08a80b3.pdf
2021-12-26,51,2014,34.3,2021-12-29_athenian-shipbrokers-s-a-demolition-quick-update-week-51-2021_demo-ig-weekly-51-2021_a6fbe08a80b3.pdf
2021-12-26,51,2015,38.8,2021-12-29_athenian-shipbrokers-s-a-demolition-quick-update-week-51-2021_demo-ig-weekly-51-2021_a6fbe08a80b3.pdf
2021-12-26,51,2016,44.6,2021-12-29_athenian-shipbrokers-s-a-demolition-quick-update-week-51-2021_demo-ig-weekly-51-2021_a6fbe08a80b3.pdf
2021-12-26,51,2017,35.3,2021-12-29_athenian-shipbrokers-s-a-demolition-quick-update-week-51-2021_demo-ig-weekly-51-2021_a6fbe08a80b3.pdf
2021-12-26,51,2018,30.4,2021-12-29_athenian-shipbrokers-s-a-demolition-quick-update-week-51-2021_demo-ig-weekly-51-2021_a6fbe08a80b3.pdf
2021-12-26,51,2019,16.9,2021-12-29_athenian-shipbrokers-s-a-demolition-quick-update-week-51-2021_demo-ig-weekly-51-2021_a6fbe08a80b3.pdf
2021-12-26,51,2020,23.2,2021-12-29_athenian-shipbrokers-s-a-demolition-quick-update-week-51-2021_demo-ig-weekly-51-2021_a6fbe08a80b3.pdf
2021-12-26,51,2021,23.5,2021-12-29_athenian-shipbrokers-s-a-demolition-quick-update-week-51-2021_demo-ig-weekly-51-2021_a6fbe08a80b3.pdf
2021-12-31,52,2007,5.3,2022-01-06_athenian-shipbrokers-s-a-demolition-quick-update-week-52-2021_demo-ig-weekly-52-2021_12153cb7e698.pdf
2021-12-31,52,2008,13.0,2022-01-06_athenian-shipbrokers-s-a-demolition-quick-update-week-52-2021_demo-ig-weekly-52-2021_12153cb7e698.pdf
2021-12-31,52,2009,32.0,2022-01-06_athenian-shipbrokers-s-a-demolition-quick-update-week-52-2021_demo-ig-weekly-52-2021_12153cb7e698.pdf
2021-12-31,52,2010,26.0,2022-01-06_athenian-shipbrokers-s-a-demolition-quick-update-week-52-2021_demo-ig-weekly-52-2021_12153cb7e698.pdf
2021-12-31,52,2011,40.0,2022-01-06_athenian-shipbrokers-s-a-demolition-quick-update-week-52-2021_demo-ig-weekly-52-2021_12153cb7e698.pdf
2021-12-31,52,2012,55.8,2022-01-06_athenian-shipbrokers-s-a-demolition-quick-update-week-52-2021_demo-ig-weekly-52-2021_12153cb7e698.pdf
2021-12-31,52,2013,47.0,2022-01-06_athenian-shipbrokers-s-a-demolition-quick-update-week-52-2021_demo-ig-weekly-52-2021_12153cb7e698.pdf
2021-12-31,52,2014,34.3,2022-01-06_athenian-shipbrokers-s-a-demolition-quick-update-week-52-2021_demo-ig-weekly-52-2021_12153cb7e698.pdf
2021-12-31,52,2015,38.8,2022-01-06_athenian-shipbrokers-s-a-demolition-quick-update-week-52-2021_demo-ig-weekly-52-2021_12153cb7e698.pdf
2021-12-31,52,2016,44.6,2022-01-06_athenian-shipbrokers-s-a-demolition-quick-update-week-52-2021_demo-ig-weekly-52-2021_12153cb7e698.pdf
2021-12-31,52,2017,35.3,2022-01-06_athenian-shipbrokers-s-a-demolition-quick-update-week-52-2021_demo-ig-weekly-52-2021_12153cb7e698.pdf
2021-12-31,52,2018,30.4,2022-01-06_athenian-shipbrokers-s-a-demolition-quick-update-week-52-2021_demo-ig-weekly-52-2021_12153cb7e698.pdf
2021-12-31,52,2019,16.9,2022-01-06_athenian-shipbrokers-s-a-demolition-quick-update-week-52-2021_demo-ig-weekly-52-2021_12153cb7e698.pdf
2021-12-31,52,2020,23.2,2022-01-06_athenian-shipbrokers-s-a-demolition-quick-update-week-52-2021_demo-ig-weekly-52-2021_12153cb7e698.pdf
2021-12-31,52,2021,23.5,2022-01-06_athenian-shipbrokers-s-a-demolition-quick-update-week-52-2021_demo-ig-weekly-52-2021_12153cb7e698.pdf
2022-01-09,1,2007,5.3,2022-01-12_Demo_IG_weekly_01_2022.pdf
2022-01-09,1,2008,13.0,2022-01-12_Demo_IG_weekly_01_2022.pdf
2022-01-09,1,2009,32.0,2022-01-12_Demo_IG_weekly_01_2022.pdf
2022-01-09,1,2010,26.0,2022-01-12_Demo_IG_weekly_01_2022.pdf
2022-01-09,1,2011,40.0,2022-01-12_Demo_IG_weekly_01_2022.pdf
2022-01-09,1,2012,55.8,2022-01-12_Demo_IG_weekly_01_2022.pdf
2022-01-09,1,2013,47.0,2022-01-12_Demo_IG_weekly_01_2022.pdf
2022-01-09,1,2014,34.3,2022-01-12_Demo_IG_weekly_01_2022.pdf
2022-01-09,1,2015,38.8,2022-01-12_Demo_IG_weekly_01_2022.pdf
2022-01-09,1,2016,44.6,2022-01-12_Demo_IG_weekly_01_2022.pdf
2022-01-09,1,2017,35.3,2022-01-12_Demo_IG_weekly_01_2022.pdf
2022-01-09,1,2018,30.4,2022-01-12_Demo_IG_weekly_01_2022.pdf
2022-01-09,1,2019,16.9,2022-01-12_Demo_IG_weekly_01_2022.pdf
2022-01-09,1,2020,23.2,2022-01-12_Demo_IG_weekly_01_2022.pdf
2022-01-09,1,2021,23.5,2022-01-12_Demo_IG_weekly_01_2022.pdf
2022-01-09,1,2022,0.1,2022-01-12_Demo_IG_weekly_01_2022.pdf
2022-01-16,2,2007,5.3,2022-01-19_Demo_IG_weekly_02_2022.pdf
2022-01-16,2,2008,13.0,2022-01-19_Demo_IG_weekly_02_2022.pdf
2022-01-16,2,2009,32.0,2022-01-19_Demo_IG_weekly_02_2022.pdf
2022-01-16,2,2010,26.0,2022-01-19_Demo_IG_weekly_02_2022.pdf
2022-01-16,2,2011,40.0,2022-01-19_Demo_IG_weekly_02_2022.pdf
2022-01-16,2,2012,55.8,2022-01-19_Demo_IG_weekly_02_2022.pdf
2022-01-16,2,2013,47.0,2022-01-19_Demo_IG_weekly_02_2022.pdf
2022-01-16,2,2014,34.3,2022-01-19_Demo_IG_weekly_02_2022.pdf
2022-01-16,2,2015,38.8,2022-01-19_Demo_IG_weekly_02_2022.pdf
2022-01-16,2,2016,44.6,2022-01-19_Demo_IG_weekly_02_2022.pdf
2022-01-16,2,2017,35.3,2022-01-19_Demo_IG_weekly_02_2022.pdf
2022-01-16,2,2018,30.4,2022-01-19_Demo_IG_weekly_02_2022.pdf
2022-01-16,2,2019,16.9,2022-01-19_Demo_IG_weekly_02_2022.pdf
2022-01-16,2,2020,23.2,2022-01-19_Demo_IG_weekly_02_2022.pdf
2022-01-16,2,2021,23.5,2022-01-19_Demo_IG_weekly_02_2022.pdf
2022-01-16,2,2022,0.2,2022-01-19_Demo_IG_weekly_02_2022.pdf
2022-01-23,3,2007,5.3,2022-01-26_athenian-shipbrokers-s-a-demolition-quick-update-week-36-2026_week-36-athenian-demolition-report-2_2c3e38bed81c.pdf
2022-01-23,3,2008,13.0,2022-01-26_athenian-shipbrokers-s-a-demolition-quick-update-week-36-2026_week-36-athenian-demolition-report-2_2c3e38bed81c.pdf
2022-01-23,3,2009,32.0,2022-01-26_athenian-shipbrokers-s-a-demolition-quick-update-week-36-2026_week-36-athenian-demolition-report-2_2c3e38bed81c.pdf
2022-01-23,3,2010,26.0,2022-01-26_athenian-shipbrokers-s-a-demolition-quick-update-week-36-2026_week-36-athenian-demolition-report-2_2c3e38bed81c.pdf
2022-01-23,3,2011,40.0,2022-01-26_athenian-shipbrokers-s-a-demolition-quick-update-week-36-2026_week-36-athenian-demolition-report-2_2c3e38bed81c.pdf
2022-01-23,3,2012,55.8,2022-01-26_athenian-shipbrokers-s-a-demolition-quick-update-week-36-2026_week-36-athenian-demolition-report-2_2c3e38bed81c.pdf
2022-01-23,3,2013,47.0,2022-01-26_athenian-shipbrokers-s-a-demolition-quick-update-week-36-2026_week-36-athenian-demolition-report-2_2c3e38bed81c.pdf
2022-01-23,3,2014,34.3,2022-01-26_athenian-shipbrokers-s-a-demolition-quick-update-week-36-2026_week-36-athenian-demolition-report-2_2c3e38bed81c.pdf
2022-01-23,3,2015,38.8,2022-01-26_athenian-shipbrokers-s-a-demolition-quick-update-week-36-2026_week-36-athenian-demolition-report-2_2c3e38bed81c.pdf
2022-01-23,3,2016,44.6,2022-01-26_athenian-shipbrokers-s-a-demolition-quick-update-week-36-2026_week-36-athenian-demolition-report-2_2c3e38bed81c.pdf
2022-01-23,3,2017,35.3,2022-01-26_athenian-shipbrokers-s-a-demolition-quick-update-week-36-2026_week-36-athenian-demolition-report-2_2c3e38bed81c.pdf
2022-01-23,3,2018,30.4,2022-01-26_athenian-shipbrokers-s-a-demolition-quick-update-week-36-2026_week-36-athenian-demolition-report-2_2c3e38bed81c.pdf
2022-01-23,3,2019,16.9,2022-01-26_athenian-shipbrokers-s-a-demolition-quick-update-week-36-2026_week-36-athenian-demolition-report-2_2c3e38bed81c.pdf
2022-01-23,3,2020,23.2,2022-01-26_athenian-shipbrokers-s-a-demolition-quick-update-week-36-2026_week-36-athenian-demolition-report-2_2c3e38bed81c.pdf
2022-01-23,3,2021,23.5,2022-01-26_athenian-shipbrokers-s-a-demolition-quick-update-week-36-2026_week-36-athenian-demolition-report-2_2c3e38bed81c.pdf
2022-01-23,3,2022,0.2,2022-01-26_athenian-shipbrokers-s-a-demolition-quick-update-week-36-2026_week-36-athenian-demolition-report-2_2c3e38bed81c.pdf
2022-01-30,4,2007,5.3,2022-02-02_Week_4_2022_Athenian_Demo_report.pdf
2022-01-30,4,2008,13.0,2022-02-02_Week_4_2022_Athenian_Demo_report.pdf
2022-01-30,4,2009,32.0,2022-02-02_Week_4_2022_Athenian_Demo_report.pdf
2022-01-30,4,2010,26.0,2022-02-02_Week_4_2022_Athenian_Demo_report.pdf
2022-01-30,4,2011,40.0,2022-02-02_Week_4_2022_Athenian_Demo_report.pdf
2022-01-30,4,2012,55.8,2022-02-02_Week_4_2022_Athenian_Demo_report.pdf
2022-01-30,4,2013,47.0,2022-02-02_Week_4_2022_Athenian_Demo_report.pdf
2022-01-30,4,2014,34.3,2022-02-02_Week_4_2022_Athenian_Demo_report.pdf
2022-01-30,4,2015,38.8,2022-02-02_Week_4_2022_Athenian_Demo_report.pdf
2022-01-30,4,2016,44.6,2022-02-02_Week_4_2022_Athenian_Demo_report.pdf
2022-01-30,4,2017,35.3,2022-02-02_Week_4_2022_Athenian_Demo_report.pdf
2022-01-30,4,2018,30.4,2022-02-02_Week_4_2022_Athenian_Demo_report.pdf
2022-01-30,4,2019,16.9,2022-02-02_Week_4_2022_Athenian_Demo_report.pdf
2022-01-30,4,2020,23.2,2022-02-02_Week_4_2022_Athenian_Demo_report.pdf
2022-01-30,4,2021,23.5,2022-02-02_Week_4_2022_Athenian_Demo_report.pdf
2022-01-30,4,2022,0.3,2022-02-02_Week_4_2022_Athenian_Demo_report.pdf
2022-02-06,5,2007,5.3,2022-02-09_Week_5_2022_Athenian_Demo_report.pdf
2022-02-06,5,2008,13.0,2022-02-09_Week_5_2022_Athenian_Demo_report.pdf
2022-02-06,5,2009,32.0,2022-02-09_Week_5_2022_Athenian_Demo_report.pdf
2022-02-06,5,2010,26.0,2022-02-09_Week_5_2022_Athenian_Demo_report.pdf
2022-02-06,5,2011,40.0,2022-02-09_Week_5_2022_Athenian_Demo_report.pdf
2022-02-06,5,2012,55.8,2022-02-09_Week_5_2022_Athenian_Demo_report.pdf
2022-02-06,5,2013,47.0,2022-02-09_Week_5_2022_Athenian_Demo_report.pdf
2022-02-06,5,2014,34.3,2022-02-09_Week_5_2022_Athenian_Demo_report.pdf
2022-02-06,5,2015,38.8,2022-02-09_Week_5_2022_Athenian_Demo_report.pdf
2022-02-06,5,2016,44.6,2022-02-09_Week_5_2022_Athenian_Demo_report.pdf
2022-02-06,5,2017,35.3,2022-02-09_Week_5_2022_Athenian_Demo_report.pdf
2022-02-06,5,2018,30.4,2022-02-09_Week_5_2022_Athenian_Demo_report.pdf
2022-02-06,5,2019,16.9,2022-02-09_Week_5_2022_Athenian_Demo_report.pdf
2022-02-06,5,2020,23.2,2022-02-09_Week_5_2022_Athenian_Demo_report.pdf
2022-02-06,5,2021,23.5,2022-02-09_Week_5_2022_Athenian_Demo_report.pdf
2022-02-06,5,2022,0.4,2022-02-09_Week_5_2022_Athenian_Demo_report.pdf
2022-02-13,6,2007,5.3,2022-02-16_Week_6_2022_Athenian_Demo_report-1.pdf
2022-02-13,6,2008,13.0,2022-02-16_Week_6_2022_Athenian_Demo_report-1.pdf
2022-02-13,6,2009,32.0,2022-02-16_Week_6_2022_Athenian_Demo_report-1.pdf
2022-02-13,6,2010,26.0,2022-02-16_Week_6_2022_Athenian_Demo_report-1.pdf
2022-02-13,6,2011,40.0,2022-02-16_Week_6_2022_Athenian_Demo_report-1.pdf
2022-02-13,6,2012,55.8,2022-02-16_Week_6_2022_Athenian_Demo_report-1.pdf
2022-02-13,6,2013,47.0,2022-02-16_Week_6_2022_Athenian_Demo_report-1.pdf
2022-02-13,6,2014,34.3,2022-02-16_Week_6_2022_Athenian_Demo_report-1.pdf
2022-02-13,6,2015,38.8,2022-02-16_Week_6_2022_Athenian_Demo_report-1.pdf
2022-02-13,6,2016,44.6,2022-02-16_Week_6_2022_Athenian_Demo_report-1.pdf
2022-02-13,6,2017,35.3,2022-02-16_Week_6_2022_Athenian_Demo_report-1.pdf
2022-02-13,6,2018,30.4,2022-02-16_Week_6_2022_Athenian_Demo_report-1.pdf
2022-02-13,6,2019,16.9,2022-02-16_Week_6_2022_Athenian_Demo_report-1.pdf
2022-02-13,6,2020,23.2,2022-02-16_Week_6_2022_Athenian_Demo_report-1.pdf
2022-02-13,6,2021,23.5,2022-02-16_Week_6_2022_Athenian_Demo_report-1.pdf
2022-02-13,6,2022,0.6,2022-02-16_Week_6_2022_Athenian_Demo_report-1.pdf
2022-02-20,7,2007,5.3,2022-02-22_Week_7_2022_Athenian_Demo_report-2.pdf
2022-02-20,7,2008,13.0,2022-02-22_Week_7_2022_Athenian_Demo_report-2.pdf
2022-02-20,7,2009,32.0,2022-02-22_Week_7_2022_Athenian_Demo_report-2.pdf
2022-02-20,7,2010,26.0,2022-02-22_Week_7_2022_Athenian_Demo_report-2.pdf
2022-02-20,7,2011,40.0,2022-02-22_Week_7_2022_Athenian_Demo_report-2.pdf
2022-02-20,7,2012,55.8,2022-02-22_Week_7_2022_Athenian_Demo_report-2.pdf
2022-02-20,7,2013,47.0,2022-02-22_Week_7_2022_Athenian_Demo_report-2.pdf
2022-02-20,7,2014,34.3,2022-02-22_Week_7_2022_Athenian_Demo_report-2.pdf
2022-02-20,7,2015,38.8,2022-02-22_Week_7_2022_Athenian_Demo_report-2.pdf
2022-02-20,7,2016,44.6,2022-02-22_Week_7_2022_Athenian_Demo_report-2.pdf
2022-02-20,7,2017,35.3,2022-02-22_Week_7_2022_Athenian_Demo_report-2.pdf
2022-02-20,7,2018,30.4,2022-02-22_Week_7_2022_Athenian_Demo_report-2.pdf
2022-02-20,7,2019,16.9,2022-02-22_Week_7_2022_Athenian_Demo_report-2.pdf
2022-02-20,7,2020,23.2,2022-02-22_Week_7_2022_Athenian_Demo_report-2.pdf
2022-02-20,7,2021,23.5,2022-02-22_Week_7_2022_Athenian_Demo_report-2.pdf
2022-02-20,7,2022,2.0,2022-02-22_Week_7_2022_Athenian_Demo_report-2.pdf
2022-02-27,8,2007,5.3,2022-03-01_Week_8_2022_Athenian_Demo_report.pdf
2022-02-27,8,2008,13.0,2022-03-01_Week_8_2022_Athenian_Demo_report.pdf
2022-02-27,8,2009,32.0,2022-03-01_Week_8_2022_Athenian_Demo_report.pdf
2022-02-27,8,2010,26.0,2022-03-01_Week_8_2022_Athenian_Demo_report.pdf
2022-02-27,8,2011,40.0,2022-03-01_Week_8_2022_Athenian_Demo_report.pdf
2022-02-27,8,2012,55.8,2022-03-01_Week_8_2022_Athenian_Demo_report.pdf
2022-02-27,8,2013,47.0,2022-03-01_Week_8_2022_Athenian_Demo_report.pdf
2022-02-27,8,2014,34.3,2022-03-01_Week_8_2022_Athenian_Demo_report.pdf
2022-02-27,8,2015,38.8,2022-03-01_Week_8_2022_Athenian_Demo_report.pdf
2022-02-27,8,2016,44.6,2022-03-01_Week_8_2022_Athenian_Demo_report.pdf
2022-02-27,8,2017,35.3,2022-03-01_Week_8_2022_Athenian_Demo_report.pdf
2022-02-27,8,2018,30.4,2022-03-01_Week_8_2022_Athenian_Demo_report.pdf
2022-02-27,8,2019,16.9,2022-03-01_Week_8_2022_Athenian_Demo_report.pdf
2022-02-27,8,2020,23.2,2022-03-01_Week_8_2022_Athenian_Demo_report.pdf
2022-02-27,8,2021,23.5,2022-03-01_Week_8_2022_Athenian_Demo_report.pdf
2022-02-27,8,2022,2.1,2022-03-01_Week_8_2022_Athenian_Demo_report.pdf
2022-03-06,9,2007,5.3,2022-03-08_Week_9_2022_Athenian_Demo_report.pdf
2022-03-06,9,2008,13.0,2022-03-08_Week_9_2022_Athenian_Demo_report.pdf
2022-03-06,9,2009,32.0,2022-03-08_Week_9_2022_Athenian_Demo_report.pdf
2022-03-06,9,2010,26.0,2022-03-08_Week_9_2022_Athenian_Demo_report.pdf
2022-03-06,9,2011,40.0,2022-03-08_Week_9_2022_Athenian_Demo_report.pdf
2022-03-06,9,2012,55.8,2022-03-08_Week_9_2022_Athenian_Demo_report.pdf
2022-03-06,9,2013,47.0,2022-03-08_Week_9_2022_Athenian_Demo_report.pdf
2022-03-06,9,2014,34.3,2022-03-08_Week_9_2022_Athenian_Demo_report.pdf
2022-03-06,9,2015,38.8,2022-03-08_Week_9_2022_Athenian_Demo_report.pdf
2022-03-06,9,2016,44.6,2022-03-08_Week_9_2022_Athenian_Demo_report.pdf
2022-03-06,9,2017,35.3,2022-03-08_Week_9_2022_Athenian_Demo_report.pdf
2022-03-06,9,2018,30.4,2022-03-08_Week_9_2022_Athenian_Demo_report.pdf
2022-03-06,9,2019,16.9,2022-03-08_Week_9_2022_Athenian_Demo_report.pdf
2022-03-06,9,2020,23.2,2022-03-08_Week_9_2022_Athenian_Demo_report.pdf
2022-03-06,9,2021,23.5,2022-03-08_Week_9_2022_Athenian_Demo_report.pdf
2022-03-06,9,2022,3.0,2022-03-08_Week_9_2022_Athenian_Demo_report.pdf
2022-03-13,10,2007,5.3,2022-03-15_Week_10_2022_Athenian_Demo_report-1.pdf
2022-03-13,10,2008,13.0,2022-03-15_Week_10_2022_Athenian_Demo_report-1.pdf
2022-03-13,10,2009,32.0,2022-03-15_Week_10_2022_Athenian_Demo_report-1.pdf
2022-03-13,10,2010,26.0,2022-03-15_Week_10_2022_Athenian_Demo_report-1.pdf
2022-03-13,10,2011,40.0,2022-03-15_Week_10_2022_Athenian_Demo_report-1.pdf
2022-03-13,10,2012,55.8,2022-03-15_Week_10_2022_Athenian_Demo_report-1.pdf
2022-03-13,10,2013,47.0,2022-03-15_Week_10_2022_Athenian_Demo_report-1.pdf
2022-03-13,10,2014,34.3,2022-03-15_Week_10_2022_Athenian_Demo_report-1.pdf
2022-03-13,10,2015,38.8,2022-03-15_Week_10_2022_Athenian_Demo_report-1.pdf
2022-03-13,10,2016,44.6,2022-03-15_Week_10_2022_Athenian_Demo_report-1.pdf
2022-03-13,10,2017,35.3,2022-03-15_Week_10_2022_Athenian_Demo_report-1.pdf
2022-03-13,10,2018,30.4,2022-03-15_Week_10_2022_Athenian_Demo_report-1.pdf
2022-03-13,10,2019,16.9,2022-03-15_Week_10_2022_Athenian_Demo_report-1.pdf
2022-03-13,10,2020,23.2,2022-03-15_Week_10_2022_Athenian_Demo_report-1.pdf
2022-03-13,10,2021,23.5,2022-03-15_Week_10_2022_Athenian_Demo_report-1.pdf
2022-03-13,10,2022,3.1,2022-03-15_Week_10_2022_Athenian_Demo_report-1.pdf
2022-03-20,11,2007,5.3,2022-03-22_Week_11_2022_Athenian_Demo_report.pdf
2022-03-20,11,2008,13.0,2022-03-22_Week_11_2022_Athenian_Demo_report.pdf
2022-03-20,11,2009,32.0,2022-03-22_Week_11_2022_Athenian_Demo_report.pdf
2022-03-20,11,2010,26.0,2022-03-22_Week_11_2022_Athenian_Demo_report.pdf
2022-03-20,11,2011,40.0,2022-03-22_Week_11_2022_Athenian_Demo_report.pdf
2022-03-20,11,2012,55.8,2022-03-22_Week_11_2022_Athenian_Demo_report.pdf
2022-03-20,11,2013,47.0,2022-03-22_Week_11_2022_Athenian_Demo_report.pdf
2022-03-20,11,2014,34.3,2022-03-22_Week_11_2022_Athenian_Demo_report.pdf
2022-03-20,11,2015,38.8,2022-03-22_Week_11_2022_Athenian_Demo_report.pdf
2022-03-20,11,2016,44.6,2022-03-22_Week_11_2022_Athenian_Demo_report.pdf
2022-03-20,11,2017,35.3,2022-03-22_Week_11_2022_Athenian_Demo_report.pdf
2022-03-20,11,2018,30.4,2022-03-22_Week_11_2022_Athenian_Demo_report.pdf
2022-03-20,11,2019,16.9,2022-03-22_Week_11_2022_Athenian_Demo_report.pdf
2022-03-20,11,2020,23.2,2022-03-22_Week_11_2022_Athenian_Demo_report.pdf
2022-03-20,11,2021,23.5,2022-03-22_Week_11_2022_Athenian_Demo_report.pdf
2022-03-20,11,2022,3.4,2022-03-22_Week_11_2022_Athenian_Demo_report.pdf
2022-03-27,12,2007,5.3,2022-04-02_Week_12_2022_Athenian_Demo_report.pdf
2022-03-27,12,2008,13.0,2022-04-02_Week_12_2022_Athenian_Demo_report.pdf
2022-03-27,12,2009,32.0,2022-04-02_Week_12_2022_Athenian_Demo_report.pdf
2022-03-27,12,2010,26.0,2022-04-02_Week_12_2022_Athenian_Demo_report.pdf
2022-03-27,12,2011,40.0,2022-04-02_Week_12_2022_Athenian_Demo_report.pdf
2022-03-27,12,2012,55.8,2022-04-02_Week_12_2022_Athenian_Demo_report.pdf
2022-03-27,12,2013,47.0,2022-04-02_Week_12_2022_Athenian_Demo_report.pdf
2022-03-27,12,2014,34.3,2022-04-02_Week_12_2022_Athenian_Demo_report.pdf
2022-03-27,12,2015,38.8,2022-04-02_Week_12_2022_Athenian_Demo_report.pdf
2022-03-27,12,2016,44.6,2022-04-02_Week_12_2022_Athenian_Demo_report.pdf
2022-03-27,12,2017,35.3,2022-04-02_Week_12_2022_Athenian_Demo_report.pdf
2022-03-27,12,2018,30.4,2022-04-02_Week_12_2022_Athenian_Demo_report.pdf
2022-03-27,12,2019,16.9,2022-04-02_Week_12_2022_Athenian_Demo_report.pdf
2022-03-27,12,2020,23.2,2022-04-02_Week_12_2022_Athenian_Demo_report.pdf
2022-03-27,12,2021,23.5,2022-04-02_Week_12_2022_Athenian_Demo_report.pdf
2022-03-27,12,2022,3.4,2022-04-02_Week_12_2022_Athenian_Demo_report.pdf
2022-04-03,13,2007,5.3,2022-04-06_Week_13_2022_Athenian_Demo_report-1-1.pdf
2022-04-03,13,2008,13.0,2022-04-06_Week_13_2022_Athenian_Demo_report-1-1.pdf
2022-04-03,13,2009,32.0,2022-04-06_Week_13_2022_Athenian_Demo_report-1-1.pdf
2022-04-03,13,2010,26.0,2022-04-06_Week_13_2022_Athenian_Demo_report-1-1.pdf
2022-04-03,13,2011,40.0,2022-04-06_Week_13_2022_Athenian_Demo_report-1-1.pdf
2022-04-03,13,2012,55.8,2022-04-06_Week_13_2022_Athenian_Demo_report-1-1.pdf
2022-04-03,13,2013,47.0,2022-04-06_Week_13_2022_Athenian_Demo_report-1-1.pdf
2022-04-03,13,2014,34.3,2022-04-06_Week_13_2022_Athenian_Demo_report-1-1.pdf
2022-04-03,13,2015,38.8,2022-04-06_Week_13_2022_Athenian_Demo_report-1-1.pdf
2022-04-03,13,2016,44.6,2022-04-06_Week_13_2022_Athenian_Demo_report-1-1.pdf
2022-04-03,13,2017,35.3,2022-04-06_Week_13_2022_Athenian_Demo_report-1-1.pdf
2022-04-03,13,2018,30.4,2022-04-06_Week_13_2022_Athenian_Demo_report-1-1.pdf
2022-04-03,13,2019,16.9,2022-04-06_Week_13_2022_Athenian_Demo_report-1-1.pdf
2022-04-03,13,2020,23.2,2022-04-06_Week_13_2022_Athenian_Demo_report-1-1.pdf
2022-04-03,13,2021,23.5,2022-04-06_Week_13_2022_Athenian_Demo_report-1-1.pdf
2022-04-03,13,2022,3.7,2022-04-06_Week_13_2022_Athenian_Demo_report-1-1.pdf
2022-04-10,14,2007,5.3,2022-04-13_Week_14_2022_Athenian_Demo_report.pdf
2022-04-10,14,2008,13.0,2022-04-13_Week_14_2022_Athenian_Demo_report.pdf
2022-04-10,14,2009,32.0,2022-04-13_Week_14_2022_Athenian_Demo_report.pdf
2022-04-10,14,2010,26.0,2022-04-13_Week_14_2022_Athenian_Demo_report.pdf
2022-04-10,14,2011,40.0,2022-04-13_Week_14_2022_Athenian_Demo_report.pdf
2022-04-10,14,2012,55.8,2022-04-13_Week_14_2022_Athenian_Demo_report.pdf
2022-04-10,14,2013,47.0,2022-04-13_Week_14_2022_Athenian_Demo_report.pdf
2022-04-10,14,2014,34.3,2022-04-13_Week_14_2022_Athenian_Demo_report.pdf
2022-04-10,14,2015,38.8,2022-04-13_Week_14_2022_Athenian_Demo_report.pdf
2022-04-10,14,2016,44.6,2022-04-13_Week_14_2022_Athenian_Demo_report.pdf
2022-04-10,14,2017,35.3,2022-04-13_Week_14_2022_Athenian_Demo_report.pdf
2022-04-10,14,2018,30.4,2022-04-13_Week_14_2022_Athenian_Demo_report.pdf
2022-04-10,14,2019,16.9,2022-04-13_Week_14_2022_Athenian_Demo_report.pdf
2022-04-10,14,2020,23.2,2022-04-13_Week_14_2022_Athenian_Demo_report.pdf
2022-04-10,14,2021,23.5,2022-04-13_Week_14_2022_Athenian_Demo_report.pdf
2022-04-10,14,2022,4.4,2022-04-13_Week_14_2022_Athenian_Demo_report.pdf
2022-04-17,15,2007,5.3,2022-04-19_Week_15_2022_Athenian_Demo_report.pdf
2022-04-17,15,2008,13.0,2022-04-19_Week_15_2022_Athenian_Demo_report.pdf
2022-04-17,15,2009,32.0,2022-04-19_Week_15_2022_Athenian_Demo_report.pdf
2022-04-17,15,2010,26.0,2022-04-19_Week_15_2022_Athenian_Demo_report.pdf
2022-04-17,15,2011,40.0,2022-04-19_Week_15_2022_Athenian_Demo_report.pdf
2022-04-17,15,2012,55.8,2022-04-19_Week_15_2022_Athenian_Demo_report.pdf
2022-04-17,15,2013,47.0,2022-04-19_Week_15_2022_Athenian_Demo_report.pdf
2022-04-17,15,2014,34.3,2022-04-19_Week_15_2022_Athenian_Demo_report.pdf
2022-04-17,15,2015,38.8,2022-04-19_Week_15_2022_Athenian_Demo_report.pdf
2022-04-17,15,2016,44.6,2022-04-19_Week_15_2022_Athenian_Demo_report.pdf
2022-04-17,15,2017,35.3,2022-04-19_Week_15_2022_Athenian_Demo_report.pdf
2022-04-17,15,2018,30.4,2022-04-19_Week_15_2022_Athenian_Demo_report.pdf
2022-04-17,15,2019,16.9,2022-04-19_Week_15_2022_Athenian_Demo_report.pdf
2022-04-17,15,2020,23.2,2022-04-19_Week_15_2022_Athenian_Demo_report.pdf
2022-04-17,15,2021,23.5,2022-04-19_Week_15_2022_Athenian_Demo_report.pdf
2022-04-17,15,2022,4.4,2022-04-19_Week_15_2022_Athenian_Demo_report.pdf
2022-04-24,16,2007,5.3,2022-04-27_Week_16_2022_Athenian_Demo_report-1.pdf
2022-04-24,16,2008,13.0,2022-04-27_Week_16_2022_Athenian_Demo_report-1.pdf
2022-04-24,16,2009,32.0,2022-04-27_Week_16_2022_Athenian_Demo_report-1.pdf
2022-04-24,16,2010,26.0,2022-04-27_Week_16_2022_Athenian_Demo_report-1.pdf
2022-04-24,16,2011,40.0,2022-04-27_Week_16_2022_Athenian_Demo_report-1.pdf
2022-04-24,16,2012,55.8,2022-04-27_Week_16_2022_Athenian_Demo_report-1.pdf
2022-04-24,16,2013,47.0,2022-04-27_Week_16_2022_Athenian_Demo_report-1.pdf
2022-04-24,16,2014,34.3,2022-04-27_Week_16_2022_Athenian_Demo_report-1.pdf
2022-04-24,16,2015,38.8,2022-04-27_Week_16_2022_Athenian_Demo_report-1.pdf
2022-04-24,16,2016,44.6,2022-04-27_Week_16_2022_Athenian_Demo_report-1.pdf
2022-04-24,16,2017,35.3,2022-04-27_Week_16_2022_Athenian_Demo_report-1.pdf
2022-04-24,16,2018,30.4,2022-04-27_Week_16_2022_Athenian_Demo_report-1.pdf
2022-04-24,16,2019,16.9,2022-04-27_Week_16_2022_Athenian_Demo_report-1.pdf
2022-04-24,16,2020,23.2,2022-04-27_Week_16_2022_Athenian_Demo_report-1.pdf
2022-04-24,16,2021,23.5,2022-04-27_Week_16_2022_Athenian_Demo_report-1.pdf
2022-04-24,16,2022,5.6,2022-04-27_Week_16_2022_Athenian_Demo_report-1.pdf
2022-05-01,17,2007,5.3,2022-05-03_Week_17_2022_Athenian_Demo_report.pdf
2022-05-01,17,2008,13.0,2022-05-03_Week_17_2022_Athenian_Demo_report.pdf
2022-05-01,17,2009,32.0,2022-05-03_Week_17_2022_Athenian_Demo_report.pdf
2022-05-01,17,2010,26.0,2022-05-03_Week_17_2022_Athenian_Demo_report.pdf
2022-05-01,17,2011,40.0,2022-05-03_Week_17_2022_Athenian_Demo_report.pdf
2022-05-01,17,2012,55.8,2022-05-03_Week_17_2022_Athenian_Demo_report.pdf
2022-05-01,17,2013,47.0,2022-05-03_Week_17_2022_Athenian_Demo_report.pdf
2022-05-01,17,2014,34.3,2022-05-03_Week_17_2022_Athenian_Demo_report.pdf
2022-05-01,17,2015,38.8,2022-05-03_Week_17_2022_Athenian_Demo_report.pdf
2022-05-01,17,2016,44.6,2022-05-03_Week_17_2022_Athenian_Demo_report.pdf
2022-05-01,17,2017,35.3,2022-05-03_Week_17_2022_Athenian_Demo_report.pdf
2022-05-01,17,2018,30.4,2022-05-03_Week_17_2022_Athenian_Demo_report.pdf
2022-05-01,17,2019,16.9,2022-05-03_Week_17_2022_Athenian_Demo_report.pdf
2022-05-01,17,2020,23.2,2022-05-03_Week_17_2022_Athenian_Demo_report.pdf
2022-05-01,17,2021,23.5,2022-05-03_Week_17_2022_Athenian_Demo_report.pdf
2022-05-01,17,2022,6.1,2022-05-03_Week_17_2022_Athenian_Demo_report.pdf
2022-05-08,18,2007,5.3,2022-05-10_Week_18_2022_Athenian_Demo_report.pdf
2022-05-08,18,2008,13.0,2022-05-10_Week_18_2022_Athenian_Demo_report.pdf
2022-05-08,18,2009,32.0,2022-05-10_Week_18_2022_Athenian_Demo_report.pdf
2022-05-08,18,2010,26.0,2022-05-10_Week_18_2022_Athenian_Demo_report.pdf
2022-05-08,18,2011,40.0,2022-05-10_Week_18_2022_Athenian_Demo_report.pdf
2022-05-08,18,2012,55.8,2022-05-10_Week_18_2022_Athenian_Demo_report.pdf
2022-05-08,18,2013,47.0,2022-05-10_Week_18_2022_Athenian_Demo_report.pdf
2022-05-08,18,2014,34.3,2022-05-10_Week_18_2022_Athenian_Demo_report.pdf
2022-05-08,18,2015,38.8,2022-05-10_Week_18_2022_Athenian_Demo_report.pdf
2022-05-08,18,2016,44.6,2022-05-10_Week_18_2022_Athenian_Demo_report.pdf
2022-05-08,18,2017,35.3,2022-05-10_Week_18_2022_Athenian_Demo_report.pdf
2022-05-08,18,2018,30.4,2022-05-10_Week_18_2022_Athenian_Demo_report.pdf
2022-05-08,18,2019,16.9,2022-05-10_Week_18_2022_Athenian_Demo_report.pdf
2022-05-08,18,2020,23.2,2022-05-10_Week_18_2022_Athenian_Demo_report.pdf
2022-05-08,18,2021,23.5,2022-05-10_Week_18_2022_Athenian_Demo_report.pdf
2022-05-08,18,2022,6.5,2022-05-10_Week_18_2022_Athenian_Demo_report.pdf
2022-05-15,19,2007,5.3,2022-05-17_Week_19_2022_Athenian_Demo_report.pdf
2022-05-15,19,2008,13.0,2022-05-17_Week_19_2022_Athenian_Demo_report.pdf
2022-05-15,19,2009,32.0,2022-05-17_Week_19_2022_Athenian_Demo_report.pdf
2022-05-15,19,2010,26.0,2022-05-17_Week_19_2022_Athenian_Demo_report.pdf
2022-05-15,19,2011,40.0,2022-05-17_Week_19_2022_Athenian_Demo_report.pdf
2022-05-15,19,2012,55.8,2022-05-17_Week_19_2022_Athenian_Demo_report.pdf
2022-05-15,19,2013,47.0,2022-05-17_Week_19_2022_Athenian_Demo_report.pdf
2022-05-15,19,2014,34.3,2022-05-17_Week_19_2022_Athenian_Demo_report.pdf
2022-05-15,19,2015,38.8,2022-05-17_Week_19_2022_Athenian_Demo_report.pdf
2022-05-15,19,2016,44.6,2022-05-17_Week_19_2022_Athenian_Demo_report.pdf
2022-05-15,19,2017,35.3,2022-05-17_Week_19_2022_Athenian_Demo_report.pdf
2022-05-15,19,2018,30.4,2022-05-17_Week_19_2022_Athenian_Demo_report.pdf
2022-05-15,19,2019,16.9,2022-05-17_Week_19_2022_Athenian_Demo_report.pdf
2022-05-15,19,2020,23.2,2022-05-17_Week_19_2022_Athenian_Demo_report.pdf
2022-05-15,19,2021,23.5,2022-05-17_Week_19_2022_Athenian_Demo_report.pdf
2022-05-15,19,2022,6.5,2022-05-17_Week_19_2022_Athenian_Demo_report.pdf
2022-05-20,20,2007,5.3,2022-05-24_Week_20_2022_Athenian_Demo_report.pdf
2022-05-20,20,2008,13.0,2022-05-24_Week_20_2022_Athenian_Demo_report.pdf
2022-05-20,20,2009,32.0,2022-05-24_Week_20_2022_Athenian_Demo_report.pdf
2022-05-20,20,2010,26.0,2022-05-24_Week_20_2022_Athenian_Demo_report.pdf
2022-05-20,20,2011,40.0,2022-05-24_Week_20_2022_Athenian_Demo_report.pdf
2022-05-20,20,2012,55.8,2022-05-24_Week_20_2022_Athenian_Demo_report.pdf
2022-05-20,20,2013,47.0,2022-05-24_Week_20_2022_Athenian_Demo_report.pdf
2022-05-20,20,2014,34.3,2022-05-24_Week_20_2022_Athenian_Demo_report.pdf
2022-05-20,20,2015,38.8,2022-05-24_Week_20_2022_Athenian_Demo_report.pdf
2022-05-20,20,2016,44.6,2022-05-24_Week_20_2022_Athenian_Demo_report.pdf
2022-05-20,20,2017,35.3,2022-05-24_Week_20_2022_Athenian_Demo_report.pdf
2022-05-20,20,2018,30.4,2022-05-24_Week_20_2022_Athenian_Demo_report.pdf
2022-05-20,20,2019,16.9,2022-05-24_Week_20_2022_Athenian_Demo_report.pdf
2022-05-20,20,2020,23.2,2022-05-24_Week_20_2022_Athenian_Demo_report.pdf
2022-05-20,20,2021,23.5,2022-05-24_Week_20_2022_Athenian_Demo_report.pdf
2022-05-20,20,2022,6.9,2022-05-24_Week_20_2022_Athenian_Demo_report.pdf
2022-05-29,21,2007,5.3,2022-05-31_Week_21_2022_Athenian_Demo_report.pdf
2022-05-29,21,2008,13.0,2022-05-31_Week_21_2022_Athenian_Demo_report.pdf
2022-05-29,21,2009,32.0,2022-05-31_Week_21_2022_Athenian_Demo_report.pdf
2022-05-29,21,2010,26.0,2022-05-31_Week_21_2022_Athenian_Demo_report.pdf
2022-05-29,21,2011,40.0,2022-05-31_Week_21_2022_Athenian_Demo_report.pdf
2022-05-29,21,2012,55.8,2022-05-31_Week_21_2022_Athenian_Demo_report.pdf
2022-05-29,21,2013,47.0,2022-05-31_Week_21_2022_Athenian_Demo_report.pdf
2022-05-29,21,2014,34.3,2022-05-31_Week_21_2022_Athenian_Demo_report.pdf
2022-05-29,21,2015,38.8,2022-05-31_Week_21_2022_Athenian_Demo_report.pdf
2022-05-29,21,2016,44.6,2022-05-31_Week_21_2022_Athenian_Demo_report.pdf
2022-05-29,21,2017,35.3,2022-05-31_Week_21_2022_Athenian_Demo_report.pdf
2022-05-29,21,2018,30.4,2022-05-31_Week_21_2022_Athenian_Demo_report.pdf
2022-05-29,21,2019,16.9,2022-05-31_Week_21_2022_Athenian_Demo_report.pdf
2022-05-29,21,2020,23.2,2022-05-31_Week_21_2022_Athenian_Demo_report.pdf
2022-05-29,21,2021,23.5,2022-05-31_Week_21_2022_Athenian_Demo_report.pdf
2022-05-29,21,2022,7.1,2022-05-31_Week_21_2022_Athenian_Demo_report.pdf
2022-06-12,23,2007,5.3,2022-06-14_Week_23_2022_Athenian_Demo_report.pdf
2022-06-12,23,2008,13.0,2022-06-14_Week_23_2022_Athenian_Demo_report.pdf
2022-06-12,23,2009,32.0,2022-06-14_Week_23_2022_Athenian_Demo_report.pdf
2022-06-12,23,2010,26.0,2022-06-14_Week_23_2022_Athenian_Demo_report.pdf
2022-06-12,23,2011,40.0,2022-06-14_Week_23_2022_Athenian_Demo_report.pdf
2022-06-12,23,2012,55.8,2022-06-14_Week_23_2022_Athenian_Demo_report.pdf
2022-06-12,23,2013,47.0,2022-06-14_Week_23_2022_Athenian_Demo_report.pdf
2022-06-12,23,2014,34.3,2022-06-14_Week_23_2022_Athenian_Demo_report.pdf
2022-06-12,23,2015,38.8,2022-06-14_Week_23_2022_Athenian_Demo_report.pdf
2022-06-12,23,2016,44.6,2022-06-14_Week_23_2022_Athenian_Demo_report.pdf
2022-06-12,23,2017,35.3,2022-06-14_Week_23_2022_Athenian_Demo_report.pdf
2022-06-12,23,2018,30.4,2022-06-14_Week_23_2022_Athenian_Demo_report.pdf
2022-06-12,23,2019,16.9,2022-06-14_Week_23_2022_Athenian_Demo_report.pdf
2022-06-12,23,2020,23.2,2022-06-14_Week_23_2022_Athenian_Demo_report.pdf
2022-06-12,23,2021,23.5,2022-06-14_Week_23_2022_Athenian_Demo_report.pdf
2022-06-12,23,2022,7.2,2022-06-14_Week_23_2022_Athenian_Demo_report.pdf
2022-06-19,24,2007,5.3,2022-06-21_Week_24_2022_Athenian_Demo_report.pdf
2022-06-19,24,2008,13.0,2022-06-21_Week_24_2022_Athenian_Demo_report.pdf
2022-06-19,24,2009,32.0,2022-06-21_Week_24_2022_Athenian_Demo_report.pdf
2022-06-19,24,2010,26.0,2022-06-21_Week_24_2022_Athenian_Demo_report.pdf
2022-06-19,24,2011,40.0,2022-06-21_Week_24_2022_Athenian_Demo_report.pdf
2022-06-19,24,2012,55.8,2022-06-21_Week_24_2022_Athenian_Demo_report.pdf
2022-06-19,24,2013,47.0,2022-06-21_Week_24_2022_Athenian_Demo_report.pdf
2022-06-19,24,2014,34.3,2022-06-21_Week_24_2022_Athenian_Demo_report.pdf
2022-06-19,24,2015,38.8,2022-06-21_Week_24_2022_Athenian_Demo_report.pdf
2022-06-19,24,2016,44.6,2022-06-21_Week_24_2022_Athenian_Demo_report.pdf
2022-06-19,24,2017,35.3,2022-06-21_Week_24_2022_Athenian_Demo_report.pdf
2022-06-19,24,2018,30.4,2022-06-21_Week_24_2022_Athenian_Demo_report.pdf
2022-06-19,24,2019,16.9,2022-06-21_Week_24_2022_Athenian_Demo_report.pdf
2022-06-19,24,2020,23.2,2022-06-21_Week_24_2022_Athenian_Demo_report.pdf
2022-06-19,24,2021,23.5,2022-06-21_Week_24_2022_Athenian_Demo_report.pdf
2022-06-19,24,2022,7.8,2022-06-21_Week_24_2022_Athenian_Demo_report.pdf
2022-06-26,25,2007,5.3,2022-06-29_Week_25_2022_Athenian_Demo_report.pdf
2022-06-26,25,2008,13.0,2022-06-29_Week_25_2022_Athenian_Demo_report.pdf
2022-06-26,25,2009,32.0,2022-06-29_Week_25_2022_Athenian_Demo_report.pdf
2022-06-26,25,2010,26.0,2022-06-29_Week_25_2022_Athenian_Demo_report.pdf
2022-06-26,25,2011,40.0,2022-06-29_Week_25_2022_Athenian_Demo_report.pdf
2022-06-26,25,2012,55.8,2022-06-29_Week_25_2022_Athenian_Demo_report.pdf
2022-06-26,25,2013,47.0,2022-06-29_Week_25_2022_Athenian_Demo_report.pdf
2022-06-26,25,2014,34.3,2022-06-29_Week_25_2022_Athenian_Demo_report.pdf
2022-06-26,25,2015,38.8,2022-06-29_Week_25_2022_Athenian_Demo_report.pdf
2022-06-26,25,2016,44.6,2022-06-29_Week_25_2022_Athenian_Demo_report.pdf
2022-06-26,25,2017,35.3,2022-06-29_Week_25_2022_Athenian_Demo_report.pdf
2022-06-26,25,2018,30.4,2022-06-29_Week_25_2022_Athenian_Demo_report.pdf
2022-06-26,25,2019,16.9,2022-06-29_Week_25_2022_Athenian_Demo_report.pdf
2022-06-26,25,2020,23.2,2022-06-29_Week_25_2022_Athenian_Demo_report.pdf
2022-06-26,25,2021,23.5,2022-06-29_Week_25_2022_Athenian_Demo_report.pdf
2022-06-26,25,2022,8.1,2022-06-29_Week_25_2022_Athenian_Demo_report.pdf
2022-07-03,26,2007,5.3,2022-07-05_Week_26_2022_Athenian_Demo_report.pdf
2022-07-03,26,2008,13.0,2022-07-05_Week_26_2022_Athenian_Demo_report.pdf
2022-07-03,26,2009,32.0,2022-07-05_Week_26_2022_Athenian_Demo_report.pdf
2022-07-03,26,2010,26.0,2022-07-05_Week_26_2022_Athenian_Demo_report.pdf
2022-07-03,26,2011,40.0,2022-07-05_Week_26_2022_Athenian_Demo_report.pdf
2022-07-03,26,2012,55.8,2022-07-05_Week_26_2022_Athenian_Demo_report.pdf
2022-07-03,26,2013,47.0,2022-07-05_Week_26_2022_Athenian_Demo_report.pdf
2022-07-03,26,2014,34.3,2022-07-05_Week_26_2022_Athenian_Demo_report.pdf
2022-07-03,26,2015,38.8,2022-07-05_Week_26_2022_Athenian_Demo_report.pdf
2022-07-03,26,2016,44.6,2022-07-05_Week_26_2022_Athenian_Demo_report.pdf
2022-07-03,26,2017,35.3,2022-07-05_Week_26_2022_Athenian_Demo_report.pdf
2022-07-03,26,2018,30.4,2022-07-05_Week_26_2022_Athenian_Demo_report.pdf
2022-07-03,26,2019,16.9,2022-07-05_Week_26_2022_Athenian_Demo_report.pdf
2022-07-03,26,2020,23.2,2022-07-05_Week_26_2022_Athenian_Demo_report.pdf
2022-07-03,26,2021,23.5,2022-07-05_Week_26_2022_Athenian_Demo_report.pdf
2022-07-03,26,2022,8.1,2022-07-05_Week_26_2022_Athenian_Demo_report.pdf
2022-07-10,27,2007,5.3,2022-07-12_Week_27_2022_Athenian_Demo_report.pdf
2022-07-10,27,2008,13.0,2022-07-12_Week_27_2022_Athenian_Demo_report.pdf
2022-07-10,27,2009,32.0,2022-07-12_Week_27_2022_Athenian_Demo_report.pdf
2022-07-10,27,2010,26.0,2022-07-12_Week_27_2022_Athenian_Demo_report.pdf
2022-07-10,27,2011,40.0,2022-07-12_Week_27_2022_Athenian_Demo_report.pdf
2022-07-10,27,2012,55.8,2022-07-12_Week_27_2022_Athenian_Demo_report.pdf
2022-07-10,27,2013,47.0,2022-07-12_Week_27_2022_Athenian_Demo_report.pdf
2022-07-10,27,2014,34.3,2022-07-12_Week_27_2022_Athenian_Demo_report.pdf
2022-07-10,27,2015,38.8,2022-07-12_Week_27_2022_Athenian_Demo_report.pdf
2022-07-10,27,2016,44.6,2022-07-12_Week_27_2022_Athenian_Demo_report.pdf
2022-07-10,27,2017,35.3,2022-07-12_Week_27_2022_Athenian_Demo_report.pdf
2022-07-10,27,2018,30.4,2022-07-12_Week_27_2022_Athenian_Demo_report.pdf
2022-07-10,27,2019,16.9,2022-07-12_Week_27_2022_Athenian_Demo_report.pdf
2022-07-10,27,2020,23.2,2022-07-12_Week_27_2022_Athenian_Demo_report.pdf
2022-07-10,27,2021,23.5,2022-07-12_Week_27_2022_Athenian_Demo_report.pdf
2022-07-10,27,2022,8.2,2022-07-12_Week_27_2022_Athenian_Demo_report.pdf
2022-07-17,28,2007,5.3,2022-07-20_Week_28_2022_Athenian_Demo_report.pdf
2022-07-17,28,2008,13.0,2022-07-20_Week_28_2022_Athenian_Demo_report.pdf
2022-07-17,28,2009,32.0,2022-07-20_Week_28_2022_Athenian_Demo_report.pdf
2022-07-17,28,2010,26.0,2022-07-20_Week_28_2022_Athenian_Demo_report.pdf
2022-07-17,28,2011,40.0,2022-07-20_Week_28_2022_Athenian_Demo_report.pdf
2022-07-17,28,2012,55.8,2022-07-20_Week_28_2022_Athenian_Demo_report.pdf
2022-07-17,28,2013,47.0,2022-07-20_Week_28_2022_Athenian_Demo_report.pdf
2022-07-17,28,2014,34.3,2022-07-20_Week_28_2022_Athenian_Demo_report.pdf
2022-07-17,28,2015,38.8,2022-07-20_Week_28_2022_Athenian_Demo_report.pdf
2022-07-17,28,2016,44.6,2022-07-20_Week_28_2022_Athenian_Demo_report.pdf
2022-07-17,28,2017,35.3,2022-07-20_Week_28_2022_Athenian_Demo_report.pdf
2022-07-17,28,2018,30.4,2022-07-20_Week_28_2022_Athenian_Demo_report.pdf
2022-07-17,28,2019,16.9,2022-07-20_Week_28_2022_Athenian_Demo_report.pdf
2022-07-17,28,2020,23.2,2022-07-20_Week_28_2022_Athenian_Demo_report.pdf
2022-07-17,28,2021,23.5,2022-07-20_Week_28_2022_Athenian_Demo_report.pdf
2022-07-17,28,2022,8.2,2022-07-20_Week_28_2022_Athenian_Demo_report.pdf
2022-07-24,29,2007,5.3,2022-07-26_Week_29_2022_Athenian_Demo_report.pdf
2022-07-24,29,2008,13.0,2022-07-26_Week_29_2022_Athenian_Demo_report.pdf
2022-07-24,29,2009,32.0,2022-07-26_Week_29_2022_Athenian_Demo_report.pdf
2022-07-24,29,2010,26.0,2022-07-26_Week_29_2022_Athenian_Demo_report.pdf
2022-07-24,29,2011,40.0,2022-07-26_Week_29_2022_Athenian_Demo_report.pdf
2022-07-24,29,2012,55.8,2022-07-26_Week_29_2022_Athenian_Demo_report.pdf
2022-07-24,29,2013,47.0,2022-07-26_Week_29_2022_Athenian_Demo_report.pdf
2022-07-24,29,2014,34.3,2022-07-26_Week_29_2022_Athenian_Demo_report.pdf
2022-07-24,29,2015,38.8,2022-07-26_Week_29_2022_Athenian_Demo_report.pdf
2022-07-24,29,2016,44.6,2022-07-26_Week_29_2022_Athenian_Demo_report.pdf
2022-07-24,29,2017,35.3,2022-07-26_Week_29_2022_Athenian_Demo_report.pdf
2022-07-24,29,2018,30.4,2022-07-26_Week_29_2022_Athenian_Demo_report.pdf
2022-07-24,29,2019,16.9,2022-07-26_Week_29_2022_Athenian_Demo_report.pdf
2022-07-24,29,2020,23.2,2022-07-26_Week_29_2022_Athenian_Demo_report.pdf
2022-07-24,29,2021,23.5,2022-07-26_Week_29_2022_Athenian_Demo_report.pdf
2022-07-24,29,2022,8.4,2022-07-26_Week_29_2022_Athenian_Demo_report.pdf
2022-08-07,31,2007,5.3,2022-08-11_Week_31_2022_Athenian_Demo_report.pdf
2022-08-07,31,2008,13.0,2022-08-11_Week_31_2022_Athenian_Demo_report.pdf
2022-08-07,31,2009,32.0,2022-08-11_Week_31_2022_Athenian_Demo_report.pdf
2022-08-07,31,2010,26.0,2022-08-11_Week_31_2022_Athenian_Demo_report.pdf
2022-08-07,31,2011,40.0,2022-08-11_Week_31_2022_Athenian_Demo_report.pdf
2022-08-07,31,2012,55.8,2022-08-11_Week_31_2022_Athenian_Demo_report.pdf
2022-08-07,31,2013,47.0,2022-08-11_Week_31_2022_Athenian_Demo_report.pdf
2022-08-07,31,2014,34.3,2022-08-11_Week_31_2022_Athenian_Demo_report.pdf
2022-08-07,31,2015,38.8,2022-08-11_Week_31_2022_Athenian_Demo_report.pdf
2022-08-07,31,2016,44.6,2022-08-11_Week_31_2022_Athenian_Demo_report.pdf
2022-08-07,31,2017,35.3,2022-08-11_Week_31_2022_Athenian_Demo_report.pdf
2022-08-07,31,2018,30.4,2022-08-11_Week_31_2022_Athenian_Demo_report.pdf
2022-08-07,31,2019,16.9,2022-08-11_Week_31_2022_Athenian_Demo_report.pdf
2022-08-07,31,2020,23.2,2022-08-11_Week_31_2022_Athenian_Demo_report.pdf
2022-08-07,31,2021,23.5,2022-08-11_Week_31_2022_Athenian_Demo_report.pdf
2022-08-07,31,2022,9.0,2022-08-11_Week_31_2022_Athenian_Demo_report.pdf
2022-08-14,32,2007,5.3,2022-08-18_Week_32_2022_Athenian_Demo_report.pdf
2022-08-14,32,2008,13.0,2022-08-18_Week_32_2022_Athenian_Demo_report.pdf
2022-08-14,32,2009,32.0,2022-08-18_Week_32_2022_Athenian_Demo_report.pdf
2022-08-14,32,2010,26.0,2022-08-18_Week_32_2022_Athenian_Demo_report.pdf
2022-08-14,32,2011,40.0,2022-08-18_Week_32_2022_Athenian_Demo_report.pdf
2022-08-14,32,2012,55.8,2022-08-18_Week_32_2022_Athenian_Demo_report.pdf
2022-08-14,32,2013,47.0,2022-08-18_Week_32_2022_Athenian_Demo_report.pdf
2022-08-14,32,2014,34.3,2022-08-18_Week_32_2022_Athenian_Demo_report.pdf
2022-08-14,32,2015,38.8,2022-08-18_Week_32_2022_Athenian_Demo_report.pdf
2022-08-14,32,2016,44.6,2022-08-18_Week_32_2022_Athenian_Demo_report.pdf
2022-08-14,32,2017,35.3,2022-08-18_Week_32_2022_Athenian_Demo_report.pdf
2022-08-14,32,2018,30.4,2022-08-18_Week_32_2022_Athenian_Demo_report.pdf
2022-08-14,32,2019,16.9,2022-08-18_Week_32_2022_Athenian_Demo_report.pdf
2022-08-14,32,2020,23.2,2022-08-18_Week_32_2022_Athenian_Demo_report.pdf
2022-08-14,32,2021,23.5,2022-08-18_Week_32_2022_Athenian_Demo_report.pdf
2022-08-14,32,2022,9.2,2022-08-18_Week_32_2022_Athenian_Demo_report.pdf
2022-08-21,33,2007,5.3,2022-08-24_Week_33_2022_Athenian_Demo_report.pdf
2022-08-21,33,2008,13.0,2022-08-24_Week_33_2022_Athenian_Demo_report.pdf
2022-08-21,33,2009,32.0,2022-08-24_Week_33_2022_Athenian_Demo_report.pdf
2022-08-21,33,2010,26.0,2022-08-24_Week_33_2022_Athenian_Demo_report.pdf
2022-08-21,33,2011,40.0,2022-08-24_Week_33_2022_Athenian_Demo_report.pdf
2022-08-21,33,2012,55.8,2022-08-24_Week_33_2022_Athenian_Demo_report.pdf
2022-08-21,33,2013,47.0,2022-08-24_Week_33_2022_Athenian_Demo_report.pdf
2022-08-21,33,2014,34.3,2022-08-24_Week_33_2022_Athenian_Demo_report.pdf
2022-08-21,33,2015,38.8,2022-08-24_Week_33_2022_Athenian_Demo_report.pdf
2022-08-21,33,2016,44.6,2022-08-24_Week_33_2022_Athenian_Demo_report.pdf
2022-08-21,33,2017,35.3,2022-08-24_Week_33_2022_Athenian_Demo_report.pdf
2022-08-21,33,2018,30.4,2022-08-24_Week_33_2022_Athenian_Demo_report.pdf
2022-08-21,33,2019,16.9,2022-08-24_Week_33_2022_Athenian_Demo_report.pdf
2022-08-21,33,2020,23.2,2022-08-24_Week_33_2022_Athenian_Demo_report.pdf
2022-08-21,33,2021,23.5,2022-08-24_Week_33_2022_Athenian_Demo_report.pdf
2022-08-21,33,2022,9.2,2022-08-24_Week_33_2022_Athenian_Demo_report.pdf
2022-08-28,34,2007,5.3,2022-09-01_Week_34_2022_Athenian_Demo_report.pdf
2022-08-28,34,2008,13.0,2022-09-01_Week_34_2022_Athenian_Demo_report.pdf
2022-08-28,34,2009,32.0,2022-09-01_Week_34_2022_Athenian_Demo_report.pdf
2022-08-28,34,2010,26.0,2022-09-01_Week_34_2022_Athenian_Demo_report.pdf
2022-08-28,34,2011,40.0,2022-09-01_Week_34_2022_Athenian_Demo_report.pdf
2022-08-28,34,2012,55.8,2022-09-01_Week_34_2022_Athenian_Demo_report.pdf
2022-08-28,34,2013,47.0,2022-09-01_Week_34_2022_Athenian_Demo_report.pdf
2022-08-28,34,2014,34.3,2022-09-01_Week_34_2022_Athenian_Demo_report.pdf
2022-08-28,34,2015,38.8,2022-09-01_Week_34_2022_Athenian_Demo_report.pdf
2022-08-28,34,2016,44.6,2022-09-01_Week_34_2022_Athenian_Demo_report.pdf
2022-08-28,34,2017,35.3,2022-09-01_Week_34_2022_Athenian_Demo_report.pdf
2022-08-28,34,2018,30.4,2022-09-01_Week_34_2022_Athenian_Demo_report.pdf
2022-08-28,34,2019,16.9,2022-09-01_Week_34_2022_Athenian_Demo_report.pdf
2022-08-28,34,2020,23.2,2022-09-01_Week_34_2022_Athenian_Demo_report.pdf
2022-08-28,34,2021,23.5,2022-09-01_Week_34_2022_Athenian_Demo_report.pdf
2022-08-28,34,2022,9.5,2022-09-01_Week_34_2022_Athenian_Demo_report.pdf
2022-09-04,35,2007,5.3,2022-09-08_Week_35_2022_Athenian_Demo_report-1.pdf
2022-09-04,35,2008,13.0,2022-09-08_Week_35_2022_Athenian_Demo_report-1.pdf
2022-09-04,35,2009,32.0,2022-09-08_Week_35_2022_Athenian_Demo_report-1.pdf
2022-09-04,35,2010,26.0,2022-09-08_Week_35_2022_Athenian_Demo_report-1.pdf
2022-09-04,35,2011,40.0,2022-09-08_Week_35_2022_Athenian_Demo_report-1.pdf
2022-09-04,35,2012,55.8,2022-09-08_Week_35_2022_Athenian_Demo_report-1.pdf
2022-09-04,35,2013,47.0,2022-09-08_Week_35_2022_Athenian_Demo_report-1.pdf
2022-09-04,35,2014,34.3,2022-09-08_Week_35_2022_Athenian_Demo_report-1.pdf
2022-09-04,35,2015,38.8,2022-09-08_Week_35_2022_Athenian_Demo_report-1.pdf
2022-09-04,35,2016,44.6,2022-09-08_Week_35_2022_Athenian_Demo_report-1.pdf
2022-09-04,35,2017,35.3,2022-09-08_Week_35_2022_Athenian_Demo_report-1.pdf
2022-09-04,35,2018,30.4,2022-09-08_Week_35_2022_Athenian_Demo_report-1.pdf
2022-09-04,35,2019,16.9,2022-09-08_Week_35_2022_Athenian_Demo_report-1.pdf
2022-09-04,35,2020,23.2,2022-09-08_Week_35_2022_Athenian_Demo_report-1.pdf
2022-09-04,35,2021,23.5,2022-09-08_Week_35_2022_Athenian_Demo_report-1.pdf
2022-09-04,35,2022,9.9,2022-09-08_Week_35_2022_Athenian_Demo_report-1.pdf
2022-09-11,36,2007,5.3,2022-09-08_Week_36_2022_Athenian_Demo_report.pdf
2022-09-11,36,2008,13.0,2022-09-08_Week_36_2022_Athenian_Demo_report.pdf
2022-09-11,36,2009,32.0,2022-09-08_Week_36_2022_Athenian_Demo_report.pdf
2022-09-11,36,2010,26.0,2022-09-08_Week_36_2022_Athenian_Demo_report.pdf
2022-09-11,36,2011,40.0,2022-09-08_Week_36_2022_Athenian_Demo_report.pdf
2022-09-11,36,2012,55.8,2022-09-08_Week_36_2022_Athenian_Demo_report.pdf
2022-09-11,36,2013,47.0,2022-09-08_Week_36_2022_Athenian_Demo_report.pdf
2022-09-11,36,2014,34.3,2022-09-08_Week_36_2022_Athenian_Demo_report.pdf
2022-09-11,36,2015,38.8,2022-09-08_Week_36_2022_Athenian_Demo_report.pdf
2022-09-11,36,2016,44.6,2022-09-08_Week_36_2022_Athenian_Demo_report.pdf
2022-09-11,36,2017,35.3,2022-09-08_Week_36_2022_Athenian_Demo_report.pdf
2022-09-11,36,2018,30.4,2022-09-08_Week_36_2022_Athenian_Demo_report.pdf
2022-09-11,36,2019,16.9,2022-09-08_Week_36_2022_Athenian_Demo_report.pdf
2022-09-11,36,2020,23.2,2022-09-08_Week_36_2022_Athenian_Demo_report.pdf
2022-09-11,36,2021,23.5,2022-09-08_Week_36_2022_Athenian_Demo_report.pdf
2022-09-11,36,2022,9.9,2022-09-08_Week_36_2022_Athenian_Demo_report.pdf
2022-09-18,37,2007,5.3,2022-09-15_Week_37_2022_Athenian_Demo_report.pdf
2022-09-18,37,2008,13.0,2022-09-15_Week_37_2022_Athenian_Demo_report.pdf
2022-09-18,37,2009,32.0,2022-09-15_Week_37_2022_Athenian_Demo_report.pdf
2022-09-18,37,2010,26.0,2022-09-15_Week_37_2022_Athenian_Demo_report.pdf
2022-09-18,37,2011,40.0,2022-09-15_Week_37_2022_Athenian_Demo_report.pdf
2022-09-18,37,2012,55.8,2022-09-15_Week_37_2022_Athenian_Demo_report.pdf
2022-09-18,37,2013,47.0,2022-09-15_Week_37_2022_Athenian_Demo_report.pdf
2022-09-18,37,2014,34.3,2022-09-15_Week_37_2022_Athenian_Demo_report.pdf
2022-09-18,37,2015,38.8,2022-09-15_Week_37_2022_Athenian_Demo_report.pdf
2022-09-18,37,2016,44.6,2022-09-15_Week_37_2022_Athenian_Demo_report.pdf
2022-09-18,37,2017,35.3,2022-09-15_Week_37_2022_Athenian_Demo_report.pdf
2022-09-18,37,2018,30.4,2022-09-15_Week_37_2022_Athenian_Demo_report.pdf
2022-09-18,37,2019,16.9,2022-09-15_Week_37_2022_Athenian_Demo_report.pdf
2022-09-18,37,2020,23.2,2022-09-15_Week_37_2022_Athenian_Demo_report.pdf
2022-09-18,37,2021,23.5,2022-09-15_Week_37_2022_Athenian_Demo_report.pdf
2022-09-18,37,2022,10.1,2022-09-15_Week_37_2022_Athenian_Demo_report.pdf
2022-09-25,38,2007,5.3,2022-09-22_Week_38_2022_Athenian_Demo_report.pdf
2022-09-25,38,2008,13.0,2022-09-22_Week_38_2022_Athenian_Demo_report.pdf
2022-09-25,38,2009,32.0,2022-09-22_Week_38_2022_Athenian_Demo_report.pdf
2022-09-25,38,2010,26.0,2022-09-22_Week_38_2022_Athenian_Demo_report.pdf
2022-09-25,38,2011,40.0,2022-09-22_Week_38_2022_Athenian_Demo_report.pdf
2022-09-25,38,2012,55.8,2022-09-22_Week_38_2022_Athenian_Demo_report.pdf
2022-09-25,38,2013,47.0,2022-09-22_Week_38_2022_Athenian_Demo_report.pdf
2022-09-25,38,2014,34.3,2022-09-22_Week_38_2022_Athenian_Demo_report.pdf
2022-09-25,38,2015,38.8,2022-09-22_Week_38_2022_Athenian_Demo_report.pdf
2022-09-25,38,2016,44.6,2022-09-22_Week_38_2022_Athenian_Demo_report.pdf
2022-09-25,38,2017,35.3,2022-09-22_Week_38_2022_Athenian_Demo_report.pdf
2022-09-25,38,2018,30.4,2022-09-22_Week_38_2022_Athenian_Demo_report.pdf
2022-09-25,38,2019,16.9,2022-09-22_Week_38_2022_Athenian_Demo_report.pdf
2022-09-25,38,2020,23.2,2022-09-22_Week_38_2022_Athenian_Demo_report.pdf
2022-09-25,38,2021,23.5,2022-09-22_Week_38_2022_Athenian_Demo_report.pdf
2022-09-25,38,2022,10.5,2022-09-22_Week_38_2022_Athenian_Demo_report.pdf
2022-10-02,39,2007,5.3,2022-10-04_Week_39_2022_Athenian_Demo_report.pdf
2022-10-02,39,2008,13.0,2022-10-04_Week_39_2022_Athenian_Demo_report.pdf
2022-10-02,39,2009,32.0,2022-10-04_Week_39_2022_Athenian_Demo_report.pdf
2022-10-02,39,2010,26.0,2022-10-04_Week_39_2022_Athenian_Demo_report.pdf
2022-10-02,39,2011,40.0,2022-10-04_Week_39_2022_Athenian_Demo_report.pdf
2022-10-02,39,2012,55.8,2022-10-04_Week_39_2022_Athenian_Demo_report.pdf
2022-10-02,39,2013,47.0,2022-10-04_Week_39_2022_Athenian_Demo_report.pdf
2022-10-02,39,2014,34.3,2022-10-04_Week_39_2022_Athenian_Demo_report.pdf
2022-10-02,39,2015,38.8,2022-10-04_Week_39_2022_Athenian_Demo_report.pdf
2022-10-02,39,2016,44.6,2022-10-04_Week_39_2022_Athenian_Demo_report.pdf
2022-10-02,39,2017,35.3,2022-10-04_Week_39_2022_Athenian_Demo_report.pdf
2022-10-02,39,2018,30.4,2022-10-04_Week_39_2022_Athenian_Demo_report.pdf
2022-10-02,39,2019,16.9,2022-10-04_Week_39_2022_Athenian_Demo_report.pdf
2022-10-02,39,2020,23.2,2022-10-04_Week_39_2022_Athenian_Demo_report.pdf
2022-10-02,39,2021,23.5,2022-10-04_Week_39_2022_Athenian_Demo_report.pdf
2022-10-02,39,2022,10.8,2022-10-04_Week_39_2022_Athenian_Demo_report.pdf
2022-10-09,40,2007,5.3,2022-10-11_Week_40_2022_Athenian_Demo_report-1.pdf
2022-10-09,40,2008,13.0,2022-10-11_Week_40_2022_Athenian_Demo_report-1.pdf
2022-10-09,40,2009,32.0,2022-10-11_Week_40_2022_Athenian_Demo_report-1.pdf
2022-10-09,40,2010,26.0,2022-10-11_Week_40_2022_Athenian_Demo_report-1.pdf
2022-10-09,40,2011,40.0,2022-10-11_Week_40_2022_Athenian_Demo_report-1.pdf
2022-10-09,40,2012,55.8,2022-10-11_Week_40_2022_Athenian_Demo_report-1.pdf
2022-10-09,40,2013,47.0,2022-10-11_Week_40_2022_Athenian_Demo_report-1.pdf
2022-10-09,40,2014,34.3,2022-10-11_Week_40_2022_Athenian_Demo_report-1.pdf
2022-10-09,40,2015,38.8,2022-10-11_Week_40_2022_Athenian_Demo_report-1.pdf
2022-10-09,40,2016,44.6,2022-10-11_Week_40_2022_Athenian_Demo_report-1.pdf
2022-10-09,40,2017,35.3,2022-10-11_Week_40_2022_Athenian_Demo_report-1.pdf
2022-10-09,40,2018,30.4,2022-10-11_Week_40_2022_Athenian_Demo_report-1.pdf
2022-10-09,40,2019,16.9,2022-10-11_Week_40_2022_Athenian_Demo_report-1.pdf
2022-10-09,40,2020,23.2,2022-10-11_Week_40_2022_Athenian_Demo_report-1.pdf
2022-10-09,40,2021,23.5,2022-10-11_Week_40_2022_Athenian_Demo_report-1.pdf
2022-10-09,40,2022,10.8,2022-10-11_Week_40_2022_Athenian_Demo_report-1.pdf
2022-10-16,41,2007,5.3,2022-10-18_Week_41_2022_Athenian_Demo_report.pdf
2022-10-16,41,2008,13.0,2022-10-18_Week_41_2022_Athenian_Demo_report.pdf
2022-10-16,41,2009,32.0,2022-10-18_Week_41_2022_Athenian_Demo_report.pdf
2022-10-16,41,2010,26.0,2022-10-18_Week_41_2022_Athenian_Demo_report.pdf
2022-10-16,41,2011,40.0,2022-10-18_Week_41_2022_Athenian_Demo_report.pdf
2022-10-16,41,2012,55.8,2022-10-18_Week_41_2022_Athenian_Demo_report.pdf
2022-10-16,41,2013,47.0,2022-10-18_Week_41_2022_Athenian_Demo_report.pdf
2022-10-16,41,2014,34.3,2022-10-18_Week_41_2022_Athenian_Demo_report.pdf
2022-10-16,41,2015,38.8,2022-10-18_Week_41_2022_Athenian_Demo_report.pdf
2022-10-16,41,2016,44.6,2022-10-18_Week_41_2022_Athenian_Demo_report.pdf
2022-10-16,41,2017,35.3,2022-10-18_Week_41_2022_Athenian_Demo_report.pdf
2022-10-16,41,2018,30.4,2022-10-18_Week_41_2022_Athenian_Demo_report.pdf
2022-10-16,41,2019,16.9,2022-10-18_Week_41_2022_Athenian_Demo_report.pdf
2022-10-16,41,2020,23.2,2022-10-18_Week_41_2022_Athenian_Demo_report.pdf
2022-10-16,41,2021,23.5,2022-10-18_Week_41_2022_Athenian_Demo_report.pdf
2022-10-16,41,2022,10.8,2022-10-18_Week_41_2022_Athenian_Demo_report.pdf
2022-11-06,44,2007,5.3,2022-11-08_Week_44_2022_Athenian_Demo_report-1.pdf
2022-11-06,44,2008,13.0,2022-11-08_Week_44_2022_Athenian_Demo_report-1.pdf
2022-11-06,44,2009,32.0,2022-11-08_Week_44_2022_Athenian_Demo_report-1.pdf
2022-11-06,44,2010,26.0,2022-11-08_Week_44_2022_Athenian_Demo_report-1.pdf
2022-11-06,44,2011,40.0,2022-11-08_Week_44_2022_Athenian_Demo_report-1.pdf
2022-11-06,44,2012,55.8,2022-11-08_Week_44_2022_Athenian_Demo_report-1.pdf
2022-11-06,44,2013,47.0,2022-11-08_Week_44_2022_Athenian_Demo_report-1.pdf
2022-11-06,44,2014,34.3,2022-11-08_Week_44_2022_Athenian_Demo_report-1.pdf
2022-11-06,44,2015,38.8,2022-11-08_Week_44_2022_Athenian_Demo_report-1.pdf
2022-11-06,44,2016,44.6,2022-11-08_Week_44_2022_Athenian_Demo_report-1.pdf
2022-11-06,44,2017,35.3,2022-11-08_Week_44_2022_Athenian_Demo_report-1.pdf
2022-11-06,44,2018,30.4,2022-11-08_Week_44_2022_Athenian_Demo_report-1.pdf
2022-11-06,44,2019,16.9,2022-11-08_Week_44_2022_Athenian_Demo_report-1.pdf
2022-11-06,44,2020,23.2,2022-11-08_Week_44_2022_Athenian_Demo_report-1.pdf
2022-11-06,44,2021,23.5,2022-11-08_Week_44_2022_Athenian_Demo_report-1.pdf
2022-11-06,44,2022,11.4,2022-11-08_Week_44_2022_Athenian_Demo_report-1.pdf
2022-11-13,45,2007,5.3,2022-11-16_Week_45_2022_Athenian_Demo_report.pdf
2022-11-13,45,2008,13.0,2022-11-16_Week_45_2022_Athenian_Demo_report.pdf
2022-11-13,45,2009,32.0,2022-11-16_Week_45_2022_Athenian_Demo_report.pdf
2022-11-13,45,2010,26.0,2022-11-16_Week_45_2022_Athenian_Demo_report.pdf
2022-11-13,45,2011,40.0,2022-11-16_Week_45_2022_Athenian_Demo_report.pdf
2022-11-13,45,2012,55.8,2022-11-16_Week_45_2022_Athenian_Demo_report.pdf
2022-11-13,45,2013,47.0,2022-11-16_Week_45_2022_Athenian_Demo_report.pdf
2022-11-13,45,2014,34.3,2022-11-16_Week_45_2022_Athenian_Demo_report.pdf
2022-11-13,45,2015,38.8,2022-11-16_Week_45_2022_Athenian_Demo_report.pdf
2022-11-13,45,2016,44.6,2022-11-16_Week_45_2022_Athenian_Demo_report.pdf
2022-11-13,45,2017,35.3,2022-11-16_Week_45_2022_Athenian_Demo_report.pdf
2022-11-13,45,2018,30.4,2022-11-16_Week_45_2022_Athenian_Demo_report.pdf
2022-11-13,45,2019,16.9,2022-11-16_Week_45_2022_Athenian_Demo_report.pdf
2022-11-13,45,2020,23.2,2022-11-16_Week_45_2022_Athenian_Demo_report.pdf
2022-11-13,45,2021,23.5,2022-11-16_Week_45_2022_Athenian_Demo_report.pdf
2022-11-13,45,2022,11.5,2022-11-16_Week_45_2022_Athenian_Demo_report.pdf
2022-11-20,46,2007,5.3,2022-11-22_Week_46_2022_Athenian_Demo_report.pdf
2022-11-20,46,2008,13.0,2022-11-22_Week_46_2022_Athenian_Demo_report.pdf
2022-11-20,46,2009,32.0,2022-11-22_Week_46_2022_Athenian_Demo_report.pdf
2022-11-20,46,2010,26.0,2022-11-22_Week_46_2022_Athenian_Demo_report.pdf
2022-11-20,46,2011,40.0,2022-11-22_Week_46_2022_Athenian_Demo_report.pdf
2022-11-20,46,2012,55.8,2022-11-22_Week_46_2022_Athenian_Demo_report.pdf
2022-11-20,46,2013,47.0,2022-11-22_Week_46_2022_Athenian_Demo_report.pdf
2022-11-20,46,2014,34.3,2022-11-22_Week_46_2022_Athenian_Demo_report.pdf
2022-11-20,46,2015,38.8,2022-11-22_Week_46_2022_Athenian_Demo_report.pdf
2022-11-20,46,2016,44.6,2022-11-22_Week_46_2022_Athenian_Demo_report.pdf
2022-11-20,46,2017,35.3,2022-11-22_Week_46_2022_Athenian_Demo_report.pdf
2022-11-20,46,2018,30.4,2022-11-22_Week_46_2022_Athenian_Demo_report.pdf
2022-11-20,46,2019,16.9,2022-11-22_Week_46_2022_Athenian_Demo_report.pdf
2022-11-20,46,2020,23.2,2022-11-22_Week_46_2022_Athenian_Demo_report.pdf
2022-11-20,46,2021,23.5,2022-11-22_Week_46_2022_Athenian_Demo_report.pdf
2022-11-20,46,2022,11.6,2022-11-22_Week_46_2022_Athenian_Demo_report.pdf
2022-11-27,47,2007,5.3,2022-11-29_Week_47_2022_Athenian_Demo_report.pdf
2022-11-27,47,2008,13.0,2022-11-29_Week_47_2022_Athenian_Demo_report.pdf
2022-11-27,47,2009,32.0,2022-11-29_Week_47_2022_Athenian_Demo_report.pdf
2022-11-27,47,2010,26.0,2022-11-29_Week_47_2022_Athenian_Demo_report.pdf
2022-11-27,47,2011,40.0,2022-11-29_Week_47_2022_Athenian_Demo_report.pdf
2022-11-27,47,2012,55.8,2022-11-29_Week_47_2022_Athenian_Demo_report.pdf
2022-11-27,47,2013,47.0,2022-11-29_Week_47_2022_Athenian_Demo_report.pdf
2022-11-27,47,2014,34.3,2022-11-29_Week_47_2022_Athenian_Demo_report.pdf
2022-11-27,47,2015,38.8,2022-11-29_Week_47_2022_Athenian_Demo_report.pdf
2022-11-27,47,2016,44.6,2022-11-29_Week_47_2022_Athenian_Demo_report.pdf
2022-11-27,47,2017,35.3,2022-11-29_Week_47_2022_Athenian_Demo_report.pdf
2022-11-27,47,2018,30.4,2022-11-29_Week_47_2022_Athenian_Demo_report.pdf
2022-11-27,47,2019,16.9,2022-11-29_Week_47_2022_Athenian_Demo_report.pdf
2022-11-27,47,2020,23.2,2022-11-29_Week_47_2022_Athenian_Demo_report.pdf
2022-11-27,47,2021,23.5,2022-11-29_Week_47_2022_Athenian_Demo_report.pdf
2022-11-27,47,2022,11.6,2022-11-29_Week_47_2022_Athenian_Demo_report.pdf
2022-12-04,48,2007,5.3,2022-12-06_Week_48_2022_Athenian_Demo_report.pdf
2022-12-04,48,2008,13.0,2022-12-06_Week_48_2022_Athenian_Demo_report.pdf
2022-12-04,48,2009,32.0,2022-12-06_Week_48_2022_Athenian_Demo_report.pdf
2022-12-04,48,2010,26.0,2022-12-06_Week_48_2022_Athenian_Demo_report.pdf
2022-12-04,48,2011,40.0,2022-12-06_Week_48_2022_Athenian_Demo_report.pdf
2022-12-04,48,2012,55.8,2022-12-06_Week_48_2022_Athenian_Demo_report.pdf
2022-12-04,48,2013,47.0,2022-12-06_Week_48_2022_Athenian_Demo_report.pdf
2022-12-04,48,2014,34.3,2022-12-06_Week_48_2022_Athenian_Demo_report.pdf
2022-12-04,48,2015,38.8,2022-12-06_Week_48_2022_Athenian_Demo_report.pdf
2022-12-04,48,2016,44.6,2022-12-06_Week_48_2022_Athenian_Demo_report.pdf
2022-12-04,48,2017,35.3,2022-12-06_Week_48_2022_Athenian_Demo_report.pdf
2022-12-04,48,2018,30.4,2022-12-06_Week_48_2022_Athenian_Demo_report.pdf
2022-12-04,48,2019,16.9,2022-12-06_Week_48_2022_Athenian_Demo_report.pdf
2022-12-04,48,2020,23.2,2022-12-06_Week_48_2022_Athenian_Demo_report.pdf
2022-12-04,48,2021,23.5,2022-12-06_Week_48_2022_Athenian_Demo_report.pdf
2022-12-04,48,2022,11.6,2022-12-06_Week_48_2022_Athenian_Demo_report.pdf
2022-12-11,49,2007,5.3,2022-12-13_Week_49_2022_Athenian_Demo_report.pdf
2022-12-11,49,2008,13.0,2022-12-13_Week_49_2022_Athenian_Demo_report.pdf
2022-12-11,49,2009,32.0,2022-12-13_Week_49_2022_Athenian_Demo_report.pdf
2022-12-11,49,2010,26.0,2022-12-13_Week_49_2022_Athenian_Demo_report.pdf
2022-12-11,49,2011,40.0,2022-12-13_Week_49_2022_Athenian_Demo_report.pdf
2022-12-11,49,2012,55.8,2022-12-13_Week_49_2022_Athenian_Demo_report.pdf
2022-12-11,49,2013,47.0,2022-12-13_Week_49_2022_Athenian_Demo_report.pdf
2022-12-11,49,2014,34.3,2022-12-13_Week_49_2022_Athenian_Demo_report.pdf
2022-12-11,49,2015,38.8,2022-12-13_Week_49_2022_Athenian_Demo_report.pdf
2022-12-11,49,2016,44.6,2022-12-13_Week_49_2022_Athenian_Demo_report.pdf
2022-12-11,49,2017,35.3,2022-12-13_Week_49_2022_Athenian_Demo_report.pdf
2022-12-11,49,2018,30.4,2022-12-13_Week_49_2022_Athenian_Demo_report.pdf
2022-12-11,49,2019,16.9,2022-12-13_Week_49_2022_Athenian_Demo_report.pdf
2022-12-11,49,2020,23.2,2022-12-13_Week_49_2022_Athenian_Demo_report.pdf
2022-12-11,49,2021,23.5,2022-12-13_Week_49_2022_Athenian_Demo_report.pdf
2022-12-11,49,2022,11.9,2022-12-13_Week_49_2022_Athenian_Demo_report.pdf
2022-12-18,50,2007,5.3,2022-12-20_Week_50_Athenian_Demo_report.pdf
2022-12-18,50,2008,13.0,2022-12-20_Week_50_Athenian_Demo_report.pdf
2022-12-18,50,2009,32.0,2022-12-20_Week_50_Athenian_Demo_report.pdf
2022-12-18,50,2010,26.0,2022-12-20_Week_50_Athenian_Demo_report.pdf
2022-12-18,50,2011,40.0,2022-12-20_Week_50_Athenian_Demo_report.pdf
2022-12-18,50,2012,55.8,2022-12-20_Week_50_Athenian_Demo_report.pdf
2022-12-18,50,2013,47.0,2022-12-20_Week_50_Athenian_Demo_report.pdf
2022-12-18,50,2014,34.3,2022-12-20_Week_50_Athenian_Demo_report.pdf
2022-12-18,50,2015,38.8,2022-12-20_Week_50_Athenian_Demo_report.pdf
2022-12-18,50,2016,44.6,2022-12-20_Week_50_Athenian_Demo_report.pdf
2022-12-18,50,2017,35.3,2022-12-20_Week_50_Athenian_Demo_report.pdf
2022-12-18,50,2018,30.4,2022-12-20_Week_50_Athenian_Demo_report.pdf
2022-12-18,50,2019,16.9,2022-12-20_Week_50_Athenian_Demo_report.pdf
2022-12-18,50,2020,23.2,2022-12-20_Week_50_Athenian_Demo_report.pdf
2022-12-18,50,2021,23.5,2022-12-20_Week_50_Athenian_Demo_report.pdf
2022-12-18,50,2022,12.3,2022-12-20_Week_50_Athenian_Demo_report.pdf
2022-12-25,51,2007,5.3,2022-12-28_Week_51_Athenian_Demo_report.pdf
2022-12-25,51,2008,13.0,2022-12-28_Week_51_Athenian_Demo_report.pdf
2022-12-25,51,2009,32.0,2022-12-28_Week_51_Athenian_Demo_report.pdf
2022-12-25,51,2010,26.0,2022-12-28_Week_51_Athenian_Demo_report.pdf
2022-12-25,51,2011,40.0,2022-12-28_Week_51_Athenian_Demo_report.pdf
2022-12-25,51,2012,55.8,2022-12-28_Week_51_Athenian_Demo_report.pdf
2022-12-25,51,2013,47.0,2022-12-28_Week_51_Athenian_Demo_report.pdf
2022-12-25,51,2014,34.3,2022-12-28_Week_51_Athenian_Demo_report.pdf
2022-12-25,51,2015,38.8,2022-12-28_Week_51_Athenian_Demo_report.pdf
2022-12-25,51,2016,44.6,2022-12-28_Week_51_Athenian_Demo_report.pdf
2022-12-25,51,2017,35.3,2022-12-28_Week_51_Athenian_Demo_report.pdf
2022-12-25,51,2018,30.4,2022-12-28_Week_51_Athenian_Demo_report.pdf
2022-12-25,51,2019,16.9,2022-12-28_Week_51_Athenian_Demo_report.pdf
2022-12-25,51,2020,23.2,2022-12-28_Week_51_Athenian_Demo_report.pdf
2022-12-25,51,2021,23.5,2022-12-28_Week_51_Athenian_Demo_report.pdf
2022-12-25,51,2022,11.3,2022-12-28_Week_51_Athenian_Demo_report.pdf
2022-01-01,52,2007,5.3,2023-01-03_Week_52_2022_Athenian_Demo_Report.pdf
2022-01-01,52,2008,13.0,2023-01-03_Week_52_2022_Athenian_Demo_Report.pdf
2022-01-01,52,2009,32.0,2023-01-03_Week_52_2022_Athenian_Demo_Report.pdf
2022-01-01,52,2010,26.0,2023-01-03_Week_52_2022_Athenian_Demo_Report.pdf
2022-01-01,52,2011,40.0,2023-01-03_Week_52_2022_Athenian_Demo_Report.pdf
2022-01-01,52,2012,55.8,2023-01-03_Week_52_2022_Athenian_Demo_Report.pdf
2022-01-01,52,2013,47.0,2023-01-03_Week_52_2022_Athenian_Demo_Report.pdf
2022-01-01,52,2014,34.3,2023-01-03_Week_52_2022_Athenian_Demo_Report.pdf
2022-01-01,52,2015,38.8,2023-01-03_Week_52_2022_Athenian_Demo_Report.pdf
2022-01-01,52,2016,44.6,2023-01-03_Week_52_2022_Athenian_Demo_Report.pdf
2022-01-01,52,2017,35.3,2023-01-03_Week_52_2022_Athenian_Demo_Report.pdf
2022-01-01,52,2018,30.4,2023-01-03_Week_52_2022_Athenian_Demo_Report.pdf
2022-01-01,52,2019,16.9,2023-01-03_Week_52_2022_Athenian_Demo_Report.pdf
2022-01-01,52,2020,23.2,2023-01-03_Week_52_2022_Athenian_Demo_Report.pdf
2022-01-01,52,2021,23.5,2023-01-03_Week_52_2022_Athenian_Demo_Report.pdf
2022-01-01,52,2022,12.5,2023-01-03_Week_52_2022_Athenian_Demo_Report.pdf
2023-01-08,1,2008,13.0,2023-01-10_Week_01_2023_Athenian_Demo_Report.pdf
2023-01-08,1,2009,32.0,2023-01-10_Week_01_2023_Athenian_Demo_Report.pdf
2023-01-08,1,2010,26.0,2023-01-10_Week_01_2023_Athenian_Demo_Report.pdf
2023-01-08,1,2011,40.0,2023-01-10_Week_01_2023_Athenian_Demo_Report.pdf
2023-01-08,1,2012,55.8,2023-01-10_Week_01_2023_Athenian_Demo_Report.pdf
2023-01-08,1,2013,47.0,2023-01-10_Week_01_2023_Athenian_Demo_Report.pdf
2023-01-08,1,2014,34.3,2023-01-10_Week_01_2023_Athenian_Demo_Report.pdf
2023-01-08,1,2015,38.8,2023-01-10_Week_01_2023_Athenian_Demo_Report.pdf
2023-01-08,1,2016,44.6,2023-01-10_Week_01_2023_Athenian_Demo_Report.pdf
2023-01-08,1,2017,35.3,2023-01-10_Week_01_2023_Athenian_Demo_Report.pdf
2023-01-08,1,2018,30.4,2023-01-10_Week_01_2023_Athenian_Demo_Report.pdf
2023-01-08,1,2019,16.9,2023-01-10_Week_01_2023_Athenian_Demo_Report.pdf
2023-01-08,1,2020,23.2,2023-01-10_Week_01_2023_Athenian_Demo_Report.pdf
2023-01-08,1,2021,23.5,2023-01-10_Week_01_2023_Athenian_Demo_Report.pdf
2023-01-08,1,2022,12.5,2023-01-10_Week_01_2023_Athenian_Demo_Report.pdf
2023-01-08,1,2023,0.0,2023-01-10_Week_01_2023_Athenian_Demo_Report.pdf
2023-01-15,2,2008,13.0,2023-01-17_Week_02_2023_Athenian_Demo_report.pdf
2023-01-15,2,2009,32.0,2023-01-17_Week_02_2023_Athenian_Demo_report.pdf
2023-01-15,2,2010,26.0,2023-01-17_Week_02_2023_Athenian_Demo_report.pdf
2023-01-15,2,2011,40.0,2023-01-17_Week_02_2023_Athenian_Demo_report.pdf
2023-01-15,2,2012,55.8,2023-01-17_Week_02_2023_Athenian_Demo_report.pdf
2023-01-15,2,2013,47.0,2023-01-17_Week_02_2023_Athenian_Demo_report.pdf
2023-01-15,2,2014,34.3,2023-01-17_Week_02_2023_Athenian_Demo_report.pdf
2023-01-15,2,2015,38.8,2023-01-17_Week_02_2023_Athenian_Demo_report.pdf
2023-01-15,2,2016,44.6,2023-01-17_Week_02_2023_Athenian_Demo_report.pdf
2023-01-15,2,2017,35.3,2023-01-17_Week_02_2023_Athenian_Demo_report.pdf
2023-01-15,2,2018,30.4,2023-01-17_Week_02_2023_Athenian_Demo_report.pdf
2023-01-15,2,2019,16.9,2023-01-17_Week_02_2023_Athenian_Demo_report.pdf
2023-01-15,2,2020,23.2,2023-01-17_Week_02_2023_Athenian_Demo_report.pdf
2023-01-15,2,2021,23.5,2023-01-17_Week_02_2023_Athenian_Demo_report.pdf
2023-01-15,2,2022,12.5,2023-01-17_Week_02_2023_Athenian_Demo_report.pdf
2023-01-15,2,2023,0.0,2023-01-17_Week_02_2023_Athenian_Demo_report.pdf
2023-01-22,3,2008,13.0,2023-01-25_Week_03_2023_Athenian_Demo_report.pdf
2023-01-22,3,2009,32.0,2023-01-25_Week_03_2023_Athenian_Demo_report.pdf
2023-01-22,3,2010,26.0,2023-01-25_Week_03_2023_Athenian_Demo_report.pdf
2023-01-22,3,2011,40.0,2023-01-25_Week_03_2023_Athenian_Demo_report.pdf
2023-01-22,3,2012,55.8,2023-01-25_Week_03_2023_Athenian_Demo_report.pdf
2023-01-22,3,2013,47.0,2023-01-25_Week_03_2023_Athenian_Demo_report.pdf
2023-01-22,3,2014,34.3,2023-01-25_Week_03_2023_Athenian_Demo_report.pdf
2023-01-22,3,2015,38.8,2023-01-25_Week_03_2023_Athenian_Demo_report.pdf
2023-01-22,3,2016,44.6,2023-01-25_Week_03_2023_Athenian_Demo_report.pdf
2023-01-22,3,2017,35.3,2023-01-25_Week_03_2023_Athenian_Demo_report.pdf
2023-01-22,3,2018,30.4,2023-01-25_Week_03_2023_Athenian_Demo_report.pdf
2023-01-22,3,2019,16.9,2023-01-25_Week_03_2023_Athenian_Demo_report.pdf
2023-01-22,3,2020,23.2,2023-01-25_Week_03_2023_Athenian_Demo_report.pdf
2023-01-22,3,2021,23.5,2023-01-25_Week_03_2023_Athenian_Demo_report.pdf
2023-01-22,3,2022,12.5,2023-01-25_Week_03_2023_Athenian_Demo_report.pdf
2023-01-22,3,2023,0.1,2023-01-25_Week_03_2023_Athenian_Demo_report.pdf
2023-01-29,4,2008,13.0,2023-02-01_Week_04_2023_Athenian_Demo_report.pdf
2023-01-29,4,2009,32.0,2023-02-01_Week_04_2023_Athenian_Demo_report.pdf
2023-01-29,4,2010,26.0,2023-02-01_Week_04_2023_Athenian_Demo_report.pdf
2023-01-29,4,2011,40.0,2023-02-01_Week_04_2023_Athenian_Demo_report.pdf
2023-01-29,4,2012,55.8,2023-02-01_Week_04_2023_Athenian_Demo_report.pdf
2023-01-29,4,2013,47.0,2023-02-01_Week_04_2023_Athenian_Demo_report.pdf
2023-01-29,4,2014,34.3,2023-02-01_Week_04_2023_Athenian_Demo_report.pdf
2023-01-29,4,2015,38.8,2023-02-01_Week_04_2023_Athenian_Demo_report.pdf
2023-01-29,4,2016,44.6,2023-02-01_Week_04_2023_Athenian_Demo_report.pdf
2023-01-29,4,2017,35.3,2023-02-01_Week_04_2023_Athenian_Demo_report.pdf
2023-01-29,4,2018,30.4,2023-02-01_Week_04_2023_Athenian_Demo_report.pdf
2023-01-29,4,2019,16.9,2023-02-01_Week_04_2023_Athenian_Demo_report.pdf
2023-01-29,4,2020,23.2,2023-02-01_Week_04_2023_Athenian_Demo_report.pdf
2023-01-29,4,2021,23.5,2023-02-01_Week_04_2023_Athenian_Demo_report.pdf
2023-01-29,4,2022,12.5,2023-02-01_Week_04_2023_Athenian_Demo_report.pdf
2023-01-29,4,2023,0.4,2023-02-01_Week_04_2023_Athenian_Demo_report.pdf
2023-02-05,5,2008,13.0,2023-02-07_Week_05_2023_Athenian_Demo.pdf
2023-02-05,5,2009,32.0,2023-02-07_Week_05_2023_Athenian_Demo.pdf
2023-02-05,5,2010,26.0,2023-02-07_Week_05_2023_Athenian_Demo.pdf
2023-02-05,5,2011,40.0,2023-02-07_Week_05_2023_Athenian_Demo.pdf
2023-02-05,5,2012,55.8,2023-02-07_Week_05_2023_Athenian_Demo.pdf
2023-02-05,5,2013,47.0,2023-02-07_Week_05_2023_Athenian_Demo.pdf
2023-02-05,5,2014,34.3,2023-02-07_Week_05_2023_Athenian_Demo.pdf
2023-02-05,5,2015,38.8,2023-02-07_Week_05_2023_Athenian_Demo.pdf
2023-02-05,5,2016,44.6,2023-02-07_Week_05_2023_Athenian_Demo.pdf
2023-02-05,5,2017,35.3,2023-02-07_Week_05_2023_Athenian_Demo.pdf
2023-02-05,5,2018,30.4,2023-02-07_Week_05_2023_Athenian_Demo.pdf
2023-02-05,5,2019,16.9,2023-02-07_Week_05_2023_Athenian_Demo.pdf
2023-02-05,5,2020,23.2,2023-02-07_Week_05_2023_Athenian_Demo.pdf
2023-02-05,5,2021,23.5,2023-02-07_Week_05_2023_Athenian_Demo.pdf
2023-02-05,5,2022,12.5,2023-02-07_Week_05_2023_Athenian_Demo.pdf
2023-02-05,5,2023,0.8,2023-02-07_Week_05_2023_Athenian_Demo.pdf
2023-02-13,6,2008,13.0,2023-02-14_Week_06_DEMO_REPORT.pdf
2023-02-13,6,2009,32.0,2023-02-14_Week_06_DEMO_REPORT.pdf
2023-02-13,6,2010,26.0,2023-02-14_Week_06_DEMO_REPORT.pdf
2023-02-13,6,2011,40.0,2023-02-14_Week_06_DEMO_REPORT.pdf
2023-02-13,6,2012,55.8,2023-02-14_Week_06_DEMO_REPORT.pdf
2023-02-13,6,2013,47.0,2023-02-14_Week_06_DEMO_REPORT.pdf
2023-02-13,6,2014,34.3,2023-02-14_Week_06_DEMO_REPORT.pdf
2023-02-13,6,2015,38.8,2023-02-14_Week_06_DEMO_REPORT.pdf
2023-02-13,6,2016,44.6,2023-02-14_Week_06_DEMO_REPORT.pdf
2023-02-13,6,2017,35.3,2023-02-14_Week_06_DEMO_REPORT.pdf
2023-02-13,6,2018,30.4,2023-02-14_Week_06_DEMO_REPORT.pdf
2023-02-13,6,2019,16.9,2023-02-14_Week_06_DEMO_REPORT.pdf
2023-02-13,6,2020,23.2,2023-02-14_Week_06_DEMO_REPORT.pdf
2023-02-13,6,2021,23.5,2023-02-14_Week_06_DEMO_REPORT.pdf
2023-02-13,6,2022,12.5,2023-02-14_Week_06_DEMO_REPORT.pdf
2023-02-13,6,2023,0.9,2023-02-14_Week_06_DEMO_REPORT.pdf
2023-02-20,7,2008,13.0,2023-02-21_Week_07_2023_Athenian_Demo_report.pdf
2023-02-20,7,2009,32.0,2023-02-21_Week_07_2023_Athenian_Demo_report.pdf
2023-02-20,7,2010,26.0,2023-02-21_Week_07_2023_Athenian_Demo_report.pdf
2023-02-20,7,2011,40.0,2023-02-21_Week_07_2023_Athenian_Demo_report.pdf
2023-02-20,7,2012,55.8,2023-02-21_Week_07_2023_Athenian_Demo_report.pdf
2023-02-20,7,2013,47.0,2023-02-21_Week_07_2023_Athenian_Demo_report.pdf
2023-02-20,7,2014,34.3,2023-02-21_Week_07_2023_Athenian_Demo_report.pdf
2023-02-20,7,2015,38.8,2023-02-21_Week_07_2023_Athenian_Demo_report.pdf
2023-02-20,7,2016,44.6,2023-02-21_Week_07_2023_Athenian_Demo_report.pdf
2023-02-20,7,2017,35.3,2023-02-21_Week_07_2023_Athenian_Demo_report.pdf
2023-02-20,7,2018,30.4,2023-02-21_Week_07_2023_Athenian_Demo_report.pdf
2023-02-20,7,2019,16.9,2023-02-21_Week_07_2023_Athenian_Demo_report.pdf
2023-02-20,7,2020,23.2,2023-02-21_Week_07_2023_Athenian_Demo_report.pdf
2023-02-20,7,2021,23.5,2023-02-21_Week_07_2023_Athenian_Demo_report.pdf
2023-02-20,7,2022,12.5,2023-02-21_Week_07_2023_Athenian_Demo_report.pdf
2023-02-20,7,2023,1.2,2023-02-21_Week_07_2023_Athenian_Demo_report.pdf
2023-02-26,8,2008,13.0,2023-02-28_Week_08_2023_Athenian_Demo_Report.pdf
2023-02-26,8,2009,32.0,2023-02-28_Week_08_2023_Athenian_Demo_Report.pdf
2023-02-26,8,2010,26.0,2023-02-28_Week_08_2023_Athenian_Demo_Report.pdf
2023-02-26,8,2011,40.0,2023-02-28_Week_08_2023_Athenian_Demo_Report.pdf
2023-02-26,8,2012,55.8,2023-02-28_Week_08_2023_Athenian_Demo_Report.pdf
2023-02-26,8,2013,47.0,2023-02-28_Week_08_2023_Athenian_Demo_Report.pdf
2023-02-26,8,2014,34.3,2023-02-28_Week_08_2023_Athenian_Demo_Report.pdf
2023-02-26,8,2015,38.8,2023-02-28_Week_08_2023_Athenian_Demo_Report.pdf
2023-02-26,8,2016,44.6,2023-02-28_Week_08_2023_Athenian_Demo_Report.pdf
2023-02-26,8,2017,35.3,2023-02-28_Week_08_2023_Athenian_Demo_Report.pdf
2023-02-26,8,2018,30.4,2023-02-28_Week_08_2023_Athenian_Demo_Report.pdf
2023-02-26,8,2019,16.9,2023-02-28_Week_08_2023_Athenian_Demo_Report.pdf
2023-02-26,8,2020,23.2,2023-02-28_Week_08_2023_Athenian_Demo_Report.pdf
2023-02-26,8,2021,23.5,2023-02-28_Week_08_2023_Athenian_Demo_Report.pdf
2023-02-26,8,2022,12.5,2023-02-28_Week_08_2023_Athenian_Demo_Report.pdf
2023-02-26,8,2023,1.4,2023-02-28_Week_08_2023_Athenian_Demo_Report.pdf
2023-03-05,9,2008,13.0,2023-03-07_Week_09_2023_Athenian_Demo_report.pdf
2023-03-05,9,2009,32.0,2023-03-07_Week_09_2023_Athenian_Demo_report.pdf
2023-03-05,9,2010,26.0,2023-03-07_Week_09_2023_Athenian_Demo_report.pdf
2023-03-05,9,2011,40.0,2023-03-07_Week_09_2023_Athenian_Demo_report.pdf
2023-03-05,9,2012,55.8,2023-03-07_Week_09_2023_Athenian_Demo_report.pdf
2023-03-05,9,2013,47.0,2023-03-07_Week_09_2023_Athenian_Demo_report.pdf
2023-03-05,9,2014,34.3,2023-03-07_Week_09_2023_Athenian_Demo_report.pdf
2023-03-05,9,2015,38.8,2023-03-07_Week_09_2023_Athenian_Demo_report.pdf
2023-03-05,9,2016,44.6,2023-03-07_Week_09_2023_Athenian_Demo_report.pdf
2023-03-05,9,2017,35.3,2023-03-07_Week_09_2023_Athenian_Demo_report.pdf
2023-03-05,9,2018,30.4,2023-03-07_Week_09_2023_Athenian_Demo_report.pdf
2023-03-05,9,2019,16.9,2023-03-07_Week_09_2023_Athenian_Demo_report.pdf
2023-03-05,9,2020,23.2,2023-03-07_Week_09_2023_Athenian_Demo_report.pdf
2023-03-05,9,2021,23.5,2023-03-07_Week_09_2023_Athenian_Demo_report.pdf
2023-03-05,9,2022,12.5,2023-03-07_Week_09_2023_Athenian_Demo_report.pdf
2023-03-05,9,2023,1.8,2023-03-07_Week_09_2023_Athenian_Demo_report.pdf
2023-03-12,10,2008,13.0,2023-03-14_Week_10_2023_Athenian_Demo_report.pdf
2023-03-12,10,2009,32.0,2023-03-14_Week_10_2023_Athenian_Demo_report.pdf
2023-03-12,10,2010,26.0,2023-03-14_Week_10_2023_Athenian_Demo_report.pdf
2023-03-12,10,2011,40.0,2023-03-14_Week_10_2023_Athenian_Demo_report.pdf
2023-03-12,10,2012,55.8,2023-03-14_Week_10_2023_Athenian_Demo_report.pdf
2023-03-12,10,2013,47.0,2023-03-14_Week_10_2023_Athenian_Demo_report.pdf
2023-03-12,10,2014,34.3,2023-03-14_Week_10_2023_Athenian_Demo_report.pdf
2023-03-12,10,2015,38.8,2023-03-14_Week_10_2023_Athenian_Demo_report.pdf
2023-03-12,10,2016,44.6,2023-03-14_Week_10_2023_Athenian_Demo_report.pdf
2023-03-12,10,2017,35.3,2023-03-14_Week_10_2023_Athenian_Demo_report.pdf
2023-03-12,10,2018,30.4,2023-03-14_Week_10_2023_Athenian_Demo_report.pdf
2023-03-12,10,2019,16.9,2023-03-14_Week_10_2023_Athenian_Demo_report.pdf
2023-03-12,10,2020,23.2,2023-03-14_Week_10_2023_Athenian_Demo_report.pdf
2023-03-12,10,2021,23.5,2023-03-14_Week_10_2023_Athenian_Demo_report.pdf
2023-03-12,10,2022,12.5,2023-03-14_Week_10_2023_Athenian_Demo_report.pdf
2023-03-12,10,2023,1.9,2023-03-14_Week_10_2023_Athenian_Demo_report.pdf
2023-03-19,11,2008,13.0,2023-03-21_Week_11_2023_Athenian_Demo_report.pdf
2023-03-19,11,2009,32.0,2023-03-21_Week_11_2023_Athenian_Demo_report.pdf
2023-03-19,11,2010,26.0,2023-03-21_Week_11_2023_Athenian_Demo_report.pdf
2023-03-19,11,2011,40.0,2023-03-21_Week_11_2023_Athenian_Demo_report.pdf
2023-03-19,11,2012,55.8,2023-03-21_Week_11_2023_Athenian_Demo_report.pdf
2023-03-19,11,2013,47.0,2023-03-21_Week_11_2023_Athenian_Demo_report.pdf
2023-03-19,11,2014,34.3,2023-03-21_Week_11_2023_Athenian_Demo_report.pdf
2023-03-19,11,2015,38.8,2023-03-21_Week_11_2023_Athenian_Demo_report.pdf
2023-03-19,11,2016,44.6,2023-03-21_Week_11_2023_Athenian_Demo_report.pdf
2023-03-19,11,2017,35.3,2023-03-21_Week_11_2023_Athenian_Demo_report.pdf
2023-03-19,11,2018,30.4,2023-03-21_Week_11_2023_Athenian_Demo_report.pdf
2023-03-19,11,2019,16.9,2023-03-21_Week_11_2023_Athenian_Demo_report.pdf
2023-03-19,11,2020,23.2,2023-03-21_Week_11_2023_Athenian_Demo_report.pdf
2023-03-19,11,2021,23.5,2023-03-21_Week_11_2023_Athenian_Demo_report.pdf
2023-03-19,11,2022,12.5,2023-03-21_Week_11_2023_Athenian_Demo_report.pdf
2023-03-19,11,2023,2.4,2023-03-21_Week_11_2023_Athenian_Demo_report.pdf
2023-03-26,12,2008,13.0,2023-03-28_Week_12_2023_Athenian_Demo_report_.pdf
2023-03-26,12,2009,32.0,2023-03-28_Week_12_2023_Athenian_Demo_report_.pdf
2023-03-26,12,2010,26.0,2023-03-28_Week_12_2023_Athenian_Demo_report_.pdf
2023-03-26,12,2011,40.0,2023-03-28_Week_12_2023_Athenian_Demo_report_.pdf
2023-03-26,12,2012,55.8,2023-03-28_Week_12_2023_Athenian_Demo_report_.pdf
2023-03-26,12,2013,47.0,2023-03-28_Week_12_2023_Athenian_Demo_report_.pdf
2023-03-26,12,2014,34.3,2023-03-28_Week_12_2023_Athenian_Demo_report_.pdf
2023-03-26,12,2015,38.8,2023-03-28_Week_12_2023_Athenian_Demo_report_.pdf
2023-03-26,12,2016,44.6,2023-03-28_Week_12_2023_Athenian_Demo_report_.pdf
2023-03-26,12,2017,35.3,2023-03-28_Week_12_2023_Athenian_Demo_report_.pdf
2023-03-26,12,2018,30.4,2023-03-28_Week_12_2023_Athenian_Demo_report_.pdf
2023-03-26,12,2019,16.9,2023-03-28_Week_12_2023_Athenian_Demo_report_.pdf
2023-03-26,12,2020,23.2,2023-03-28_Week_12_2023_Athenian_Demo_report_.pdf
2023-03-26,12,2021,23.5,2023-03-28_Week_12_2023_Athenian_Demo_report_.pdf
2023-03-26,12,2022,12.5,2023-03-28_Week_12_2023_Athenian_Demo_report_.pdf
2023-03-26,12,2023,2.5,2023-03-28_Week_12_2023_Athenian_Demo_report_.pdf
2023-04-02,13,2008,13.0,2023-04-04_Week_13_2023_Athenian_Demo_report.pdf
2023-04-02,13,2009,32.0,2023-04-04_Week_13_2023_Athenian_Demo_report.pdf
2023-04-02,13,2010,26.0,2023-04-04_Week_13_2023_Athenian_Demo_report.pdf
2023-04-02,13,2011,40.0,2023-04-04_Week_13_2023_Athenian_Demo_report.pdf
2023-04-02,13,2012,55.8,2023-04-04_Week_13_2023_Athenian_Demo_report.pdf
2023-04-02,13,2013,47.0,2023-04-04_Week_13_2023_Athenian_Demo_report.pdf
2023-04-02,13,2014,34.3,2023-04-04_Week_13_2023_Athenian_Demo_report.pdf
2023-04-02,13,2015,38.8,2023-04-04_Week_13_2023_Athenian_Demo_report.pdf
2023-04-02,13,2016,44.6,2023-04-04_Week_13_2023_Athenian_Demo_report.pdf
2023-04-02,13,2017,35.3,2023-04-04_Week_13_2023_Athenian_Demo_report.pdf
2023-04-02,13,2018,30.4,2023-04-04_Week_13_2023_Athenian_Demo_report.pdf
2023-04-02,13,2019,16.9,2023-04-04_Week_13_2023_Athenian_Demo_report.pdf
2023-04-02,13,2020,23.2,2023-04-04_Week_13_2023_Athenian_Demo_report.pdf
2023-04-02,13,2021,23.5,2023-04-04_Week_13_2023_Athenian_Demo_report.pdf
2023-04-02,13,2022,12.5,2023-04-04_Week_13_2023_Athenian_Demo_report.pdf
2023-04-02,13,2023,2.5,2023-04-04_Week_13_2023_Athenian_Demo_report.pdf
2023-04-09,14,2008,13.0,2023-04-11_Week_14_2023_Athenian_Demo_report.pdf
2023-04-09,14,2009,32.0,2023-04-11_Week_14_2023_Athenian_Demo_report.pdf
2023-04-09,14,2010,26.0,2023-04-11_Week_14_2023_Athenian_Demo_report.pdf
2023-04-09,14,2011,40.0,2023-04-11_Week_14_2023_Athenian_Demo_report.pdf
2023-04-09,14,2012,55.8,2023-04-11_Week_14_2023_Athenian_Demo_report.pdf
2023-04-09,14,2013,47.0,2023-04-11_Week_14_2023_Athenian_Demo_report.pdf
2023-04-09,14,2014,34.3,2023-04-11_Week_14_2023_Athenian_Demo_report.pdf
2023-04-09,14,2015,38.8,2023-04-11_Week_14_2023_Athenian_Demo_report.pdf
2023-04-09,14,2016,44.6,2023-04-11_Week_14_2023_Athenian_Demo_report.pdf
2023-04-09,14,2017,35.3,2023-04-11_Week_14_2023_Athenian_Demo_report.pdf
2023-04-09,14,2018,30.4,2023-04-11_Week_14_2023_Athenian_Demo_report.pdf
2023-04-09,14,2019,16.9,2023-04-11_Week_14_2023_Athenian_Demo_report.pdf
2023-04-09,14,2020,23.2,2023-04-11_Week_14_2023_Athenian_Demo_report.pdf
2023-04-09,14,2021,23.5,2023-04-11_Week_14_2023_Athenian_Demo_report.pdf
2023-04-09,14,2022,12.5,2023-04-11_Week_14_2023_Athenian_Demo_report.pdf
2023-04-09,14,2023,2.5,2023-04-11_Week_14_2023_Athenian_Demo_report.pdf
2023-04-16,15,2008,13.0,2023-04-19_Week_15_2023_Athenian_Demo_report.pdf
2023-04-16,15,2009,32.0,2023-04-19_Week_15_2023_Athenian_Demo_report.pdf
2023-04-16,15,2010,26.0,2023-04-19_Week_15_2023_Athenian_Demo_report.pdf
2023-04-16,15,2011,40.0,2023-04-19_Week_15_2023_Athenian_Demo_report.pdf
2023-04-16,15,2012,55.8,2023-04-19_Week_15_2023_Athenian_Demo_report.pdf
2023-04-16,15,2013,47.0,2023-04-19_Week_15_2023_Athenian_Demo_report.pdf
2023-04-16,15,2014,34.3,2023-04-19_Week_15_2023_Athenian_Demo_report.pdf
2023-04-16,15,2015,38.8,2023-04-19_Week_15_2023_Athenian_Demo_report.pdf
2023-04-16,15,2016,44.6,2023-04-19_Week_15_2023_Athenian_Demo_report.pdf
2023-04-16,15,2017,35.3,2023-04-19_Week_15_2023_Athenian_Demo_report.pdf
2023-04-16,15,2018,30.4,2023-04-19_Week_15_2023_Athenian_Demo_report.pdf
2023-04-16,15,2019,16.9,2023-04-19_Week_15_2023_Athenian_Demo_report.pdf
2023-04-16,15,2020,23.2,2023-04-19_Week_15_2023_Athenian_Demo_report.pdf
2023-04-16,15,2021,23.5,2023-04-19_Week_15_2023_Athenian_Demo_report.pdf
2023-04-16,15,2022,12.5,2023-04-19_Week_15_2023_Athenian_Demo_report.pdf
2023-04-16,15,2023,2.6,2023-04-19_Week_15_2023_Athenian_Demo_report.pdf
2023-04-23,16,2008,13.0,2023-04-25_Week_16_2023_Athenian_Demo_report.pdf
2023-04-23,16,2009,32.0,2023-04-25_Week_16_2023_Athenian_Demo_report.pdf
2023-04-23,16,2010,26.0,2023-04-25_Week_16_2023_Athenian_Demo_report.pdf
2023-04-23,16,2011,40.0,2023-04-25_Week_16_2023_Athenian_Demo_report.pdf
2023-04-23,16,2012,55.8,2023-04-25_Week_16_2023_Athenian_Demo_report.pdf
2023-04-23,16,2013,47.0,2023-04-25_Week_16_2023_Athenian_Demo_report.pdf
2023-04-23,16,2014,34.3,2023-04-25_Week_16_2023_Athenian_Demo_report.pdf
2023-04-23,16,2015,38.8,2023-04-25_Week_16_2023_Athenian_Demo_report.pdf
2023-04-23,16,2016,44.6,2023-04-25_Week_16_2023_Athenian_Demo_report.pdf
2023-04-23,16,2017,35.3,2023-04-25_Week_16_2023_Athenian_Demo_report.pdf
2023-04-23,16,2018,30.4,2023-04-25_Week_16_2023_Athenian_Demo_report.pdf
2023-04-23,16,2019,16.9,2023-04-25_Week_16_2023_Athenian_Demo_report.pdf
2023-04-23,16,2020,23.2,2023-04-25_Week_16_2023_Athenian_Demo_report.pdf
2023-04-23,16,2021,23.5,2023-04-25_Week_16_2023_Athenian_Demo_report.pdf
2023-04-23,16,2022,12.5,2023-04-25_Week_16_2023_Athenian_Demo_report.pdf
2023-04-23,16,2023,3.1,2023-04-25_Week_16_2023_Athenian_Demo_report.pdf
2023-04-30,17,2008,13.0,2023-05-02_Week_17_2023_Athenian_Demo.pdf
2023-04-30,17,2009,32.0,2023-05-02_Week_17_2023_Athenian_Demo.pdf
2023-04-30,17,2010,26.0,2023-05-02_Week_17_2023_Athenian_Demo.pdf
2023-04-30,17,2011,40.0,2023-05-02_Week_17_2023_Athenian_Demo.pdf
2023-04-30,17,2012,55.8,2023-05-02_Week_17_2023_Athenian_Demo.pdf
2023-04-30,17,2013,47.0,2023-05-02_Week_17_2023_Athenian_Demo.pdf
2023-04-30,17,2014,34.3,2023-05-02_Week_17_2023_Athenian_Demo.pdf
2023-04-30,17,2015,38.8,2023-05-02_Week_17_2023_Athenian_Demo.pdf
2023-04-30,17,2016,44.6,2023-05-02_Week_17_2023_Athenian_Demo.pdf
2023-04-30,17,2017,35.3,2023-05-02_Week_17_2023_Athenian_Demo.pdf
2023-04-30,17,2018,30.4,2023-05-02_Week_17_2023_Athenian_Demo.pdf
2023-04-30,17,2019,16.9,2023-05-02_Week_17_2023_Athenian_Demo.pdf
2023-04-30,17,2020,23.2,2023-05-02_Week_17_2023_Athenian_Demo.pdf
2023-04-30,17,2021,23.5,2023-05-02_Week_17_2023_Athenian_Demo.pdf
2023-04-30,17,2022,12.5,2023-05-02_Week_17_2023_Athenian_Demo.pdf
2023-04-30,17,2023,3.4,2023-05-02_Week_17_2023_Athenian_Demo.pdf
2023-05-07,18,2008,13.0,2023-05-09_Week_18_2023_Athenian_Demo_report.pdf
2023-05-07,18,2009,32.0,2023-05-09_Week_18_2023_Athenian_Demo_report.pdf
2023-05-07,18,2010,26.0,2023-05-09_Week_18_2023_Athenian_Demo_report.pdf
2023-05-07,18,2011,40.0,2023-05-09_Week_18_2023_Athenian_Demo_report.pdf
2023-05-07,18,2012,55.8,2023-05-09_Week_18_2023_Athenian_Demo_report.pdf
2023-05-07,18,2013,47.0,2023-05-09_Week_18_2023_Athenian_Demo_report.pdf
2023-05-07,18,2014,34.3,2023-05-09_Week_18_2023_Athenian_Demo_report.pdf
2023-05-07,18,2015,38.8,2023-05-09_Week_18_2023_Athenian_Demo_report.pdf
2023-05-07,18,2016,44.6,2023-05-09_Week_18_2023_Athenian_Demo_report.pdf
2023-05-07,18,2017,35.3,2023-05-09_Week_18_2023_Athenian_Demo_report.pdf
2023-05-07,18,2018,30.4,2023-05-09_Week_18_2023_Athenian_Demo_report.pdf
2023-05-07,18,2019,16.9,2023-05-09_Week_18_2023_Athenian_Demo_report.pdf
2023-05-07,18,2020,23.2,2023-05-09_Week_18_2023_Athenian_Demo_report.pdf
2023-05-07,18,2021,23.5,2023-05-09_Week_18_2023_Athenian_Demo_report.pdf
2023-05-07,18,2022,12.5,2023-05-09_Week_18_2023_Athenian_Demo_report.pdf
2023-05-07,18,2023,3.8,2023-05-09_Week_18_2023_Athenian_Demo_report.pdf
2023-05-14,19,2008,13.0,2023-05-16_Week_19_2023_Athenian_Demo_Report.pdf
2023-05-14,19,2009,32.0,2023-05-16_Week_19_2023_Athenian_Demo_Report.pdf
2023-05-14,19,2010,26.0,2023-05-16_Week_19_2023_Athenian_Demo_Report.pdf
2023-05-14,19,2011,40.0,2023-05-16_Week_19_2023_Athenian_Demo_Report.pdf
2023-05-14,19,2012,55.8,2023-05-16_Week_19_2023_Athenian_Demo_Report.pdf
2023-05-14,19,2013,47.0,2023-05-16_Week_19_2023_Athenian_Demo_Report.pdf
2023-05-14,19,2014,34.3,2023-05-16_Week_19_2023_Athenian_Demo_Report.pdf
2023-05-14,19,2015,38.8,2023-05-16_Week_19_2023_Athenian_Demo_Report.pdf
2023-05-14,19,2016,44.6,2023-05-16_Week_19_2023_Athenian_Demo_Report.pdf
2023-05-14,19,2017,35.3,2023-05-16_Week_19_2023_Athenian_Demo_Report.pdf
2023-05-14,19,2018,30.4,2023-05-16_Week_19_2023_Athenian_Demo_Report.pdf
2023-05-14,19,2019,16.9,2023-05-16_Week_19_2023_Athenian_Demo_Report.pdf
2023-05-14,19,2020,23.2,2023-05-16_Week_19_2023_Athenian_Demo_Report.pdf
2023-05-14,19,2021,23.5,2023-05-16_Week_19_2023_Athenian_Demo_Report.pdf
2023-05-14,19,2022,12.5,2023-05-16_Week_19_2023_Athenian_Demo_Report.pdf
2023-05-14,19,2023,3.9,2023-05-16_Week_19_2023_Athenian_Demo_Report.pdf
2023-05-21,20,2008,13.0,2023-05-23_Week_20_2023_Athenian_Demo_Report.pdf
2023-05-21,20,2009,32.0,2023-05-23_Week_20_2023_Athenian_Demo_Report.pdf
2023-05-21,20,2010,26.0,2023-05-23_Week_20_2023_Athenian_Demo_Report.pdf
2023-05-21,20,2011,40.0,2023-05-23_Week_20_2023_Athenian_Demo_Report.pdf
2023-05-21,20,2012,55.8,2023-05-23_Week_20_2023_Athenian_Demo_Report.pdf
2023-05-21,20,2013,47.0,2023-05-23_Week_20_2023_Athenian_Demo_Report.pdf
2023-05-21,20,2014,34.3,2023-05-23_Week_20_2023_Athenian_Demo_Report.pdf
2023-05-21,20,2015,38.8,2023-05-23_Week_20_2023_Athenian_Demo_Report.pdf
2023-05-21,20,2016,44.6,2023-05-23_Week_20_2023_Athenian_Demo_Report.pdf
2023-05-21,20,2017,35.3,2023-05-23_Week_20_2023_Athenian_Demo_Report.pdf
2023-05-21,20,2018,30.4,2023-05-23_Week_20_2023_Athenian_Demo_Report.pdf
2023-05-21,20,2019,16.9,2023-05-23_Week_20_2023_Athenian_Demo_Report.pdf
2023-05-21,20,2020,23.2,2023-05-23_Week_20_2023_Athenian_Demo_Report.pdf
2023-05-21,20,2021,23.5,2023-05-23_Week_20_2023_Athenian_Demo_Report.pdf
2023-05-21,20,2022,12.5,2023-05-23_Week_20_2023_Athenian_Demo_Report.pdf
2023-05-21,20,2023,4.1,2023-05-23_Week_20_2023_Athenian_Demo_Report.pdf
2023-05-28,21,2008,13.0,2023-05-30_Week-21-2023-Athenian-Demo-Report.pdf
2023-05-28,21,2009,32.0,2023-05-30_Week-21-2023-Athenian-Demo-Report.pdf
2023-05-28,21,2010,26.0,2023-05-30_Week-21-2023-Athenian-Demo-Report.pdf
2023-05-28,21,2011,40.0,2023-05-30_Week-21-2023-Athenian-Demo-Report.pdf
2023-05-28,21,2012,55.8,2023-05-30_Week-21-2023-Athenian-Demo-Report.pdf
2023-05-28,21,2013,47.0,2023-05-30_Week-21-2023-Athenian-Demo-Report.pdf
2023-05-28,21,2014,34.3,2023-05-30_Week-21-2023-Athenian-Demo-Report.pdf
2023-05-28,21,2015,38.8,2023-05-30_Week-21-2023-Athenian-Demo-Report.pdf
2023-05-28,21,2016,44.6,2023-05-30_Week-21-2023-Athenian-Demo-Report.pdf
2023-05-28,21,2017,35.3,2023-05-30_Week-21-2023-Athenian-Demo-Report.pdf
2023-05-28,21,2018,30.4,2023-05-30_Week-21-2023-Athenian-Demo-Report.pdf
2023-05-28,21,2019,16.9,2023-05-30_Week-21-2023-Athenian-Demo-Report.pdf
2023-05-28,21,2020,23.2,2023-05-30_Week-21-2023-Athenian-Demo-Report.pdf
2023-05-28,21,2021,23.5,2023-05-30_Week-21-2023-Athenian-Demo-Report.pdf
2023-05-28,21,2022,12.5,2023-05-30_Week-21-2023-Athenian-Demo-Report.pdf
2023-05-28,21,2023,4.2,2023-05-30_Week-21-2023-Athenian-Demo-Report.pdf
2023-06-04,22,2008,13.0,2023-06-06_Week-22-2023-Athenian-Demo-Report.pdf
2023-06-04,22,2009,32.0,2023-06-06_Week-22-2023-Athenian-Demo-Report.pdf
2023-06-04,22,2010,26.0,2023-06-06_Week-22-2023-Athenian-Demo-Report.pdf
2023-06-04,22,2011,40.0,2023-06-06_Week-22-2023-Athenian-Demo-Report.pdf
2023-06-04,22,2012,55.8,2023-06-06_Week-22-2023-Athenian-Demo-Report.pdf
2023-06-04,22,2013,47.0,2023-06-06_Week-22-2023-Athenian-Demo-Report.pdf
2023-06-04,22,2014,34.3,2023-06-06_Week-22-2023-Athenian-Demo-Report.pdf
2023-06-04,22,2015,38.8,2023-06-06_Week-22-2023-Athenian-Demo-Report.pdf
2023-06-04,22,2016,44.6,2023-06-06_Week-22-2023-Athenian-Demo-Report.pdf
2023-06-04,22,2017,35.3,2023-06-06_Week-22-2023-Athenian-Demo-Report.pdf
2023-06-04,22,2018,30.4,2023-06-06_Week-22-2023-Athenian-Demo-Report.pdf
2023-06-04,22,2019,16.9,2023-06-06_Week-22-2023-Athenian-Demo-Report.pdf
2023-06-04,22,2020,23.2,2023-06-06_Week-22-2023-Athenian-Demo-Report.pdf
2023-06-04,22,2021,23.5,2023-06-06_Week-22-2023-Athenian-Demo-Report.pdf
2023-06-04,22,2022,12.5,2023-06-06_Week-22-2023-Athenian-Demo-Report.pdf
2023-06-04,22,2023,4.4,2023-06-06_Week-22-2023-Athenian-Demo-Report.pdf
2023-06-11,23,2008,13.0,2023-06-13_Week_23_2023_Athenian_Demo_Report.pdf
2023-06-11,23,2009,32.0,2023-06-13_Week_23_2023_Athenian_Demo_Report.pdf
2023-06-11,23,2010,26.0,2023-06-13_Week_23_2023_Athenian_Demo_Report.pdf
2023-06-11,23,2011,40.0,2023-06-13_Week_23_2023_Athenian_Demo_Report.pdf
2023-06-11,23,2012,55.8,2023-06-13_Week_23_2023_Athenian_Demo_Report.pdf
2023-06-11,23,2013,47.0,2023-06-13_Week_23_2023_Athenian_Demo_Report.pdf
2023-06-11,23,2014,34.3,2023-06-13_Week_23_2023_Athenian_Demo_Report.pdf
2023-06-11,23,2015,38.8,2023-06-13_Week_23_2023_Athenian_Demo_Report.pdf
2023-06-11,23,2016,44.6,2023-06-13_Week_23_2023_Athenian_Demo_Report.pdf
2023-06-11,23,2017,35.3,2023-06-13_Week_23_2023_Athenian_Demo_Report.pdf
2023-06-11,23,2018,30.4,2023-06-13_Week_23_2023_Athenian_Demo_Report.pdf
2023-06-11,23,2019,16.9,2023-06-13_Week_23_2023_Athenian_Demo_Report.pdf
2023-06-11,23,2020,23.2,2023-06-13_Week_23_2023_Athenian_Demo_Report.pdf
2023-06-11,23,2021,23.5,2023-06-13_Week_23_2023_Athenian_Demo_Report.pdf
2023-06-11,23,2022,12.5,2023-06-13_Week_23_2023_Athenian_Demo_Report.pdf
2023-06-11,23,2023,4.7,2023-06-13_Week_23_2023_Athenian_Demo_Report.pdf
2023-06-18,24,2008,13.0,2023-06-20_Week-24-2023-Athenian-Demo-Report.pdf
2023-06-18,24,2009,32.0,2023-06-20_Week-24-2023-Athenian-Demo-Report.pdf
2023-06-18,24,2010,26.0,2023-06-20_Week-24-2023-Athenian-Demo-Report.pdf
2023-06-18,24,2011,40.0,2023-06-20_Week-24-2023-Athenian-Demo-Report.pdf
2023-06-18,24,2012,55.8,2023-06-20_Week-24-2023-Athenian-Demo-Report.pdf
2023-06-18,24,2013,47.0,2023-06-20_Week-24-2023-Athenian-Demo-Report.pdf
2023-06-18,24,2014,34.3,2023-06-20_Week-24-2023-Athenian-Demo-Report.pdf
2023-06-18,24,2015,38.8,2023-06-20_Week-24-2023-Athenian-Demo-Report.pdf
2023-06-18,24,2016,44.6,2023-06-20_Week-24-2023-Athenian-Demo-Report.pdf
2023-06-18,24,2017,35.3,2023-06-20_Week-24-2023-Athenian-Demo-Report.pdf
2023-06-18,24,2018,30.4,2023-06-20_Week-24-2023-Athenian-Demo-Report.pdf
2023-06-18,24,2019,16.9,2023-06-20_Week-24-2023-Athenian-Demo-Report.pdf
2023-06-18,24,2020,23.2,2023-06-20_Week-24-2023-Athenian-Demo-Report.pdf
2023-06-18,24,2021,23.5,2023-06-20_Week-24-2023-Athenian-Demo-Report.pdf
2023-06-18,24,2022,12.5,2023-06-20_Week-24-2023-Athenian-Demo-Report.pdf
2023-06-18,24,2023,4.8,2023-06-20_Week-24-2023-Athenian-Demo-Report.pdf
2023-06-25,25,2008,13.0,2023-06-27_Week-25-2023-Athenian-Demo-Report.pdf
2023-06-25,25,2009,32.0,2023-06-27_Week-25-2023-Athenian-Demo-Report.pdf
2023-06-25,25,2010,26.0,2023-06-27_Week-25-2023-Athenian-Demo-Report.pdf
2023-06-25,25,2011,40.0,2023-06-27_Week-25-2023-Athenian-Demo-Report.pdf
2023-06-25,25,2012,55.8,2023-06-27_Week-25-2023-Athenian-Demo-Report.pdf
2023-06-25,25,2013,47.0,2023-06-27_Week-25-2023-Athenian-Demo-Report.pdf
2023-06-25,25,2014,34.3,2023-06-27_Week-25-2023-Athenian-Demo-Report.pdf
2023-06-25,25,2015,38.8,2023-06-27_Week-25-2023-Athenian-Demo-Report.pdf
2023-06-25,25,2016,44.6,2023-06-27_Week-25-2023-Athenian-Demo-Report.pdf
2023-06-25,25,2017,35.3,2023-06-27_Week-25-2023-Athenian-Demo-Report.pdf
2023-06-25,25,2018,30.4,2023-06-27_Week-25-2023-Athenian-Demo-Report.pdf
2023-06-25,25,2019,16.9,2023-06-27_Week-25-2023-Athenian-Demo-Report.pdf
2023-06-25,25,2020,23.2,2023-06-27_Week-25-2023-Athenian-Demo-Report.pdf
2023-06-25,25,2021,23.5,2023-06-27_Week-25-2023-Athenian-Demo-Report.pdf
2023-06-25,25,2022,12.5,2023-06-27_Week-25-2023-Athenian-Demo-Report.pdf
2023-06-25,25,2023,5.0,2023-06-27_Week-25-2023-Athenian-Demo-Report.pdf
2023-07-02,26,2008,13.0,2023-07-04_Week-26-2023-Athenian-Demo-Report.pdf
2023-07-02,26,2009,32.0,2023-07-04_Week-26-2023-Athenian-Demo-Report.pdf
2023-07-02,26,2010,26.0,2023-07-04_Week-26-2023-Athenian-Demo-Report.pdf
2023-07-02,26,2011,40.0,2023-07-04_Week-26-2023-Athenian-Demo-Report.pdf
2023-07-02,26,2012,55.8,2023-07-04_Week-26-2023-Athenian-Demo-Report.pdf
2023-07-02,26,2013,47.0,2023-07-04_Week-26-2023-Athenian-Demo-Report.pdf
2023-07-02,26,2014,34.3,2023-07-04_Week-26-2023-Athenian-Demo-Report.pdf
2023-07-02,26,2015,38.8,2023-07-04_Week-26-2023-Athenian-Demo-Report.pdf
2023-07-02,26,2016,44.6,2023-07-04_Week-26-2023-Athenian-Demo-Report.pdf
2023-07-02,26,2017,35.3,2023-07-04_Week-26-2023-Athenian-Demo-Report.pdf
2023-07-02,26,2018,30.4,2023-07-04_Week-26-2023-Athenian-Demo-Report.pdf
2023-07-02,26,2019,16.9,2023-07-04_Week-26-2023-Athenian-Demo-Report.pdf
2023-07-02,26,2020,23.2,2023-07-04_Week-26-2023-Athenian-Demo-Report.pdf
2023-07-02,26,2021,23.5,2023-07-04_Week-26-2023-Athenian-Demo-Report.pdf
2023-07-02,26,2022,12.5,2023-07-04_Week-26-2023-Athenian-Demo-Report.pdf
2023-07-02,26,2023,5.0,2023-07-04_Week-26-2023-Athenian-Demo-Report.pdf
2023-07-09,27,2008,13.0,2023-07-11_Week-27-2023-Athenian-Demo-Report-1.pdf
2023-07-09,27,2009,32.0,2023-07-11_Week-27-2023-Athenian-Demo-Report-1.pdf
2023-07-09,27,2010,26.0,2023-07-11_Week-27-2023-Athenian-Demo-Report-1.pdf
2023-07-09,27,2011,40.0,2023-07-11_Week-27-2023-Athenian-Demo-Report-1.pdf
2023-07-09,27,2012,55.8,2023-07-11_Week-27-2023-Athenian-Demo-Report-1.pdf
2023-07-09,27,2013,47.0,2023-07-11_Week-27-2023-Athenian-Demo-Report-1.pdf
2023-07-09,27,2014,34.3,2023-07-11_Week-27-2023-Athenian-Demo-Report-1.pdf
2023-07-09,27,2015,38.8,2023-07-11_Week-27-2023-Athenian-Demo-Report-1.pdf
2023-07-09,27,2016,44.6,2023-07-11_Week-27-2023-Athenian-Demo-Report-1.pdf
2023-07-09,27,2017,35.3,2023-07-11_Week-27-2023-Athenian-Demo-Report-1.pdf
2023-07-09,27,2018,30.4,2023-07-11_Week-27-2023-Athenian-Demo-Report-1.pdf
2023-07-09,27,2019,16.9,2023-07-11_Week-27-2023-Athenian-Demo-Report-1.pdf
2023-07-09,27,2020,23.2,2023-07-11_Week-27-2023-Athenian-Demo-Report-1.pdf
2023-07-09,27,2021,23.5,2023-07-11_Week-27-2023-Athenian-Demo-Report-1.pdf
2023-07-09,27,2022,12.5,2023-07-11_Week-27-2023-Athenian-Demo-Report-1.pdf
2023-07-09,27,2023,5.3,2023-07-11_Week-27-2023-Athenian-Demo-Report-1.pdf
2023-07-16,28,2008,13.0,2023-07-18_Week_28_2023_Athenian_Demo_Report_.pdf
2023-07-16,28,2009,32.0,2023-07-18_Week_28_2023_Athenian_Demo_Report_.pdf
2023-07-16,28,2010,26.0,2023-07-18_Week_28_2023_Athenian_Demo_Report_.pdf
2023-07-16,28,2011,40.0,2023-07-18_Week_28_2023_Athenian_Demo_Report_.pdf
2023-07-16,28,2012,55.8,2023-07-18_Week_28_2023_Athenian_Demo_Report_.pdf
2023-07-16,28,2013,47.0,2023-07-18_Week_28_2023_Athenian_Demo_Report_.pdf
2023-07-16,28,2014,34.3,2023-07-18_Week_28_2023_Athenian_Demo_Report_.pdf
2023-07-16,28,2015,38.8,2023-07-18_Week_28_2023_Athenian_Demo_Report_.pdf
2023-07-16,28,2016,44.6,2023-07-18_Week_28_2023_Athenian_Demo_Report_.pdf
2023-07-16,28,2017,35.3,2023-07-18_Week_28_2023_Athenian_Demo_Report_.pdf
2023-07-16,28,2018,30.4,2023-07-18_Week_28_2023_Athenian_Demo_Report_.pdf
2023-07-16,28,2019,16.9,2023-07-18_Week_28_2023_Athenian_Demo_Report_.pdf
2023-07-16,28,2020,23.2,2023-07-18_Week_28_2023_Athenian_Demo_Report_.pdf
2023-07-16,28,2021,23.5,2023-07-18_Week_28_2023_Athenian_Demo_Report_.pdf
2023-07-16,28,2022,12.5,2023-07-18_Week_28_2023_Athenian_Demo_Report_.pdf
2023-07-16,28,2023,5.9,2023-07-18_Week_28_2023_Athenian_Demo_Report_.pdf
2023-07-23,29,2008,13.0,2023-07-25_Week-29-2023-Athenian-Demo-Report-.pdf
2023-07-23,29,2009,32.0,2023-07-25_Week-29-2023-Athenian-Demo-Report-.pdf
2023-07-23,29,2010,26.0,2023-07-25_Week-29-2023-Athenian-Demo-Report-.pdf
2023-07-23,29,2011,40.0,2023-07-25_Week-29-2023-Athenian-Demo-Report-.pdf
2023-07-23,29,2012,55.8,2023-07-25_Week-29-2023-Athenian-Demo-Report-.pdf
2023-07-23,29,2013,47.0,2023-07-25_Week-29-2023-Athenian-Demo-Report-.pdf
2023-07-23,29,2014,34.3,2023-07-25_Week-29-2023-Athenian-Demo-Report-.pdf
2023-07-23,29,2015,38.8,2023-07-25_Week-29-2023-Athenian-Demo-Report-.pdf
2023-07-23,29,2016,44.6,2023-07-25_Week-29-2023-Athenian-Demo-Report-.pdf
2023-07-23,29,2017,35.3,2023-07-25_Week-29-2023-Athenian-Demo-Report-.pdf
2023-07-23,29,2018,30.4,2023-07-25_Week-29-2023-Athenian-Demo-Report-.pdf
2023-07-23,29,2019,16.9,2023-07-25_Week-29-2023-Athenian-Demo-Report-.pdf
2023-07-23,29,2020,23.2,2023-07-25_Week-29-2023-Athenian-Demo-Report-.pdf
2023-07-23,29,2021,23.5,2023-07-25_Week-29-2023-Athenian-Demo-Report-.pdf
2023-07-23,29,2022,12.5,2023-07-25_Week-29-2023-Athenian-Demo-Report-.pdf
2023-07-23,29,2023,6.1,2023-07-25_Week-29-2023-Athenian-Demo-Report-.pdf
2023-07-30,30,2009,32.0,2023-08-01_Week_30_2023_Athenian_Demo_report.pdf
2023-07-30,30,2010,26.0,2023-08-01_Week_30_2023_Athenian_Demo_report.pdf
2023-07-30,30,2011,40.0,2023-08-01_Week_30_2023_Athenian_Demo_report.pdf
2023-07-30,30,2012,55.8,2023-08-01_Week_30_2023_Athenian_Demo_report.pdf
2023-07-30,30,2013,47.0,2023-08-01_Week_30_2023_Athenian_Demo_report.pdf
2023-07-30,30,2014,34.3,2023-08-01_Week_30_2023_Athenian_Demo_report.pdf
2023-07-30,30,2015,38.8,2023-08-01_Week_30_2023_Athenian_Demo_report.pdf
2023-07-30,30,2016,44.6,2023-08-01_Week_30_2023_Athenian_Demo_report.pdf
2023-07-30,30,2017,35.3,2023-08-01_Week_30_2023_Athenian_Demo_report.pdf
2023-07-30,30,2018,30.4,2023-08-01_Week_30_2023_Athenian_Demo_report.pdf
2023-07-30,30,2019,16.9,2023-08-01_Week_30_2023_Athenian_Demo_report.pdf
2023-07-30,30,2020,23.2,2023-08-01_Week_30_2023_Athenian_Demo_report.pdf
2023-07-30,30,2021,23.5,2023-08-01_Week_30_2023_Athenian_Demo_report.pdf
2023-07-30,30,2022,12.5,2023-08-01_Week_30_2023_Athenian_Demo_report.pdf
2023-07-30,30,2023,6.15,2023-08-01_Week_30_2023_Athenian_Demo_report.pdf
2023-08-04,31,2009,32.0,2023-08-08_Week-31-2023-Athenian-Demo-report.pdf
2023-08-04,31,2010,26.0,2023-08-08_Week-31-2023-Athenian-Demo-report.pdf
2023-08-04,31,2011,40.0,2023-08-08_Week-31-2023-Athenian-Demo-report.pdf
2023-08-04,31,2012,55.8,2023-08-08_Week-31-2023-Athenian-Demo-report.pdf
2023-08-04,31,2013,47.0,2023-08-08_Week-31-2023-Athenian-Demo-report.pdf
2023-08-04,31,2014,34.3,2023-08-08_Week-31-2023-Athenian-Demo-report.pdf
2023-08-04,31,2015,38.8,2023-08-08_Week-31-2023-Athenian-Demo-report.pdf
2023-08-04,31,2016,44.6,2023-08-08_Week-31-2023-Athenian-Demo-report.pdf
2023-08-04,31,2017,35.3,2023-08-08_Week-31-2023-Athenian-Demo-report.pdf
2023-08-04,31,2018,30.4,2023-08-08_Week-31-2023-Athenian-Demo-report.pdf
2023-08-04,31,2019,16.9,2023-08-08_Week-31-2023-Athenian-Demo-report.pdf
2023-08-04,31,2020,23.2,2023-08-08_Week-31-2023-Athenian-Demo-report.pdf
2023-08-04,31,2021,23.5,2023-08-08_Week-31-2023-Athenian-Demo-report.pdf
2023-08-04,31,2022,12.5,2023-08-08_Week-31-2023-Athenian-Demo-report.pdf
2023-08-04,31,2023,6.4,2023-08-08_Week-31-2023-Athenian-Demo-report.pdf
2023-08-13,32,2009,32.0,2023-08-17_Week-32-2023-Athenian-Demo-report.pdf
2023-08-13,32,2010,26.0,2023-08-17_Week-32-2023-Athenian-Demo-report.pdf
2023-08-13,32,2011,40.0,2023-08-17_Week-32-2023-Athenian-Demo-report.pdf
2023-08-13,32,2012,55.8,2023-08-17_Week-32-2023-Athenian-Demo-report.pdf
2023-08-13,32,2013,47.0,2023-08-17_Week-32-2023-Athenian-Demo-report.pdf
2023-08-13,32,2014,34.3,2023-08-17_Week-32-2023-Athenian-Demo-report.pdf
2023-08-13,32,2015,38.8,2023-08-17_Week-32-2023-Athenian-Demo-report.pdf
2023-08-13,32,2016,44.6,2023-08-17_Week-32-2023-Athenian-Demo-report.pdf
2023-08-13,32,2017,35.3,2023-08-17_Week-32-2023-Athenian-Demo-report.pdf
2023-08-13,32,2018,30.4,2023-08-17_Week-32-2023-Athenian-Demo-report.pdf
2023-08-13,32,2019,16.9,2023-08-17_Week-32-2023-Athenian-Demo-report.pdf
2023-08-13,32,2020,23.2,2023-08-17_Week-32-2023-Athenian-Demo-report.pdf
2023-08-13,32,2021,23.5,2023-08-17_Week-32-2023-Athenian-Demo-report.pdf
2023-08-13,32,2022,12.5,2023-08-17_Week-32-2023-Athenian-Demo-report.pdf
2023-08-13,32,2023,6.7,2023-08-17_Week-32-2023-Athenian-Demo-report.pdf
2023-08-20,33,2009,32.0,2023-08-22_Week-33-2023-Athenian-Demo-Report.pdf
2023-08-20,33,2010,26.0,2023-08-22_Week-33-2023-Athenian-Demo-Report.pdf
2023-08-20,33,2011,40.0,2023-08-22_Week-33-2023-Athenian-Demo-Report.pdf
2023-08-20,33,2012,55.8,2023-08-22_Week-33-2023-Athenian-Demo-Report.pdf
2023-08-20,33,2013,47.0,2023-08-22_Week-33-2023-Athenian-Demo-Report.pdf
2023-08-20,33,2014,34.3,2023-08-22_Week-33-2023-Athenian-Demo-Report.pdf
2023-08-20,33,2015,38.8,2023-08-22_Week-33-2023-Athenian-Demo-Report.pdf
2023-08-20,33,2016,44.6,2023-08-22_Week-33-2023-Athenian-Demo-Report.pdf
2023-08-20,33,2017,35.3,2023-08-22_Week-33-2023-Athenian-Demo-Report.pdf
2023-08-20,33,2018,30.4,2023-08-22_Week-33-2023-Athenian-Demo-Report.pdf
2023-08-20,33,2019,16.9,2023-08-22_Week-33-2023-Athenian-Demo-Report.pdf
2023-08-20,33,2020,23.2,2023-08-22_Week-33-2023-Athenian-Demo-Report.pdf
2023-08-20,33,2021,23.5,2023-08-22_Week-33-2023-Athenian-Demo-Report.pdf
2023-08-20,33,2022,12.5,2023-08-22_Week-33-2023-Athenian-Demo-Report.pdf
2023-08-20,33,2023,7.0,2023-08-22_Week-33-2023-Athenian-Demo-Report.pdf
2023-08-27,34,2009,32.0,2023-08-29_Week-34-2023-Athenian-Demo-Report.pdf
2023-08-27,34,2010,26.0,2023-08-29_Week-34-2023-Athenian-Demo-Report.pdf
2023-08-27,34,2011,40.0,2023-08-29_Week-34-2023-Athenian-Demo-Report.pdf
2023-08-27,34,2012,55.8,2023-08-29_Week-34-2023-Athenian-Demo-Report.pdf
2023-08-27,34,2013,47.0,2023-08-29_Week-34-2023-Athenian-Demo-Report.pdf
2023-08-27,34,2014,34.3,2023-08-29_Week-34-2023-Athenian-Demo-Report.pdf
2023-08-27,34,2015,38.8,2023-08-29_Week-34-2023-Athenian-Demo-Report.pdf
2023-08-27,34,2016,44.6,2023-08-29_Week-34-2023-Athenian-Demo-Report.pdf
2023-08-27,34,2017,35.3,2023-08-29_Week-34-2023-Athenian-Demo-Report.pdf
2023-08-27,34,2018,30.4,2023-08-29_Week-34-2023-Athenian-Demo-Report.pdf
2023-08-27,34,2019,16.9,2023-08-29_Week-34-2023-Athenian-Demo-Report.pdf
2023-08-27,34,2020,23.2,2023-08-29_Week-34-2023-Athenian-Demo-Report.pdf
2023-08-27,34,2021,23.5,2023-08-29_Week-34-2023-Athenian-Demo-Report.pdf
2023-08-27,34,2022,12.5,2023-08-29_Week-34-2023-Athenian-Demo-Report.pdf
2023-08-27,34,2023,7.2,2023-08-29_Week-34-2023-Athenian-Demo-Report.pdf
2023-09-03,35,2009,32.0,2023-09-05_Week-35-2023-Athenian-Demo-Report.pdf
2023-09-03,35,2010,26.0,2023-09-05_Week-35-2023-Athenian-Demo-Report.pdf
2023-09-03,35,2011,40.0,2023-09-05_Week-35-2023-Athenian-Demo-Report.pdf
2023-09-03,35,2012,55.8,2023-09-05_Week-35-2023-Athenian-Demo-Report.pdf
2023-09-03,35,2013,47.0,2023-09-05_Week-35-2023-Athenian-Demo-Report.pdf
2023-09-03,35,2014,34.3,2023-09-05_Week-35-2023-Athenian-Demo-Report.pdf
2023-09-03,35,2015,38.8,2023-09-05_Week-35-2023-Athenian-Demo-Report.pdf
2023-09-03,35,2016,44.6,2023-09-05_Week-35-2023-Athenian-Demo-Report.pdf
2023-09-03,35,2017,35.3,2023-09-05_Week-35-2023-Athenian-Demo-Report.pdf
2023-09-03,35,2018,30.4,2023-09-05_Week-35-2023-Athenian-Demo-Report.pdf
2023-09-03,35,2019,16.9,2023-09-05_Week-35-2023-Athenian-Demo-Report.pdf
2023-09-03,35,2020,23.2,2023-09-05_Week-35-2023-Athenian-Demo-Report.pdf
2023-09-03,35,2021,23.5,2023-09-05_Week-35-2023-Athenian-Demo-Report.pdf
2023-09-03,35,2022,12.5,2023-09-05_Week-35-2023-Athenian-Demo-Report.pdf
2023-09-03,35,2023,7.6,2023-09-05_Week-35-2023-Athenian-Demo-Report.pdf
2023-09-10,36,2009,32.0,2023-09-12_Week-36-2023-Athenian-Demo-Report.pdf
2023-09-10,36,2010,26.0,2023-09-12_Week-36-2023-Athenian-Demo-Report.pdf
2023-09-10,36,2011,40.0,2023-09-12_Week-36-2023-Athenian-Demo-Report.pdf
2023-09-10,36,2012,55.8,2023-09-12_Week-36-2023-Athenian-Demo-Report.pdf
2023-09-10,36,2013,47.0,2023-09-12_Week-36-2023-Athenian-Demo-Report.pdf
2023-09-10,36,2014,34.3,2023-09-12_Week-36-2023-Athenian-Demo-Report.pdf
2023-09-10,36,2015,38.8,2023-09-12_Week-36-2023-Athenian-Demo-Report.pdf
2023-09-10,36,2016,44.6,2023-09-12_Week-36-2023-Athenian-Demo-Report.pdf
2023-09-10,36,2017,35.3,2023-09-12_Week-36-2023-Athenian-Demo-Report.pdf
2023-09-10,36,2018,30.4,2023-09-12_Week-36-2023-Athenian-Demo-Report.pdf
2023-09-10,36,2019,16.9,2023-09-12_Week-36-2023-Athenian-Demo-Report.pdf
2023-09-10,36,2020,23.2,2023-09-12_Week-36-2023-Athenian-Demo-Report.pdf
2023-09-10,36,2021,23.5,2023-09-12_Week-36-2023-Athenian-Demo-Report.pdf
2023-09-10,36,2022,12.5,2023-09-12_Week-36-2023-Athenian-Demo-Report.pdf
2023-09-10,36,2023,8.0,2023-09-12_Week-36-2023-Athenian-Demo-Report.pdf
2023-09-17,37,2009,32.0,2023-09-19_Week-37-2023-Athenian-Demo-Report.pdf
2023-09-17,37,2010,26.0,2023-09-19_Week-37-2023-Athenian-Demo-Report.pdf
2023-09-17,37,2011,40.0,2023-09-19_Week-37-2023-Athenian-Demo-Report.pdf
2023-09-17,37,2012,55.8,2023-09-19_Week-37-2023-Athenian-Demo-Report.pdf
2023-09-17,37,2013,47.0,2023-09-19_Week-37-2023-Athenian-Demo-Report.pdf
2023-09-17,37,2014,34.3,2023-09-19_Week-37-2023-Athenian-Demo-Report.pdf
2023-09-17,37,2015,38.8,2023-09-19_Week-37-2023-Athenian-Demo-Report.pdf
2023-09-17,37,2016,44.6,2023-09-19_Week-37-2023-Athenian-Demo-Report.pdf
2023-09-17,37,2017,35.3,2023-09-19_Week-37-2023-Athenian-Demo-Report.pdf
2023-09-17,37,2018,30.4,2023-09-19_Week-37-2023-Athenian-Demo-Report.pdf
2023-09-17,37,2019,16.9,2023-09-19_Week-37-2023-Athenian-Demo-Report.pdf
2023-09-17,37,2020,23.2,2023-09-19_Week-37-2023-Athenian-Demo-Report.pdf
2023-09-17,37,2021,23.5,2023-09-19_Week-37-2023-Athenian-Demo-Report.pdf
2023-09-17,37,2022,12.5,2023-09-19_Week-37-2023-Athenian-Demo-Report.pdf
2023-09-17,37,2023,8.2,2023-09-19_Week-37-2023-Athenian-Demo-Report.pdf
2023-09-24,38,2009,32.0,2023-09-26_Week-38-2023-Athenian-Demo-Report.pdf
2023-09-24,38,2010,26.0,2023-09-26_Week-38-2023-Athenian-Demo-Report.pdf
2023-09-24,38,2011,40.0,2023-09-26_Week-38-2023-Athenian-Demo-Report.pdf
2023-09-24,38,2012,55.8,2023-09-26_Week-38-2023-Athenian-Demo-Report.pdf
2023-09-24,38,2013,47.0,2023-09-26_Week-38-2023-Athenian-Demo-Report.pdf
2023-09-24,38,2014,34.3,2023-09-26_Week-38-2023-Athenian-Demo-Report.pdf
2023-09-24,38,2015,38.8,2023-09-26_Week-38-2023-Athenian-Demo-Report.pdf
2023-09-24,38,2016,44.6,2023-09-26_Week-38-2023-Athenian-Demo-Report.pdf
2023-09-24,38,2017,35.3,2023-09-26_Week-38-2023-Athenian-Demo-Report.pdf
2023-09-24,38,2018,30.4,2023-09-26_Week-38-2023-Athenian-Demo-Report.pdf
2023-09-24,38,2019,16.9,2023-09-26_Week-38-2023-Athenian-Demo-Report.pdf
2023-09-24,38,2020,23.2,2023-09-26_Week-38-2023-Athenian-Demo-Report.pdf
2023-09-24,38,2021,23.5,2023-09-26_Week-38-2023-Athenian-Demo-Report.pdf
2023-09-24,38,2022,12.5,2023-09-26_Week-38-2023-Athenian-Demo-Report.pdf
2023-09-24,38,2023,8.4,2023-09-26_Week-38-2023-Athenian-Demo-Report.pdf
2023-10-01,39,2009,32.0,2023-10-03_Week-39-2023-Athenian-Demo-Report.pdf
2023-10-01,39,2010,26.0,2023-10-03_Week-39-2023-Athenian-Demo-Report.pdf
2023-10-01,39,2011,40.0,2023-10-03_Week-39-2023-Athenian-Demo-Report.pdf
2023-10-01,39,2012,55.8,2023-10-03_Week-39-2023-Athenian-Demo-Report.pdf
2023-10-01,39,2013,47.0,2023-10-03_Week-39-2023-Athenian-Demo-Report.pdf
2023-10-01,39,2014,34.3,2023-10-03_Week-39-2023-Athenian-Demo-Report.pdf
2023-10-01,39,2015,38.8,2023-10-03_Week-39-2023-Athenian-Demo-Report.pdf
2023-10-01,39,2016,44.6,2023-10-03_Week-39-2023-Athenian-Demo-Report.pdf
2023-10-01,39,2017,35.3,2023-10-03_Week-39-2023-Athenian-Demo-Report.pdf
2023-10-01,39,2018,30.4,2023-10-03_Week-39-2023-Athenian-Demo-Report.pdf
2023-10-01,39,2019,16.9,2023-10-03_Week-39-2023-Athenian-Demo-Report.pdf
2023-10-01,39,2020,23.2,2023-10-03_Week-39-2023-Athenian-Demo-Report.pdf
2023-10-01,39,2021,23.5,2023-10-03_Week-39-2023-Athenian-Demo-Report.pdf
2023-10-01,39,2022,12.5,2023-10-03_Week-39-2023-Athenian-Demo-Report.pdf
2023-10-01,39,2023,8.7,2023-10-03_Week-39-2023-Athenian-Demo-Report.pdf
2023-10-08,40,2009,32.0,2023-10-10_Week-40-2023-Athenian-Demo-Report.pdf
2023-10-08,40,2010,26.0,2023-10-10_Week-40-2023-Athenian-Demo-Report.pdf
2023-10-08,40,2011,40.0,2023-10-10_Week-40-2023-Athenian-Demo-Report.pdf
2023-10-08,40,2012,55.8,2023-10-10_Week-40-2023-Athenian-Demo-Report.pdf
2023-10-08,40,2013,47.0,2023-10-10_Week-40-2023-Athenian-Demo-Report.pdf
2023-10-08,40,2014,34.3,2023-10-10_Week-40-2023-Athenian-Demo-Report.pdf
2023-10-08,40,2015,38.8,2023-10-10_Week-40-2023-Athenian-Demo-Report.pdf
2023-10-08,40,2016,44.6,2023-10-10_Week-40-2023-Athenian-Demo-Report.pdf
2023-10-08,40,2017,35.3,2023-10-10_Week-40-2023-Athenian-Demo-Report.pdf
2023-10-08,40,2018,30.4,2023-10-10_Week-40-2023-Athenian-Demo-Report.pdf
2023-10-08,40,2019,16.9,2023-10-10_Week-40-2023-Athenian-Demo-Report.pdf
2023-10-08,40,2020,23.2,2023-10-10_Week-40-2023-Athenian-Demo-Report.pdf
2023-10-08,40,2021,23.5,2023-10-10_Week-40-2023-Athenian-Demo-Report.pdf
2023-10-08,40,2022,12.5,2023-10-10_Week-40-2023-Athenian-Demo-Report.pdf
2023-10-08,40,2023,9.0,2023-10-10_Week-40-2023-Athenian-Demo-Report.pdf
2023-10-15,41,2009,32.0,2023-10-17_Week-41-2023-Athenian-Demo-Report.pdf
2023-10-15,41,2010,26.0,2023-10-17_Week-41-2023-Athenian-Demo-Report.pdf
2023-10-15,41,2011,40.0,2023-10-17_Week-41-2023-Athenian-Demo-Report.pdf
2023-10-15,41,2012,55.8,2023-10-17_Week-41-2023-Athenian-Demo-Report.pdf
2023-10-15,41,2013,47.0,2023-10-17_Week-41-2023-Athenian-Demo-Report.pdf
2023-10-15,41,2014,34.3,2023-10-17_Week-41-2023-Athenian-Demo-Report.pdf
2023-10-15,41,2015,38.8,2023-10-17_Week-41-2023-Athenian-Demo-Report.pdf
2023-10-15,41,2016,44.6,2023-10-17_Week-41-2023-Athenian-Demo-Report.pdf
2023-10-15,41,2017,35.3,2023-10-17_Week-41-2023-Athenian-Demo-Report.pdf
2023-10-15,41,2018,30.4,2023-10-17_Week-41-2023-Athenian-Demo-Report.pdf
2023-10-15,41,2019,16.9,2023-10-17_Week-41-2023-Athenian-Demo-Report.pdf
2023-10-15,41,2020,23.2,2023-10-17_Week-41-2023-Athenian-Demo-Report.pdf
2023-10-15,41,2021,23.5,2023-10-17_Week-41-2023-Athenian-Demo-Report.pdf
2023-10-15,41,2022,12.5,2023-10-17_Week-41-2023-Athenian-Demo-Report.pdf
2023-10-15,41,2023,9.2,2023-10-17_Week-41-2023-Athenian-Demo-Report.pdf
2023-10-22,42,2009,32.0,2023-10-25_Week-42-2023-Athenian-Demo-Report.pdf
2023-10-22,42,2010,26.0,2023-10-25_Week-42-2023-Athenian-Demo-Report.pdf
2023-10-22,42,2011,40.0,2023-10-25_Week-42-2023-Athenian-Demo-Report.pdf
2023-10-22,42,2012,55.8,2023-10-25_Week-42-2023-Athenian-Demo-Report.pdf
2023-10-22,42,2013,47.0,2023-10-25_Week-42-2023-Athenian-Demo-Report.pdf
2023-10-22,42,2014,34.3,2023-10-25_Week-42-2023-Athenian-Demo-Report.pdf
2023-10-22,42,2015,38.8,2023-10-25_Week-42-2023-Athenian-Demo-Report.pdf
2023-10-22,42,2016,44.6,2023-10-25_Week-42-2023-Athenian-Demo-Report.pdf
2023-10-22,42,2017,35.3,2023-10-25_Week-42-2023-Athenian-Demo-Report.pdf
2023-10-22,42,2018,30.4,2023-10-25_Week-42-2023-Athenian-Demo-Report.pdf
2023-10-22,42,2019,16.9,2023-10-25_Week-42-2023-Athenian-Demo-Report.pdf
2023-10-22,42,2020,23.2,2023-10-25_Week-42-2023-Athenian-Demo-Report.pdf
2023-10-22,42,2021,23.5,2023-10-25_Week-42-2023-Athenian-Demo-Report.pdf
2023-10-22,42,2022,12.5,2023-10-25_Week-42-2023-Athenian-Demo-Report.pdf
2023-10-22,42,2023,9.4,2023-10-25_Week-42-2023-Athenian-Demo-Report.pdf
2023-10-29,43,2009,32.0,2023-10-31_Week-43-2023-Athenian-Demo-Report.pdf
2023-10-29,43,2010,26.0,2023-10-31_Week-43-2023-Athenian-Demo-Report.pdf
2023-10-29,43,2011,40.0,2023-10-31_Week-43-2023-Athenian-Demo-Report.pdf
2023-10-29,43,2012,55.8,2023-10-31_Week-43-2023-Athenian-Demo-Report.pdf
2023-10-29,43,2013,47.0,2023-10-31_Week-43-2023-Athenian-Demo-Report.pdf
2023-10-29,43,2014,34.3,2023-10-31_Week-43-2023-Athenian-Demo-Report.pdf
2023-10-29,43,2015,38.8,2023-10-31_Week-43-2023-Athenian-Demo-Report.pdf
2023-10-29,43,2016,44.6,2023-10-31_Week-43-2023-Athenian-Demo-Report.pdf
2023-10-29,43,2017,35.3,2023-10-31_Week-43-2023-Athenian-Demo-Report.pdf
2023-10-29,43,2018,30.4,2023-10-31_Week-43-2023-Athenian-Demo-Report.pdf
2023-10-29,43,2019,16.9,2023-10-31_Week-43-2023-Athenian-Demo-Report.pdf
2023-10-29,43,2020,23.2,2023-10-31_Week-43-2023-Athenian-Demo-Report.pdf
2023-10-29,43,2021,23.5,2023-10-31_Week-43-2023-Athenian-Demo-Report.pdf
2023-10-29,43,2022,12.5,2023-10-31_Week-43-2023-Athenian-Demo-Report.pdf
2023-10-29,43,2023,9.5,2023-10-31_Week-43-2023-Athenian-Demo-Report.pdf
2023-11-05,44,2009,32.0,2023-11-07_Week_44_2023_Athenian_Demo_Report.pdf
2023-11-05,44,2010,26.0,2023-11-07_Week_44_2023_Athenian_Demo_Report.pdf
2023-11-05,44,2011,40.0,2023-11-07_Week_44_2023_Athenian_Demo_Report.pdf
2023-11-05,44,2012,55.8,2023-11-07_Week_44_2023_Athenian_Demo_Report.pdf
2023-11-05,44,2013,47.0,2023-11-07_Week_44_2023_Athenian_Demo_Report.pdf
2023-11-05,44,2014,34.3,2023-11-07_Week_44_2023_Athenian_Demo_Report.pdf
2023-11-05,44,2015,38.8,2023-11-07_Week_44_2023_Athenian_Demo_Report.pdf
2023-11-05,44,2016,44.6,2023-11-07_Week_44_2023_Athenian_Demo_Report.pdf
2023-11-05,44,2017,35.3,2023-11-07_Week_44_2023_Athenian_Demo_Report.pdf
2023-11-05,44,2018,30.4,2023-11-07_Week_44_2023_Athenian_Demo_Report.pdf
2023-11-05,44,2019,16.9,2023-11-07_Week_44_2023_Athenian_Demo_Report.pdf
2023-11-05,44,2020,23.2,2023-11-07_Week_44_2023_Athenian_Demo_Report.pdf
2023-11-05,44,2021,23.5,2023-11-07_Week_44_2023_Athenian_Demo_Report.pdf
2023-11-05,44,2022,12.5,2023-11-07_Week_44_2023_Athenian_Demo_Report.pdf
2023-11-05,44,2023,9.6,2023-11-07_Week_44_2023_Athenian_Demo_Report.pdf
2023-11-12,45,2009,32.0,2023-11-14_Week_45_2023_Athenian_Demo_report.pdf
2023-11-12,45,2010,26.0,2023-11-14_Week_45_2023_Athenian_Demo_report.pdf
2023-11-12,45,2011,40.0,2023-11-14_Week_45_2023_Athenian_Demo_report.pdf
2023-11-12,45,2012,55.8,2023-11-14_Week_45_2023_Athenian_Demo_report.pdf
2023-11-12,45,2013,47.0,2023-11-14_Week_45_2023_Athenian_Demo_report.pdf
2023-11-12,45,2014,34.3,2023-11-14_Week_45_2023_Athenian_Demo_report.pdf
2023-11-12,45,2015,38.8,2023-11-14_Week_45_2023_Athenian_Demo_report.pdf
2023-11-12,45,2016,44.6,2023-11-14_Week_45_2023_Athenian_Demo_report.pdf
2023-11-12,45,2017,35.3,2023-11-14_Week_45_2023_Athenian_Demo_report.pdf
2023-11-12,45,2018,30.4,2023-11-14_Week_45_2023_Athenian_Demo_report.pdf
2023-11-12,45,2019,16.9,2023-11-14_Week_45_2023_Athenian_Demo_report.pdf
2023-11-12,45,2020,23.2,2023-11-14_Week_45_2023_Athenian_Demo_report.pdf
2023-11-12,45,2021,23.5,2023-11-14_Week_45_2023_Athenian_Demo_report.pdf
2023-11-12,45,2022,12.5,2023-11-14_Week_45_2023_Athenian_Demo_report.pdf
2023-11-12,45,2023,9.8,2023-11-14_Week_45_2023_Athenian_Demo_report.pdf
2023-11-19,46,2009,32.0,2023-11-21_Week_46_2023_Athenian_Demo_report.pdf
2023-11-19,46,2010,26.0,2023-11-21_Week_46_2023_Athenian_Demo_report.pdf
2023-11-19,46,2011,40.0,2023-11-21_Week_46_2023_Athenian_Demo_report.pdf
2023-11-19,46,2012,55.8,2023-11-21_Week_46_2023_Athenian_Demo_report.pdf
2023-11-19,46,2013,47.0,2023-11-21_Week_46_2023_Athenian_Demo_report.pdf
2023-11-19,46,2014,34.3,2023-11-21_Week_46_2023_Athenian_Demo_report.pdf
2023-11-19,46,2015,38.8,2023-11-21_Week_46_2023_Athenian_Demo_report.pdf
2023-11-19,46,2016,44.6,2023-11-21_Week_46_2023_Athenian_Demo_report.pdf
2023-11-19,46,2017,35.3,2023-11-21_Week_46_2023_Athenian_Demo_report.pdf
2023-11-19,46,2018,30.4,2023-11-21_Week_46_2023_Athenian_Demo_report.pdf
2023-11-19,46,2019,16.9,2023-11-21_Week_46_2023_Athenian_Demo_report.pdf
2023-11-19,46,2020,23.2,2023-11-21_Week_46_2023_Athenian_Demo_report.pdf
2023-11-19,46,2021,23.5,2023-11-21_Week_46_2023_Athenian_Demo_report.pdf
2023-11-19,46,2022,12.5,2023-11-21_Week_46_2023_Athenian_Demo_report.pdf
2023-11-19,46,2023,10.1,2023-11-21_Week_46_2023_Athenian_Demo_report.pdf
2023-11-26,47,2009,32.0,2023-11-28_Week-47-2023-Athenian-Demo-report.pdf
2023-11-26,47,2010,26.0,2023-11-28_Week-47-2023-Athenian-Demo-report.pdf
2023-11-26,47,2011,40.0,2023-11-28_Week-47-2023-Athenian-Demo-report.pdf
2023-11-26,47,2012,55.8,2023-11-28_Week-47-2023-Athenian-Demo-report.pdf
2023-11-26,47,2013,47.0,2023-11-28_Week-47-2023-Athenian-Demo-report.pdf
2023-11-26,47,2014,34.3,2023-11-28_Week-47-2023-Athenian-Demo-report.pdf
2023-11-26,47,2015,38.8,2023-11-28_Week-47-2023-Athenian-Demo-report.pdf
2023-11-26,47,2016,44.6,2023-11-28_Week-47-2023-Athenian-Demo-report.pdf
2023-11-26,47,2017,35.3,2023-11-28_Week-47-2023-Athenian-Demo-report.pdf
2023-11-26,47,2018,30.4,2023-11-28_Week-47-2023-Athenian-Demo-report.pdf
2023-11-26,47,2019,16.9,2023-11-28_Week-47-2023-Athenian-Demo-report.pdf
2023-11-26,47,2020,23.2,2023-11-28_Week-47-2023-Athenian-Demo-report.pdf
2023-11-26,47,2021,23.5,2023-11-28_Week-47-2023-Athenian-Demo-report.pdf
2023-11-26,47,2022,12.5,2023-11-28_Week-47-2023-Athenian-Demo-report.pdf
2023-11-26,47,2023,10.2,2023-11-28_Week-47-2023-Athenian-Demo-report.pdf
2023-12-03,48,2009,32.0,2023-12-05_Week-48-2023-Athenian-Demo-report.pdf
2023-12-03,48,2010,26.0,2023-12-05_Week-48-2023-Athenian-Demo-report.pdf
2023-12-03,48,2011,40.0,2023-12-05_Week-48-2023-Athenian-Demo-report.pdf
2023-12-03,48,2012,55.8,2023-12-05_Week-48-2023-Athenian-Demo-report.pdf
2023-12-03,48,2013,47.0,2023-12-05_Week-48-2023-Athenian-Demo-report.pdf
2023-12-03,48,2014,34.3,2023-12-05_Week-48-2023-Athenian-Demo-report.pdf
2023-12-03,48,2015,38.8,2023-12-05_Week-48-2023-Athenian-Demo-report.pdf
2023-12-03,48,2016,44.6,2023-12-05_Week-48-2023-Athenian-Demo-report.pdf
2023-12-03,48,2017,35.3,2023-12-05_Week-48-2023-Athenian-Demo-report.pdf
2023-12-03,48,2018,30.4,2023-12-05_Week-48-2023-Athenian-Demo-report.pdf
2023-12-03,48,2019,16.9,2023-12-05_Week-48-2023-Athenian-Demo-report.pdf
2023-12-03,48,2020,23.2,2023-12-05_Week-48-2023-Athenian-Demo-report.pdf
2023-12-03,48,2021,23.5,2023-12-05_Week-48-2023-Athenian-Demo-report.pdf
2023-12-03,48,2022,12.5,2023-12-05_Week-48-2023-Athenian-Demo-report.pdf
2023-12-03,48,2023,10.4,2023-12-05_Week-48-2023-Athenian-Demo-report.pdf
2023-12-10,49,2009,32.0,2023-12-12_Week_49_2023_Athenian_Demo_report-1.pdf
2023-12-10,49,2010,26.0,2023-12-12_Week_49_2023_Athenian_Demo_report-1.pdf
2023-12-10,49,2011,40.0,2023-12-12_Week_49_2023_Athenian_Demo_report-1.pdf
2023-12-10,49,2012,55.8,2023-12-12_Week_49_2023_Athenian_Demo_report-1.pdf
2023-12-10,49,2013,47.0,2023-12-12_Week_49_2023_Athenian_Demo_report-1.pdf
2023-12-10,49,2014,34.3,2023-12-12_Week_49_2023_Athenian_Demo_report-1.pdf
2023-12-10,49,2015,38.8,2023-12-12_Week_49_2023_Athenian_Demo_report-1.pdf
2023-12-10,49,2016,44.6,2023-12-12_Week_49_2023_Athenian_Demo_report-1.pdf
2023-12-10,49,2017,35.3,2023-12-12_Week_49_2023_Athenian_Demo_report-1.pdf
2023-12-10,49,2018,30.4,2023-12-12_Week_49_2023_Athenian_Demo_report-1.pdf
2023-12-10,49,2019,16.9,2023-12-12_Week_49_2023_Athenian_Demo_report-1.pdf
2023-12-10,49,2020,23.2,2023-12-12_Week_49_2023_Athenian_Demo_report-1.pdf
2023-12-10,49,2021,23.5,2023-12-12_Week_49_2023_Athenian_Demo_report-1.pdf
2023-12-10,49,2022,12.5,2023-12-12_Week_49_2023_Athenian_Demo_report-1.pdf
2023-12-10,49,2023,10.3,2023-12-12_Week_49_2023_Athenian_Demo_report-1.pdf
2023-12-17,50,2009,32.0,2023-12-19_Week_50_2023_Athenian_Demo_report.pdf
2023-12-17,50,2010,26.0,2023-12-19_Week_50_2023_Athenian_Demo_report.pdf
2023-12-17,50,2011,40.0,2023-12-19_Week_50_2023_Athenian_Demo_report.pdf
2023-12-17,50,2012,55.8,2023-12-19_Week_50_2023_Athenian_Demo_report.pdf
2023-12-17,50,2013,47.0,2023-12-19_Week_50_2023_Athenian_Demo_report.pdf
2023-12-17,50,2014,34.3,2023-12-19_Week_50_2023_Athenian_Demo_report.pdf
2023-12-17,50,2015,38.8,2023-12-19_Week_50_2023_Athenian_Demo_report.pdf
2023-12-17,50,2016,44.6,2023-12-19_Week_50_2023_Athenian_Demo_report.pdf
2023-12-17,50,2017,35.3,2023-12-19_Week_50_2023_Athenian_Demo_report.pdf
2023-12-17,50,2018,30.4,2023-12-19_Week_50_2023_Athenian_Demo_report.pdf
2023-12-17,50,2019,16.9,2023-12-19_Week_50_2023_Athenian_Demo_report.pdf
2023-12-17,50,2020,23.2,2023-12-19_Week_50_2023_Athenian_Demo_report.pdf
2023-12-17,50,2021,23.5,2023-12-19_Week_50_2023_Athenian_Demo_report.pdf
2023-12-17,50,2022,12.5,2023-12-19_Week_50_2023_Athenian_Demo_report.pdf
2023-12-17,50,2023,10.4,2023-12-19_Week_50_2023_Athenian_Demo_report.pdf
2023-12-24,51,2009,32.0,2023-12-26_Week-51-2023-Athenian-Demo-report.pdf
2023-12-24,51,2010,26.0,2023-12-26_Week-51-2023-Athenian-Demo-report.pdf
2023-12-24,51,2011,40.0,2023-12-26_Week-51-2023-Athenian-Demo-report.pdf
2023-12-24,51,2012,55.8,2023-12-26_Week-51-2023-Athenian-Demo-report.pdf
2023-12-24,51,2013,47.0,2023-12-26_Week-51-2023-Athenian-Demo-report.pdf
2023-12-24,51,2014,34.3,2023-12-26_Week-51-2023-Athenian-Demo-report.pdf
2023-12-24,51,2015,38.8,2023-12-26_Week-51-2023-Athenian-Demo-report.pdf
2023-12-24,51,2016,44.6,2023-12-26_Week-51-2023-Athenian-Demo-report.pdf
2023-12-24,51,2017,35.3,2023-12-26_Week-51-2023-Athenian-Demo-report.pdf
2023-12-24,51,2018,30.4,2023-12-26_Week-51-2023-Athenian-Demo-report.pdf
2023-12-24,51,2019,16.9,2023-12-26_Week-51-2023-Athenian-Demo-report.pdf
2023-12-24,51,2020,23.2,2023-12-26_Week-51-2023-Athenian-Demo-report.pdf
2023-12-24,51,2021,23.5,2023-12-26_Week-51-2023-Athenian-Demo-report.pdf
2023-12-24,51,2022,12.5,2023-12-26_Week-51-2023-Athenian-Demo-report.pdf
2023-12-24,51,2023,10.5,2023-12-26_Week-51-2023-Athenian-Demo-report.pdf
2023-12-31,52,2009,32.0,2024-01-02_Week-52-2023-Athenian-Demo-report.pdf
2023-12-31,52,2010,26.0,2024-01-02_Week-52-2023-Athenian-Demo-report.pdf
2023-12-31,52,2011,40.0,2024-01-02_Week-52-2023-Athenian-Demo-report.pdf
2023-12-31,52,2012,55.8,2024-01-02_Week-52-2023-Athenian-Demo-report.pdf
2023-12-31,52,2013,47.0,2024-01-02_Week-52-2023-Athenian-Demo-report.pdf
2023-12-31,52,2014,34.3,2024-01-02_Week-52-2023-Athenian-Demo-report.pdf
2023-12-31,52,2015,38.8,2024-01-02_Week-52-2023-Athenian-Demo-report.pdf
2023-12-31,52,2016,44.6,2024-01-02_Week-52-2023-Athenian-Demo-report.pdf
2023-12-31,52,2017,35.3,2024-01-02_Week-52-2023-Athenian-Demo-report.pdf
2023-12-31,52,2018,30.4,2024-01-02_Week-52-2023-Athenian-Demo-report.pdf
2023-12-31,52,2019,16.9,2024-01-02_Week-52-2023-Athenian-Demo-report.pdf
2023-12-31,52,2020,23.2,2024-01-02_Week-52-2023-Athenian-Demo-report.pdf
2023-12-31,52,2021,23.5,2024-01-02_Week-52-2023-Athenian-Demo-report.pdf
2023-12-31,52,2022,12.5,2024-01-02_Week-52-2023-Athenian-Demo-report.pdf
2023-12-31,52,2023,10.5,2024-01-02_Week-52-2023-Athenian-Demo-report.pdf
2024-01-07,1,2010,26.0,2024-01-09_Week-01-2024-Athenian-Demo-report.pdf
2024-01-07,1,2011,40.0,2024-01-09_Week-01-2024-Athenian-Demo-report.pdf
2024-01-07,1,2012,55.8,2024-01-09_Week-01-2024-Athenian-Demo-report.pdf
2024-01-07,1,2013,47.0,2024-01-09_Week-01-2024-Athenian-Demo-report.pdf
2024-01-07,1,2014,34.3,2024-01-09_Week-01-2024-Athenian-Demo-report.pdf
2024-01-07,1,2015,38.8,2024-01-09_Week-01-2024-Athenian-Demo-report.pdf
2024-01-07,1,2016,44.6,2024-01-09_Week-01-2024-Athenian-Demo-report.pdf
2024-01-07,1,2017,35.3,2024-01-09_Week-01-2024-Athenian-Demo-report.pdf
2024-01-07,1,2018,30.4,2024-01-09_Week-01-2024-Athenian-Demo-report.pdf
2024-01-07,1,2019,16.9,2024-01-09_Week-01-2024-Athenian-Demo-report.pdf
2024-01-07,1,2020,23.2,2024-01-09_Week-01-2024-Athenian-Demo-report.pdf
2024-01-07,1,2021,23.7,2024-01-09_Week-01-2024-Athenian-Demo-report.pdf
2024-01-07,1,2022,12.5,2024-01-09_Week-01-2024-Athenian-Demo-report.pdf
2024-01-07,1,2023,10.5,2024-01-09_Week-01-2024-Athenian-Demo-report.pdf
2024-01-07,1,2024,0.0,2024-01-09_Week-01-2024-Athenian-Demo-report.pdf
2024-01-14,2,2010,26.0,2024-01-16_Week-02-2024-Athenian-Demo-Report.pdf
2024-01-14,2,2011,40.0,2024-01-16_Week-02-2024-Athenian-Demo-Report.pdf
2024-01-14,2,2012,55.8,2024-01-16_Week-02-2024-Athenian-Demo-Report.pdf
2024-01-14,2,2013,47.0,2024-01-16_Week-02-2024-Athenian-Demo-Report.pdf
2024-01-14,2,2014,34.3,2024-01-16_Week-02-2024-Athenian-Demo-Report.pdf
2024-01-14,2,2015,38.8,2024-01-16_Week-02-2024-Athenian-Demo-Report.pdf
2024-01-14,2,2016,44.6,2024-01-16_Week-02-2024-Athenian-Demo-Report.pdf
2024-01-14,2,2017,35.3,2024-01-16_Week-02-2024-Athenian-Demo-Report.pdf
2024-01-14,2,2018,30.4,2024-01-16_Week-02-2024-Athenian-Demo-Report.pdf
2024-01-14,2,2019,16.9,2024-01-16_Week-02-2024-Athenian-Demo-Report.pdf
2024-01-14,2,2020,23.2,2024-01-16_Week-02-2024-Athenian-Demo-Report.pdf
2024-01-14,2,2021,23.7,2024-01-16_Week-02-2024-Athenian-Demo-Report.pdf
2024-01-14,2,2022,12.5,2024-01-16_Week-02-2024-Athenian-Demo-Report.pdf
2024-01-14,2,2023,10.5,2024-01-16_Week-02-2024-Athenian-Demo-Report.pdf
2024-01-14,2,2024,0.15,2024-01-16_Week-02-2024-Athenian-Demo-Report.pdf
2024-01-21,3,2010,26.0,2024-01-23_Week-03-2024-Athenian-Demo-Report.pdf
2024-01-21,3,2011,40.0,2024-01-23_Week-03-2024-Athenian-Demo-Report.pdf
2024-01-21,3,2012,55.8,2024-01-23_Week-03-2024-Athenian-Demo-Report.pdf
2024-01-21,3,2013,47.0,2024-01-23_Week-03-2024-Athenian-Demo-Report.pdf
2024-01-21,3,2014,34.3,2024-01-23_Week-03-2024-Athenian-Demo-Report.pdf
2024-01-21,3,2015,38.8,2024-01-23_Week-03-2024-Athenian-Demo-Report.pdf
2024-01-21,3,2016,44.6,2024-01-23_Week-03-2024-Athenian-Demo-Report.pdf
2024-01-21,3,2017,35.3,2024-01-23_Week-03-2024-Athenian-Demo-Report.pdf
2024-01-21,3,2018,30.4,2024-01-23_Week-03-2024-Athenian-Demo-Report.pdf
2024-01-21,3,2019,16.9,2024-01-23_Week-03-2024-Athenian-Demo-Report.pdf
2024-01-21,3,2020,23.2,2024-01-23_Week-03-2024-Athenian-Demo-Report.pdf
2024-01-21,3,2021,23.7,2024-01-23_Week-03-2024-Athenian-Demo-Report.pdf
2024-01-21,3,2022,12.5,2024-01-23_Week-03-2024-Athenian-Demo-Report.pdf
2024-01-21,3,2023,10.5,2024-01-23_Week-03-2024-Athenian-Demo-Report.pdf
2024-01-21,3,2024,0.25,2024-01-23_Week-03-2024-Athenian-Demo-Report.pdf
2024-01-28,4,2010,26.0,2024-01-30_Week-04-2024-Athenian-Demo-report.pdf
2024-01-28,4,2011,40.0,2024-01-30_Week-04-2024-Athenian-Demo-report.pdf
2024-01-28,4,2012,55.8,2024-01-30_Week-04-2024-Athenian-Demo-report.pdf
2024-01-28,4,2013,47.0,2024-01-30_Week-04-2024-Athenian-Demo-report.pdf
2024-01-28,4,2014,34.3,2024-01-30_Week-04-2024-Athenian-Demo-report.pdf
2024-01-28,4,2015,38.8,2024-01-30_Week-04-2024-Athenian-Demo-report.pdf
2024-01-28,4,2016,44.6,2024-01-30_Week-04-2024-Athenian-Demo-report.pdf
2024-01-28,4,2017,35.3,2024-01-30_Week-04-2024-Athenian-Demo-report.pdf
2024-01-28,4,2018,30.4,2024-01-30_Week-04-2024-Athenian-Demo-report.pdf
2024-01-28,4,2019,16.9,2024-01-30_Week-04-2024-Athenian-Demo-report.pdf
2024-01-28,4,2020,23.2,2024-01-30_Week-04-2024-Athenian-Demo-report.pdf
2024-01-28,4,2021,23.7,2024-01-30_Week-04-2024-Athenian-Demo-report.pdf
2024-01-28,4,2022,12.5,2024-01-30_Week-04-2024-Athenian-Demo-report.pdf
2024-01-28,4,2023,10.5,2024-01-30_Week-04-2024-Athenian-Demo-report.pdf
2024-01-28,4,2024,0.35,2024-01-30_Week-04-2024-Athenian-Demo-report.pdf
2024-02-11,6,2010,26.0,2024-02-13_Week-06-2024-Athenian-Demo-Report.pdf
2024-02-11,6,2011,40.0,2024-02-13_Week-06-2024-Athenian-Demo-Report.pdf
2024-02-11,6,2012,55.8,2024-02-13_Week-06-2024-Athenian-Demo-Report.pdf
2024-02-11,6,2013,47.0,2024-02-13_Week-06-2024-Athenian-Demo-Report.pdf
2024-02-11,6,2014,34.3,2024-02-13_Week-06-2024-Athenian-Demo-Report.pdf
2024-02-11,6,2015,38.8,2024-02-13_Week-06-2024-Athenian-Demo-Report.pdf
2024-02-11,6,2016,44.6,2024-02-13_Week-06-2024-Athenian-Demo-Report.pdf
2024-02-11,6,2017,35.3,2024-02-13_Week-06-2024-Athenian-Demo-Report.pdf
2024-02-11,6,2018,30.4,2024-02-13_Week-06-2024-Athenian-Demo-Report.pdf
2024-02-11,6,2019,16.9,2024-02-13_Week-06-2024-Athenian-Demo-Report.pdf
2024-02-11,6,2020,23.2,2024-02-13_Week-06-2024-Athenian-Demo-Report.pdf
2024-02-11,6,2021,23.7,2024-02-13_Week-06-2024-Athenian-Demo-Report.pdf
2024-02-11,6,2022,12.5,2024-02-13_Week-06-2024-Athenian-Demo-Report.pdf
2024-02-11,6,2023,10.5,2024-02-13_Week-06-2024-Athenian-Demo-Report.pdf
2024-02-11,6,2024,1.25,2024-02-13_Week-06-2024-Athenian-Demo-Report.pdf
2024-02-18,7,2009,32.0,2024-02-20_Week-07-2024-Athenian-Demo-Report.pdf
2024-02-18,7,2010,26.0,2024-02-20_Week-07-2024-Athenian-Demo-Report.pdf
2024-02-18,7,2011,40.0,2024-02-20_Week-07-2024-Athenian-Demo-Report.pdf
2024-02-18,7,2012,55.8,2024-02-20_Week-07-2024-Athenian-Demo-Report.pdf
2024-02-18,7,2013,47.0,2024-02-20_Week-07-2024-Athenian-Demo-Report.pdf
2024-02-18,7,2014,34.3,2024-02-20_Week-07-2024-Athenian-Demo-Report.pdf
2024-02-18,7,2015,38.8,2024-02-20_Week-07-2024-Athenian-Demo-Report.pdf
2024-02-18,7,2016,44.6,2024-02-20_Week-07-2024-Athenian-Demo-Report.pdf
2024-02-18,7,2017,35.3,2024-02-20_Week-07-2024-Athenian-Demo-Report.pdf
2024-02-18,7,2018,30.4,2024-02-20_Week-07-2024-Athenian-Demo-Report.pdf
2024-02-18,7,2019,16.9,2024-02-20_Week-07-2024-Athenian-Demo-Report.pdf
2024-02-18,7,2020,23.2,2024-02-20_Week-07-2024-Athenian-Demo-Report.pdf
2024-02-18,7,2021,23.7,2024-02-20_Week-07-2024-Athenian-Demo-Report.pdf
2024-02-18,7,2022,12.5,2024-02-20_Week-07-2024-Athenian-Demo-Report.pdf
2024-02-18,7,2023,10.5,2024-02-20_Week-07-2024-Athenian-Demo-Report.pdf
2024-02-18,7,2024,1.45,2024-02-20_Week-07-2024-Athenian-Demo-Report.pdf
2024-02-25,8,2009,32.0,2024-02-27_Week-08-2024-Athenian-Demo-Report.pdf
2024-02-25,8,2010,26.0,2024-02-27_Week-08-2024-Athenian-Demo-Report.pdf
2024-02-25,8,2011,40.0,2024-02-27_Week-08-2024-Athenian-Demo-Report.pdf
2024-02-25,8,2012,55.8,2024-02-27_Week-08-2024-Athenian-Demo-Report.pdf
2024-02-25,8,2013,47.0,2024-02-27_Week-08-2024-Athenian-Demo-Report.pdf
2024-02-25,8,2014,34.3,2024-02-27_Week-08-2024-Athenian-Demo-Report.pdf
2024-02-25,8,2015,38.8,2024-02-27_Week-08-2024-Athenian-Demo-Report.pdf
2024-02-25,8,2016,44.6,2024-02-27_Week-08-2024-Athenian-Demo-Report.pdf
2024-02-25,8,2017,35.3,2024-02-27_Week-08-2024-Athenian-Demo-Report.pdf
2024-02-25,8,2018,30.4,2024-02-27_Week-08-2024-Athenian-Demo-Report.pdf
2024-02-25,8,2019,16.9,2024-02-27_Week-08-2024-Athenian-Demo-Report.pdf
2024-02-25,8,2020,23.2,2024-02-27_Week-08-2024-Athenian-Demo-Report.pdf
2024-02-25,8,2021,23.7,2024-02-27_Week-08-2024-Athenian-Demo-Report.pdf
2024-02-25,8,2022,12.5,2024-02-27_Week-08-2024-Athenian-Demo-Report.pdf
2024-02-25,8,2023,10.5,2024-02-27_Week-08-2024-Athenian-Demo-Report.pdf
2024-02-25,8,2024,1.65,2024-02-27_Week-08-2024-Athenian-Demo-Report.pdf
2024-03-03,9,2009,32.0,2024-03-05_Week-09-2024-Athenian-Demo-Report.pdf
2024-03-03,9,2010,26.0,2024-03-05_Week-09-2024-Athenian-Demo-Report.pdf
2024-03-03,9,2011,40.0,2024-03-05_Week-09-2024-Athenian-Demo-Report.pdf
2024-03-03,9,2012,55.8,2024-03-05_Week-09-2024-Athenian-Demo-Report.pdf
2024-03-03,9,2013,47.0,2024-03-05_Week-09-2024-Athenian-Demo-Report.pdf
2024-03-03,9,2014,34.3,2024-03-05_Week-09-2024-Athenian-Demo-Report.pdf
2024-03-03,9,2015,38.8,2024-03-05_Week-09-2024-Athenian-Demo-Report.pdf
2024-03-03,9,2016,44.6,2024-03-05_Week-09-2024-Athenian-Demo-Report.pdf
2024-03-03,9,2017,35.3,2024-03-05_Week-09-2024-Athenian-Demo-Report.pdf
2024-03-03,9,2018,30.4,2024-03-05_Week-09-2024-Athenian-Demo-Report.pdf
2024-03-03,9,2019,16.9,2024-03-05_Week-09-2024-Athenian-Demo-Report.pdf
2024-03-03,9,2020,23.2,2024-03-05_Week-09-2024-Athenian-Demo-Report.pdf
2024-03-03,9,2021,23.7,2024-03-05_Week-09-2024-Athenian-Demo-Report.pdf
2024-03-03,9,2022,12.5,2024-03-05_Week-09-2024-Athenian-Demo-Report.pdf
2024-03-03,9,2023,10.5,2024-03-05_Week-09-2024-Athenian-Demo-Report.pdf
2024-03-03,9,2024,1.95,2024-03-05_Week-09-2024-Athenian-Demo-Report.pdf
2024-03-17,11,2009,32.0,2024-03-19_Week-11-2024-Athenian-Demo-Report.pdf
2024-03-17,11,2010,26.0,2024-03-19_Week-11-2024-Athenian-Demo-Report.pdf
2024-03-17,11,2011,40.0,2024-03-19_Week-11-2024-Athenian-Demo-Report.pdf
2024-03-17,11,2012,55.8,2024-03-19_Week-11-2024-Athenian-Demo-Report.pdf
2024-03-17,11,2013,47.0,2024-03-19_Week-11-2024-Athenian-Demo-Report.pdf
2024-03-17,11,2014,34.3,2024-03-19_Week-11-2024-Athenian-Demo-Report.pdf
2024-03-17,11,2015,38.8,2024-03-19_Week-11-2024-Athenian-Demo-Report.pdf
2024-03-17,11,2016,44.6,2024-03-19_Week-11-2024-Athenian-Demo-Report.pdf
2024-03-17,11,2017,35.3,2024-03-19_Week-11-2024-Athenian-Demo-Report.pdf
2024-03-17,11,2018,30.4,2024-03-19_Week-11-2024-Athenian-Demo-Report.pdf
2024-03-17,11,2019,16.9,2024-03-19_Week-11-2024-Athenian-Demo-Report.pdf
2024-03-17,11,2020,23.2,2024-03-19_Week-11-2024-Athenian-Demo-Report.pdf
2024-03-17,11,2021,23.7,2024-03-19_Week-11-2024-Athenian-Demo-Report.pdf
2024-03-17,11,2022,12.5,2024-03-19_Week-11-2024-Athenian-Demo-Report.pdf
2024-03-17,11,2023,10.5,2024-03-19_Week-11-2024-Athenian-Demo-Report.pdf
2024-03-17,11,2024,2.45,2024-03-19_Week-11-2024-Athenian-Demo-Report.pdf
2024-03-24,12,2009,32.0,2024-03-26_Week-12-2024-Athenian-Demo-Report.pdf
2024-03-24,12,2010,26.0,2024-03-26_Week-12-2024-Athenian-Demo-Report.pdf
2024-03-24,12,2011,40.0,2024-03-26_Week-12-2024-Athenian-Demo-Report.pdf
2024-03-24,12,2012,55.8,2024-03-26_Week-12-2024-Athenian-Demo-Report.pdf
2024-03-24,12,2013,47.0,2024-03-26_Week-12-2024-Athenian-Demo-Report.pdf
2024-03-24,12,2014,34.3,2024-03-26_Week-12-2024-Athenian-Demo-Report.pdf
2024-03-24,12,2015,38.8,2024-03-26_Week-12-2024-Athenian-Demo-Report.pdf
2024-03-24,12,2016,44.6,2024-03-26_Week-12-2024-Athenian-Demo-Report.pdf
2024-03-24,12,2017,35.3,2024-03-26_Week-12-2024-Athenian-Demo-Report.pdf
2024-03-24,12,2018,30.4,2024-03-26_Week-12-2024-Athenian-Demo-Report.pdf
2024-03-24,12,2019,16.9,2024-03-26_Week-12-2024-Athenian-Demo-Report.pdf
2024-03-24,12,2020,23.2,2024-03-26_Week-12-2024-Athenian-Demo-Report.pdf
2024-03-24,12,2021,23.7,2024-03-26_Week-12-2024-Athenian-Demo-Report.pdf
2024-03-24,12,2022,12.5,2024-03-26_Week-12-2024-Athenian-Demo-Report.pdf
2024-03-24,12,2023,10.5,2024-03-26_Week-12-2024-Athenian-Demo-Report.pdf
2024-03-24,12,2024,2.55,2024-03-26_Week-12-2024-Athenian-Demo-Report.pdf
2024-03-31,13,2009,32.0,2024-04-02_Week-13-2024-Athenian-Demo-Report.pdf
2024-03-31,13,2010,26.0,2024-04-02_Week-13-2024-Athenian-Demo-Report.pdf
2024-03-31,13,2011,40.0,2024-04-02_Week-13-2024-Athenian-Demo-Report.pdf
2024-03-31,13,2012,55.8,2024-04-02_Week-13-2024-Athenian-Demo-Report.pdf
2024-03-31,13,2013,47.0,2024-04-02_Week-13-2024-Athenian-Demo-Report.pdf
2024-03-31,13,2014,34.3,2024-04-02_Week-13-2024-Athenian-Demo-Report.pdf
2024-03-31,13,2015,38.8,2024-04-02_Week-13-2024-Athenian-Demo-Report.pdf
2024-03-31,13,2016,44.6,2024-04-02_Week-13-2024-Athenian-Demo-Report.pdf
2024-03-31,13,2017,35.3,2024-04-02_Week-13-2024-Athenian-Demo-Report.pdf
2024-03-31,13,2018,30.4,2024-04-02_Week-13-2024-Athenian-Demo-Report.pdf
2024-03-31,13,2019,16.9,2024-04-02_Week-13-2024-Athenian-Demo-Report.pdf
2024-03-31,13,2020,23.2,2024-04-02_Week-13-2024-Athenian-Demo-Report.pdf
2024-03-31,13,2021,23.7,2024-04-02_Week-13-2024-Athenian-Demo-Report.pdf
2024-03-31,13,2022,12.5,2024-04-02_Week-13-2024-Athenian-Demo-Report.pdf
2024-03-31,13,2023,10.5,2024-04-02_Week-13-2024-Athenian-Demo-Report.pdf
2024-03-31,13,2024,2.55,2024-04-02_Week-13-2024-Athenian-Demo-Report.pdf
2024-04-07,14,2009,32.0,2024-04-09_Week-14-2024-Athenian-Demo-Report.pdf
2024-04-07,14,2010,26.0,2024-04-09_Week-14-2024-Athenian-Demo-Report.pdf
2024-04-07,14,2011,40.0,2024-04-09_Week-14-2024-Athenian-Demo-Report.pdf
2024-04-07,14,2012,55.8,2024-04-09_Week-14-2024-Athenian-Demo-Report.pdf
2024-04-07,14,2013,47.0,2024-04-09_Week-14-2024-Athenian-Demo-Report.pdf
2024-04-07,14,2014,34.3,2024-04-09_Week-14-2024-Athenian-Demo-Report.pdf
2024-04-07,14,2015,38.8,2024-04-09_Week-14-2024-Athenian-Demo-Report.pdf
2024-04-07,14,2016,44.6,2024-04-09_Week-14-2024-Athenian-Demo-Report.pdf
2024-04-07,14,2017,35.3,2024-04-09_Week-14-2024-Athenian-Demo-Report.pdf
2024-04-07,14,2018,30.4,2024-04-09_Week-14-2024-Athenian-Demo-Report.pdf
2024-04-07,14,2019,16.9,2024-04-09_Week-14-2024-Athenian-Demo-Report.pdf
2024-04-07,14,2020,23.2,2024-04-09_Week-14-2024-Athenian-Demo-Report.pdf
2024-04-07,14,2021,23.7,2024-04-09_Week-14-2024-Athenian-Demo-Report.pdf
2024-04-07,14,2022,12.5,2024-04-09_Week-14-2024-Athenian-Demo-Report.pdf
2024-04-07,14,2023,10.5,2024-04-09_Week-14-2024-Athenian-Demo-Report.pdf
2024-04-07,14,2024,2.95,2024-04-09_Week-14-2024-Athenian-Demo-Report.pdf
2024-04-14,15,2009,32.0,2024-04-16_Week_15_2024_Athenian_Demo_Report.pdf.pdf
2024-04-14,15,2010,26.0,2024-04-16_Week_15_2024_Athenian_Demo_Report.pdf.pdf
2024-04-14,15,2011,40.0,2024-04-16_Week_15_2024_Athenian_Demo_Report.pdf.pdf
2024-04-14,15,2012,55.8,2024-04-16_Week_15_2024_Athenian_Demo_Report.pdf.pdf
2024-04-14,15,2013,47.0,2024-04-16_Week_15_2024_Athenian_Demo_Report.pdf.pdf
2024-04-14,15,2014,34.3,2024-04-16_Week_15_2024_Athenian_Demo_Report.pdf.pdf
2024-04-14,15,2015,38.8,2024-04-16_Week_15_2024_Athenian_Demo_Report.pdf.pdf
2024-04-14,15,2016,44.6,2024-04-16_Week_15_2024_Athenian_Demo_Report.pdf.pdf
2024-04-14,15,2017,35.3,2024-04-16_Week_15_2024_Athenian_Demo_Report.pdf.pdf
2024-04-14,15,2018,35.3,2024-04-16_Week_15_2024_Athenian_Demo_Report.pdf.pdf
2024-04-14,15,2019,30.4,2024-04-16_Week_15_2024_Athenian_Demo_Report.pdf.pdf
2024-04-14,15,2020,16.9,2024-04-16_Week_15_2024_Athenian_Demo_Report.pdf.pdf
2024-04-14,15,2021,23.2,2024-04-16_Week_15_2024_Athenian_Demo_Report.pdf.pdf
2024-04-14,15,2022,23.7,2024-04-16_Week_15_2024_Athenian_Demo_Report.pdf.pdf
2024-04-14,15,2023,12.5,2024-04-16_Week_15_2024_Athenian_Demo_Report.pdf.pdf
2024-04-14,15,2024,10.5,2024-04-16_Week_15_2024_Athenian_Demo_Report.pdf.pdf
2024-04-21,16,2009,32.0,2024-04-23_Week-16-2024-Athenian-Demo-Report.pdf
2024-04-21,16,2010,26.0,2024-04-23_Week-16-2024-Athenian-Demo-Report.pdf
2024-04-21,16,2011,40.0,2024-04-23_Week-16-2024-Athenian-Demo-Report.pdf
2024-04-21,16,2012,55.8,2024-04-23_Week-16-2024-Athenian-Demo-Report.pdf
2024-04-21,16,2013,47.0,2024-04-23_Week-16-2024-Athenian-Demo-Report.pdf
2024-04-21,16,2014,34.3,2024-04-23_Week-16-2024-Athenian-Demo-Report.pdf
2024-04-21,16,2015,38.8,2024-04-23_Week-16-2024-Athenian-Demo-Report.pdf
2024-04-21,16,2016,44.6,2024-04-23_Week-16-2024-Athenian-Demo-Report.pdf
2024-04-21,16,2017,35.3,2024-04-23_Week-16-2024-Athenian-Demo-Report.pdf
2024-04-21,16,2018,30.4,2024-04-23_Week-16-2024-Athenian-Demo-Report.pdf
2024-04-21,16,2019,16.9,2024-04-23_Week-16-2024-Athenian-Demo-Report.pdf
2024-04-21,16,2020,23.2,2024-04-23_Week-16-2024-Athenian-Demo-Report.pdf
2024-04-21,16,2021,23.7,2024-04-23_Week-16-2024-Athenian-Demo-Report.pdf
2024-04-21,16,2022,12.5,2024-04-23_Week-16-2024-Athenian-Demo-Report.pdf
2024-04-21,16,2023,10.5,2024-04-23_Week-16-2024-Athenian-Demo-Report.pdf
2024-04-21,16,2024,3.25,2024-04-23_Week-16-2024-Athenian-Demo-Report.pdf
2024-04-28,17,2009,32.0,2024-04-30_Week-17-2024-Athenian-Demo-Report.pdf
2024-04-28,17,2010,26.0,2024-04-30_Week-17-2024-Athenian-Demo-Report.pdf
2024-04-28,17,2011,40.0,2024-04-30_Week-17-2024-Athenian-Demo-Report.pdf
2024-04-28,17,2012,55.8,2024-04-30_Week-17-2024-Athenian-Demo-Report.pdf
2024-04-28,17,2013,47.0,2024-04-30_Week-17-2024-Athenian-Demo-Report.pdf
2024-04-28,17,2014,34.3,2024-04-30_Week-17-2024-Athenian-Demo-Report.pdf
2024-04-28,17,2015,38.8,2024-04-30_Week-17-2024-Athenian-Demo-Report.pdf
2024-04-28,17,2016,44.6,2024-04-30_Week-17-2024-Athenian-Demo-Report.pdf
2024-04-28,17,2017,35.3,2024-04-30_Week-17-2024-Athenian-Demo-Report.pdf
2024-04-28,17,2018,30.4,2024-04-30_Week-17-2024-Athenian-Demo-Report.pdf
2024-04-28,17,2019,16.9,2024-04-30_Week-17-2024-Athenian-Demo-Report.pdf
2024-04-28,17,2020,23.2,2024-04-30_Week-17-2024-Athenian-Demo-Report.pdf
2024-04-28,17,2021,23.7,2024-04-30_Week-17-2024-Athenian-Demo-Report.pdf
2024-04-28,17,2022,12.5,2024-04-30_Week-17-2024-Athenian-Demo-Report.pdf
2024-04-28,17,2023,10.5,2024-04-30_Week-17-2024-Athenian-Demo-Report.pdf
2024-04-28,17,2024,3.35,2024-04-30_Week-17-2024-Athenian-Demo-Report.pdf
2024-05-05,18,2009,32.0,2024-05-08_Week_18_2024_Athenian_Demo_Report.pdf
2024-05-05,18,2010,26.0,2024-05-08_Week_18_2024_Athenian_Demo_Report.pdf
2024-05-05,18,2011,40.0,2024-05-08_Week_18_2024_Athenian_Demo_Report.pdf
2024-05-05,18,2012,55.8,2024-05-08_Week_18_2024_Athenian_Demo_Report.pdf
2024-05-05,18,2013,47.0,2024-05-08_Week_18_2024_Athenian_Demo_Report.pdf
2024-05-05,18,2014,34.3,2024-05-08_Week_18_2024_Athenian_Demo_Report.pdf
2024-05-05,18,2015,38.8,2024-05-08_Week_18_2024_Athenian_Demo_Report.pdf
2024-05-05,18,2016,44.6,2024-05-08_Week_18_2024_Athenian_Demo_Report.pdf
2024-05-05,18,2017,35.3,2024-05-08_Week_18_2024_Athenian_Demo_Report.pdf
2024-05-05,18,2018,30.4,2024-05-08_Week_18_2024_Athenian_Demo_Report.pdf
2024-05-05,18,2019,16.9,2024-05-08_Week_18_2024_Athenian_Demo_Report.pdf
2024-05-05,18,2020,23.2,2024-05-08_Week_18_2024_Athenian_Demo_Report.pdf
2024-05-05,18,2021,23.7,2024-05-08_Week_18_2024_Athenian_Demo_Report.pdf
2024-05-05,18,2022,12.5,2024-05-08_Week_18_2024_Athenian_Demo_Report.pdf
2024-05-05,18,2023,10.5,2024-05-08_Week_18_2024_Athenian_Demo_Report.pdf
2024-05-05,18,2024,3.85,2024-05-08_Week_18_2024_Athenian_Demo_Report.pdf
2024-05-12,19,2009,32.0,2024-05-14_Week-19-2024-Athenian-Demo-Report.pdf
2024-05-12,19,2010,26.0,2024-05-14_Week-19-2024-Athenian-Demo-Report.pdf
2024-05-12,19,2011,40.0,2024-05-14_Week-19-2024-Athenian-Demo-Report.pdf
2024-05-12,19,2012,55.8,2024-05-14_Week-19-2024-Athenian-Demo-Report.pdf
2024-05-12,19,2013,47.0,2024-05-14_Week-19-2024-Athenian-Demo-Report.pdf
2024-05-12,19,2014,34.3,2024-05-14_Week-19-2024-Athenian-Demo-Report.pdf
2024-05-12,19,2015,38.8,2024-05-14_Week-19-2024-Athenian-Demo-Report.pdf
2024-05-12,19,2016,44.6,2024-05-14_Week-19-2024-Athenian-Demo-Report.pdf
2024-05-12,19,2017,35.3,2024-05-14_Week-19-2024-Athenian-Demo-Report.pdf
2024-05-12,19,2018,30.4,2024-05-14_Week-19-2024-Athenian-Demo-Report.pdf
2024-05-12,19,2019,16.9,2024-05-14_Week-19-2024-Athenian-Demo-Report.pdf
2024-05-12,19,2020,23.2,2024-05-14_Week-19-2024-Athenian-Demo-Report.pdf
2024-05-12,19,2021,23.7,2024-05-14_Week-19-2024-Athenian-Demo-Report.pdf
2024-05-12,19,2022,12.5,2024-05-14_Week-19-2024-Athenian-Demo-Report.pdf
2024-05-12,19,2023,10.5,2024-05-14_Week-19-2024-Athenian-Demo-Report.pdf
2024-05-12,19,2024,3.95,2024-05-14_Week-19-2024-Athenian-Demo-Report.pdf
2024-05-19,20,2009,32.0,2024-05-21_Week_20_2024_Athenian_Demo_Report.pdf
2024-05-19,20,2010,26.0,2024-05-21_Week_20_2024_Athenian_Demo_Report.pdf
2024-05-19,20,2011,40.0,2024-05-21_Week_20_2024_Athenian_Demo_Report.pdf
2024-05-19,20,2012,55.8,2024-05-21_Week_20_2024_Athenian_Demo_Report.pdf
2024-05-19,20,2013,47.0,2024-05-21_Week_20_2024_Athenian_Demo_Report.pdf
2024-05-19,20,2014,34.3,2024-05-21_Week_20_2024_Athenian_Demo_Report.pdf
2024-05-19,20,2015,38.8,2024-05-21_Week_20_2024_Athenian_Demo_Report.pdf
2024-05-19,20,2016,44.6,2024-05-21_Week_20_2024_Athenian_Demo_Report.pdf
2024-05-19,20,2017,35.3,2024-05-21_Week_20_2024_Athenian_Demo_Report.pdf
2024-05-19,20,2018,30.4,2024-05-21_Week_20_2024_Athenian_Demo_Report.pdf
2024-05-19,20,2019,16.9,2024-05-21_Week_20_2024_Athenian_Demo_Report.pdf
2024-05-19,20,2020,23.2,2024-05-21_Week_20_2024_Athenian_Demo_Report.pdf
2024-05-19,20,2021,23.7,2024-05-21_Week_20_2024_Athenian_Demo_Report.pdf
2024-05-19,20,2022,12.5,2024-05-21_Week_20_2024_Athenian_Demo_Report.pdf
2024-05-19,20,2023,10.5,2024-05-21_Week_20_2024_Athenian_Demo_Report.pdf
2024-05-19,20,2024,4.35,2024-05-21_Week_20_2024_Athenian_Demo_Report.pdf
2024-05-26,21,2009,32.0,2024-05-28_Week-21-2024-Athenian-Demo-Report.pdf
2024-05-26,21,2010,26.0,2024-05-28_Week-21-2024-Athenian-Demo-Report.pdf
2024-05-26,21,2011,40.0,2024-05-28_Week-21-2024-Athenian-Demo-Report.pdf
2024-05-26,21,2012,55.8,2024-05-28_Week-21-2024-Athenian-Demo-Report.pdf
2024-05-26,21,2013,47.0,2024-05-28_Week-21-2024-Athenian-Demo-Report.pdf
2024-05-26,21,2014,34.3,2024-05-28_Week-21-2024-Athenian-Demo-Report.pdf
2024-05-26,21,2015,38.8,2024-05-28_Week-21-2024-Athenian-Demo-Report.pdf
2024-05-26,21,2016,44.6,2024-05-28_Week-21-2024-Athenian-Demo-Report.pdf
2024-05-26,21,2017,35.3,2024-05-28_Week-21-2024-Athenian-Demo-Report.pdf
2024-05-26,21,2018,30.4,2024-05-28_Week-21-2024-Athenian-Demo-Report.pdf
2024-05-26,21,2019,16.9,2024-05-28_Week-21-2024-Athenian-Demo-Report.pdf
2024-05-26,21,2020,23.2,2024-05-28_Week-21-2024-Athenian-Demo-Report.pdf
2024-05-26,21,2021,23.7,2024-05-28_Week-21-2024-Athenian-Demo-Report.pdf
2024-05-26,21,2022,12.5,2024-05-28_Week-21-2024-Athenian-Demo-Report.pdf
2024-05-26,21,2023,10.5,2024-05-28_Week-21-2024-Athenian-Demo-Report.pdf
2024-05-26,21,2024,4.55,2024-05-28_Week-21-2024-Athenian-Demo-Report.pdf
2024-06-02,22,2009,32.0,2024-06-04_Week-22-2024-Athenian-Demo-Report.pdf
2024-06-02,22,2010,26.0,2024-06-04_Week-22-2024-Athenian-Demo-Report.pdf
2024-06-02,22,2011,40.0,2024-06-04_Week-22-2024-Athenian-Demo-Report.pdf
2024-06-02,22,2012,55.8,2024-06-04_Week-22-2024-Athenian-Demo-Report.pdf
2024-06-02,22,2013,47.0,2024-06-04_Week-22-2024-Athenian-Demo-Report.pdf
2024-06-02,22,2014,34.3,2024-06-04_Week-22-2024-Athenian-Demo-Report.pdf
2024-06-02,22,2015,38.8,2024-06-04_Week-22-2024-Athenian-Demo-Report.pdf
2024-06-02,22,2016,44.6,2024-06-04_Week-22-2024-Athenian-Demo-Report.pdf
2024-06-02,22,2017,35.3,2024-06-04_Week-22-2024-Athenian-Demo-Report.pdf
2024-06-02,22,2018,30.4,2024-06-04_Week-22-2024-Athenian-Demo-Report.pdf
2024-06-02,22,2019,16.9,2024-06-04_Week-22-2024-Athenian-Demo-Report.pdf
2024-06-02,22,2020,23.2,2024-06-04_Week-22-2024-Athenian-Demo-Report.pdf
2024-06-02,22,2021,23.7,2024-06-04_Week-22-2024-Athenian-Demo-Report.pdf
2024-06-02,22,2022,12.5,2024-06-04_Week-22-2024-Athenian-Demo-Report.pdf
2024-06-02,22,2023,10.5,2024-06-04_Week-22-2024-Athenian-Demo-Report.pdf
2024-06-02,22,2024,4.75,2024-06-04_Week-22-2024-Athenian-Demo-Report.pdf
2024-06-09,23,2009,32.0,2024-06-11_Week-23-2024-Athenian-Demo-Report.pdf
2024-06-09,23,2010,26.0,2024-06-11_Week-23-2024-Athenian-Demo-Report.pdf
2024-06-09,23,2011,40.0,2024-06-11_Week-23-2024-Athenian-Demo-Report.pdf
2024-06-09,23,2012,55.8,2024-06-11_Week-23-2024-Athenian-Demo-Report.pdf
2024-06-09,23,2013,47.0,2024-06-11_Week-23-2024-Athenian-Demo-Report.pdf
2024-06-09,23,2014,34.3,2024-06-11_Week-23-2024-Athenian-Demo-Report.pdf
2024-06-09,23,2015,38.8,2024-06-11_Week-23-2024-Athenian-Demo-Report.pdf
2024-06-09,23,2016,44.6,2024-06-11_Week-23-2024-Athenian-Demo-Report.pdf
2024-06-09,23,2017,35.3,2024-06-11_Week-23-2024-Athenian-Demo-Report.pdf
2024-06-09,23,2018,30.4,2024-06-11_Week-23-2024-Athenian-Demo-Report.pdf
2024-06-09,23,2019,16.9,2024-06-11_Week-23-2024-Athenian-Demo-Report.pdf
2024-06-09,23,2020,23.2,2024-06-11_Week-23-2024-Athenian-Demo-Report.pdf
2024-06-09,23,2021,23.7,2024-06-11_Week-23-2024-Athenian-Demo-Report.pdf
2024-06-09,23,2022,12.5,2024-06-11_Week-23-2024-Athenian-Demo-Report.pdf
2024-06-09,23,2023,10.5,2024-06-11_Week-23-2024-Athenian-Demo-Report.pdf
2024-06-09,23,2024,4.85,2024-06-11_Week-23-2024-Athenian-Demo-Report.pdf
2024-06-16,24,2009,32.0,2024-06-18_Week-24-2024-Athenian-Demo-Report.pdf
2024-06-16,24,2010,26.0,2024-06-18_Week-24-2024-Athenian-Demo-Report.pdf
2024-06-16,24,2011,40.0,2024-06-18_Week-24-2024-Athenian-Demo-Report.pdf
2024-06-16,24,2012,55.8,2024-06-18_Week-24-2024-Athenian-Demo-Report.pdf
2024-06-16,24,2013,47.0,2024-06-18_Week-24-2024-Athenian-Demo-Report.pdf
2024-06-16,24,2014,34.3,2024-06-18_Week-24-2024-Athenian-Demo-Report.pdf
2024-06-16,24,2015,38.8,2024-06-18_Week-24-2024-Athenian-Demo-Report.pdf
2024-06-16,24,2016,44.6,2024-06-18_Week-24-2024-Athenian-Demo-Report.pdf
2024-06-16,24,2017,35.3,2024-06-18_Week-24-2024-Athenian-Demo-Report.pdf
2024-06-16,24,2018,30.4,2024-06-18_Week-24-2024-Athenian-Demo-Report.pdf
2024-06-16,24,2019,16.9,2024-06-18_Week-24-2024-Athenian-Demo-Report.pdf
2024-06-16,24,2020,23.2,2024-06-18_Week-24-2024-Athenian-Demo-Report.pdf
2024-06-16,24,2021,23.7,2024-06-18_Week-24-2024-Athenian-Demo-Report.pdf
2024-06-16,24,2022,12.5,2024-06-18_Week-24-2024-Athenian-Demo-Report.pdf
2024-06-16,24,2023,10.5,2024-06-18_Week-24-2024-Athenian-Demo-Report.pdf
2024-06-16,24,2024,5.05,2024-06-18_Week-24-2024-Athenian-Demo-Report.pdf
2024-06-30,26,2009,32.0,2024-07-02_Week-26-2024-Athenian-Demo-Report.pdf
2024-06-30,26,2010,26.0,2024-07-02_Week-26-2024-Athenian-Demo-Report.pdf
2024-06-30,26,2011,40.0,2024-07-02_Week-26-2024-Athenian-Demo-Report.pdf
2024-06-30,26,2012,55.8,2024-07-02_Week-26-2024-Athenian-Demo-Report.pdf
2024-06-30,26,2013,47.0,2024-07-02_Week-26-2024-Athenian-Demo-Report.pdf
2024-06-30,26,2014,34.3,2024-07-02_Week-26-2024-Athenian-Demo-Report.pdf
2024-06-30,26,2015,38.8,2024-07-02_Week-26-2024-Athenian-Demo-Report.pdf
2024-06-30,26,2016,44.6,2024-07-02_Week-26-2024-Athenian-Demo-Report.pdf
2024-06-30,26,2017,35.3,2024-07-02_Week-26-2024-Athenian-Demo-Report.pdf
2024-06-30,26,2018,30.4,2024-07-02_Week-26-2024-Athenian-Demo-Report.pdf
2024-06-30,26,2019,16.9,2024-07-02_Week-26-2024-Athenian-Demo-Report.pdf
2024-06-30,26,2020,23.2,2024-07-02_Week-26-2024-Athenian-Demo-Report.pdf
2024-06-30,26,2021,23.7,2024-07-02_Week-26-2024-Athenian-Demo-Report.pdf
2024-06-30,26,2022,12.5,2024-07-02_Week-26-2024-Athenian-Demo-Report.pdf
2024-06-30,26,2023,10.5,2024-07-02_Week-26-2024-Athenian-Demo-Report.pdf
2024-06-30,26,2024,5.35,2024-07-02_Week-26-2024-Athenian-Demo-Report.pdf
2024-07-07,27,2009,32.0,2024-07-09_Week-27-2024-Athenian-Demo-Report.pdf
2024-07-07,27,2010,26.0,2024-07-09_Week-27-2024-Athenian-Demo-Report.pdf
2024-07-07,27,2011,40.0,2024-07-09_Week-27-2024-Athenian-Demo-Report.pdf
2024-07-07,27,2012,55.8,2024-07-09_Week-27-2024-Athenian-Demo-Report.pdf
2024-07-07,27,2013,47.0,2024-07-09_Week-27-2024-Athenian-Demo-Report.pdf
2024-07-07,27,2014,34.3,2024-07-09_Week-27-2024-Athenian-Demo-Report.pdf
2024-07-07,27,2015,38.8,2024-07-09_Week-27-2024-Athenian-Demo-Report.pdf
2024-07-07,27,2016,44.6,2024-07-09_Week-27-2024-Athenian-Demo-Report.pdf
2024-07-07,27,2017,35.3,2024-07-09_Week-27-2024-Athenian-Demo-Report.pdf
2024-07-07,27,2018,30.4,2024-07-09_Week-27-2024-Athenian-Demo-Report.pdf
2024-07-07,27,2019,16.9,2024-07-09_Week-27-2024-Athenian-Demo-Report.pdf
2024-07-07,27,2020,23.2,2024-07-09_Week-27-2024-Athenian-Demo-Report.pdf
2024-07-07,27,2021,23.7,2024-07-09_Week-27-2024-Athenian-Demo-Report.pdf
2024-07-07,27,2022,12.5,2024-07-09_Week-27-2024-Athenian-Demo-Report.pdf
2024-07-07,27,2023,10.5,2024-07-09_Week-27-2024-Athenian-Demo-Report.pdf
2024-07-07,27,2024,5.55,2024-07-09_Week-27-2024-Athenian-Demo-Report.pdf
2024-07-14,28,2009,32.0,2024-07-16_Week-28-2024-Athenian-Demo-Report.pdf
2024-07-14,28,2010,26.0,2024-07-16_Week-28-2024-Athenian-Demo-Report.pdf
2024-07-14,28,2011,40.0,2024-07-16_Week-28-2024-Athenian-Demo-Report.pdf
2024-07-14,28,2012,55.8,2024-07-16_Week-28-2024-Athenian-Demo-Report.pdf
2024-07-14,28,2013,47.0,2024-07-16_Week-28-2024-Athenian-Demo-Report.pdf
2024-07-14,28,2014,34.3,2024-07-16_Week-28-2024-Athenian-Demo-Report.pdf
2024-07-14,28,2015,38.8,2024-07-16_Week-28-2024-Athenian-Demo-Report.pdf
2024-07-14,28,2016,44.6,2024-07-16_Week-28-2024-Athenian-Demo-Report.pdf
2024-07-14,28,2017,35.3,2024-07-16_Week-28-2024-Athenian-Demo-Report.pdf
2024-07-14,28,2018,30.4,2024-07-16_Week-28-2024-Athenian-Demo-Report.pdf
2024-07-14,28,2019,16.9,2024-07-16_Week-28-2024-Athenian-Demo-Report.pdf
2024-07-14,28,2020,23.2,2024-07-16_Week-28-2024-Athenian-Demo-Report.pdf
2024-07-14,28,2021,23.7,2024-07-16_Week-28-2024-Athenian-Demo-Report.pdf
2024-07-14,28,2022,12.5,2024-07-16_Week-28-2024-Athenian-Demo-Report.pdf
2024-07-14,28,2023,10.5,2024-07-16_Week-28-2024-Athenian-Demo-Report.pdf
2024-07-14,28,2024,5.55,2024-07-16_Week-28-2024-Athenian-Demo-Report.pdf
2024-08-04,31,2009,32.0,2024-08-06_Week-31-2024-Athenian-Demo-Report.pdf
2024-08-04,31,2010,26.0,2024-08-06_Week-31-2024-Athenian-Demo-Report.pdf
2024-08-04,31,2011,40.0,2024-08-06_Week-31-2024-Athenian-Demo-Report.pdf
2024-08-04,31,2012,55.8,2024-08-06_Week-31-2024-Athenian-Demo-Report.pdf
2024-08-04,31,2013,47.0,2024-08-06_Week-31-2024-Athenian-Demo-Report.pdf
2024-08-04,31,2014,34.3,2024-08-06_Week-31-2024-Athenian-Demo-Report.pdf
2024-08-04,31,2015,38.8,2024-08-06_Week-31-2024-Athenian-Demo-Report.pdf
2024-08-04,31,2016,44.6,2024-08-06_Week-31-2024-Athenian-Demo-Report.pdf
2024-08-04,31,2017,35.3,2024-08-06_Week-31-2024-Athenian-Demo-Report.pdf
2024-08-04,31,2018,30.4,2024-08-06_Week-31-2024-Athenian-Demo-Report.pdf
2024-08-04,31,2019,16.9,2024-08-06_Week-31-2024-Athenian-Demo-Report.pdf
2024-08-04,31,2020,23.2,2024-08-06_Week-31-2024-Athenian-Demo-Report.pdf
2024-08-04,31,2021,23.7,2024-08-06_Week-31-2024-Athenian-Demo-Report.pdf
2024-08-04,31,2022,12.5,2024-08-06_Week-31-2024-Athenian-Demo-Report.pdf
2024-08-04,31,2023,10.5,2024-08-06_Week-31-2024-Athenian-Demo-Report.pdf
2024-08-04,31,2024,5.75,2024-08-06_Week-31-2024-Athenian-Demo-Report.pdf
2024-08-11,32,2009,32.0,2024-08-13_Week-32-2024-Athenian-Demo-Report.pdf
2024-08-11,32,2010,26.0,2024-08-13_Week-32-2024-Athenian-Demo-Report.pdf
2024-08-11,32,2011,40.0,2024-08-13_Week-32-2024-Athenian-Demo-Report.pdf
2024-08-11,32,2012,55.8,2024-08-13_Week-32-2024-Athenian-Demo-Report.pdf
2024-08-11,32,2013,47.0,2024-08-13_Week-32-2024-Athenian-Demo-Report.pdf
2024-08-11,32,2014,34.3,2024-08-13_Week-32-2024-Athenian-Demo-Report.pdf
2024-08-11,32,2015,38.8,2024-08-13_Week-32-2024-Athenian-Demo-Report.pdf
2024-08-11,32,2016,44.6,2024-08-13_Week-32-2024-Athenian-Demo-Report.pdf
2024-08-11,32,2017,35.3,2024-08-13_Week-32-2024-Athenian-Demo-Report.pdf
2024-08-11,32,2018,30.4,2024-08-13_Week-32-2024-Athenian-Demo-Report.pdf
2024-08-11,32,2019,16.9,2024-08-13_Week-32-2024-Athenian-Demo-Report.pdf
2024-08-11,32,2020,23.2,2024-08-13_Week-32-2024-Athenian-Demo-Report.pdf
2024-08-11,32,2021,23.7,2024-08-13_Week-32-2024-Athenian-Demo-Report.pdf
2024-08-11,32,2022,12.5,2024-08-13_Week-32-2024-Athenian-Demo-Report.pdf
2024-08-11,32,2023,10.5,2024-08-13_Week-32-2024-Athenian-Demo-Report.pdf
2024-08-11,32,2024,6.15,2024-08-13_Week-32-2024-Athenian-Demo-Report.pdf
2024-08-18,33,2009,32.0,2024-08-20_Week-33-2024-Athenian-Demo-report.pdf
2024-08-18,33,2010,26.0,2024-08-20_Week-33-2024-Athenian-Demo-report.pdf
2024-08-18,33,2011,40.0,2024-08-20_Week-33-2024-Athenian-Demo-report.pdf
2024-08-18,33,2012,55.8,2024-08-20_Week-33-2024-Athenian-Demo-report.pdf
2024-08-18,33,2013,47.0,2024-08-20_Week-33-2024-Athenian-Demo-report.pdf
2024-08-18,33,2014,34.3,2024-08-20_Week-33-2024-Athenian-Demo-report.pdf
2024-08-18,33,2015,38.8,2024-08-20_Week-33-2024-Athenian-Demo-report.pdf
2024-08-18,33,2016,44.6,2024-08-20_Week-33-2024-Athenian-Demo-report.pdf
2024-08-18,33,2017,35.3,2024-08-20_Week-33-2024-Athenian-Demo-report.pdf
2024-08-18,33,2018,30.4,2024-08-20_Week-33-2024-Athenian-Demo-report.pdf
2024-08-18,33,2019,16.9,2024-08-20_Week-33-2024-Athenian-Demo-report.pdf
2024-08-18,33,2020,23.2,2024-08-20_Week-33-2024-Athenian-Demo-report.pdf
2024-08-18,33,2021,23.7,2024-08-20_Week-33-2024-Athenian-Demo-report.pdf
2024-08-18,33,2022,12.5,2024-08-20_Week-33-2024-Athenian-Demo-report.pdf
2024-08-18,33,2023,10.5,2024-08-20_Week-33-2024-Athenian-Demo-report.pdf
2024-08-18,33,2024,6.25,2024-08-20_Week-33-2024-Athenian-Demo-report.pdf
2024-08-25,34,2009,32.0,2024-08-27_Week_34_2024_Athenian_Demo_Report-1.pdf
2024-08-25,34,2010,26.0,2024-08-27_Week_34_2024_Athenian_Demo_Report-1.pdf
2024-08-25,34,2011,40.0,2024-08-27_Week_34_2024_Athenian_Demo_Report-1.pdf
2024-08-25,34,2012,55.8,2024-08-27_Week_34_2024_Athenian_Demo_Report-1.pdf
2024-08-25,34,2013,47.0,2024-08-27_Week_34_2024_Athenian_Demo_Report-1.pdf
2024-08-25,34,2014,34.3,2024-08-27_Week_34_2024_Athenian_Demo_Report-1.pdf
2024-08-25,34,2015,38.8,2024-08-27_Week_34_2024_Athenian_Demo_Report-1.pdf
2024-08-25,34,2016,44.6,2024-08-27_Week_34_2024_Athenian_Demo_Report-1.pdf
2024-08-25,34,2017,35.3,2024-08-27_Week_34_2024_Athenian_Demo_Report-1.pdf
2024-08-25,34,2018,30.4,2024-08-27_Week_34_2024_Athenian_Demo_Report-1.pdf
2024-08-25,34,2019,16.9,2024-08-27_Week_34_2024_Athenian_Demo_Report-1.pdf
2024-08-25,34,2020,23.2,2024-08-27_Week_34_2024_Athenian_Demo_Report-1.pdf
2024-08-25,34,2021,23.7,2024-08-27_Week_34_2024_Athenian_Demo_Report-1.pdf
2024-08-25,34,2022,12.5,2024-08-27_Week_34_2024_Athenian_Demo_Report-1.pdf
2024-08-25,34,2023,10.5,2024-08-27_Week_34_2024_Athenian_Demo_Report-1.pdf
2024-08-25,34,2024,6.35,2024-08-27_Week_34_2024_Athenian_Demo_Report-1.pdf
2024-09-01,35,2009,32.0,2024-09-03_Week-35-2024-Athenian-Demo-Report.pdf
2024-09-01,35,2010,26.0,2024-09-03_Week-35-2024-Athenian-Demo-Report.pdf
2024-09-01,35,2011,40.0,2024-09-03_Week-35-2024-Athenian-Demo-Report.pdf
2024-09-01,35,2012,55.8,2024-09-03_Week-35-2024-Athenian-Demo-Report.pdf
2024-09-01,35,2013,47.0,2024-09-03_Week-35-2024-Athenian-Demo-Report.pdf
2024-09-01,35,2014,34.3,2024-09-03_Week-35-2024-Athenian-Demo-Report.pdf
2024-09-01,35,2015,38.8,2024-09-03_Week-35-2024-Athenian-Demo-Report.pdf
2024-09-01,35,2016,44.6,2024-09-03_Week-35-2024-Athenian-Demo-Report.pdf
2024-09-01,35,2017,35.3,2024-09-03_Week-35-2024-Athenian-Demo-Report.pdf
2024-09-01,35,2018,30.4,2024-09-03_Week-35-2024-Athenian-Demo-Report.pdf
2024-09-01,35,2019,16.9,2024-09-03_Week-35-2024-Athenian-Demo-Report.pdf
2024-09-01,35,2020,23.2,2024-09-03_Week-35-2024-Athenian-Demo-Report.pdf
2024-09-01,35,2021,23.7,2024-09-03_Week-35-2024-Athenian-Demo-Report.pdf
2024-09-01,35,2022,12.5,2024-09-03_Week-35-2024-Athenian-Demo-Report.pdf
2024-09-01,35,2023,10.5,2024-09-03_Week-35-2024-Athenian-Demo-Report.pdf
2024-09-01,35,2024,6.35,2024-09-03_Week-35-2024-Athenian-Demo-Report.pdf
2024-09-08,36,2009,32.0,2024-09-10_Week_36_Athenian_Demo_Report.pdf
2024-09-08,36,2010,26.0,2024-09-10_Week_36_Athenian_Demo_Report.pdf
2024-09-08,36,2011,40.0,2024-09-10_Week_36_Athenian_Demo_Report.pdf
2024-09-08,36,2012,55.8,2024-09-10_Week_36_Athenian_Demo_Report.pdf
2024-09-08,36,2013,47.0,2024-09-10_Week_36_Athenian_Demo_Report.pdf
2024-09-08,36,2014,34.3,2024-09-10_Week_36_Athenian_Demo_Report.pdf
2024-09-08,36,2015,38.8,2024-09-10_Week_36_Athenian_Demo_Report.pdf
2024-09-08,36,2016,44.6,2024-09-10_Week_36_Athenian_Demo_Report.pdf
2024-09-08,36,2017,35.3,2024-09-10_Week_36_Athenian_Demo_Report.pdf
2024-09-08,36,2018,30.4,2024-09-10_Week_36_Athenian_Demo_Report.pdf
2024-09-08,36,2019,16.9,2024-09-10_Week_36_Athenian_Demo_Report.pdf
2024-09-08,36,2020,23.2,2024-09-10_Week_36_Athenian_Demo_Report.pdf
2024-09-08,36,2021,23.7,2024-09-10_Week_36_Athenian_Demo_Report.pdf
2024-09-08,36,2022,12.5,2024-09-10_Week_36_Athenian_Demo_Report.pdf
2024-09-08,36,2023,10.5,2024-09-10_Week_36_Athenian_Demo_Report.pdf
2024-09-08,36,2024,6.5,2024-09-10_Week_36_Athenian_Demo_Report.pdf
2024-09-15,37,2009,32.0,2024-09-17_Week-37-2024-Athenian-Demo-Report.pdf
2024-09-15,37,2010,26.0,2024-09-17_Week-37-2024-Athenian-Demo-Report.pdf
2024-09-15,37,2011,40.0,2024-09-17_Week-37-2024-Athenian-Demo-Report.pdf
2024-09-15,37,2012,55.8,2024-09-17_Week-37-2024-Athenian-Demo-Report.pdf
2024-09-15,37,2013,47.0,2024-09-17_Week-37-2024-Athenian-Demo-Report.pdf
2024-09-15,37,2014,34.3,2024-09-17_Week-37-2024-Athenian-Demo-Report.pdf
2024-09-15,37,2015,38.8,2024-09-17_Week-37-2024-Athenian-Demo-Report.pdf
2024-09-15,37,2016,44.6,2024-09-17_Week-37-2024-Athenian-Demo-Report.pdf
2024-09-15,37,2017,35.3,2024-09-17_Week-37-2024-Athenian-Demo-Report.pdf
2024-09-15,37,2018,30.4,2024-09-17_Week-37-2024-Athenian-Demo-Report.pdf
2024-09-15,37,2019,16.9,2024-09-17_Week-37-2024-Athenian-Demo-Report.pdf
2024-09-15,37,2020,23.2,2024-09-17_Week-37-2024-Athenian-Demo-Report.pdf
2024-09-15,37,2021,23.7,2024-09-17_Week-37-2024-Athenian-Demo-Report.pdf
2024-09-15,37,2022,12.5,2024-09-17_Week-37-2024-Athenian-Demo-Report.pdf
2024-09-15,37,2023,10.5,2024-09-17_Week-37-2024-Athenian-Demo-Report.pdf
2024-09-15,37,2024,6.65,2024-09-17_Week-37-2024-Athenian-Demo-Report.pdf
2024-09-22,38,2009,32.0,2024-09-24_Week-38-2024-Athenian-Demo-Report.pdf
2024-09-22,38,2010,26.0,2024-09-24_Week-38-2024-Athenian-Demo-Report.pdf
2024-09-22,38,2011,40.0,2024-09-24_Week-38-2024-Athenian-Demo-Report.pdf
2024-09-22,38,2012,55.8,2024-09-24_Week-38-2024-Athenian-Demo-Report.pdf
2024-09-22,38,2013,47.0,2024-09-24_Week-38-2024-Athenian-Demo-Report.pdf
2024-09-22,38,2014,34.3,2024-09-24_Week-38-2024-Athenian-Demo-Report.pdf
2024-09-22,38,2015,38.8,2024-09-24_Week-38-2024-Athenian-Demo-Report.pdf
2024-09-22,38,2016,44.6,2024-09-24_Week-38-2024-Athenian-Demo-Report.pdf
2024-09-22,38,2017,35.3,2024-09-24_Week-38-2024-Athenian-Demo-Report.pdf
2024-09-22,38,2018,30.4,2024-09-24_Week-38-2024-Athenian-Demo-Report.pdf
2024-09-22,38,2019,16.9,2024-09-24_Week-38-2024-Athenian-Demo-Report.pdf
2024-09-22,38,2020,23.2,2024-09-24_Week-38-2024-Athenian-Demo-Report.pdf
2024-09-22,38,2021,23.7,2024-09-24_Week-38-2024-Athenian-Demo-Report.pdf
2024-09-22,38,2022,12.5,2024-09-24_Week-38-2024-Athenian-Demo-Report.pdf
2024-09-22,38,2023,10.5,2024-09-24_Week-38-2024-Athenian-Demo-Report.pdf
2024-09-22,38,2024,6.65,2024-09-24_Week-38-2024-Athenian-Demo-Report.pdf
2024-09-29,39,2009,32.0,2024-10-01_Week-39-Athenian-Demo-Report.pdf
2024-09-29,39,2010,26.0,2024-10-01_Week-39-Athenian-Demo-Report.pdf
2024-09-29,39,2011,40.0,2024-10-01_Week-39-Athenian-Demo-Report.pdf
2024-09-29,39,2012,55.8,2024-10-01_Week-39-Athenian-Demo-Report.pdf
2024-09-29,39,2013,47.0,2024-10-01_Week-39-Athenian-Demo-Report.pdf
2024-09-29,39,2014,34.3,2024-10-01_Week-39-Athenian-Demo-Report.pdf
2024-09-29,39,2015,38.8,2024-10-01_Week-39-Athenian-Demo-Report.pdf
2024-09-29,39,2016,44.6,2024-10-01_Week-39-Athenian-Demo-Report.pdf
2024-09-29,39,2017,35.3,2024-10-01_Week-39-Athenian-Demo-Report.pdf
2024-09-29,39,2018,30.4,2024-10-01_Week-39-Athenian-Demo-Report.pdf
2024-09-29,39,2019,16.9,2024-10-01_Week-39-Athenian-Demo-Report.pdf
2024-09-29,39,2020,23.2,2024-10-01_Week-39-Athenian-Demo-Report.pdf
2024-09-29,39,2021,23.7,2024-10-01_Week-39-Athenian-Demo-Report.pdf
2024-09-29,39,2022,12.5,2024-10-01_Week-39-Athenian-Demo-Report.pdf
2024-09-29,39,2023,10.5,2024-10-01_Week-39-Athenian-Demo-Report.pdf
2024-09-29,39,2024,6.75,2024-10-01_Week-39-Athenian-Demo-Report.pdf
2024-10-06,40,2009,32.0,2024-10-08_Week-40-Athenian-Demo-Report.pdf
2024-10-06,40,2010,26.0,2024-10-08_Week-40-Athenian-Demo-Report.pdf
2024-10-06,40,2011,40.0,2024-10-08_Week-40-Athenian-Demo-Report.pdf
2024-10-06,40,2012,55.8,2024-10-08_Week-40-Athenian-Demo-Report.pdf
2024-10-06,40,2013,47.0,2024-10-08_Week-40-Athenian-Demo-Report.pdf
2024-10-06,40,2014,34.3,2024-10-08_Week-40-Athenian-Demo-Report.pdf
2024-10-06,40,2015,38.8,2024-10-08_Week-40-Athenian-Demo-Report.pdf
2024-10-06,40,2016,44.6,2024-10-08_Week-40-Athenian-Demo-Report.pdf
2024-10-06,40,2017,35.3,2024-10-08_Week-40-Athenian-Demo-Report.pdf
2024-10-06,40,2018,30.4,2024-10-08_Week-40-Athenian-Demo-Report.pdf
2024-10-06,40,2019,16.9,2024-10-08_Week-40-Athenian-Demo-Report.pdf
2024-10-06,40,2020,23.2,2024-10-08_Week-40-Athenian-Demo-Report.pdf
2024-10-06,40,2021,23.7,2024-10-08_Week-40-Athenian-Demo-Report.pdf
2024-10-06,40,2022,12.5,2024-10-08_Week-40-Athenian-Demo-Report.pdf
2024-10-06,40,2023,10.5,2024-10-08_Week-40-Athenian-Demo-Report.pdf
2024-10-06,40,2024,6.85,2024-10-08_Week-40-Athenian-Demo-Report.pdf
2024-10-13,41,2009,32.0,2024-10-15_Week-41-Athenian-Demo-Report.pdf
2024-10-13,41,2010,26.0,2024-10-15_Week-41-Athenian-Demo-Report.pdf
2024-10-13,41,2011,40.0,2024-10-15_Week-41-Athenian-Demo-Report.pdf
2024-10-13,41,2012,55.8,2024-10-15_Week-41-Athenian-Demo-Report.pdf
2024-10-13,41,2013,47.0,2024-10-15_Week-41-Athenian-Demo-Report.pdf
2024-10-13,41,2014,34.3,2024-10-15_Week-41-Athenian-Demo-Report.pdf
2024-10-13,41,2015,38.8,2024-10-15_Week-41-Athenian-Demo-Report.pdf
2024-10-13,41,2016,44.6,2024-10-15_Week-41-Athenian-Demo-Report.pdf
2024-10-13,41,2017,35.3,2024-10-15_Week-41-Athenian-Demo-Report.pdf
2024-10-13,41,2018,30.4,2024-10-15_Week-41-Athenian-Demo-Report.pdf
2024-10-13,41,2019,16.9,2024-10-15_Week-41-Athenian-Demo-Report.pdf
2024-10-13,41,2020,23.2,2024-10-15_Week-41-Athenian-Demo-Report.pdf
2024-10-13,41,2021,23.7,2024-10-15_Week-41-Athenian-Demo-Report.pdf
2024-10-13,41,2022,12.5,2024-10-15_Week-41-Athenian-Demo-Report.pdf
2024-10-13,41,2023,10.5,2024-10-15_Week-41-Athenian-Demo-Report.pdf
2024-10-13,41,2024,6.85,2024-10-15_Week-41-Athenian-Demo-Report.pdf
2024-10-20,42,2009,32.0,2024-10-22_Week-42-Athenian-Demo-Report.pdf
2024-10-20,42,2010,26.0,2024-10-22_Week-42-Athenian-Demo-Report.pdf
2024-10-20,42,2011,40.0,2024-10-22_Week-42-Athenian-Demo-Report.pdf
2024-10-20,42,2012,55.8,2024-10-22_Week-42-Athenian-Demo-Report.pdf
2024-10-20,42,2013,47.0,2024-10-22_Week-42-Athenian-Demo-Report.pdf
2024-10-20,42,2014,34.3,2024-10-22_Week-42-Athenian-Demo-Report.pdf
2024-10-20,42,2015,38.8,2024-10-22_Week-42-Athenian-Demo-Report.pdf
2024-10-20,42,2016,44.6,2024-10-22_Week-42-Athenian-Demo-Report.pdf
2024-10-20,42,2017,35.3,2024-10-22_Week-42-Athenian-Demo-Report.pdf
2024-10-20,42,2018,30.4,2024-10-22_Week-42-Athenian-Demo-Report.pdf
2024-10-20,42,2019,16.9,2024-10-22_Week-42-Athenian-Demo-Report.pdf
2024-10-20,42,2020,23.2,2024-10-22_Week-42-Athenian-Demo-Report.pdf
2024-10-20,42,2021,23.7,2024-10-22_Week-42-Athenian-Demo-Report.pdf
2024-10-20,42,2022,12.5,2024-10-22_Week-42-Athenian-Demo-Report.pdf
2024-10-20,42,2023,10.5,2024-10-22_Week-42-Athenian-Demo-Report.pdf
2024-10-20,42,2024,7.15,2024-10-22_Week-42-Athenian-Demo-Report.pdf
2024-10-27,43,2009,32.0,2024-10-29_Week-43-Athenian-Demo-Report.pdf
2024-10-27,43,2010,26.0,2024-10-29_Week-43-Athenian-Demo-Report.pdf
2024-10-27,43,2011,40.0,2024-10-29_Week-43-Athenian-Demo-Report.pdf
2024-10-27,43,2012,55.8,2024-10-29_Week-43-Athenian-Demo-Report.pdf
2024-10-27,43,2013,47.0,2024-10-29_Week-43-Athenian-Demo-Report.pdf
2024-10-27,43,2014,34.3,2024-10-29_Week-43-Athenian-Demo-Report.pdf
2024-10-27,43,2015,38.8,2024-10-29_Week-43-Athenian-Demo-Report.pdf
2024-10-27,43,2016,44.6,2024-10-29_Week-43-Athenian-Demo-Report.pdf
2024-10-27,43,2017,35.3,2024-10-29_Week-43-Athenian-Demo-Report.pdf
2024-10-27,43,2018,30.4,2024-10-29_Week-43-Athenian-Demo-Report.pdf
2024-10-27,43,2019,16.9,2024-10-29_Week-43-Athenian-Demo-Report.pdf
2024-10-27,43,2020,23.2,2024-10-29_Week-43-Athenian-Demo-Report.pdf
2024-10-27,43,2021,23.7,2024-10-29_Week-43-Athenian-Demo-Report.pdf
2024-10-27,43,2022,12.5,2024-10-29_Week-43-Athenian-Demo-Report.pdf
2024-10-27,43,2023,10.5,2024-10-29_Week-43-Athenian-Demo-Report.pdf
2024-10-27,43,2024,7.55,2024-10-29_Week-43-Athenian-Demo-Report.pdf
2024-11-03,44,2009,32.0,2024-11-05_Week-44-Athenian-Demo-Report.pdf
2024-11-03,44,2010,26.0,2024-11-05_Week-44-Athenian-Demo-Report.pdf
2024-11-03,44,2011,40.0,2024-11-05_Week-44-Athenian-Demo-Report.pdf
2024-11-03,44,2012,55.8,2024-11-05_Week-44-Athenian-Demo-Report.pdf
2024-11-03,44,2013,47.0,2024-11-05_Week-44-Athenian-Demo-Report.pdf
2024-11-03,44,2014,34.3,2024-11-05_Week-44-Athenian-Demo-Report.pdf
2024-11-03,44,2015,38.8,2024-11-05_Week-44-Athenian-Demo-Report.pdf
2024-11-03,44,2016,44.6,2024-11-05_Week-44-Athenian-Demo-Report.pdf
2024-11-03,44,2017,35.3,2024-11-05_Week-44-Athenian-Demo-Report.pdf
2024-11-03,44,2018,30.4,2024-11-05_Week-44-Athenian-Demo-Report.pdf
2024-11-03,44,2019,16.9,2024-11-05_Week-44-Athenian-Demo-Report.pdf
2024-11-03,44,2020,23.2,2024-11-05_Week-44-Athenian-Demo-Report.pdf
2024-11-03,44,2021,23.7,2024-11-05_Week-44-Athenian-Demo-Report.pdf
2024-11-03,44,2022,12.5,2024-11-05_Week-44-Athenian-Demo-Report.pdf
2024-11-03,44,2023,10.5,2024-11-05_Week-44-Athenian-Demo-Report.pdf
2024-11-03,44,2024,7.45,2024-11-05_Week-44-Athenian-Demo-Report.pdf
2024-11-10,45,2009,32.0,2024-11-12_Week-45-Athenian-Demo-Report.pdf
2024-11-10,45,2010,26.0,2024-11-12_Week-45-Athenian-Demo-Report.pdf
2024-11-10,45,2011,40.0,2024-11-12_Week-45-Athenian-Demo-Report.pdf
2024-11-10,45,2012,55.8,2024-11-12_Week-45-Athenian-Demo-Report.pdf
2024-11-10,45,2013,47.0,2024-11-12_Week-45-Athenian-Demo-Report.pdf
2024-11-10,45,2014,34.3,2024-11-12_Week-45-Athenian-Demo-Report.pdf
2024-11-10,45,2015,38.8,2024-11-12_Week-45-Athenian-Demo-Report.pdf
2024-11-10,45,2016,44.6,2024-11-12_Week-45-Athenian-Demo-Report.pdf
2024-11-10,45,2017,35.3,2024-11-12_Week-45-Athenian-Demo-Report.pdf
2024-11-10,45,2018,30.4,2024-11-12_Week-45-Athenian-Demo-Report.pdf
2024-11-10,45,2019,16.9,2024-11-12_Week-45-Athenian-Demo-Report.pdf
2024-11-10,45,2020,23.2,2024-11-12_Week-45-Athenian-Demo-Report.pdf
2024-11-10,45,2021,23.7,2024-11-12_Week-45-Athenian-Demo-Report.pdf
2024-11-10,45,2022,12.5,2024-11-12_Week-45-Athenian-Demo-Report.pdf
2024-11-10,45,2023,10.5,2024-11-12_Week-45-Athenian-Demo-Report.pdf
2024-11-10,45,2024,7.75,2024-11-12_Week-45-Athenian-Demo-Report.pdf
2024-11-17,46,2009,32.0,2024-11-19_Week-46-Athenian-Demo-Report.pdf
2024-11-17,46,2010,26.0,2024-11-19_Week-46-Athenian-Demo-Report.pdf
2024-11-17,46,2011,40.0,2024-11-19_Week-46-Athenian-Demo-Report.pdf
2024-11-17,46,2012,55.8,2024-11-19_Week-46-Athenian-Demo-Report.pdf
2024-11-17,46,2013,47.0,2024-11-19_Week-46-Athenian-Demo-Report.pdf
2024-11-17,46,2014,34.3,2024-11-19_Week-46-Athenian-Demo-Report.pdf
2024-11-17,46,2015,38.8,2024-11-19_Week-46-Athenian-Demo-Report.pdf
2024-11-17,46,2016,44.6,2024-11-19_Week-46-Athenian-Demo-Report.pdf
2024-11-17,46,2017,35.3,2024-11-19_Week-46-Athenian-Demo-Report.pdf
2024-11-17,46,2018,30.4,2024-11-19_Week-46-Athenian-Demo-Report.pdf
2024-11-17,46,2019,16.9,2024-11-19_Week-46-Athenian-Demo-Report.pdf
2024-11-17,46,2020,23.2,2024-11-19_Week-46-Athenian-Demo-Report.pdf
2024-11-17,46,2021,23.7,2024-11-19_Week-46-Athenian-Demo-Report.pdf
2024-11-17,46,2022,12.5,2024-11-19_Week-46-Athenian-Demo-Report.pdf
2024-11-17,46,2023,10.5,2024-11-19_Week-46-Athenian-Demo-Report.pdf
2024-11-17,46,2024,7.95,2024-11-19_Week-46-Athenian-Demo-Report.pdf
2024-11-24,47,2009,32.0,2024-11-26_Week-47-Athenian-Demo-Report.pdf
2024-11-24,47,2010,26.0,2024-11-26_Week-47-Athenian-Demo-Report.pdf
2024-11-24,47,2011,40.0,2024-11-26_Week-47-Athenian-Demo-Report.pdf
2024-11-24,47,2012,55.8,2024-11-26_Week-47-Athenian-Demo-Report.pdf
2024-11-24,47,2013,47.0,2024-11-26_Week-47-Athenian-Demo-Report.pdf
2024-11-24,47,2014,34.3,2024-11-26_Week-47-Athenian-Demo-Report.pdf
2024-11-24,47,2015,38.8,2024-11-26_Week-47-Athenian-Demo-Report.pdf
2024-11-24,47,2016,44.6,2024-11-26_Week-47-Athenian-Demo-Report.pdf
2024-11-24,47,2017,35.3,2024-11-26_Week-47-Athenian-Demo-Report.pdf
2024-11-24,47,2018,30.4,2024-11-26_Week-47-Athenian-Demo-Report.pdf
2024-11-24,47,2019,16.9,2024-11-26_Week-47-Athenian-Demo-Report.pdf
2024-11-24,47,2020,23.2,2024-11-26_Week-47-Athenian-Demo-Report.pdf
2024-11-24,47,2021,23.7,2024-11-26_Week-47-Athenian-Demo-Report.pdf
2024-11-24,47,2022,12.5,2024-11-26_Week-47-Athenian-Demo-Report.pdf
2024-11-24,47,2023,10.5,2024-11-26_Week-47-Athenian-Demo-Report.pdf
2024-11-24,47,2024,8.25,2024-11-26_Week-47-Athenian-Demo-Report.pdf
2024-12-08,49,2009,32.0,2024-12-10_Week-49-Athenian-Demo-Report.pdf
2024-12-08,49,2010,26.0,2024-12-10_Week-49-Athenian-Demo-Report.pdf
2024-12-08,49,2011,40.0,2024-12-10_Week-49-Athenian-Demo-Report.pdf
2024-12-08,49,2012,55.8,2024-12-10_Week-49-Athenian-Demo-Report.pdf
2024-12-08,49,2013,47.0,2024-12-10_Week-49-Athenian-Demo-Report.pdf
2024-12-08,49,2014,34.3,2024-12-10_Week-49-Athenian-Demo-Report.pdf
2024-12-08,49,2015,38.8,2024-12-10_Week-49-Athenian-Demo-Report.pdf
2024-12-08,49,2016,44.6,2024-12-10_Week-49-Athenian-Demo-Report.pdf
2024-12-08,49,2017,35.3,2024-12-10_Week-49-Athenian-Demo-Report.pdf
2024-12-08,49,2018,30.4,2024-12-10_Week-49-Athenian-Demo-Report.pdf
2024-12-08,49,2019,16.9,2024-12-10_Week-49-Athenian-Demo-Report.pdf
2024-12-08,49,2020,23.2,2024-12-10_Week-49-Athenian-Demo-Report.pdf
2024-12-08,49,2021,23.7,2024-12-10_Week-49-Athenian-Demo-Report.pdf
2024-12-08,49,2022,12.5,2024-12-10_Week-49-Athenian-Demo-Report.pdf
2024-12-08,49,2023,10.5,2024-12-10_Week-49-Athenian-Demo-Report.pdf
2024-12-08,49,2024,8.65,2024-12-10_Week-49-Athenian-Demo-Report.pdf
2024-12-15,50,2009,32.0,2024-12-17_Week-50-Atenian-Demo-Report.pdf
2024-12-15,50,2010,26.0,2024-12-17_Week-50-Atenian-Demo-Report.pdf
2024-12-15,50,2011,40.0,2024-12-17_Week-50-Atenian-Demo-Report.pdf
2024-12-15,50,2012,55.8,2024-12-17_Week-50-Atenian-Demo-Report.pdf
2024-12-15,50,2013,47.0,2024-12-17_Week-50-Atenian-Demo-Report.pdf
2024-12-15,50,2014,34.3,2024-12-17_Week-50-Atenian-Demo-Report.pdf
2024-12-15,50,2015,38.8,2024-12-17_Week-50-Atenian-Demo-Report.pdf
2024-12-15,50,2016,44.6,2024-12-17_Week-50-Atenian-Demo-Report.pdf
2024-12-15,50,2017,35.3,2024-12-17_Week-50-Atenian-Demo-Report.pdf
2024-12-15,50,2018,30.4,2024-12-17_Week-50-Atenian-Demo-Report.pdf
2024-12-15,50,2019,16.9,2024-12-17_Week-50-Atenian-Demo-Report.pdf
2024-12-15,50,2020,23.2,2024-12-17_Week-50-Atenian-Demo-Report.pdf
2024-12-15,50,2021,23.7,2024-12-17_Week-50-Atenian-Demo-Report.pdf
2024-12-15,50,2022,12.5,2024-12-17_Week-50-Atenian-Demo-Report.pdf
2024-12-15,50,2023,10.5,2024-12-17_Week-50-Atenian-Demo-Report.pdf
2024-12-15,50,2024,8.75,2024-12-17_Week-50-Atenian-Demo-Report.pdf
2024-12-22,51,2009,32.0,2024-12-23_Week_51_Athenian_Demo_Report.pdf
2024-12-22,51,2010,26.0,2024-12-23_Week_51_Athenian_Demo_Report.pdf
2024-12-22,51,2011,40.0,2024-12-23_Week_51_Athenian_Demo_Report.pdf
2024-12-22,51,2012,55.8,2024-12-23_Week_51_Athenian_Demo_Report.pdf
2024-12-22,51,2013,47.0,2024-12-23_Week_51_Athenian_Demo_Report.pdf
2024-12-22,51,2014,34.3,2024-12-23_Week_51_Athenian_Demo_Report.pdf
2024-12-22,51,2015,38.8,2024-12-23_Week_51_Athenian_Demo_Report.pdf
2024-12-22,51,2016,44.6,2024-12-23_Week_51_Athenian_Demo_Report.pdf
2024-12-22,51,2017,35.3,2024-12-23_Week_51_Athenian_Demo_Report.pdf
2024-12-22,51,2018,30.4,2024-12-23_Week_51_Athenian_Demo_Report.pdf
2024-12-22,51,2019,16.9,2024-12-23_Week_51_Athenian_Demo_Report.pdf
2024-12-22,51,2020,23.2,2024-12-23_Week_51_Athenian_Demo_Report.pdf
2024-12-22,51,2021,23.7,2024-12-23_Week_51_Athenian_Demo_Report.pdf
2024-12-22,51,2022,12.5,2024-12-23_Week_51_Athenian_Demo_Report.pdf
2024-12-22,51,2023,10.5,2024-12-23_Week_51_Athenian_Demo_Report.pdf
2024-12-22,51,2024,8.85,2024-12-23_Week_51_Athenian_Demo_Report.pdf
2024-12-29,52,2009,32.0,2025-01-02_Week-52-Athenian-Demo-Report.pdf
2024-12-29,52,2010,26.0,2025-01-02_Week-52-Athenian-Demo-Report.pdf
2024-12-29,52,2011,40.0,2025-01-02_Week-52-Athenian-Demo-Report.pdf
2024-12-29,52,2012,55.8,2025-01-02_Week-52-Athenian-Demo-Report.pdf
2024-12-29,52,2013,47.0,2025-01-02_Week-52-Athenian-Demo-Report.pdf
2024-12-29,52,2014,34.3,2025-01-02_Week-52-Athenian-Demo-Report.pdf
2024-12-29,52,2015,38.8,2025-01-02_Week-52-Athenian-Demo-Report.pdf
2024-12-29,52,2016,44.6,2025-01-02_Week-52-Athenian-Demo-Report.pdf
2024-12-29,52,2017,35.3,2025-01-02_Week-52-Athenian-Demo-Report.pdf
2024-12-29,52,2018,30.4,2025-01-02_Week-52-Athenian-Demo-Report.pdf
2024-12-29,52,2019,16.9,2025-01-02_Week-52-Athenian-Demo-Report.pdf
2024-12-29,52,2020,23.2,2025-01-02_Week-52-Athenian-Demo-Report.pdf
2024-12-29,52,2021,23.7,2025-01-02_Week-52-Athenian-Demo-Report.pdf
2024-12-29,52,2022,12.5,2025-01-02_Week-52-Athenian-Demo-Report.pdf
2024-12-29,52,2023,10.5,2025-01-02_Week-52-Athenian-Demo-Report.pdf
2024-12-29,52,2024,8.9,2025-01-02_Week-52-Athenian-Demo-Report.pdf
2024-01-05,1,2010,26.0,2025-01-07_Week-01-2025-Athenian-Demo-Report.pdf
2024-01-05,1,2011,40.0,2025-01-07_Week-01-2025-Athenian-Demo-Report.pdf
2024-01-05,1,2012,55.8,2025-01-07_Week-01-2025-Athenian-Demo-Report.pdf
2024-01-05,1,2013,47.0,2025-01-07_Week-01-2025-Athenian-Demo-Report.pdf
2024-01-05,1,2014,34.3,2025-01-07_Week-01-2025-Athenian-Demo-Report.pdf
2024-01-05,1,2015,38.8,2025-01-07_Week-01-2025-Athenian-Demo-Report.pdf
2024-01-05,1,2016,44.6,2025-01-07_Week-01-2025-Athenian-Demo-Report.pdf
2024-01-05,1,2017,35.3,2025-01-07_Week-01-2025-Athenian-Demo-Report.pdf
2024-01-05,1,2018,30.4,2025-01-07_Week-01-2025-Athenian-Demo-Report.pdf
2024-01-05,1,2019,16.9,2025-01-07_Week-01-2025-Athenian-Demo-Report.pdf
2024-01-05,1,2020,23.2,2025-01-07_Week-01-2025-Athenian-Demo-Report.pdf
2024-01-05,1,2021,23.7,2025-01-07_Week-01-2025-Athenian-Demo-Report.pdf
2024-01-05,1,2022,12.5,2025-01-07_Week-01-2025-Athenian-Demo-Report.pdf
2024-01-05,1,2023,10.5,2025-01-07_Week-01-2025-Athenian-Demo-Report.pdf
2024-01-05,1,2024,9.85,2025-01-07_Week-01-2025-Athenian-Demo-Report.pdf
2024-01-05,1,2025,0.0,2025-01-07_Week-01-2025-Athenian-Demo-Report.pdf
2025-01-12,2,2010,26.0,2025-01-14_Week-02-Athenian-Demo-Report.pdf
2025-01-12,2,2011,40.0,2025-01-14_Week-02-Athenian-Demo-Report.pdf
2025-01-12,2,2012,55.8,2025-01-14_Week-02-Athenian-Demo-Report.pdf
2025-01-12,2,2013,47.0,2025-01-14_Week-02-Athenian-Demo-Report.pdf
2025-01-12,2,2014,34.3,2025-01-14_Week-02-Athenian-Demo-Report.pdf
2025-01-12,2,2015,38.8,2025-01-14_Week-02-Athenian-Demo-Report.pdf
2025-01-12,2,2016,44.6,2025-01-14_Week-02-Athenian-Demo-Report.pdf
2025-01-12,2,2017,35.3,2025-01-14_Week-02-Athenian-Demo-Report.pdf
2025-01-12,2,2018,30.4,2025-01-14_Week-02-Athenian-Demo-Report.pdf
2025-01-12,2,2019,16.9,2025-01-14_Week-02-Athenian-Demo-Report.pdf
2025-01-12,2,2020,23.2,2025-01-14_Week-02-Athenian-Demo-Report.pdf
2025-01-12,2,2021,23.7,2025-01-14_Week-02-Athenian-Demo-Report.pdf
2025-01-12,2,2022,12.5,2025-01-14_Week-02-Athenian-Demo-Report.pdf
2025-01-12,2,2023,10.5,2025-01-14_Week-02-Athenian-Demo-Report.pdf
2025-01-12,2,2024,9.85,2025-01-14_Week-02-Athenian-Demo-Report.pdf
2025-01-12,2,2025,0.0,2025-01-14_Week-02-Athenian-Demo-Report.pdf
2025-01-19,3,2010,26.0,2025-01-21_Week-03-Athenian-Demo-Report.pdf
2025-01-19,3,2011,40.0,2025-01-21_Week-03-Athenian-Demo-Report.pdf
2025-01-19,3,2012,55.8,2025-01-21_Week-03-Athenian-Demo-Report.pdf
2025-01-19,3,2013,47.0,2025-01-21_Week-03-Athenian-Demo-Report.pdf
2025-01-19,3,2014,34.3,2025-01-21_Week-03-Athenian-Demo-Report.pdf
2025-01-19,3,2015,38.8,2025-01-21_Week-03-Athenian-Demo-Report.pdf
2025-01-19,3,2016,44.6,2025-01-21_Week-03-Athenian-Demo-Report.pdf
2025-01-19,3,2017,35.3,2025-01-21_Week-03-Athenian-Demo-Report.pdf
2025-01-19,3,2018,30.4,2025-01-21_Week-03-Athenian-Demo-Report.pdf
2025-01-19,3,2019,16.9,2025-01-21_Week-03-Athenian-Demo-Report.pdf
2025-01-19,3,2020,23.2,2025-01-21_Week-03-Athenian-Demo-Report.pdf
2025-01-19,3,2021,23.7,2025-01-21_Week-03-Athenian-Demo-Report.pdf
2025-01-19,3,2022,12.5,2025-01-21_Week-03-Athenian-Demo-Report.pdf
2025-01-19,3,2023,10.5,2025-01-21_Week-03-Athenian-Demo-Report.pdf
2025-01-19,3,2024,9.85,2025-01-21_Week-03-Athenian-Demo-Report.pdf
2025-01-19,3,2025,0.65,2025-01-21_Week-03-Athenian-Demo-Report.pdf
2025-01-26,4,2010,26.0,2025-01-28_Week-04-2025-Athenian-Demo-Report-.pdf
2025-01-26,4,2011,40.0,2025-01-28_Week-04-2025-Athenian-Demo-Report-.pdf
2025-01-26,4,2012,55.8,2025-01-28_Week-04-2025-Athenian-Demo-Report-.pdf
2025-01-26,4,2013,47.0,2025-01-28_Week-04-2025-Athenian-Demo-Report-.pdf
2025-01-26,4,2014,34.3,2025-01-28_Week-04-2025-Athenian-Demo-Report-.pdf
2025-01-26,4,2015,38.8,2025-01-28_Week-04-2025-Athenian-Demo-Report-.pdf
2025-01-26,4,2016,44.6,2025-01-28_Week-04-2025-Athenian-Demo-Report-.pdf
2025-01-26,4,2017,35.3,2025-01-28_Week-04-2025-Athenian-Demo-Report-.pdf
2025-01-26,4,2018,30.4,2025-01-28_Week-04-2025-Athenian-Demo-Report-.pdf
2025-01-26,4,2019,16.9,2025-01-28_Week-04-2025-Athenian-Demo-Report-.pdf
2025-01-26,4,2020,23.2,2025-01-28_Week-04-2025-Athenian-Demo-Report-.pdf
2025-01-26,4,2021,23.7,2025-01-28_Week-04-2025-Athenian-Demo-Report-.pdf
2025-01-26,4,2022,12.5,2025-01-28_Week-04-2025-Athenian-Demo-Report-.pdf
2025-01-26,4,2023,10.5,2025-01-28_Week-04-2025-Athenian-Demo-Report-.pdf
2025-01-26,4,2024,9.85,2025-01-28_Week-04-2025-Athenian-Demo-Report-.pdf
2025-01-26,4,2025,0.85,2025-01-28_Week-04-2025-Athenian-Demo-Report-.pdf
2025-02-02,5,2010,26.0,2025-02-04_Week-05-2025-Athenian-Demo-Report-1.pdf
2025-02-02,5,2011,40.0,2025-02-04_Week-05-2025-Athenian-Demo-Report-1.pdf
2025-02-02,5,2012,55.8,2025-02-04_Week-05-2025-Athenian-Demo-Report-1.pdf
2025-02-02,5,2013,47.0,2025-02-04_Week-05-2025-Athenian-Demo-Report-1.pdf
2025-02-02,5,2014,34.3,2025-02-04_Week-05-2025-Athenian-Demo-Report-1.pdf
2025-02-02,5,2015,38.8,2025-02-04_Week-05-2025-Athenian-Demo-Report-1.pdf
2025-02-02,5,2016,44.6,2025-02-04_Week-05-2025-Athenian-Demo-Report-1.pdf
2025-02-02,5,2017,35.3,2025-02-04_Week-05-2025-Athenian-Demo-Report-1.pdf
2025-02-02,5,2018,30.4,2025-02-04_Week-05-2025-Athenian-Demo-Report-1.pdf
2025-02-02,5,2019,16.9,2025-02-04_Week-05-2025-Athenian-Demo-Report-1.pdf
2025-02-02,5,2020,23.2,2025-02-04_Week-05-2025-Athenian-Demo-Report-1.pdf
2025-02-02,5,2021,23.7,2025-02-04_Week-05-2025-Athenian-Demo-Report-1.pdf
2025-02-02,5,2022,12.5,2025-02-04_Week-05-2025-Athenian-Demo-Report-1.pdf
2025-02-02,5,2023,10.5,2025-02-04_Week-05-2025-Athenian-Demo-Report-1.pdf
2025-02-02,5,2024,9.85,2025-02-04_Week-05-2025-Athenian-Demo-Report-1.pdf
2025-02-02,5,2025,1.15,2025-02-04_Week-05-2025-Athenian-Demo-Report-1.pdf
2025-02-09,6,2010,26.0,2025-02-11_Week-06-2025-Athenian-Demo-Report.pdf
2025-02-09,6,2011,40.0,2025-02-11_Week-06-2025-Athenian-Demo-Report.pdf
2025-02-09,6,2012,55.8,2025-02-11_Week-06-2025-Athenian-Demo-Report.pdf
2025-02-09,6,2013,47.0,2025-02-11_Week-06-2025-Athenian-Demo-Report.pdf
2025-02-09,6,2014,34.3,2025-02-11_Week-06-2025-Athenian-Demo-Report.pdf
2025-02-09,6,2015,38.8,2025-02-11_Week-06-2025-Athenian-Demo-Report.pdf
2025-02-09,6,2016,44.6,2025-02-11_Week-06-2025-Athenian-Demo-Report.pdf
2025-02-09,6,2017,35.3,2025-02-11_Week-06-2025-Athenian-Demo-Report.pdf
2025-02-09,6,2018,30.4,2025-02-11_Week-06-2025-Athenian-Demo-Report.pdf
2025-02-09,6,2019,16.9,2025-02-11_Week-06-2025-Athenian-Demo-Report.pdf
2025-02-09,6,2020,23.2,2025-02-11_Week-06-2025-Athenian-Demo-Report.pdf
2025-02-09,6,2021,23.7,2025-02-11_Week-06-2025-Athenian-Demo-Report.pdf
2025-02-09,6,2022,12.5,2025-02-11_Week-06-2025-Athenian-Demo-Report.pdf
2025-02-09,6,2023,10.5,2025-02-11_Week-06-2025-Athenian-Demo-Report.pdf
2025-02-09,6,2024,9.85,2025-02-11_Week-06-2025-Athenian-Demo-Report.pdf
2025-02-09,6,2025,1.35,2025-02-11_Week-06-2025-Athenian-Demo-Report.pdf
2025-02-16,7,2010,26.0,2025-02-18_Week-07-2025-Athenian-Demo-Report.pdf
2025-02-16,7,2011,40.0,2025-02-18_Week-07-2025-Athenian-Demo-Report.pdf
2025-02-16,7,2012,55.8,2025-02-18_Week-07-2025-Athenian-Demo-Report.pdf
2025-02-16,7,2013,47.0,2025-02-18_Week-07-2025-Athenian-Demo-Report.pdf
2025-02-16,7,2014,34.3,2025-02-18_Week-07-2025-Athenian-Demo-Report.pdf
2025-02-16,7,2015,38.8,2025-02-18_Week-07-2025-Athenian-Demo-Report.pdf
2025-02-16,7,2016,44.6,2025-02-18_Week-07-2025-Athenian-Demo-Report.pdf
2025-02-16,7,2017,35.3,2025-02-18_Week-07-2025-Athenian-Demo-Report.pdf
2025-02-16,7,2018,30.4,2025-02-18_Week-07-2025-Athenian-Demo-Report.pdf
2025-02-16,7,2019,16.9,2025-02-18_Week-07-2025-Athenian-Demo-Report.pdf
2025-02-16,7,2020,23.2,2025-02-18_Week-07-2025-Athenian-Demo-Report.pdf
2025-02-16,7,2021,23.7,2025-02-18_Week-07-2025-Athenian-Demo-Report.pdf
2025-02-16,7,2022,12.5,2025-02-18_Week-07-2025-Athenian-Demo-Report.pdf
2025-02-16,7,2023,10.5,2025-02-18_Week-07-2025-Athenian-Demo-Report.pdf
2025-02-16,7,2024,9.85,2025-02-18_Week-07-2025-Athenian-Demo-Report.pdf
2025-02-16,7,2025,1.45,2025-02-18_Week-07-2025-Athenian-Demo-Report.pdf
2025-02-23,8,2010,26.0,2025-02-25_Week-08-2025-Athenian-Demo-Report-1.pdf
2025-02-23,8,2011,40.0,2025-02-25_Week-08-2025-Athenian-Demo-Report-1.pdf
2025-02-23,8,2012,55.8,2025-02-25_Week-08-2025-Athenian-Demo-Report-1.pdf
2025-02-23,8,2013,47.0,2025-02-25_Week-08-2025-Athenian-Demo-Report-1.pdf
2025-02-23,8,2014,34.3,2025-02-25_Week-08-2025-Athenian-Demo-Report-1.pdf
2025-02-23,8,2015,38.8,2025-02-25_Week-08-2025-Athenian-Demo-Report-1.pdf
2025-02-23,8,2016,44.6,2025-02-25_Week-08-2025-Athenian-Demo-Report-1.pdf
2025-02-23,8,2017,35.3,2025-02-25_Week-08-2025-Athenian-Demo-Report-1.pdf
2025-02-23,8,2018,30.4,2025-02-25_Week-08-2025-Athenian-Demo-Report-1.pdf
2025-02-23,8,2019,16.9,2025-02-25_Week-08-2025-Athenian-Demo-Report-1.pdf
2025-02-23,8,2020,23.2,2025-02-25_Week-08-2025-Athenian-Demo-Report-1.pdf
2025-02-23,8,2021,23.7,2025-02-25_Week-08-2025-Athenian-Demo-Report-1.pdf
2025-02-23,8,2022,12.5,2025-02-25_Week-08-2025-Athenian-Demo-Report-1.pdf
2025-02-23,8,2023,10.5,2025-02-25_Week-08-2025-Athenian-Demo-Report-1.pdf
2025-02-23,8,2024,9.85,2025-02-25_Week-08-2025-Athenian-Demo-Report-1.pdf
2025-02-23,8,2025,1.85,2025-02-25_Week-08-2025-Athenian-Demo-Report-1.pdf
2025-03-02,9,2010,26.0,2025-03-04_Week-09-Athenian-Demo-Report.pdf
2025-03-02,9,2011,40.0,2025-03-04_Week-09-Athenian-Demo-Report.pdf
2025-03-02,9,2012,55.8,2025-03-04_Week-09-Athenian-Demo-Report.pdf
2025-03-02,9,2013,47.0,2025-03-04_Week-09-Athenian-Demo-Report.pdf
2025-03-02,9,2014,34.3,2025-03-04_Week-09-Athenian-Demo-Report.pdf
2025-03-02,9,2015,38.8,2025-03-04_Week-09-Athenian-Demo-Report.pdf
2025-03-02,9,2016,44.6,2025-03-04_Week-09-Athenian-Demo-Report.pdf
2025-03-02,9,2017,35.3,2025-03-04_Week-09-Athenian-Demo-Report.pdf
2025-03-02,9,2018,30.4,2025-03-04_Week-09-Athenian-Demo-Report.pdf
2025-03-02,9,2019,16.9,2025-03-04_Week-09-Athenian-Demo-Report.pdf
2025-03-02,9,2020,23.2,2025-03-04_Week-09-Athenian-Demo-Report.pdf
2025-03-02,9,2021,23.7,2025-03-04_Week-09-Athenian-Demo-Report.pdf
2025-03-02,9,2022,12.5,2025-03-04_Week-09-Athenian-Demo-Report.pdf
2025-03-02,9,2023,10.5,2025-03-04_Week-09-Athenian-Demo-Report.pdf
2025-03-02,9,2024,9.85,2025-03-04_Week-09-Athenian-Demo-Report.pdf
2025-03-02,9,2025,2.15,2025-03-04_Week-09-Athenian-Demo-Report.pdf
2025-03-09,10,2010,26.0,2025-03-11_Week-10-Athenian-Demo-Report-1.pdf
2025-03-09,10,2011,40.0,2025-03-11_Week-10-Athenian-Demo-Report-1.pdf
2025-03-09,10,2012,55.8,2025-03-11_Week-10-Athenian-Demo-Report-1.pdf
2025-03-09,10,2013,47.0,2025-03-11_Week-10-Athenian-Demo-Report-1.pdf
2025-03-09,10,2014,34.3,2025-03-11_Week-10-Athenian-Demo-Report-1.pdf
2025-03-09,10,2015,38.8,2025-03-11_Week-10-Athenian-Demo-Report-1.pdf
2025-03-09,10,2016,44.6,2025-03-11_Week-10-Athenian-Demo-Report-1.pdf
2025-03-09,10,2017,35.3,2025-03-11_Week-10-Athenian-Demo-Report-1.pdf
2025-03-09,10,2018,30.4,2025-03-11_Week-10-Athenian-Demo-Report-1.pdf
2025-03-09,10,2019,16.9,2025-03-11_Week-10-Athenian-Demo-Report-1.pdf
2025-03-09,10,2020,23.2,2025-03-11_Week-10-Athenian-Demo-Report-1.pdf
2025-03-09,10,2021,23.7,2025-03-11_Week-10-Athenian-Demo-Report-1.pdf
2025-03-09,10,2022,12.5,2025-03-11_Week-10-Athenian-Demo-Report-1.pdf
2025-03-09,10,2023,10.5,2025-03-11_Week-10-Athenian-Demo-Report-1.pdf
2025-03-09,10,2024,9.85,2025-03-11_Week-10-Athenian-Demo-Report-1.pdf
2025-03-09,10,2025,2.25,2025-03-11_Week-10-Athenian-Demo-Report-1.pdf
2025-03-16,11,2010,26.0,2025-03-18_Week-11-Athenian-Demo-Report.pdf
2025-03-16,11,2011,40.0,2025-03-18_Week-11-Athenian-Demo-Report.pdf
2025-03-16,11,2012,55.8,2025-03-18_Week-11-Athenian-Demo-Report.pdf
2025-03-16,11,2013,47.0,2025-03-18_Week-11-Athenian-Demo-Report.pdf
2025-03-16,11,2014,34.3,2025-03-18_Week-11-Athenian-Demo-Report.pdf
2025-03-16,11,2015,38.8,2025-03-18_Week-11-Athenian-Demo-Report.pdf
2025-03-16,11,2016,44.6,2025-03-18_Week-11-Athenian-Demo-Report.pdf
2025-03-16,11,2017,35.3,2025-03-18_Week-11-Athenian-Demo-Report.pdf
2025-03-16,11,2018,30.4,2025-03-18_Week-11-Athenian-Demo-Report.pdf
2025-03-16,11,2019,16.9,2025-03-18_Week-11-Athenian-Demo-Report.pdf
2025-03-16,11,2020,23.2,2025-03-18_Week-11-Athenian-Demo-Report.pdf
2025-03-16,11,2021,23.7,2025-03-18_Week-11-Athenian-Demo-Report.pdf
2025-03-16,11,2022,12.5,2025-03-18_Week-11-Athenian-Demo-Report.pdf
2025-03-16,11,2023,10.5,2025-03-18_Week-11-Athenian-Demo-Report.pdf
2025-03-16,11,2024,9.85,2025-03-18_Week-11-Athenian-Demo-Report.pdf
2025-03-16,11,2025,2.35,2025-03-18_Week-11-Athenian-Demo-Report.pdf
2025-03-23,12,2010,26.0,2025-03-26_Week-12-Athenian-Demo-Report.pdf
2025-03-23,12,2011,40.0,2025-03-26_Week-12-Athenian-Demo-Report.pdf
2025-03-23,12,2012,55.8,2025-03-26_Week-12-Athenian-Demo-Report.pdf
2025-03-23,12,2013,47.0,2025-03-26_Week-12-Athenian-Demo-Report.pdf
2025-03-23,12,2014,34.3,2025-03-26_Week-12-Athenian-Demo-Report.pdf
2025-03-23,12,2015,38.8,2025-03-26_Week-12-Athenian-Demo-Report.pdf
2025-03-23,12,2016,44.6,2025-03-26_Week-12-Athenian-Demo-Report.pdf
2025-03-23,12,2017,35.3,2025-03-26_Week-12-Athenian-Demo-Report.pdf
2025-03-23,12,2018,30.4,2025-03-26_Week-12-Athenian-Demo-Report.pdf
2025-03-23,12,2019,16.9,2025-03-26_Week-12-Athenian-Demo-Report.pdf
2025-03-23,12,2020,23.2,2025-03-26_Week-12-Athenian-Demo-Report.pdf
2025-03-23,12,2021,23.7,2025-03-26_Week-12-Athenian-Demo-Report.pdf
2025-03-23,12,2022,12.5,2025-03-26_Week-12-Athenian-Demo-Report.pdf
2025-03-23,12,2023,10.5,2025-03-26_Week-12-Athenian-Demo-Report.pdf
2025-03-23,12,2024,9.85,2025-03-26_Week-12-Athenian-Demo-Report.pdf
2025-03-23,12,2025,2.45,2025-03-26_Week-12-Athenian-Demo-Report.pdf
2025-03-30,13,2010,26.0,2025-04-01_Week-13-2025-Athenian-Demo-Report.pdf
2025-03-30,13,2011,40.0,2025-04-01_Week-13-2025-Athenian-Demo-Report.pdf
2025-03-30,13,2012,55.8,2025-04-01_Week-13-2025-Athenian-Demo-Report.pdf
2025-03-30,13,2013,47.0,2025-04-01_Week-13-2025-Athenian-Demo-Report.pdf
2025-03-30,13,2014,34.3,2025-04-01_Week-13-2025-Athenian-Demo-Report.pdf
2025-03-30,13,2015,38.8,2025-04-01_Week-13-2025-Athenian-Demo-Report.pdf
2025-03-30,13,2016,44.6,2025-04-01_Week-13-2025-Athenian-Demo-Report.pdf
2025-03-30,13,2017,35.3,2025-04-01_Week-13-2025-Athenian-Demo-Report.pdf
2025-03-30,13,2018,30.4,2025-04-01_Week-13-2025-Athenian-Demo-Report.pdf
2025-03-30,13,2019,16.9,2025-04-01_Week-13-2025-Athenian-Demo-Report.pdf
2025-03-30,13,2020,23.2,2025-04-01_Week-13-2025-Athenian-Demo-Report.pdf
2025-03-30,13,2021,23.7,2025-04-01_Week-13-2025-Athenian-Demo-Report.pdf
2025-03-30,13,2022,12.5,2025-04-01_Week-13-2025-Athenian-Demo-Report.pdf
2025-03-30,13,2023,10.5,2025-04-01_Week-13-2025-Athenian-Demo-Report.pdf
2025-03-30,13,2024,9.85,2025-04-01_Week-13-2025-Athenian-Demo-Report.pdf
2025-03-30,13,2025,2.75,2025-04-01_Week-13-2025-Athenian-Demo-Report.pdf
2025-04-06,14,2010,26.0,2025-04-08_Week-14-2025-Athenian-Demo-Report.pdf
2025-04-06,14,2011,40.0,2025-04-08_Week-14-2025-Athenian-Demo-Report.pdf
2025-04-06,14,2012,55.8,2025-04-08_Week-14-2025-Athenian-Demo-Report.pdf
2025-04-06,14,2013,47.0,2025-04-08_Week-14-2025-Athenian-Demo-Report.pdf
2025-04-06,14,2014,34.3,2025-04-08_Week-14-2025-Athenian-Demo-Report.pdf
2025-04-06,14,2015,38.8,2025-04-08_Week-14-2025-Athenian-Demo-Report.pdf
2025-04-06,14,2016,44.6,2025-04-08_Week-14-2025-Athenian-Demo-Report.pdf
2025-04-06,14,2017,35.3,2025-04-08_Week-14-2025-Athenian-Demo-Report.pdf
2025-04-06,14,2018,30.4,2025-04-08_Week-14-2025-Athenian-Demo-Report.pdf
2025-04-06,14,2019,16.9,2025-04-08_Week-14-2025-Athenian-Demo-Report.pdf
2025-04-06,14,2020,23.2,2025-04-08_Week-14-2025-Athenian-Demo-Report.pdf
2025-04-06,14,2021,23.7,2025-04-08_Week-14-2025-Athenian-Demo-Report.pdf
2025-04-06,14,2022,12.5,2025-04-08_Week-14-2025-Athenian-Demo-Report.pdf
2025-04-06,14,2023,10.5,2025-04-08_Week-14-2025-Athenian-Demo-Report.pdf
2025-04-06,14,2024,9.85,2025-04-08_Week-14-2025-Athenian-Demo-Report.pdf
2025-04-06,14,2025,2.75,2025-04-08_Week-14-2025-Athenian-Demo-Report.pdf
2025-04-13,15,2010,26.0,2025-04-15_Week-15-2025-Athenian-Demo-Report.pdf
2025-04-13,15,2011,40.0,2025-04-15_Week-15-2025-Athenian-Demo-Report.pdf
2025-04-13,15,2012,55.8,2025-04-15_Week-15-2025-Athenian-Demo-Report.pdf
2025-04-13,15,2013,47.0,2025-04-15_Week-15-2025-Athenian-Demo-Report.pdf
2025-04-13,15,2014,34.3,2025-04-15_Week-15-2025-Athenian-Demo-Report.pdf
2025-04-13,15,2015,38.8,2025-04-15_Week-15-2025-Athenian-Demo-Report.pdf
2025-04-13,15,2016,44.6,2025-04-15_Week-15-2025-Athenian-Demo-Report.pdf
2025-04-13,15,2017,35.3,2025-04-15_Week-15-2025-Athenian-Demo-Report.pdf
2025-04-13,15,2018,30.4,2025-04-15_Week-15-2025-Athenian-Demo-Report.pdf
2025-04-13,15,2019,16.9,2025-04-15_Week-15-2025-Athenian-Demo-Report.pdf
2025-04-13,15,2020,23.2,2025-04-15_Week-15-2025-Athenian-Demo-Report.pdf
2025-04-13,15,2021,23.7,2025-04-15_Week-15-2025-Athenian-Demo-Report.pdf
2025-04-13,15,2022,12.5,2025-04-15_Week-15-2025-Athenian-Demo-Report.pdf
2025-04-13,15,2023,10.5,2025-04-15_Week-15-2025-Athenian-Demo-Report.pdf
2025-04-13,15,2024,9.85,2025-04-15_Week-15-2025-Athenian-Demo-Report.pdf
2025-04-13,15,2025,2.95,2025-04-15_Week-15-2025-Athenian-Demo-Report.pdf
2025-04-20,16,2010,26.0,2025-04-22_Week-16-2025-Athenian-Demo-Report.pdf
2025-04-20,16,2011,40.0,2025-04-22_Week-16-2025-Athenian-Demo-Report.pdf
2025-04-20,16,2012,55.8,2025-04-22_Week-16-2025-Athenian-Demo-Report.pdf
2025-04-20,16,2013,47.0,2025-04-22_Week-16-2025-Athenian-Demo-Report.pdf
2025-04-20,16,2014,34.3,2025-04-22_Week-16-2025-Athenian-Demo-Report.pdf
2025-04-20,16,2015,38.8,2025-04-22_Week-16-2025-Athenian-Demo-Report.pdf
2025-04-20,16,2016,44.6,2025-04-22_Week-16-2025-Athenian-Demo-Report.pdf
2025-04-20,16,2017,35.3,2025-04-22_Week-16-2025-Athenian-Demo-Report.pdf
2025-04-20,16,2018,30.4,2025-04-22_Week-16-2025-Athenian-Demo-Report.pdf
2025-04-20,16,2019,16.9,2025-04-22_Week-16-2025-Athenian-Demo-Report.pdf
2025-04-20,16,2020,23.2,2025-04-22_Week-16-2025-Athenian-Demo-Report.pdf
2025-04-20,16,2021,23.7,2025-04-22_Week-16-2025-Athenian-Demo-Report.pdf
2025-04-20,16,2022,12.5,2025-04-22_Week-16-2025-Athenian-Demo-Report.pdf
2025-04-20,16,2023,10.5,2025-04-22_Week-16-2025-Athenian-Demo-Report.pdf
2025-04-20,16,2024,9.85,2025-04-22_Week-16-2025-Athenian-Demo-Report.pdf
2025-04-20,16,2025,2.95,2025-04-22_Week-16-2025-Athenian-Demo-Report.pdf
2025-04-27,17,2010,26.0,2025-04-29_Week-17-2025-Athenian-Demo-Report.pdf
2025-04-27,17,2011,40.0,2025-04-29_Week-17-2025-Athenian-Demo-Report.pdf
2025-04-27,17,2012,55.8,2025-04-29_Week-17-2025-Athenian-Demo-Report.pdf
2025-04-27,17,2013,47.0,2025-04-29_Week-17-2025-Athenian-Demo-Report.pdf
2025-04-27,17,2014,34.3,2025-04-29_Week-17-2025-Athenian-Demo-Report.pdf
2025-04-27,17,2015,38.8,2025-04-29_Week-17-2025-Athenian-Demo-Report.pdf
2025-04-27,17,2016,44.6,2025-04-29_Week-17-2025-Athenian-Demo-Report.pdf
2025-04-27,17,2017,35.3,2025-04-29_Week-17-2025-Athenian-Demo-Report.pdf
2025-04-27,17,2018,30.4,2025-04-29_Week-17-2025-Athenian-Demo-Report.pdf
2025-04-27,17,2019,16.9,2025-04-29_Week-17-2025-Athenian-Demo-Report.pdf
2025-04-27,17,2020,23.2,2025-04-29_Week-17-2025-Athenian-Demo-Report.pdf
2025-04-27,17,2021,23.7,2025-04-29_Week-17-2025-Athenian-Demo-Report.pdf
2025-04-27,17,2022,12.5,2025-04-29_Week-17-2025-Athenian-Demo-Report.pdf
2025-04-27,17,2023,10.5,2025-04-29_Week-17-2025-Athenian-Demo-Report.pdf
2025-04-27,17,2024,9.85,2025-04-29_Week-17-2025-Athenian-Demo-Report.pdf
2025-04-27,17,2025,2.95,2025-04-29_Week-17-2025-Athenian-Demo-Report.pdf
2025-05-04,18,2010,26.0,2025-05-06_Week-18-2025-Athenian-Demo-Report.pdf
2025-05-04,18,2011,40.0,2025-05-06_Week-18-2025-Athenian-Demo-Report.pdf
2025-05-04,18,2012,55.8,2025-05-06_Week-18-2025-Athenian-Demo-Report.pdf
2025-05-04,18,2013,47.0,2025-05-06_Week-18-2025-Athenian-Demo-Report.pdf
2025-05-04,18,2014,34.3,2025-05-06_Week-18-2025-Athenian-Demo-Report.pdf
2025-05-04,18,2015,38.8,2025-05-06_Week-18-2025-Athenian-Demo-Report.pdf
2025-05-04,18,2016,44.6,2025-05-06_Week-18-2025-Athenian-Demo-Report.pdf
2025-05-04,18,2017,35.3,2025-05-06_Week-18-2025-Athenian-Demo-Report.pdf
2025-05-04,18,2018,30.4,2025-05-06_Week-18-2025-Athenian-Demo-Report.pdf
2025-05-04,18,2019,16.9,2025-05-06_Week-18-2025-Athenian-Demo-Report.pdf
2025-05-04,18,2020,23.2,2025-05-06_Week-18-2025-Athenian-Demo-Report.pdf
2025-05-04,18,2021,23.7,2025-05-06_Week-18-2025-Athenian-Demo-Report.pdf
2025-05-04,18,2022,12.5,2025-05-06_Week-18-2025-Athenian-Demo-Report.pdf
2025-05-04,18,2023,10.5,2025-05-06_Week-18-2025-Athenian-Demo-Report.pdf
2025-05-04,18,2024,9.85,2025-05-06_Week-18-2025-Athenian-Demo-Report.pdf
2025-05-04,18,2025,3.15,2025-05-06_Week-18-2025-Athenian-Demo-Report.pdf
2025-05-11,19,2010,26.0,2025-05-13_Week_19_2025_Athenian_Demo_Report.pdf
2025-05-11,19,2011,40.0,2025-05-13_Week_19_2025_Athenian_Demo_Report.pdf
2025-05-11,19,2012,55.8,2025-05-13_Week_19_2025_Athenian_Demo_Report.pdf
2025-05-11,19,2013,47.0,2025-05-13_Week_19_2025_Athenian_Demo_Report.pdf
2025-05-11,19,2014,34.3,2025-05-13_Week_19_2025_Athenian_Demo_Report.pdf
2025-05-11,19,2015,38.8,2025-05-13_Week_19_2025_Athenian_Demo_Report.pdf
2025-05-11,19,2016,44.6,2025-05-13_Week_19_2025_Athenian_Demo_Report.pdf
2025-05-11,19,2017,35.3,2025-05-13_Week_19_2025_Athenian_Demo_Report.pdf
2025-05-11,19,2018,30.4,2025-05-13_Week_19_2025_Athenian_Demo_Report.pdf
2025-05-11,19,2019,16.9,2025-05-13_Week_19_2025_Athenian_Demo_Report.pdf
2025-05-11,19,2020,23.2,2025-05-13_Week_19_2025_Athenian_Demo_Report.pdf
2025-05-11,19,2021,23.7,2025-05-13_Week_19_2025_Athenian_Demo_Report.pdf
2025-05-11,19,2022,12.5,2025-05-13_Week_19_2025_Athenian_Demo_Report.pdf
2025-05-11,19,2023,10.5,2025-05-13_Week_19_2025_Athenian_Demo_Report.pdf
2025-05-11,19,2024,9.85,2025-05-13_Week_19_2025_Athenian_Demo_Report.pdf
2025-05-11,19,2025,3.2,2025-05-13_Week_19_2025_Athenian_Demo_Report.pdf
2025-05-18,20,2010,26.0,2025-05-20_Week_20_2025_Athenian_Demo_Report.pdf
2025-05-18,20,2011,40.0,2025-05-20_Week_20_2025_Athenian_Demo_Report.pdf
2025-05-18,20,2012,55.8,2025-05-20_Week_20_2025_Athenian_Demo_Report.pdf
2025-05-18,20,2013,47.0,2025-05-20_Week_20_2025_Athenian_Demo_Report.pdf
2025-05-18,20,2014,34.3,2025-05-20_Week_20_2025_Athenian_Demo_Report.pdf
2025-05-18,20,2015,38.8,2025-05-20_Week_20_2025_Athenian_Demo_Report.pdf
2025-05-18,20,2016,44.6,2025-05-20_Week_20_2025_Athenian_Demo_Report.pdf
2025-05-18,20,2017,35.3,2025-05-20_Week_20_2025_Athenian_Demo_Report.pdf
2025-05-18,20,2018,30.4,2025-05-20_Week_20_2025_Athenian_Demo_Report.pdf
2025-05-18,20,2019,16.9,2025-05-20_Week_20_2025_Athenian_Demo_Report.pdf
2025-05-18,20,2020,23.2,2025-05-20_Week_20_2025_Athenian_Demo_Report.pdf
2025-05-18,20,2021,23.7,2025-05-20_Week_20_2025_Athenian_Demo_Report.pdf
2025-05-18,20,2022,12.5,2025-05-20_Week_20_2025_Athenian_Demo_Report.pdf
2025-05-18,20,2023,10.5,2025-05-20_Week_20_2025_Athenian_Demo_Report.pdf
2025-05-18,20,2024,9.85,2025-05-20_Week_20_2025_Athenian_Demo_Report.pdf
2025-05-18,20,2025,3.45,2025-05-20_Week_20_2025_Athenian_Demo_Report.pdf
2025-05-25,21,2010,26.0,2025-05-27_Week-21-Athenian-Demo-Report.pdf
2025-05-25,21,2011,40.0,2025-05-27_Week-21-Athenian-Demo-Report.pdf
2025-05-25,21,2012,55.8,2025-05-27_Week-21-Athenian-Demo-Report.pdf
2025-05-25,21,2013,47.0,2025-05-27_Week-21-Athenian-Demo-Report.pdf
2025-05-25,21,2014,34.3,2025-05-27_Week-21-Athenian-Demo-Report.pdf
2025-05-25,21,2015,38.8,2025-05-27_Week-21-Athenian-Demo-Report.pdf
2025-05-25,21,2016,44.6,2025-05-27_Week-21-Athenian-Demo-Report.pdf
2025-05-25,21,2017,35.3,2025-05-27_Week-21-Athenian-Demo-Report.pdf
2025-05-25,21,2018,30.4,2025-05-27_Week-21-Athenian-Demo-Report.pdf
2025-05-25,21,2019,16.9,2025-05-27_Week-21-Athenian-Demo-Report.pdf
2025-05-25,21,2020,23.2,2025-05-27_Week-21-Athenian-Demo-Report.pdf
2025-05-25,21,2021,23.7,2025-05-27_Week-21-Athenian-Demo-Report.pdf
2025-05-25,21,2022,12.5,2025-05-27_Week-21-Athenian-Demo-Report.pdf
2025-05-25,21,2023,10.5,2025-05-27_Week-21-Athenian-Demo-Report.pdf
2025-05-25,21,2024,9.85,2025-05-27_Week-21-Athenian-Demo-Report.pdf
2025-05-25,21,2025,4.15,2025-05-27_Week-21-Athenian-Demo-Report.pdf
2025-06-01,22,2010,26.0,2025-06-03_Week_22_Athenian_Demo_Report.pdf
2025-06-01,22,2011,40.0,2025-06-03_Week_22_Athenian_Demo_Report.pdf
2025-06-01,22,2012,55.8,2025-06-03_Week_22_Athenian_Demo_Report.pdf
2025-06-01,22,2013,47.0,2025-06-03_Week_22_Athenian_Demo_Report.pdf
2025-06-01,22,2014,34.3,2025-06-03_Week_22_Athenian_Demo_Report.pdf
2025-06-01,22,2015,38.8,2025-06-03_Week_22_Athenian_Demo_Report.pdf
2025-06-01,22,2016,44.6,2025-06-03_Week_22_Athenian_Demo_Report.pdf
2025-06-01,22,2017,35.3,2025-06-03_Week_22_Athenian_Demo_Report.pdf
2025-06-01,22,2018,30.4,2025-06-03_Week_22_Athenian_Demo_Report.pdf
2025-06-01,22,2019,16.9,2025-06-03_Week_22_Athenian_Demo_Report.pdf
2025-06-01,22,2020,23.2,2025-06-03_Week_22_Athenian_Demo_Report.pdf
2025-06-01,22,2021,23.7,2025-06-03_Week_22_Athenian_Demo_Report.pdf
2025-06-01,22,2022,12.5,2025-06-03_Week_22_Athenian_Demo_Report.pdf
2025-06-01,22,2023,10.5,2025-06-03_Week_22_Athenian_Demo_Report.pdf
2025-06-01,22,2024,9.85,2025-06-03_Week_22_Athenian_Demo_Report.pdf
2025-06-01,22,2025,4.1,2025-06-03_Week_22_Athenian_Demo_Report.pdf
2025-06-08,23,2010,26.0,2025-06-10_Week-23-Athenian-Demo-Report.pdf
2025-06-08,23,2011,40.0,2025-06-10_Week-23-Athenian-Demo-Report.pdf
2025-06-08,23,2012,55.8,2025-06-10_Week-23-Athenian-Demo-Report.pdf
2025-06-08,23,2013,47.0,2025-06-10_Week-23-Athenian-Demo-Report.pdf
2025-06-08,23,2014,34.3,2025-06-10_Week-23-Athenian-Demo-Report.pdf
2025-06-08,23,2015,38.8,2025-06-10_Week-23-Athenian-Demo-Report.pdf
2025-06-08,23,2016,44.6,2025-06-10_Week-23-Athenian-Demo-Report.pdf
2025-06-08,23,2017,35.3,2025-06-10_Week-23-Athenian-Demo-Report.pdf
2025-06-08,23,2018,30.4,2025-06-10_Week-23-Athenian-Demo-Report.pdf
2025-06-08,23,2019,16.9,2025-06-10_Week-23-Athenian-Demo-Report.pdf
2025-06-08,23,2020,23.2,2025-06-10_Week-23-Athenian-Demo-Report.pdf
2025-06-08,23,2021,23.7,2025-06-10_Week-23-Athenian-Demo-Report.pdf
2025-06-08,23,2022,12.5,2025-06-10_Week-23-Athenian-Demo-Report.pdf
2025-06-08,23,2023,10.5,2025-06-10_Week-23-Athenian-Demo-Report.pdf
2025-06-08,23,2024,9.85,2025-06-10_Week-23-Athenian-Demo-Report.pdf
2025-06-08,23,2025,4.45,2025-06-10_Week-23-Athenian-Demo-Report.pdf
2025-06-22,25,2010,26.0,2025-06-24_Week_25_Athenian_Demo_Report.pdf
2025-06-22,25,2011,40.0,2025-06-24_Week_25_Athenian_Demo_Report.pdf
2025-06-22,25,2012,55.8,2025-06-24_Week_25_Athenian_Demo_Report.pdf
2025-06-22,25,2013,47.0,2025-06-24_Week_25_Athenian_Demo_Report.pdf
2025-06-22,25,2014,34.3,2025-06-24_Week_25_Athenian_Demo_Report.pdf
2025-06-22,25,2015,38.8,2025-06-24_Week_25_Athenian_Demo_Report.pdf
2025-06-22,25,2016,44.6,2025-06-24_Week_25_Athenian_Demo_Report.pdf
2025-06-22,25,2017,35.3,2025-06-24_Week_25_Athenian_Demo_Report.pdf
2025-06-22,25,2018,30.4,2025-06-24_Week_25_Athenian_Demo_Report.pdf
2025-06-22,25,2019,16.9,2025-06-24_Week_25_Athenian_Demo_Report.pdf
2025-06-22,25,2020,23.2,2025-06-24_Week_25_Athenian_Demo_Report.pdf
2025-06-22,25,2021,23.7,2025-06-24_Week_25_Athenian_Demo_Report.pdf
2025-06-22,25,2022,12.5,2025-06-24_Week_25_Athenian_Demo_Report.pdf
2025-06-22,25,2023,10.5,2025-06-24_Week_25_Athenian_Demo_Report.pdf
2025-06-22,25,2024,9.85,2025-06-24_Week_25_Athenian_Demo_Report.pdf
2025-06-22,25,2025,4.9,2025-06-24_Week_25_Athenian_Demo_Report.pdf
2025-06-29,26,2010,26.0,2025-07-01_Week-26-Athenian-Demo-Report.pdf
2025-06-29,26,2011,40.0,2025-07-01_Week-26-Athenian-Demo-Report.pdf
2025-06-29,26,2012,55.8,2025-07-01_Week-26-Athenian-Demo-Report.pdf
2025-06-29,26,2013,47.0,2025-07-01_Week-26-Athenian-Demo-Report.pdf
2025-06-29,26,2014,34.3,2025-07-01_Week-26-Athenian-Demo-Report.pdf
2025-06-29,26,2015,38.8,2025-07-01_Week-26-Athenian-Demo-Report.pdf
2025-06-29,26,2016,44.6,2025-07-01_Week-26-Athenian-Demo-Report.pdf
2025-06-29,26,2017,35.3,2025-07-01_Week-26-Athenian-Demo-Report.pdf
2025-06-29,26,2018,30.4,2025-07-01_Week-26-Athenian-Demo-Report.pdf
2025-06-29,26,2019,16.9,2025-07-01_Week-26-Athenian-Demo-Report.pdf
2025-06-29,26,2020,23.2,2025-07-01_Week-26-Athenian-Demo-Report.pdf
2025-06-29,26,2021,23.7,2025-07-01_Week-26-Athenian-Demo-Report.pdf
2025-06-29,26,2022,12.5,2025-07-01_Week-26-Athenian-Demo-Report.pdf
2025-06-29,26,2023,10.5,2025-07-01_Week-26-Athenian-Demo-Report.pdf
2025-06-29,26,2024,9.85,2025-07-01_Week-26-Athenian-Demo-Report.pdf
2025-06-29,26,2025,5.05,2025-07-01_Week-26-Athenian-Demo-Report.pdf
2025-07-06,27,2010,26.0,2025-07-08_Week-27-Athenian-Demo-Report.pdf
2025-07-06,27,2011,40.0,2025-07-08_Week-27-Athenian-Demo-Report.pdf
2025-07-06,27,2012,55.8,2025-07-08_Week-27-Athenian-Demo-Report.pdf
2025-07-06,27,2013,47.0,2025-07-08_Week-27-Athenian-Demo-Report.pdf
2025-07-06,27,2014,34.3,2025-07-08_Week-27-Athenian-Demo-Report.pdf
2025-07-06,27,2015,38.8,2025-07-08_Week-27-Athenian-Demo-Report.pdf
2025-07-06,27,2016,44.6,2025-07-08_Week-27-Athenian-Demo-Report.pdf
2025-07-06,27,2017,35.3,2025-07-08_Week-27-Athenian-Demo-Report.pdf
2025-07-06,27,2018,30.4,2025-07-08_Week-27-Athenian-Demo-Report.pdf
2025-07-06,27,2019,16.9,2025-07-08_Week-27-Athenian-Demo-Report.pdf
2025-07-06,27,2020,23.2,2025-07-08_Week-27-Athenian-Demo-Report.pdf
2025-07-06,27,2021,23.7,2025-07-08_Week-27-Athenian-Demo-Report.pdf
2025-07-06,27,2022,12.5,2025-07-08_Week-27-Athenian-Demo-Report.pdf
2025-07-06,27,2023,10.5,2025-07-08_Week-27-Athenian-Demo-Report.pdf
2025-07-06,27,2024,9.85,2025-07-08_Week-27-Athenian-Demo-Report.pdf
2025-07-06,27,2025,5.15,2025-07-08_Week-27-Athenian-Demo-Report.pdf
2025-07-13,28,2010,26.0,2025-07-15_Week-28-Athenian-Demo-Report.pdf
2025-07-13,28,2011,40.0,2025-07-15_Week-28-Athenian-Demo-Report.pdf
2025-07-13,28,2012,55.8,2025-07-15_Week-28-Athenian-Demo-Report.pdf
2025-07-13,28,2013,47.0,2025-07-15_Week-28-Athenian-Demo-Report.pdf
2025-07-13,28,2014,34.3,2025-07-15_Week-28-Athenian-Demo-Report.pdf
2025-07-13,28,2015,38.8,2025-07-15_Week-28-Athenian-Demo-Report.pdf
2025-07-13,28,2016,44.6,2025-07-15_Week-28-Athenian-Demo-Report.pdf
2025-07-13,28,2017,35.3,2025-07-15_Week-28-Athenian-Demo-Report.pdf
2025-07-13,28,2018,30.4,2025-07-15_Week-28-Athenian-Demo-Report.pdf
2025-07-13,28,2019,16.9,2025-07-15_Week-28-Athenian-Demo-Report.pdf
2025-07-13,28,2020,23.2,2025-07-15_Week-28-Athenian-Demo-Report.pdf
2025-07-13,28,2021,23.7,2025-07-15_Week-28-Athenian-Demo-Report.pdf
2025-07-13,28,2022,12.5,2025-07-15_Week-28-Athenian-Demo-Report.pdf
2025-07-13,28,2023,10.5,2025-07-15_Week-28-Athenian-Demo-Report.pdf
2025-07-13,28,2024,9.85,2025-07-15_Week-28-Athenian-Demo-Report.pdf
2025-07-13,28,2025,5.05,2025-07-15_Week-28-Athenian-Demo-Report.pdf
2025-07-20,29,2010,26.0,2025-07-22_Week-29-Athenian-Demo-Report.pdf
2025-07-20,29,2011,40.0,2025-07-22_Week-29-Athenian-Demo-Report.pdf
2025-07-20,29,2012,55.8,2025-07-22_Week-29-Athenian-Demo-Report.pdf
2025-07-20,29,2013,47.0,2025-07-22_Week-29-Athenian-Demo-Report.pdf
2025-07-20,29,2014,34.3,2025-07-22_Week-29-Athenian-Demo-Report.pdf
2025-07-20,29,2015,38.8,2025-07-22_Week-29-Athenian-Demo-Report.pdf
2025-07-20,29,2016,44.6,2025-07-22_Week-29-Athenian-Demo-Report.pdf
2025-07-20,29,2017,35.3,2025-07-22_Week-29-Athenian-Demo-Report.pdf
2025-07-20,29,2018,30.4,2025-07-22_Week-29-Athenian-Demo-Report.pdf
2025-07-20,29,2019,16.9,2025-07-22_Week-29-Athenian-Demo-Report.pdf
2025-07-20,29,2020,23.2,2025-07-22_Week-29-Athenian-Demo-Report.pdf
2025-07-20,29,2021,23.7,2025-07-22_Week-29-Athenian-Demo-Report.pdf
2025-07-20,29,2022,12.5,2025-07-22_Week-29-Athenian-Demo-Report.pdf
2025-07-20,29,2023,10.5,2025-07-22_Week-29-Athenian-Demo-Report.pdf
2025-07-20,29,2024,9.85,2025-07-22_Week-29-Athenian-Demo-Report.pdf
2025-07-20,29,2025,5.15,2025-07-22_Week-29-Athenian-Demo-Report.pdf
2025-07-27,30,2010,26.0,2025-07-29_Week_30_Athenian_Demo_Report.pdf
2025-07-27,30,2011,40.0,2025-07-29_Week_30_Athenian_Demo_Report.pdf
2025-07-27,30,2012,55.8,2025-07-29_Week_30_Athenian_Demo_Report.pdf
2025-07-27,30,2013,47.0,2025-07-29_Week_30_Athenian_Demo_Report.pdf
2025-07-27,30,2014,34.3,2025-07-29_Week_30_Athenian_Demo_Report.pdf
2025-07-27,30,2015,38.8,2025-07-29_Week_30_Athenian_Demo_Report.pdf
2025-07-27,30,2016,44.6,2025-07-29_Week_30_Athenian_Demo_Report.pdf
2025-07-27,30,2017,35.3,2025-07-29_Week_30_Athenian_Demo_Report.pdf
2025-07-27,30,2018,30.4,2025-07-29_Week_30_Athenian_Demo_Report.pdf
2025-07-27,30,2019,16.9,2025-07-29_Week_30_Athenian_Demo_Report.pdf
2025-07-27,30,2020,23.2,2025-07-29_Week_30_Athenian_Demo_Report.pdf
2025-07-27,30,2021,23.7,2025-07-29_Week_30_Athenian_Demo_Report.pdf
2025-07-27,30,2022,12.5,2025-07-29_Week_30_Athenian_Demo_Report.pdf
2025-07-27,30,2023,10.5,2025-07-29_Week_30_Athenian_Demo_Report.pdf
2025-07-27,30,2024,9.85,2025-07-29_Week_30_Athenian_Demo_Report.pdf
2025-07-27,30,2025,5.15,2025-07-29_Week_30_Athenian_Demo_Report.pdf
2025-08-03,31,2010,26.0,2025-08-05_Week_31_Athenian_Demo_Report.pdf
2025-08-03,31,2011,40.0,2025-08-05_Week_31_Athenian_Demo_Report.pdf
2025-08-03,31,2012,55.8,2025-08-05_Week_31_Athenian_Demo_Report.pdf
2025-08-03,31,2013,47.0,2025-08-05_Week_31_Athenian_Demo_Report.pdf
2025-08-03,31,2014,34.3,2025-08-05_Week_31_Athenian_Demo_Report.pdf
2025-08-03,31,2015,38.8,2025-08-05_Week_31_Athenian_Demo_Report.pdf
2025-08-03,31,2016,44.6,2025-08-05_Week_31_Athenian_Demo_Report.pdf
2025-08-03,31,2017,35.3,2025-08-05_Week_31_Athenian_Demo_Report.pdf
2025-08-03,31,2018,30.4,2025-08-05_Week_31_Athenian_Demo_Report.pdf
2025-08-03,31,2019,16.9,2025-08-05_Week_31_Athenian_Demo_Report.pdf
2025-08-03,31,2020,23.2,2025-08-05_Week_31_Athenian_Demo_Report.pdf
2025-08-03,31,2021,23.7,2025-08-05_Week_31_Athenian_Demo_Report.pdf
2025-08-03,31,2022,12.5,2025-08-05_Week_31_Athenian_Demo_Report.pdf
2025-08-03,31,2023,10.5,2025-08-05_Week_31_Athenian_Demo_Report.pdf
2025-08-03,31,2024,9.85,2025-08-05_Week_31_Athenian_Demo_Report.pdf
2025-08-03,31,2025,6.3,2025-08-05_Week_31_Athenian_Demo_Report.pdf
2025-08-10,32,2010,26.0,2025-08-12_Week_32_Athenian_Demo_Report.pdf
2025-08-10,32,2011,40.0,2025-08-12_Week_32_Athenian_Demo_Report.pdf
2025-08-10,32,2012,55.8,2025-08-12_Week_32_Athenian_Demo_Report.pdf
2025-08-10,32,2013,47.0,2025-08-12_Week_32_Athenian_Demo_Report.pdf
2025-08-10,32,2014,34.3,2025-08-12_Week_32_Athenian_Demo_Report.pdf
2025-08-10,32,2015,38.8,2025-08-12_Week_32_Athenian_Demo_Report.pdf
2025-08-10,32,2016,44.6,2025-08-12_Week_32_Athenian_Demo_Report.pdf
2025-08-10,32,2017,35.3,2025-08-12_Week_32_Athenian_Demo_Report.pdf
2025-08-10,32,2018,30.4,2025-08-12_Week_32_Athenian_Demo_Report.pdf
2025-08-10,32,2019,16.9,2025-08-12_Week_32_Athenian_Demo_Report.pdf
2025-08-10,32,2020,23.2,2025-08-12_Week_32_Athenian_Demo_Report.pdf
2025-08-10,32,2021,23.7,2025-08-12_Week_32_Athenian_Demo_Report.pdf
2025-08-10,32,2022,12.5,2025-08-12_Week_32_Athenian_Demo_Report.pdf
2025-08-10,32,2023,10.5,2025-08-12_Week_32_Athenian_Demo_Report.pdf
2025-08-10,32,2024,9.85,2025-08-12_Week_32_Athenian_Demo_Report.pdf
2025-08-10,32,2025,6.45,2025-08-12_Week_32_Athenian_Demo_Report.pdf
2025-08-24,34,2010,26.0,2025-08-26_Week_34_Athenian_Demo_Report.pdf
2025-08-24,34,2011,40.0,2025-08-26_Week_34_Athenian_Demo_Report.pdf
2025-08-24,34,2012,55.8,2025-08-26_Week_34_Athenian_Demo_Report.pdf
2025-08-24,34,2013,47.0,2025-08-26_Week_34_Athenian_Demo_Report.pdf
2025-08-24,34,2014,34.3,2025-08-26_Week_34_Athenian_Demo_Report.pdf
2025-08-24,34,2015,38.8,2025-08-26_Week_34_Athenian_Demo_Report.pdf
2025-08-24,34,2016,44.6,2025-08-26_Week_34_Athenian_Demo_Report.pdf
2025-08-24,34,2017,35.3,2025-08-26_Week_34_Athenian_Demo_Report.pdf
2025-08-24,34,2018,30.4,2025-08-26_Week_34_Athenian_Demo_Report.pdf
2025-08-24,34,2019,16.9,2025-08-26_Week_34_Athenian_Demo_Report.pdf
2025-08-24,34,2020,23.2,2025-08-26_Week_34_Athenian_Demo_Report.pdf
2025-08-24,34,2021,23.7,2025-08-26_Week_34_Athenian_Demo_Report.pdf
2025-08-24,34,2022,12.5,2025-08-26_Week_34_Athenian_Demo_Report.pdf
2025-08-24,34,2023,10.5,2025-08-26_Week_34_Athenian_Demo_Report.pdf
2025-08-24,34,2024,9.85,2025-08-26_Week_34_Athenian_Demo_Report.pdf
2025-08-24,34,2025,6.45,2025-08-26_Week_34_Athenian_Demo_Report.pdf
2025-08-31,35,2010,26.0,2025-09-02_Week_35_Athenian_Demo_Report.pdf
2025-08-31,35,2011,40.0,2025-09-02_Week_35_Athenian_Demo_Report.pdf
2025-08-31,35,2012,55.8,2025-09-02_Week_35_Athenian_Demo_Report.pdf
2025-08-31,35,2013,47.0,2025-09-02_Week_35_Athenian_Demo_Report.pdf
2025-08-31,35,2014,34.3,2025-09-02_Week_35_Athenian_Demo_Report.pdf
2025-08-31,35,2015,38.8,2025-09-02_Week_35_Athenian_Demo_Report.pdf
2025-08-31,35,2016,44.6,2025-09-02_Week_35_Athenian_Demo_Report.pdf
2025-08-31,35,2017,35.3,2025-09-02_Week_35_Athenian_Demo_Report.pdf
2025-08-31,35,2018,30.4,2025-09-02_Week_35_Athenian_Demo_Report.pdf
2025-08-31,35,2019,16.9,2025-09-02_Week_35_Athenian_Demo_Report.pdf
2025-08-31,35,2020,23.2,2025-09-02_Week_35_Athenian_Demo_Report.pdf
2025-08-31,35,2021,23.7,2025-09-02_Week_35_Athenian_Demo_Report.pdf
2025-08-31,35,2022,12.5,2025-09-02_Week_35_Athenian_Demo_Report.pdf
2025-08-31,35,2023,10.5,2025-09-02_Week_35_Athenian_Demo_Report.pdf
2025-08-31,35,2024,9.85,2025-09-02_Week_35_Athenian_Demo_Report.pdf
2025-08-31,35,2025,6.45,2025-09-02_Week_35_Athenian_Demo_Report.pdf
2025-09-07,36,2010,26.0,2025-09-09_Week_36_Athenian_Demo_Report.pdf
2025-09-07,36,2011,40.0,2025-09-09_Week_36_Athenian_Demo_Report.pdf
2025-09-07,36,2012,55.8,2025-09-09_Week_36_Athenian_Demo_Report.pdf
2025-09-07,36,2013,47.0,2025-09-09_Week_36_Athenian_Demo_Report.pdf
2025-09-07,36,2014,34.3,2025-09-09_Week_36_Athenian_Demo_Report.pdf
2025-09-07,36,2015,38.8,2025-09-09_Week_36_Athenian_Demo_Report.pdf
2025-09-07,36,2016,44.6,2025-09-09_Week_36_Athenian_Demo_Report.pdf
2025-09-07,36,2017,35.3,2025-09-09_Week_36_Athenian_Demo_Report.pdf
2025-09-07,36,2018,30.4,2025-09-09_Week_36_Athenian_Demo_Report.pdf
2025-09-07,36,2019,16.9,2025-09-09_Week_36_Athenian_Demo_Report.pdf
2025-09-07,36,2020,23.2,2025-09-09_Week_36_Athenian_Demo_Report.pdf
2025-09-07,36,2021,23.7,2025-09-09_Week_36_Athenian_Demo_Report.pdf
2025-09-07,36,2022,12.5,2025-09-09_Week_36_Athenian_Demo_Report.pdf
2025-09-07,36,2023,10.5,2025-09-09_Week_36_Athenian_Demo_Report.pdf
2025-09-07,36,2024,9.85,2025-09-09_Week_36_Athenian_Demo_Report.pdf
2025-09-07,36,2025,6.85,2025-09-09_Week_36_Athenian_Demo_Report.pdf
2025-09-14,37,2010,26.0,2025-09-16_Week_37_Athenian_Demo_Report.pdf
2025-09-14,37,2011,40.0,2025-09-16_Week_37_Athenian_Demo_Report.pdf
2025-09-14,37,2012,55.8,2025-09-16_Week_37_Athenian_Demo_Report.pdf
2025-09-14,37,2013,47.0,2025-09-16_Week_37_Athenian_Demo_Report.pdf
2025-09-14,37,2014,34.3,2025-09-16_Week_37_Athenian_Demo_Report.pdf
2025-09-14,37,2015,38.8,2025-09-16_Week_37_Athenian_Demo_Report.pdf
2025-09-14,37,2016,44.6,2025-09-16_Week_37_Athenian_Demo_Report.pdf
2025-09-14,37,2017,35.3,2025-09-16_Week_37_Athenian_Demo_Report.pdf
2025-09-14,37,2018,30.4,2025-09-16_Week_37_Athenian_Demo_Report.pdf
2025-09-14,37,2019,16.9,2025-09-16_Week_37_Athenian_Demo_Report.pdf
2025-09-14,37,2020,23.2,2025-09-16_Week_37_Athenian_Demo_Report.pdf
2025-09-14,37,2021,23.7,2025-09-16_Week_37_Athenian_Demo_Report.pdf
2025-09-14,37,2022,12.5,2025-09-16_Week_37_Athenian_Demo_Report.pdf
2025-09-14,37,2023,10.5,2025-09-16_Week_37_Athenian_Demo_Report.pdf
2025-09-14,37,2024,9.85,2025-09-16_Week_37_Athenian_Demo_Report.pdf
2025-09-14,37,2025,7.05,2025-09-16_Week_37_Athenian_Demo_Report.pdf
2025-09-21,38,2010,26.0,2025-09-23_Week_38_Athenian_Demo_Report.pdf
2025-09-21,38,2011,40.0,2025-09-23_Week_38_Athenian_Demo_Report.pdf
2025-09-21,38,2012,55.8,2025-09-23_Week_38_Athenian_Demo_Report.pdf
2025-09-21,38,2013,47.0,2025-09-23_Week_38_Athenian_Demo_Report.pdf
2025-09-21,38,2014,34.3,2025-09-23_Week_38_Athenian_Demo_Report.pdf
2025-09-21,38,2015,38.8,2025-09-23_Week_38_Athenian_Demo_Report.pdf
2025-09-21,38,2016,44.6,2025-09-23_Week_38_Athenian_Demo_Report.pdf
2025-09-21,38,2017,35.3,2025-09-23_Week_38_Athenian_Demo_Report.pdf
2025-09-21,38,2018,30.4,2025-09-23_Week_38_Athenian_Demo_Report.pdf
2025-09-21,38,2019,16.9,2025-09-23_Week_38_Athenian_Demo_Report.pdf
2025-09-21,38,2020,23.2,2025-09-23_Week_38_Athenian_Demo_Report.pdf
2025-09-21,38,2021,23.7,2025-09-23_Week_38_Athenian_Demo_Report.pdf
2025-09-21,38,2022,12.5,2025-09-23_Week_38_Athenian_Demo_Report.pdf
2025-09-21,38,2023,10.5,2025-09-23_Week_38_Athenian_Demo_Report.pdf
2025-09-21,38,2024,9.85,2025-09-23_Week_38_Athenian_Demo_Report.pdf
2025-09-21,38,2025,7.25,2025-09-23_Week_38_Athenian_Demo_Report.pdf
2025-09-28,39,2010,26.0,2025-09-30_Week_39_Athenian_Demo_Report.pdf
2025-09-28,39,2011,40.0,2025-09-30_Week_39_Athenian_Demo_Report.pdf
2025-09-28,39,2012,55.8,2025-09-30_Week_39_Athenian_Demo_Report.pdf
2025-09-28,39,2013,47.0,2025-09-30_Week_39_Athenian_Demo_Report.pdf
2025-09-28,39,2014,34.3,2025-09-30_Week_39_Athenian_Demo_Report.pdf
2025-09-28,39,2015,38.8,2025-09-30_Week_39_Athenian_Demo_Report.pdf
2025-09-28,39,2016,44.6,2025-09-30_Week_39_Athenian_Demo_Report.pdf
2025-09-28,39,2017,35.3,2025-09-30_Week_39_Athenian_Demo_Report.pdf
2025-09-28,39,2018,30.4,2025-09-30_Week_39_Athenian_Demo_Report.pdf
2025-09-28,39,2019,16.9,2025-09-30_Week_39_Athenian_Demo_Report.pdf
2025-09-28,39,2020,23.2,2025-09-30_Week_39_Athenian_Demo_Report.pdf
2025-09-28,39,2021,23.7,2025-09-30_Week_39_Athenian_Demo_Report.pdf
2025-09-28,39,2022,12.5,2025-09-30_Week_39_Athenian_Demo_Report.pdf
2025-09-28,39,2023,10.5,2025-09-30_Week_39_Athenian_Demo_Report.pdf
2025-09-28,39,2024,9.85,2025-09-30_Week_39_Athenian_Demo_Report.pdf
2025-09-28,39,2025,7.55,2025-09-30_Week_39_Athenian_Demo_Report.pdf
2025-10-05,40,2010,26.0,2025-10-07_Week_40_Athenian_Demo_Report.pdf
2025-10-05,40,2011,40.0,2025-10-07_Week_40_Athenian_Demo_Report.pdf
2025-10-05,40,2012,55.8,2025-10-07_Week_40_Athenian_Demo_Report.pdf
2025-10-05,40,2013,47.0,2025-10-07_Week_40_Athenian_Demo_Report.pdf
2025-10-05,40,2014,34.3,2025-10-07_Week_40_Athenian_Demo_Report.pdf
2025-10-05,40,2015,38.8,2025-10-07_Week_40_Athenian_Demo_Report.pdf
2025-10-05,40,2016,44.6,2025-10-07_Week_40_Athenian_Demo_Report.pdf
2025-10-05,40,2017,35.3,2025-10-07_Week_40_Athenian_Demo_Report.pdf
2025-10-05,40,2018,30.4,2025-10-07_Week_40_Athenian_Demo_Report.pdf
2025-10-05,40,2019,16.9,2025-10-07_Week_40_Athenian_Demo_Report.pdf
2025-10-05,40,2020,23.2,2025-10-07_Week_40_Athenian_Demo_Report.pdf
2025-10-05,40,2021,23.7,2025-10-07_Week_40_Athenian_Demo_Report.pdf
2025-10-05,40,2022,12.5,2025-10-07_Week_40_Athenian_Demo_Report.pdf
2025-10-05,40,2023,10.5,2025-10-07_Week_40_Athenian_Demo_Report.pdf
2025-10-05,40,2024,9.85,2025-10-07_Week_40_Athenian_Demo_Report.pdf
2025-10-05,40,2025,7.8,2025-10-07_Week_40_Athenian_Demo_Report.pdf
2025-10-12,41,2010,26.0,2025-10-14_Week_41_Athenian_Demo_Report.pdf
2025-10-12,41,2011,40.0,2025-10-14_Week_41_Athenian_Demo_Report.pdf
2025-10-12,41,2012,55.8,2025-10-14_Week_41_Athenian_Demo_Report.pdf
2025-10-12,41,2013,47.0,2025-10-14_Week_41_Athenian_Demo_Report.pdf
2025-10-12,41,2014,34.3,2025-10-14_Week_41_Athenian_Demo_Report.pdf
2025-10-12,41,2015,38.8,2025-10-14_Week_41_Athenian_Demo_Report.pdf
2025-10-12,41,2016,44.6,2025-10-14_Week_41_Athenian_Demo_Report.pdf
2025-10-12,41,2017,35.3,2025-10-14_Week_41_Athenian_Demo_Report.pdf
2025-10-12,41,2018,30.4,2025-10-14_Week_41_Athenian_Demo_Report.pdf
2025-10-12,41,2019,16.9,2025-10-14_Week_41_Athenian_Demo_Report.pdf
2025-10-12,41,2020,23.2,2025-10-14_Week_41_Athenian_Demo_Report.pdf
2025-10-12,41,2021,23.7,2025-10-14_Week_41_Athenian_Demo_Report.pdf
2025-10-12,41,2022,12.5,2025-10-14_Week_41_Athenian_Demo_Report.pdf
2025-10-12,41,2023,10.5,2025-10-14_Week_41_Athenian_Demo_Report.pdf
2025-10-12,41,2024,9.85,2025-10-14_Week_41_Athenian_Demo_Report.pdf
2025-10-12,41,2025,7.85,2025-10-14_Week_41_Athenian_Demo_Report.pdf
2025-10-19,42,2010,26.0,2025-10-21_Week_42_Athenian_Demo_Report.pdf
2025-10-19,42,2011,40.0,2025-10-21_Week_42_Athenian_Demo_Report.pdf
2025-10-19,42,2012,55.8,2025-10-21_Week_42_Athenian_Demo_Report.pdf
2025-10-19,42,2013,47.0,2025-10-21_Week_42_Athenian_Demo_Report.pdf
2025-10-19,42,2014,34.3,2025-10-21_Week_42_Athenian_Demo_Report.pdf
2025-10-19,42,2015,38.8,2025-10-21_Week_42_Athenian_Demo_Report.pdf
2025-10-19,42,2016,44.6,2025-10-21_Week_42_Athenian_Demo_Report.pdf
2025-10-19,42,2017,35.3,2025-10-21_Week_42_Athenian_Demo_Report.pdf
2025-10-19,42,2018,30.4,2025-10-21_Week_42_Athenian_Demo_Report.pdf
2025-10-19,42,2019,16.9,2025-10-21_Week_42_Athenian_Demo_Report.pdf
2025-10-19,42,2020,23.2,2025-10-21_Week_42_Athenian_Demo_Report.pdf
2025-10-19,42,2021,23.7,2025-10-21_Week_42_Athenian_Demo_Report.pdf
2025-10-19,42,2022,12.5,2025-10-21_Week_42_Athenian_Demo_Report.pdf
2025-10-19,42,2023,10.5,2025-10-21_Week_42_Athenian_Demo_Report.pdf
2025-10-19,42,2024,9.85,2025-10-21_Week_42_Athenian_Demo_Report.pdf
2025-10-19,42,2025,8.45,2025-10-21_Week_42_Athenian_Demo_Report.pdf
2025-10-26,43,2010,26.0,2025-10-29_Week_43_Athenian_Demo_Report.pdf
2025-10-26,43,2011,40.0,2025-10-29_Week_43_Athenian_Demo_Report.pdf
2025-10-26,43,2012,55.8,2025-10-29_Week_43_Athenian_Demo_Report.pdf
2025-10-26,43,2013,47.0,2025-10-29_Week_43_Athenian_Demo_Report.pdf
2025-10-26,43,2014,34.3,2025-10-29_Week_43_Athenian_Demo_Report.pdf
2025-10-26,43,2015,38.8,2025-10-29_Week_43_Athenian_Demo_Report.pdf
2025-10-26,43,2016,44.6,2025-10-29_Week_43_Athenian_Demo_Report.pdf
2025-10-26,43,2017,35.3,2025-10-29_Week_43_Athenian_Demo_Report.pdf
2025-10-26,43,2018,30.4,2025-10-29_Week_43_Athenian_Demo_Report.pdf
2025-10-26,43,2019,16.9,2025-10-29_Week_43_Athenian_Demo_Report.pdf
2025-10-26,43,2020,23.2,2025-10-29_Week_43_Athenian_Demo_Report.pdf
2025-10-26,43,2021,23.7,2025-10-29_Week_43_Athenian_Demo_Report.pdf
2025-10-26,43,2022,12.5,2025-10-29_Week_43_Athenian_Demo_Report.pdf
2025-10-26,43,2023,10.5,2025-10-29_Week_43_Athenian_Demo_Report.pdf
2025-10-26,43,2024,9.85,2025-10-29_Week_43_Athenian_Demo_Report.pdf
2025-10-26,43,2025,8.95,2025-10-29_Week_43_Athenian_Demo_Report.pdf
2025-11-02,44,2010,26.0,2025-11-04_Week_44_Athenian_Demo_Report.pdf
2025-11-02,44,2011,40.0,2025-11-04_Week_44_Athenian_Demo_Report.pdf
2025-11-02,44,2012,55.8,2025-11-04_Week_44_Athenian_Demo_Report.pdf
2025-11-02,44,2013,47.0,2025-11-04_Week_44_Athenian_Demo_Report.pdf
2025-11-02,44,2014,34.3,2025-11-04_Week_44_Athenian_Demo_Report.pdf
2025-11-02,44,2015,38.8,2025-11-04_Week_44_Athenian_Demo_Report.pdf
2025-11-02,44,2016,44.6,2025-11-04_Week_44_Athenian_Demo_Report.pdf
2025-11-02,44,2017,35.3,2025-11-04_Week_44_Athenian_Demo_Report.pdf
2025-11-02,44,2018,30.4,2025-11-04_Week_44_Athenian_Demo_Report.pdf
2025-11-02,44,2019,16.9,2025-11-04_Week_44_Athenian_Demo_Report.pdf
2025-11-02,44,2020,23.2,2025-11-04_Week_44_Athenian_Demo_Report.pdf
2025-11-02,44,2021,23.7,2025-11-04_Week_44_Athenian_Demo_Report.pdf
2025-11-02,44,2022,12.5,2025-11-04_Week_44_Athenian_Demo_Report.pdf
2025-11-02,44,2023,10.5,2025-11-04_Week_44_Athenian_Demo_Report.pdf
2025-11-02,44,2024,9.85,2025-11-04_Week_44_Athenian_Demo_Report.pdf
2025-11-02,44,2025,9.15,2025-11-04_Week_44_Athenian_Demo_Report.pdf
2025-11-09,45,2010,26.0,2025-11-11_Week_45_Athenian_Demo_Report.pdf
2025-11-09,45,2011,40.0,2025-11-11_Week_45_Athenian_Demo_Report.pdf
2025-11-09,45,2012,55.8,2025-11-11_Week_45_Athenian_Demo_Report.pdf
2025-11-09,45,2013,47.0,2025-11-11_Week_45_Athenian_Demo_Report.pdf
2025-11-09,45,2014,34.3,2025-11-11_Week_45_Athenian_Demo_Report.pdf
2025-11-09,45,2015,38.8,2025-11-11_Week_45_Athenian_Demo_Report.pdf
2025-11-09,45,2016,44.6,2025-11-11_Week_45_Athenian_Demo_Report.pdf
2025-11-09,45,2017,35.3,2025-11-11_Week_45_Athenian_Demo_Report.pdf
2025-11-09,45,2018,30.4,2025-11-11_Week_45_Athenian_Demo_Report.pdf
2025-11-09,45,2019,16.9,2025-11-11_Week_45_Athenian_Demo_Report.pdf
2025-11-09,45,2020,23.2,2025-11-11_Week_45_Athenian_Demo_Report.pdf
2025-11-09,45,2021,23.7,2025-11-11_Week_45_Athenian_Demo_Report.pdf
2025-11-09,45,2022,12.5,2025-11-11_Week_45_Athenian_Demo_Report.pdf
2025-11-09,45,2023,10.5,2025-11-11_Week_45_Athenian_Demo_Report.pdf
2025-11-09,45,2024,9.85,2025-11-11_Week_45_Athenian_Demo_Report.pdf
2025-11-09,45,2025,9.85,2025-11-11_Week_45_Athenian_Demo_Report.pdf
2025-11-16,46,2010,26.0,2025-11-18_Week_46_Athenian_Demo_Report.pdf
2025-11-16,46,2011,40.0,2025-11-18_Week_46_Athenian_Demo_Report.pdf
2025-11-16,46,2012,55.8,2025-11-18_Week_46_Athenian_Demo_Report.pdf
2025-11-16,46,2013,47.0,2025-11-18_Week_46_Athenian_Demo_Report.pdf
2025-11-16,46,2014,34.3,2025-11-18_Week_46_Athenian_Demo_Report.pdf
2025-11-16,46,2015,38.8,2025-11-18_Week_46_Athenian_Demo_Report.pdf
2025-11-16,46,2016,44.6,2025-11-18_Week_46_Athenian_Demo_Report.pdf
2025-11-16,46,2017,35.3,2025-11-18_Week_46_Athenian_Demo_Report.pdf
2025-11-16,46,2018,30.4,2025-11-18_Week_46_Athenian_Demo_Report.pdf
2025-11-16,46,2019,16.9,2025-11-18_Week_46_Athenian_Demo_Report.pdf
2025-11-16,46,2020,23.2,2025-11-18_Week_46_Athenian_Demo_Report.pdf
2025-11-16,46,2021,23.7,2025-11-18_Week_46_Athenian_Demo_Report.pdf
2025-11-16,46,2022,12.5,2025-11-18_Week_46_Athenian_Demo_Report.pdf
2025-11-16,46,2023,10.5,2025-11-18_Week_46_Athenian_Demo_Report.pdf
2025-11-16,46,2024,9.85,2025-11-18_Week_46_Athenian_Demo_Report.pdf
2025-11-16,46,2025,10.45,2025-11-18_Week_46_Athenian_Demo_Report.pdf
2025-11-30,48,2010,26.0,2025-12-02_Week_48_Athenian_Demo_Report.pdf
2025-11-30,48,2011,40.0,2025-12-02_Week_48_Athenian_Demo_Report.pdf
2025-11-30,48,2012,55.8,2025-12-02_Week_48_Athenian_Demo_Report.pdf
2025-11-30,48,2013,47.0,2025-12-02_Week_48_Athenian_Demo_Report.pdf
2025-11-30,48,2014,34.3,2025-12-02_Week_48_Athenian_Demo_Report.pdf
2025-11-30,48,2015,38.8,2025-12-02_Week_48_Athenian_Demo_Report.pdf
2025-11-30,48,2016,44.6,2025-12-02_Week_48_Athenian_Demo_Report.pdf
2025-11-30,48,2017,35.3,2025-12-02_Week_48_Athenian_Demo_Report.pdf
2025-11-30,48,2018,30.4,2025-12-02_Week_48_Athenian_Demo_Report.pdf
2025-11-30,48,2019,16.9,2025-12-02_Week_48_Athenian_Demo_Report.pdf
2025-11-30,48,2020,23.2,2025-12-02_Week_48_Athenian_Demo_Report.pdf
2025-11-30,48,2021,23.7,2025-12-02_Week_48_Athenian_Demo_Report.pdf
2025-11-30,48,2022,12.5,2025-12-02_Week_48_Athenian_Demo_Report.pdf
2025-11-30,48,2023,10.5,2025-12-02_Week_48_Athenian_Demo_Report.pdf
2025-11-30,48,2024,9.85,2025-12-02_Week_48_Athenian_Demo_Report.pdf
2025-11-30,48,2025,10.95,2025-12-02_Week_48_Athenian_Demo_Report.pdf
2025-12-07,49,2010,26.0,2025-12-09_Week_49_Athenian_Demo_Report.pdf
2025-12-07,49,2011,40.0,2025-12-09_Week_49_Athenian_Demo_Report.pdf
2025-12-07,49,2012,55.8,2025-12-09_Week_49_Athenian_Demo_Report.pdf
2025-12-07,49,2013,47.0,2025-12-09_Week_49_Athenian_Demo_Report.pdf
2025-12-07,49,2014,34.3,2025-12-09_Week_49_Athenian_Demo_Report.pdf
2025-12-07,49,2015,38.8,2025-12-09_Week_49_Athenian_Demo_Report.pdf
2025-12-07,49,2016,44.6,2025-12-09_Week_49_Athenian_Demo_Report.pdf
2025-12-07,49,2017,35.3,2025-12-09_Week_49_Athenian_Demo_Report.pdf
2025-12-07,49,2018,30.4,2025-12-09_Week_49_Athenian_Demo_Report.pdf
2025-12-07,49,2019,16.9,2025-12-09_Week_49_Athenian_Demo_Report.pdf
2025-12-07,49,2020,23.2,2025-12-09_Week_49_Athenian_Demo_Report.pdf
2025-12-07,49,2021,23.7,2025-12-09_Week_49_Athenian_Demo_Report.pdf
2025-12-07,49,2022,12.5,2025-12-09_Week_49_Athenian_Demo_Report.pdf
2025-12-07,49,2023,10.5,2025-12-09_Week_49_Athenian_Demo_Report.pdf
2025-12-07,49,2024,9.85,2025-12-09_Week_49_Athenian_Demo_Report.pdf
2025-12-07,49,2025,11.05,2025-12-09_Week_49_Athenian_Demo_Report.pdf
2025-12-14,50,2010,26.0,2025-12-16_Week_50_Athenian_Demo_Report.pdf
2025-12-14,50,2011,40.0,2025-12-16_Week_50_Athenian_Demo_Report.pdf
2025-12-14,50,2012,55.8,2025-12-16_Week_50_Athenian_Demo_Report.pdf
2025-12-14,50,2013,47.0,2025-12-16_Week_50_Athenian_Demo_Report.pdf
2025-12-14,50,2014,34.3,2025-12-16_Week_50_Athenian_Demo_Report.pdf
2025-12-14,50,2015,38.8,2025-12-16_Week_50_Athenian_Demo_Report.pdf
2025-12-14,50,2016,44.6,2025-12-16_Week_50_Athenian_Demo_Report.pdf
2025-12-14,50,2017,35.3,2025-12-16_Week_50_Athenian_Demo_Report.pdf
2025-12-14,50,2018,30.4,2025-12-16_Week_50_Athenian_Demo_Report.pdf
2025-12-14,50,2019,16.9,2025-12-16_Week_50_Athenian_Demo_Report.pdf
2025-12-14,50,2020,23.2,2025-12-16_Week_50_Athenian_Demo_Report.pdf
2025-12-14,50,2021,23.7,2025-12-16_Week_50_Athenian_Demo_Report.pdf
2025-12-14,50,2022,12.5,2025-12-16_Week_50_Athenian_Demo_Report.pdf
2025-12-14,50,2023,10.5,2025-12-16_Week_50_Athenian_Demo_Report.pdf
2025-12-14,50,2024,9.85,2025-12-16_Week_50_Athenian_Demo_Report.pdf
2025-12-14,50,2025,11.08,2025-12-16_Week_50_Athenian_Demo_Report.pdf
2025-12-21,51,2010,26.0,2025-12-23_Week_51_Athenian_Demo_Report.pdf
2025-12-21,51,2011,40.0,2025-12-23_Week_51_Athenian_Demo_Report.pdf
2025-12-21,51,2012,55.8,2025-12-23_Week_51_Athenian_Demo_Report.pdf
2025-12-21,51,2013,47.0,2025-12-23_Week_51_Athenian_Demo_Report.pdf
2025-12-21,51,2014,34.3,2025-12-23_Week_51_Athenian_Demo_Report.pdf
2025-12-21,51,2015,38.8,2025-12-23_Week_51_Athenian_Demo_Report.pdf
2025-12-21,51,2016,44.6,2025-12-23_Week_51_Athenian_Demo_Report.pdf
2025-12-21,51,2017,35.3,2025-12-23_Week_51_Athenian_Demo_Report.pdf
2025-12-21,51,2018,30.4,2025-12-23_Week_51_Athenian_Demo_Report.pdf
2025-12-21,51,2019,16.9,2025-12-23_Week_51_Athenian_Demo_Report.pdf
2025-12-21,51,2020,23.2,2025-12-23_Week_51_Athenian_Demo_Report.pdf
2025-12-21,51,2021,23.7,2025-12-23_Week_51_Athenian_Demo_Report.pdf
2025-12-21,51,2022,12.5,2025-12-23_Week_51_Athenian_Demo_Report.pdf
2025-12-21,51,2023,10.5,2025-12-23_Week_51_Athenian_Demo_Report.pdf
2025-12-21,51,2024,9.85,2025-12-23_Week_51_Athenian_Demo_Report.pdf
2025-12-21,51,2025,11.45,2025-12-23_Week_51_Athenian_Demo_Report.pdf
2025-12-28,52,2010,26.0,2025-12-30_Week_52_Athenian_Demo_Report.pdf
2025-12-28,52,2011,40.0,2025-12-30_Week_52_Athenian_Demo_Report.pdf
2025-12-28,52,2012,55.8,2025-12-30_Week_52_Athenian_Demo_Report.pdf
2025-12-28,52,2013,47.0,2025-12-30_Week_52_Athenian_Demo_Report.pdf
2025-12-28,52,2014,34.3,2025-12-30_Week_52_Athenian_Demo_Report.pdf
2025-12-28,52,2015,38.8,2025-12-30_Week_52_Athenian_Demo_Report.pdf
2025-12-28,52,2016,44.6,2025-12-30_Week_52_Athenian_Demo_Report.pdf
2025-12-28,52,2017,35.3,2025-12-30_Week_52_Athenian_Demo_Report.pdf
2025-12-28,52,2018,30.4,2025-12-30_Week_52_Athenian_Demo_Report.pdf
2025-12-28,52,2019,16.9,2025-12-30_Week_52_Athenian_Demo_Report.pdf
2025-12-28,52,2020,23.2,2025-12-30_Week_52_Athenian_Demo_Report.pdf
2025-12-28,52,2021,23.7,2025-12-30_Week_52_Athenian_Demo_Report.pdf
2025-12-28,52,2022,12.5,2025-12-30_Week_52_Athenian_Demo_Report.pdf
2025-12-28,52,2023,10.5,2025-12-30_Week_52_Athenian_Demo_Report.pdf
2025-12-28,52,2024,9.85,2025-12-30_Week_52_Athenian_Demo_Report.pdf
2025-12-28,52,2025,11.45,2025-12-30_Week_52_Athenian_Demo_Report.pdf
2026-01-04,1,2011,40.0,2026-01-06_athenian-shipbrokers-s-a-demolition-quick-update-week-01-2026_week-01-athenian-demo-report-2026_b8ec19599d60.pdf
2026-01-04,1,2012,55.8,2026-01-06_athenian-shipbrokers-s-a-demolition-quick-update-week-01-2026_week-01-athenian-demo-report-2026_b8ec19599d60.pdf
2026-01-04,1,2013,47.0,2026-01-06_athenian-shipbrokers-s-a-demolition-quick-update-week-01-2026_week-01-athenian-demo-report-2026_b8ec19599d60.pdf
2026-01-04,1,2014,34.3,2026-01-06_athenian-shipbrokers-s-a-demolition-quick-update-week-01-2026_week-01-athenian-demo-report-2026_b8ec19599d60.pdf
2026-01-04,1,2015,38.8,2026-01-06_athenian-shipbrokers-s-a-demolition-quick-update-week-01-2026_week-01-athenian-demo-report-2026_b8ec19599d60.pdf
2026-01-04,1,2016,44.6,2026-01-06_athenian-shipbrokers-s-a-demolition-quick-update-week-01-2026_week-01-athenian-demo-report-2026_b8ec19599d60.pdf
2026-01-04,1,2017,35.3,2026-01-06_athenian-shipbrokers-s-a-demolition-quick-update-week-01-2026_week-01-athenian-demo-report-2026_b8ec19599d60.pdf
2026-01-04,1,2018,30.4,2026-01-06_athenian-shipbrokers-s-a-demolition-quick-update-week-01-2026_week-01-athenian-demo-report-2026_b8ec19599d60.pdf
2026-01-04,1,2019,16.9,2026-01-06_athenian-shipbrokers-s-a-demolition-quick-update-week-01-2026_week-01-athenian-demo-report-2026_b8ec19599d60.pdf
2026-01-04,1,2020,23.2,2026-01-06_athenian-shipbrokers-s-a-demolition-quick-update-week-01-2026_week-01-athenian-demo-report-2026_b8ec19599d60.pdf
2026-01-04,1,2021,23.7,2026-01-06_athenian-shipbrokers-s-a-demolition-quick-update-week-01-2026_week-01-athenian-demo-report-2026_b8ec19599d60.pdf
2026-01-04,1,2022,12.5,2026-01-06_athenian-shipbrokers-s-a-demolition-quick-update-week-01-2026_week-01-athenian-demo-report-2026_b8ec19599d60.pdf
2026-01-04,1,2023,10.5,2026-01-06_athenian-shipbrokers-s-a-demolition-quick-update-week-01-2026_week-01-athenian-demo-report-2026_b8ec19599d60.pdf
2026-01-04,1,2024,9.85,2026-01-06_athenian-shipbrokers-s-a-demolition-quick-update-week-01-2026_week-01-athenian-demo-report-2026_b8ec19599d60.pdf
2026-01-04,1,2025,11.45,2026-01-06_athenian-shipbrokers-s-a-demolition-quick-update-week-01-2026_week-01-athenian-demo-report-2026_b8ec19599d60.pdf
2026-01-11,2,2011,40.0,2026-01-14_athenian-shipbrokers-s-a-demolition-quick-update-week-02-2026_week-02-athenian-demo-report-2026_319e22cc1e35.pdf
2026-01-11,2,2012,55.8,2026-01-14_athenian-shipbrokers-s-a-demolition-quick-update-week-02-2026_week-02-athenian-demo-report-2026_319e22cc1e35.pdf
2026-01-11,2,2013,47.0,2026-01-14_athenian-shipbrokers-s-a-demolition-quick-update-week-02-2026_week-02-athenian-demo-report-2026_319e22cc1e35.pdf
2026-01-11,2,2014,34.3,2026-01-14_athenian-shipbrokers-s-a-demolition-quick-update-week-02-2026_week-02-athenian-demo-report-2026_319e22cc1e35.pdf
2026-01-11,2,2015,38.8,2026-01-14_athenian-shipbrokers-s-a-demolition-quick-update-week-02-2026_week-02-athenian-demo-report-2026_319e22cc1e35.pdf
2026-01-11,2,2016,44.6,2026-01-14_athenian-shipbrokers-s-a-demolition-quick-update-week-02-2026_week-02-athenian-demo-report-2026_319e22cc1e35.pdf
2026-01-11,2,2017,35.3,2026-01-14_athenian-shipbrokers-s-a-demolition-quick-update-week-02-2026_week-02-athenian-demo-report-2026_319e22cc1e35.pdf
2026-01-11,2,2018,30.4,2026-01-14_athenian-shipbrokers-s-a-demolition-quick-update-week-02-2026_week-02-athenian-demo-report-2026_319e22cc1e35.pdf
2026-01-11,2,2019,16.9,2026-01-14_athenian-shipbrokers-s-a-demolition-quick-update-week-02-2026_week-02-athenian-demo-report-2026_319e22cc1e35.pdf
2026-01-11,2,2020,23.2,2026-01-14_athenian-shipbrokers-s-a-demolition-quick-update-week-02-2026_week-02-athenian-demo-report-2026_319e22cc1e35.pdf
2026-01-11,2,2021,23.7,2026-01-14_athenian-shipbrokers-s-a-demolition-quick-update-week-02-2026_week-02-athenian-demo-report-2026_319e22cc1e35.pdf
2026-01-11,2,2022,12.5,2026-01-14_athenian-shipbrokers-s-a-demolition-quick-update-week-02-2026_week-02-athenian-demo-report-2026_319e22cc1e35.pdf
2026-01-11,2,2023,10.5,2026-01-14_athenian-shipbrokers-s-a-demolition-quick-update-week-02-2026_week-02-athenian-demo-report-2026_319e22cc1e35.pdf
2026-01-11,2,2024,9.85,2026-01-14_athenian-shipbrokers-s-a-demolition-quick-update-week-02-2026_week-02-athenian-demo-report-2026_319e22cc1e35.pdf
2026-01-11,2,2025,11.45,2026-01-14_athenian-shipbrokers-s-a-demolition-quick-update-week-02-2026_week-02-athenian-demo-report-2026_319e22cc1e35.pdf
2026-01-11,2,2026,0.25,2026-01-14_athenian-shipbrokers-s-a-demolition-quick-update-week-02-2026_week-02-athenian-demo-report-2026_319e22cc1e35.pdf
2026-01-18,3,2011,40.0,2026-01-20_athenian-shipbrokers-s-a-demolition-quick-update-week-03-2026_week-03-athenian-demo-report-2026_95c5ace8a2f5.pdf
2026-01-18,3,2012,55.8,2026-01-20_athenian-shipbrokers-s-a-demolition-quick-update-week-03-2026_week-03-athenian-demo-report-2026_95c5ace8a2f5.pdf
2026-01-18,3,2013,47.0,2026-01-20_athenian-shipbrokers-s-a-demolition-quick-update-week-03-2026_week-03-athenian-demo-report-2026_95c5ace8a2f5.pdf
2026-01-18,3,2014,34.3,2026-01-20_athenian-shipbrokers-s-a-demolition-quick-update-week-03-2026_week-03-athenian-demo-report-2026_95c5ace8a2f5.pdf
2026-01-18,3,2015,38.8,2026-01-20_athenian-shipbrokers-s-a-demolition-quick-update-week-03-2026_week-03-athenian-demo-report-2026_95c5ace8a2f5.pdf
2026-01-18,3,2016,44.6,2026-01-20_athenian-shipbrokers-s-a-demolition-quick-update-week-03-2026_week-03-athenian-demo-report-2026_95c5ace8a2f5.pdf
2026-01-18,3,2017,35.3,2026-01-20_athenian-shipbrokers-s-a-demolition-quick-update-week-03-2026_week-03-athenian-demo-report-2026_95c5ace8a2f5.pdf
2026-01-18,3,2018,30.4,2026-01-20_athenian-shipbrokers-s-a-demolition-quick-update-week-03-2026_week-03-athenian-demo-report-2026_95c5ace8a2f5.pdf
2026-01-18,3,2019,16.9,2026-01-20_athenian-shipbrokers-s-a-demolition-quick-update-week-03-2026_week-03-athenian-demo-report-2026_95c5ace8a2f5.pdf
2026-01-18,3,2020,23.2,2026-01-20_athenian-shipbrokers-s-a-demolition-quick-update-week-03-2026_week-03-athenian-demo-report-2026_95c5ace8a2f5.pdf
2026-01-18,3,2021,23.7,2026-01-20_athenian-shipbrokers-s-a-demolition-quick-update-week-03-2026_week-03-athenian-demo-report-2026_95c5ace8a2f5.pdf
2026-01-18,3,2022,12.5,2026-01-20_athenian-shipbrokers-s-a-demolition-quick-update-week-03-2026_week-03-athenian-demo-report-2026_95c5ace8a2f5.pdf
2026-01-18,3,2023,10.5,2026-01-20_athenian-shipbrokers-s-a-demolition-quick-update-week-03-2026_week-03-athenian-demo-report-2026_95c5ace8a2f5.pdf
2026-01-18,3,2024,9.85,2026-01-20_athenian-shipbrokers-s-a-demolition-quick-update-week-03-2026_week-03-athenian-demo-report-2026_95c5ace8a2f5.pdf
2026-01-18,3,2025,11.45,2026-01-20_athenian-shipbrokers-s-a-demolition-quick-update-week-03-2026_week-03-athenian-demo-report-2026_95c5ace8a2f5.pdf
2026-01-18,3,2026,0.45,2026-01-20_athenian-shipbrokers-s-a-demolition-quick-update-week-03-2026_week-03-athenian-demo-report-2026_95c5ace8a2f5.pdf
2026-01-25,4,2011,40.0,2026-01-27_athenian-shipbrokers-s-a-demolition-quick-update-week-04-2026_week-04-athenian-demo-report-2026_ca4d309de915.pdf
2026-01-25,4,2012,55.8,2026-01-27_athenian-shipbrokers-s-a-demolition-quick-update-week-04-2026_week-04-athenian-demo-report-2026_ca4d309de915.pdf
2026-01-25,4,2013,47.0,2026-01-27_athenian-shipbrokers-s-a-demolition-quick-update-week-04-2026_week-04-athenian-demo-report-2026_ca4d309de915.pdf
2026-01-25,4,2014,34.3,2026-01-27_athenian-shipbrokers-s-a-demolition-quick-update-week-04-2026_week-04-athenian-demo-report-2026_ca4d309de915.pdf
2026-01-25,4,2015,38.8,2026-01-27_athenian-shipbrokers-s-a-demolition-quick-update-week-04-2026_week-04-athenian-demo-report-2026_ca4d309de915.pdf
2026-01-25,4,2016,44.6,2026-01-27_athenian-shipbrokers-s-a-demolition-quick-update-week-04-2026_week-04-athenian-demo-report-2026_ca4d309de915.pdf
2026-01-25,4,2017,35.3,2026-01-27_athenian-shipbrokers-s-a-demolition-quick-update-week-04-2026_week-04-athenian-demo-report-2026_ca4d309de915.pdf
2026-01-25,4,2018,30.4,2026-01-27_athenian-shipbrokers-s-a-demolition-quick-update-week-04-2026_week-04-athenian-demo-report-2026_ca4d309de915.pdf
2026-01-25,4,2019,16.9,2026-01-27_athenian-shipbrokers-s-a-demolition-quick-update-week-04-2026_week-04-athenian-demo-report-2026_ca4d309de915.pdf
2026-01-25,4,2020,23.2,2026-01-27_athenian-shipbrokers-s-a-demolition-quick-update-week-04-2026_week-04-athenian-demo-report-2026_ca4d309de915.pdf
2026-01-25,4,2021,23.7,2026-01-27_athenian-shipbrokers-s-a-demolition-quick-update-week-04-2026_week-04-athenian-demo-report-2026_ca4d309de915.pdf
2026-01-25,4,2022,12.5,2026-01-27_athenian-shipbrokers-s-a-demolition-quick-update-week-04-2026_week-04-athenian-demo-report-2026_ca4d309de915.pdf
2026-01-25,4,2023,10.5,2026-01-27_athenian-shipbrokers-s-a-demolition-quick-update-week-04-2026_week-04-athenian-demo-report-2026_ca4d309de915.pdf
2026-01-25,4,2024,9.85,2026-01-27_athenian-shipbrokers-s-a-demolition-quick-update-week-04-2026_week-04-athenian-demo-report-2026_ca4d309de915.pdf
2026-01-25,4,2025,11.45,2026-01-27_athenian-shipbrokers-s-a-demolition-quick-update-week-04-2026_week-04-athenian-demo-report-2026_ca4d309de915.pdf
2026-01-25,4,2026,0.65,2026-01-27_athenian-shipbrokers-s-a-demolition-quick-update-week-04-2026_week-04-athenian-demo-report-2026_ca4d309de915.pdf
2026-02-01,5,2011,40.0,2026-02-03_athenian-shipbrokers-s-a-demolition-quick-update-week-05-2026_week-05-athenian-demo-report-2026_286e33950c3b.pdf
2026-02-01,5,2012,55.8,2026-02-03_athenian-shipbrokers-s-a-demolition-quick-update-week-05-2026_week-05-athenian-demo-report-2026_286e33950c3b.pdf
2026-02-01,5,2013,47.0,2026-02-03_athenian-shipbrokers-s-a-demolition-quick-update-week-05-2026_week-05-athenian-demo-report-2026_286e33950c3b.pdf
2026-02-01,5,2014,34.3,2026-02-03_athenian-shipbrokers-s-a-demolition-quick-update-week-05-2026_week-05-athenian-demo-report-2026_286e33950c3b.pdf
2026-02-01,5,2015,38.8,2026-02-03_athenian-shipbrokers-s-a-demolition-quick-update-week-05-2026_week-05-athenian-demo-report-2026_286e33950c3b.pdf
2026-02-01,5,2016,44.6,2026-02-03_athenian-shipbrokers-s-a-demolition-quick-update-week-05-2026_week-05-athenian-demo-report-2026_286e33950c3b.pdf
2026-02-01,5,2017,35.3,2026-02-03_athenian-shipbrokers-s-a-demolition-quick-update-week-05-2026_week-05-athenian-demo-report-2026_286e33950c3b.pdf
2026-02-01,5,2018,30.4,2026-02-03_athenian-shipbrokers-s-a-demolition-quick-update-week-05-2026_week-05-athenian-demo-report-2026_286e33950c3b.pdf
2026-02-01,5,2019,16.9,2026-02-03_athenian-shipbrokers-s-a-demolition-quick-update-week-05-2026_week-05-athenian-demo-report-2026_286e33950c3b.pdf
2026-02-01,5,2020,23.2,2026-02-03_athenian-shipbrokers-s-a-demolition-quick-update-week-05-2026_week-05-athenian-demo-report-2026_286e33950c3b.pdf
2026-02-01,5,2021,23.7,2026-02-03_athenian-shipbrokers-s-a-demolition-quick-update-week-05-2026_week-05-athenian-demo-report-2026_286e33950c3b.pdf
2026-02-01,5,2022,12.5,2026-02-03_athenian-shipbrokers-s-a-demolition-quick-update-week-05-2026_week-05-athenian-demo-report-2026_286e33950c3b.pdf
2026-02-01,5,2023,10.5,2026-02-03_athenian-shipbrokers-s-a-demolition-quick-update-week-05-2026_week-05-athenian-demo-report-2026_286e33950c3b.pdf
2026-02-01,5,2024,9.85,2026-02-03_athenian-shipbrokers-s-a-demolition-quick-update-week-05-2026_week-05-athenian-demo-report-2026_286e33950c3b.pdf
2026-02-01,5,2025,11.45,2026-02-03_athenian-shipbrokers-s-a-demolition-quick-update-week-05-2026_week-05-athenian-demo-report-2026_286e33950c3b.pdf
2026-02-01,5,2026,0.95,2026-02-03_athenian-shipbrokers-s-a-demolition-quick-update-week-05-2026_week-05-athenian-demo-report-2026_286e33950c3b.pdf
2026-02-08,6,2011,40.0,2026-02-10_athenian-shipbrokers-s-a-demolition-quick-update-week-06-2026_week-06-athenian-demo-report-2026_c1f2be430844.pdf
2026-02-08,6,2012,55.8,2026-02-10_athenian-shipbrokers-s-a-demolition-quick-update-week-06-2026_week-06-athenian-demo-report-2026_c1f2be430844.pdf
2026-02-08,6,2013,47.0,2026-02-10_athenian-shipbrokers-s-a-demolition-quick-update-week-06-2026_week-06-athenian-demo-report-2026_c1f2be430844.pdf
2026-02-08,6,2014,34.3,2026-02-10_athenian-shipbrokers-s-a-demolition-quick-update-week-06-2026_week-06-athenian-demo-report-2026_c1f2be430844.pdf
2026-02-08,6,2015,38.8,2026-02-10_athenian-shipbrokers-s-a-demolition-quick-update-week-06-2026_week-06-athenian-demo-report-2026_c1f2be430844.pdf
2026-02-08,6,2016,44.6,2026-02-10_athenian-shipbrokers-s-a-demolition-quick-update-week-06-2026_week-06-athenian-demo-report-2026_c1f2be430844.pdf
2026-02-08,6,2017,35.3,2026-02-10_athenian-shipbrokers-s-a-demolition-quick-update-week-06-2026_week-06-athenian-demo-report-2026_c1f2be430844.pdf
2026-02-08,6,2018,30.4,2026-02-10_athenian-shipbrokers-s-a-demolition-quick-update-week-06-2026_week-06-athenian-demo-report-2026_c1f2be430844.pdf
2026-02-08,6,2019,16.9,2026-02-10_athenian-shipbrokers-s-a-demolition-quick-update-week-06-2026_week-06-athenian-demo-report-2026_c1f2be430844.pdf
2026-02-08,6,2020,23.2,2026-02-10_athenian-shipbrokers-s-a-demolition-quick-update-week-06-2026_week-06-athenian-demo-report-2026_c1f2be430844.pdf
2026-02-08,6,2021,23.7,2026-02-10_athenian-shipbrokers-s-a-demolition-quick-update-week-06-2026_week-06-athenian-demo-report-2026_c1f2be430844.pdf
2026-02-08,6,2022,12.5,2026-02-10_athenian-shipbrokers-s-a-demolition-quick-update-week-06-2026_week-06-athenian-demo-report-2026_c1f2be430844.pdf
2026-02-08,6,2023,10.5,2026-02-10_athenian-shipbrokers-s-a-demolition-quick-update-week-06-2026_week-06-athenian-demo-report-2026_c1f2be430844.pdf
2026-02-08,6,2024,9.85,2026-02-10_athenian-shipbrokers-s-a-demolition-quick-update-week-06-2026_week-06-athenian-demo-report-2026_c1f2be430844.pdf
2026-02-08,6,2025,11.45,2026-02-10_athenian-shipbrokers-s-a-demolition-quick-update-week-06-2026_week-06-athenian-demo-report-2026_c1f2be430844.pdf
2026-02-08,6,2026,1.15,2026-02-10_athenian-shipbrokers-s-a-demolition-quick-update-week-06-2026_week-06-athenian-demo-report-2026_c1f2be430844.pdf
2026-02-15,7,2011,40.0,2026-02-17_athenian-shipbrokers-s-a-demolition-quick-update-week-07-2026_week-07-athenian-demo-report-2026_268e2b20ed86.pdf
2026-02-15,7,2012,55.8,2026-02-17_athenian-shipbrokers-s-a-demolition-quick-update-week-07-2026_week-07-athenian-demo-report-2026_268e2b20ed86.pdf
2026-02-15,7,2013,47.0,2026-02-17_athenian-shipbrokers-s-a-demolition-quick-update-week-07-2026_week-07-athenian-demo-report-2026_268e2b20ed86.pdf
2026-02-15,7,2014,34.3,2026-02-17_athenian-shipbrokers-s-a-demolition-quick-update-week-07-2026_week-07-athenian-demo-report-2026_268e2b20ed86.pdf
2026-02-15,7,2015,38.8,2026-02-17_athenian-shipbrokers-s-a-demolition-quick-update-week-07-2026_week-07-athenian-demo-report-2026_268e2b20ed86.pdf
2026-02-15,7,2016,44.6,2026-02-17_athenian-shipbrokers-s-a-demolition-quick-update-week-07-2026_week-07-athenian-demo-report-2026_268e2b20ed86.pdf
2026-02-15,7,2017,35.3,2026-02-17_athenian-shipbrokers-s-a-demolition-quick-update-week-07-2026_week-07-athenian-demo-report-2026_268e2b20ed86.pdf
2026-02-15,7,2018,30.4,2026-02-17_athenian-shipbrokers-s-a-demolition-quick-update-week-07-2026_week-07-athenian-demo-report-2026_268e2b20ed86.pdf
2026-02-15,7,2019,16.9,2026-02-17_athenian-shipbrokers-s-a-demolition-quick-update-week-07-2026_week-07-athenian-demo-report-2026_268e2b20ed86.pdf
2026-02-15,7,2020,23.2,2026-02-17_athenian-shipbrokers-s-a-demolition-quick-update-week-07-2026_week-07-athenian-demo-report-2026_268e2b20ed86.pdf
2026-02-15,7,2021,23.7,2026-02-17_athenian-shipbrokers-s-a-demolition-quick-update-week-07-2026_week-07-athenian-demo-report-2026_268e2b20ed86.pdf
2026-02-15,7,2022,12.5,2026-02-17_athenian-shipbrokers-s-a-demolition-quick-update-week-07-2026_week-07-athenian-demo-report-2026_268e2b20ed86.pdf
2026-02-15,7,2023,10.5,2026-02-17_athenian-shipbrokers-s-a-demolition-quick-update-week-07-2026_week-07-athenian-demo-report-2026_268e2b20ed86.pdf
2026-02-15,7,2024,9.85,2026-02-17_athenian-shipbrokers-s-a-demolition-quick-update-week-07-2026_week-07-athenian-demo-report-2026_268e2b20ed86.pdf
2026-02-15,7,2025,11.45,2026-02-17_athenian-shipbrokers-s-a-demolition-quick-update-week-07-2026_week-07-athenian-demo-report-2026_268e2b20ed86.pdf
2026-02-15,7,2026,1.45,2026-02-17_athenian-shipbrokers-s-a-demolition-quick-update-week-07-2026_week-07-athenian-demo-report-2026_268e2b20ed86.pdf
2026-02-22,8,2011,40.0,2026-02-24_athenian-shipbrokers-s-a-demolition-quick-update-week-08-2026_week-08-athenian-demolition-report-2_91b86692603e.pdf
2026-02-22,8,2012,55.8,2026-02-24_athenian-shipbrokers-s-a-demolition-quick-update-week-08-2026_week-08-athenian-demolition-report-2_91b86692603e.pdf
2026-02-22,8,2013,47.0,2026-02-24_athenian-shipbrokers-s-a-demolition-quick-update-week-08-2026_week-08-athenian-demolition-report-2_91b86692603e.pdf
2026-02-22,8,2014,34.3,2026-02-24_athenian-shipbrokers-s-a-demolition-quick-update-week-08-2026_week-08-athenian-demolition-report-2_91b86692603e.pdf
2026-02-22,8,2015,38.8,2026-02-24_athenian-shipbrokers-s-a-demolition-quick-update-week-08-2026_week-08-athenian-demolition-report-2_91b86692603e.pdf
2026-02-22,8,2016,44.6,2026-02-24_athenian-shipbrokers-s-a-demolition-quick-update-week-08-2026_week-08-athenian-demolition-report-2_91b86692603e.pdf
2026-02-22,8,2017,35.3,2026-02-24_athenian-shipbrokers-s-a-demolition-quick-update-week-08-2026_week-08-athenian-demolition-report-2_91b86692603e.pdf
2026-02-22,8,2018,30.4,2026-02-24_athenian-shipbrokers-s-a-demolition-quick-update-week-08-2026_week-08-athenian-demolition-report-2_91b86692603e.pdf
2026-02-22,8,2019,16.9,2026-02-24_athenian-shipbrokers-s-a-demolition-quick-update-week-08-2026_week-08-athenian-demolition-report-2_91b86692603e.pdf
2026-02-22,8,2020,23.2,2026-02-24_athenian-shipbrokers-s-a-demolition-quick-update-week-08-2026_week-08-athenian-demolition-report-2_91b86692603e.pdf
2026-02-22,8,2021,23.7,2026-02-24_athenian-shipbrokers-s-a-demolition-quick-update-week-08-2026_week-08-athenian-demolition-report-2_91b86692603e.pdf
2026-02-22,8,2022,12.5,2026-02-24_athenian-shipbrokers-s-a-demolition-quick-update-week-08-2026_week-08-athenian-demolition-report-2_91b86692603e.pdf
2026-02-22,8,2023,10.5,2026-02-24_athenian-shipbrokers-s-a-demolition-quick-update-week-08-2026_week-08-athenian-demolition-report-2_91b86692603e.pdf
2026-02-22,8,2024,9.85,2026-02-24_athenian-shipbrokers-s-a-demolition-quick-update-week-08-2026_week-08-athenian-demolition-report-2_91b86692603e.pdf
2026-02-22,8,2025,11.45,2026-02-24_athenian-shipbrokers-s-a-demolition-quick-update-week-08-2026_week-08-athenian-demolition-report-2_91b86692603e.pdf
2026-02-22,8,2026,1.75,2026-02-24_athenian-shipbrokers-s-a-demolition-quick-update-week-08-2026_week-08-athenian-demolition-report-2_91b86692603e.pdf
2026-02-28,9,2011,40.0,2026-03-03_athenian-shipbrokers-s-a-demolition-quick-update-week-09-2026_week-09-athenian-demolition-report-2_3d9937bd5a29.pdf
2026-02-28,9,2012,55.8,2026-03-03_athenian-shipbrokers-s-a-demolition-quick-update-week-09-2026_week-09-athenian-demolition-report-2_3d9937bd5a29.pdf
2026-02-28,9,2013,47.0,2026-03-03_athenian-shipbrokers-s-a-demolition-quick-update-week-09-2026_week-09-athenian-demolition-report-2_3d9937bd5a29.pdf
2026-02-28,9,2014,34.3,2026-03-03_athenian-shipbrokers-s-a-demolition-quick-update-week-09-2026_week-09-athenian-demolition-report-2_3d9937bd5a29.pdf
2026-02-28,9,2015,38.8,2026-03-03_athenian-shipbrokers-s-a-demolition-quick-update-week-09-2026_week-09-athenian-demolition-report-2_3d9937bd5a29.pdf
2026-02-28,9,2016,44.6,2026-03-03_athenian-shipbrokers-s-a-demolition-quick-update-week-09-2026_week-09-athenian-demolition-report-2_3d9937bd5a29.pdf
2026-02-28,9,2017,35.3,2026-03-03_athenian-shipbrokers-s-a-demolition-quick-update-week-09-2026_week-09-athenian-demolition-report-2_3d9937bd5a29.pdf
2026-02-28,9,2018,30.4,2026-03-03_athenian-shipbrokers-s-a-demolition-quick-update-week-09-2026_week-09-athenian-demolition-report-2_3d9937bd5a29.pdf
2026-02-28,9,2019,16.9,2026-03-03_athenian-shipbrokers-s-a-demolition-quick-update-week-09-2026_week-09-athenian-demolition-report-2_3d9937bd5a29.pdf
2026-02-28,9,2020,23.2,2026-03-03_athenian-shipbrokers-s-a-demolition-quick-update-week-09-2026_week-09-athenian-demolition-report-2_3d9937bd5a29.pdf
2026-02-28,9,2021,23.7,2026-03-03_athenian-shipbrokers-s-a-demolition-quick-update-week-09-2026_week-09-athenian-demolition-report-2_3d9937bd5a29.pdf
2026-02-28,9,2022,12.5,2026-03-03_athenian-shipbrokers-s-a-demolition-quick-update-week-09-2026_week-09-athenian-demolition-report-2_3d9937bd5a29.pdf
2026-02-28,9,2023,10.5,2026-03-03_athenian-shipbrokers-s-a-demolition-quick-update-week-09-2026_week-09-athenian-demolition-report-2_3d9937bd5a29.pdf
2026-02-28,9,2024,9.85,2026-03-03_athenian-shipbrokers-s-a-demolition-quick-update-week-09-2026_week-09-athenian-demolition-report-2_3d9937bd5a29.pdf
2026-02-28,9,2025,11.45,2026-03-03_athenian-shipbrokers-s-a-demolition-quick-update-week-09-2026_week-09-athenian-demolition-report-2_3d9937bd5a29.pdf
2026-02-28,9,2026,1.75,2026-03-03_athenian-shipbrokers-s-a-demolition-quick-update-week-09-2026_week-09-athenian-demolition-report-2_3d9937bd5a29.pdf
2026-03-08,10,2011,40.0,2026-03-10_athenian-shipbrokers-s-a-demolition-quick-update-week-10-2026_week-10-athenian-demolition-report-2_e28c20ff8b59.pdf
2026-03-08,10,2012,55.8,2026-03-10_athenian-shipbrokers-s-a-demolition-quick-update-week-10-2026_week-10-athenian-demolition-report-2_e28c20ff8b59.pdf
2026-03-08,10,2013,47.0,2026-03-10_athenian-shipbrokers-s-a-demolition-quick-update-week-10-2026_week-10-athenian-demolition-report-2_e28c20ff8b59.pdf
2026-03-08,10,2014,34.3,2026-03-10_athenian-shipbrokers-s-a-demolition-quick-update-week-10-2026_week-10-athenian-demolition-report-2_e28c20ff8b59.pdf
2026-03-08,10,2015,38.8,2026-03-10_athenian-shipbrokers-s-a-demolition-quick-update-week-10-2026_week-10-athenian-demolition-report-2_e28c20ff8b59.pdf
2026-03-08,10,2016,44.6,2026-03-10_athenian-shipbrokers-s-a-demolition-quick-update-week-10-2026_week-10-athenian-demolition-report-2_e28c20ff8b59.pdf
2026-03-08,10,2017,35.3,2026-03-10_athenian-shipbrokers-s-a-demolition-quick-update-week-10-2026_week-10-athenian-demolition-report-2_e28c20ff8b59.pdf
2026-03-08,10,2018,30.4,2026-03-10_athenian-shipbrokers-s-a-demolition-quick-update-week-10-2026_week-10-athenian-demolition-report-2_e28c20ff8b59.pdf
2026-03-08,10,2019,16.9,2026-03-10_athenian-shipbrokers-s-a-demolition-quick-update-week-10-2026_week-10-athenian-demolition-report-2_e28c20ff8b59.pdf
2026-03-08,10,2020,23.2,2026-03-10_athenian-shipbrokers-s-a-demolition-quick-update-week-10-2026_week-10-athenian-demolition-report-2_e28c20ff8b59.pdf
2026-03-08,10,2021,23.7,2026-03-10_athenian-shipbrokers-s-a-demolition-quick-update-week-10-2026_week-10-athenian-demolition-report-2_e28c20ff8b59.pdf
2026-03-08,10,2022,12.5,2026-03-10_athenian-shipbrokers-s-a-demolition-quick-update-week-10-2026_week-10-athenian-demolition-report-2_e28c20ff8b59.pdf
2026-03-08,10,2023,10.5,2026-03-10_athenian-shipbrokers-s-a-demolition-quick-update-week-10-2026_week-10-athenian-demolition-report-2_e28c20ff8b59.pdf
2026-03-08,10,2024,9.85,2026-03-10_athenian-shipbrokers-s-a-demolition-quick-update-week-10-2026_week-10-athenian-demolition-report-2_e28c20ff8b59.pdf
2026-03-08,10,2025,11.45,2026-03-10_athenian-shipbrokers-s-a-demolition-quick-update-week-10-2026_week-10-athenian-demolition-report-2_e28c20ff8b59.pdf
2026-03-08,10,2026,1.85,2026-03-10_athenian-shipbrokers-s-a-demolition-quick-update-week-10-2026_week-10-athenian-demolition-report-2_e28c20ff8b59.pdf
2026-03-15,11,2011,40.0,2026-03-17_athenian-shipbrokers-s-a-demolition-quick-update-week-11-2026_week-11-athenian-demolition-report-2_b05086ad330f.pdf
2026-03-15,11,2012,55.8,2026-03-17_athenian-shipbrokers-s-a-demolition-quick-update-week-11-2026_week-11-athenian-demolition-report-2_b05086ad330f.pdf
2026-03-15,11,2013,47.0,2026-03-17_athenian-shipbrokers-s-a-demolition-quick-update-week-11-2026_week-11-athenian-demolition-report-2_b05086ad330f.pdf
2026-03-15,11,2014,34.3,2026-03-17_athenian-shipbrokers-s-a-demolition-quick-update-week-11-2026_week-11-athenian-demolition-report-2_b05086ad330f.pdf
2026-03-15,11,2015,38.8,2026-03-17_athenian-shipbrokers-s-a-demolition-quick-update-week-11-2026_week-11-athenian-demolition-report-2_b05086ad330f.pdf
2026-03-15,11,2016,44.6,2026-03-17_athenian-shipbrokers-s-a-demolition-quick-update-week-11-2026_week-11-athenian-demolition-report-2_b05086ad330f.pdf
2026-03-15,11,2017,35.3,2026-03-17_athenian-shipbrokers-s-a-demolition-quick-update-week-11-2026_week-11-athenian-demolition-report-2_b05086ad330f.pdf
2026-03-15,11,2018,30.4,2026-03-17_athenian-shipbrokers-s-a-demolition-quick-update-week-11-2026_week-11-athenian-demolition-report-2_b05086ad330f.pdf
2026-03-15,11,2019,16.9,2026-03-17_athenian-shipbrokers-s-a-demolition-quick-update-week-11-2026_week-11-athenian-demolition-report-2_b05086ad330f.pdf
2026-03-15,11,2020,23.2,2026-03-17_athenian-shipbrokers-s-a-demolition-quick-update-week-11-2026_week-11-athenian-demolition-report-2_b05086ad330f.pdf
2026-03-15,11,2021,23.7,2026-03-17_athenian-shipbrokers-s-a-demolition-quick-update-week-11-2026_week-11-athenian-demolition-report-2_b05086ad330f.pdf
2026-03-15,11,2022,12.5,2026-03-17_athenian-shipbrokers-s-a-demolition-quick-update-week-11-2026_week-11-athenian-demolition-report-2_b05086ad330f.pdf
2026-03-15,11,2023,10.5,2026-03-17_athenian-shipbrokers-s-a-demolition-quick-update-week-11-2026_week-11-athenian-demolition-report-2_b05086ad330f.pdf
2026-03-15,11,2024,9.85,2026-03-17_athenian-shipbrokers-s-a-demolition-quick-update-week-11-2026_week-11-athenian-demolition-report-2_b05086ad330f.pdf
2026-03-15,11,2025,11.45,2026-03-17_athenian-shipbrokers-s-a-demolition-quick-update-week-11-2026_week-11-athenian-demolition-report-2_b05086ad330f.pdf
2026-03-15,11,2026,2.05,2026-03-17_athenian-shipbrokers-s-a-demolition-quick-update-week-11-2026_week-11-athenian-demolition-report-2_b05086ad330f.pdf
2026-03-22,12,2011,40.0,2026-03-24_athenian-shipbrokers-s-a-demolition-quick-update-week-12-2026_week-12-athenian-demolition-report-2_68971ad4656b.pdf
2026-03-22,12,2012,55.8,2026-03-24_athenian-shipbrokers-s-a-demolition-quick-update-week-12-2026_week-12-athenian-demolition-report-2_68971ad4656b.pdf
2026-03-22,12,2013,47.0,2026-03-24_athenian-shipbrokers-s-a-demolition-quick-update-week-12-2026_week-12-athenian-demolition-report-2_68971ad4656b.pdf
2026-03-22,12,2014,34.3,2026-03-24_athenian-shipbrokers-s-a-demolition-quick-update-week-12-2026_week-12-athenian-demolition-report-2_68971ad4656b.pdf
2026-03-22,12,2015,38.8,2026-03-24_athenian-shipbrokers-s-a-demolition-quick-update-week-12-2026_week-12-athenian-demolition-report-2_68971ad4656b.pdf
2026-03-22,12,2016,44.6,2026-03-24_athenian-shipbrokers-s-a-demolition-quick-update-week-12-2026_week-12-athenian-demolition-report-2_68971ad4656b.pdf
2026-03-22,12,2017,35.3,2026-03-24_athenian-shipbrokers-s-a-demolition-quick-update-week-12-2026_week-12-athenian-demolition-report-2_68971ad4656b.pdf
2026-03-22,12,2018,30.4,2026-03-24_athenian-shipbrokers-s-a-demolition-quick-update-week-12-2026_week-12-athenian-demolition-report-2_68971ad4656b.pdf
2026-03-22,12,2019,16.9,2026-03-24_athenian-shipbrokers-s-a-demolition-quick-update-week-12-2026_week-12-athenian-demolition-report-2_68971ad4656b.pdf
2026-03-22,12,2020,23.2,2026-03-24_athenian-shipbrokers-s-a-demolition-quick-update-week-12-2026_week-12-athenian-demolition-report-2_68971ad4656b.pdf
2026-03-22,12,2021,23.7,2026-03-24_athenian-shipbrokers-s-a-demolition-quick-update-week-12-2026_week-12-athenian-demolition-report-2_68971ad4656b.pdf
2026-03-22,12,2022,12.5,2026-03-24_athenian-shipbrokers-s-a-demolition-quick-update-week-12-2026_week-12-athenian-demolition-report-2_68971ad4656b.pdf
2026-03-22,12,2023,10.5,2026-03-24_athenian-shipbrokers-s-a-demolition-quick-update-week-12-2026_week-12-athenian-demolition-report-2_68971ad4656b.pdf
2026-03-22,12,2024,9.85,2026-03-24_athenian-shipbrokers-s-a-demolition-quick-update-week-12-2026_week-12-athenian-demolition-report-2_68971ad4656b.pdf
2026-03-22,12,2025,11.45,2026-03-24_athenian-shipbrokers-s-a-demolition-quick-update-week-12-2026_week-12-athenian-demolition-report-2_68971ad4656b.pdf
2026-03-22,12,2026,2.45,2026-03-24_athenian-shipbrokers-s-a-demolition-quick-update-week-12-2026_week-12-athenian-demolition-report-2_68971ad4656b.pdf
2026-03-29,13,2011,40.0,2026-03-31_athenian-shipbrokers-s-a-demolition-quick-update-week-13-2026_week-13-athenian-demolition-report-2_6f994bfbedd1.pdf
2026-03-29,13,2012,55.8,2026-03-31_athenian-shipbrokers-s-a-demolition-quick-update-week-13-2026_week-13-athenian-demolition-report-2_6f994bfbedd1.pdf
2026-03-29,13,2013,47.0,2026-03-31_athenian-shipbrokers-s-a-demolition-quick-update-week-13-2026_week-13-athenian-demolition-report-2_6f994bfbedd1.pdf
2026-03-29,13,2014,34.3,2026-03-31_athenian-shipbrokers-s-a-demolition-quick-update-week-13-2026_week-13-athenian-demolition-report-2_6f994bfbedd1.pdf
2026-03-29,13,2015,38.8,2026-03-31_athenian-shipbrokers-s-a-demolition-quick-update-week-13-2026_week-13-athenian-demolition-report-2_6f994bfbedd1.pdf
2026-03-29,13,2016,44.6,2026-03-31_athenian-shipbrokers-s-a-demolition-quick-update-week-13-2026_week-13-athenian-demolition-report-2_6f994bfbedd1.pdf
2026-03-29,13,2017,35.3,2026-03-31_athenian-shipbrokers-s-a-demolition-quick-update-week-13-2026_week-13-athenian-demolition-report-2_6f994bfbedd1.pdf
2026-03-29,13,2018,30.4,2026-03-31_athenian-shipbrokers-s-a-demolition-quick-update-week-13-2026_week-13-athenian-demolition-report-2_6f994bfbedd1.pdf
2026-03-29,13,2019,16.9,2026-03-31_athenian-shipbrokers-s-a-demolition-quick-update-week-13-2026_week-13-athenian-demolition-report-2_6f994bfbedd1.pdf
2026-03-29,13,2020,23.2,2026-03-31_athenian-shipbrokers-s-a-demolition-quick-update-week-13-2026_week-13-athenian-demolition-report-2_6f994bfbedd1.pdf
2026-03-29,13,2021,23.7,2026-03-31_athenian-shipbrokers-s-a-demolition-quick-update-week-13-2026_week-13-athenian-demolition-report-2_6f994bfbedd1.pdf
2026-03-29,13,2022,12.5,2026-03-31_athenian-shipbrokers-s-a-demolition-quick-update-week-13-2026_week-13-athenian-demolition-report-2_6f994bfbedd1.pdf
2026-03-29,13,2023,10.5,2026-03-31_athenian-shipbrokers-s-a-demolition-quick-update-week-13-2026_week-13-athenian-demolition-report-2_6f994bfbedd1.pdf
2026-03-29,13,2024,9.85,2026-03-31_athenian-shipbrokers-s-a-demolition-quick-update-week-13-2026_week-13-athenian-demolition-report-2_6f994bfbedd1.pdf
2026-03-29,13,2025,11.45,2026-03-31_athenian-shipbrokers-s-a-demolition-quick-update-week-13-2026_week-13-athenian-demolition-report-2_6f994bfbedd1.pdf
2026-03-29,13,2026,2.55,2026-03-31_athenian-shipbrokers-s-a-demolition-quick-update-week-13-2026_week-13-athenian-demolition-report-2_6f994bfbedd1.pdf
2026-04-05,14,2011,40.0,2026-04-07_athenian-shipbrokers-s-a-demolition-quick-update-week-14-2026_week-14-athenian-demolition-report-2_ec8f9a8050c2.pdf
2026-04-05,14,2012,55.8,2026-04-07_athenian-shipbrokers-s-a-demolition-quick-update-week-14-2026_week-14-athenian-demolition-report-2_ec8f9a8050c2.pdf
2026-04-05,14,2013,47.0,2026-04-07_athenian-shipbrokers-s-a-demolition-quick-update-week-14-2026_week-14-athenian-demolition-report-2_ec8f9a8050c2.pdf
2026-04-05,14,2014,34.3,2026-04-07_athenian-shipbrokers-s-a-demolition-quick-update-week-14-2026_week-14-athenian-demolition-report-2_ec8f9a8050c2.pdf
2026-04-05,14,2015,38.8,2026-04-07_athenian-shipbrokers-s-a-demolition-quick-update-week-14-2026_week-14-athenian-demolition-report-2_ec8f9a8050c2.pdf
2026-04-05,14,2016,44.6,2026-04-07_athenian-shipbrokers-s-a-demolition-quick-update-week-14-2026_week-14-athenian-demolition-report-2_ec8f9a8050c2.pdf
2026-04-05,14,2017,35.3,2026-04-07_athenian-shipbrokers-s-a-demolition-quick-update-week-14-2026_week-14-athenian-demolition-report-2_ec8f9a8050c2.pdf
2026-04-05,14,2018,30.4,2026-04-07_athenian-shipbrokers-s-a-demolition-quick-update-week-14-2026_week-14-athenian-demolition-report-2_ec8f9a8050c2.pdf
2026-04-05,14,2019,16.9,2026-04-07_athenian-shipbrokers-s-a-demolition-quick-update-week-14-2026_week-14-athenian-demolition-report-2_ec8f9a8050c2.pdf
2026-04-05,14,2020,23.2,2026-04-07_athenian-shipbrokers-s-a-demolition-quick-update-week-14-2026_week-14-athenian-demolition-report-2_ec8f9a8050c2.pdf
2026-04-05,14,2021,23.7,2026-04-07_athenian-shipbrokers-s-a-demolition-quick-update-week-14-2026_week-14-athenian-demolition-report-2_ec8f9a8050c2.pdf
2026-04-05,14,2022,12.5,2026-04-07_athenian-shipbrokers-s-a-demolition-quick-update-week-14-2026_week-14-athenian-demolition-report-2_ec8f9a8050c2.pdf
2026-04-05,14,2023,10.5,2026-04-07_athenian-shipbrokers-s-a-demolition-quick-update-week-14-2026_week-14-athenian-demolition-report-2_ec8f9a8050c2.pdf
2026-04-05,14,2024,9.85,2026-04-07_athenian-shipbrokers-s-a-demolition-quick-update-week-14-2026_week-14-athenian-demolition-report-2_ec8f9a8050c2.pdf
2026-04-05,14,2025,11.45,2026-04-07_athenian-shipbrokers-s-a-demolition-quick-update-week-14-2026_week-14-athenian-demolition-report-2_ec8f9a8050c2.pdf
2026-04-05,14,2026,2.75,2026-04-07_athenian-shipbrokers-s-a-demolition-quick-update-week-14-2026_week-14-athenian-demolition-report-2_ec8f9a8050c2.pdf
2026-04-12,15,2011,40.0,2026-04-14_athenian-shipbrokers-s-a-demolition-quick-update-week-15-2026_week-15-athenian-demolition-report-2_dafcc8822921.pdf
2026-04-12,15,2012,55.8,2026-04-14_athenian-shipbrokers-s-a-demolition-quick-update-week-15-2026_week-15-athenian-demolition-report-2_dafcc8822921.pdf
2026-04-12,15,2013,47.0,2026-04-14_athenian-shipbrokers-s-a-demolition-quick-update-week-15-2026_week-15-athenian-demolition-report-2_dafcc8822921.pdf
2026-04-12,15,2014,34.3,2026-04-14_athenian-shipbrokers-s-a-demolition-quick-update-week-15-2026_week-15-athenian-demolition-report-2_dafcc8822921.pdf
2026-04-12,15,2015,38.8,2026-04-14_athenian-shipbrokers-s-a-demolition-quick-update-week-15-2026_week-15-athenian-demolition-report-2_dafcc8822921.pdf
2026-04-12,15,2016,44.6,2026-04-14_athenian-shipbrokers-s-a-demolition-quick-update-week-15-2026_week-15-athenian-demolition-report-2_dafcc8822921.pdf
2026-04-12,15,2017,35.3,2026-04-14_athenian-shipbrokers-s-a-demolition-quick-update-week-15-2026_week-15-athenian-demolition-report-2_dafcc8822921.pdf
2026-04-12,15,2018,30.4,2026-04-14_athenian-shipbrokers-s-a-demolition-quick-update-week-15-2026_week-15-athenian-demolition-report-2_dafcc8822921.pdf
2026-04-12,15,2019,16.9,2026-04-14_athenian-shipbrokers-s-a-demolition-quick-update-week-15-2026_week-15-athenian-demolition-report-2_dafcc8822921.pdf
2026-04-12,15,2020,23.2,2026-04-14_athenian-shipbrokers-s-a-demolition-quick-update-week-15-2026_week-15-athenian-demolition-report-2_dafcc8822921.pdf
2026-04-12,15,2021,23.7,2026-04-14_athenian-shipbrokers-s-a-demolition-quick-update-week-15-2026_week-15-athenian-demolition-report-2_dafcc8822921.pdf
2026-04-12,15,2022,12.5,2026-04-14_athenian-shipbrokers-s-a-demolition-quick-update-week-15-2026_week-15-athenian-demolition-report-2_dafcc8822921.pdf
2026-04-12,15,2023,10.5,2026-04-14_athenian-shipbrokers-s-a-demolition-quick-update-week-15-2026_week-15-athenian-demolition-report-2_dafcc8822921.pdf
2026-04-12,15,2024,9.85,2026-04-14_athenian-shipbrokers-s-a-demolition-quick-update-week-15-2026_week-15-athenian-demolition-report-2_dafcc8822921.pdf
2026-04-12,15,2025,11.45,2026-04-14_athenian-shipbrokers-s-a-demolition-quick-update-week-15-2026_week-15-athenian-demolition-report-2_dafcc8822921.pdf
2026-04-12,15,2026,3.25,2026-04-14_athenian-shipbrokers-s-a-demolition-quick-update-week-15-2026_week-15-athenian-demolition-report-2_dafcc8822921.pdf
2026-04-19,16,2011,40.0,2026-04-21_athenian-shipbrokers-s-a-demolition-quick-update-week-16-2026_week-16-athenian-demolition-report-2_bc23205e7db5.pdf
2026-04-19,16,2012,55.8,2026-04-21_athenian-shipbrokers-s-a-demolition-quick-update-week-16-2026_week-16-athenian-demolition-report-2_bc23205e7db5.pdf
2026-04-19,16,2013,47.0,2026-04-21_athenian-shipbrokers-s-a-demolition-quick-update-week-16-2026_week-16-athenian-demolition-report-2_bc23205e7db5.pdf
2026-04-19,16,2014,34.3,2026-04-21_athenian-shipbrokers-s-a-demolition-quick-update-week-16-2026_week-16-athenian-demolition-report-2_bc23205e7db5.pdf
2026-04-19,16,2015,38.8,2026-04-21_athenian-shipbrokers-s-a-demolition-quick-update-week-16-2026_week-16-athenian-demolition-report-2_bc23205e7db5.pdf
2026-04-19,16,2016,44.6,2026-04-21_athenian-shipbrokers-s-a-demolition-quick-update-week-16-2026_week-16-athenian-demolition-report-2_bc23205e7db5.pdf
2026-04-19,16,2017,35.3,2026-04-21_athenian-shipbrokers-s-a-demolition-quick-update-week-16-2026_week-16-athenian-demolition-report-2_bc23205e7db5.pdf
2026-04-19,16,2018,30.4,2026-04-21_athenian-shipbrokers-s-a-demolition-quick-update-week-16-2026_week-16-athenian-demolition-report-2_bc23205e7db5.pdf
2026-04-19,16,2019,16.9,2026-04-21_athenian-shipbrokers-s-a-demolition-quick-update-week-16-2026_week-16-athenian-demolition-report-2_bc23205e7db5.pdf
2026-04-19,16,2020,23.2,2026-04-21_athenian-shipbrokers-s-a-demolition-quick-update-week-16-2026_week-16-athenian-demolition-report-2_bc23205e7db5.pdf
2026-04-19,16,2021,23.7,2026-04-21_athenian-shipbrokers-s-a-demolition-quick-update-week-16-2026_week-16-athenian-demolition-report-2_bc23205e7db5.pdf
2026-04-19,16,2022,12.5,2026-04-21_athenian-shipbrokers-s-a-demolition-quick-update-week-16-2026_week-16-athenian-demolition-report-2_bc23205e7db5.pdf
2026-04-19,16,2023,10.5,2026-04-21_athenian-shipbrokers-s-a-demolition-quick-update-week-16-2026_week-16-athenian-demolition-report-2_bc23205e7db5.pdf
2026-04-19,16,2024,9.85,2026-04-21_athenian-shipbrokers-s-a-demolition-quick-update-week-16-2026_week-16-athenian-demolition-report-2_bc23205e7db5.pdf
2026-04-19,16,2025,11.45,2026-04-21_athenian-shipbrokers-s-a-demolition-quick-update-week-16-2026_week-16-athenian-demolition-report-2_bc23205e7db5.pdf
2026-04-19,16,2026,3.55,2026-04-21_athenian-shipbrokers-s-a-demolition-quick-update-week-16-2026_week-16-athenian-demolition-report-2_bc23205e7db5.pdf
2026-04-26,17,2011,40.0,2026-04-28_athenian-shipbrokers-s-a-demolition-quick-update-week-17-2026_week-17-athenian-demolition-report-2_4418caea08af.pdf
2026-04-26,17,2012,55.8,2026-04-28_athenian-shipbrokers-s-a-demolition-quick-update-week-17-2026_week-17-athenian-demolition-report-2_4418caea08af.pdf
2026-04-26,17,2013,47.0,2026-04-28_athenian-shipbrokers-s-a-demolition-quick-update-week-17-2026_week-17-athenian-demolition-report-2_4418caea08af.pdf
2026-04-26,17,2014,34.3,2026-04-28_athenian-shipbrokers-s-a-demolition-quick-update-week-17-2026_week-17-athenian-demolition-report-2_4418caea08af.pdf
2026-04-26,17,2015,38.8,2026-04-28_athenian-shipbrokers-s-a-demolition-quick-update-week-17-2026_week-17-athenian-demolition-report-2_4418caea08af.pdf
2026-04-26,17,2016,44.6,2026-04-28_athenian-shipbrokers-s-a-demolition-quick-update-week-17-2026_week-17-athenian-demolition-report-2_4418caea08af.pdf
2026-04-26,17,2017,35.3,2026-04-28_athenian-shipbrokers-s-a-demolition-quick-update-week-17-2026_week-17-athenian-demolition-report-2_4418caea08af.pdf
2026-04-26,17,2018,30.4,2026-04-28_athenian-shipbrokers-s-a-demolition-quick-update-week-17-2026_week-17-athenian-demolition-report-2_4418caea08af.pdf
2026-04-26,17,2019,16.9,2026-04-28_athenian-shipbrokers-s-a-demolition-quick-update-week-17-2026_week-17-athenian-demolition-report-2_4418caea08af.pdf
2026-04-26,17,2020,23.2,2026-04-28_athenian-shipbrokers-s-a-demolition-quick-update-week-17-2026_week-17-athenian-demolition-report-2_4418caea08af.pdf
2026-04-26,17,2021,23.7,2026-04-28_athenian-shipbrokers-s-a-demolition-quick-update-week-17-2026_week-17-athenian-demolition-report-2_4418caea08af.pdf
2026-04-26,17,2022,12.5,2026-04-28_athenian-shipbrokers-s-a-demolition-quick-update-week-17-2026_week-17-athenian-demolition-report-2_4418caea08af.pdf
2026-04-26,17,2023,10.5,2026-04-28_athenian-shipbrokers-s-a-demolition-quick-update-week-17-2026_week-17-athenian-demolition-report-2_4418caea08af.pdf
2026-04-26,17,2024,9.85,2026-04-28_athenian-shipbrokers-s-a-demolition-quick-update-week-17-2026_week-17-athenian-demolition-report-2_4418caea08af.pdf
2026-04-26,17,2025,11.45,2026-04-28_athenian-shipbrokers-s-a-demolition-quick-update-week-17-2026_week-17-athenian-demolition-report-2_4418caea08af.pdf
2026-04-26,17,2026,3.55,2026-04-28_athenian-shipbrokers-s-a-demolition-quick-update-week-17-2026_week-17-athenian-demolition-report-2_4418caea08af.pdf
2026-05-03,18,2011,40.0,2026-05-05_athenian-shipbrokers-s-a-demolition-quick-update-week-18-2026_week-18-athenian-demolition-report-2_ac961bf72f5c.pdf
2026-05-03,18,2012,55.8,2026-05-05_athenian-shipbrokers-s-a-demolition-quick-update-week-18-2026_week-18-athenian-demolition-report-2_ac961bf72f5c.pdf
2026-05-03,18,2013,47.0,2026-05-05_athenian-shipbrokers-s-a-demolition-quick-update-week-18-2026_week-18-athenian-demolition-report-2_ac961bf72f5c.pdf
2026-05-03,18,2014,34.3,2026-05-05_athenian-shipbrokers-s-a-demolition-quick-update-week-18-2026_week-18-athenian-demolition-report-2_ac961bf72f5c.pdf
2026-05-03,18,2015,38.8,2026-05-05_athenian-shipbrokers-s-a-demolition-quick-update-week-18-2026_week-18-athenian-demolition-report-2_ac961bf72f5c.pdf
2026-05-03,18,2016,44.6,2026-05-05_athenian-shipbrokers-s-a-demolition-quick-update-week-18-2026_week-18-athenian-demolition-report-2_ac961bf72f5c.pdf
2026-05-03,18,2017,35.3,2026-05-05_athenian-shipbrokers-s-a-demolition-quick-update-week-18-2026_week-18-athenian-demolition-report-2_ac961bf72f5c.pdf
2026-05-03,18,2018,30.4,2026-05-05_athenian-shipbrokers-s-a-demolition-quick-update-week-18-2026_week-18-athenian-demolition-report-2_ac961bf72f5c.pdf
2026-05-03,18,2019,16.9,2026-05-05_athenian-shipbrokers-s-a-demolition-quick-update-week-18-2026_week-18-athenian-demolition-report-2_ac961bf72f5c.pdf
2026-05-03,18,2020,23.2,2026-05-05_athenian-shipbrokers-s-a-demolition-quick-update-week-18-2026_week-18-athenian-demolition-report-2_ac961bf72f5c.pdf
2026-05-03,18,2021,23.7,2026-05-05_athenian-shipbrokers-s-a-demolition-quick-update-week-18-2026_week-18-athenian-demolition-report-2_ac961bf72f5c.pdf
2026-05-03,18,2022,12.5,2026-05-05_athenian-shipbrokers-s-a-demolition-quick-update-week-18-2026_week-18-athenian-demolition-report-2_ac961bf72f5c.pdf
2026-05-03,18,2023,10.5,2026-05-05_athenian-shipbrokers-s-a-demolition-quick-update-week-18-2026_week-18-athenian-demolition-report-2_ac961bf72f5c.pdf
2026-05-03,18,2024,9.85,2026-05-05_athenian-shipbrokers-s-a-demolition-quick-update-week-18-2026_week-18-athenian-demolition-report-2_ac961bf72f5c.pdf
2026-05-03,18,2025,11.45,2026-05-05_athenian-shipbrokers-s-a-demolition-quick-update-week-18-2026_week-18-athenian-demolition-report-2_ac961bf72f5c.pdf
2026-05-03,18,2026,3.55,2026-05-05_athenian-shipbrokers-s-a-demolition-quick-update-week-18-2026_week-18-athenian-demolition-report-2_ac961bf72f5c.pdf
2026-05-10,19,2011,40.0,2026-05-12_athenian-shipbrokers-s-a-demolition-quick-update-week-19-2026_week-19-athenian-demolition-report-2_081308a4552e.pdf
2026-05-10,19,2012,55.8,2026-05-12_athenian-shipbrokers-s-a-demolition-quick-update-week-19-2026_week-19-athenian-demolition-report-2_081308a4552e.pdf
2026-05-10,19,2013,47.0,2026-05-12_athenian-shipbrokers-s-a-demolition-quick-update-week-19-2026_week-19-athenian-demolition-report-2_081308a4552e.pdf
2026-05-10,19,2014,34.3,2026-05-12_athenian-shipbrokers-s-a-demolition-quick-update-week-19-2026_week-19-athenian-demolition-report-2_081308a4552e.pdf
2026-05-10,19,2015,38.8,2026-05-12_athenian-shipbrokers-s-a-demolition-quick-update-week-19-2026_week-19-athenian-demolition-report-2_081308a4552e.pdf
2026-05-10,19,2016,44.6,2026-05-12_athenian-shipbrokers-s-a-demolition-quick-update-week-19-2026_week-19-athenian-demolition-report-2_081308a4552e.pdf
2026-05-10,19,2017,35.3,2026-05-12_athenian-shipbrokers-s-a-demolition-quick-update-week-19-2026_week-19-athenian-demolition-report-2_081308a4552e.pdf
2026-05-10,19,2018,30.4,2026-05-12_athenian-shipbrokers-s-a-demolition-quick-update-week-19-2026_week-19-athenian-demolition-report-2_081308a4552e.pdf
2026-05-10,19,2019,16.9,2026-05-12_athenian-shipbrokers-s-a-demolition-quick-update-week-19-2026_week-19-athenian-demolition-report-2_081308a4552e.pdf
2026-05-10,19,2020,23.2,2026-05-12_athenian-shipbrokers-s-a-demolition-quick-update-week-19-2026_week-19-athenian-demolition-report-2_081308a4552e.pdf
2026-05-10,19,2021,23.7,2026-05-12_athenian-shipbrokers-s-a-demolition-quick-update-week-19-2026_week-19-athenian-demolition-report-2_081308a4552e.pdf
2026-05-10,19,2022,12.5,2026-05-12_athenian-shipbrokers-s-a-demolition-quick-update-week-19-2026_week-19-athenian-demolition-report-2_081308a4552e.pdf
2026-05-10,19,2023,10.5,2026-05-12_athenian-shipbrokers-s-a-demolition-quick-update-week-19-2026_week-19-athenian-demolition-report-2_081308a4552e.pdf
2026-05-10,19,2024,9.85,2026-05-12_athenian-shipbrokers-s-a-demolition-quick-update-week-19-2026_week-19-athenian-demolition-report-2_081308a4552e.pdf
2026-05-10,19,2025,11.45,2026-05-12_athenian-shipbrokers-s-a-demolition-quick-update-week-19-2026_week-19-athenian-demolition-report-2_081308a4552e.pdf
2026-05-10,19,2026,3.65,2026-05-12_athenian-shipbrokers-s-a-demolition-quick-update-week-19-2026_week-19-athenian-demolition-report-2_081308a4552e.pdf
2026-05-17,20,2011,40.0,2026-05-19_athenian-shipbrokers-s-a-demolition-quick-update-week-20-2026_week-20-athenian-demolition-report-2_6a1090b726ce.pdf
2026-05-17,20,2012,55.8,2026-05-19_athenian-shipbrokers-s-a-demolition-quick-update-week-20-2026_week-20-athenian-demolition-report-2_6a1090b726ce.pdf
2026-05-17,20,2013,47.0,2026-05-19_athenian-shipbrokers-s-a-demolition-quick-update-week-20-2026_week-20-athenian-demolition-report-2_6a1090b726ce.pdf
2026-05-17,20,2014,34.3,2026-05-19_athenian-shipbrokers-s-a-demolition-quick-update-week-20-2026_week-20-athenian-demolition-report-2_6a1090b726ce.pdf
2026-05-17,20,2015,38.8,2026-05-19_athenian-shipbrokers-s-a-demolition-quick-update-week-20-2026_week-20-athenian-demolition-report-2_6a1090b726ce.pdf
2026-05-17,20,2016,44.6,2026-05-19_athenian-shipbrokers-s-a-demolition-quick-update-week-20-2026_week-20-athenian-demolition-report-2_6a1090b726ce.pdf
2026-05-17,20,2017,35.3,2026-05-19_athenian-shipbrokers-s-a-demolition-quick-update-week-20-2026_week-20-athenian-demolition-report-2_6a1090b726ce.pdf
2026-05-17,20,2018,30.4,2026-05-19_athenian-shipbrokers-s-a-demolition-quick-update-week-20-2026_week-20-athenian-demolition-report-2_6a1090b726ce.pdf
2026-05-17,20,2019,16.9,2026-05-19_athenian-shipbrokers-s-a-demolition-quick-update-week-20-2026_week-20-athenian-demolition-report-2_6a1090b726ce.pdf
2026-05-17,20,2020,23.2,2026-05-19_athenian-shipbrokers-s-a-demolition-quick-update-week-20-2026_week-20-athenian-demolition-report-2_6a1090b726ce.pdf
2026-05-17,20,2021,23.7,2026-05-19_athenian-shipbrokers-s-a-demolition-quick-update-week-20-2026_week-20-athenian-demolition-report-2_6a1090b726ce.pdf
2026-05-17,20,2022,12.5,2026-05-19_athenian-shipbrokers-s-a-demolition-quick-update-week-20-2026_week-20-athenian-demolition-report-2_6a1090b726ce.pdf
2026-05-17,20,2023,10.5,2026-05-19_athenian-shipbrokers-s-a-demolition-quick-update-week-20-2026_week-20-athenian-demolition-report-2_6a1090b726ce.pdf
2026-05-17,20,2024,9.85,2026-05-19_athenian-shipbrokers-s-a-demolition-quick-update-week-20-2026_week-20-athenian-demolition-report-2_6a1090b726ce.pdf
2026-05-17,20,2025,11.45,2026-05-19_athenian-shipbrokers-s-a-demolition-quick-update-week-20-2026_week-20-athenian-demolition-report-2_6a1090b726ce.pdf
2026-05-17,20,2026,3.75,2026-05-19_athenian-shipbrokers-s-a-demolition-quick-update-week-20-2026_week-20-athenian-demolition-report-2_6a1090b726ce.pdf
2026-05-24,21,2011,40.0,2026-05-26_athenian-shipbrokers-s-a-demolition-quick-update-week-21-2026_week-21-athenian-demolition-report-2_9fac053fbdb6.pdf
2026-05-24,21,2012,55.8,2026-05-26_athenian-shipbrokers-s-a-demolition-quick-update-week-21-2026_week-21-athenian-demolition-report-2_9fac053fbdb6.pdf
2026-05-24,21,2013,47.0,2026-05-26_athenian-shipbrokers-s-a-demolition-quick-update-week-21-2026_week-21-athenian-demolition-report-2_9fac053fbdb6.pdf
2026-05-24,21,2014,34.3,2026-05-26_athenian-shipbrokers-s-a-demolition-quick-update-week-21-2026_week-21-athenian-demolition-report-2_9fac053fbdb6.pdf
2026-05-24,21,2015,38.8,2026-05-26_athenian-shipbrokers-s-a-demolition-quick-update-week-21-2026_week-21-athenian-demolition-report-2_9fac053fbdb6.pdf
2026-05-24,21,2016,44.6,2026-05-26_athenian-shipbrokers-s-a-demolition-quick-update-week-21-2026_week-21-athenian-demolition-report-2_9fac053fbdb6.pdf
2026-05-24,21,2017,35.3,2026-05-26_athenian-shipbrokers-s-a-demolition-quick-update-week-21-2026_week-21-athenian-demolition-report-2_9fac053fbdb6.pdf
2026-05-24,21,2018,30.4,2026-05-26_athenian-shipbrokers-s-a-demolition-quick-update-week-21-2026_week-21-athenian-demolition-report-2_9fac053fbdb6.pdf
2026-05-24,21,2019,16.9,2026-05-26_athenian-shipbrokers-s-a-demolition-quick-update-week-21-2026_week-21-athenian-demolition-report-2_9fac053fbdb6.pdf
2026-05-24,21,2020,23.2,2026-05-26_athenian-shipbrokers-s-a-demolition-quick-update-week-21-2026_week-21-athenian-demolition-report-2_9fac053fbdb6.pdf
2026-05-24,21,2021,23.7,2026-05-26_athenian-shipbrokers-s-a-demolition-quick-update-week-21-2026_week-21-athenian-demolition-report-2_9fac053fbdb6.pdf
2026-05-24,21,2022,12.5,2026-05-26_athenian-shipbrokers-s-a-demolition-quick-update-week-21-2026_week-21-athenian-demolition-report-2_9fac053fbdb6.pdf
2026-05-24,21,2023,10.5,2026-05-26_athenian-shipbrokers-s-a-demolition-quick-update-week-21-2026_week-21-athenian-demolition-report-2_9fac053fbdb6.pdf
2026-05-24,21,2024,9.85,2026-05-26_athenian-shipbrokers-s-a-demolition-quick-update-week-21-2026_week-21-athenian-demolition-report-2_9fac053fbdb6.pdf
2026-05-24,21,2025,11.45,2026-05-26_athenian-shipbrokers-s-a-demolition-quick-update-week-21-2026_week-21-athenian-demolition-report-2_9fac053fbdb6.pdf
2026-05-24,21,2026,3.75,2026-05-26_athenian-shipbrokers-s-a-demolition-quick-update-week-21-2026_week-21-athenian-demolition-report-2_9fac053fbdb6.pdf
2026-05-31,22,2011,40.0,2026-06-02_athenian-shipbrokers-s-a-demolition-quick-update-week-22-2026_week-22-athenian-demolition-report-2_8e7c9d71551d.pdf
2026-05-31,22,2012,55.8,2026-06-02_athenian-shipbrokers-s-a-demolition-quick-update-week-22-2026_week-22-athenian-demolition-report-2_8e7c9d71551d.pdf
2026-05-31,22,2013,47.0,2026-06-02_athenian-shipbrokers-s-a-demolition-quick-update-week-22-2026_week-22-athenian-demolition-report-2_8e7c9d71551d.pdf
2026-05-31,22,2014,34.3,2026-06-02_athenian-shipbrokers-s-a-demolition-quick-update-week-22-2026_week-22-athenian-demolition-report-2_8e7c9d71551d.pdf
2026-05-31,22,2015,38.8,2026-06-02_athenian-shipbrokers-s-a-demolition-quick-update-week-22-2026_week-22-athenian-demolition-report-2_8e7c9d71551d.pdf
2026-05-31,22,2016,44.6,2026-06-02_athenian-shipbrokers-s-a-demolition-quick-update-week-22-2026_week-22-athenian-demolition-report-2_8e7c9d71551d.pdf
2026-05-31,22,2017,35.3,2026-06-02_athenian-shipbrokers-s-a-demolition-quick-update-week-22-2026_week-22-athenian-demolition-report-2_8e7c9d71551d.pdf
2026-05-31,22,2018,30.4,2026-06-02_athenian-shipbrokers-s-a-demolition-quick-update-week-22-2026_week-22-athenian-demolition-report-2_8e7c9d71551d.pdf
2026-05-31,22,2019,16.9,2026-06-02_athenian-shipbrokers-s-a-demolition-quick-update-week-22-2026_week-22-athenian-demolition-report-2_8e7c9d71551d.pdf
2026-05-31,22,2020,23.2,2026-06-02_athenian-shipbrokers-s-a-demolition-quick-update-week-22-2026_week-22-athenian-demolition-report-2_8e7c9d71551d.pdf
2026-05-31,22,2021,23.7,2026-06-02_athenian-shipbrokers-s-a-demolition-quick-update-week-22-2026_week-22-athenian-demolition-report-2_8e7c9d71551d.pdf
2026-05-31,22,2022,12.5,2026-06-02_athenian-shipbrokers-s-a-demolition-quick-update-week-22-2026_week-22-athenian-demolition-report-2_8e7c9d71551d.pdf
2026-05-31,22,2023,10.5,2026-06-02_athenian-shipbrokers-s-a-demolition-quick-update-week-22-2026_week-22-athenian-demolition-report-2_8e7c9d71551d.pdf
2026-05-31,22,2024,9.85,2026-06-02_athenian-shipbrokers-s-a-demolition-quick-update-week-22-2026_week-22-athenian-demolition-report-2_8e7c9d71551d.pdf
2026-05-31,22,2025,11.45,2026-06-02_athenian-shipbrokers-s-a-demolition-quick-update-week-22-2026_week-22-athenian-demolition-report-2_8e7c9d71551d.pdf
2026-05-31,22,2026,3.75,2026-06-02_athenian-shipbrokers-s-a-demolition-quick-update-week-22-2026_week-22-athenian-demolition-report-2_8e7c9d71551d.pdf
2026-06-07,23,2011,40.0,2026-06-09_athenian-shipbrokers-s-a-demolition-quick-update-week-23-2026_week-23-athenian-demolition-report-2_f0ab426ffa97.pdf
2026-06-07,23,2012,55.8,2026-06-09_athenian-shipbrokers-s-a-demolition-quick-update-week-23-2026_week-23-athenian-demolition-report-2_f0ab426ffa97.pdf
2026-06-07,23,2013,47.0,2026-06-09_athenian-shipbrokers-s-a-demolition-quick-update-week-23-2026_week-23-athenian-demolition-report-2_f0ab426ffa97.pdf
2026-06-07,23,2014,34.3,2026-06-09_athenian-shipbrokers-s-a-demolition-quick-update-week-23-2026_week-23-athenian-demolition-report-2_f0ab426ffa97.pdf
2026-06-07,23,2015,38.8,2026-06-09_athenian-shipbrokers-s-a-demolition-quick-update-week-23-2026_week-23-athenian-demolition-report-2_f0ab426ffa97.pdf
2026-06-07,23,2016,44.6,2026-06-09_athenian-shipbrokers-s-a-demolition-quick-update-week-23-2026_week-23-athenian-demolition-report-2_f0ab426ffa97.pdf
2026-06-07,23,2017,35.3,2026-06-09_athenian-shipbrokers-s-a-demolition-quick-update-week-23-2026_week-23-athenian-demolition-report-2_f0ab426ffa97.pdf
2026-06-07,23,2018,30.4,2026-06-09_athenian-shipbrokers-s-a-demolition-quick-update-week-23-2026_week-23-athenian-demolition-report-2_f0ab426ffa97.pdf
2026-06-07,23,2019,16.9,2026-06-09_athenian-shipbrokers-s-a-demolition-quick-update-week-23-2026_week-23-athenian-demolition-report-2_f0ab426ffa97.pdf
2026-06-07,23,2020,23.2,2026-06-09_athenian-shipbrokers-s-a-demolition-quick-update-week-23-2026_week-23-athenian-demolition-report-2_f0ab426ffa97.pdf
2026-06-07,23,2021,23.7,2026-06-09_athenian-shipbrokers-s-a-demolition-quick-update-week-23-2026_week-23-athenian-demolition-report-2_f0ab426ffa97.pdf
2026-06-07,23,2022,12.5,2026-06-09_athenian-shipbrokers-s-a-demolition-quick-update-week-23-2026_week-23-athenian-demolition-report-2_f0ab426ffa97.pdf
2026-06-07,23,2023,10.5,2026-06-09_athenian-shipbrokers-s-a-demolition-quick-update-week-23-2026_week-23-athenian-demolition-report-2_f0ab426ffa97.pdf
2026-06-07,23,2024,9.85,2026-06-09_athenian-shipbrokers-s-a-demolition-quick-update-week-23-2026_week-23-athenian-demolition-report-2_f0ab426ffa97.pdf
2026-06-07,23,2025,11.45,2026-06-09_athenian-shipbrokers-s-a-demolition-quick-update-week-23-2026_week-23-athenian-demolition-report-2_f0ab426ffa97.pdf
2026-06-07,23,2026,3.85,2026-06-09_athenian-shipbrokers-s-a-demolition-quick-update-week-23-2026_week-23-athenian-demolition-report-2_f0ab426ffa97.pdf
2026-06-14,24,2011,40.0,2026-06-16_athenian-shipbrokers-s-a-demolition-quick-update-week-24-2026_week-24-athenian-demolition-report-2_03f79e746643.pdf
2026-06-14,24,2012,55.8,2026-06-16_athenian-shipbrokers-s-a-demolition-quick-update-week-24-2026_week-24-athenian-demolition-report-2_03f79e746643.pdf
2026-06-14,24,2013,47.0,2026-06-16_athenian-shipbrokers-s-a-demolition-quick-update-week-24-2026_week-24-athenian-demolition-report-2_03f79e746643.pdf
2026-06-14,24,2014,34.3,2026-06-16_athenian-shipbrokers-s-a-demolition-quick-update-week-24-2026_week-24-athenian-demolition-report-2_03f79e746643.pdf
2026-06-14,24,2015,38.8,2026-06-16_athenian-shipbrokers-s-a-demolition-quick-update-week-24-2026_week-24-athenian-demolition-report-2_03f79e746643.pdf
2026-06-14,24,2016,44.6,2026-06-16_athenian-shipbrokers-s-a-demolition-quick-update-week-24-2026_week-24-athenian-demolition-report-2_03f79e746643.pdf
2026-06-14,24,2017,35.3,2026-06-16_athenian-shipbrokers-s-a-demolition-quick-update-week-24-2026_week-24-athenian-demolition-report-2_03f79e746643.pdf
2026-06-14,24,2018,30.4,2026-06-16_athenian-shipbrokers-s-a-demolition-quick-update-week-24-2026_week-24-athenian-demolition-report-2_03f79e746643.pdf
2026-06-14,24,2019,16.9,2026-06-16_athenian-shipbrokers-s-a-demolition-quick-update-week-24-2026_week-24-athenian-demolition-report-2_03f79e746643.pdf
2026-06-14,24,2020,23.2,2026-06-16_athenian-shipbrokers-s-a-demolition-quick-update-week-24-2026_week-24-athenian-demolition-report-2_03f79e746643.pdf
2026-06-14,24,2021,23.7,2026-06-16_athenian-shipbrokers-s-a-demolition-quick-update-week-24-2026_week-24-athenian-demolition-report-2_03f79e746643.pdf
2026-06-14,24,2022,12.5,2026-06-16_athenian-shipbrokers-s-a-demolition-quick-update-week-24-2026_week-24-athenian-demolition-report-2_03f79e746643.pdf
2026-06-14,24,2023,10.5,2026-06-16_athenian-shipbrokers-s-a-demolition-quick-update-week-24-2026_week-24-athenian-demolition-report-2_03f79e746643.pdf
2026-06-14,24,2024,9.85,2026-06-16_athenian-shipbrokers-s-a-demolition-quick-update-week-24-2026_week-24-athenian-demolition-report-2_03f79e746643.pdf
2026-06-14,24,2025,11.45,2026-06-16_athenian-shipbrokers-s-a-demolition-quick-update-week-24-2026_week-24-athenian-demolition-report-2_03f79e746643.pdf
2026-06-14,24,2026,4.35,2026-06-16_athenian-shipbrokers-s-a-demolition-quick-update-week-24-2026_week-24-athenian-demolition-report-2_03f79e746643.pdf
2026-06-21,25,2011,40.0,2026-06-23_athenian-shipbrokers-s-a-demolition-quick-update-week-25-2026_week-25-athenian-demolition-report-2_8f57d046f344.pdf
2026-06-21,25,2012,55.8,2026-06-23_athenian-shipbrokers-s-a-demolition-quick-update-week-25-2026_week-25-athenian-demolition-report-2_8f57d046f344.pdf
2026-06-21,25,2013,47.0,2026-06-23_athenian-shipbrokers-s-a-demolition-quick-update-week-25-2026_week-25-athenian-demolition-report-2_8f57d046f344.pdf
2026-06-21,25,2014,34.3,2026-06-23_athenian-shipbrokers-s-a-demolition-quick-update-week-25-2026_week-25-athenian-demolition-report-2_8f57d046f344.pdf
2026-06-21,25,2015,38.8,2026-06-23_athenian-shipbrokers-s-a-demolition-quick-update-week-25-2026_week-25-athenian-demolition-report-2_8f57d046f344.pdf
2026-06-21,25,2016,44.6,2026-06-23_athenian-shipbrokers-s-a-demolition-quick-update-week-25-2026_week-25-athenian-demolition-report-2_8f57d046f344.pdf
2026-06-21,25,2017,35.3,2026-06-23_athenian-shipbrokers-s-a-demolition-quick-update-week-25-2026_week-25-athenian-demolition-report-2_8f57d046f344.pdf
2026-06-21,25,2018,30.4,2026-06-23_athenian-shipbrokers-s-a-demolition-quick-update-week-25-2026_week-25-athenian-demolition-report-2_8f57d046f344.pdf
2026-06-21,25,2019,16.9,2026-06-23_athenian-shipbrokers-s-a-demolition-quick-update-week-25-2026_week-25-athenian-demolition-report-2_8f57d046f344.pdf
2026-06-21,25,2020,23.2,2026-06-23_athenian-shipbrokers-s-a-demolition-quick-update-week-25-2026_week-25-athenian-demolition-report-2_8f57d046f344.pdf
2026-06-21,25,2021,23.7,2026-06-23_athenian-shipbrokers-s-a-demolition-quick-update-week-25-2026_week-25-athenian-demolition-report-2_8f57d046f344.pdf
2026-06-21,25,2022,12.5,2026-06-23_athenian-shipbrokers-s-a-demolition-quick-update-week-25-2026_week-25-athenian-demolition-report-2_8f57d046f344.pdf
2026-06-21,25,2023,10.5,2026-06-23_athenian-shipbrokers-s-a-demolition-quick-update-week-25-2026_week-25-athenian-demolition-report-2_8f57d046f344.pdf
2026-06-21,25,2024,9.85,2026-06-23_athenian-shipbrokers-s-a-demolition-quick-update-week-25-2026_week-25-athenian-demolition-report-2_8f57d046f344.pdf
2026-06-21,25,2025,11.45,2026-06-23_athenian-shipbrokers-s-a-demolition-quick-update-week-25-2026_week-25-athenian-demolition-report-2_8f57d046f344.pdf
2026-06-21,25,2026,4.55,2026-06-23_athenian-shipbrokers-s-a-demolition-quick-update-week-25-2026_week-25-athenian-demolition-report-2_8f57d046f344.pdf
2026-06-28,26,2011,40.0,2026-06-30_athenian-shipbrokers-s-a-demolition-quick-update-week-26-2026_week-26-athenian-demolition-report-2_486fa89e1c74.pdf
2026-06-28,26,2012,55.8,2026-06-30_athenian-shipbrokers-s-a-demolition-quick-update-week-26-2026_week-26-athenian-demolition-report-2_486fa89e1c74.pdf
2026-06-28,26,2013,47.0,2026-06-30_athenian-shipbrokers-s-a-demolition-quick-update-week-26-2026_week-26-athenian-demolition-report-2_486fa89e1c74.pdf
2026-06-28,26,2014,34.3,2026-06-30_athenian-shipbrokers-s-a-demolition-quick-update-week-26-2026_week-26-athenian-demolition-report-2_486fa89e1c74.pdf
2026-06-28,26,2015,38.8,2026-06-30_athenian-shipbrokers-s-a-demolition-quick-update-week-26-2026_week-26-athenian-demolition-report-2_486fa89e1c74.pdf
2026-06-28,26,2016,44.6,2026-06-30_athenian-shipbrokers-s-a-demolition-quick-update-week-26-2026_week-26-athenian-demolition-report-2_486fa89e1c74.pdf
2026-06-28,26,2017,35.3,2026-06-30_athenian-shipbrokers-s-a-demolition-quick-update-week-26-2026_week-26-athenian-demolition-report-2_486fa89e1c74.pdf
2026-06-28,26,2018,30.4,2026-06-30_athenian-shipbrokers-s-a-demolition-quick-update-week-26-2026_week-26-athenian-demolition-report-2_486fa89e1c74.pdf
2026-06-28,26,2019,16.9,2026-06-30_athenian-shipbrokers-s-a-demolition-quick-update-week-26-2026_week-26-athenian-demolition-report-2_486fa89e1c74.pdf
2026-06-28,26,2020,23.2,2026-06-30_athenian-shipbrokers-s-a-demolition-quick-update-week-26-2026_week-26-athenian-demolition-report-2_486fa89e1c74.pdf
2026-06-28,26,2021,23.7,2026-06-30_athenian-shipbrokers-s-a-demolition-quick-update-week-26-2026_week-26-athenian-demolition-report-2_486fa89e1c74.pdf
2026-06-28,26,2022,12.5,2026-06-30_athenian-shipbrokers-s-a-demolition-quick-update-week-26-2026_week-26-athenian-demolition-report-2_486fa89e1c74.pdf
2026-06-28,26,2023,10.5,2026-06-30_athenian-shipbrokers-s-a-demolition-quick-update-week-26-2026_week-26-athenian-demolition-report-2_486fa89e1c74.pdf
2026-06-28,26,2024,9.85,2026-06-30_athenian-shipbrokers-s-a-demolition-quick-update-week-26-2026_week-26-athenian-demolition-report-2_486fa89e1c74.pdf
2026-06-28,26,2025,11.45,2026-06-30_athenian-shipbrokers-s-a-demolition-quick-update-week-26-2026_week-26-athenian-demolition-report-2_486fa89e1c74.pdf
2026-06-28,26,2026,4.75,2026-06-30_athenian-shipbrokers-s-a-demolition-quick-update-week-26-2026_week-26-athenian-demolition-report-2_486fa89e1c74.pdf
2026-07-05,27,2011,40.0,2026-07-07_athenian-shipbrokers-s-a-demolition-quick-update-week-27-2026_week-27-athenian-demolition-report-2_c7d76ad7cebc.pdf
2026-07-05,27,2012,55.8,2026-07-07_athenian-shipbrokers-s-a-demolition-quick-update-week-27-2026_week-27-athenian-demolition-report-2_c7d76ad7cebc.pdf
2026-07-05,27,2013,47.0,2026-07-07_athenian-shipbrokers-s-a-demolition-quick-update-week-27-2026_week-27-athenian-demolition-report-2_c7d76ad7cebc.pdf
2026-07-05,27,2014,34.3,2026-07-07_athenian-shipbrokers-s-a-demolition-quick-update-week-27-2026_week-27-athenian-demolition-report-2_c7d76ad7cebc.pdf
2026-07-05,27,2015,38.8,2026-07-07_athenian-shipbrokers-s-a-demolition-quick-update-week-27-2026_week-27-athenian-demolition-report-2_c7d76ad7cebc.pdf
2026-07-05,27,2016,44.6,2026-07-07_athenian-shipbrokers-s-a-demolition-quick-update-week-27-2026_week-27-athenian-demolition-report-2_c7d76ad7cebc.pdf
2026-07-05,27,2017,35.3,2026-07-07_athenian-shipbrokers-s-a-demolition-quick-update-week-27-2026_week-27-athenian-demolition-report-2_c7d76ad7cebc.pdf
2026-07-05,27,2018,30.4,2026-07-07_athenian-shipbrokers-s-a-demolition-quick-update-week-27-2026_week-27-athenian-demolition-report-2_c7d76ad7cebc.pdf
2026-07-05,27,2019,16.9,2026-07-07_athenian-shipbrokers-s-a-demolition-quick-update-week-27-2026_week-27-athenian-demolition-report-2_c7d76ad7cebc.pdf
2026-07-05,27,2020,23.2,2026-07-07_athenian-shipbrokers-s-a-demolition-quick-update-week-27-2026_week-27-athenian-demolition-report-2_c7d76ad7cebc.pdf
2026-07-05,27,2021,23.7,2026-07-07_athenian-shipbrokers-s-a-demolition-quick-update-week-27-2026_week-27-athenian-demolition-report-2_c7d76ad7cebc.pdf
2026-07-05,27,2022,12.5,2026-07-07_athenian-shipbrokers-s-a-demolition-quick-update-week-27-2026_week-27-athenian-demolition-report-2_c7d76ad7cebc.pdf
2026-07-05,27,2023,10.5,2026-07-07_athenian-shipbrokers-s-a-demolition-quick-update-week-27-2026_week-27-athenian-demolition-report-2_c7d76ad7cebc.pdf
2026-07-05,27,2024,9.85,2026-07-07_athenian-shipbrokers-s-a-demolition-quick-update-week-27-2026_week-27-athenian-demolition-report-2_c7d76ad7cebc.pdf
2026-07-05,27,2025,11.45,2026-07-07_athenian-shipbrokers-s-a-demolition-quick-update-week-27-2026_week-27-athenian-demolition-report-2_c7d76ad7cebc.pdf
2026-07-05,27,2026,5.35,2026-07-07_athenian-shipbrokers-s-a-demolition-quick-update-week-27-2026_week-27-athenian-demolition-report-2_c7d76ad7cebc.pdf
2026-07-05,28,2011,40.0,2026-07-14_athenian-shipbrokers-s-a-demolition-quick-update-week-28-2026_week-28-athenian-demolition-report-2_a7c79a3d465d.pdf
2026-07-05,28,2012,55.8,2026-07-14_athenian-shipbrokers-s-a-demolition-quick-update-week-28-2026_week-28-athenian-demolition-report-2_a7c79a3d465d.pdf
2026-07-05,28,2013,47.0,2026-07-14_athenian-shipbrokers-s-a-demolition-quick-update-week-28-2026_week-28-athenian-demolition-report-2_a7c79a3d465d.pdf
2026-07-05,28,2014,34.3,2026-07-14_athenian-shipbrokers-s-a-demolition-quick-update-week-28-2026_week-28-athenian-demolition-report-2_a7c79a3d465d.pdf
2026-07-05,28,2015,38.8,2026-07-14_athenian-shipbrokers-s-a-demolition-quick-update-week-28-2026_week-28-athenian-demolition-report-2_a7c79a3d465d.pdf
2026-07-05,28,2016,44.6,2026-07-14_athenian-shipbrokers-s-a-demolition-quick-update-week-28-2026_week-28-athenian-demolition-report-2_a7c79a3d465d.pdf
2026-07-05,28,2017,35.3,2026-07-14_athenian-shipbrokers-s-a-demolition-quick-update-week-28-2026_week-28-athenian-demolition-report-2_a7c79a3d465d.pdf
2026-07-05,28,2018,30.4,2026-07-14_athenian-shipbrokers-s-a-demolition-quick-update-week-28-2026_week-28-athenian-demolition-report-2_a7c79a3d465d.pdf
2026-07-05,28,2019,16.9,2026-07-14_athenian-shipbrokers-s-a-demolition-quick-update-week-28-2026_week-28-athenian-demolition-report-2_a7c79a3d465d.pdf
2026-07-05,28,2020,23.2,2026-07-14_athenian-shipbrokers-s-a-demolition-quick-update-week-28-2026_week-28-athenian-demolition-report-2_a7c79a3d465d.pdf
2026-07-05,28,2021,23.7,2026-07-14_athenian-shipbrokers-s-a-demolition-quick-update-week-28-2026_week-28-athenian-demolition-report-2_a7c79a3d465d.pdf
2026-07-05,28,2022,12.5,2026-07-14_athenian-shipbrokers-s-a-demolition-quick-update-week-28-2026_week-28-athenian-demolition-report-2_a7c79a3d465d.pdf
2026-07-05,28,2023,10.5,2026-07-14_athenian-shipbrokers-s-a-demolition-quick-update-week-28-2026_week-28-athenian-demolition-report-2_a7c79a3d465d.pdf
2026-07-05,28,2024,9.85,2026-07-14_athenian-shipbrokers-s-a-demolition-quick-update-week-28-2026_week-28-athenian-demolition-report-2_a7c79a3d465d.pdf
2026-07-05,28,2025,11.45,2026-07-14_athenian-shipbrokers-s-a-demolition-quick-update-week-28-2026_week-28-athenian-demolition-report-2_a7c79a3d465d.pdf
2026-07-05,28,2026,5.45,2026-07-14_athenian-shipbrokers-s-a-demolition-quick-update-week-28-2026_week-28-athenian-demolition-report-2_a7c79a3d465d.pdf
2026-07-19,29,2011,40.0,2026-07-21_athenian-shipbrokers-s-a-demolition-quick-update-week-29-2026_week-29-athenian-demolition-report-2_42884dbce00b.pdf
2026-07-19,29,2012,55.8,2026-07-21_athenian-shipbrokers-s-a-demolition-quick-update-week-29-2026_week-29-athenian-demolition-report-2_42884dbce00b.pdf
2026-07-19,29,2013,47.0,2026-07-21_athenian-shipbrokers-s-a-demolition-quick-update-week-29-2026_week-29-athenian-demolition-report-2_42884dbce00b.pdf
2026-07-19,29,2014,34.3,2026-07-21_athenian-shipbrokers-s-a-demolition-quick-update-week-29-2026_week-29-athenian-demolition-report-2_42884dbce00b.pdf
2026-07-19,29,2015,38.8,2026-07-21_athenian-shipbrokers-s-a-demolition-quick-update-week-29-2026_week-29-athenian-demolition-report-2_42884dbce00b.pdf
2026-07-19,29,2016,44.6,2026-07-21_athenian-shipbrokers-s-a-demolition-quick-update-week-29-2026_week-29-athenian-demolition-report-2_42884dbce00b.pdf
2026-07-19,29,2017,35.3,2026-07-21_athenian-shipbrokers-s-a-demolition-quick-update-week-29-2026_week-29-athenian-demolition-report-2_42884dbce00b.pdf
2026-07-19,29,2018,30.4,2026-07-21_athenian-shipbrokers-s-a-demolition-quick-update-week-29-2026_week-29-athenian-demolition-report-2_42884dbce00b.pdf
2026-07-19,29,2019,16.9,2026-07-21_athenian-shipbrokers-s-a-demolition-quick-update-week-29-2026_week-29-athenian-demolition-report-2_42884dbce00b.pdf
2026-07-19,29,2020,23.2,2026-07-21_athenian-shipbrokers-s-a-demolition-quick-update-week-29-2026_week-29-athenian-demolition-report-2_42884dbce00b.pdf
2026-07-19,29,2021,23.7,2026-07-21_athenian-shipbrokers-s-a-demolition-quick-update-week-29-2026_week-29-athenian-demolition-report-2_42884dbce00b.pdf
2026-07-19,29,2022,12.5,2026-07-21_athenian-shipbrokers-s-a-demolition-quick-update-week-29-2026_week-29-athenian-demolition-report-2_42884dbce00b.pdf
2026-07-19,29,2023,10.5,2026-07-21_athenian-shipbrokers-s-a-demolition-quick-update-week-29-2026_week-29-athenian-demolition-report-2_42884dbce00b.pdf
2026-07-19,29,2024,9.85,2026-07-21_athenian-shipbrokers-s-a-demolition-quick-update-week-29-2026_week-29-athenian-demolition-report-2_42884dbce00b.pdf
2026-07-19,29,2025,11.45,2026-07-21_athenian-shipbrokers-s-a-demolition-quick-update-week-29-2026_week-29-athenian-demolition-report-2_42884dbce00b.pdf
2026-07-19,29,2026,6.0,2026-07-21_athenian-shipbrokers-s-a-demolition-quick-update-week-29-2026_week-29-athenian-demolition-report-2_42884dbce00b.pdf
2026-07-26,30,2011,40.0,2026-07-28_athenian-shipbrokers-s-a-demolition-quick-update-week-30-2026_week-30-athenian-demolition-report-2_d3e763423c50.pdf
2026-07-26,30,2012,55.8,2026-07-28_athenian-shipbrokers-s-a-demolition-quick-update-week-30-2026_week-30-athenian-demolition-report-2_d3e763423c50.pdf
2026-07-26,30,2013,47.0,2026-07-28_athenian-shipbrokers-s-a-demolition-quick-update-week-30-2026_week-30-athenian-demolition-report-2_d3e763423c50.pdf
2026-07-26,30,2014,34.3,2026-07-28_athenian-shipbrokers-s-a-demolition-quick-update-week-30-2026_week-30-athenian-demolition-report-2_d3e763423c50.pdf
2026-07-26,30,2015,38.8,2026-07-28_athenian-shipbrokers-s-a-demolition-quick-update-week-30-2026_week-30-athenian-demolition-report-2_d3e763423c50.pdf
2026-07-26,30,2016,44.6,2026-07-28_athenian-shipbrokers-s-a-demolition-quick-update-week-30-2026_week-30-athenian-demolition-report-2_d3e763423c50.pdf
2026-07-26,30,2017,35.3,2026-07-28_athenian-shipbrokers-s-a-demolition-quick-update-week-30-2026_week-30-athenian-demolition-report-2_d3e763423c50.pdf
2026-07-26,30,2018,30.4,2026-07-28_athenian-shipbrokers-s-a-demolition-quick-update-week-30-2026_week-30-athenian-demolition-report-2_d3e763423c50.pdf
2026-07-26,30,2019,16.9,2026-07-28_athenian-shipbrokers-s-a-demolition-quick-update-week-30-2026_week-30-athenian-demolition-report-2_d3e763423c50.pdf
2026-07-26,30,2020,23.2,2026-07-28_athenian-shipbrokers-s-a-demolition-quick-update-week-30-2026_week-30-athenian-demolition-report-2_d3e763423c50.pdf
2026-07-26,30,2021,23.7,2026-07-28_athenian-shipbrokers-s-a-demolition-quick-update-week-30-2026_week-30-athenian-demolition-report-2_d3e763423c50.pdf
2026-07-26,30,2022,12.5,2026-07-28_athenian-shipbrokers-s-a-demolition-quick-update-week-30-2026_week-30-athenian-demolition-report-2_d3e763423c50.pdf
2026-07-26,30,2023,10.5,2026-07-28_athenian-shipbrokers-s-a-demolition-quick-update-week-30-2026_week-30-athenian-demolition-report-2_d3e763423c50.pdf
2026-07-26,30,2024,9.85,2026-07-28_athenian-shipbrokers-s-a-demolition-quick-update-week-30-2026_week-30-athenian-demolition-report-2_d3e763423c50.pdf
2026-07-26,30,2025,11.45,2026-07-28_athenian-shipbrokers-s-a-demolition-quick-update-week-30-2026_week-30-athenian-demolition-report-2_d3e763423c50.pdf
2026-07-26,30,2026,6.0,2026-07-28_athenian-shipbrokers-s-a-demolition-quick-update-week-30-2026_week-30-athenian-demolition-report-2_d3e763423c50.pdf
2026-08-02,31,2011,40.0,2026-08-05_athenian-shipbrokers-s-a-demolition-quick-update-week-31-2026_week-31-athenian-demolition-report-2_25abaa4abcc3.pdf
2026-08-02,31,2012,55.8,2026-08-05_athenian-shipbrokers-s-a-demolition-quick-update-week-31-2026_week-31-athenian-demolition-report-2_25abaa4abcc3.pdf
2026-08-02,31,2013,47.0,2026-08-05_athenian-shipbrokers-s-a-demolition-quick-update-week-31-2026_week-31-athenian-demolition-report-2_25abaa4abcc3.pdf
2026-08-02,31,2014,34.3,2026-08-05_athenian-shipbrokers-s-a-demolition-quick-update-week-31-2026_week-31-athenian-demolition-report-2_25abaa4abcc3.pdf
2026-08-02,31,2015,38.8,2026-08-05_athenian-shipbrokers-s-a-demolition-quick-update-week-31-2026_week-31-athenian-demolition-report-2_25abaa4abcc3.pdf
2026-08-02,31,2016,44.6,2026-08-05_athenian-shipbrokers-s-a-demolition-quick-update-week-31-2026_week-31-athenian-demolition-report-2_25abaa4abcc3.pdf
2026-08-02,31,2017,35.3,2026-08-05_athenian-shipbrokers-s-a-demolition-quick-update-week-31-2026_week-31-athenian-demolition-report-2_25abaa4abcc3.pdf
2026-08-02,31,2018,30.4,2026-08-05_athenian-shipbrokers-s-a-demolition-quick-update-week-31-2026_week-31-athenian-demolition-report-2_25abaa4abcc3.pdf
2026-08-02,31,2019,16.9,2026-08-05_athenian-shipbrokers-s-a-demolition-quick-update-week-31-2026_week-31-athenian-demolition-report-2_25abaa4abcc3.pdf
2026-08-02,31,2020,23.2,2026-08-05_athenian-shipbrokers-s-a-demolition-quick-update-week-31-2026_week-31-athenian-demolition-report-2_25abaa4abcc3.pdf
2026-08-02,31,2021,23.7,2026-08-05_athenian-shipbrokers-s-a-demolition-quick-update-week-31-2026_week-31-athenian-demolition-report-2_25abaa4abcc3.pdf
2026-08-02,31,2022,12.5,2026-08-05_athenian-shipbrokers-s-a-demolition-quick-update-week-31-2026_week-31-athenian-demolition-report-2_25abaa4abcc3.pdf
2026-08-02,31,2023,10.5,2026-08-05_athenian-shipbrokers-s-a-demolition-quick-update-week-31-2026_week-31-athenian-demolition-report-2_25abaa4abcc3.pdf
2026-08-02,31,2024,9.85,2026-08-05_athenian-shipbrokers-s-a-demolition-quick-update-week-31-2026_week-31-athenian-demolition-report-2_25abaa4abcc3.pdf
2026-08-02,31,2025,11.45,2026-08-05_athenian-shipbrokers-s-a-demolition-quick-update-week-31-2026_week-31-athenian-demolition-report-2_25abaa4abcc3.pdf
2026-08-02,31,2026,5.85,2026-08-05_athenian-shipbrokers-s-a-demolition-quick-update-week-31-2026_week-31-athenian-demolition-report-2_25abaa4abcc3.pdf
2026-08-09,32,2011,40.0,2026-08-11_athenian-shipbrokers-s-a-demolition-quick-update-week-32-2026_week-32-athenian-demolition-report-2_618973d6a800.pdf
2026-08-09,32,2012,55.8,2026-08-11_athenian-shipbrokers-s-a-demolition-quick-update-week-32-2026_week-32-athenian-demolition-report-2_618973d6a800.pdf
2026-08-09,32,2013,47.0,2026-08-11_athenian-shipbrokers-s-a-demolition-quick-update-week-32-2026_week-32-athenian-demolition-report-2_618973d6a800.pdf
2026-08-09,32,2014,34.3,2026-08-11_athenian-shipbrokers-s-a-demolition-quick-update-week-32-2026_week-32-athenian-demolition-report-2_618973d6a800.pdf
2026-08-09,32,2015,38.8,2026-08-11_athenian-shipbrokers-s-a-demolition-quick-update-week-32-2026_week-32-athenian-demolition-report-2_618973d6a800.pdf
2026-08-09,32,2016,44.6,2026-08-11_athenian-shipbrokers-s-a-demolition-quick-update-week-32-2026_week-32-athenian-demolition-report-2_618973d6a800.pdf
2026-08-09,32,2017,35.3,2026-08-11_athenian-shipbrokers-s-a-demolition-quick-update-week-32-2026_week-32-athenian-demolition-report-2_618973d6a800.pdf
2026-08-09,32,2018,30.4,2026-08-11_athenian-shipbrokers-s-a-demolition-quick-update-week-32-2026_week-32-athenian-demolition-report-2_618973d6a800.pdf
2026-08-09,32,2019,16.9,2026-08-11_athenian-shipbrokers-s-a-demolition-quick-update-week-32-2026_week-32-athenian-demolition-report-2_618973d6a800.pdf
2026-08-09,32,2020,23.2,2026-08-11_athenian-shipbrokers-s-a-demolition-quick-update-week-32-2026_week-32-athenian-demolition-report-2_618973d6a800.pdf
2026-08-09,32,2021,23.7,2026-08-11_athenian-shipbrokers-s-a-demolition-quick-update-week-32-2026_week-32-athenian-demolition-report-2_618973d6a800.pdf
2026-08-09,32,2022,12.5,2026-08-11_athenian-shipbrokers-s-a-demolition-quick-update-week-32-2026_week-32-athenian-demolition-report-2_618973d6a800.pdf
2026-08-09,32,2023,10.5,2026-08-11_athenian-shipbrokers-s-a-demolition-quick-update-week-32-2026_week-32-athenian-demolition-report-2_618973d6a800.pdf
2026-08-09,32,2024,9.85,2026-08-11_athenian-shipbrokers-s-a-demolition-quick-update-week-32-2026_week-32-athenian-demolition-report-2_618973d6a800.pdf
2026-08-09,32,2025,11.45,2026-08-11_athenian-shipbrokers-s-a-demolition-quick-update-week-32-2026_week-32-athenian-demolition-report-2_618973d6a800.pdf
2026-08-09,32,2026,6.45,2026-08-11_athenian-shipbrokers-s-a-demolition-quick-update-week-32-2026_week-32-athenian-demolition-report-2_618973d6a800.pdf
2026-08-09,33,2011,40.0,2026-08-18_athenian-shipbrokers-s-a-demolition-quick-update-week-33-2026_week-33-athenian-demolition-report-2_ee60097bdc66.pdf
2026-08-09,33,2012,55.8,2026-08-18_athenian-shipbrokers-s-a-demolition-quick-update-week-33-2026_week-33-athenian-demolition-report-2_ee60097bdc66.pdf
2026-08-09,33,2013,47.0,2026-08-18_athenian-shipbrokers-s-a-demolition-quick-update-week-33-2026_week-33-athenian-demolition-report-2_ee60097bdc66.pdf
2026-08-09,33,2014,34.3,2026-08-18_athenian-shipbrokers-s-a-demolition-quick-update-week-33-2026_week-33-athenian-demolition-report-2_ee60097bdc66.pdf
2026-08-09,33,2015,38.8,2026-08-18_athenian-shipbrokers-s-a-demolition-quick-update-week-33-2026_week-33-athenian-demolition-report-2_ee60097bdc66.pdf
2026-08-09,33,2016,44.6,2026-08-18_athenian-shipbrokers-s-a-demolition-quick-update-week-33-2026_week-33-athenian-demolition-report-2_ee60097bdc66.pdf
2026-08-09,33,2017,35.3,2026-08-18_athenian-shipbrokers-s-a-demolition-quick-update-week-33-2026_week-33-athenian-demolition-report-2_ee60097bdc66.pdf
2026-08-09,33,2018,30.4,2026-08-18_athenian-shipbrokers-s-a-demolition-quick-update-week-33-2026_week-33-athenian-demolition-report-2_ee60097bdc66.pdf
2026-08-09,33,2019,16.9,2026-08-18_athenian-shipbrokers-s-a-demolition-quick-update-week-33-2026_week-33-athenian-demolition-report-2_ee60097bdc66.pdf
2026-08-09,33,2020,23.2,2026-08-18_athenian-shipbrokers-s-a-demolition-quick-update-week-33-2026_week-33-athenian-demolition-report-2_ee60097bdc66.pdf
2026-08-09,33,2021,23.7,2026-08-18_athenian-shipbrokers-s-a-demolition-quick-update-week-33-2026_week-33-athenian-demolition-report-2_ee60097bdc66.pdf
2026-08-09,33,2022,12.5,2026-08-18_athenian-shipbrokers-s-a-demolition-quick-update-week-33-2026_week-33-athenian-demolition-report-2_ee60097bdc66.pdf
2026-08-09,33,2023,10.5,2026-08-18_athenian-shipbrokers-s-a-demolition-quick-update-week-33-2026_week-33-athenian-demolition-report-2_ee60097bdc66.pdf
2026-08-09,33,2024,9.85,2026-08-18_athenian-shipbrokers-s-a-demolition-quick-update-week-33-2026_week-33-athenian-demolition-report-2_ee60097bdc66.pdf
2026-08-09,33,2025,11.45,2026-08-18_athenian-shipbrokers-s-a-demolition-quick-update-week-33-2026_week-33-athenian-demolition-report-2_ee60097bdc66.pdf
2026-08-09,33,2026,7.05,2026-08-18_athenian-shipbrokers-s-a-demolition-quick-update-week-33-2026_week-33-athenian-demolition-report-2_ee60097bdc66.pdf
2026-08-30,35,2011,40.0,2026-09-01_athenian-shipbrokers-s-a-demolition-quick-update-week-35-2026_week-35-athenian-demolition-report-2_c44ff7b7c9b4.pdf
2026-08-30,35,2012,55.8,2026-09-01_athenian-shipbrokers-s-a-demolition-quick-update-week-35-2026_week-35-athenian-demolition-report-2_c44ff7b7c9b4.pdf
2026-08-30,35,2013,47.0,2026-09-01_athenian-shipbrokers-s-a-demolition-quick-update-week-35-2026_week-35-athenian-demolition-report-2_c44ff7b7c9b4.pdf
2026-08-30,35,2014,34.3,2026-09-01_athenian-shipbrokers-s-a-demolition-quick-update-week-35-2026_week-35-athenian-demolition-report-2_c44ff7b7c9b4.pdf
2026-08-30,35,2015,38.8,2026-09-01_athenian-shipbrokers-s-a-demolition-quick-update-week-35-2026_week-35-athenian-demolition-report-2_c44ff7b7c9b4.pdf
2026-08-30,35,2016,44.6,2026-09-01_athenian-shipbrokers-s-a-demolition-quick-update-week-35-2026_week-35-athenian-demolition-report-2_c44ff7b7c9b4.pdf
2026-08-30,35,2017,35.3,2026-09-01_athenian-shipbrokers-s-a-demolition-quick-update-week-35-2026_week-35-athenian-demolition-report-2_c44ff7b7c9b4.pdf
2026-08-30,35,2018,30.4,2026-09-01_athenian-shipbrokers-s-a-demolition-quick-update-week-35-2026_week-35-athenian-demolition-report-2_c44ff7b7c9b4.pdf
2026-08-30,35,2019,16.9,2026-09-01_athenian-shipbrokers-s-a-demolition-quick-update-week-35-2026_week-35-athenian-demolition-report-2_c44ff7b7c9b4.pdf
2026-08-30,35,2020,23.2,2026-09-01_athenian-shipbrokers-s-a-demolition-quick-update-week-35-2026_week-35-athenian-demolition-report-2_c44ff7b7c9b4.pdf
2026-08-30,35,2021,23.7,2026-09-01_athenian-shipbrokers-s-a-demolition-quick-update-week-35-2026_week-35-athenian-demolition-report-2_c44ff7b7c9b4.pdf
2026-08-30,35,2022,12.5,2026-09-01_athenian-shipbrokers-s-a-demolition-quick-update-week-35-2026_week-35-athenian-demolition-report-2_c44ff7b7c9b4.pdf
2026-08-30,35,2023,10.5,2026-09-01_athenian-shipbrokers-s-a-demolition-quick-update-week-35-2026_week-35-athenian-demolition-report-2_c44ff7b7c9b4.pdf
2026-08-30,35,2024,9.85,2026-09-01_athenian-shipbrokers-s-a-demolition-quick-update-week-35-2026_week-35-athenian-demolition-report-2_c44ff7b7c9b4.pdf
2026-08-30,35,2025,11.45,2026-09-01_athenian-shipbrokers-s-a-demolition-quick-update-week-35-2026_week-35-athenian-demolition-report-2_c44ff7b7c9b4.pdf
2026-08-30,35,2026,7.35,2026-09-01_athenian-shipbrokers-s-a-demolition-quick-update-week-35-2026_week-35-athenian-demolition-report-2_c44ff7b7c9b4.pdf
2026-09-06,36,2011,40.0,2026-09-08_athenian-shipbrokers-s-a-demolition-quick-update-week-36-2026_week-36-athenian-demolition-report-2_2c3e38bed81c.pdf
2026-09-06,36,2012,55.8,2026-09-08_athenian-shipbrokers-s-a-demolition-quick-update-week-36-2026_week-36-athenian-demolition-report-2_2c3e38bed81c.pdf
2026-09-06,36,2013,47.0,2026-09-08_athenian-shipbrokers-s-a-demolition-quick-update-week-36-2026_week-36-athenian-demolition-report-2_2c3e38bed81c.pdf
2026-09-06,36,2014,34.3,2026-09-08_athenian-shipbrokers-s-a-demolition-quick-update-week-36-2026_week-36-athenian-demolition-report-2_2c3e38bed81c.pdf
2026-09-06,36,2015,38.8,2026-09-08_athenian-shipbrokers-s-a-demolition-quick-update-week-36-2026_week-36-athenian-demolition-report-2_2c3e38bed81c.pdf
2026-09-06,36,2016,44.6,2026-09-08_athenian-shipbrokers-s-a-demolition-quick-update-week-36-2026_week-36-athenian-demolition-report-2_2c3e38bed81c.pdf
2026-09-06,36,2017,35.3,2026-09-08_athenian-shipbrokers-s-a-demolition-quick-update-week-36-2026_week-36-athenian-demolition-report-2_2c3e38bed81c.pdf
2026-09-06,36,2018,30.4,2026-09-08_athenian-shipbrokers-s-a-demolition-quick-update-week-36-2026_week-36-athenian-demolition-report-2_2c3e38bed81c.pdf
2026-09-06,36,2019,16.9,2026-09-08_athenian-shipbrokers-s-a-demolition-quick-update-week-36-2026_week-36-athenian-demolition-report-2_2c3e38bed81c.pdf
2026-09-06,36,2020,23.2,2026-09-08_athenian-shipbrokers-s-a-demolition-quick-update-week-36-2026_week-36-athenian-demolition-report-2_2c3e38bed81c.pdf
2026-09-06,36,2021,23.7,2026-09-08_athenian-shipbrokers-s-a-demolition-quick-update-week-36-2026_week-36-athenian-demolition-report-2_2c3e38bed81c.pdf
2026-09-06,36,2022,12.5,2026-09-08_athenian-shipbrokers-s-a-demolition-quick-update-week-36-2026_week-36-athenian-demolition-report-2_2c3e38bed81c.pdf
2026-09-06,36,2023,10.5,2026-09-08_athenian-shipbrokers-s-a-demolition-quick-update-week-36-2026_week-36-athenian-demolition-report-2_2c3e38bed81c.pdf
2026-09-06,36,2024,9.85,2026-09-08_athenian-shipbrokers-s-a-demolition-quick-update-week-36-2026_week-36-athenian-demolition-report-2_2c3e38bed81c.pdf
2026-09-06,36,2025,11.45,2026-09-08_athenian-shipbrokers-s-a-demolition-quick-update-week-36-2026_week-36-athenian-demolition-report-2_2c3e38bed81c.pdf
2026-09-06,36,2026,7.45,2026-09-08_athenian-shipbrokers-s-a-demolition-quick-update-week-36-2026_week-36-athenian-demolition-report-2_2c3e38bed81c.pdf
