issue_date,report_week,section,page,vessel_name,type,dwt,built,yard,price_raw,price_usd_mill,buyers,comments,source_file
2021-11-19,46,bulk_carriers,1,Bunji,Post Panamax,98700,2013,Tsuneishi Zhoushan,24.0,24.0,Oldendorff Carriers,,carriers_2021_19-Nov-2021.pdf
2021-11-19,46,bulk_carriers,1,Berlin,Panamax,76500,2009,Imabari,19.9,19.9,Phoenix Bulk Carriers,,carriers_2021_19-Nov-2021.pdf
2021-11-19,46,bulk_carriers,1,Zhong Xing Da 98,Handysize,38400,2013,Hexing,14.4,14.4,Undisclosed,,carriers_2021_19-Nov-2021.pdf
2021-11-19,46,tankers,1,Astro Perseus,Suezmax,159100,2004,Hyundai HI,18.5,18.5,Undisclosed,DD Due,carriers_2021_19-Nov-2021.pdf
2023-11-13,46,bulk_carriers,1,AGIS,BC,181500.0,2023,"Namura, Japan",68.00,68.0,UNDISCLOSED,,carriers_2023_W46_WK-46-23-CARRIERS_SP-MARKET-REPORT.pdf
2023-11-13,46,bulk_carriers,1,CHOW,BC,181146.0,2016,SWS,43.10,43.1,GENCO,SS 9/2026,carriers_2023_W46_WK-46-23-CARRIERS_SP-MARKET-REPORT.pdf
2023-11-13,46,bulk_carriers,1,AP LOVRIJENAC,BC,82000.0,,ex Jiangsu New Hantong,37.00,37.0,NNC,,carriers_2023_W46_WK-46-23-CARRIERS_SP-MARKET-REPORT.pdf
2023-11-13,46,bulk_carriers,1,PEACE PEARL,BC,76431.0,2013,Zhejiang Zhenghe,15.60,15.6,GREEK,SS/DD 7/2028,carriers_2023_W46_WK-46-23-CARRIERS_SP-MARKET-REPORT.pdf
2023-11-13,46,bulk_carriers,1,THOR,BC,76838.0,2005,"Oshima, Japan",11.80,11.8,INDIAN,SS 1/2025,carriers_2023_W46_WK-46-23-CARRIERS_SP-MARKET-REPORT.pdf
2023-11-13,46,bulk_carriers,1,TAURUS,BC,76616.0,2004,"Imabari, Japan",UNDISCLOSED,,TURKISH,SS 11/2024,carriers_2023_W46_WK-46-23-CARRIERS_SP-MARKET-REPORT.pdf
2023-11-13,46,bulk_carriers,1,MAGIC MOON,BC,76602.0,2005,"Imabari, Japan","11,80",11.8,TURKISH,SS 8/2025,carriers_2023_W46_WK-46-23-CARRIERS_SP-MARKET-REPORT.pdf
2023-11-13,46,bulk_carriers,1,LOWLANDS MIMOSA,BC,63939.0,2018,Thuneishi Cebu,25.50,25.5,UNDISCLOSED,SS 9/2023,carriers_2023_W46_WK-46-23-CARRIERS_SP-MARKET-REPORT.pdf
2023-11-13,46,bulk_carriers,1,OCEAN DESTINY,BC,58768.0,2008,"Thuneishi, Japan",13.80,13.8,UNDISCLOSED,SS 11/2026,carriers_2023_W46_WK-46-23-CARRIERS_SP-MARKET-REPORT.pdf
2023-11-13,46,bulk_carriers,1,ROYAL KNIGHT,BC,58721.0,2013,Kawasaki Heavy Industries,19.50,19.5,NAVITRAMP,SS 1/2028,carriers_2023_W46_WK-46-23-CARRIERS_SP-MARKET-REPORT.pdf
2023-11-13,46,bulk_carriers,1,HAUT BRION,BC,57075.0,2011,Taizhou Sanfu,12.50,12.5,UNDISCLOSED,SS 12/2026,carriers_2023_W46_WK-46-23-CARRIERS_SP-MARKET-REPORT.pdf
2023-11-13,46,bulk_carriers,1,NIPPON MARU,BC,55581.0,2011,"Mitsui, Japan",17.30,17.3,GREEK,SS 10/2025,carriers_2023_W46_WK-46-23-CARRIERS_SP-MARKET-REPORT.pdf
2023-11-13,46,bulk_carriers,1,NEW LOTUS,BC,52416.0,2001,"Tsuneishi, Japan",6.70,6.7,UNDISCLOSED,SS 2/2026,carriers_2023_W46_WK-46-23-CARRIERS_SP-MARKET-REPORT.pdf
2023-11-13,46,bulk_carriers,1,IRIS HARMONY,BC,38593.0,2019,Tsuneishi Cebu,26.20,26.2,TURKISH,SS 2/2014,carriers_2023_W46_WK-46-23-CARRIERS_SP-MARKET-REPORT.pdf
2023-11-13,46,bulk_carriers,1,APRILIA,BC,36193.0,2017,Jiangdong,20.20,20.2,GREEK,,carriers_2023_W46_WK-46-23-CARRIERS_SP-MARKET-REPORT.pdf
2023-11-13,46,bulk_carriers,1,ATLANTIC RUBY,BC,33680.0,2012,"Fukuoka, Japan",14.00,14.0,UNDISCLOSED,SS 2/2017,carriers_2023_W46_WK-46-23-CARRIERS_SP-MARKET-REPORT.pdf
2023-11-13,46,bulk_carriers,1,MIGHTY MAUD,BC,32576.0,2007,"Kanda, Japan",9.00,9.0,UNDISCLOSED,SS 5/2027,carriers_2023_W46_WK-46-23-CARRIERS_SP-MARKET-REPORT.pdf
2023-11-13,46,bulk_carriers,1,AFRICAN IBIS,BC,32347.0,2004,"Kanda, Japan",8.50,8.5,UNDISCLOSED,SS 7/2024,carriers_2023_W46_WK-46-23-CARRIERS_SP-MARKET-REPORT.pdf
2023-11-13,46,bulk_carriers,1,LAKE DANY,BC,28358.0,2008,"Shimanami, Japan",9.00,9.0,GREEK,SS 6/2025,carriers_2023_W46_WK-46-23-CARRIERS_SP-MARKET-REPORT.pdf
2023-11-13,46,bulk_carriers,1,HINASE,BC,28386.0,2011,"Imabari, Japan",UNDISCLOSED,,UNION BULK,SS 9/2026,carriers_2023_W46_WK-46-23-CARRIERS_SP-MARKET-REPORT.pdf
2023-11-13,46,tankers,1,CONCORD EXPRESS,TANKER,111920.0,2003,Hyundai Heavy Inds,26.00,26.0,UAE,,carriers_2023_W46_WK-46-23-CARRIERS_SP-MARKET-REPORT.pdf
2023-11-13,46,tankers,1,SILVER,TANKER,107507.0,2010,"Tsuneishi, Japan",UNDISCLOSED,,AZERBAIJAN,,carriers_2023_W46_WK-46-23-CARRIERS_SP-MARKET-REPORT.pdf
2023-11-13,46,tankers,1,TORM ESTRID,TANKER,74999.0,2004,Hyundai Heavy Inds,20.00,20.0,UNDISCLOSED,,carriers_2023_W46_WK-46-23-CARRIERS_SP-MARKET-REPORT.pdf
2023-11-13,46,tankers,1,TORM ISMINI,TANKER,74999.0,2004,Hyundai Heavy Inds,20.00,20.0,UNDISCLOSED,,carriers_2023_W46_WK-46-23-CARRIERS_SP-MARKET-REPORT.pdf
2023-11-13,46,tankers,1,FALCON SEXTANT,TANKER,50994.0,2009,STX Jinhae,25.40,25.4,UNDISCLOSED,,carriers_2023_W46_WK-46-23-CARRIERS_SP-MARKET-REPORT.pdf
2023-11-13,46,tankers,1,CHEMTRANS LEO,TANKER,37662.0,2006,Hyundai Mipo Dockyard Co Ltd,18.00,18.0,INDIAN,,carriers_2023_W46_WK-46-23-CARRIERS_SP-MARKET-REPORT.pdf
2023-11-13,46,tankers,1,CHEMTRANS URANUS,TANKER,37662.0,2006,Hyundai Mipo Dockyard Co Ltd,18.00,18.0,INDIAN,,carriers_2023_W46_WK-46-23-CARRIERS_SP-MARKET-REPORT.pdf
2023-11-13,46,tankers,1,CHEMTRANS MERCURY,TANKER,37662.0,2006,Hyundai Mipo Dockyard Co Ltd,18.00,18.0,INDIAN,,carriers_2023_W46_WK-46-23-CARRIERS_SP-MARKET-REPORT.pdf
2023-11-13,46,tankers,1,MONAX,TANKER,20762.0,2005,"Usuki, Japan",13.50,13.5,NORWEGIAN,,carriers_2023_W46_WK-46-23-CARRIERS_SP-MARKET-REPORT.pdf
2023-11-13,46,tankers,1,MARMOTAS,TANKER,20762.0,2005,"Usuki, Japan",13.50,13.5,NORWEGIAN,,carriers_2023_W46_WK-46-23-CARRIERS_SP-MARKET-REPORT.pdf
2023-11-13,46,tankers,1,ENFORD,TANKER,16886.0,2012,"Taizhou Sanfu, China",14.00,14.0,UNDISCLOSED,SS 6/2027,carriers_2023_W46_WK-46-23-CARRIERS_SP-MARKET-REPORT.pdf
2023-11-13,46,tankers,1,KENRICK,TANKER,16886.0,2012,"Taizhou Sanfu, China",14.00,14.0,UNDISCLOSED,SS 6/2027,carriers_2023_W46_WK-46-23-CARRIERS_SP-MARKET-REPORT.pdf
2023-11-13,46,tankers,1,VS SALMA,TANKER,8011.0,2008,Anadolu Tuzla,8.80,8.8,UNDISCLOSED,SS 6/2027,carriers_2023_W46_WK-46-23-CARRIERS_SP-MARKET-REPORT.pdf
2023-11-13,46,tankers,1,ST SARA,TANKER,8011.0,2007,Anadolu Tuzla,8.30,8.3,UNDISCLOSED,,carriers_2023_W46_WK-46-23-CARRIERS_SP-MARKET-REPORT.pdf
2023-11-13,46,tankers,1,VS SALMA,TANKER,8011.0,2007,Anadolu Tuzla,8.30,8.3,UNDISCLOSED,,carriers_2023_W46_WK-46-23-CARRIERS_SP-MARKET-REPORT.pdf
2023-11-20,47,bulk_carriers,1,FRONTIER BRILLIANCE,BC,181412.0,2013,Imabari Shbldg - Saijo,30.60,30.6,FAR EASTERN,SS/DD 12/2023,carriers_2023_W47_WK-47-23-CARRIERS_SP-MARKET-REPORT.pdf
2023-11-20,47,bulk_carriers,1,TRUE CARTIER,BC,181380.0,2014,IMABARI SHBLDG - HIROS,37.00,37.0,UNDISCLOSED,SS 7/2024,carriers_2023_W47_WK-47-23-CARRIERS_SP-MARKET-REPORT.pdf
2023-11-20,47,bulk_carriers,1,HONOR,BC,179469.0,2011,Hyundai Heavy Inds - Gunsan,24.50,24.5,NGM ENERGY,SS 9/2026,carriers_2023_W47_WK-47-23-CARRIERS_SP-MARKET-REPORT.pdf
2023-11-20,47,bulk_carriers,1,GLORY,BC,179461.0,2011,Hyundai Heavy Inds - Gunsan,24.50,24.5,NGM ENERGY,SS 9/2026,carriers_2023_W47_WK-47-23-CARRIERS_SP-MARKET-REPORT.pdf
2023-11-20,47,bulk_carriers,1,ULTRA PANTHER,BC,83610.0,2008,Sanoyas Hishino Meisho Corp,16.30,16.3,UNDISCLOSED,SS 6/2028,carriers_2023_W47_WK-47-23-CARRIERS_SP-MARKET-REPORT.pdf
2023-11-20,47,bulk_carriers,1,STAR JENNIFER,BC,82295.0,2006,Tsuneishi Corp - Fukuyama,14.50,14.5,GREEK,SS 3/2026,carriers_2023_W47_WK-47-23-CARRIERS_SP-MARKET-REPORT.pdf
2023-11-20,47,bulk_carriers,1,NORD BELUGA,BC,81841.0,2015,Oshima Shipbuilding Co Ltd,27.00,27.0,GREEK,SCRUBBER,carriers_2023_W47_WK-47-23-CARRIERS_SP-MARKET-REPORT.pdf
2023-11-20,47,bulk_carriers,1,KATERINA,BC,76015.0,2004,Tsuneishi Corp - Fukuyama,10.20,10.2,UNDISCLOSED,SS 5/2024,carriers_2023_W47_WK-47-23-CARRIERS_SP-MARKET-REPORT.pdf
2023-11-20,47,bulk_carriers,1,AFRICA GRAECA,BC,74133.0,2002,Namura Shipbuilding - Imari,8.00,8.0,UNDISCLOSED,SS 3/2027,carriers_2023_W47_WK-47-23-CARRIERS_SP-MARKET-REPORT.pdf
2023-11-20,47,bulk_carriers,1,STAR ATHENA,BC,63371.0,2015,Chengxi Shipyard Jiangyin,23.50,23.5,UNDISCLOSED,SS 9/2025,carriers_2023_W47_WK-47-23-CARRIERS_SP-MARKET-REPORT.pdf
2023-11-20,47,bulk_carriers,1,STAR GLORY,BC,58680.0,2012,Nantong COSCO KHI Ship Eng,19.00,19.0,GREEKS,SS 1/2027,carriers_2023_W47_WK-47-23-CARRIERS_SP-MARKET-REPORT.pdf
2023-11-20,47,bulk_carriers,1,ATHERINA,BC,58677.0,2009,Tsuneishi Heavy Inds Cebu,14.00,14.0,UNDISCLOSED,SS 3/2024,carriers_2023_W47_WK-47-23-CARRIERS_SP-MARKET-REPORT.pdf
2023-11-20,47,bulk_carriers,1,BULK HONDURAS,BC,57959.0,2012,Tsuneishi Heavy Inds Cebu,19.50,19.5,UNDISCLOSED,SS 5/2027,carriers_2023_W47_WK-47-23-CARRIERS_SP-MARKET-REPORT.pdf
2023-11-20,47,bulk_carriers,1,NAVDHENU PURNA,BC,53490.0,2005,Imabari Shbldg - Imabari,8.50,8.5,UNDISCLOSED,SS 8/2025,carriers_2023_W47_WK-47-23-CARRIERS_SP-MARKET-REPORT.pdf
2023-11-20,47,bulk_carriers,1,JIN QUAN,BC,52525.0,2006,Tsuneishi Heavy Inds Cebu,9.35,9.35,CHINESE,,carriers_2023_W47_WK-47-23-CARRIERS_SP-MARKET-REPORT.pdf
2023-11-20,47,bulk_carriers,1,GOLDEN MAGPIE,BC,34527.0,2014,HULUDAO BOHAI SHIPYARD,11.50,11.5,UNDISCLOSED,SS 1/2025,carriers_2023_W47_WK-47-23-CARRIERS_SP-MARKET-REPORT.pdf
2023-11-20,47,bulk_carriers,1,PING JING,BC,34398.0,2015,Namura Shipbuilding - Imari,17.50,17.5,EUROPEAN,,carriers_2023_W47_WK-47-23-CARRIERS_SP-MARKET-REPORT.pdf
2023-11-20,47,bulk_carriers,1,NODUS,BC,33422.0,2010,Qidong Daoda Marine Heavy,8.00,8.0,MIDDLE EASTERN,SS 10/2025,carriers_2023_W47_WK-47-23-CARRIERS_SP-MARKET-REPORT.pdf
2023-11-20,47,bulk_carriers,1,CETUS,BC,32449.0,2010,Zhejiang Hongxin Shipbuilding,9.50,9.5,UNDISCLOSED,SS 7/2025,carriers_2023_W47_WK-47-23-CARRIERS_SP-MARKET-REPORT.pdf
2023-11-20,47,bulk_carriers,1,LORD NELSON,BC,28653.0,2005,Shin Kochi,7.90,7.9,TURKISH,SS11/2025,carriers_2023_W47_WK-47-23-CARRIERS_SP-MARKET-REPORT.pdf
2023-11-20,47,bulk_carriers,1,PORT KENNY,BC,28449.0,2004,Imabari Shbldg - Imabari,7.00,7.0,UNDISCLOSED,SS/DD 4/2024,carriers_2023_W47_WK-47-23-CARRIERS_SP-MARKET-REPORT.pdf
2023-11-20,47,tankers,1,SKS DOKKA,TANKER,119950.0,2010,Hyundai Samho HI,,,,EPOXY,carriers_2023_W47_WK-47-23-CARRIERS_SP-MARKET-REPORT.pdf
2023-11-20,47,tankers,1,SKS DELTA,TANKER,119456.0,2010,Hyundai Samho HI,,,,EPOXY,carriers_2023_W47_WK-47-23-CARRIERS_SP-MARKET-REPORT.pdf
2023-11-20,47,tankers,1,SKS DOURO,TANKER,119456.0,2010,Hyundai Samho HI,,,,EPOXY,carriers_2023_W47_WK-47-23-CARRIERS_SP-MARKET-REPORT.pdf
2023-11-20,47,tankers,1,SKS DOYLES,TANKER,119456.0,2010,Hyundai Samho HI,399.00 EN BLOC,399.0,TORM LINE,EPOXY,carriers_2023_W47_WK-47-23-CARRIERS_SP-MARKET-REPORT.pdf
2023-11-20,47,tankers,1,SKS DONGGANG,TANKER,119456.0,2011,Hyundai Samho HI,399.00 EN BLOC,399.0,TORM LINE,EPOXY,carriers_2023_W47_WK-47-23-CARRIERS_SP-MARKET-REPORT.pdf
2023-11-20,47,tankers,1,SKS DODA,TANKER,119456.0,2012,Hyundai Samho HI,399.00 EN BLOC,399.0,TORM LINE,EPOXY,carriers_2023_W47_WK-47-23-CARRIERS_SP-MARKET-REPORT.pdf
2023-11-20,47,tankers,1,SKS DEMINI,TANKER,119456.0,2012,Hyundai Samho HI,399.00 EN BLOC,399.0,TORM LINE,EPOXY,carriers_2023_W47_WK-47-23-CARRIERS_SP-MARKET-REPORT.pdf
2023-11-20,47,tankers,1,P. KIKUMA,TANKER,115915.0,2007,Samsung Heavy Inds - Geoje,39.30,39.3,UNDISCLOSED,SS 11/2027,carriers_2023_W47_WK-47-23-CARRIERS_SP-MARKET-REPORT.pdf
2023-11-20,47,tankers,1,TORM MARINA,TANKER,109672.0,2007,Dalian Shipbuilding Ind - No,2 36.50,2.0,CHINESE,SS 3/2027,carriers_2023_W47_WK-47-23-CARRIERS_SP-MARKET-REPORT.pdf
2023-11-20,47,tankers,1,SEAWAYS LORAIN,TANKER,51218.0,2008,STX Shipbuilding - Jinhae,24.50,24.5,UNDISCLOSED,SS 8/2028,carriers_2023_W47_WK-47-23-CARRIERS_SP-MARKET-REPORT.pdf
2023-11-20,47,tankers,1,GION TRADER,TANKER,19883.0,2015,Usuki Shipyard Co Ltd,30.00,30.0,UNDISCLOSED,,carriers_2023_W47_WK-47-23-CARRIERS_SP-MARKET-REPORT.pdf
2023-11-20,47,tankers,1,ALBATROSS TRADER,TANKER,19862.0,2015,Usuki Shipyard Co Ltd,30.00,30.0,UNDISCLOSED,SS 9/2025,carriers_2023_W47_WK-47-23-CARRIERS_SP-MARKET-REPORT.pdf
2023-11-20,47,tankers,1,JIANGNAN H2742,VLGC,57000.0,2024,Jiangnan Shipyard Group Co,180.39 EN BLOC,180.39,CSSC LEASING,,carriers_2023_W47_WK-47-23-CARRIERS_SP-MARKET-REPORT.pdf
2023-11-20,47,tankers,1,JIANGNAN H2743,VLGC,57000.0,2024,Jiangnan Shipyard Group Co,180.39 EN BLOC,180.39,CSSC LEASING,,carriers_2023_W47_WK-47-23-CARRIERS_SP-MARKET-REPORT.pdf
2023-11-20,47,tankers,1,JIANGNAN H2744,VLGC,57000.0,2024,Jiangnan Shipyard Group Co,180.39 EN BLOC,180.39,CSSC LEASING,,carriers_2023_W47_WK-47-23-CARRIERS_SP-MARKET-REPORT.pdf
2023-11-20,47,tankers,1,SUN 10,VLGC,49679.0,1995,Mitsubishi Nagasaki,180.39 EN BLOC,180.39,UNDISCLOSED,,carriers_2023_W47_WK-47-23-CARRIERS_SP-MARKET-REPORT.pdf
2023-11-20,47,tankers,1,SEASPEED,LPG,28460.0,2017,Hyundai Mipo Dockyard Co Ltd,55.70,55.7,MANTA DENIZCILIK,,carriers_2023_W47_WK-47-23-CARRIERS_SP-MARKET-REPORT.pdf
2023-11-20,47,tankers,1,ECO ETHEREAL,LPG,26645.0,2010,Hyundai Mipo Dockyard Co Ltd,43.00,43.0,UNDISCLOSED,SS 10/2025,carriers_2023_W47_WK-47-23-CARRIERS_SP-MARKET-REPORT.pdf
2023-11-20,47,tankers,1,TESSA KOSAN,LPG,6049.0,1999,Hyundai Heavy Inds - Ulsan,-,,UNI FLEET SDN. BHD.,,carriers_2023_W47_WK-47-23-CARRIERS_SP-MARKET-REPORT.pdf
2023-11-20,47,containers,1,WAN HAI 301,CV,30250.0,2001,Naikai Zosen Corp - Setoda,7.50,7.5,INTERASIA,2496 TEU,carriers_2023_W47_WK-47-23-CARRIERS_SP-MARKET-REPORT.pdf
2023-11-20,47,containers,1,WAN HAI 302,CV,30234.0,2002,Naikai Zosen Corp - Setoda,EACH,,LINES LTD.,2496 TEU,carriers_2023_W47_WK-47-23-CARRIERS_SP-MARKET-REPORT.pdf
2023-11-27,48,bulk_carriers,1,CHOW,BC,181146.0,2016,Shanghai Waigaoqiao Shbldg,43.10,43.1,GENCO,BWTS& SCRUBBER fitted,carriers_2023_W48_WK-48-23-CARRIERS_SP-MARKET-REPORT.pdf
2023-11-27,48,bulk_carriers,1,AURORA BOREALIS,BC,82000.0,2023,COSCO Shipping HI Yangzhou,38.00,38.0,NNC SHIPPING,BTWS fitted,carriers_2023_W48_WK-48-23-CARRIERS_SP-MARKET-REPORT.pdf
2023-11-27,48,bulk_carriers,1,AQUAVITA SOL,BC,81541.0,2020,Jiangsu Hantong Ship HI,30.50,30.5,CHINESE,,carriers_2023_W48_WK-48-23-CARRIERS_SP-MARKET-REPORT.pdf
2023-11-27,48,bulk_carriers,1,AQUAVITA SEA,BC,81479.0,2020,Jiangsu Hantong Ship HI,30.50,30.5,CHINESE,,carriers_2023_W48_WK-48-23-CARRIERS_SP-MARKET-REPORT.pdf
2023-11-27,48,bulk_carriers,1,ST GEORGE,BC,57959.0,2012,Tsuneishi Heavy Inds Cebu,18.50,18.5,UNDISCLOSED,BTWS fitted,carriers_2023_W48_WK-48-23-CARRIERS_SP-MARKET-REPORT.pdf
2023-11-27,48,bulk_carriers,1,NPS MOSA,BC,53556.0,2007,Iwagi Zosen Co Ltd,11.65,11.65,KOREAN,BTWS fitted SS 6/2027,carriers_2023_W48_WK-48-23-CARRIERS_SP-MARKET-REPORT.pdf
2023-11-27,48,bulk_carriers,1,CHENNAI SELVAM,BC,52489.0,2001,Tsuneishi Shbldg,6.25,6.25,UNDISCLOSED,SS 11/2026,carriers_2023_W48_WK-48-23-CARRIERS_SP-MARKET-REPORT.pdf
2023-11-27,48,bulk_carriers,1,EARTH OCEAN,BC,50409.0,2013,Oshima Shipbuilding Co Ltd,19.40,19.4,TMC SHIPPING,2 YEAR BBHP,carriers_2023_W48_WK-48-23-CARRIERS_SP-MARKET-REPORT.pdf
2023-11-27,48,bulk_carriers,1,NAVIOS LYRA,BC,34707.0,2012,SPP Shipbuilding,13.75,13.75,MIDDLE EASTERN,BTWS fitted,carriers_2023_W48_WK-48-23-CARRIERS_SP-MARKET-REPORT.pdf
2023-11-27,48,tankers,1,AEGEAN MYTH,TANKER,115838.0,2006,Samsung Heavy Inds - Geoje,37.50,37.5,CHINESE,SS 8/2026,carriers_2023_W48_WK-48-23-CARRIERS_SP-MARKET-REPORT.pdf
2023-11-27,48,tankers,1,IRIDESCENT,TANKER,112871.0,2009,New Times Shipbuilding Co Ltd,39.50,39.5,UNDISCLOSED,SS 11/2024,carriers_2023_W48_WK-48-23-CARRIERS_SP-MARKET-REPORT.pdf
2023-11-27,48,tankers,1,CHEMTRANS CAROLINA,TANKER,53160.0,2006,Guangzhou Shipyard Intl Co Ltd,20.10,20.1,CHINESE,SS 12/2026,carriers_2023_W48_WK-48-23-CARRIERS_SP-MARKET-REPORT.pdf
2023-11-27,48,tankers,1,DEE4 ILEX,TANKER,49999.0,2022,Hyundai Mipo Dockyard Co Ltd,54.00,54.0,GNMTC,3 months subs/ tender,carriers_2023_W48_WK-48-23-CARRIERS_SP-MARKET-REPORT.pdf
2023-11-27,48,tankers,1,DEE4 MAHOGANY,TANKER,49999.0,2022,Hyundai Mipo Dockyard Co Ltd,54.00,54.0,GNMTC,3 months subs / tender,carriers_2023_W48_WK-48-23-CARRIERS_SP-MARKET-REPORT.pdf
2023-11-27,48,tankers,1,OCIOS IOANNIS,TANKER,47147.0,2009,Hyundai Mipo Dockyard Co Ltd,25.00,25.0,UNDISCLOSED,,carriers_2023_W48_WK-48-23-CARRIERS_SP-MARKET-REPORT.pdf
2023-11-27,48,tankers,1,VASSO,TANKER,46159.0,2006,STX Shipbuilding - Jinhae,18.00,18.0,UNDISCLOSED,SS 11/2026,carriers_2023_W48_WK-48-23-CARRIERS_SP-MARKET-REPORT.pdf
2023-11-27,48,tankers,1,SHANDONG WEIHE,TANKER,45898.0,2004,Shin Kurushima Onishi,14.00,14.0,GSE AUCTION,SS 20/2024,carriers_2023_W48_WK-48-23-CARRIERS_SP-MARKET-REPORT.pdf
2023-11-27,48,tankers,1,BDP SPIRIT,TANKER,15203.0,2009,TVK Gemi Yapim,12.00,12.0,UNDISCLOSED,SS 3/2024,carriers_2023_W48_WK-48-23-CARRIERS_SP-MARKET-REPORT.pdf
2023-11-27,48,tankers,1,TARRANT,TANKER,13211.0,2008,Jinse Shipbuilding Co Ltd,9.50,9.5,UNDISCLOSED,SS/DD passed,carriers_2023_W48_WK-48-23-CARRIERS_SP-MARKET-REPORT.pdf
2023-11-27,48,tankers,1,SEAPEAK NAPA,GAS,10790.0,2003,Hudong-Zhonghua Shipbuilding,9.80,9.8,UNDISCLOSED,SS/DD 10/2023,carriers_2023_W48_WK-48-23-CARRIERS_SP-MARKET-REPORT.pdf
2023-11-27,48,tankers,1,LOI HOPE,TANKER,8941.0,2008,Kwangsung Shipbuilding Co Ltd,8.60,8.6,UNDISCLOSED,SS/DD passed,carriers_2023_W48_WK-48-23-CARRIERS_SP-MARKET-REPORT.pdf
2023-12-04,49,bulk_carriers,1,HERUN CHINA,BC,181056.0,2017,Shanghai Waigaoqiao Shbldg,42.00,42.0,UNDISCLOSED,SS 1/2027 DEL 3-5/2024,carriers_2023_W49_WK-49-23-CARRIERS_SP-MARKET-REPORT.pdf
2023-12-04,49,bulk_carriers,1,MARAN INNOVATION,BC,171681.0,2004,Daewoo Shipbuilding & Marine,13.50,13.5,LILA GLOBAL,SS 3/2024,carriers_2023_W49_WK-49-23-CARRIERS_SP-MARKET-REPORT.pdf
2023-12-04,49,bulk_carriers,1,GENCO COMMODUS,BC,169098.0,2009,Sungdong Shipbuilding & Eng,19.50,19.5,UNDISCLOSED,SS 7/2024,carriers_2023_W49_WK-49-23-CARRIERS_SP-MARKET-REPORT.pdf
2023-12-04,49,bulk_carriers,1,PEDHOULAS CHERRY,BC,82013.0,2015,Jiangsu Newyangzi,26.60,26.6,PYXIS TANKERS,SS 7/2025,carriers_2023_W49_WK-49-23-CARRIERS_SP-MARKET-REPORT.pdf
2023-12-04,49,bulk_carriers,1,CYMONA GALAXY,BC,81383.0,2009,Universal Shbldg - Maizuru,15.00,15.0,UNDISCLOSED,SS 6/2024 DEL 3/2024,carriers_2023_W49_WK-49-23-CARRIERS_SP-MARKET-REPORT.pdf
2023-12-04,49,bulk_carriers,1,KAI OLDENDORFF,BC,81243.0,2019,Jiangsu Hantong Ship HI,30.10,30.1,UNDISCLOSED,SS 1/2024,carriers_2023_W49_WK-49-23-CARRIERS_SP-MARKET-REPORT.pdf
2023-12-04,49,bulk_carriers,1,GOLDEN HAWK,BC,58068.0,2015,Shin Kurushima Toyohashi,21.60,21.6,BANGLADESH,SS/DD 2/2025,carriers_2023_W49_WK-49-23-CARRIERS_SP-MARKET-REPORT.pdf
2023-12-04,49,bulk_carriers,1,RUI FU KANG,BC,57000.0,2011,Xiamen Shipbuilding Industry,12.00,12.0,UNDISCLOSED,AUCTION,carriers_2023_W49_WK-49-23-CARRIERS_SP-MARKET-REPORT.pdf
2023-12-04,49,bulk_carriers,1,ZHE HAI 169,BC,57000.0,2011,China Shipping Ind Jiangsu,11.70,11.7,UNDISCLOSED,ONLINE AUCTION SS 8/2026,carriers_2023_W49_WK-49-23-CARRIERS_SP-MARKET-REPORT.pdf
2023-12-04,49,bulk_carriers,1,ERMIONE,BC,56557.0,2008,IHI Marine United - Yokohama,14.00,14.0,UNDISCLOSED,SS 9/2028,carriers_2023_W49_WK-49-23-CARRIERS_SP-MARKET-REPORT.pdf
2023-12-04,49,bulk_carriers,1,ORANGE RIVER,BC,55687.0,2007,Mitsui Tamano,-,,INDONESIAN,SS 2/2027,carriers_2023_W49_WK-49-23-CARRIERS_SP-MARKET-REPORT.pdf
2023-12-04,49,bulk_carriers,1,ATLANTIC ALTAMIRA,BC,43368.0,2017,Qingshan Shipyard,23.00,23.0,KOREAN,SS 7/2027,carriers_2023_W49_WK-49-23-CARRIERS_SP-MARKET-REPORT.pdf
2023-12-04,49,bulk_carriers,1,IJSSEL CONFIDENCE,BC,38243.0,2012,Imabari Shbldg - Imabari,16.50,16.5,UNDISCLOSED,SS 1/2027,carriers_2023_W49_WK-49-23-CARRIERS_SP-MARKET-REPORT.pdf
2023-12-04,49,bulk_carriers,1,VULLY,BC,35697.0,2011,Shinan Heavy Industries Co,12.90,12.9,FAR EASTERN,SS 6/2026,carriers_2023_W49_WK-49-23-CARRIERS_SP-MARKET-REPORT.pdf
2023-12-04,49,bulk_carriers,1,PAN GLORIS,BC,32975.0,2010,Taizhou Maple Leaf Shbldg,UNDISCLOSED,,SYRIAN,SS 1/2025,carriers_2023_W49_WK-49-23-CARRIERS_SP-MARKET-REPORT.pdf
2023-12-04,49,bulk_carriers,1,SARONIC SPIRE,BC,32355.0,2004,Kanda Kawajiri,8.40,8.4,UNDISCLOSED,SS 7/2024,carriers_2023_W49_WK-49-23-CARRIERS_SP-MARKET-REPORT.pdf
2023-12-04,49,bulk_carriers,1,TANAIS FLYER,BC,28674.0,1998,Imabari Shbldg - Imabari,4.80,4.8,UNDISCLOSED,,carriers_2023_W49_WK-49-23-CARRIERS_SP-MARKET-REPORT.pdf
2023-12-04,49,tankers,1,HARAD,TANKER,303115.0,2001,Samsung Heavy Inds - Geoje,30.00,30.0,CHINESE,SS 10/2026,carriers_2023_W49_WK-49-23-CARRIERS_SP-MARKET-REPORT.pdf
2023-12-04,49,tankers,1,JESSICA D,TANKER,300976.0,2004,IHI Marine United - Kure,32.50,32.5,UNDISCLOSED,SS 7/2024,carriers_2023_W49_WK-49-23-CARRIERS_SP-MARKET-REPORT.pdf
2023-12-04,49,tankers,1,NOBLEWAY,TANKER,164028.0,2010,Bohai Shipbuilding Heavy Ind,47.00,47.0,NEW SHIPPING,SS 7/2025,carriers_2023_W49_WK-49-23-CARRIERS_SP-MARKET-REPORT.pdf
2023-12-04,49,tankers,1,S-TREASURE,TANKER,106061.0,2005,Hyundai Samho HI,32.00,32.0,UNDISCLOSED,SS/DD 9/2025,carriers_2023_W49_WK-49-23-CARRIERS_SP-MARKET-REPORT.pdf
2023-12-04,49,tankers,1,LR2 ETERNITY,TANKER,105445.0,2006,Sumitomo Heavy Marine Yokosuka,UNDISCLOSED,,UAE,SS/DD 11/2026 EPOXY,carriers_2023_W49_WK-49-23-CARRIERS_SP-MARKET-REPORT.pdf
2023-12-04,49,containers,1,BEA SCHULTE,CV,59270.0,2010,Daewoo Shipbuilding & Marine,UNDISCLOSED,,MSC,SS 3/2025,carriers_2023_W49_WK-49-23-CARRIERS_SP-MARKET-REPORT.pdf
2023-12-04,49,containers,1,NORTHERN DECENCY,CV,48847.0,2003,Hyundai Heavy Inds - Ulsan,12.65,12.65,FAR EASTERN,,carriers_2023_W49_WK-49-23-CARRIERS_SP-MARKET-REPORT.pdf
2023-12-04,49,containers,1,LEO PERDANA,CV,33423.0,2007,Naikai Zosen Corp,11.00,11.0,MIDDLE EASTERN,SS 8/2025,carriers_2023_W49_WK-49-23-CARRIERS_SP-MARKET-REPORT.pdf
2023-12-04,49,containers,1,ANTON SCHEPERS,CV,13500.0,2004,Daewoo-Mangalia,UNDISCLOSED,,UNDISCLOSED,,carriers_2023_W49_WK-49-23-CARRIERS_SP-MARKET-REPORT.pdf
2023-12-18,51,bulk_carriers,1,BEKS BROWN,BC,206.204,2005,Imabari Shbldg - Saijo,16.50,16.5,UNDISCLOSED,SS 08/2025,carriers_2023_W51_WK-51-23-CARRIERS_SP-MARKET-REPORT.pdf
2023-12-18,51,bulk_carriers,1,DOUBLE MIRACLE,BC,95.444,2014,IMABARI SHBLDG - HIROS,24.90,24.9,GREEK,SS 06/2024,carriers_2023_W51_WK-51-23-CARRIERS_SP-MARKET-REPORT.pdf
2023-12-18,51,bulk_carriers,1,ULTRA TIGER,BC,83.611,2009,Sanoyas Hishino Meisho Corp Kurashiki OY,- 16.00,16.0,UNDISCLOSED,,carriers_2023_W51_WK-51-23-CARRIERS_SP-MARKET-REPORT.pdf
2023-12-18,51,bulk_carriers,1,PRESINGE TRADER,BC,81.115,2016,Jiangsu New Hantong Ship Heavy,25.50,25.5,W. MARINE,SS 12/2026,carriers_2023_W51_WK-51-23-CARRIERS_SP-MARKET-REPORT.pdf
2023-12-18,51,bulk_carriers,1,MELODIA,BC,80.554,2013,JAPAN MARINE UTD - MAI,22.00,22.0,UNDISCLOSED,,carriers_2023_W51_WK-51-23-CARRIERS_SP-MARKET-REPORT.pdf
2023-12-18,51,bulk_carriers,1,PORTO LEONE,BC,63.756,2014,COSCO Zhoushan Shipyard Co Ltd,21.75,21.75,UNDISCLOSED,SS 06/2024,carriers_2023_W51_WK-51-23-CARRIERS_SP-MARKET-REPORT.pdf
2023-12-18,51,bulk_carriers,1,UNITY ENDEAVOUR,BC,61.617,2014,Nantong COSCO KHI Ship Eng,23.00,23.0,UNDISCLOSED,SS 08/2024 TC ATTACHED,carriers_2023_W51_WK-51-23-CARRIERS_SP-MARKET-REPORT.pdf
2023-12-18,51,bulk_carriers,1,XING XI HAI,BC,60.498,2017,Mitsui Chiba Ichihara,29.00,29.0,SCANDINAVIAN,SS 01/2027,carriers_2023_W51_WK-51-23-CARRIERS_SP-MARKET-REPORT.pdf
2023-12-18,51,bulk_carriers,1,SUPRA ONIKI,BC,57.022,2010,Qingshan Shipyard,11.00,11.0,UNDISCLOSED,SS 07/2025,carriers_2023_W51_WK-51-23-CARRIERS_SP-MARKET-REPORT.pdf
2023-12-18,51,bulk_carriers,1,JIN SHENG,BC,52.05,2006,IHI Marine United - Yokohama,10.43,10.43,UNDISCLOSED,SS 09/2025,carriers_2023_W51_WK-51-23-CARRIERS_SP-MARKET-REPORT.pdf
2023-12-18,51,bulk_carriers,1,MERLIN,BC,50.296,2001,Mitsui Tamano,6.00,6.0,CHINESE,SS 2026,carriers_2023_W51_WK-51-23-CARRIERS_SP-MARKET-REPORT.pdf
2023-12-18,51,bulk_carriers,1,CLIPPER COPENHAGEN,BC,37.852,2010,Jiangsu Eastern Heavy Industry Co Ltd - Jingjiang JS,11.00,11.0,ARMATOR SHIPPING,,carriers_2023_W51_WK-51-23-CARRIERS_SP-MARKET-REPORT.pdf
2023-12-18,51,tankers,1,AEGEAN POWER,TANKER,115.754,2007,Samsung Heavy Inds - Geoje,42.00,42.0,UNDISCLOSED,SS 04/2027,carriers_2023_W51_WK-51-23-CARRIERS_SP-MARKET-REPORT.pdf
2023-12-18,51,tankers,1,S-TRUST,TANKER,106.094,2005,Hyundai Samho Heavy Industries,32.00,32.0,UNDISCLOSED,SS 11/2025,carriers_2023_W51_WK-51-23-CARRIERS_SP-MARKET-REPORT.pdf
2023-12-18,51,tankers,1,TTC VIDYUT,TANKER,73.948,2008,New Century Shipbuilding Co,24.00,24.0,UNDISCLOSED,SS DD 9/2023,carriers_2023_W51_WK-51-23-CARRIERS_SP-MARKET-REPORT.pdf
2023-12-18,51,tankers,1,CENTENNIAL,TANKER,47.165,2008,Onomichi Dockyard Co Ltd,23.00,23.0,UNDISCLOSED,SS 11/2028 EPOXY,carriers_2023_W51_WK-51-23-CARRIERS_SP-MARKET-REPORT.pdf
2023-12-18,51,tankers,1,BLUE TRADER,TANKER,37.27,2005,Hyundai Mipo Dockyard Co Ltd,17.80,17.8,TURKISH,SS 03/2025 EPOXY IMO III,carriers_2023_W51_WK-51-23-CARRIERS_SP-MARKET-REPORT.pdf
2023-12-18,51,tankers,1,XING HAI HUA 728,TANKER,17.204,2009,Zhejiang Zhenxing Shiprepair,8.00,8.0,UNDISCLOSED,,carriers_2023_W51_WK-51-23-CARRIERS_SP-MARKET-REPORT.pdf
2023-12-18,51,containers,1,ROTTERDAM BRIDGE,CV,50.985,2001,Samsung Heavy Inds - Geoje,12.50,12.5,UNDISCLOSED,SS 12/2027,carriers_2023_W51_WK-51-23-CARRIERS_SP-MARKET-REPORT.pdf
2024-01-08,1,bulk_carriers,1,CAPT TASOS,BC,181500.0,2023,Namura Shipbuilding - Imari,70.50,70.5,NORDEN A/S,ECO,carriers_2024_W01_WK-12-24-CARRIERS_SP-MARKET-REPORT.pdf
2024-01-08,1,bulk_carriers,1,HIGHLAND PARK,BC,174093.0,2006,Shanghai Waigaoqiao Shbldg,15.00,15.0,CHINESE,BWTS FITTED,carriers_2024_W01_WK-12-24-CARRIERS_SP-MARKET-REPORT.pdf
2024-01-08,1,bulk_carriers,1,THE EVOLUTION,BC,88270.0,2010,Imabari Shbldg - Marugame,17.40,17.4,UNDISCLOSED,BWTS FITTED,carriers_2024_W01_WK-12-24-CARRIERS_SP-MARKET-REPORT.pdf
2024-01-08,1,bulk_carriers,1,SFAKIA WAVE,BC,87340.0,2011,Hudong-Zhonghua Shipbuilding,16.00,16.0,CHINESE,BWTS FITTED,carriers_2024_W01_WK-12-24-CARRIERS_SP-MARKET-REPORT.pdf
2024-01-08,1,bulk_carriers,1,NIAN NU JIAO,BC,83601.0,2010,Sanoyas,18.00,18.0,UNDISCLOSED,,carriers_2024_W01_WK-12-24-CARRIERS_SP-MARKET-REPORT.pdf
2024-01-08,1,bulk_carriers,1,MAGIC VENUS,BC,83416.0,2010,Sanoyas Hishino Meisho Corp,17.50,17.5,UNDISCLOSED,,carriers_2024_W01_WK-12-24-CARRIERS_SP-MARKET-REPORT.pdf
2024-01-08,1,bulk_carriers,1,ARTEMIS,BC,81963.0,2013,COSCO Dalian Shipyard Co Ltd,19.50,19.5,CHINESE,BWTS FITTED,carriers_2024_W01_WK-12-24-CARRIERS_SP-MARKET-REPORT.pdf
2024-01-08,1,bulk_carriers,1,SUPER LUNA,BC,81517.0,2016,Jinhai Heavy Industry,22.60,22.6,MODION MARITIME,BWTS FITTED,carriers_2024_W01_WK-12-24-CARRIERS_SP-MARKET-REPORT.pdf
2024-01-08,1,bulk_carriers,1,TOMINI BRAVERY,BC,81027.0,2015,Jiangsu Jinling Ships Co Ltd,24.50,24.5,GREEK,TC ATTACHED 13.000$ LESS 5% 3-5/2024,carriers_2024_W01_WK-12-24-CARRIERS_SP-MARKET-REPORT.pdf
2024-01-08,1,bulk_carriers,1,XING HE HAI,BC,61473.0,2016,Dalian Cosco Khi Ship,26.00 EACH,26.0,CHINESE,,carriers_2024_W01_WK-12-24-CARRIERS_SP-MARKET-REPORT.pdf
2024-01-08,1,bulk_carriers,1,XING HAO HAI,BC,61452.0,2016,Dalian Cosco Khi Ship,,,,,carriers_2024_W01_WK-12-24-CARRIERS_SP-MARKET-REPORT.pdf
2024-01-08,1,bulk_carriers,1,IKAN PARANG,BC,56618.0,2011,Taizhou Kouan Shipbuilding Co,11.00,11.0,UNDISCLOSED,BWTS,carriers_2024_W01_WK-12-24-CARRIERS_SP-MARKET-REPORT.pdf
2024-01-08,1,bulk_carriers,1,RICHMOND PEARL,BC,53100.0,2009,Yangzhou Dayang Shipbuilding,10.00,10.0,UNDISCLOSED,,carriers_2024_W01_WK-12-24-CARRIERS_SP-MARKET-REPORT.pdf
2024-01-08,1,bulk_carriers,1,BARONESS,BC,34264.0,2011,Zhejiang Jingang Shipbuilding,-,,UNDISCLOSED,,carriers_2024_W01_WK-12-24-CARRIERS_SP-MARKET-REPORT.pdf
2024-01-08,1,bulk_carriers,1,SEASTAR TRADITION,BC,30465.0,2009,Tsuji Heavy Industries Jiangsu,-,,UNDISCLOSED,,carriers_2024_W01_WK-12-24-CARRIERS_SP-MARKET-REPORT.pdf
2024-01-08,1,tankers,1,VENUS GLORY,GAS,54.474,2008,Daewoo Shipbuilding & Marine,66.00,66.0,UNDISCLOSED,,carriers_2024_W01_WK-12-24-CARRIERS_SP-MARKET-REPORT.pdf
2024-01-08,1,tankers,1,BELLA CIAO,TANKER,156586.0,2020,New Times Shipbuilding Co Ltd,86.00,86.0,PERTAMINA,SCRUBBER FITTED TIER III,carriers_2024_W01_WK-12-24-CARRIERS_SP-MARKET-REPORT.pdf
2024-01-08,1,tankers,1,CHEMTRANS MOON,TANKER,72365.0,2004,Hudong-Zhonghua Shipbuilding,17.00,17.0,,EPOXY,carriers_2024_W01_WK-12-24-CARRIERS_SP-MARKET-REPORT.pdf
2024-01-08,1,tankers,1,CHEMTRANS SEA,TANKER,72365.0,2004,Hudong-Zhonghua Shipbuilding,EACH,,UNDISCLOSED,BWTS FITTED,carriers_2024_W01_WK-12-24-CARRIERS_SP-MARKET-REPORT.pdf
2024-01-15,3,bulk_carriers,1,MINERAL QINGDAO,BC,206298.0,2020,Qingdao Yangfan Shipbuilding,54.40,54.4,WINNING SHIPPING,SS 07/2025,carriers_2024_W03_WK-3-24-CARRIERS_SP-MARKET-REPORT.pdf
2024-01-15,3,bulk_carriers,1,CORONET,BC,182674.0,2011,Kawasaki HI - Sakaide - curr,27.00,27.0,NGM,SS 01/2026,carriers_2024_W03_WK-3-24-CARRIERS_SP-MARKET-REPORT.pdf
2024-01-15,3,bulk_carriers,1,GH HARMONY,BC,92500.0,2010,Yangfan Group Co Ltd,12.50,12.5,UNDISCLOSED,SS 02/2025,carriers_2024_W03_WK-3-24-CARRIERS_SP-MARKET-REPORT.pdf
2024-01-15,3,bulk_carriers,1,KAVALA,BC,83688.0,2009,Sanoyas Hishino Meisho Corp,16.20,16.2,GREEK,SS 04/2024,carriers_2024_W03_WK-3-24-CARRIERS_SP-MARKET-REPORT.pdf
2024-01-15,3,bulk_carriers,1,CP TIANJIN,BC,63541.0,2016,Chengxi Shipyard Jiangyin,23.80 EACH,23.8,UNDISCLOSED,SS 09/2026,carriers_2024_W03_WK-3-24-CARRIERS_SP-MARKET-REPORT.pdf
2024-01-15,3,bulk_carriers,1,CP GUANGZHOU,BC,63527.0,2015,Chengxi Shipyard Jiangyin,,,,SS 11/2025,carriers_2024_W03_WK-3-24-CARRIERS_SP-MARKET-REPORT.pdf
2024-01-15,3,bulk_carriers,1,ANETOS,BC,58163.0,2009,Tsuneishi Heavy Inds Cebu,15.50,15.5,INDONESIAN,SS 11/2027,carriers_2024_W03_WK-3-24-CARRIERS_SP-MARKET-REPORT.pdf
2024-01-15,3,bulk_carriers,1,ELGIZNUR CEBI,BC,57305.0,2009,STX Shipbuilding - Jinhae,13.20,13.2,CHINESE,DELY SS/DD PASSED,carriers_2024_W03_WK-3-24-CARRIERS_SP-MARKET-REPORT.pdf
2024-01-15,3,bulk_carriers,1,SW PROSPEROUS,BC,57239.0,2012,STX Offshore & Shbldg,16.30,16.3,SEA SANDS SHIPPING,SS 08/2027,carriers_2024_W03_WK-3-24-CARRIERS_SP-MARKET-REPORT.pdf
2024-01-15,3,bulk_carriers,1,CRESTED EAGLE,BC,55989.0,2009,IHI Corp,,,,BWTS& SCRUBBER,carriers_2024_W03_WK-3-24-CARRIERS_SP-MARKET-REPORT.pdf
2024-01-15,3,bulk_carriers,1,STELLAR EAGLE,BC,55989.0,2009,IHI Marine United - Yokohama,14.50 EACH,14.5,UNDISCLOSED,BWTS& SCRUBBER,carriers_2024_W03_WK-3-24-CARRIERS_SP-MARKET-REPORT.pdf
2024-01-15,3,bulk_carriers,1,ADVANCE,BC,55638.0,2007,Mitsui Tamano,13.80,13.8,UNDISCLOSED,SS 02/2026,carriers_2024_W03_WK-3-24-CARRIERS_SP-MARKET-REPORT.pdf
2024-01-15,3,bulk_carriers,1,QUEEN KOBE,BC,55444.0,2009,Kawasaki Shipbuilding - Kobe,14.00,14.0,UNDISCLOSED,SS 07/2024,carriers_2024_W03_WK-3-24-CARRIERS_SP-MARKET-REPORT.pdf
2024-01-15,3,bulk_carriers,1,SEA AQUARIUS,BC,53468.0,2006,Imabari Shbldg - Imabari,10.10,10.1,UNDISCLOSED,SS 05/2026,carriers_2024_W03_WK-3-24-CARRIERS_SP-MARKET-REPORT.pdf
2024-01-15,3,bulk_carriers,1,APJ JAD,BC,52461.0,2002,Tsuneishi Heavy Inds Cebu,7.20,7.2,UNDISCLOSED,SS 05/2027,carriers_2024_W03_WK-3-24-CARRIERS_SP-MARKET-REPORT.pdf
2024-01-15,3,bulk_carriers,1,BEST HONOR,BC,47183.0,1998,Oshima Shipbuilding Co Ltd,5.20,5.2,TURKISH,SS 06/2027,carriers_2024_W03_WK-3-24-CARRIERS_SP-MARKET-REPORT.pdf
2024-01-15,3,bulk_carriers,1,RUI AN,BC,46509.0,2001,Mitsui Tamano,6.65,6.65,UNDISCLOSED,SS 05/2026,carriers_2024_W03_WK-3-24-CARRIERS_SP-MARKET-REPORT.pdf
2024-01-15,3,bulk_carriers,1,NOTOS VENTURE,BC,43477.0,2017,Qingshan Shipyard,,,,BWTS FITTED,carriers_2024_W03_WK-3-24-CARRIERS_SP-MARKET-REPORT.pdf
2024-01-15,3,bulk_carriers,1,EURUS VENTURE,BC,43457.0,2017,Qingshan Shipyard,23.00 EACH,23.0,UNDISCLOSED,BWTS FITTED,carriers_2024_W03_WK-3-24-CARRIERS_SP-MARKET-REPORT.pdf
2024-01-15,3,bulk_carriers,1,LOWLANDS HOPPER,BC,36309.0,2015,Shikoku Dockyard,17.00,17.0,FAR EASTERN,BWTS FITTED,carriers_2024_W03_WK-3-24-CARRIERS_SP-MARKET-REPORT.pdf
2024-01-15,3,bulk_carriers,1,HELGA BULKER,BC,34483.0,2017,Hakodate Dock - Hakodate,22.00,22.0,TURKISH,,carriers_2024_W03_WK-3-24-CARRIERS_SP-MARKET-REPORT.pdf
2024-01-15,3,bulk_carriers,1,ALAM SURIA,BC,29077.0,2012,Shikoku Dockyard,11.20,11.2,UNDISCLOSED,DD DUE,carriers_2024_W03_WK-3-24-CARRIERS_SP-MARKET-REPORT.pdf
2024-01-15,3,tankers,1,FRONT ENDURANCE,TANKER,321300.0,2009,Daewoo Shipbuilding & Marine,,,SINOKOR,,carriers_2024_W03_WK-3-24-CARRIERS_SP-MARKET-REPORT.pdf
2024-01-15,3,tankers,1,FRONT KATHRINE,TANKER,297974.0,2009,Shanghai Waigaoqiao Shbldg,,,,,carriers_2024_W03_WK-3-24-CARRIERS_SP-MARKET-REPORT.pdf
2024-01-15,3,tankers,1,FRONT QUEEN,TANKER,297936.0,2009,Shanghai Jiangnan Changxing Sb,300.00 EN,300.0,UNDISCLOSED BLOC,,carriers_2024_W03_WK-3-24-CARRIERS_SP-MARKET-REPORT.pdf
2024-01-15,3,tankers,1,FRONT SIGNE,TANKER,297007.0,2010,Shanghai Jiangnan Changxing Sb,,,PERTAMINA,,carriers_2024_W03_WK-3-24-CARRIERS_SP-MARKET-REPORT.pdf
2024-01-15,3,tankers,1,FRONT CECILIE,TANKER,296995.0,2010,Shanghai Jiangnan Changxing Sb,,,,,carriers_2024_W03_WK-3-24-CARRIERS_SP-MARKET-REPORT.pdf
2024-01-15,3,tankers,1,NEREIDES,TANKER,300544.0,2004,Ihi Marine United - Kure,29.00,29.0,UNDISCLOSED,,carriers_2024_W03_WK-3-24-CARRIERS_SP-MARKET-REPORT.pdf
2024-01-15,3,tankers,1,VOLANS,TANKER,99876.0,2009,Hyundai Heavy Inds - Ulsan,33.00,33.0,UNDISCLOSED,BWTS FITTED,carriers_2024_W03_WK-3-24-CARRIERS_SP-MARKET-REPORT.pdf
2024-01-15,3,tankers,1,SOCHRINA,TANKER,46606.0,2008,Sungdong Shipbuilding & Eng,24.00,24.0,BESIKTAS DENIZCILIK,BWTS FITTED,carriers_2024_W03_WK-3-24-CARRIERS_SP-MARKET-REPORT.pdf
2024-01-15,3,tankers,1,DINAH,TANKER,37313.0,2008,Hyundai Mipo Dockyard Co Ltd,41.75 EN BLOC,41.75,UNDISCLOSED,ICE CLASS 1 A,carriers_2024_W03_WK-3-24-CARRIERS_SP-MARKET-REPORT.pdf
2024-01-15,3,tankers,1,PLUTO,TANKER,37282.0,2008,Hyundai Mipo Dockyard Co Ltd,41.75 EN BLOC,41.75,UNDISCLOSED,ICE CLASS 1A,carriers_2024_W03_WK-3-24-CARRIERS_SP-MARKET-REPORT.pdf
2024-01-15,3,tankers,1,AURELIA,TANKER,24025.0,2006,3 Maj Brodogradiliste Dd,13.00,13.0,BANGLADESH,BWTS & SCRUBBER FITTED,carriers_2024_W03_WK-3-24-CARRIERS_SP-MARKET-REPORT.pdf
2024-01-15,3,tankers,1,LIV KNUTSEN,TANKER,16585.0,2009,Jiangnan Shipyard Group Co Ltd,13.75 EACH,13.75,ALGOMA CANADA,BB TO SELLERS TILL DD SUMMER 2024,carriers_2024_W03_WK-3-24-CARRIERS_SP-MARKET-REPORT.pdf
2024-01-15,3,tankers,1,ELI KNUTSEN,TANKER,16544.0,2009,Jiangnan Shipyard Group Co Ltd,,,,BB TO SELLERS TILL DD SUMMER 2024,carriers_2024_W03_WK-3-24-CARRIERS_SP-MARKET-REPORT.pdf
2024-01-22,4,bulk_carriers,1,NIAN NU JIAO,BC,83601.0,2010,Sanoyas Hishino Meisho Corp,17.80,17.8,UNDISCLOSED,SS 07/2027,carriers_2024_W04_WK-4-24-CARRIERS_SP-MARKET-REPORT.pdf
2024-01-22,4,bulk_carriers,1,KERVEROS,BC,76602.0,2003,Imabari Shbldg - Marugame,9.30,9.3,UNDISCLOSED,SS 07/2025,carriers_2024_W04_WK-4-24-CARRIERS_SP-MARKET-REPORT.pdf
2024-01-22,4,bulk_carriers,1,ALPHA AFOVOS,BC,74428.0,2001,Daewoo Shipbuilding & Marine,7.00,7.0,UNDISCLOSED,SS 03/2026,carriers_2024_W04_WK-4-24-CARRIERS_SP-MARKET-REPORT.pdf
2024-01-22,4,bulk_carriers,1,LAN HAI SHENG HUI,BC,56616.0,2011,China Shipping Ind Jiangsu,12.50 Each,12.5,UNDISCLOSED,SS 12/2026,carriers_2024_W04_WK-4-24-CARRIERS_SP-MARKET-REPORT.pdf
2024-01-22,4,bulk_carriers,1,HAI YANG ZHI HUA,BC,56603.0,2011,China Shipping Ind Jiangsu,,,,SS 09/2026,carriers_2024_W04_WK-4-24-CARRIERS_SP-MARKET-REPORT.pdf
2024-01-22,4,bulk_carriers,1,ISABELLA M,BC,56056.0,2006,Mitsui Tamano,12.00,12.0,CHINESE,SS 07/2026,carriers_2024_W04_WK-4-24-CARRIERS_SP-MARKET-REPORT.pdf
2024-01-22,4,bulk_carriers,1,AMARNATH,BC,53169.0,2004,Iwagi Zosen Co Ltd,7.75,7.75,UNDISCLOSED,SS 03/2024,carriers_2024_W04_WK-4-24-CARRIERS_SP-MARKET-REPORT.pdf
2024-01-22,4,bulk_carriers,1,UNI WEALTH,BC,29256.0,2009,Yangzhou Nakanishi Shbldg,8.50,8.5,UNDISCLOSED,,carriers_2024_W04_WK-4-24-CARRIERS_SP-MARKET-REPORT.pdf
2024-01-22,4,bulk_carriers,1,ANTHIA,BC,28740.0,2002,Shina Shipbuilding Co Ltd,6.50,6.5,UNDISCLOSED,,carriers_2024_W04_WK-4-24-CARRIERS_SP-MARKET-REPORT.pdf
2024-01-22,4,tankers,1,ELIZABETH I.A.,TANKER,306229.0,2004,Daewoo Shipbuilding & Marine,34.00,34.0,CHINESE,SS 03/2024,carriers_2024_W04_WK-4-24-CARRIERS_SP-MARKET-REPORT.pdf
2024-01-22,4,tankers,1,MORVIKEN,TANKER,157610.0,2018,Samsung Heavy Inds - Geoje,,,,SS 07/2023,carriers_2024_W04_WK-4-24-CARRIERS_SP-MARKET-REPORT.pdf
2024-01-22,4,tankers,1,BREIVIKEN,TANKER,112504.0,2018,Samsung Heavy Inds - Geoje,,,,ICE 1A,carriers_2024_W04_WK-4-24-CARRIERS_SP-MARKET-REPORT.pdf
2024-01-22,4,tankers,1,EIKEVIKEN,TANKER,112459.0,2019,Samsung Heavy Inds - Geoje,357.00 ENBLOC,357.0,TEN,ICE 1A,carriers_2024_W04_WK-4-24-CARRIERS_SP-MARKET-REPORT.pdf
2024-01-22,4,tankers,1,ASKVIKEN,TANKER,109999.0,2023,Guangzhou Shipyard Intl Co Ltd,,,,DUAL FUEL,carriers_2024_W04_WK-4-24-CARRIERS_SP-MARKET-REPORT.pdf
2024-01-22,4,tankers,1,ANGLEVIKEN,TANKER,109999.0,2023,Guangzhou Shipyard Intl Co Ltd,,,,DUAL FUEL,carriers_2024_W04_WK-4-24-CARRIERS_SP-MARKET-REPORT.pdf
2024-01-22,4,tankers,1,FAIR SEAS,TANKER,115406.0,2008,StX Shipbuilding - Jinhae,43.50,43.5,CHINESE,SS 07/2028,carriers_2024_W04_WK-4-24-CARRIERS_SP-MARKET-REPORT.pdf
2024-01-22,4,tankers,1,WONDER SIRIUS,TANKER,115340.0,2005,Samsung Heavy Inds - Geoje,33.80,33.8,UNDISCLOSED,EPOXY,carriers_2024_W04_WK-4-24-CARRIERS_SP-MARKET-REPORT.pdf
2024-01-22,4,tankers,1,MARE ORIENS,TANKER,110295.0,2008,Mitsui Chiba Ichihara,42.00,42.0,CHINESE,EPOXY,carriers_2024_W04_WK-4-24-CARRIERS_SP-MARKET-REPORT.pdf
2024-01-22,4,tankers,1,PATARIS,TANKER,73774.0,2009,New Times Shipbuilding Co Ltd,26.00,26.0,TRAFIGURA,EPOXY,carriers_2024_W04_WK-4-24-CARRIERS_SP-MARKET-REPORT.pdf
2024-01-22,4,tankers,1,BROOK TROUT,TANKER,73672.0,2007,Stx Shipbuilding - Jinhae,26.00 Each,26.0,EMARAT DUBAI,SS 08/2027,carriers_2024_W04_WK-4-24-CARRIERS_SP-MARKET-REPORT.pdf
2024-01-22,4,tankers,1,LAKE TROUT,TANKER,73580.0,2007,Stx Shipbuilding - Jinhae,,,,SS 07/2027,carriers_2024_W04_WK-4-24-CARRIERS_SP-MARKET-REPORT.pdf
2024-01-22,4,tankers,1,LADY MALOU,TANKER,51486.0,2013,Hyundai Mipo Dockyard Co Ltd,36.00,36.0,UNDISCLOSED,SS 01/2028,carriers_2024_W04_WK-4-24-CARRIERS_SP-MARKET-REPORT.pdf
2024-01-22,4,tankers,1,STI TRIBECA,TANKER,49990.0,2015,Spp Shipbuilding - Sac,39.10,39.1,KSS LINE KOREA,SS 01/2025,carriers_2024_W04_WK-4-24-CARRIERS_SP-MARKET-REPORT.pdf
2024-01-22,4,tankers,1,OWL 2,TANKER,13020.0,2008,21st Century Shipbuilding Co,9.30,9.3,TURKISH,COATED SS 12/2023,carriers_2024_W04_WK-4-24-CARRIERS_SP-MARKET-REPORT.pdf
2024-01-29,5,bulk_carriers,1,CHARLOTTE,BC,93296.0,2010,Yangfan Group Co Ltd,15.45,15.45,GREEK,SS 01/2025,carriers_2024_W05_WK-5-24-CARRIERS_SP-MARKET-REPORT.pdf
2024-01-29,5,bulk_carriers,1,CHRISTINE OLDENDORFF,BC,93077.0,2010,Taizhou Kouan,15.45,15.45,GREEK,SS 02/2025,carriers_2024_W05_WK-5-24-CARRIERS_SP-MARKET-REPORT.pdf
2024-01-29,5,bulk_carriers,1,ARTEMIS,BC,76942.0,2006,Namura Shipbuilding - Imari,13.00,13.0,UNDISCLOSED,SS/DD 11/2025,carriers_2024_W05_WK-5-24-CARRIERS_SP-MARKET-REPORT.pdf
2024-01-29,5,bulk_carriers,1,NAVIOS ORBITER,BC,76602.0,2004,Imabari Shbldg - Marugame,9.20,9.2,UNDISCLOSED,SS 02/2024,carriers_2024_W05_WK-5-24-CARRIERS_SP-MARKET-REPORT.pdf
2024-01-29,5,bulk_carriers,1,RUI FU KANG,BC,57000.0,2011,Xiamen Shipbuilding Industry,12.80,12.8,UNDISCLOSED,SS 09/2026,carriers_2024_W05_WK-5-24-CARRIERS_SP-MARKET-REPORT.pdf
2024-01-29,5,bulk_carriers,1,PAN PRIDE,BC,56907.0,2011,Cosco Zhoushan Shipyard Co Ltd,12.85,12.85,UNDISCLOSED,SS 05/2025,carriers_2024_W05_WK-5-24-CARRIERS_SP-MARKET-REPORT.pdf
2024-01-29,5,bulk_carriers,1,PU LAN HAI,BC,56897.0,2010,Cosco Dalian Shipyard Co Ltd,12.00,12.0,UNDISCLOSED,,carriers_2024_W05_WK-5-24-CARRIERS_SP-MARKET-REPORT.pdf
2024-01-29,5,bulk_carriers,1,MERIDA,BC,56670.0,2012,Taizhou Kouan Shipbuilding Co,13.20,13.2,UNDISCLOSED,SS 01/2026,carriers_2024_W05_WK-5-24-CARRIERS_SP-MARKET-REPORT.pdf
2024-01-29,5,bulk_carriers,1,SEA STAR,BC,56591.0,2014,Jiangdong Shipyard,15.40,15.4,UNDISCLOSED,SS 01/2024,carriers_2024_W05_WK-5-24-CARRIERS_SP-MARKET-REPORT.pdf
2024-01-29,5,bulk_carriers,1,TOMORROW,BC,56025.0,2013,Minaminippon Shbldg -,18.60,18.6,GREEK,SS 05/2026,carriers_2024_W05_WK-5-24-CARRIERS_SP-MARKET-REPORT.pdf
2024-01-29,5,bulk_carriers,1,KING BATON ROUGE,BC,55884.0,2014,Mitsui Chiba Ichihara,22.00,22.0,GREEK,SS 05/2024,carriers_2024_W05_WK-5-24-CARRIERS_SP-MARKET-REPORT.pdf
2024-01-29,5,bulk_carriers,1,PACIFIC 07,BC,53343.0,2003,Toyohashi Shipbuilding Co Ltd,17.00 EN BLOC,17.0,UNDISCLOSED,SS 03/2028,carriers_2024_W05_WK-5-24-CARRIERS_SP-MARKET-REPORT.pdf
2024-01-29,5,bulk_carriers,1,PACIFIC 08,BC,52471.0,2004,Tsuneishi Corp - Tadotsu,17.00 EN BLOC,17.0,UNDISCLOSED,SS 09/2024,carriers_2024_W05_WK-5-24-CARRIERS_SP-MARKET-REPORT.pdf
2024-01-29,5,bulk_carriers,1,RUI FU XING,BC,37064.0,2012,Hyundai Mipo Dockyard Co Ltd,16.50,16.5,TURKISH,SS 07/2027,carriers_2024_W05_WK-5-24-CARRIERS_SP-MARKET-REPORT.pdf
2024-01-29,5,bulk_carriers,1,NORDIC LONDON,BC,34904.0,2010,Tk Shipbuilding Co Ltd,12.30,12.3,TURKISH,SS 06/2025,carriers_2024_W05_WK-5-24-CARRIERS_SP-MARKET-REPORT.pdf
2024-01-29,5,bulk_carriers,1,IVS KINGBIRD,BC,32561.0,2007,Kanda Kawajiri,10.50,10.5,UNDISCLOSED,SS 06/2027,carriers_2024_W05_WK-5-24-CARRIERS_SP-MARKET-REPORT.pdf
2024-01-29,5,bulk_carriers,1,RATTANA NAREE,BC,28442.0,2002,Kanda Kawajiri,6.50,6.5,UNDISCLOSED,SS 03/2027,carriers_2024_W05_WK-5-24-CARRIERS_SP-MARKET-REPORT.pdf
2024-01-29,5,tankers,1,TOHSHI,TANKER,300363.0,2007,Ihi Marine United - Kure,44.00,44.0,CHINESE,SS 03/2027,carriers_2024_W05_WK-5-24-CARRIERS_SP-MARKET-REPORT.pdf
2024-01-29,5,tankers,1,EUROCHAMPION 2004,TANKER,164608.0,2005,Hyundai Heavy Inds - Ulsan,40.00,40.0,INDIAN,ICE 1C,carriers_2024_W05_WK-5-24-CARRIERS_SP-MARKET-REPORT.pdf
2024-01-29,5,tankers,1,ALITA I,TANKER,112118.0,2001,Hyundai Heavy Inds - Ulsan,19.00,19.0,UNDISCLOSED,,carriers_2024_W05_WK-5-24-CARRIERS_SP-MARKET-REPORT.pdf
2024-01-29,5,tankers,1,KING GREGORY,TANKER,51441.0,2012,Hyundai Mipo Dockyard Co Ltd,34.10,34.1,UNDISCLOSED,SS 10/2027,carriers_2024_W05_WK-5-24-CARRIERS_SP-MARKET-REPORT.pdf
2024-01-29,5,tankers,1,PELAGIC TAIMEN,TANKER,50885.0,2006,Stx Shipbuilding - Jinhae,20.00,20.0,CHINESE,ICE 1A,carriers_2024_W05_WK-5-24-CARRIERS_SP-MARKET-REPORT.pdf
2024-01-29,5,tankers,1,PAPRIKA,TANKER,40128.0,2003,Hyundai Mipo Dockyard Co Ltd,15.50,15.5,UNDISCLOSED,SS 01/2028,carriers_2024_W05_WK-5-24-CARRIERS_SP-MARKET-REPORT.pdf
2024-01-29,5,tankers,1,MAERSK KALEA,TANKER,38877.0,2004,Guangzhou Shipyard Intl Co Ltd,12.50,12.5,DUBAI,SS/DD 03/2024,carriers_2024_W05_WK-5-24-CARRIERS_SP-MARKET-REPORT.pdf
2024-01-29,5,tankers,1,GREEN TRADER,TANKER,37320.0,2003,Stx Shipbuilding - Jinhae,-,,DUBAI,EPOXY IMO III,carriers_2024_W05_WK-5-24-CARRIERS_SP-MARKET-REPORT.pdf
2024-01-29,5,tankers,1,OLYMPIC GLORY,TANKER,36990.0,2005,Hyundai Mipo Dockyard Co Ltd,16.50,16.5,UNDISCLOSED,SS 07/2025 ICE 1A,carriers_2024_W05_WK-5-24-CARRIERS_SP-MARKET-REPORT.pdf
2024-01-29,5,tankers,1,CHEMROUTE OASIS,TANKER,26199.0,2011,Shin Kurushima Akitsu,25.50,25.5,UNDISCLOSED,SS 04/2026,carriers_2024_W05_WK-5-24-CARRIERS_SP-MARKET-REPORT.pdf
2024-01-29,5,tankers,1,PATEA,TANKER,16651.0,2008,Jiangnan Shipyard Group Co Ltd,13.20,13.2,BLYSTAD,SS 05/2028,carriers_2024_W05_WK-5-24-CARRIERS_SP-MARKET-REPORT.pdf
2024-01-29,5,tankers,1,PATRICIA,TANKER,16642.0,2005,Qiuxin Shipyard - Chr,9.00,9.0,UNDISCLOSED,SS 12/2025,carriers_2024_W05_WK-5-24-CARRIERS_SP-MARKET-REPORT.pdf
2024-02-05,6,bulk_carriers,1,QING MAY,BC,206117.0,2012,Shanghai Waigaoqiao Shbldg,WINNING,,73.00,,carriers_2024_W06_WK-6-24-CARRIERS_SP-MARKET-REPORT.pdf
2024-02-05,6,bulk_carriers,1,LAN MAY,BC,206007.0,2011,Shanghai Waigaoqiao Shbldg,SHIPPING,,EN BLOC,,carriers_2024_W06_WK-6-24-CARRIERS_SP-MARKET-REPORT.pdf
2024-02-05,6,bulk_carriers,1,NEW DELIGHT,BC,181279.0,2012,Imabari Shbldg - Saijo,JINHUI,,30.95,,carriers_2024_W06_WK-6-24-CARRIERS_SP-MARKET-REPORT.pdf
2024-02-05,6,bulk_carriers,1,ROYAL IOLE,BC,180129.0,2009,Imabari Shbldg - Saijo,CHINESE,,24.10,,carriers_2024_W06_WK-6-24-CARRIERS_SP-MARKET-REPORT.pdf
2024-02-05,6,bulk_carriers,1,ATHENIAN PHOENIX,BC,179223.0,2009,Hyundai Heavy Inds - Ulsan,EUROPEAN,,23.50,,carriers_2024_W06_WK-6-24-CARRIERS_SP-MARKET-REPORT.pdf
2024-02-05,6,bulk_carriers,1,SEAMATE,BC,177775.0,2010,Shanghai Waigaoqiao Shbldg,AGRICORE,,26.00,,carriers_2024_W06_WK-6-24-CARRIERS_SP-MARKET-REPORT.pdf
2024-02-05,6,bulk_carriers,1,YUE MAY,BC,176552.0,2011,Shanghai Waigaoqiao Shbldg,EUROPEAN,,27.00,,carriers_2024_W06_WK-6-24-CARRIERS_SP-MARKET-REPORT.pdf
2024-02-05,6,bulk_carriers,1,ZHONG MAY,BC,176403.0,2011,Shanghai Waigaoqiao Shbldg,EUROPEAN,,27.00,,carriers_2024_W06_WK-6-24-CARRIERS_SP-MARKET-REPORT.pdf
2024-02-05,6,bulk_carriers,1,BIG BANG,BC,174109.0,2007,Shanghai Waigaoqiao Shbldg,UNDISCLOSED,,20.00,,carriers_2024_W06_WK-6-24-CARRIERS_SP-MARKET-REPORT.pdf
2024-02-05,6,bulk_carriers,1,MBA GIOVANNI,BC,93361.0,2010,Jiangsu Newyangzi,INTEROCEAN,,-,,carriers_2024_W06_WK-6-24-CARRIERS_SP-MARKET-REPORT.pdf
2024-02-05,6,bulk_carriers,1,MBA ROSARIA,BC,93326.0,2011,Jiangsu Newyangzi,INTEROCEAN,,-,,carriers_2024_W06_WK-6-24-CARRIERS_SP-MARKET-REPORT.pdf
2024-02-05,6,bulk_carriers,1,NAVIOS HARMONY,BC,82790.0,2006,Tsuneishi Corp - Tadotsu,UNDISCLOSED,,12.20,,carriers_2024_W06_WK-6-24-CARRIERS_SP-MARKET-REPORT.pdf
2024-02-05,6,bulk_carriers,1,SCARLET ROBIN,BC,82235.0,2016,Oshima Shipbuilding Co Ltd,UNDISCLOSED,,29.00,,carriers_2024_W06_WK-6-24-CARRIERS_SP-MARKET-REPORT.pdf
2024-02-05,6,bulk_carriers,1,MAGIC NOVA,BC,78833.0,2010,Sanoyas Hishino Meisho Corp,GREEK,,16.10,,carriers_2024_W06_WK-6-24-CARRIERS_SP-MARKET-REPORT.pdf
2024-02-05,6,bulk_carriers,1,GREAT VENTURE,BC,77283.0,2008,Oshima Shipbuilding Co Ltd,CHINESE,,14.00,,carriers_2024_W06_WK-6-24-CARRIERS_SP-MARKET-REPORT.pdf
2024-02-05,6,bulk_carriers,1,MAGIC HORIZON,BC,76619.0,2010,Shin Kasado Dockyard Co Ltd,GREEK,,15.80,,carriers_2024_W06_WK-6-24-CARRIERS_SP-MARKET-REPORT.pdf
2024-02-05,6,bulk_carriers,1,OINOUSSIAN VIRTUE,BC,76596.0,2008,Shin Kasado Dockyard Co Ltd,GREEK,,12.50,,carriers_2024_W06_WK-6-24-CARRIERS_SP-MARKET-REPORT.pdf
2024-02-05,6,bulk_carriers,1,GOLDEN BULL,BC,75000.0,2012,Pipavav Defence & Offshore,UNDISCLOSED,,16.00,,carriers_2024_W06_WK-6-24-CARRIERS_SP-MARKET-REPORT.pdf
2024-02-05,6,bulk_carriers,1,FENDA 18,BC,73288.0,2000,Sumitomo Hi Yokosuka,UNDISCLOSED,,7.00,,carriers_2024_W06_WK-6-24-CARRIERS_SP-MARKET-REPORT.pdf
2024-02-05,6,bulk_carriers,1,SSI PRIVILEGE,BC,63566.0,2019,Jinling Shipyard,TRIBULK,,30.30,,carriers_2024_W06_WK-6-24-CARRIERS_SP-MARKET-REPORT.pdf
2024-02-05,6,bulk_carriers,1,SSI SPLENDID,BC,63562.0,2019,Jinling Shipyard,TRIBULK,,30.30,,carriers_2024_W06_WK-6-24-CARRIERS_SP-MARKET-REPORT.pdf
2024-02-05,6,bulk_carriers,1,SOLAR AFRICA,BC,58064.0,2011,Tsuneishi Heavy Inds Cebu,GREEK,,17.50,,carriers_2024_W06_WK-6-24-CARRIERS_SP-MARKET-REPORT.pdf
2024-02-05,6,bulk_carriers,1,FLC HARMONY,BC,56788.0,2008,Jiangsu Hantong Ship HI,UNDISCLOSED,,9.70,,carriers_2024_W06_WK-6-24-CARRIERS_SP-MARKET-REPORT.pdf
2024-02-05,6,bulk_carriers,1,PEGASUS,BC,56726.0,2011,COSCO Guangdong Shipyard,UNDISCLOSED,,13.00,DD DUE,carriers_2024_W06_WK-6-24-CARRIERS_SP-MARKET-REPORT.pdf
2024-02-05,6,bulk_carriers,1,BAO JIA,BC,48913.0,1999,IHI - Tokyo,CHINESE,,5.30,,carriers_2024_W06_WK-6-24-CARRIERS_SP-MARKET-REPORT.pdf
2024-02-05,6,bulk_carriers,1,EVER HARMONY,BC,33532.0,2005,Shin Kurushima Onishi,UNDISCLOSED,,9.30,,carriers_2024_W06_WK-6-24-CARRIERS_SP-MARKET-REPORT.pdf
2024-02-05,6,bulk_carriers,1,ALLIANCE,BC,28460.0,1995,Kanda Kawajiri,UNDISCLOSED,,12.20,,carriers_2024_W06_WK-6-24-CARRIERS_SP-MARKET-REPORT.pdf
2024-02-05,6,bulk_carriers,1,GLORIOUS JUPITER,BC,26091.0,2013,Shin Kurushima Akitsu,UNDISCLOSED,,12.20,,carriers_2024_W06_WK-6-24-CARRIERS_SP-MARKET-REPORT.pdf
2024-02-05,6,tankers,1,MILTIADIS JUNIOR,TANKER,320926.0,2014,Shanghai Waigaoqiao Shbldg,UNDISCLOSED,,80.00,,carriers_2024_W06_WK-6-24-CARRIERS_SP-MARKET-REPORT.pdf
2024-02-05,6,tankers,1,FRONT ODIN,TANKER,156840.0,2010,Jiangsu Rongsheng,NGM ENERGY,,45.50,,carriers_2024_W06_WK-6-24-CARRIERS_SP-MARKET-REPORT.pdf
2024-02-05,6,tankers,1,ALITA I,TANKER,112118.0,2001,Hyundai Heavy Inds - Ulsan,UNDISCLOSED,,19.00,,carriers_2024_W06_WK-6-24-CARRIERS_SP-MARKET-REPORT.pdf
2024-02-05,6,tankers,1,KORO SEA,TANKER,105905.0,2008,Namura Shipbuilding - Imari,CHINESE,,39.00,,carriers_2024_W06_WK-6-24-CARRIERS_SP-MARKET-REPORT.pdf
2024-02-05,6,tankers,1,ST. PAULI,TANKER,49999.0,2017,Hyundai Mipo Dockyard Co Ltd,ARDMORE,,42.00,,carriers_2024_W06_WK-6-24-CARRIERS_SP-MARKET-REPORT.pdf
2024-02-05,6,tankers,1,BAHRI TULIP,TANKER,49000.0,2006,Daewoo Shipbuilding & Marine,UNDISCLOSED,,18.40,,carriers_2024_W06_WK-6-24-CARRIERS_SP-MARKET-REPORT.pdf
2024-02-05,6,tankers,1,FOS,TANKER,48673.0,2007,Iwagi Zosen Co Ltd,MIDDLE EASTERN,,22.50,,carriers_2024_W06_WK-6-24-CARRIERS_SP-MARKET-REPORT.pdf
2024-02-05,6,tankers,1,ESHIPS AGAMID,TANKER,13130.0,2006,Hyundai Mipo Dockyard Co Ltd,UNDISCLOSED,,9.10,,carriers_2024_W06_WK-6-24-CARRIERS_SP-MARKET-REPORT.pdf
2024-02-12,7,bulk_carriers,1,SOLAR PRIDE,BC,209471.0,2020,Shanghai Waigaoqiao Shbldg,65.00,65.0,UNDISCLOSED,,carriers_2024_W07_WK-7-24-CARRIERS_SP-MARKET-REPORT.pdf
2024-02-12,7,bulk_carriers,1,SOLAR QUANTUM,BC,209471.0,2020,Shanghai Waigaoqiao Shbldg,65.00,65.0,UNDISCLOSED,,carriers_2024_W07_WK-7-24-CARRIERS_SP-MARKET-REPORT.pdf
2024-02-12,7,bulk_carriers,1,SOLAR NOVA,BC,208892.0,2021,New Times Shipbuilding Co Ltd,66.00,66.0,CHINA,,carriers_2024_W07_WK-7-24-CARRIERS_SP-MARKET-REPORT.pdf
2024-02-12,7,bulk_carriers,1,SOLAR OAK,BC,208892.0,2021,New Times Shipbuilding Co Ltd,66.00,66.0,MERCHANTS,,carriers_2024_W07_WK-7-24-CARRIERS_SP-MARKET-REPORT.pdf
2024-02-12,7,bulk_carriers,1,KINOKAWA MARU,BC,181392.0,2013,Imabari Shbldg - Saijo,34.00,34.0,SEANERGY,SS 12/2025,carriers_2024_W07_WK-7-24-CARRIERS_SP-MARKET-REPORT.pdf
2024-02-12,7,bulk_carriers,1,XIN HANG,BC,178043.0,2010,Shanghai Jiangnan Changxing,26.50,26.5,UNDISCLOSED,,carriers_2024_W07_WK-7-24-CARRIERS_SP-MARKET-REPORT.pdf
2024-02-12,7,bulk_carriers,1,FPMC B 102,BC,104990.0,2011,STX Dalian Shipbuilding Co Ltd,16.50,16.5,UNDISCLOSED,SS 10/2025,carriers_2024_W07_WK-7-24-CARRIERS_SP-MARKET-REPORT.pdf
2024-02-12,7,bulk_carriers,1,AM POINT LISAS,BC,93238.0,2010,Jiangsu Newyangzi,13.70,13.7,UNDISCLOSED,,carriers_2024_W07_WK-7-24-CARRIERS_SP-MARKET-REPORT.pdf
2024-02-12,7,bulk_carriers,1,AM TUBARAO,BC,93225.0,2011,Jiangsu Newyangzi,14.90,14.9,UNDISCLOSED,,carriers_2024_W07_WK-7-24-CARRIERS_SP-MARKET-REPORT.pdf
2024-02-12,7,bulk_carriers,1,AM GHENT,BC,93168.0,2011,Jiangsu Newyangzi,15.20,15.2,UNDISCLOSED,,carriers_2024_W07_WK-7-24-CARRIERS_SP-MARKET-REPORT.pdf
2024-02-12,7,bulk_carriers,1,IONIC KATANA,BC,82936.0,2005,Tsuneishi Corp - Fukuyama,13.30,13.3,UNDISCLOSED,SS 11/2025,carriers_2024_W07_WK-7-24-CARRIERS_SP-MARKET-REPORT.pdf
2024-02-12,7,bulk_carriers,1,OCEAN VENUS,BC,61464.0,2012,Shin Kasado Dockyard Co Ltd,20.80,20.8,GREEK,,carriers_2024_W07_WK-7-24-CARRIERS_SP-MARKET-REPORT.pdf
2024-02-12,7,bulk_carriers,1,CMB CHIKAKO,BC,61299.0,2014,Shin Kasado Dockyard Co Ltd,24.50,24.5,GREEK,,carriers_2024_W07_WK-7-24-CARRIERS_SP-MARKET-REPORT.pdf
2024-02-12,7,bulk_carriers,1,SSI CHALLENGER,BC,56042.0,2004,Mitsui Tamano,10.70,10.7,CHINESE,,carriers_2024_W07_WK-7-24-CARRIERS_SP-MARKET-REPORT.pdf
2024-02-12,7,bulk_carriers,1,BEIJING VENTURE,BC,53600.0,2010,Chengxi Shipyard Jiangyin,11.00,11.0,UNDISCLOSED,,carriers_2024_W07_WK-7-24-CARRIERS_SP-MARKET-REPORT.pdf
2024-02-12,7,bulk_carriers,1,NORDIC MERCHANTS,BC,37205.0,2014,Yangzhou Guoyu Shipbuilding,15.00,15.0,UNDISCLOSED,,carriers_2024_W07_WK-7-24-CARRIERS_SP-MARKET-REPORT.pdf
2024-02-12,7,bulk_carriers,1,NORDIC BC MUNICH,BC,34827.0,2012,Jiangdong Shipyard,14.20,14.2,UNDISCLOSED,,carriers_2024_W07_WK-7-24-CARRIERS_SP-MARKET-REPORT.pdf
2024-02-12,7,tankers,1,TRF HORTEN,TANKER,297638.0,2018,HHIC-Phil Inc,102.00,102.0,CHINESE,,carriers_2024_W07_WK-7-24-CARRIERS_SP-MARKET-REPORT.pdf
2024-02-12,7,tankers,1,SKS DARENT,TANKER,119456.0,2011,Hyundai Samho HI,53.00,53.0,UNION,,carriers_2024_W07_WK-7-24-CARRIERS_SP-MARKET-REPORT.pdf
2024-02-12,7,tankers,1,SKS DRIVA,TANKER,119456.0,2010,Hyundai Samho HI,51.00,51.0,MARITIME,,carriers_2024_W07_WK-7-24-CARRIERS_SP-MARKET-REPORT.pdf
2024-02-12,7,tankers,1,AFRA ROSSI,TANKER,115829.0,2010,HHIC-Phil Inc,45.50,45.5,CHINESE,DD PASSED 12/2023,carriers_2024_W07_WK-7-24-CARRIERS_SP-MARKET-REPORT.pdf
2024-02-12,7,tankers,1,HANSA OSLO,TANKER,51215.0,2007,STX Shipbuilding - Jinhae,22.50,22.5,CHINESE,,carriers_2024_W07_WK-7-24-CARRIERS_SP-MARKET-REPORT.pdf
2024-02-12,7,tankers,1,FOS POWER,TANKER,47371.0,2007,Onomichi Dockyard Co Ltd,22.00,22.0,MIDDLE EASTERN,,carriers_2024_W07_WK-7-24-CARRIERS_SP-MARKET-REPORT.pdf
2024-02-12,7,tankers,1,TORM PLATTE,TANKER,46959.0,2006,Hyundai Mipo Dockyard Co Ltd,22.00,22.0,UNDISCLOSED,,carriers_2024_W07_WK-7-24-CARRIERS_SP-MARKET-REPORT.pdf
2024-02-12,7,tankers,1,SEA HELIOS,TANKER,45948.0,2004,Shin Kurushima Onishi,15.00,15.0,UNDISCLOSED,,carriers_2024_W07_WK-7-24-CARRIERS_SP-MARKET-REPORT.pdf
2024-02-12,7,tankers,1,CSC BRAVE,TANKER,45853.0,2007,Jinling Shipyard,19.30,19.3,UNDISCLOSED,,carriers_2024_W07_WK-7-24-CARRIERS_SP-MARKET-REPORT.pdf
2024-02-12,7,tankers,1,CHANG HANG FA XIAN,TANKER,45841.0,2006,Bohai Shipbuilding Heavy Ind,19.89,19.89,UNDISCLOSED,,carriers_2024_W07_WK-7-24-CARRIERS_SP-MARKET-REPORT.pdf
2024-02-12,7,tankers,1,CAPE CAMDEN,TANKER,37791.0,2009,Hyundai Mipo Dockyard Co Ltd,22.00,22.0,UNDISCLOSED,,carriers_2024_W07_WK-7-24-CARRIERS_SP-MARKET-REPORT.pdf
2024-02-12,7,tankers,1,CAPE CORFU,TANKER,37759.0,2009,Hyundai Mipo Dockyard Co Ltd,22.00,22.0,UNDISCLOSED,,carriers_2024_W07_WK-7-24-CARRIERS_SP-MARKET-REPORT.pdf
2024-02-12,7,tankers,1,PATARA,TANKER,16979.0,2007,Tuzla Gemi,13.50,13.5,UNDISCLOSED,,carriers_2024_W07_WK-7-24-CARRIERS_SP-MARKET-REPORT.pdf
2024-02-12,7,tankers,1,JM SUTERA 7,TANKER,8008.0,2009,Yangzhou Kejin Shipyard,HIGH 5.00,5.0,UNDISCLOSED,,carriers_2024_W07_WK-7-24-CARRIERS_SP-MARKET-REPORT.pdf
2024-02-12,7,tankers,1,JM SUTERA 8,TANKER,7159.0,2020,Muhibbah Marine Engineering,HIGH 5.00,5.0,UNDISCLOSED,,carriers_2024_W07_WK-7-24-CARRIERS_SP-MARKET-REPORT.pdf
2024-02-12,7,tankers,1,GOLAR MAZO,LPG,76210.0,2000,Mitsubishi Nagasaki,20.00,20.0,GREEK,AS IS – LAID UP,carriers_2024_W07_WK-7-24-CARRIERS_SP-MARKET-REPORT.pdf
2024-02-19,8,bulk_carriers,1,BULK SEOUL,BC,207992.0,2019,New Times Shipbuilding Co Ltd,127.00 EN BLOC,127.0,NEDA MARITIME,,carriers_2024_W08_WK-8-24-CARRIERS_SP-MARKET-REPORT.pdf
2024-02-19,8,bulk_carriers,1,BULK SHANGHAI,BC,207992.0,2019,New Times Shipbuilding Co Ltd,127.00 EN BLOC,127.0,NEDA MARITIME,,carriers_2024_W08_WK-8-24-CARRIERS_SP-MARKET-REPORT.pdf
2024-02-19,8,bulk_carriers,1,PANTAGRUEL,BC,180181.0,2004,Imabari Shbldg - Saijo,127.00 EN BLOC,127.0,UNDISCLOSED,,carriers_2024_W08_WK-8-24-CARRIERS_SP-MARKET-REPORT.pdf
2024-02-19,8,bulk_carriers,1,SAPIENTZA,BC,177736.0,2008,Shanghai Jiangnan Changxing,22.00,22.0,CHINESE,,carriers_2024_W08_WK-8-24-CARRIERS_SP-MARKET-REPORT.pdf
2024-02-19,8,bulk_carriers,1,GENCO MAXIMUS,BC,169021.0,2009,Sungdong Shipbuilding & Eng,-,,UNDISCLOSED,,carriers_2024_W08_WK-8-24-CARRIERS_SP-MARKET-REPORT.pdf
2024-02-19,8,bulk_carriers,1,GENCO CLAUDIUS,BC,169001.0,2010,Sungdong Shipbuilding & Eng,-,,UNDISCLOSED,,carriers_2024_W08_WK-8-24-CARRIERS_SP-MARKET-REPORT.pdf
2024-02-19,8,bulk_carriers,1,RISING LOONG,BC,91439.0,2002,Oshima Shipbuilding Co Ltd,10.70,10.7,UNDISCLOSED,,carriers_2024_W08_WK-8-24-CARRIERS_SP-MARKET-REPORT.pdf
2024-02-19,8,bulk_carriers,1,YASA FORTUNE,BC,82849.0,2006,Tsuneishi Corp - Fukuyama,12.70,12.7,CHINESE,,carriers_2024_W08_WK-8-24-CARRIERS_SP-MARKET-REPORT.pdf
2024-02-19,8,bulk_carriers,1,VINCENT TRADER,BC,81567.0,2019,Jiangsu Hantong Ship HI,31.00,31.0,CHINESE,SS DUE 7/2024,carriers_2024_W08_WK-8-24-CARRIERS_SP-MARKET-REPORT.pdf
2024-02-19,8,bulk_carriers,1,W-GALAXY,BC,76629.0,2006,Imabari Shbldg - Marugame,12.90,12.9,CHINESE,,carriers_2024_W08_WK-8-24-CARRIERS_SP-MARKET-REPORT.pdf
2024-02-19,8,bulk_carriers,1,MARITSA,BC,76015.0,2005,Tsuneishi Corp - Fukuyama,12.20,12.2,CHINESE,,carriers_2024_W08_WK-8-24-CARRIERS_SP-MARKET-REPORT.pdf
2024-02-19,8,bulk_carriers,1,SANTA JOHANNA,BC,61255.0,2017,Shin Kurushima Toyohashi,30.00,30.0,UNDISCLOSED,,carriers_2024_W08_WK-8-24-CARRIERS_SP-MARKET-REPORT.pdf
2024-02-19,8,bulk_carriers,1,SEAMEC NIDHI,BC,56755.0,2010,Taizhou Kouan Shipbuilding Co,10.80,10.8,UNDISCLOSED,,carriers_2024_W08_WK-8-24-CARRIERS_SP-MARKET-REPORT.pdf
2024-02-19,8,bulk_carriers,1,STAR DORADO,BC,56507.0,2013,Jiangsu Hantong Ship HI,16.50,16.5,UNDISCLOSED,,carriers_2024_W08_WK-8-24-CARRIERS_SP-MARKET-REPORT.pdf
2024-02-19,8,bulk_carriers,1,MELIA 1,BC,55612.0,2011,Mitsui Tamano,17.80,17.8,UNDISCLOSED,,carriers_2024_W08_WK-8-24-CARRIERS_SP-MARKET-REPORT.pdf
2024-02-19,8,bulk_carriers,1,SUPER HENRY,BC,55430.0,2008,Kawasaki Shipbuilding - Kobe,15.00,15.0,UNDISCLOSED,,carriers_2024_W08_WK-8-24-CARRIERS_SP-MARKET-REPORT.pdf
2024-02-19,8,bulk_carriers,1,MAESTRO SAPPHIRE,BC,39830.0,2020,Saiki Heavy Industries Co Ltd,28.00,28.0,DEVBULK,,carriers_2024_W08_WK-8-24-CARRIERS_SP-MARKET-REPORT.pdf
2024-02-19,8,bulk_carriers,1,PAUL BAY,BC,38330.0,2016,Yangzhou Guoyu Shipbuilding,22.00,22.0,UNDISCLOSED,OHBS,carriers_2024_W08_WK-8-24-CARRIERS_SP-MARKET-REPORT.pdf
2024-02-19,8,bulk_carriers,1,JAKOB SELMER,BC,34954.0,2011,Samjin Shipbuilding Industries,12.00,12.0,GREEK,,carriers_2024_W08_WK-8-24-CARRIERS_SP-MARKET-REPORT.pdf
2024-02-19,8,bulk_carriers,1,ECO SPLENDOR,BC,38302.0,2013,Naikai Zosen Corp - Innoshima,18.20,18.2,TURKISH,BBHP,carriers_2024_W08_WK-8-24-CARRIERS_SP-MARKET-REPORT.pdf
2024-02-19,8,bulk_carriers,1,LAGO DI LUGANO,BC,32271.0,2008,Kanda Kawajiri,10.50,10.5,UNDISCLOSED,,carriers_2024_W08_WK-8-24-CARRIERS_SP-MARKET-REPORT.pdf
2024-02-19,8,bulk_carriers,1,LUCKY GLORY,BC,32256.0,2007,Kanda Kawajiri,10.50,10.5,UNDISCLOSED,,carriers_2024_W08_WK-8-24-CARRIERS_SP-MARKET-REPORT.pdf
2024-02-19,8,tankers,1,NAVE SPHERICAL,TANKER,297572.0,2009,Shanghai Jiangnan Changxing,53.90,53.9,UNDISCLOSED,SS DUE 5/2024,carriers_2024_W08_WK-8-24-CARRIERS_SP-MARKET-REPORT.pdf
2024-02-19,8,tankers,1,JULIA A,TANKER,165293.0,2003,Hyundai Samho HI,-,,TURKISH,,carriers_2024_W08_WK-8-24-CARRIERS_SP-MARKET-REPORT.pdf
2024-02-19,8,tankers,1,RAPTOR,TANKER,159395.0,2007,Universal Shbldg - Ariake,46.00,46.0,CHINESE,,carriers_2024_W08_WK-8-24-CARRIERS_SP-MARKET-REPORT.pdf
2024-02-19,8,tankers,1,MTM COLORADO,TANKER,51319.0,2004,STX Shipbuilding - Jinhae,15.20,15.2,CHINESE,SS DUE 5/2024,carriers_2024_W08_WK-8-24-CARRIERS_SP-MARKET-REPORT.pdf
2024-02-19,8,tankers,1,GH PARKS,TANKER,50096.0,2009,SPP Plant & Shipbuilding Co,25.00,25.0,UNDISCLOSED,SS/DD DUE,carriers_2024_W08_WK-8-24-CARRIERS_SP-MARKET-REPORT.pdf
2024-02-19,8,tankers,1,ARDMORE SEAFARER,TANKER,50093.0,2010,Onomichi Dockyard Co Ltd,27.00,27.0,GREAT EASTERN,,carriers_2024_W08_WK-8-24-CARRIERS_SP-MARKET-REPORT.pdf
2024-02-19,8,tankers,1,DONG-A TRITON,TANKER,49997.0,2015,Hyundai Mipo Dockyard Co Ltd,37.50,37.5,GREEK,,carriers_2024_W08_WK-8-24-CARRIERS_SP-MARKET-REPORT.pdf
2024-02-19,8,tankers,1,LEON HERMES,TANKER,40165.0,2008,SLS Shipbuilding Co Ltd,23.00,23.0,UNDISCLOSED,,carriers_2024_W08_WK-8-24-CARRIERS_SP-MARKET-REPORT.pdf
2024-02-19,8,tankers,1,BEATRICE,TANKER,25932.0,2013,Asakawa,29.00,29.0,DM SHIPPING,,carriers_2024_W08_WK-8-24-CARRIERS_SP-MARKET-REPORT.pdf
2024-02-26,9,bulk_carriers,1,PACIFIC ASSURANCE,BC,207842.0,2014,Imabari Shbldg - Saijo,48.50,48.5,UNDISCLOSED,,carriers_2024_W09_WK-9-24-CARRIERS_SP-MARKET-REPORT.pdf
2024-02-26,9,bulk_carriers,1,TRUE CARTIER,BC,181380.0,2014,Imabari Shbldg – Hiros,40.90,40.9,UNDISCLOSED,SS due 7/2024,carriers_2024_W09_WK-9-24-CARRIERS_SP-MARKET-REPORT.pdf
2024-02-26,9,bulk_carriers,1,SEALINK,BC,180116.0,2010,Daehan Shipbuilding Co Ltd - Hwawon,31.00,31.0,UNDISCLOSED,,carriers_2024_W09_WK-9-24-CARRIERS_SP-MARKET-REPORT.pdf
2024-02-26,9,bulk_carriers,1,HOUSTON,BC,177729.0,2009,Shanghai Jiangnan Changxing,23.40,23.4,CHINESE,SS/DD due 10/2024,carriers_2024_W09_WK-9-24-CARRIERS_SP-MARKET-REPORT.pdf
2024-02-26,9,bulk_carriers,1,STAR AUDREY,BC,175125.0,2011,New Times Shipbuilding Co Ltd,27.50,27.5,GREEK,,carriers_2024_W09_WK-9-24-CARRIERS_SP-MARKET-REPORT.pdf
2024-02-26,9,bulk_carriers,1,CMB POMEROL,BC,95731.0,2012,New Times Shipbuilding Co Ltd,21.00,21.0,SAMOS STEAMSHIP,,carriers_2024_W09_WK-9-24-CARRIERS_SP-MARKET-REPORT.pdf
2024-02-26,9,bulk_carriers,1,CONRAD OLDENDORFF,BC,93039.0,2010,Taizhou Kouan Shipbuilding Co Ltd,16.50,16.5,GREEK,,carriers_2024_W09_WK-9-24-CARRIERS_SP-MARKET-REPORT.pdf
2024-02-26,9,bulk_carriers,1,THE PROSPERITY,BC,81922.0,2017,Tsuneishi Group (Zhoushan) Shipbuilding Inc,31.70,31.7,EUROPEAN,,carriers_2024_W09_WK-9-24-CARRIERS_SP-MARKET-REPORT.pdf
2024-02-26,9,bulk_carriers,1,MAGIC NEBULA,BC,80282.0,2010,STX Offshre & Shbldg,16.20,16.2,GREEK,,carriers_2024_W09_WK-9-24-CARRIERS_SP-MARKET-REPORT.pdf
2024-02-26,9,bulk_carriers,1,ZHONG XIN PEARL,BC,75321.0,2013,Guangzhou Huangpu Shipbuilding Co Ltd,17.20,17.2,GREEK,,carriers_2024_W09_WK-9-24-CARRIERS_SP-MARKET-REPORT.pdf
2024-02-26,9,bulk_carriers,1,DARYA PADMA,BC,60935.0,2015,JAPAN MARINE UTD,28.95,28.95,GREEK,,carriers_2024_W09_WK-9-24-CARRIERS_SP-MARKET-REPORT.pdf
2024-02-26,9,bulk_carriers,1,PACIFIC INTEGRITY,BC,56100.0,2013,Mitsui Eng. & SB. Co. Ltd. - Tamano,20.50,20.5,UNDISCLOSED,,carriers_2024_W09_WK-9-24-CARRIERS_SP-MARKET-REPORT.pdf
2024-02-26,9,bulk_carriers,1,INTERLINK AMENITY,BC,39989.0,2018,Huatai Heavy Industry (Nantong) Co Ltd,25.25,25.25,PRECIOUS SHIPPING,including balance of tc till max 7/2024 at @109% of BHSI38,carriers_2024_W09_WK-9-24-CARRIERS_SP-MARKET-REPORT.pdf
2024-02-26,9,tankers,1,ECO SEAS,TANKER,299998.0,2016,Daewoo Shipbuilding & Marine Engineering Co Ltd,98.00,98.0,UNDISCLOSED,,carriers_2024_W09_WK-9-24-CARRIERS_SP-MARKET-REPORT.pdf
2024-02-26,9,tankers,1,SAINT ALBANS BAY,TANKER,49900.0,2015,SPP SHIPBUILDING,,,,,carriers_2024_W09_WK-9-24-CARRIERS_SP-MARKET-REPORT.pdf
2024-02-26,9,tankers,1,LAFAYETTE BAY,TANKER,49900.0,2015,SPP SHIPBUILDING,,,,,carriers_2024_W09_WK-9-24-CARRIERS_SP-MARKET-REPORT.pdf
2024-02-26,9,tankers,1,JENNINGS BAY,TANKER,49900.0,2015,SPP SHIPBUILDING,,,,,carriers_2024_W09_WK-9-24-CARRIERS_SP-MARKET-REPORT.pdf
2024-02-26,9,tankers,1,HARRISON BAY,TANKER,49900.0,2015,SPP SHIPBUILDING,238.00 enbloc,238.0,INTERLINK SEAWAYS,,carriers_2024_W09_WK-9-24-CARRIERS_SP-MARKET-REPORT.pdf
2024-02-26,9,tankers,1,EXCELSIOR BAY,TANKER,49900.0,2014,SPP SHIPBUILDING,,,,,carriers_2024_W09_WK-9-24-CARRIERS_SP-MARKET-REPORT.pdf
2024-02-26,9,tankers,1,CRYSTAL BAY,TANKER,49900.0,2014,SPP SHIPBUILDING,,,,,carriers_2024_W09_WK-9-24-CARRIERS_SP-MARKET-REPORT.pdf
2024-02-26,9,tankers,1,SHOGUN,TANKER,44485.0,2002,Hyundai Mipo Dockyard Co Ltd,13.80,13.8,UNDISCLOSED,,carriers_2024_W09_WK-9-24-CARRIERS_SP-MARKET-REPORT.pdf
2024-02-26,9,containers,1,ALS CLIVIA,CV,51570.0,2010,Hyundai Samho Heavy Industries Co Ltd,20.50,20.5,ITALIAN,"4,400 TEU",carriers_2024_W09_WK-9-24-CARRIERS_SP-MARKET-REPORT.pdf
2024-03-04,10,bulk_carriers,1,SHIN KORYU,BC,207991.0,2009,Universal Shbldg - Tsu,34.00,34.0,WINNING SHIPPING,,carriers_2024_W10_WK-10-24-CARRIERS_SP-MARKET-REPORT.pdf
2024-03-04,10,bulk_carriers,1,MOUNT CARMEL,BC,177003.0,2007,Namura Shipbuilding Co Ltd,25.00,25.0,CHINESE,,carriers_2024_W10_WK-10-24-CARRIERS_SP-MARKET-REPORT.pdf
2024-03-04,10,bulk_carriers,1,MINERAL GENT,BC,175181.0,2011,New Times Shipbuilding Co Ltd,26.25,26.25,GOLDENPORT,,carriers_2024_W10_WK-10-24-CARRIERS_SP-MARKET-REPORT.pdf
2024-03-04,10,bulk_carriers,1,MINERAL BRUGGE,BC,175155.0,2011,New Times Shipbuilding Co Ltd,26.00,26.0,UNDISCLOSED,,carriers_2024_W10_WK-10-24-CARRIERS_SP-MARKET-REPORT.pdf
2024-03-04,10,bulk_carriers,1,CASTILLO DE VALVERDE,BC,173764.0,2005,Bohai Shipbuilding Heavy Ind,15.00,15.0,UNDISCLOSED,,carriers_2024_W10_WK-10-24-CARRIERS_SP-MARKET-REPORT.pdf
2024-03-04,10,bulk_carriers,1,GRAND RADIANT,BC,82298.0,2021,Jiangsu Yangzi-Mitsui SB,38.00,38.0,KASSIAN,,carriers_2024_W10_WK-10-24-CARRIERS_SP-MARKET-REPORT.pdf
2024-03-04,10,bulk_carriers,1,AQUAVITA SOL,BC,81541.0,2020,Jiangsu Hantong,35.50,35.5,EUROPEAN,,carriers_2024_W10_WK-10-24-CARRIERS_SP-MARKET-REPORT.pdf
2024-03-04,10,bulk_carriers,1,ANGELINA,BC,74540.0,2001,Daewoo Shipbuilding & Marine,6.90,6.9,UNDISCLOSED,,carriers_2024_W10_WK-10-24-CARRIERS_SP-MARKET-REPORT.pdf
2024-03-04,10,bulk_carriers,1,EAUBONNE,BC,63308.0,2014,Sainty Shipbuilding Yangzhou,23.00,23.0,GREEK,,carriers_2024_W10_WK-10-24-CARRIERS_SP-MARKET-REPORT.pdf
2024-03-04,10,bulk_carriers,1,ZEYNO,BC,63064.0,2014,Yangzhou Dayang Shipbuilding,22.30,22.3,EUROPEAN,,carriers_2024_W10_WK-10-24-CARRIERS_SP-MARKET-REPORT.pdf
2024-03-04,10,bulk_carriers,1,ANDROS ISLAND,BC,63008.0,2016,ZHEJIANG SHBLDG - FENG,26.50,26.5,GREEK,,carriers_2024_W10_WK-10-24-CARRIERS_SP-MARKET-REPORT.pdf
2024-03-04,10,bulk_carriers,1,SYROS ISLAND,BC,63008.0,2015,ZHEJIANG SHBLDG - FENG,25.50,25.5,GREEK,,carriers_2024_W10_WK-10-24-CARRIERS_SP-MARKET-REPORT.pdf
2024-03-04,10,bulk_carriers,1,ANDROMEDA,BC,61501.0,2011,Oshima Shipbuilding Co Ltd,21.00,21.0,TURKISH,,carriers_2024_W10_WK-10-24-CARRIERS_SP-MARKET-REPORT.pdf
2024-03-04,10,bulk_carriers,1,ASL FORTUNE,BC,58096.0,2012,Tsuneishi Heavy Inds Cebu,19.30,19.3,UNDISCLOSED,,carriers_2024_W10_WK-10-24-CARRIERS_SP-MARKET-REPORT.pdf
2024-03-04,10,bulk_carriers,1,PARADISE ISLAND,BC,57835.0,2014,Tsuneishi Heavy Inds Cebu,21.90,21.9,UNDISCLOSED,,carriers_2024_W10_WK-10-24-CARRIERS_SP-MARKET-REPORT.pdf
2024-03-04,10,bulk_carriers,1,V RICH,BC,56546.0,2014,Jiangsu Hantong Ship HI,18.50,18.5,UNDISCLOSED,,carriers_2024_W10_WK-10-24-CARRIERS_SP-MARKET-REPORT.pdf
2024-03-04,10,bulk_carriers,1,KONRAD SCHULTE,BC,55621.0,2010,Mitsui Tamano,16.00,16.0,UNDISCLOSED,,carriers_2024_W10_WK-10-24-CARRIERS_SP-MARKET-REPORT.pdf
2024-03-04,10,bulk_carriers,1,NUEVA FORTUNA,BC,50992.0,2003,Oshima Shipbuilding Co Ltd,9.00,9.0,UNDISCLOSED,,carriers_2024_W10_WK-10-24-CARRIERS_SP-MARKET-REPORT.pdf
2024-03-04,10,bulk_carriers,1,LIANGCHOW,BC,39685.0,2015,Zhejiang Ouhua Shipbuilding,20.50,20.5,UNDISCLOSED,,carriers_2024_W10_WK-10-24-CARRIERS_SP-MARKET-REPORT.pdf
2024-03-04,10,bulk_carriers,1,LINTAN,BC,39641.0,2015,Zhejiang Ouhua Shipbuilding,20.50,20.5,UNDISCLOSED,,carriers_2024_W10_WK-10-24-CARRIERS_SP-MARKET-REPORT.pdf
2024-03-04,10,bulk_carriers,1,AUSTRALIAN BULKER,BC,36228.0,2017,Shikoku Dockyard,24.00,24.0,UNDISCLOSED,,carriers_2024_W10_WK-10-24-CARRIERS_SP-MARKET-REPORT.pdf
2024-03-04,10,bulk_carriers,1,YELLOW SEA,BC,35238.0,2012,Nantong Changqingsha,11.50,11.5,UNDISCLOSED,,carriers_2024_W10_WK-10-24-CARRIERS_SP-MARKET-REPORT.pdf
2024-03-04,10,bulk_carriers,1,PAN KRISTINE,BC,33303.0,2011,Nantong Huigang Shipbuilding,10.50,10.5,UNDISCLOSED,,carriers_2024_W10_WK-10-24-CARRIERS_SP-MARKET-REPORT.pdf
2024-03-04,10,bulk_carriers,1,IVS IBIS,BC,28238.0,2012,Imabari Shbldg - Imabari,11.70,11.7,UNDISCLOSED,,carriers_2024_W10_WK-10-24-CARRIERS_SP-MARKET-REPORT.pdf
2024-03-04,10,tankers,1,CLIPPER HELEN,LPG,18110.0,2007,NEPTUN WERFT GMBH,32.00,32.0,UNDISCLOSED,,carriers_2024_W10_WK-10-24-CARRIERS_SP-MARKET-REPORT.pdf
2024-03-04,10,tankers,1,DL LILY,LPG,4999.0,2011,SHITANOE SHIPBUILDING,11.00,11.0,KOREAN,,carriers_2024_W10_WK-10-24-CARRIERS_SP-MARKET-REPORT.pdf
2024-03-04,10,tankers,1,STI BRONX,TANKER,49990.0,2015,SPP SHIPBUILDING - SAC,39.00,39.0,CHINESE,,carriers_2024_W10_WK-10-24-CARRIERS_SP-MARKET-REPORT.pdf
2024-03-04,10,tankers,1,STI BROOKLYN,TANKER,49990.0,2015,SPP SHIPBUILDING - GOS,39.00,39.0,CHINESE,,carriers_2024_W10_WK-10-24-CARRIERS_SP-MARKET-REPORT.pdf
2024-03-04,10,tankers,1,STI GRAMERCY,TANKER,49990.0,2015,SPP SHIPBUILDING - SAC,39.00,39.0,CHINESE,,carriers_2024_W10_WK-10-24-CARRIERS_SP-MARKET-REPORT.pdf
2024-03-04,10,tankers,1,STI MANHATTAN,TANKER,49990.0,2015,SPP SHIPBUILDING - GOS,39.00,39.0,CHINESE,,carriers_2024_W10_WK-10-24-CARRIERS_SP-MARKET-REPORT.pdf
2024-03-04,10,tankers,1,STI QUEENS,TANKER,49990.0,2015,SPP SHIPBUILDING - GOS,39.00,39.0,CHINESE,,carriers_2024_W10_WK-10-24-CARRIERS_SP-MARKET-REPORT.pdf
2024-03-04,10,tankers,1,VULCANO M,TANKER,21297.0,2004,Vulcano Factorias SA,12.40,12.4,UNDISCLOSED,,carriers_2024_W10_WK-10-24-CARRIERS_SP-MARKET-REPORT.pdf
2024-03-04,10,tankers,1,NQ ACACIA,TANKER,19801.0,2016,Ningbo Xinle Shipbuilding,28.00,28.0,ESHIPS,,carriers_2024_W10_WK-10-24-CARRIERS_SP-MARKET-REPORT.pdf
2024-03-04,10,tankers,1,CHEM ALYA,TANKER,17055.0,2009,Ningbo Xinle Shipbuilding,15.50,15.5,UNDISCLOSED,SS/DD PASSED,carriers_2024_W10_WK-10-24-CARRIERS_SP-MARKET-REPORT.pdf
2024-03-11,11,bulk_carriers,1,EPIC,BC,180149.0,2010,Daehan Shipbuilding - Haenam,32.40,32.4,GREEK,,carriers_2024_W11_WK-11-24-CARRIERS_SP-MARKET-REPORT.pdf
2024-03-11,11,bulk_carriers,1,CASTILLO DE CATOIRA,BC,173587.0,2005,Bohai Shipbuilding Heavy Ind,17.00,17.0,UNDISCLOSED,,carriers_2024_W11_WK-11-24-CARRIERS_SP-MARKET-REPORT.pdf
2024-03-11,11,bulk_carriers,1,PANAYIOTA K,BC,92018.0,2010,Sungdong Shipbuilding & Eng,20.45,20.45,UNDISCLOSED,,carriers_2024_W11_WK-11-24-CARRIERS_SP-MARKET-REPORT.pdf
2024-03-11,11,bulk_carriers,1,SANKO HAWKING,BC,82514.0,2021,TSUNEISHI SHBLDG - FKY,41.50,41.5,UNDISCLOSED,,carriers_2024_W11_WK-11-24-CARRIERS_SP-MARKET-REPORT.pdf
2024-03-11,11,bulk_carriers,1,YING HAO 02,BC,75700.0,2012,Guangzhou Huangpu,16.50,16.5,UNDISCLOSED,,carriers_2024_W11_WK-11-24-CARRIERS_SP-MARKET-REPORT.pdf
2024-03-11,11,bulk_carriers,1,PARASKEVI 2,BC,74979.0,2011,Sasebo Heavy Industries,20.30,20.3,UNDISCLOSED,,carriers_2024_W11_WK-11-24-CARRIERS_SP-MARKET-REPORT.pdf
2024-03-11,11,bulk_carriers,1,VITAHORIZON,BC,74483.0,2007,Hudong-Zhonghua,12.50,12.5,UNDISCLOSED,,carriers_2024_W11_WK-11-24-CARRIERS_SP-MARKET-REPORT.pdf
2024-03-11,11,bulk_carriers,1,STAR PYXIS,BC,56615.0,2013,Jiangsu Hantong Ship HI,17.50,17.5,GREEK,,carriers_2024_W11_WK-11-24-CARRIERS_SP-MARKET-REPORT.pdf
2024-03-11,11,bulk_carriers,1,GANT MUSE,BC,56024.0,2004,Mitsui Tamano,XS 11.00,11.0,UNDISCLOSED,,carriers_2024_W11_WK-11-24-CARRIERS_SP-MARKET-REPORT.pdf
2024-03-11,11,bulk_carriers,1,AULAC VANGUARD,BC,55848.0,2012,IHI Marine United - Yokohama,18.90,18.9,UNDISCLOSED,,carriers_2024_W11_WK-11-24-CARRIERS_SP-MARKET-REPORT.pdf
2024-03-11,11,bulk_carriers,1,PACIFIC TAMARITA,BC,52292.0,2001,Tsuneishi Heavy Inds Cebu,8.20,8.2,CHINESE,,carriers_2024_W11_WK-11-24-CARRIERS_SP-MARKET-REPORT.pdf
2024-03-11,11,bulk_carriers,1,WESTERN LONDON,BC,39260.0,2015,Jiangmen Nanyang Ship Eng,18.50,18.5,EUROPEAN,,carriers_2024_W11_WK-11-24-CARRIERS_SP-MARKET-REPORT.pdf
2024-03-11,11,bulk_carriers,1,WESTERN PANAMA,BC,39000.0,2015,Jiangmen Nanyang Ship Eng,18.50,18.5,VEGA BULK,,carriers_2024_W11_WK-11-24-CARRIERS_SP-MARKET-REPORT.pdf
2024-03-11,11,bulk_carriers,1,UBC TAMPICO,BC,37821.0,2004,Saiki Heavy Industries Co Ltd,9.00,9.0,CHINESE,OHBS,carriers_2024_W11_WK-11-24-CARRIERS_SP-MARKET-REPORT.pdf
2024-03-11,11,bulk_carriers,1,WHITE SEA,BC,35248.0,2012,Nantong Changqingsha,11.60,11.6,UNDISCLOSED,,carriers_2024_W11_WK-11-24-CARRIERS_SP-MARKET-REPORT.pdf
2024-03-11,11,bulk_carriers,1,IRIS SKY,BC,28725.0,2008,Imabari Shbldg - Imabari,9.50,9.5,UNDISCLOSED,,carriers_2024_W11_WK-11-24-CARRIERS_SP-MARKET-REPORT.pdf
2024-03-11,11,bulk_carriers,1,OCCITAN SKY,BC,27001.0,2004,New Century Shipbuilding Co,6.20,6.2,UNDISCLOSED,,carriers_2024_W11_WK-11-24-CARRIERS_SP-MARKET-REPORT.pdf
2024-03-11,11,tankers,1,C. VISION,TANKER,314000.0,2004,Samsung Heavy Inds - Geoje,33.50,33.5,UNDISCLOSED,SS DUE 6/2024,carriers_2024_W11_WK-11-24-CARRIERS_SP-MARKET-REPORT.pdf
2024-03-11,11,tankers,1,KARVOUNIS,TANKER,156229.0,2013,Sumitomo Heavy Marine Yokosuka,67.80,67.8,TURKISH,,carriers_2024_W11_WK-11-24-CARRIERS_SP-MARKET-REPORT.pdf
2024-03-11,11,tankers,1,SEA HAZEL,TANKER,106085.0,2004,Tsuneishi Corp - Tadotsu,29.00,29.0,UNDISCLOSED,SS/DD PASSED,carriers_2024_W11_WK-11-24-CARRIERS_SP-MARKET-REPORT.pdf
2024-03-18,12,bulk_carriers,1,ORANGE TIARA,BC,181396.0,2012,Koyo Dockyard Co Ltd,35.00,35.0,UNDISCLOSED,,carriers_2024_W12_WK-12-24-CARRIERS_SP-MARKET-REPORT.pdf
2024-03-18,12,bulk_carriers,1,PENELOPE T,BC,180201.0,2007,Koyo Dockyard Co Ltd,23.80,23.8,UNDISCLOSED,,carriers_2024_W12_WK-12-24-CARRIERS_SP-MARKET-REPORT.pdf
2024-03-18,12,bulk_carriers,1,MARIA G.O.,BC,87378.0,2011,Hudong-Zhonghua,17.00,17.0,UNDISCLOSED,,carriers_2024_W12_WK-12-24-CARRIERS_SP-MARKET-REPORT.pdf
2024-03-18,12,bulk_carriers,1,KEY GUARDIAN,BC,83468.0,2011,Sanoyas Hishino Meisho Corp,23.70,23.7,UNDISCLOSED,,carriers_2024_W12_WK-12-24-CARRIERS_SP-MARKET-REPORT.pdf
2024-03-18,12,bulk_carriers,1,THETIS,BC,57981.0,2013,ZHEJIANG SHBLDG - FENG,17.50,17.5,UNDISCLOSED,,carriers_2024_W12_WK-12-24-CARRIERS_SP-MARKET-REPORT.pdf
2024-03-18,12,bulk_carriers,1,SIFNOS,BC,57050.0,2010,COSCO Zhoushan Shipyard Co,13.90,13.9,CHINESE,,carriers_2024_W12_WK-12-24-CARRIERS_SP-MARKET-REPORT.pdf
2024-03-18,12,bulk_carriers,1,JIU HENG,BC,56956.0,2011,Taizhou Sanfu Ship,13.00,13.0,UNDISCLOSED,,carriers_2024_W12_WK-12-24-CARRIERS_SP-MARKET-REPORT.pdf
2024-03-18,12,bulk_carriers,1,HONY WORLD,BC,56716.0,2012,Xiamen Shipbuilding Industry,14.70,14.7,UNDISCLOSED,,carriers_2024_W12_WK-12-24-CARRIERS_SP-MARKET-REPORT.pdf
2024-03-18,12,bulk_carriers,1,NZ HANGZHOU,BC,56709.0,2012,Qingshan Shipyard,-,,GREEK,,carriers_2024_W12_WK-12-24-CARRIERS_SP-MARKET-REPORT.pdf
2024-03-18,12,bulk_carriers,1,STRAITS BAY,BC,55840.0,2007,Kawasaki Shipbuilding - Kobe,14.00,14.0,UNDISCLOSED,,carriers_2024_W12_WK-12-24-CARRIERS_SP-MARKET-REPORT.pdf
2024-03-18,12,bulk_carriers,1,QUEEN BUSAN,BC,55474.0,2010,Kawasaki Shipbuilding - Kobe,17.20,17.2,GREEK,,carriers_2024_W12_WK-12-24-CARRIERS_SP-MARKET-REPORT.pdf
2024-03-18,12,bulk_carriers,1,BBC PLUTO,BC,37495.0,2010,Tianjin Xingang Shipbuilding,11.60,11.6,TURKISH,,carriers_2024_W12_WK-12-24-CARRIERS_SP-MARKET-REPORT.pdf
2024-03-18,12,bulk_carriers,1,RUI FU XING,BC,37064.0,2012,Hyundai Mipo Dockyard Co Ltd,16.70,16.7,UNDISCLOSED,,carriers_2024_W12_WK-12-24-CARRIERS_SP-MARKET-REPORT.pdf
2024-03-18,12,bulk_carriers,1,OMNIA,BC,36787.0,2011,Hyundai Mipo Dockyard Co Ltd,15.20,15.2,GREEK,,carriers_2024_W12_WK-12-24-CARRIERS_SP-MARKET-REPORT.pdf
2024-03-18,12,bulk_carriers,1,ASIAN BULKER,BC,36228.0,2017,Shikoku Dockyard,24.00,24.0,UNDISCLOSED,,carriers_2024_W12_WK-12-24-CARRIERS_SP-MARKET-REPORT.pdf
2024-03-18,12,bulk_carriers,1,RIN TREASURE,BC,28338.0,2009,Imabari Shbldg - Imabari,9.30,9.3,UNDISCLOSED,,carriers_2024_W12_WK-12-24-CARRIERS_SP-MARKET-REPORT.pdf
2024-03-18,12,tankers,1,ACHELOUS,TANKER,299868.0,2004,IHI Marine United - Kure,30.00,30.0,UNDISCLOSED,,carriers_2024_W12_WK-12-24-CARRIERS_SP-MARKET-REPORT.pdf
2024-03-18,12,tankers,1,SELIGER,TANKER,115126.0,2009,Sasebo Heavy Industries,46.00,46.0,CHINESE,,carriers_2024_W12_WK-12-24-CARRIERS_SP-MARKET-REPORT.pdf
2024-03-18,12,tankers,1,ALPINE AQUALINA,TANKER,105304.0,2011,Hyundai Heavy Inds - Ulsan,45.50,45.5,UNDISCLOSED,,carriers_2024_W12_WK-12-24-CARRIERS_SP-MARKET-REPORT.pdf
2024-03-18,12,tankers,1,HANSA BERGEN,TANKER,51218.0,2007,STX Shipbuilding - Jinhae,22.20,22.2,UNDISCLOSED,,carriers_2024_W12_WK-12-24-CARRIERS_SP-MARKET-REPORT.pdf
2024-03-18,12,tankers,1,PACIFIC JEWEL,TANKER,48012.0,2009,Iwagi Zosen Co Ltd,23.70,23.7,UNDISCLOSED,,carriers_2024_W12_WK-12-24-CARRIERS_SP-MARKET-REPORT.pdf
2024-03-18,12,tankers,1,GLENDA MELODY,TANKER,47238.0,2011,Hyundai Mipo Dockyard Co Ltd,27.50,27.5,UNDISCLOSED,,carriers_2024_W12_WK-12-24-CARRIERS_SP-MARKET-REPORT.pdf
2024-03-18,12,tankers,1,GLENDA MELANIE,TANKER,47162.0,2010,Hyundai Mipo Dockyard Co Ltd,27.40,27.4,UNDISCLOSED,,carriers_2024_W12_WK-12-24-CARRIERS_SP-MARKET-REPORT.pdf
2024-03-25,13,bulk_carriers,1,ATLANTIC TIGER,BC,209338.0,2020,Shanghai Waigaoqiao Shbldg,71.00,71.0,KOREAN,,carriers_2024_W13_WK-13-24-CARRIERS_SP-MARKET-REPORT.pdf
2024-03-25,13,bulk_carriers,1,ATLANTIC LION,BC,209205.0,2020,Shanghai Waigaoqiao Shbldg,71.00,71.0,KOREAN,,carriers_2024_W13_WK-13-24-CARRIERS_SP-MARKET-REPORT.pdf
2024-03-25,13,bulk_carriers,1,ATLANTIC DRAGON,BC,209170.0,2020,Shanghai Waigaoqiao Shbldg,71.00,71.0,KOREAN,,carriers_2024_W13_WK-13-24-CARRIERS_SP-MARKET-REPORT.pdf
2024-03-25,13,bulk_carriers,1,STERLING TORA,BC,79474.0,2010,JINHAI HEAVY INDUSTRY,14.25,14.25,UNDISCLOSED,,carriers_2024_W13_WK-13-24-CARRIERS_SP-MARKET-REPORT.pdf
2024-03-25,13,bulk_carriers,1,XI LONG 18,BC,79235.0,2013,Jiangsu Eastern Heavy Industry,17.20,17.2,CHINESE,,carriers_2024_W13_WK-13-24-CARRIERS_SP-MARKET-REPORT.pdf
2024-03-25,13,bulk_carriers,1,XING JI HAI,BC,77171.0,2009,Oshima Shipbuilding Co Ltd,17.50,17.5,GREEK,,carriers_2024_W13_WK-13-24-CARRIERS_SP-MARKET-REPORT.pdf
2024-03-25,13,bulk_carriers,1,NEFELI,BC,76759.0,2004,Sasebo Heavy Industries,11.20,11.2,UNDISCLOSED,,carriers_2024_W13_WK-13-24-CARRIERS_SP-MARKET-REPORT.pdf
2024-03-25,13,bulk_carriers,1,CHANG SHAN HAI,BC,56838.0,2010,COSCO Dalian Shipyard Co Ltd,13.75,13.75,GREEK,,carriers_2024_W13_WK-13-24-CARRIERS_SP-MARKET-REPORT.pdf
2024-03-25,13,bulk_carriers,1,ARKADIA,BC,56348.0,2012,Hyundai-Vinashin Shipyard Co,37.10 EN BLOC,37.1,TURKISH,,carriers_2024_W13_WK-13-24-CARRIERS_SP-MARKET-REPORT.pdf
2024-03-25,13,bulk_carriers,1,KUMPULA,BC,56348.0,2012,Hyundai-Vinashin Shipyard Co,37.10 EN BLOC,37.1,TURKISH,,carriers_2024_W13_WK-13-24-CARRIERS_SP-MARKET-REPORT.pdf
2024-03-25,13,bulk_carriers,1,DESERT UNITY,BC,54043.0,2006,Kouan Shipbuilding Industry,10.00,10.0,UNDISCLOSED,,carriers_2024_W13_WK-13-24-CARRIERS_SP-MARKET-REPORT.pdf
2024-03-25,13,bulk_carriers,1,NEW LEGEND PEARL,BC,32688.0,2010,Jiangmen Nanyang Ship Eng,10.20,10.2,UNDISCLOSED,,carriers_2024_W13_WK-13-24-CARRIERS_SP-MARKET-REPORT.pdf
2024-03-25,13,tankers,1,NECTAR,TANKER,307284.0,2008,Dalian Shipbuilding Ind - No 2,49.70,49.7,ASIAN,,carriers_2024_W13_WK-13-24-CARRIERS_SP-MARKET-REPORT.pdf
2024-03-25,13,tankers,1,NEWTON,TANKER,307284.0,2009,Dalian Shipbuilding Ind - No 2,53.50,53.5,ASIAN,,carriers_2024_W13_WK-13-24-CARRIERS_SP-MARKET-REPORT.pdf
2024-03-25,13,tankers,1,NOBLE,TANKER,307284.0,2008,Dalian Shipbuilding Ind - No 2,51.70,51.7,ASIAN,,carriers_2024_W13_WK-13-24-CARRIERS_SP-MARKET-REPORT.pdf
2024-03-25,13,tankers,1,NEW TIMES 0311541,TANKER,115000.0,2024,New Times Shipbuilding Co Ltd,,,,,carriers_2024_W13_WK-13-24-CARRIERS_SP-MARKET-REPORT.pdf
2024-03-25,13,tankers,1,NEW TIMES 0311542,TANKER,115000.0,2024,New Times Shipbuilding Co Ltd,76.60,76.6,SFL GROUP,,carriers_2024_W13_WK-13-24-CARRIERS_SP-MARKET-REPORT.pdf
2024-03-25,13,tankers,1,NEW TIMES 0311543,TANKER,115000.0,2025,New Times Shipbuilding Co Ltd,EACH,,,,carriers_2024_W13_WK-13-24-CARRIERS_SP-MARKET-REPORT.pdf
2024-03-25,13,tankers,1,STI LARVOTTO,TANKER,49990.0,2013,Hyundai Mipo Dockyard Co Ltd,36.60,36.6,GULF ENERGY,,carriers_2024_W13_WK-13-24-CARRIERS_SP-MARKET-REPORT.pdf
2024-03-25,13,tankers,1,STI LE ROCHER,TANKER,49990.0,2013,Hyundai Mipo Dockyard Co Ltd,EACH,,MARITIME,,carriers_2024_W13_WK-13-24-CARRIERS_SP-MARKET-REPORT.pdf
2024-03-25,13,tankers,1,MTM ST JEAN,TANKER,34528.0,2003,Shin Kurushima Onishi,18.00,18.0,CHINESE,ST.STEEL,carriers_2024_W13_WK-13-24-CARRIERS_SP-MARKET-REPORT.pdf
2024-03-25,13,tankers,1,VESTHOLMEN,TANKER,17525.0,2009,Samho Shipbuilding Co Ltd,15.00,15.0,UNDISCLOSED,MARINE LINE,carriers_2024_W13_WK-13-24-CARRIERS_SP-MARKET-REPORT.pdf
2024-03-25,13,containers,1,LYON II,CV,77946.0,2001,Hanjin HI & Const - Busan,40.00 EN BLOC,40.0,MSC,"6,627 TEU",carriers_2024_W13_WK-13-24-CARRIERS_SP-MARKET-REPORT.pdf
2024-03-25,13,containers,1,PARIS II,CV,77941.0,2001,Hanjin HI & Const - Busan,40.00 EN BLOC,40.0,MSC,"6,627 TEU",carriers_2024_W13_WK-13-24-CARRIERS_SP-MARKET-REPORT.pdf
2024-04-01,14,bulk_carriers,1,NORD SEAL,BC,57631.0,2016,TSUNEISHI SHBLDG - FKY,27.75,27.75,UNDISCLOSED,,carriers_2024_W14_WK-14-24-CARRIERS_SP-MARKET-REPORT.pdf
2024-04-01,14,bulk_carriers,1,SIDER HARMONY,BC,38593.0,2019,Tsuneishi Heavy Inds Cebu,28.50,28.5,MIDDLE EASTERN,SS/DD PASSED,carriers_2024_W14_WK-14-24-CARRIERS_SP-MARKET-REPORT.pdf
2024-04-01,14,bulk_carriers,1,SUNSET,BC,37334.0,2009,Saiki Heavy Industries Co Ltd,15.00,15.0,UNDISCLOSED,,carriers_2024_W14_WK-14-24-CARRIERS_SP-MARKET-REPORT.pdf
2024-04-01,14,bulk_carriers,1,SUNRISE,BC,37268.0,2009,Saiki Heavy Industries Co Ltd,15.00,15.0,UNDISCLOSED,,carriers_2024_W14_WK-14-24-CARRIERS_SP-MARKET-REPORT.pdf
2024-04-01,14,bulk_carriers,1,ST. PETER,BC,32688.0,2009,Jiangmen Nanyang Ship Eng,10.40,10.4,UNDISCLOSED,,carriers_2024_W14_WK-14-24-CARRIERS_SP-MARKET-REPORT.pdf
2024-04-01,14,bulk_carriers,1,GLOBAL SERENITY,BC,32313.0,2008,Kanda Kawajiri,12.10,12.1,GREEK,,carriers_2024_W14_WK-14-24-CARRIERS_SP-MARKET-REPORT.pdf
2024-04-01,14,bulk_carriers,1,CONDOR HAMBURG,BC,31796.0,2012,Fujian Mawei Shipbuilding Ltd,11.65,11.65,UNDISCLOSED,,carriers_2024_W14_WK-14-24-CARRIERS_SP-MARKET-REPORT.pdf
2024-04-01,14,bulk_carriers,1,BOSHI 56,BC,28520.0,2000,Imabari Shbldg - Imabari,6.00,6.0,UNDISCLOSED,,carriers_2024_W14_WK-14-24-CARRIERS_SP-MARKET-REPORT.pdf
2024-04-01,14,bulk_carriers,1,KATYA ATK,BC,28467.0,2009,Imabari Shbldg - Imabari,9.00,9.0,UNDISCLOSED,,carriers_2024_W14_WK-14-24-CARRIERS_SP-MARKET-REPORT.pdf
2024-04-01,14,bulk_carriers,1,MARGARET SW,BC,25010.0,2012,Kanasashi HI - Shizuoka,13.00,13.0,UNDISCLOSED,,carriers_2024_W14_WK-14-24-CARRIERS_SP-MARKET-REPORT.pdf
2024-04-01,14,tankers,1,AURVIKEN,TANKER,112802.0,2019,Samsung Heavy Inds - Geoje,73.00,73.0,UNDISCLOSED,,carriers_2024_W14_WK-14-24-CARRIERS_SP-MARKET-REPORT.pdf
2024-04-01,14,tankers,1,UOG SPARTA,TANKER,49999.0,2009,SPP Plant & Shipbuilding Co,24.35,24.35,UNDISCLOSED,,carriers_2024_W14_WK-14-24-CARRIERS_SP-MARKET-REPORT.pdf
2024-04-01,14,tankers,1,HIGH PROSPERITY,TANKER,48711.0,2006,Iwagi Zosen Co Ltd,19.25,19.25,SINNGAPORE,,carriers_2024_W14_WK-14-24-CARRIERS_SP-MARKET-REPORT.pdf
2024-04-01,14,tankers,1,TRF MONGSTAD,TANKER,37596.0,2016,Hyundai Mipo Dockyard Co Ltd,36.50,36.5,UNDISCLOSED,,carriers_2024_W14_WK-14-24-CARRIERS_SP-MARKET-REPORT.pdf
2024-04-01,14,tankers,1,TRF MOSS,TANKER,37596.0,2016,Hyundai Mipo Dockyard Co Ltd,36.50,36.5,UNDISCLOSED,,carriers_2024_W14_WK-14-24-CARRIERS_SP-MARKET-REPORT.pdf
2024-04-01,14,tankers,1,STENA CRYSTAL SKY,LNG,96889.0,2011,Daewoo Shipbuilding & Marine,-,,BW LNG,INCL T/C,carriers_2024_W14_WK-14-24-CARRIERS_SP-MARKET-REPORT.pdf
2024-04-01,14,tankers,1,STENA CLEAR SKY,LNG,96811.0,2011,Daewoo Shipbuilding & Marine,-,,BW LNG,INCL T/C,carriers_2024_W14_WK-14-24-CARRIERS_SP-MARKET-REPORT.pdf
2024-04-01,14,containers,1,NAVIOS SPRING,CV,42806.0,2007,Hyundai Mipo Dockyard Co Ltd,17.00,17.0,GREEK,"3,450 TEU",carriers_2024_W14_WK-14-24-CARRIERS_SP-MARKET-REPORT.pdf
2024-04-08,15,bulk_carriers,1,HL HARMONY,BC,179655.0,2015,Dalian Shipbuilding Ind - No 2,43.00,43.0,UNDISCLOSED,INCL TCB,carriers_2024_W15_WK-15-24-CARRIERS_SP-MARKET-REPORT.pdf
2024-04-08,15,bulk_carriers,1,FEDERICO II,BC,92330.0,2009,Oshima Shipbuilding Co Ltd,19.60,19.6,CHINESE,,carriers_2024_W15_WK-15-24-CARRIERS_SP-MARKET-REPORT.pdf
2024-04-08,15,bulk_carriers,1,SCARLET ISLAND,BC,81842.0,2014,Tsuneishi Heavy Inds Cebu,29.00,29.0,GREEK,,carriers_2024_W15_WK-15-24-CARRIERS_SP-MARKET-REPORT.pdf
2024-04-08,15,bulk_carriers,1,NEW CHAMP,BC,66529.0,2018,Mitsui Tamano,33.00,33.0,MEGHNA,,carriers_2024_W15_WK-15-24-CARRIERS_SP-MARKET-REPORT.pdf
2024-04-08,15,bulk_carriers,1,ARIES SUMIRE,BC,64276.0,2020,Shin Kurushima Onishi,36.30,36.3,UNDISCLOSED,,carriers_2024_W15_WK-15-24-CARRIERS_SP-MARKET-REPORT.pdf
2024-04-08,15,bulk_carriers,1,WORLD ROYAL,BC,61201.0,2022,DALIAN COSCO KHI SHIP,35.00,35.0,UNDISCLOSED,,carriers_2024_W15_WK-15-24-CARRIERS_SP-MARKET-REPORT.pdf
2024-04-08,15,bulk_carriers,1,DAIDAN MUSTIKAWATI,BC,55765.0,2005,Kawasaki Shipbuilding - Kobe,11.00,11.0,CHINESE,,carriers_2024_W15_WK-15-24-CARRIERS_SP-MARKET-REPORT.pdf
2024-04-08,15,bulk_carriers,1,WIKANDA NAREE,BC,53857.0,2013,Hindustan,13.70,13.7,CHINESE,,carriers_2024_W15_WK-15-24-CARRIERS_SP-MARKET-REPORT.pdf
2024-04-08,15,bulk_carriers,1,ATLANTIC PRISM,BC,39172.0,2019,Shin Kurushima Toyohashi,28.50,28.5,UNDISCLOSED,,carriers_2024_W15_WK-15-24-CARRIERS_SP-MARKET-REPORT.pdf
2024-04-08,15,bulk_carriers,1,SUSANOO HARMONY,BC,37140.0,2020,Saiki Heavy Industries Co Ltd,29.50,29.5,UNDISCLOSED,,carriers_2024_W15_WK-15-24-CARRIERS_SP-MARKET-REPORT.pdf
2024-04-08,15,bulk_carriers,1,DRAGONERA,BC,35732.0,2011,Qidong Daoda Marine Heavy,14.00,14.0,GREEK,,carriers_2024_W15_WK-15-24-CARRIERS_SP-MARKET-REPORT.pdf
2024-04-08,15,bulk_carriers,1,NARUTO STRAIT,BC,34391.0,2016,Namura Shipbuilding - Imari,20.50,20.5,GREEK,,carriers_2024_W15_WK-15-24-CARRIERS_SP-MARKET-REPORT.pdf
2024-04-08,15,tankers,1,CALYPSO,TANKER,111930.0,2021,Sumitomo Heavy Marine,79.00,79.0,GNMTC,,carriers_2024_W15_WK-15-24-CARRIERS_SP-MARKET-REPORT.pdf
2024-04-08,15,tankers,1,MINERVA HELEN,TANKER,103643.0,2004,Samsung Heavy Inds - Geoje,30.35,30.35,CHINESE,,carriers_2024_W15_WK-15-24-CARRIERS_SP-MARKET-REPORT.pdf
2024-04-08,15,tankers,1,AVON,TANKER,49999.0,2019,Hyundai Mipo Dockyard Co Ltd,45.50,45.5,U.S.,,carriers_2024_W15_WK-15-24-CARRIERS_SP-MARKET-REPORT.pdf
2024-04-08,15,tankers,1,JAG PAHEL,TANKER,46319.0,2004,Hanjin HI & Const - Busan,14.85,14.85,UNDISCLOSED,,carriers_2024_W15_WK-15-24-CARRIERS_SP-MARKET-REPORT.pdf
2024-04-08,15,tankers,1,SAN CARLOS,TANKER,37258.0,2007,Hyundai Mipo Dockyard Co Ltd,20.50,20.5,TURKISH,,carriers_2024_W15_WK-15-24-CARRIERS_SP-MARKET-REPORT.pdf
2024-04-08,15,tankers,1,LIVARDEN,TANKER,19951.0,2007,Fukuoka Shipbuilding - Fukuoka,18.00,18.0,FOCUS SHIPPING,,carriers_2024_W15_WK-15-24-CARRIERS_SP-MARKET-REPORT.pdf
2024-04-08,15,tankers,1,GAS GLORIA,VLGC,49999.0,2001,Mitsubishi Nagasaki,43.50,43.5,UNDISCLOSED,,carriers_2024_W15_WK-15-24-CARRIERS_SP-MARKET-REPORT.pdf
2024-04-08,15,containers,1,BUXCOAST,CV,79559.0,2001,Daewoo Shipbuilding & Marine,22.50,22.5,UNDISCLOSED,6712 TEU,carriers_2024_W15_WK-15-24-CARRIERS_SP-MARKET-REPORT.pdf
2024-04-08,15,containers,1,ODYSSEUS,CV,39420.0,2006,Hyundai Mipo Dockyard Co Ltd,16.00,16.0,MSC,2824 TEU,carriers_2024_W15_WK-15-24-CARRIERS_SP-MARKET-REPORT.pdf
2024-04-22,16,bulk_carriers,1,FRONTIER UNITY,BC,181415.0,2012,Koyo Dockyard,35.00,35.0,UNDISCLOSED,SS 12/2025,carriers_2024_W16_WK-1617-24-CARRIERS_SP-MARKET-REPORT.pdf
2024-04-22,16,bulk_carriers,1,STAR PAOLA,BC,115259.0,2011,New Times Shipyard,23.50,23.5,UNDISCLOSED,,carriers_2024_W16_WK-1617-24-CARRIERS_SP-MARKET-REPORT.pdf
2024-04-22,16,bulk_carriers,1,LOWLANDS RISE,BC,95711.0,2013,Imabari,26.00,26.0,UNDISCLOSED,,carriers_2024_W16_WK-1617-24-CARRIERS_SP-MARKET-REPORT.pdf
2024-04-22,16,bulk_carriers,1,FEDERAL ISLAND,BC,63452.0,2017,Tadotsu Shipyard,32.65,32.65,TURKISH,,carriers_2024_W16_WK-1617-24-CARRIERS_SP-MARKET-REPORT.pdf
2024-04-22,16,bulk_carriers,1,ARCHAGELOS MICHAEL,BC,58015.0,2010,Yangzhou Dayang Shipbuilding,13.80,13.8,ITALIAN,,carriers_2024_W16_WK-1617-24-CARRIERS_SP-MARKET-REPORT.pdf
2024-04-22,16,bulk_carriers,1,YI LONG SHAN,BC,56637.0,2013,China Shipping Industy,15.00,15.0,UNDISCLOSED,,carriers_2024_W16_WK-1617-24-CARRIERS_SP-MARKET-REPORT.pdf
2024-04-22,16,bulk_carriers,1,WU GUI SHAN,BC,56625.0,2013,China Shipping Industy,15.00,15.0,UNDISCLOSED,,carriers_2024_W16_WK-1617-24-CARRIERS_SP-MARKET-REPORT.pdf
2024-04-22,16,bulk_carriers,1,FU QUAN SHAN,BC,56621.0,2013,China Shipping Industy,15.00,15.0,UNDISCLOSED,,carriers_2024_W16_WK-1617-24-CARRIERS_SP-MARKET-REPORT.pdf
2024-04-22,16,bulk_carriers,1,TAI PING SHAN,BC,56607.0,2011,China Shipping Industy,11.00,11.0,UNDISCLOSED,,carriers_2024_W16_WK-1617-24-CARRIERS_SP-MARKET-REPORT.pdf
2024-04-22,16,bulk_carriers,1,DAYANG ORIENT,BC,56380.0,2011,Jiangdong Shipyard,12.60,12.6,UNDISCLOSED,,carriers_2024_W16_WK-1617-24-CARRIERS_SP-MARKET-REPORT.pdf
2024-04-22,16,bulk_carriers,1,CROWNED EAGLE,BC,55940.0,2008,IHI,16.50,16.5,UNDISCLOSED,,carriers_2024_W16_WK-1617-24-CARRIERS_SP-MARKET-REPORT.pdf
2024-04-22,16,bulk_carriers,1,ECOOCEAN,BC,55636.0,2011,Mitsui,18.20,18.2,GRAHAM SHIPPING,,carriers_2024_W16_WK-1617-24-CARRIERS_SP-MARKET-REPORT.pdf
2024-04-22,16,bulk_carriers,1,AMIRA MIRO,BC,55598.0,2012,Mitsui,18.90,18.9,BRAVE MARITIME,,carriers_2024_W16_WK-1617-24-CARRIERS_SP-MARKET-REPORT.pdf
2024-04-22,16,bulk_carriers,1,VALOVINE,BC,52000.0,2016,Uljanik,17.00,17.0,TST GROUP,,carriers_2024_W16_WK-1617-24-CARRIERS_SP-MARKET-REPORT.pdf
2024-04-22,16,bulk_carriers,1,ATLANTIC LAUREL,BC,33271.0,2012,Hakodate Dockyard,15.50,15.5,GREEK,,carriers_2024_W16_WK-1617-24-CARRIERS_SP-MARKET-REPORT.pdf
2024-04-22,16,bulk_carriers,1,LAGO DI LUGANO,BC,32271.0,2008,Kanda,11.40,11.4,UNDISCLOSED,,carriers_2024_W16_WK-1617-24-CARRIERS_SP-MARKET-REPORT.pdf
2024-04-22,16,bulk_carriers,1,CONDOR HAMBURG,BC,31796.0,2012,Fujian Mawei Shipbuilding,11.60,11.6,UNDISCLOSED,,carriers_2024_W16_WK-1617-24-CARRIERS_SP-MARKET-REPORT.pdf
2024-04-22,16,tankers,1,AEOLIAN ANGEL,TANKER,159092.0,2004,Hyundai HI,30.50,30.5,UAE,,carriers_2024_W16_WK-1617-24-CARRIERS_SP-MARKET-REPORT.pdf
2024-04-22,16,tankers,1,GSTAAD GRACE II,TANKER,113021.0,2009,New Times Shipyard,41.00,41.0,CHINESE,,carriers_2024_W16_WK-1617-24-CARRIERS_SP-MARKET-REPORT.pdf
2024-04-22,16,tankers,1,AFRAGOLD,TANKER,112871.0,2009,New Times Shipyard,41.00,41.0,CHINESE,,carriers_2024_W16_WK-1617-24-CARRIERS_SP-MARKET-REPORT.pdf
2024-04-22,16,tankers,1,PS TOKYO,TANKER,46547.0,2009,Naikai Zhosen Corp,23.90,23.9,GREEK,SS/DD 7/2024,carriers_2024_W16_WK-1617-24-CARRIERS_SP-MARKET-REPORT.pdf
2024-04-22,16,tankers,1,SKARVEN,TANKER,33624.0,2009,Kitanihon,29.00,29.0,TAIHUA SHIPPING,,carriers_2024_W16_WK-1617-24-CARRIERS_SP-MARKET-REPORT.pdf
2024-04-22,16,tankers,1,CHEM JUPITER,TANKER,19814.0,2008,Kitanihon,19.50,19.5,UNDISCLOSED,,carriers_2024_W16_WK-1617-24-CARRIERS_SP-MARKET-REPORT.pdf
2024-04-22,16,containers,1,EM ASTORIA,CV,35881.0,2004,Gdynia Stocznia,10.00,10.0,UNDISCLOSED,2754 TEU,carriers_2024_W16_WK-1617-24-CARRIERS_SP-MARKET-REPORT.pdf
2024-04-29,18,bulk_carriers,1,NEWMAX,BC,203067.0,2012,Bohai Shipbuilding Heavy Ind,38.00,38.0,PIONEER SHIPPING,,carriers_2024_W18_WK-18-24-CARRIERS_SP-MARKET-REPORT.pdf
2024-04-29,18,bulk_carriers,1,CAPE KALLIA,BC,203027.0,2012,Bohai Shipbuilding Heavy Ind,38.00,38.0,PIONEER SHIPPING,,carriers_2024_W18_WK-18-24-CARRIERS_SP-MARKET-REPORT.pdf
2024-04-29,18,bulk_carriers,1,LOWLANDS PROSPERITY,BC,179895.0,2012,HHIC-Phil Inc,30.00,30.0,UNDISCLOSED,,carriers_2024_W18_WK-18-24-CARRIERS_SP-MARKET-REPORT.pdf
2024-04-29,18,bulk_carriers,1,HENG SHAN,BC,174145.0,2007,Shanghai Waigaoqiao Shbldg,21.75,21.75,UNDISCLOSED,,carriers_2024_W18_WK-18-24-CARRIERS_SP-MARKET-REPORT.pdf
2024-04-29,18,bulk_carriers,1,P MELIS,BC,171448.0,2003,Hyundai Heavy Inds - Ulsan,-,,CHINESE,,carriers_2024_W18_WK-18-24-CARRIERS_SP-MARKET-REPORT.pdf
2024-04-29,18,bulk_carriers,1,CUMA,BC,83007.0,2006,Tsuneishi Corp - Tadotsu,15.00,15.0,UNDISCLOSED,,carriers_2024_W18_WK-18-24-CARRIERS_SP-MARKET-REPORT.pdf
2024-04-29,18,bulk_carriers,1,LOWLANDS SAGE,BC,82577.0,2021,TSUNEISHI SHBLDG - FKY,39.20,39.2,UNDISCLOSED,,carriers_2024_W18_WK-18-24-CARRIERS_SP-MARKET-REPORT.pdf
2024-04-29,18,bulk_carriers,1,ASL YANGPU,BC,76015.0,2002,Tsuneishi Shbldg - Fkym - earl,9.10,9.1,UNDISCLOSED,,carriers_2024_W18_WK-18-24-CARRIERS_SP-MARKET-REPORT.pdf
2024-04-29,18,bulk_carriers,1,ULTRA ROCANVILLE,BC,61683.0,2012,Oshima Shipbuilding Co Ltd,22.50,22.5,TURKISH,,carriers_2024_W18_WK-18-24-CARRIERS_SP-MARKET-REPORT.pdf
2024-04-29,18,bulk_carriers,1,NAVIOS CELESTIAL,BC,58063.0,2009,Tsuneishi Zhoushan Shbldg,15.00,15.0,UNDISCLOSED,,carriers_2024_W18_WK-18-24-CARRIERS_SP-MARKET-REPORT.pdf
2024-04-29,18,bulk_carriers,1,NAVIOS CHRISTINE B,BC,58058.0,2009,Tsuneishi Zhoushan Shbldg,15.00,15.0,UNDISCLOSED,,carriers_2024_W18_WK-18-24-CARRIERS_SP-MARKET-REPORT.pdf
2024-04-29,18,bulk_carriers,1,GILLINGHAM,BC,58000.0,2010,Yangzhou Dayang Shipbuilding,13.80,13.8,UNDISCLOSED,,carriers_2024_W18_WK-18-24-CARRIERS_SP-MARKET-REPORT.pdf
2024-04-29,18,bulk_carriers,1,SHOU CHEN SHAN,BC,56621.0,2013,China Shipping Ind Jiangsu,15.20,15.2,CHINESE,,carriers_2024_W18_WK-18-24-CARRIERS_SP-MARKET-REPORT.pdf
2024-04-29,18,bulk_carriers,1,TAIKOO BRILLIANCE,BC,37786.0,2015,Imabari Shbldg - Imabari,20.80,20.8,TURKISH,,carriers_2024_W18_WK-18-24-CARRIERS_SP-MARKET-REPORT.pdf
2024-04-29,18,bulk_carriers,1,CARLOTA BOLTEN,BC,37489.0,2015,Yangzhou Guoyu Shipbuilding,18.80,18.8,GREEK,,carriers_2024_W18_WK-18-24-CARRIERS_SP-MARKET-REPORT.pdf
2024-04-29,18,bulk_carriers,1,GLOBAL STRIKER,BC,32976.0,2013,Hakodate Dock - Hakodate,14.50,14.5,GREEK,,carriers_2024_W18_WK-18-24-CARRIERS_SP-MARKET-REPORT.pdf
2024-04-29,18,tankers,1,FRONT LOKI,TANKER,156642.0,2010,Jiangsu Rongsheng,47.00,47.0,NORWEGIAN,,carriers_2024_W18_WK-18-24-CARRIERS_SP-MARKET-REPORT.pdf
2024-04-29,18,tankers,1,CLARET PRINCE,TANKER,109005.0,2010,Hudong-Zhonghua,43.50,43.5,CHINESE,,carriers_2024_W18_WK-18-24-CARRIERS_SP-MARKET-REPORT.pdf
2024-04-29,18,tankers,1,SONA STAR,TANKER,105483.0,2003,Sumitomo Heavy Marine,27.50,27.5,UNDISCLOSED,,carriers_2024_W18_WK-18-24-CARRIERS_SP-MARKET-REPORT.pdf
2024-04-29,18,tankers,1,SEAWAYS NIAGARA,TANKER,51257.0,2008,STX Shipbuilding - Jinhae,25.00,25.0,MIDDLE EASTERN,,carriers_2024_W18_WK-18-24-CARRIERS_SP-MARKET-REPORT.pdf
2024-04-29,18,tankers,1,SEAWAYS NANTUCKET,TANKER,51225.0,2008,STX Shipbuilding - Jinhae,25.00,25.0,MIDDLE EASTERN,,carriers_2024_W18_WK-18-24-CARRIERS_SP-MARKET-REPORT.pdf
2024-04-29,18,tankers,1,DAI MINH,TANKER,47148.0,2004,Onomichi Dockyard Co Ltd,15.00,15.0,UNDISCLOSED,,carriers_2024_W18_WK-18-24-CARRIERS_SP-MARKET-REPORT.pdf
2024-04-29,18,tankers,1,GOLD TRADER III,TANKER,33338.0,2023,Nantong Xiangyu Shipbuilding,114.00 EN BLOC,114.0,SFL,INCL 8 YR TC,carriers_2024_W18_WK-18-24-CARRIERS_SP-MARKET-REPORT.pdf
2024-04-29,18,tankers,1,GOLD TRADER II,TANKER,33324.0,2022,Nantong Xiangyu Shipbuilding,114.00 EN BLOC,114.0,CORPORATION,STOLT NIELSEN,carriers_2024_W18_WK-18-24-CARRIERS_SP-MARKET-REPORT.pdf
2024-04-29,18,tankers,1,TRF KOBE,TANKER,19997.0,2016,Kitanihon,32.00,32.0,UNDISCLOSED,,carriers_2024_W18_WK-18-24-CARRIERS_SP-MARKET-REPORT.pdf
2024-04-29,18,tankers,1,TRF KRISTIANSAND,TANKER,19996.0,2016,Kitanihon,32.00,32.0,UNDISCLOSED,,carriers_2024_W18_WK-18-24-CARRIERS_SP-MARKET-REPORT.pdf
2024-04-29,18,tankers,1,IVORY RAY,TANKER,19991.0,2011,Fukuoka Shipbuilding,24.90,24.9,UNDISCLOSED,,carriers_2024_W18_WK-18-24-CARRIERS_SP-MARKET-REPORT.pdf
2024-05-13,19,bulk_carriers,1,URJA,BC,180694.0,2013,Tsuneishi Heavy Inds Cebu,38.10,38.1,HAYFIN,,carriers_2024_W19_WK-1920-24-CARRIERS_SP-MARKET-REPORT.pdf
2024-05-13,19,bulk_carriers,1,CORINTHIAN PHOENIX,BC,179223.0,2009,Hyundai Heavy Inds - Ulsan,29.00,29.0,HAYFIN,,carriers_2024_W19_WK-1920-24-CARRIERS_SP-MARKET-REPORT.pdf
2024-05-13,19,bulk_carriers,1,HAITI,BC,174766.0,2004,Shanghai Waigaoqiao Shbldg,15.00,15.0,JIANGSU STEAMSHIP,,carriers_2024_W19_WK-1920-24-CARRIERS_SP-MARKET-REPORT.pdf
2024-05-13,19,bulk_carriers,1,ASL URANUS,BC,82372.0,2008,Oshima Shipbuilding Co Ltd,17.00,17.0,UNDISCLOSED,,carriers_2024_W19_WK-1920-24-CARRIERS_SP-MARKET-REPORT.pdf
2024-05-13,19,bulk_carriers,1,VALIANT SUMMER,BC,81920.0,2016,Tsuneishi Zhoushan Shbldg,32.50,32.5,BLUMENTHAL,,carriers_2024_W19_WK-1920-24-CARRIERS_SP-MARKET-REPORT.pdf
2024-05-13,19,bulk_carriers,1,CHAILEASE GLORY,BC,76633.0,2003,Imabari Shbldg - Marugame,11.00,11.0,UNDISCLOSED,,carriers_2024_W19_WK-1920-24-CARRIERS_SP-MARKET-REPORT.pdf
2024-05-13,19,bulk_carriers,1,DONG JIANG YOU,BC,75265.0,1999,Fincantieri Stabia,7.00,7.0,UNDISCLOSED,,carriers_2024_W19_WK-1920-24-CARRIERS_SP-MARKET-REPORT.pdf
2024-05-13,19,bulk_carriers,1,AC SHANGHAI,BC,75211.0,2001,Samho Heavy Industries Co,8.00,8.0,UNDISCLOSED,,carriers_2024_W19_WK-1920-24-CARRIERS_SP-MARKET-REPORT.pdf
2024-05-13,19,bulk_carriers,1,MAGIC VELA,BC,75200.0,2011,Penglai Zhongbai Jinglu Ind,16.50,16.5,TURKISH,,carriers_2024_W19_WK-1920-24-CARRIERS_SP-MARKET-REPORT.pdf
2024-05-13,19,bulk_carriers,1,FLORENTINE OETKER,BC,63490.0,2017,Imabari Shbldg - Imabari,33.00,33.0,INCE DENIZCILIK,,carriers_2024_W19_WK-1920-24-CARRIERS_SP-MARKET-REPORT.pdf
2024-05-13,19,bulk_carriers,1,AUGUST OLDENDORFF,BC,61090.0,2015,JAPAN MARINE UTD - KUR,32.00,32.0,UNDISCLOSED,,carriers_2024_W19_WK-1920-24-CARRIERS_SP-MARKET-REPORT.pdf
2024-05-13,19,bulk_carriers,1,PACIFIC HONOR,BC,58912.0,2011,Kawasaki HI - Kobe - curr,19.50,19.5,UNDISCLOSED,,carriers_2024_W19_WK-1920-24-CARRIERS_SP-MARKET-REPORT.pdf
2024-05-13,19,bulk_carriers,1,BELFRIEND,BC,57679.0,2016,Tsuneishi Heavy Inds Cebu,28.30,28.3,PANGAEA LOGISTICS,,carriers_2024_W19_WK-1920-24-CARRIERS_SP-MARKET-REPORT.pdf
2024-05-13,19,bulk_carriers,1,BELTIDE,BC,57679.0,2016,Tsuneishi Heavy Inds Cebu,28.30,28.3,PANGAEA LOGISTICS,,carriers_2024_W19_WK-1920-24-CARRIERS_SP-MARKET-REPORT.pdf
2024-05-13,19,bulk_carriers,1,DELTA AVON,BC,56897.0,2012,COSCO Guangdong Shipyard,14.30,14.3,CHINESE,,carriers_2024_W19_WK-1920-24-CARRIERS_SP-MARKET-REPORT.pdf
2024-05-13,19,bulk_carriers,1,CHEVAL BLANC,BC,56732.0,2009,Jiangsu Hantong Ship HI,11.50,11.5,UNDISCLOSED,,carriers_2024_W19_WK-1920-24-CARRIERS_SP-MARKET-REPORT.pdf
2024-05-13,19,bulk_carriers,1,SUPER BERGKAMP,BC,55651.0,2009,Mitsui Chiba Ichihara,15.50,15.5,GREEK,,carriers_2024_W19_WK-1920-24-CARRIERS_SP-MARKET-REPORT.pdf
2024-05-13,19,bulk_carriers,1,SIBULK TRADITION,BC,53206.0,2008,Iwagi Zosen Co Ltd,14.00,14.0,MIDDLE EASTERN,,carriers_2024_W19_WK-1920-24-CARRIERS_SP-MARKET-REPORT.pdf
2024-05-13,19,bulk_carriers,1,CRYSTAL OCEAN,BC,48913.0,1999,IHI - Tokyo,5.40,5.4,CHINESE,,carriers_2024_W19_WK-1920-24-CARRIERS_SP-MARKET-REPORT.pdf
2024-05-13,19,bulk_carriers,1,LAGO DI LUGANO,BC,32271.0,2008,Kanda Kawajiri,11.40,11.4,UNDISCLOSED,,carriers_2024_W19_WK-1920-24-CARRIERS_SP-MARKET-REPORT.pdf
2024-05-13,19,bulk_carriers,1,ADMIRALTY SPIRIT,BC,32263.0,2004,Saiki Heavy Industries Co Ltd,8.00,8.0,UNDISCLOSED,,carriers_2024_W19_WK-1920-24-CARRIERS_SP-MARKET-REPORT.pdf
2024-05-13,19,tankers,1,PHOEBE,TANKER,311110.0,2005,Mitsui Chiba Ichihara,40.00,40.0,UNDISCLOSED,,carriers_2024_W19_WK-1920-24-CARRIERS_SP-MARKET-REPORT.pdf
2024-05-13,19,tankers,1,EURONIKE,TANKER,164565.0,2005,Hyundai Heavy Inds - Ulsan,40.50,40.5,UNDISCLOSED,,carriers_2024_W19_WK-1920-24-CARRIERS_SP-MARKET-REPORT.pdf
2024-05-13,19,tankers,1,DEMETRIOS,TANKER,149999.0,2011,New Times Shipbuilding Co Ltd,LOW 50'S,50.0,UAE,,carriers_2024_W19_WK-1920-24-CARRIERS_SP-MARKET-REPORT.pdf
2024-05-13,19,tankers,1,BOLERO,TANKER,50094.0,2009,SLS Shipbuilding Co Ltd,27.50,27.5,UNDISCLOSED,,carriers_2024_W19_WK-1920-24-CARRIERS_SP-MARKET-REPORT.pdf
2024-05-13,19,tankers,1,STAVANGER PIONEER,TANKER,49999.0,2019,Hyundai-Vinashin Shipyard Co,48.00,48.0,CORAL SHIPPING,,carriers_2024_W19_WK-1920-24-CARRIERS_SP-MARKET-REPORT.pdf
2024-05-13,19,tankers,1,STI MANHATTAN,TANKER,49990.0,2015,SPP SHIPBUILDING - GOS,41.00,41.0,KSS LINE,,carriers_2024_W19_WK-1920-24-CARRIERS_SP-MARKET-REPORT.pdf
2024-05-13,19,tankers,1,PETRONILLA,TANKER,49000.0,2005,Daewoo Shipbuilding & Marine,16.30,16.3,UNDISCLOSED,,carriers_2024_W19_WK-1920-24-CARRIERS_SP-MARKET-REPORT.pdf
2024-05-13,19,tankers,1,GRACE FORTUNA,TANKER,47786.0,2007,STX Shipbuilding - Jinhae,23.00,23.0,UNDISCLOSED,,carriers_2024_W19_WK-1920-24-CARRIERS_SP-MARKET-REPORT.pdf
2024-05-13,19,tankers,1,ARS ET LABOR,TANKER,40416.0,2008,Constanta,25.00,25.0,ITALIAN,,carriers_2024_W19_WK-1920-24-CARRIERS_SP-MARKET-REPORT.pdf
2024-05-13,19,tankers,1,TRF KIRKENES,TANKER,19997.0,2016,Kitanihon,32.50,32.5,UNDISCLOSED,,carriers_2024_W19_WK-1920-24-CARRIERS_SP-MARKET-REPORT.pdf
2024-05-13,19,tankers,1,G BRIGHT,TANKER,19931.0,2004,Kitanihon,15.30,15.3,INDONESIAN,SS/DD PASSED,carriers_2024_W19_WK-1920-24-CARRIERS_SP-MARKET-REPORT.pdf
2024-05-13,19,containers,1,NAVIOS LAPIS,CV,50506.0,2009,Jiangsu Newyangzi,24.00,24.0,CHINESE,4253 TEU,carriers_2024_W19_WK-1920-24-CARRIERS_SP-MARKET-REPORT.pdf
2024-05-13,19,containers,1,BAO ZHOU CI TONG,CV,27161.0,2024,Fujian Changxing Shipbuilding,21.70,21.7,MALAYSIAN,1900 TEU,carriers_2024_W19_WK-1920-24-CARRIERS_SP-MARKET-REPORT.pdf
2024-05-13,19,containers,1,ACACIA LIBRA,CV,13658.0,2007,Jiangsu Eastern Heavy,5.50,5.5,INDONESIAN,1022 TEU,carriers_2024_W19_WK-1920-24-CARRIERS_SP-MARKET-REPORT.pdf
2024-05-30,21,bulk_carriers,1,TRUST SHANGHAI,BC,209523.0,2021,Shanghai Waigaoqiao Shbldg,73.00,73.0,NORDEN,,carriers_2024_W21_WK-2122-24-CARRIERS_SP-MARKET-REPORT.pdf
2024-05-30,21,bulk_carriers,1,TRUST QINGDAO,BC,209301.0,2021,Shanghai Waigaoqiao Shbldg,73.00,73.0,NORDEN,,carriers_2024_W21_WK-2122-24-CARRIERS_SP-MARKET-REPORT.pdf
2024-05-30,21,bulk_carriers,1,FOMENTO ONE,BC,206810.0,2016,Daehan Shipbuilding - Haenam,54.00,54.0,UNDISCLOSED,,carriers_2024_W21_WK-2122-24-CARRIERS_SP-MARKET-REPORT.pdf
2024-05-30,21,bulk_carriers,1,EL GRASSO,BC,181365.0,2012,Imabari Shbldg - Saijo,35.75,35.75,AGRICORE,,carriers_2024_W21_WK-2122-24-CARRIERS_SP-MARKET-REPORT.pdf
2024-05-30,21,bulk_carriers,1,NORD FERRUM,BC,179678.0,2011,HHIC-Phil Inc,34.00,34.0,PACIFIC RIM,,carriers_2024_W21_WK-2122-24-CARRIERS_SP-MARKET-REPORT.pdf
2024-05-30,21,bulk_carriers,1,LILA SINGAPORE,BC,175980.0,2003,China Shipbuilding,14.00,14.0,CHINESE,,carriers_2024_W21_WK-2122-24-CARRIERS_SP-MARKET-REPORT.pdf
2024-05-30,21,bulk_carriers,1,GIA AMBITION,BC,84990.0,2022,CSSC Tianjin Shipbuilding,38.50,38.5,EGYPTIAN NAT. NAV. COMPANY,,carriers_2024_W21_WK-2122-24-CARRIERS_SP-MARKET-REPORT.pdf
2024-05-30,21,bulk_carriers,1,KONKAR VENTURE,BC,82099.0,2015,Jiangsu Newyangzi,30.00,30.0,PYXIS TANKERS,,carriers_2024_W21_WK-2122-24-CARRIERS_SP-MARKET-REPORT.pdf
2024-05-30,21,bulk_carriers,1,VINCENT TALISMAN,BC,81577.0,2020,Jiangsu Hantong Ship HI,32.50,32.5,CHINESE,,carriers_2024_W21_WK-2122-24-CARRIERS_SP-MARKET-REPORT.pdf
2024-05-30,21,bulk_carriers,1,GENESIS,BC,81305.0,2012,Sungdong Shipbuilding & Eng,22.50,22.5,UNDISCLOSED,,carriers_2024_W21_WK-2122-24-CARRIERS_SP-MARKET-REPORT.pdf
2024-05-30,21,bulk_carriers,1,BRAVERY,BC,76606.0,2004,Imabari Shbldg - Marugame,12.50,12.5,MIDDLE EASTERN,,carriers_2024_W21_WK-2122-24-CARRIERS_SP-MARKET-REPORT.pdf
2024-05-30,21,bulk_carriers,1,YING HAO 03,BC,76037.0,2012,Hudong-Zhonghua,17.20,17.2,CHINESE,,carriers_2024_W21_WK-2122-24-CARRIERS_SP-MARKET-REPORT.pdf
2024-05-30,21,bulk_carriers,1,SSI PRIVILEGE,BC,63566.0,2019,Jinling Shipyard,31.80,31.8,HMM,,carriers_2024_W21_WK-2122-24-CARRIERS_SP-MARKET-REPORT.pdf
2024-05-30,21,bulk_carriers,1,PING HAI,BC,62623.0,2017,Oshima Shipbuilding Co Ltd,32.00,32.0,UNDISCLOSED,,carriers_2024_W21_WK-2122-24-CARRIERS_SP-MARKET-REPORT.pdf
2024-05-30,21,bulk_carriers,1,BAO QUAN,BC,56947.0,2011,Liaoning Marine & Offshore,13.50,13.5,UNDISCLOSED,,carriers_2024_W21_WK-2122-24-CARRIERS_SP-MARKET-REPORT.pdf
2024-05-30,21,bulk_carriers,1,PROTECTOR ST. GEORGE,BC,56632.0,2011,China Shipping Ind Jiangsu,14.00,14.0,UNDISCLOSED,,carriers_2024_W21_WK-2122-24-CARRIERS_SP-MARKET-REPORT.pdf
2024-05-30,21,bulk_carriers,1,V RICH,BC,56546.0,2014,Jiangsu Hantong Ship HI,19.00,19.0,EUROPEAN,,carriers_2024_W21_WK-2122-24-CARRIERS_SP-MARKET-REPORT.pdf
2024-05-30,21,bulk_carriers,1,DESERT SYMPHONY,BC,53820.0,2007,Kouan Shipbuilding Industry,11.45,11.45,UNDISCLOSED,,carriers_2024_W21_WK-2122-24-CARRIERS_SP-MARKET-REPORT.pdf
2024-05-30,21,bulk_carriers,1,MAGNUM FORCE,BC,53630.0,2008,Yangzhou Dayang Shipbuilding,11.80,11.8,UNDISCLOSED,,carriers_2024_W21_WK-2122-24-CARRIERS_SP-MARKET-REPORT.pdf
2024-05-30,21,bulk_carriers,1,SANTORINI ISLAND,BC,48549.0,2007,Hakodate Dock - Hakodate,12.00,12.0,UNDISCLOSED,,carriers_2024_W21_WK-2122-24-CARRIERS_SP-MARKET-REPORT.pdf
2024-05-30,21,bulk_carriers,1,TAWAKI,BC,39855.0,2014,Chengxi Shipyard Jiangyin,19.75,19.75,UNDISCLOSED,,carriers_2024_W21_WK-2122-24-CARRIERS_SP-MARKET-REPORT.pdf
2024-05-30,21,bulk_carriers,1,DAYDREAM BELIEVER,BC,37114.0,2012,Onomichi Dockyard Co Ltd,17.50,17.5,UNDISCLOSED,,carriers_2024_W21_WK-2122-24-CARRIERS_SP-MARKET-REPORT.pdf
2024-05-30,21,bulk_carriers,1,PERSENK,BC,30361.0,2010,Chengxi Shipyard Jiangyin,10.60,10.6,UNDISCLOSED,,carriers_2024_W21_WK-2122-24-CARRIERS_SP-MARKET-REPORT.pdf
2024-05-30,21,bulk_carriers,1,BELMEKEN,BC,30347.0,2010,Chengxi Shipyard Jiangyin,10.60,10.6,UNDISCLOSED,,carriers_2024_W21_WK-2122-24-CARRIERS_SP-MARKET-REPORT.pdf
2024-05-30,21,tankers,1,MARJAN,TANKER,302977.0,2002,Samsung Heavy Inds - Geoje,33.50,33.5,UAE,,carriers_2024_W21_WK-2122-24-CARRIERS_SP-MARKET-REPORT.pdf
2024-05-30,21,tankers,1,SM WHITE WHALE1,TANKER,300759.0,2019,Daewoo Shipbuilding & Marine,116.00,116.0,BAHRI,,carriers_2024_W21_WK-2122-24-CARRIERS_SP-MARKET-REPORT.pdf
2024-05-30,21,tankers,1,SM WHITE WHALE2,TANKER,300759.0,2019,Daewoo Shipbuilding & Marine,116.00,116.0,BAHRI,,carriers_2024_W21_WK-2122-24-CARRIERS_SP-MARKET-REPORT.pdf
2024-05-30,21,tankers,1,SM VENUS 1,TANKER,299696.0,2019,Hyundai Samho HI,116.00,116.0,BAHRI,,carriers_2024_W21_WK-2122-24-CARRIERS_SP-MARKET-REPORT.pdf
2024-05-30,21,tankers,1,SM VENUS2,TANKER,299696.0,2020,Hyundai Samho HI,116.00,116.0,BAHRI,,carriers_2024_W21_WK-2122-24-CARRIERS_SP-MARKET-REPORT.pdf
2024-05-30,21,tankers,1,SANMAR SANGEET,TANKER,106516.0,2004,Tsuneishi Corp - Tadotsu,26.80,26.8,UNDISCLOSED,,carriers_2024_W21_WK-2122-24-CARRIERS_SP-MARKET-REPORT.pdf
2024-05-30,21,tankers,1,NIPPON PRINCESS,TANKER,105392.0,2008,Sumitomo Heavy Marine,38.00,38.0,CHINESE,,carriers_2024_W21_WK-2122-24-CARRIERS_SP-MARKET-REPORT.pdf
2024-05-30,21,tankers,1,SANMAR SONNET,TANKER,99999.0,1997,Namura Shipbuilding - Imari,28.60,28.6,UNDISCLOSED,,carriers_2024_W21_WK-2122-24-CARRIERS_SP-MARKET-REPORT.pdf
2024-05-30,21,tankers,1,UOG AEOLOS,TANKER,73427.0,2009,New Times Shipbuilding Co Ltd,28.80,28.8,UNDISCLOSED,,carriers_2024_W21_WK-2122-24-CARRIERS_SP-MARKET-REPORT.pdf
2024-05-30,21,tankers,1,BACHATA,TANKER,50179.0,2008,SLS Shipbuilding Co Ltd,27.50,27.5,UNDISCLOSED,,carriers_2024_W21_WK-2122-24-CARRIERS_SP-MARKET-REPORT.pdf
2024-05-30,21,tankers,1,DEE4 LARCH,TANKER,49737.0,2016,Hyundai-Vinashin Shipyard Co,41.00,41.0,UNDISCLOSED,,carriers_2024_W21_WK-2122-24-CARRIERS_SP-MARKET-REPORT.pdf
2024-05-30,21,tankers,1,PACIFIC DIAMOND,TANKER,47917.0,2010,Iwagi Zosen Co Ltd,26.70,26.7,UNDISCLOSED,,carriers_2024_W21_WK-2122-24-CARRIERS_SP-MARKET-REPORT.pdf
2024-05-30,21,tankers,1,GULF ESPRIT,TANKER,46891.0,2006,Hyundai Mipo Dockyard Co Ltd,22.00,22.0,UNDISCLOSED,,carriers_2024_W21_WK-2122-24-CARRIERS_SP-MARKET-REPORT.pdf
2024-05-30,21,tankers,1,NYON EXPRESS,TANKER,45996.0,2010,Shin Kurushima Onishi,27.00,27.0,UNDISCLOSED,,carriers_2024_W21_WK-2122-24-CARRIERS_SP-MARKET-REPORT.pdf
2024-05-30,21,containers,1,JOSITA B,CV,23562.0,2014,Zhejiang ouhua,16.00,16.0,UNDISCLOSED,"1,730 TEU",carriers_2024_W21_WK-2122-24-CARRIERS_SP-MARKET-REPORT.pdf
2024-06-03,23,bulk_carriers,1,CAPE KEYSTONE,BC,179250.0,2011,Hyundai Heavy Inds - Ulsan,32.50,32.5,CHINESE,,carriers_2024_W23_WK-23-24-CARRIERS_SP-MARKET-REPORT.pdf
2024-06-03,23,bulk_carriers,1,EASTERN WINDFLOWER,BC,175401.0,2010,New Times Shipbuilding Co Ltd,28.00,28.0,CHINESE,,carriers_2024_W23_WK-23-24-CARRIERS_SP-MARKET-REPORT.pdf
2024-06-03,23,bulk_carriers,1,VAN GOGH,BC,95711.0,2013,Imabari Shbldg - Marugame,25.50,25.5,GREEK,,carriers_2024_W23_WK-23-24-CARRIERS_SP-MARKET-REPORT.pdf
2024-06-03,23,bulk_carriers,1,NEO,BC,58110.0,2011,Tsuneishi Zhoushan Shbldg,-,,EUROPEAN,,carriers_2024_W23_WK-23-24-CARRIERS_SP-MARKET-REPORT.pdf
2024-06-03,23,bulk_carriers,1,SEACON 8,BC,57000.0,2012,Ningbo Beilun Lantian Shbldg,14.13,14.13,CHINESE,AUCTION SALE,carriers_2024_W23_WK-23-24-CARRIERS_SP-MARKET-REPORT.pdf
2024-06-03,23,bulk_carriers,1,YASA VIOLET,BC,40500.0,2024,Jiangmen Nanyang Ship Eng Co,34.00,34.0,PANOCEAN,,carriers_2024_W23_WK-23-24-CARRIERS_SP-MARKET-REPORT.pdf
2024-06-03,23,bulk_carriers,1,SUNSHINE,BC,37317.0,2009,Saiki Heavy Industries Co Ltd,15.00,15.0,UAE,,carriers_2024_W23_WK-23-24-CARRIERS_SP-MARKET-REPORT.pdf
2024-06-03,23,bulk_carriers,1,NEW JOURNEY,BC,36371.0,2015,Shikoku Dockyard,20.00,20.0,UNDISCLOSED,,carriers_2024_W23_WK-23-24-CARRIERS_SP-MARKET-REPORT.pdf
2024-06-03,23,bulk_carriers,1,DINO,BC,33371.0,2009,Shin Kochi,13.50,13.5,TURKISH,,carriers_2024_W23_WK-23-24-CARRIERS_SP-MARKET-REPORT.pdf
2024-06-03,23,bulk_carriers,1,AKTEA R,BC,28372.0,2010,Imabari Shbldg - Marugame,10.50,10.5,CHINESE,,carriers_2024_W23_WK-23-24-CARRIERS_SP-MARKET-REPORT.pdf
2024-06-03,23,tankers,1,ALHENA,TANKER,52420.0,2012,Guangzhou Shipyard Intl Co,32.30,32.3,GREEK,,carriers_2024_W23_WK-23-24-CARRIERS_SP-MARKET-REPORT.pdf
2024-06-03,23,tankers,1,ADAMAS I,TANKER,50122.0,2009,SPP Plant & Shipbuilding Co,27.50,27.5,BESIKTAS,,carriers_2024_W23_WK-23-24-CARRIERS_SP-MARKET-REPORT.pdf
2024-06-03,23,tankers,1,JAG PRANAM,TANKER,48694.0,2004,Iwagi Zosen Co Ltd,14.00,14.0,UNDISCLOSED,,carriers_2024_W23_WK-23-24-CARRIERS_SP-MARKET-REPORT.pdf
2024-06-03,23,tankers,1,MTM ANTWERP,TANKER,20704.0,2004,Usuki Shipyard Co Ltd,15.00,15.0,UNDISCLOSED,,carriers_2024_W23_WK-23-24-CARRIERS_SP-MARKET-REPORT.pdf
2024-06-03,23,containers,1,NORDOCELOT,CV,23552.0,2014,Zhejiang Ouhua Shipbuilding,15.00,15.0,GERMAN,"1,756 TEU",carriers_2024_W23_WK-23-24-CARRIERS_SP-MARKET-REPORT.pdf
2024-06-03,23,containers,1,M WILMINGTON,CV,21413.0,2010,Imabari Shbldg - Imabari,13.70,13.7,TANTO INTIM LINE,"1,708 TEU",carriers_2024_W23_WK-23-24-CARRIERS_SP-MARKET-REPORT.pdf
2024-06-10,24,bulk_carriers,1,NYMPHE,BC,180018.0,2009,Daewoo Shipbuilding & Marine,29.30,29.3,HAYFIN,SCRUBBER FITTED,carriers_2024_W24_WK-24-24-CARRIERS_SP-MARKET-REPORT.pdf
2024-06-10,24,bulk_carriers,1,THISSEAS,BC,75200.0,2012,Penglai Zhongbai Jinglu Ind,,,,,carriers_2024_W24_WK-24-24-CARRIERS_SP-MARKET-REPORT.pdf
2024-06-10,24,bulk_carriers,1,ICARUS,BC,75200.0,2012,Penglai Zhongbai Jinglu Ind,52.50 EN BLOC,52.5,BRIGHT,,carriers_2024_W24_WK-24-24-CARRIERS_SP-MARKET-REPORT.pdf
2024-06-10,24,bulk_carriers,1,ATLAS,BC,75124.0,2012,Penglai Zhongbai Jinglu Ind,52.50 EN BLOC,52.5,NAVIGATION,,carriers_2024_W24_WK-24-24-CARRIERS_SP-MARKET-REPORT.pdf
2024-06-10,24,bulk_carriers,1,MOON GLOBE,BC,74432.0,2005,Hudong-Zhonghua,11.50,11.5,UNDISCLOSED,,carriers_2024_W24_WK-24-24-CARRIERS_SP-MARKET-REPORT.pdf
2024-06-10,24,bulk_carriers,1,CAPTAIN ANDREADIS,BC,58760.0,2008,Tsuneishi Zhoushan Shbldg,16.30,16.3,INDONESIAN,,carriers_2024_W24_WK-24-24-CARRIERS_SP-MARKET-REPORT.pdf
2024-06-10,24,bulk_carriers,1,GUO TAI PING AN,BC,56643.0,2011,Qingshan Shipyard,14.00,14.0,UNDISCLOSED,,carriers_2024_W24_WK-24-24-CARRIERS_SP-MARKET-REPORT.pdf
2024-06-10,24,bulk_carriers,1,PANAGIA KANALA,BC,56568.0,2012,COSCO Zhoushan Shipyard Co,16.00,16.0,UNDISCLOSED,,carriers_2024_W24_WK-24-24-CARRIERS_SP-MARKET-REPORT.pdf
2024-06-10,24,bulk_carriers,1,SIDER EVA MARIA,BC,39182.0,2014,Chengxi Shipyard Jiangyin,21.00,21.0,UNDISCLOSED,,carriers_2024_W24_WK-24-24-CARRIERS_SP-MARKET-REPORT.pdf
2024-06-10,24,tankers,1,PARADISE CITY,TANKER,49999.0,2009,SPP Plant & Shipbuilding Co,28.00,28.0,TURKISH,,carriers_2024_W24_WK-24-24-CARRIERS_SP-MARKET-REPORT.pdf
2024-06-10,24,tankers,1,GUNMETAL JACK,TANKER,49999.0,2009,SPP Plant & Shipbuilding Co,28.00,28.0,TURKISH,,carriers_2024_W24_WK-24-24-CARRIERS_SP-MARKET-REPORT.pdf
2024-06-10,24,tankers,1,STOLT SISTO,TANKER,46011.0,2010,SLS Shipbuilding Co Ltd,28.50,28.5,CHINESE,,carriers_2024_W24_WK-24-24-CARRIERS_SP-MARKET-REPORT.pdf
2024-06-10,24,containers,1,PERMATA,GC,12255.0,2012,Higaki,8.50,8.5,UNDISCLOSED,,carriers_2024_W24_WK-24-24-CARRIERS_SP-MARKET-REPORT.pdf
2024-06-17,25,bulk_carriers,1,CLASSIC ARO,BC,206331.0,2008,Imabari Shbldg - Saijo,27.00,27.0,CHINESE,,carriers_2024_W25_WK-25-24-CARRIERS_SP-MARKET-REPORT.pdf
2024-06-17,25,bulk_carriers,1,CORAL JASPER,BC,78087.0,2012,Shin Kurushima Toyohashi,22.00,22.0,GREEK,,carriers_2024_W25_WK-25-24-CARRIERS_SP-MARKET-REPORT.pdf
2024-06-17,25,bulk_carriers,1,WESTERN OSLO,BC,63654.0,2019,Nantong Xiangyu Shipbuilding,32.00,32.0,HMM,,carriers_2024_W25_WK-25-24-CARRIERS_SP-MARKET-REPORT.pdf
2024-06-17,25,bulk_carriers,1,SWANSEA,BC,63310.0,2015,Yangzhou Dayang Shipbuilding,25.00,25.0,UNDISCLOSED,,carriers_2024_W25_WK-25-24-CARRIERS_SP-MARKET-REPORT.pdf
2024-06-17,25,bulk_carriers,1,AUGUST OLDENDORFF,BC,61090.0,2015,JAPAN MARINE UTD - KUR,30.50,30.5,UNDISCLOSED,,carriers_2024_W25_WK-25-24-CARRIERS_SP-MARKET-REPORT.pdf
2024-06-17,25,bulk_carriers,1,ALWINE OLDENDORFF,BC,61090.0,2014,JAPAN MARINE UTD - KUR,30.50,30.5,UNDISCLOSED,,carriers_2024_W25_WK-25-24-CARRIERS_SP-MARKET-REPORT.pdf
2024-06-17,25,bulk_carriers,1,BRIGHT HERO,BC,55625.0,2010,Mitsui Tamano,HIGH 16.00,16.0,CHINESE,,carriers_2024_W25_WK-25-24-CARRIERS_SP-MARKET-REPORT.pdf
2024-06-17,25,bulk_carriers,1,WESTERN PANAMA,BC,39000.0,2015,Jiangmen Nanyang Ship,18.60,18.6,PRECIOUS SHIPPING,,carriers_2024_W25_WK-25-24-CARRIERS_SP-MARKET-REPORT.pdf
2024-06-17,25,bulk_carriers,1,NORDIC NANJING,BC,34620.0,2013,Yangzhou Guoyu Shipbuilding,15.50,15.5,TURKISH,,carriers_2024_W25_WK-25-24-CARRIERS_SP-MARKET-REPORT.pdf
2024-06-17,25,bulk_carriers,1,CHARANA NAREE,BC,33720.0,2005,Shin Kochi,10.75,10.75,UNDISCLOSED,,carriers_2024_W25_WK-25-24-CARRIERS_SP-MARKET-REPORT.pdf
2024-06-17,25,tankers,1,ALPINE CONFIDENCE,TANKER,107600.0,2010,Tsuneishi Holdings - Fukuyama,43.80,43.8,CHINESE,,carriers_2024_W25_WK-25-24-CARRIERS_SP-MARKET-REPORT.pdf
2024-06-17,25,tankers,1,NORVIC MONIA,TANKER,105348.0,2008,Hyundai Heavy Inds - Ulsan,42.30,42.3,UNDISCLOSED,,carriers_2024_W25_WK-25-24-CARRIERS_SP-MARKET-REPORT.pdf
2024-06-17,25,tankers,1,AVRA PATROS,TANKER,74998.0,2008,Sungdong Shipbuilding & Eng,29.75,29.75,GREEK,,carriers_2024_W25_WK-25-24-CARRIERS_SP-MARKET-REPORT.pdf
2024-06-17,25,tankers,1,THEODOSIA,TANKER,70312.0,2004,Daewoo Shipbuilding & Marine,-,,MIDDLE EASTERN,,carriers_2024_W25_WK-25-24-CARRIERS_SP-MARKET-REPORT.pdf
2024-06-17,25,tankers,1,SANDPIPER PACIFIC,TANKER,51833.0,2013,Sungdong Shipbuilding & Eng,33.65,33.65,UNDISCLOSED,,carriers_2024_W25_WK-25-24-CARRIERS_SP-MARKET-REPORT.pdf
2024-06-17,25,tankers,1,NEUTRON SOUND,TANKER,49997.0,2007,SPP Shipbuilding - Tongyeong,23.00,23.0,UNDISCLOSED,,carriers_2024_W25_WK-25-24-CARRIERS_SP-MARKET-REPORT.pdf
2024-06-17,25,tankers,1,STI BERYL,TANKER,49990.0,2013,Hyundai Mipo Dockyard Co Ltd,36.60,36.6,GREAT EASTERN,,carriers_2024_W25_WK-25-24-CARRIERS_SP-MARKET-REPORT.pdf
2024-06-17,25,tankers,1,CALANDRIA,TANKER,45950.0,2012,Shin Kurushima Onishi,32.50,32.5,UNDISCLOSED,,carriers_2024_W25_WK-25-24-CARRIERS_SP-MARKET-REPORT.pdf
2024-06-17,25,tankers,1,TRF MANDAL,TANKER,37596.0,2016,Hyundai Mipo Dockyard Co Ltd,38.00,38.0,UNDISCLOSED,,carriers_2024_W25_WK-25-24-CARRIERS_SP-MARKET-REPORT.pdf
2024-06-17,25,tankers,1,TRF MARQUETTE,TANKER,37596.0,2016,Hyundai Mipo Dockyard Co Ltd,38.00,38.0,UNDISCLOSED,,carriers_2024_W25_WK-25-24-CARRIERS_SP-MARKET-REPORT.pdf
2024-06-17,25,tankers,1,EMILY KOSAN,LPG,3795.0,2012,Yangzhou Kejin Shipyard Co,-,,FAR EASTERN,,carriers_2024_W25_WK-25-24-CARRIERS_SP-MARKET-REPORT.pdf
2024-06-17,25,tankers,1,SUN GAS,LPG,3318.0,1998,SHITANOE SHIPBUILDING,2.50,2.5,UNDISCLOSED,,carriers_2024_W25_WK-25-24-CARRIERS_SP-MARKET-REPORT.pdf
2024-06-17,25,containers,1,ARA AMSTERDAM,CV,14483.0,2010,Fujian Mawei Shipbuilding Ltd,8.75,8.75,GERMAN,,carriers_2024_W25_WK-25-24-CARRIERS_SP-MARKET-REPORT.pdf
2024-06-17,25,containers,1,HS SINGAPORE,CV,11833.0,2019,Kyokuyo Shipyard Corp,19.00,19.0,JOSCO,,carriers_2024_W25_WK-25-24-CARRIERS_SP-MARKET-REPORT.pdf
2024-06-25,26,bulk_carriers,1,HERMANN OLDENDORFF,BC,209243.0,2016,Taizhou CATIC Shipbuilding HI,55.00,55.0,UNDISCLOSED,,carriers_2024_W26_WK-26-24-CARRIERS_SP-MARKET-REPORT.pdf
2024-06-25,26,bulk_carriers,1,COURAGEOUS,BC,181008.0,2016,Shanghai Waigaoqiao Shbldg,50.50,50.5,GREEK,,carriers_2024_W26_WK-26-24-CARRIERS_SP-MARKET-REPORT.pdf
2024-06-25,26,bulk_carriers,1,STELLA HOPE,BC,180007.0,2016,Dalian Shipbuilding Ind - No 2,49.70,49.7,GREEK,,carriers_2024_W26_WK-26-24-CARRIERS_SP-MARKET-REPORT.pdf
2024-06-25,26,bulk_carriers,1,UNTA,BC,106563.0,2009,Oshima Shipbuilding Co Ltd,18.50,18.5,CHINESE,,carriers_2024_W26_WK-26-24-CARRIERS_SP-MARKET-REPORT.pdf
2024-06-25,26,bulk_carriers,1,KAMILLA OLDENDORFF,BC,82245.0,2024,Jiangsu New Hantong Ship,40.00,40.0,UNDISCLOSED,,carriers_2024_W26_WK-26-24-CARRIERS_SP-MARKET-REPORT.pdf
2024-06-25,26,bulk_carriers,1,KLARISSA OLDENDORFF,BC,82223.0,2023,Jiangsu New Hantong Ship,40.00,40.0,UNDISCLOSED,,carriers_2024_W26_WK-26-24-CARRIERS_SP-MARKET-REPORT.pdf
2024-06-25,26,bulk_carriers,1,LIVIA ROSE,BC,81828.0,2018,Tsuneishi Zhoushan Shbldg,35.80,35.8,GREEK,,carriers_2024_W26_WK-26-24-CARRIERS_SP-MARKET-REPORT.pdf
2024-06-25,26,bulk_carriers,1,BBG QINZHOU,BC,81608.0,2019,Tianjin Xingang Shipbuilding,30.06,30.06,XIAMEN AMOYSAILING,ONLINE AUCTION,carriers_2024_W26_WK-26-24-CARRIERS_SP-MARKET-REPORT.pdf
2024-06-25,26,bulk_carriers,1,SEA OPAL,BC,79342.0,2010,Jiangsu Eastern HI,LOW 14.00,14.0,UNDISCLOSED,,carriers_2024_W26_WK-26-24-CARRIERS_SP-MARKET-REPORT.pdf
2024-06-25,26,bulk_carriers,1,BEATE OLDENDORFF,BC,62623.0,2020,Oshima Shipbuilding Co Ltd,38.30,38.3,EUROPEAN,,carriers_2024_W26_WK-26-24-CARRIERS_SP-MARKET-REPORT.pdf
2024-06-25,26,bulk_carriers,1,GENCO WARRIOR,BC,55435.0,2005,Nantong COSCO KHI Ship Eng,12.00,12.0,CHINESE,,carriers_2024_W26_WK-26-24-CARRIERS_SP-MARKET-REPORT.pdf
2024-06-25,26,bulk_carriers,1,TAI HUNTER,BC,55418.0,2007,Oshima Shipbuilding Co Ltd,14.80,14.8,CHINESE,,carriers_2024_W26_WK-26-24-CARRIERS_SP-MARKET-REPORT.pdf
2024-06-25,26,bulk_carriers,1,STELLAR ALAZANI,BC,28180.0,2014,I-S Shipyard Co Ltd,13.00,13.0,UNDISCLOSED,,carriers_2024_W26_WK-26-24-CARRIERS_SP-MARKET-REPORT.pdf
2024-06-25,26,tankers,1,C. PROSPERITY,TANKER,313525.0,2009,Hyundai Heavy Inds - Ulsan,53.00,53.0,NEW SHIPPING,SS/DD DUE,carriers_2024_W26_WK-26-24-CARRIERS_SP-MARKET-REPORT.pdf
2024-06-25,26,tankers,1,FRONT THOR,TANKER,156719.0,2010,Jiangsu Rongsheng,48.00,48.0,FAR EASTERN,,carriers_2024_W26_WK-26-24-CARRIERS_SP-MARKET-REPORT.pdf
2024-06-25,26,tankers,1,DIGNITY,TANKER,50392.0,2010,Guangzhou Shipyard Intl Co,28.00,28.0,GREEK,,carriers_2024_W26_WK-26-24-CARRIERS_SP-MARKET-REPORT.pdf
2024-06-25,26,tankers,1,TORM PLATTE,TANKER,46959.0,2006,Hyundai Mipo Dockyard Co Ltd,23.50,23.5,UNDISCLOSED,,carriers_2024_W26_WK-26-24-CARRIERS_SP-MARKET-REPORT.pdf
2024-06-25,26,tankers,1,FOS ENERGY,TANKER,45990.0,2006,STX Shipbuilding - Jinhae,-,,UNDISCLOSED,,carriers_2024_W26_WK-26-24-CARRIERS_SP-MARKET-REPORT.pdf
2024-06-25,26,tankers,1,CSC PROGRESS,TANKER,45791.0,2007,Jinling Shipyard,21.50,21.5,EUROPEAN,,carriers_2024_W26_WK-26-24-CARRIERS_SP-MARKET-REPORT.pdf
2024-06-25,26,tankers,1,SURVILLE,LPG,26120.0,2014,Hyundai Mipo Dockyard Co Ltd,50.00,50.0,GREEK,,carriers_2024_W26_WK-26-24-CARRIERS_SP-MARKET-REPORT.pdf
2024-06-25,26,tankers,1,PERTUSOLA,LPG,17670.0,1999,Sestri,14.00,14.0,TURKISH,SEMI-REF,carriers_2024_W26_WK-26-24-CARRIERS_SP-MARKET-REPORT.pdf
2024-06-25,26,tankers,1,SEAPEAK PAN,LPG,10003.0,2009,Taizhou Wuzhou Shipbuilding,-,,UNDISCLOSED,,carriers_2024_W26_WK-26-24-CARRIERS_SP-MARKET-REPORT.pdf
2024-06-25,26,containers,1,NORTHERN DEPENDANT,CV,42019.0,2008,Shanghai Shipyard Co Ltd,22.25,22.25,MPC,"3,534 TEU",carriers_2024_W26_WK-26-24-CARRIERS_SP-MARKET-REPORT.pdf
2024-06-25,26,containers,1,NORTHERN DIPLOMAT,CV,42007.0,2009,Shanghai Shipyard Co Ltd,23.60,23.6,MPC,"3,534 TEU",carriers_2024_W26_WK-26-24-CARRIERS_SP-MARKET-REPORT.pdf
2024-06-25,26,containers,1,NORTHERN DEMOCRAT,CV,41986.0,2009,Shanghai Shipyard Co Ltd,23.60,23.6,MPC,"3,534 TEU",carriers_2024_W26_WK-26-24-CARRIERS_SP-MARKET-REPORT.pdf
2024-07-01,27,bulk_carriers,1,MINERAL CHARLIE,BC,205236.0,2012,HHIC-Phil Inc,40.80,40.8,PIONEER MARINE,,carriers_2024_W27_WK-27-24-CARRIERS_SP-MARKET-REPORT.pdf
2024-07-01,27,bulk_carriers,1,MINERAL MAUREEN,BC,205203.0,2012,HHIC-Phil Inc,40.80,40.8,PIONEER MARINE,,carriers_2024_W27_WK-27-24-CARRIERS_SP-MARKET-REPORT.pdf
2024-07-01,27,bulk_carriers,1,IRON PHOENIX,BC,180643.0,2012,Tsuneishi Heavy Inds Cebu,35.50,35.5,AGRICORE,,carriers_2024_W27_WK-27-24-CARRIERS_SP-MARKET-REPORT.pdf
2024-07-01,27,bulk_carriers,1,VELVET,BC,62625.0,2018,Oshima Shipbuilding Co Ltd,36.00,36.0,KOREAN,,carriers_2024_W27_WK-27-24-CARRIERS_SP-MARKET-REPORT.pdf
2024-07-01,27,bulk_carriers,1,LUNA ROSSA,BC,61645.0,2010,Oshima Shipbuilding Co Ltd,21.50,21.5,CHINESE,,carriers_2024_W27_WK-27-24-CARRIERS_SP-MARKET-REPORT.pdf
2024-07-01,27,bulk_carriers,1,ALMIRA,BC,61496.0,2011,Shin Kasado Dockyard Co Ltd,20.50,20.5,UNDISCLOSED,,carriers_2024_W27_WK-27-24-CARRIERS_SP-MARKET-REPORT.pdf
2024-07-01,27,bulk_carriers,1,MAINE DREAM,BC,58105.0,2012,Tsuneishi Heavy Inds Cebu,19.30,19.3,UNDISCLOSED,,carriers_2024_W27_WK-27-24-CARRIERS_SP-MARKET-REPORT.pdf
2024-07-01,27,bulk_carriers,1,SUPRA ONIKI,BC,57022.0,2010,Qingshan Shipyard,13.00,13.0,UNDISCLOSED,,carriers_2024_W27_WK-27-24-CARRIERS_SP-MARKET-REPORT.pdf
2024-07-01,27,bulk_carriers,1,TRISTAR PROSPERITY,BC,56824.0,2012,COSCO Guangdong Shipyard,15.00,15.0,ARION COMMODITIES,,carriers_2024_W27_WK-27-24-CARRIERS_SP-MARKET-REPORT.pdf
2024-07-01,27,bulk_carriers,1,FLC LONGIVITY,BC,56785.0,2009,Taizhou Kouan Shipbuilding Co,11.50,11.5,UNDISCLOSED,SS/DD DUE,carriers_2024_W27_WK-27-24-CARRIERS_SP-MARKET-REPORT.pdf
2024-07-01,27,bulk_carriers,1,AULAC VANGUARD,BC,55848.0,2012,IHI Marine United - Yokohama,18.70,18.7,GREEK,,carriers_2024_W27_WK-27-24-CARRIERS_SP-MARKET-REPORT.pdf
2024-07-01,27,bulk_carriers,1,DL LILAC,BC,33752.0,2012,Samjin Shipbuilding Industries,12.50,12.5,UNDISCLOSED,,carriers_2024_W27_WK-27-24-CARRIERS_SP-MARKET-REPORT.pdf
2024-07-01,27,bulk_carriers,1,DL JASMINE,BC,33737.0,2012,Samjin Shipbuilding Industries,12.50,12.5,UNDISCLOSED,,carriers_2024_W27_WK-27-24-CARRIERS_SP-MARKET-REPORT.pdf
2024-07-01,27,bulk_carriers,1,HAINAN ISLAND,BC,32573.0,2004,Kanda Kawajiri,8.80,8.8,CHINESE,,carriers_2024_W27_WK-27-24-CARRIERS_SP-MARKET-REPORT.pdf
2024-07-01,27,tankers,1,ARISTOFANIS,TANKER,115521.0,2020,Daehan Shipbuilding - Haenam,78.80,78.8,CASPIAN SHIPPING,,carriers_2024_W27_WK-27-24-CARRIERS_SP-MARKET-REPORT.pdf
2024-07-01,27,tankers,1,PUSAKA JAVA,TANKER,108524.0,2018,TSUNEISHI SHBLDG - FKY,68.50,68.5,EASTERN PACIFIC,,carriers_2024_W27_WK-27-24-CARRIERS_SP-MARKET-REPORT.pdf
2024-07-01,27,tankers,1,GUANGZHOU 23110025,TANKER,49600.0,2026,Guangzhou Shipyard Intl Co,52.75,52.75,CHINESE,,carriers_2024_W27_WK-27-24-CARRIERS_SP-MARKET-REPORT.pdf
2024-07-01,27,tankers,1,GUANGZHOU 23110026,TANKER,49600.0,2026,Guangzhou Shipyard Intl Co,52.75,52.75,CHINESE,,carriers_2024_W27_WK-27-24-CARRIERS_SP-MARKET-REPORT.pdf
2024-07-01,27,tankers,1,WARINSART,LPG,28521.0,2014,Hyundai Mipo Dockyard Co Ltd,50.00,50.0,SCHULTE,,carriers_2024_W27_WK-27-24-CARRIERS_SP-MARKET-REPORT.pdf
2024-07-01,27,containers,1,A ONTAKE,CV,11817.0,2023,Kyokuyo Shipyard Corp,26.00,26.0,UNDISCLOSED,"1,096 TEU",carriers_2024_W27_WK-27-24-CARRIERS_SP-MARKET-REPORT.pdf
2024-07-01,27,containers,1,KAIFU,CV,11817.0,2023,Kyokuyo Shipyard Corp,26.00,26.0,UNDISCLOSED,"1,096 TEU",carriers_2024_W27_WK-27-24-CARRIERS_SP-MARKET-REPORT.pdf
2024-07-01,27,containers,1,KISO,CV,11817.0,2023,Kyokuyo Shipyard Corp,26.00,26.0,UNDISCLOSED,"1,096 TEU",carriers_2024_W27_WK-27-24-CARRIERS_SP-MARKET-REPORT.pdf
2024-07-01,27,containers,1,WUJIANG,GC,30530.0,2003,Dalian Shipyard Co Ltd,7.50,7.5,UNDISCLOSED,HEAVYLIFT,carriers_2024_W27_WK-27-24-CARRIERS_SP-MARKET-REPORT.pdf
2024-07-08,28,bulk_carriers,1,BERGE BOBOTOV,BC,207986.0,2021,Bohai Shipbuilding Heavy Ind,75.00,75.0,GREEK,,carriers_2024_W28_WK-28-24-CARRIERS_SP-MARKET-REPORT.pdf
2024-07-08,28,bulk_carriers,1,OCEAN COURTESY,BC,178021.0,2008,Shanghai Waigaoqiao Shbldg,24.00,24.0,JINHUI,,carriers_2024_W28_WK-28-24-CARRIERS_SP-MARKET-REPORT.pdf
2024-07-08,28,bulk_carriers,1,LOWLANDS HORIZON,BC,93478.0,2018,Oshima Shipbuilding Co Ltd,36.00,36.0,UNDISCLOSED,,carriers_2024_W28_WK-28-24-CARRIERS_SP-MARKET-REPORT.pdf
2024-07-08,28,bulk_carriers,1,NAVIOS TAURUS,BC,76596.0,2005,Imabari Shbldg - Marugame,12.00,12.0,UNDISCLOSED,,carriers_2024_W28_WK-28-24-CARRIERS_SP-MARKET-REPORT.pdf
2024-07-08,28,bulk_carriers,1,ELEFSIS,BC,72873.0,1997,China Shipbuilding - Keelung,6.60,6.6,UNDISCLOSED,,carriers_2024_W28_WK-28-24-CARRIERS_SP-MARKET-REPORT.pdf
2024-07-08,28,bulk_carriers,1,PEACEFUL SEAS,BC,63331.0,2014,Yangzhou Dayang Shipbuilding,24.00,24.0,UNDISCLOSED,SS/DD PASSED,carriers_2024_W28_WK-28-24-CARRIERS_SP-MARKET-REPORT.pdf
2024-07-08,28,bulk_carriers,1,UM ELHANAYA,BC,56726.0,2010,Qingshan Shipyard,12.00,12.0,UNDISCLOSED,,carriers_2024_W28_WK-28-24-CARRIERS_SP-MARKET-REPORT.pdf
2024-07-08,28,bulk_carriers,1,SOLAR,BC,46786.0,2000,Kanasashi HI - Toyohashi,7.40,7.4,UNDISCLOSED,,carriers_2024_W28_WK-28-24-CARRIERS_SP-MARKET-REPORT.pdf
2024-07-08,28,bulk_carriers,1,MAESTRO EMERALD,BC,39830.0,2020,Saiki Heavy Industries Co Ltd,30.00,30.0,DEVAL DENIZCILIK,,carriers_2024_W28_WK-28-24-CARRIERS_SP-MARKET-REPORT.pdf
2024-07-08,28,bulk_carriers,1,BAMBOO STAR,BC,37609.0,2019,MINAMINIPPON SHBLDG -,28.35,28.35,HMM,,carriers_2024_W28_WK-28-24-CARRIERS_SP-MARKET-REPORT.pdf
2024-07-08,28,bulk_carriers,1,SPICA HARMONY,BC,36908.0,2019,Oshima Shipbuilding Co Ltd,28.50,28.5,UNDISCLOSED,,carriers_2024_W28_WK-28-24-CARRIERS_SP-MARKET-REPORT.pdf
2024-07-08,28,bulk_carriers,1,CABRERA,BC,35732.0,2011,Qidong Daoda Marine Heavy,14.60,14.6,UNDISCLOSED,,carriers_2024_W28_WK-28-24-CARRIERS_SP-MARKET-REPORT.pdf
2024-07-08,28,bulk_carriers,1,HILMA BULKER,BC,34502.0,2017,Hakodate Dock - Hakodate,23.50,23.5,HMM,,carriers_2024_W28_WK-28-24-CARRIERS_SP-MARKET-REPORT.pdf
2024-07-08,28,bulk_carriers,1,EFI THEO,BC,34295.0,2012,Zhejiang Jingang Shipbuilding,12.00,12.0,UNDISCLOSED,,carriers_2024_W28_WK-28-24-CARRIERS_SP-MARKET-REPORT.pdf
2024-07-08,28,bulk_carriers,1,KOUROS PRIDE,BC,34146.0,2011,Dae Sun Shipbuilding & Eng,13.75,13.75,UNDISCLOSED,,carriers_2024_W28_WK-28-24-CARRIERS_SP-MARKET-REPORT.pdf
2024-07-08,28,bulk_carriers,1,HG DARWIN,BC,31642.0,2002,Saiki Heavy Industries Co Ltd,8.20,8.2,UNDISCLOSED,OPEN HATCH,carriers_2024_W28_WK-28-24-CARRIERS_SP-MARKET-REPORT.pdf
2024-07-08,28,bulk_carriers,1,KEN HOU,BC,29788.0,2004,Shikoku Dockyard,8.60,8.6,UNDISCLOSED,,carriers_2024_W28_WK-28-24-CARRIERS_SP-MARKET-REPORT.pdf
2024-07-08,28,bulk_carriers,1,UNIVERSE PROSPERITY,BC,28514.0,2001,Kanda Kawajiri,6.23,6.23,UNDISCLOSED,AUCTION SALE,carriers_2024_W28_WK-28-24-CARRIERS_SP-MARKET-REPORT.pdf
2024-07-08,28,bulk_carriers,1,NOBLE OAK,BC,28492.0,2005,Imabari Shbldg - Imabari,7.70,7.7,UNDISCLOSED,,carriers_2024_W28_WK-28-24-CARRIERS_SP-MARKET-REPORT.pdf
2024-07-08,28,tankers,1,PGC COMPANION,TANKER,72825.0,2005,Hudong-Zhonghua,18.00,18.0,UNDISCLOSED,,carriers_2024_W28_WK-28-24-CARRIERS_SP-MARKET-REPORT.pdf
2024-07-08,28,tankers,1,ENDLESS SUMMER,TANKER,49999.0,2010,Onomichi Dockyard Co Ltd,30.00,30.0,GESTIONI ARMAORIALI,,carriers_2024_W28_WK-28-24-CARRIERS_SP-MARKET-REPORT.pdf
2024-07-08,28,tankers,1,NCC TIHAMA,TANKER,45948.0,2006,Hyundai Mipo Dockyard Co Ltd,20.50,20.5,UNDISCLOSED,ZINC COATED,carriers_2024_W28_WK-28-24-CARRIERS_SP-MARKET-REPORT.pdf
2024-07-08,28,tankers,1,SPARKLE,TANKER,45744.0,2004,Minaminippon Shbldg,14.50,14.5,UNDISCLOSED,SS DUE,carriers_2024_W28_WK-28-24-CARRIERS_SP-MARKET-REPORT.pdf
2024-07-08,28,tankers,1,ATLAS STAR,TANKER,38289.0,2008,Guangzhou Shipyard Intl Co,23.00,23.0,GREEK,,carriers_2024_W28_WK-28-24-CARRIERS_SP-MARKET-REPORT.pdf
2024-07-08,28,tankers,1,SOLINA GAS,LPG,54048.0,2008,Hyundai Heavy Inds - Ulsan,64.50,64.5,CHINESE,,carriers_2024_W28_WK-28-24-CARRIERS_SP-MARKET-REPORT.pdf
2024-07-08,28,tankers,1,EMILY KOSAN,LPG,3795.0,2012,Yangzhou Kejin Shipyard Co,10.00,10.0,THAI,,carriers_2024_W28_WK-28-24-CARRIERS_SP-MARKET-REPORT.pdf
2024-07-08,28,containers,1,PALERMO,CV,38250.0,1998,Kvaerner Warnow Werft GmbH,11.90,11.9,CHINESE,"2,890 TEU",carriers_2024_W28_WK-28-24-CARRIERS_SP-MARKET-REPORT.pdf
2024-07-08,28,containers,1,HANSA WOLFSBURG,CV,23732.0,2007,Guangzhou Wenchong,14.00,14.0,UNDISCLOSED,"1,732 TEU",carriers_2024_W28_WK-28-24-CARRIERS_SP-MARKET-REPORT.pdf
2024-07-08,28,containers,1,VEGA DAYTONA,CV,19974.0,2023,Yangfan Group Co Ltd,32.70,32.7,CHARTWORLD,"1,868 TEU",carriers_2024_W28_WK-28-24-CARRIERS_SP-MARKET-REPORT.pdf
2024-07-08,28,containers,1,UNI-PACIFIC,CV,19309.0,1999,Evergreen Shipyard Corp,7.80,7.8,CHINESE,"1,618 TEU SS/DD DUE",carriers_2024_W28_WK-28-24-CARRIERS_SP-MARKET-REPORT.pdf
2024-07-15,29,bulk_carriers,1,C. VISION,BC,173723.0,2008,Bohai Shipbuilding Heavy Ind,21.00,21.0,CHINESE,,carriers_2024_W29_WK-29-24-CARRIERS_SP-MARKET-REPORT.pdf
2024-07-15,29,bulk_carriers,1,CLAAS OLDENDORFF,BC,95750.0,2013,Imabari Shbldg - Marugame,27.00,27.0,SINGAPOREAN,,carriers_2024_W29_WK-29-24-CARRIERS_SP-MARKET-REPORT.pdf
2024-07-15,29,bulk_carriers,1,BW KOBE,BC,81703.0,2019,Tsuneishi Heavy Inds Cebu,37.00,37.0,HMM,,carriers_2024_W29_WK-29-24-CARRIERS_SP-MARKET-REPORT.pdf
2024-07-15,29,bulk_carriers,1,REGO,BC,58729.0,2009,Tsuneishi Zhoushan Shbldg,16.00,16.0,UNDISCLOSED,,carriers_2024_W29_WK-29-24-CARRIERS_SP-MARKET-REPORT.pdf
2024-07-15,29,bulk_carriers,1,NORDIC STAVANGER,BC,56172.0,2011,Mitsui Tamano,18.00,18.0,UNDISCLOSED,,carriers_2024_W29_WK-29-24-CARRIERS_SP-MARKET-REPORT.pdf
2024-07-15,29,bulk_carriers,1,SPAR LYRA,BC,53565.0,2005,Chengxi Shipyard,LOW 10’s,10.0,UNDISCLOSED,,carriers_2024_W29_WK-29-24-CARRIERS_SP-MARKET-REPORT.pdf
2024-07-15,29,bulk_carriers,1,WESTERN DURBAN,BC,39266.0,2015,Jiangmen Nanyang Ship Eng,,,,,carriers_2024_W29_WK-29-24-CARRIERS_SP-MARKET-REPORT.pdf
2024-07-15,29,bulk_carriers,1,WESTERN LIMA,BC,39000.0,2015,Jiangmen Nanyang Ship Eng,78.00 EN BLOC,78.0,PRECIOUS,,carriers_2024_W29_WK-29-24-CARRIERS_SP-MARKET-REPORT.pdf
2024-07-15,29,bulk_carriers,1,WESTERN MIAMI,BC,39000.0,2015,Jiangmen Nanyang Ship Eng,78.00 EN BLOC,78.0,SHIPPING,,carriers_2024_W29_WK-29-24-CARRIERS_SP-MARKET-REPORT.pdf
2024-07-15,29,bulk_carriers,1,WESTERN PARIS,BC,38800.0,2015,Jiangsu Hantong Ship HI,78.00 EN BLOC,78.0,SHIPPING,,carriers_2024_W29_WK-29-24-CARRIERS_SP-MARKET-REPORT.pdf
2024-07-15,29,bulk_carriers,1,DARYA GANGA,BC,36845.0,2012,Hyundai Mipo Dockyard Co Ltd,LOW 16’s,16.0,UNDISCLOSED,,carriers_2024_W29_WK-29-24-CARRIERS_SP-MARKET-REPORT.pdf
2024-07-15,29,tankers,1,MARE NOSTRUM,TANKER,110295.0,2009,Mitsui Chiba Ichihara,44.00,44.0,NORVIC,,carriers_2024_W29_WK-29-24-CARRIERS_SP-MARKET-REPORT.pdf
2024-07-15,29,tankers,1,HAFNIA PEGASUS,TANKER,49999.0,2010,Guangzhou Shipyard Intl Co,28.50,28.5,UNDISCLOSED,,carriers_2024_W29_WK-29-24-CARRIERS_SP-MARKET-REPORT.pdf
2024-07-15,29,tankers,1,SHAN GANG RONG HE,TANKER,38615.0,2001,Damen Galati,7.00,7.0,CHINESE,,carriers_2024_W29_WK-29-24-CARRIERS_SP-MARKET-REPORT.pdf
2024-07-15,29,tankers,1,TRF MEMPHIS,TANKER,37596.0,2016,Hyundai Mipo Dockyard Co Ltd,38.00,38.0,NORWEGIAN,,carriers_2024_W29_WK-29-24-CARRIERS_SP-MARKET-REPORT.pdf
2024-07-15,29,tankers,1,TRF MOBILE,TANKER,37596.0,2016,Hyundai Mipo Dockyard Co Ltd,38.00,38.0,NORWEGIAN,,carriers_2024_W29_WK-29-24-CARRIERS_SP-MARKET-REPORT.pdf
2024-07-22,30,bulk_carriers,1,CAPE MATHILDE,BC,178831.0,2010,Mitsui Chiba Ichihara,31.00,31.0,CHINESE,,carriers_2024_W30_WK-30-24-CARRIERS_SP-MARKET-REPORT.pdf
2024-07-22,30,bulk_carriers,1,HL BALTIMORE,BC,177489.0,2006,Mitsui Chiba Ichihara,22.00,22.0,GREEK,,carriers_2024_W30_WK-30-24-CARRIERS_SP-MARKET-REPORT.pdf
2024-07-22,30,bulk_carriers,1,GENCO HADRIAN,BC,169025.0,2008,Sungdong Shipbuilding & Eng,25.00,25.0,UNDISCLOSED,,carriers_2024_W30_WK-30-24-CARRIERS_SP-MARKET-REPORT.pdf
2024-07-22,30,bulk_carriers,1,YU QIANG,BC,81608.0,2012,PLA 4807 Shipyard,17.50,17.5,GREEK,,carriers_2024_W30_WK-30-24-CARRIERS_SP-MARKET-REPORT.pdf
2024-07-22,30,bulk_carriers,1,GLORY TRADER,BC,77684.0,2004,China Shipbuilding - Kaohsiung,11.00,11.0,CHINESE,,carriers_2024_W30_WK-30-24-CARRIERS_SP-MARKET-REPORT.pdf
2024-07-22,30,bulk_carriers,1,THE HOLY,BC,76623.0,2001,Imabari Shbldg - Marugame,9.20,9.2,UNDISCLOSED,,carriers_2024_W30_WK-30-24-CARRIERS_SP-MARKET-REPORT.pdf
2024-07-22,30,bulk_carriers,1,STAR IRIS,BC,76466.0,2004,Tsuneishi Corp - Fukuyama,13.10,13.1,CHINESE,,carriers_2024_W30_WK-30-24-CARRIERS_SP-MARKET-REPORT.pdf
2024-07-22,30,bulk_carriers,1,ALIYAH PERTIWI,BC,73461.0,2001,Tsuneishi Shbldg - Fkym - earl,8.00,8.0,UNDISCLOSED,,carriers_2024_W30_WK-30-24-CARRIERS_SP-MARKET-REPORT.pdf
2024-07-22,30,bulk_carriers,1,TAI SHINE,BC,61473.0,2012,Shin Kasado Dockyard Co Ltd,21.50,21.5,UNDISCLOSED,,carriers_2024_W30_WK-30-24-CARRIERS_SP-MARKET-REPORT.pdf
2024-07-22,30,bulk_carriers,1,ROYAL SAMURAI,BC,58091.0,2010,Tsuneishi Heavy Inds Cebu,17.75,17.75,WESTERN OVERSEAS,,carriers_2024_W30_WK-30-24-CARRIERS_SP-MARKET-REPORT.pdf
2024-07-22,30,bulk_carriers,1,SEACON YANTAI,BC,56944.0,2010,COSCO Zhoushan Shipyard Co,13.80,13.8,PT PRIMATAMA ENERGI MANDIRI,,carriers_2024_W30_WK-30-24-CARRIERS_SP-MARKET-REPORT.pdf
2024-07-22,30,bulk_carriers,1,LAGO DI CANCANO,BC,37666.0,2014,Qingshan Shipyard,19.00,19.0,UNDISCLOSED,,carriers_2024_W30_WK-30-24-CARRIERS_SP-MARKET-REPORT.pdf
2024-07-22,30,bulk_carriers,1,LAGO DI COMO,BC,37653.0,2014,Qingshan Shipyard,19.00,19.0,UNDISCLOSED,,carriers_2024_W30_WK-30-24-CARRIERS_SP-MARKET-REPORT.pdf
2024-07-22,30,bulk_carriers,1,CORELEADER OL,BC,37118.0,2012,Saiki Heavy Industries Co Ltd,17.10,17.1,UNDISCLOSED,,carriers_2024_W30_WK-30-24-CARRIERS_SP-MARKET-REPORT.pdf
2024-07-22,30,bulk_carriers,1,CHAMCHURI NAREE,BC,33733.0,2005,Shin Kochi,10.50,10.5,UNDISCLOSED,,carriers_2024_W30_WK-30-24-CARRIERS_SP-MARKET-REPORT.pdf
2024-07-22,30,tankers,1,PACIFIC JEWELS,TANKER,115177.0,2016,Daehan Shipbuilding - Haenam,,,,,carriers_2024_W30_WK-30-24-CARRIERS_SP-MARKET-REPORT.pdf
2024-07-22,30,tankers,1,PACIFIC TREASURES,TANKER,115063.0,2016,Daehan Shipbuilding - Haenam,,,,,carriers_2024_W30_WK-30-24-CARRIERS_SP-MARKET-REPORT.pdf
2024-07-22,30,tankers,1,GREEN SEA,TANKER,50927.0,2014,Dae Sun Shipbuilding & Eng,38.75,38.75,UNDISCLOSED,,carriers_2024_W30_WK-30-24-CARRIERS_SP-MARKET-REPORT.pdf
2024-07-22,30,tankers,1,NAVE EQUATOR,TANKER,49999.0,2009,SPP Shipbuilding - Tongyeong,26.00,26.0,INDONESIAN,,carriers_2024_W30_WK-30-24-CARRIERS_SP-MARKET-REPORT.pdf
2024-07-22,30,tankers,1,BERYL,TANKER,49990.0,2015,SPP SHIPBUILDING - SAC,,,,,carriers_2024_W30_WK-30-24-CARRIERS_SP-MARKET-REPORT.pdf
2024-07-22,30,tankers,1,QUARTZ,TANKER,49990.0,2015,SPP SHIPBUILDING - SAC,,,,,carriers_2024_W30_WK-30-24-CARRIERS_SP-MARKET-REPORT.pdf
2024-07-22,30,tankers,1,SILVER MONIKA,TANKER,49746.0,2014,Hyundai Mipo Dockyard Co Ltd,,,,,carriers_2024_W30_WK-30-24-CARRIERS_SP-MARKET-REPORT.pdf
2024-07-22,30,tankers,1,SILVER EMILY,TANKER,49746.0,2014,Hyundai Mipo Dockyard Co Ltd,340.00 EN BLOC,340.0,TORM,,carriers_2024_W30_WK-30-24-CARRIERS_SP-MARKET-REPORT.pdf
2024-07-22,30,tankers,1,SILVER CARLA,TANKER,49746.0,2014,Hyundai Mipo Dockyard Co Ltd,340.00 EN BLOC,340.0,TORM,,carriers_2024_W30_WK-30-24-CARRIERS_SP-MARKET-REPORT.pdf
2024-07-22,30,tankers,1,SILVER AMANDA,TANKER,49746.0,2014,Hyundai Mipo Dockyard Co Ltd,340.00 EN BLOC,340.0,TORM,,carriers_2024_W30_WK-30-24-CARRIERS_SP-MARKET-REPORT.pdf
2024-07-22,30,tankers,1,SILVER HAGUE,TANKER,49680.0,2015,Hyundai Mipo Dockyard Co Ltd,340.00 EN BLOC,340.0,TORM,,carriers_2024_W30_WK-30-24-CARRIERS_SP-MARKET-REPORT.pdf
2024-07-22,30,tankers,1,SILVER ROTTERDAM,TANKER,49680.0,2015,Hyundai Mipo Dockyard Co Ltd,340.00 EN BLOC,340.0,TORM,,carriers_2024_W30_WK-30-24-CARRIERS_SP-MARKET-REPORT.pdf
2024-07-22,30,tankers,1,DAYTONA,TANKER,47407.0,2005,Onomichi Dockyard Co Ltd,17.50,17.5,UNDISCLOSED,,carriers_2024_W30_WK-30-24-CARRIERS_SP-MARKET-REPORT.pdf
2024-07-22,30,tankers,1,CLOTILDE,TANKER,38431.0,2008,Guangzhou Shipyard Intl Co Ltd,23.00,23.0,UNDISCLOSED,,carriers_2024_W30_WK-30-24-CARRIERS_SP-MARKET-REPORT.pdf
2024-07-22,30,containers,1,WARNOW CHIEF,CV,21191.0,2009,Zhejiang Ouhua Shipbuilding,11.00,11.0,GREEK,"1,496 TEU",carriers_2024_W30_WK-30-24-CARRIERS_SP-MARKET-REPORT.pdf
2024-07-22,30,containers,1,HS BUSAN,CV,13002.0,2006,Dae Sun Shipbuilding & Eng,7.00,7.0,UNDISCLSOED,962 TEU,carriers_2024_W30_WK-30-24-CARRIERS_SP-MARKET-REPORT.pdf
2024-07-29,31,bulk_carriers,1,FOMENTO TWO,BC,206960.0,2017,Daehan Shipbuilding - Haenam,60.00,60.0,PANOCEAN,,carriers_2024_W31_WK-31-24-CARRIERS_SP-MARKET-REPORT.pdf
2024-07-29,31,bulk_carriers,1,SEA TRIUMPH,BC,181415.0,2012,Koyo Dockyard Co Ltd,36.00,36.0,CHINESE,,carriers_2024_W31_WK-31-24-CARRIERS_SP-MARKET-REPORT.pdf
2024-07-29,31,bulk_carriers,1,HERUN GLOBAL,BC,181056.0,2016,Shanghai Waigaoqiao Shbldg,49.50,49.5,GREEK,,carriers_2024_W31_WK-31-24-CARRIERS_SP-MARKET-REPORT.pdf
2024-07-29,31,bulk_carriers,1,GREAT NAVIGATOR,BC,176303.0,2006,Universal Shbldg - Tsu,18.50,18.5,UNDISCLOSED,,carriers_2024_W31_WK-31-24-CARRIERS_SP-MARKET-REPORT.pdf
2024-07-29,31,bulk_carriers,1,XING DE HAI,BC,82204.0,2017,Oshima Shipbuilding Co Ltd,37.00,37.0,ARCELOR MITTAL,,carriers_2024_W31_WK-31-24-CARRIERS_SP-MARKET-REPORT.pdf
2024-07-29,31,bulk_carriers,1,SWANSEA,BC,63310.0,2015,Yangzhou Dayang Shipbuilding,25.50,25.5,CASTOR MARITIME,,carriers_2024_W31_WK-31-24-CARRIERS_SP-MARKET-REPORT.pdf
2024-07-29,31,bulk_carriers,1,XING XI HAI,BC,60498.0,2017,Mitsui Chiba Ichihara,32.50,32.5,GREEK,,carriers_2024_W31_WK-31-24-CARRIERS_SP-MARKET-REPORT.pdf
2024-07-29,31,bulk_carriers,1,SOCRATIS,BC,58609.0,2010,SPP Plant & Shipbuilding Co,-,,UNDISCLOSED,,carriers_2024_W31_WK-31-24-CARRIERS_SP-MARKET-REPORT.pdf
2024-07-29,31,bulk_carriers,1,HEILAN CRUISER,BC,56922.0,2012,Shanghai Shipyard Co Ltd,14.20,14.2,CHINESE,,carriers_2024_W31_WK-31-24-CARRIERS_SP-MARKET-REPORT.pdf
2024-07-29,31,bulk_carriers,1,MARINOR,BC,56784.0,2009,Jiangsu Hantong Ship HI,13.00,13.0,GREEK,,carriers_2024_W31_WK-31-24-CARRIERS_SP-MARKET-REPORT.pdf
2024-07-29,31,bulk_carriers,1,IONIC STORM,BC,56032.0,2005,Mitsui Chiba Ichihara,13.30,13.3,GREEK,,carriers_2024_W31_WK-31-24-CARRIERS_SP-MARKET-REPORT.pdf
2024-07-29,31,bulk_carriers,1,SEA SMILE,BC,38109.0,2012,Shimanami Shipyard Co Ltd,17.00,17.0,CHINESE,,carriers_2024_W31_WK-31-24-CARRIERS_SP-MARKET-REPORT.pdf
2024-07-29,31,bulk_carriers,1,UGLJAN,BC,37729.0,2010,Jiangsu Eastern HI,11.00,11.0,UNDISCLOSED,,carriers_2024_W31_WK-31-24-CARRIERS_SP-MARKET-REPORT.pdf
2024-07-29,31,bulk_carriers,1,LIFE PASSION,BC,37332.0,2018,Nanjing Dongze Shipyard Co,22.00,22.0,UNDISCLOSED,,carriers_2024_W31_WK-31-24-CARRIERS_SP-MARKET-REPORT.pdf
2024-07-29,31,bulk_carriers,1,BUNUN GLORY,BC,37046.0,2015,Saiki Heavy Industries Co Ltd,23.00,23.0,UNDISCLOSED,,carriers_2024_W31_WK-31-24-CARRIERS_SP-MARKET-REPORT.pdf
2024-07-29,31,bulk_carriers,1,DARYA JAMUNA,BC,36845.0,2012,Hyundai Mipo Dockyard Co Ltd,LOW 16.00,16.0,UNDISCLOSED,,carriers_2024_W31_WK-31-24-CARRIERS_SP-MARKET-REPORT.pdf
2024-07-29,31,bulk_carriers,1,SEASTAR TITAN,BC,30439.0,2009,Tsuji Heavy Industries Jiangsu,9.00,9.0,UNDISCLOSED,,carriers_2024_W31_WK-31-24-CARRIERS_SP-MARKET-REPORT.pdf
2024-07-29,31,tankers,1,EMERALD I,TANKER,104611.0,2007,Samsung Heavy Inds - Geoje,38.00,38.0,UNDISCLOSED,,carriers_2024_W31_WK-31-24-CARRIERS_SP-MARKET-REPORT.pdf
2024-07-29,31,tankers,1,JAG PRANAV,TANKER,51383.0,2005,STX Shipbuilding - Jinhae,17.20,17.2,UNDISCLOSED,,carriers_2024_W31_WK-31-24-CARRIERS_SP-MARKET-REPORT.pdf
2024-07-29,31,tankers,1,KANG YUN,TANKER,43407.0,1992,China Shipbuilding - Keelung,4.75,4.75,CHINESE,,carriers_2024_W31_WK-31-24-CARRIERS_SP-MARKET-REPORT.pdf
2024-07-29,31,tankers,1,SUGAR,TANKER,42721.0,2002,Hyundai Mipo Dockyard Co Ltd,14.50,14.5,NIGERIAN,,carriers_2024_W31_WK-31-24-CARRIERS_SP-MARKET-REPORT.pdf
2024-07-29,31,tankers,1,BRAVELY SINCERITY,TANKER,14445.0,2010,Yangzhou Kejin Shipyard Co,10.70,10.7,UNDISCLOSED,,carriers_2024_W31_WK-31-24-CARRIERS_SP-MARKET-REPORT.pdf
2024-07-29,31,tankers,1,PEARL MAYA,TANKER,7999.0,2018,Bohai Shipbuilding Heavy Ind,16.50,16.5,UNDISCLOSED,,carriers_2024_W31_WK-31-24-CARRIERS_SP-MARKET-REPORT.pdf
2024-07-29,31,tankers,1,VICTORIA LYRA,VLGC,58677.0,2008,Hyundai Heavy Inds - Ulsan,60.00,60.0,UNDISCLOSED,,carriers_2024_W31_WK-31-24-CARRIERS_SP-MARKET-REPORT.pdf
2024-07-29,31,tankers,1,KEEGAN NO. 1,VLGC,55075.0,2020,Jiangnan Shipyard Group Co,92.50,92.5,JP MORGAN,,carriers_2024_W31_WK-31-24-CARRIERS_SP-MARKET-REPORT.pdf
2024-07-29,31,tankers,1,KEEGAN NO. 2,VLGC,55065.0,2020,Jiangnan Shipyard Group Co,92.50,92.5,JP MORGAN,,carriers_2024_W31_WK-31-24-CARRIERS_SP-MARKET-REPORT.pdf
2024-07-29,31,tankers,1,ADDRESS GAS,VLGC,49999.0,2000,Mitsubishi Nagasaki,45.75,45.75,UNDISCLOSED,,carriers_2024_W31_WK-31-24-CARRIERS_SP-MARKET-REPORT.pdf
2024-07-29,31,tankers,1,SC COMMANDER LVII,VLGC,49723.0,1999,Mitsubishi Nagasaki,43.00,43.0,UNDISCLOSED,,carriers_2024_W31_WK-31-24-CARRIERS_SP-MARKET-REPORT.pdf
2024-08-06,32,bulk_carriers,1,MINERAL HIROSHIGE,BC,208572.0,2019,Imabari Shipbuilding,70.00,70.0,PAN OCEAN,Dely December,carriers_2024_W32_WK-32-24-CARRIERS_SP-MARKET-REPORT.pdf
2024-08-06,32,bulk_carriers,1,THERESA GUANGDONG,BC,81905.0,2012,Jiangsu Eastern,19.10,19.1,FUJIAN HIGHTON,,carriers_2024_W32_WK-32-24-CARRIERS_SP-MARKET-REPORT.pdf
2024-08-06,32,bulk_carriers,1,THERESA JILIN,BC,81610.0,2012,Sainty Shipbuilding,19.10,19.1,FUJIAN HIGHTON,,carriers_2024_W32_WK-32-24-CARRIERS_SP-MARKET-REPORT.pdf
2024-08-06,32,bulk_carriers,1,CENTURY ZHENGZHOU,BC,63550.0,2024,Nantong Xiangyu,38.30,38.3,SPAR SHIPPING,,carriers_2024_W32_WK-32-24-CARRIERS_SP-MARKET-REPORT.pdf
2024-08-06,32,bulk_carriers,1,JAL KAMAL,BC,63319.0,2020,Imabari Shipbuilding,37.80,37.8,UNDISCLOSED,,carriers_2024_W32_WK-32-24-CARRIERS_SP-MARKET-REPORT.pdf
2024-08-06,32,bulk_carriers,1,DOLCE VITA,BC,61616.0,2012,Oshima Shipbuilding,23.50,23.5,CHINESE,,carriers_2024_W32_WK-32-24-CARRIERS_SP-MARKET-REPORT.pdf
2024-08-06,32,bulk_carriers,1,TRISTAR PROSPERITY,BC,56824.0,2012,Cosco Guangdong,14.50,14.5,UNDISCLOSED,,carriers_2024_W32_WK-32-24-CARRIERS_SP-MARKET-REPORT.pdf
2024-08-06,32,bulk_carriers,1,MONICA D,BC,52478.0,2001,Shin Kurushima,7.80,7.8,UNDISCLOSED,SS due 12/2026,carriers_2024_W32_WK-32-24-CARRIERS_SP-MARKET-REPORT.pdf
2024-08-06,32,bulk_carriers,1,CIELO DI TAMPA,BC,39202.0,2016,Yangfan Group Co Ltd,22.80,22.8,EUROPEAN,,carriers_2024_W32_WK-32-24-CARRIERS_SP-MARKET-REPORT.pdf
2024-08-06,32,bulk_carriers,1,LIFE PASSION,BC,37332.0,2018,Nanjing Dongze,22.00,22.0,GERMAN,,carriers_2024_W32_WK-32-24-CARRIERS_SP-MARKET-REPORT.pdf
2024-08-06,32,bulk_carriers,1,BUNUN GLORY,BC,37046.0,2015,Saiki Heavy Industries Co Ltd,21.50,21.5,TURKISH,,carriers_2024_W32_WK-32-24-CARRIERS_SP-MARKET-REPORT.pdf
2024-08-06,32,tankers,1,HAFNIA THAMES,TANKER,76586.0,2008,Dalian Shipbuilding,28.00,28.0,AKROTIRI TANKER,,carriers_2024_W32_WK-32-24-CARRIERS_SP-MARKET-REPORT.pdf
2024-08-06,32,tankers,1,NAVE ORBIT,TANKER,49999.0,2009,SPP Shipbuilding,26.00,26.0,UNDISCLOSED,SS/DD due 10/2024,carriers_2024_W32_WK-32-24-CARRIERS_SP-MARKET-REPORT.pdf
2024-08-06,32,tankers,1,LINCOLN PARK,TANKER,19801.0,2012,Kitanihon Shipbuilding,25.50,25.5,CHINESE,,carriers_2024_W32_WK-32-24-CARRIERS_SP-MARKET-REPORT.pdf
2024-08-06,32,tankers,1,AGARTHA,TANKER,4693.0,2003,"Ceksan,Turkey",4.80,4.8,UNDISCLOSED,,carriers_2024_W32_WK-32-24-CARRIERS_SP-MARKET-REPORT.pdf
2024-08-06,32,tankers,1,YAS,ETHYLENE,9023.0,2014,STX Busan,28.50,28.5,DONG-A TANKER,including tc till 11/2024,carriers_2024_W32_WK-32-24-CARRIERS_SP-MARKET-REPORT.pdf
2024-08-19,33,bulk_carriers,1,ROSCO POPLAR,BC,82331.0,2008,Oshima Shipbuilding Co Ltd,17.60,17.6,UNDISCLOSED,,carriers_2024_W33_WK-3334-24-CARRIERS_SP-MARKET-REPORT.pdf
2024-08-19,33,bulk_carriers,1,BEAUTY LOTUS,BC,63685.0,2015,China Shipping Ind Jiangsu,,,UNDISCLOSED,,carriers_2024_W33_WK-3334-24-CARRIERS_SP-MARKET-REPORT.pdf
2024-08-19,33,bulk_carriers,1,BEAUTY LILY,BC,63654.0,2015,China Shipping Ind Jiangsu,97.00 EN BLOC,97.0,UNDISCLOSED,,carriers_2024_W33_WK-3334-24-CARRIERS_SP-MARKET-REPORT.pdf
2024-08-19,33,bulk_carriers,1,BEAUTY JASMINE,BC,63638.0,2015,China Shipping Ind Jiangsu,97.00 EN BLOC,97.0,UNDISCLOSED,,carriers_2024_W33_WK-3334-24-CARRIERS_SP-MARKET-REPORT.pdf
2024-08-19,33,bulk_carriers,1,BEAUTY PEONY,BC,63587.0,2015,China Shipping Ind Jiangsu,97.00 EN BLOC,97.0,UNDISCLOSED,,carriers_2024_W33_WK-3334-24-CARRIERS_SP-MARKET-REPORT.pdf
2024-08-19,33,bulk_carriers,1,SEACON ATHENS,BC,63290.0,2019,Nantong Xiangyu Shipbuilding,32.10,32.1,SINGAPOREAN,,carriers_2024_W33_WK-3334-24-CARRIERS_SP-MARKET-REPORT.pdf
2024-08-19,33,bulk_carriers,1,GREAT SPRING,BC,61438.0,2017,DALIAN COSCO KHI SHIP,27.80,27.8,UNDISCLOSED,,carriers_2024_W33_WK-3334-24-CARRIERS_SP-MARKET-REPORT.pdf
2024-08-19,33,bulk_carriers,1,VIGOR SW,BC,32228.0,2009,Kanda Kawajiri,13.00,13.0,UNDISCLOSED,,carriers_2024_W33_WK-3334-24-CARRIERS_SP-MARKET-REPORT.pdf
2024-08-19,33,bulk_carriers,1,CS CAPRICE,BC,30465.0,2010,Tsuji Heavy Industries Jiangsu,11.00,11.0,UNDISCLOSED,,carriers_2024_W33_WK-3334-24-CARRIERS_SP-MARKET-REPORT.pdf
2024-08-19,33,tankers,1,GALL,TANKER,28310.0,2018,Wuhu Shipyard Co Ltd,26.00,26.0,TURKISH,,carriers_2024_W33_WK-3334-24-CARRIERS_SP-MARKET-REPORT.pdf
2024-08-19,33,tankers,1,SAMBONG HERA,TANKER,11416.0,2018,STX OFFSHORE & SHBLDG,13.80,13.8,UNDISCLOSED,,carriers_2024_W33_WK-3334-24-CARRIERS_SP-MARKET-REPORT.pdf
2024-08-19,33,tankers,1,AVANCE POLARIS,VLGC,58312.0,2022,Daewoo Shipbuilding & Marine,,,,,carriers_2024_W33_WK-3334-24-CARRIERS_SP-MARKET-REPORT.pdf
2024-08-19,33,tankers,1,AVANCE AVIOR,VLGC,58247.0,2023,Hanwha Ocean Co Ltd,,,,,carriers_2024_W33_WK-3334-24-CARRIERS_SP-MARKET-REPORT.pdf
2024-08-19,33,tankers,1,AVANCE CAPELLA,VLGC,58243.0,2022,Daewoo Shipbuilding & Marine,,,,,carriers_2024_W33_WK-3334-24-CARRIERS_SP-MARKET-REPORT.pdf
2024-08-19,33,tankers,1,AVANCE RIGEL,VLGC,58207.0,2023,Daewoo Shipbuilding & Marine,1.05 BILLION OF,1.05,,,carriers_2024_W33_WK-3334-24-CARRIERS_SP-MARKET-REPORT.pdf
2024-08-19,33,tankers,1,MISTRAL,VLGC,53854.0,2015,Shanghai Jiangnan Changxing,WHICH 585,585.0,,,carriers_2024_W33_WK-3334-24-CARRIERS_SP-MARKET-REPORT.pdf
2024-08-19,33,tankers,1,BREEZE,VLGC,53781.0,2015,Shanghai Jiangnan Changxing,"MILLION IN CASH, 333",333.0,BW LPG,,carriers_2024_W33_WK-3334-24-CARRIERS_SP-MARKET-REPORT.pdf
2024-08-19,33,tankers,1,MONSOON,VLGC,53752.0,2015,Shanghai Jiangnan Changxing,MILLION IN,,,,carriers_2024_W33_WK-3334-24-CARRIERS_SP-MARKET-REPORT.pdf
2024-08-19,33,tankers,1,PASSAT,VLGC,53701.0,2015,Shanghai Jiangnan Changxing,SHARES AND 132 MILLION IN,132.0,,,carriers_2024_W33_WK-3334-24-CARRIERS_SP-MARKET-REPORT.pdf
2024-08-19,33,tankers,1,CHINOOK,VLGC,53660.0,2015,Shanghai Jiangnan Changxing,DEBT NOVATION,,,,carriers_2024_W33_WK-3334-24-CARRIERS_SP-MARKET-REPORT.pdf
2024-08-19,33,tankers,1,AVANCE LEVANT,VLGC,53658.0,2015,Shanghai Jiangnan Changxing,,,,,carriers_2024_W33_WK-3334-24-CARRIERS_SP-MARKET-REPORT.pdf
2024-08-19,33,tankers,1,SIROCCO,VLGC,53558.0,2015,Shanghai Jiangnan Changxing,,,,,carriers_2024_W33_WK-3334-24-CARRIERS_SP-MARKET-REPORT.pdf
2024-08-19,33,tankers,1,PAMPERO,VLGC,53503.0,2015,Shanghai Jiangnan Changxing,,,,,carriers_2024_W33_WK-3334-24-CARRIERS_SP-MARKET-REPORT.pdf
2024-08-19,33,containers,1,KMARIN AZUR,CV,66347.0,2013,Hyundai Samho HI,53.00,53.0,UNDISCLOSED,4622 TEU,carriers_2024_W33_WK-3334-24-CARRIERS_SP-MARKET-REPORT.pdf
2024-08-19,33,containers,1,KMARIN ATLANTICA,CV,66347.0,2013,Hyundai Samho HI,53.00,53.0,UNDISCLOSED,4622 TEU,carriers_2024_W33_WK-3334-24-CARRIERS_SP-MARKET-REPORT.pdf
2024-08-19,33,containers,1,AS PAOLA,CV,33868.0,2005,Aker MTW Werft GmbH,20.50,20.5,HMM,2478 TEU,carriers_2024_W33_WK-3334-24-CARRIERS_SP-MARKET-REPORT.pdf
2024-08-19,33,containers,1,WANA BHUM,CV,30832.0,2005,Mitsubishi Shimonoseki,20.00,20.0,HMM,2378 TEU,carriers_2024_W33_WK-3334-24-CARRIERS_SP-MARKET-REPORT.pdf
2024-08-19,33,containers,1,XUTRA BHUM,CV,30832.0,2005,Mitsubishi Shimonoseki,20.00,20.0,HMM,2378 TEU,carriers_2024_W33_WK-3334-24-CARRIERS_SP-MARKET-REPORT.pdf
2024-08-26,35,bulk_carriers,1,NORD PENGUIN,BC,81841.0,2015,Oshima Shipbuilding Co Ltd,30.60,30.6,GREEK,,carriers_2024_W35_WK-35-24-CARRIERS_SP-MARKET-REPORT.pdf
2024-08-26,35,bulk_carriers,1,ELSA S,BC,80868.0,2015,JAPAN MARINE UTD,30.50,30.5,UNDISCLOSED,,carriers_2024_W35_WK-35-24-CARRIERS_SP-MARKET-REPORT.pdf
2024-08-26,35,bulk_carriers,1,SANIA,BC,57011.0,2010,Qingshan Shipyard,12.50,12.5,CHINESE,,carriers_2024_W35_WK-35-24-CARRIERS_SP-MARKET-REPORT.pdf
2024-08-26,35,bulk_carriers,1,EFFICIENCY OL,BC,37000.0,2010,Saiki Heavy Industries Co Ltd,15.00,15.0,UNDISCLOSED,,carriers_2024_W35_WK-35-24-CARRIERS_SP-MARKET-REPORT.pdf
2024-08-26,35,tankers,1,MILTIADIS JUNIOR,TANKER,320926.0,2014,Shanghai Waigaoqiao Shbldg,,,,,carriers_2024_W35_WK-35-24-CARRIERS_SP-MARKET-REPORT.pdf
2024-08-26,35,tankers,1,AMYNTAS,TANKER,320785.0,2019,Samsung Heavy Inds - Geoje,,,,,carriers_2024_W35_WK-35-24-CARRIERS_SP-MARKET-REPORT.pdf
2024-08-26,35,tankers,1,APOLLONAS,TANKER,299999.0,2016,Daewoo Shipbuilding & Marine,,,,,carriers_2024_W35_WK-35-24-CARRIERS_SP-MARKET-REPORT.pdf
2024-08-26,35,tankers,1,ATROMITOS,TANKER,299999.0,2016,Daewoo Shipbuilding & Marine,,,,,carriers_2024_W35_WK-35-24-CARRIERS_SP-MARKET-REPORT.pdf
2024-08-26,35,tankers,1,AMORE MIO,TANKER,299847.0,2022,Hyundai Samho HI,1 BILLION EN,1.0,BAHRI,,carriers_2024_W35_WK-35-24-CARRIERS_SP-MARKET-REPORT.pdf
2024-08-26,35,tankers,1,ALTEREGO,TANKER,299847.0,2022,Hyundai Samho HI,BLOC,,,,carriers_2024_W35_WK-35-24-CARRIERS_SP-MARKET-REPORT.pdf
2024-08-26,35,tankers,1,AMPHION,TANKER,298998.0,2019,Samsung Heavy Inds,,,,,carriers_2024_W35_WK-35-24-CARRIERS_SP-MARKET-REPORT.pdf
2024-08-26,35,tankers,1,ANDRONIKOS,TANKER,298998.0,2019,Samsung Heavy Inds,,,,,carriers_2024_W35_WK-35-24-CARRIERS_SP-MARKET-REPORT.pdf
2024-08-26,35,tankers,1,AGITOS,TANKER,298998.0,2019,Samsung Heavy Inds,,,,,carriers_2024_W35_WK-35-24-CARRIERS_SP-MARKET-REPORT.pdf
2024-08-26,35,tankers,1,OSGOOD,TANKER,108936.0,2008,Shanghai Waigaoqiao Shbldg,40.00,40.0,MIDDLE EASTERN,,carriers_2024_W35_WK-35-24-CARRIERS_SP-MARKET-REPORT.pdf
2024-08-26,35,tankers,1,CRIMSON PEARL,TANKER,51492.0,2017,MINAMINIPPON SHBLDG,31.00,31.0,DAMICO,,carriers_2024_W35_WK-35-24-CARRIERS_SP-MARKET-REPORT.pdf
2024-08-26,35,tankers,1,ELEGANT GRACE,TANKER,50698.0,2009,SPP Shipbuilding - Tongyeong,28.00,28.0,UNDISCLOSED,,carriers_2024_W35_WK-35-24-CARRIERS_SP-MARKET-REPORT.pdf
2024-08-26,35,containers,1,VEGA DAYTONA,CV,19974.0,2023,Yangfan,33.00,33.0,FOLK MARITIME,1868 TEU,carriers_2024_W35_WK-35-24-CARRIERS_SP-MARKET-REPORT.pdf
2024-09-02,36,bulk_carriers,1,CAPE AZALEA,BC,208025.0,2012,Nantong COSCO KHI Ship Eng,38.50,38.5,CHINESE,,carriers_2024_W36_WK-36-24-CARRIERS_SP-MARKET-REPORT.pdf
2024-09-02,36,bulk_carriers,1,AZURE OCEAN,BC,180184.0,2007,Imabari Shbldg - Saijo,25.00,25.0,CHINESE,,carriers_2024_W36_WK-36-24-CARRIERS_SP-MARKET-REPORT.pdf
2024-09-02,36,bulk_carriers,1,LILA LISBON,BC,176423.0,2003,Universal Shbldg - Tsu,12.50,12.5,CHINESE,,carriers_2024_W36_WK-36-24-CARRIERS_SP-MARKET-REPORT.pdf
2024-09-02,36,bulk_carriers,1,MARAN PROSPERITY,BC,174240.0,2006,Shanghai Waigaoqiao Shipbuilding Co Ltd - Shanghai,21.50,21.5,CHINESE,,carriers_2024_W36_WK-36-24-CARRIERS_SP-MARKET-REPORT.pdf
2024-09-02,36,bulk_carriers,1,GOLDEN RUBY,BC,74052.0,2014,Pipavav Defence & Offshore,21.00,21.0,UNDISCLOSED,,carriers_2024_W36_WK-36-24-CARRIERS_SP-MARKET-REPORT.pdf
2024-09-02,36,bulk_carriers,1,ISOLDA,BC,34941.0,1999,Mitsui Chiba Ichihara,5.80,5.8,UNDISCLOSED,,carriers_2024_W36_WK-36-24-CARRIERS_SP-MARKET-REPORT.pdf
2024-09-02,36,bulk_carriers,1,AFRICAN EGRET,BC,34370.0,2016,Namura Shipbuilding - Imari,21.50,21.5,UNDISCLOSED,,carriers_2024_W36_WK-36-24-CARRIERS_SP-MARKET-REPORT.pdf
2024-09-02,36,bulk_carriers,1,FLORIANA,BC,33862.0,2012,21st Century Shipbuilding Co,XS 14.00,14.0,GREEK,,carriers_2024_W36_WK-36-24-CARRIERS_SP-MARKET-REPORT.pdf
2024-09-02,36,tankers,1,FAIR WORLD,TANKER,74999.0,2004,Hyundai Heavy Inds - Ulsan,20.50,20.5,CHINESE,SS/DD PASSED,carriers_2024_W36_WK-36-24-CARRIERS_SP-MARKET-REPORT.pdf
2024-09-02,36,tankers,1,TWO MILLION WAYS,TANKER,73965.0,2008,Onomichi Dockyard Co Ltd,30.00,30.0,UNDISCLOSED,,carriers_2024_W36_WK-36-24-CARRIERS_SP-MARKET-REPORT.pdf
2024-09-02,36,tankers,1,PIONEER,TANKER,49000.0,2005,Daewoo Shipbuilding & Marine,18.00,18.0,UNDISCLOSED,,carriers_2024_W36_WK-36-24-CARRIERS_SP-MARKET-REPORT.pdf
2024-09-02,36,tankers,1,FOS POWER,TANKER,47371.0,2007,Onomichi Dockyard Co Ltd,24.00,24.0,UNDISCLOSED,,carriers_2024_W36_WK-36-24-CARRIERS_SP-MARKET-REPORT.pdf
2024-09-02,36,tankers,1,KALAMOS,TANKER,46719.0,2004,Iwagi Zosen Co Ltd,17.80,17.8,UNDISCLOSED,SS/DD DUE,carriers_2024_W36_WK-36-24-CARRIERS_SP-MARKET-REPORT.pdf
2024-09-02,36,tankers,1,BULL FLORES,TANKER,37383.0,2002,Hyundai Mipo Dockyard Co Ltd,-,,UNDISCLOSED,,carriers_2024_W36_WK-36-24-CARRIERS_SP-MARKET-REPORT.pdf
2024-09-02,36,tankers,1,FORTUNE SWAN,TANKER,11260.0,2006,STX Shipbuilding - Busan,9.20,9.2,UNDISCLOSED,,carriers_2024_W36_WK-36-24-CARRIERS_SP-MARKET-REPORT.pdf
2024-09-02,36,containers,1,AS FATIMA,CV,18343.0,2008,Zhejiang Ouhua Shipbuilding,11.90,11.9,UNDISCLOSED,1284 TEU,carriers_2024_W36_WK-36-24-CARRIERS_SP-MARKET-REPORT.pdf
2024-09-09,37,bulk_carriers,1,MINERAL CHARLIE,BC,205236.0,2012,HHIC-Phil Inc,39.00,39.0,UNDISCLOSED,,carriers_2024_W37_WK-37-24-CARRIERS_SP-MARKET-REPORT.pdf
2024-09-09,37,bulk_carriers,1,HERUN ZHEJIANG,BC,181056.0,2017,Shanghai Waigaoqiao Shbldg,-,,MARAN DRY,,carriers_2024_W37_WK-37-24-CARRIERS_SP-MARKET-REPORT.pdf
2024-09-09,37,bulk_carriers,1,NORD MAGNES,BC,179546.0,2011,HHIC-Phil Inc,31.50,31.5,CHINESE,,carriers_2024_W37_WK-37-24-CARRIERS_SP-MARKET-REPORT.pdf
2024-09-09,37,bulk_carriers,1,ALPHA PRUDENCE,BC,178002.0,2008,Shanghai Waigaoqiao Shbldg,24.50,24.5,CHINESE,,carriers_2024_W37_WK-37-24-CARRIERS_SP-MARKET-REPORT.pdf
2024-09-09,37,bulk_carriers,1,GLOVIS AMBITION,BC,172559.0,2002,NKK Corp - Tsu,14.20,14.2,UNDISCLOSED,,carriers_2024_W37_WK-37-24-CARRIERS_SP-MARKET-REPORT.pdf
2024-09-09,37,bulk_carriers,1,AMIS MIRACLE,BC,62601.0,2018,Oshima Shipbuilding Co Ltd,34.35,34.35,BAHRI,,carriers_2024_W37_WK-37-24-CARRIERS_SP-MARKET-REPORT.pdf
2024-09-09,37,bulk_carriers,1,TITAN I,BC,58090.0,2009,Tsuneishi Heavy Inds Cebu,16.00,16.0,GURITA LINTAS SAMUDERA,,carriers_2024_W37_WK-37-24-CARRIERS_SP-MARKET-REPORT.pdf
2024-09-09,37,bulk_carriers,1,NASCO PEARL,BC,56861.0,2010,Zhejiang Zhenghe Shipbuilding,12.50,12.5,CHINESE,,carriers_2024_W37_WK-37-24-CARRIERS_SP-MARKET-REPORT.pdf
2024-09-09,37,bulk_carriers,1,JAG RANI,BC,56819.0,2011,COSCO Zhoushan Shipyard Co,14.00,14.0,UNDISCLOSED,,carriers_2024_W37_WK-37-24-CARRIERS_SP-MARKET-REPORT.pdf
2024-09-09,37,bulk_carriers,1,NASCO JADE,BC,56316.0,2010,Zhejiang Zhenghe Shipbuilding,12.50,12.5,CHINESE,,carriers_2024_W37_WK-37-24-CARRIERS_SP-MARKET-REPORT.pdf
2024-09-09,37,bulk_carriers,1,SPARNA,BC,54881.0,2006,Oshima Shipbuilding Co Ltd,14.00,14.0,UNDISCLOSED,,carriers_2024_W37_WK-37-24-CARRIERS_SP-MARKET-REPORT.pdf
2024-09-09,37,bulk_carriers,1,ZHE HAI 362,BC,35091.0,2010,Zhejiang Tenglong Shipyard,8.30,8.3,UNDISCLOSED,,carriers_2024_W37_WK-37-24-CARRIERS_SP-MARKET-REPORT.pdf
2024-09-09,37,bulk_carriers,1,THOMAS SELMER,BC,34963.0,2011,Samjin Shipbuilding Industries,13.00,13.0,UNDISCLOSED,,carriers_2024_W37_WK-37-24-CARRIERS_SP-MARKET-REPORT.pdf
2024-09-09,37,bulk_carriers,1,ZHE HAI 161,BC,33478.0,2007,Zhoushan Wuzhou,6.00,6.0,UNDISCLOSED,,carriers_2024_W37_WK-37-24-CARRIERS_SP-MARKET-REPORT.pdf
2024-09-09,37,bulk_carriers,1,ELEGANT EMILIE,BC,33248.0,2008,Shin Kochi,12.50,12.5,UNDISCLOSED,,carriers_2024_W37_WK-37-24-CARRIERS_SP-MARKET-REPORT.pdf
2024-09-09,37,bulk_carriers,1,GLOBE EXPLORER,BC,28316.0,2015,I-S Shipyard Co Ltd,14.20,14.2,UNDISCLOSED,,carriers_2024_W37_WK-37-24-CARRIERS_SP-MARKET-REPORT.pdf
2024-09-09,37,tankers,1,TENACITY,TANKER,50143.0,2014,Guangzhou Shipyard Intl Co,40.00,40.0,AERIO SHIPMGMT,,carriers_2024_W37_WK-37-24-CARRIERS_SP-MARKET-REPORT.pdf
2024-09-09,37,tankers,1,STI TEXAS CITY,TANKER,49990.0,2014,SPP SHIPBUILDING - SAC,42.50,42.5,UNDISCLOSED,,carriers_2024_W37_WK-37-24-CARRIERS_SP-MARKET-REPORT.pdf
2024-09-09,37,tankers,1,STI SAN ANTONIO,TANKER,49990.0,2014,SPP SHIPBUILDING - SAC,42.50,42.5,UNDISCLOSED,,carriers_2024_W37_WK-37-24-CARRIERS_SP-MARKET-REPORT.pdf
2024-09-09,37,tankers,1,LYDERHORN,TANKER,33849.0,2006,Shin Kurushima Onishi,26.70,26.7,CHINESE,ST.STEEL,carriers_2024_W37_WK-37-24-CARRIERS_SP-MARKET-REPORT.pdf
2024-09-09,37,tankers,1,GAS CAUAYAN,LPG,5352.0,2006,SHITANOE SHIPBUILDING,7.40,7.4,UNDISCLOSED,DD DUE,carriers_2024_W37_WK-37-24-CARRIERS_SP-MARKET-REPORT.pdf
2024-09-09,37,containers,1,BUXFAVOURITE,CV,34083.0,1997,Daewoo Heavy Industries Ltd,10.80,10.8,CHINESE,"2,456 TEU",carriers_2024_W37_WK-37-24-CARRIERS_SP-MARKET-REPORT.pdf
2024-09-16,38,bulk_carriers,1,STAR TRIUMPH,BC,176343.0,2004,Universal Shbldg - Tsu,20.00,20.0,CHINESE,,carriers_2024_W38_WK-38-24-CARRIERS_SP-MARKET-REPORT.pdf
2024-09-16,38,bulk_carriers,1,KITAURA,BC,119277.0,2012,Sanoyas Shipbuilding Corp,25.00,25.0,ALBERTA SHIPMGMT,,carriers_2024_W38_WK-38-24-CARRIERS_SP-MARKET-REPORT.pdf
2024-09-16,38,bulk_carriers,1,DIAS,BC,74716.0,2001,Hudong-Zhonghua,6.70,6.7,CHINESE,,carriers_2024_W38_WK-38-24-CARRIERS_SP-MARKET-REPORT.pdf
2024-09-16,38,bulk_carriers,1,QUEEN SAPPHIRE,BC,61388.0,2011,Iwagi Zosen Co Ltd,21.00,21.0,CHINESE,,carriers_2024_W38_WK-38-24-CARRIERS_SP-MARKET-REPORT.pdf
2024-09-16,38,bulk_carriers,1,ETERNAL HAKATA,BC,61353.0,2014,Imabari Shbldg - Imabari,25.00,25.0,SEASTAR,,carriers_2024_W38_WK-38-24-CARRIERS_SP-MARKET-REPORT.pdf
2024-09-16,38,bulk_carriers,1,SAGARJEET,BC,58079.0,2009,Tsuneishi Zhoushan Shbldg,LOW 16'S,16.0,INDONESIAN,,carriers_2024_W38_WK-38-24-CARRIERS_SP-MARKET-REPORT.pdf
2024-09-16,38,bulk_carriers,1,MANDARIN PHOENIX,BC,57000.0,2010,Jiangsu Hantong Ship HI,,,UNDISCLOSED,,carriers_2024_W38_WK-38-24-CARRIERS_SP-MARKET-REPORT.pdf
2024-09-16,38,bulk_carriers,1,MANDARIN EAGLE,BC,56876.0,2008,Jiangsu Hantong Ship HI,,,UNDISCLOSED,,carriers_2024_W38_WK-38-24-CARRIERS_SP-MARKET-REPORT.pdf
2024-09-16,38,bulk_carriers,1,MANDARIN CHINA,BC,56778.0,2011,Jiangsu Hantong Ship HI,,,UNDISCLOSED,,carriers_2024_W38_WK-38-24-CARRIERS_SP-MARKET-REPORT.pdf
2024-09-16,38,bulk_carriers,1,MANDARIN RIVER,BC,56774.0,2011,Jiangsu Hantong Ship HI,80 ENBLOC,80.0,UNDISCLOSED,,carriers_2024_W38_WK-38-24-CARRIERS_SP-MARKET-REPORT.pdf
2024-09-16,38,bulk_carriers,1,MANDARIN HANTONG,BC,56741.0,2011,Jiangsu Hantong Ship HI,,,UNDISCLOSED,,carriers_2024_W38_WK-38-24-CARRIERS_SP-MARKET-REPORT.pdf
2024-09-16,38,bulk_carriers,1,MANDARIN SINGAPORE,BC,56724.0,2011,Jiangsu Hantong Ship HI,,,UNDISCLOSED,,carriers_2024_W38_WK-38-24-CARRIERS_SP-MARKET-REPORT.pdf
2024-09-16,38,bulk_carriers,1,MANDARIN NOBLE,BC,56693.0,2012,Jiangsu Hantong Ship HI,,,UNDISCLOSED,,carriers_2024_W38_WK-38-24-CARRIERS_SP-MARKET-REPORT.pdf
2024-09-16,38,bulk_carriers,1,IMPERIAL EAGLE,BC,55989.0,2010,IHI Marine United - Yokohama,18.00,18.0,UNDISCLOSED,,carriers_2024_W38_WK-38-24-CARRIERS_SP-MARKET-REPORT.pdf
2024-09-16,38,bulk_carriers,1,PRABHU MIHIKAA,BC,55557.0,2005,Oshima Shipbuilding Co Ltd,11.85,11.85,UNDISCLOSED,,carriers_2024_W38_WK-38-24-CARRIERS_SP-MARKET-REPORT.pdf
2024-09-16,38,bulk_carriers,1,HB GOLDEN EAGLE,BC,37720.0,2020,Shimanami Shipyard Co Ltd,28.50,28.5,UNDISCLOSED,,carriers_2024_W38_WK-38-24-CARRIERS_SP-MARKET-REPORT.pdf
2024-09-16,38,bulk_carriers,1,LAVAUX,BC,35774.0,2010,Shinan Heavy Industries,-,,GREEK,,carriers_2024_W38_WK-38-24-CARRIERS_SP-MARKET-REPORT.pdf
2024-09-16,38,bulk_carriers,1,YOCHOW,BC,34398.0,2015,Namura Shipbuilding - Imari,19.00,19.0,UNDISCLOSED,,carriers_2024_W38_WK-38-24-CARRIERS_SP-MARKET-REPORT.pdf
2024-09-16,38,bulk_carriers,1,MAPLE FORTITUDE,BC,32491.0,2011,Taizhou Maple Leaf Shbldg,11.00,11.0,UNDISCLOSED,,carriers_2024_W38_WK-38-24-CARRIERS_SP-MARKET-REPORT.pdf
2024-09-16,38,bulk_carriers,1,GREAT ARSENAL,BC,26566.0,1997,Imabari Shbldg - Imabari,4.85,4.85,UNDISCLOSED,,carriers_2024_W38_WK-38-24-CARRIERS_SP-MARKET-REPORT.pdf
2024-09-16,38,tankers,1,CAPTAIN X KYRIAKOU,TANKER,299991.0,2013,Hyundai Heavy Inds - Ulsan,80.00,80.0,UNDISCLOSED,,carriers_2024_W38_WK-38-24-CARRIERS_SP-MARKET-REPORT.pdf
2024-09-16,38,tankers,1,JAG LALIT,TANKER,158344.0,2005,Hyundai Samho HI,33.00,33.0,UNDISCLOSED,,carriers_2024_W38_WK-38-24-CARRIERS_SP-MARKET-REPORT.pdf
2024-09-16,38,tankers,1,INF LIGHT,TANKER,72735.0,2006,Dalian Shipbuilding Ind - No 1,17.00,17.0,UNDISCLOSED,,carriers_2024_W38_WK-38-24-CARRIERS_SP-MARKET-REPORT.pdf
2024-09-16,38,tankers,1,GRACE COSMOS,LNG,85224.0,2008,Hyundai Heavy Inds - Ulsan,HIGH 50'S,50.0,CHINESE,,carriers_2024_W38_WK-38-24-CARRIERS_SP-MARKET-REPORT.pdf
2024-09-16,38,containers,1,HOEGH NEW YORK,PCTC,21099.0,2005,Daewoo Shipbuilding & Marine,60.60,60.6,UNDISCLOSED,"6,545 CEU",carriers_2024_W38_WK-38-24-CARRIERS_SP-MARKET-REPORT.pdf
2024-09-23,39,bulk_carriers,1,CHINA PEACE,BC,174413.0,2005,Shanghai Waigaoqiao Shbldg,19.50,19.5,UNDISCLOSED,,carriers_2024_W39_WK-39-24-CARRIERS_SP-MARKET-REPORT.pdf
2024-09-23,39,bulk_carriers,1,BRIGHT GEMINI,BC,82073.0,2013,Tsuneishi Zhoushan Shbldg,22.60,22.6,FAR EASTERN,SCRUBBER FITTED,carriers_2024_W39_WK-39-24-CARRIERS_SP-MARKET-REPORT.pdf
2024-09-23,39,bulk_carriers,1,MARTHA,BC,81811.0,2014,Tadotsu Shipbuilding Co Ltd,25.00,25.0,SEA PIONEER,SS/DD PASSED,carriers_2024_W39_WK-39-24-CARRIERS_SP-MARKET-REPORT.pdf
2024-09-23,39,bulk_carriers,1,AM HAMBURG,BC,81792.0,2013,New Times Shipbuilding Co Ltd,XS 18.00,18.0,UNDISCLOSED,,carriers_2024_W39_WK-39-24-CARRIERS_SP-MARKET-REPORT.pdf
2024-09-23,39,bulk_carriers,1,AM QUEBEC,BC,81792.0,2013,New Times Shipbuilding Co Ltd,XS 18.00,18.0,UNDISCLOSED,,carriers_2024_W39_WK-39-24-CARRIERS_SP-MARKET-REPORT.pdf
2024-09-23,39,bulk_carriers,1,VINCENT TRITON,BC,81054.0,2020,Jiangsu Hantong Ship HI,30.30,30.3,GREEK,,carriers_2024_W39_WK-39-24-CARRIERS_SP-MARKET-REPORT.pdf
2024-09-23,39,bulk_carriers,1,BETTYS PERFECTION,BC,76635.0,2007,Sasebo Heavy Industries,14.70,14.7,FAR EASTERN,,carriers_2024_W39_WK-39-24-CARRIERS_SP-MARKET-REPORT.pdf
2024-09-23,39,bulk_carriers,1,ZORINA,BC,57000.0,2011,Zhejiang Zengzhou Shipyard,13.80,13.8,UNDISCLOSED,,carriers_2024_W39_WK-39-24-CARRIERS_SP-MARKET-REPORT.pdf
2024-09-23,39,bulk_carriers,1,DIVA,BC,56582.0,2011,Jiangsu Hantong Ship HI,14.75,14.75,UNDISCLOSED,SCRUBBER FITTED,carriers_2024_W39_WK-39-24-CARRIERS_SP-MARKET-REPORT.pdf
2024-09-23,39,bulk_carriers,1,VISAYAS,BC,56136.0,2010,Mitsui Chiba Ichihara,16.80,16.8,UNDISCLOSED,SS/DD DUE 01/2025,carriers_2024_W39_WK-39-24-CARRIERS_SP-MARKET-REPORT.pdf
2024-09-23,39,bulk_carriers,1,SASSY SOFIA,BC,32759.0,2005,Kanda Kawajiri,9.00,9.0,LEBANESE,,carriers_2024_W39_WK-39-24-CARRIERS_SP-MARKET-REPORT.pdf
2024-09-23,39,bulk_carriers,1,AFRICAN EAGLE,BC,27102.0,2003,New Century Shipbuilding Co,6.00,6.0,FAR EASTERN,,carriers_2024_W39_WK-39-24-CARRIERS_SP-MARKET-REPORT.pdf
2024-09-23,39,tankers,1,MADESTA,TANKER,319180.0,2005,Hyundai Samho HI,40.00,40.0,UNDISCLOSED,,carriers_2024_W39_WK-39-24-CARRIERS_SP-MARKET-REPORT.pdf
2024-09-23,39,tankers,1,SAKE,TANKER,300390.0,2005,IHI Marine United - Kure,XS 40.00,40.0,UNDISCLOSED,,carriers_2024_W39_WK-39-24-CARRIERS_SP-MARKET-REPORT.pdf
2024-09-23,39,tankers,1,ADVANTAGE VIRTUE,TANKER,296481.0,2009,Bohai Shipbuilding Heavy Ind,51.00,51.0,CHINESE,,carriers_2024_W39_WK-39-24-CARRIERS_SP-MARKET-REPORT.pdf
2024-09-23,39,tankers,1,STI LILY,TANKER,109994.0,2019,New Times Shipbuilding Co Ltd,73.50,73.5,PERTAMINA,,carriers_2024_W39_WK-39-24-CARRIERS_SP-MARKET-REPORT.pdf
2024-09-23,39,tankers,1,ALKINOOS,TANKER,109900.0,2019,Shanghai Waigaoqiao Shbldg,73.50,73.5,PERTAMINA,,carriers_2024_W39_WK-39-24-CARRIERS_SP-MARKET-REPORT.pdf
2024-09-23,39,tankers,1,SEA LA VIE,TANKER,49999.0,2007,Hyundai Mipo Dockyard Co Ltd,24.85,24.85,GREEK,,carriers_2024_W39_WK-39-24-CARRIERS_SP-MARKET-REPORT.pdf
2024-09-23,39,tankers,1,CARIBBEAN STAR,TANKER,46383.0,2004,Shin Kurushima Onishi,17.90,17.9,UNDISCLOSED,ZINC COATED,carriers_2024_W39_WK-39-24-CARRIERS_SP-MARKET-REPORT.pdf
2024-09-23,39,tankers,1,MAERSK BARRY,TANKER,29040.0,2006,Guangzhou Shipyard Intl Co,-,,FAR EASTERN,,carriers_2024_W39_WK-39-24-CARRIERS_SP-MARKET-REPORT.pdf
2024-09-23,39,tankers,1,SONGA PEACE,TANKER,19992.0,2009,Usuki Shipyard Co Ltd,23.80,23.8,HEUNG-A SHIPPING,,carriers_2024_W39_WK-39-24-CARRIERS_SP-MARKET-REPORT.pdf
2024-09-23,39,tankers,1,HORIN TRADER,TANKER,19855.0,2015,Usuki Shipyard Co Ltd,32.00,32.0,KOREAN,,carriers_2024_W39_WK-39-24-CARRIERS_SP-MARKET-REPORT.pdf
2024-09-23,39,tankers,1,MANIFESTO,VLGC,54901.0,2013,Hyundai Heavy Inds - Ulsan,71.50,71.5,SIAM GAS,,carriers_2024_W39_WK-39-24-CARRIERS_SP-MARKET-REPORT.pdf
2024-09-23,39,tankers,1,BASHUNDHARA LPG,VLGC,49999.0,2005,Mitsubishi Nagasaki,60.00,60.0,MIDDLE EASTERN,,carriers_2024_W39_WK-39-24-CARRIERS_SP-MARKET-REPORT.pdf
2024-09-23,39,containers,1,SPIRIT OF HONG KONG,CV,51693.0,2010,Hyundai Samho HI,30.00,30.0,UNDISCLOSED,"4,255 TEU",carriers_2024_W39_WK-39-24-CARRIERS_SP-MARKET-REPORT.pdf
2024-09-23,39,containers,1,MANILA VOYAGER,CV,28352.0,1997,Daewoo Heavy Industries Ltd,8.00,8.0,CHINESE,"2,113 TEU DD DUE",carriers_2024_W39_WK-39-24-CARRIERS_SP-MARKET-REPORT.pdf
2024-09-30,40,bulk_carriers,1,MINERAL CLOUDBREAK,BC,205097.0,2012,HHIC-Phil Inc,38.50,38.5,CHINESE,,carriers_2024_W40_WK-40-24-CARRIERS_SP-MARKET-REPORT.pdf
2024-09-30,40,bulk_carriers,1,AZURE OCEAN,BC,180184.0,2007,Imabari Shbldg - Saijo,24.60,24.6,HAI DONG INTL,,carriers_2024_W40_WK-40-24-CARRIERS_SP-MARKET-REPORT.pdf
2024-09-30,40,bulk_carriers,1,ORIENTAL NAVIGATOR,BC,172940.0,1999,NKK Corp - Tsu,11.00,11.0,CHINESE,,carriers_2024_W40_WK-40-24-CARRIERS_SP-MARKET-REPORT.pdf
2024-09-30,40,bulk_carriers,1,LILY ATLANTIC,BC,82171.0,2009,Tsuneishi Holdings - Fukuyama,16.25,16.25,GREEK,SS/DD PASSED,carriers_2024_W40_WK-40-24-CARRIERS_SP-MARKET-REPORT.pdf
2024-09-30,40,bulk_carriers,1,TOMINI NOBILITY,BC,81093.0,2020,Taizhou Kouan Shipbuilding Co,30.00,30.0,UNDISCLOSED,,carriers_2024_W40_WK-40-24-CARRIERS_SP-MARKET-REPORT.pdf
2024-09-30,40,bulk_carriers,1,LOWLANDS AMSTEL,BC,61177.0,2015,Iwagi Zosen Co Ltd,26.40,26.4,FAR EASTERN,,carriers_2024_W40_WK-40-24-CARRIERS_SP-MARKET-REPORT.pdf
2024-09-30,40,bulk_carriers,1,LOUISIANA MAMA,BC,58097.0,2012,Tsuneishi Zhoushan Shbldg,19.00,19.0,UNDISCLOSED,,carriers_2024_W40_WK-40-24-CARRIERS_SP-MARKET-REPORT.pdf
2024-09-30,40,bulk_carriers,1,ZEN-NOH GRAIN,BC,54958.0,2010,Oshima Shipbuilding Co Ltd,15.00,15.0,UNDISCLOSED,,carriers_2024_W40_WK-40-24-CARRIERS_SP-MARKET-REPORT.pdf
2024-09-30,40,bulk_carriers,1,A WISDOM,BC,53503.0,2007,Iwagi Zosen Co Ltd,13.00,13.0,GREEK,,carriers_2024_W40_WK-40-24-CARRIERS_SP-MARKET-REPORT.pdf
2024-09-30,40,bulk_carriers,1,ULTRA TRONADOR,BC,32874.0,2000,Kanda Kawajiri,5.00,5.0,UNDISCLOSED,,carriers_2024_W40_WK-40-24-CARRIERS_SP-MARKET-REPORT.pdf
2024-09-30,40,tankers,1,LAMBADA,TANKER,104866.0,2006,Samsung Heavy Inds - Geoje,30.00,30.0,UNDISCLOSED,,carriers_2024_W40_WK-40-24-CARRIERS_SP-MARKET-REPORT.pdf
2024-09-30,40,tankers,1,ELIJAH,TANKER,45672.0,2007,Bohai Shipbuilding Heavy Ind,21.00,21.0,NIGERIAN,,carriers_2024_W40_WK-40-24-CARRIERS_SP-MARKET-REPORT.pdf
2024-09-30,40,tankers,1,ES SPIRIT,TANKER,13799.0,2020,Samjin Shipbuilding Industries,16.64,16.64,UNDISCLOSED,AUCTION,carriers_2024_W40_WK-40-24-CARRIERS_SP-MARKET-REPORT.pdf
2024-09-30,40,tankers,1,LAMBADA,TANKER,104866.0,2006,Samsung Heavy Inds - Geoje,30.00,30.0,UNDISCLOSED,,carriers_2024_W40_WK-40-24-CARRIERS_SP-MARKET-REPORT.pdf
2024-10-07,41,bulk_carriers,1,GOLDEN GAYLE,BC,206565.0,2011,Universal Shbldg - Tsu,40.00,40.0,UNDISCLOSED,,carriers_2024_W41_WK-41-24-CARRIERS_SP-MARKET-REPORT.pdf
2024-10-07,41,bulk_carriers,1,SEALEADER II,BC,180099.0,2011,Qingdao Beihai Shipbuilding HI,28.00,28.0,CHINESE,,carriers_2024_W41_WK-41-24-CARRIERS_SP-MARKET-REPORT.pdf
2024-10-07,41,bulk_carriers,1,STELLA HOPE,BC,180007.0,2016,Dalian Shipbuilding Ind - No 2,47.00,47.0,GENCO,,carriers_2024_W41_WK-41-24-CARRIERS_SP-MARKET-REPORT.pdf
2024-10-07,41,bulk_carriers,1,AZALEA ISLAND,BC,106445.0,2007,Oshima Shipbuilding Co Ltd,15.00,15.0,CHINESE,,carriers_2024_W41_WK-41-24-CARRIERS_SP-MARKET-REPORT.pdf
2024-10-07,41,bulk_carriers,1,VINCENT TRITON,BC,81054.0,2020,Jiangsu Hantong Ship HI,30.50,30.5,CASTOR,,carriers_2024_W41_WK-41-24-CARRIERS_SP-MARKET-REPORT.pdf
2024-10-07,41,bulk_carriers,1,PAN VIVA,BC,75026.0,2010,Penglai Zhongbai Jinglu Ind,15.00,15.0,UNDISCLOSED,,carriers_2024_W41_WK-41-24-CARRIERS_SP-MARKET-REPORT.pdf
2024-10-07,41,bulk_carriers,1,BEECHGATE,BC,63449.0,2019,Iwagi Zosen Co Ltd,36.00,36.0,MEGHNA,,carriers_2024_W41_WK-41-24-CARRIERS_SP-MARKET-REPORT.pdf
2024-10-07,41,bulk_carriers,1,NORD ADRIATIC,BC,61254.0,2016,Iwagi Zosen Co Ltd,29.00,29.0,UNDISCLOSED,,carriers_2024_W41_WK-41-24-CARRIERS_SP-MARKET-REPORT.pdf
2024-10-07,41,bulk_carriers,1,NPS MOSA,BC,53556.0,2007,Iwagi Zosen Co Ltd,12.00,12.0,KOREAN,,carriers_2024_W41_WK-41-24-CARRIERS_SP-MARKET-REPORT.pdf
2024-10-07,41,bulk_carriers,1,BELLE PLAINE,BC,35485.0,2014,Qingshan Shipyard,16.50,16.5,UNDISCLOSED,,carriers_2024_W41_WK-41-24-CARRIERS_SP-MARKET-REPORT.pdf
2024-10-07,41,bulk_carriers,1,FATIH,BC,35365.0,2011,Samho Shipbuilding Co Ltd,15.50,15.5,UNDISCLOSED,,carriers_2024_W41_WK-41-24-CARRIERS_SP-MARKET-REPORT.pdf
2024-10-07,41,bulk_carriers,1,LILA PIRAEUS,BC,33324.0,2010,Yangzhou Ryuwa Shipbuilding,8.60,8.6,UNDISCLOSED,,carriers_2024_W41_WK-41-24-CARRIERS_SP-MARKET-REPORT.pdf
2024-10-07,41,bulk_carriers,1,MAPLE FORTUNE,BC,32544.0,2010,Taizhou Maple Leaf Shbldg,11.00,11.0,UNDISCLOSED,,carriers_2024_W41_WK-41-24-CARRIERS_SP-MARKET-REPORT.pdf
2024-10-07,41,bulk_carriers,1,KEFALONIA,BC,28742.0,2009,Imabari Shbldg - Imabari,10.50,10.5,UNDISCLOSED,,carriers_2024_W41_WK-41-24-CARRIERS_SP-MARKET-REPORT.pdf
2024-10-07,41,tankers,1,SAFWA,TANKER,303139.0,2002,Samsung Heavy Inds - Geoje,31.65,31.65,CHINESE,,carriers_2024_W41_WK-41-24-CARRIERS_SP-MARKET-REPORT.pdf
2024-10-07,41,tankers,1,PS GENOVA,TANKER,108983.0,2010,Hudong-Zhonghua,40.00,40.0,UAE,,carriers_2024_W41_WK-41-24-CARRIERS_SP-MARKET-REPORT.pdf
2024-10-07,41,tankers,1,PS AUGUSTA,TANKER,51063.0,2011,STX OFFSHORE & SHBLDG,LOW 30’s,30.0,UNDISCLOSED,,carriers_2024_W41_WK-41-24-CARRIERS_SP-MARKET-REPORT.pdf
2024-10-07,41,tankers,1,MARITIME VERITY,TANKER,49993.0,2021,Guangzhou Shipyard Intl Co,48.00,48.0,BAHRI,,carriers_2024_W41_WK-41-24-CARRIERS_SP-MARKET-REPORT.pdf
2024-10-07,41,tankers,1,ALITHINI II,TANKER,49900.0,2008,STX Shipbuilding - Jinhae,27.00,27.0,UAE,,carriers_2024_W41_WK-41-24-CARRIERS_SP-MARKET-REPORT.pdf
2024-10-07,41,tankers,1,MAERSK BARRY,TANKER,29040.0,2006,Guangzhou Shipyard Intl Co,-,,FAR EASTERN,,carriers_2024_W41_WK-41-24-CARRIERS_SP-MARKET-REPORT.pdf
2024-10-07,41,tankers,1,LILA FRONTIER,TANKER,19806.0,2004,Kitanihon,16.10,16.1,KOREAN,,carriers_2024_W41_WK-41-24-CARRIERS_SP-MARKET-REPORT.pdf
2024-10-07,41,tankers,1,LARISA,TANKER,8924.0,2003,Shin Kurushima Imabari,7.50,7.5,INDONESIAN,,carriers_2024_W41_WK-41-24-CARRIERS_SP-MARKET-REPORT.pdf
2024-10-07,41,containers,1,GENOA EXPRESS,CV,52038.0,2014,HHIC-Phil Inc,,,,,carriers_2024_W41_WK-41-24-CARRIERS_SP-MARKET-REPORT.pdf
2024-10-07,41,containers,1,DETROIT EXPRESS,CV,52033.0,2014,HHIC-Phil Inc,180.00 EN BLOC,180.0,MPC,,carriers_2024_W41_WK-41-24-CARRIERS_SP-MARKET-REPORT.pdf
2024-10-07,41,containers,1,BARCELONA EXPRESS,CV,51950.0,2014,HHIC-Phil Inc,180.00 EN BLOC,180.0,CONTAINERS,,carriers_2024_W41_WK-41-24-CARRIERS_SP-MARKET-REPORT.pdf
2024-10-07,41,containers,1,LIVORNO EXPRESS,CV,51916.0,2014,HHIC-Phil Inc,180.00 EN BLOC,180.0,CONTAINERS,,carriers_2024_W41_WK-41-24-CARRIERS_SP-MARKET-REPORT.pdf
2024-10-14,42,bulk_carriers,1,SG EXPRESS,BC,180157.0,2009,Dalian Shipbuilding Ind - No 2,27.00,27.0,CHINESE,SS/DD DUE,carriers_2024_W42_WK-42-24-CARRIERS_SP-MARKET-REPORT.pdf
2024-10-14,42,bulk_carriers,1,LILA COCHIN,BC,174398.0,2005,Shanghai Waigaoqiao Shbldg,18.20,18.2,CHINESE,SS/DD DUE,carriers_2024_W42_WK-42-24-CARRIERS_SP-MARKET-REPORT.pdf
2024-10-14,42,bulk_carriers,1,LOWLANDS ENERGY,BC,95719.0,2013,Imabari Shbldg - Marugame,23.00,23.0,GREEK,,carriers_2024_W42_WK-42-24-CARRIERS_SP-MARKET-REPORT.pdf
2024-10-14,42,bulk_carriers,1,PS CADIZ,BC,82256.0,2010,Tsuneishi Zhoushan Shbldg,16.80,16.8,GREEK,,carriers_2024_W42_WK-42-24-CARRIERS_SP-MARKET-REPORT.pdf
2024-10-14,42,bulk_carriers,1,NORD VIRGO,BC,80915.0,2014,JAPAN MARINE UTD - TSU,26.00,26.0,GREEK,,carriers_2024_W42_WK-42-24-CARRIERS_SP-MARKET-REPORT.pdf
2024-10-14,42,bulk_carriers,1,GLORY,BC,76508.0,2005,Tsuneishi Corp - Tadotsu,11.10,11.1,UNDISCLOSED,,carriers_2024_W42_WK-42-24-CARRIERS_SP-MARKET-REPORT.pdf
2024-10-14,42,bulk_carriers,1,OCEAN AMBITIOUS,BC,63577.0,2016,China Shipping Ind Jiangsu,25.50,25.5,UNDISCLOSED,,carriers_2024_W42_WK-42-24-CARRIERS_SP-MARKET-REPORT.pdf
2024-10-14,42,bulk_carriers,1,THERESA PRIDE,BC,62619.0,2021,Oshima Shipbuilding Co Ltd,39.00,39.0,UNDISCLOSED,,carriers_2024_W42_WK-42-24-CARRIERS_SP-MARKET-REPORT.pdf
2024-10-14,42,bulk_carriers,1,LEON OETKER,BC,58790.0,2008,Tsuneishi Heavy Inds Cebu,15.30,15.3,CHINESE,,carriers_2024_W42_WK-42-24-CARRIERS_SP-MARKET-REPORT.pdf
2024-10-14,42,bulk_carriers,1,ULTRA BOSQUE,BC,40261.0,2020,Jiangmen Nanyang Ship Eng,27.00,27.0,UNDISCLOSED,,carriers_2024_W42_WK-42-24-CARRIERS_SP-MARKET-REPORT.pdf
2024-10-14,42,bulk_carriers,1,BLUE DRAGON,BC,38238.0,2011,Imabari Shipbuilding Co Ltd,15.30,15.3,EUROPEAN,,carriers_2024_W42_WK-42-24-CARRIERS_SP-MARKET-REPORT.pdf
2024-10-14,42,bulk_carriers,1,PACIFIC PIONEER,BC,35480.0,2015,Taizhou Maple Leaf Shbldg,16.50,16.5,EUROPEAN,,carriers_2024_W42_WK-42-24-CARRIERS_SP-MARKET-REPORT.pdf
2024-10-14,42,bulk_carriers,1,SOPHIA OCEAN,BC,29952.0,1999,Oshima Shipbuilding Co Ltd,4.90,4.9,UNDISCLOSED,,carriers_2024_W42_WK-42-24-CARRIERS_SP-MARKET-REPORT.pdf
2024-10-14,42,tankers,1,GESI,TANKER,305749.0,2007,Daewoo Shipbuilding & Marine,43.25,43.25,UNDISCLOSED,,carriers_2024_W42_WK-42-24-CARRIERS_SP-MARKET-REPORT.pdf
2024-10-14,42,tankers,1,HAFNIA ANDROMEDA,TANKER,50386.0,2011,Guangzhou Shipyard Intl Co Ltd,31.00,31.0,UNDISCLOSED,,carriers_2024_W42_WK-42-24-CARRIERS_SP-MARKET-REPORT.pdf
2024-10-14,42,tankers,1,BUTTERFLY,TANKER,46048.0,2004,STX Shipbuilding - Jinhae,18.40,18.4,CHINESE,,carriers_2024_W42_WK-42-24-CARRIERS_SP-MARKET-REPORT.pdf
2024-10-14,42,tankers,1,ARSOS M,TANKER,45737.0,2004,Minaminippon Shbldg,16.00,16.0,IRAQI,,carriers_2024_W42_WK-42-24-CARRIERS_SP-MARKET-REPORT.pdf
2024-10-14,42,containers,1,LECANGS DOLPHIN,CV,24286.0,2023,Huanghai Shipbuilding Co Ltd,32.10,32.1,MINERVA,"1,781 TEU",carriers_2024_W42_WK-42-24-CARRIERS_SP-MARKET-REPORT.pdf
2024-10-14,42,containers,1,CONTSHIP BEE,CV,13690.0,2006,Qingshan Shipyard,,,,"1,118 TEU",carriers_2024_W42_WK-42-24-CARRIERS_SP-MARKET-REPORT.pdf
2024-10-14,42,containers,1,CONTSHIP QUO,CV,12001.0,2007,Zhejiang Ouhua Shipbuilding,,,,990 TEU,carriers_2024_W42_WK-42-24-CARRIERS_SP-MARKET-REPORT.pdf
2024-10-14,42,containers,1,CONTSHIP PEP,CV,11834.0,2006,Yangfan Group Co Ltd,37.50 EN BLOC,37.5,TURKISH,957 TEU,carriers_2024_W42_WK-42-24-CARRIERS_SP-MARKET-REPORT.pdf
2024-10-14,42,containers,1,CONTSHIP ANA,CV,11807.0,2005,Yangfan Group Co Ltd,37.50 EN BLOC,37.5,TURKISH,957 TEU,carriers_2024_W42_WK-42-24-CARRIERS_SP-MARKET-REPORT.pdf
2024-10-14,42,containers,1,CONTSHIP MAX,CV,11807.0,2006,Yangfan Group Co Ltd,37.50 EN BLOC,37.5,TURKISH,957 TEU,carriers_2024_W42_WK-42-24-CARRIERS_SP-MARKET-REPORT.pdf
2024-10-21,43,bulk_carriers,1,K. DAPHNE,BC,180786.0,2009,STX OFFSHORE & SHBLDG,53.00 EN BLOC,53.0,JIANGSU,SS DUE,carriers_2024_W43_WK-43-24-CARRIERS_SP-MARKET-REPORT.pdf
2024-10-21,43,bulk_carriers,1,LAVENDER,BC,179873.0,2010,Daewoo Shipbuilding & Marine,53.00 EN BLOC,53.0,STEAMSHIP,SS DUE 08/2025,carriers_2024_W43_WK-43-24-CARRIERS_SP-MARKET-REPORT.pdf
2024-10-21,43,bulk_carriers,1,SPRING BRIGHT,BC,174757.0,2010,Namura Shipbuilding - Imari,29.00,29.0,UNDISCLOSED,,carriers_2024_W43_WK-43-24-CARRIERS_SP-MARKET-REPORT.pdf
2024-10-21,43,bulk_carriers,1,NOVA OPTIMUS,BC,81805.0,2012,Jiangsu Eastern HI,LOW 16’S,16.0,CHINESE,,carriers_2024_W43_WK-43-24-CARRIERS_SP-MARKET-REPORT.pdf
2024-10-21,43,bulk_carriers,1,TOMINI NOBILITY,BC,81093.0,2020,Taizhou Kouan Shipbuilding Co,30.00,30.0,UNDISCLOSED,,carriers_2024_W43_WK-43-24-CARRIERS_SP-MARKET-REPORT.pdf
2024-10-21,43,bulk_carriers,1,SCORPIO WQ,BC,76759.0,2004,Sasebo Heavy Industries,11.20,11.2,UNDISCLOSED,,carriers_2024_W43_WK-43-24-CARRIERS_SP-MARKET-REPORT.pdf
2024-10-21,43,bulk_carriers,1,HC VICTORY,BC,75804.0,2005,Sanoyas Hishino Meisho Corp,10.50,10.5,UNDISCLOSED,,carriers_2024_W43_WK-43-24-CARRIERS_SP-MARKET-REPORT.pdf
2024-10-21,43,bulk_carriers,1,LASCOMBES,BC,56801.0,2011,Qingshan Shipyard,12.80,12.8,UNDISCLOSED,,carriers_2024_W43_WK-43-24-CARRIERS_SP-MARKET-REPORT.pdf
2024-10-21,43,bulk_carriers,1,GRUAUD LAROSE,BC,56729.0,2011,Qingshan Shipyard,12.80,12.8,UNDISCLOSED,,carriers_2024_W43_WK-43-24-CARRIERS_SP-MARKET-REPORT.pdf
2024-10-21,43,bulk_carriers,1,YASA AYSEN,BC,56042.0,2007,Mitsui Tamano,14.50,14.5,UNDISCLOSED,,carriers_2024_W43_WK-43-24-CARRIERS_SP-MARKET-REPORT.pdf
2024-10-21,43,bulk_carriers,1,DALIAN STAR,BC,55802.0,2017,Oshima Shipbuilding Co Ltd,27.00,27.0,TURKISH,OHBS,carriers_2024_W43_WK-43-24-CARRIERS_SP-MARKET-REPORT.pdf
2024-10-21,43,bulk_carriers,1,PARO,BC,55691.0,2009,Mitsui Tamano,14.70,14.7,CHINESE,DD DUE,carriers_2024_W43_WK-43-24-CARRIERS_SP-MARKET-REPORT.pdf
2024-10-21,43,bulk_carriers,1,KUJAWY,BC,38890.0,2005,Tianjin Xingang Shipyard,7.40,7.4,UNDISCLOSED,,carriers_2024_W43_WK-43-24-CARRIERS_SP-MARKET-REPORT.pdf
2024-10-21,43,bulk_carriers,1,EMIL SELMER,BC,32626.0,2010,JIANGSU ZHENJIANG,10.00,10.0,UNDISCLOSED,,carriers_2024_W43_WK-43-24-CARRIERS_SP-MARKET-REPORT.pdf
2024-10-21,43,tankers,1,FOS DA VINCI,TANKER,115878.0,2009,Samsung Heavy Inds - Geoje,42.00,42.0,UNDISCLOSED,,carriers_2024_W43_WK-43-24-CARRIERS_SP-MARKET-REPORT.pdf
2024-10-21,43,tankers,1,FOS PICASSO,TANKER,115760.0,2009,Samsung Heavy Inds - Geoje,42.00,42.0,UNDISCLOSED,,carriers_2024_W43_WK-43-24-CARRIERS_SP-MARKET-REPORT.pdf
2024-10-21,43,tankers,1,WHITE PEACH,TANKER,53187.0,2007,Guangzhou Shipyard Intl,22.00,22.0,UNDISCLOSED,,carriers_2024_W43_WK-43-24-CARRIERS_SP-MARKET-REPORT.pdf
2024-10-21,43,tankers,1,JAL SIDDHI,TANKER,19805.0,2006,Kitanihon,20.10,20.1,CHINESE,,carriers_2024_W43_WK-43-24-CARRIERS_SP-MARKET-REPORT.pdf
2024-10-21,43,tankers,1,MANIFESTO,VLGC,54901.0,2013,Hyundai Heavy Inds - Ulsan,71.50,71.5,THAI,,carriers_2024_W43_WK-43-24-CARRIERS_SP-MARKET-REPORT.pdf
2024-10-21,43,tankers,1,CLIPPER STAR,MLGC,44807.0,2003,Kawasaki Shipbuilding - Sak'de,32.00,32.0,UNDISCLOSED,,carriers_2024_W43_WK-43-24-CARRIERS_SP-MARKET-REPORT.pdf
2024-10-21,43,containers,1,CAPE FARO,CV,20316.0,2006,Peene-Werft GmbH,14.50,14.5,CHINA UNITED LINES,"1,440 TEU",carriers_2024_W43_WK-43-24-CARRIERS_SP-MARKET-REPORT.pdf
2024-11-04,44,bulk_carriers,1,CRASSIER,BC,206254.0,2007,Imabari Shbldg - Saijo,28.80,28.8,CHINESE,,carriers_2024_W44_WK-4445-24-CARRIERS_SP-MARKET-REPORT.pdf
2024-11-04,44,bulk_carriers,1,HERO,BC,178076.0,2010,Shanghai Waigaoqiao Shbldg,25.75,25.75,UNDISCLOSED,,carriers_2024_W44_WK-4445-24-CARRIERS_SP-MARKET-REPORT.pdf
2024-11-04,44,bulk_carriers,1,PAN ENERGEN,BC,81170.0,2012,New Times Shipbuilding Co Ltd,16.40,16.4,TURKISH,,carriers_2024_W44_WK-4445-24-CARRIERS_SP-MARKET-REPORT.pdf
2024-11-04,44,bulk_carriers,1,ERIN MANX,BC,63878.0,2020,Tsuneishi Zhoushan Shbldg,32.50,32.5,UNDISCLOSED,,carriers_2024_W44_WK-4445-24-CARRIERS_SP-MARKET-REPORT.pdf
2024-11-04,44,bulk_carriers,1,GREENWICH PIONEER,BC,63674.0,2020,Nantong Xiangyu Shipbuilding,32.00,32.0,CHINESE,,carriers_2024_W44_WK-4445-24-CARRIERS_SP-MARKET-REPORT.pdf
2024-11-04,44,bulk_carriers,1,EY HAYDN,BC,63608.0,2015,Chengxi Shipyard Jiangyin,23.50,23.5,UNDISCLOSED,,carriers_2024_W44_WK-4445-24-CARRIERS_SP-MARKET-REPORT.pdf
2024-11-04,44,bulk_carriers,1,SEACON FUZHOU,BC,63342.0,2019,Nantong Xiangyu Shipbuilding,31.83,31.83,UNDISCLOSED,,carriers_2024_W44_WK-4445-24-CARRIERS_SP-MARKET-REPORT.pdf
2024-11-04,44,bulk_carriers,1,ALWINE OLDENDORFF,BC,61090.0,2014,JAPAN MARINE UTD - KUR,50.50 EN BLOC,50.5,GREEK,,carriers_2024_W44_WK-4445-24-CARRIERS_SP-MARKET-REPORT.pdf
2024-11-04,44,bulk_carriers,1,AUGUST OLDENDORFF,BC,61090.0,2015,JAPAN MARINE UTD - KUR,50.50 EN BLOC,50.5,GREEK,,carriers_2024_W44_WK-4445-24-CARRIERS_SP-MARKET-REPORT.pdf
2024-11-04,44,bulk_carriers,1,VIRONO PRIDE,BC,58761.0,2009,Tsuneishi Heavy Inds Cebu,15.20,15.2,CHINESE,,carriers_2024_W44_WK-4445-24-CARRIERS_SP-MARKET-REPORT.pdf
2024-11-04,44,bulk_carriers,1,GLOBAL GENESIS,BC,57696.0,2010,STX Dalian Shipbuilding Co Ltd,12.50,12.5,UNDISCLOSED,,carriers_2024_W44_WK-4445-24-CARRIERS_SP-MARKET-REPORT.pdf
2024-11-04,44,bulk_carriers,1,GLOBAL BRAVE,BC,57317.0,2010,STX Dalian Shipbuilding Co Ltd,12.50,12.5,UNDISCLOSED,,carriers_2024_W44_WK-4445-24-CARRIERS_SP-MARKET-REPORT.pdf
2024-11-04,44,bulk_carriers,1,GLOBAL FRONTIER,BC,57298.0,2010,STX Dalian Shipbuilding Co Ltd,12.50,12.5,UNDISCLOSED,,carriers_2024_W44_WK-4445-24-CARRIERS_SP-MARKET-REPORT.pdf
2024-11-04,44,bulk_carriers,1,GLOBAL HOPE,BC,57295.0,2010,STX Dalian Shipbuilding Co Ltd,12.50,12.5,UNDISCLOSED,,carriers_2024_W44_WK-4445-24-CARRIERS_SP-MARKET-REPORT.pdf
2024-11-04,44,bulk_carriers,1,ASL ILEANA,BC,56868.0,2010,Jinling Shipyard,-,,INDONESIAN,,carriers_2024_W44_WK-4445-24-CARRIERS_SP-MARKET-REPORT.pdf
2024-11-04,44,bulk_carriers,1,SPAR SPICA,BC,53565.0,2005,Chengxi Shipyard,10.50,10.5,UNDISCLOSED,,carriers_2024_W44_WK-4445-24-CARRIERS_SP-MARKET-REPORT.pdf
2024-11-04,44,bulk_carriers,1,MEDI BANGKOK,BC,53466.0,2006,Imabari Shbldg - Imabari,11.80,11.8,UNDISCLOSED,,carriers_2024_W44_WK-4445-24-CARRIERS_SP-MARKET-REPORT.pdf
2024-11-04,44,bulk_carriers,1,BLUE OCEAN,BC,40567.0,2023,Jiangmen Nanyang Ship Eng,30.00,30.0,DENHOLM,,carriers_2024_W44_WK-4445-24-CARRIERS_SP-MARKET-REPORT.pdf
2024-11-04,44,bulk_carriers,1,INTERLINK NOBILITY,BC,40098.0,2017,Taizhou Kouan Shipbuilding Co,25.30,25.3,TURKISH,,carriers_2024_W44_WK-4445-24-CARRIERS_SP-MARKET-REPORT.pdf
2024-11-04,44,bulk_carriers,1,POYANG,BC,39790.0,2016,Zhejiang Ouhua Shipbuilding,21.00,21.0,UNDISCLOSED,,carriers_2024_W44_WK-4445-24-CARRIERS_SP-MARKET-REPORT.pdf
2024-11-04,44,bulk_carriers,1,MIMITSU,BC,38477.0,2012,Naikai Zosen Corp - Setoda,-,,GREEK,,carriers_2024_W44_WK-4445-24-CARRIERS_SP-MARKET-REPORT.pdf
2024-11-04,44,bulk_carriers,1,CAROLINE SELMER,BC,34960.0,2011,Samjin Shipbuilding Industries,12.50,12.5,AKTEA NAVIGATION,,carriers_2024_W44_WK-4445-24-CARRIERS_SP-MARKET-REPORT.pdf
2024-11-04,44,bulk_carriers,1,POS OCEANIA,BC,28190.0,2012,Imabari Shbldg - Imabari,10.50,10.5,UNDISCLOSED,,carriers_2024_W44_WK-4445-24-CARRIERS_SP-MARKET-REPORT.pdf
2024-11-04,44,tankers,1,TAIGA,TANKER,311141.0,2007,Mitsui Chiba Ichihara,45.00,45.0,CHINESE,,carriers_2024_W44_WK-4445-24-CARRIERS_SP-MARKET-REPORT.pdf
2024-11-04,44,tankers,1,FULHAM ROAD,TANKER,74986.0,2013,STX OFFSHORE & SHBLDG,44.60,44.6,GREEK,,carriers_2024_W44_WK-4445-24-CARRIERS_SP-MARKET-REPORT.pdf
2024-11-04,44,tankers,1,OCTA LUNE,TANKER,72910.0,2005,Hyundai Heavy Inds - Ulsan,20.00,20.0,CHINESE,,carriers_2024_W44_WK-4445-24-CARRIERS_SP-MARKET-REPORT.pdf
2024-11-04,44,tankers,1,ICE ENERGY,TANKER,70377.0,2006,Onomichi Dockyard Co Ltd,24.00,24.0,MIDDLE EASTERN,,carriers_2024_W44_WK-4445-24-CARRIERS_SP-MARKET-REPORT.pdf
2024-11-04,44,tankers,1,ICE VICTORY,TANKER,70372.0,2006,Onomichi Dockyard Co Ltd,24.00,24.0,MIDDLE EASTERN,,carriers_2024_W44_WK-4445-24-CARRIERS_SP-MARKET-REPORT.pdf
2024-11-04,44,tankers,1,ICE FIGHTER,TANKER,70347.0,2006,Onomichi Dockyard Co Ltd,24.00,24.0,MIDDLE EASTERN,,carriers_2024_W44_WK-4445-24-CARRIERS_SP-MARKET-REPORT.pdf
2024-11-04,44,tankers,1,JAG PADMA,TANKER,47999.0,2005,Iwagi Zosen Co Ltd,-,,UNDISCLOSED,,carriers_2024_W44_WK-4445-24-CARRIERS_SP-MARKET-REPORT.pdf
2024-11-04,44,tankers,1,NINA,TANKER,40401.0,2010,Constanta,24.00,24.0,ANCORA,,carriers_2024_W44_WK-4445-24-CARRIERS_SP-MARKET-REPORT.pdf
2024-11-04,44,tankers,1,GOLDEN OAK,TANKER,13168.0,2008,Jinse Shipbuilding Co Ltd,10.50,10.5,UNDISCLOSED,,carriers_2024_W44_WK-4445-24-CARRIERS_SP-MARKET-REPORT.pdf
2024-11-04,44,tankers,1,NAVIGATOR PEGASUS,GAS,23640.0,2009,Jiangnan Shipyard Group Co,32.00,32.0,UNDISCLOSED,,carriers_2024_W44_WK-4445-24-CARRIERS_SP-MARKET-REPORT.pdf
2024-11-04,44,containers,1,HANSA HARBURG,CV,23350.0,2008,Guangzhou Wenchong,-,,MSC,1740 TEU,carriers_2024_W44_WK-4445-24-CARRIERS_SP-MARKET-REPORT.pdf
2024-11-04,44,containers,1,ASIAN MOON,CV,13670.0,2006,Jiangdong Shipyard,8.50,8.5,GREEK,"1,118 TEU",carriers_2024_W44_WK-4445-24-CARRIERS_SP-MARKET-REPORT.pdf
2024-11-11,46,bulk_carriers,1,CAPE LAUREL,BC,180309.0,2010,Imabari Shbldg - Saijo,28.00,28.0,CHINESE,,carriers_2024_W46_WK-46-24-CARRIERS_SP-MARKET-REPORT.pdf
2024-11-11,46,bulk_carriers,1,POTINA,BC,93183.0,2011,Jiangsu Newyangzi Shipbuilding,13.50,13.5,CHINESE,,carriers_2024_W46_WK-46-24-CARRIERS_SP-MARKET-REPORT.pdf
2024-11-11,46,bulk_carriers,1,CAPTAIN MIKE,BC,87052.0,2005,IHI Marine United - Yokohama,13.00,13.0,FUJIAN OCEAN,,carriers_2024_W46_WK-46-24-CARRIERS_SP-MARKET-REPORT.pdf
2024-11-11,46,bulk_carriers,1,IOANNIS M,BC,87052.0,2005,IHI Marine United - Yokohama,13.00,13.0,FUJIAN OCEAN,,carriers_2024_W46_WK-46-24-CARRIERS_SP-MARKET-REPORT.pdf
2024-11-11,46,bulk_carriers,1,CMB PERMEKE,BC,81795.0,2019,Tsuneishi Heavy Inds Cebu,34.00,34.0,GREEK,,carriers_2024_W46_WK-46-24-CARRIERS_SP-MARKET-REPORT.pdf
2024-11-11,46,bulk_carriers,1,ENERGY SUNRISE,BC,81793.0,2014,Tadotsu Shipbuilding Co Ltd,23.00,23.0,GREEK,,carriers_2024_W46_WK-46-24-CARRIERS_SP-MARKET-REPORT.pdf
2024-11-11,46,bulk_carriers,1,CL SINGAPORE,BC,81323.0,2016,Jiangsu Jinling Ships Co Ltd,-,,UNDISCLOSED,AUCTION SALE,carriers_2024_W46_WK-46-24-CARRIERS_SP-MARKET-REPORT.pdf
2024-11-11,46,bulk_carriers,1,CL TIANJING,BC,81315.0,2016,Jiangsu Jinling Ships Co Ltd,-,,UNDISCLOSED,AUCTION SALE,carriers_2024_W46_WK-46-24-CARRIERS_SP-MARKET-REPORT.pdf
2024-11-11,46,bulk_carriers,1,CL RIZHAO,BC,81296.0,2015,Jiangsu Jinling Ships Co Ltd,-,,UNDISCLOSED,AUCTION SALE,carriers_2024_W46_WK-46-24-CARRIERS_SP-MARKET-REPORT.pdf
2024-11-11,46,bulk_carriers,1,NAVIOS SAGITTARIUS,BC,75756.0,2006,Sanoyas Hishino Meisho Corp,10.00,10.0,INDONESIAN,,carriers_2024_W46_WK-46-24-CARRIERS_SP-MARKET-REPORT.pdf
2024-11-11,46,bulk_carriers,1,HONG BO 6,BC,56880.0,2011,Yangfan Group Co Ltd,14.00,14.0,UNDISCLOSED,,carriers_2024_W46_WK-46-24-CARRIERS_SP-MARKET-REPORT.pdf
2024-11-11,46,bulk_carriers,1,ARCTIC OCEAN,BC,36009.0,2010,Samjin Shipbuilding Industries,11.60,11.6,MIDDLE EASTERN,,carriers_2024_W46_WK-46-24-CARRIERS_SP-MARKET-REPORT.pdf
2024-11-11,46,bulk_carriers,1,YANGTZE GRACE,BC,32503.0,2012,Jiangmen Nanyang Ship Eng Co,13.50,13.5,FAR EASTERN,,carriers_2024_W46_WK-46-24-CARRIERS_SP-MARKET-REPORT.pdf
2024-11-11,46,bulk_carriers,1,MILTIADES II,BC,30536.0,2006,Shanhaiguan Shipyard,7.80,7.8,TURKISH,,carriers_2024_W46_WK-46-24-CARRIERS_SP-MARKET-REPORT.pdf
2024-11-11,46,tankers,1,GEORGIA M,TANKER,74998.0,2007,Minaminippon Shbldg - Shitanoe,25.00,25.0,GREEK,,carriers_2024_W46_WK-46-24-CARRIERS_SP-MARKET-REPORT.pdf
2024-11-11,46,tankers,1,ALLEGRA,TANKER,40408.0,2009,Constanta,24.00,24.0,GREEK,"INCL TC @ $23,5K PD TILL END 2025",carriers_2024_W46_WK-46-24-CARRIERS_SP-MARKET-REPORT.pdf
2024-11-11,46,tankers,1,GOLDEN YOSA,TANKER,19701.0,2008,Fukuoka Shipbuilding - Nagasak,21.20,21.2,UNDISCLOSED,ST.ST.,carriers_2024_W46_WK-46-24-CARRIERS_SP-MARKET-REPORT.pdf
2024-11-11,46,tankers,1,HUITONG 78,TANKER,12476.0,2012,Zhoushan Zhaobao Shipbuilding,7.20,7.2,UNDISCLOSED,,carriers_2024_W46_WK-46-24-CARRIERS_SP-MARKET-REPORT.pdf
2024-11-11,46,containers,1,EVER UNITED,CV,62386.0,1996,Mitsubishi Kobe,26.50,26.5,UNDISCLOSED,"5,365 TEU",carriers_2024_W46_WK-46-24-CARRIERS_SP-MARKET-REPORT.pdf
2024-11-11,46,containers,1,LUDWIG SCHULTE,CV,23175.0,2008,Guangzhou Wenchong Shipyard,14.50,14.5,MSC,"1,740 TEU",carriers_2024_W46_WK-46-24-CARRIERS_SP-MARKET-REPORT.pdf
2024-11-11,46,containers,1,QUEZON BRIDGE,CV,21920.0,2009,Imabari Shbldg - Imabari,15.50,15.5,INDONESIAN,"1,700 TEU",carriers_2024_W46_WK-46-24-CARRIERS_SP-MARKET-REPORT.pdf
2024-11-18,47,bulk_carriers,1,VERDURE WAVE,BC,88269.0,2005,Imabari Shbldg - Marugame,11.80,11.8,CHINESE,,carriers_2024_W47_WK-47-24-CARRIERS_SP-MARKET-REPORT.pdf
2024-11-18,47,bulk_carriers,1,CL SINGAPORE,BC,81323.0,2016,Jiangsu Jinling Ships Co Ltd,,,,,carriers_2024_W47_WK-47-24-CARRIERS_SP-MARKET-REPORT.pdf
2024-11-18,47,bulk_carriers,1,CL TIANJING,BC,81315.0,2016,Jiangsu Jinling Ships Co Ltd,67.50 EN BLOC,67.5,TAIWANESE,,carriers_2024_W47_WK-47-24-CARRIERS_SP-MARKET-REPORT.pdf
2024-11-18,47,bulk_carriers,1,CL RIZHAO,BC,81296.0,2015,Jiangsu Jinling Ships Co Ltd,67.50 EN BLOC,67.5,TAIWANESE,,carriers_2024_W47_WK-47-24-CARRIERS_SP-MARKET-REPORT.pdf
2024-11-18,47,bulk_carriers,1,TOMINI NOBILITY,BC,81093.0,2020,Taizhou Kouan Shipbuilding Co,28.50,28.5,GREEK,,carriers_2024_W47_WK-47-24-CARRIERS_SP-MARKET-REPORT.pdf
2024-11-18,47,bulk_carriers,1,TRISTAR DUGON,BC,79200.0,2011,COSCO Dalian Shipyard Co Ltd,14.75,14.75,CHINESE,,carriers_2024_W47_WK-47-24-CARRIERS_SP-MARKET-REPORT.pdf
2024-11-18,47,bulk_carriers,1,GOLDEN DIAMOND,BC,74138.0,2013,Pipavav Defence & Offshore Eng,17.50,17.5,TURKISH,,carriers_2024_W47_WK-47-24-CARRIERS_SP-MARKET-REPORT.pdf
2024-11-18,47,bulk_carriers,1,NORDIC BC KIEL,BC,55947.0,2010,IHI Marine United - Yokohama,14.80,14.8,CHINESE,,carriers_2024_W47_WK-47-24-CARRIERS_SP-MARKET-REPORT.pdf
2024-11-18,47,bulk_carriers,1,RASHAD,BC,48377.0,2001,Sanoyas Hishino Meisho Corp,5.20,5.2,CHINESE,,carriers_2024_W47_WK-47-24-CARRIERS_SP-MARKET-REPORT.pdf
2024-11-18,47,bulk_carriers,1,FOUR AIDA,BC,34408.0,2009,SPP Shipbuilding - Tongyeong,23.00 EN BLOC,23.0,UNDISCLOSED,,carriers_2024_W47_WK-47-24-CARRIERS_SP-MARKET-REPORT.pdf
2024-11-18,47,bulk_carriers,1,FOUR OTELLO,BC,34357.0,2010,SPP Shipbuilding - Tongyeong,23.00 EN BLOC,23.0,UNDISCLOSED,,carriers_2024_W47_WK-47-24-CARRIERS_SP-MARKET-REPORT.pdf
2024-11-18,47,bulk_carriers,1,NORD COPENHAGEN,BC,33175.0,2012,Kanda Kawajiri,14.20,14.2,UNDISCLOSED,,carriers_2024_W47_WK-47-24-CARRIERS_SP-MARKET-REPORT.pdf
2024-11-18,47,tankers,1,BRUNO,TANKER,46101.0,2004,STX Shipbuilding - Jinhae,17.50,17.5,UNDISCLOSED,,carriers_2024_W47_WK-47-24-CARRIERS_SP-MARKET-REPORT.pdf
2024-11-18,47,tankers,1,SUNFLYTE,TANKER,37272.0,2001,Hyundai Mipo Dockyard Co Ltd,11.50,11.5,UNDISCLOSED,,carriers_2024_W47_WK-47-24-CARRIERS_SP-MARKET-REPORT.pdf
2024-11-18,47,tankers,1,JM SUTERA 6,TANKER,11134.0,2010,Yangzhou Kejin Shipyard Co,7.00,7.0,UNDISCLOSED,SS DUE,carriers_2024_W47_WK-47-24-CARRIERS_SP-MARKET-REPORT.pdf
2024-11-18,47,tankers,1,MARVEL SWAN,LNG,88831.0,2021,Samsung Heavy Inds - Geoje,213.00,213.0,SEAPEK INNOVATION,INCL TC UNTIL 2030,carriers_2024_W47_WK-47-24-CARRIERS_SP-MARKET-REPORT.pdf
2024-11-18,47,tankers,1,BW BOSTON,LNG,77410.0,2003,Daewoo Shipbuilding & Marine,35.00,35.0,UNDISCLOSED,,carriers_2024_W47_WK-47-24-CARRIERS_SP-MARKET-REPORT.pdf
2024-11-18,47,tankers,1,SPREAD EAGLE,VLGC,54557.0,2016,Hyundai Heavy Inds - Ulsan,81.00,81.0,FORESIGHT,,carriers_2024_W47_WK-47-24-CARRIERS_SP-MARKET-REPORT.pdf
2024-11-18,47,tankers,1,LUIGI LAGRANGE,LPG,29191.0,2006,Daewoo Shipbuilding & Marine,38.50,38.5,UNDISCLOSED,,carriers_2024_W47_WK-47-24-CARRIERS_SP-MARKET-REPORT.pdf
2024-11-25,48,bulk_carriers,1,AMBER HORIZON,BC,207993.0,2010,Universal Shbldg - Tsu,33.00,33.0,CHINESE,,carriers_2024_W48_WK-48-24-CARRIERS_SP-MARKET-REPORT.pdf
2024-11-25,48,bulk_carriers,1,NORD ENERGY,BC,179023.0,2012,HHIC-Phil Inc,32.00,32.0,HAYFIN,,carriers_2024_W48_WK-48-24-CARRIERS_SP-MARKET-REPORT.pdf
2024-11-25,48,bulk_carriers,1,NORD POWER,BC,178733.0,2012,HHIC-Phil Inc,32.00,32.0,HAYFIN,,carriers_2024_W48_WK-48-24-CARRIERS_SP-MARKET-REPORT.pdf
2024-11-25,48,bulk_carriers,1,NORDBOEN SUN,BC,169092.0,2010,Daehan Shipbuilding - Haenam,23.50,23.5,UNDISCLOSED,,carriers_2024_W48_WK-48-24-CARRIERS_SP-MARKET-REPORT.pdf
2024-11-25,48,bulk_carriers,1,PISCES FIRST,BC,93238.0,2010,Jiangsu Newyangzi,HIGH 12'S,12.0,CHINESE,,carriers_2024_W48_WK-48-24-CARRIERS_SP-MARKET-REPORT.pdf
2024-11-25,48,bulk_carriers,1,AM CONTRECOEUR,BC,82177.0,2011,Tsuneishi Zhoushan Shbldg,17.50,17.5,UNDISCLOSED,,carriers_2024_W48_WK-48-24-CARRIERS_SP-MARKET-REPORT.pdf
2024-11-25,48,bulk_carriers,1,GREAT CENTURY,BC,61441.0,2017,DALIAN COSCO KHI SHIP,24.52,24.52,CHINESE,VIA AUCTION,carriers_2024_W48_WK-48-24-CARRIERS_SP-MARKET-REPORT.pdf
2024-11-25,48,bulk_carriers,1,GUANG FA 29,BC,57280.0,2012,STX OFFSHORE & SHBLDG,15.50,15.5,UNDISCLOSED,,carriers_2024_W48_WK-48-24-CARRIERS_SP-MARKET-REPORT.pdf
2024-11-25,48,bulk_carriers,1,ND ARMONIA,BC,56121.0,2011,Mitsui Chiba Ichihara,17.95,17.95,CHINESE,,carriers_2024_W48_WK-48-24-CARRIERS_SP-MARKET-REPORT.pdf
2024-11-25,48,bulk_carriers,1,AURORA SB,BC,56119.0,2009,Mitsui Chiba Ichihara,15.00,15.0,UNDISCLOSED,,carriers_2024_W48_WK-48-24-CARRIERS_SP-MARKET-REPORT.pdf
2024-11-25,48,bulk_carriers,1,SENANUR CEBI,BC,55660.0,2011,Hyundai Mipo Dockyard Co Ltd,16.75,16.75,INDONESIAN,,carriers_2024_W48_WK-48-24-CARRIERS_SP-MARKET-REPORT.pdf
2024-11-25,48,bulk_carriers,1,ATLANTICA SUN,BC,55635.0,2009,Mitsui Tamano,15.20,15.2,UNDISCLOSED,,carriers_2024_W48_WK-48-24-CARRIERS_SP-MARKET-REPORT.pdf
2024-11-25,48,bulk_carriers,1,PPS LUCK,BC,55429.0,2009,Kawasaki Shipbuilding,15.90,15.9,UNDISCLOSED,,carriers_2024_W48_WK-48-24-CARRIERS_SP-MARKET-REPORT.pdf
2024-11-25,48,bulk_carriers,1,WELLPARK,BC,37429.0,2014,Oshima Shipbuilding Co Ltd,19.20,19.2,UNDISCLOSED,,carriers_2024_W48_WK-48-24-CARRIERS_SP-MARKET-REPORT.pdf
2024-11-25,48,tankers,1,XIDI,TANKER,306352.0,2004,Mitsubishi Nagasaki,30.00,30.0,ASIAN,,carriers_2024_W48_WK-48-24-CARRIERS_SP-MARKET-REPORT.pdf
2024-11-25,48,tankers,1,TRICIA II,TANKER,281050.0,2000,Mitsubishi Nagasaki,20.90,20.9,CHINESE,,carriers_2024_W48_WK-48-24-CARRIERS_SP-MARKET-REPORT.pdf
2024-11-25,48,tankers,1,UMNENGA II,TANKER,162293.0,2006,Daewoo Shipbuilding & Marine,36.00,36.0,NIGERIAN,,carriers_2024_W48_WK-48-24-CARRIERS_SP-MARKET-REPORT.pdf
2024-11-25,48,tankers,1,SOFIA II,TANKER,105400.0,2008,Sumitomo Heavy Marine Yokosuka,32.20,32.2,UNDISCLOSED,,carriers_2024_W48_WK-48-24-CARRIERS_SP-MARKET-REPORT.pdf
2024-11-25,48,tankers,1,ZHOUSHAN CHANGHONG,TANKER,50000.0,2025,ZHOUSHAN CHANGHONG INT,-,,LAVINIA,,carriers_2024_W48_WK-48-24-CARRIERS_SP-MARKET-REPORT.pdf
2024-11-25,48,tankers,1,ZHOUSHAN CHANGHONG,TANKER,50000.0,2026,ZHOUSHAN CHANGHONG INT,-,,LAVINIA,,carriers_2024_W48_WK-48-24-CARRIERS_SP-MARKET-REPORT.pdf
2024-11-25,48,tankers,1,BW CEDAR,VLGC,58063.0,2007,Hyundai Heavy Industries Co,-,,UNDISCLOSED,,carriers_2024_W48_WK-48-24-CARRIERS_SP-MARKET-REPORT.pdf
2024-11-25,48,containers,1,BF TIGER,CV,39266.0,2006,Hyundai Mipo Dockyard Co Ltd,20.00,20.0,MSC,2824 TEU,carriers_2024_W48_WK-48-24-CARRIERS_SP-MARKET-REPORT.pdf
2024-12-02,49,bulk_carriers,1,CAPE DREAM,BC,179250.0,2011,Hyundai Heavy Inds - Ulsan,28.00,28.0,EUROPEAN,,carriers_2024_W49_WK-49-24-CARRIERS_SP-MARKET-REPORT.pdf
2024-12-02,49,bulk_carriers,1,OTSL ARTEMIS,BC,177736.0,2008,Shanghai Jiangnan Changxing,49.00 EN BLOC,49.0,GREEK,,carriers_2024_W49_WK-49-24-CARRIERS_SP-MARKET-REPORT.pdf
2024-12-02,49,bulk_carriers,1,OTSL ATHENA,BC,174109.0,2007,Shanghai Waigaoqiao Shbldg,49.00 EN BLOC,49.0,GREEK,,carriers_2024_W49_WK-49-24-CARRIERS_SP-MARKET-REPORT.pdf
2024-12-02,49,bulk_carriers,1,HELLENIC C,BC,81805.0,2014,Jiangsu Eastern HI,20.00,20.0,UNDISCLOSED,,carriers_2024_W49_WK-49-24-CARRIERS_SP-MARKET-REPORT.pdf
2024-12-02,49,bulk_carriers,1,MH OSLO,BC,63050.0,2023,New Dayang Shipbuilding,32.50,32.5,UNDISCLOSED,,carriers_2024_W49_WK-49-24-CARRIERS_SP-MARKET-REPORT.pdf
2024-12-02,49,bulk_carriers,1,LISTA,BC,55868.0,2011,IHI Marine United - Yokohama,16.80,16.8,VOSCO,,carriers_2024_W49_WK-49-24-CARRIERS_SP-MARKET-REPORT.pdf
2024-12-02,49,bulk_carriers,1,BRIGHT KOWA,BC,51156.0,2012,Imabari Shbldg - Imabari,16.00,16.0,UNDISCLOSED,,carriers_2024_W49_WK-49-24-CARRIERS_SP-MARKET-REPORT.pdf
2024-12-02,49,bulk_carriers,1,FOUR NABUCCO,BC,34403.0,2010,SPP Shipbuilding - Tongyeong,11.80,11.8,UNDISCLOSED,,carriers_2024_W49_WK-49-24-CARRIERS_SP-MARKET-REPORT.pdf
2024-12-02,49,bulk_carriers,1,AEGEAN SPIRE,BC,33401.0,2008,Shin Kochi,11.80,11.8,UNDISCLOSED,,carriers_2024_W49_WK-49-24-CARRIERS_SP-MARKET-REPORT.pdf
2024-12-02,49,bulk_carriers,1,GLOBAL AGLAIA,BC,33158.0,2016,Shin Kurushima Onishi,19.00,19.0,JAPANESE,,carriers_2024_W49_WK-49-24-CARRIERS_SP-MARKET-REPORT.pdf
2024-12-02,49,bulk_carriers,1,VICTORIA HARBOUR,BC,29100.0,2011,Yangzhou Nakanishi Shbldg,22.00 EN BLOC,22.0,UNDISCLOSED,,carriers_2024_W49_WK-49-24-CARRIERS_SP-MARKET-REPORT.pdf
2024-12-02,49,bulk_carriers,1,UNI CHALLENGE,BC,29078.0,2012,Yangzhou Nakanishi Shbldg,22.00 EN BLOC,22.0,UNDISCLOSED,,carriers_2024_W49_WK-49-24-CARRIERS_SP-MARKET-REPORT.pdf
2024-12-02,49,tankers,1,MARAN ARIES,TANKER,320871.0,2006,Daewoo Shipbuilding & Marine,45.00,45.0,CHINESE,,carriers_2024_W49_WK-49-24-CARRIERS_SP-MARKET-REPORT.pdf
2024-12-02,49,tankers,1,MAERSK BERING,TANKER,29057.0,2005,Guangzhou Shipyard Intl Co,HIGH 15’S,15.0,CHINESE,,carriers_2024_W49_WK-49-24-CARRIERS_SP-MARKET-REPORT.pdf
2024-12-02,49,tankers,1,SONGA BREEZE,TANKER,19999.0,2009,Fukuoka Shipbuilding,24.80,24.8,UNDISCLOSED,ST. STEEL,carriers_2024_W49_WK-49-24-CARRIERS_SP-MARKET-REPORT.pdf
2024-12-02,49,tankers,1,KIISLA,TANKER,14750.0,2004,Viana Do Castelo,-,,UNDISCLOSED,,carriers_2024_W49_WK-49-24-CARRIERS_SP-MARKET-REPORT.pdf
2024-12-02,49,tankers,1,SUULA,TANKER,14665.0,2005,Viana Do Castelo,-,,UNDISCLOSED,,carriers_2024_W49_WK-49-24-CARRIERS_SP-MARKET-REPORT.pdf
2024-12-09,50,bulk_carriers,1,K. VICTORY,BC,181500.0,2012,Sasebo Heavy Industries,33.00,33.0,UNDISCLOSED,,carriers_2024_W50_WK-50-24-CARRIERS_SP-MARKET-REPORT.pdf
2024-12-09,50,bulk_carriers,1,K. CONFIDENCE,BC,181488.0,2013,Sasebo Heavy Industries,34.50,34.5,UNDISCLOSED,,carriers_2024_W50_WK-50-24-CARRIERS_SP-MARKET-REPORT.pdf
2024-12-09,50,bulk_carriers,1,BLUE LHOTSE,BC,180132.0,2011,Daehan Shipbuilding - Haenam,28.80,28.8,KOREAN,,carriers_2024_W50_WK-50-24-CARRIERS_SP-MARKET-REPORT.pdf
2024-12-09,50,bulk_carriers,1,KYZIKOS,BC,92598.0,2007,Sungdong Shipbuilding & Eng,-,,UNDISCLOSED,,carriers_2024_W50_WK-50-24-CARRIERS_SP-MARKET-REPORT.pdf
2024-12-09,50,bulk_carriers,1,CENTURY WAVE,BC,91686.0,2013,Oshima Shipbuilding Co Ltd,23.00,23.0,UNDISCLOSED,,carriers_2024_W50_WK-50-24-CARRIERS_SP-MARKET-REPORT.pdf
2024-12-09,50,bulk_carriers,1,SUMMER LADY,BC,72083.0,1999,Kanasashi HI - Toyohashi,HIGH 6.00,6.0,MIDDLE EASTERN,,carriers_2024_W50_WK-50-24-CARRIERS_SP-MARKET-REPORT.pdf
2024-12-09,50,bulk_carriers,1,MH SANDEFJORD,BC,63145.0,2023,New Dayang Shipbuilding,32.50,32.5,UNDISCLOSED,,carriers_2024_W50_WK-50-24-CARRIERS_SP-MARKET-REPORT.pdf
2024-12-09,50,bulk_carriers,1,PORTHOS,BC,56825.0,2010,Jiangsu Hantong Ship HI,13.00,13.0,INDONESIAN,,carriers_2024_W50_WK-50-24-CARRIERS_SP-MARKET-REPORT.pdf
2024-12-09,50,bulk_carriers,1,GUO YUAN 9,BC,48218.0,1994,Danyard A/S,LOW 4.00,4.0,UNDISCLOSED,,carriers_2024_W50_WK-50-24-CARRIERS_SP-MARKET-REPORT.pdf
2024-12-09,50,bulk_carriers,1,MAPLE BREEZE,BC,31807.0,2010,Guangzhou Huangpu,11.00,11.0,UNDISCLOSED,,carriers_2024_W50_WK-50-24-CARRIERS_SP-MARKET-REPORT.pdf
2024-12-09,50,bulk_carriers,1,TEAM SAMBA,BC,31700.0,2005,Saiki Heavy Industries Co Ltd,9.30,9.3,CHINESE,,carriers_2024_W50_WK-50-24-CARRIERS_SP-MARKET-REPORT.pdf
2024-12-09,50,tankers,1,EVAGORAS,TANKER,165209.0,2003,Hyundai Samho HI,25.00,25.0,UNDISCLOSED,,carriers_2024_W50_WK-50-24-CARRIERS_SP-MARKET-REPORT.pdf
2024-12-09,50,tankers,1,GAS SHURIKEN,LPG,5025.0,2008,Kanrei Naruto,10.80,10.8,UAE,,carriers_2024_W50_WK-50-24-CARRIERS_SP-MARKET-REPORT.pdf
2024-12-09,50,containers,1,SPARKLE,CV,33541.0,2009,Naikai Zosen Corp - Innoshima,23.00,23.0,MSC,,carriers_2024_W50_WK-50-24-CARRIERS_SP-MARKET-REPORT.pdf
2024-12-09,50,containers,1,APOLLO STELLA,GC,12300.0,2012,Sasaki Shbldg - Osakikamijima,7.20,7.2,UNDISCLOSED,,carriers_2024_W50_WK-50-24-CARRIERS_SP-MARKET-REPORT.pdf
2024-12-16,51,bulk_carriers,1,FEG SUCCESS,BC,182619.0,2010,Kawasaki Shipbuilding,28.00,28.0,UNDISCLOSED,SS/DD due 1/2025,carriers_2024_W51_WK-51-24-CARRIERS_SP-MARKET-REPORT.pdf
2024-12-16,51,bulk_carriers,1,NAVIOS SAGITTARIUS,BC,75756.0,2006,Sanoyas Hishino Meisho Corp,10.40,10.4,INDONESIAN,,carriers_2024_W51_WK-51-24-CARRIERS_SP-MARKET-REPORT.pdf
2024-12-16,51,bulk_carriers,1,CHANDRA KIRANA,BC,75700.0,2012,Guangzhou Huangpu,12.50,12.5,CHINESE,,carriers_2024_W51_WK-51-24-CARRIERS_SP-MARKET-REPORT.pdf
2024-12-16,51,bulk_carriers,1,JPS BARCELONA,BC,55783.0,2010,"Hyundai Vinashin, Vietnam",12.75,12.75,UNDISCLOSED,,carriers_2024_W51_WK-51-24-CARRIERS_SP-MARKET-REPORT.pdf
2024-12-16,51,bulk_carriers,1,GLOBAL SAIKAI,BC,51828.0,2007,Oshima Shipbuilding Co Ltd,12.20,12.2,UNDISCLOSED,OHBS,carriers_2024_W51_WK-51-24-CARRIERS_SP-MARKET-REPORT.pdf
2024-12-16,51,bulk_carriers,1,OAK HARBOUR,BC,33745.0,2005,Oshima Shipbuilding Co Ltd,8.90,8.9,UNDISCLOSED,SS/DD due 2/2025,carriers_2024_W51_WK-51-24-CARRIERS_SP-MARKET-REPORT.pdf
2024-12-16,51,tankers,1,DHT SCANDINAVIA,TANKER,317826.0,2006,Hyundai Samho HI,43.30,43.3,CHINESE,SS 11/2026,carriers_2024_W51_WK-51-24-CARRIERS_SP-MARKET-REPORT.pdf
2024-12-16,51,tankers,1,TORM REPUBLICAN,TANKER,46920.0,2006,Hyundai Mipo,18.00,18.0,UNDISCLOSED,SS/DD 3/2026,carriers_2024_W51_WK-51-24-CARRIERS_SP-MARKET-REPORT.pdf
2024-12-16,51,containers,1,NORTHERN JAGUAR,CV,108730.0,2009,Daewo Shipbuilding,52.50,52.5,EUROPEAN,"8,814 TEU",carriers_2024_W51_WK-51-24-CARRIERS_SP-MARKET-REPORT.pdf
2024-12-16,51,containers,1,INTERSEA TRAVELLER,CV,38061.0,2008,HDW-Gaarden GmbH - Kiel,22.50,22.5,CHINESE,"2,702 TEU",carriers_2024_W51_WK-51-24-CARRIERS_SP-MARKET-REPORT.pdf
2024-12-16,51,containers,1,CONTSHIP AIR,CV,13715.0,2006,Qingshan Shipyard,9.00,9.0,UNDISCLOSED,"1,118 TEU, 2x45 tons cranes, incl TC at 15 k pd",carriers_2024_W51_WK-51-24-CARRIERS_SP-MARKET-REPORT.pdf
2024-12-23,52,bulk_carriers,1,LINDA OLDENDORFF,BC,207562.0,2014,Hyundai HI,48.30,48.3,BOHAI SHIPPING,,carriers_2024_W52_WK-52-24-CARRIERS_SP-MARKET-REPORT.pdf
2024-12-23,52,bulk_carriers,1,PANORAMIX,BC,203515.0,2007,CSBC,28.00,28.0,UNDISCLOSED,,carriers_2024_W52_WK-52-24-CARRIERS_SP-MARKET-REPORT.pdf
2024-12-23,52,bulk_carriers,1,ZAMPA BLUE,BC,178459.0,2011,Mitsui,30.00,30.0,CHINESE,,carriers_2024_W52_WK-52-24-CARRIERS_SP-MARKET-REPORT.pdf
2024-12-23,52,bulk_carriers,1,BETTYS DREAM,BC,82641.0,2008,Tsuneishi Holdings,12.90,12.9,CHINESE,SS/DD due 12/2025,carriers_2024_W52_WK-52-24-CARRIERS_SP-MARKET-REPORT.pdf
2024-12-23,52,bulk_carriers,1,RU MENG LING,BC,81487.0,2010,Universal Shipbuilding,15.00,15.0,GREEK,,carriers_2024_W52_WK-52-24-CARRIERS_SP-MARKET-REPORT.pdf
2024-12-23,52,bulk_carriers,1,INDIGO OMEGA,BC,56092.0,2012,Mitsui,17.30,17.3,KOUROS MARITIME,,carriers_2024_W52_WK-52-24-CARRIERS_SP-MARKET-REPORT.pdf
2024-12-23,52,bulk_carriers,1,SSI NEMESIS,BC,56023.0,2005,Mitsui,10.80,10.8,UNDISCLOSED,,carriers_2024_W52_WK-52-24-CARRIERS_SP-MARKET-REPORT.pdf
2024-12-23,52,bulk_carriers,1,IYO SEA,BC,37537.0,2015,Imabari,18.00,18.0,UNDISCLOSED,,carriers_2024_W52_WK-52-24-CARRIERS_SP-MARKET-REPORT.pdf
2024-12-23,52,bulk_carriers,1,MOMO GLORY,BC,28222.0,2014,Imabari,12.50,12.5,GREEK,DD1/2027 SS 1/2029,carriers_2024_W52_WK-52-24-CARRIERS_SP-MARKET-REPORT.pdf
2024-12-23,52,tankers,1,CRUDE CENTURION,TANKER,112863.0,2010,New Times Shipyard,33.50,33.5,UNDISCLOSED,SS 05/2025,carriers_2024_W52_WK-52-24-CARRIERS_SP-MARKET-REPORT.pdf
2024-12-23,52,tankers,1,KYRA,TANKER,47931.0,2006,Iwagi Zosen,17.20,17.2,UNDISCLOSED,,carriers_2024_W52_WK-52-24-CARRIERS_SP-MARKET-REPORT.pdf
2024-12-23,52,tankers,1,VALLE DI GRANADA,TANKER,40218.0,2005,Hyundai Mipo,13.35,13.35,UNDISCLOSED,SS DUE 1/2025,carriers_2024_W52_WK-52-24-CARRIERS_SP-MARKET-REPORT.pdf
2024-12-23,52,tankers,1,MONAX,TANKER,20762.0,2005,Usuki Shipyard,31.30,31.3,TUFTON,,carriers_2024_W52_WK-52-24-CARRIERS_SP-MARKET-REPORT.pdf
2024-12-23,52,tankers,1,MARMOTAS,TANKER,19953.0,2005,Usuki Shipyard,,,,,carriers_2024_W52_WK-52-24-CARRIERS_SP-MARKET-REPORT.pdf
2024-12-23,52,containers,1,SOFIA I,CV,63059.0,2010,Shanghai Jiangnan,40.00,40.0,EUROPEAN,"5,100 TEU incl TC till 5/2025 at 26,850 pd",carriers_2024_W52_WK-52-24-CARRIERS_SP-MARKET-REPORT.pdf
2025-01-03,1,bulk_carriers,1,PANORAMIX,BC,203512.0,2007,China Shipbuilding - Kaohsiung,28.00,28.0,CHINESE,,carriers_2025_W01_WK-0102-25-CARRIERS_SP-MARKET-REPORT.pdf
2025-01-03,1,bulk_carriers,1,GLORY PROSPERITY,BC,82535.0,2007,Tsuneishi Holdings - Fukuyama,11.00,11.0,CHINESE,,carriers_2025_W01_WK-0102-25-CARRIERS_SP-MARKET-REPORT.pdf
2025-01-03,1,bulk_carriers,1,PAN CLOVER,BC,81177.0,2012,New Century Shipbuilding Co,16.30,16.3,TURKISH,,carriers_2025_W01_WK-0102-25-CARRIERS_SP-MARKET-REPORT.pdf
2025-01-03,1,bulk_carriers,1,ARGOLIS,BC,76263.0,2005,Tsuneishi Corp - Tadotsu,8.00,8.0,CHINESE,SS/DD DUE 04/2025,carriers_2025_W01_WK-0102-25-CARRIERS_SP-MARKET-REPORT.pdf
2025-01-03,1,bulk_carriers,1,ALPHA MELODY,BC,74475.0,2002,Daewoo Shipbuilding & Marine,6.60,6.6,UNDISCLOSED,,carriers_2025_W01_WK-0102-25-CARRIERS_SP-MARKET-REPORT.pdf
2025-01-03,1,bulk_carriers,1,GOLDEN ORIENT,BC,73326.0,1998,Halla Eng & HI - Samho,4.00,4.0,UNDISCLOSED,,carriers_2025_W01_WK-0102-25-CARRIERS_SP-MARKET-REPORT.pdf
2025-01-03,1,bulk_carriers,1,OMISHIMA ISLAND,BC,61381.0,2013,Iwagi Zosen Co Ltd,19.50,19.5,F-MARITIME,,carriers_2025_W01_WK-0102-25-CARRIERS_SP-MARKET-REPORT.pdf
2025-01-03,1,bulk_carriers,1,CS SONOMA,BC,56704.0,2010,Jiangsu Hantong Ship HI,11.25,11.25,CHINESE,,carriers_2025_W01_WK-0102-25-CARRIERS_SP-MARKET-REPORT.pdf
2025-01-03,1,bulk_carriers,1,MY FAIR LADY,BC,50450.0,2011,Oshima Shipbuilding Co Ltd,15.00,15.0,CHINESE,,carriers_2025_W01_WK-0102-25-CARRIERS_SP-MARKET-REPORT.pdf
2025-01-03,1,bulk_carriers,1,KARTERIA,BC,50320.0,2001,Kawasaki HI - Kobe - earl,7.00,7.0,UNDISCLOSED,,carriers_2025_W01_WK-0102-25-CARRIERS_SP-MARKET-REPORT.pdf
2025-01-03,1,bulk_carriers,1,HIBISCUS,BC,48610.0,2002,Hakodate Dock - Hakodate,7.30,7.3,UNDISCLOSED,,carriers_2025_W01_WK-0102-25-CARRIERS_SP-MARKET-REPORT.pdf
2025-01-03,1,bulk_carriers,1,ONE SHINE,BC,46644.0,2000,Mitsui Tamano,5.00,5.0,UNDISCLOSED,,carriers_2025_W01_WK-0102-25-CARRIERS_SP-MARKET-REPORT.pdf
2025-01-03,1,tankers,1,ROLIN,TANKER,308829.0,2005,Samsung Heavy Inds - Geoje,31.00,31.0,CHINESE,,carriers_2025_W01_WK-0102-25-CARRIERS_SP-MARKET-REPORT.pdf
2025-01-03,1,tankers,1,NISSOS DELOS,TANKER,115691.0,2012,Samsung Heavy Inds - Geoje,43.50,43.5,CHINESE,,carriers_2025_W01_WK-0102-25-CARRIERS_SP-MARKET-REPORT.pdf
2025-01-03,1,tankers,1,SUVRETTA,TANKER,109250.0,2008,STX Shipbuilding - Jinhae,31.00,31.0,CHINESE,,carriers_2025_W01_WK-0102-25-CARRIERS_SP-MARKET-REPORT.pdf
2025-01-03,1,tankers,1,TORM HELVIG,TANKER,46081.0,2005,STX Shipbuilding - Jinhae,18.00,18.0,UNDISCLOSED,,carriers_2025_W01_WK-0102-25-CARRIERS_SP-MARKET-REPORT.pdf
2025-01-03,1,tankers,1,SANJIN 3025,TANKER,13774.0,2020,Samjin Shipbuilding Industries,16.90,16.9,SINGAPORE,,carriers_2025_W01_WK-0102-25-CARRIERS_SP-MARKET-REPORT.pdf
2025-01-03,1,tankers,1,DH GLORY,TANKER,13121.0,2020,NANTONG TONGBAO SHIPBU,25.30,25.3,UNDISCLOSED,AUCTION SALE,carriers_2025_W01_WK-0102-25-CARRIERS_SP-MARKET-REPORT.pdf
2025-01-03,1,containers,1,CUL QINGDAO,CV,35220.0,2023,Jiangsu Newyangzi,43.00,43.0,EUROPEAN,"2,433 TEU",carriers_2025_W01_WK-0102-25-CARRIERS_SP-MARKET-REPORT.pdf
2025-01-20,3,bulk_carriers,1,SALT LAKE CITY,BC,171810.0,2005,Daewoo Shipbuilding & Marine,16.20,16.2,CHINESE,,carriers_2025_W03_WK-03-25-CARRIERS_SP-MARKET-REPORT.pdf
2025-01-20,3,bulk_carriers,1,SUNSHINE BLISS,BC,76441.0,2010,Oshima Shipbuilding Co Ltd,13.25,13.25,UNDISCLOSED,,carriers_2025_W03_WK-03-25-CARRIERS_SP-MARKET-REPORT.pdf
2025-01-20,3,bulk_carriers,1,K. FAITH,BC,75845.0,2002,Sanoyas Hishino Meisho Corp,6.30,6.3,CHINESE,,carriers_2025_W03_WK-03-25-CARRIERS_SP-MARKET-REPORT.pdf
2025-01-20,3,bulk_carriers,1,GLBS MAGIC,BC,64195.0,2024,Nantong COSCO KHI Ship Eng,25.00,25.0,JAPANESE,,carriers_2025_W03_WK-03-25-CARRIERS_SP-MARKET-REPORT.pdf
2025-01-20,3,bulk_carriers,1,GIORGOS,BC,61398.0,2013,Iwagi Zosen Co Ltd,21.70,21.7,UNDISCLOSED,,carriers_2025_W03_WK-03-25-CARRIERS_SP-MARKET-REPORT.pdf
2025-01-20,3,bulk_carriers,1,PROTECTOR ST.,BC,56873.0,2010,Xiamen Shipbuilding Industry,11.00,11.0,UNDISCLOSED,,carriers_2025_W03_WK-03-25-CARRIERS_SP-MARKET-REPORT.pdf
2025-01-20,3,bulk_carriers,1,JAG RISHI,BC,56719.0,2011,COSCO Zhoushan Shipyard Co Ltd,11.90,11.9,CHINESE,,carriers_2025_W03_WK-03-25-CARRIERS_SP-MARKET-REPORT.pdf
2025-01-20,3,bulk_carriers,1,JASMINE,BC,56124.0,2012,Mitsui Tamano,17.50,17.5,INDONESIAN,,carriers_2025_W03_WK-03-25-CARRIERS_SP-MARKET-REPORT.pdf
2025-01-20,3,bulk_carriers,1,LORENTZOS,BC,53688.0,2005,New Century Shipbuilding Co,9.00,9.0,UNDISCLOSED,,carriers_2025_W03_WK-03-25-CARRIERS_SP-MARKET-REPORT.pdf
2025-01-20,3,bulk_carriers,1,HAI KANG,BC,35215.0,2010,Zhejiang Aoli Shipbuilding Co,6.76,6.76,UNDISCLOSED,AUCTION SALE,carriers_2025_W03_WK-03-25-CARRIERS_SP-MARKET-REPORT.pdf
2025-01-20,3,bulk_carriers,1,BLESSING SW,BC,29747.0,2010,Shikoku Dockyard,LOW 8’S,8.0,UNDISCLOSED,,carriers_2025_W03_WK-03-25-CARRIERS_SP-MARKET-REPORT.pdf
2025-01-20,3,bulk_carriers,1,BRABUS,BC,28355.0,2000,Tsuneishi Heavy Inds Cebu,4.20,4.2,UNDISCLOSED,,carriers_2025_W03_WK-03-25-CARRIERS_SP-MARKET-REPORT.pdf
2025-01-20,3,bulk_carriers,1,HONGSHENG 7,BC,22715.0,2011,ZHEJIANG HONGSHENG SHB,6.40,6.4,UNDISCLOSED,,carriers_2025_W03_WK-03-25-CARRIERS_SP-MARKET-REPORT.pdf
2025-01-20,3,tankers,1,AMAX ANTHEM,TANKER,116087.0,2011,Samsung Heavy Inds - Geoje,39.50,39.5,UNDISCLOSED,,carriers_2025_W03_WK-03-25-CARRIERS_SP-MARKET-REPORT.pdf
2025-01-20,3,tankers,1,AMAX AVENUE,TANKER,115785.0,2010,Samsung Heavy Inds - Geoje,39.50,39.5,UNDISCLOSED,,carriers_2025_W03_WK-03-25-CARRIERS_SP-MARKET-REPORT.pdf
2025-01-20,3,tankers,1,RALEIGH FISHER,TANKER,35192.0,2005,Guangzhou Shipyard Intl Co Ltd,13.20,13.2,UNDISCLOSED,,carriers_2025_W03_WK-03-25-CARRIERS_SP-MARKET-REPORT.pdf
2025-01-20,3,tankers,1,WOOLIM 3,TANKER,11460.0,2018,STX OFFSHORE & SHBLDG,24.00,24.0,UNDISCLOSED,,carriers_2025_W03_WK-03-25-CARRIERS_SP-MARKET-REPORT.pdf
2025-01-20,3,tankers,1,USKUDAR,LPG,26466.0,2008,Hyundai Heavy Inds - Ulsan,-,,UNDISCLOSED,,carriers_2025_W03_WK-03-25-CARRIERS_SP-MARKET-REPORT.pdf
2025-01-20,3,tankers,1,CLIPPER HEBE,LPG,18826.0,2007,NEPTUN WERFT GMBH,27.50,27.5,SANMAR GROUP,,carriers_2025_W03_WK-03-25-CARRIERS_SP-MARKET-REPORT.pdf
2025-01-20,3,containers,1,TASMAN,CV,67902.0,2000,Kvaerner Warnow Werft GmbH,30.00,30.0,MSC,"5,936 TEU",carriers_2025_W03_WK-03-25-CARRIERS_SP-MARKET-REPORT.pdf
2025-01-20,3,containers,1,SEASPAN FRASER,CV,52798.0,2010,ZHEJIANG SHBLDG - FENG,21.00,21.0,GERMAN,"4,254 TEU",carriers_2025_W03_WK-03-25-CARRIERS_SP-MARKET-REPORT.pdf
2025-01-20,3,containers,1,ATOUT,CV,23978.0,2010,Nordic Yards Wismar GmbH,18.00,18.0,MSC,"1,702 TEU",carriers_2025_W03_WK-03-25-CARRIERS_SP-MARKET-REPORT.pdf
2025-01-20,3,containers,1,CONTSHIP MED,CV,13872.0,2004,Jinling Shipyard,7.00,7.0,MEDKON LINES,"1,118 TEU",carriers_2025_W03_WK-03-25-CARRIERS_SP-MARKET-REPORT.pdf
2025-01-20,3,containers,1,OCEAN DROVER,LIVESTOCK,13462.0,2002,Uljanik Brodogradiliste dd,50.00,50.0,TURKISH,,carriers_2025_W03_WK-03-25-CARRIERS_SP-MARKET-REPORT.pdf
2025-01-27,4,bulk_carriers,1,GLOBAL ENTERPRISE,BC,176768.0,2010,Namura Shipbuilding - Imari,29.00,29.0,KOREAN,,carriers_2025_W04_WK-04-25-CARRIERS_SP-MARKET-REPORT.pdf
2025-01-27,4,bulk_carriers,1,ANAIS,BC,76015.0,2002,Tsuneishi Shbldg - Fkym - earl,5.60,5.6,CHINESE,,carriers_2025_W04_WK-04-25-CARRIERS_SP-MARKET-REPORT.pdf
2025-01-27,4,bulk_carriers,1,FAME,BC,75912.0,2004,Tsuneishi Corp - Fukuyama,8.00,8.0,UNDISCLOSED,,carriers_2025_W04_WK-04-25-CARRIERS_SP-MARKET-REPORT.pdf
2025-01-27,4,bulk_carriers,1,CAMELLIA,BC,75321.0,2013,Guangzhou Huangpu Shipbuilding,15.80,15.8,UNDISCLOSED,,carriers_2025_W04_WK-04-25-CARRIERS_SP-MARKET-REPORT.pdf
2025-01-27,4,bulk_carriers,1,CAPT STEFANOS,BC,74077.0,2002,Namura Shipbuilding - Imari,8.60,8.6,UNDISCLOSED,,carriers_2025_W04_WK-04-25-CARRIERS_SP-MARKET-REPORT.pdf
2025-01-27,4,bulk_carriers,1,NORD MAGELLAN,BC,63547.0,2020,Iwagi Zosen Co Ltd,29.20,29.2,MEGHNA,,carriers_2025_W04_WK-04-25-CARRIERS_SP-MARKET-REPORT.pdf
2025-01-27,4,bulk_carriers,1,CMB RUBENS,BC,63514.0,2018,Shin Kasado Dockyard Co Ltd,27.60,27.6,MEGHNA,,carriers_2025_W04_WK-04-25-CARRIERS_SP-MARKET-REPORT.pdf
2025-01-27,4,bulk_carriers,1,PAPAYIANNIS III,BC,58429.0,2010,SPP Plant & Shipbuilding Co,11.70,11.7,UNDISCLOSED,,carriers_2025_W04_WK-04-25-CARRIERS_SP-MARKET-REPORT.pdf
2025-01-27,4,tankers,1,NORDIC APOLLO,TANKER,159988.0,2003,Samsung Heavy Inds - Geoje,22.50,22.5,UK,,carriers_2025_W04_WK-04-25-CARRIERS_SP-MARKET-REPORT.pdf
2025-01-27,4,tankers,1,CRUDE CENTURION,TANKER,112863.0,2010,New Times Shipbuilding Co Ltd,HIGH 33’s,33.0,CHINESE,,carriers_2025_W04_WK-04-25-CARRIERS_SP-MARKET-REPORT.pdf
2025-01-27,4,tankers,1,SEA FALCON,TANKER,110295.0,2007,Mitsui Chiba Ichihara,30.50,30.5,CHINESE,,carriers_2025_W04_WK-04-25-CARRIERS_SP-MARKET-REPORT.pdf
2025-01-27,4,tankers,1,PS AUGUSTA,TANKER,51063.0,2011,STX OFFSHORE & SHBLDG,25.50,25.5,MIDDLE EASTERN,,carriers_2025_W04_WK-04-25-CARRIERS_SP-MARKET-REPORT.pdf
2025-01-27,4,tankers,1,HORIZON ATHENA,TANKER,50242.0,2008,SPP Shipbuilding - Tongyeong,18.60,18.6,UNDISCLOSED,,carriers_2025_W04_WK-04-25-CARRIERS_SP-MARKET-REPORT.pdf
2025-01-27,4,tankers,1,AB SERENA,TANKER,13273.0,2008,Jinse Shipbuilding Co Ltd,11.00,11.0,INDIAN,,carriers_2025_W04_WK-04-25-CARRIERS_SP-MARKET-REPORT.pdf
2025-01-27,4,tankers,1,LINDEN PRIDE,VLGC,49999.0,2001,Mitsubishi Nagasaki,48.00,48.0,UNDISCLOSED,,carriers_2025_W04_WK-04-25-CARRIERS_SP-MARKET-REPORT.pdf
2025-01-27,4,containers,1,DIAMANTIS P.,CV,30340.0,1998,Gdynia Stocznia SA,13.15,13.15,UNDISCLOSED,"2,008 TEU",carriers_2025_W04_WK-04-25-CARRIERS_SP-MARKET-REPORT.pdf
2025-02-03,5,bulk_carriers,1,BERGE KITA,BC,207851.0,2013,Imabari Shbldg - Saijo,36.70,36.7,SEANERGY,,carriers_2025_W05_WK-05-25-CARRIERS_SP-MARKET-REPORT.pdf
2025-02-03,5,bulk_carriers,1,ZAMPA BLUE,BC,178459.0,2011,Mitsui Chiba Ichihara,32.30,32.3,SEANERGY,,carriers_2025_W05_WK-05-25-CARRIERS_SP-MARKET-REPORT.pdf
2025-02-03,5,bulk_carriers,1,GLORIUSHIP,BC,171314.0,2004,Hyundai Samho HI,15.00,15.0,UNDISCLOSED,,carriers_2025_W05_WK-05-25-CARRIERS_SP-MARKET-REPORT.pdf
2025-02-03,5,bulk_carriers,1,VOLOS,BC,82172.0,2014,Sanoyas Shipbuilding Corp,24.00,24.0,SEA TRIBUTE,,carriers_2025_W05_WK-05-25-CARRIERS_SP-MARKET-REPORT.pdf
2025-02-03,5,bulk_carriers,1,ATHINA II,BC,82014.0,2015,Sanoyas Shipbuilding Corp,25.00,25.0,SEALESTIAL NAVIGATION,,carriers_2025_W05_WK-05-25-CARRIERS_SP-MARKET-REPORT.pdf
2025-02-03,5,bulk_carriers,1,KLEISOURA,BC,80982.0,2017,JAPAN MARINE UTD - MAI,27.00,27.0,POLFORCE,,carriers_2025_W05_WK-05-25-CARRIERS_SP-MARKET-REPORT.pdf
2025-02-03,5,bulk_carriers,1,PATRA,BC,80596.0,2012,Universal Shbldg - Maizuru,15.75,15.75,UNDISCLOSED,,carriers_2025_W05_WK-05-25-CARRIERS_SP-MARKET-REPORT.pdf
2025-02-03,5,bulk_carriers,1,DL ADONIS,BC,79329.0,2010,COSCO Dalian Shipyard Co Ltd,12.00,12.0,UNDISCLOSED,,carriers_2025_W05_WK-05-25-CARRIERS_SP-MARKET-REPORT.pdf
2025-02-03,5,bulk_carriers,1,ORION,BC,56071.0,2007,Mitsui Tamano,10.50,10.5,CHINESE,,carriers_2025_W05_WK-05-25-CARRIERS_SP-MARKET-REPORT.pdf
2025-02-03,5,bulk_carriers,1,ISA,BC,34939.0,1999,Mitsui Chiba Ichihara,4.40,4.4,UNDISCLOSED,,carriers_2025_W05_WK-05-25-CARRIERS_SP-MARKET-REPORT.pdf
2025-02-03,5,tankers,1,GOLD PEARL,TANKER,318669.0,2005,Hyundai Heavy Inds - Ulsan,29.50,29.5,UNDISCLOSED,,carriers_2025_W05_WK-05-25-CARRIERS_SP-MARKET-REPORT.pdf
2025-02-03,5,tankers,1,WAFRAH,TANKER,317788.0,2007,Hyundai Samho HI,40.00,40.0,UNDISCLOSED,,carriers_2025_W05_WK-05-25-CARRIERS_SP-MARKET-REPORT.pdf
2025-02-03,5,tankers,1,CAP VICTOR,TANKER,158853.0,2007,Samsung Heavy Inds - Geoje,32.00,32.0,UNDISCLOSED,,carriers_2025_W05_WK-05-25-CARRIERS_SP-MARKET-REPORT.pdf
2025-02-03,5,tankers,1,CAP LARA,TANKER,158826.0,2007,Samsung Heavy Inds - Geoje,32.00,32.0,UNDISCLOSED,,carriers_2025_W05_WK-05-25-CARRIERS_SP-MARKET-REPORT.pdf
2025-02-03,5,tankers,1,SELENA,TANKER,150296.0,2007,Universal Shbldg - Tsu,32.00,32.0,UNDISCLOSED,,carriers_2025_W05_WK-05-25-CARRIERS_SP-MARKET-REPORT.pdf
2025-02-03,5,tankers,1,STATIA,TANKER,150205.0,2006,Universal Shbldg - Tsu,32.00,32.0,UNDISCLOSED,,carriers_2025_W05_WK-05-25-CARRIERS_SP-MARKET-REPORT.pdf
2025-02-03,5,tankers,1,KARA SEA,TANKER,115191.0,2010,Sasebo Heavy Industries,37.00,37.0,UNDISCLOSED,,carriers_2025_W05_WK-05-25-CARRIERS_SP-MARKET-REPORT.pdf
2025-02-03,5,tankers,1,SEA SENOR,TANKER,109647.0,2006,Dalian Shipbuilding Ind - No 2,28.00,28.0,CHINESE,,carriers_2025_W05_WK-05-25-CARRIERS_SP-MARKET-REPORT.pdf
2025-02-03,5,tankers,1,SOUSTA,TANKER,106045.0,2007,Tsuneishi Holdings - Tadotsu,30.00,30.0,CHINESE,,carriers_2025_W05_WK-05-25-CARRIERS_SP-MARKET-REPORT.pdf
2025-02-03,5,tankers,1,NORD HIMALAYA,TANKER,49936.0,2011,Onomichi Dockyard Co Ltd,25.00,25.0,GREEK,,carriers_2025_W05_WK-05-25-CARRIERS_SP-MARKET-REPORT.pdf
2025-02-03,5,tankers,1,BOW OCEANIC,TANKER,17460.0,1997,Kvaerner Kleven Ulsteinvik AS,6.00,6.0,CHINESE,,carriers_2025_W05_WK-05-25-CARRIERS_SP-MARKET-REPORT.pdf
2025-02-03,5,tankers,1,HELIUM GAS,LPG,17779.0,1999,Sestri,13.70,13.7,UNDISCLOSED,,carriers_2025_W05_WK-05-25-CARRIERS_SP-MARKET-REPORT.pdf
2025-02-10,6,bulk_carriers,1,CAPE FRIENDSHIP,BC,185879.0,2005,Kawasaki Shipbuilding,16.10,16.1,UNDISCLOSED,,carriers_2025_W06_WK-06-25-CARRIERS_SP-MARKET-REPORT.pdf
2025-02-10,6,bulk_carriers,1,CAPE HERON,BC,177656.0,2005,Mitsui Chiba Ichihara,30.00 EN BLOC,30.0,CHINESE,,carriers_2025_W06_WK-06-25-CARRIERS_SP-MARKET-REPORT.pdf
2025-02-10,6,bulk_carriers,1,CAPE HAWK,BC,176996.0,2006,Namura Shipbuilding - Imari,30.00 EN BLOC,30.0,CHINESE,,carriers_2025_W06_WK-06-25-CARRIERS_SP-MARKET-REPORT.pdf
2025-02-10,6,bulk_carriers,1,KAMBANOS,BC,87328.0,2010,Hudong-Zhonghua,11.80,11.8,CHINESE,,carriers_2025_W06_WK-06-25-CARRIERS_SP-MARKET-REPORT.pdf
2025-02-10,6,bulk_carriers,1,SENTOSA CHALLENGER,BC,81601.0,2020,Imabari Shbldg - Marugame,32.00,32.0,UNDISCLOSED,,carriers_2025_W06_WK-06-25-CARRIERS_SP-MARKET-REPORT.pdf
2025-02-10,6,bulk_carriers,1,ROSE,BC,76619.0,2008,Shin Kasado Dockyard Co Ltd,10.80,10.8,CHINESE,,carriers_2025_W06_WK-06-25-CARRIERS_SP-MARKET-REPORT.pdf
2025-02-10,6,bulk_carriers,1,UNITY NORTH,BC,37614.0,2015,Oshima Shipbuilding Co Ltd,16.50,16.5,GREEK,,carriers_2025_W06_WK-06-25-CARRIERS_SP-MARKET-REPORT.pdf
2025-02-10,6,tankers,1,FPMC C INTELLIGENCE,TANKER,301861.0,2010,IHI Marine United - Kure,40.00,40.0,CHINESE,,carriers_2025_W06_WK-06-25-CARRIERS_SP-MARKET-REPORT.pdf
2025-02-10,6,tankers,1,ALRAYA,TANKER,300390.0,2005,IHI Marine United - Kure,43.00,43.0,UNDISCLOSED,,carriers_2025_W06_WK-06-25-CARRIERS_SP-MARKET-REPORT.pdf
2025-02-10,6,tankers,1,OCEAN PHOENIX,TANKER,108940.0,2007,Shanghai Waigaoqiao Shbldg,29.20,29.2,UNDISCLOSED,,carriers_2025_W06_WK-06-25-CARRIERS_SP-MARKET-REPORT.pdf
2025-02-10,6,tankers,1,NEMO,TANKER,105773.0,2008,Tsuneishi Holdings - Tadotsu,37.50,37.5,CHINESE,,carriers_2025_W06_WK-06-25-CARRIERS_SP-MARKET-REPORT.pdf
2025-02-10,6,tankers,1,JAG POOJA,TANKER,48539.0,2005,Iwagi Zosen Co Ltd,12.00,12.0,UNDISCLOSED,,carriers_2025_W06_WK-06-25-CARRIERS_SP-MARKET-REPORT.pdf
2025-02-10,6,tankers,1,SUNNY STAR,TANKER,37857.0,2010,Hyundai Mipo Dockyard Co Ltd,17.50,17.5,CHEMNAV,,carriers_2025_W06_WK-06-25-CARRIERS_SP-MARKET-REPORT.pdf
2025-02-10,6,tankers,1,ALMA MARINE,TANKER,9057.0,2010,Titan Quanzhou Shipyard Co,8.50,8.5,TURKISH,,carriers_2025_W06_WK-06-25-CARRIERS_SP-MARKET-REPORT.pdf
2025-02-10,6,containers,1,CAPE MONTEREY,CV,25329.0,2015,Guangzhou Wenchong Shipyard Co,35.00,35.0,CMA CGM,,carriers_2025_W06_WK-06-25-CARRIERS_SP-MARKET-REPORT.pdf
2025-02-10,6,containers,1,DELPHIS GDANSK,CV,24750.0,2017,Hanjin HI & Const - Busan,30.10,30.1,CMA CGM,,carriers_2025_W06_WK-06-25-CARRIERS_SP-MARKET-REPORT.pdf
2025-02-10,6,containers,1,DELPHIS BOTHNIA,CV,24700.0,2016,Hanjin HI & Const - Busan,29.61,29.61,CMA CGM,,carriers_2025_W06_WK-06-25-CARRIERS_SP-MARKET-REPORT.pdf
2025-02-10,6,containers,1,DELPHIS RIGA,CV,24700.0,2017,Hanjin HI & Const - Busan,30.55,30.55,CMA CGM,,carriers_2025_W06_WK-06-25-CARRIERS_SP-MARKET-REPORT.pdf
2025-02-10,6,containers,1,DELPHIS FINLAND,CV,24413.0,2016,Hanjin HI & Const - Busan,29.94,29.94,CMA CGM,,carriers_2025_W06_WK-06-25-CARRIERS_SP-MARKET-REPORT.pdf
2025-02-17,7,bulk_carriers,1,NSU INSPIRE,BC,250599.0,2011,Namura Shipbuilding - Imari,37.00,37.0,BERGE BULK,,carriers_2025_W07_WK-07-25-CARRIERS_SP-MARKET-REPORT.pdf
2025-02-17,7,bulk_carriers,1,HL FRONTIER,BC,207945.0,2010,Universal Shbldg - Tsu,32.50,32.5,UNDISCLOSED,,carriers_2025_W07_WK-07-25-CARRIERS_SP-MARKET-REPORT.pdf
2025-02-17,7,bulk_carriers,1,ALCMENE,BC,93193.0,2010,Jiangsu Newyangzi Shipbuilding,11.85,11.85,KONDINAVE,,carriers_2025_W07_WK-07-25-CARRIERS_SP-MARKET-REPORT.pdf
2025-02-17,7,bulk_carriers,1,SAGAR KANTA,BC,60835.0,2013,Oshima Shipbuilding Co Ltd,19.50,19.5,UNDISCLOSED,,carriers_2025_W07_WK-07-25-CARRIERS_SP-MARKET-REPORT.pdf
2025-02-17,7,bulk_carriers,1,GLOVIS MERMAID,BC,55705.0,2012,Hyundai Mipo Dockyard Co Ltd,17.60,17.6,INDIAN,,carriers_2025_W07_WK-07-25-CARRIERS_SP-MARKET-REPORT.pdf
2025-02-17,7,bulk_carriers,1,RIVER GLOBE,BC,53627.0,2007,Yangzhou Dayang Shipbuilding,8.50,8.5,UNDISCLOSED,DD DUE,carriers_2025_W07_WK-07-25-CARRIERS_SP-MARKET-REPORT.pdf
2025-02-17,7,bulk_carriers,1,ENABLE,BC,48910.0,2001,Nantong COSCO KHI Ship Eng,-,,FAR EASTERN,,carriers_2025_W07_WK-07-25-CARRIERS_SP-MARKET-REPORT.pdf
2025-02-17,7,bulk_carriers,1,MAZURY,BC,38981.0,2005,Tianjin Xingang Shipyard,6.00,6.0,FAR EASTERN,SS DUE 4/2025,carriers_2025_W07_WK-07-25-CARRIERS_SP-MARKET-REPORT.pdf
2025-02-17,7,bulk_carriers,1,NORD NANAMI,BC,38204.0,2012,Imabari Shbldg - Imabari,13.50,13.5,UNDISCLOSED,,carriers_2025_W07_WK-07-25-CARRIERS_SP-MARKET-REPORT.pdf
2025-02-17,7,tankers,1,GREAT LADY,TANKER,308930.0,2005,Samsung Heavy Inds - Geoje,41.00,41.0,CHINESE,,carriers_2025_W07_WK-07-25-CARRIERS_SP-MARKET-REPORT.pdf
2025-02-17,7,tankers,1,LOGGAM,TANKER,299996.0,2003,Samsung Heavy Inds - Geoje,31.00,31.0,CHINESE,,carriers_2025_W07_WK-07-25-CARRIERS_SP-MARKET-REPORT.pdf
2025-02-17,7,tankers,1,SHENLONG SPIRIT,TANKER,159021.0,2009,Bohai Shipbuilding Heavy Ind,35.00,35.0,DYNACOM,,carriers_2025_W07_WK-07-25-CARRIERS_SP-MARKET-REPORT.pdf
2025-02-17,7,tankers,1,TIANLONG SPIRIT,TANKER,159021.0,2009,Bohai Shipbuilding Heavy Ind,35.00,35.0,DYNACOM,,carriers_2025_W07_WK-07-25-CARRIERS_SP-MARKET-REPORT.pdf
2025-02-17,7,tankers,1,LUGGATI,TANKER,115048.0,2004,Daewoo Shipbuilding & Marine,29.50,29.5,UNDISCLOSED,,carriers_2025_W07_WK-07-25-CARRIERS_SP-MARKET-REPORT.pdf
2025-02-17,7,tankers,1,KAVAFIS,TANKER,113841.0,2023,Shanghai Waigaoqiao Shbldg,70.80,70.8,UNDISCLOSED,,carriers_2025_W07_WK-07-25-CARRIERS_SP-MARKET-REPORT.pdf
2025-02-17,7,tankers,1,ELYTIS,TANKER,113839.0,2024,Shanghai Waigaoqiao Shbldg,72.70,72.7,UNDISCLOSED,,carriers_2025_W07_WK-07-25-CARRIERS_SP-MARKET-REPORT.pdf
2025-02-17,7,tankers,1,FREE SPIRIT,TANKER,113091.0,2008,New Times Shipbuilding Co Ltd,36.50,36.5,UNDISCLOSED,,carriers_2025_W07_WK-07-25-CARRIERS_SP-MARKET-REPORT.pdf
2025-02-17,7,tankers,1,SEA LUCK III,TANKER,105869.0,2003,Hyundai Samho Heavy Industries,25.00,25.0,CHINESE,,carriers_2025_W07_WK-07-25-CARRIERS_SP-MARKET-REPORT.pdf
2025-02-17,7,tankers,1,DONEGAL SPIRIT,TANKER,105611.0,2006,Hyundai Heavy Inds - Ulsan,26.00,26.0,GREEK,,carriers_2025_W07_WK-07-25-CARRIERS_SP-MARKET-REPORT.pdf
2025-02-17,7,tankers,1,EASTERLY CANYON,TANKER,36677.0,2009,Hyundai Mipo Dockyard Co Ltd,16.00,16.0,UNDISCLOSED,,carriers_2025_W07_WK-07-25-CARRIERS_SP-MARKET-REPORT.pdf
2025-02-17,7,tankers,1,EASTERLY SIRIUS,TANKER,36677.0,2010,Hyundai Mipo Dockyard Co Ltd,16.50,16.5,UNDISCLOSED,,carriers_2025_W07_WK-07-25-CARRIERS_SP-MARKET-REPORT.pdf
2025-02-17,7,tankers,1,GOLDEN DAHLIA,TANKER,34834.0,2021,Fujian Mawei Shipbuilding Ltd,32.90,32.9,UNION MARITIME,,carriers_2025_W07_WK-07-25-CARRIERS_SP-MARKET-REPORT.pdf
2025-02-17,7,tankers,1,IBRI LNG,LNG,77282.0,2006,Mitsubishi Nagasaki,28.00,28.0,CHINESE,,carriers_2025_W07_WK-07-25-CARRIERS_SP-MARKET-REPORT.pdf
2025-02-17,7,tankers,1,GOLAR ARCTIC,LNG,74894.0,2003,Daewoo Shipbuilding & Marine,24.00,24.0,UNDISCLOSED,,carriers_2025_W07_WK-07-25-CARRIERS_SP-MARKET-REPORT.pdf
2025-02-24,8,bulk_carriers,1,ORIENTAL DRAGON,BC,207842.0,2014,Imabari Shbldg - Saijo,49.20,49.2,UNDISCLOSED,,carriers_2025_W08_WK-08-25-CARRIERS_SP-MARKET-REPORT.pdf
2025-02-24,8,bulk_carriers,1,THALASSINI AVRA,BC,180643.0,2011,Tsuneishi Heavy Inds Cebu,29.85,29.85,UNDISCLOSED,,carriers_2025_W08_WK-08-25-CARRIERS_SP-MARKET-REPORT.pdf
2025-02-24,8,bulk_carriers,1,CORA OLDENDORFF,BC,93005.0,2012,Taizhou CATIC Shipbuilding HI,13.70,13.7,CHINESE,,carriers_2025_W08_WK-08-25-CARRIERS_SP-MARKET-REPORT.pdf
2025-02-24,8,bulk_carriers,1,PETALON,BC,87328.0,2010,Hudong-Zhonghua,10.90,10.9,UNDISCLOSED,,carriers_2025_W08_WK-08-25-CARRIERS_SP-MARKET-REPORT.pdf
2025-02-24,8,bulk_carriers,1,ELLINA,BC,82612.0,2008,Tsuneishi Zhoushan Shbldg,12.75,12.75,CHINESE,,carriers_2025_W08_WK-08-25-CARRIERS_SP-MARKET-REPORT.pdf
2025-02-24,8,bulk_carriers,1,BITTERN,BC,57809.0,2009,Yangzhou Dayang Shipbuilding,11.50,11.5,UNDISCLOSED,,carriers_2025_W08_WK-08-25-CARRIERS_SP-MARKET-REPORT.pdf
2025-02-24,8,bulk_carriers,1,PACIFIC INFINITY,BC,56104.0,2012,Oshima Shipbuilding Co Ltd,16.85,16.85,UNDISCLOSED,,carriers_2025_W08_WK-08-25-CARRIERS_SP-MARKET-REPORT.pdf
2025-02-24,8,bulk_carriers,1,DUBAI KNIGHT,BC,55418.0,2007,Oshima Shipbuilding Co Ltd,10.50,10.5,UNDISCLOSED,,carriers_2025_W08_WK-08-25-CARRIERS_SP-MARKET-REPORT.pdf
2025-02-24,8,bulk_carriers,1,SPAR LYNX,BC,53162.0,2005,Chengxi Shipyard,8.00,8.0,CHINESE,,carriers_2025_W08_WK-08-25-CARRIERS_SP-MARKET-REPORT.pdf
2025-02-24,8,bulk_carriers,1,PODHALE,BC,38995.0,2005,Tianjin Xingang Shipyard,6.00,6.0,UNDISCLOSED,,carriers_2025_W08_WK-08-25-CARRIERS_SP-MARKET-REPORT.pdf
2025-02-24,8,bulk_carriers,1,INDIGO MARCH,BC,38200.0,2012,Naikai Zosen Corp - Setoda,13.50,13.5,TURKISH,,carriers_2025_W08_WK-08-25-CARRIERS_SP-MARKET-REPORT.pdf
2025-02-24,8,bulk_carriers,1,WESTERN FEDORA,BC,37405.0,2012,Hyundai Mipo Dockyard Co Ltd,14.00,14.0,UNDISCLOSED,,carriers_2025_W08_WK-08-25-CARRIERS_SP-MARKET-REPORT.pdf
2025-02-24,8,bulk_carriers,1,DL MARIGOLD,BC,33752.0,2012,Samjin Shipbuilding Industries,9.00,9.0,LOADLINE,,carriers_2025_W08_WK-08-25-CARRIERS_SP-MARKET-REPORT.pdf
2025-02-24,8,bulk_carriers,1,DL TULIP,BC,33694.0,2012,Samjin Shipbuilding Industries,9.00,9.0,LOADLINE,,carriers_2025_W08_WK-08-25-CARRIERS_SP-MARKET-REPORT.pdf
2025-02-24,8,tankers,1,PRINCESS ALEXIA,TANKER,306352.0,2004,Mitsubishi Nagasaki,37.00,37.0,TAIWANESE,,carriers_2025_W08_WK-08-25-CARRIERS_SP-MARKET-REPORT.pdf
2025-02-24,8,tankers,1,ZENO I,TANKER,151848.0,2003,Hyundai Heavy Inds - Ulsan,20.00,20.0,UNDISCLOSED,,carriers_2025_W08_WK-08-25-CARRIERS_SP-MARKET-REPORT.pdf
2025-02-24,8,tankers,1,PS MILANO,TANKER,49999.0,2018,Hyundai Mipo Dockyard Co Ltd,37.50,37.5,GREEK,,carriers_2025_W08_WK-08-25-CARRIERS_SP-MARKET-REPORT.pdf
2025-02-24,8,tankers,1,PS SYDNEY,TANKER,47499.0,2019,Hyundai-Vinashin Shipyard Co,38.70,38.7,FAR EASTERN,,carriers_2025_W08_WK-08-25-CARRIERS_SP-MARKET-REPORT.pdf
2025-02-24,8,tankers,1,PHILIPPA,TANKER,8319.0,2000,Asakawa,4.80,4.8,INDONESIAN,,carriers_2025_W08_WK-08-25-CARRIERS_SP-MARKET-REPORT.pdf
2025-03-03,9,bulk_carriers,1,MOUNT AUSTIN,BC,178623.0,2010,Mitsui Chiba Ichihara,26.75,26.75,CHINESE,SS DUE 06/2025,carriers_2025_W09_WK-09-25-CARRIERS_SP-MARKET-REPORT.pdf
2025-03-03,9,bulk_carriers,1,DREAM STAR,BC,81782.0,2014,Tadotsu Shipbuilding Co Ltd,20.50,20.5,BRAVE MARITIME,,carriers_2025_W09_WK-09-25-CARRIERS_SP-MARKET-REPORT.pdf
2025-03-03,9,bulk_carriers,1,MARIA D,BC,78821.0,2009,Sanoyas Hishino Meisho Corp,11.30,11.3,GREEK,,carriers_2025_W09_WK-09-25-CARRIERS_SP-MARKET-REPORT.pdf
2025-03-03,9,bulk_carriers,1,NAVIOS ASTERIKS,BC,76801.0,2005,Sasebo Heavy Industries,7.85,7.85,CHINESE,,carriers_2025_W09_WK-09-25-CARRIERS_SP-MARKET-REPORT.pdf
2025-03-03,9,bulk_carriers,1,ICE QUEEN,BC,76598.0,2002,Imabari Shbldg - Marugame,6.00,6.0,UNDISCLOSED,,carriers_2025_W09_WK-09-25-CARRIERS_SP-MARKET-REPORT.pdf
2025-03-03,9,bulk_carriers,1,SALDANHA,BC,75707.0,2004,Sanoyas Hishino Meisho Corp,7.50,7.5,CHINESE,,carriers_2025_W09_WK-09-25-CARRIERS_SP-MARKET-REPORT.pdf
2025-03-03,9,bulk_carriers,1,ANTIGONI,BC,75122.0,2000,Hitachi Zosen - Maizuru,LOW 5.00,5.0,UNDISCLOSED,,carriers_2025_W09_WK-09-25-CARRIERS_SP-MARKET-REPORT.pdf
2025-03-03,9,bulk_carriers,1,AEGEA,BC,75115.0,2000,Hitachi Zosen - Maizuru,LOW 5.00,5.0,UNDISCLOSED,,carriers_2025_W09_WK-09-25-CARRIERS_SP-MARKET-REPORT.pdf
2025-03-03,9,bulk_carriers,1,XIN DONG GUAN 1,BC,70871.0,2011,Zhejiang Zhenghe Shipbuilding,9.00,9.0,UNDISCLOSED,,carriers_2025_W09_WK-09-25-CARRIERS_SP-MARKET-REPORT.pdf
2025-03-03,9,bulk_carriers,1,XIN DONG GUAN 7,BC,70807.0,2011,Zhejiang Zhenghe Shipbuilding,9.00,9.0,UNDISCLOSED,,carriers_2025_W09_WK-09-25-CARRIERS_SP-MARKET-REPORT.pdf
2025-03-03,9,bulk_carriers,1,XIN DONG GUAN 9,BC,70785.0,2011,Zhejiang Zhenghe Shipbuilding,9.00,9.0,UNDISCLOSED,,carriers_2025_W09_WK-09-25-CARRIERS_SP-MARKET-REPORT.pdf
2025-03-03,9,bulk_carriers,1,WESTERN FUJI,BC,63597.0,2020,Nantong Xiangyu Shipbuilding,28.00,28.0,UNDISCLOSED,,carriers_2025_W09_WK-09-25-CARRIERS_SP-MARKET-REPORT.pdf
2025-03-03,9,bulk_carriers,1,ORIENT ARROW,BC,60293.0,2017,JAPAN MARINE UTD - KUR,-,,UNDISCLOSED,BBHP,carriers_2025_W09_WK-09-25-CARRIERS_SP-MARKET-REPORT.pdf
2025-03-03,9,bulk_carriers,1,MESK,BC,56988.0,2010,COSCO Zhoushan Shipyard Co,10.65,10.65,GREEK,,carriers_2025_W09_WK-09-25-CARRIERS_SP-MARKET-REPORT.pdf
2025-03-03,9,bulk_carriers,1,AVRA I,BC,56698.0,2010,Jiangsu Hantong Ship HI,11.00,11.0,UNDISCLOSED,,carriers_2025_W09_WK-09-25-CARRIERS_SP-MARKET-REPORT.pdf
2025-03-03,9,bulk_carriers,1,EVROPI,BC,53702.0,2005,Xiamen Shipbuilding Industry,7.50,7.5,UNDISCLOSED,,carriers_2025_W09_WK-09-25-CARRIERS_SP-MARKET-REPORT.pdf
2025-03-03,9,bulk_carriers,1,NORD NANAMI,BC,38204.0,2012,Imabari Shbldg - Imabari,13.50,13.5,UNDISCLOSED,,carriers_2025_W09_WK-09-25-CARRIERS_SP-MARKET-REPORT.pdf
2025-03-03,9,bulk_carriers,1,IYO SEA,BC,37537.0,2015,Imabari Shbldg - Marugame,17.50,17.5,TURKISH,,carriers_2025_W09_WK-09-25-CARRIERS_SP-MARKET-REPORT.pdf
2025-03-03,9,bulk_carriers,1,ROMANDIE,BC,35774.0,2010,Shinan Heavy Industries,10.80,10.8,UNDISCLOSED,,carriers_2025_W09_WK-09-25-CARRIERS_SP-MARKET-REPORT.pdf
2025-03-03,9,bulk_carriers,1,VEGA DABLAM,BC,35112.0,2011,Zhejiang Yueqing Changhong,9.50,9.5,UNDISCLOSED,,carriers_2025_W09_WK-09-25-CARRIERS_SP-MARKET-REPORT.pdf
2025-03-03,9,bulk_carriers,1,DESPINA,BC,28534.0,2007,Shimanami Shipyard Co Ltd,7.20,7.2,MIDDLE EASTERN,,carriers_2025_W09_WK-09-25-CARRIERS_SP-MARKET-REPORT.pdf
2025-03-03,9,tankers,1,PENTA I,TANKER,319175.0,2003,Hyundai Samho Heavy Industries,XS 29.00,29.0,UNDISCLOSED,,carriers_2025_W09_WK-09-25-CARRIERS_SP-MARKET-REPORT.pdf
2025-03-03,9,tankers,1,DIAMONDWAY,TANKER,154966.0,2016,Sungdong Shipbuilding & Eng,-,,NAT,,carriers_2025_W09_WK-09-25-CARRIERS_SP-MARKET-REPORT.pdf
2025-03-03,9,tankers,1,GOLDWAY,TANKER,154781.0,2016,Sungdong Shipbuilding & Eng,-,,NAT,,carriers_2025_W09_WK-09-25-CARRIERS_SP-MARKET-REPORT.pdf
2025-03-03,9,tankers,1,PROSTAR,TANKER,115643.0,2019,Daehan Shipbuilding - Haenam,63.00,63.0,TEEKAY,,carriers_2025_W09_WK-09-25-CARRIERS_SP-MARKET-REPORT.pdf
2025-03-03,9,tankers,1,CHEMTRANS POLARIS,TANKER,72291.0,2005,Hudong-Zhonghua,12.00,12.0,CHINESE,,carriers_2025_W09_WK-09-25-CARRIERS_SP-MARKET-REPORT.pdf
2025-03-03,9,tankers,1,NH ERLE,TANKER,49999.0,2010,Hyundai Mipo Dockyard Co Ltd,22.00,22.0,CHAMPION TANKERS,,carriers_2025_W09_WK-09-25-CARRIERS_SP-MARKET-REPORT.pdf
2025-03-03,9,tankers,1,NH SIRI,TANKER,49999.0,2010,Hyundai Mipo Dockyard Co Ltd,22.00,22.0,CHAMPION TANKERS,,carriers_2025_W09_WK-09-25-CARRIERS_SP-MARKET-REPORT.pdf
2025-03-03,9,tankers,1,ASTERION,TANKER,37583.0,2011,Hyundai Mipo Dockyard Co Ltd,17.00,17.0,GREEK,,carriers_2025_W09_WK-09-25-CARRIERS_SP-MARKET-REPORT.pdf
2025-03-03,9,tankers,1,SC TAIPEI,TANKER,22377.0,2000,Gijon Naval,8.80,8.8,UNDISCLOSED,ST. STEEL,carriers_2025_W09_WK-09-25-CARRIERS_SP-MARKET-REPORT.pdf
2025-03-03,9,tankers,1,CLYDE FISHER,TANKER,12984.0,2005,Samho Shipbuilding Co Ltd,7.00,7.0,UNDISCLOSED,SS DUE,carriers_2025_W09_WK-09-25-CARRIERS_SP-MARKET-REPORT.pdf
2025-03-10,10,bulk_carriers,1,MOUNT SONG,BC,180242.0,2010,Koyo Dockyard Co Ltd,27.50,27.5,UNDISCLOSED,SS/DD DUE,carriers_2025_W10_WK-10-25-CARRIERS_SP-MARKET-REPORT.pdf
2025-03-10,10,bulk_carriers,1,SEA POSEIDON,BC,176371.0,2011,Shanghai Waigaoqiao Shbldg,25.70,25.7,CHINESE,,carriers_2025_W10_WK-10-25-CARRIERS_SP-MARKET-REPORT.pdf
2025-03-10,10,bulk_carriers,1,BULK NORTHVILLE,BC,169126.0,2010,Daehan Shipbuilding - Haenam,21.00,21.0,UNDISCLOSED,,carriers_2025_W10_WK-10-25-CARRIERS_SP-MARKET-REPORT.pdf
2025-03-10,10,bulk_carriers,1,MAGIC ECLIPSE,BC,74940.0,2011,Sasebo Heavy Industries,13.50,13.5,UNDISCLOSED,,carriers_2025_W10_WK-10-25-CARRIERS_SP-MARKET-REPORT.pdf
2025-03-10,10,bulk_carriers,1,GRAECIA UNIVERSALIS,BC,73902.0,2005,Namura Shipbuilding - Imari,8.20,8.2,UNDISCLOSED,,carriers_2025_W10_WK-10-25-CARRIERS_SP-MARKET-REPORT.pdf
2025-03-10,10,bulk_carriers,1,WESTERN SINGAPORE,BC,63688.0,2020,Nantong Xiangyu Shipbuilding,28.00,28.0,UNDISCLOSED,,carriers_2025_W10_WK-10-25-CARRIERS_SP-MARKET-REPORT.pdf
2025-03-10,10,bulk_carriers,1,KMARIN OSLO,BC,63099.0,2015,Jiangsu New Hantong,22.00,22.0,CHINESE,,carriers_2025_W10_WK-10-25-CARRIERS_SP-MARKET-REPORT.pdf
2025-03-10,10,bulk_carriers,1,HOKUETSU IBIS,BC,60527.0,2008,Oshima Shipbuilding Co Ltd,14.80,14.8,UNDISCLOSED,WOODCHIP CARRIER,carriers_2025_W10_WK-10-25-CARRIERS_SP-MARKET-REPORT.pdf
2025-03-10,10,bulk_carriers,1,IVS NORTH BERWICK,BC,60475.0,2016,Oshima Shipbuilding Co Ltd,24.00,24.0,UNDISCLOSED,,carriers_2025_W10_WK-10-25-CARRIERS_SP-MARKET-REPORT.pdf
2025-03-10,10,bulk_carriers,1,FEDERAL LYRA,BC,55725.0,2014,Mitsui Chiba Ichihara,19.00,19.0,UNDISCLOSED,,carriers_2025_W10_WK-10-25-CARRIERS_SP-MARKET-REPORT.pdf
2025-03-10,10,bulk_carriers,1,SEASTAR MERLIN,BC,39795.0,2025,Naikai Zosen Corp - Innoshima,32.00,32.0,HMM,DELY MAY,carriers_2025_W10_WK-10-25-CARRIERS_SP-MARKET-REPORT.pdf
2025-03-10,10,bulk_carriers,1,ERHAN,BC,38694.0,2013,SPP Shipbuilding - Tongyeong,15.00,15.0,UNDISCLOSED,,carriers_2025_W10_WK-10-25-CARRIERS_SP-MARKET-REPORT.pdf
2025-03-10,10,bulk_carriers,1,IYO SEA,BC,37537.0,2015,Imabari Shbldg - Marugame,17.50,17.5,TURKISH,,carriers_2025_W10_WK-10-25-CARRIERS_SP-MARKET-REPORT.pdf
2025-03-10,10,bulk_carriers,1,WESTERN FEDORA,BC,37405.0,2012,Hyundai Mipo Dockyard Co Ltd,14.00,14.0,UNDISCLOSED,,carriers_2025_W10_WK-10-25-CARRIERS_SP-MARKET-REPORT.pdf
2025-03-10,10,bulk_carriers,1,CIELO DEI MARONTI,BC,37133.0,2017,MINAMINIPPON SHBLDG,20.50,20.5,UNDISCLOSED,,carriers_2025_W10_WK-10-25-CARRIERS_SP-MARKET-REPORT.pdf
2025-03-10,10,bulk_carriers,1,ANTARCTIC OCEAN,BC,36009.0,2010,Samjin Shipbuilding Industries,9.00,9.0,UNDISCLOSED,,carriers_2025_W10_WK-10-25-CARRIERS_SP-MARKET-REPORT.pdf
2025-03-10,10,bulk_carriers,1,NEDIM,BC,35156.0,2013,SPP Shipbuilding - Tongyeong,15.00,15.0,UNDISCLOSED,,carriers_2025_W10_WK-10-25-CARRIERS_SP-MARKET-REPORT.pdf
2025-03-10,10,bulk_carriers,1,ORHAN,BC,35138.0,2013,SPP Shipbuilding - Tongyeong,15.00,15.0,UNDISCLOSED,,carriers_2025_W10_WK-10-25-CARRIERS_SP-MARKET-REPORT.pdf
2025-03-10,10,bulk_carriers,1,SEASTAR EXPLORER,BC,34569.0,2012,Shanhaiguan Shipbuilding Ind,9.80,9.8,UNDISCLOSED,DD DUE,carriers_2025_W10_WK-10-25-CARRIERS_SP-MARKET-REPORT.pdf
2025-03-10,10,bulk_carriers,1,JAUNTY JENNY,BC,33628.0,2012,Shin Kurushima Onishi,13.00,13.0,CHINESE,,carriers_2025_W10_WK-10-25-CARRIERS_SP-MARKET-REPORT.pdf
2025-03-10,10,bulk_carriers,1,ACHILLES BULKER,BC,32729.0,2003,Kanda Kawajiri,-,,UNDISCLOSED,,carriers_2025_W10_WK-10-25-CARRIERS_SP-MARKET-REPORT.pdf
2025-03-10,10,bulk_carriers,1,DEYANG,BC,31921.0,2005,Hakodate Dock - Hakodate,6.60,6.6,CHINESE,AUCTION SALE,carriers_2025_W10_WK-10-25-CARRIERS_SP-MARKET-REPORT.pdf
2025-03-10,10,tankers,1,CAPRICORN SUN,TANKER,115577.0,2007,Sasebo Heavy Industries,61.00 EN BLOC,61.0,CHINESE,,carriers_2025_W10_WK-10-25-CARRIERS_SP-MARKET-REPORT.pdf
2025-03-10,10,tankers,1,RED SUN,TANKER,115325.0,2008,Sasebo Heavy Industries,61.00 EN BLOC,61.0,CHINESE,,carriers_2025_W10_WK-10-25-CARRIERS_SP-MARKET-REPORT.pdf
2025-03-10,10,tankers,1,QUETTA,TANKER,107215.0,2003,Imabari Shbldg - Saijo,18.00,18.0,UNDISCLOSED,,carriers_2025_W10_WK-10-25-CARRIERS_SP-MARKET-REPORT.pdf
2025-03-10,10,tankers,1,LAHORE,TANKER,107018.0,2003,Imabari Shbldg - Saijo,18.00,18.0,UNDISCLOSED,,carriers_2025_W10_WK-10-25-CARRIERS_SP-MARKET-REPORT.pdf
2025-03-10,10,tankers,1,RAFFLES HARMONY,TANKER,105405.0,2013,Hyundai Heavy Inds - Ulsan,41.90,41.9,CHINESE,,carriers_2025_W10_WK-10-25-CARRIERS_SP-MARKET-REPORT.pdf
2025-03-10,10,tankers,1,TORM RESILIENCE,TANKER,51218.0,2005,STX Shipbuilding - Jinhae,15.00,15.0,UNDISCLOSED,,carriers_2025_W10_WK-10-25-CARRIERS_SP-MARKET-REPORT.pdf
2025-03-10,10,tankers,1,NORD SWIFT,TANKER,49579.0,2015,STX OFFSHORE & SHBLDG,33.25,33.25,EMPIRE NAVIGATION,,carriers_2025_W10_WK-10-25-CARRIERS_SP-MARKET-REPORT.pdf
2025-03-10,10,tankers,1,TORM THAMES,TANKER,47036.0,2005,Hyundai Mipo Dockyard Co Ltd,15.00,15.0,UNDISCLOSED,,carriers_2025_W10_WK-10-25-CARRIERS_SP-MARKET-REPORT.pdf
2025-03-10,10,tankers,1,TORM RAGNHILD,TANKER,46187.0,2005,STX Shipbuilding - Jinhae,15.00,15.0,UNDISCLOSED,,carriers_2025_W10_WK-10-25-CARRIERS_SP-MARKET-REPORT.pdf
2025-03-10,10,tankers,1,VALLE DI CORDOBA,TANKER,40218.0,2005,Hyundai Mipo Dockyard Co Ltd,12.50,12.5,UAE,,carriers_2025_W10_WK-10-25-CARRIERS_SP-MARKET-REPORT.pdf
2025-03-10,10,tankers,1,SAEHAN INTRASIA,TANKER,19870.0,2005,Fukuoka Shipbuilding,15.10,15.1,CHINESE,ST. STEEL,carriers_2025_W10_WK-10-25-CARRIERS_SP-MARKET-REPORT.pdf
2025-03-10,10,containers,1,A GORYU,CONTAINER,24471.0,2022,JIANGSU YANGZI XINFU S,32.00,32.0,MINERVA MARINE,"1,781 TEU",carriers_2025_W10_WK-10-25-CARRIERS_SP-MARKET-REPORT.pdf
2025-03-17,11,bulk_carriers,1,FRONTIER GARLAND,BC,181480.0,2011,Imabari Shbldg - Saijo,31.00,31.0,UNDISCLOSED,,carriers_2025_W11_WK-11-25-CARRIERS_SP-MARKET-REPORT.pdf
2025-03-17,11,bulk_carriers,1,BULK PROVIDENCE,BC,180491.0,2011,STX OFFSHORE & SHBLDG,28.00,28.0,CHINESE,,carriers_2025_W11_WK-11-25-CARRIERS_SP-MARKET-REPORT.pdf
2025-03-17,11,bulk_carriers,1,MARAN ODYSSEY,BC,171681.0,2006,Daewoo Shipbuilding & Marine,18.00,18.0,LILA GLOBAL,,carriers_2025_W11_WK-11-25-CARRIERS_SP-MARKET-REPORT.pdf
2025-03-17,11,bulk_carriers,1,MARAN SAILOR,BC,171680.0,2006,Daewoo Shipbuilding & Marine,18.00,18.0,LILA GLOBAL,,carriers_2025_W11_WK-11-25-CARRIERS_SP-MARKET-REPORT.pdf
2025-03-17,11,bulk_carriers,1,JULIA,BC,88174.0,2005,Imabari Shbldg - Marugame,9.00,9.0,UNDISCLOSED,Coal Carrier,carriers_2025_W11_WK-11-25-CARRIERS_SP-MARKET-REPORT.pdf
2025-03-17,11,bulk_carriers,1,ENERGY HOPE,BC,82122.0,2012,TSUNEISHI SHBLDG - FKY,17.00,17.0,BRAVE MARITIME,,carriers_2025_W11_WK-11-25-CARRIERS_SP-MARKET-REPORT.pdf
2025-03-17,11,bulk_carriers,1,AM BUCHANAN,BC,81795.0,2013,New Times Shipbuilding Co Ltd,,,,,carriers_2025_W11_WK-11-25-CARRIERS_SP-MARKET-REPORT.pdf
2025-03-17,11,bulk_carriers,1,AM KRAKOW,BC,81752.0,2013,New Times Shipbuilding Co Ltd,60.00 EN BLOC,60.0,UNDISCLOSED,,carriers_2025_W11_WK-11-25-CARRIERS_SP-MARKET-REPORT.pdf
2025-03-17,11,bulk_carriers,1,AM ZENICA,BC,76089.0,2014,Hudong-Zhonghua,60.00 EN BLOC,60.0,UNDISCLOSED,,carriers_2025_W11_WK-11-25-CARRIERS_SP-MARKET-REPORT.pdf
2025-03-17,11,bulk_carriers,1,AM ANNABA,BC,76079.0,2013,Hudong-Zhonghua,60.00 EN BLOC,60.0,UNDISCLOSED,,carriers_2025_W11_WK-11-25-CARRIERS_SP-MARKET-REPORT.pdf
2025-03-17,11,bulk_carriers,1,JOHNNY P,BC,74540.0,2001,Daewoo Shipbuilding & Marine,Low 6s,6.0,CHINESE,,carriers_2025_W11_WK-11-25-CARRIERS_SP-MARKET-REPORT.pdf
2025-03-17,11,bulk_carriers,1,WESTERN SINGAPORE,BC,63688.0,2020,Nantong Xiangyu Shipbuilding,28.00,28.0,UNDISCLOSED,,carriers_2025_W11_WK-11-25-CARRIERS_SP-MARKET-REPORT.pdf
2025-03-17,11,bulk_carriers,1,PORT MACAU,BC,58730.0,2008,Tsuneishi Zhoushan Shbldg,11.80,11.8,UNDISCLOSED,,carriers_2025_W11_WK-11-25-CARRIERS_SP-MARKET-REPORT.pdf
2025-03-17,11,bulk_carriers,1,INDIGO FLORA,BC,58724.0,2013,Kawasaki HI - Kobe - curr,17.00,17.0,UNDISCLOSED,,carriers_2025_W11_WK-11-25-CARRIERS_SP-MARKET-REPORT.pdf
2025-03-17,11,bulk_carriers,1,INDIGO LUFFY,BC,58051.0,2012,Shin Kurushima Onishi,16.50,16.5,UNDISCLOSED,,carriers_2025_W11_WK-11-25-CARRIERS_SP-MARKET-REPORT.pdf
2025-03-17,11,bulk_carriers,1,STRANGE ATTRACTOR,BC,55742.0,2006,Mitsui Tamano,9.30,9.3,UNDISCLOSED,,carriers_2025_W11_WK-11-25-CARRIERS_SP-MARKET-REPORT.pdf
2025-03-17,11,bulk_carriers,1,NEW VENTURE,BC,53390.0,2009,Chengxi Shipyard Jiangyin,10.00,10.0,UNDISCLOSED,,carriers_2025_W11_WK-11-25-CARRIERS_SP-MARKET-REPORT.pdf
2025-03-17,11,bulk_carriers,1,SIRINA,BC,50170.0,2001,Mitsui Chiba Ichihara,6.85,6.85,UNDISCLOSED,,carriers_2025_W11_WK-11-25-CARRIERS_SP-MARKET-REPORT.pdf
2025-03-17,11,bulk_carriers,1,LION,BC,32256.0,2007,Kanda Kawajiri,10.00,10.0,CHINESE,,carriers_2025_W11_WK-11-25-CARRIERS_SP-MARKET-REPORT.pdf
2025-03-17,11,bulk_carriers,1,CENTURY VENUS,BC,16213.0,2010,Shin Kochi,7.00,7.0,TURKISH,,carriers_2025_W11_WK-11-25-CARRIERS_SP-MARKET-REPORT.pdf
2025-03-17,11,tankers,1,DHT LOTUS,TANKER,320142.0,2011,Bohai Shipbuilding Heavy Ind,55.00,55.0,CHINESE,,carriers_2025_W11_WK-11-25-CARRIERS_SP-MARKET-REPORT.pdf
2025-03-17,11,tankers,1,NEW NAXOS,TANKER,299985.0,2003,Universal Shbldg - Ariake,34.00,34.0,UNDISCLOSED,,carriers_2025_W11_WK-11-25-CARRIERS_SP-MARKET-REPORT.pdf
2025-03-17,11,tankers,1,AUSTRALIS,TANKER,299095.0,2003,Universal Shbldg - Ariake,28.00,28.0,SEACON,,carriers_2025_W11_WK-11-25-CARRIERS_SP-MARKET-REPORT.pdf
2025-03-17,11,tankers,1,PENTATHLON,TANKER,158475.0,2009,Samsung Heavy Inds - Geoje,40.50,40.5,GREEK,,carriers_2025_W11_WK-11-25-CARRIERS_SP-MARKET-REPORT.pdf
2025-03-17,11,tankers,1,SOUTHPORT,TANKER,115462.0,2008,STX Shipbuilding - Jinhae,35.00,35.0,CHINESE,,carriers_2025_W11_WK-11-25-CARRIERS_SP-MARKET-REPORT.pdf
2025-03-17,11,tankers,1,RAFFLES HARMONY,TANKER,105405.0,2013,Hyundai Heavy Inds - Ulsan,41.90,41.9,CHINESE,,carriers_2025_W11_WK-11-25-CARRIERS_SP-MARKET-REPORT.pdf
2025-03-17,11,tankers,1,CENTENNIAL,TANKER,47165.0,2008,Onomichi Dockyard Co Ltd,16.50,16.5,UNDISCLOSED,,carriers_2025_W11_WK-11-25-CARRIERS_SP-MARKET-REPORT.pdf
2025-03-17,11,tankers,1,ECO FLEET,TANKER,39208.0,2015,Hyundai-Vinashin Shipyard Co,29.00,29.0,MONTANARI,,carriers_2025_W11_WK-11-25-CARRIERS_SP-MARKET-REPORT.pdf
2025-03-17,11,tankers,1,YASH,TANKER,37320.0,2002,STX Shipbuilding - Jinhae,8.20,8.2,UNDISCLOSED,,carriers_2025_W11_WK-11-25-CARRIERS_SP-MARKET-REPORT.pdf
2025-03-17,11,tankers,1,TTC VISHAKA,TANKER,18041.0,2012,ZHEJIANG HANGCHANG SHB,13.10,13.1,UNDISCLOSED,,carriers_2025_W11_WK-11-25-CARRIERS_SP-MARKET-REPORT.pdf
2025-03-17,11,tankers,1,HENG XIN,TANKER,13968.0,2010,Ningbo Beilun Lantian Shbldg,12.00,12.0,UNDISCLOSED,,carriers_2025_W11_WK-11-25-CARRIERS_SP-MARKET-REPORT.pdf
2025-03-17,11,containers,1,HARIS,CV,25160.0,2015,Guangzhou Wenchong,31.00,31.0,UNDISCLOSED,,carriers_2025_W11_WK-11-25-CARRIERS_SP-MARKET-REPORT.pdf
2025-03-24,12,bulk_carriers,1,ROSEMARY,BC,179742.0,2010,Daewoo Shipbuilding & Marine,25.00,25.0,UNDISCLOSED,SS/DD DUE,carriers_2025_W12_WK-12-25-CARRIERS_SP-MARKET-REPORT.pdf
2025-03-24,12,bulk_carriers,1,SEA POSEIDON,BC,176371.0,2011,Shanghai Waigaoqiao Shbldg,25.70,25.7,CHINESE,,carriers_2025_W12_WK-12-25-CARRIERS_SP-MARKET-REPORT.pdf
2025-03-24,12,bulk_carriers,1,BRAVERUS,BC,170913.0,2009,Sungdong Shipbuilding & Eng,22.00,22.0,UNDISCLOSED,,carriers_2025_W12_WK-12-25-CARRIERS_SP-MARKET-REPORT.pdf
2025-03-24,12,bulk_carriers,1,IVESTOS I,BC,76801.0,2004,Sasebo Heavy Industries,8.10,8.1,UNDISCLOSED,SS PASSED,carriers_2025_W12_WK-12-25-CARRIERS_SP-MARKET-REPORT.pdf
2025-03-24,12,bulk_carriers,1,MAGIC ECLIPSE,BC,74940.0,2011,Sasebo Heavy Industries,13.50,13.5,CHINESE,,carriers_2025_W12_WK-12-25-CARRIERS_SP-MARKET-REPORT.pdf
2025-03-24,12,bulk_carriers,1,SEAJOY,BC,73454.0,2000,Sumitomo Hi Yokosuka,6.00,6.0,UAE,,carriers_2025_W12_WK-12-25-CARRIERS_SP-MARKET-REPORT.pdf
2025-03-24,12,bulk_carriers,1,NAUTILUS,BC,73389.0,2001,Sumitomo Hi Yokosuka,6.50,6.5,UNDISCLOSED,,carriers_2025_W12_WK-12-25-CARRIERS_SP-MARKET-REPORT.pdf
2025-03-24,12,bulk_carriers,1,IVS GLENEAGLES,BC,58071.0,2016,Shin Kurushima Toyohashi,23.00,23.0,GREEK,,carriers_2025_W12_WK-12-25-CARRIERS_SP-MARKET-REPORT.pdf
2025-03-24,12,bulk_carriers,1,MOONDANCE II,BC,55566.0,2005,Nantong COSCO KHI Ship Eng,8.00,8.0,UNDISCLOSED,SS DUE,carriers_2025_W12_WK-12-25-CARRIERS_SP-MARKET-REPORT.pdf
2025-03-24,12,bulk_carriers,1,LOWLANDS OPAL,BC,55381.0,2007,Oshima Shipbuilding Co Ltd,11.40,11.4,CHINESE,,carriers_2025_W12_WK-12-25-CARRIERS_SP-MARKET-REPORT.pdf
2025-03-24,12,bulk_carriers,1,JIN SHUN,BC,53350.0,2007,Shanghai Shipyard Co Ltd,8.26,8.26,HONG KONG,,carriers_2025_W12_WK-12-25-CARRIERS_SP-MARKET-REPORT.pdf
2025-03-24,12,bulk_carriers,1,TOROS-M,BC,50296.0,2002,Mitsui Tamano,6.80,6.8,UNDISCLOSED,,carriers_2025_W12_WK-12-25-CARRIERS_SP-MARKET-REPORT.pdf
2025-03-24,12,bulk_carriers,1,WARMIA,BC,38981.0,2005,Tianjin Xingang Shipyard,8.30,8.3,UNDISCLOSED,,carriers_2025_W12_WK-12-25-CARRIERS_SP-MARKET-REPORT.pdf
2025-03-24,12,bulk_carriers,1,IZANAGI HARMONY,BC,37105.0,2021,Saiki Heavy Industries Co Ltd,24.50,24.5,UNDISCLOSED,SS DUE 10/2025,carriers_2025_W12_WK-12-25-CARRIERS_SP-MARKET-REPORT.pdf
2025-03-24,12,bulk_carriers,1,TATE J,BC,34439.0,2012,SPP Shipbuilding - Tongyeong,HIGH 13,13.0,UNDISCLOSED,,carriers_2025_W12_WK-12-25-CARRIERS_SP-MARKET-REPORT.pdf
2025-03-24,12,bulk_carriers,1,HANDY HEIDI,BC,33735.0,2011,Shin Kochi,11.20,11.2,UNDISCLOSED,,carriers_2025_W12_WK-12-25-CARRIERS_SP-MARKET-REPORT.pdf
2025-03-24,12,bulk_carriers,1,ATLANTIC BRAVE,BC,33407.0,2016,Shin Kurushima Onishi,17.80,17.8,UNDISCLOSED,,carriers_2025_W12_WK-12-25-CARRIERS_SP-MARKET-REPORT.pdf
2025-03-24,12,bulk_carriers,1,NIMBLE NICKY,BC,31887.0,2010,Hakodate Dock - Hakodate,LOW 11,11.0,UNDISCLOSED,,carriers_2025_W12_WK-12-25-CARRIERS_SP-MARKET-REPORT.pdf
2025-03-24,12,tankers,1,DHT PEONY,TANKER,320014.0,2011,Bohai Shipbuilding Heavy Ind,55.00,55.0,CHINESE,,carriers_2025_W12_WK-12-25-CARRIERS_SP-MARKET-REPORT.pdf
2025-03-24,12,tankers,1,MACEO,TANKER,319254.0,2005,Hyundai Samho Heavy Industries,40.00,40.0,CHINESE,,carriers_2025_W12_WK-12-25-CARRIERS_SP-MARKET-REPORT.pdf
2025-03-24,12,tankers,1,EDEN,TANKER,49999.0,2020,Hyundai Mipo Dockyard Co Ltd,40.00,40.0,DITAS SHIPPING,SS DUE,carriers_2025_W12_WK-12-25-CARRIERS_SP-MARKET-REPORT.pdf
2025-03-24,12,tankers,1,UOG CONSTANTINE G,TANKER,49999.0,2010,SLS Shipbuilding Co Ltd,21.00,21.0,UNDISCLOSED,,carriers_2025_W12_WK-12-25-CARRIERS_SP-MARKET-REPORT.pdf
2025-03-24,12,tankers,1,CHALLENGE PROCYON,TANKER,45996.0,2011,Shin Kurushima Onishi,19.00,19.0,VELOS SHIPPING,SS DUE 11/2025,carriers_2025_W12_WK-12-25-CARRIERS_SP-MARKET-REPORT.pdf
2025-03-24,12,tankers,1,SONGA WINDS,TANKER,19954.0,2009,Fukuoka Shipbuilding,-,,CHINESE,ST. STEEL,carriers_2025_W12_WK-12-25-CARRIERS_SP-MARKET-REPORT.pdf
2025-03-24,12,containers,1,DEBUSSY,CV,51687.0,2009,Hyundai Heavy Inds - Ulsan,32.00,32.0,CMA CGM,"4,255 TEU",carriers_2025_W12_WK-12-25-CARRIERS_SP-MARKET-REPORT.pdf
2025-03-24,12,containers,1,IRENES RHYTHM,CV,39462.0,2007,Hyundai Mipo Dockyard Co Ltd,24.00,24.0,RCL,"2,824 TEU",carriers_2025_W12_WK-12-25-CARRIERS_SP-MARKET-REPORT.pdf
2025-03-24,12,containers,1,ATLANTIC IBIS,CV,27130.0,2008,Zhejiang Shbldg - Ningbo,17.00,17.0,FOLK MARITIME,"2,015 TEU",carriers_2025_W12_WK-12-25-CARRIERS_SP-MARKET-REPORT.pdf
2025-03-31,13,bulk_carriers,1,GLOBAL COMMANDER,BC,207953.0,2010,Universal Shbldg - Tsu,32.50,32.5,CHINESE,,carriers_2025_W13_WK-13-25-CARRIERS_SP-MARKET-REPORT.pdf
2025-03-31,13,bulk_carriers,1,CAPE UNITY,BC,180181.0,2007,Imabari Shbldg - Saijo,22.20,22.2,WINNING SHIPPING,,carriers_2025_W13_WK-13-25-CARRIERS_SP-MARKET-REPORT.pdf
2025-03-31,13,bulk_carriers,1,ARABELLA,BC,177005.0,2005,Namura Shipbuilding - Imari,18.00,18.0,UNDISCLOSED,,carriers_2025_W13_WK-13-25-CARRIERS_SP-MARKET-REPORT.pdf
2025-03-31,13,bulk_carriers,1,WANGARATTA,BC,82206.0,2011,TSUNEISHI SHBLDG - FKY,17.20,17.2,CHINESE,,carriers_2025_W13_WK-13-25-CARRIERS_SP-MARKET-REPORT.pdf
2025-03-31,13,bulk_carriers,1,TRISTAR DUGON,BC,79200.0,2011,COSCO Dalian Shipyard Co Ltd,13.30,13.3,UNDISCLOSED,,carriers_2025_W13_WK-13-25-CARRIERS_SP-MARKET-REPORT.pdf
2025-03-31,13,bulk_carriers,1,SERVETTE,BC,63668.0,2020,Nantong Xiangyu Shipbuilding,31.70,31.7,GREEK,3 YEAR BBHP STRUCTURE,carriers_2025_W13_WK-13-25-CARRIERS_SP-MARKET-REPORT.pdf
2025-03-31,13,bulk_carriers,1,FORTUNE WING,BC,55650.0,2011,Mitsui Tamano,16.00,16.0,INDONESIAN,,carriers_2025_W13_WK-13-25-CARRIERS_SP-MARKET-REPORT.pdf
2025-03-31,13,bulk_carriers,1,ATLANTIC OCEAN,BC,36009.0,2010,Samjin Shipbuilding Industries,9.00,9.0,UNDISCLOSED,,carriers_2025_W13_WK-13-25-CARRIERS_SP-MARKET-REPORT.pdf
2025-03-31,13,bulk_carriers,1,QUEEN HARMONY,BC,28425.0,2011,I-S Shipyard Co Ltd,10.35,10.35,UNDISCLOSED,,carriers_2025_W13_WK-13-25-CARRIERS_SP-MARKET-REPORT.pdf
2025-03-31,13,bulk_carriers,1,IVS MAGPIE,BC,28240.0,2011,Imabari Shbldg - Imabari,10.20,10.2,UNDISCLOSED,,carriers_2025_W13_WK-13-25-CARRIERS_SP-MARKET-REPORT.pdf
2025-03-31,13,tankers,1,SEACROSS,TANKER,163292.0,2006,Hyundai Samho Heavy Industries,33.00,33.0,UNDISCLOSED,,carriers_2025_W13_WK-13-25-CARRIERS_SP-MARKET-REPORT.pdf
2025-03-31,13,tankers,1,P. YANBU,TANKER,105391.0,2011,Sumitomo Heavy Marine Yokosuka,39.00,39.0,UNDISCLOSED,,carriers_2025_W13_WK-13-25-CARRIERS_SP-MARKET-REPORT.pdf
2025-03-31,13,tankers,1,STRINDA,TANKER,19959.0,2006,Fukuoka Shipbuilding - Fukuoka,15.80,15.8,UNDISCLOSED,ST. STEEL,carriers_2025_W13_WK-13-25-CARRIERS_SP-MARKET-REPORT.pdf
2025-03-31,13,tankers,1,OWL 3,TANKER,13153.0,2008,Samho Shipbuilding Co Ltd,11.00,11.0,SEVEN ISLANDS,,carriers_2025_W13_WK-13-25-CARRIERS_SP-MARKET-REPORT.pdf
2025-03-31,13,containers,1,POLYNESIA,CV,23415.0,2008,Guangzhou Wenchong,17.50,17.5,UNDISCLOSED,"1,740 TEU",carriers_2025_W13_WK-13-25-CARRIERS_SP-MARKET-REPORT.pdf
2025-04-07,14,bulk_carriers,1,HL SAIJO,BC,206291.0,2010,Imabari Shbldg - Saijo,38.00,38.0,CHINESE,,carriers_2025_W14_WK-14-25-CARRIERS_SP-MARKET-REPORT.pdf
2025-04-07,14,bulk_carriers,1,JUBILANT DEVOTION,BC,117549.0,2016,Sanoyas Shipbuilding Corp,26.50,26.5,ALBERTA,,carriers_2025_W14_WK-14-25-CARRIERS_SP-MARKET-REPORT.pdf
2025-04-07,14,bulk_carriers,1,CLEMENS OLDENDORFF,BC,92759.0,2012,COSCO Zhoushan Shipyard Co,12.95,12.95,MODION,,carriers_2025_W14_WK-14-25-CARRIERS_SP-MARKET-REPORT.pdf
2025-04-07,14,bulk_carriers,1,SEA MARATHON,BC,81945.0,2015,QINGDAO WUCHUAN HEAVY,18.00,18.0,GREEK,,carriers_2025_W14_WK-14-25-CARRIERS_SP-MARKET-REPORT.pdf
2025-04-07,14,bulk_carriers,1,GOLDEN IOANARI,BC,81827.0,2011,Hyundai Mipo Dockyard Co Ltd,16.50,16.5,GREEK,,carriers_2025_W14_WK-14-25-CARRIERS_SP-MARKET-REPORT.pdf
2025-04-07,14,bulk_carriers,1,GOLDEN KEEN,BC,81586.0,2012,Hyundai Mipo Dockyard Co Ltd,17.50,17.5,CHINESE,,carriers_2025_W14_WK-14-25-CARRIERS_SP-MARKET-REPORT.pdf
2025-04-07,14,bulk_carriers,1,SEA CHARM,BC,75932.0,2003,Tsuneishi Shbldg - Fkym - earl,7.70,7.7,CHINESE,,carriers_2025_W14_WK-14-25-CARRIERS_SP-MARKET-REPORT.pdf
2025-04-07,14,bulk_carriers,1,MAGIC CALLISTO,BC,74930.0,2012,Sasebo Heavy Industries,14.50,14.5,UNDISCLOSED,,carriers_2025_W14_WK-14-25-CARRIERS_SP-MARKET-REPORT.pdf
2025-04-07,14,bulk_carriers,1,NANTONG XIANGYU,BC,63550.0,2025,Nantong Xiangyu Shipbuilding,35.00,35.0,UNDISCLOSED,DELIVERY 09/2025,carriers_2025_W14_WK-14-25-CARRIERS_SP-MARKET-REPORT.pdf
2025-04-07,14,bulk_carriers,1,VOLISSOS,BC,57022.0,2010,Qingshan Shipyard,10.70,10.7,CHINESE,,carriers_2025_W14_WK-14-25-CARRIERS_SP-MARKET-REPORT.pdf
2025-04-07,14,bulk_carriers,1,SFL YUKON,BC,56836.0,2010,Xiamen Shipbuilding Industry,10.50,10.5,UNDISCLOSED,,carriers_2025_W14_WK-14-25-CARRIERS_SP-MARKET-REPORT.pdf
2025-04-07,14,bulk_carriers,1,TELERI M,BC,55851.0,2013,JAPAN MARINE UTD - KUR,16.80,16.8,UNDISCLOSED,,carriers_2025_W14_WK-14-25-CARRIERS_SP-MARKET-REPORT.pdf
2025-04-07,14,bulk_carriers,1,ARIETTA,BC,55818.0,2009,IHI Corp,13.00,13.0,UNDISCLOSED,,carriers_2025_W14_WK-14-25-CARRIERS_SP-MARKET-REPORT.pdf
2025-04-07,14,bulk_carriers,1,CL SEVEN,BC,50630.0,2011,Oshima Shipbuilding Co Ltd,14.00,14.0,UNDISCLOSED,,carriers_2025_W14_WK-14-25-CARRIERS_SP-MARKET-REPORT.pdf
2025-04-07,14,bulk_carriers,1,MERCURIUS,BC,50296.0,2001,Mitsui Tamano,5.00,5.0,UNDISCLOSED,,carriers_2025_W14_WK-14-25-CARRIERS_SP-MARKET-REPORT.pdf
2025-04-07,14,bulk_carriers,1,SSI PRIDE,BC,48635.0,2002,Hakodate Dock - Hakodate,LOW 6.00,6.0,UNDISCLOSED,,carriers_2025_W14_WK-14-25-CARRIERS_SP-MARKET-REPORT.pdf
2025-04-07,14,bulk_carriers,1,LAGO DI CANCANO,BC,37666.0,2014,Qingshan Shipyard,14.00,14.0,UNDISCLOSED,,carriers_2025_W14_WK-14-25-CARRIERS_SP-MARKET-REPORT.pdf
2025-04-07,14,bulk_carriers,1,ANSAC GREEN RIVER,BC,33358.0,2018,Shin Kochi,20.00,20.0,GREEK,,carriers_2025_W14_WK-14-25-CARRIERS_SP-MARKET-REPORT.pdf
2025-04-07,14,bulk_carriers,1,AFRICAN HALCYON,BC,32245.0,2007,Kanda Kawajiri,10.00,10.0,CHINESE,,carriers_2025_W14_WK-14-25-CARRIERS_SP-MARKET-REPORT.pdf
2025-04-07,14,bulk_carriers,1,VANTAGE REEF,BC,29263.0,2010,Nantong Nikka Shipbuilding,8.50,8.5,FAR EASTERN,,carriers_2025_W14_WK-14-25-CARRIERS_SP-MARKET-REPORT.pdf
2025-04-07,14,bulk_carriers,1,ITALIDA,BC,28509.0,2009,I-S Shipyard Co Ltd,9.50,9.5,UNDISCLOSED,,carriers_2025_W14_WK-14-25-CARRIERS_SP-MARKET-REPORT.pdf
2025-04-07,14,tankers,1,HANSIKA,TANKER,298495.0,2006,Universal Shbldg - Ariake,45.00,45.0,CHINESE,,carriers_2025_W14_WK-14-25-CARRIERS_SP-MARKET-REPORT.pdf
2025-04-07,14,tankers,1,SYMPHONY,TANKER,297572.0,2009,Shanghai Jiangnan Changxing,49.00,49.0,CHINESE,,carriers_2025_W14_WK-14-25-CARRIERS_SP-MARKET-REPORT.pdf
2025-04-07,14,tankers,1,SIMOON,TANKER,151174.0,2004,Samsung Heavy Inds - Geoje,26.00,26.0,CHINESE,,carriers_2025_W14_WK-14-25-CARRIERS_SP-MARKET-REPORT.pdf
2025-04-07,14,tankers,1,OMERA LEGACY,TANKER,107091.0,2005,Daewoo Shipbuilding & Marine,22.70,22.7,HONG KONG,SS DUE,carriers_2025_W14_WK-14-25-CARRIERS_SP-MARKET-REPORT.pdf
2025-04-07,14,tankers,1,SW CAP FERRAT I,TANKER,36031.0,2002,STX Shipbuilding - Jinhae,7.00,7.0,CHINESE,,carriers_2025_W14_WK-14-25-CARRIERS_SP-MARKET-REPORT.pdf
2025-04-07,14,containers,1,SEASPAN CHIBA,CV,58200.0,2011,Samsung Heavy Inds - Geoje,52.00,52.0,ZIM,"4,520 TEU",carriers_2025_W14_WK-14-25-CARRIERS_SP-MARKET-REPORT.pdf
2025-04-07,14,containers,1,PROTOSTAR N,CV,37904.0,2007,Aker MTW Werft GmbH,19.00,19.0,UNDISCLOSED,"2,7420 TEU",carriers_2025_W14_WK-14-25-CARRIERS_SP-MARKET-REPORT.pdf
2025-04-14,15,bulk_carriers,1,CAPE ACACIA,BC,206237.0,2005,Imabari Shbldg - Saijo,22.00,22.0,CHINESE,,carriers_2025_W15_WK-15-25-CARRIERS_SP-MARKET-REPORT.pdf
2025-04-14,15,bulk_carriers,1,CHINA PROGRESS,BC,174322.0,2006,Shanghai Waigaoqiao Shbldg,16.50,16.5,CHINESE,,carriers_2025_W15_WK-15-25-CARRIERS_SP-MARKET-REPORT.pdf
2025-04-14,15,bulk_carriers,1,SHUN FU DA,BC,82849.0,2006,Tsuneishi Corp - Fukuyama,11.40,11.4,CHINESE,,carriers_2025_W15_WK-15-25-CARRIERS_SP-MARKET-REPORT.pdf
2025-04-14,15,bulk_carriers,1,SANTA MARIA,BC,75825.0,2008,Jiangsu Rongsheng,10.50,10.5,CHINESE,,carriers_2025_W15_WK-15-25-CARRIERS_SP-MARKET-REPORT.pdf
2025-04-14,15,bulk_carriers,1,MIYAMA,BC,75777.0,2005,Sanoyas Hishino Meisho Corp,9.45,9.45,GREEK,,carriers_2025_W15_WK-15-25-CARRIERS_SP-MARKET-REPORT.pdf
2025-04-14,15,bulk_carriers,1,AMIS WISDOM III,BC,61527.0,2011,Shin Kasado Dockyard Co Ltd,17.50,17.5,UNDISCLOSED,,carriers_2025_W15_WK-15-25-CARRIERS_SP-MARKET-REPORT.pdf
2025-04-14,15,bulk_carriers,1,EMMANUEL C,BC,58837.0,2008,Tsuneishi Zhoushan Shbldg,12.00,12.0,CHINESE,,carriers_2025_W15_WK-15-25-CARRIERS_SP-MARKET-REPORT.pdf
2025-04-14,15,bulk_carriers,1,EQUINOX SEAS,BC,52009.0,2003,Brodosplit Brodogradiliste doo,8.45,8.45,UNDISCLOSED,,carriers_2025_W15_WK-15-25-CARRIERS_SP-MARKET-REPORT.pdf
2025-04-14,15,bulk_carriers,1,SEAVENUS,BC,50913.0,2000,Oshima Shipbuilding Co Ltd,6.30,6.3,UNDISCLOSED,,carriers_2025_W15_WK-15-25-CARRIERS_SP-MARKET-REPORT.pdf
2025-04-14,15,bulk_carriers,1,TAMARACK,BC,50344.0,2003,Kawasaki Shipbuilding - Kobe,LOW 8.00,8.0,UNDISCLOSED,,carriers_2025_W15_WK-15-25-CARRIERS_SP-MARKET-REPORT.pdf
2025-04-14,15,bulk_carriers,1,BUNUN HERO,BC,37811.0,2015,Shimanami Shipyard Co Ltd,18.50,18.5,UNDISCLOSED,,carriers_2025_W15_WK-15-25-CARRIERS_SP-MARKET-REPORT.pdf
2025-04-14,15,bulk_carriers,1,STRADION,BC,36863.0,2011,Hyundai Mipo Dockyard Co Ltd,13.50,13.5,UNDISCLOSED,,carriers_2025_W15_WK-15-25-CARRIERS_SP-MARKET-REPORT.pdf
2025-04-14,15,bulk_carriers,1,SEASTAR VENTURE,BC,32500.0,2012,Zhejiang Hongxin Shipbuilding,9.20,9.2,UNDISCLOSED,,carriers_2025_W15_WK-15-25-CARRIERS_SP-MARKET-REPORT.pdf
2025-04-14,15,tankers,1,NIERUS,TANKER,317972.0,2003,Hyundai Heavy Inds - Ulsan,30.00,30.0,UNDISCLOSED,,carriers_2025_W15_WK-15-25-CARRIERS_SP-MARKET-REPORT.pdf
2025-04-14,15,tankers,1,EUROHOPE,TANKER,306506.0,2007,Daewoo Shipbuilding & Marine,46.25,46.25,CHINESE,,carriers_2025_W15_WK-15-25-CARRIERS_SP-MARKET-REPORT.pdf
2025-04-14,15,tankers,1,P. SOPHIA,TANKER,105071.0,2009,Hyundai Heavy Inds - Ulsan,36.05,36.05,UNDISCLOSED,,carriers_2025_W15_WK-15-25-CARRIERS_SP-MARKET-REPORT.pdf
2025-04-14,15,tankers,1,DAI AN,TANKER,50530.0,2007,SPP Shipbuilding - Tongyeong,14.75,14.75,UNDISCLOSED,,carriers_2025_W15_WK-15-25-CARRIERS_SP-MARKET-REPORT.pdf
2025-04-14,15,tankers,1,MARLIN AMBER,TANKER,49999.0,2015,COMEC,HIGH 29,29.0,IMS,DD DUE,carriers_2025_W15_WK-15-25-CARRIERS_SP-MARKET-REPORT.pdf
2025-04-14,15,tankers,1,PS ATENE,TANKER,49999.0,2018,Hyundai Mipo Dockyard Co Ltd,37.80,37.8,UNDISCLOSED,,carriers_2025_W15_WK-15-25-CARRIERS_SP-MARKET-REPORT.pdf
2025-04-14,15,tankers,1,SONGA KARI,TANKER,13148.0,2008,21st Century Shipbuilding Co,10.80,10.8,UNDISCLOSED,,carriers_2025_W15_WK-15-25-CARRIERS_SP-MARKET-REPORT.pdf
2025-04-14,15,tankers,1,DH HONESTY,TANKER,13148.0,2021,NANTONG TONGBAO SHIPBU,20.50,20.5,UNDISCLSOED,AUCTION,carriers_2025_W15_WK-15-25-CARRIERS_SP-MARKET-REPORT.pdf
2025-04-14,15,tankers,1,DH GLORY,TANKER,13121.0,2020,NANTONG TONGBAO SHIPBU,20.54,20.54,UNDISCLOSED,AUCTION,carriers_2025_W15_WK-15-25-CARRIERS_SP-MARKET-REPORT.pdf
2025-04-14,15,containers,1,BURGUNDY,CV,42566.0,2008,Nordseewerke,29.00,29.0,UNDISCLOSED,,carriers_2025_W15_WK-15-25-CARRIERS_SP-MARKET-REPORT.pdf
2025-04-21,16,bulk_carriers,1,SEADUTY,BC,82449.0,2008,Tsuneishi Holdings - Fukuyama,14.25,14.25,GREEK,,carriers_2025_W16_WK-16-25-CARRIERS_SP-MARKET-REPORT.pdf
2025-04-21,16,bulk_carriers,1,SEA PLUTO,BC,81007.0,2013,New Times Shipbuilding Co Ltd,16.50,16.5,GREEK,,carriers_2025_W16_WK-16-25-CARRIERS_SP-MARKET-REPORT.pdf
2025-04-21,16,bulk_carriers,1,NORD MAMORE,BC,64050.0,2020,Mitsui Chiba Ichihara,30.60,30.6,UNDISCLOSED,,carriers_2025_W16_WK-16-25-CARRIERS_SP-MARKET-REPORT.pdf
2025-04-21,16,bulk_carriers,1,MAPLEGATE,BC,63449.0,2019,Iwagi Zosen Co Ltd,32.58,32.58,INDONESIAN,ON SUBS,carriers_2025_W16_WK-16-25-CARRIERS_SP-MARKET-REPORT.pdf
2025-04-21,16,bulk_carriers,1,VANTAGE LADY,BC,63194.0,2015,Jiangsu New Hantong Ship,20.00,20.0,COSMOSHIP,,carriers_2025_W16_WK-16-25-CARRIERS_SP-MARKET-REPORT.pdf
2025-04-21,16,bulk_carriers,1,EL COMINO,BC,61465.0,2012,Iwagi Zosen Co Ltd,19.50,19.5,CHINESE,,carriers_2025_W16_WK-16-25-CARRIERS_SP-MARKET-REPORT.pdf
2025-04-21,16,bulk_carriers,1,OAKGATE,BC,60407.0,2018,Oshima Shipbuilding Co Ltd,30.42,30.42,INDONESIAN,ON SUBS,carriers_2025_W16_WK-16-25-CARRIERS_SP-MARKET-REPORT.pdf
2025-04-21,16,bulk_carriers,1,NORD KITAN,BC,60195.0,2017,Saiki Heavy Industries Co Ltd,25.70,25.7,GREEK,,carriers_2025_W16_WK-16-25-CARRIERS_SP-MARKET-REPORT.pdf
2025-04-21,16,bulk_carriers,1,RIVER PEARL,BC,52223.0,2008,Oshima Shipbuilding Co Ltd,12.25,12.25,UNDISCLOSED,OPEN HATCH,carriers_2025_W16_WK-16-25-CARRIERS_SP-MARKET-REPORT.pdf
2025-04-21,16,bulk_carriers,1,NORD ABIDJAN,BC,37979.0,2020,MINAMINIPPON SHBLDG,25.50,25.5,UNDISCLOSED,,carriers_2025_W16_WK-16-25-CARRIERS_SP-MARKET-REPORT.pdf
2025-04-21,16,tankers,1,DHT LOTUS,TANKER,320142.0,2011,Bohai Shipbuilding Heavy Ind,51.50,51.5,CHINESE,,carriers_2025_W16_WK-16-25-CARRIERS_SP-MARKET-REPORT.pdf
2025-04-21,16,tankers,1,DHT PEONY,TANKER,320014.0,2011,Bohai Shipbuilding Heavy Ind,51.50,51.5,CHINESE,,carriers_2025_W16_WK-16-25-CARRIERS_SP-MARKET-REPORT.pdf
2025-04-21,16,tankers,1,GOLDEN DAISY,TANKER,34810.0,2021,Fujian Mawei Shipbuilding Ltd,30.20,30.2,UNDISCLOSED,,carriers_2025_W16_WK-16-25-CARRIERS_SP-MARKET-REPORT.pdf
2025-04-21,16,containers,1,NORTHERN JAMBOREE,CV,108827.0,2010,Daewoo Shipbuilding & Marine,75.00,75.0,UNDISCLOSED,"8,814 TEU",carriers_2025_W16_WK-16-25-CARRIERS_SP-MARKET-REPORT.pdf
2025-04-21,16,containers,1,NORTHERN JUBILEE,CV,108770.0,2009,Daewoo Shipbuilding & Marine,75.00,75.0,UNDISCLOSED,"8,814 TEU",carriers_2025_W16_WK-16-25-CARRIERS_SP-MARKET-REPORT.pdf
2025-04-21,16,containers,1,NORTHERN JAVELIN,CV,108677.0,2009,Daewoo Shipbuilding & Marine,75.00,75.0,UNDISCLOSED,"8,814 TEU",carriers_2025_W16_WK-16-25-CARRIERS_SP-MARKET-REPORT.pdf
2025-04-28,17,bulk_carriers,1,IVESTOS 6,BC,76596.0,2006,Imabari Shbldg - Marugame,9.00,9.0,UNDISCLOSED,,carriers_2025_W17_WK-17-25-CARRIERS_SP-MARKET-REPORT.pdf
2025-04-28,17,bulk_carriers,1,SPAR CAPELLA,BC,58000.0,2011,Yangzhou Dayang Shipbuilding,11.40,11.4,CHINESE,,carriers_2025_W17_WK-17-25-CARRIERS_SP-MARKET-REPORT.pdf
2025-04-28,17,bulk_carriers,1,BAKER RIVER,BC,56006.0,2005,Mitsui Tamano,10.00,10.0,UNDISCLOSED,,carriers_2025_W17_WK-17-25-CARRIERS_SP-MARKET-REPORT.pdf
2025-04-28,17,bulk_carriers,1,AVIGATOR,BC,53806.0,2002,New Century Shipbuilding Co,6.20,6.2,CHINESE,,carriers_2025_W17_WK-17-25-CARRIERS_SP-MARKET-REPORT.pdf
2025-04-28,17,bulk_carriers,1,MICHALAKIS,BC,45769.0,1998,Tsuneishi Shbldg,-,,CHINESE,,carriers_2025_W17_WK-17-25-CARRIERS_SP-MARKET-REPORT.pdf
2025-04-28,17,bulk_carriers,1,JIANGSU DAJIN,BC,40400.0,2025,JIANGSU DAJIN HEAVY IN,29.50,29.5,CHINESE,,carriers_2025_W17_WK-17-25-CARRIERS_SP-MARKET-REPORT.pdf
2025-04-28,17,bulk_carriers,1,IVS SUNBIRD,BC,33399.0,2015,Shin Kochi,17.00,17.0,UNDISCLOSED,,carriers_2025_W17_WK-17-25-CARRIERS_SP-MARKET-REPORT.pdf
2025-04-28,17,bulk_carriers,1,IVS KNOT,BC,33143.0,2010,Kanda Kawajiri,11.25,11.25,UNDISCLOSED,,carriers_2025_W17_WK-17-25-CARRIERS_SP-MARKET-REPORT.pdf
2025-04-28,17,bulk_carriers,1,MAGIQUE MARLINE,BC,32216.0,2009,Kanda Kawajiri,11.50,11.5,UNDISCLOSED,,carriers_2025_W17_WK-17-25-CARRIERS_SP-MARKET-REPORT.pdf
2025-04-28,17,tankers,1,LANDBRIDGE WISDOM,TANKER,307894.0,2020,Dalian Shipbuilding Ind - No 2,206.00 EN BLOC,206.0,OMAN SHIPPING,,carriers_2025_W17_WK-17-25-CARRIERS_SP-MARKET-REPORT.pdf
2025-04-28,17,tankers,1,LANDBRIDGE GLORY,TANKER,307852.0,2019,Dalian Shipbuilding Ind - No 2,206.00 EN BLOC,206.0,OMAN SHIPPING,,carriers_2025_W17_WK-17-25-CARRIERS_SP-MARKET-REPORT.pdf
2025-04-28,17,tankers,1,GULF ELAN,TANKER,46894.0,2007,Hyundai Mipo Dockyard Co Ltd,16.50,16.5,UNDISCLOSED,,carriers_2025_W17_WK-17-25-CARRIERS_SP-MARKET-REPORT.pdf
2025-04-28,17,tankers,1,TAMIAT NAVIGATOR,TANKER,46625.0,2010,Hyundai Mipo Dockyard Co Ltd,18.00,18.0,UNDISCLOSED,,carriers_2025_W17_WK-17-25-CARRIERS_SP-MARKET-REPORT.pdf
2025-04-28,17,tankers,1,MD MIRANDA,TANKER,46408.0,1999,Daedong Shipbuilding - Jinhae,8.30,8.3,UNDISCLOSED,,carriers_2025_W17_WK-17-25-CARRIERS_SP-MARKET-REPORT.pdf
2025-04-28,17,containers,1,CONTSHIP WIN,CV,13809.0,2008,Qingshan Shipyard,10.20,10.2,UNDISCLOSED,"1,118 TEU",carriers_2025_W17_WK-17-25-CARRIERS_SP-MARKET-REPORT.pdf
2025-05-05,18,bulk_carriers,1,MINERAL CHINA,BC,171128.0,2003,Hyundai HY,13.00,13.0,EXIM,SS due 8/2025,carriers_2025_W18_WK-18-25-CARRIERS_SP-MARKET-REPORT.pdf
2025-05-05,18,bulk_carriers,1,AEOLIAN GRACE,BC,76525.0,2007,Imabari Shipbuilding,11.30,11.3,UNDISCLOSED,,carriers_2025_W18_WK-18-25-CARRIERS_SP-MARKET-REPORT.pdf
2025-05-05,18,bulk_carriers,1,DENEB,BC,74078.0,2000,Imabari Shipbuilding,5.20,5.2,UNDSICLOSED,,carriers_2025_W18_WK-18-25-CARRIERS_SP-MARKET-REPORT.pdf
2025-05-05,18,bulk_carriers,1,PUFFIN BULKER,BC,57809.0,2011,Yangzhou Dayang Shipbuilding,12.80,12.8,UNDISCLOSED,,carriers_2025_W18_WK-18-25-CARRIERS_SP-MARKET-REPORT.pdf
2025-05-05,18,bulk_carriers,1,DELFI RANGER,BC,54042.0,2009,Taizhou Kouan,10.30,10.3,TURKISH,,carriers_2025_W18_WK-18-25-CARRIERS_SP-MARKET-REPORT.pdf
2025-05-05,18,bulk_carriers,1,ELENI M,BC,50992.0,2001,Oshima Shipbuilding,6.50,6.5,UNDISCLOSED,,carriers_2025_W18_WK-18-25-CARRIERS_SP-MARKET-REPORT.pdf
2025-05-05,18,bulk_carriers,1,WESTERN MIAMI,BC,39000.0,2015,Jiangmen Nanyang,14.50,14.5,UNDISCLOSED,,carriers_2025_W18_WK-18-25-CARRIERS_SP-MARKET-REPORT.pdf
2025-05-05,18,bulk_carriers,1,UNITY STAR,BC,37614.0,2015,Oshima Shipbuilding,18.00,18.0,UNDISCLOSED,,carriers_2025_W18_WK-18-25-CARRIERS_SP-MARKET-REPORT.pdf
2025-05-05,18,bulk_carriers,1,ANSAC MOON BEAR,BC,33426.0,2017,Shin Kurushima,18.65,18.65,TURKISH,,carriers_2025_W18_WK-18-25-CARRIERS_SP-MARKET-REPORT.pdf
2025-05-05,18,bulk_carriers,1,RESOURCE,BC,31776.0,2010,Guangzhou Huangpu,8.80,8.8,UNDISCLOSED,SS/DD due 5/2025,carriers_2025_W18_WK-18-25-CARRIERS_SP-MARKET-REPORT.pdf
2025-05-05,18,bulk_carriers,1,CS VANGUARD,BC,26479.0,2007,Sungdong,6.50,6.5,CHINESE,,carriers_2025_W18_WK-18-25-CARRIERS_SP-MARKET-REPORT.pdf
2025-05-05,18,tankers,1,LAYLA,TANKER,317821.0,2007,Hyunday Samho,46.75,46.75,CHINESE,Wartsila m/e; SS due 8/2027,carriers_2025_W18_WK-18-25-CARRIERS_SP-MARKET-REPORT.pdf
2025-05-05,18,tankers,1,IRIS,TANKER,314000.0,2012,Hyundai Heavy Industries,,,,,carriers_2025_W18_WK-18-25-CARRIERS_SP-MARKET-REPORT.pdf
2025-05-05,18,tankers,1,HAKONE,TANKER,302624.0,2012,Universal Shipbuilding,rgn 59.00 each,59.0,UAE,,carriers_2025_W18_WK-18-25-CARRIERS_SP-MARKET-REPORT.pdf
2025-05-05,18,tankers,1,HAKATA,TANKER,302550.0,2012,Universal Shipbuilding,,,,,carriers_2025_W18_WK-18-25-CARRIERS_SP-MARKET-REPORT.pdf
2025-05-05,18,tankers,1,PACIFIC LOYALTY,TANKER,307284.0,2006,Dalian Shipbuilding,42.00,42.0,CHINESE,,carriers_2025_W18_WK-18-25-CARRIERS_SP-MARKET-REPORT.pdf
2025-05-05,18,tankers,1,MARE NOSTRUM,TANKER,110295.0,2009,Mitsui Eng.,34.50,34.5,UNDISCLOSED,,carriers_2025_W18_WK-18-25-CARRIERS_SP-MARKET-REPORT.pdf
2025-05-05,18,tankers,1,ELAN VITAL,TANKER,71522.0,2003,STX Korea,13.00,13.0,UAE,,carriers_2025_W18_WK-18-25-CARRIERS_SP-MARKET-REPORT.pdf
2025-05-05,18,tankers,1,CELSIUS PHILADELFIA,TANKER,50303.0,2021,Jiangsu Newyangzi,,,,,carriers_2025_W18_WK-18-25-CARRIERS_SP-MARKET-REPORT.pdf
2025-05-05,18,tankers,1,CELSIUS PORTSMOUTH,TANKER,50299.0,2021,Jiangsu Newyangzi,35.50 each,35.5,GREEK,,carriers_2025_W18_WK-18-25-CARRIERS_SP-MARKET-REPORT.pdf
2025-05-05,18,tankers,1,ZAGARA,TANKER,37320.0,2002,STX Korea,8.00,8.0,UNDISCLOSED,,carriers_2025_W18_WK-18-25-CARRIERS_SP-MARKET-REPORT.pdf
2025-05-05,18,containers,1,MINDORO,CV,24435.0,2022,Huanghai Shipbuilding,31.50,31.5,GREEKS,"1,781 TEU incl tc",carriers_2025_W18_WK-18-25-CARRIERS_SP-MARKET-REPORT.pdf
2025-05-12,19,bulk_carriers,1,NICHOLAS G.S,BC,179221.0,2010,Sungdong Shipbuilding & Eng,27.20,27.2,CHINESE,SS DUE 7/2025,carriers_2025_W19_WK-19-25-CARRIERS_SP-MARKET-REPORT.pdf
2025-05-12,19,bulk_carriers,1,STAR CANARY,BC,57809.0,2009,Yangzhou Dayang Shipbuilding,11.50,11.5,UNDISCLOSED,,carriers_2025_W19_WK-19-25-CARRIERS_SP-MARKET-REPORT.pdf
2025-05-12,19,bulk_carriers,1,MINOAS,BC,56952.0,2011,Jiangsu Hantong Ship HI,HIGH 11,11.0,UNDISCLOSED,,carriers_2025_W19_WK-19-25-CARRIERS_SP-MARKET-REPORT.pdf
2025-05-12,19,bulk_carriers,1,SFL SARA,BC,56856.0,2011,Xiamen Shipbuilding Industry,11.50,11.5,CHINESE,,carriers_2025_W19_WK-19-25-CARRIERS_SP-MARKET-REPORT.pdf
2025-05-12,19,bulk_carriers,1,NS DALIAN,BC,56745.0,2010,Yangzhou Guoyu Shipbuilding,9.90,9.9,CHINESE,,carriers_2025_W19_WK-19-25-CARRIERS_SP-MARKET-REPORT.pdf
2025-05-12,19,bulk_carriers,1,AMSTEL CONFIDENCE,BC,38503.0,2011,Minaminippon Shbldg - Shitanoe,14.30,14.3,UNDISCLOSED,,carriers_2025_W19_WK-19-25-CARRIERS_SP-MARKET-REPORT.pdf
2025-05-12,19,bulk_carriers,1,BELLAVITA,BC,35723.0,2010,Shinan Heavy Industries Co Ltd,10.50,10.5,GREEK,,carriers_2025_W19_WK-19-25-CARRIERS_SP-MARKET-REPORT.pdf
2025-05-12,19,bulk_carriers,1,CELESTE,BC,34295.0,2012,Zhejiang Jingang Shipbuilding,11.00,11.0,UNDISCLOSED,,carriers_2025_W19_WK-19-25-CARRIERS_SP-MARKET-REPORT.pdf
2025-05-12,19,bulk_carriers,1,NYMPHI,BC,28214.0,2012,I-S Shipyard Co Ltd,11.50,11.5,ADNOC,,carriers_2025_W19_WK-19-25-CARRIERS_SP-MARKET-REPORT.pdf
2025-05-12,19,tankers,1,GRACE LEO,TANKER,47409.0,2009,Onomichi Dockyard Co Ltd,16.00,16.0,TURKISH,,carriers_2025_W19_WK-19-25-CARRIERS_SP-MARKET-REPORT.pdf
2025-05-12,19,tankers,1,MARITIME VANESSA,TANKER,44401.0,2002,Dalian Shipyard Co Ltd,8.50,8.5,CHINESE,ZINC COATED,carriers_2025_W19_WK-19-25-CARRIERS_SP-MARKET-REPORT.pdf
2025-05-12,19,tankers,1,MARITIME SUZANNE,TANKER,44363.0,2002,Dalian Shipyard Co Ltd,8.50,8.5,CHINESE,ZINC COATED,carriers_2025_W19_WK-19-25-CARRIERS_SP-MARKET-REPORT.pdf
2025-05-12,19,tankers,1,CONDOR LNG,LNG,78957.0,2006,Samsung Heavy Inds - Geoje,28.00,28.0,CHINESE,,carriers_2025_W19_WK-19-25-CARRIERS_SP-MARKET-REPORT.pdf
2025-05-12,19,containers,1,TB KAIYUAN,CV,34083.0,1997,Daewoo Heavy Industries Ltd,13.30,13.3,UNDISCLOSED,"2,456 TEU",carriers_2025_W19_WK-19-25-CARRIERS_SP-MARKET-REPORT.pdf
2025-05-19,20,bulk_carriers,1,LUISE OLDENDORFF,BC,207562.0,2015,Hyundai Heavy Inds - Gunsan,51.00,51.0,HMM,DELY AUGUST,carriers_2025_W20_WK-20-25-CARRIERS_SP-MARKET-REPORT.pdf
2025-05-19,20,bulk_carriers,1,THALASSINI AGATHA,BC,182307.0,2011,Universal Shbldg - Tsu,28.70,28.7,UNDISCLOSED,,carriers_2025_W20_WK-20-25-CARRIERS_SP-MARKET-REPORT.pdf
2025-05-19,20,bulk_carriers,1,TRADERSHIP,BC,176925.0,2006,Namura Shipbuilding - Imari,18.50,18.5,UNDISCLOSED,,carriers_2025_W20_WK-20-25-CARRIERS_SP-MARKET-REPORT.pdf
2025-05-19,20,bulk_carriers,1,THUNDERBIRD,BC,79508.0,2011,Jiangsu Eastern Heavy Industry,19.00 EN BLOC,19.0,UNDISCLOSED,,carriers_2025_W20_WK-20-25-CARRIERS_SP-MARKET-REPORT.pdf
2025-05-19,20,bulk_carriers,1,BONNEVILLE,BC,79403.0,2010,Jiangsu Eastern Heavy Industry,19.00 EN BLOC,19.0,UNDISCLOSED,,carriers_2025_W20_WK-20-25-CARRIERS_SP-MARKET-REPORT.pdf
2025-05-19,20,bulk_carriers,1,IVESTOS 5,BC,76728.0,2005,Sasebo Heavy Industries,9.00,9.0,CHINESE,,carriers_2025_W20_WK-20-25-CARRIERS_SP-MARKET-REPORT.pdf
2025-05-19,20,bulk_carriers,1,FAME,BC,75912.0,2004,Tsuneishi Corp - Fukuyama,8.00,8.0,CHINESE,,carriers_2025_W20_WK-20-25-CARRIERS_SP-MARKET-REPORT.pdf
2025-05-19,20,bulk_carriers,1,SWAN RIVER,BC,56025.0,2005,Mitsui Tamano,LOW 10’S,10.0,UNDISCLOSED,,carriers_2025_W20_WK-20-25-CARRIERS_SP-MARKET-REPORT.pdf
2025-05-19,20,tankers,1,MARAN CANOPUS,TANKER,320475.0,2007,Daewoo Shipbuilding & Marine,48.00,48.0,UNDISCLOSED,,carriers_2025_W20_WK-20-25-CARRIERS_SP-MARKET-REPORT.pdf
2025-05-19,20,tankers,1,M. STAR,TANKER,313798.0,2008,Kawasaki Shipbuilding,HIGH 40’S,40.0,UNDISCLOSED,,carriers_2025_W20_WK-20-25-CARRIERS_SP-MARKET-REPORT.pdf
2025-05-19,20,tankers,1,CASCADE SPIRIT,TANKER,156853.0,2009,Jiangsu Rongsheng Shipbuilding,37.50,37.5,"SG HOLDINGS, NIGERIA",,carriers_2025_W20_WK-20-25-CARRIERS_SP-MARKET-REPORT.pdf
2025-05-19,20,tankers,1,ASPEN SPIRIT,TANKER,156813.0,2009,Jiangsu Rongsheng Shipbuilding,37.50,37.5,"SG HOLDINGS, NIGERIA",,carriers_2025_W20_WK-20-25-CARRIERS_SP-MARKET-REPORT.pdf
2025-05-19,20,tankers,1,ADVANTAGE SOLAR,TANKER,156643.0,2009,Jiangsu Rongsheng Shipbuilding,36.70,36.7,CHINESE,,carriers_2025_W20_WK-20-25-CARRIERS_SP-MARKET-REPORT.pdf
2025-05-19,20,tankers,1,NORDIC CASTOR,TANKER,150249.0,2004,Universal Shbldg,22.50,22.5,UNDISCLOSED,,carriers_2025_W20_WK-20-25-CARRIERS_SP-MARKET-REPORT.pdf
2025-05-19,20,tankers,1,TORM MATHILDE,TANKER,109672.0,2008,Dalian Shipbuilding Ind,LOW 30’S,30.0,CHINESE,,carriers_2025_W20_WK-20-25-CARRIERS_SP-MARKET-REPORT.pdf
2025-05-19,20,tankers,1,CONQUEST,TANKER,73917.0,2006,New Century Shipbuilding Co,11.00,11.0,UNDISCLOSED,,carriers_2025_W20_WK-20-25-CARRIERS_SP-MARKET-REPORT.pdf
2025-05-19,20,tankers,1,FEDOR,TANKER,70156.0,2003,Hyundai Heavy Inds - Ulsan,7.00,7.0,UNDISCLOSED,,carriers_2025_W20_WK-20-25-CARRIERS_SP-MARKET-REPORT.pdf
2025-05-19,20,tankers,1,NORDTOKYO,TANKER,50192.0,2020,Samsung Heavy Inds - Geoje,39.50,39.5,INDIAN,,carriers_2025_W20_WK-20-25-CARRIERS_SP-MARKET-REPORT.pdf
2025-05-19,20,tankers,1,SEAWAYS CITRON,TANKER,49999.0,2007,Hyundai Mipo Dockyard Co Ltd,14.00,14.0,GMS,,carriers_2025_W20_WK-20-25-CARRIERS_SP-MARKET-REPORT.pdf
2025-05-19,20,tankers,1,SEAWAYS FRONTIER,TANKER,49999.0,2007,Hyundai Mipo Dockyard Co Ltd,14.00,14.0,GMS,,carriers_2025_W20_WK-20-25-CARRIERS_SP-MARKET-REPORT.pdf
2025-05-19,20,tankers,1,ANNA M,TANKER,47975.0,2010,Iwagi Zosen Co Ltd,17.00,17.0,UNDISCLOSED,,carriers_2025_W20_WK-20-25-CARRIERS_SP-MARKET-REPORT.pdf
2025-05-19,20,tankers,1,DING HENG 2,TANKER,4199.0,2007,Zhoushan Dingheng Shipbuilding,4.00,4.0,MIDDLE EASTERN,,carriers_2025_W20_WK-20-25-CARRIERS_SP-MARKET-REPORT.pdf
2025-05-19,20,tankers,1,EAGLE EXPLORER,LPG,29386.0,2023,Hyundai Mipo Dockyard Co Ltd,67.00,67.0,MANTAGAS,,carriers_2025_W20_WK-20-25-CARRIERS_SP-MARKET-REPORT.pdf
2025-05-19,20,tankers,1,GAS CERBERUS,LPG,5002.0,2011,Kanrei Naruto,12.40,12.4,UNDISCLOSED,,carriers_2025_W20_WK-20-25-CARRIERS_SP-MARKET-REPORT.pdf
2025-05-19,20,containers,1,RACHEL BORCHARD,CV,15317.0,2000,Hanjin HI & Const - Ulsan,6.80,6.8,UNDISCLOSED,"1,216 TEU",carriers_2025_W20_WK-20-25-CARRIERS_SP-MARKET-REPORT.pdf
2025-05-26,21,bulk_carriers,1,TRADERSHIP,BC,176925.0,2006,Namura Shipbuilding - Imari,18.50,18.5,UNDISCLOSED,,carriers_2025_W21_WK-21-25-CARRIERS_SP-MARKET-REPORT.pdf
2025-05-26,21,bulk_carriers,1,BRILLIANT JUPITER,BC,119480.0,2010,Sanoyas Hishino Meisho Corp,16.00,16.0,UNDISCLOSED,,carriers_2025_W21_WK-21-25-CARRIERS_SP-MARKET-REPORT.pdf
2025-05-26,21,bulk_carriers,1,KEY ACTION,BC,82168.0,2010,Tsuneishi Zhoushan Shbldg,15.10,15.1,CHINESE,SS/DD DUE,carriers_2025_W21_WK-21-25-CARRIERS_SP-MARKET-REPORT.pdf
2025-05-26,21,bulk_carriers,1,MEDI KAZAHAYA,BC,81774.0,2017,Tsuneishi Heavy Inds Cebu,27.75,27.75,BLUMENTHAL,,carriers_2025_W21_WK-21-25-CARRIERS_SP-MARKET-REPORT.pdf
2025-05-26,21,bulk_carriers,1,CL TIFFANY,BC,81687.0,2013,Yangfan Group Co Ltd,,,,,carriers_2025_W21_WK-21-25-CARRIERS_SP-MARKET-REPORT.pdf
2025-05-26,21,bulk_carriers,1,CL GRACE,BC,81563.0,2012,Yangfan Group Co Ltd,45.00 EN BLOC,45.0,UNDISCLOSED,,carriers_2025_W21_WK-21-25-CARRIERS_SP-MARKET-REPORT.pdf
2025-05-26,21,bulk_carriers,1,CL MONA,BC,81504.0,2013,Yangfan Group Co Ltd,45.00 EN BLOC,45.0,UNDISCLOSED,,carriers_2025_W21_WK-21-25-CARRIERS_SP-MARKET-REPORT.pdf
2025-05-26,21,bulk_carriers,1,JAWOR,BC,79649.0,2010,New Century Shipbuilding Co,HIGH 11.00,11.0,UNDISCLOSED,,carriers_2025_W21_WK-21-25-CARRIERS_SP-MARKET-REPORT.pdf
2025-05-26,21,bulk_carriers,1,NORD MISSISSIPPI,BC,60456.0,2015,Mitsui Chiba Ichihara,22.00,22.0,GREEK,,carriers_2025_W21_WK-21-25-CARRIERS_SP-MARKET-REPORT.pdf
2025-05-26,21,bulk_carriers,1,SOLDOY,BC,56830.0,2011,Yangfan Group Co Ltd,12.50,12.5,UNDISCLOSED,,carriers_2025_W21_WK-21-25-CARRIERS_SP-MARKET-REPORT.pdf
2025-05-26,21,bulk_carriers,1,NZ HANGZHOU,BC,56709.0,2012,Qingshan Shipyard,12.00,12.0,HAITONG,,carriers_2025_W21_WK-21-25-CARRIERS_SP-MARKET-REPORT.pdf
2025-05-26,21,bulk_carriers,1,MAPLE TULIP,BC,33158.0,2011,Kanda Kawajiri,11.80,11.8,UNDISCLOSED,,carriers_2025_W21_WK-21-25-CARRIERS_SP-MARKET-REPORT.pdf
2025-05-26,21,bulk_carriers,1,SIENA,BC,32744.0,2002,Kanda Kawajiri,5.80,5.8,UNDISCLOSED,,carriers_2025_W21_WK-21-25-CARRIERS_SP-MARKET-REPORT.pdf
2025-05-26,21,bulk_carriers,1,RED CEDAR,BC,30538.0,2001,Xiamen Shipyard,9.50,9.5,UNDISCLOSED,,carriers_2025_W21_WK-21-25-CARRIERS_SP-MARKET-REPORT.pdf
2025-05-26,21,tankers,1,GLENDA MELODY,TANKER,47238.0,2011,Hyundai Mipo Dockyard Co Ltd,17.90,17.9,UNDISCLOSED,,carriers_2025_W21_WK-21-25-CARRIERS_SP-MARKET-REPORT.pdf
2025-05-26,21,tankers,1,WORLD NAVIGATOR,TANKER,46639.0,2010,Hyundai Mipo Dockyard Co Ltd,17.00,17.0,UNDISCLOSED,,carriers_2025_W21_WK-21-25-CARRIERS_SP-MARKET-REPORT.pdf
2025-05-26,21,tankers,1,PELAGIC TARPON,TANKER,44996.0,2006,STX Shipbuilding - Jinhae,14.00,14.0,CHINESE,,carriers_2025_W21_WK-21-25-CARRIERS_SP-MARKET-REPORT.pdf
2025-05-26,21,tankers,1,KIMOLOS,TANKER,4641.0,2008,Fujian Southeast Shipyard,4.60,4.6,UNDISCLOSED,,carriers_2025_W21_WK-21-25-CARRIERS_SP-MARKET-REPORT.pdf
2025-05-26,21,containers,1,ST SUCCESS,CV,33543.0,2010,Naikai Zosen Corp - Onomichi,27.50,27.5,NORWEGIAN,"2,553 TEU SS/DD PASSED",carriers_2025_W21_WK-21-25-CARRIERS_SP-MARKET-REPORT.pdf
2025-05-26,21,containers,1,CAPE QUEST,CV,25000.0,2017,Guangzhou Wenchong,35.00,35.0,CMA CGM,"2,190 TEU",carriers_2025_W21_WK-21-25-CARRIERS_SP-MARKET-REPORT.pdf
2025-05-26,21,containers,1,PANDA VEGA,CV,15247.0,2006,Hakata,9.90,9.9,HONG KONG,"1,060 TEU",carriers_2025_W21_WK-21-25-CARRIERS_SP-MARKET-REPORT.pdf
2025-06-02,22,bulk_carriers,1,IMPERATOR AUSTRALIS,BC,176387.0,2012,Shanghai Jiangnan Changxing SB,25.50,25.5,GREEK,,carriers_2025_W22_WK-22-25-CARRIERS_SP-MARKET-REPORT.pdf
2025-06-02,22,bulk_carriers,1,CAPE VENI,BC,173764.0,2007,Bohai Shipbuilding Heavy Ind,-,,UNDISCLOSED,,carriers_2025_W22_WK-22-25-CARRIERS_SP-MARKET-REPORT.pdf
2025-06-02,22,bulk_carriers,1,BASTIONS,BC,119376.0,2011,Sanoyas Hishino Meisho Corp,16.50,16.5,UNDISCLOSED,,carriers_2025_W22_WK-22-25-CARRIERS_SP-MARKET-REPORT.pdf
2025-06-02,22,bulk_carriers,1,TORO,BC,76636.0,2008,Imabari Shbldg - Marugame,12.20,12.2,UNDISCLOSED,,carriers_2025_W22_WK-22-25-CARRIERS_SP-MARKET-REPORT.pdf
2025-06-02,22,bulk_carriers,1,IVESTOS 7,BC,75093.0,2008,Hudong-Zhonghua,MID/HIGH 9.00,9.0,UNDISCLOSED,,carriers_2025_W22_WK-22-25-CARRIERS_SP-MARKET-REPORT.pdf
2025-06-02,22,bulk_carriers,1,PROTEFS,BC,73630.0,2004,Jiangnan Shipyard Group Co,7.00,7.0,UNDISCLOSED,,carriers_2025_W22_WK-22-25-CARRIERS_SP-MARKET-REPORT.pdf
2025-06-02,22,bulk_carriers,1,IZMIR,BC,63200.0,2013,Yangzhou Dayang Shipbuilding,18.25,18.25,UNDISCLOSED,,carriers_2025_W22_WK-22-25-CARRIERS_SP-MARKET-REPORT.pdf
2025-06-02,22,bulk_carriers,1,KONYA,BC,63200.0,2013,Yangzhou Dayang Shipbuilding,18.25,18.25,UNDISCLOSED,,carriers_2025_W22_WK-22-25-CARRIERS_SP-MARKET-REPORT.pdf
2025-06-02,22,bulk_carriers,1,INGWAR SELMER,BC,58018.0,2011,Yangzhou Dayang Shipbuilding,11.60,11.6,UNDISCLOSED,,carriers_2025_W22_WK-22-25-CARRIERS_SP-MARKET-REPORT.pdf
2025-06-02,22,bulk_carriers,1,ANNITA,BC,53688.0,2005,New Century Shipbuilding Co,8.50,8.5,UNDISCLOSED,,carriers_2025_W22_WK-22-25-CARRIERS_SP-MARKET-REPORT.pdf
2025-06-02,22,bulk_carriers,1,BUNUN ORCHID,BC,37875.0,2021,I-S Shipyard Co Ltd,25.00,25.0,STEALTH,,carriers_2025_W22_WK-22-25-CARRIERS_SP-MARKET-REPORT.pdf
2025-06-02,22,bulk_carriers,1,UBC TOKYO,BC,37865.0,2005,Saiki Heavy Industries Co Ltd,8.10,8.1,UNDISCLOSED,OPEN HATCH,carriers_2025_W22_WK-22-25-CARRIERS_SP-MARKET-REPORT.pdf
2025-06-02,22,bulk_carriers,1,ID PIONEER,BC,35534.0,2012,Taizhou Maple Leaf Shbldg,10.10,10.1,CHINESE,,carriers_2025_W22_WK-22-25-CARRIERS_SP-MARKET-REPORT.pdf
2025-06-02,22,bulk_carriers,1,VEGA DABLAM,BC,35112.0,2011,Zhejiang Yueqing Changhong,8.50,8.5,UNDISCLOSED,,carriers_2025_W22_WK-22-25-CARRIERS_SP-MARKET-REPORT.pdf
2025-06-02,22,tankers,1,PS CAPRI,TANKER,50895.0,2011,STX OFFSHORE & SHBLDG,18.10,18.1,GREEK,,carriers_2025_W22_WK-22-25-CARRIERS_SP-MARKET-REPORT.pdf
2025-06-02,22,tankers,1,CLEAROCEAN MARIA,TANKER,49999.0,2014,SPP SHIPBUILDING - GOS,30.00,30.0,UNDISCLOSED,,carriers_2025_W22_WK-22-25-CARRIERS_SP-MARKET-REPORT.pdf
2025-06-02,22,tankers,1,CLEAROCEAN MARY,TANKER,49999.0,2014,SPP SHIPBUILDING - GOS,30.00,30.0,UNDISCLOSED,,carriers_2025_W22_WK-22-25-CARRIERS_SP-MARKET-REPORT.pdf
2025-06-02,22,tankers,1,STI REGINA,TANKER,49990.0,2014,SPP SHIPBUILDING - SAC,31.00,31.0,GREAT EASTERN,,carriers_2025_W22_WK-22-25-CARRIERS_SP-MARKET-REPORT.pdf
2025-06-02,22,tankers,1,NORD JOY,TANKER,49874.0,2018,JAPAN MARINE UTD - MAI,,,PARAGON,,carriers_2025_W22_WK-22-25-CARRIERS_SP-MARKET-REPORT.pdf
2025-06-02,22,tankers,1,NORD JEWEL,TANKER,49857.0,2018,JAPAN MARINE UTD - MAI,37.00 EACH,37.0,MOBILITY,,carriers_2025_W22_WK-22-25-CARRIERS_SP-MARKET-REPORT.pdf
2025-06-02,22,tankers,1,CL FUGOU,TANKER,49709.0,2017,Sungdong Shipbuilding & Eng,30.80,30.8,UNDISCLOSED,,carriers_2025_W22_WK-22-25-CARRIERS_SP-MARKET-REPORT.pdf
2025-06-02,22,tankers,1,CL HUAIYANG,TANKER,49688.0,2017,Sungdong Shipbuilding & Eng,30.80,30.8,UNDISCLOSED,,carriers_2025_W22_WK-22-25-CARRIERS_SP-MARKET-REPORT.pdf
2025-06-02,22,tankers,1,DING HENG 2,TANKER,4199.0,2007,Zhoushan Dingheng Shipbuilding,4.00,4.0,MIDDLE EASTERN,ZINC COATED,carriers_2025_W22_WK-22-25-CARRIERS_SP-MARKET-REPORT.pdf
2025-06-02,22,tankers,1,NAVIGATOR GEMINI,LPG,23317.0,2009,Hyundai Mipo Dockyard Co Ltd,31.80,31.8,UNDISCLOSED,,carriers_2025_W22_WK-22-25-CARRIERS_SP-MARKET-REPORT.pdf
2025-06-02,22,tankers,1,FORBIN,LPG,5072.0,2011,Kanrei Naruto,11.00,11.0,ERASMUS,,carriers_2025_W22_WK-22-25-CARRIERS_SP-MARKET-REPORT.pdf
2025-06-02,22,containers,1,MARCOS V,CV,72968.0,2005,Koyo Dockyard Co Ltd,50.00,50.0,UNDISCLOSED,"6,350 TEU",carriers_2025_W22_WK-22-25-CARRIERS_SP-MARKET-REPORT.pdf
2025-06-02,22,containers,1,H MERCURY,CV,24468.0,2022,JIANGSU YANGZI XINFU S,34.50,34.5,UNDISCLOSED,"1,781 TEU",carriers_2025_W22_WK-22-25-CARRIERS_SP-MARKET-REPORT.pdf
2025-06-09,23,bulk_carriers,1,ASL VENUS,BC,82153.0,2011,Tsuneishi Zhoushan Shbldg,14.40,14.4,GREEK,SEPT/DEC DELY,carriers_2025_W23_WK-23-25-CARRIERS_SP-MARKET-REPORT.pdf
2025-06-09,23,bulk_carriers,1,AOM SOPHIE II,BC,81816.0,2020,Sanoyas Shipbuilding Corp,31.50,31.5,NG MOUNDREAS,,carriers_2025_W23_WK-23-25-CARRIERS_SP-MARKET-REPORT.pdf
2025-06-09,23,bulk_carriers,1,SDTR DORA,BC,81780.0,2019,Jiangsu Jinling Ships Co Ltd,24.80,24.8,GREEK,,carriers_2025_W23_WK-23-25-CARRIERS_SP-MARKET-REPORT.pdf
2025-06-09,23,bulk_carriers,1,SAGAR SHAKTI,BC,58097.0,2012,Tsuneishi Zhoushan Shbldg,13.80,13.8,CHINESE,,carriers_2025_W23_WK-23-25-CARRIERS_SP-MARKET-REPORT.pdf
2025-06-09,23,bulk_carriers,1,INCREDIBLE BLUE,BC,57001.0,2011,Taizhou Sanfu Ship,11.80,11.8,UNDISCLOSED,,carriers_2025_W23_WK-23-25-CARRIERS_SP-MARKET-REPORT.pdf
2025-06-09,23,bulk_carriers,1,SIDER OLYMPIA,BC,38182.0,2013,Imabari Shbldg - Imabari,15.75,15.75,UNDISCLOSED,,carriers_2025_W23_WK-23-25-CARRIERS_SP-MARKET-REPORT.pdf
2025-06-09,23,bulk_carriers,1,DARYA GANGA,BC,36845.0,2012,Hyundai Mipo Dockyard Co Ltd,14.30,14.3,UNDISCLOSED,,carriers_2025_W23_WK-23-25-CARRIERS_SP-MARKET-REPORT.pdf
2025-06-09,23,bulk_carriers,1,DL OLIVE,BC,35194.0,2013,SPP Shipbuilding - Tongyeong,27.00 EN BLOC,27.0,UNDISCLOSED,,carriers_2025_W23_WK-23-25-CARRIERS_SP-MARKET-REPORT.pdf
2025-06-09,23,bulk_carriers,1,DL LAVENDER,BC,35194.0,2014,SPP Shipbuilding - Tongyeong,27.00 EN BLOC,27.0,UNDISCLOSED,,carriers_2025_W23_WK-23-25-CARRIERS_SP-MARKET-REPORT.pdf
2025-06-09,23,tankers,1,UOG DESPINA V,TANKER,49999.0,2010,SLS Shipbuilding Co Ltd,16.00,16.0,UNDISCLOSED,,carriers_2025_W23_WK-23-25-CARRIERS_SP-MARKET-REPORT.pdf
2025-06-09,23,tankers,1,GLENDA MELISSA,TANKER,47203.0,2011,Hyundai Mipo Dockyard Co Ltd,19.00,19.0,UNDISCLOSED,,carriers_2025_W23_WK-23-25-CARRIERS_SP-MARKET-REPORT.pdf
2025-06-09,23,containers,1,NAVIOS TEMPO,CV,50466.0,2010,Jiangsu Newyangzi,38.50,38.5,MSC,"4,249 TEU",carriers_2025_W23_WK-23-25-CARRIERS_SP-MARKET-REPORT.pdf
2025-06-09,23,containers,1,SITC YOKOHAMA,CV,12612.0,2004,Kyokuyo Shipyard Corp,7.25,7.25,UNDISCLOSED,831 TEU,carriers_2025_W23_WK-23-25-CARRIERS_SP-MARKET-REPORT.pdf
2025-06-09,23,containers,1,A ROKKO,CV,11817.0,2024,Kyokuyo Shipyard Corp,25.50,25.5,UNDISCLOSED,"1,096 TEU",carriers_2025_W23_WK-23-25-CARRIERS_SP-MARKET-REPORT.pdf
2025-06-16,24,bulk_carriers,1,GLORY PROSPERITY,BC,82535.0,2007,Tsuneishi Holdings - Fukuyama,11.50,11.5,ASIAN,,carriers_2025_W24_WK-24-25-CARRIERS_SP-MARKET-REPORT.pdf
2025-06-16,24,bulk_carriers,1,BRIGHT PEGASUS,BC,82165.0,2013,Tsuneishi Zhoushan Shbldg,17.50,17.5,S'HAIL SHIPPING,,carriers_2025_W24_WK-24-25-CARRIERS_SP-MARKET-REPORT.pdf
2025-06-16,24,bulk_carriers,1,BULK AQUILA,BC,66613.0,2014,Mitsui Tamano,22.70,22.7,BANGLADESHI,,carriers_2025_W24_WK-24-25-CARRIERS_SP-MARKET-REPORT.pdf
2025-06-16,24,bulk_carriers,1,CMB RUBENS,BC,63514.0,2018,Shin Kasado Dockyard Co Ltd,27.30,27.3,CHINESE,,carriers_2025_W24_WK-24-25-CARRIERS_SP-MARKET-REPORT.pdf
2025-06-16,24,bulk_carriers,1,STAR NIGHTHAWK,BC,57809.0,2011,Yangzhou Dayang Shipbuilding,12.80,12.8,UNDISCLOSED,,carriers_2025_W24_WK-24-25-CARRIERS_SP-MARKET-REPORT.pdf
2025-06-16,24,bulk_carriers,1,FLC CELEBRATION,BC,57000.0,2011,Qingshan Shipyard,Low 11.00,11.0,UNDISCLOSED,,carriers_2025_W24_WK-24-25-CARRIERS_SP-MARKET-REPORT.pdf
2025-06-16,24,bulk_carriers,1,SFL HUDSON,BC,56836.0,2009,Jiangsu Hantong Ship HI,11.30,11.3,UNDISCLOSED,,carriers_2025_W24_WK-24-25-CARRIERS_SP-MARKET-REPORT.pdf
2025-06-16,24,bulk_carriers,1,JADE,BC,55090.0,2010,Nantong COSCO KHI Ship Eng,11.50,11.5,UNDISCLOSED,,carriers_2025_W24_WK-24-25-CARRIERS_SP-MARKET-REPORT.pdf
2025-06-16,24,bulk_carriers,1,MAREEBA,BC,46673.0,2002,Kanasashi HI - Toyohashi,Low 7.00,7.0,UNDISCLOSED,,carriers_2025_W24_WK-24-25-CARRIERS_SP-MARKET-REPORT.pdf
2025-06-16,24,bulk_carriers,1,NY TRADER III,BC,39388.0,2016,Jiangmen Nanyang Ship Eng Co,17.00,17.0,GERMAN,,carriers_2025_W24_WK-24-25-CARRIERS_SP-MARKET-REPORT.pdf
2025-06-16,24,bulk_carriers,1,BIRTE SELMER,BC,34976.0,2011,Samjin Shipbuilding Industries,High 9.00,9.0,UNDISCLOSED,,carriers_2025_W24_WK-24-25-CARRIERS_SP-MARKET-REPORT.pdf
2025-06-16,24,bulk_carriers,1,ZHE HAI 360,BC,33100.0,2010,Zhejiang Tianshi Shipbuilding,5.42,5.42,UNDISCLOSED,AUCTION SALE,carriers_2025_W24_WK-24-25-CARRIERS_SP-MARKET-REPORT.pdf
2025-06-16,24,tankers,1,MANTA GALATASARAY,TANKER,50083.0,2010,Onomichi Dockyard Co Ltd,17.00,17.0,GREEK,,carriers_2025_W24_WK-24-25-CARRIERS_SP-MARKET-REPORT.pdf
2025-06-16,24,tankers,1,HORIZON APHRODITE,TANKER,49996.0,2008,SPP Shipbuilding - Tongyeong,16.00,16.0,UNDISCLOSED,,carriers_2025_W24_WK-24-25-CARRIERS_SP-MARKET-REPORT.pdf
2025-06-16,24,tankers,1,UOG PHOENIX,TANKER,47367.0,2010,Onomichi Dockyard Co Ltd,16.80,16.8,UNDISCLOSED,,carriers_2025_W24_WK-24-25-CARRIERS_SP-MARKET-REPORT.pdf
2025-06-16,24,tankers,1,TORM DISCOVERER,TANKER,45979.0,2008,Brodotrogir dd,34.00 EN BLOC,34.0,UNDISCLOSED,,carriers_2025_W24_WK-24-25-CARRIERS_SP-MARKET-REPORT.pdf
2025-06-16,24,tankers,1,TORM VOYAGER,TANKER,45916.0,2008,Brodotrogir dd,34.00 EN BLOC,34.0,UNDISCLOSED,,carriers_2025_W24_WK-24-25-CARRIERS_SP-MARKET-REPORT.pdf
2025-06-16,24,tankers,1,REGENCY,TANKER,45770.0,2002,Minaminippon Shbldg,34.00 EN BLOC,34.0,UNDISCLOSED,,carriers_2025_W24_WK-24-25-CARRIERS_SP-MARKET-REPORT.pdf
2025-06-16,24,tankers,1,OSAKA,TANKER,37923.0,2008,Hyundai Mipo Dockyard Co Ltd,14.80,14.8,UNDISCLOSED,,carriers_2025_W24_WK-24-25-CARRIERS_SP-MARKET-REPORT.pdf
2025-06-16,24,tankers,1,BALTIC SAPPHIRE,TANKER,37594.0,2009,Hyundai Mipo Dockyard Co Ltd,34.00 EN BLOC,34.0,UNDISCLOSED,,carriers_2025_W24_WK-24-25-CARRIERS_SP-MARKET-REPORT.pdf
2025-06-16,24,tankers,1,BALTIC SWIFT,TANKER,37565.0,2010,Hyundai Mipo Dockyard Co Ltd,34.00 EN BLOC,34.0,UNDISCLOSED,,carriers_2025_W24_WK-24-25-CARRIERS_SP-MARKET-REPORT.pdf
2025-06-16,24,tankers,1,GINGA HAWK,TANKER,19998.0,2000,Shin Kurushima Akitsu,6.90,6.9,UNDISCLOSED,St. steel,carriers_2025_W24_WK-24-25-CARRIERS_SP-MARKET-REPORT.pdf
2025-06-16,24,tankers,1,BIRDIE TRADER,TANKER,19822.0,2016,Usuki Shipyard Co Ltd,28.00,28.0,CHINESE,St. steel,carriers_2025_W24_WK-24-25-CARRIERS_SP-MARKET-REPORT.pdf
2025-06-16,24,tankers,1,LESSOW SWAN,TANKER,6974.0,2008,Icdas Celik Enerji Tersane,9.00,9.0,UNDISCLOSED,Marineline,carriers_2025_W24_WK-24-25-CARRIERS_SP-MARKET-REPORT.pdf
2025-06-16,24,tankers,1,EPIC BARNES,LPG,6621.0,2002,Murakami Hide,-,,UKRAINIAN,,carriers_2025_W24_WK-24-25-CARRIERS_SP-MARKET-REPORT.pdf
2025-06-23,25,bulk_carriers,1,MINERAL HIROSHIGE,BC,208572.0,2019,IMABARI SHBLDG - HIROS,CHINESE,,65.00,FWD DELY,carriers_2025_W25_WK-25-25-CARRIERS_SP-MARKET-REPORT.pdf
2025-06-23,25,bulk_carriers,1,BULK GINZA,BC,182868.0,2020,Imabari Shbldg - Saijo,UNDISCLOSED,,64.00,FWD DELY,carriers_2025_W25_WK-25-25-CARRIERS_SP-MARKET-REPORT.pdf
2025-06-23,25,bulk_carriers,1,PARTAGAS,BC,173880.0,2004,Shanghai Waigaoqiao Shbldg,CHINESE,,13.25,FWD DELY,carriers_2025_W25_WK-25-25-CARRIERS_SP-MARKET-REPORT.pdf
2025-06-23,25,bulk_carriers,1,SANTA GRACIELA,BC,82149.0,2013,TSUNEISHI SHBLDG - FKY,SINGAPORE,,18.50,,carriers_2025_W25_WK-25-25-CARRIERS_SP-MARKET-REPORT.pdf
2025-06-23,25,bulk_carriers,1,EXPLORER ASIA,BC,81093.0,2016,Jiangsu New Hantong Ship,UNDISCLOSED,,40.00 EN BLOC,,carriers_2025_W25_WK-25-25-CARRIERS_SP-MARKET-REPORT.pdf
2025-06-23,25,bulk_carriers,1,EXPLORER OCEANIA,BC,81073.0,2015,Jiangsu New Hantong Ship,,,,,carriers_2025_W25_WK-25-25-CARRIERS_SP-MARKET-REPORT.pdf
2025-06-23,25,bulk_carriers,1,SELINA,BC,75700.0,2010,Jiangnan Shipyard Group Co,UNDISCLOSED,,11.90,,carriers_2025_W25_WK-25-25-CARRIERS_SP-MARKET-REPORT.pdf
2025-06-23,25,bulk_carriers,1,MARIGOULA,BC,58063.0,2013,Yangzhou Dayang Shipbuilding,UNDISCLOSED,,13.50,,carriers_2025_W25_WK-25-25-CARRIERS_SP-MARKET-REPORT.pdf
2025-06-23,25,bulk_carriers,1,PYTHIAS,BC,58018.0,2010,Yangzhou Dayang Shipbuilding,UNDISCLOSED,,11.20,,carriers_2025_W25_WK-25-25-CARRIERS_SP-MARKET-REPORT.pdf
2025-06-23,25,bulk_carriers,1,STAR RUNNER,BC,57809.0,2011,Yangzhou Dayang Shipbuilding,UNDISCLOSED,,12.80,,carriers_2025_W25_WK-25-25-CARRIERS_SP-MARKET-REPORT.pdf
2025-06-23,25,bulk_carriers,1,YASA PEMBE,BC,55912.0,2007,Mitsui Tamano,UNDISCLOSED,,12.25,,carriers_2025_W25_WK-25-25-CARRIERS_SP-MARKET-REPORT.pdf
2025-06-23,25,bulk_carriers,1,ARIES SAKURA,BC,39870.0,2020,Shin Kurushima Toyohashi,GREEK,,25.00,,carriers_2025_W25_WK-25-25-CARRIERS_SP-MARKET-REPORT.pdf
2025-06-23,25,tankers,1,PAPALEMOS,TANKER,319191.0,2018,Hyundai Heavy Inds - Ulsan,DHT,,107.00,,carriers_2025_W25_WK-25-25-CARRIERS_SP-MARKET-REPORT.pdf
2025-06-23,25,tankers,1,C. SPIRIT,TANKER,313998.0,2013,Hyundai Heavy Inds - Gunsan,YASA,,67.50,,carriers_2025_W25_WK-25-25-CARRIERS_SP-MARKET-REPORT.pdf
2025-06-23,25,tankers,1,ALTER EGO,TANKER,299235.0,2006,Nantong COSCO KHI Ship Eng,UAE,,43.50,,carriers_2025_W25_WK-25-25-CARRIERS_SP-MARKET-REPORT.pdf
2025-06-23,25,tankers,1,NORDIC THUNDER,TANKER,157374.0,2017,Hyundai Samho HI,DELTA TANKERS,,66.00,,carriers_2025_W25_WK-25-25-CARRIERS_SP-MARKET-REPORT.pdf
2025-06-23,25,tankers,1,CASPER,TANKER,108870.0,2010,Hudong-Zhonghua Shipbuilding,UNDISCLOSED,,34.00,,carriers_2025_W25_WK-25-25-CARRIERS_SP-MARKET-REPORT.pdf
2025-06-23,25,tankers,1,LIMERICK SPIRIT,TANKER,105583.0,2007,Hyundai Heavy Inds - Ulsan,SEA TRADE,,27.80,,carriers_2025_W25_WK-25-25-CARRIERS_SP-MARKET-REPORT.pdf
2025-06-23,25,tankers,1,BANI YAS,TANKER,74913.0,2010,STX OFFSHORE & SHBLDG,UNDISCLOSED,,22.00,,carriers_2025_W25_WK-25-25-CARRIERS_SP-MARKET-REPORT.pdf
2025-06-23,25,tankers,1,YAMILAH-III,TANKER,74866.0,2011,STX OFFSHORE & SHBLDG,UNDISCLOSED,,22.00,,carriers_2025_W25_WK-25-25-CARRIERS_SP-MARKET-REPORT.pdf
2025-06-23,25,tankers,1,NORD OCEANIA,TANKER,49996.0,2018,Onomichi Dockyard Co Ltd,UNDISCLOSED,,36.50,,carriers_2025_W25_WK-25-25-CARRIERS_SP-MARKET-REPORT.pdf
2025-06-23,25,tankers,1,BIT WIND,TANKER,13823.0,2022,Jiangsu Newyangzi,SWEDISH,,-,ICE CLASS,carriers_2025_W25_WK-25-25-CARRIERS_SP-MARKET-REPORT.pdf
2025-06-23,25,tankers,1,BIT WAVE,TANKER,13822.0,2022,Jiangsu Newyangzi,SWEDISH,,-,ICE CLASS,carriers_2025_W25_WK-25-25-CARRIERS_SP-MARKET-REPORT.pdf
2025-06-23,25,tankers,1,SINAR MINAHASA,TANKER,12693.0,2007,Higaki,UNDISCLOSED,,13.50,ST.STEEL,carriers_2025_W25_WK-25-25-CARRIERS_SP-MARKET-REPORT.pdf
2025-06-23,25,containers,1,DELPHINUS C,CV,65950.0,2007,Hyundai Heavy Inds - Ulsan,UNDISCLOSED,,30.50,"4,888 TEU",carriers_2025_W25_WK-25-25-CARRIERS_SP-MARKET-REPORT.pdf
2025-06-23,25,containers,1,CONTSHIP KEY,CV,13760.0,2006,Jiangsu Eastern HI,MSC,,10.00,"1,118 TEU",carriers_2025_W25_WK-25-25-CARRIERS_SP-MARKET-REPORT.pdf
2025-06-30,26,bulk_carriers,1,PACIFIC EAST,BC,176357.0,2012,Shanghai Waigaoqiao Shbldg,27.50,27.5,UNDISCLOSED,,carriers_2025_W26_WK-26-25-CARRIERS_SP-MARKET-REPORT.pdf
2025-06-30,26,bulk_carriers,1,AZALEA WAVE,BC,95584.0,2013,Koyo Dockyard Co Ltd,17.20,17.2,UNDISCLOSED,,carriers_2025_W26_WK-26-25-CARRIERS_SP-MARKET-REPORT.pdf
2025-06-30,26,bulk_carriers,1,ATALANTA,BC,82094.0,2010,Tsuneishi Zhoushan Shbldg,15.40,15.4,ZELA SHIPPING,,carriers_2025_W26_WK-26-25-CARRIERS_SP-MARKET-REPORT.pdf
2025-06-30,26,bulk_carriers,1,CHOLA VIRTUE,BC,76610.0,2003,Imabari Shbldg - Marugame,6.30,6.3,UNDISCLOSED,,carriers_2025_W26_WK-26-25-CARRIERS_SP-MARKET-REPORT.pdf
2025-06-30,26,bulk_carriers,1,SAGAR SHAKTI,BC,58097.0,2012,Tsuneishi Zhoushan Shbldg,LOW 14.00,14.0,UNDISCLOSED,,carriers_2025_W26_WK-26-25-CARRIERS_SP-MARKET-REPORT.pdf
2025-06-30,26,bulk_carriers,1,LUMINOUS SKY,BC,54514.0,2005,Sanoyas Hishino Meisho Corp,6.25,6.25,CHINESE,,carriers_2025_W26_WK-26-25-CARRIERS_SP-MARKET-REPORT.pdf
2025-06-30,26,bulk_carriers,1,CASTLEGATE,BC,53503.0,2008,Iwagi Zosen Co Ltd,11.00,11.0,CHINESE,,carriers_2025_W26_WK-26-25-CARRIERS_SP-MARKET-REPORT.pdf
2025-06-30,26,bulk_carriers,1,OCEAN PRINCESS,BC,52382.0,2002,Tsuneishi Shbldg - Fkym - earl,7.30,7.3,UNDISCLOSED,,carriers_2025_W26_WK-26-25-CARRIERS_SP-MARKET-REPORT.pdf
2025-06-30,26,bulk_carriers,1,FOUR RIGOLETTO,BC,34438.0,2011,SPP Shipbuilding - Tongyeong,38.50 EN BLOC,38.5,CYPRIOT,,carriers_2025_W26_WK-26-25-CARRIERS_SP-MARKET-REPORT.pdf
2025-06-30,26,bulk_carriers,1,FOUR TURANDOT,BC,34428.0,2012,SPP Shipbuilding - Tongyeong,38.50 EN BLOC,38.5,CYPRIOT,,carriers_2025_W26_WK-26-25-CARRIERS_SP-MARKET-REPORT.pdf
2025-06-30,26,bulk_carriers,1,YUKA D,BC,34268.0,2011,Zhejiang Jingang Shipbuilding,9.00,9.0,UNDISCLOSED,,carriers_2025_W26_WK-26-25-CARRIERS_SP-MARKET-REPORT.pdf
2025-06-30,26,bulk_carriers,1,STRATEGIC ENDEAVOR,BC,33078.0,2010,Zhejiang Zhenghe Shipbuilding,7.50,7.5,UNDISCLOSED,,carriers_2025_W26_WK-26-25-CARRIERS_SP-MARKET-REPORT.pdf
2025-06-30,26,tankers,1,NEW TINOS,TANKER,300257.0,2003,Universal Shbldg - Tsu,37.00,37.0,UNDISCLOSED,,carriers_2025_W26_WK-26-25-CARRIERS_SP-MARKET-REPORT.pdf
2025-06-30,26,tankers,1,MONTREAL SPIRIT,TANKER,149997.0,2006,Universal Shbldg - Tsu,30.00,30.0,UNDISCLOSED,,carriers_2025_W26_WK-26-25-CARRIERS_SP-MARKET-REPORT.pdf
2025-06-30,26,tankers,1,PTI HUANG HE,TANKER,49999.0,2016,SPP SHIPBUILDING - SAC,32.50,32.5,FLYNN VENTURES,,carriers_2025_W26_WK-26-25-CARRIERS_SP-MARKET-REPORT.pdf
2025-06-30,26,tankers,1,ADELINE,TANKER,13190.0,1999,Lindenau,5.50,5.5,UNDISCLOSED,,carriers_2025_W26_WK-26-25-CARRIERS_SP-MARKET-REPORT.pdf
2025-06-30,26,tankers,1,ASP SUNRISE,TANKER,13008.0,2014,Usuki Shipyard Co Ltd,16.00,16.0,UNDISCLOSED,,carriers_2025_W26_WK-26-25-CARRIERS_SP-MARKET-REPORT.pdf
2025-06-30,26,tankers,1,BELLA VICTORIA,LPG,54368.0,2008,Hyundai Heavy Inds - Ulsan,63.00,63.0,CHINESE,,carriers_2025_W26_WK-26-25-CARRIERS_SP-MARKET-REPORT.pdf
2025-06-30,26,containers,1,VEGA COLIGNY,CV,23954.0,2023,Yangfan Group Co Ltd,31.00,31.0,FOLK MARITIME,"1,868 TEU",carriers_2025_W26_WK-26-25-CARRIERS_SP-MARKET-REPORT.pdf
2025-06-30,26,containers,1,HANSA HORNEBURG,CV,23664.0,2007,Guangzhou Wenchong Shipyard Co,19.50,19.5,GLOBAL FEEDER SHIPPING,"1,732 TEU",carriers_2025_W26_WK-26-25-CARRIERS_SP-MARKET-REPORT.pdf
2025-07-07,27,bulk_carriers,1,OCEAN PROMETHEUS,BC,203200.0,2007,Universal Shbldg - Ariake,-,,WINNING SHIPPING,,carriers_2025_W27_WK-27-25-CARRIERS_SP-MARKET-REPORT.pdf
2025-07-07,27,bulk_carriers,1,ASIAN BLOSSOM,BC,181494.0,2010,Imabari Shbldg - Saijo,28.40,28.4,UNDISCLOSED,,carriers_2025_W27_WK-27-25-CARRIERS_SP-MARKET-REPORT.pdf
2025-07-07,27,bulk_carriers,1,MOUNT K2,BC,176820.0,2011,Mitsui Chiba Ichihara,26.50,26.5,CHINESE,,carriers_2025_W27_WK-27-25-CARRIERS_SP-MARKET-REPORT.pdf
2025-07-07,27,bulk_carriers,1,GOLDEN ZHOUSHAN,BC,175834.0,2011,JINHAI HEAVY INDUSTRY,22.00,22.0,UNDISCLOSED,,carriers_2025_W27_WK-27-25-CARRIERS_SP-MARKET-REPORT.pdf
2025-07-07,27,bulk_carriers,1,SDTR DORA,BC,81780.0,2019,Jiangsu Jinling Ships Co Ltd,24.50,24.5,GREEK,,carriers_2025_W27_WK-27-25-CARRIERS_SP-MARKET-REPORT.pdf
2025-07-07,27,bulk_carriers,1,UTOPIA,BC,64499.0,2020,Oshima Shipbuilding Co Ltd,34.00,34.0,UNDISCLOSED,INCL 3 YR TC at USD 14 k pd,carriers_2025_W27_WK-27-25-CARRIERS_SP-MARKET-REPORT.pdf
2025-07-07,27,bulk_carriers,1,MONA LISA,BC,63453.0,2019,Imabari Shbldg - Imabari,28.50,28.5,GREEK,,carriers_2025_W27_WK-27-25-CARRIERS_SP-MARKET-REPORT.pdf
2025-07-07,27,bulk_carriers,1,IVS SWINLEY FOREST,BC,60492.0,2017,Sanoyas Shipbuilding Corp,23.20,23.2,GREEK,,carriers_2025_W27_WK-27-25-CARRIERS_SP-MARKET-REPORT.pdf
2025-07-07,27,bulk_carriers,1,MEDI MANILA,BC,57903.0,2014,Tsuneishi Zhoushan Shbldg,17.70,17.7,UNDISCLOSED,,carriers_2025_W27_WK-27-25-CARRIERS_SP-MARKET-REPORT.pdf
2025-07-07,27,bulk_carriers,1,TENRO MARU,BC,57593.0,2016,Tsuneishi Heavy Inds Cebu,22.00,22.0,GREEK,,carriers_2025_W27_WK-27-25-CARRIERS_SP-MARKET-REPORT.pdf
2025-07-07,27,bulk_carriers,1,JUNIPER,BC,57185.0,2011,STX Dalian Shipbuilding Co Ltd,12.50,12.5,UNDISCLOSED,,carriers_2025_W27_WK-27-25-CARRIERS_SP-MARKET-REPORT.pdf
2025-07-07,27,bulk_carriers,1,PAN RAPIDO,BC,56915.0,2011,COSCO Zhoushan Shipyard Co,11.40,11.4,UNDISCLOSED,,carriers_2025_W27_WK-27-25-CARRIERS_SP-MARKET-REPORT.pdf
2025-07-07,27,bulk_carriers,1,RIVA WIND,BC,53533.0,2005,Zhejiang Shbldg - Ningbo,7.75,7.75,CHINESE,,carriers_2025_W27_WK-27-25-CARRIERS_SP-MARKET-REPORT.pdf
2025-07-07,27,bulk_carriers,1,THOR INTEGRITY,BC,52375.0,2001,Tsuneishi Heavy Inds Cebu,6.90,6.9,UNDISCLOSED,,carriers_2025_W27_WK-27-25-CARRIERS_SP-MARKET-REPORT.pdf
2025-07-07,27,bulk_carriers,1,DENEB HARMONY,BC,36888.0,2020,Oshima Shipbuilding Co Ltd,24.50,24.5,UNDISCLOSED,,carriers_2025_W27_WK-27-25-CARRIERS_SP-MARKET-REPORT.pdf
2025-07-07,27,bulk_carriers,1,EREN BULBUL,BC,32259.0,2002,Saiki Heavy Industries Co Ltd,5.20,5.2,UNDISCLOSED,DD DUE,carriers_2025_W27_WK-27-25-CARRIERS_SP-MARKET-REPORT.pdf
2025-07-07,27,bulk_carriers,1,CANNY CAROLINE,BC,32070.0,2012,Hakodate Dock - Hakodate,12.50,12.5,UNDISCLOSED,,carriers_2025_W27_WK-27-25-CARRIERS_SP-MARKET-REPORT.pdf
2025-07-07,27,tankers,1,CONCORD,TANKER,159155.0,2005,Hyundai Heavy Inds - Ulsan,23.50,23.5,CHINESE,SS/DD DUE,carriers_2025_W27_WK-27-25-CARRIERS_SP-MARKET-REPORT.pdf
2025-07-07,27,tankers,1,KOI,TANKER,74635.0,2010,STX OFFSHORE & SHBLDG,23.30,23.3,GREEK,,carriers_2025_W27_WK-27-25-CARRIERS_SP-MARKET-REPORT.pdf
2025-07-07,27,tankers,1,PGC COMPANION,TANKER,72825.0,2005,Hudong-Zhonghua,10.00,10.0,UNDISCLOSED,,carriers_2025_W27_WK-27-25-CARRIERS_SP-MARKET-REPORT.pdf
2025-07-07,27,tankers,1,PGC MARINA,TANKER,72807.0,2005,Hudong-Zhonghua,10.00,10.0,UNDISCLOSED,,carriers_2025_W27_WK-27-25-CARRIERS_SP-MARKET-REPORT.pdf
2025-07-07,27,tankers,1,VALROSSA,TANKER,50344.0,2008,SPP Shipbuilding - Tongyeong,17.00,17.0,UNDISCLOSED,,carriers_2025_W27_WK-27-25-CARRIERS_SP-MARKET-REPORT.pdf
2025-07-07,27,tankers,1,PACIFIC QUARTZ,TANKER,47941.0,2011,Iwagi Zosen Co Ltd,LOW 18.00,18.0,UNDISCLOSED,,carriers_2025_W27_WK-27-25-CARRIERS_SP-MARKET-REPORT.pdf
2025-07-07,27,tankers,1,GRAND ACE7,TANKER,46140.0,2007,STX Shipbuilding - Jinhae,15.00,15.0,MIDDLE EASTERN,,carriers_2025_W27_WK-27-25-CARRIERS_SP-MARKET-REPORT.pdf
2025-07-07,27,tankers,1,PRELUDE,TANKER,39988.0,2007,Saiki Heavy Industries Co Ltd,14.00,14.0,INDIAN,,carriers_2025_W27_WK-27-25-CARRIERS_SP-MARKET-REPORT.pdf
2025-07-07,27,tankers,1,GWEN,TANKER,19702.0,2008,Fukuoka Shipbuilding,16.60,16.6,GMS,,carriers_2025_W27_WK-27-25-CARRIERS_SP-MARKET-REPORT.pdf
2025-07-07,27,tankers,1,SANTA RITA,TANKER,2500.0,2008,San Giorgio del Porto,4.00,4.0,UNDISCLOSED,BUNKER TNKR,carriers_2025_W27_WK-27-25-CARRIERS_SP-MARKET-REPORT.pdf
2025-07-07,27,tankers,1,METHANE ALISON,LPG,79058.0,2007,Samsung Heavy Inds - Geoje,MID 20.00,20.0,EXCELERATE ENERGY,FOR CONVERSION,carriers_2025_W27_WK-27-25-CARRIERS_SP-MARKET-REPORT.pdf
2025-07-07,27,containers,1,RUN QING PING AN,CV,37087.0,2024,Taizhou Kouan Shipbuilding Co,51.50,51.5,UNDISCLOSED,"2,504 TEU",carriers_2025_W27_WK-27-25-CARRIERS_SP-MARKET-REPORT.pdf
2025-07-07,27,containers,1,SHIRIN M,CV,34191.0,2007,Jiangsu Yangzijiang Shbldg Co,22.50,22.5,ERASMUS,"2,546 TEU",carriers_2025_W27_WK-27-25-CARRIERS_SP-MARKET-REPORT.pdf
2025-07-07,27,containers,1,NORDERNEY,CV,24732.0,2023,Huangpu Wenchong,35.00,35.0,GREEK,"1,930 TEU",carriers_2025_W27_WK-27-25-CARRIERS_SP-MARKET-REPORT.pdf
2025-07-14,28,bulk_carriers,1,ULTRA PUMA,BC,81855.0,2016,TSUNEISHI SHBLDG - FKY,25.25,25.25,UNDISCLOSED,,carriers_2025_W28_WK-28-25-CARRIERS_SP-MARKET-REPORT.pdf
2025-07-14,28,bulk_carriers,1,SHANDONG FU REN,BC,81783.0,2018,Jiangsu Jinling Ships Co Ltd,23.80,23.8,UNDISCLOSED,,carriers_2025_W28_WK-28-25-CARRIERS_SP-MARKET-REPORT.pdf
2025-07-14,28,bulk_carriers,1,AVICL ATERMIS,BC,81782.0,2019,Jiangsu Jinling Ships Co Ltd,24.20,24.2,UNDISCLOSED,,carriers_2025_W28_WK-28-25-CARRIERS_SP-MARKET-REPORT.pdf
2025-07-14,28,bulk_carriers,1,SHANDONG FU ZE,BC,81781.0,2017,Jiangsu Jinling Ships Co Ltd,23.80,23.8,UNDISCLOSED,,carriers_2025_W28_WK-28-25-CARRIERS_SP-MARKET-REPORT.pdf
2025-07-14,28,bulk_carriers,1,SEA PEGASUS,BC,81728.0,2014,QINGDAO WUCHUAN HEAVY,17.50,17.5,UNDISCLOSED,,carriers_2025_W28_WK-28-25-CARRIERS_SP-MARKET-REPORT.pdf
2025-07-14,28,bulk_carriers,1,SEA GEMINI,BC,81716.0,2014,QINGDAO WUCHUAN HEAVY,17.50,17.5,UNDISCLOSED,,carriers_2025_W28_WK-28-25-CARRIERS_SP-MARKET-REPORT.pdf
2025-07-14,28,bulk_carriers,1,LUCKY HARMONY,BC,76629.0,2003,Imabari Shbldg - Marugame,6.35,6.35,UNDISCLOSED,,carriers_2025_W28_WK-28-25-CARRIERS_SP-MARKET-REPORT.pdf
2025-07-14,28,bulk_carriers,1,IVS OKUDOGO,BC,61331.0,2019,Shin Kurushima Toyohashi,54.00 EN BLOC,54.0,GREEK,,carriers_2025_W28_WK-28-25-CARRIERS_SP-MARKET-REPORT.pdf
2025-07-14,28,bulk_carriers,1,IVS PRESTWICK,BC,61305.0,2019,Shin Kurushima Toyohashi,54.00 EN BLOC,54.0,GREEK,,carriers_2025_W28_WK-28-25-CARRIERS_SP-MARKET-REPORT.pdf
2025-07-14,28,bulk_carriers,1,INCREDIBLE BLUE,BC,57001.0,2011,Taizhou Sanfu Ship,11.40,11.4,UNDISCLOSED,,carriers_2025_W28_WK-28-25-CARRIERS_SP-MARKET-REPORT.pdf
2025-07-14,28,bulk_carriers,1,JIN GANG,BC,56928.0,2009,Chengxi Shipyard Jiangyin,10.80,10.8,CHINESE,,carriers_2025_W28_WK-28-25-CARRIERS_SP-MARKET-REPORT.pdf
2025-07-14,28,bulk_carriers,1,MINDANAO,BC,55696.0,2010,Mitsui Tamano,15.50,15.5,UNDISCLOSED,,carriers_2025_W28_WK-28-25-CARRIERS_SP-MARKET-REPORT.pdf
2025-07-14,28,bulk_carriers,1,GUO DIAN 36,BC,51215.0,2002,New Century Shipbuilding Co,5.90,5.9,UNDISCLOSED,AUCTION SALE,carriers_2025_W28_WK-28-25-CARRIERS_SP-MARKET-REPORT.pdf
2025-07-14,28,bulk_carriers,1,RIJN CONFIDENCE,BC,33328.0,2013,Shin Kurushima Onishi,14.30,14.3,UNDISCLOSED,OHBC,carriers_2025_W28_WK-28-25-CARRIERS_SP-MARKET-REPORT.pdf
2025-07-14,28,bulk_carriers,1,AFRICAN SWAN,BC,32776.0,2005,Kanda Kawajiri,6.65,6.65,UNDISCLOSED,,carriers_2025_W28_WK-28-25-CARRIERS_SP-MARKET-REPORT.pdf
2025-07-14,28,tankers,1,CITY OF TOKYO,TANKER,303994.0,2004,Universal Shbldg - Ariake,41.50,41.5,UNDISCLOSED,,carriers_2025_W28_WK-28-25-CARRIERS_SP-MARKET-REPORT.pdf
2025-07-14,28,tankers,1,HESPERIA TIDE,TANKER,115000.0,2025,ZHOUSHAN CHANGHONG INT,70.00,70.0,NEW SHIPPING,RESALE,carriers_2025_W28_WK-28-25-CARRIERS_SP-MARKET-REPORT.pdf
2025-07-14,28,tankers,1,ISE PRINCESS,TANKER,105361.0,2009,Sumitomo Heavy Marine,32.50,32.5,UNDISCLOSED,,carriers_2025_W28_WK-28-25-CARRIERS_SP-MARKET-REPORT.pdf
2025-07-14,28,tankers,1,ASTIR LADY,TANKER,50286.0,2011,SPP SHIPBUILDING - SAC,19.50,19.5,UNDISCLOSED,,carriers_2025_W28_WK-28-25-CARRIERS_SP-MARKET-REPORT.pdf
2025-07-14,28,tankers,1,SAN FERNANDO,TANKER,48315.0,2005,Minaminippon Shbldg,12.00,12.0,UNDISCLOSED,ZINC COATED,carriers_2025_W28_WK-28-25-CARRIERS_SP-MARKET-REPORT.pdf
2025-07-14,28,tankers,1,HOKORI,TANKER,8911.0,2010,Shin Kurushima Imabari,11.00,11.0,UNDISCLOSED,ST.STEEL,carriers_2025_W28_WK-28-25-CARRIERS_SP-MARKET-REPORT.pdf
2025-07-14,28,containers,1,SPRING C,CV,42806.0,2007,Hyundai Mipo Dockyard Co Ltd,28.00,28.0,CMA CGM,"3,450 TEU",carriers_2025_W28_WK-28-25-CARRIERS_SP-MARKET-REPORT.pdf
2025-07-21,29,bulk_carriers,1,PACIFIC NORTH,BC,180337.0,2011,Dalian Shipbuilding Ind - No 2,24.90,24.9,GREEK,,carriers_2025_W29_WK-29-25-CARRIERS_SP-MARKET-REPORT.pdf
2025-07-21,29,bulk_carriers,1,ULTRA LION,BC,81843.0,2015,Tsuneishi Zhoushan Shbldg,24.80,24.8,UNDISCLOSED,,carriers_2025_W29_WK-29-25-CARRIERS_SP-MARKET-REPORT.pdf
2025-07-21,29,bulk_carriers,1,WHITE WHALE,BC,76039.0,2012,Hudong-Zhonghua,12.75,12.75,GREEK,,carriers_2025_W29_WK-29-25-CARRIERS_SP-MARKET-REPORT.pdf
2025-07-21,29,bulk_carriers,1,BEAUTY PEONY,BC,63587.0,2015,China Shipping Ind Jiangsu,20.00,20.0,GREEK,,carriers_2025_W29_WK-29-25-CARRIERS_SP-MARKET-REPORT.pdf
2025-07-21,29,bulk_carriers,1,SFL HUMBER,BC,56970.0,2012,Zhejiang Zhenghe Shipbuilding,24.00 EN BLOC,24.0,UNDISCLOSED,,carriers_2025_W29_WK-29-25-CARRIERS_SP-MARKET-REPORT.pdf
2025-07-21,29,bulk_carriers,1,SFL KATE,BC,56798.0,2011,Zhejiang Zhenghe Shipbuilding,24.00 EN BLOC,24.0,UNDISCLOSED,,carriers_2025_W29_WK-29-25-CARRIERS_SP-MARKET-REPORT.pdf
2025-07-21,29,bulk_carriers,1,EPIC TRADER,BC,56778.0,2012,Jiangsu Hantong Ship HI,13.00,13.0,CHINESE,,carriers_2025_W29_WK-29-25-CARRIERS_SP-MARKET-REPORT.pdf
2025-07-21,29,bulk_carriers,1,APJ JAI,BC,56594.0,2011,COSCO Guangdong Shipyard,11.25,11.25,CHINESE,,carriers_2025_W29_WK-29-25-CARRIERS_SP-MARKET-REPORT.pdf
2025-07-21,29,bulk_carriers,1,STONEWELL PIONEER,BC,56533.0,2014,Taizhou Sanfu Ship Eng.,14.50,14.5,UNDISCLOSED,,carriers_2025_W29_WK-29-25-CARRIERS_SP-MARKET-REPORT.pdf
2025-07-21,29,bulk_carriers,1,HAMBURG WAY,BC,39376.0,2016,Jiangmen Nanyang Ship Eng,17.10,17.1,UNDISCLOSED,,carriers_2025_W29_WK-29-25-CARRIERS_SP-MARKET-REPORT.pdf
2025-07-21,29,bulk_carriers,1,HAMBURG PEARL,BC,39359.0,2016,Jiangmen Nanyang Ship Eng,17.10,17.1,UNDISCLOSED,,carriers_2025_W29_WK-29-25-CARRIERS_SP-MARKET-REPORT.pdf
2025-07-21,29,bulk_carriers,1,WOOYANG QUEEN,BC,37218.0,2011,Saiki Heavy Industries Co Ltd,13.90,13.9,UNDISCLOSED,,carriers_2025_W29_WK-29-25-CARRIERS_SP-MARKET-REPORT.pdf
2025-07-21,29,bulk_carriers,1,HOPE,BC,33717.0,2010,Samjin Shipbuilding Industries,7.90,7.9,UNDISCLOSED,,carriers_2025_W29_WK-29-25-CARRIERS_SP-MARKET-REPORT.pdf
2025-07-21,29,bulk_carriers,1,IVS KINGLET,BC,33132.0,2011,Kanda Kawajiri,12.25,12.25,UNDISCLOSED,,carriers_2025_W29_WK-29-25-CARRIERS_SP-MARKET-REPORT.pdf
2025-07-21,29,bulk_carriers,1,MOUNT RAINIER,BC,32816.0,2005,Kanda Kawajiri,7.90,7.9,UNDISCLOSED,,carriers_2025_W29_WK-29-25-CARRIERS_SP-MARKET-REPORT.pdf
2025-07-21,29,tankers,1,ATLANTIC LOYALTY,TANKER,307284.0,2007,Dalian Shipbuilding Ind - No 2,44.00,44.0,UNDISCLOSED,,carriers_2025_W29_WK-29-25-CARRIERS_SP-MARKET-REPORT.pdf
2025-07-21,29,tankers,1,NORDIC THUNDER,TANKER,157374.0,2017,Hyundai Samho HI,64.30,64.3,TEEKAY,,carriers_2025_W29_WK-29-25-CARRIERS_SP-MARKET-REPORT.pdf
2025-07-21,29,tankers,1,IJEMO,TANKER,151736.0,2003,Hyundai Heavy Inds - Ulsan,40.00 EN BLOC,40.0,UNDISCLOSED,,carriers_2025_W29_WK-29-25-CARRIERS_SP-MARKET-REPORT.pdf
2025-07-21,29,tankers,1,ADEBOMI,TANKER,150611.0,2004,Universal Shbldg - Tsu,40.00 EN BLOC,40.0,UNDISCLOSED,,carriers_2025_W29_WK-29-25-CARRIERS_SP-MARKET-REPORT.pdf
2025-07-21,29,tankers,1,LAMU,TANKER,113633.0,2025,COSCO Shipping HI Yangzhou,72.00,72.0,KAZMORTRANSF,,carriers_2025_W29_WK-29-25-CARRIERS_SP-MARKET-REPORT.pdf
2025-07-21,29,tankers,1,DUNE,TANKER,113000.0,2025,COSCO Shipping HI Yangzhou,EACH,,LOT,,carriers_2025_W29_WK-29-25-CARRIERS_SP-MARKET-REPORT.pdf
2025-07-21,29,tankers,1,ORIENTAL DIAMOND,TANKER,50781.0,2008,SPP Plant & Shipbuilding Co,15.50,15.5,UAE,,carriers_2025_W29_WK-29-25-CARRIERS_SP-MARKET-REPORT.pdf
2025-07-21,29,tankers,1,ORIENTAL GOLD,TANKER,50591.0,2008,SPP Plant & Shipbuilding Co,15.50,15.5,UAE,,carriers_2025_W29_WK-29-25-CARRIERS_SP-MARKET-REPORT.pdf
2025-07-21,29,tankers,1,GRAND ACE1,TANKER,45990.0,2006,STX Shipbuilding - Jinhae,11.00,11.0,UNDISCLOSED,,carriers_2025_W29_WK-29-25-CARRIERS_SP-MARKET-REPORT.pdf
2025-07-21,29,tankers,1,HARRIS,TANKER,40960.0,2009,SLS Shipbuilding Co Ltd,17.20,17.2,NIGERIAN,,carriers_2025_W29_WK-29-25-CARRIERS_SP-MARKET-REPORT.pdf
2025-07-21,29,tankers,1,FAIRCHEM CONQUEST,TANKER,21176.0,2017,Asakawa,29.00,29.0,EUROPEAN,,carriers_2025_W29_WK-29-25-CARRIERS_SP-MARKET-REPORT.pdf
2025-07-21,29,tankers,1,PUERTO AYSEN,TANKER,12834.0,2010,STX OFFSHORE & SHBLDG,11.20,11.2,UNDISCLOSED,,carriers_2025_W29_WK-29-25-CARRIERS_SP-MARKET-REPORT.pdf
2025-07-21,29,containers,1,KAWA NINGBO,CV,30240.0,2002,Naikai Zosen Corp - Setoda,20.50,20.5,UNDISCLOSED,"2,500 TEU",carriers_2025_W29_WK-29-25-CARRIERS_SP-MARKET-REPORT.pdf
2025-07-21,29,containers,1,SHECAN,CV,12559.0,2008,Nanjing Wujiazui Shipbuilding,9.25,9.25,MIDDLE EASTERN,908 TEU,carriers_2025_W29_WK-29-25-CARRIERS_SP-MARKET-REPORT.pdf
2025-07-21,29,containers,1,FORMOSA CONTAINER,CV,11975.0,2007,Nantong Yahua Shipbuilding,7.50,7.5,UNDISCLOSED,920 TEU,carriers_2025_W29_WK-29-25-CARRIERS_SP-MARKET-REPORT.pdf
2025-07-28,30,bulk_carriers,1,PACIFIC WEST,BC,175932.0,2012,JINHAI HEAVY INDUSTRY,23.20,23.2,UNDISCLOSED,,carriers_2025_W30_WK-30-25-CARRIERS_SP-MARKET-REPORT.pdf
2025-07-28,30,bulk_carriers,1,MINERAL BRUSSEL,BC,175219.0,2011,New Times Shipbuilding Co Ltd,24.50,24.5,UNDISCLOSED,,carriers_2025_W30_WK-30-25-CARRIERS_SP-MARKET-REPORT.pdf
2025-07-28,30,bulk_carriers,1,BEAUTY LOTUS,BC,63685.0,2015,China Shipping Ind Jiangsu,20.50,20.5,UNDISCLOSED,,carriers_2025_W30_WK-30-25-CARRIERS_SP-MARKET-REPORT.pdf
2025-07-28,30,bulk_carriers,1,CP CHONGQING,BC,63581.0,2016,Chengxi Shipyard Jiangyin,21.00,21.0,S. KOREAN,,carriers_2025_W30_WK-30-25-CARRIERS_SP-MARKET-REPORT.pdf
2025-07-28,30,bulk_carriers,1,NORD KITAN,BC,60195.0,2017,Saiki Heavy Industries Co Ltd,LOW 24.00,24.0,UNDISCLOSED,,carriers_2025_W30_WK-30-25-CARRIERS_SP-MARKET-REPORT.pdf
2025-07-28,30,bulk_carriers,1,KASPAR SCHULTE,BC,58758.0,2012,Nantong COSCO KHI Ship Eng,15.50,15.5,UNDISCLOSED,,carriers_2025_W30_WK-30-25-CARRIERS_SP-MARKET-REPORT.pdf
2025-07-28,30,bulk_carriers,1,STAR SANDPIPER,BC,57809.0,2011,Yangzhou Dayang Shipbuilding,13.00,13.0,UNDISCLOSED,,carriers_2025_W30_WK-30-25-CARRIERS_SP-MARKET-REPORT.pdf
2025-07-28,30,bulk_carriers,1,JIN JI,BC,56913.0,2009,Chengxi Shipyard Jiangyin,11.00,11.0,SINGAPORE,,carriers_2025_W30_WK-30-25-CARRIERS_SP-MARKET-REPORT.pdf
2025-07-28,30,bulk_carriers,1,BULK MANARA,BC,55692.0,2010,Mitsui Tamano,15.00,15.0,UNDISCLOSED,SS PASSED,carriers_2025_W30_WK-30-25-CARRIERS_SP-MARKET-REPORT.pdf
2025-07-28,30,bulk_carriers,1,STELLAR ENGURI,BC,33677.0,2012,Fukuoka Shipbuilding,13.50,13.5,UNDISCLOSED,OPEN HATCH,carriers_2025_W30_WK-30-25-CARRIERS_SP-MARKET-REPORT.pdf
2025-07-28,30,bulk_carriers,1,BC CALLISTO,BC,32280.0,2010,Kanda Kawajiri,10.05,10.05,CHINESE,,carriers_2025_W30_WK-30-25-CARRIERS_SP-MARKET-REPORT.pdf
2025-07-28,30,bulk_carriers,1,OLIVIA,BC,32203.0,2013,Jiangmen Nanyang Ship Eng Co,10.20,10.2,UNDISCLOSED,,carriers_2025_W30_WK-30-25-CARRIERS_SP-MARKET-REPORT.pdf
2025-07-28,30,bulk_carriers,1,TUOJIANG,BC,28515.0,2006,Shimanami Shipyard Co Ltd,5.37,5.37,UNDISCLOSED,AUCTION SALE,carriers_2025_W30_WK-30-25-CARRIERS_SP-MARKET-REPORT.pdf
2025-07-28,30,tankers,1,ADVANTAGE AWARD,TANKER,115984.0,2011,Samsung Heavy Inds - Geoje,36.50,36.5,TURKISH,,carriers_2025_W30_WK-30-25-CARRIERS_SP-MARKET-REPORT.pdf
2025-07-28,30,tankers,1,LAKSHMI,TANKER,50192.0,2009,SLS Shipbuilding Co Ltd,17.50,17.5,INDIAN,,carriers_2025_W30_WK-30-25-CARRIERS_SP-MARKET-REPORT.pdf
2025-07-28,30,tankers,1,HAFNIA ANDROMEDA,TANKER,49999.0,2011,Guangzhou Shipyard Intl Co Ltd,18.20,18.2,UNDISCLOSED,,carriers_2025_W30_WK-30-25-CARRIERS_SP-MARKET-REPORT.pdf
2025-07-28,30,tankers,1,HAFNIA TAURUS,TANKER,49999.0,2011,Guangzhou Shipyard Intl Co Ltd,18.30,18.3,UNDISCLOSED,,carriers_2025_W30_WK-30-25-CARRIERS_SP-MARKET-REPORT.pdf
2025-07-28,30,tankers,1,ALIAKMON,TANKER,46792.0,2006,STX Shipbuilding - Jinhae,14.30,14.3,UNDISCLOSED,,carriers_2025_W30_WK-30-25-CARRIERS_SP-MARKET-REPORT.pdf
2025-07-28,30,tankers,1,FAVOLA,TANKER,37320.0,2002,STX Shipbuilding - Jinhae,7.00,7.0,NIGERIAN,,carriers_2025_W30_WK-30-25-CARRIERS_SP-MARKET-REPORT.pdf
2025-07-28,30,containers,1,HANSA BITBURG,CV,23350.0,2008,Guangzhou Wenchong,20.20,20.2,UAE,"1,740 TEU",carriers_2025_W30_WK-30-25-CARRIERS_SP-MARKET-REPORT.pdf
2025-07-28,30,containers,1,CONTSHIP LEX,CV,13760.0,2006,Jiangdong Shipyard,11.00,11.0,UNDISCLOSED,"1,118 TEU",carriers_2025_W30_WK-30-25-CARRIERS_SP-MARKET-REPORT.pdf
2025-08-04,31,bulk_carriers,1,HERUN ZHEJIANG,BC,181056.0,2017,Shanghai Waigaoqiao Shbldg,48.00,48.0,UNDISCLOSED,,carriers_2025_W31_WK-31-25-CARRIERS_SP-MARKET-REPORT.pdf
2025-08-04,31,bulk_carriers,1,CEDRIC OLDENDORFF,BC,95608.0,2011,Imabari Shbldg - Marugame,16.20,16.2,CHINESE,,carriers_2025_W31_WK-31-25-CARRIERS_SP-MARKET-REPORT.pdf
2025-08-04,31,bulk_carriers,1,PEDHOULAS LEADER,BC,82050.0,2007,Tsuneishi Holdings - Tadotsu,12.50,12.5,CHINESE,,carriers_2025_W31_WK-31-25-CARRIERS_SP-MARKET-REPORT.pdf
2025-08-04,31,bulk_carriers,1,SHANDONG FU REN,BC,81783.0,2018,Jiangsu Jinling Ships Co Ltd,25.62,25.62,UNDISCLOSED,AUCTION SALE,carriers_2025_W31_WK-31-25-CARRIERS_SP-MARKET-REPORT.pdf
2025-08-04,31,bulk_carriers,1,SHANDONG FU ZE,BC,81781.0,2017,Jiangsu Jinling Ships Co Ltd,24.96,24.96,UNDISCLOSED,AUCTION SALE,carriers_2025_W31_WK-31-25-CARRIERS_SP-MARKET-REPORT.pdf
2025-08-04,31,bulk_carriers,1,AQUAVITA TRADER,BC,81112.0,2016,Jiangsu New Hantong Ship,22.00,22.0,UNDISCLOSED,,carriers_2025_W31_WK-31-25-CARRIERS_SP-MARKET-REPORT.pdf
2025-08-04,31,bulk_carriers,1,GORGOYPIKOOS,BC,76498.0,2005,Tsuneishi Corp - Tadotsu,9.00,9.0,CHINESE,SS/DD PASSED,carriers_2025_W31_WK-31-25-CARRIERS_SP-MARKET-REPORT.pdf
2025-08-04,31,bulk_carriers,1,BELINDA,BC,63339.0,2016,Jiangsu Hantong Ship HI,,,,,carriers_2025_W31_WK-31-25-CARRIERS_SP-MARKET-REPORT.pdf
2025-08-04,31,bulk_carriers,1,BELATLANTIC,BC,63318.0,2016,Jiangsu Hantong Ship HI,84.00 EN BLOC,84.0,SINGAPOREAN,,carriers_2025_W31_WK-31-25-CARRIERS_SP-MARKET-REPORT.pdf
2025-08-04,31,bulk_carriers,1,BELSOUTH,BC,63297.0,2015,Jiangsu Hantong Ship HI,84.00 EN BLOC,84.0,SINGAPOREAN,,carriers_2025_W31_WK-31-25-CARRIERS_SP-MARKET-REPORT.pdf
2025-08-04,31,bulk_carriers,1,BELMONT,BC,63263.0,2016,Jiangsu Hantong Ship HI,84.00 EN BLOC,84.0,SINGAPOREAN,,carriers_2025_W31_WK-31-25-CARRIERS_SP-MARKET-REPORT.pdf
2025-08-04,31,bulk_carriers,1,IVS ATSUGI,BC,62661.0,2020,Oshima Shipbuilding Co Ltd,29.20,29.2,EASTMED,,carriers_2025_W31_WK-31-25-CARRIERS_SP-MARKET-REPORT.pdf
2025-08-04,31,bulk_carriers,1,DL PANSY,BC,57835.0,2013,Samjin Shipbuilding Industries,14.20,14.2,GREEK,,carriers_2025_W31_WK-31-25-CARRIERS_SP-MARKET-REPORT.pdf
2025-08-04,31,bulk_carriers,1,EVANGELIA L,BC,38167.0,2015,Naikai Zosen Corp - Innoshima,20.00,20.0,MANTA DENIZCILIK,,carriers_2025_W31_WK-31-25-CARRIERS_SP-MARKET-REPORT.pdf
2025-08-04,31,bulk_carriers,1,HH DIAMOND,BC,20501.0,1998,Flensburger KG,4.60,4.6,TURKISH,OPEN HATCH,carriers_2025_W31_WK-31-25-CARRIERS_SP-MARKET-REPORT.pdf
2025-08-04,31,tankers,1,AQUA PEARL,TANKER,105712.0,2005,Sumitomo Heavy Marine,24.80,24.8,UNDISCLOSED,,carriers_2025_W31_WK-31-25-CARRIERS_SP-MARKET-REPORT.pdf
2025-08-04,31,tankers,1,SEAWAYS MIA,TANKER,49999.0,2008,Hyundai Mipo Dockyard Co Ltd,16.50,16.5,UNDISCLOSED,,carriers_2025_W31_WK-31-25-CARRIERS_SP-MARKET-REPORT.pdf
2025-08-04,31,containers,1,AS FLORETTA,CONTAINER,18464.0,2007,Zhejiang Ouhua Shipbuilding,,,,"1,284 TEU",carriers_2025_W31_WK-31-25-CARRIERS_SP-MARKET-REPORT.pdf
2025-08-04,31,containers,1,AS FELICIA,CONTAINER,18291.0,2006,Zhejiang Ouhua Shipbuilding,33.00 EN BLOC,33.0,UNDISCLOSED,"1,284 TEU",carriers_2025_W31_WK-31-25-CARRIERS_SP-MARKET-REPORT.pdf
2025-08-04,31,containers,1,AS FIORELLA,CONTAINER,18270.0,2007,Zhejiang Ouhua Shipbuilding,33.00 EN BLOC,33.0,UNDISCLOSED,"1,284 TEU",carriers_2025_W31_WK-31-25-CARRIERS_SP-MARKET-REPORT.pdf
2025-08-18,32,bulk_carriers,1,MINERAL UTAMARO,BC,207469.0,2016,Imabari Shbldg - Saijo,,,,,carriers_2025_W32_WK-3233-25-CARRIERS_SP-MARKET-REPORT.pdf
2025-08-18,32,bulk_carriers,1,MINERAL EDO,BC,207219.0,2015,Imabari Shbldg - Saijo,165.00 EN BLOC,165.0,ASYAD,,carriers_2025_W32_WK-3233-25-CARRIERS_SP-MARKET-REPORT.pdf
2025-08-18,32,bulk_carriers,1,MINERAL HOKUSAI,BC,207219.0,2015,Imabari Shbldg - Saijo,165.00 EN BLOC,165.0,SHIPPING,,carriers_2025_W32_WK-3233-25-CARRIERS_SP-MARKET-REPORT.pdf
2025-08-18,32,bulk_carriers,1,CAPE AQUA,BC,178055.0,2009,Shanghai Waigaoqiao Shbldg,24.00,24.0,UNDISCLOSED,,carriers_2025_W32_WK-3233-25-CARRIERS_SP-MARKET-REPORT.pdf
2025-08-18,32,bulk_carriers,1,KM NAGOYA,BC,95349.0,2012,Imabari Shbldg - Marugame,17.50,17.5,UNDISCLOSED,,carriers_2025_W32_WK-3233-25-CARRIERS_SP-MARKET-REPORT.pdf
2025-08-18,32,bulk_carriers,1,RED MARLIN,BC,85015.0,2017,Sasebo Heavy Industries,26.00,26.0,DANISH,,carriers_2025_W32_WK-3233-25-CARRIERS_SP-MARKET-REPORT.pdf
2025-08-18,32,bulk_carriers,1,STAR DANAI,BC,82574.0,2006,Tsuneishi Corp - Fukuyama,11.50,11.5,UNDISCLOSED,,carriers_2025_W32_WK-3233-25-CARRIERS_SP-MARKET-REPORT.pdf
2025-08-18,32,bulk_carriers,1,STAR GEORGIA,BC,82295.0,2006,Tsuneishi Corp - Fukuyama,11.50,11.5,UNDISCLOSED,,carriers_2025_W32_WK-3233-25-CARRIERS_SP-MARKET-REPORT.pdf
2025-08-18,32,bulk_carriers,1,PEDHOULAS MERCHANT,BC,82214.0,2006,Tsuneishi Corp - Tadotsu,11.50,11.5,UNDISCLOSED,,carriers_2025_W32_WK-3233-25-CARRIERS_SP-MARKET-REPORT.pdf
2025-08-18,32,bulk_carriers,1,SHANDONG FU YUAN,BC,81781.0,2018,Jiangsu Jinling Ships Co Ltd,25.08,25.08,UNDISCLOSED,AUCTION SALE,carriers_2025_W32_WK-3233-25-CARRIERS_SP-MARKET-REPORT.pdf
2025-08-18,32,bulk_carriers,1,SHANDONG FU EN,BC,81774.0,2017,Jiangsu Jinling Ships Co Ltd,24.63,24.63,UNDISCLOSED,AUCTION SALE,carriers_2025_W32_WK-3233-25-CARRIERS_SP-MARKET-REPORT.pdf
2025-08-18,32,bulk_carriers,1,ISTRIA,BC,81699.0,2013,Wuhu Xinlian Shipbuilding,17.00,17.0,BRIGHT NAVIGATION,,carriers_2025_W32_WK-3233-25-CARRIERS_SP-MARKET-REPORT.pdf
2025-08-18,32,bulk_carriers,1,ULTRA DIVERSITY,BC,63490.0,2017,Tadotsu Shipyard Co Ltd,26.70,26.7,UNDISCLOSED,,carriers_2025_W32_WK-3233-25-CARRIERS_SP-MARKET-REPORT.pdf
2025-08-18,32,bulk_carriers,1,NORD BERING,BC,61186.0,2015,Tadotsu Shipyard Co Ltd,-,,UNDISCLOSED,,carriers_2025_W32_WK-3233-25-CARRIERS_SP-MARKET-REPORT.pdf
2025-08-18,32,bulk_carriers,1,ALORA,BC,58723.0,2012,Kawasaki HI - Kobe,16.10,16.1,UNDISCLOSED,,carriers_2025_W32_WK-3233-25-CARRIERS_SP-MARKET-REPORT.pdf
2025-08-18,32,bulk_carriers,1,SAGAR SHAKTI,BC,58097.0,2012,Tsuneishi Zhoushan Shbldg,14.60,14.6,GREEK,,carriers_2025_W32_WK-3233-25-CARRIERS_SP-MARKET-REPORT.pdf
2025-08-18,32,bulk_carriers,1,CLM PEARL,BC,58092.0,2010,Tsuneishi Heavy Inds Cebu,14.50,14.5,UNDISCLOSED,,carriers_2025_W32_WK-3233-25-CARRIERS_SP-MARKET-REPORT.pdf
2025-08-18,32,bulk_carriers,1,MYSTRAS,BC,57300.0,2013,STX Dalian Shipbuilding Co Ltd,15.50,15.5,UAE,,carriers_2025_W32_WK-3233-25-CARRIERS_SP-MARKET-REPORT.pdf
2025-08-18,32,bulk_carriers,1,CHEVAL BLANC,BC,56732.0,2009,Jiangsu Hantong Ship HI,10.50,10.5,UNDISCLOSED,,carriers_2025_W32_WK-3233-25-CARRIERS_SP-MARKET-REPORT.pdf
2025-08-18,32,bulk_carriers,1,COBRA,BC,55474.0,2010,Kawasaki Shipbuilding - Kobe,15.00,15.0,UNDISCLOSED,,carriers_2025_W32_WK-3233-25-CARRIERS_SP-MARKET-REPORT.pdf
2025-08-18,32,bulk_carriers,1,OCEAN PRINCE,BC,52475.0,2002,Tsuneishi Shbldg - Fkym - earl,7.85,7.85,UNDISCLOSED,,carriers_2025_W32_WK-3233-25-CARRIERS_SP-MARKET-REPORT.pdf
2025-08-18,32,bulk_carriers,1,GUO YUAN 7,BC,47215.0,1997,Jiangnan Shipyard Group Co,3.50,3.5,UNDISCLOSED,,carriers_2025_W32_WK-3233-25-CARRIERS_SP-MARKET-REPORT.pdf
2025-08-18,32,bulk_carriers,1,ROSTRUM ASIA,BC,40003.0,2021,Jiangsu Newyangzi,25.00,25.0,UNDISCLOSED,,carriers_2025_W32_WK-3233-25-CARRIERS_SP-MARKET-REPORT.pdf
2025-08-18,32,bulk_carriers,1,ADRIENNE,BC,34845.0,2020,Hakodate Dock - Hakodate,22.00,22.0,GREEK,,carriers_2025_W32_WK-3233-25-CARRIERS_SP-MARKET-REPORT.pdf
2025-08-18,32,bulk_carriers,1,SEA SAPPHIRE,BC,32550.0,2010,Zhejiang Hongxin Shipbuilding,8.50,8.5,UNDISCLOSED,,carriers_2025_W32_WK-3233-25-CARRIERS_SP-MARKET-REPORT.pdf
2025-08-18,32,bulk_carriers,1,BOBIC,BC,31896.0,2006,Hakodate Dock - Hakodate,7.25,7.25,TURKISH,,carriers_2025_W32_WK-3233-25-CARRIERS_SP-MARKET-REPORT.pdf
2025-08-18,32,bulk_carriers,1,LUCKY TRADER,BC,25028.0,2011,Yamanishi Corp,11.60,11.6,UNDISCLOSED,,carriers_2025_W32_WK-3233-25-CARRIERS_SP-MARKET-REPORT.pdf
2025-08-18,32,tankers,1,HALCYON,TANKER,299942.0,2020,Hyundai Samho HI,119.00,119.0,INTERNATIONAL SEAWAYS,,carriers_2025_W32_WK-3233-25-CARRIERS_SP-MARKET-REPORT.pdf
2025-08-18,32,tankers,1,BUNGA KASTURI LIMA,TANKER,300246.0,2007,Universal Shbldg - Ariake,88.00 EN BLOC,88.0,UNDISCLOSED,,carriers_2025_W32_WK-3233-25-CARRIERS_SP-MARKET-REPORT.pdf
2025-08-18,32,tankers,1,BUNGA KASTURI ENAM,TANKER,299319.0,2008,Universal Shbldg - Ariake,88.00 EN BLOC,88.0,UNDISCLOSED,,carriers_2025_W32_WK-3233-25-CARRIERS_SP-MARKET-REPORT.pdf
2025-08-18,32,tankers,1,SEARACER,TANKER,297259.0,2009,Dalian Shipbuilding Ind - No 2,48.00,48.0,UNDISCLOSED,,carriers_2025_W32_WK-3233-25-CARRIERS_SP-MARKET-REPORT.pdf
2025-08-18,32,tankers,1,FRONT BRAGE,TANKER,156557.0,2011,Jiangsu Rongsheng,38.00,38.0,GMS,,carriers_2025_W32_WK-3233-25-CARRIERS_SP-MARKET-REPORT.pdf
2025-08-18,32,tankers,1,NAVE EQUINOX,TANKER,50922.0,2007,STX Shipbuilding - Jinhae,14.00,14.0,INDONESIAN,,carriers_2025_W32_WK-3233-25-CARRIERS_SP-MARKET-REPORT.pdf
2025-08-18,32,tankers,1,NORD OLYMPIA,TANKER,49995.0,2018,Onomichi Dockyard Co Ltd,37.00,37.0,UNDISCLOSED,,carriers_2025_W32_WK-3233-25-CARRIERS_SP-MARKET-REPORT.pdf
2025-08-18,32,tankers,1,CLARICE,TANKER,25926.0,2014,Asakawa,29.50,29.5,INDIAN,ST.STEEL,carriers_2025_W32_WK-3233-25-CARRIERS_SP-MARKET-REPORT.pdf
2025-08-18,32,tankers,1,LNG RIVER ORASHI,LNG,83068.0,2004,Daewoo Shipbuilding & Marine,20.00,20.0,CHINESE,,carriers_2025_W32_WK-3233-25-CARRIERS_SP-MARKET-REPORT.pdf
2025-08-25,34,bulk_carriers,1,FRONTIER BONANZA,BC,179435.0,2010,Hyundai Heavy Inds - Gunsan,26.20,26.2,GREEK,,carriers_2025_W34_WK-34-25-CARRIERS_SP-MARKET-REPORT.pdf
2025-08-25,34,bulk_carriers,1,PACIFIC SOUTH,BC,176000.0,2012,Jiangsu Rongsheng,22.75,22.75,UNDISCLOSED,,carriers_2025_W34_WK-34-25-CARRIERS_SP-MARKET-REPORT.pdf
2025-08-25,34,bulk_carriers,1,ANGLO SAXON,BC,114135.0,2010,Shanghai Shipyard Co Ltd,14.50,14.5,INDIAN,,carriers_2025_W34_WK-34-25-CARRIERS_SP-MARKET-REPORT.pdf
2025-08-25,34,bulk_carriers,1,AFEA,BC,88279.0,2006,Imabari Shbldg - Marugame,11.20,11.2,UNDISCLOSED,,carriers_2025_W34_WK-34-25-CARRIERS_SP-MARKET-REPORT.pdf
2025-08-25,34,bulk_carriers,1,LC ARAMIS,BC,81501.0,2011,Hyundai Samho HI,13.50,13.5,UNDISCLOSED,,carriers_2025_W34_WK-34-25-CARRIERS_SP-MARKET-REPORT.pdf
2025-08-25,34,bulk_carriers,1,ADAM I,BC,79775.0,2010,Fujian Crown Ocean Shbldg Co,11.30,11.3,UNDISCLOSED,SS PASSED,carriers_2025_W34_WK-34-25-CARRIERS_SP-MARKET-REPORT.pdf
2025-08-25,34,bulk_carriers,1,NAVIOS HOPE,BC,75397.0,2005,Universal Shbldg - Maizuru,8.50,8.5,UNDISCLOSED,,carriers_2025_W34_WK-34-25-CARRIERS_SP-MARKET-REPORT.pdf
2025-08-25,34,bulk_carriers,1,BEAUTY LOTUS,BC,63685.0,2015,China Shipping Ind Jiangsu,20.50,20.5,GREEK,,carriers_2025_W34_WK-34-25-CARRIERS_SP-MARKET-REPORT.pdf
2025-08-25,34,bulk_carriers,1,AFRICAN JACANA,BC,58753.0,2012,Nantong COSCO KHI Ship Eng,16.00,16.0,UNDISCLOSED,,carriers_2025_W34_WK-34-25-CARRIERS_SP-MARKET-REPORT.pdf
2025-08-25,34,bulk_carriers,1,CI YUN SHAN,BC,56687.0,2010,China Shipping Ind Jiangsu,11.50,11.5,UNDISCLOSED,,carriers_2025_W34_WK-34-25-CARRIERS_SP-MARKET-REPORT.pdf
2025-08-25,34,bulk_carriers,1,MOANA BAQ,BC,56625.0,2012,Qingshan Shipyard,13.25,13.25,MALAYSIAN,,carriers_2025_W34_WK-34-25-CARRIERS_SP-MARKET-REPORT.pdf
2025-08-25,34,bulk_carriers,1,MAGNUM ENERGY,BC,53628.0,2009,Yangzhou Dayang Shipbuilding,10.00,10.0,CHINESE,,carriers_2025_W34_WK-34-25-CARRIERS_SP-MARKET-REPORT.pdf
2025-08-25,34,bulk_carriers,1,ENDEAVOR,BC,53496.0,2008,Nam Trieu,9.00,9.0,UNDISCLOSED,,carriers_2025_W34_WK-34-25-CARRIERS_SP-MARKET-REPORT.pdf
2025-08-25,34,bulk_carriers,1,ATILLA,BC,35331.0,2011,Samho Shipbuilding Co Ltd,13.20,13.2,GREEK,,carriers_2025_W34_WK-34-25-CARRIERS_SP-MARKET-REPORT.pdf
2025-08-25,34,bulk_carriers,1,KOTOR,BC,34987.0,2012,Shanghai Shipyard Co Ltd,10.50,10.5,UNDISCLOSED,,carriers_2025_W34_WK-34-25-CARRIERS_SP-MARKET-REPORT.pdf
2025-08-25,34,tankers,1,MONACO LOYALTY,TANKER,307284.0,2007,Dalian Shipbuilding Ind - No 2,-,,UNDISCLOSED,,carriers_2025_W34_WK-34-25-CARRIERS_SP-MARKET-REPORT.pdf
2025-08-25,34,tankers,1,PACIFIC SKY,TANKER,115395.0,2009,STX Shipbuilding - Jinhae,34.00,34.0,CHINESE,,carriers_2025_W34_WK-34-25-CARRIERS_SP-MARKET-REPORT.pdf
2025-08-25,34,tankers,1,SAN JULIAN,TANKER,69554.0,2003,Daewoo Shipbuilding & Marine,8.90,8.9,NIGERIAN,,carriers_2025_W34_WK-34-25-CARRIERS_SP-MARKET-REPORT.pdf
2025-08-25,34,tankers,1,STI MAESTRO,TANKER,47499.0,2020,Hyundai Vietnam SB,42.00,42.0,VENERGY,,carriers_2025_W34_WK-34-25-CARRIERS_SP-MARKET-REPORT.pdf
2025-08-25,34,containers,1,NAVIOS MAGNOLIA,CV,55476.0,2008,New Century Shipbuilding Co,30.00,30.0,UNDISCLOSED,"4,730 TEU",carriers_2025_W34_WK-34-25-CARRIERS_SP-MARKET-REPORT.pdf
2025-08-25,34,containers,1,HONRISE,CV,23672.0,2001,Shin Kurushima Onishi,13.00,13.0,FESCO,"1,675 TEU",carriers_2025_W34_WK-34-25-CARRIERS_SP-MARKET-REPORT.pdf
2025-09-01,35,bulk_carriers,1,COSTANZA,BC,92672.0,2010,Oshima Shipbuilding,16.00,16.0,INDONESIAN,,carriers_2025_W35_WK-35-25-CARRIERS_SP-MARKET-REPORT.pdf
2025-09-01,35,bulk_carriers,1,YASA NESLIHAN,BC,82849.0,2005,Tsuneishi Fukuyama,10.60,10.6,CHINESE,,carriers_2025_W35_WK-35-25-CARRIERS_SP-MARKET-REPORT.pdf
2025-09-01,35,bulk_carriers,1,DARYA SHANTI,BC,82028.0,2016,Jiangsu Newyangzi,23.00,23.0,EUROBULK,,carriers_2025_W35_WK-35-25-CARRIERS_SP-MARKET-REPORT.pdf
2025-09-01,35,bulk_carriers,1,SEA VENUS,BC,80888.0,2013,New Century Shipbuilding,16.50,16.5,CHINESE,,carriers_2025_W35_WK-35-25-CARRIERS_SP-MARKET-REPORT.pdf
2025-09-01,35,bulk_carriers,1,SEA ORPHEUS,BC,79.52,2015,Jinhai Heavy Industries,18.50,18.5,CHINESE,,carriers_2025_W35_WK-35-25-CARRIERS_SP-MARKET-REPORT.pdf
2025-09-01,35,bulk_carriers,1,INTERSEA VOYAGER,BC,74117.0,2001,Imabari Shipyard,4.50,4.5,CHINESE,,carriers_2025_W35_WK-35-25-CARRIERS_SP-MARKET-REPORT.pdf
2025-09-01,35,bulk_carriers,1,PAVO BREEZE,BC,64263.0,2023,Shin Kurushima,36.20,36.2,UNDISCLOSED,,carriers_2025_W35_WK-35-25-CARRIERS_SP-MARKET-REPORT.pdf
2025-09-01,35,bulk_carriers,1,CP SHENZHEN,BC,63540.0,2017,Chengxi Shipyard,24.50,24.5,UNDISCLOSED,,carriers_2025_W35_WK-35-25-CARRIERS_SP-MARKET-REPORT.pdf
2025-09-01,35,bulk_carriers,1,CP NANJIN,BC,63526.0,2017,Chengxi Shipyard,24.50,24.5,UNDISCLOSED,,carriers_2025_W35_WK-35-25-CARRIERS_SP-MARKET-REPORT.pdf
2025-09-01,35,bulk_carriers,1,METEORA,BC,58840.0,2007,Tsuneishi Heavy (Cebu),12.00,12.0,CHINESE,,carriers_2025_W35_WK-35-25-CARRIERS_SP-MARKET-REPORT.pdf
2025-09-01,35,bulk_carriers,1,DORIC VICTORY,BC,58091.0,2010,Tsuneishi Heavy (Cebu),15.10,15.1,UNDISCLOSED,,carriers_2025_W35_WK-35-25-CARRIERS_SP-MARKET-REPORT.pdf
2025-09-01,35,tankers,1,SOFIA,TANKER,164716.0,2010,Hyundai Samho,40.60,40.6,UNDISCLOSED,,carriers_2025_W35_WK-35-25-CARRIERS_SP-MARKET-REPORT.pdf
2025-09-01,35,tankers,1,CONSTANTIOS,TANKER,157985.0,2009,Hyundai Samho,39.75,39.75,CHINESE,,carriers_2025_W35_WK-35-25-CARRIERS_SP-MARKET-REPORT.pdf
2025-09-01,35,tankers,1,PACIFIC SKY,TANKER,115395.0,2009,STX Shipbuilding,32.00,32.0,CHINESE,,carriers_2025_W35_WK-35-25-CARRIERS_SP-MARKET-REPORT.pdf
2025-09-01,35,containers,1,BEIJING BRIDGE,CV,65002.0,2005,Hyundai H.I.,39.00,39.0,CHINESE,"4,738 TEU",carriers_2025_W35_WK-35-25-CARRIERS_SP-MARKET-REPORT.pdf
2025-09-01,35,containers,1,PFI MATAI,CV,22968.0,2001,Szczecin,10.50,10.5,UNDISCLOSED,"1,730 TEU",carriers_2025_W35_WK-35-25-CARRIERS_SP-MARKET-REPORT.pdf
2025-09-01,35,containers,1,HT CAMELIA,CV,13432.0,2007,Singapore Technologies,9.80,9.8,UNDISCLOSED,"1,030 TEU",carriers_2025_W35_WK-35-25-CARRIERS_SP-MARKET-REPORT.pdf
2025-09-08,36,bulk_carriers,1,KARADENIZ POWERSHIP,BC,207945.0,2010,Universal Shbldg - Tsu,33.00,33.0,WINNING SHIPPING,,carriers_2025_W36_WK-36-25-CARRIERS_SP-MARKET-REPORT-1.pdf
2025-09-08,36,bulk_carriers,1,MINERAL UTAMARO,BC,207469.0,2016,Imabari Shbldg - Saijo,,,,,carriers_2025_W36_WK-36-25-CARRIERS_SP-MARKET-REPORT-1.pdf
2025-09-08,36,bulk_carriers,1,MINERAL EDO,BC,207219.0,2015,Imabari Shbldg - Saijo,168.00 EN BLOC,168.0,WINNING,,carriers_2025_W36_WK-36-25-CARRIERS_SP-MARKET-REPORT-1.pdf
2025-09-08,36,bulk_carriers,1,MINERAL HOKUSAI,BC,207219.0,2015,Imabari Shbldg - Saijo,168.00 EN BLOC,168.0,SHIPPING,,carriers_2025_W36_WK-36-25-CARRIERS_SP-MARKET-REPORT-1.pdf
2025-09-08,36,bulk_carriers,1,NBA RUBENS,BC,107290.0,2011,Oshima Shipbuilding Co Ltd,15.00,15.0,GREEK,,carriers_2025_W36_WK-36-25-CARRIERS_SP-MARKET-REPORT-1.pdf
2025-09-08,36,bulk_carriers,1,KAYA OLDENDORFF,BC,82155.0,2024,Jiangsu New Hantong Ship,Mid 34s,34.0,UNDISCLOSED,,carriers_2025_W36_WK-36-25-CARRIERS_SP-MARKET-REPORT-1.pdf
2025-09-08,36,bulk_carriers,1,ULTRA JAGUAR,BC,81922.0,2016,Tsuneishi Zhoushan Shbldg,24.00,24.0,GREAT EASTERN,,carriers_2025_W36_WK-36-25-CARRIERS_SP-MARKET-REPORT-1.pdf
2025-09-08,36,bulk_carriers,1,SILVER NAVIGATOR,BC,80312.0,2011,STX OFFSHORE & SHBLDG,15.50,15.5,GREEK,DD DUE,carriers_2025_W36_WK-36-25-CARRIERS_SP-MARKET-REPORT-1.pdf
2025-09-08,36,bulk_carriers,1,IZMIR,BC,63200.0,2013,Yangzhou Dayang Shipbuilding,36.70 EN BLOC,36.7,UNDISCLOSED,,carriers_2025_W36_WK-36-25-CARRIERS_SP-MARKET-REPORT-1.pdf
2025-09-08,36,bulk_carriers,1,KONYA,BC,63200.0,2013,Yangzhou Dayang Shipbuilding,36.70 EN BLOC,36.7,UNDISCLOSED,,carriers_2025_W36_WK-36-25-CARRIERS_SP-MARKET-REPORT-1.pdf
2025-09-08,36,bulk_carriers,1,HAKATA QUEEN,BC,60481.0,2016,Mitsui Tamano,23.50,23.5,GREEK,,carriers_2025_W36_WK-36-25-CARRIERS_SP-MARKET-REPORT-1.pdf
2025-09-08,36,bulk_carriers,1,PACIFIC ACE,BC,59963.0,2012,Hyundai-Vinashin Shipyard Co,13.80,13.8,UNDISCLOSED,,carriers_2025_W36_WK-36-25-CARRIERS_SP-MARKET-REPORT-1.pdf
2025-09-08,36,bulk_carriers,1,PACIFIC PRIDE,BC,59944.0,2012,Hyundai-Vinashin Shipyard Co,13.80,13.8,UNDISCLOSED,,carriers_2025_W36_WK-36-25-CARRIERS_SP-MARKET-REPORT-1.pdf
2025-09-08,36,bulk_carriers,1,LYCAVITOS,BC,58786.0,2007,Tsuneishi Heavy Inds Cebu,12.00,12.0,CHINESE,,carriers_2025_W36_WK-36-25-CARRIERS_SP-MARKET-REPORT-1.pdf
2025-09-08,36,bulk_carriers,1,JIN RONG,BC,58729.0,2008,Tsuneishi Heavy Inds Cebu,11.93,11.93,CHINESE,,carriers_2025_W36_WK-36-25-CARRIERS_SP-MARKET-REPORT-1.pdf
2025-09-08,36,bulk_carriers,1,MARINOR,BC,56784.0,2009,Jiangsu Hantong Ship HI,10.80,10.8,UNDISCLOSED,,carriers_2025_W36_WK-36-25-CARRIERS_SP-MARKET-REPORT-1.pdf
2025-09-08,36,bulk_carriers,1,FRATZIS STAR,BC,53533.0,2005,Zhejiang Shbldg - Ningbo,8.50,8.5,CHINESE,,carriers_2025_W36_WK-36-25-CARRIERS_SP-MARKET-REPORT-1.pdf
2025-09-08,36,bulk_carriers,1,LILAC HARMONY,BC,38581.0,2020,Tsuneishi Heavy Inds Cebu,25.00,25.0,NOVA MARINE,,carriers_2025_W36_WK-36-25-CARRIERS_SP-MARKET-REPORT-1.pdf
2025-09-08,36,bulk_carriers,1,MYKONOS,BC,30912.0,2013,Tsuji Heavy Industries Jiangsu,11.00,11.0,DRAMAR,,carriers_2025_W36_WK-36-25-CARRIERS_SP-MARKET-REPORT-1.pdf
2025-09-08,36,bulk_carriers,1,MADRID,BC,30900.0,2013,Tsuji Heavy Industries Jiangsu,11.00,11.0,SHIPPING,,carriers_2025_W36_WK-36-25-CARRIERS_SP-MARKET-REPORT-1.pdf
2025-09-08,36,bulk_carriers,1,ASPELIA,BC,28725.0,2008,Imabari Shbldg - Imabari,8.20,8.2,UNDISCLOSED,,carriers_2025_W36_WK-36-25-CARRIERS_SP-MARKET-REPORT-1.pdf
2025-09-08,36,tankers,1,KRITI VIGOR,TANKER,159156.0,2005,Hyundai Heavy Inds - Ulsan,29.00,29.0,UNDISCLOSED,,carriers_2025_W36_WK-36-25-CARRIERS_SP-MARKET-REPORT-1.pdf
2025-09-08,36,tankers,1,SAMURAI,TANKER,149993.0,2009,Universal Shbldg - Tsu,39.00,39.0,INDIAN,,carriers_2025_W36_WK-36-25-CARRIERS_SP-MARKET-REPORT-1.pdf
2025-09-08,36,tankers,1,ZHOUSHAN CHANGHONG,TANKER,115000.0,2027,ZHOUSHAN CHANGHONG INT,66.50,66.5,NAVIOS,,carriers_2025_W36_WK-36-25-CARRIERS_SP-MARKET-REPORT-1.pdf
2025-09-08,36,tankers,1,ZHOUSHAN CHANGHONG,TANKER,115000.0,2027,ZHOUSHAN CHANGHONG INT,66.50,66.5,,,carriers_2025_W36_WK-36-25-CARRIERS_SP-MARKET-REPORT-1.pdf
2025-09-08,36,tankers,1,BLUE PRINCE,TANKER,109010.0,2009,Hudong-Zhonghua,32.70,32.7,UNDISCLOSED,,carriers_2025_W36_WK-36-25-CARRIERS_SP-MARKET-REPORT-1.pdf
2025-09-08,36,tankers,1,HAFNIA NORDICA,TANKER,53520.0,2010,Shin Kurushima Onishi,22.00,22.0,UNDISCLOSED,,carriers_2025_W36_WK-36-25-CARRIERS_SP-MARKET-REPORT-1.pdf
2025-09-08,36,tankers,1,SEAWAYS ROSE,TANKER,49999.0,2008,Hyundai Mipo Dockyard Co Ltd,-,,UNDISCLOSED,,carriers_2025_W36_WK-36-25-CARRIERS_SP-MARKET-REPORT-1.pdf
2025-09-08,36,tankers,1,WECO MALOU,TANKER,49999.0,2022,Hyundai Vietnam SB,42.00,42.0,UNDISCLOSED,,carriers_2025_W36_WK-36-25-CARRIERS_SP-MARKET-REPORT-1.pdf
2025-09-08,36,containers,1,CAPE FRANKLIN,CV,20322.0,2006,Peene-Werft GmbH,18.00,18.0,UNDISCLOSED,"1,440 TEU",carriers_2025_W36_WK-36-25-CARRIERS_SP-MARKET-REPORT-1.pdf
2025-09-08,36,containers,1,ALEXANDER L,CV,16838.0,2011,AVIC WEIHAI SHIPYARD C,19.00,19.0,MIDDLE EASTERN,"1,368 TEU",carriers_2025_W36_WK-36-25-CARRIERS_SP-MARKET-REPORT-1.pdf
2025-09-22,38,bulk_carriers,1,MINERAL CLOUDBREAK,BC,205097.0,2012,HHIC-Phil Inc,39.00,39.0,HONG KONG,,carriers_2025_W38_WK-38-25-CARRIERS_SP-MARKET-REPORT.pdf
2025-09-22,38,bulk_carriers,1,WAKAYAMA MARU,BC,181501.0,2013,Koyo Dockyard Co Ltd,36.80,36.8,UNDISCLOSED,SS/DD PASSED,carriers_2025_W38_WK-38-25-CARRIERS_SP-MARKET-REPORT.pdf
2025-09-22,38,bulk_carriers,1,LEO FELICITY,BC,178564.0,2010,Mitsui Chiba Ichihara,26.50,26.5,CHINESE,,carriers_2025_W38_WK-38-25-CARRIERS_SP-MARKET-REPORT.pdf
2025-09-22,38,bulk_carriers,1,NEW FORTUNE,BC,87447.0,2011,Hudong-Zhonghua,11.50,11.5,UNDISCLOSED,,carriers_2025_W38_WK-38-25-CARRIERS_SP-MARKET-REPORT.pdf
2025-09-22,38,bulk_carriers,1,NORD TAURUS,BC,81718.0,2016,Imabari Shbldg - Marugame,27.50,27.5,GREEK,DELY JAN 2026,carriers_2025_W38_WK-38-25-CARRIERS_SP-MARKET-REPORT.pdf
2025-09-22,38,bulk_carriers,1,CSSC SHI JIA ZHUANG,BC,81601.0,2020,Tianjin Xingang Shipbuilding,25.00,25.0,UNDISCLOSED,,carriers_2025_W38_WK-38-25-CARRIERS_SP-MARKET-REPORT.pdf
2025-09-22,38,bulk_carriers,1,CSSC TAI YUAN,BC,81595.0,2020,Tianjin Xingang Shipbuilding,25.00,25.0,UNDISCLOSED,,carriers_2025_W38_WK-38-25-CARRIERS_SP-MARKET-REPORT.pdf
2025-09-22,38,bulk_carriers,1,EIRINI P.,BC,76466.0,2004,Tsuneishi Corp - Fukuyama,8.50,8.5,UNDISCLOSED,,carriers_2025_W38_WK-38-25-CARRIERS_SP-MARKET-REPORT.pdf
2025-09-22,38,bulk_carriers,1,AFRICAN CHEETAH,BC,66684.0,2014,Mitsui Tamano,24.50,24.5,UNDISCLOSED,,carriers_2025_W38_WK-38-25-CARRIERS_SP-MARKET-REPORT.pdf
2025-09-22,38,bulk_carriers,1,ELIZABETH M II,BC,63683.0,2020,Nantong Xiangyu Shipbuilding,30.00,30.0,GREEK,,carriers_2025_W38_WK-38-25-CARRIERS_SP-MARKET-REPORT.pdf
2025-09-22,38,bulk_carriers,1,CMB VAN DIJCK,BC,63667.0,2020,Shin Kasado Dockyard Co Ltd,27.00,27.0,HMM,,carriers_2025_W38_WK-38-25-CARRIERS_SP-MARKET-REPORT.pdf
2025-09-22,38,bulk_carriers,1,CMB TENIERS,BC,63611.0,2021,Shin Kasado Dockyard Co Ltd,27.00,27.0,HMM,,carriers_2025_W38_WK-38-25-CARRIERS_SP-MARKET-REPORT.pdf
2025-09-22,38,bulk_carriers,1,ULTRA COLONSAY,BC,61470.0,2011,Shin Kasado Dockyard Co Ltd,18.10,18.1,INDONESIAN,,carriers_2025_W38_WK-38-25-CARRIERS_SP-MARKET-REPORT.pdf
2025-09-22,38,bulk_carriers,1,EXPLORER EUROPE,BC,61457.0,2012,Iwagi Zosen Co Ltd,18.00,18.0,CHINESE,,carriers_2025_W38_WK-38-25-CARRIERS_SP-MARKET-REPORT.pdf
2025-09-22,38,bulk_carriers,1,MARMARA S,BC,57195.0,2012,STX OFFSHORE & SHBLDG,14.00,14.0,UNDISCLOSED,,carriers_2025_W38_WK-38-25-CARRIERS_SP-MARKET-REPORT.pdf
2025-09-22,38,bulk_carriers,1,OCEAN KNIGHT,BC,56808.0,2011,Taizhou Kouan Shipbuilding Co,12.00,12.0,CHINESE,,carriers_2025_W38_WK-38-25-CARRIERS_SP-MARKET-REPORT.pdf
2025-09-22,38,bulk_carriers,1,KRAIT,BC,56100.0,2013,Mitsui Tamano,16.85,16.85,UNDISCLOSED,,carriers_2025_W38_WK-38-25-CARRIERS_SP-MARKET-REPORT.pdf
2025-09-22,38,bulk_carriers,1,ELIZABETH RIVER,BC,55955.0,2005,Mitsui Tamano,9.70,9.7,UNDISCLOSED,,carriers_2025_W38_WK-38-25-CARRIERS_SP-MARKET-REPORT.pdf
2025-09-22,38,bulk_carriers,1,AQUAVITA BAY,BC,55757.0,2014,JAPAN MARINE UTD - KUR,19.00,19.0,UNDISCLOSED,,carriers_2025_W38_WK-38-25-CARRIERS_SP-MARKET-REPORT.pdf
2025-09-22,38,bulk_carriers,1,EVNIA,BC,53806.0,2003,New Century Shipbuilding Co,7.95,7.95,UNDISCLOSED,,carriers_2025_W38_WK-38-25-CARRIERS_SP-MARKET-REPORT.pdf
2025-09-22,38,bulk_carriers,1,AP SVETI VLAHO,BC,53529.0,2009,Ha Long Shbldg Co - Ha Long,9.50,9.5,FAR EASTERN,,carriers_2025_W38_WK-38-25-CARRIERS_SP-MARKET-REPORT.pdf
2025-09-22,38,bulk_carriers,1,AP DRZIC,BC,53414.0,2009,Ha Long Shbldg Co - Ha Long,9.50,9.5,FAR EASTERN,,carriers_2025_W38_WK-38-25-CARRIERS_SP-MARKET-REPORT.pdf
2025-09-22,38,bulk_carriers,1,SPAR TAURUS,BC,53195.0,2005,Chengxi Shipyard,8.80,8.8,UNDISCLOSED,,carriers_2025_W38_WK-38-25-CARRIERS_SP-MARKET-REPORT.pdf
2025-09-22,38,bulk_carriers,1,THOR INDEPENDENCE,BC,52407.0,2001,Tsuneishi Heavy Inds Cebu,7.00,7.0,UNDISCLOSED,,carriers_2025_W38_WK-38-25-CARRIERS_SP-MARKET-REPORT.pdf
2025-09-22,38,bulk_carriers,1,ZHONG ZHE 7,BC,52068.0,2000,Sanoyas Hishino Meisho Corp,6.97,6.97,UNDISCLOSED,AUCTION SALE,carriers_2025_W38_WK-38-25-CARRIERS_SP-MARKET-REPORT.pdf
2025-09-22,38,bulk_carriers,1,QUEEN FLOWER,BC,50477.0,2013,Oshima Shipbuilding Co Ltd,16.20,16.2,TURKISH,,carriers_2025_W38_WK-38-25-CARRIERS_SP-MARKET-REPORT.pdf
2025-09-22,38,bulk_carriers,1,CH BELLA,BC,33144.0,2010,Zhejiang Zhenghe Shipbuilding,8.25,8.25,UNDISCLOSED,,carriers_2025_W38_WK-38-25-CARRIERS_SP-MARKET-REPORT.pdf
2025-09-22,38,bulk_carriers,1,CH DORIS,BC,33144.0,2010,Zhejiang Zhenghe Shipbuilding,8.25,8.25,UNDISCLOSED,,carriers_2025_W38_WK-38-25-CARRIERS_SP-MARKET-REPORT.pdf
2025-09-22,38,tankers,1,JAG LOK,TANKER,158280.0,2005,Hyundai Samho HI,26.00,26.0,UNDISCLOSED,,carriers_2025_W38_WK-38-25-CARRIERS_SP-MARKET-REPORT.pdf
2025-09-22,38,tankers,1,ADVANTAGE SUMMER,TANKER,156527.0,2010,Jiangsu Rongsheng Shipbuilding,38.00,38.0,UNDISCLOSED,,carriers_2025_W38_WK-38-25-CARRIERS_SP-MARKET-REPORT.pdf
2025-09-22,38,tankers,1,OTTOMAN NOBILITY,TANKER,152622.0,2005,Hyundai Heavy Inds - Ulsan,27.00,27.0,UNDISCLOSED,,carriers_2025_W38_WK-38-25-CARRIERS_SP-MARKET-REPORT.pdf
2025-09-22,38,tankers,1,SKS DRIVA,TANKER,119456.0,2010,Hyundai Samho HI,34.00,34.0,TORM,,carriers_2025_W38_WK-38-25-CARRIERS_SP-MARKET-REPORT.pdf
2025-09-22,38,tankers,1,SILVERSTONE,TANKER,113720.0,2025,Shanghai Waigaoqiao Shbldg,75.00,75.0,TRANSPETROL,,carriers_2025_W38_WK-38-25-CARRIERS_SP-MARKET-REPORT.pdf
2025-09-22,38,tankers,1,PATMOS WARRIOR,TANKER,105572.0,2007,Sumitomo Heavy Marine,28.00,28.0,CHINESE,,carriers_2025_W38_WK-38-25-CARRIERS_SP-MARKET-REPORT.pdf
2025-09-22,38,tankers,1,OLYMPIC SEA,TANKER,104808.0,2008,Shanghai Waigaoqiao Shbldg,59.00 EN BLOC,59.0,UNDISCLOSED,,carriers_2025_W38_WK-38-25-CARRIERS_SP-MARKET-REPORT.pdf
2025-09-22,38,tankers,1,OLYMPIC SKY,TANKER,104769.0,2008,Shanghai Waigaoqiao Shbldg,59.00 EN BLOC,59.0,UNDISCLOSED,,carriers_2025_W38_WK-38-25-CARRIERS_SP-MARKET-REPORT.pdf
2025-09-22,38,tankers,1,HAFNIA TAURUS,TANKER,49999.0,2011,Guangzhou Shipyard Intl Co Ltd,18.00,18.0,SEVEN ISLANDS,,carriers_2025_W38_WK-38-25-CARRIERS_SP-MARKET-REPORT.pdf
2025-09-22,38,tankers,1,JIPRO ISIS,TANKER,37946.0,2008,Shin Kurushima Onishi,13.35,13.35,AVIN,,carriers_2025_W38_WK-38-25-CARRIERS_SP-MARKET-REPORT.pdf
2025-09-22,38,tankers,1,GUANACO,TANKER,21081.0,2003,IZAR - Gijon,10.70,10.7,UNDISCLOSED,ST. STEEL,carriers_2025_W38_WK-38-25-CARRIERS_SP-MARKET-REPORT.pdf
2025-09-22,38,tankers,1,F MUMBAI,TANKER,19992.0,2005,Usuki Shipyard Co Ltd,13.50,13.5,CHINESE,,carriers_2025_W38_WK-38-25-CARRIERS_SP-MARKET-REPORT.pdf
2025-09-22,38,containers,1,MANZANILLO EXPRESS,CV,142411.0,2022,Hyundai Samho HI,120.00,120.0,GERMAN,"13,212 TEU INC 10 YEAR TC",carriers_2025_W38_WK-38-25-CARRIERS_SP-MARKET-REPORT.pdf
2025-09-22,38,containers,1,CONTSHIP OAK,CV,13781.0,2007,Taizhou Kouan Shipbuilding Co,11.00,11.0,UNDISCLOSED,"1,118 TEU",carriers_2025_W38_WK-38-25-CARRIERS_SP-MARKET-REPORT.pdf
2025-09-22,38,containers,1,ELBTRAVELLER,CV,13061.0,2016,Jiangsu Yangzijiang Shbldg Co,18.75,18.75,UNDISCLOSED,"1,102 TEU",carriers_2025_W38_WK-38-25-CARRIERS_SP-MARKET-REPORT.pdf
2025-10-06,41,bulk_carriers,1,MINERAL CLOUDBREAK,BC,205097.0,2012,HHIC -Phil,39.00,39.0,CHINESE,,carriers_2025_W41_WK-41-25-CARRIERS_SP-MARKET-REPORT.pdf
2025-10-06,41,bulk_carriers,1,HEBEI NO.1,BC,182425.0,2009,Dalian Shipbuilding,25.00,25.0,UNDISCLOSED,,carriers_2025_W41_WK-41-25-CARRIERS_SP-MARKET-REPORT.pdf
2025-10-06,41,bulk_carriers,1,DECLAN DUFF,BC,93253.0,2012,Jiangsu Newyangzi Shipbuilding,13.60,13.6,CHINESE,,carriers_2025_W41_WK-41-25-CARRIERS_SP-MARKET-REPORT.pdf
2025-10-06,41,bulk_carriers,1,DUKE SANTOS,BC,81982.0,2019,Jiangsu Newyangzi Shipbuilding,27.30,27.3,UNDISCLOSED,,carriers_2025_W41_WK-41-25-CARRIERS_SP-MARKET-REPORT.pdf
2025-10-06,41,bulk_carriers,1,NAVIOS HELIOS,BC,77.75,2005,Namura Shipyard,"8,25",8.25,UNDISCLOSED,,carriers_2025_W41_WK-41-25-CARRIERS_SP-MARKET-REPORT.pdf
2025-10-06,41,bulk_carriers,1,TASIK SAKURA,BC,76334.0,2011,Oshima Shipbuilding,11.30,11.3,GREEK,,carriers_2025_W41_WK-41-25-CARRIERS_SP-MARKET-REPORT.pdf
2025-10-06,41,bulk_carriers,1,ANDRIA,BC,75375.0,2006,Universal Shipbuilding,9.00,9.0,CHINESE,,carriers_2025_W41_WK-41-25-CARRIERS_SP-MARKET-REPORT.pdf
2025-10-06,41,bulk_carriers,1,IMABARI QUEEN,BC,60405.0,2016,Sanoyas Shipbuilding,23.50,23.5,BRITISH BULKERS,,carriers_2025_W41_WK-41-25-CARRIERS_SP-MARKET-REPORT.pdf
2025-10-06,41,bulk_carriers,1,FOREVER SW,BC,58186.0,2010,Tsuneishi Cebu,15.20,15.2,UNDISCLOSED,,carriers_2025_W41_WK-41-25-CARRIERS_SP-MARKET-REPORT.pdf
2025-10-06,41,bulk_carriers,1,STONEWELL PIONEER,BC,56533.0,2014,Taizhou Sanfu,14.40,14.4,UNDISCLOSED,,carriers_2025_W41_WK-41-25-CARRIERS_SP-MARKET-REPORT.pdf
2025-10-06,41,bulk_carriers,1,ICARIUS,BC,55921.0,2007,Mitsui Shipbuilding,11.75,11.75,UNDISCLOSED,,carriers_2025_W41_WK-41-25-CARRIERS_SP-MARKET-REPORT.pdf
2025-10-06,41,bulk_carriers,1,TBC PASSION,BC,38215.0,2011,Imabari Shipbuilding,14.40,14.4,UNDISCLOSED,,carriers_2025_W41_WK-41-25-CARRIERS_SP-MARKET-REPORT.pdf
2025-10-06,41,bulk_carriers,1,EUROSKY,BC,33774.0,2011,Samjin Shipbuilding,10.20,10.2,UNDISCLOSED,,carriers_2025_W41_WK-41-25-CARRIERS_SP-MARKET-REPORT.pdf
2025-10-06,41,bulk_carriers,1,IRMA,BC,34947.0,2000,Mitsui Shipbuilding,4.80,4.8,UNDISCLOSED,,carriers_2025_W41_WK-41-25-CARRIERS_SP-MARKET-REPORT.pdf
2025-10-06,41,bulk_carriers,1,CSE CLIPPER EXPRESS,BC,28423.0,2005,Imabari Shipbuilding,5.50,5.5,CHINESE,,carriers_2025_W41_WK-41-25-CARRIERS_SP-MARKET-REPORT.pdf
2025-10-06,41,tankers,1,ASTARI I,TANKER,149991.0,2002,Nippon Kokan KK,19.80,19.8,CHINESE,,carriers_2025_W41_WK-41-25-CARRIERS_SP-MARKET-REPORT.pdf
2025-10-06,41,tankers,1,MINERVA LISA,TANKER,103755.0,2004,Samsung Heavy Industries,21.50,21.5,UAE,,carriers_2025_W41_WK-41-25-CARRIERS_SP-MARKET-REPORT.pdf
2025-10-06,41,tankers,1,MINERVA IRIS,TANKER,103124.0,2004,Samsung Heavy Industries,21.50,21.5,UAE,,carriers_2025_W41_WK-41-25-CARRIERS_SP-MARKET-REPORT.pdf
2025-10-06,41,tankers,1,ROSE M,TANKER,45838.0,2005,Shin Kurushima,11.20,11.2,NIGERIAN,,carriers_2025_W41_WK-41-25-CARRIERS_SP-MARKET-REPORT.pdf
2025-10-20,42,bulk_carriers,1,SAMC MG,BC,206180.0,2006,Imabari Shbldg - Saijo,25.00,25.0,CHINESE,,carriers_2025_W42_WK-42-25-CARRIERS_SP-MARKET-REPORT.pdf
2025-10-20,42,bulk_carriers,1,CAPE AQUA,BC,178055.0,2009,Shanghai Waigaoqiao Shbldg,25.50,25.5,CHINESE,,carriers_2025_W42_WK-42-25-CARRIERS_SP-MARKET-REPORT.pdf
2025-10-20,42,bulk_carriers,1,BASTIONS,BC,119376.0,2011,Sanoyas Hishino Meisho Corp,15.00,15.0,UNDISCLOSED,,carriers_2025_W42_WK-42-25-CARRIERS_SP-MARKET-REPORT.pdf
2025-10-20,42,bulk_carriers,1,GENEROSITY,BC,83480.0,2011,Sanoyas Hishino Meisho Corp,17.00,17.0,GREEK,,carriers_2025_W42_WK-42-25-CARRIERS_SP-MARKET-REPORT.pdf
2025-10-20,42,bulk_carriers,1,NARA I,BC,76588.0,2007,Jiangnan Shipyard Group Co,8.60,8.6,UNDISCLOSED,,carriers_2025_W42_WK-42-25-CARRIERS_SP-MARKET-REPORT.pdf
2025-10-20,42,bulk_carriers,1,PORTO LIMNIONI,BC,73664.0,2006,Jiangnan Shipyard Group Co,8.50,8.5,UNDISCLOSED,,carriers_2025_W42_WK-42-25-CARRIERS_SP-MARKET-REPORT.pdf
2025-10-20,42,bulk_carriers,1,ATHENA,BC,61501.0,2011,Oshima Shipbuilding Co Ltd,18.30,18.3,UNDISCLOSED,,carriers_2025_W42_WK-42-25-CARRIERS_SP-MARKET-REPORT.pdf
2025-10-20,42,bulk_carriers,1,SEA DANA,BC,57000.0,2009,Jiangsu Hantong Ship HI,11.00,11.0,UNDISCLOSED,,carriers_2025_W42_WK-42-25-CARRIERS_SP-MARKET-REPORT.pdf
2025-10-20,42,bulk_carriers,1,JIN MAO,BC,56469.0,2012,Jiangsu New Hantong Ship,13.10,13.1,GREEK,,carriers_2025_W42_WK-42-25-CARRIERS_SP-MARKET-REPORT.pdf
2025-10-20,42,bulk_carriers,1,BULK FREEDOM,BC,52454.0,2005,Tsuneishi Corp - Fukuyama,9.60,9.6,UNDISCLOSED,,carriers_2025_W42_WK-42-25-CARRIERS_SP-MARKET-REPORT.pdf
2025-10-20,42,bulk_carriers,1,DOGAN,BC,38691.0,2013,SPP Shipbuilding - Tongyeong,14.80,14.8,UNDISCLOSED,,carriers_2025_W42_WK-42-25-CARRIERS_SP-MARKET-REPORT.pdf
2025-10-20,42,bulk_carriers,1,LA BAMBA,BC,37155.0,2012,Saiki Heavy Industries Co Ltd,15.50,15.5,UNDISCLOSED,,carriers_2025_W42_WK-42-25-CARRIERS_SP-MARKET-REPORT.pdf
2025-10-20,42,bulk_carriers,1,OCEAN TACT,BC,36197.0,2019,Shikoku Dockyard,24.00,24.0,UNDISCLOSED,,carriers_2025_W42_WK-42-25-CARRIERS_SP-MARKET-REPORT.pdf
2025-10-20,42,tankers,1,SINGAPORE LOYALTY,TANKER,307284.0,2007,Dalian Shipbuilding Ind - No 2,47.00,47.0,UNDISCLOSED,,carriers_2025_W42_WK-42-25-CARRIERS_SP-MARKET-REPORT.pdf
2025-10-20,42,tankers,1,SAIQ,TANKER,299999.0,2011,Universal Shbldg - Ariake,57.00,57.0,UNDISCLOSED,,carriers_2025_W42_WK-42-25-CARRIERS_SP-MARKET-REPORT.pdf
2025-10-20,42,tankers,1,NAVE CONSTELLATION,TANKER,296988.0,2010,Dalian Shipbuilding Ind - No 2,52.50,52.5,UNDISCLOSED,,carriers_2025_W42_WK-42-25-CARRIERS_SP-MARKET-REPORT.pdf
2025-10-20,42,tankers,1,SEAVOYAGER,TANKER,159233.0,2007,Hyundai Samho Heavy Industries,37.00,37.0,UNDISCLOSED,,carriers_2025_W42_WK-42-25-CARRIERS_SP-MARKET-REPORT.pdf
2025-10-20,42,tankers,1,CENTURY,TANKER,159152.0,2005,Hyundai Heavy Inds - Ulsan,22.00,22.0,NIGERIAN,,carriers_2025_W42_WK-42-25-CARRIERS_SP-MARKET-REPORT.pdf
2025-10-20,42,tankers,1,CRUDE LEVANTE,TANKER,156828.0,2021,New Times Shipbuilding Co Ltd,77.75,77.75,GREEK,,carriers_2025_W42_WK-42-25-CARRIERS_SP-MARKET-REPORT.pdf
2025-10-20,42,tankers,1,CRUDE ZEPHYRUS,TANKER,156828.0,2021,New Times Shipbuilding Co Ltd,77.75,77.75,GREEK,,carriers_2025_W42_WK-42-25-CARRIERS_SP-MARKET-REPORT.pdf
2025-10-20,42,tankers,1,ROSS SEA,TANKER,114542.0,2011,Sasebo Heavy Industries,36.00,36.0,PV TRANSPORT,,carriers_2025_W42_WK-42-25-CARRIERS_SP-MARKET-REPORT.pdf
2025-10-20,42,tankers,1,KMARIN RENOWN,TANKER,109693.0,2016,STX OFFSHORE & SHBLDG,45.50,45.5,GREEK,,carriers_2025_W42_WK-42-25-CARRIERS_SP-MARKET-REPORT.pdf
2025-10-20,42,tankers,1,KMARIN RESPECT,TANKER,109584.0,2016,STX OFFSHORE & SHBLDG,45.50,45.5,GREEK,,carriers_2025_W42_WK-42-25-CARRIERS_SP-MARKET-REPORT.pdf
2025-10-20,42,tankers,1,KMARIN RELIANCE,TANKER,109466.0,2016,STX OFFSHORE & SHBLDG,45.50,45.5,GREEK,,carriers_2025_W42_WK-42-25-CARRIERS_SP-MARKET-REPORT.pdf
2025-10-20,42,tankers,1,CHEMTRANS CANCALE,TANKER,73626.0,2007,New Century Shipbuilding Co,12.00,12.0,UNDISCLOSED,,carriers_2025_W42_WK-42-25-CARRIERS_SP-MARKET-REPORT.pdf
2025-10-20,42,tankers,1,PETITE SOEUR,TANKER,50420.0,2011,Guangzhou Shipyard Intl Co Ltd,19.00,19.0,INDIAN,,carriers_2025_W42_WK-42-25-CARRIERS_SP-MARKET-REPORT.pdf
2025-10-20,42,tankers,1,PTI HUDSON,TANKER,49999.0,2016,SPP SHIPBUILDING - SAC,33.00,33.0,UNDISCLOSED,,carriers_2025_W42_WK-42-25-CARRIERS_SP-MARKET-REPORT.pdf
2025-10-20,42,tankers,1,PTI NILE,TANKER,49999.0,2016,SPP SHIPBUILDING - SAC,33.00,33.0,UNDISCLOSED,,carriers_2025_W42_WK-42-25-CARRIERS_SP-MARKET-REPORT.pdf
2025-10-20,42,tankers,1,STAVANGER POSEIDON,TANKER,49999.0,2020,Hyundai Vietnam SB,44.15,44.15,PAKISTAN NATIONAL SHIP.,,carriers_2025_W42_WK-42-25-CARRIERS_SP-MARKET-REPORT.pdf
2025-10-20,42,tankers,1,SAN SEBASTIAN,TANKER,37258.0,2007,Hyundai Mipo Dockyard Co Ltd,13.50,13.5,CORP. UNDISCLOSED,,carriers_2025_W42_WK-42-25-CARRIERS_SP-MARKET-REPORT.pdf
2025-10-20,42,tankers,1,MASIRAH,TANKER,12885.0,2007,Samho Shipbuilding Co Ltd,8.70,8.7,UNDISCLOSED,,carriers_2025_W42_WK-42-25-CARRIERS_SP-MARKET-REPORT.pdf
2025-10-20,42,tankers,1,ENERGY FRONTIER,LNG,80686.0,2003,Kawasaki Shipbuilding,25.00,25.0,INDONESIAN,,carriers_2025_W42_WK-42-25-CARRIERS_SP-MARKET-REPORT.pdf
2025-10-20,42,containers,1,OKEE CUNO,CV,23710.0,2008,Guangzhou Wenchong,21.00,21.0,UNDISCLOSED,,carriers_2025_W42_WK-42-25-CARRIERS_SP-MARKET-REPORT.pdf
2025-10-27,43,bulk_carriers,1,BULK SAO PAULO,BC,208445.0,2020,New Times Shipbuilding Co Ltd,72.75,72.75,EBE NV,,carriers_2025_W43_WK-43-25-CARRIERS_SP-MARKET-REPORT.pdf
2025-10-27,43,bulk_carriers,1,ROSEMARY,BC,179742.0,2010,Daewoo Shipbuilding & Marine,28.50,28.5,PIONEER LOGISTICS,,carriers_2025_W43_WK-43-25-CARRIERS_SP-MARKET-REPORT.pdf
2025-10-27,43,bulk_carriers,1,CAPE PROVIDENCE,BC,179643.0,2009,Daewoo Shipbuilding & Marine,26.20,26.2,CHINESE,,carriers_2025_W43_WK-43-25-CARRIERS_SP-MARKET-REPORT.pdf
2025-10-27,43,bulk_carriers,1,MINERAL SUBIC,BC,179397.0,2011,Hanjin HI & Const - Busan,30.25,30.25,AGRICORE,,carriers_2025_W43_WK-43-25-CARRIERS_SP-MARKET-REPORT.pdf
2025-10-27,43,bulk_carriers,1,CAPE AQUA,BC,178055.0,2009,Shanghai Waigaoqiao Shbldg,25.50,25.5,AGRICORE,,carriers_2025_W43_WK-43-25-CARRIERS_SP-MARKET-REPORT.pdf
2025-10-27,43,bulk_carriers,1,AP POWER,BC,173541.0,2006,Bohai Shipbuilding Heavy Ind,14.50,14.5,UNDISCLOSED,,carriers_2025_W43_WK-43-25-CARRIERS_SP-MARKET-REPORT.pdf
2025-10-27,43,bulk_carriers,1,FJELD SAGA,BC,82908.0,2013,Sanoyas Shipbuilding Corp,17.00,17.0,ADS,,carriers_2025_W43_WK-43-25-CARRIERS_SP-MARKET-REPORT.pdf
2025-10-27,43,bulk_carriers,1,NAVIOS SUN,BC,76619.0,2005,Imabari Shbldg - Marugame,8.30,8.3,UNDISCLOSED,,carriers_2025_W43_WK-43-25-CARRIERS_SP-MARKET-REPORT.pdf
2025-10-27,43,bulk_carriers,1,PALAIS,BC,75434.0,2014,Jiangsu Rongsheng,14.40,14.4,CHINESE,,carriers_2025_W43_WK-43-25-CARRIERS_SP-MARKET-REPORT.pdf
2025-10-27,43,bulk_carriers,1,ANTHOS,BC,75120.0,2001,Hitachi Zosen - Maizuru,5.50,5.5,CHINESE,SS DUE 1/2026,carriers_2025_W43_WK-43-25-CARRIERS_SP-MARKET-REPORT.pdf
2025-10-27,43,bulk_carriers,1,XIE HAI YONG FENG,BC,52063.0,2001,Sanoyas Hishino Meisho Corp,6.80,6.8,UNDISCLOSED,,carriers_2025_W43_WK-43-25-CARRIERS_SP-MARKET-REPORT.pdf
2025-10-27,43,bulk_carriers,1,ATACAMA QUEEN,BC,51213.0,2011,Imabari Shbldg - Imabari,14.50,14.5,FAR EASTERN,,carriers_2025_W43_WK-43-25-CARRIERS_SP-MARKET-REPORT.pdf
2025-10-27,43,bulk_carriers,1,SEACON MANILA,BC,33412.0,2016,Shin Kochi Jyuko K.K. - Kochi,17.10,17.1,BRAVE MARITIME,,carriers_2025_W43_WK-43-25-CARRIERS_SP-MARKET-REPORT.pdf
2025-10-27,43,bulk_carriers,1,EAST AYUTTHAYA,BC,32770.0,2010,Yangzhou Wanlong,9.00,9.0,UNDISCLOSED,,carriers_2025_W43_WK-43-25-CARRIERS_SP-MARKET-REPORT.pdf
2025-10-27,43,bulk_carriers,1,ARAWANA,BC,32318.0,2012,Taizhou Maple Leaf Shbldg,9.50,9.5,UNDISCLOSED,,carriers_2025_W43_WK-43-25-CARRIERS_SP-MARKET-REPORT.pdf
2025-10-27,43,bulk_carriers,1,TRANSFORMER OL,BC,28375.0,2009,Shimanami Shipyard Co Ltd,9.80,9.8,UNDISCLOSED,,carriers_2025_W43_WK-43-25-CARRIERS_SP-MARKET-REPORT.pdf
2025-10-27,43,tankers,1,VS87,TANKER,299174.0,2004,Samsung Heavy Inds - Geoje,40.00,40.0,UNDISCLOSED,,carriers_2025_W43_WK-43-25-CARRIERS_SP-MARKET-REPORT.pdf
2025-10-27,43,tankers,1,HYDRA,TANKER,105744.0,2004,Sumitomo Heavy Marine Yokosuka,20.75,20.75,FAR EASTERN,,carriers_2025_W43_WK-43-25-CARRIERS_SP-MARKET-REPORT.pdf
2025-10-27,43,tankers,1,SEAWAYS GATUN,TANKER,47834.0,2007,Hyundai Mipo Dockyard Co Ltd,12.50,12.5,EUROPEAN,,carriers_2025_W43_WK-43-25-CARRIERS_SP-MARKET-REPORT.pdf
2025-10-27,43,tankers,1,SEAWAYS HURON,TANKER,47781.0,2007,Hyundai Mipo Dockyard Co Ltd,12.50,12.5,EUROPEAN,,carriers_2025_W43_WK-43-25-CARRIERS_SP-MARKET-REPORT.pdf
2025-10-27,43,tankers,1,SYLVIE,LPG,26348.0,2007,Hyundai Heavy Inds - Ulsan,24.00,24.0,PASCOGAS,,carriers_2025_W43_WK-43-25-CARRIERS_SP-MARKET-REPORT.pdf
2025-10-27,43,tankers,1,ORINDA,LPG,9352.0,2002,Hudong-Zhonghua,11.00,11.0,UNDISCLOSED,,carriers_2025_W43_WK-43-25-CARRIERS_SP-MARKET-REPORT.pdf
2025-11-03,44,bulk_carriers,1,THERESA HEBEI,BC,81707.0,2012,Sainty Shipbuilding Yangzhou,15.50,15.5,UNDISCLOSED,,carriers_2025_W44_WK-44-25-CARRIERS_SP-MARKET-REPORT.pdf
2025-11-03,44,bulk_carriers,1,ORNAK,BC,79677.0,2010,New Century Shipbuilding Co,11.35,11.35,UNDISCLOSED,,carriers_2025_W44_WK-44-25-CARRIERS_SP-MARKET-REPORT.pdf
2025-11-03,44,bulk_carriers,1,YASA TEAM,BC,75621.0,2006,Sanoyas Hishino Meisho Corp,9.10,9.1,UNDISCLOSED,,carriers_2025_W44_WK-44-25-CARRIERS_SP-MARKET-REPORT.pdf
2025-11-03,44,bulk_carriers,1,MAJORCA,BC,74333.0,2005,Hudong-Zhonghua,7.75,7.75,UNDISCLOSED,,carriers_2025_W44_WK-44-25-CARRIERS_SP-MARKET-REPORT.pdf
2025-11-03,44,bulk_carriers,1,CMB BRUEGEL,BC,63667.0,2021,Shin Kasado Dockyard Co Ltd,32.50,32.5,MEGHNA,,carriers_2025_W44_WK-44-25-CARRIERS_SP-MARKET-REPORT.pdf
2025-11-03,44,bulk_carriers,1,XIANG HANG 57,BC,63500.0,2025,Sainty Shipbuilding Yangzhou,32.00,32.0,UNDISCLOSED,,carriers_2025_W44_WK-44-25-CARRIERS_SP-MARKET-REPORT.pdf
2025-11-03,44,bulk_carriers,1,DIONISIS,BC,63480.0,2019,I-S Shipyard Co Ltd,31.20,31.2,FAR EASTERN,,carriers_2025_W44_WK-44-25-CARRIERS_SP-MARKET-REPORT.pdf
2025-11-03,44,bulk_carriers,1,KN FUTURE,BC,57999.0,2013,Tsuneishi Heavy Inds Cebu,18.75,18.75,UNDISCLOSED,,carriers_2025_W44_WK-44-25-CARRIERS_SP-MARKET-REPORT.pdf
2025-11-03,44,bulk_carriers,1,KARADENIZ S,BC,57157.0,2012,STX OFFSHORE & SHBLDG,14.25,14.25,MIDDLE EASTERN,,carriers_2025_W44_WK-44-25-CARRIERS_SP-MARKET-REPORT.pdf
2025-11-03,44,bulk_carriers,1,ANTIGONI B,BC,56928.0,2011,Jiangsu New Hantong Ship,12.50,12.5,UNDISCLOSED,,carriers_2025_W44_WK-44-25-CARRIERS_SP-MARKET-REPORT.pdf
2025-11-03,44,bulk_carriers,1,HEROIC STRIKER,BC,56820.0,2010,Jinling Shipyard,11.75,11.75,CHINESE,,carriers_2025_W44_WK-44-25-CARRIERS_SP-MARKET-REPORT.pdf
2025-11-03,44,bulk_carriers,1,EVRIALI,BC,53554.0,2007,Iwagi Zosen Co Ltd,10.50,10.5,UNDISCLOSED,,carriers_2025_W44_WK-44-25-CARRIERS_SP-MARKET-REPORT.pdf
2025-11-03,44,bulk_carriers,1,MASTRO MITROS,BC,45601.0,2001,Oshima Shipbuilding Co Ltd,6.90,6.9,TURKISH,,carriers_2025_W44_WK-44-25-CARRIERS_SP-MARKET-REPORT.pdf
2025-11-03,44,bulk_carriers,1,TBC PRIME,BC,38529.0,2011,Minaminippon Shbldg,14.30,14.3,UNDISCLOSED,,carriers_2025_W44_WK-44-25-CARRIERS_SP-MARKET-REPORT.pdf
2025-11-03,44,bulk_carriers,1,CS CANDY,BC,37459.0,2012,Tianjin Xingang Shipbuilding,12.50,12.5,UNDISCLOSED,,carriers_2025_W44_WK-44-25-CARRIERS_SP-MARKET-REPORT.pdf
2025-11-03,44,bulk_carriers,1,AFRICAN OSPREY,BC,34697.0,2012,Chengxi Shipyard Jiangyin,11.80,11.8,GREEK,,carriers_2025_W44_WK-44-25-CARRIERS_SP-MARKET-REPORT.pdf
2025-11-03,44,bulk_carriers,1,CHAMCHURI NAREE,BC,33733.0,2005,Shin Kochi,8.20,8.2,UNDISCLOSED,,carriers_2025_W44_WK-44-25-CARRIERS_SP-MARKET-REPORT.pdf
2025-11-03,44,bulk_carriers,1,GOLDEN BRIGHT,BC,32700.0,2003,Kanda Kawajiri,6.50,6.5,UNDISCLOSED,,carriers_2025_W44_WK-44-25-CARRIERS_SP-MARKET-REPORT.pdf
2025-11-03,44,tankers,1,NAVE QUASAR,TANKER,297376.0,2010,Dalian Shipbuilding Ind - No 2,52.50,52.5,UNDISCLOSED,,carriers_2025_W44_WK-44-25-CARRIERS_SP-MARKET-REPORT.pdf
2025-11-03,44,tankers,1,EUROLEADER,TANKER,159062.0,2005,Hyundai Heavy Inds - Ulsan,28.50,28.5,UNDISCLOSED,,carriers_2025_W44_WK-44-25-CARRIERS_SP-MARKET-REPORT.pdf
2025-11-03,44,tankers,1,RYVINGEN SUN,TANKER,74032.0,2007,New Century Shipbuilding Co,14.50,14.5,UNDISCLOSED,,carriers_2025_W44_WK-44-25-CARRIERS_SP-MARKET-REPORT.pdf
2025-11-03,44,tankers,1,FURE WEST,TANKER,17349.0,2006,Shanghai Edward Shipbuilding,11.30,11.3,CHINESE,,carriers_2025_W44_WK-44-25-CARRIERS_SP-MARKET-REPORT.pdf
2025-11-03,44,containers,1,PANAY,CV,24774.0,2023,Huangpu Wenchong,35.50,35.5,CMA CGM,"1,930 TEU",carriers_2025_W44_WK-44-25-CARRIERS_SP-MARKET-REPORT.pdf
2025-11-03,44,containers,1,WARNOW WHALE,CV,18318.0,2007,Zhejiang Ouhua Shipbuilding,13.00,13.0,UNDISCLOSED,"1,296 TEU",carriers_2025_W44_WK-44-25-CARRIERS_SP-MARKET-REPORT.pdf
2025-11-11,45,bulk_carriers,1,SEACON AFRICA,BC,206291.0,2006,Imabari Shbldg - Saijo,22.70,22.7,TIANJIN GLOBAL SHIPPING,,carriers_2025_W45_WK-45-25-CARRIERS_SP-MARKET-REPORT.pdf
2025-11-11,45,bulk_carriers,1,BELGRAVIA,BC,169391.0,2009,Daehan Shipbuilding - Haenam,26.25,26.25,CHINESE,,carriers_2025_W45_WK-45-25-CARRIERS_SP-MARKET-REPORT.pdf
2025-11-11,45,bulk_carriers,1,TAIHAKUSAN,BC,93521.0,2009,Namura Shipbuilding - Imari,12.50,12.5,CHINESE,,carriers_2025_W45_WK-45-25-CARRIERS_SP-MARKET-REPORT.pdf
2025-11-11,45,bulk_carriers,1,NEW ASCENT,BC,82179.0,2012,TSUNEISHI SHBLDG - TDT,19.00,19.0,GREEK,,carriers_2025_W45_WK-45-25-CARRIERS_SP-MARKET-REPORT.pdf
2025-11-11,45,bulk_carriers,1,ZY JUHE,BC,63833.0,2024,Nantong Xiangyu Shipbuilding,33.50,33.5,CHINESE,,carriers_2025_W45_WK-45-25-CARRIERS_SP-MARKET-REPORT.pdf
2025-11-11,45,bulk_carriers,1,ANEMOS,BC,58398.0,2011,SPP SHIPBUILDING - SAC,15.50,15.5,CHINESE,,carriers_2025_W45_WK-45-25-CARRIERS_SP-MARKET-REPORT.pdf
2025-11-11,45,bulk_carriers,1,ETERNITY SW,BC,58098.0,2011,Tsuneishi Heavy Inds Cebu,15.00,15.0,CHINESE,,carriers_2025_W45_WK-45-25-CARRIERS_SP-MARKET-REPORT.pdf
2025-11-11,45,bulk_carriers,1,INCE EGE,BC,57373.0,2010,STX Dalian Shipbuilding Co Ltd,12.75,12.75,UNDISCLOSED,,carriers_2025_W45_WK-45-25-CARRIERS_SP-MARKET-REPORT.pdf
2025-11-11,45,bulk_carriers,1,INCE FORTUNE,BC,57293.0,2010,STX Dalian Shipbuilding Co Ltd,12.75,12.75,UNDISCLOSED,,carriers_2025_W45_WK-45-25-CARRIERS_SP-MARKET-REPORT.pdf
2025-11-11,45,bulk_carriers,1,MANDARIN EAGLE,BC,56876.0,2008,Jiangsu Hantong Ship HI,10.50,10.5,UNDISCLOSED,,carriers_2025_W45_WK-45-25-CARRIERS_SP-MARKET-REPORT.pdf
2025-11-11,45,bulk_carriers,1,AGGELIKI B,BC,56770.0,2011,Jiangsu Hantong Ship HI,13.45,13.45,UNDISCLOSED,SS DUE 6/2026,carriers_2025_W45_WK-45-25-CARRIERS_SP-MARKET-REPORT.pdf
2025-11-11,45,bulk_carriers,1,APJ SHIRIN,BC,56594.0,2012,COSCO Guangdong Shipyard,-,,UNDISCLOSED,,carriers_2025_W45_WK-45-25-CARRIERS_SP-MARKET-REPORT.pdf
2025-11-11,45,bulk_carriers,1,TM HAI HA 988,BC,53505.0,2011,Nam Trieu,9.00,9.0,UNDISCLOSED,LAID-UP,carriers_2025_W45_WK-45-25-CARRIERS_SP-MARKET-REPORT.pdf
2025-11-11,45,bulk_carriers,1,SPRING BREEZE,BC,36258.0,2012,Shikoku Dockyard,13.00,13.0,UNDISCLOSED,,carriers_2025_W45_WK-45-25-CARRIERS_SP-MARKET-REPORT.pdf
2025-11-11,45,bulk_carriers,1,PACIFIC OCEAN,BC,36009.0,2011,Samjin Shipbuilding Industries,10.50,10.5,UNDISCLOSED,,carriers_2025_W45_WK-45-25-CARRIERS_SP-MARKET-REPORT.pdf
2025-11-11,45,bulk_carriers,1,ISOLDA D,BC,34290.0,2011,Zhejiang Jingang Shipbuilding,10.40,10.4,GREEK,,carriers_2025_W45_WK-45-25-CARRIERS_SP-MARKET-REPORT.pdf
2025-11-11,45,bulk_carriers,1,YANGTZE FLOURISH,BC,32503.0,2012,Jiangmen Nanyang Ship Eng,9.80,9.8,UNDISCLOSED,,carriers_2025_W45_WK-45-25-CARRIERS_SP-MARKET-REPORT.pdf
2025-11-11,45,tankers,1,COSGRAND LAKE,TANKER,298997.0,2006,Universal Shbldg - Ariake,35.00,35.0,UNDISCLOSED,SS DUE 2/2026,carriers_2025_W45_WK-45-25-CARRIERS_SP-MARKET-REPORT.pdf
2025-11-11,45,tankers,1,PLATANOS,TANKER,114578.0,2019,Namura Shipbuilding - Imari,66.50,66.5,TANKERSKA PLOVIDBA,,carriers_2025_W45_WK-45-25-CARRIERS_SP-MARKET-REPORT.pdf
2025-11-11,45,tankers,1,AMALIA,TANKER,73869.0,2006,New Century Shipbuilding Co,11.50,11.5,CHINESE,,carriers_2025_W45_WK-45-25-CARRIERS_SP-MARKET-REPORT.pdf
2025-11-11,45,tankers,1,AMFITRION,TANKER,50102.0,2017,SAMSUNG HEAVY INDS NIN,34.25,34.25,UNDISCLOSED,,carriers_2025_W45_WK-45-25-CARRIERS_SP-MARKET-REPORT.pdf
2025-11-11,45,tankers,1,STI BATTERY,TANKER,49990.0,2014,Hyundai Mipo Dockyard Co Ltd,32.00,32.0,TORM,,carriers_2025_W45_WK-45-25-CARRIERS_SP-MARKET-REPORT.pdf
2025-11-11,45,tankers,1,STI MILWAUKEE,TANKER,49990.0,2014,Hyundai Mipo Dockyard Co Ltd,32.00,32.0,TORM,,carriers_2025_W45_WK-45-25-CARRIERS_SP-MARKET-REPORT.pdf
2025-11-11,45,tankers,1,STI VENERE,TANKER,49990.0,2014,Hyundai Mipo Dockyard Co Ltd,32.00,32.0,TORM,,carriers_2025_W45_WK-45-25-CARRIERS_SP-MARKET-REPORT.pdf
2025-11-11,45,tankers,1,STI YORKVILLE,TANKER,49990.0,2014,Hyundai Mipo Dockyard Co Ltd,32.00,32.0,TORM,,carriers_2025_W45_WK-45-25-CARRIERS_SP-MARKET-REPORT.pdf
2025-11-11,45,tankers,1,STENA IMMACULATE,TANKER,49729.0,2017,Guangzhou Shipyard Intl Co,10.00,10.0,UNDISCLOSED,AS IS BASIS,carriers_2025_W45_WK-45-25-CARRIERS_SP-MARKET-REPORT.pdf
2025-11-11,45,tankers,1,BRISTOL TRADER,TANKER,35863.0,2016,Shin Kurushima Onishi,39.00,39.0,EUROPEAN,ST.STEEL,carriers_2025_W45_WK-45-25-CARRIERS_SP-MARKET-REPORT.pdf
2025-11-11,45,tankers,1,GOLDEN RAY,TANKER,19802.0,2012,Kitanihon,23.00,23.0,PV TRANSPORT,,carriers_2025_W45_WK-45-25-CARRIERS_SP-MARKET-REPORT.pdf
2025-11-11,45,tankers,1,KOBE PIONEER,TANKER,3499.0,2016,Dae Sun Shipbuilding & Eng,6.85,6.85,EUROPEAN,ST.STEEL,carriers_2025_W45_WK-45-25-CARRIERS_SP-MARKET-REPORT.pdf
2025-11-11,45,tankers,1,YOKOHAMA PIONEER,TANKER,3499.0,2016,Dae Sun Shipbuilding & Eng,6.85,6.85,EUROPEAN,ST.STEEL,carriers_2025_W45_WK-45-25-CARRIERS_SP-MARKET-REPORT.pdf
2025-11-11,45,containers,1,NEWNEW STAR 2,CV,42121.0,2007,Shanghai Shipyard Co Ltd,26.00,26.0,MSC,"3,534 TEU",carriers_2025_W45_WK-45-25-CARRIERS_SP-MARKET-REPORT.pdf
2025-11-11,45,containers,1,EF ELENA,CV,17350.0,2007,Jiangsu Yangzijiang Shbldg Co,17.00,17.0,UNDISCLOSED,"1,338 TEU",carriers_2025_W45_WK-45-25-CARRIERS_SP-MARKET-REPORT.pdf
2025-11-24,47,bulk_carriers,1,NBA REMBRANDT,BC,107236.0,2012,Oshima Shipbuilding Co Ltd,18.70,18.7,GLOBAL CHARTERING,,carriers_2025_W47_WK-47-25-CARRIERS_SP-MARKET-REPORT.pdf
2025-11-24,47,bulk_carriers,1,XIN TANG SHAN HAI 1,BC,81870.0,2013,COSCO Dalian Shipyard Co Ltd,15.36,15.36,UNDISCLOSED,AUCTION SALE,carriers_2025_W47_WK-47-25-CARRIERS_SP-MARKET-REPORT.pdf
2025-11-24,47,bulk_carriers,1,HAKO,BC,63104.0,2014,Yangzhou Dayang Shipbuilding,21.75,21.75,GERMAN,,carriers_2025_W47_WK-47-25-CARRIERS_SP-MARKET-REPORT.pdf
2025-11-24,47,bulk_carriers,1,GREAT VOYAGE,BC,61088.0,2021,DALIAN COSCO KHI SHIP,30.85,30.85,NIOVIS SHIPPING,AUCTION SALE,carriers_2025_W47_WK-47-25-CARRIERS_SP-MARKET-REPORT.pdf
2025-11-24,47,bulk_carriers,1,VEGA STETIND,BC,55496.0,2008,Oshima Shipbuilding Co Ltd,11.00,11.0,CHINESE,,carriers_2025_W47_WK-47-25-CARRIERS_SP-MARKET-REPORT.pdf
2025-11-24,47,bulk_carriers,1,FEDERAL YELLOWSTONE,BC,37153.0,2013,Yangfan Group Co Ltd,14.50,14.5,UNDISCLOSED,,carriers_2025_W47_WK-47-25-CARRIERS_SP-MARKET-REPORT.pdf
2025-11-24,47,tankers,1,OCEANIC FORTUNE,TANKER,320054.0,2010,Hyundai Heavy Inds - Ulsan,57.00,57.0,CHINESE,,carriers_2025_W47_WK-47-25-CARRIERS_SP-MARKET-REPORT.pdf
2025-11-24,47,tankers,1,ADVANTAGE SUMMER,TANKER,156527.0,2010,Jiangsu Rongsheng,40.40,40.4,GREEK,,carriers_2025_W47_WK-47-25-CARRIERS_SP-MARKET-REPORT.pdf
2025-11-24,47,tankers,1,HAFNIA LIBRA,TANKER,52385.0,2013,Guangzhou Shipyard Intl Co,23.00,23.0,UNDISCLOSED,,carriers_2025_W47_WK-47-25-CARRIERS_SP-MARKET-REPORT.pdf
2025-11-24,47,tankers,1,STAR EAGLE,TANKER,51202.0,2007,STX Shipbuilding - Jinhae,13.00,13.0,UNDISCLOSED,,carriers_2025_W47_WK-47-25-CARRIERS_SP-MARKET-REPORT.pdf
2025-11-24,47,tankers,1,HAFNIA PHOENIX,TANKER,49999.0,2013,Guangzhou Shipyard Intl Co,23.00,23.0,UNDISCLOSED,,carriers_2025_W47_WK-47-25-CARRIERS_SP-MARKET-REPORT.pdf
2025-11-24,47,tankers,1,MTM NORTH SOUND,TANKER,19874.0,2006,Fukuoka Shipbuilding,15.00,15.0,UNDISCLOSED,,carriers_2025_W47_WK-47-25-CARRIERS_SP-MARKET-REPORT.pdf
2025-12-01,48,bulk_carriers,1,PACIFIST,BC,181458.0,2011,Koyo Dockyard Co Ltd,32.00,32.0,UNDISCLOSED,SS/DD DUE,carriers_2025_W48_WK-48-25-CARRIERS_SP-MARKET-REPORT.pdf
2025-12-01,48,bulk_carriers,1,KEY FRONTIER,BC,80679.0,2011,Universal Shbldg - Maizuru,18.50,18.5,GREEK,,carriers_2025_W48_WK-48-25-CARRIERS_SP-MARKET-REPORT.pdf
2025-12-01,48,bulk_carriers,1,ANNY PETRAKIS,BC,75181.0,2008,Hudong-Zhonghua,HIGH 9’S,9.0,FAR EASTERN,,carriers_2025_W48_WK-48-25-CARRIERS_SP-MARKET-REPORT.pdf
2025-12-01,48,bulk_carriers,1,JAL KANAK,BC,65950.0,2025,Jiangsu Yangzi-Mitsui SB,37.40,37.4,PRECIOUS SHIPPING,DELY EX-YARD,carriers_2025_W48_WK-48-25-CARRIERS_SP-MARKET-REPORT.pdf
2025-12-01,48,bulk_carriers,1,JAL KUNDAN,BC,65950.0,2025,Jiangsu Yangzi-Mitsui SB,37.40,37.4,PRECIOUS SHIPPING,DELY EX-YARD,carriers_2025_W48_WK-48-25-CARRIERS_SP-MARKET-REPORT.pdf
2025-12-01,48,bulk_carriers,1,SANTA MARIA,BC,61323.0,2014,Iwagi Zosen Co Ltd,XS 22.00,22.0,EUROPEAN,,carriers_2025_W48_WK-48-25-CARRIERS_SP-MARKET-REPORT.pdf
2025-12-01,48,bulk_carriers,1,INCE KASTAMONU,BC,56925.0,2010,COSCO Zhoushan Shipyard Co,12.90,12.9,CHINESE,,carriers_2025_W48_WK-48-25-CARRIERS_SP-MARKET-REPORT.pdf
2025-12-01,48,bulk_carriers,1,VICTORIOUS,BC,55648.0,2011,Hyundai-Vinashin Shipyard Co,13.70,13.7,UNDISCLOSED,,carriers_2025_W48_WK-48-25-CARRIERS_SP-MARKET-REPORT.pdf
2025-12-01,48,bulk_carriers,1,INTREPID,BC,52346.0,2005,Tsuneishi Heavy Inds Cebu,9.90,9.9,UNDISCLOSED,SS/DD PASSED,carriers_2025_W48_WK-48-25-CARRIERS_SP-MARKET-REPORT.pdf
2025-12-01,48,bulk_carriers,1,WARRIOR,BC,40053.0,2024,Namura Shipbuilding - Imari,33.00,33.0,UNDISCLOSED,,carriers_2025_W48_WK-48-25-CARRIERS_SP-MARKET-REPORT.pdf
2025-12-01,48,bulk_carriers,1,SATURNIA,BC,38947.0,2015,Jiangmen Nanyang Ship Eng,18.00,18.0,PIONEER MARINE,SS/DD PASSED INCL T/C,carriers_2025_W48_WK-48-25-CARRIERS_SP-MARKET-REPORT.pdf
2025-12-01,48,bulk_carriers,1,RADIANT REB,BC,38233.0,2012,Shimanami Shipyard Co Ltd,14.50,14.5,UNDISCLOSED,,carriers_2025_W48_WK-48-25-CARRIERS_SP-MARKET-REPORT.pdf
2025-12-01,48,bulk_carriers,1,SOFIA K,BC,32115.0,2009,Hakodate Dock - Hakodate,11.00,11.0,UNDISCLOSED,LOGGER,carriers_2025_W48_WK-48-25-CARRIERS_SP-MARKET-REPORT.pdf
2025-12-01,48,bulk_carriers,1,SHIMANAMI STAR,BC,28447.0,2006,Shimanami Shipyard Co Ltd,6.00,6.0,CHINESE,,carriers_2025_W48_WK-48-25-CARRIERS_SP-MARKET-REPORT.pdf
2025-12-01,48,tankers,1,ALRAYA,TANKER,300390.0,2005,IHI Marine United - Kure,45.00,45.0,CHINESE,,carriers_2025_W48_WK-48-25-CARRIERS_SP-MARKET-REPORT.pdf
2025-12-01,48,tankers,1,SONANGOL NAMIBE,TANKER,158425.0,2007,Daewoo Shipbuilding & Marine,34.00,34.0,GREEK,,carriers_2025_W48_WK-48-25-CARRIERS_SP-MARKET-REPORT.pdf
2025-12-01,48,tankers,1,LVM WARRIOR,TANKER,49997.0,2015,Hyundai Mipo Dockyard Co Ltd,33.30,33.3,UNDISCLOSED,,carriers_2025_W48_WK-48-25-CARRIERS_SP-MARKET-REPORT.pdf
2025-12-01,48,tankers,1,GLENDA MERYL,TANKER,47251.0,2011,Hyundai Mipo Dockyard Co Ltd,19.50,19.5,UNDISCLOSED,,carriers_2025_W48_WK-48-25-CARRIERS_SP-MARKET-REPORT.pdf
2025-12-01,48,tankers,1,ECO REVOLUTION,TANKER,39208.0,2016,Hyundai-Vinashin Shipyard Co,32.00,32.0,UNDISCLOSED,,carriers_2025_W48_WK-48-25-CARRIERS_SP-MARKET-REPORT.pdf
2025-12-01,48,tankers,1,VS LARA,TANKER,11276.0,2006,RMK Marine Gemi Yapim,6.00,6.0,UNDISCLOSED,,carriers_2025_W48_WK-48-25-CARRIERS_SP-MARKET-REPORT.pdf
2025-12-01,48,tankers,1,GAS TAURUS,VLGC,53765.0,2016,Jiangnan Shipyard Group Co,80.00,80.0,INDONESIAN,,carriers_2025_W48_WK-48-25-CARRIERS_SP-MARKET-REPORT.pdf
2025-12-08,49,bulk_carriers,1,PEACE ARK,BC,93249.0,2010,Jiangsu Newyangzi,13.00,13.0,CHINESE,SS/DD PASSED,carriers_2025_W49_WK-49-25-CARRIERS_SP-MARKET-REPORT.pdf
2025-12-08,49,bulk_carriers,1,INDUS PROSPERITY,BC,92988.0,2011,Taizhou Sanfu Ship,XS 11.00,11.0,MIDDLE EASTERN,SS/DD DUE 4/2026,carriers_2025_W49_WK-49-25-CARRIERS_SP-MARKET-REPORT.pdf
2025-12-08,49,bulk_carriers,1,INDUS FORTUNE,BC,92928.0,2011,Taizhou Sanfu Ship,XS 11.00,11.0,MIDDLE EASTERN,SS/DD DUE 7/2026,carriers_2025_W49_WK-49-25-CARRIERS_SP-MARKET-REPORT.pdf
2025-12-08,49,bulk_carriers,1,CLIA,BC,92968.0,2012,AVIC WEIHAI SHIPYARD,12.75,12.75,CHINESE,SS/DD 4/2027,carriers_2025_W49_WK-49-25-CARRIERS_SP-MARKET-REPORT.pdf
2025-12-08,49,bulk_carriers,1,URSULA MANX,BC,82561.0,2021,Tsuneishi Zhoushan Shbldg,33.85,33.85,BLUMENTHAL,,carriers_2025_W49_WK-49-25-CARRIERS_SP-MARKET-REPORT.pdf
2025-12-08,49,bulk_carriers,1,LILA TOKYO,BC,79387.0,2010,Jiangsu Eastern HI,10.00,10.0,UNDISCLOSED,,carriers_2025_W49_WK-49-25-CARRIERS_SP-MARKET-REPORT.pdf
2025-12-08,49,bulk_carriers,1,IVESTOS 3,BC,74456.0,2007,Hudong-Zhonghua,9.00,9.0,UNDISCLOSED,,carriers_2025_W49_WK-49-25-CARRIERS_SP-MARKET-REPORT.pdf
2025-12-08,49,bulk_carriers,1,JIN BI,BC,56361.0,2012,Jiangsu New Hantong Ship,14.40,14.4,XING LE INVESTMENTS,,carriers_2025_W49_WK-49-25-CARRIERS_SP-MARKET-REPORT.pdf
2025-12-08,49,bulk_carriers,1,GLOBAL PRIME,BC,56013.0,2014,Oshima Shipbuilding Co Ltd,21.20,21.2,UNDISCLOSED,,carriers_2025_W49_WK-49-25-CARRIERS_SP-MARKET-REPORT.pdf
2025-12-08,49,bulk_carriers,1,LEONIDAS,BC,53605.0,2005,Xiamen Shipbuilding Industry,8.50,8.5,CHINESE,,carriers_2025_W49_WK-49-25-CARRIERS_SP-MARKET-REPORT.pdf
2025-12-08,49,bulk_carriers,1,IOANNA D,BC,34816.0,2012,Nanjing Dongze Shipyard,10.50,10.5,UNDISCLOSED,,carriers_2025_W49_WK-49-25-CARRIERS_SP-MARKET-REPORT.pdf
2025-12-08,49,bulk_carriers,1,BAO SHUN,BC,33745.0,2005,Oshima Shipbuilding Co Ltd,8.20,8.2,UNDISCLOSED,,carriers_2025_W49_WK-49-25-CARRIERS_SP-MARKET-REPORT.pdf
2025-12-08,49,tankers,1,TOWADA,TANKER,305801.0,2006,Mitsubishi Nagasaki,46.00,46.0,CHINESE,,carriers_2025_W49_WK-49-25-CARRIERS_SP-MARKET-REPORT.pdf
2025-12-08,49,tankers,1,OLYMPIC FUTURE,TANKER,155039.0,2004,Namura Shipbuilding - Imari,30.00,30.0,UNDISCLOSED,,carriers_2025_W49_WK-49-25-CARRIERS_SP-MARKET-REPORT.pdf
2025-12-08,49,tankers,1,ANGELINA AMORETTI,TANKER,23740.0,2004,Jiangsu Yangzijiang Shbldg Co,6.00,6.0,UNDISCLOSED,,carriers_2025_W49_WK-49-25-CARRIERS_SP-MARKET-REPORT.pdf
2025-12-08,49,containers,1,TIGER,CV,33082.0,2005,Volkswerft Stralsund GmbH,29.00,29.0,UNDISCLOSED,"2,524 TEU",carriers_2025_W49_WK-49-25-CARRIERS_SP-MARKET-REPORT.pdf
2025-12-15,50,bulk_carriers,1,ATLANTIC LION,BC,209205.0,2020,Shanghai Waigaoqiao Shbldg,73.50,73.5,HMM KOREA,,carriers_2025_W50_WK-50-25-CARRIERS_SP-MARKET-REPORT.pdf
2025-12-15,50,bulk_carriers,1,CAPE MERLIN,BC,206312.0,2005,Imabari Shbldg - Saijo,23.50,23.5,CHINESE,,carriers_2025_W50_WK-50-25-CARRIERS_SP-MARKET-REPORT.pdf
2025-12-15,50,bulk_carriers,1,MONTECRISTO,BC,180093.0,2005,Imabari Shbldg - Saijo,20.50,20.5,CHINESE,,carriers_2025_W50_WK-50-25-CARRIERS_SP-MARKET-REPORT.pdf
2025-12-15,50,bulk_carriers,1,DENSA SHARK,BC,179227.0,2012,Hyundai Heavy Inds - Gunsan,32.50,32.5,CHINESE,,carriers_2025_W50_WK-50-25-CARRIERS_SP-MARKET-REPORT.pdf
2025-12-15,50,bulk_carriers,1,ANTONIS,BC,177855.0,2007,Shanghai Waigaoqiao Shbldg,LOW 20’s,20.0,NAVITAS,,carriers_2025_W50_WK-50-25-CARRIERS_SP-MARKET-REPORT.pdf
2025-12-15,50,bulk_carriers,1,DREAM POWER,BC,107392.0,2011,Oshima Shipbuilding Co Ltd,17.25,17.25,UNDISCLOSED,SS DUE 4/2026,carriers_2025_W50_WK-50-25-CARRIERS_SP-MARKET-REPORT.pdf
2025-12-15,50,bulk_carriers,1,MIAO XIANG,BC,81983.0,2013,Jiangsu Eastern HI,16.00,16.0,UNDISCLOSED,,carriers_2025_W50_WK-50-25-CARRIERS_SP-MARKET-REPORT.pdf
2025-12-15,50,bulk_carriers,1,THERESA HAINAN,BC,81635.0,2013,Sainty Shipbuilding Yangzhou,16.80,16.8,UNDISCLOSED,,carriers_2025_W50_WK-50-25-CARRIERS_SP-MARKET-REPORT.pdf
2025-12-15,50,bulk_carriers,1,BASEL STAR,BC,78821.0,2009,Sanoyas Hishino Meisho Corp,13.50,13.5,UNDISCLOSED,,carriers_2025_W50_WK-50-25-CARRIERS_SP-MARKET-REPORT.pdf
2025-12-15,50,bulk_carriers,1,SINOKOR SUNRISE,BC,77731.0,2011,Jiangsu Eastern HI,12.50,12.5,GREEK,,carriers_2025_W50_WK-50-25-CARRIERS_SP-MARKET-REPORT.pdf
2025-12-15,50,bulk_carriers,1,SFERA,BC,76801.0,2006,Sasebo Heavy Industries,8.75,8.75,CHINESE,,carriers_2025_W50_WK-50-25-CARRIERS_SP-MARKET-REPORT.pdf
2025-12-15,50,bulk_carriers,1,ASSOS,BC,76529.0,2009,Shin Kasado Dockyard Co Ltd,14.00,14.0,UNDISCLOSED,,carriers_2025_W50_WK-50-25-CARRIERS_SP-MARKET-REPORT.pdf
2025-12-15,50,bulk_carriers,1,STAR EMILY,BC,76417.0,2004,Tsuneishi Corp - Tadotsu,8.50,8.5,CHINESE,,carriers_2025_W50_WK-50-25-CARRIERS_SP-MARKET-REPORT.pdf
2025-12-15,50,bulk_carriers,1,ABRAM SCHULTE,BC,61380.0,2012,Iwagi Zosen Co Ltd,19.00,19.0,UNDISCLOSED,,carriers_2025_W50_WK-50-25-CARRIERS_SP-MARKET-REPORT.pdf
2025-12-15,50,bulk_carriers,1,IVS WINDSOR,BC,60279.0,2016,Oshima Shipbuilding Co Ltd,25.50,25.5,OCEANSTAR,,carriers_2025_W50_WK-50-25-CARRIERS_SP-MARKET-REPORT.pdf
2025-12-15,50,bulk_carriers,1,CAPTAIN KARAM,BC,56018.0,2006,Mitsui Tamano,11.25,11.25,UNDISCLOSED,,carriers_2025_W50_WK-50-25-CARRIERS_SP-MARKET-REPORT.pdf
2025-12-15,50,bulk_carriers,1,WARIYA NAREE,BC,53833.0,2011,Hindustan,9.85,9.85,UNDISCLOSED,,carriers_2025_W50_WK-50-25-CARRIERS_SP-MARKET-REPORT.pdf
2025-12-15,50,bulk_carriers,1,APHRODITE M,BC,34399.0,2011,SPP Shipbuilding - Tongyeong,12.50,12.5,UNDISCLOSED,,carriers_2025_W50_WK-50-25-CARRIERS_SP-MARKET-REPORT.pdf
2025-12-15,50,tankers,1,LOS ANGELES SPIRIT,TANKER,159233.0,2007,Hyundai Samho HI,35.00,35.0,UNDISCLOSED,,carriers_2025_W50_WK-50-25-CARRIERS_SP-MARKET-REPORT.pdf
2025-12-15,50,tankers,1,TORM MAREN,TANKER,109672.0,2008,Dalian Shipbuilding Ind - No 2,29.00,29.0,UNDISCLOSED,,carriers_2025_W50_WK-50-25-CARRIERS_SP-MARKET-REPORT.pdf
2025-12-15,50,tankers,1,LIANA,TANKER,106138.0,2003,Tsuneishi Corp - Tadotsu,20.00,20.0,UNDISCLOSED,,carriers_2025_W50_WK-50-25-CARRIERS_SP-MARKET-REPORT.pdf
2025-12-15,50,tankers,1,KOUROS,TANKER,49999.0,2008,STX Shipbuilding - Jinhae,16.50,16.5,UNDISCLOSED,,carriers_2025_W50_WK-50-25-CARRIERS_SP-MARKET-REPORT.pdf
2025-12-15,50,tankers,1,SEAWAYS OLIVE,TANKER,49999.0,2008,Hyundai Mipo Dockyard Co Ltd,16.00,16.0,UNDISCLOSED,,carriers_2025_W50_WK-50-25-CARRIERS_SP-MARKET-REPORT.pdf
2025-12-15,50,tankers,1,SEAWAYS STAR,TANKER,49999.0,2008,Hyundai Mipo Dockyard Co Ltd,16.00,16.0,UNDISCLOSED,,carriers_2025_W50_WK-50-25-CARRIERS_SP-MARKET-REPORT.pdf
2025-12-15,50,tankers,1,SEA ADORE,TANKER,47803.0,2004,Hyundai Mipo Dockyard Co Ltd,10.50,10.5,INDIAN,,carriers_2025_W50_WK-50-25-CARRIERS_SP-MARKET-REPORT.pdf
2025-12-15,50,tankers,1,GRAND ACE9,TANKER,46195.0,2008,STX Shipbuilding - Jinhae,MID 15’s,15.0,UNDISCLOSED,,carriers_2025_W50_WK-50-25-CARRIERS_SP-MARKET-REPORT.pdf
2025-12-22,51,bulk_carriers,1,EUROPE,BC,179448.0,2010,Daewoo Shipbuilding & Marine,30.90,30.9,CHINESE,SS/DD PASSED,carriers_2025_W51_WK-51-25-CARRIERS_SP-MARKET-REPORT.pdf
2025-12-22,51,bulk_carriers,1,CAPE PUFFIN,BC,177814.0,2007,Shanghai Waigaoqiao Shbldg,-,,UNDISCLOSED,,carriers_2025_W51_WK-51-25-CARRIERS_SP-MARKET-REPORT.pdf
2025-12-22,51,bulk_carriers,1,HL SAMARINDA,BC,114536.0,2011,New Century Shipbuilding Co,17.80,17.8,KOREAN,,carriers_2025_W51_WK-51-25-CARRIERS_SP-MARKET-REPORT.pdf
2025-12-22,51,bulk_carriers,1,OCEAN VENUS,BC,93114.0,2010,Jiangsu Jinling Ships Co Ltd,11.00,11.0,UNDISCLOSED,SS/DD DUE,carriers_2025_W51_WK-51-25-CARRIERS_SP-MARKET-REPORT.pdf
2025-12-22,51,bulk_carriers,1,THE GIVER,BC,75726.0,2006,Sanoyas Hishino Meisho Corp,11.20,11.2,CHINESE,,carriers_2025_W51_WK-51-25-CARRIERS_SP-MARKET-REPORT.pdf
2025-12-22,51,bulk_carriers,1,SEPETIBA BAY,BC,35036.0,2012,Samjin Shipbuilding Industries,LOW 11,11.0,UNDISCLOSED,,carriers_2025_W51_WK-51-25-CARRIERS_SP-MARKET-REPORT.pdf
2025-12-22,51,bulk_carriers,1,BC VANESSA,BC,31755.0,2010,Saiki Heavy Industries Co Ltd,12.50,12.5,TURKISH,,carriers_2025_W51_WK-51-25-CARRIERS_SP-MARKET-REPORT.pdf
2025-12-22,51,tankers,1,SFL OTTAWA,TANKER,159500.0,2015,Bohai Shipbuilding Heavy Ind,57.00,57.0,UNDISCLOSED,,carriers_2025_W51_WK-51-25-CARRIERS_SP-MARKET-REPORT.pdf
2025-12-22,51,tankers,1,SFL THELON,TANKER,159500.0,2015,Bohai Shipbuilding Heavy Ind,57.00,57.0,UNDISCLOSED,,carriers_2025_W51_WK-51-25-CARRIERS_SP-MARKET-REPORT.pdf
2025-12-22,51,tankers,1,STI GALLANTRY,TANKER,109999.0,2016,Guangzhou Shipyard Intl Co,52.30,52.3,UNDISCLOSED,,carriers_2025_W51_WK-51-25-CARRIERS_SP-MARKET-REPORT.pdf
2025-12-22,51,tankers,1,STI GOAL,TANKER,109999.0,2016,Guangzhou Shipyard Intl Co,52.30,52.3,UNDISCLOSED,,carriers_2025_W51_WK-51-25-CARRIERS_SP-MARKET-REPORT.pdf
2025-12-22,51,tankers,1,NORD SUPERIOR,TANKER,49573.0,2015,STX OFFSHORE & SHBLDG,33.75,33.75,UNDISCLOSED,,carriers_2025_W51_WK-51-25-CARRIERS_SP-MARKET-REPORT.pdf
2025-12-22,51,tankers,1,OM SINGAPORE,TANKER,29015.0,2007,Guangzhou Shipyard Intl Co,13.75,13.75,CHINESE,,carriers_2025_W51_WK-51-25-CARRIERS_SP-MARKET-REPORT.pdf
2025-12-22,51,tankers,1,OM SHANGHAI,TANKER,19999.0,2007,Fukuoka Shipbuilding,15.00,15.0,CHINESE,,carriers_2025_W51_WK-51-25-CARRIERS_SP-MARKET-REPORT.pdf
2025-12-22,51,tankers,1,GINGA KITE,TANKER,19997.0,2001,Shin Kurushima Akitsu,6.90,6.9,UNDISCLOSED,,carriers_2025_W51_WK-51-25-CARRIERS_SP-MARKET-REPORT.pdf
2025-12-22,51,containers,1,NEVZAT KALKAVAN,CV,26811.0,2011,Sedef Tuzla,17.00,17.0,MSC,"1,849 TEU",carriers_2025_W51_WK-51-25-CARRIERS_SP-MARKET-REPORT.pdf
2026-09-15,37,bulk_carriers,1,OSAKA STAR,BC,84947.0,2016,Sasebo Heavy Industries,"34,000,000",34.0,UNDISCLOSED,,15_09_2026_carriers_sales_purchase_market_report_week_37 (1).pdf
2026-09-15,37,bulk_carriers,1,BW JAPAN,BC,81609.0,2019,Tsuneishi Heavy Inds Cebu,"38,250,000",38.25,GREAT EASTERN,,15_09_2026_carriers_sales_purchase_market_report_week_37 (1).pdf
2026-09-15,37,bulk_carriers,1,DAEBO GLADSTONE,BC,81399.0,2013,Hyundai Samho HI,"21,000,000",21.0,UNDISCLOSED,,15_09_2026_carriers_sales_purchase_market_report_week_37 (1).pdf
2026-09-15,37,bulk_carriers,1,SEA ORION,BC,76602.0,2005,Imabari Shbldg - Marugame,"11,500,000",11.5,UNDISCLOSED,,15_09_2026_carriers_sales_purchase_market_report_week_37 (1).pdf
2026-09-15,37,bulk_carriers,1,MELIA,BC,76225.0,2005,Tsuneishi Corp - Tadotsu,"11,500,000",11.5,UNDISCLOSED,,15_09_2026_carriers_sales_purchase_market_report_week_37 (1).pdf
2026-09-15,37,bulk_carriers,1,AE JUPITER,BC,74475.0,2007,Hudong-Zhonghua,"11,500,000",11.5,CHINESE,,15_09_2026_carriers_sales_purchase_market_report_week_37 (1).pdf
2026-09-15,37,bulk_carriers,1,DOLPHIN 76,BC,74133.0,2002,Namura Shipbuilding - Imari,"7,800,000",7.8,UNDISCLOSED,,15_09_2026_carriers_sales_purchase_market_report_week_37 (1).pdf
2026-09-15,37,bulk_carriers,1,OCEAN GLORY,BC,48437.0,2001,Sanoyas Hishino Meisho Corp,"5,800,000",5.8,UNDISCLOSED,,15_09_2026_carriers_sales_purchase_market_report_week_37 (1).pdf
2026-09-15,37,bulk_carriers,1,BOSTON HARMONY,BC,38561.0,2015,Shin Kurushima Toyohashi,"23,000,000",23.0,UNDISCLOSED,,15_09_2026_carriers_sales_purchase_market_report_week_37 (1).pdf
2026-09-15,37,bulk_carriers,1,CRIMSON WYOMING,BC,33117.0,2015,Kanda Kawajiri,"18,000,000",18.0,GREEK,,15_09_2026_carriers_sales_purchase_market_report_week_37 (1).pdf
2026-09-15,37,tankers,1,NISSOS HERACLEA,TANKER,313525.0,2009,Hyundai Heavy Inds - Ulsan,"112,000,000",112.0,MIDDLE EASTERN,,15_09_2026_carriers_sales_purchase_market_report_week_37 (1).pdf
2026-09-15,37,tankers,1,PINIOS,TANKER,299999.0,2026,Hengli Shipbuilding Dalian,"200,000,000",200.0,UNDISCLOSED,,15_09_2026_carriers_sales_purchase_market_report_week_37 (1).pdf
2026-09-15,37,containers,1,NEWNEW PANDA 1,CV,53697.0,2007,Hyundai Mipo,"43,000,000",43.0,UNDISCLOSED,"4,363 TEU",15_09_2026_carriers_sales_purchase_market_report_week_37 (1).pdf
2026-09-01,35,bulk_carriers,1,NAVIOS POLLUX,BC,180727.0,2009,STX OFFSHORE & SHBLDG,"30,750,000",30.75,UNDISCLOSED,,15_09_2026_carriers_sales_purchase_market_report_week_37 (2).pdf
2026-09-01,35,bulk_carriers,1,KIYO,BC,92353.0,2012,Namura Shipbuilding - Imari,"19,300,000",19.3,UNDISCLOSED,,15_09_2026_carriers_sales_purchase_market_report_week_37 (2).pdf
2026-09-01,35,bulk_carriers,1,HARVEST,BC,58779.0,2008,Tsuneishi Zhoushan Shbldg,"13,800,000",13.8,UNDISCLOSED,,15_09_2026_carriers_sales_purchase_market_report_week_37 (2).pdf
2026-09-01,35,bulk_carriers,1,KANCHANA NAREE,BC,56920.0,2011,Taizhou Sanfu Ship,"14,600,000",14.6,CHINESE,,15_09_2026_carriers_sales_purchase_market_report_week_37 (2).pdf
2026-09-01,35,bulk_carriers,1,FLC HAPPINESS,BC,56799.0,2009,Taizhou Kouan Shipbuilding,"12,900,000",12.9,CHINESE,,15_09_2026_carriers_sales_purchase_market_report_week_37 (2).pdf
2026-09-01,35,bulk_carriers,1,MARIANNA,BC,55753.0,2010,IHI Marine United -,"17,000,000",17.0,UNDISCLOSED,,15_09_2026_carriers_sales_purchase_market_report_week_37 (2).pdf
2026-09-01,35,bulk_carriers,1,DEVBULK SINEM,BC,38009.0,2013,Pha Rung,"14,800,000",14.8,UNDISCLOSED,,15_09_2026_carriers_sales_purchase_market_report_week_37 (2).pdf
2026-09-01,35,bulk_carriers,1,CHINA SPIRIT,BC,35097.0,2013,Nanjing Dongze Shipyard Co,"13,000,000",13.0,UNDISCLOSED,,15_09_2026_carriers_sales_purchase_market_report_week_37 (2).pdf
2026-09-01,35,tankers,1,PRINCESS NATALIE,TANKER,320261.0,2011,Daewoo Shipbuilding,"97,000,000",97.0,SINGAPORE,,15_09_2026_carriers_sales_purchase_market_report_week_37 (2).pdf
2026-09-01,35,tankers,1,CAPE BENAT,TANKER,156642.0,2010,Jiangsu Rongsheng,"62,500,000",62.5,UAE,,15_09_2026_carriers_sales_purchase_market_report_week_37 (2).pdf
2026-09-01,35,tankers,1,SUEZ ICE SUPREME,TANKER,146356.0,2007,Universal Shbldg - Tsu,"57,000,000",57.0,UAE,ICE CLASS,15_09_2026_carriers_sales_purchase_market_report_week_37 (2).pdf
2026-09-01,35,tankers,1,MINERVA XANTHE,TANKER,50922.0,2006,STX Shipbuilding - Jinhae,"16,000,000",16.0,CHINESE,,15_09_2026_carriers_sales_purchase_market_report_week_37 (2).pdf
2026-09-01,35,tankers,1,LUCTOR,TANKER,50383.0,2011,Onomichi Dockyard Co Ltd,"26,000,000",26.0,UNDISCLOSED,INCL BBB,15_09_2026_carriers_sales_purchase_market_report_week_37 (2).pdf
2026-09-01,35,tankers,1,TURMOIL,TANKER,49997.0,2011,Onomichi Dockyard Co Ltd,"26,000,000",26.0,UNDISCLOSED,INCL BBB,15_09_2026_carriers_sales_purchase_market_report_week_37 (2).pdf
2026-09-01,35,tankers,1,XING TONG 799,TANKER,49962.0,2011,Onomichi Dockyard Co Ltd,"27,200,000",27.2,INDONESIAN,,15_09_2026_carriers_sales_purchase_market_report_week_37 (2).pdf
2026-09-01,35,tankers,1,PM REGENT,TANKER,49874.0,2018,JAPAN MARINE UTD - MAI,"45,500,000",45.5,UNDISCLOSED,,15_09_2026_carriers_sales_purchase_market_report_week_37 (2).pdf
2026-09-01,35,tankers,1,RUI FU SHENG,TANKER,46846.0,2007,Sungdong Shipbuilding & Eng,"19,000,000",19.0,UNDISCLOSED,,15_09_2026_carriers_sales_purchase_market_report_week_37 (2).pdf
2026-09-01,35,tankers,1,TANGGUH BATUR,LNG,84980.0,2008,Daewoo Shipbuilding,"30,000,000",30.0,UNDISCLOSED,,15_09_2026_carriers_sales_purchase_market_report_week_37 (2).pdf
2026-09-01,35,tankers,1,ARCTIC VOYAGER,LNG,75485.0,2006,Kawasaki Shipbuilding,"28,000,000",28.0,TURKISH,,15_09_2026_carriers_sales_purchase_market_report_week_37 (2).pdf
2026-09-01,35,tankers,1,BW BIRCH,LPG,58123.0,2007,Hyundai Heavy Inds - Ulsan,"64,000,000",64.0,UNDISCLOSED,,15_09_2026_carriers_sales_purchase_market_report_week_37 (2).pdf
2026-09-01,35,containers,1,WES SINA,CV,12829.0,2007,Dae Sun Shipbuilding & Eng,"12,500,000",12.5,CHINESE,"1,049 TEU",15_09_2026_carriers_sales_purchase_market_report_week_37 (2).pdf
2026-01-05,1,bulk_carriers,1,SEACON SHANGHAI,BC,80811.0,2019,Huangpu Wenchong Longxue,26.70,26.7,DEXTER NAVIGATION,,carriers_2026_W01_WK-1-26-CARRIERS_SP-MARKET-REPORT.pdf
2026-01-05,1,tankers,1,DHT EUROPE,TANKER,317713.0,2007,Hyundai Samho HI,101.60 EN BLOC,101.6,UNDISCLOSED,,carriers_2026_W01_WK-1-26-CARRIERS_SP-MARKET-REPORT.pdf
2026-01-05,1,tankers,1,DHT CHINA,TANKER,317794.0,2007,Hyundai Samho HI,101.60 EN BLOC,101.6,UNDISCLOSED,INCL T/C TO,carriers_2026_W01_WK-1-26-CARRIERS_SP-MARKET-REPORT.pdf
2026-01-05,1,tankers,1,NAVIGARE GENEROSA,VLGC,54564.0,2015,Hyundai Heavy Inds - Gunsan,80.00,80.0,GESCO,EXXON @ USD 1.1 MIL PER MONTH UNTIL,carriers_2026_W01_WK-1-26-CARRIERS_SP-MARKET-REPORT.pdf
2026-01-05,1,tankers,1,JAG VISHNU,VLGC,49996.0,2002,Kawasaki Shipbuilding -,42.00,42.0,UNDISCLOSED,02/2027,carriers_2026_W01_WK-1-26-CARRIERS_SP-MARKET-REPORT.pdf
2026-01-12,2,bulk_carriers,1,NORD PALLADIUM,BC,209523.0,2021,Shanghai Waigaoqiao Shbldg,76.25,76.25,CHINESE,SCRUBBER FITTED,carriers_2026_W02_WK-2-26-CARRIERS_SP-MARKET-REPORT.pdf
2026-01-12,2,bulk_carriers,1,DREAM POWER,BC,107392.0,2011,Oshima Shipbuilding Co Ltd,20.00,20.0,UNDISCLOSED,BBHP DEAL,carriers_2026_W02_WK-2-26-CARRIERS_SP-MARKET-REPORT.pdf
2026-01-12,2,bulk_carriers,1,BW MATSUYAMA,BC,81810.0,2019,Tsuneishi Heavy Inds Cebu,30.50,30.5,GREEK,,carriers_2026_W02_WK-2-26-CARRIERS_SP-MARKET-REPORT.pdf
2026-01-12,2,bulk_carriers,1,CENTURY SHANGHAI,BC,81738.0,2018,Chengxi Shipyard Jiangyin,25.02,25.02,UNDISCLOSED,AUCTION SALE,carriers_2026_W02_WK-2-26-CARRIERS_SP-MARKET-REPORT.pdf
2026-01-12,2,bulk_carriers,1,MINOAN FLAME,BC,73937.0,1998,Tsuneishi Shbldg - Fkym - earl,4.50,4.5,UNDISCLOSED,,carriers_2026_W02_WK-2-26-CARRIERS_SP-MARKET-REPORT.pdf
2026-01-12,2,bulk_carriers,1,OCEAN JASMIN,BC,63465.0,2019,COSCO Shipping HI Zhoushan,28.50,28.5,CHINESE,INCL T/C,carriers_2026_W02_WK-2-26-CARRIERS_SP-MARKET-REPORT.pdf
2026-01-12,2,bulk_carriers,1,STARRY NIGHT,BC,61222.0,2022,Nantong COSCO KHI Ship Eng,32.50,32.5,GREEK,BASIS DELY MARCH/APRIL,carriers_2026_W02_WK-2-26-CARRIERS_SP-MARKET-REPORT.pdf
2026-01-12,2,bulk_carriers,1,DESERT GLORY,BC,57412.0,2011,Hyundai Mipo Dockyard Co Ltd,HIGH 14.00,14.0,EUROPEAN,SS/DD DUE,carriers_2026_W02_WK-2-26-CARRIERS_SP-MARKET-REPORT.pdf
2026-01-12,2,bulk_carriers,1,FETHIYE-M,BC,37955.0,2011,SPP Shipbuilding - Tongyeong,13.00,13.0,GREEK,,carriers_2026_W02_WK-2-26-CARRIERS_SP-MARKET-REPORT.pdf
2026-01-12,2,tankers,1,DORIC PIONEER,TANKER,51565.0,2013,Hyundai Mipo Dockyard Co Ltd,29.55,29.55,GESCO,,carriers_2026_W02_WK-2-26-CARRIERS_SP-MARKET-REPORT.pdf
2026-01-12,2,tankers,1,MARITIME TRANQUILITY,TANKER,49999.0,2020,Guangzhou Shipyard Intl Co,39.00,39.0,GREEK,ZINC COATED,carriers_2026_W02_WK-2-26-CARRIERS_SP-MARKET-REPORT.pdf
2026-01-12,2,tankers,1,MARITIME COMITY,TANKER,49997.0,2020,Guangzhou Shipyard Intl Co,39.00,39.0,GREEK,ZINC COATED,carriers_2026_W02_WK-2-26-CARRIERS_SP-MARKET-REPORT.pdf
2026-01-12,2,tankers,1,OM SINGAPORE,TANKER,29015.0,2007,Guangzhou Shipyard Intl Co,13.75,13.75,CHINESE,,carriers_2026_W02_WK-2-26-CARRIERS_SP-MARKET-REPORT.pdf
2026-01-12,2,tankers,1,OM SHANGHAI,TANKER,19999.0,2007,Fukuoka Shipbuilding,15.00,15.0,CHINESE,,carriers_2026_W02_WK-2-26-CARRIERS_SP-MARKET-REPORT.pdf
2026-01-12,2,containers,1,RIO KOBE,CV,41996.0,2009,Shanghai Shipyard Co Ltd,29.00,29.0,GRETA SHIPPING,"3,534 TEU",carriers_2026_W02_WK-2-26-CARRIERS_SP-MARKET-REPORT.pdf
2026-01-12,2,containers,1,CONTSHIP ONO,CV,13803.0,2007,Jinling Shipyard,34.00 EN BLOC,34.0,MEDCON LINES,"1,080 TEU",carriers_2026_W02_WK-2-26-CARRIERS_SP-MARKET-REPORT.pdf
2026-01-12,2,containers,1,CONTSHIP RAY,CV,13760.0,2008,Jinling Shipyard,34.00 EN BLOC,34.0,MEDCON LINES,"1,118 TEU",carriers_2026_W02_WK-2-26-CARRIERS_SP-MARKET-REPORT.pdf
2026-01-12,2,containers,1,CONTSHIP VIE,CV,13699.0,2007,Yangzhou Dayang Shipbuilding,34.00 EN BLOC,34.0,MEDCON LINES,"1,118 TEU",carriers_2026_W02_WK-2-26-CARRIERS_SP-MARKET-REPORT.pdf
2026-01-19,3,bulk_carriers,1,BERGE MOLDOVEANU,BC,207996.0,2020,Bohai Shipbuilding Heavy Ind,75.00,75.0,KOREAN,,carriers_2026_W03_WK-3-26-CARRIERS_SP-MARKET-REPORT.pdf
2026-01-19,3,bulk_carriers,1,KM OSAKA,BC,180652.0,2012,Koyo Dockyard Co Ltd,34.80,34.8,CHINESE,,carriers_2026_W03_WK-3-26-CARRIERS_SP-MARKET-REPORT.pdf
2026-01-19,3,bulk_carriers,1,MIRACLE,BC,180643.0,2011,Tsuneishi Heavy Inds Cebu,32.00,32.0,CHINESE,,carriers_2026_W03_WK-3-26-CARRIERS_SP-MARKET-REPORT.pdf
2026-01-19,3,bulk_carriers,1,GOLDEN MYRTALIA,BC,177979.0,2011,Shanghai Waigaoqiao Shbldg,27.50,27.5,UNDISCLOSED,,carriers_2026_W03_WK-3-26-CARRIERS_SP-MARKET-REPORT.pdf
2026-01-19,3,bulk_carriers,1,FRONTIER KOTOBUKI,BC,174810.0,2011,Namura Shipbuilding - Imari,31.40,31.4,EUROPEAN,,carriers_2026_W03_WK-3-26-CARRIERS_SP-MARKET-REPORT.pdf
2026-01-19,3,bulk_carriers,1,MIAO XIANG,BC,81983.0,2013,Jiangsu Eastern HI,HIGH 16.00,16.0,UNDISCLOSED,,carriers_2026_W03_WK-3-26-CARRIERS_SP-MARKET-REPORT.pdf
2026-01-19,3,bulk_carriers,1,SYROS TRADER,BC,53408.0,2008,Zhejiang Shbldg - Ningbo,9.00,9.0,CHINESE,,carriers_2026_W03_WK-3-26-CARRIERS_SP-MARKET-REPORT.pdf
2026-01-19,3,bulk_carriers,1,JIANG YUAN NAN JING,BC,49326.0,2003,Nantong COSCO KHI Ship Eng,7.58,7.58,CHINESE,AUCTION SALE,carriers_2026_W03_WK-3-26-CARRIERS_SP-MARKET-REPORT.pdf
2026-01-19,3,bulk_carriers,1,ZIMRIDA,BC,37296.0,2008,Saiki Heavy Industries Co Ltd,11.30,11.3,UNDISCLOSED,,carriers_2026_W03_WK-3-26-CARRIERS_SP-MARKET-REPORT.pdf
2026-01-19,3,bulk_carriers,1,TBC PRAISE,BC,36699.0,2012,Hyundai Mipo Dockyard Co Ltd,14.40,14.4,UNDISCLOSED,,carriers_2026_W03_WK-3-26-CARRIERS_SP-MARKET-REPORT.pdf
2026-01-19,3,bulk_carriers,1,BULKER BEE 30,BC,34904.0,2010,TK Shipbuilding Co Ltd,11.40,11.4,UNDISCLOSED,,carriers_2026_W03_WK-3-26-CARRIERS_SP-MARKET-REPORT.pdf
2026-01-19,3,tankers,1,CAPE ASPRO,TANKER,301583.0,2010,IHI Marine United - Kure,68.00,68.0,SINOKOR,,carriers_2026_W03_WK-3-26-CARRIERS_SP-MARKET-REPORT.pdf
2026-01-19,3,tankers,1,HUNTER,TANKER,299940.0,2021,Hyundai Samho Heavy Industries,125.00,125.0,TRAFIGURA,,carriers_2026_W03_WK-3-26-CARRIERS_SP-MARKET-REPORT.pdf
2026-01-19,3,tankers,1,SERENDIPITY,TANKER,299936.0,2021,Hyundai Samho Heavy Industries,125.00,125.0,TRAFIGURA,,carriers_2026_W03_WK-3-26-CARRIERS_SP-MARKET-REPORT.pdf
2026-01-19,3,tankers,1,STI KINGSWAY,TANKER,109999.0,2015,Sungdong Shipbuilding & Eng,57.50,57.5,UNDISCLOSED,FWD DELY,carriers_2026_W03_WK-3-26-CARRIERS_SP-MARKET-REPORT.pdf
2026-01-19,3,tankers,1,HAMBURG STAR,TANKER,73869.0,2005,New Century Shipbuilding Co,LOW 10.00,10.0,UNDISCLOSED,SS/DD DUE,carriers_2026_W03_WK-3-26-CARRIERS_SP-MARKET-REPORT.pdf
2026-01-19,3,tankers,1,PLOUTOS,TANKER,73711.0,2006,New Century Shipbuilding Co,13.50,13.5,MIDDLE EASTERN,,carriers_2026_W03_WK-3-26-CARRIERS_SP-MARKET-REPORT.pdf
2026-01-19,3,tankers,1,ST. ANDREW I,TANKER,50338.0,2007,SLS Shipbuilding Co Ltd,15.30,15.3,UNDISCLOSED,,carriers_2026_W03_WK-3-26-CARRIERS_SP-MARKET-REPORT.pdf
2026-01-19,3,tankers,1,PIGEON POINT,TANKER,48356.0,2005,Minaminippon Shbldg,13.00,13.0,UNDISCLOSED,ZINC COATED,carriers_2026_W03_WK-3-26-CARRIERS_SP-MARKET-REPORT.pdf
2026-01-19,3,tankers,1,ELLIE M II,TANKER,46784.0,2007,Hyundai Mipo Dockyard Co Ltd,14.50,14.5,UNDISCLOSED,,carriers_2026_W03_WK-3-26-CARRIERS_SP-MARKET-REPORT.pdf
2026-01-19,3,tankers,1,MARIA M,TANKER,40057.0,2006,SLS Shipbuilding Co Ltd,10.00,10.0,UNDISCLOSED,,carriers_2026_W03_WK-3-26-CARRIERS_SP-MARKET-REPORT.pdf
2026-01-19,3,tankers,1,T VEGA,TANKER,19807.0,2006,Kitanihon,14.00,14.0,CHINESE,,carriers_2026_W03_WK-3-26-CARRIERS_SP-MARKET-REPORT.pdf
2026-01-19,3,tankers,1,SAMC SWAN,TANKER,8708.0,2019,NANTONG TONGBAO SHIPBU,17.50,17.5,EUROPEAN,,carriers_2026_W03_WK-3-26-CARRIERS_SP-MARKET-REPORT.pdf
2026-01-19,3,containers,1,VICTORIA L,CV,17666.0,2009,Shandong Weihai Shipyard,18.00,18.0,MSC,"1,368 TEU",carriers_2026_W03_WK-3-26-CARRIERS_SP-MARKET-REPORT.pdf
2026-01-26,4,bulk_carriers,1,YANGZE 903,BC,93243.0,2012,Jiangsu Newyangzi Shipbuilding,12.70,12.7,UNDISCLOSED,,carriers_2026_W04_WK-4-26-CARRIERS_SP-MARKET-REPORT.pdf
2026-01-26,4,bulk_carriers,1,FJELD SVEA,BC,81510.0,2013,SPP Shipbuilding - Tongyeong,20.00,20.0,UNDISCLOSED,,carriers_2026_W04_WK-4-26-CARRIERS_SP-MARKET-REPORT.pdf
2026-01-26,4,bulk_carriers,1,FJELD FREIA,BC,80333.0,2011,STX OFFSHORE & SHBLDG,16.00,16.0,UNDISCLOSED,,carriers_2026_W04_WK-4-26-CARRIERS_SP-MARKET-REPORT.pdf
2026-01-26,4,bulk_carriers,1,GLOBAL BONANZA,BC,74916.0,2011,Sasebo Heavy Industries,15.30,15.3,UNDISCLOSED,SS/DD DUE,carriers_2026_W04_WK-4-26-CARRIERS_SP-MARKET-REPORT.pdf
2026-01-26,4,bulk_carriers,1,KT BIRDIE,BC,74886.0,2011,Sasebo Heavy Industries,16.50,16.5,GREEK,,carriers_2026_W04_WK-4-26-CARRIERS_SP-MARKET-REPORT.pdf
2026-01-26,4,bulk_carriers,1,MITSOS,BC,63526.0,2013,Chengxi Shipyard Jiangyin,20.50,20.5,GREEK,,carriers_2026_W04_WK-4-26-CARRIERS_SP-MARKET-REPORT.pdf
2026-01-26,4,bulk_carriers,1,THE LOVING,BC,58701.0,2007,Tsuneishi Heavy Inds Cebu,HIGH 11’S,11.0,UNDISCLOSED,,carriers_2026_W04_WK-4-26-CARRIERS_SP-MARKET-REPORT.pdf
2026-01-26,4,bulk_carriers,1,INDIGO SPICA,BC,58052.0,2014,Shin Kurushima Toyohashi,20.50,20.5,UNDISCLOSED,,carriers_2026_W04_WK-4-26-CARRIERS_SP-MARKET-REPORT.pdf
2026-01-26,4,bulk_carriers,1,SOUTH SPIRIT,BC,29482.0,1998,Shin Kurushima Onishi,4.50,4.5,LEBANESE,,carriers_2026_W04_WK-4-26-CARRIERS_SP-MARKET-REPORT.pdf
2026-01-26,4,tankers,1,SPHERICAL,TANKER,313166.0,2022,Imabari Shbldg - Saijo,130.00,130.0,TRAFIGURA,,carriers_2026_W04_WK-4-26-CARRIERS_SP-MARKET-REPORT.pdf
2026-01-26,4,tankers,1,CSSC LIAO NING,TANKER,307880.0,2020,Dalian Shipbuilding Ind - No 2,112.00,112.0,GREEK,INCL T/C TO KOCH @ $41K PD TILL MAY,carriers_2026_W04_WK-4-26-CARRIERS_SP-MARKET-REPORT.pdf
2026-01-26,4,tankers,1,DILONG SPIRIT,TANKER,159021.0,2009,Bohai Shipbuilding Heavy Ind,40.00,40.0,GREEK,,carriers_2026_W04_WK-4-26-CARRIERS_SP-MARKET-REPORT.pdf
2026-01-26,4,tankers,1,ARCTIC STAR,TANKER,156790.0,2026,Daehan Shipbuilding - Haenam,99.30,99.3,OKEANIS ECO TANKERS,DELY MAY,carriers_2026_W04_WK-4-26-CARRIERS_SP-MARKET-REPORT.pdf
2026-01-26,4,tankers,1,TROMSO STAR,TANKER,156790.0,2026,Daehan Shipbuilding - Haenam,99.30,99.3,OKEANIS ECO TANKERS,DELY JUNE,carriers_2026_W04_WK-4-26-CARRIERS_SP-MARKET-REPORT.pdf
2026-01-26,4,tankers,1,ELANDRA SWALLOW,TANKER,109999.0,2023,Hyundai Vietnam SB,84.00,84.0,UNDISCLOSED,,carriers_2026_W04_WK-4-26-CARRIERS_SP-MARKET-REPORT.pdf
2026-01-26,4,tankers,1,ELANDRA SWIFT,TANKER,109999.0,2024,Hyundai Vietnam SB,84.00,84.0,UNDISCLOSED,,carriers_2026_W04_WK-4-26-CARRIERS_SP-MARKET-REPORT.pdf
2026-01-26,4,tankers,1,IONIC ARTEMIS,TANKER,107605.0,2009,Tsuneishi Holdings - Tadotsu,35.60,35.6,CHINESE,,carriers_2026_W04_WK-4-26-CARRIERS_SP-MARKET-REPORT.pdf
2026-01-26,4,tankers,1,HAFNIA SHINANO,TANKER,76594.0,2008,Dalian Shipbuilding Ind - No 1,15.00,15.0,UNDISCLOSED,,carriers_2026_W04_WK-4-26-CARRIERS_SP-MARKET-REPORT.pdf
2026-01-26,4,tankers,1,STAR MERLIN,TANKER,53755.0,2007,Shin Kurushima Onishi,14.50,14.5,FAR EASTERN,,carriers_2026_W04_WK-4-26-CARRIERS_SP-MARKET-REPORT.pdf
2026-01-26,4,tankers,1,OKEE ULF,TANKER,53688.0,2006,Shin Kurushima Onishi,12.90,12.9,UNDISCLOSED,,carriers_2026_W04_WK-4-26-CARRIERS_SP-MARKET-REPORT.pdf
2026-01-26,4,tankers,1,GREEN PLANET,TANKER,50844.0,2014,Dae Sun Shipbuilding & Eng,31.00,31.0,UNDISCLOSED,,carriers_2026_W04_WK-4-26-CARRIERS_SP-MARKET-REPORT.pdf
2026-01-26,4,tankers,1,OCEAN SPIRIT,TANKER,49995.0,2012,SPP Shipbuilding - Tongyeong,27.20,27.2,UNDISCLOSED,,carriers_2026_W04_WK-4-26-CARRIERS_SP-MARKET-REPORT.pdf
2026-01-26,4,tankers,1,SKY DWELLER,TANKER,46319.0,2004,Hanjin HI & Const - Busan,10.90,10.9,UNDISCLOSED,,carriers_2026_W04_WK-4-26-CARRIERS_SP-MARKET-REPORT.pdf
2026-01-26,4,tankers,1,MAERSK KARA,TANKER,38396.0,2008,Guangzhou Shipyard Intl,12.00,12.0,UNDISCLOSED,,carriers_2026_W04_WK-4-26-CARRIERS_SP-MARKET-REPORT.pdf
2026-01-26,4,tankers,1,IBRA LNG,LNG,81057.0,2006,Samsung Heavy Inds - Geoje,110.00 EN BLOC,110.0,UNDISCLOSED,,carriers_2026_W04_WK-4-26-CARRIERS_SP-MARKET-REPORT.pdf
2026-01-26,4,tankers,1,SALALAH LNG,LNG,81034.0,2005,Samsung Heavy Inds - Geoje,110.00 EN BLOC,110.0,UNDISCLOSED,,carriers_2026_W04_WK-4-26-CARRIERS_SP-MARKET-REPORT.pdf
2026-01-26,4,tankers,1,IBRI LNG,LNG,77282.0,2006,Mitsubishi Nagasaki,110.00 EN BLOC,110.0,UNDISCLOSED,,carriers_2026_W04_WK-4-26-CARRIERS_SP-MARKET-REPORT.pdf
2026-01-26,4,tankers,1,NIZWA LNG,LNG,77252.0,2005,Kawasaki Shipbuilding,110.00 EN BLOC,110.0,UNDISCLOSED,,carriers_2026_W04_WK-4-26-CARRIERS_SP-MARKET-REPORT.pdf
2026-01-26,4,containers,1,A-REX DEXTERITY,CV,48109.0,2008,Shanghai Shipyard Co Ltd,35.50,35.5,MSC,"3,534 TEU",carriers_2026_W04_WK-4-26-CARRIERS_SP-MARKET-REPORT.pdf
2026-01-26,4,containers,1,ERASMUS MASTER,CV,21146.0,2009,Zhejiang Ouhua Shipbuilding,18.00,18.0,UNDISCLOSED,"1,496 TEU",carriers_2026_W04_WK-4-26-CARRIERS_SP-MARKET-REPORT.pdf
2026-02-02,5,bulk_carriers,1,ALLY,BC,185897.0,2005,Kawasaki Shipbuilding,18.00,18.0,UNDISCLOSED,,carriers_2026_W05_WK-5-26-CARRIERS_SP-MARKET-REPORT.pdf
2026-02-02,5,bulk_carriers,1,IRENE II,BC,180184.0,2006,Imabari Shbldg - Saijo,21.00,21.0,CHINESE,,carriers_2026_W05_WK-5-26-CARRIERS_SP-MARKET-REPORT.pdf
2026-02-02,5,bulk_carriers,1,MIKATA,BC,177173.0,2005,Namura Shipbuilding - Imari,18.00,18.0,UNDISCLOSED,,carriers_2026_W05_WK-5-26-CARRIERS_SP-MARKET-REPORT.pdf
2026-02-02,5,bulk_carriers,1,ROBUSTO,BC,173949.0,2006,Shanghai Waigaoqiao Shbldg,19.50,19.5,CHINESE,,carriers_2026_W05_WK-5-26-CARRIERS_SP-MARKET-REPORT.pdf
2026-02-02,5,bulk_carriers,1,JP CARETTA,BC,88083.0,2008,Imabari Shbldg - Marugame,13.75,13.75,UNDISCLOSED,,carriers_2026_W05_WK-5-26-CARRIERS_SP-MARKET-REPORT.pdf
2026-02-02,5,bulk_carriers,1,AYA,BC,82992.0,2006,Tsuneishi Corp - Fukuyama,10.70,10.7,UNDISCLOSED,SS DUE 6/2026,carriers_2026_W05_WK-5-26-CARRIERS_SP-MARKET-REPORT.pdf
2026-02-02,5,bulk_carriers,1,RIZE,BC,81950.0,2012,Hyundai Mipo Dockyard Co Ltd,17.50,17.5,GREEK,,carriers_2026_W05_WK-5-26-CARRIERS_SP-MARKET-REPORT.pdf
2026-02-02,5,bulk_carriers,1,ANTHEA,BC,76781.0,2006,Sasebo Heavy Industries,9.70,9.7,UNDISCLOSED,SS DUE 4/2026,carriers_2026_W05_WK-5-26-CARRIERS_SP-MARKET-REPORT.pdf
2026-02-02,5,bulk_carriers,1,BULK XAYMACA,BC,76561.0,2006,Imabari Shbldg - Marugame,9.50,9.5,UNDISCLOSED,SS DUE 7/2026,carriers_2026_W05_WK-5-26-CARRIERS_SP-MARKET-REPORT.pdf
2026-02-02,5,bulk_carriers,1,PESSADA,BC,75484.0,1999,Hitachi Zosen - Maizuru,6.10,6.1,UNDISCLOSED,AS IS - SS DUE,carriers_2026_W05_WK-5-26-CARRIERS_SP-MARKET-REPORT.pdf
2026-02-02,5,bulk_carriers,1,KAI HANG FA ZHAN,BC,63472.0,2018,Lianyungang Wuzhou Shbldg,23.80,23.8,UNDISCLOSED,,carriers_2026_W05_WK-5-26-CARRIERS_SP-MARKET-REPORT.pdf
2026-02-02,5,bulk_carriers,1,FLORINDA,BC,58791.0,2008,Tsuneishi Zhoushan Shbldg,12.60,12.6,UNDISCLOSED,,carriers_2026_W05_WK-5-26-CARRIERS_SP-MARKET-REPORT.pdf
2026-02-02,5,bulk_carriers,1,CLARA,BC,56557.0,2008,IHI Marine United - Yokohama,11.80,11.8,UNDISCLOSED,,carriers_2026_W05_WK-5-26-CARRIERS_SP-MARKET-REPORT.pdf
2026-02-02,5,bulk_carriers,1,ANASA,BC,55679.0,2008,Mitsui Tamano,13.00,13.0,UNDISCLOSED,,carriers_2026_W05_WK-5-26-CARRIERS_SP-MARKET-REPORT.pdf
2026-02-02,5,bulk_carriers,1,MDM BROMO,BC,53633.0,2007,Yangzhou Dayang Shipbuilding,7.80,7.8,UNDISCLSOED,,carriers_2026_W05_WK-5-26-CARRIERS_SP-MARKET-REPORT.pdf
2026-02-02,5,bulk_carriers,1,SPAR CANIS,BC,53565.0,2006,Chengxi Shipyard,9.00,9.0,CHINESE,,carriers_2026_W05_WK-5-26-CARRIERS_SP-MARKET-REPORT.pdf
2026-02-02,5,bulk_carriers,1,MARIA F,BC,52514.0,2002,Sanoyas Hishino Meisho Corp,7.80,7.8,UNDISCLOSED,,carriers_2026_W05_WK-5-26-CARRIERS_SP-MARKET-REPORT.pdf
2026-02-02,5,bulk_carriers,1,DARYA TAPTI,BC,35947.0,2015,Shikoku Dockyard,18.40,18.4,UNDISCLOSED,,carriers_2026_W05_WK-5-26-CARRIERS_SP-MARKET-REPORT.pdf
2026-02-02,5,bulk_carriers,1,JETSTREAM,BC,34563.0,2012,SPP Shipbuilding - Tongyeong,13.50,13.5,UNDISCLOSED,,carriers_2026_W05_WK-5-26-CARRIERS_SP-MARKET-REPORT.pdf
2026-02-02,5,bulk_carriers,1,AMIRA RAFIF,BC,32355.0,2004,Kanda Kawajiri,8.00,8.0,UNDISCLOSED,,carriers_2026_W05_WK-5-26-CARRIERS_SP-MARKET-REPORT.pdf
2026-02-02,5,tankers,1,DHT BAUHINIA,TANKER,301019.0,2007,Daewoo Shipbuilding & Marine,51.50,51.5,CHINESE,,carriers_2026_W05_WK-5-26-CARRIERS_SP-MARKET-REPORT.pdf
2026-02-02,5,tankers,1,AGNETA PALLAS III,TANKER,299991.0,2013,Hyundai Heavy Inds - Ulsan,90.00,90.0,SINOKOR,,carriers_2026_W05_WK-5-26-CARRIERS_SP-MARKET-REPORT.pdf
2026-02-02,5,tankers,1,FELICE,TANKER,297958.0,2010,Universal Shbldg - Ariake,68.00,68.0,SINOKOR,,carriers_2026_W05_WK-5-26-CARRIERS_SP-MARKET-REPORT.pdf
2026-02-02,5,tankers,1,ASIAN LION,TANKER,297572.0,2009,Shanghai Jiangnan Changxing,60.00,60.0,GREEK,,carriers_2026_W05_WK-5-26-CARRIERS_SP-MARKET-REPORT.pdf
2026-02-02,5,tankers,1,GREEN ATTITUDE,TANKER,112532.0,2018,COSCO Shipping HI Zhoushan,55.00,55.0,UNDISCLOSED,,carriers_2026_W05_WK-5-26-CARRIERS_SP-MARKET-REPORT.pdf
2026-02-02,5,tankers,1,ARISTARCHOS,TANKER,79905.0,2017,Onomichi Dockyard Co Ltd,44.00,44.0,SPRING MARINE,,carriers_2026_W05_WK-5-26-CARRIERS_SP-MARKET-REPORT.pdf
2026-02-02,5,tankers,1,ATHIRI,TANKER,73982.0,2010,SPP Plant & Shipbuilding Co,25.00,25.0,UNDISCLOSED,,carriers_2026_W05_WK-5-26-CARRIERS_SP-MARKET-REPORT.pdf
2026-02-02,5,tankers,1,CLEAROCEAN MARAUDER,TANKER,49999.0,2021,Samsung Heavy Inds - Geoje,42.50,42.5,UNDISCLOSED,,carriers_2026_W05_WK-5-26-CARRIERS_SP-MARKET-REPORT.pdf
2026-02-02,5,tankers,1,LYSIAS,TANKER,49999.0,2008,STX Shipbuilding - Jinhae,16.50,16.5,UNDISCLOSED,,carriers_2026_W05_WK-5-26-CARRIERS_SP-MARKET-REPORT.pdf
2026-02-02,5,tankers,1,SEAWAYS GRACE,TANKER,49999.0,2008,Hyundai Mipo Dockyard Co Ltd,16.00,16.0,UNDISCLOSED,,carriers_2026_W05_WK-5-26-CARRIERS_SP-MARKET-REPORT.pdf
2026-02-02,5,tankers,1,SEAWAYS MADELEINE,TANKER,49999.0,2008,Hyundai Mipo Dockyard Co Ltd,16.00,16.0,UNDISCLOSED,,carriers_2026_W05_WK-5-26-CARRIERS_SP-MARKET-REPORT.pdf
2026-02-02,5,tankers,1,LIANYUNGANG WUZHOU,TANKER,49900.0,2026,Lianyungang Wuzhou Shbldg,45.00,45.0,ASYAD SHIPPING,,carriers_2026_W05_WK-5-26-CARRIERS_SP-MARKET-REPORT.pdf
2026-02-02,5,containers,1,H CYGNUS,CV,24480.0,2022,JIANGSU YANGZI XINFU S,34.00,34.0,MINERVA MARINE,"1,781 TEU",carriers_2026_W05_WK-5-26-CARRIERS_SP-MARKET-REPORT.pdf
2026-02-09,6,bulk_carriers,1,MAX WARRIOR,BC,205361.0,2014,Qidong Daoda,43.00,43.0,HMM KOREA,,carriers_2026_W06_WK-6-26-CARRIERS_SP-MARKET-REPORT.pdf
2026-02-09,6,bulk_carriers,1,STAR SCARLETT,BC,175649.0,2014,JINHAI HEAVY INDUSTRY,36.00,36.0,CHINESE,,carriers_2026_W06_WK-6-26-CARRIERS_SP-MARKET-REPORT.pdf
2026-02-09,6,bulk_carriers,1,ROYAL AWARD,BC,88266.0,2007,Imabari,11.50,11.5,CHINESE,,carriers_2026_W06_WK-6-26-CARRIERS_SP-MARKET-REPORT.pdf
2026-02-09,6,bulk_carriers,1,ATHINA CARRAS,BC,82057.0,2012,Daewoo Shipbuilding & Marine,17.50,17.5,MODION,SS/DD DUE 2/2027,carriers_2026_W06_WK-6-26-CARRIERS_SP-MARKET-REPORT.pdf
2026-02-09,6,bulk_carriers,1,CRETANSEA,BC,81508.0,2009,Universal Shbldg - Maizuru,15.00,15.0,MPP CARRIERS,,carriers_2026_W06_WK-6-26-CARRIERS_SP-MARKET-REPORT.pdf
2026-02-09,6,bulk_carriers,1,DARYA TAPTI,BC,35947.0,2015,Shikoku Dockyard,HIGH 18’S,18.0,MGJ MARITIME,,carriers_2026_W06_WK-6-26-CARRIERS_SP-MARKET-REPORT.pdf
2026-02-09,6,tankers,1,DHT BAUHINIA,TANKER,301019.0,2007,Daewoo Shipbuilding & Marine,51.50,51.5,CHINESE,,carriers_2026_W06_WK-6-26-CARRIERS_SP-MARKET-REPORT.pdf
2026-02-09,6,tankers,1,EAGLE VARNA,TANKER,299989.0,2013,Daewoo Shipbuilding & Marine,86.50,86.5,SINOKOR,,carriers_2026_W06_WK-6-26-CARRIERS_SP-MARKET-REPORT.pdf
2026-02-09,6,tankers,1,MARAN PYTHIA,TANKER,158266.0,2009,Hyundai Heavy Inds - Ulsan,46.00,46.0,GREEK,,carriers_2026_W06_WK-6-26-CARRIERS_SP-MARKET-REPORT.pdf
2026-02-09,6,tankers,1,CABO FROWARD,TANKER,74543.0,2006,Sasebo Heavy Industries,12.50,12.5,GREEK,SS/DD DUE,carriers_2026_W06_WK-6-26-CARRIERS_SP-MARKET-REPORT.pdf
2026-02-09,6,tankers,1,UOG HERMES,TANKER,73410.0,2009,New Times Shipbuilding Co Ltd,21.00,21.0,GREEK,,carriers_2026_W06_WK-6-26-CARRIERS_SP-MARKET-REPORT.pdf
2026-02-09,6,tankers,1,ENERGY CHANCELLOR,TANKER,70558.0,2005,STX Shipbuilding - Jinhae,11.30,11.3,UNDISCLOSED,SS/DD DUE,carriers_2026_W06_WK-6-26-CARRIERS_SP-MARKET-REPORT.pdf
2026-02-09,6,tankers,1,ELANDRA FJORD,TANKER,51408.0,2011,Hyundai Mipo Dockyard Co Ltd,24.20,24.2,GREEK,,carriers_2026_W06_WK-6-26-CARRIERS_SP-MARKET-REPORT.pdf
2026-02-09,6,tankers,1,ELANDRA BALTIC,TANKER,51406.0,2011,Hyundai Mipo Dockyard Co Ltd,24.20,24.2,GREEK,,carriers_2026_W06_WK-6-26-CARRIERS_SP-MARKET-REPORT.pdf
2026-02-09,6,tankers,1,SAN REMO,TANKER,50760.0,2008,SPP Shipbuilding - Tongyeong,16.88,16.88,UNDISCLOSED,,carriers_2026_W06_WK-6-26-CARRIERS_SP-MARKET-REPORT.pdf
2026-02-09,6,tankers,1,HELEN M,TANKER,46843.0,2005,Naikai Zosen Corp - Setoda,9.70,9.7,OMAN,,carriers_2026_W06_WK-6-26-CARRIERS_SP-MARKET-REPORT.pdf
2026-02-09,6,tankers,1,UOG OSLO,TANKER,46087.0,2010,Hyundai Mipo Dockyard Co Ltd,22.50,22.5,UNDISCLOSED,,carriers_2026_W06_WK-6-26-CARRIERS_SP-MARKET-REPORT.pdf
2026-02-09,6,tankers,1,GRACE BARLERIA,LNG,77969.0,2007,Hyundai Heavy Inds - Ulsan,34.50,34.5,INDONESIAN,,carriers_2026_W06_WK-6-26-CARRIERS_SP-MARKET-REPORT.pdf
2026-02-09,6,containers,1,RIO GRANDE,CV,50482.0,2008,Samsung,31.50,31.5,SINGAPOREAN,"4,253 TEU",carriers_2026_W06_WK-6-26-CARRIERS_SP-MARKET-REPORT.pdf
2026-02-09,6,containers,1,WARNOW BELUGA,CV,18444.0,2008,Zhejiang Ouhua,-,,GREEK,"1,284 TEU",carriers_2026_W06_WK-6-26-CARRIERS_SP-MARKET-REPORT.pdf
2026-02-15,7,bulk_carriers,1,EPIC,BC,182060.0,2010,Odense Lindo,32.00,32.0,UNDISCLOSED,,carriers_2026_W07_WK-7-26-CARRIERS_SP-MARKET-REPORT.pdf
2026-02-15,7,bulk_carriers,1,MICHALIS H,BC,180355.0,2012,Dalian Shipbuilding Ind - No 2,35.20,35.2,UNDISCLOSED,"INCL TC @ $27,250 PD TILL Q4 2026",carriers_2026_W07_WK-7-26-CARRIERS_SP-MARKET-REPORT.pdf
2026-02-15,7,bulk_carriers,1,ANGLO RED,BC,81712.0,2013,Sainty Shipbuilding Yangzhou,34.00 EN BLOC,34.0,CHINESE,,carriers_2026_W07_WK-7-26-CARRIERS_SP-MARKET-REPORT.pdf
2026-02-15,7,bulk_carriers,1,ANGLO BARINTHUS,BC,81628.0,2013,Sainty Shipbuilding Yangzhou,34.00 EN BLOC,34.0,CHINESE,,carriers_2026_W07_WK-7-26-CARRIERS_SP-MARKET-REPORT.pdf
2026-02-15,7,bulk_carriers,1,SPAR LIBRA,BC,53565.0,2006,Chengxi Shipyard,9.00,9.0,CHINESE,SS/DD DUE 4/2026,carriers_2026_W07_WK-7-26-CARRIERS_SP-MARKET-REPORT.pdf
2026-02-15,7,bulk_carriers,1,SSI ERDOGAN BEY,BC,50780.0,2010,Oshima Shipbuilding Co Ltd,15.00,15.0,UNDISCLOSED,,carriers_2026_W07_WK-7-26-CARRIERS_SP-MARKET-REPORT.pdf
2026-02-15,7,bulk_carriers,1,SIDER ATHENA,BC,39128.0,2013,Chengxi Shipyard Jiangyin,16.00,16.0,UNDISCLOSED,,carriers_2026_W07_WK-7-26-CARRIERS_SP-MARKET-REPORT.pdf
2026-02-15,7,bulk_carriers,1,CS CANDY,BC,37459.0,2012,Tianjin Xingang Shipbuilding,MID/HIGH 11’S,11.0,UNDISCLOSED,,carriers_2026_W07_WK-7-26-CARRIERS_SP-MARKET-REPORT.pdf
2026-02-15,7,tankers,1,INGRID,TANKER,314000.0,2012,Hyundai Heavy Inds - Ulsan,89.00,89.0,SINOKOR,FWD DELY,carriers_2026_W07_WK-7-26-CARRIERS_SP-MARKET-REPORT.pdf
2026-02-15,7,tankers,1,ILMA,TANKER,314000.0,2012,Hyundai Heavy Inds - Ulsan,89.00,89.0,SINOKOR,FWD DELY,carriers_2026_W07_WK-7-26-CARRIERS_SP-MARKET-REPORT.pdf
2026-02-15,7,tankers,1,PGC ALEXANDRIA,TANKER,74996.0,2006,Onomichi Dockyard Co Ltd,15.75,15.75,GREEK,,carriers_2026_W07_WK-7-26-CARRIERS_SP-MARKET-REPORT.pdf
2026-02-15,7,tankers,1,CAPE TEES,TANKER,73731.0,2009,New Times Shipbuilding Co Ltd,42.00 EN BLOC,42.0,TRAFIGURA,,carriers_2026_W07_WK-7-26-CARRIERS_SP-MARKET-REPORT.pdf
2026-02-15,7,tankers,1,CAPE TALLIN,TANKER,73662.0,2008,New Times Shipbuilding Co Ltd,42.00 EN BLOC,42.0,TRAFIGURA,,carriers_2026_W07_WK-7-26-CARRIERS_SP-MARKET-REPORT.pdf
2026-02-15,7,tankers,1,FLORENCE,TANKER,47999.0,2006,Iwagi Zosen Co Ltd,11.10,11.1,UNDISCLOSED,,carriers_2026_W07_WK-7-26-CARRIERS_SP-MARKET-REPORT.pdf
2026-02-15,7,tankers,1,CABO NEGRO II,TANKER,47236.0,2006,Shin Kurushima Onishi,LOW 14’S,14.0,UNDISCLOSED,,carriers_2026_W07_WK-7-26-CARRIERS_SP-MARKET-REPORT.pdf
2026-02-15,7,containers,1,SEASPAN JAKARATA,CV,50869.0,2006,Samsung HI,LOW 17’S,17.0,UNDISCLOSED,"INCL T/C 4,253 TEU",carriers_2026_W07_WK-7-26-CARRIERS_SP-MARKET-REPORT.pdf
2026-02-23,8,bulk_carriers,1,CAPE KENSINGTON,BC,203512.0,2006,China Shipbuilding - Kaohsiung,26.00,26.0,UNDISCLOSED,,carriers_2026_W08_WK-8-26-CARRIERS_SP-MARKET-REPORT.pdf
2026-02-23,8,bulk_carriers,1,CAPE BRAZIL,BC,177897.0,2010,Shanghai Jiangnan Changxing,31.00,31.0,CHINESE,,carriers_2026_W08_WK-8-26-CARRIERS_SP-MARKET-REPORT.pdf
2026-02-23,8,bulk_carriers,1,STAR SCARLETT,BC,175649.0,2014,JINHAI HEAVY INDUSTRY,36.00,36.0,CHINESE,,carriers_2026_W08_WK-8-26-CARRIERS_SP-MARKET-REPORT.pdf
2026-02-23,8,bulk_carriers,1,AQUAVITA SEA,BC,81479.0,2020,Jiangsu Hantong Ship HI,30.50,30.5,GREEK,,carriers_2026_W08_WK-8-26-CARRIERS_SP-MARKET-REPORT.pdf
2026-02-23,8,bulk_carriers,1,EPIPHANIA,BC,80276.0,2012,STX OFFSHORE & SHBLDG,17.60,17.6,UNDISCLOSED,,carriers_2026_W08_WK-8-26-CARRIERS_SP-MARKET-REPORT.pdf
2026-02-23,8,bulk_carriers,1,ONLY YOU,BC,60492.0,2017,Sanoyas Shipbuilding Corp,28.50,28.5,DANISH,,carriers_2026_W08_WK-8-26-CARRIERS_SP-MARKET-REPORT.pdf
2026-02-23,8,bulk_carriers,1,LIANSON DYNAMIC,BC,53565.0,2006,Chengxi Shipyard,XS 9.00,9.0,UNDISCLOSED,,carriers_2026_W08_WK-8-26-CARRIERS_SP-MARKET-REPORT.pdf
2026-02-23,8,bulk_carriers,1,ASIAN PEARL,BC,50307.0,2003,Kawasaki Shipbuilding - Kobe,7.70,7.7,UNDISCLOSED,,carriers_2026_W08_WK-8-26-CARRIERS_SP-MARKET-REPORT.pdf
2026-02-23,8,bulk_carriers,1,OASIS CHAMPION,BC,50206.0,2002,Mitsui Chiba Ichihara,7.50,7.5,UNDISCLOSED,,carriers_2026_W08_WK-8-26-CARRIERS_SP-MARKET-REPORT.pdf
2026-02-23,8,bulk_carriers,1,SIGMA VENTURE,BC,34730.0,2012,Chengxi Shipyard Jiangyin,12.80,12.8,UNDISCLOSED,,carriers_2026_W08_WK-8-26-CARRIERS_SP-MARKET-REPORT.pdf
2026-02-23,8,bulk_carriers,1,ADVENTURE,BC,33730.0,2011,Samjin Shipbuilding Industries,9.50,9.5,LOADLINE,DD DUE,carriers_2026_W08_WK-8-26-CARRIERS_SP-MARKET-REPORT.pdf
2026-02-23,8,tankers,1,SINGAPORE SPIRIT,TANKER,318473.0,2013,Shanghai Waigaoqiao Shbldg,84.50,84.5,SINOKOR,Scrubber fitted Fwd delivery,carriers_2026_W08_WK-8-26-CARRIERS_SP-MARKET-REPORT.pdf
2026-02-23,8,tankers,1,CAESAR,TANKER,318440.0,2009,Hyundai Heavy Inds - Ulsan,70.00,70.0,SINOKOR,,carriers_2026_W08_WK-8-26-CARRIERS_SP-MARKET-REPORT.pdf
2026-02-23,8,tankers,1,KMARIN RENOWN,TANKER,109693.0,2016,STX OFFSHORE & SHBLDG,,,,,carriers_2026_W08_WK-8-26-CARRIERS_SP-MARKET-REPORT.pdf
2026-02-23,8,tankers,1,KMARIN RESPECT,TANKER,109584.0,2016,STX OFFSHORE & SHBLDG,141.50 EN BLOC,141.5,UNDISCLOSED,,carriers_2026_W08_WK-8-26-CARRIERS_SP-MARKET-REPORT.pdf
2026-02-23,8,tankers,1,KMARIN RELIANCE,TANKER,109466.0,2016,STX OFFSHORE & SHBLDG,141.50 EN BLOC,141.5,UNDISCLOSED,,carriers_2026_W08_WK-8-26-CARRIERS_SP-MARKET-REPORT.pdf
2026-02-23,8,tankers,1,P. SOPHIA,TANKER,105071.0,2009,Hyundai Heavy Inds - Ulsan,36.65,36.65,UNDISCLOSED,,carriers_2026_W08_WK-8-26-CARRIERS_SP-MARKET-REPORT.pdf
2026-02-23,8,tankers,1,AGILE,TANKER,73611.0,2007,New Times Shipbuilding Co Ltd,13.50,13.5,GREEK,,carriers_2026_W08_WK-8-26-CARRIERS_SP-MARKET-REPORT.pdf
2026-02-23,8,tankers,1,CHEMTRANS TAURUS,TANKER,72782.0,2006,Dalian Shipbuilding Ind - No 1,12.50,12.5,UNDISCLOSED,,carriers_2026_W08_WK-8-26-CARRIERS_SP-MARKET-REPORT.pdf
2026-02-23,8,tankers,1,BINTA SALEH,TANKER,47366.0,2010,Onomichi Dockyard Co Ltd,22.00,22.0,UNDISCLOSED,,carriers_2026_W08_WK-8-26-CARRIERS_SP-MARKET-REPORT.pdf
2026-02-23,8,tankers,1,UOG OSLO,TANKER,46087.0,2010,Hyundai Mipo Dockyard Co Ltd,23.50,23.5,UNDISCLOSED,SS/DD PASSED,carriers_2026_W08_WK-8-26-CARRIERS_SP-MARKET-REPORT.pdf
2026-02-23,8,tankers,1,HAFNIA MAGELLAN,TANKER,39067.0,2015,Hyundai Mipo Dockyard Co Ltd,31.00,31.0,UNDISCLOSED,,carriers_2026_W08_WK-8-26-CARRIERS_SP-MARKET-REPORT.pdf
2026-02-23,8,tankers,1,HAFNIA MALACCA,TANKER,39067.0,2015,Hyundai Mipo Dockyard Co Ltd,31.00,31.0,UNDISCLOSED,,carriers_2026_W08_WK-8-26-CARRIERS_SP-MARKET-REPORT.pdf
2026-02-23,8,tankers,1,HAFNIA SUNDA,TANKER,39067.0,2015,Hyundai Mipo Dockyard Co Ltd,31.00,31.0,UNDISCLOSED,,carriers_2026_W08_WK-8-26-CARRIERS_SP-MARKET-REPORT.pdf
2026-02-23,8,tankers,1,HAFNIA TORRES,TANKER,39067.0,2016,Hyundai Mipo Dockyard Co Ltd,31.00,31.0,UNDISCLOSED,,carriers_2026_W08_WK-8-26-CARRIERS_SP-MARKET-REPORT.pdf
2026-02-23,8,containers,1,MOUNT CAMERON,CV,23503.0,2016,Zhejiang Ouhua Shipbuilding,28.00,28.0,UNDISCLOSED,"1,730 TEU",carriers_2026_W08_WK-8-26-CARRIERS_SP-MARKET-REPORT.pdf
2026-03-02,9,bulk_carriers,1,CAPE SANDRA,BC,175607.0,2011,HHIC-Phil Inc,32.00,32.0,UNDISCLOSED,,carriers_2026_W09_WK-9-26-CARRIERS_SP-MARKET-REPORT.pdf
2026-03-02,9,bulk_carriers,1,ROZA,BC,93386.0,2010,Jiangsu Newyangzi,11.50,11.5,CHINESE,,carriers_2026_W09_WK-9-26-CARRIERS_SP-MARKET-REPORT.pdf
2026-03-02,9,bulk_carriers,1,TRINITY I,BC,93280.0,2010,Jiangsu Newyangzi,11.50,11.5,CHINESE,,carriers_2026_W09_WK-9-26-CARRIERS_SP-MARKET-REPORT.pdf
2026-03-02,9,bulk_carriers,1,WELFINE,BC,93146.0,2011,Jiangsu Newyangzi,11.80,11.8,UNDISCLOSED,DD DUE,carriers_2026_W09_WK-9-26-CARRIERS_SP-MARKET-REPORT.pdf
2026-03-02,9,bulk_carriers,1,ASL MOON,BC,81702.0,2008,Mitsui Tamano,13.60,13.6,CHINESE,,carriers_2026_W09_WK-9-26-CARRIERS_SP-MARKET-REPORT.pdf
2026-03-02,9,bulk_carriers,1,THREE SASKIAS,BC,81094.0,2014,JAPAN MARINE UTD - TSU,26.70,26.7,GREAT EASTERN,,carriers_2026_W09_WK-9-26-CARRIERS_SP-MARKET-REPORT.pdf
2026-03-02,9,bulk_carriers,1,GIEWONT,BC,79649.0,2010,New Century Shipbuilding Co,11.80,11.8,UNDISCLOSED,,carriers_2026_W09_WK-9-26-CARRIERS_SP-MARKET-REPORT.pdf
2026-03-02,9,bulk_carriers,1,EXPLORER AMERICA,BC,61684.0,2011,Oshima Shipbuilding Co Ltd,18.20,18.2,CHINESE,,carriers_2026_W09_WK-9-26-CARRIERS_SP-MARKET-REPORT.pdf
2026-03-02,9,bulk_carriers,1,NORD CHESAPEAKE,BC,60364.0,2016,Sanoyas Shipbuilding Corp,25.50,25.5,UNDISCLOSED,,carriers_2026_W09_WK-9-26-CARRIERS_SP-MARKET-REPORT.pdf
2026-03-02,9,bulk_carriers,1,CONSOLIDATOR,BC,58811.0,2007,Tsuneishi Heavy Inds Cebu,11.50,11.5,UNDISCLOSED,,carriers_2026_W09_WK-9-26-CARRIERS_SP-MARKET-REPORT.pdf
2026-03-02,9,bulk_carriers,1,KAPTA MATHIOS,BC,58743.0,2009,Tsuneishi Zhoushan Shbldg,13.80,13.8,CHINESE,,carriers_2026_W09_WK-9-26-CARRIERS_SP-MARKET-REPORT.pdf
2026-03-02,9,bulk_carriers,1,HAI JIN,BC,58000.0,2013,Yangzhou Dayang Shipbuilding,15.90,15.9,UNDISCLOSED,,carriers_2026_W09_WK-9-26-CARRIERS_SP-MARKET-REPORT.pdf
2026-03-02,9,bulk_carriers,1,CORAL GEM,BC,55073.0,2010,Nantong COSCO KHI Ship Eng,14.50,14.5,CHINESE,,carriers_2026_W09_WK-9-26-CARRIERS_SP-MARKET-REPORT.pdf
2026-03-02,9,bulk_carriers,1,AFRICAN PELICAN,BC,34365.0,2015,Namura Shipbuilding - Imari,18.50,18.5,UNDISCLOSED,,carriers_2026_W09_WK-9-26-CARRIERS_SP-MARKET-REPORT.pdf
2026-03-02,9,bulk_carriers,1,MANGUSTA,BC,33393.0,2015,Shin Kochi,16.70,16.7,UNDISCLOSED,,carriers_2026_W09_WK-9-26-CARRIERS_SP-MARKET-REPORT.pdf
2026-03-02,9,bulk_carriers,1,LIBERATOR,BC,28414.0,2006,Shimanami Shipyard Co Ltd,6.70,6.7,UNDISCLOSED,,carriers_2026_W09_WK-9-26-CARRIERS_SP-MARKET-REPORT.pdf
2026-03-02,9,tankers,1,SHAYBAH,TANKER,319429.0,2008,Daewoo Shipbuilding & Marine,59.00,59.0,SINOKOR,,carriers_2026_W09_WK-9-26-CARRIERS_SP-MARKET-REPORT.pdf
2026-03-02,9,tankers,1,KIHO,TANKER,300866.0,2006,IHI Marine United - Kure,51.00,51.0,SINOKOR,,carriers_2026_W09_WK-9-26-CARRIERS_SP-MARKET-REPORT.pdf
2026-03-02,9,tankers,1,EAGLE VANCOUVER,TANKER,299989.0,2013,Daewoo Shipbuilding & Marine,86.50,86.5,SINOKOR,,carriers_2026_W09_WK-9-26-CARRIERS_SP-MARKET-REPORT.pdf
2026-03-02,9,tankers,1,NAVE BUENA SUERTE,TANKER,297491.0,2011,Dalian Shipbuilding Ind - No 2,136.50 EN BLOC,136.5,UNDISCLOSED,,carriers_2026_W09_WK-9-26-CARRIERS_SP-MARKET-REPORT.pdf
2026-03-02,9,tankers,1,NAVE GALACTIC,TANKER,297168.0,2009,Shanghai Jiangnan Changxing,136.50 EN BLOC,136.5,UNDISCLOSED,,carriers_2026_W09_WK-9-26-CARRIERS_SP-MARKET-REPORT.pdf
2026-03-02,9,tankers,1,TRIKWONG VENTURE,TANKER,297136.0,2012,Dalian Shipbuilding Ind - No 2,70.00,70.0,SINOKOR,,carriers_2026_W09_WK-9-26-CARRIERS_SP-MARKET-REPORT.pdf
2026-03-02,9,tankers,1,FAIRWAY,TANKER,160250.0,2013,HHIC-Phil Inc,56.50,56.5,GREEK,,carriers_2026_W09_WK-9-26-CARRIERS_SP-MARKET-REPORT.pdf
2026-03-02,9,tankers,1,STENA SUNSHINE,TANKER,159039.0,2013,Samsung Heavy Inds - Geoje,62.50,62.5,GREEK,,carriers_2026_W09_WK-9-26-CARRIERS_SP-MARKET-REPORT.pdf
2026-03-02,9,tankers,1,SIGRUN,TANKER,156092.0,2013,Sumitomo Heavy Marine,67.00,67.0,NAFTOMAR,,carriers_2026_W09_WK-9-26-CARRIERS_SP-MARKET-REPORT.pdf
2026-03-02,9,tankers,1,SINBAD,TANKER,115949.0,2009,Samsung Heavy Inds - Geoje,40.00,40.0,CHINESE,,carriers_2026_W09_WK-9-26-CARRIERS_SP-MARKET-REPORT.pdf
2026-03-02,9,tankers,1,STI SOLIDARITY,TANKER,109999.0,2015,Sungdong Shipbuilding & Eng,59.80,59.8,HAYFIN,,carriers_2026_W09_WK-9-26-CARRIERS_SP-MARKET-REPORT.pdf
2026-03-02,9,tankers,1,ZENOVIA LADY,TANKER,109999.0,2009,Sungdong Shipbuilding & Eng,41.00,41.0,UNDISCLOSED,,carriers_2026_W09_WK-9-26-CARRIERS_SP-MARKET-REPORT.pdf
2026-03-02,9,tankers,1,HAFNIA YANGTZE,TANKER,76579.0,2009,Dalian Shipbuilding Ind - No 1,20.00,20.0,UNDISCLOSED,,carriers_2026_W09_WK-9-26-CARRIERS_SP-MARKET-REPORT.pdf
2026-03-02,9,tankers,1,HAFNIA ZAMBESI,TANKER,76578.0,2010,Dalian Shipbuilding Ind - No 1,20.00,20.0,UNDISCLOSED,,carriers_2026_W09_WK-9-26-CARRIERS_SP-MARKET-REPORT.pdf
2026-03-02,9,tankers,1,HAFNIA CRUX,TANKER,52550.0,2012,Guangzhou Shipyard Intl Co,23.00,23.0,UNDISCLOSED,,carriers_2026_W09_WK-9-26-CARRIERS_SP-MARKET-REPORT.pdf
2026-03-02,9,tankers,1,HANSA TROMSOE,TANKER,51501.0,2008,STX Shipbuilding - Jinhae,16.90,16.9,UNDISCLOSED,,carriers_2026_W09_WK-9-26-CARRIERS_SP-MARKET-REPORT.pdf
2026-03-02,9,tankers,1,ALTAIR,TANKER,50583.0,2017,Dae Sun Shipbuilding & Eng,38.00,38.0,JP MORGAN,,carriers_2026_W09_WK-9-26-CARRIERS_SP-MARKET-REPORT.pdf
2026-03-02,9,tankers,1,NORD MARVEL,TANKER,50185.0,2020,Hyundai Mipo Dockyard Co Ltd,45.25,45.25,UNDISCLOSED,,carriers_2026_W09_WK-9-26-CARRIERS_SP-MARKET-REPORT.pdf
2026-03-02,9,tankers,1,NORD MAVERICK,TANKER,50185.0,2020,Hyundai Mipo Dockyard Co Ltd,45.25,45.25,UNDISCLOSED,,carriers_2026_W09_WK-9-26-CARRIERS_SP-MARKET-REPORT.pdf
2026-03-02,9,tankers,1,ROMANCE,TANKER,50094.0,2009,SLS Shipbuilding Co Ltd,15.90,15.9,UNDISCLOSED,,carriers_2026_W09_WK-9-26-CARRIERS_SP-MARKET-REPORT.pdf
2026-03-02,9,tankers,1,HAFNIA LEO,TANKER,49999.0,2013,Guangzhou Shipyard Intl Co,23.00,23.0,UNDISCLOSED,,carriers_2026_W09_WK-9-26-CARRIERS_SP-MARKET-REPORT.pdf
2026-03-02,9,tankers,1,FALCON MAJESTIC,TANKER,47097.0,2008,Hyundai Mipo Dockyard Co Ltd,17.75,17.75,UNDISCLOSED,,carriers_2026_W09_WK-9-26-CARRIERS_SP-MARKET-REPORT.pdf
2026-03-02,9,tankers,1,MARINER A,TANKER,40099.0,2005,ShinA Shipbuilding Co Ltd,12.00,12.0,NIGERIAN,,carriers_2026_W09_WK-9-26-CARRIERS_SP-MARKET-REPORT.pdf
2026-03-02,9,tankers,1,CORAL SHASTA,LPG,10770.0,2003,Hudong-Zhonghua,10.50,10.5,SANMAR GROUP,,carriers_2026_W09_WK-9-26-CARRIERS_SP-MARKET-REPORT.pdf
2026-03-02,9,tankers,1,SAEHAN SELINA,LPG,3805.0,2012,SHITANOE SHIPBUILDING,8.90,8.9,UNDISCLOSED,,carriers_2026_W09_WK-9-26-CARRIERS_SP-MARKET-REPORT.pdf
2026-03-02,9,containers,1,HANSA FRESENBURG,CV,23432.0,2013,Guangzhou Wenchong,25.00,25.0,GFS,"1,740 TEU",carriers_2026_W09_WK-9-26-CARRIERS_SP-MARKET-REPORT.pdf
2026-03-09,10,bulk_carriers,1,LUCKY CARINA,BC,177947.0,2007,Shanghai Waigaoqiao Shbldg,23.80,23.8,CHINESE,,carriers_2026_W10_WK-10-26-CARRIERS_SP-MARKET-REPORT.pdf
2026-03-09,10,bulk_carriers,1,SPIRIT OF HO-PING,BC,82152.0,2011,TSUNEISHI SHBLDG - FKY,19.35,19.35,UNDISCLOSED,,carriers_2026_W10_WK-10-26-CARRIERS_SP-MARKET-REPORT.pdf
2026-03-09,10,bulk_carriers,1,NORD AURIGA,BC,81795.0,2020,Jiangsu Newyangzi Shipbuilding,32.00,32.0,UNDISCLOSED,,carriers_2026_W10_WK-10-26-CARRIERS_SP-MARKET-REPORT.pdf
2026-03-09,10,bulk_carriers,1,CASDA,BC,64012.0,2018,Tsuneishi Heavy Inds Cebu,61.00 EN BLOC,61.0,UNDISCLOSED,,carriers_2026_W10_WK-10-26-CARRIERS_SP-MARKET-REPORT.pdf
2026-03-09,10,bulk_carriers,1,GEMMA,BC,63878.0,2017,Tsuneishi Zhoushan Shbldg,61.00 EN BLOC,61.0,UNDISCLOSED,,carriers_2026_W10_WK-10-26-CARRIERS_SP-MARKET-REPORT.pdf
2026-03-09,10,bulk_carriers,1,JIN PING,BC,63800.0,2014,Jiangsu Hantong Ship HI,23.46,23.46,UNDISCLOSED,,carriers_2026_W10_WK-10-26-CARRIERS_SP-MARKET-REPORT.pdf
2026-03-09,10,bulk_carriers,1,DESERT DIGNITY,BC,63503.0,2016,Imabari Shbldg - Imabari,28.00,28.0,UNDISCLOSED,,carriers_2026_W10_WK-10-26-CARRIERS_SP-MARKET-REPORT.pdf
2026-03-09,10,bulk_carriers,1,SIIRT,BC,63200.0,2013,Yangzhou Dayang Shipbuilding,21.50,21.5,UNDISCLOSED,,carriers_2026_W10_WK-10-26-CARRIERS_SP-MARKET-REPORT.pdf
2026-03-09,10,bulk_carriers,1,CLOVER,BC,61377.0,2013,Iwagi Zosen Co Ltd,21.00,21.0,UNDISCLOSED,,carriers_2026_W10_WK-10-26-CARRIERS_SP-MARKET-REPORT.pdf
2026-03-09,10,bulk_carriers,1,GENCO PREDATOR,BC,55407.0,2005,Nantong COSCO KHI Ship Eng,10.50,10.5,CHINESE,,carriers_2026_W10_WK-10-26-CARRIERS_SP-MARKET-REPORT.pdf
2026-03-09,10,bulk_carriers,1,GENCO PICARDY,BC,55317.0,2005,Nantong COSCO KHI Ship Eng,10.50,10.5,CHINESE,,carriers_2026_W10_WK-10-26-CARRIERS_SP-MARKET-REPORT.pdf
2026-03-09,10,bulk_carriers,1,ACTION TRADER,BC,39481.0,2017,Jiangmen Nanyang Ship Eng,21.00,21.0,UNDISCLOSED,,carriers_2026_W10_WK-10-26-CARRIERS_SP-MARKET-REPORT.pdf
2026-03-09,10,bulk_carriers,1,NORD SANTIAGO,BC,39475.0,2018,Jiangmen Nanyang Ship Eng,22.00,22.0,UNDISCLOSED,,carriers_2026_W10_WK-10-26-CARRIERS_SP-MARKET-REPORT.pdf
2026-03-09,10,bulk_carriers,1,QI CHENG 3,BC,38268.0,2012,JIANGSU MINGYANG SHIPB,11.00,11.0,UNDISCLOSED,,carriers_2026_W10_WK-10-26-CARRIERS_SP-MARKET-REPORT.pdf
2026-03-09,10,bulk_carriers,1,ZAFER,BC,35186.0,2011,Samho Shipbuilding Co Ltd,LOW 13.00,13.0,GREEK,,carriers_2026_W10_WK-10-26-CARRIERS_SP-MARKET-REPORT.pdf
2026-03-09,10,bulk_carriers,1,KEN GIANT,BC,28323.0,2009,I-S Shipyard Co Ltd,8.60,8.6,TURKISH,,carriers_2026_W10_WK-10-26-CARRIERS_SP-MARKET-REPORT.pdf
2026-03-09,10,tankers,1,ILL GAP,TANKER,306352.0,2004,Mitsubishi Nagasaki,31.00,31.0,UNDISCLOSED,,carriers_2026_W10_WK-10-26-CARRIERS_SP-MARKET-REPORT.pdf
2026-03-09,10,tankers,1,GREEN ATTITUDE,TANKER,112532.0,2018,COSCO Shipping HI Zhoushan,71.00,71.0,UNDISCLOSED,,carriers_2026_W10_WK-10-26-CARRIERS_SP-MARKET-REPORT.pdf
2026-03-09,10,tankers,1,VOLTA RIVER,TANKER,105839.0,2007,Tsuneishi Holdings - Tadotsu,33.00,33.0,UNDISCLOSED,,carriers_2026_W10_WK-10-26-CARRIERS_SP-MARKET-REPORT.pdf
2026-03-09,10,tankers,1,TIGRIS,TANKER,12920.0,2009,STX OFFSHORE & SHBLDG,9.60,9.6,UAE,,carriers_2026_W10_WK-10-26-CARRIERS_SP-MARKET-REPORT.pdf
2026-03-09,10,containers,1,MARGARETE SCHULTE,CV,34457.0,2006,STX Shipbuilding - Jinhae,25.00,25.0,MSC,"2,602 TEU",carriers_2026_W10_WK-10-26-CARRIERS_SP-MARKET-REPORT.pdf
2026-03-09,10,containers,1,LUCIE SCHULTE,CV,34396.0,2006,STX Shipbuilding - Jinhae,25.00,25.0,MSC,"2,602 TEU",carriers_2026_W10_WK-10-26-CARRIERS_SP-MARKET-REPORT.pdf
2026-03-16,11,bulk_carriers,1,ALIADO,BC,177022.0,2005,Namura Shipbuilding - Imari,19.10,19.1,UNDISCLOSED,,carriers_2026_W11_WK-11-26-CARRIERS_SP-MARKET-REPORT.pdf
2026-03-16,11,bulk_carriers,1,COPERNICUS N,BC,93062.0,2010,Taizhou Kouan Shipbuilding,12.35,12.35,UNDISCLOSED,,carriers_2026_W11_WK-11-26-CARRIERS_SP-MARKET-REPORT.pdf
2026-03-16,11,bulk_carriers,1,ST. DIMITRIOS,BC,82688.0,2007,Tsuneishi Holdings Fukuyama,13.00,13.0,UNDISCLOSED,,carriers_2026_W11_WK-11-26-CARRIERS_SP-MARKET-REPORT.pdf
2026-03-16,11,bulk_carriers,1,CCS ORCHID,BC,81966.0,2017,Jiangsu Newyangzi,27.24,27.24,BRIGHT NAVIGATION,AUCTION SALE,carriers_2026_W11_WK-11-26-CARRIERS_SP-MARKET-REPORT.pdf
2026-03-16,11,bulk_carriers,1,TRABZON,BC,81660.0,2011,Hyundai Mipo Dockyard Co,17.50,17.5,UNDISCLOSED,,carriers_2026_W11_WK-11-26-CARRIERS_SP-MARKET-REPORT.pdf
2026-03-16,11,bulk_carriers,1,OCEAN LION,BC,75656.0,2005,Sanoyas Hishino Meisho Corp,10.00,10.0,UNDISCLOSED,,carriers_2026_W11_WK-11-26-CARRIERS_SP-MARKET-REPORT.pdf
2026-03-16,11,bulk_carriers,1,ABILITY,BC,64253.0,2021,Shin Kurushima Onishi,37.00,37.0,UNDISCLOSED,,carriers_2026_W11_WK-11-26-CARRIERS_SP-MARKET-REPORT.pdf
2026-03-16,11,bulk_carriers,1,SINOP,BC,63200.0,2013,Yangzhou Dayang,22.50,22.5,GREEK,,carriers_2026_W11_WK-11-26-CARRIERS_SP-MARKET-REPORT.pdf
2026-03-16,11,bulk_carriers,1,PAPA JOHN,BC,56543.0,2010,Qingshan Shipyard,13.20,13.2,CHINESE,,carriers_2026_W11_WK-11-26-CARRIERS_SP-MARKET-REPORT.pdf
2026-03-16,11,bulk_carriers,1,SOMNATH,BC,55707.0,2005,Oshima Shipbuilding Co Ltd,8.60,8.6,CHINESE,,carriers_2026_W11_WK-11-26-CARRIERS_SP-MARKET-REPORT.pdf
2026-03-16,11,bulk_carriers,1,CL CONTIGO,BC,40799.0,2015,Jiangsu Hantong Ship HI,19.50,19.5,UNDISCLOSED,,carriers_2026_W11_WK-11-26-CARRIERS_SP-MARKET-REPORT.pdf
2026-03-16,11,bulk_carriers,1,PACIFIC HARMONY,BC,38139.0,2013,Imabari Shbldg - Imabari,18.20,18.2,GREEK,,carriers_2026_W11_WK-11-26-CARRIERS_SP-MARKET-REPORT.pdf
2026-03-16,11,bulk_carriers,1,DL LAVENDER,BC,35194.0,2014,SPP Shipbuilding - Tongyeong,15.80,15.8,GREEK,,carriers_2026_W11_WK-11-26-CARRIERS_SP-MARKET-REPORT.pdf
2026-03-16,11,bulk_carriers,1,AFRICAN OWL,BC,34382.0,2016,Namura Shipbuilding - Imari,18.50,18.5,UNDISCLOSED,,carriers_2026_W11_WK-11-26-CARRIERS_SP-MARKET-REPORT.pdf
2026-03-16,11,bulk_carriers,1,AFRICAN WEAVER,BC,34369.0,2016,Namura Shipbuilding - Imari,18.50,18.5,UNDISCLOSED,,carriers_2026_W11_WK-11-26-CARRIERS_SP-MARKET-REPORT.pdf
2026-03-16,11,tankers,1,S FONTVIEILLE,TANKER,49990.0,2013,Hyundai Mipo Dockyard Co,32.50,32.5,GREEK,,carriers_2026_W11_WK-11-26-CARRIERS_SP-MARKET-REPORT.pdf
2026-03-16,11,tankers,1,FJELLANGER,TANKER,46287.0,2010,Hyundai Mipo Dockyard Co,48.00 EN BLOC,48.0,EUROPEAN,ZINC COATED,carriers_2026_W11_WK-11-26-CARRIERS_SP-MARKET-REPORT.pdf
2026-03-16,11,tankers,1,FINNANGER,TANKER,46251.0,2009,Hyundai Mipo Dockyard Co,48.00 EN BLOC,48.0,EUROPEAN,ZINC COATED,carriers_2026_W11_WK-11-26-CARRIERS_SP-MARKET-REPORT.pdf
2026-03-16,11,tankers,1,BUM SHIN,TANKER,19997.0,2003,Shin Kurushima Akitsu,7.50,7.5,CHINESE,,carriers_2026_W11_WK-11-26-CARRIERS_SP-MARKET-REPORT.pdf
2026-03-16,11,tankers,1,ASIA EVERGREEN,TANKER,14000.0,2012,Fujian Shenglong SB,XS 9.00,9.0,UNDISCLOSED,,carriers_2026_W11_WK-11-26-CARRIERS_SP-MARKET-REPORT.pdf
2026-03-16,11,containers,1,FELIXSTOWE,CV,50790.0,2002,Samsung Heavy Inds - Geoje,18.00,18.0,GREEK,"4,253 TEU",carriers_2026_W11_WK-11-26-CARRIERS_SP-MARKET-REPORT.pdf
2026-03-16,11,containers,1,SUNNY PHOENIX,CV,50789.0,2002,Samsung Heavy Inds - Geoje,18.00,18.0,GREEK,"4,253 TEU",carriers_2026_W11_WK-11-26-CARRIERS_SP-MARKET-REPORT.pdf
2026-03-16,11,containers,1,SONGA WOLF,CV,23732.0,2007,Guangzhou Wenchong,19.00,19.0,UNDISCLOSED,"1,700 TEU",carriers_2026_W11_WK-11-26-CARRIERS_SP-MARKET-REPORT.pdf
2026-03-30,12,bulk_carriers,1,FRONTIER GARLAND,BC,181480.0,2011,Imabari Shbldg - Saijo,36.60,36.6,GREEK,,carriers_2026_W12_WK-12-13-26-CARRIERS_SP-MARKET-REPORT.pdf
2026-03-30,12,bulk_carriers,1,TALIMEN,BC,81056.0,2016,Jiangsu Jinling Ships Co Ltd,26.00,26.0,UNDISCLOSED,SS DUE 6/2026,carriers_2026_W12_WK-12-13-26-CARRIERS_SP-MARKET-REPORT.pdf
2026-03-30,12,bulk_carriers,1,JIN RUI,BC,63800.0,2014,Jiangsu Hantong Ship HI,24.00,24.0,HUAYA MARITIME,,carriers_2026_W12_WK-12-13-26-CARRIERS_SP-MARKET-REPORT.pdf
2026-03-30,12,bulk_carriers,1,PLATON,BC,58502.0,2011,SPP Shipbuilding - Tongyeong,15.40,15.4,CHINESE,,carriers_2026_W12_WK-12-13-26-CARRIERS_SP-MARKET-REPORT.pdf
2026-03-30,12,bulk_carriers,1,XO COPENHAGEN,BC,58107.0,2010,Tsuneishi Zhoushan Shbldg,16.30,16.3,CHINESE,,carriers_2026_W12_WK-12-13-26-CARRIERS_SP-MARKET-REPORT.pdf
2026-03-30,12,bulk_carriers,1,PETRUS,BC,57374.0,2011,STX OFFSHORE & SHBLDG,HIGH 13.00,13.0,UNDISCLOSED,,carriers_2026_W12_WK-12-13-26-CARRIERS_SP-MARKET-REPORT.pdf
2026-03-30,12,bulk_carriers,1,TITANAS,BC,57360.0,2012,Jiangsu Hantong Ship HI,14.00,14.0,CHINESE,,carriers_2026_W12_WK-12-13-26-CARRIERS_SP-MARKET-REPORT.pdf
2026-03-30,12,bulk_carriers,1,BERGE HALLASAN,BC,37945.0,2016,Naikai Zosen Corp,21.30,21.3,NOVA MARINE,,carriers_2026_W12_WK-12-13-26-CARRIERS_SP-MARKET-REPORT.pdf
2026-03-30,12,bulk_carriers,1,DL OLIVE,BC,35194.0,2013,SPP Shipbuilding - Tongyeong,15.00,15.0,UNDISCLOSED,,carriers_2026_W12_WK-12-13-26-CARRIERS_SP-MARKET-REPORT.pdf
2026-03-30,12,tankers,1,SEASILK,TANKER,317826.0,2006,Hyundai Samho HI,57.00,57.0,SINOKOR,,carriers_2026_W12_WK-12-13-26-CARRIERS_SP-MARKET-REPORT.pdf
2026-03-30,12,tankers,1,KONDOR,TANKER,296714.0,2012,Shanghai Jiangnan Changxing,78.40,78.4,SINOKOR,,carriers_2026_W12_WK-12-13-26-CARRIERS_SP-MARKET-REPORT.pdf
2026-03-30,12,tankers,1,TALUREX,TANKER,115984.0,2011,Samsung Heavy Inds - Geoje,-,,UNDISCLOSED,,carriers_2026_W12_WK-12-13-26-CARRIERS_SP-MARKET-REPORT.pdf
2026-03-30,12,tankers,1,SOLVANTE,TANKER,110295.0,2009,Mitsui Chiba Ichihara,-,,UNDISCLOSED,,carriers_2026_W12_WK-12-13-26-CARRIERS_SP-MARKET-REPORT.pdf
2026-03-30,12,tankers,1,PM MONARCH,TANKER,76543.0,2007,Dalian Shipbuilding Ind - No 1,20.00,20.0,UNDISCLOSED,,carriers_2026_W12_WK-12-13-26-CARRIERS_SP-MARKET-REPORT.pdf
2026-03-30,12,tankers,1,HIGH SEAS,TANKER,49999.0,2012,Hyundai Mipo Dockyard Co,27.60,27.6,SPRING MARINE,,carriers_2026_W12_WK-12-13-26-CARRIERS_SP-MARKET-REPORT.pdf
2026-03-30,12,tankers,1,ACADIAN,TANKER,37515.0,2005,Hyundai Mipo Dockyard Co,10.00,10.0,UNDISCLOSED,,carriers_2026_W12_WK-12-13-26-CARRIERS_SP-MARKET-REPORT.pdf
2026-03-30,12,tankers,1,LYCASTE PEACE,LPG,49999.0,2003,Mitsubishi Nagasaki,48.00,48.0,GREEK,,carriers_2026_W12_WK-12-13-26-CARRIERS_SP-MARKET-REPORT.pdf
2026-03-30,12,containers,1,MONACO,CV,39418.0,2006,Hyundai Mipo Dockyard,25.20,25.2,UNDISCLOSED,"2,800 TEU",carriers_2026_W12_WK-12-13-26-CARRIERS_SP-MARKET-REPORT.pdf
2026-03-30,12,containers,1,HAMMONIA BALTICA,CV,39164.0,2011,Nordic Yards Warnemuende,30.50,30.5,FAR EASTERN,"2,798 TEU",carriers_2026_W12_WK-12-13-26-CARRIERS_SP-MARKET-REPORT.pdf
2026-03-30,12,containers,1,ERASMUS OASIS,CV,12774.0,2008,Dae Sun Shipbuilding & Eng,11.00,11.0,UNDISCLOSED,"1,049 TEU",carriers_2026_W12_WK-12-13-26-CARRIERS_SP-MARKET-REPORT.pdf
2026-03-07,14,bulk_carriers,1,SEACON VANCOUVER,BC,85688.0,2023,Huangpu Wenchong Longxue,36.00,36.0,UNDISCLOSED,,carriers_2026_W14_WK-14-26-CARRIERS_SP-MARKET-REPORT.pdf
2026-03-07,14,bulk_carriers,1,SEACON OSLO,BC,85507.0,2023,Huangpu Wenchong Longxue,36.00,36.0,UNDISCLOSED,,carriers_2026_W14_WK-14-26-CARRIERS_SP-MARKET-REPORT.pdf
2026-03-07,14,bulk_carriers,1,DONGHAE STAR,BC,82861.0,2012,STX OFFSHORE & SHBLDG,17.30,17.3,UNDISCLOSED,,carriers_2026_W14_WK-14-26-CARRIERS_SP-MARKET-REPORT.pdf
2026-03-07,14,bulk_carriers,1,DIAMANTINA,BC,82139.0,2010,Tsuneishi Zhoushan Shbldg,19.00,19.0,UAE,,carriers_2026_W14_WK-14-26-CARRIERS_SP-MARKET-REPORT.pdf
2026-03-07,14,bulk_carriers,1,JOHN M CARRAS,BC,82057.0,2012,Daewoo Shipbuilding & Marine,18.30,18.3,UNDISCLOSED,,carriers_2026_W14_WK-14-26-CARRIERS_SP-MARKET-REPORT.pdf
2026-03-07,14,bulk_carriers,1,XIN DONG GUAN 13,BC,76116.0,2012,Hudong-Zhonghua Shipbuilding,15.20,15.2,UNDISCLOSED,,carriers_2026_W14_WK-14-26-CARRIERS_SP-MARKET-REPORT.pdf
2026-03-07,14,bulk_carriers,1,TITANAS,BC,57360.0,2012,Jiangsu Hantong Ship HI,14.00,14.0,CHINESE,,carriers_2026_W14_WK-14-26-CARRIERS_SP-MARKET-REPORT.pdf
2026-03-07,14,bulk_carriers,1,MERCURY OCEAN,BC,53452.0,2008,Iwagi Zosen Co Ltd,13.00,13.0,CHINESE,SS DUE,carriers_2026_W14_WK-14-26-CARRIERS_SP-MARKET-REPORT.pdf
2026-03-07,14,bulk_carriers,1,GULNAK,BC,35167.0,2011,Lianyungang Wuzhou Shbldg,9.30,9.3,SAMIOS SHIPPING,,carriers_2026_W14_WK-14-26-CARRIERS_SP-MARKET-REPORT.pdf
2026-03-07,14,bulk_carriers,1,ATLANTIC SPIRIT,BC,35053.0,2013,Nanjing Dongze Shipyard Co Ltd,12.70,12.7,UNDISCLOSED,,carriers_2026_W14_WK-14-26-CARRIERS_SP-MARKET-REPORT.pdf
2026-03-07,14,bulk_carriers,1,NANAIMO BAY,BC,34407.0,2016,Namura Shipbuilding - Imari,19.00,19.0,UNDISCLOSED,,carriers_2026_W14_WK-14-26-CARRIERS_SP-MARKET-REPORT.pdf
2026-03-07,14,bulk_carriers,1,TAOKAS WISDOM,BC,31943.0,2008,Hakodate Dock - Hakodate,HIGH 9.00,9.0,UNDISCLOSED,,carriers_2026_W14_WK-14-26-CARRIERS_SP-MARKET-REPORT.pdf
2026-03-07,14,bulk_carriers,1,COSCO KUNLUNSHAN,BC,31917.0,2010,Fujian Mawei Shipbuilding Ltd,8.20,8.2,UNDISCLOSED,,carriers_2026_W14_WK-14-26-CARRIERS_SP-MARKET-REPORT.pdf
2026-03-07,14,bulk_carriers,1,JIN WANG LING,BC,31775.0,2010,Guangzhou Huangpu Shipbuilding,8.20,8.2,UNDISCLOSED,,carriers_2026_W14_WK-14-26-CARRIERS_SP-MARKET-REPORT.pdf
2026-03-07,14,bulk_carriers,1,SAFI FORTUNE,BC,28467.0,2009,Imabari Shbldg - Imabari,9.75,9.75,UNDISCLOSED,,carriers_2026_W14_WK-14-26-CARRIERS_SP-MARKET-REPORT.pdf
2026-03-07,14,tankers,1,STI BLACK HAWK,TANKER,49990.0,2015,Hyundai Mipo Dockyard Co,35.00,35.0,UNDISCLOSED,SCRUBBER FITTED,carriers_2026_W14_WK-14-26-CARRIERS_SP-MARKET-REPORT.pdf
2026-03-07,14,tankers,1,STI BROOKLYN,TANKER,49990.0,2015,SPP SHIPBUILDING - GOS,35.00,35.0,UNDISCLOSED,SCRUBBER FITTED,carriers_2026_W14_WK-14-26-CARRIERS_SP-MARKET-REPORT.pdf
2026-03-07,14,tankers,1,RINELLA M,TANKER,40441.0,2006,Constanta,13.00,13.0,UNDISCLOSED,,carriers_2026_W14_WK-14-26-CARRIERS_SP-MARKET-REPORT.pdf
2026-03-07,14,tankers,1,YC AZALEA,TANKER,19997.0,2004,Shin Kurushima Akitsu,10.75,10.75,UNDISCLOSED,,carriers_2026_W14_WK-14-26-CARRIERS_SP-MARKET-REPORT.pdf
2026-04-13,15,bulk_carriers,1,YANGZE 901,BC,93229.0,2012,Jiangsu Newyangzi,12.80,12.8,UNDISCLOSED,,carriers_2026_W15_WK-15-26-CARRIERS_SP-MARKET-REPORT.pdf
2026-04-13,15,bulk_carriers,1,OHSHU MARU,BC,92075.0,2011,Namura Shipbuilding - Imari,16.20,16.2,UNDISCLOSED,,carriers_2026_W15_WK-15-26-CARRIERS_SP-MARKET-REPORT.pdf
2026-04-13,15,bulk_carriers,1,SKYROS,BC,79366.0,2011,Nanjing Wujiazui Shipbuilding,13.00,13.0,UNDISCLOSED,,carriers_2026_W15_WK-15-26-CARRIERS_SP-MARKET-REPORT.pdf
2026-04-13,15,bulk_carriers,1,N AMALTHIA,BC,75356.0,2006,Universal Shbldg - Maizuru,10.00,10.0,UNDISCLOSED,,carriers_2026_W15_WK-15-26-CARRIERS_SP-MARKET-REPORT.pdf
2026-04-13,15,bulk_carriers,1,TAILWINDS,BC,73624.0,2004,Jiangnan Shipyard Group Co,8.50,8.5,CHINESE,,carriers_2026_W15_WK-15-26-CARRIERS_SP-MARKET-REPORT.pdf
2026-04-13,15,bulk_carriers,1,ASL IXORA,BC,61470.0,2012,Shin Kasado Dockyard Co Ltd,19.60,19.6,CHINESE,,carriers_2026_W15_WK-15-26-CARRIERS_SP-MARKET-REPORT.pdf
2026-04-13,15,bulk_carriers,1,SERENE AMELIA,BC,57238.0,2010,STX OFFSHORE & SHBLDG,14.50,14.5,UNDISCLOSED,,carriers_2026_W15_WK-15-26-CARRIERS_SP-MARKET-REPORT.pdf
2026-04-13,15,bulk_carriers,1,AQUAVITA BAY,BC,55757.0,2014,JAPAN MARINE UTD - KUR,20.00,20.0,UAE,,carriers_2026_W15_WK-15-26-CARRIERS_SP-MARKET-REPORT.pdf
2026-04-13,15,bulk_carriers,1,K. RUBY,BC,55688.0,2011,IHI Marine United - Yokohama,15.80,15.8,UNDISCLOSED,,carriers_2026_W15_WK-15-26-CARRIERS_SP-MARKET-REPORT.pdf
2026-04-13,15,bulk_carriers,1,POSEIDON S,BC,53482.0,2008,Iwagi Zosen Co Ltd,13.00,13.0,TURKISH,,carriers_2026_W15_WK-15-26-CARRIERS_SP-MARKET-REPORT.pdf
2026-04-13,15,bulk_carriers,1,ASTRO ORION,BC,37388.0,2017,AVIC WEIHAI SHIPYARD C,21.00,21.0,COSMOSHIP,,carriers_2026_W15_WK-15-26-CARRIERS_SP-MARKET-REPORT.pdf
2026-04-13,15,bulk_carriers,1,ITHACA PATIENCE,BC,28349.0,2010,Shimanami Shipyard Co Ltd,9.70,9.7,UNDISCLOSED,,carriers_2026_W15_WK-15-26-CARRIERS_SP-MARKET-REPORT.pdf
2026-04-13,15,bulk_carriers,1,JUNO BRAVE,BC,25081.0,2012,Murakami Hide,6.50,6.5,UNDISCLOSED,,carriers_2026_W15_WK-15-26-CARRIERS_SP-MARKET-REPORT.pdf
2026-04-13,15,tankers,1,STENA SURPRISE,TANKER,158491.0,2012,Sungdong Shipbuilding & Eng,-,,UNDISCLOSED,,carriers_2026_W15_WK-15-26-CARRIERS_SP-MARKET-REPORT.pdf
2026-04-13,15,tankers,1,CAP FELIX,TANKER,158765.0,2008,Samsung Heavy Inds - Geoje,95.00 EN BLOC,95.0,UNDISCLOSED,,carriers_2026_W15_WK-15-26-CARRIERS_SP-MARKET-REPORT.pdf
2026-04-13,15,tankers,1,SIENNA,TANKER,149847.0,2007,Universal Shbldg - Tsu,95.00 EN BLOC,95.0,UNDISCLOSED,,carriers_2026_W15_WK-15-26-CARRIERS_SP-MARKET-REPORT.pdf
2026-04-13,15,tankers,1,ASIA ASCEND,TANKER,115444.0,2004,Samsung Heavy Inds - Geoje,32.00,32.0,CHINESE,,carriers_2026_W15_WK-15-26-CARRIERS_SP-MARKET-REPORT.pdf
2026-04-13,15,tankers,1,PM IMPERIAL,TANKER,76574.0,2007,Dalian Shipbuilding Ind - No 1,20.00,20.0,UNDISCLOSED,,carriers_2026_W15_WK-15-26-CARRIERS_SP-MARKET-REPORT.pdf
2026-04-13,15,tankers,1,SHAHRAZAD,TANKER,74999.0,2009,Hyundai Mipo Dockyard Co,22.00,22.0,UNDISCLOSED,,carriers_2026_W15_WK-15-26-CARRIERS_SP-MARKET-REPORT.pdf
2026-04-13,15,tankers,1,EVER VICTORY,TANKER,70426.0,2005,Universal Shbldg - Maizuru,14.68,14.68,UNDISCLOSED,,carriers_2026_W15_WK-15-26-CARRIERS_SP-MARKET-REPORT.pdf
2026-04-13,15,tankers,1,SEA RAKER,TANKER,70426.0,2005,Universal Shbldg - Maizuru,14.00,14.0,UNDISCLOSED,,carriers_2026_W15_WK-15-26-CARRIERS_SP-MARKET-REPORT.pdf
2026-04-13,15,tankers,1,JAG PRAKASH,TANKER,47848.0,2007,STX Shipbuilding - Jinhae,17.50,17.5,UNDISCLOSED,,carriers_2026_W15_WK-15-26-CARRIERS_SP-MARKET-REPORT.pdf
2026-04-13,15,tankers,1,GT FREEDOM,TANKER,45994.0,2003,Shin Kurushima Onishi,8.50,8.5,UNDISCLOSED,,carriers_2026_W15_WK-15-26-CARRIERS_SP-MARKET-REPORT.pdf
2026-04-13,15,tankers,1,EAST COAST,TANKER,37515.0,2005,Hyundai Mipo Dockyard Co,11.70,11.7,UNDISCLOSED,,carriers_2026_W15_WK-15-26-CARRIERS_SP-MARKET-REPORT.pdf
2026-04-13,15,tankers,1,JBU SAPPHIRE,TANKER,19860.0,2009,Kitanihon,18.70,18.7,CHINESE,ST. STEEL,carriers_2026_W15_WK-15-26-CARRIERS_SP-MARKET-REPORT.pdf
2026-04-13,15,containers,1,CELSIUS NAPLES,CV,63350.0,2009,Daewoo Shipbuilding & Marine,34.50,34.5,GREEK,"4,860 TEU",carriers_2026_W15_WK-15-26-CARRIERS_SP-MARKET-REPORT.pdf
2026-04-20,16,bulk_carriers,1,RTM CARTIER,BC,205507.0,2012,HHIC-Phil Inc,45.00,45.0,CHINESE,,carriers_2026_W16_WK-16-26-CARRIERS_SP-MARKET-REPORT.pdf
2026-04-20,16,bulk_carriers,1,RTM ZHENG HE,BC,205431.0,2012,HHIC-Phil Inc,45.00,45.0,CHINESE,,carriers_2026_W16_WK-16-26-CARRIERS_SP-MARKET-REPORT.pdf
2026-04-20,16,bulk_carriers,1,LOWLANDS SPIRIT,BC,182820.0,2019,Imabari Shbldg - Saijo,65.00,65.0,GENCO,,carriers_2026_W16_WK-16-26-CARRIERS_SP-MARKET-REPORT.pdf
2026-04-20,16,bulk_carriers,1,ALEXANDROS PETRAKIS,BC,76596.0,2008,Shin Kasado Dockyard Co Ltd,-,,UNDISCLOSED,SS DUE 6/2026,carriers_2026_W16_WK-16-26-CARRIERS_SP-MARKET-REPORT.pdf
2026-04-20,16,bulk_carriers,1,AMORE,BC,61453.0,2012,Shin Kasado Dockyard Co Ltd,20.40,20.4,CHINESE,,carriers_2026_W16_WK-16-26-CARRIERS_SP-MARKET-REPORT.pdf
2026-04-20,16,bulk_carriers,1,FJ STAR,BC,61225.0,2016,Shin Kurushima Toyohashi,26.00,26.0,UNDISCLOSED,,carriers_2026_W16_WK-16-26-CARRIERS_SP-MARKET-REPORT.pdf
2026-04-20,16,bulk_carriers,1,SUNNY ROYAL,BC,58772.0,2011,Kawasaki HI - Kobe,18.45,18.45,GREEK,,carriers_2026_W16_WK-16-26-CARRIERS_SP-MARKET-REPORT.pdf
2026-04-20,16,bulk_carriers,1,SERENE AMELIA,BC,57238.0,2010,STX OFFSHORE & SHBLDG,14.00,14.0,UNDISCLOSED,,carriers_2026_W16_WK-16-26-CARRIERS_SP-MARKET-REPORT.pdf
2026-04-20,16,bulk_carriers,1,HONOUR,BC,57050.0,2010,COSCO Zhoushan Shipyard,13.30,13.3,CHINESE,,carriers_2026_W16_WK-16-26-CARRIERS_SP-MARKET-REPORT.pdf
2026-04-20,16,bulk_carriers,1,PHOENIX K,BC,54881.0,2007,Oshima Shipbuilding Co Ltd,14.00,14.0,CHINESE,,carriers_2026_W16_WK-16-26-CARRIERS_SP-MARKET-REPORT.pdf
2026-04-20,16,bulk_carriers,1,DORYSIA,BC,36863.0,2010,Hyundai Mipo Dockyard Co,26.20,26.2,,,carriers_2026_W16_WK-16-26-CARRIERS_SP-MARKET-REPORT.pdf
2026-04-20,16,bulk_carriers,1,STRADION,BC,36863.0,2011,Hyundai Mipo Dockyard Co,,,,,carriers_2026_W16_WK-16-26-CARRIERS_SP-MARKET-REPORT.pdf
2026-04-20,16,bulk_carriers,1,KS GRACE,BC,36320.0,2014,Shikoku Dockyard,16.95,16.95,UNDISCLOSED,,carriers_2026_W16_WK-16-26-CARRIERS_SP-MARKET-REPORT.pdf
2026-04-20,16,bulk_carriers,1,AEOLOS,BC,31640.0,2001,Saiki Heavy Industries Co Ltd,6.10,6.1,UNDISCLOSED,,carriers_2026_W16_WK-16-26-CARRIERS_SP-MARKET-REPORT.pdf
2026-04-20,16,tankers,1,KASAGISAN,TANKER,302478.0,2006,Mitsui Chiba Ichihara,60.00,60.0,CHINESE,,carriers_2026_W16_WK-16-26-CARRIERS_SP-MARKET-REPORT.pdf
2026-04-20,16,tankers,1,SUEZ ENCHANTED,TANKER,159233.0,2007,Hyundai Samho HI,48.00,48.0,UNDISCLOSED,,carriers_2026_W16_WK-16-26-CARRIERS_SP-MARKET-REPORT.pdf
2026-04-20,16,tankers,1,P. ALIKI,TANKER,105304.0,2010,Hyundai Heavy Inds - Ulsan,42.70,42.7,TRAFIGURA,,carriers_2026_W16_WK-16-26-CARRIERS_SP-MARKET-REPORT.pdf
2026-04-20,16,tankers,1,CAPE TAMPA,TANKER,73719.0,2009,New Times Shipbuilding Co,22.00,22.0,UNDISCLOSED,,carriers_2026_W16_WK-16-26-CARRIERS_SP-MARKET-REPORT.pdf
2026-04-20,16,tankers,1,OPTIMAL ACE,TANKER,49999.0,2006,STX Shipbuilding - Jinhae,16.50,16.5,UNDISCLOSED,,carriers_2026_W16_WK-16-26-CARRIERS_SP-MARKET-REPORT.pdf
2026-04-20,16,tankers,1,PRO ONYX,TANKER,49999.0,2019,Hyundai Mipo Dockyard Co,39.00,39.0,UNDISCLOSED,,carriers_2026_W16_WK-16-26-CARRIERS_SP-MARKET-REPORT.pdf
2026-04-20,16,tankers,1,ARDMORE ENGINEER,TANKER,49420.0,2014,STX OFFSHORE & SHBLDG,35.50,35.5,GREAT EASTERN,,carriers_2026_W16_WK-16-26-CARRIERS_SP-MARKET-REPORT.pdf
2026-04-20,16,tankers,1,EASTERLY CANYON,TANKER,36677.0,2009,Hyundai Mipo Dockyard Co,19.00,19.0,GREEK,,carriers_2026_W16_WK-16-26-CARRIERS_SP-MARKET-REPORT.pdf
2026-04-20,16,tankers,1,GINGA SAKER,TANKER,20491.0,2003,Shin Kurushima Akitsu,10.80,10.8,CHINESE,ST.STEEL,carriers_2026_W16_WK-16-26-CARRIERS_SP-MARKET-REPORT.pdf
2026-04-20,16,tankers,1,CHEM STREAM,TANKER,19998.0,2010,SHITANOE SHIPBUILDING,20.80,20.8,UNDISCLOSED,ST.STEEL,carriers_2026_W16_WK-16-26-CARRIERS_SP-MARKET-REPORT.pdf
2026-04-20,16,tankers,1,MTM SHANGHAI,TANKER,19885.0,2006,Fukuoka Shipbuilding,14.50,14.5,UNDISCLOSED,ST.STEEL,carriers_2026_W16_WK-16-26-CARRIERS_SP-MARKET-REPORT.pdf
2026-04-20,16,tankers,1,MARAN GAS TROY,LNG,89240.0,2015,Daewoo Shipbuilding & Marine,-,,EXMAR,,carriers_2026_W16_WK-16-26-CARRIERS_SP-MARKET-REPORT.pdf
2026-04-20,16,tankers,1,UMMERA,LNG,79460.0,2005,Daewoo Shipbuilding & Marine,-,,EXMAR,,carriers_2026_W16_WK-16-26-CARRIERS_SP-MARKET-REPORT.pdf
2026-04-27,17,bulk_carriers,1,CORONA BRAVE,BC,88172.0,2006,Imabari Shbldg - Marugame,12.90,12.9,CHINESE,,carriers_2026_W17_WK-17-26-CARRIERS_SP-MARKET-REPORT.pdf
2026-04-27,17,bulk_carriers,1,OCEAN FAIRY,BC,87328.0,2010,Hudong-Zhonghua,16.50,16.5,UNDISCLOSED,,carriers_2026_W17_WK-17-26-CARRIERS_SP-MARKET-REPORT.pdf
2026-04-27,17,bulk_carriers,1,DONOUSA,BC,76417.0,2004,Tsuneishi Corp - Tadotsu,9.30,9.3,CHINESE,,carriers_2026_W17_WK-17-26-CARRIERS_SP-MARKET-REPORT.pdf
2026-04-27,17,bulk_carriers,1,PABUR,BC,76167.0,2012,Taizhou Kouan Shipbuilding,16.50,16.5,UNDISCLOSED,,carriers_2026_W17_WK-17-26-CARRIERS_SP-MARKET-REPORT.pdf
2026-04-27,17,bulk_carriers,1,NEW DAYANG NDY1315,BC,64100.0,2027,New Dayang Shipbuilding,73.00 EN BLOC,73.0,NIOVIS,,carriers_2026_W17_WK-17-26-CARRIERS_SP-MARKET-REPORT.pdf
2026-04-27,17,bulk_carriers,1,NEW DAYANG NDY1316,BC,64100.0,2027,New Dayang Shipbuilding,73.00 EN BLOC,73.0,SHIPPING,,carriers_2026_W17_WK-17-26-CARRIERS_SP-MARKET-REPORT.pdf
2026-04-27,17,bulk_carriers,1,AMIS POWER,BC,64012.0,2018,Tsuneishi Heavy Inds Cebu,32.50,32.5,UNDISCLOSED,,carriers_2026_W17_WK-17-26-CARRIERS_SP-MARKET-REPORT.pdf
2026-04-27,17,bulk_carriers,1,AMSTEL TIGER,BC,60454.0,2016,Oshima Shipbuilding Co Ltd,28.00,28.0,UNDISCLOSED,,carriers_2026_W17_WK-17-26-CARRIERS_SP-MARKET-REPORT.pdf
2026-04-27,17,bulk_carriers,1,ASTRA PERSEUS,BC,58518.0,2012,DSME Shandong Co Ltd,16.80,16.8,UNDISCLOSED,,carriers_2026_W17_WK-17-26-CARRIERS_SP-MARKET-REPORT.pdf
2026-04-27,17,bulk_carriers,1,CHAKRAVATI,BC,55814.0,2006,Kawasaki Shipbuilding - Kobe,10.50,10.5,FAR EASTERN,,carriers_2026_W17_WK-17-26-CARRIERS_SP-MARKET-REPORT.pdf
2026-04-27,17,bulk_carriers,1,SEA CREDENCE,BC,55640.0,2010,Mitsui Tamano,16.00,16.0,UNDISCLOSED,,carriers_2026_W17_WK-17-26-CARRIERS_SP-MARKET-REPORT.pdf
2026-04-27,17,bulk_carriers,1,ASTERIS,BC,53629.0,2007,Yangzhou Dayang Shipbuilding,9.80,9.8,UNDISCLOSED,,carriers_2026_W17_WK-17-26-CARRIERS_SP-MARKET-REPORT.pdf
2026-04-27,17,bulk_carriers,1,IC PROGRESS,BC,32400.0,2011,Zhejiang Hongxin,10.60,10.6,UNDISCLOSED,,carriers_2026_W17_WK-17-26-CARRIERS_SP-MARKET-REPORT.pdf
2026-04-27,17,tankers,1,FRONT ULL,TANKER,156848.0,2014,Jiangsu Rongsheng,140.00 EN BLOC,140.0,GREEK,,carriers_2026_W17_WK-17-26-CARRIERS_SP-MARKET-REPORT.pdf
2026-04-27,17,tankers,1,FRONT IDUN,TANKER,156657.0,2015,Jiangsu Rongsheng,140.00 EN BLOC,140.0,GREEK,,carriers_2026_W17_WK-17-26-CARRIERS_SP-MARKET-REPORT.pdf
2026-04-27,17,tankers,1,STI MADISON,TANKER,109999.0,2014,Hyundai Samho HI,65.00,65.0,GREEK,,carriers_2026_W17_WK-17-26-CARRIERS_SP-MARKET-REPORT.pdf
2026-04-27,17,tankers,1,STI PARK,TANKER,109999.0,2014,Hyundai Samho HI,65.00,65.0,GREEK,,carriers_2026_W17_WK-17-26-CARRIERS_SP-MARKET-REPORT.pdf
2026-04-27,17,tankers,1,STI SLOANE,TANKER,109999.0,2014,Hyundai Samho HI,65.00,65.0,GREEK,,carriers_2026_W17_WK-17-26-CARRIERS_SP-MARKET-REPORT.pdf
2026-04-27,17,tankers,1,PUSAKA BORNEO,TANKER,108459.0,2018,TSUNEISHI SHBLDG - FKY,78.00,78.0,UNDISCLOSED,SCRUBBER FITTED,carriers_2026_W17_WK-17-26-CARRIERS_SP-MARKET-REPORT.pdf
2026-04-27,17,tankers,1,STI AQUA,TANKER,49990.0,2014,SPP SHIPBUILDING - SAC,MID 35.00,35.0,BESIKTAS,,carriers_2026_W17_WK-17-26-CARRIERS_SP-MARKET-REPORT.pdf
2026-04-27,17,tankers,1,STI OPERA,TANKER,49990.0,2014,Hyundai Mipo Dockyard Co,MID 35.00,35.0,BESIKTAS,,carriers_2026_W17_WK-17-26-CARRIERS_SP-MARKET-REPORT.pdf
2026-04-27,17,tankers,1,STI REGINA,TANKER,49990.0,2014,SPP SHIPBUILDING - SAC,MID 35.00,35.0,BESIKTAS,,carriers_2026_W17_WK-17-26-CARRIERS_SP-MARKET-REPORT.pdf
2026-04-27,17,tankers,1,CORDOBA,TANKER,46763.0,2007,Sungdong Shipbuilding & Eng,17.00,17.0,UNDISCLOSED,,carriers_2026_W17_WK-17-26-CARRIERS_SP-MARKET-REPORT.pdf
2026-04-27,17,tankers,1,GT FREEDOM,TANKER,45994.0,2003,Shin Kurushima Onishi,8.50,8.5,UNDISCLOSED,,carriers_2026_W17_WK-17-26-CARRIERS_SP-MARKET-REPORT.pdf
2026-04-27,17,tankers,1,VS REMLIN,TANKER,34530.0,2003,Dalian Shipyard Co Ltd,6.00,6.0,UNDISCLOSED,,carriers_2026_W17_WK-17-26-CARRIERS_SP-MARKET-REPORT.pdf
2026-05-05,18,bulk_carriers,1,BULK JOYANCE,BC,175636.0,2012,JINHAI HEAVY INDUSTRY,33.00,33.0,UNDISCLOSED,,carriers_2026_W18_WK-18-26-CARRIERS_SP-MARKET-REPORT.pdf
2026-05-05,18,bulk_carriers,1,LESTARI MANJUNG,BC,93200.0,2011,Jiangsu Newyangzi,14.00,14.0,UNDISCLOSED,,carriers_2026_W18_WK-18-26-CARRIERS_SP-MARKET-REPORT.pdf
2026-05-05,18,bulk_carriers,1,SEACON NOLA,BC,85611.0,2023,Huangpu Wenchong Longxue,72.70 EN BLOC,72.7,ASYAD,,carriers_2026_W18_WK-18-26-CARRIERS_SP-MARKET-REPORT.pdf
2026-05-05,18,bulk_carriers,1,SEACON HAMBURG,BC,85505.0,2023,Huangpu Wenchong Longxue,72.70 EN BLOC,72.7,SHIPPING,,carriers_2026_W18_WK-18-26-CARRIERS_SP-MARKET-REPORT.pdf
2026-05-05,18,bulk_carriers,1,SIROCCO,BC,82000.0,2014,Sainty Shipbuilding Yangzhou,20.00,20.0,UNDISCLOSED,,carriers_2026_W18_WK-18-26-CARRIERS_SP-MARKET-REPORT.pdf
2026-05-05,18,bulk_carriers,1,ELWAY,BC,81911.0,2012,Jiangsu Eastern HI,16.20,16.2,BLUE SEAS,,carriers_2026_W18_WK-18-26-CARRIERS_SP-MARKET-REPORT.pdf
2026-05-05,18,bulk_carriers,1,ECUADOR L,BC,57937.0,2011,Tsuneishi Heavy Inds Cebu,16.70,16.7,UNDISCLOSED,,carriers_2026_W18_WK-18-26-CARRIERS_SP-MARKET-REPORT.pdf
2026-05-05,18,bulk_carriers,1,BULK COLOMBIA,BC,57937.0,2011,Tsuneishi Heavy Inds Cebu,16.70,16.7,UNDISCLOSED,,carriers_2026_W18_WK-18-26-CARRIERS_SP-MARKET-REPORT.pdf
2026-05-05,18,bulk_carriers,1,VALIANT WAVE,BC,53490.0,2005,Imabari Shbldg - Imabari,10.50,10.5,UNDISCLOSED,,carriers_2026_W18_WK-18-26-CARRIERS_SP-MARKET-REPORT.pdf
2026-05-05,18,bulk_carriers,1,BRAVE STAR,BC,38241.0,2019,Kanda Kawajiri,28.50,28.5,UNDISCLOSED,,carriers_2026_W18_WK-18-26-CARRIERS_SP-MARKET-REPORT.pdf
2026-05-05,18,bulk_carriers,1,AMATERAS HARMONY,BC,37130.0,2021,Saiki Heavy Industries Co Ltd,29.70,29.7,UNDISCLOSED,,carriers_2026_W18_WK-18-26-CARRIERS_SP-MARKET-REPORT.pdf
2026-05-05,18,bulk_carriers,1,FEDERAL YUKON,BC,36563.0,2000,Oshima Shipbuilding Co Ltd,6.00,6.0,UNDISCLOSED,,carriers_2026_W18_WK-18-26-CARRIERS_SP-MARKET-REPORT.pdf
2026-05-05,18,tankers,1,AEGEAN HORIZON,TANKER,158738.0,2007,Hyundai Heavy Inds - Ulsan,50.10,50.1,UNDISCLOSED,,carriers_2026_W18_WK-18-26-CARRIERS_SP-MARKET-REPORT.pdf
2026-05-05,18,tankers,1,BAKER SPIRIT,TANKER,156929.0,2009,Jiangsu Rongsheng,53.50,53.5,GREEK,,carriers_2026_W18_WK-18-26-CARRIERS_SP-MARKET-REPORT.pdf
2026-05-05,18,tankers,1,TORM GANGA,TANKER,119950.0,2010,Hyundai Samho HI,53.00,53.0,UNDISCLOSED,,carriers_2026_W18_WK-18-26-CARRIERS_SP-MARKET-REPORT.pdf
2026-05-05,18,tankers,1,SOUTHERN REVERENCE,TANKER,108534.0,2018,TSUNEISHI SHBLDG - FKY,75.00,75.0,UNDISCLOSED,,carriers_2026_W18_WK-18-26-CARRIERS_SP-MARKET-REPORT.pdf
2026-05-05,18,tankers,1,ARION,TANKER,51589.0,2010,Hyundai Mipo Dockyard Co,25.00,25.0,GREEK,,carriers_2026_W18_WK-18-26-CARRIERS_SP-MARKET-REPORT.pdf
2026-05-05,18,tankers,1,CERS,TANKER,51371.0,2006,ShinA Shipbuilding Co Ltd,14.50,14.5,UNDISCLOSED,SS DUE,carriers_2026_W18_WK-18-26-CARRIERS_SP-MARKET-REPORT.pdf
2026-05-05,18,tankers,1,DAI PHU,TANKER,50530.0,2006,SPP Shipbuilding - Tongyeong,13.20,13.2,UNDISCLOSED,,carriers_2026_W18_WK-18-26-CARRIERS_SP-MARKET-REPORT.pdf
2026-05-05,18,tankers,1,UOG KYMA,TANKER,44995.0,2011,Onomichi Dockyard Co Ltd,25.50,25.5,VELOS TANKERS,,carriers_2026_W18_WK-18-26-CARRIERS_SP-MARKET-REPORT.pdf
2026-05-05,18,tankers,1,WONDER MIMOSA,TANKER,37620.0,2006,Hyundai Mipo Dockyard Co,12.00,12.0,GREEK,SS DUE,carriers_2026_W18_WK-18-26-CARRIERS_SP-MARKET-REPORT.pdf
2026-05-05,18,tankers,1,CHEMSTAR RIVER,TANKER,22407.0,2017,Shin Kurushima Akitsu,33.00,33.0,UNDISCLOSED,,carriers_2026_W18_WK-18-26-CARRIERS_SP-MARKET-REPORT.pdf
2026-05-05,18,tankers,1,CHEM STREAM,TANKER,19998.0,2010,SHITANOE SHIPBUILDING,20.80,20.8,UNDISCLOSED,,carriers_2026_W18_WK-18-26-CARRIERS_SP-MARKET-REPORT.pdf
2026-05-05,18,tankers,1,RUBIKON 78,TANKER,16642.0,2005,Qiuxin Shipyard - CHR,7.00,7.0,UNDISCLOSED,,carriers_2026_W18_WK-18-26-CARRIERS_SP-MARKET-REPORT.pdf
2026-05-05,18,tankers,1,BRO NUUK,TANKER,16631.0,2008,Qiuxin Shipyard - CHR,12.00,12.0,TURKISH,MARINELINE,carriers_2026_W18_WK-18-26-CARRIERS_SP-MARKET-REPORT.pdf
2026-05-05,18,tankers,1,MRC SEMIRAMIS,TANKER,6137.0,2008,Aykin Denizcilik,8.30,8.3,UNDISCLOSED,MARINELINE,carriers_2026_W18_WK-18-26-CARRIERS_SP-MARKET-REPORT.pdf
2026-05-05,18,tankers,1,MRC EMIRHAN,TANKER,6128.0,2008,Aykin Denizcilik,8.30,8.3,UNDISCLOSED,MARINELINE,carriers_2026_W18_WK-18-26-CARRIERS_SP-MARKET-REPORT.pdf
2026-05-05,18,containers,1,HANSA AUGSBURG,CV,23553.0,2008,Guangzhou Wenchong,19.50,19.5,UAE,"1,740 TEU",carriers_2026_W18_WK-18-26-CARRIERS_SP-MARKET-REPORT.pdf
2026-05-05,18,containers,1,PACANDA,CV,12774.0,2007,Dae Sun Shipbuilding & Eng,11.50,11.5,UNDISCLOSED,"1,043 TEU",carriers_2026_W18_WK-18-26-CARRIERS_SP-MARKET-REPORT.pdf
2026-05-11,19,bulk_carriers,1,YANGZE 902,BC,93225.0,2012,Jiangsu Newyangzi,13.00,13.0,UNDISCLOSED,,carriers_2026_W19_WK-19-26-CARRIERS_SP-MARKET-REPORT.pdf
2026-05-11,19,bulk_carriers,1,MANDY MORN,BC,82612.0,2008,Tsuneishi Zhoushan Shbldg,14.00,14.0,UNDISCLOSED,,carriers_2026_W19_WK-19-26-CARRIERS_SP-MARKET-REPORT.pdf
2026-05-11,19,bulk_carriers,1,AVALON,BC,81565.0,2011,Sungdong Shipbuilding & Eng,17.80,17.8,UNDISCLOSED,,carriers_2026_W19_WK-19-26-CARRIERS_SP-MARKET-REPORT.pdf
2026-05-11,19,bulk_carriers,1,DOMINATOR,BC,63652.0,2021,Shin Kasado Dockyard Co Ltd,38.00,38.0,GREEK,SS/DD DUE 07/2026,carriers_2026_W19_WK-19-26-CARRIERS_SP-MARKET-REPORT.pdf
2026-05-11,19,bulk_carriers,1,HUAYANG ROSE,BC,63562.0,2016,China Shipping Ind Jiangsu,50.40 EN BLOC,50.4,UNDISCLOSED,,carriers_2026_W19_WK-19-26-CARRIERS_SP-MARKET-REPORT.pdf
2026-05-11,19,bulk_carriers,1,HUAYANG LILY,BC,63553.0,2016,China Shipping Ind Jiangsu,50.40 EN BLOC,50.4,UNDISCLOSED,,carriers_2026_W19_WK-19-26-CARRIERS_SP-MARKET-REPORT.pdf
2026-05-11,19,bulk_carriers,1,MESSINIAN SPIRE,BC,56056.0,2008,Mitsui Tamano,14.50,14.5,MIDDLE EASTERN,,carriers_2026_W19_WK-19-26-CARRIERS_SP-MARKET-REPORT.pdf
2026-05-11,19,bulk_carriers,1,PLANET TEAM,BC,53477.0,2009,Zhejiang Shbldg - Ningbo,10.50,10.5,UNDISCLOSED,,carriers_2026_W19_WK-19-26-CARRIERS_SP-MARKET-REPORT.pdf
2026-05-11,19,bulk_carriers,1,XING NING HE,BC,53208.0,2009,Zhejiang Shbldg - Ningbo,11.00,11.0,UNDISCLOSED,,carriers_2026_W19_WK-19-26-CARRIERS_SP-MARKET-REPORT.pdf
2026-05-11,19,bulk_carriers,1,CL CONTIGO,BC,40799.0,2015,Jiangsu Hantong Ship HI,19.25,19.25,UNDISCLOSED,OHBS INCL TCB,carriers_2026_W19_WK-19-26-CARRIERS_SP-MARKET-REPORT.pdf
2026-05-11,19,bulk_carriers,1,INTERLINK FORTUITY,BC,40083.0,2017,Taizhou Kouan Shipbuilding,21.70,21.7,CONTI,,carriers_2026_W19_WK-19-26-CARRIERS_SP-MARKET-REPORT.pdf
2026-05-11,19,bulk_carriers,1,CALOBRA,BC,35480.0,2015,Taizhou Maple Leaf Shipbuilding Co Ltd - Linhai,18.00,18.0,GERMAN,,carriers_2026_W19_WK-19-26-CARRIERS_SP-MARKET-REPORT.pdf
2026-05-11,19,bulk_carriers,1,GANT FLAIR,BC,28339.0,2010,Imabari Shbldg - Marugame,9.80,9.8,EUROPEAN,,carriers_2026_W19_WK-19-26-CARRIERS_SP-MARKET-REPORT.pdf
2026-05-11,19,tankers,1,C. INNOVATOR,TANKER,313999.0,2012,Dalian Shipbuilding Ind - No 2,60.30,60.3,UNDISCLOSED,INCL. T/C,carriers_2026_W19_WK-19-26-CARRIERS_SP-MARKET-REPORT.pdf
2026-05-11,19,tankers,1,C. PROGRESS,TANKER,313990.0,2012,Hyundai Heavy Inds - Ulsan,60.30,60.3,UNDISCLOSED,INCL. T/C,carriers_2026_W19_WK-19-26-CARRIERS_SP-MARKET-REPORT.pdf
2026-05-11,19,tankers,1,STELLA,TANKER,164714.0,2011,Hyundai Samho HI,67.00,67.0,UNDISCLOSED,,carriers_2026_W19_WK-19-26-CARRIERS_SP-MARKET-REPORT.pdf
2026-05-11,19,tankers,1,ROYAL JASMINE,TANKER,53148.0,2008,Guangzhou Shipyard Intl Co,20.80,20.8,TURKISH,,carriers_2026_W19_WK-19-26-CARRIERS_SP-MARKET-REPORT.pdf
2026-05-11,19,tankers,1,ANTALYA,TANKER,49999.0,2016,SPP SHIPBUILDING - SAC,40.00,40.0,UNDISCLOSED,SS/DD DUE,carriers_2026_W19_WK-19-26-CARRIERS_SP-MARKET-REPORT.pdf
2026-05-11,19,tankers,1,METHANE RITA ANDREA,LNG,79046.0,2006,Samsung Heavy Inds - Geoje,-,,UNDISCLOSED,,carriers_2026_W19_WK-19-26-CARRIERS_SP-MARKET-REPORT.pdf
2026-05-11,19,containers,1,AS PATRIA,CV,34515.0,2006,STX Shipbuilding - Jinhae,26.50,26.5,CHINESE,"2,752 TEU",carriers_2026_W19_WK-19-26-CARRIERS_SP-MARKET-REPORT.pdf
2026-05-11,19,containers,1,AS SICILIA,CV,25927.0,2008,Taizhou Kouan Shipbuilding Co,18.50,18.5,CHINESE,"1,794 TEU",carriers_2026_W19_WK-19-26-CARRIERS_SP-MARKET-REPORT.pdf
2026-05-11,19,containers,1,OLIVIA,CV,21789.0,2013,Guangzhou Wenchong,25.00,25.0,MIDDLE EASTERN,"1,740 TEU",carriers_2026_W19_WK-19-26-CARRIERS_SP-MARKET-REPORT.pdf
2026-05-11,19,containers,1,ERASMUS HOPE,CV,17350.0,2008,Jiangsu Yangzijiang Shbldg Co,17.80,17.8,UNDISCLOSED,"1,345 TEU",carriers_2026_W19_WK-19-26-CARRIERS_SP-MARKET-REPORT.pdf
2026-05-11,19,containers,1,SAPIENZA,GC,18917.0,2009,Yamanishi Corp,7.80,7.8,TURKISH,,carriers_2026_W19_WK-19-26-CARRIERS_SP-MARKET-REPORT.pdf
2026-05-18,20,bulk_carriers,1,PIGASSOS,BC,176364.0,2011,Shanghai Waigaoqiao Shbldg,31.70,31.7,CHINESE,SS/DD DUE,carriers_2026_W20_WK-20-26-CARRIERS_SP-MARKET-REPORT.pdf
2026-05-18,20,bulk_carriers,1,CHIN SHAN,BC,175569.0,2004,China Shipbuilding - Kaohsiung,20.30,20.3,UNDISCLOSED,,carriers_2026_W20_WK-20-26-CARRIERS_SP-MARKET-REPORT.pdf
2026-05-18,20,bulk_carriers,1,HC PIONEER,BC,83476.0,2010,Sanoyas Hishino Meisho Corp,17.80,17.8,UNDISCLOSED,,carriers_2026_W20_WK-20-26-CARRIERS_SP-MARKET-REPORT.pdf
2026-05-18,20,bulk_carriers,1,MOANA,BC,82000.0,2026,Yizheng Yangzi Shipbuilding,36.50,36.5,UNDISCLOSED,,carriers_2026_W20_WK-20-26-CARRIERS_SP-MARKET-REPORT.pdf
2026-05-18,20,bulk_carriers,1,NORD POLARIS,BC,81791.0,2016,Tsuneishi Heavy Inds Cebu,28.00,28.0,BLUMENTHAL,SS/DD DUE,carriers_2026_W20_WK-20-26-CARRIERS_SP-MARKET-REPORT.pdf
2026-05-18,20,bulk_carriers,1,JOY,BC,81096.0,2019,Chengxi Shipyard Jiangyin,31.00,31.0,UNDISCLOSED,,carriers_2026_W20_WK-20-26-CARRIERS_SP-MARKET-REPORT.pdf
2026-05-18,20,bulk_carriers,1,JIN CHAO,BC,63518.0,2014,Jiangsu Hantong Ship HI,25.10,25.1,UNDISCLOSED,,carriers_2026_W20_WK-20-26-CARRIERS_SP-MARKET-REPORT.pdf
2026-05-18,20,bulk_carriers,1,CRIMSON KNIGHT,BC,58651.0,2013,Nantong COSCO KHI Ship Eng,19.10,19.1,UNDISCLOSED,,carriers_2026_W20_WK-20-26-CARRIERS_SP-MARKET-REPORT.pdf
2026-05-18,20,bulk_carriers,1,SETY,BC,55753.0,2010,IHI Marine United - Yokohama,16.10,16.1,CHINESE,,carriers_2026_W20_WK-20-26-CARRIERS_SP-MARKET-REPORT.pdf
2026-05-18,20,bulk_carriers,1,MAJESTY,BC,52421.0,2002,Tsuneishi Shbldg - Fkym,7.00,7.0,UNDISCLOSED,,carriers_2026_W20_WK-20-26-CARRIERS_SP-MARKET-REPORT.pdf
2026-05-18,20,bulk_carriers,1,JALMA TOPIC,BC,51966.0,2006,Tsuneishi Heavy Inds Cebu,12.00,12.0,UNDISCLOSED,,carriers_2026_W20_WK-20-26-CARRIERS_SP-MARKET-REPORT.pdf
2026-05-18,20,bulk_carriers,1,SUMAQ QUEEN,BC,51052.0,2017,Imabari Shbldg - Imabari,25.00,25.0,SEALESTIAL,OHBS,carriers_2026_W20_WK-20-26-CARRIERS_SP-MARKET-REPORT.pdf
2026-05-18,20,bulk_carriers,1,AMBER S,BC,47282.0,2000,Oshima Shipbuilding Co Ltd,5.90,5.9,SYRIAN,,carriers_2026_W20_WK-20-26-CARRIERS_SP-MARKET-REPORT.pdf
2026-05-18,20,bulk_carriers,1,EASTBOURNE,BC,40547.0,2024,Jiangmen Nanyang Ship Eng,30.50,30.5,NORDEN,,carriers_2026_W20_WK-20-26-CARRIERS_SP-MARKET-REPORT.pdf
2026-05-18,20,bulk_carriers,1,PORTSMOUTH,BC,40547.0,2024,Jiangmen Nanyang Ship Eng,30.50,30.5,NORDEN,,carriers_2026_W20_WK-20-26-CARRIERS_SP-MARKET-REPORT.pdf
2026-05-18,20,bulk_carriers,1,MARGATE,BC,40547.0,2024,Jiangmen Nanyang Ship Eng,30.50,30.5,NORDEN,,carriers_2026_W20_WK-20-26-CARRIERS_SP-MARKET-REPORT.pdf
2026-05-18,20,bulk_carriers,1,CLACTON,BC,40547.0,2024,Jiangmen Nanyang Ship Eng,30.50,30.5,NORDEN,,carriers_2026_W20_WK-20-26-CARRIERS_SP-MARKET-REPORT.pdf
2026-05-18,20,bulk_carriers,1,KEN ORCHID,BC,28225.0,2011,I-S Shipyard Co Ltd,9.75,9.75,UNDISCLOSED,SS/DD DUE 7/2026,carriers_2026_W20_WK-20-26-CARRIERS_SP-MARKET-REPORT.pdf
2026-05-18,20,tankers,1,HENGLI DALIAN,TANKER,306000.0,2026,Hengli Shipbuilding Dalian,163.00,163.0,TRAFIGURA,DELY EX-YARD,carriers_2026_W20_WK-20-26-CARRIERS_SP-MARKET-REPORT.pdf
2026-05-18,20,tankers,1,OLYMPIC STAR,TANKER,158000.0,2027,Daehan Shipbuilding,95.00,95.0,TEEKAY,,carriers_2026_W20_WK-20-26-CARRIERS_SP-MARKET-REPORT.pdf
2026-05-18,20,tankers,1,DAEHAN 5118,TANKER,156881.0,2027,Daehan Shipbuilding,95.00,95.0,TEEKAY,,carriers_2026_W20_WK-20-26-CARRIERS_SP-MARKET-REPORT.pdf
2026-05-18,20,tankers,1,GLADIATOR,TANKER,149944.0,2008,Universal Shbldg - Tsu,65.00,65.0,UNDISCLOSED,,carriers_2026_W20_WK-20-26-CARRIERS_SP-MARKET-REPORT.pdf
2026-05-18,20,tankers,1,VOULA,TANKER,73774.0,2009,New Times Shipbuilding Co,25.00,25.0,UNDISCLOSED,,carriers_2026_W20_WK-20-26-CARRIERS_SP-MARKET-REPORT.pdf
2026-05-18,20,tankers,1,HIGH TIDE,TANKER,51768.0,2012,Hyundai Mipo Dockyard Co,28.45,28.45,PRECIOUS SHIPPING,FWD DELY,carriers_2026_W20_WK-20-26-CARRIERS_SP-MARKET-REPORT.pdf
2026-05-18,20,tankers,1,CS FUJAIRAH,TANKER,50629.0,2026,Chengxi Shipyard Jiangyin,49.50,49.5,UNDISCLOSED,INCL TC,carriers_2026_W20_WK-20-26-CARRIERS_SP-MARKET-REPORT.pdf
2026-05-18,20,tankers,1,CS ROTTERDAM,TANKER,50629.0,2026,Chengxi Shipyard Jiangyin,49.50,49.5,UNDISCLOSED,INCL TC,carriers_2026_W20_WK-20-26-CARRIERS_SP-MARKET-REPORT.pdf
2026-05-18,20,tankers,1,GEMINI PEARL,TANKER,50561.0,2007,SPP Shipbuilding - Tongyeong,-,,UNDISCLOSED,,carriers_2026_W20_WK-20-26-CARRIERS_SP-MARKET-REPORT.pdf
2026-05-18,20,tankers,1,HORIZON SYROS,TANKER,50000.0,2026,ZHOUSHAN CHANGHONG INT,50.00,50.0,DANISH,,carriers_2026_W20_WK-20-26-CARRIERS_SP-MARKET-REPORT.pdf
2026-05-18,20,tankers,1,HORIZON ANDROS,TANKER,50000.0,2027,ZHOUSHAN CHANGHONG INT,50.00,50.0,DANISH,,carriers_2026_W20_WK-20-26-CARRIERS_SP-MARKET-REPORT.pdf
2026-05-18,20,tankers,1,EASTERLY JUPITER,TANKER,36677.0,2009,Hyundai Mipo Dockyard Co,20.00,20.0,UNDISCLOSED,,carriers_2026_W20_WK-20-26-CARRIERS_SP-MARKET-REPORT.pdf
2026-05-18,20,tankers,1,MTM HAMBURG,TANKER,20564.0,2008,Kitanihon,17.00,17.0,UNDISCLOSED,J19,carriers_2026_W20_WK-20-26-CARRIERS_SP-MARKET-REPORT.pdf
2026-05-25,21,bulk_carriers,1,FPMC B 104,BC,104989.0,2011,STX Dalian Shipbuilding Co,-,,GREEK,,carriers_2026_W21_WK-21-26-CARRIERS_SP-MARKET-REPORT.pdf
2026-05-25,21,bulk_carriers,1,NEFELI C,BC,93076.0,2013,COSCO Dalian Shipyard Co,16.00,16.0,CHINESE,,carriers_2026_W21_WK-21-26-CARRIERS_SP-MARKET-REPORT.pdf
2026-05-25,21,bulk_carriers,1,XENIA,BC,87144.0,2006,IHI Marine United - Yokohama,13.00,13.0,UNDISCLOSED,SS DUE,carriers_2026_W21_WK-21-26-CARRIERS_SP-MARKET-REPORT.pdf
2026-05-25,21,bulk_carriers,1,PEDHOULAS,BC,83684.0,2008,Sanoyas Hishino Meisho Corp,14.70,14.7,UNDISCLOSED,SCRUBBER FITTED,carriers_2026_W21_WK-21-26-CARRIERS_SP-MARKET-REPORT.pdf
2026-05-25,21,bulk_carriers,1,PANAGIA FORCE,BC,81791.0,2007,Mitsui Tamano,13.50,13.5,UNDISCLOSED,,carriers_2026_W21_WK-21-26-CARRIERS_SP-MARKET-REPORT.pdf
2026-05-25,21,bulk_carriers,1,THE PATRON,BC,79444.0,2010,JINHAI HEAVY INDUSTRY,13.20,13.2,UNDISCLOSED,,carriers_2026_W21_WK-21-26-CARRIERS_SP-MARKET-REPORT.pdf
2026-05-25,21,bulk_carriers,1,PRABHU YUVIKA,BC,76310.0,2004,Sumitomo Heavy Marine,9.80,9.8,UNDISCLOSED,,carriers_2026_W21_WK-21-26-CARRIERS_SP-MARKET-REPORT.pdf
2026-05-25,21,bulk_carriers,1,PABAL,BC,76118.0,2012,Taizhou Kouan Shipbuilding,16.50,16.5,UNDISCLOSED,,carriers_2026_W21_WK-21-26-CARRIERS_SP-MARKET-REPORT.pdf
2026-05-25,21,bulk_carriers,1,KAMARES,BC,74444.0,2004,Hudong-Zhonghua,8.60,8.6,UNDISCLOSED,,carriers_2026_W21_WK-21-26-CARRIERS_SP-MARKET-REPORT.pdf
2026-05-25,21,bulk_carriers,1,ECO,BC,63490.0,2013,Jiangsu Hantong Ship HI,23.00,23.0,UNDISCLOSED,,carriers_2026_W21_WK-21-26-CARRIERS_SP-MARKET-REPORT.pdf
2026-05-25,21,bulk_carriers,1,QIAN DAO HU,BC,63398.0,2017,Sainty Shipbuilding Yangzhou,49.66 EN BLOC,49.66,UNDISCLOSED,,carriers_2026_W21_WK-21-26-CARRIERS_SP-MARKET-REPORT.pdf
2026-05-25,21,bulk_carriers,1,MO GAN SHAN,BC,63326.0,2014,Sainty Shipbuilding Yangzhou,49.66 EN BLOC,49.66,UNDISCLOSED,,carriers_2026_W21_WK-21-26-CARRIERS_SP-MARKET-REPORT.pdf
2026-05-25,21,bulk_carriers,1,BELTIGER,BC,63025.0,2017,New Times Shipbuilding Co,26.80,26.8,UNDISCLOSED,,carriers_2026_W21_WK-21-26-CARRIERS_SP-MARKET-REPORT.pdf
2026-05-25,21,bulk_carriers,1,JADE,BC,55090.0,2010,Nantong COSCO KHI Ship Eng,15.00,15.0,TURKISH,,carriers_2026_W21_WK-21-26-CARRIERS_SP-MARKET-REPORT.pdf
2026-05-25,21,bulk_carriers,1,WEST BAY,BC,52532.0,2004,Tsuneishi Heavy Inds Cebu,9.80,9.8,UNDISCLOSED,,carriers_2026_W21_WK-21-26-CARRIERS_SP-MARKET-REPORT.pdf
2026-05-25,21,bulk_carriers,1,CHRISTINA SELMER,BC,34983.0,2011,Samjin Shipbuilding,11.20,11.2,GREEK,,carriers_2026_W21_WK-21-26-CARRIERS_SP-MARKET-REPORT.pdf
2026-05-25,21,bulk_carriers,1,AC SPLENDOR,BC,32740.0,2005,Kanda Kawajiri,8.60,8.6,UNDISCLOSED,,carriers_2026_W21_WK-21-26-CARRIERS_SP-MARKET-REPORT.pdf
2026-05-25,21,bulk_carriers,1,DESPINA K,BC,32648.0,2010,JIANGSU ZHENJIANG,9.20,9.2,UNDISCLOSED,,carriers_2026_W21_WK-21-26-CARRIERS_SP-MARKET-REPORT.pdf
2026-05-25,21,bulk_carriers,1,ASAHI OCEAN,BC,32085.0,2013,Hakodate Dock - Hakodate,15.25,15.25,HAI PHUONG,,carriers_2026_W21_WK-21-26-CARRIERS_SP-MARKET-REPORT.pdf
2026-05-25,21,bulk_carriers,1,AFRICAN JOSEPH R,BC,18922.0,2006,Yamanishi Corp,6.00,6.0,UNDISCLOSED,SS/DD PASSED,carriers_2026_W21_WK-21-26-CARRIERS_SP-MARKET-REPORT.pdf
2026-05-25,21,tankers,1,ABIE,TANKER,302986.0,2002,Samsung Heavy Inds - Geoje,41.00,41.0,UNDISCLOSED,,carriers_2026_W21_WK-21-26-CARRIERS_SP-MARKET-REPORT.pdf
2026-05-25,21,tankers,1,STI CONDOTTI,TANKER,109999.0,2014,Hyundai Samho HI,70.00,70.0,UNDISCLOSED,,carriers_2026_W21_WK-21-26-CARRIERS_SP-MARKET-REPORT.pdf
2026-05-25,21,tankers,1,SUNNY VICTORY,TANKER,46803.0,2005,Hyundai Mipo Dockyard Co,16.00,16.0,UNDISCLOSED,,carriers_2026_W21_WK-21-26-CARRIERS_SP-MARKET-REPORT.pdf
2026-05-25,21,tankers,1,EASTERLY BEECH,TANKER,19998.0,2007,Usuki Shipyard Co Ltd,16.00,16.0,UNDISCLOSED,J19,carriers_2026_W21_WK-21-26-CARRIERS_SP-MARKET-REPORT.pdf
2026-05-25,21,tankers,1,NOBLER,TANKER,19949.0,2002,Usuki Shipyard Co Ltd,10.00,10.0,UNDISCLOSED,,carriers_2026_W21_WK-21-26-CARRIERS_SP-MARKET-REPORT.pdf
2026-05-25,21,containers,1,AS SICILIA,CV,25927.0,2008,Taizhou Kouan Shipbuilding,18.50,18.5,UNDISCLOSED,"1,794 TEU",carriers_2026_W21_WK-21-26-CARRIERS_SP-MARKET-REPORT.pdf
2026-06-15,22,bulk_carriers,1,KERKIS,BC,176862.0,2007,Namura Shipbuilding - Imari,25.50,25.5,CHINESE,,carriers_2026_W22_WK-22-4-26-CARRIERS_SP-MARKET-REPORT.pdf
2026-06-15,22,bulk_carriers,1,OCEAN ARTEMIS,BC,93103.0,2011,Jiangsu Jinling Ships Co Ltd,15.00,15.0,UNDISCLOSED,SS/DD PASSED,carriers_2026_W22_WK-22-4-26-CARRIERS_SP-MARKET-REPORT.pdf
2026-06-15,22,bulk_carriers,1,NEW HARMONY 8,BC,82790.0,2006,Tsuneishi Corp - Tadotsu,12.90,12.9,UNDISCLOSED,SS DUE 8/2026,carriers_2026_W22_WK-22-4-26-CARRIERS_SP-MARKET-REPORT.pdf
2026-06-15,22,bulk_carriers,1,VULCANIA,BC,82036.0,2015,Jiangsu Newyangzi,26.00,26.0,GREEK,,carriers_2026_W22_WK-22-4-26-CARRIERS_SP-MARKET-REPORT.pdf
2026-06-15,22,bulk_carriers,1,PROTEAS,BC,76454.0,2005,Tsuneishi Corp - Tadotsu,12.00,12.0,CHINESE,,carriers_2026_W22_WK-22-4-26-CARRIERS_SP-MARKET-REPORT.pdf
2026-06-15,22,bulk_carriers,1,AFRICAN TERN,BC,58342.0,2013,DALIAN COSCO KHI SHIP,19.00,19.0,UNDISCLOSED,,carriers_2026_W22_WK-22-4-26-CARRIERS_SP-MARKET-REPORT.pdf
2026-06-15,22,bulk_carriers,1,BREEZE,BC,56686.0,2009,Jiangsu Hantong Ship HI,17.20,17.2,UNDISCLOSED,,carriers_2026_W22_WK-22-4-26-CARRIERS_SP-MARKET-REPORT.pdf
2026-06-15,22,bulk_carriers,1,SANTA RITA,BC,55677.0,2010,Mitsui Tamano,17.20,17.2,GREEK,,carriers_2026_W22_WK-22-4-26-CARRIERS_SP-MARKET-REPORT.pdf
2026-06-15,22,bulk_carriers,1,GRACE BALI,BC,52461.0,2002,Tsuneishi Heavy Inds Cebu,-,,UNDISCLOSED,,carriers_2026_W22_WK-22-4-26-CARRIERS_SP-MARKET-REPORT.pdf
2026-06-15,22,bulk_carriers,1,SIDER BEAR,BC,40484.0,2013,Chengxi Shipyard Jiangyin,17.70,17.7,TURKISH,,carriers_2026_W22_WK-22-4-26-CARRIERS_SP-MARKET-REPORT.pdf
2026-06-15,22,bulk_carriers,1,INTERLINK CELERITY,BC,40112.0,2017,Taizhou Kouan Shipbuilding,22.00,22.0,UNDISCLOSED,,carriers_2026_W22_WK-22-4-26-CARRIERS_SP-MARKET-REPORT.pdf
2026-06-15,22,bulk_carriers,1,INTERLINK SOLIDITY,BC,40098.0,2017,Taizhou Kouan Shipbuilding,22.00,22.0,UNDISCLOSED,,carriers_2026_W22_WK-22-4-26-CARRIERS_SP-MARKET-REPORT.pdf
2026-06-15,22,bulk_carriers,1,POYANG,BC,39790.0,2016,Zhejiang Ouhua Shipbuilding,19.40,19.4,UNDISCLOSED,,carriers_2026_W22_WK-22-4-26-CARRIERS_SP-MARKET-REPORT.pdf
2026-06-15,22,bulk_carriers,1,SIDER HARMONY,BC,38581.0,2020,Tsuneishi Heavy Inds Cebu,28.50,28.5,UNDISCLOSED,,carriers_2026_W22_WK-22-4-26-CARRIERS_SP-MARKET-REPORT.pdf
2026-06-15,22,bulk_carriers,1,MARINA R,BC,37785.0,2010,Jiangsu Eastern HI,10.80,10.8,CHINESE,,carriers_2026_W22_WK-22-4-26-CARRIERS_SP-MARKET-REPORT.pdf
2026-06-15,22,bulk_carriers,1,SAFI FORTUNE,BC,28467.0,2009,Imabari Shbldg - Imabari,9.90,9.9,TURKISH,,carriers_2026_W22_WK-22-4-26-CARRIERS_SP-MARKET-REPORT.pdf
2026-06-15,22,bulk_carriers,1,BEETLE,BC,28198.0,2012,Imabari Shbldg - Imabari,12.60,12.6,UNDISCLOSED,,carriers_2026_W22_WK-22-4-26-CARRIERS_SP-MARKET-REPORT.pdf
2026-06-15,22,tankers,1,SUCCESS FORTUNE XL,TANKER,298555.0,2003,Daewoo Shipbuilding & Marine,-,,UNDISCLOSED,,carriers_2026_W22_WK-22-4-26-CARRIERS_SP-MARKET-REPORT.pdf
2026-06-15,22,tankers,1,BRUGGE,TANKER,157138.0,2023,Hyundai Samho HI,110.00,110.0,,,carriers_2026_W22_WK-22-4-26-CARRIERS_SP-MARKET-REPORT.pdf
2026-06-15,22,tankers,1,BREST,TANKER,157071.0,2023,Hyundai Samho HI,each,,UNDISCLOSED,,carriers_2026_W22_WK-22-4-26-CARRIERS_SP-MARKET-REPORT.pdf
2026-06-15,22,tankers,1,SEAMUSIC,TANKER,112922.0,2009,New Times Shipbuilding Co,53.10,53.1,UNDISCLOSED,,carriers_2026_W22_WK-22-4-26-CARRIERS_SP-MARKET-REPORT.pdf
2026-06-15,22,tankers,1,SAMOS,TANKER,104649.0,2010,Sumitomo Heavy Marine,44.50,44.5,UNDISCLOSED,FWD DELY,carriers_2026_W22_WK-22-4-26-CARRIERS_SP-MARKET-REPORT.pdf
2026-06-15,22,tankers,1,SANDPIPER PACIFIC,TANKER,51833.0,2013,Sungdong Shipbuilding & Eng,32.00,32.0,UNDISCLOSED,,carriers_2026_W22_WK-22-4-26-CARRIERS_SP-MARKET-REPORT.pdf
2026-06-15,22,tankers,1,WECO ISABELLA,TANKER,49500.0,2026,Penglai Zhongbai Jinglu Ind,56.00,56.0,UNDISCLOSED,,carriers_2026_W22_WK-22-4-26-CARRIERS_SP-MARKET-REPORT.pdf
2026-06-15,22,tankers,1,WECO TWIGGY,TANKER,49500.0,2026,Penglai Zhongbai Jinglu Ind,56.00,56.0,UNDISCLOSED,,carriers_2026_W22_WK-22-4-26-CARRIERS_SP-MARKET-REPORT.pdf
2026-06-15,22,tankers,1,SINAR MALAHAYATI,TANKER,20938.0,2006,Shin Kurushima Akitsu,23.00 EN BLOC,23.0,CHINESE,,carriers_2026_W22_WK-22-4-26-CARRIERS_SP-MARKET-REPORT.pdf
2026-06-15,22,tankers,1,SINAR MENDAWAI,TANKER,19998.0,2008,Usuki Shipyard Co Ltd,23.00 EN BLOC,23.0,CHINESE,,carriers_2026_W22_WK-22-4-26-CARRIERS_SP-MARKET-REPORT.pdf
2026-06-15,22,containers,1,SHENG DA HENG QIANG,CV,37113.0,2024,Taizhou Kouan Shipbuilding,51.00,51.0,UNDISCLOSED,"2,684 TEU",carriers_2026_W22_WK-22-4-26-CARRIERS_SP-MARKET-REPORT.pdf
2026-06-22,25,bulk_carriers,1,RTM CABOT,BC,205417.0,2013,HHIC-Phil Inc,-,,YASA,,carriers_2026_W25_WK-25-26-CARRIERS_SP-MARKET-REPORT.pdf
2026-06-22,25,bulk_carriers,1,LADY DEENA,BC,182588.0,2020,JAPAN MARINE UTD - KUR,66.00,66.0,UNDISCLOSED,,carriers_2026_W25_WK-25-26-CARRIERS_SP-MARKET-REPORT.pdf
2026-06-22,25,bulk_carriers,1,LEVANTE,BC,93207.0,2012,Jiangsu Newyangzi Ship,15.60,15.6,UAE,,carriers_2026_W25_WK-25-26-CARRIERS_SP-MARKET-REPORT.pdf
2026-06-22,25,bulk_carriers,1,MONT BLANC HAWK,BC,81638.0,2017,Imabari Shbldg - Marugame,32.80,32.8,GREEK,,carriers_2026_W25_WK-25-26-CARRIERS_SP-MARKET-REPORT.pdf
2026-06-22,25,bulk_carriers,1,MARVEL I,BC,79200.0,2011,COSCO Dalian Shipyard,13.10,13.1,CHINESE,,carriers_2026_W25_WK-25-26-CARRIERS_SP-MARKET-REPORT.pdf
2026-06-22,25,bulk_carriers,1,MARINICKI C,BC,76629.0,2005,Imabari Shbldg - Marugame,11.50,11.5,CHINESE,,carriers_2026_W25_WK-25-26-CARRIERS_SP-MARKET-REPORT.pdf
2026-06-22,25,bulk_carriers,1,MAUD,BC,56969.0,2012,Jiangsu Hantong Ship HI,15.00,15.0,UNDISCLOSED,,carriers_2026_W25_WK-25-26-CARRIERS_SP-MARKET-REPORT.pdf
2026-06-22,25,bulk_carriers,1,DATO LUCKY,BC,56881.0,2011,Taizhou Kouan Shipbuilding,13.50,13.5,UNDISCLOSED,,carriers_2026_W25_WK-25-26-CARRIERS_SP-MARKET-REPORT.pdf
2026-06-22,25,bulk_carriers,1,FLC HAPPINESS,BC,56799.0,2009,Taizhou Kouan Shipbuilding,12.50,12.5,UNDISCLOSED,,carriers_2026_W25_WK-25-26-CARRIERS_SP-MARKET-REPORT.pdf
2026-06-22,25,bulk_carriers,1,LILA CUMBERLAND,BC,56531.0,2013,Jiangsu Hantong Ship HI,16.50,16.5,ADNOC,,carriers_2026_W25_WK-25-26-CARRIERS_SP-MARKET-REPORT.pdf
2026-06-22,25,bulk_carriers,1,OCEAN BRIGHT,BC,56032.0,2013,Mitsui Tamano,19.20,19.2,UNDISCLOSED,,carriers_2026_W25_WK-25-26-CARRIERS_SP-MARKET-REPORT.pdf
2026-06-22,25,bulk_carriers,1,CASTLEGATE,BC,53503.0,2008,Iwagi Zosen Co Ltd,12.90,12.9,UNDISCLOSED,,carriers_2026_W25_WK-25-26-CARRIERS_SP-MARKET-REPORT.pdf
2026-06-22,25,bulk_carriers,1,SHINSUNG ACCORD,BC,37063.0,2015,Saiki Heavy Industries Co Ltd,HIGH 18.00,18.0,UNDISCLOSED,,carriers_2026_W25_WK-25-26-CARRIERS_SP-MARKET-REPORT.pdf
2026-06-22,25,bulk_carriers,1,TEAM VIEW,BC,35914.0,2011,Hyundai Mipo Dockyard Co,13.70,13.7,CHINESE,,carriers_2026_W25_WK-25-26-CARRIERS_SP-MARKET-REPORT.pdf
2026-06-22,25,bulk_carriers,1,NORDIC MALMOE,BC,35843.0,2012,Nantong Jinghua Shipbuilding,13.70,13.7,UNDISCLOSED,,carriers_2026_W25_WK-25-26-CARRIERS_SP-MARKET-REPORT.pdf
2026-06-22,25,bulk_carriers,1,SUN GRACE,BC,33745.0,2004,Oshima Shipbuilding Co Ltd,7.25,7.25,UNDISCLOSED,,carriers_2026_W25_WK-25-26-CARRIERS_SP-MARKET-REPORT.pdf
2026-06-22,25,bulk_carriers,1,KUMANO,BC,30438.0,2006,Shin Kochi,13.00,13.0,CHINESE,Heavy Lifter,carriers_2026_W25_WK-25-26-CARRIERS_SP-MARKET-REPORT.pdf
2026-06-22,25,tankers,1,YAMATOGAWA,TANKER,302488.0,2006,Kawasaki Shipbuilding -,61.00,61.0,UNDISCLOSED,,carriers_2026_W25_WK-25-26-CARRIERS_SP-MARKET-REPORT.pdf
2026-06-22,25,tankers,1,COSMO SAIL,TANKER,159233.0,2007,Hyundai Samho HI,49.50,49.5,UNDISCLOSED,,carriers_2026_W25_WK-25-26-CARRIERS_SP-MARKET-REPORT.pdf
2026-06-22,25,tankers,1,SHANHAIGUAN P110K-,TANKER,114800.0,2026,Dalian Shipbuilding Ind - No 1,90.00,90.0,TURKISH,,carriers_2026_W25_WK-25-26-CARRIERS_SP-MARKET-REPORT.pdf
2026-06-22,25,tankers,1,SERIANA,TANKER,109991.0,2015,Sumitomo Heavy Marine,72.00,72.0,GREAT EASTERN,,carriers_2026_W25_WK-25-26-CARRIERS_SP-MARKET-REPORT.pdf
2026-06-22,25,tankers,1,NAVE ARIADNE,TANKER,74875.0,2007,STX Shipbuilding - Jinhae,22.00,22.0,UNDISCLOSED,,carriers_2026_W25_WK-25-26-CARRIERS_SP-MARKET-REPORT.pdf
2026-06-22,25,tankers,1,CAPE TEMPEST,TANKER,73720.0,2008,New Times Shipbuilding,44.00 EN BLOC,44.0,UNDISCLOSED,,carriers_2026_W25_WK-25-26-CARRIERS_SP-MARKET-REPORT.pdf
2026-06-22,25,tankers,1,CAPE TAURA,TANKER,73634.0,2007,New Times Shipbuilding,44.00 EN BLOC,44.0,UNDISCLOSED,,carriers_2026_W25_WK-25-26-CARRIERS_SP-MARKET-REPORT.pdf
2026-06-22,25,tankers,1,SANDPIPER PACIFIC,TANKER,51833.0,2013,Sungdong Shipbuilding & Eng,32.00,32.0,UNDISCLOSED,,carriers_2026_W25_WK-25-26-CARRIERS_SP-MARKET-REPORT.pdf
2026-06-22,25,tankers,1,SERI BALHAF,LNG,91201.0,2009,Mitsubishi Nagasaki,65.00,65.0,INDONESIAN,,carriers_2026_W25_WK-25-26-CARRIERS_SP-MARKET-REPORT.pdf
2026-06-22,25,containers,1,THEODOR,CV,17814.0,2006,Shandong Weihai Shipyard,-,,LILA GLOBAL,"1,368 TEU",carriers_2026_W25_WK-25-26-CARRIERS_SP-MARKET-REPORT.pdf
2026-06-22,25,containers,1,MARINA L,CV,17695.0,2009,Shandong Weihai Shipyard,-,,LILA GLOBAL,"1,368 TEU",carriers_2026_W25_WK-25-26-CARRIERS_SP-MARKET-REPORT.pdf
2026-06-29,26,bulk_carriers,1,CORNELIE OLDENDORFF,BC,93246.0,2011,Yangfan Group Co Ltd,HIGH 15.00,15.0,GREEK,,carriers_2026_W26_WK-26-26-CARRIERS_SP-MARKET-REPORT.pdf
2026-06-29,26,bulk_carriers,1,SEACON HAMBURG,BC,85505.0,2023,Huangpu Wenchong Longxue,37.50,37.5,CASTOR MARINE,,carriers_2026_W26_WK-26-26-CARRIERS_SP-MARKET-REPORT.pdf
2026-06-29,26,bulk_carriers,1,ROSTRUM STOIC,BC,82175.0,2023,Jiangsu New Hantong,37.20,37.2,UNDISCLOSED,,carriers_2026_W26_WK-26-26-CARRIERS_SP-MARKET-REPORT.pdf
2026-06-29,26,bulk_carriers,1,ETRON,BC,81080.0,2016,Jiangsu Jinling Ships Co Ltd,27.00,27.0,AGRICORE,DD DUE,carriers_2026_W26_WK-26-26-CARRIERS_SP-MARKET-REPORT.pdf
2026-06-29,26,bulk_carriers,1,ULTRA SAKA,BC,63526.0,2013,Chengxi Shipyard Jiangyin,23.25,23.25,CHINESE,,carriers_2026_W26_WK-26-26-CARRIERS_SP-MARKET-REPORT.pdf
2026-06-29,26,bulk_carriers,1,UNITY MARIA,BC,55705.0,2012,Hyundai Mipo Dockyard Co,16.50,16.5,UNDISCLOSED,,carriers_2026_W26_WK-26-26-CARRIERS_SP-MARKET-REPORT.pdf
2026-06-29,26,bulk_carriers,1,ASTRO PROPUS,BC,38271.0,2014,Imabari Shbldg - Imabari,19.00,19.0,DEVBULK,,carriers_2026_W26_WK-26-26-CARRIERS_SP-MARKET-REPORT.pdf
2026-06-29,26,bulk_carriers,1,MAPLE MARINA,BC,37194.0,2012,Hyundai Mipo Dockyard Co,14.30,14.3,GREEK,,carriers_2026_W26_WK-26-26-CARRIERS_SP-MARKET-REPORT.pdf
2026-06-29,26,bulk_carriers,1,DARYA KRISHNA,BC,34874.0,2016,Namura Shipbuilding - Imari,20.00,20.0,UNDISCLOSED,,carriers_2026_W26_WK-26-26-CARRIERS_SP-MARKET-REPORT.pdf
2026-06-29,26,tankers,1,ECLAT,TANKER,299031.0,2004,Universal Shbldg - Ariake,50.00,50.0,UNDISCLOSED,,carriers_2026_W26_WK-26-26-CARRIERS_SP-MARKET-REPORT.pdf
2026-06-29,26,tankers,1,HANSA OSLO,TANKER,51215.0,2007,STX Shipbuilding - Jinhae,20.00,20.0,UNDISCLOSED,,carriers_2026_W26_WK-26-26-CARRIERS_SP-MARKET-REPORT.pdf
2026-06-29,26,tankers,1,XING TONG 799,TANKER,49962.0,2011,Onomichi Dockyard Co Ltd,27.50,27.5,UNDISCLOSED,,carriers_2026_W26_WK-26-26-CARRIERS_SP-MARKET-REPORT.pdf
2026-06-29,26,containers,1,NJORD,CV,9543.0,2007,Sainty Shipbuilding,7.50,7.5,JSV LOGISTIC,809 TEU,carriers_2026_W26_WK-26-26-CARRIERS_SP-MARKET-REPORT.pdf
2026-07-20,29,bulk_carriers,1,AASHNA,BC,179523.0,2012,HHIC-Phil Inc,"37,500,000",37.5,CHINESE,,carriers_2026_W29_WK-29-26-CARRIERS_SP-MARKET-REPORT.pdf
2026-07-20,29,bulk_carriers,1,INDUS PROSPERITY,BC,92988.0,2011,Taizhou Sanfu Ship Engineering,"13,250,000",13.25,UNDISCLOSED,SS/DD DUE,carriers_2026_W29_WK-29-26-CARRIERS_SP-MARKET-REPORT.pdf
2026-07-20,29,bulk_carriers,1,OCEAN RHEA,BC,92648.0,2011,Jiangsu Jinling Ships Co Ltd,"15,250,000",15.25,UNDISCLOSED,,carriers_2026_W29_WK-29-26-CARRIERS_SP-MARKET-REPORT.pdf
2026-07-20,29,bulk_carriers,1,BRITTA OLDENDORFF,BC,62623.0,2020,Oshima Shipbuilding Co Ltd,"37,000,000",37.0,MEGHNA,,carriers_2026_W29_WK-29-26-CARRIERS_SP-MARKET-REPORT.pdf
2026-07-20,29,bulk_carriers,1,BENJAMIN OLDENDORFF,BC,62623.0,2020,Oshima Shipbuilding Co Ltd,"37,000,000",37.0,MEGHNA,,carriers_2026_W29_WK-29-26-CARRIERS_SP-MARKET-REPORT.pdf
2026-07-20,29,bulk_carriers,1,BLUE AKIHABARA,BC,61630.0,2014,Nantong COSCO KHI Ship Eng,"25,500,000",25.5,GREEK,,carriers_2026_W29_WK-29-26-CARRIERS_SP-MARKET-REPORT.pdf
2026-07-20,29,bulk_carriers,1,INCE BEYLERBEYI,BC,61429.0,2012,Iwagi Zosen Co Ltd,"22,500,000",22.5,MIDDLE EASTERN,,carriers_2026_W29_WK-29-26-CARRIERS_SP-MARKET-REPORT.pdf
2026-07-20,29,bulk_carriers,1,IVS CRIMSON CREEK,BC,57945.0,2014,Shin Kurushima Toyohashi,"23,300,000",23.3,GREEK,,carriers_2026_W29_WK-29-26-CARRIERS_SP-MARKET-REPORT.pdf
2026-07-20,29,bulk_carriers,1,HPC ATLANTIC,BC,56064.0,2013,MINAMINIPPON SHBLDG -,"19,500,000",19.5,UNDISCLOSED,,carriers_2026_W29_WK-29-26-CARRIERS_SP-MARKET-REPORT.pdf
2026-07-20,29,bulk_carriers,1,OCEAN HIRYU,BC,52982.0,2003,Oshima Shipbuilding Co Ltd,"7,900,000",7.9,CHINESE,,carriers_2026_W29_WK-29-26-CARRIERS_SP-MARKET-REPORT.pdf
2026-07-20,29,bulk_carriers,1,THOR INFINITY,BC,52383.0,2002,Tsuneishi Heavy Inds Cebu,"7,800,000",7.8,CHINESE,,carriers_2026_W29_WK-29-26-CARRIERS_SP-MARKET-REPORT.pdf
2026-07-20,29,bulk_carriers,1,BLUE UNION ALPHA,BC,28386.0,2011,Imabari Shbldg - Imabari,"9,650,000",9.65,UNDISCLOSED,,carriers_2026_W29_WK-29-26-CARRIERS_SP-MARKET-REPORT.pdf
2026-07-20,29,tankers,1,GH HOLIDAY,TANKER,157543.0,2016,New Times Shipbuilding Co,"81,000,000",81.0,MIDDLE EASTERN,,carriers_2026_W29_WK-29-26-CARRIERS_SP-MARKET-REPORT.pdf
2026-07-20,29,tankers,1,MINERVA RITA,TANKER,50922.0,2005,STX Shipbuilding - Jinhae,"16,200,000",16.2,CHINESE,,carriers_2026_W29_WK-29-26-CARRIERS_SP-MARKET-REPORT.pdf
2026-07-20,29,tankers,1,FG ROTTERDAM,TANKER,19995.0,2012,Usuki Shipyard Co Ltd,"22,700,000",22.7,UNDISCLOSED,,carriers_2026_W29_WK-29-26-CARRIERS_SP-MARKET-REPORT.pdf
2026-07-20,29,tankers,1,DING HENG 39,TANKER,19994.0,2008,Fukuoka Shipbuilding - Fukuoka,"18,300,000",18.3,UNDISCLOSED,ST. STEEL SS/DD DUE,carriers_2026_W29_WK-29-26-CARRIERS_SP-MARKET-REPORT.pdf
2026-07-20,29,tankers,1,CNC DREAM,TANKER,19773.0,2004,Fukuoka Shipbuilding - Fukuoka,"11,500,000",11.5,UNDISCLOSED,ST. STEEL,carriers_2026_W29_WK-29-26-CARRIERS_SP-MARKET-REPORT.pdf
2026-07-20,29,containers,1,APOLLO TRADER,CV,13732.0,2003,Jiangdong Shipyard,"11,000,000",11.0,UNDISCLOSED,"1,118 TEU",carriers_2026_W29_WK-29-26-CARRIERS_SP-MARKET-REPORT.pdf
2026-07-27,30,bulk_carriers,1,ATTIKOS,BC,178929.0,2012,Sungdong Shipbuilding & Eng,"37,000,000",37.0,UNDISCLOSED,,carriers_2026_W30_WK-30-26-CARRIERS_SP-MARKET-REPORT.pdf
2026-07-27,30,bulk_carriers,1,PONT-ROUGE,BC,82395.0,2025,JAPAN MARINE UTD - KUR,"36,000,000",36.0,UNDISCLOSED,FWD DELY,carriers_2026_W30_WK-30-26-CARRIERS_SP-MARKET-REPORT.pdf
2026-07-27,30,bulk_carriers,1,MONT FORT,BC,82113.0,2012,TSUNEISHI SHBLDG - TDT,"22,000,000",22.0,UNDISCLOSED,,carriers_2026_W30_WK-30-26-CARRIERS_SP-MARKET-REPORT.pdf
2026-07-27,30,bulk_carriers,1,YARRA,BC,78184.0,2015,Sasebo Heavy Industries,"28,500,000",28.5,CHINESE,,carriers_2026_W30_WK-30-26-CARRIERS_SP-MARKET-REPORT.pdf
2026-07-27,30,bulk_carriers,1,IVESTOS 8,BC,75239.0,2008,Hudong-Zhonghua,"11,700,000",11.7,UNDISCLOSED,,carriers_2026_W30_WK-30-26-CARRIERS_SP-MARKET-REPORT.pdf
2026-07-27,30,bulk_carriers,1,SEACON TOKYO,BC,66628.0,2023,Tsuneishi Zhoushan Shbldg,"41,600,000",41.6,UAE,,carriers_2026_W30_WK-30-26-CARRIERS_SP-MARKET-REPORT.pdf
2026-07-27,30,bulk_carriers,1,CMB JORDAENS,BC,63447.0,2019,Tadotsu Shipyard Co Ltd,"35,200,000",35.2,UNDISCLOSED,,carriers_2026_W30_WK-30-26-CARRIERS_SP-MARKET-REPORT.pdf
2026-07-27,30,bulk_carriers,1,AMIS WISDOM VI,BC,61456.0,2011,Shin Kasado Dockyard Co Ltd,"22,300,000",22.3,UNDISCLOSED,SS/DD PASSED,carriers_2026_W30_WK-30-26-CARRIERS_SP-MARKET-REPORT.pdf
2026-07-27,30,bulk_carriers,1,UNITED HALO,BC,55848.0,2012,IHI Marine United - Kure,"19,000,000",19.0,UNDISCLOSED,,carriers_2026_W30_WK-30-26-CARRIERS_SP-MARKET-REPORT.pdf
2026-07-27,30,bulk_carriers,1,VENUS HALO,BC,55848.0,2012,IHI Marine United - Kure,"19,000,000",19.0,UNDISCLOSED,,carriers_2026_W30_WK-30-26-CARRIERS_SP-MARKET-REPORT.pdf
2026-07-27,30,bulk_carriers,1,CAPT EUGENE,BC,55499.0,2010,Mitsui Chiba Ichihara,"16,600,000",16.6,UNDISCLOSED,,carriers_2026_W30_WK-30-26-CARRIERS_SP-MARKET-REPORT.pdf
2026-07-27,30,bulk_carriers,1,AFRICAN HARRIER,BC,37707.0,2014,Imabari Shbldg - Imabari,"20,100,000",20.1,UNDISCLOSED,,carriers_2026_W30_WK-30-26-CARRIERS_SP-MARKET-REPORT.pdf
2026-07-27,30,bulk_carriers,1,IKAN LANDUK,BC,37115.0,2013,Onomichi Dockyard Co Ltd,HIGH 16’S,16.0,UNDISCLOSED,,carriers_2026_W30_WK-30-26-CARRIERS_SP-MARKET-REPORT.pdf
2026-07-27,30,tankers,1,VELOS EMERALD,TANKER,115042.0,2008,Sasebo Heavy Industries,"50,000,000",50.0,UNDISCLOSED,,carriers_2026_W30_WK-30-26-CARRIERS_SP-MARKET-REPORT.pdf
2026-07-27,30,tankers,1,ELLIE LADY,TANKER,109999.0,2009,Sungdong Shipbuilding & Eng,"47,500,000",47.5,TRAFIGURA,,carriers_2026_W30_WK-30-26-CARRIERS_SP-MARKET-REPORT.pdf
2026-07-27,30,tankers,1,EVA HONGKONG,TANKER,19861.0,2017,Usuki Shipyard Co Ltd,"30,000,000",30.0,UNDISCLOSED,ST. STEEL,carriers_2026_W30_WK-30-26-CARRIERS_SP-MARKET-REPORT.pdf
2026-07-27,30,containers,1,MH PEGASUS,CV,86451.0,2023,Shanghai Waigaoqiao Shbldg,,,,"7,092 TEU",carriers_2026_W30_WK-30-26-CARRIERS_SP-MARKET-REPORT.pdf
2026-07-27,30,containers,1,EA CENTAURUS,CV,86362.0,2023,Shanghai Waigaoqiao Shbldg,"85,000,000",85.0,MPC,INCL 3 YEAR TC,carriers_2026_W30_WK-30-26-CARRIERS_SP-MARKET-REPORT.pdf
2026-07-27,30,containers,1,MH PERSEUS,CV,86353.0,2023,Shanghai Waigaoqiao Shbldg,EACH,,,TO COSCO,carriers_2026_W30_WK-30-26-CARRIERS_SP-MARKET-REPORT.pdf
2026-08-03,31,bulk_carriers,1,ASANAGI,BC,182162.0,2022,Tadotsu Shipyard Co Ltd,"50,000,000",50.0,UNDISCLOSED,FWD DELY,carriers_2026_W31_WK-31-26-CARRIERS_SP-MARKET-REPORT.pdf
2026-08-03,31,bulk_carriers,1,ANGLO MARIE LOUISE,BC,114674.0,2011,New Times Shipbuilding Co,"20,000,000",20.0,UNDISCLOSED,,carriers_2026_W31_WK-31-26-CARRIERS_SP-MARKET-REPORT.pdf
2026-08-03,31,bulk_carriers,1,ANGLO JESSICA,BC,114664.0,2010,New Times Shipbuilding Co,"20,000,000",20.0,UNDISCLOSED,,carriers_2026_W31_WK-31-26-CARRIERS_SP-MARKET-REPORT.pdf
2026-08-03,31,bulk_carriers,1,ANGLO ALEXANDRIA,BC,114248.0,2011,New Times Shipbuilding Co,"20,000,000",20.0,UNDISCLOSED,,carriers_2026_W31_WK-31-26-CARRIERS_SP-MARKET-REPORT.pdf
2026-08-03,31,bulk_carriers,1,NORD ANTARES,BC,82258.0,2022,Jiangsu Yangzi-Mitsui SB,"37,500,000",37.5,NOVA MARINE,,carriers_2026_W31_WK-31-26-CARRIERS_SP-MARKET-REPORT.pdf
2026-08-03,31,bulk_carriers,1,NORD ANDROMEDA,BC,82251.0,2022,Jiangsu Yangzi-Mitsui SB,"37,500,000",37.5,NOVA MARINE,,carriers_2026_W31_WK-31-26-CARRIERS_SP-MARKET-REPORT.pdf
2026-08-03,31,bulk_carriers,1,VELOS JASPER,BC,82167.0,2012,TSUNEISHI SHBLDG - TDT,"23,500,000",23.5,CHINESE,,carriers_2026_W31_WK-31-26-CARRIERS_SP-MARKET-REPORT.pdf
2026-08-03,31,bulk_carriers,1,ARTVIN,BC,81827.0,2011,Hyundai Mipo Dockyard Co,"19,450,000",19.45,UNDISCLOSED,,carriers_2026_W31_WK-31-26-CARRIERS_SP-MARKET-REPORT.pdf
2026-08-03,31,bulk_carriers,1,ORDU,BC,81660.0,2012,Hyundai Mipo Dockyard Co,"19,450,000",19.45,UNDISCLOSED,,carriers_2026_W31_WK-31-26-CARRIERS_SP-MARKET-REPORT.pdf
2026-08-03,31,bulk_carriers,1,G. B. CORRADO,BC,77061.0,2008,Oshima Shipbuilding Co Ltd,"15,000,000",15.0,UNDISCLOSED,,carriers_2026_W31_WK-31-26-CARRIERS_SP-MARKET-REPORT.pdf
2026-08-03,31,bulk_carriers,1,AGIOS NEKTARIOS I,BC,56722.0,2010,Jiangsu Hantong Ship HI,"13,300,000",13.3,UNDISCLOSED,,carriers_2026_W31_WK-31-26-CARRIERS_SP-MARKET-REPORT.pdf
2026-08-03,31,bulk_carriers,1,EBURY TRADER,BC,56603.0,2011,China Shipping Ind Jiangsu,"13,000,000",13.0,UNDISCLOSED,SS DUE 9/2026,carriers_2026_W31_WK-31-26-CARRIERS_SP-MARKET-REPORT.pdf
2026-08-03,31,bulk_carriers,1,LILA FROSTBURG,BC,56425.0,2013,Jiangsu Hantong Ship HI,"16,800,000",16.8,UNDISCLOSED,DD PASSED,carriers_2026_W31_WK-31-26-CARRIERS_SP-MARKET-REPORT.pdf
2026-08-03,31,bulk_carriers,1,VIVA ECLIPSE,BC,54279.0,2009,Jiangsu Eastern HI,"11,750,000",11.75,UNDISCLOSED,,carriers_2026_W31_WK-31-26-CARRIERS_SP-MARKET-REPORT.pdf
2026-08-03,31,bulk_carriers,1,NIKOS N,BC,53815.0,2011,Chengxi Shipyard Jiangyin,"15,200,000",15.2,UNDISCLOSED,,carriers_2026_W31_WK-31-26-CARRIERS_SP-MARKET-REPORT.pdf
2026-08-03,31,bulk_carriers,1,BLUE DIAMOND,BC,53521.0,2008,Ha Long Shbldg Co - Ha Long,"11,000,000",11.0,UNDISCLOSED,,carriers_2026_W31_WK-31-26-CARRIERS_SP-MARKET-REPORT.pdf
2026-08-03,31,bulk_carriers,1,LIANSON HERMES,BC,53507.0,2009,Zhejiang Shbldg - Ningbo,"13,000,000",13.0,INDIAN,,carriers_2026_W31_WK-31-26-CARRIERS_SP-MARKET-REPORT.pdf
2026-08-03,31,bulk_carriers,1,SAKURA DREAM,BC,38213.0,2013,Imabari Shbldg - Imabari,"18,500,000",18.5,UNDISCLOSED,,carriers_2026_W31_WK-31-26-CARRIERS_SP-MARKET-REPORT.pdf
2026-08-03,31,bulk_carriers,1,NEW JOURNEY,BC,36371.0,2015,Shikoku Dockyard,"19,800,000",19.8,UNDISCLOSED,,carriers_2026_W31_WK-31-26-CARRIERS_SP-MARKET-REPORT.pdf
2026-08-03,31,bulk_carriers,1,SEAMEC GALLANT,BC,32289.0,2011,Jiangmen Nanyang Ship Eng,"12,000,000",12.0,UNDISCLOSED,SS DUE 10/2026,carriers_2026_W31_WK-31-26-CARRIERS_SP-MARKET-REPORT.pdf
2026-08-03,31,tankers,1,ANCHOR 18,TANKER,19971.0,2009,"Qingshan Shipyard 16,400,000.00",,,CHINESE,,carriers_2026_W31_WK-31-26-CARRIERS_SP-MARKET-REPORT.pdf
2026-08-03,31,tankers,1,METHANE MICKIE,LNG,86170.0,2010,"Samsung Heavy Inds - Geoje 79,000,000.00",,,USA,,carriers_2026_W31_WK-31-26-CARRIERS_SP-MARKET-REPORT.pdf
2026-08-03,31,containers,1,MONTPELLIER,CV,39418.0,2006,Hyundai Mipo Dockyard,"27,000,000",27.0,SINGAPORE,"2,824 TEU",carriers_2026_W31_WK-31-26-CARRIERS_SP-MARKET-REPORT.pdf
2026-08-03,31,containers,1,A ONTAKE,CV,11817.0,2023,Kyokuyo Shipyard Corp,"HIGH 26,000,000",26.0,UNDISCLOSED,"1,096 TEU",carriers_2026_W31_WK-31-26-CARRIERS_SP-MARKET-REPORT.pdf
2026-08-10,32,bulk_carriers,1,ORANGE TIGER,BC,181395.0,2011,Imabari Shbldg - Saijo,"36,500,000",36.5,GREEK,,carriers_2026_W32_WK-32-26-CARRIERS_SP-MARKET-REPORT.pdf
2026-08-10,32,bulk_carriers,1,CAPE CONDOR,BC,180253.0,2010,Koyo Dockyard Co Ltd,"39,000,000",39.0,UNDISCLOSED,,carriers_2026_W32_WK-32-26-CARRIERS_SP-MARKET-REPORT.pdf
2026-08-10,32,bulk_carriers,1,AQUAVITA AIM,BC,82192.0,2019,Oshima Shipbuilding Co Ltd,"38,200,000",38.2,EUROPEAN,,carriers_2026_W32_WK-32-26-CARRIERS_SP-MARKET-REPORT.pdf
2026-08-10,32,bulk_carriers,1,MEDI POSITANO,BC,81661.0,2015,TSUNEISHI SHBLDG - FKY,"31,000,000",31.0,GREEK,,carriers_2026_W32_WK-32-26-CARRIERS_SP-MARKET-REPORT.pdf
2026-08-10,32,bulk_carriers,1,ROYAL HOPE,BC,81011.0,2015,JAPAN MARINE UTD - TSU,"31,200,000",31.2,UNDISCLOSED,,carriers_2026_W32_WK-32-26-CARRIERS_SP-MARKET-REPORT.pdf
2026-08-10,32,bulk_carriers,1,FRANCESCO CORRADO,BC,77061.0,2008,Oshima Shipbuilding Co Ltd,"15,000,000",15.0,KOREAN,,carriers_2026_W32_WK-32-26-CARRIERS_SP-MARKET-REPORT.pdf
2026-08-10,32,bulk_carriers,1,GLORY BRIDGE,BC,50077.0,2001,Mitsui Chiba Ichihara,"7,500,000",7.5,UNDISCLOSED,,carriers_2026_W32_WK-32-26-CARRIERS_SP-MARKET-REPORT.pdf
2026-08-10,32,bulk_carriers,1,RONG FU,BC,28419.0,1999,Imabari Shbldg - Imabari,"4,800,000",4.8,CHINESE,,carriers_2026_W32_WK-32-26-CARRIERS_SP-MARKET-REPORT.pdf
2026-08-10,32,tankers,1,CELESTE NOVA,TANKER,318510.0,2013,Shanghai Waigaoqiao Shbldg,"120,000,000",120.0,ADNOC,,carriers_2026_W32_WK-32-26-CARRIERS_SP-MARKET-REPORT.pdf
2026-08-10,32,tankers,1,FRONT HUMBER,TANKER,298767.0,2017,Hyundai Samho HI,"135,000,000",135.0,ADNOC,,carriers_2026_W32_WK-32-26-CARRIERS_SP-MARKET-REPORT.pdf
2026-08-10,32,tankers,1,FRONT VEFSNA,TANKER,297638.0,2017,HHIC-Phil Inc,"135,000,000",135.0,ADNOC,,carriers_2026_W32_WK-32-26-CARRIERS_SP-MARKET-REPORT.pdf
2026-08-10,32,tankers,1,DHAN LAXMI,TANKER,50353.0,2004,ShinA Shipbuilding Co Ltd,"11,850,000",11.85,UNDISCLOSED,,carriers_2026_W32_WK-32-26-CARRIERS_SP-MARKET-REPORT.pdf
2026-08-10,32,tankers,1,DING HENG 36,TANKER,19098.0,2012,Zhejiang Taitong Shipyard Co,"22,700,000",22.7,UNDISCLOSED,,carriers_2026_W32_WK-32-26-CARRIERS_SP-MARKET-REPORT.pdf
2026-08-10,32,tankers,1,BELLA NEVADA,LPG,26447.0,2009,Hyundai Heavy Inds - Ulsan,"35,000,000",35.0,UNDISCLOSED,,carriers_2026_W32_WK-32-26-CARRIERS_SP-MARKET-REPORT.pdf
2026-08-10,32,containers,1,NORDPUMA,CV,23629.0,2015,Zhejiang Ouhua Shipbuilding,"31,000,000",31.0,UNDISCLOSED,"1,756 TEU",carriers_2026_W32_WK-32-26-CARRIERS_SP-MARKET-REPORT.pdf
2026-08-17,33,bulk_carriers,1,JIAN FA,BC,175085.0,2004,Shanghai Waigaoqiao Shbldg,"18,500,000",18.5,UNDISCLOSED,Scrubber fitted,carriers_2026_W33_WK-33-26-CARRIERS_SP-MARKET-REPORT.pdf
2026-08-17,33,bulk_carriers,1,BBG WUZHOU,BC,81895.0,2016,Tsuneishi Zhoushan Shbldg,"29,000,000",29.0,UNDISCLOSED,,carriers_2026_W33_WK-33-26-CARRIERS_SP-MARKET-REPORT.pdf
2026-08-17,33,bulk_carriers,1,PRESINGE,BC,81886.0,2015,Tsuneishi Zhoushan Shbldg,"31,000,000",31.0,UNDISCLOSED,,carriers_2026_W33_WK-33-26-CARRIERS_SP-MARKET-REPORT.pdf
2026-08-17,33,bulk_carriers,1,KARTINI SAMUDRA,BC,73592.0,2004,Daewoo Shipbuilding,"7,800,000",7.8,CHINESE,,carriers_2026_W33_WK-33-26-CARRIERS_SP-MARKET-REPORT.pdf
2026-08-17,33,bulk_carriers,1,GRAMOS,BC,61171.0,2019,Nantong COSCO KHI Ship,"34,500,000",34.5,GREEK,,carriers_2026_W33_WK-33-26-CARRIERS_SP-MARKET-REPORT.pdf
2026-08-17,33,bulk_carriers,1,GLOBAL ORIOLE,BC,58716.0,2012,Nantong COSCO KHI Ship,"19,00,000",0.0,UNDISCLOSED,,carriers_2026_W33_WK-33-26-CARRIERS_SP-MARKET-REPORT.pdf
2026-08-17,33,bulk_carriers,1,LILA MUNDRA,BC,57269.0,2009,STX Dalian Shipbuilding Co,"12,500,000",12.5,UNDISCLOSED,,carriers_2026_W33_WK-33-26-CARRIERS_SP-MARKET-REPORT.pdf
2026-08-17,33,tankers,1,SONANGOL NAMIBE,TANKER,158425.0,2007,Daewoo Shipbuilding &,"49,700,000",49.7,BEST OASIS,,carriers_2026_W33_WK-33-26-CARRIERS_SP-MARKET-REPORT.pdf
2026-08-17,33,tankers,1,BRISTOL,TANKER,157077.0,2024,Hyundai Samho HI,"123,000,000",123.0,NAFTOMAR,,carriers_2026_W33_WK-33-26-CARRIERS_SP-MARKET-REPORT.pdf
2026-08-17,33,tankers,1,ON PROMISE,TANKER,50100.0,2026,HD Hyundai Mipo Co Ltd,"59,000,000",59.0,UNDISCLOSED,Dely ex yard,carriers_2026_W33_WK-33-26-CARRIERS_SP-MARKET-REPORT.pdf
2026-08-17,33,tankers,1,ON PROSPER,TANKER,50100.0,2026,HD Hyundai Mipo Co Ltd,"59,000,000",59.0,UNDISCLOSED,Dely ex yard,carriers_2026_W33_WK-33-26-CARRIERS_SP-MARKET-REPORT.pdf
2026-08-17,33,tankers,1,ATLANTIC EAGLE,TANKER,47128.0,2007,Hyundai Mipo Dockyard Co,"18,000,000",18.0,UNDISCLOSED,,carriers_2026_W33_WK-33-26-CARRIERS_SP-MARKET-REPORT.pdf
2026-08-17,33,tankers,1,MUMBAI,TANKER,46818.0,2003,Hyundai Mipo Dockyard Co,"10,350,000",10.35,UNDISCLOSED,,carriers_2026_W33_WK-33-26-CARRIERS_SP-MARKET-REPORT.pdf
2026-08-17,33,tankers,1,MAERSK KATE,TANKER,39756.0,2010,Guangzhou Shipyard Intl Co L,"21,900,000",21.9,UNDISCLOSED,,carriers_2026_W33_WK-33-26-CARRIERS_SP-MARKET-REPORT.pdf
2026-08-17,33,tankers,1,DAMSGAARD,TANKER,19998.0,2016,Fukuoka Shipbuilding,"33,000,000",33.0,UNDISCLOSED,ST.STEEL,carriers_2026_W33_WK-33-26-CARRIERS_SP-MARKET-REPORT.pdf
2026-08-17,33,containers,1,AS SICILIA,CV,25927.0,2008,Taizhou Kouan Shipbuilding,"18,500,000",18.5,UNDISCLOSED,"1,794 TEU",carriers_2026_W33_WK-33-26-CARRIERS_SP-MARKET-REPORT.pdf
2026-08-24,34,bulk_carriers,1,RTM TASMAN,BC,205432.0,2013,HHIC-Phil Inc,-,,UNDISCLOSED,,carriers_2026_W34_WK-34-26-CARRIERS_SP-MARKET-REPORT.pdf
2026-08-24,34,bulk_carriers,1,MOUNT DAMPIER,BC,181469.0,2011,Imabari Shbldg - Saijo,"38,500,000",38.5,EUROPEAN,,carriers_2026_W34_WK-34-26-CARRIERS_SP-MARKET-REPORT.pdf
2026-08-24,34,bulk_carriers,1,IVESTOS 9,BC,75131.0,2008,Hudong-Zhonghua,"11,750,000",11.75,UNDISCLOSED,,carriers_2026_W34_WK-34-26-CARRIERS_SP-MARKET-REPORT.pdf
2026-08-24,34,bulk_carriers,1,AMARYLLIS,BC,63500.0,2013,Yangzhou Dayang,"24,300,000",24.3,CHINESE,,carriers_2026_W34_WK-34-26-CARRIERS_SP-MARKET-REPORT.pdf
2026-08-24,34,bulk_carriers,1,AFRICAN WAGTAIL,BC,58340.0,2013,DALIAN COSCO KHI SHIP,"20,000,000",20.0,UNDISCLOSED,,carriers_2026_W34_WK-34-26-CARRIERS_SP-MARKET-REPORT.pdf
2026-08-24,34,bulk_carriers,1,SPAR SCORPIO,BC,53565.0,2006,Chengxi Shipyard,"11,500,000",11.5,CHINESE,,carriers_2026_W34_WK-34-26-CARRIERS_SP-MARKET-REPORT.pdf
2026-08-24,34,bulk_carriers,1,ARKLOW SPIRIT,BC,34905.0,2013,Dae Sun Shipbuilding & Eng,"16,600,000",16.6,UNDISCLOSED,,carriers_2026_W34_WK-34-26-CARRIERS_SP-MARKET-REPORT.pdf
2026-08-24,34,tankers,1,HIPPOLYTA,TANKER,320013.0,2011,Bohai Shipbuilding Heavy Ind,-,,UNDISCLOSED,,carriers_2026_W34_WK-34-26-CARRIERS_SP-MARKET-REPORT.pdf
2026-08-24,34,tankers,1,HELLSTUGUTINDEN,TANKER,299095.0,2003,Universal Shbldg - Ariake,"57,000,000",57.0,UNDISCLOSED,SS/DD OVERDUE,carriers_2026_W34_WK-34-26-CARRIERS_SP-MARKET-REPORT.pdf
2026-08-24,34,tankers,1,SEASENATOR,TANKER,105715.0,2007,Namura Shipbuilding - Imari,"High 30,000,000",30.0,UNDISCLOSED,,carriers_2026_W34_WK-34-26-CARRIERS_SP-MARKET-REPORT.pdf
2026-08-24,34,tankers,1,CHAMPION CONCEPT,TANKER,47171.0,2005,Uljanik Brodogradiliste dd,"13,000,000",13.0,UNDISCLOSED,,carriers_2026_W34_WK-34-26-CARRIERS_SP-MARKET-REPORT.pdf
2026-08-24,34,tankers,1,WINFORT,TANKER,47171.0,2005,Uljanik Brodogradiliste dd,"13,000,000",13.0,UNDISCLOSED,,carriers_2026_W34_WK-34-26-CARRIERS_SP-MARKET-REPORT.pdf
2026-08-24,34,tankers,1,VICTORIA LYRA,LPG,58677.0,2008,Hyundai Heavy Inds - Ulsan,"68,000,000",68.0,UNDISCLOSED,,carriers_2026_W34_WK-34-26-CARRIERS_SP-MARKET-REPORT.pdf
2026-09-07,36,bulk_carriers,1,ERATO,BC,180120.0,2010,Imabari Shbldg - Saijo,"38,000,000",38.0,UNDISCLOSED,,carriers_2026_W36_WK-36-26-CARRIERS_SP-MARKET-REPORT.pdf
2026-09-07,36,bulk_carriers,1,NBA PEACE,BC,174766.0,2004,Shanghai Waigaoqiao Shbldg,"19,000,000",19.0,UNDISCLOSED,,carriers_2026_W36_WK-36-26-CARRIERS_SP-MARKET-REPORT.pdf
2026-09-07,36,bulk_carriers,1,KM MT. JADE,BC,81487.0,2008,Universal Shbldg - Maizuru,"16,000,000",16.0,CHINESE,,carriers_2026_W36_WK-36-26-CARRIERS_SP-MARKET-REPORT.pdf
2026-09-07,36,bulk_carriers,1,IVS DUNES,BC,62661.0,2020,Oshima Shipbuilding Co Ltd,"36,800,000",36.8,CHINESE,INCL T/C UNTIL Q1/Q2 2027,carriers_2026_W36_WK-36-26-CARRIERS_SP-MARKET-REPORT.pdf
2026-09-07,36,bulk_carriers,1,STENIA COLOSSUS,BC,58731.0,2011,Kawasaki HI - Sakaide - curr,"21,000,000",21.0,UNDISCLOSED,,carriers_2026_W36_WK-36-26-CARRIERS_SP-MARKET-REPORT.pdf
2026-09-07,36,bulk_carriers,1,CBW LIAN YUN GANG,BC,56869.0,2011,Xiamen Shipbuilding Industry,"10,500,000",10.5,UNDISCLOSED,,carriers_2026_W36_WK-36-26-CARRIERS_SP-MARKET-REPORT.pdf
2026-09-07,36,bulk_carriers,1,COLUMBIA RIVER,BC,55922.0,2006,Mitsui Tamano,"13,000,000",13.0,CHINESE,,carriers_2026_W36_WK-36-26-CARRIERS_SP-MARKET-REPORT.pdf
2026-09-07,36,bulk_carriers,1,OBE LOTUS,BC,55884.0,2014,Mitsui Chiba Ichihara,"23,200,000",23.2,GREEK,,carriers_2026_W36_WK-36-26-CARRIERS_SP-MARKET-REPORT.pdf
2026-09-07,36,bulk_carriers,1,IVS TEMBE,BC,37735.0,2016,Kanda Kawajiri,"17,400,000",17.4,UNDISCLOSED,,carriers_2026_W36_WK-36-26-CARRIERS_SP-MARKET-REPORT.pdf
2026-09-07,36,bulk_carriers,1,ANGELIC ANNA,BC,37187.0,2012,Saiki Heavy Industries Co Ltd,"15,000,000",15.0,UNDISCLOSED,,carriers_2026_W36_WK-36-26-CARRIERS_SP-MARKET-REPORT.pdf
2026-09-07,36,bulk_carriers,1,BIANCA,BC,33773.0,2013,Samjin Shipbuilding,"13,500,000",13.5,UNDISCLOSED,,carriers_2026_W36_WK-36-26-CARRIERS_SP-MARKET-REPORT.pdf
2026-09-07,36,tankers,1,MINERVA NOUNOU,TANKER,114850.0,2006,Daewoo Shipbuilding,"40,500,000",40.5,CHINESE,SS/DD DUE,carriers_2026_W36_WK-36-26-CARRIERS_SP-MARKET-REPORT.pdf
2026-09-07,36,tankers,1,SAI,TANKER,105200.0,2004,Samsung Heavy Inds - Geoje,"27,300,000",27.3,UNDISCLOSED,,carriers_2026_W36_WK-36-26-CARRIERS_SP-MARKET-REPORT.pdf
2026-09-07,36,tankers,1,VOULA,TANKER,73774.0,2009,New Times Shipbuilding Co,"22,000,000",22.0,UNDISCLOSED,,carriers_2026_W36_WK-36-26-CARRIERS_SP-MARKET-REPORT.pdf
2026-09-07,36,tankers,1,CABO SAN VICENTE,TANKER,63605.0,2008,STX Shipbuilding Co Ltd - Changwon (Jinhae Shipyard),"2,000,000",2.0,CHARTWORLD,,carriers_2026_W36_WK-36-26-CARRIERS_SP-MARKET-REPORT.pdf
2026-09-07,36,tankers,1,LVM AARON,TANKER,50927.0,2014,Dae Sun Shipbuilding & Eng,"35,500,000",35.5,BESIKTAS,,carriers_2026_W36_WK-36-26-CARRIERS_SP-MARKET-REPORT.pdf
2026-09-07,36,tankers,1,GRAN COUVA,TANKER,47128.0,2008,Hyundai Mipo Dockyard Co,"19,200,000",19.2,UNDISCLOSED,,carriers_2026_W36_WK-36-26-CARRIERS_SP-MARKET-REPORT.pdf
2026-09-07,36,tankers,1,LADY OF DORIA,TANKER,46846.0,2006,Naikai Zosen Corp - Setoda,"14,800,000",14.8,FAR EAST,,carriers_2026_W36_WK-36-26-CARRIERS_SP-MARKET-REPORT.pdf
2026-09-07,36,tankers,1,VULCANELLO M,TANKER,11288.0,2006,STX Shipbuilding - Busan,"7,500,000",7.5,UNDISCLOSED,SS/DD PASSED,carriers_2026_W36_WK-36-26-CARRIERS_SP-MARKET-REPORT.pdf
2026-09-14,37,bulk_carriers,1,OSAKA STAR,BC,84947.0,2016,Sasebo Heavy Industries,"34,000,000",34.0,UNDISCLOSED,,carriers_2026_W37_WK-37-26-CARRIERS_SP-MARKET-REPORT.pdf
2026-09-14,37,bulk_carriers,1,BW JAPAN,BC,81609.0,2019,Tsuneishi Heavy Inds Cebu,"38,250,000",38.25,GREAT EASTERN,,carriers_2026_W37_WK-37-26-CARRIERS_SP-MARKET-REPORT.pdf
2026-09-14,37,bulk_carriers,1,DAEBO GLADSTONE,BC,81399.0,2013,Hyundai Samho HI,"21,000,000",21.0,UNDISCLOSED,,carriers_2026_W37_WK-37-26-CARRIERS_SP-MARKET-REPORT.pdf
2026-09-14,37,bulk_carriers,1,SEA ORION,BC,76602.0,2005,Imabari Shbldg - Marugame,"11,500,000",11.5,UNDISCLOSED,,carriers_2026_W37_WK-37-26-CARRIERS_SP-MARKET-REPORT.pdf
2026-09-14,37,bulk_carriers,1,MELIA,BC,76225.0,2005,Tsuneishi Corp - Tadotsu,"11,500,000",11.5,UNDISCLOSED,,carriers_2026_W37_WK-37-26-CARRIERS_SP-MARKET-REPORT.pdf
2026-09-14,37,bulk_carriers,1,AE JUPITER,BC,74475.0,2007,Hudong-Zhonghua,"11,500,000",11.5,CHINESE,,carriers_2026_W37_WK-37-26-CARRIERS_SP-MARKET-REPORT.pdf
2026-09-14,37,bulk_carriers,1,DOLPHIN 76,BC,74133.0,2002,Namura Shipbuilding - Imari,"7,800,000",7.8,UNDISCLOSED,,carriers_2026_W37_WK-37-26-CARRIERS_SP-MARKET-REPORT.pdf
2026-09-14,37,bulk_carriers,1,OCEAN GLORY,BC,48437.0,2001,Sanoyas Hishino Meisho Corp,"5,800,000",5.8,UNDISCLOSED,,carriers_2026_W37_WK-37-26-CARRIERS_SP-MARKET-REPORT.pdf
2026-09-14,37,bulk_carriers,1,BOSTON HARMONY,BC,38561.0,2015,Shin Kurushima Toyohashi,"23,000,000",23.0,UNDISCLOSED,,carriers_2026_W37_WK-37-26-CARRIERS_SP-MARKET-REPORT.pdf
2026-09-14,37,bulk_carriers,1,CRIMSON WYOMING,BC,33117.0,2015,Kanda Kawajiri,"18,000,000",18.0,GREEK,,carriers_2026_W37_WK-37-26-CARRIERS_SP-MARKET-REPORT.pdf
2026-09-14,37,tankers,1,NISSOS HERACLEA,TANKER,313525.0,2009,Hyundai Heavy Inds - Ulsan,"112,000,000",112.0,MIDDLE EASTERN,,carriers_2026_W37_WK-37-26-CARRIERS_SP-MARKET-REPORT.pdf
2026-09-14,37,tankers,1,PINIOS,TANKER,299999.0,2026,Hengli Shipbuilding Dalian,"200,000,000",200.0,UNDISCLOSED,,carriers_2026_W37_WK-37-26-CARRIERS_SP-MARKET-REPORT.pdf
2026-09-14,37,containers,1,NEWNEW PANDA 1,CV,53697.0,2007,Hyundai Mipo,"43,000,000",43.0,UNDISCLOSED,"4,363 TEU",carriers_2026_W37_WK-37-26-CARRIERS_SP-MARKET-REPORT.pdf
2026-09-21,38,bulk_carriers,1,HOUHENG 6,BC,261838.0,2017,ZHOUSHAN CHANGHONG INT,"70,000,000",70.0,UNDISCLOSED,,carriers_2026_W38_WK-38-26-CARRIERS_SP-MARKET-REPORT.pdf
2026-09-21,38,bulk_carriers,1,HOUHENG 5,BC,261761.0,2017,Guangzhou Shipyard Intl Co,"70,000,000",70.0,UNDISCLOSED,,carriers_2026_W38_WK-38-26-CARRIERS_SP-MARKET-REPORT.pdf
2026-09-21,38,bulk_carriers,1,HIGHLAND,BC,174092.0,2006,Shanghai Waigaoqiao Shbldg,"25,000,000",25.0,UNDISCLOSED,,carriers_2026_W38_WK-38-26-CARRIERS_SP-MARKET-REPORT.pdf
2026-09-21,38,bulk_carriers,1,HC WISDOM,BC,95711.0,2013,Imabari Shbldg - Marugame,"24,500,000",24.5,UNDISCLOSED,,carriers_2026_W38_WK-38-26-CARRIERS_SP-MARKET-REPORT.pdf
2026-09-21,38,bulk_carriers,1,CK VENTURE,BC,82269.0,2012,Dalian Shipbuilding Ind - No 2,"19,000,000",19.0,UNDISCLOSED,,carriers_2026_W38_WK-38-26-CARRIERS_SP-MARKET-REPORT.pdf
2026-09-21,38,bulk_carriers,1,BORA,BC,81682.0,2014,Sainty Shipbuilding Yangzhou,"22,000,000",22.0,GREEK,,carriers_2026_W38_WK-38-26-CARRIERS_SP-MARKET-REPORT.pdf
2026-09-21,38,bulk_carriers,1,KING LOONG,BC,77430.0,2006,Oshima Shipbuilding Co Ltd,"13,000,000",13.0,UNDISCLOSED,,carriers_2026_W38_WK-38-26-CARRIERS_SP-MARKET-REPORT.pdf
2026-09-21,38,bulk_carriers,1,OCEAN TIANBAO,BC,63455.0,2016,China Shipping Ind Jiangsu,"27,500,000",27.5,TURKISH,,carriers_2026_W38_WK-38-26-CARRIERS_SP-MARKET-REPORT.pdf
2026-09-21,38,bulk_carriers,1,IPSEA COLOSSUS,BC,58818.0,2011,Kawasaki HI - Kobe - curr,"21,000,000",21.0,UNDISCLOSED,,carriers_2026_W38_WK-38-26-CARRIERS_SP-MARKET-REPORT.pdf
2026-09-21,38,bulk_carriers,1,DESERT SPRING,BC,57437.0,2012,Hyundai Mipo Dockyard,"17,900,000",17.9,UNDISCLOSED,,carriers_2026_W38_WK-38-26-CARRIERS_SP-MARKET-REPORT.pdf
2026-09-21,38,bulk_carriers,1,VELA,BC,53565.0,2007,Nam Trieu,"10,000,000",10.0,UNDISCLOSED,,carriers_2026_W38_WK-38-26-CARRIERS_SP-MARKET-REPORT.pdf
2026-09-21,38,bulk_carriers,1,WOOYANG CLES,BC,39202.0,2014,Yangfan Group Co Ltd,"18,500,000",18.5,UNDISCLOSED,,carriers_2026_W38_WK-38-26-CARRIERS_SP-MARKET-REPORT.pdf
2026-09-21,38,bulk_carriers,1,IVS KESTREL,BC,32768.0,2014,Kanda Kawajiri,"17,000,000",17.0,UNDISCLOSED,,carriers_2026_W38_WK-38-26-CARRIERS_SP-MARKET-REPORT.pdf
2026-09-21,38,tankers,1,KALLISTA,TANKER,317441.0,2010,Hyundai Heavy Inds - Ulsan,"132,000,000",132.0,CHINESE,,carriers_2026_W38_WK-38-26-CARRIERS_SP-MARKET-REPORT.pdf
2026-09-21,38,tankers,1,SEA LEOPARD,TANKER,314000.0,2011,Daewoo Shipbuilding,"135,000,000",135.0,UNDISCLOSED,,carriers_2026_W38_WK-38-26-CARRIERS_SP-MARKET-REPORT.pdf
2026-09-21,38,tankers,1,ASHOKA,TANKER,302550.0,2010,Universal Shbldg - Ariake,"130,000,000",130.0,UNDISCLOSED,,carriers_2026_W38_WK-38-26-CARRIERS_SP-MARKET-REPORT.pdf
2026-09-21,38,tankers,1,OLYMPIC FUTURE,TANKER,155039.0,2004,Namura Shipbuilding - Imari,"50,000,000",50.0,UNDISCLOSED,,carriers_2026_W38_WK-38-26-CARRIERS_SP-MARKET-REPORT.pdf
2026-09-21,38,tankers,1,OLYMPIC FLAG,TANKER,154966.0,2004,Namura Shipbuilding - Imari,"50,000,000",50.0,UNDISCLOSED,,carriers_2026_W38_WK-38-26-CARRIERS_SP-MARKET-REPORT.pdf
2026-09-21,38,tankers,1,GRAFF,TANKER,150678.0,2001,NKK Corp - Tsu,"45,000,000",45.0,UNDISCLOSED,,carriers_2026_W38_WK-38-26-CARRIERS_SP-MARKET-REPORT.pdf
2026-09-21,38,tankers,1,VIENNA WOOD,TANKER,105304.0,2010,Sumitomo Heavy Marine,"49,400,000",49.4,UNDISCLOSED,,carriers_2026_W38_WK-38-26-CARRIERS_SP-MARKET-REPORT.pdf
2026-09-21,38,tankers,1,KATHERINE LADY,TANKER,49999.0,2022,Hyundai Mipo Dockyard,"53,000,000",53.0,UNDISCLOSED,,carriers_2026_W38_WK-38-26-CARRIERS_SP-MARKET-REPORT.pdf
2026-09-21,38,tankers,1,ARDMORE ENDEAVOUR,TANKER,49859.0,2013,STX OFFSHORE & SHBLDG,"36,000,000",36.0,UNDISCLOSED,,carriers_2026_W38_WK-38-26-CARRIERS_SP-MARKET-REPORT.pdf
2026-09-21,38,containers,1,EF EMMA,CV,24095.0,2008,Aker Warnemuende,"22,000,000",22.0,MSC,"1,698 TEU",carriers_2026_W38_WK-38-26-CARRIERS_SP-MARKET-REPORT.pdf
2026-09-28,39,bulk_carriers,1,LC MILADY,BC,93758.0,2011,Shanhaiguan Shipbuilding Ind,"HIGH 14,000,000",14.0,UNDISCLOSED,,carriers_2026_W39_WK-39-26-CARRIERS_SP-MARKET-REPORT.pdf
2026-09-28,39,bulk_carriers,1,RTM DIAS,BC,89892.0,2013,Namura Shipbuilding - Imari,"42,800,000 EN BLOC",42.8,CHINESE,,carriers_2026_W39_WK-39-26-CARRIERS_SP-MARKET-REPORT.pdf
2026-09-28,39,bulk_carriers,1,RTM FLINDERS,BC,89892.0,2013,Namura Shipbuilding - Imari,"42,800,000 EN BLOC",42.8,CHINESE,,carriers_2026_W39_WK-39-26-CARRIERS_SP-MARKET-REPORT.pdf
2026-09-28,39,bulk_carriers,1,GCL HAZIRA,BC,81986.0,2021,Nantong COSCO KHI Ship,"38,000,000",38.0,UNDISCLOSED,DD PASSED,carriers_2026_W39_WK-39-26-CARRIERS_SP-MARKET-REPORT.pdf
2026-09-28,39,bulk_carriers,1,NEW WAVELET,BC,81984.0,2021,Nantong COSCO KHI Ship,"42,000,000",42.0,UNDISCLOSED,,carriers_2026_W39_WK-39-26-CARRIERS_SP-MARKET-REPORT.pdf
2026-09-28,39,bulk_carriers,1,BABITONGA,BC,81770.0,2019,TSUNEISHI SHBLDG - FKY,"38,500,000",38.5,SINCERE NAVIGATION,,carriers_2026_W39_WK-39-26-CARRIERS_SP-MARKET-REPORT.pdf
2026-09-28,39,bulk_carriers,1,GENEVA STAR,BC,75843.0,2009,Tsuneishi Holdings,"17,000,000",17.0,BRIGHT NAVIGATION,SS/DD DUE 04/2027,carriers_2026_W39_WK-39-26-CARRIERS_SP-MARKET-REPORT.pdf
2026-09-28,39,bulk_carriers,1,CS CALLA,BC,37482.0,2011,Tianjin Xingang Shipbuilding,"11,000,000",11.0,UNDISCLOSED,,carriers_2026_W39_WK-39-26-CARRIERS_SP-MARKET-REPORT.pdf
2026-09-28,39,bulk_carriers,1,CELESTE,BC,34295.0,2012,Zhejiang Jingang Shipbuilding,"11,100,000",11.1,GREEK,,carriers_2026_W39_WK-39-26-CARRIERS_SP-MARKET-REPORT.pdf
2026-09-28,39,tankers,1,SEEB,TANKER,319439.0,2011,Daewoo Shipbuilding,"160,000,000",160.0,UNDISCLOSED,,carriers_2026_W39_WK-39-26-CARRIERS_SP-MARKET-REPORT.pdf
2026-09-28,39,tankers,1,RAIN CUBIC,TANKER,319429.0,2008,Daewoo Shipbuilding,"92,000,000",92.0,UAE,,carriers_2026_W39_WK-39-26-CARRIERS_SP-MARKET-REPORT.pdf
2026-09-28,39,tankers,1,SEAKING,TANKER,319063.0,2013,Hyundai Heavy Inds - Ulsan,"177,000,000",177.0,UNDISCLOSED,,carriers_2026_W39_WK-39-26-CARRIERS_SP-MARKET-REPORT.pdf
2026-09-28,39,tankers,1,SUEZ PROTOPIA,TANKER,160391.0,2008,Samsung Heavy Inds - Geoje,"82,000,000",82.0,UNDISCLOSED,,carriers_2026_W39_WK-39-26-CARRIERS_SP-MARKET-REPORT.pdf
2026-09-28,39,tankers,1,SPEEDWAY,TANKER,158594.0,2017,Hyundai Samho HI,"98,000,000",98.0,UNDISCLOSED,,carriers_2026_W39_WK-39-26-CARRIERS_SP-MARKET-REPORT.pdf
2026-09-28,39,tankers,1,ALMI GALAXY,TANKER,157787.0,2012,Daewoo Shipbuilding,"88,000,000",88.0,UNDISCLOSED,,carriers_2026_W39_WK-39-26-CARRIERS_SP-MARKET-REPORT.pdf
2026-09-28,39,tankers,1,DAEHAN 5112,TANKER,156881.0,2027,Daehan Shipbuilding,"106,000,000",106.0,UNDISCLOSED,,carriers_2026_W39_WK-39-26-CARRIERS_SP-MARKET-REPORT.pdf
2026-09-28,39,tankers,1,VENDAVEL,TANKER,149999.0,2011,New Times Shipbuilding Co,"94,500,000",94.5,UNDISCLOSED,,carriers_2026_W39_WK-39-26-CARRIERS_SP-MARKET-REPORT.pdf
2026-09-28,39,tankers,1,POROS,TANKER,149876.0,2008,Universal Shbldg,"80,000,000",80.0,UNDISCLOSED,,carriers_2026_W39_WK-39-26-CARRIERS_SP-MARKET-REPORT.pdf
2026-09-28,39,tankers,1,MARLIN HESTIA,TANKER,74260.0,2017,Sungdong Shipbuilding & Eng,"49,000,000",49.0,PENINSULAR,,carriers_2026_W39_WK-39-26-CARRIERS_SP-MARKET-REPORT.pdf
2026-09-28,39,tankers,1,MARLIN HERA,TANKER,74198.0,2017,Sungdong Shipbuilding & Eng,"49,000,000",49.0,PENINSULAR,,carriers_2026_W39_WK-39-26-CARRIERS_SP-MARKET-REPORT.pdf
2026-09-28,39,tankers,1,CHEMTRANS NOVA,TANKER,73870.0,2006,New Century Shipbuilding Co,"20,000,000",20.0,UNDISCLOSED,,carriers_2026_W39_WK-39-26-CARRIERS_SP-MARKET-REPORT.pdf
2026-09-28,39,tankers,1,LONDON STAR,TANKER,73869.0,2006,New Century Shipbuilding Co,"21,500,000",21.5,CHINESE,,carriers_2026_W39_WK-39-26-CARRIERS_SP-MARKET-REPORT.pdf
2026-09-28,39,tankers,1,SEA RUNNER,TANKER,49999.0,2008,Guangzhou Shipyard Intl Co,"20,500,000",20.5,GREEK,,carriers_2026_W39_WK-39-26-CARRIERS_SP-MARKET-REPORT.pdf
2026-09-28,39,tankers,1,DYLAN,TANKER,49998.0,2009,Guangzhou Shipyard Intl Co,"19,500,000",19.5,GREEK,,carriers_2026_W39_WK-39-26-CARRIERS_SP-MARKET-REPORT.pdf
2026-09-28,39,containers,1,VELA,CV,56535.0,2009,Zhejiang,"10,000,000",10.0,UNDISCLOSED,"4,254 TEU",carriers_2026_W39_WK-39-26-CARRIERS_SP-MARKET-REPORT.pdf
