issue_date,issue,section,page,NAME,TYPE,DWT,BUILT,YARD,PRICE,BUYERS,SS_DD,COMMENTS,extra_json
2021-07-02,2021-07-02,Bulker Sales,1,SPRINGBANK,Capesize,"177,065",2010,NEW TIMES,MID USD 26 M,GREEKS,SS 11/25 DD 11/23,MAN-B&W 6S70MC BWTS fitted MAN-B&W 5S60ME-C8.2,"{""stem"": ""2021-07-02_clarkson-platou-hellas-sp-weekly-bulletin-107_report-02-07-2021_e704689b98db"", ""source_file"": ""2021-07-02_clarkson-platou-hellas-sp-weekly-bulletin-107_report-02-07-2021_e704689b98db.pdf"", ""raw_built"": ""2010 NEW TIMES"", ""raw_details"": ""MAN-B&W 6S70MC BWTS fitted MAN-B&W 5S60ME-C8.2"", ""printed_date"": ""02/07/2021""}"
2021-07-02,2021-07-02,Bulker Sales,1,VIALLI,Ultramax,"63,493",2015,CHENGXI,RGN USD 23 M,U/D,SS 01/25 DD 10/22,MAN-B&W 5S60ME-C8.2 4 x 30 T BWTS fitted,"{""stem"": ""2021-07-02_clarkson-platou-hellas-sp-weekly-bulletin-107_report-02-07-2021_e704689b98db"", ""source_file"": ""2021-07-02_clarkson-platou-hellas-sp-weekly-bulletin-107_report-02-07-2021_e704689b98db.pdf"", ""raw_built"": ""2015 CHENGXI"", ""raw_details"": ""MAN-B&W 5S60ME-C8.2 4 x 30 T BWTS fitted"", ""printed_date"": ""02/07/2021""}"
2021-07-02,2021-07-02,Bulker Sales,1,MADONNA III,Supramax,"53,390",2007,CHENGXI,HIGH USD 11 M,U/D,SS 09/22 DD 09/22,MAN-B&W 6S50MC-C 4 x 30 T,"{""stem"": ""2021-07-02_clarkson-platou-hellas-sp-weekly-bulletin-107_report-02-07-2021_e704689b98db"", ""source_file"": ""2021-07-02_clarkson-platou-hellas-sp-weekly-bulletin-107_report-02-07-2021_e704689b98db.pdf"", ""raw_built"": ""2007 CHENGXI"", ""raw_details"": ""MAN-B&W 6S50MC-C 4 x 30 T"", ""printed_date"": ""02/07/2021""}"
2021-07-02,2021-07-02,Bulker Sales,1,N DISCOVERY,Handysize,"37,019",2012,ZHENJIANG OUHUA,LOW USD 14 M,GREEKS,SS 10/22 DD 10/22,WARTSILA 6RTA48T 4 x 30 T Ice-1C,"{""stem"": ""2021-07-02_clarkson-platou-hellas-sp-weekly-bulletin-107_report-02-07-2021_e704689b98db"", ""source_file"": ""2021-07-02_clarkson-platou-hellas-sp-weekly-bulletin-107_report-02-07-2021_e704689b98db.pdf"", ""raw_built"": ""2012 ZHENJIANG OUHUA"", ""raw_details"": ""WARTSILA 6RTA48T 4 x 30 T Ice-1C"", ""printed_date"": ""02/07/2021""}"
2021-07-02,2021-07-02,Bulker Sales,1,DREAM ISLAND,Handysize,"34,467",2015,HAKODATE,RGN USD 19 M,TURKISH,SS 08/25 DD 09/23,MITSUBISHI 6UEC45LSE-ECO-B2 4 x 30 T BWTS fitted,"{""stem"": ""2021-07-02_clarkson-platou-hellas-sp-weekly-bulletin-107_report-02-07-2021_e704689b98db"", ""source_file"": ""2021-07-02_clarkson-platou-hellas-sp-weekly-bulletin-107_report-02-07-2021_e704689b98db.pdf"", ""raw_built"": ""2015 HAKODATE"", ""raw_details"": ""MITSUBISHI 6UEC45LSE-ECO-B2 4 x 30 T BWTS fitted"", ""printed_date"": ""02/07/2021""}"
2021-07-02,2021-07-02,Bulker Sales,1,KING COTTON,Handysize,"33,622",2011,SHIN KURUSHIMA,RGN/XS USD 14 M (BWTS on order included),U/D,SS 10/21 DD 08/21,MITSUBISHI 6UEC45LSE 4 x 30 T,"{""stem"": ""2021-07-02_clarkson-platou-hellas-sp-weekly-bulletin-107_report-02-07-2021_e704689b98db"", ""source_file"": ""2021-07-02_clarkson-platou-hellas-sp-weekly-bulletin-107_report-02-07-2021_e704689b98db.pdf"", ""raw_built"": ""2011 SHIN KURUSHIMA"", ""raw_details"": ""MITSUBISHI 6UEC45LSE 4 x 30 T"", ""printed_date"": ""02/07/2021""}"
2021-07-02,2021-07-02,Tanker Sales,1,NISSOS ANTIPAROS,VLCC,"318,744",2019,HYUNDAI HEAVY ULSAN,USD 180 M en bloc,NORWEGIANS (c/o Frontline),SS 07/24 DD 07/22,WARTSILA WINGD 7X82-B Scrubber & BWTS fitted,"{""stem"": ""2021-07-02_clarkson-platou-hellas-sp-weekly-bulletin-107_report-02-07-2021_e704689b98db"", ""source_file"": ""2021-07-02_clarkson-platou-hellas-sp-weekly-bulletin-107_report-02-07-2021_e704689b98db.pdf"", ""raw_built"": ""2019 HYUNDAI HEAVY ULSAN"", ""raw_details"": ""WARTSILA WINGD 7X82-B Scrubber & BWTS fitted"", ""printed_date"": ""02/07/2021""}"
2021-07-02,2021-07-02,Tanker Sales,1,JASMINE EXPRESS,MR,"46,999",2004,ONOMICHI,USD 7.65 M,GREEKS,SS 05/22 DD 05/22,"MAN-B&W 6S50MC6.1 No Coils, 4 Pumps","{""stem"": ""2021-07-02_clarkson-platou-hellas-sp-weekly-bulletin-107_report-02-07-2021_e704689b98db"", ""source_file"": ""2021-07-02_clarkson-platou-hellas-sp-weekly-bulletin-107_report-02-07-2021_e704689b98db.pdf"", ""raw_built"": ""2004 ONOMICHI"", ""raw_details"": ""MAN-B&W 6S50MC6.1 No Coils, 4 Pumps"", ""printed_date"": ""02/07/2021""}"
2021-07-09,2021-07-09,Bulker Sales,1,MANGAS,Capesize,"173,918",2011,BOHAI,RGN USD 24 M,GREEKS,SS 03/26 DD 05/24,WARTSILA 6RTA68T-B BWTS fitted,"{""stem"": ""2021-07-09_clarkson-platou-hellas-sp-weekly-bulletin-108_report-09-07-2021_a88266b1b022"", ""source_file"": ""2021-07-09_clarkson-platou-hellas-sp-weekly-bulletin-108_report-09-07-2021_a88266b1b022.pdf"", ""raw_built"": ""2011 BOHAI"", ""raw_details"": ""WARTSILA 6RTA68T-B BWTS fitted"", ""printed_date"": ""09/07/2021""}"
2021-07-09,2021-07-09,Bulker Sales,1,DOUBLE PROVIDENCE,Kamsarmax,"95,720",2012,IMABARI,USD 21.3 M,GREEKS,SS 11/21 DD 11/21,MAN-B&W 6S60MC-C,"{""stem"": ""2021-07-09_clarkson-platou-hellas-sp-weekly-bulletin-108_report-09-07-2021_a88266b1b022"", ""source_file"": ""2021-07-09_clarkson-platou-hellas-sp-weekly-bulletin-108_report-09-07-2021_a88266b1b022.pdf"", ""raw_built"": ""2012 IMABARI"", ""raw_details"": ""MAN-B&W 6S60MC-C"", ""printed_date"": ""09/07/2021""}"
2021-07-09,2021-07-09,Bulker Sales,1,SEA EXPRESS,Panamax,"79,252",2012,COSCO DALIAN,USD 18.8 M,GREEKS,SS 07/22 DD 07/22,MAN-B&W 7S50MC-C MAN-B&W 5G60ME-C9.2,"{""stem"": ""2021-07-09_clarkson-platou-hellas-sp-weekly-bulletin-108_report-09-07-2021_a88266b1b022"", ""source_file"": ""2021-07-09_clarkson-platou-hellas-sp-weekly-bulletin-108_report-09-07-2021_a88266b1b022.pdf"", ""raw_built"": ""2012 COSCO DALIAN"", ""raw_details"": ""MAN-B&W 7S50MC-C MAN-B&W 5G60ME-C9.2"", ""printed_date"": ""09/07/2021""}"
2021-07-09,2021-07-09,Bulker Sales,1,KMARIN ULSAN,Ultramax,"63,151",2014,JIANGSU HANTONG,RGN USD 21 M (Delivery 01/2022),CHINESE,SS 06/24 DD 08/22,MAN-B&W 5G60ME-C9.2 4 x 36 T BWTS fitted MAN-B&W 6S50MC-C,"{""stem"": ""2021-07-09_clarkson-platou-hellas-sp-weekly-bulletin-108_report-09-07-2021_a88266b1b022"", ""source_file"": ""2021-07-09_clarkson-platou-hellas-sp-weekly-bulletin-108_report-09-07-2021_a88266b1b022.pdf"", ""raw_built"": ""2014 JIANGSU HANTONG"", ""raw_details"": ""MAN-B&W 5G60ME-C9.2 4 x 36 T BWTS fitted MAN-B&W 6S50MC-C"", ""printed_date"": ""09/07/2021""}"
2021-07-09,2021-07-09,Bulker Sales,1,BULK COSTA RICA,Supramax,"58,758",2012,NACKS,RGN USD 19 M,GREEKS,SS 06/22 DD 06/22,MAN-B&W 6S50MC-C 4 x 30 T BWTS fitted,"{""stem"": ""2021-07-09_clarkson-platou-hellas-sp-weekly-bulletin-108_report-09-07-2021_a88266b1b022"", ""source_file"": ""2021-07-09_clarkson-platou-hellas-sp-weekly-bulletin-108_report-09-07-2021_a88266b1b022.pdf"", ""raw_built"": ""2012 NACKS"", ""raw_details"": ""MAN-B&W 6S50MC-C 4 x 30 T BWTS fitted"", ""printed_date"": ""09/07/2021""}"
2021-07-09,2021-07-09,Bulker Sales,1,BULK PATAGONIA,Supramax,"58,723",2012,KAWASAKI,,,SS 02/23 DD 02/23,MAN-B&W 6S50MC-C8.2 4 x 30 T MAN-B&W 6S50MC-C8.2,"{""stem"": ""2021-07-09_clarkson-platou-hellas-sp-weekly-bulletin-108_report-09-07-2021_a88266b1b022"", ""source_file"": ""2021-07-09_clarkson-platou-hellas-sp-weekly-bulletin-108_report-09-07-2021_a88266b1b022.pdf"", ""raw_built"": ""2012 KAWASAKI"", ""raw_details"": ""MAN-B&W 6S50MC-C8.2 4 x 30 T MAN-B&W 6S50MC-C8.2"", ""printed_date"": ""09/07/2021""}"
2021-07-09,2021-07-09,Bulker Sales,1,BULK CURACAO,Supramax,"57,937",2011,TSUNEISHI CEBU,USD 60 M en bloc,GREEKS,SS 05/26 DD 05/24,MAN-B&W 6S50MC-C8.2 4 x 30 T BWTS fitted,"{""stem"": ""2021-07-09_clarkson-platou-hellas-sp-weekly-bulletin-108_report-09-07-2021_a88266b1b022"", ""source_file"": ""2021-07-09_clarkson-platou-hellas-sp-weekly-bulletin-108_report-09-07-2021_a88266b1b022.pdf"", ""raw_built"": ""2011 TSUNEISHI CEBU"", ""raw_details"": ""MAN-B&W 6S50MC-C8.2 4 x 30 T BWTS fitted"", ""printed_date"": ""09/07/2021""}"
2021-07-09,2021-07-09,Bulker Sales,1,CENTENARIO FORZA,Supramax,"56,129",2012,MITSUI,RGN USD 18.5 M,U/D,SS 04/22 DD 04/22,MAN-B&W 6S50MC-C 4 x 30 T MAN-B&W 6S50MC-C,"{""stem"": ""2021-07-09_clarkson-platou-hellas-sp-weekly-bulletin-108_report-09-07-2021_a88266b1b022"", ""source_file"": ""2021-07-09_clarkson-platou-hellas-sp-weekly-bulletin-108_report-09-07-2021_a88266b1b022.pdf"", ""raw_built"": ""2012 MITSUI"", ""raw_details"": ""MAN-B&W 6S50MC-C 4 x 30 T MAN-B&W 6S50MC-C"", ""printed_date"": ""09/07/2021""}"
2021-07-09,2021-07-09,Bulker Sales,1,IMPERIAL FORTUNE,Supramax,"53,505",2006,IMABARI,USD 13.15 M,U/D,SS 10/25 DD 10/23,MAN-B&W 6S50MC-C 4 x 30 T BWTS fitted MAN-B&W 6S46ME-B8.5,"{""stem"": ""2021-07-09_clarkson-platou-hellas-sp-weekly-bulletin-108_report-09-07-2021_a88266b1b022"", ""source_file"": ""2021-07-09_clarkson-platou-hellas-sp-weekly-bulletin-108_report-09-07-2021_a88266b1b022.pdf"", ""raw_built"": ""2006 IMABARI"", ""raw_details"": ""MAN-B&W 6S50MC-C 4 x 30 T BWTS fitted MAN-B&W 6S46ME-B8.5"", ""printed_date"": ""09/07/2021""}"
2021-07-09,2021-07-09,Bulker Sales,1,DRY BEAM NEO,Handysize,"38,180",2019,SHIN KURUSHIMA,RGN USD 26 M,EUROPEANS,SS 12/24 DD 12/22,MAN-B&W 6S46ME-B8.5 4 x 30 T BWTS fitted MAN-B&W 6S50ME-B8,"{""stem"": ""2021-07-09_clarkson-platou-hellas-sp-weekly-bulletin-108_report-09-07-2021_a88266b1b022"", ""source_file"": ""2021-07-09_clarkson-platou-hellas-sp-weekly-bulletin-108_report-09-07-2021_a88266b1b022.pdf"", ""raw_built"": ""2019 SHIN KURUSHIMA"", ""raw_details"": ""MAN-B&W 6S46ME-B8.5 4 x 30 T BWTS fitted MAN-B&W 6S50ME-B8"", ""printed_date"": ""09/07/2021""}"
2021-07-09,2021-07-09,Bulker Sales,1,CIELO DI CAPALBIO,Handysize,"36,699",2012,HYUNDAI MIPO,USD 15.6 M,U/D,SS 03/22 DD 03/22,"MAN-B&W 6S50ME-B8 4 x 30 T Tier II, OHBH MAN-B&W 6S42MC","{""stem"": ""2021-07-09_clarkson-platou-hellas-sp-weekly-bulletin-108_report-09-07-2021_a88266b1b022"", ""source_file"": ""2021-07-09_clarkson-platou-hellas-sp-weekly-bulletin-108_report-09-07-2021_a88266b1b022.pdf"", ""raw_built"": ""2012 HYUNDAI MIPO"", ""raw_details"": ""MAN-B&W 6S50ME-B8 4 x 30 T Tier II, OHBH MAN-B&W 6S42MC"", ""printed_date"": ""09/07/2021""}"
2021-07-09,2021-07-09,Bulker Sales,1,MING YUAN,Handysize,"32,300",2010,TAIZHOU HAIBIN,RGN USD 11 M,GREEKS,SS 07/25 DD 08/23,MAN-B&W 6S42MC 4 x 30 T BWTS fitted,"{""stem"": ""2021-07-09_clarkson-platou-hellas-sp-weekly-bulletin-108_report-09-07-2021_a88266b1b022"", ""source_file"": ""2021-07-09_clarkson-platou-hellas-sp-weekly-bulletin-108_report-09-07-2021_a88266b1b022.pdf"", ""raw_built"": ""2010 TAIZHOU HAIBIN"", ""raw_details"": ""MAN-B&W 6S42MC 4 x 30 T BWTS fitted"", ""printed_date"": ""09/07/2021""}"
2021-07-09,2021-07-09,Tanker Sales,1,OLYMPIC LEGEND,VLCC,"309,270",2003,SAMSUNG,USD 31 M,UAE BASED,SS 09/23 DD 09/23,MAN-B&W 7S80MC6.1,"{""stem"": ""2021-07-09_clarkson-platou-hellas-sp-weekly-bulletin-108_report-09-07-2021_a88266b1b022"", ""source_file"": ""2021-07-09_clarkson-platou-hellas-sp-weekly-bulletin-108_report-09-07-2021_a88266b1b022.pdf"", ""raw_built"": ""2003 SAMSUNG"", ""raw_details"": ""MAN-B&W 7S80MC6.1"", ""printed_date"": ""09/07/2021""}"
2021-07-09,2021-07-09,Tanker Sales,1,BAI LU ZHOU,Aframax,"110,503",2007,DALIAN,LOW USD 14 M,CHINESE,SS 06/22 DD 06/22,MAN-B&W 7S60MC6.1 MAN-B&W 6S50MC-C8.2,"{""stem"": ""2021-07-09_clarkson-platou-hellas-sp-weekly-bulletin-108_report-09-07-2021_a88266b1b022"", ""source_file"": ""2021-07-09_clarkson-platou-hellas-sp-weekly-bulletin-108_report-09-07-2021_a88266b1b022.pdf"", ""raw_built"": ""2007 DALIAN"", ""raw_details"": ""MAN-B&W 7S60MC6.1 MAN-B&W 6S50MC-C8.2"", ""printed_date"": ""09/07/2021""}"
2021-07-09,2021-07-09,Tanker Sales,1,NEW BREEZE,MR,"48,064",2010,IWAGI,RGN USD 15.5 M,GREEKS,SS 06/25 DD 10/23,"MAN-B&W 6S50MC-C8.2 CPP, 4 Pumps BWTS fitted MAN-B&W 6S46MC-C7.2","{""stem"": ""2021-07-09_clarkson-platou-hellas-sp-weekly-bulletin-108_report-09-07-2021_a88266b1b022"", ""source_file"": ""2021-07-09_clarkson-platou-hellas-sp-weekly-bulletin-108_report-09-07-2021_a88266b1b022.pdf"", ""raw_built"": ""2010 IWAGI"", ""raw_details"": ""MAN-B&W 6S50MC-C8.2 CPP, 4 Pumps BWTS fitted MAN-B&W 6S46MC-C7.2"", ""printed_date"": ""09/07/2021""}"
2021-07-09,2021-07-09,Tanker Sales,1,ADARA,Handysize,"37,960",2011,HYUNDAI MIPO,USD 15.75 M (c/o,GREEKS Leon Shipping),SS 04/26 DD 05/24,"MAN-B&W 6S46MC-C7.2 IMO III, 12 Pumps BWTS fitted","{""stem"": ""2021-07-09_clarkson-platou-hellas-sp-weekly-bulletin-108_report-09-07-2021_a88266b1b022"", ""source_file"": ""2021-07-09_clarkson-platou-hellas-sp-weekly-bulletin-108_report-09-07-2021_a88266b1b022.pdf"", ""raw_built"": ""2011 HYUNDAI MIPO"", ""raw_details"": ""MAN-B&W 6S46MC-C7.2 IMO III, 12 Pumps BWTS fitted"", ""printed_date"": ""09/07/2021""}"
2021-07-16,2021-07-16,Bulker Sales,1,BULK DENMARK,Capesize,"181,458",2010,KOYO,RGN USD 31 M,GREEKS,SS 10/25 DD 11/23,MAN-B&W 6S70MC-C BWTS & Scrubber fitted,"{""stem"": ""2021-07-16_clarkson-platou-hellas-sp-weekly-bulletin-109_report-16-07-2021_997233335b40"", ""source_file"": ""2021-07-16_clarkson-platou-hellas-sp-weekly-bulletin-109_report-16-07-2021_997233335b40.pdf"", ""raw_built"": ""2010 KOYO"", ""raw_details"": ""MAN-B&W 6S70MC-C BWTS & Scrubber fitted"", ""printed_date"": ""16/07/2021""}"
2021-07-16,2021-07-16,Bulker Sales,1,LOWLANDS GREEN,Kamsarmax,"95,650",2011,IMABARI,USD 21 M (Delivery Jan 2022),U/D,SS 09/25 DD 12/23,MAN-B&W 6S60MC-C BWTS fitted,"{""stem"": ""2021-07-16_clarkson-platou-hellas-sp-weekly-bulletin-109_report-16-07-2021_997233335b40"", ""source_file"": ""2021-07-16_clarkson-platou-hellas-sp-weekly-bulletin-109_report-16-07-2021_997233335b40.pdf"", ""raw_built"": ""2011 IMABARI"", ""raw_details"": ""MAN-B&W 6S60MC-C BWTS fitted"", ""printed_date"": ""16/07/2021""}"
2021-07-16,2021-07-16,Bulker Sales,1,NAVIOS MARCO POLO,Kamsarmax,"80,647",2011,UNIVERSAL,HIGH $ 22,U/D,SS 02/26 DD 02/24,MAN-B&W 7S50MC-C BWTS fitted,"{""stem"": ""2021-07-16_clarkson-platou-hellas-sp-weekly-bulletin-109_report-16-07-2021_997233335b40"", ""source_file"": ""2021-07-16_clarkson-platou-hellas-sp-weekly-bulletin-109_report-16-07-2021_997233335b40.pdf"", ""raw_built"": ""2011 UNIVERSAL"", ""raw_details"": ""MAN-B&W 7S50MC-C BWTS fitted"", ""printed_date"": ""16/07/2021""}"
2021-07-16,2021-07-16,Bulker Sales,1,BELFRI,Supramax,"55,866",2007,KAWASAKI,USD 15.3 M,CHINESE (c/o Jinhui),SS 06/22 DD 06/22,MAN-B&W 6S50MC-C8.1 4 x 30 T MAN-B&W 6S42MC,"{""stem"": ""2021-07-16_clarkson-platou-hellas-sp-weekly-bulletin-109_report-16-07-2021_997233335b40"", ""source_file"": ""2021-07-16_clarkson-platou-hellas-sp-weekly-bulletin-109_report-16-07-2021_997233335b40.pdf"", ""raw_built"": ""2007 KAWASAKI"", ""raw_details"": ""MAN-B&W 6S50MC-C8.1 4 x 30 T MAN-B&W 6S42MC"", ""printed_date"": ""16/07/2021""}"
2021-07-16,2021-07-16,Bulker Sales,1,GREAT RESOURCE,Handysize,"31,776",2010,GUANGZHOU HUANGPU,USD 12.6 M,GREEKS,SS 01/26 DD 11/23,"MAN-B&W 6S42MC 4 x 30 T BWTS fitted, Ice-1B MAN-B&W 6S42MC","{""stem"": ""2021-07-16_clarkson-platou-hellas-sp-weekly-bulletin-109_report-16-07-2021_997233335b40"", ""source_file"": ""2021-07-16_clarkson-platou-hellas-sp-weekly-bulletin-109_report-16-07-2021_997233335b40.pdf"", ""raw_built"": ""2010 GUANGZHOU HUANGPU"", ""raw_details"": ""MAN-B&W 6S42MC 4 x 30 T BWTS fitted, Ice-1B MAN-B&W 6S42MC"", ""printed_date"": ""16/07/2021""}"
2021-07-16,2021-07-16,Bulker Sales,1,KING RICE,Handysize,"28,250",2012,I-S,HIGH USD 12 M (Delivery Jan 2022) (c/o,HK BASED Taylor Maritime),SS 10/22 DD 10/22,MAN-B&W 6S42MC 4 x 30 T BWTS fitted,"{""stem"": ""2021-07-16_clarkson-platou-hellas-sp-weekly-bulletin-109_report-16-07-2021_997233335b40"", ""source_file"": ""2021-07-16_clarkson-platou-hellas-sp-weekly-bulletin-109_report-16-07-2021_997233335b40.pdf"", ""raw_built"": ""2012 I-S"", ""raw_details"": ""MAN-B&W 6S42MC 4 x 30 T BWTS fitted"", ""printed_date"": ""16/07/2021""}"
2021-07-16,2021-07-16,Tanker Sales,1,TAKAHASHI,VLCC,"314,020",2007,NACKS,RGN USD 34 M,GREEKS,SS 03/25 DD 03/23,MAN-B&W 7S80MC-C,"{""stem"": ""2021-07-16_clarkson-platou-hellas-sp-weekly-bulletin-109_report-16-07-2021_997233335b40"", ""source_file"": ""2021-07-16_clarkson-platou-hellas-sp-weekly-bulletin-109_report-16-07-2021_997233335b40.pdf"", ""raw_built"": ""2007 NACKS"", ""raw_details"": ""MAN-B&W 7S80MC-C"", ""printed_date"": ""16/07/2021""}"
2021-07-16,2021-07-16,Tanker Sales,1,FS SINCERITY,MR,"48,045",2009,NAIKAI,HIGH USD 13 M,U/D,SS 04/22 DD 04/22,MAN-B&W 6S50MC-C 4 Pumps,"{""stem"": ""2021-07-16_clarkson-platou-hellas-sp-weekly-bulletin-109_report-16-07-2021_997233335b40"", ""source_file"": ""2021-07-16_clarkson-platou-hellas-sp-weekly-bulletin-109_report-16-07-2021_997233335b40.pdf"", ""raw_built"": ""2009 NAIKAI"", ""raw_details"": ""MAN-B&W 6S50MC-C 4 Pumps"", ""printed_date"": ""16/07/2021""}"
2021-07-23,2021-07-23,Bulker Sales,1,ELINDA MARE,Panamax,"79,648",2010,NEW CENTURY,HIGH USD 18 M,U/D,SS 12/25 DD 02/24,MAN-B&W 7S50MC-C8.2 BWTS fitted MAN-B&W 6S50ME-B9.2,"{""stem"": ""2021-07-23_clarkson-platou-hellas-sp-weekly-bulletin-110_report-23-07-2021_af556d5231b5"", ""source_file"": ""2021-07-23_clarkson-platou-hellas-sp-weekly-bulletin-110_report-23-07-2021_af556d5231b5.pdf"", ""raw_built"": ""2010 NEW CENTURY"", ""raw_details"": ""MAN-B&W 7S50MC-C8.2 BWTS fitted MAN-B&W 6S50ME-B9.2"", ""printed_date"": ""23/07/2021""}"
2021-07-23,2021-07-23,Bulker Sales,1,NORD HUDSON,Ultramax,"61,617",2014,NACKS,LOW/MID USD 24 M,EUROPEANS,SS 08/24 DD 06/22,MAN-B&W 6S50ME-B9.2 4 x 30 T BWTS fitted MAN-B&W 6S50MC-C8,"{""stem"": ""2021-07-23_clarkson-platou-hellas-sp-weekly-bulletin-110_report-23-07-2021_af556d5231b5"", ""source_file"": ""2021-07-23_clarkson-platou-hellas-sp-weekly-bulletin-110_report-23-07-2021_af556d5231b5.pdf"", ""raw_built"": ""2014 NACKS"", ""raw_details"": ""MAN-B&W 6S50ME-B9.2 4 x 30 T BWTS fitted MAN-B&W 6S50MC-C8"", ""printed_date"": ""23/07/2021""}"
2021-07-23,2021-07-23,Bulker Sales,1,NEW ASPIRATION,Ultramax,"61,448",2011,IWAGI,USD 21.5 M,GREEKS,SS 10/21 DD 10/21,MAN-B&W 6S50MC-C8 4 x 30 T BWTS fitted,"{""stem"": ""2021-07-23_clarkson-platou-hellas-sp-weekly-bulletin-110_report-23-07-2021_af556d5231b5"", ""source_file"": ""2021-07-23_clarkson-platou-hellas-sp-weekly-bulletin-110_report-23-07-2021_af556d5231b5.pdf"", ""raw_built"": ""2011 IWAGI"", ""raw_details"": ""MAN-B&W 6S50MC-C8 4 x 30 T BWTS fitted"", ""printed_date"": ""23/07/2021""}"
2021-07-23,2021-07-23,Bulker Sales,1,KEN SEA,Supramax,"53,491",2009,IWAGI,MID USD 15 M,CHINESE,SS 01/24 DD 10/21,MAN-B&W 6S50MC-C 4 x 30 T,"{""stem"": ""2021-07-23_clarkson-platou-hellas-sp-weekly-bulletin-110_report-23-07-2021_af556d5231b5"", ""source_file"": ""2021-07-23_clarkson-platou-hellas-sp-weekly-bulletin-110_report-23-07-2021_af556d5231b5.pdf"", ""raw_built"": ""2009 IWAGI"", ""raw_details"": ""MAN-B&W 6S50MC-C 4 x 30 T"", ""printed_date"": ""23/07/2021""}"
2021-07-23,2021-07-23,Bulker Sales,1,VALOVINE,Supramax,"52,000",2016,ULJANIK,USD 30 M en bloc,USA based,SS 09/21 DD 09/21,MAN-B&W 6S50MC-C7.1 4 x 30 T MAN-B&W 6S50MC-C7.1,"{""stem"": ""2021-07-23_clarkson-platou-hellas-sp-weekly-bulletin-110_report-23-07-2021_af556d5231b5"", ""source_file"": ""2021-07-23_clarkson-platou-hellas-sp-weekly-bulletin-110_report-23-07-2021_af556d5231b5.pdf"", ""raw_built"": ""2016 ULJANIK"", ""raw_details"": ""MAN-B&W 6S50MC-C7.1 4 x 30 T MAN-B&W 6S50MC-C7.1"", ""printed_date"": ""23/07/2021""}"
2021-07-23,2021-07-23,Bulker Sales,1,PUNTA,Supramax,"51,890",2013,ULJANIK,en bloc,,SS 10/23 DD 11/21,MAN-B&W 6S50MC-C7.1 4 x 30 T BWTS fitted,"{""stem"": ""2021-07-23_clarkson-platou-hellas-sp-weekly-bulletin-110_report-23-07-2021_af556d5231b5"", ""source_file"": ""2021-07-23_clarkson-platou-hellas-sp-weekly-bulletin-110_report-23-07-2021_af556d5231b5.pdf"", ""raw_built"": ""2013 ULJANIK"", ""raw_details"": ""MAN-B&W 6S50MC-C7.1 4 x 30 T BWTS fitted"", ""printed_date"": ""23/07/2021""}"
2021-07-23,2021-07-23,Bulker Sales,1,NORDIC INCHEON,Handysize,"35,817",2018,SAMJIN,USD 20.5 M,U/D,SS 01/23 DD 01/23,MAN-B&W 5S50ME-B9.2 4 x 35 T,"{""stem"": ""2021-07-23_clarkson-platou-hellas-sp-weekly-bulletin-110_report-23-07-2021_af556d5231b5"", ""source_file"": ""2021-07-23_clarkson-platou-hellas-sp-weekly-bulletin-110_report-23-07-2021_af556d5231b5.pdf"", ""raw_built"": ""2018 SAMJIN"", ""raw_details"": ""MAN-B&W 5S50ME-B9.2 4 x 35 T"", ""printed_date"": ""23/07/2021""}"
2021-07-23,2021-07-23,Bulker Sales,1,GEKI STAR,Handysize,"28,352",2008,SHIMANAMI,USD 10.3 M,U/D,SS 07/23 DD 07/23,MAN-B&W 6S42MC 4 x 30 T,"{""stem"": ""2021-07-23_clarkson-platou-hellas-sp-weekly-bulletin-110_report-23-07-2021_af556d5231b5"", ""source_file"": ""2021-07-23_clarkson-platou-hellas-sp-weekly-bulletin-110_report-23-07-2021_af556d5231b5.pdf"", ""raw_built"": ""2008 SHIMANAMI"", ""raw_details"": ""MAN-B&W 6S42MC 4 x 30 T"", ""printed_date"": ""23/07/2021""}"
2021-07-23,2021-07-23,Tanker Sales,1,PERICLES,Aframax,"114,761",2003,SAMSUNG,RGN USD 13 M,TURKISH,SS 07/23 DD 11/21,MAN-B&W 7S60MC-C,"{""stem"": ""2021-07-23_clarkson-platou-hellas-sp-weekly-bulletin-110_report-23-07-2021_af556d5231b5"", ""source_file"": ""2021-07-23_clarkson-platou-hellas-sp-weekly-bulletin-110_report-23-07-2021_af556d5231b5.pdf"", ""raw_built"": ""2003 SAMSUNG"", ""raw_details"": ""MAN-B&W 7S60MC-C"", ""printed_date"": ""23/07/2021""}"
2021-07-23,2021-07-23,Tanker Sales,1,SUPER LOTUS,Panamax,"70,426",2004,UNIVERSAL,USD 7.8 M,ASIANS,SS 11/24 DD 02/23,"MAN-B&W 7S50MC6.1 CPP, CAP1, No Coilis","{""stem"": ""2021-07-23_clarkson-platou-hellas-sp-weekly-bulletin-110_report-23-07-2021_af556d5231b5"", ""source_file"": ""2021-07-23_clarkson-platou-hellas-sp-weekly-bulletin-110_report-23-07-2021_af556d5231b5.pdf"", ""raw_built"": ""2004 UNIVERSAL"", ""raw_details"": ""MAN-B&W 7S50MC6.1 CPP, CAP1, No Coilis"", ""printed_date"": ""23/07/2021""}"
2021-07-30,2021-07-30,Bulker Sales,1,DYNA CAMELLIA,Kamsarmax,"91,350",2007,IMABARI,MID USD 17 M,CHINESE,SS 03/22 DD 03/22,MITSUBISHI 7UEC60LS BWTS fitted,"{""stem"": ""2021-07-30_clarkson-platou-hellas-sp-weekly-bulletin-111_report-30-07-2021_2f9789f5d67f"", ""source_file"": ""2021-07-30_clarkson-platou-hellas-sp-weekly-bulletin-111_report-30-07-2021_2f9789f5d67f.pdf"", ""raw_built"": ""2007 IMABARI"", ""raw_details"": ""MITSUBISHI 7UEC60LS BWTS fitted"", ""printed_date"": ""30/07/2021""}"
2021-07-30,2021-07-30,Bulker Sales,1,GLORIOUS WIND,Kamsarmax,"83,410",2010,SANOYAS,RGN USD 20 M (Dely Nov/Dec) (c/o,GREEKS Meadway Bulkers),SS 08/25 DD 09/23,MAN-B&W 6S60MC-C BWTS fitted,"{""stem"": ""2021-07-30_clarkson-platou-hellas-sp-weekly-bulletin-111_report-30-07-2021_2f9789f5d67f"", ""source_file"": ""2021-07-30_clarkson-platou-hellas-sp-weekly-bulletin-111_report-30-07-2021_2f9789f5d67f.pdf"", ""raw_built"": ""2010 SANOYAS"", ""raw_details"": ""MAN-B&W 6S60MC-C BWTS fitted"", ""printed_date"": ""30/07/2021""}"
2021-07-30,2021-07-30,Bulker Sales,1,CANEA,Panamax,"75,356",2007,UNIVERSAL,USD 17.3 M,U/D,SS 06/22 DD 06/22,MAN-B&W 6S60MC MAN-B&W 5S60ME-C8,"{""stem"": ""2021-07-30_clarkson-platou-hellas-sp-weekly-bulletin-111_report-30-07-2021_2f9789f5d67f"", ""source_file"": ""2021-07-30_clarkson-platou-hellas-sp-weekly-bulletin-111_report-30-07-2021_2f9789f5d67f.pdf"", ""raw_built"": ""2007 UNIVERSAL"", ""raw_details"": ""MAN-B&W 6S60MC MAN-B&W 5S60ME-C8"", ""printed_date"": ""30/07/2021""}"
2021-07-30,2021-07-30,Bulker Sales,1,KOMI,Ultramax,"63,628",2015,COSCO ZHOUSHAN,USD 25.5 M (basis TC attached at $18k pd till Nov '21) RGN USD 55 M,GREEKS,SS 01/25 DD 03/23,MAN-B&W 5S60ME-C8 4 x 30 T BWTS fitted MAN-B&W 6S50ME-B9.3,"{""stem"": ""2021-07-30_clarkson-platou-hellas-sp-weekly-bulletin-111_report-30-07-2021_2f9789f5d67f"", ""source_file"": ""2021-07-30_clarkson-platou-hellas-sp-weekly-bulletin-111_report-30-07-2021_2f9789f5d67f.pdf"", ""raw_built"": ""2015 COSCO ZHOUSHAN"", ""raw_details"": ""MAN-B&W 5S60ME-C8 4 x 30 T BWTS fitted MAN-B&W 6S50ME-B9.3"", ""printed_date"": ""30/07/2021""}"
2021-07-30,2021-07-30,Bulker Sales,1,CALICO JACK,Ultramax,"61,305",2015,I-S,RGN USD 55 M en bloc (basis index linked TC attached till Apr-Aug '22 at,GREEKS,SS 10/25 DD 11/23,MAN-B&W 6S50ME-B9.3 4 x 30 T BWTS fitted MAN-B&W 6S50ME-B9,"{""stem"": ""2021-07-30_clarkson-platou-hellas-sp-weekly-bulletin-111_report-30-07-2021_2f9789f5d67f"", ""source_file"": ""2021-07-30_clarkson-platou-hellas-sp-weekly-bulletin-111_report-30-07-2021_2f9789f5d67f.pdf"", ""raw_built"": ""2015 I-S"", ""raw_details"": ""MAN-B&W 6S50ME-B9.3 4 x 30 T BWTS fitted MAN-B&W 6S50ME-B9"", ""printed_date"": ""30/07/2021""}"
2021-07-30,2021-07-30,Bulker Sales,1,PHOENIX RISING,Ultramax,"60,417",2015,MITSUI,116% of BSI and till Dec'21- Aprl'22 at 110% of BSI58 accordingly),,SS 06/25 DD 06/23,MAN-B&W 6S50ME-B9 4 x 30 T BWTS fitted MAN-B&W 6S42MC,"{""stem"": ""2021-07-30_clarkson-platou-hellas-sp-weekly-bulletin-111_report-30-07-2021_2f9789f5d67f"", ""source_file"": ""2021-07-30_clarkson-platou-hellas-sp-weekly-bulletin-111_report-30-07-2021_2f9789f5d67f.pdf"", ""raw_built"": ""2015 MITSUI"", ""raw_details"": ""MAN-B&W 6S50ME-B9 4 x 30 T BWTS fitted MAN-B&W 6S42MC"", ""printed_date"": ""30/07/2021""}"
2021-07-30,2021-07-30,Bulker Sales,1,GREAT REWARD,Handysize,"31,785",2011,GUANGZHOU HUANGPU,RGN/XS USD 13 M,CHINESE,SS 01/26 DD 11/23,"MAN-B&W 6S42MC 4 x 30 T BWTS fitted, Ice-1B","{""stem"": ""2021-07-30_clarkson-platou-hellas-sp-weekly-bulletin-111_report-30-07-2021_2f9789f5d67f"", ""source_file"": ""2021-07-30_clarkson-platou-hellas-sp-weekly-bulletin-111_report-30-07-2021_2f9789f5d67f.pdf"", ""raw_built"": ""2011 GUANGZHOU HUANGPU"", ""raw_details"": ""MAN-B&W 6S42MC 4 x 30 T BWTS fitted, Ice-1B"", ""printed_date"": ""30/07/2021""}"
2021-08-06,2021-08-06,Bulker Sales,1,HARK OLDENDORFF,Capesize,"209,325",2016,JIANGSU YANGXI XINFU,USD 45 M (Delivery January '22),USA BASED (c/o JP Morgan),SS/DD passed,MAN-B&W 6G70ME-C9.2 BWTS fitted,"{""stem"": ""2021-08-06_clarkson-platou-hellas-sp-weekly-bulletin-112_report-06-08-2021_ca92b4231d28"", ""source_file"": ""2021-08-06_clarkson-platou-hellas-sp-weekly-bulletin-112_report-06-08-2021_ca92b4231d28.pdf"", ""raw_built"": ""2016 JIANGSU YANGXI XINFU"", ""raw_details"": ""MAN-B&W 6G70ME-C9.2 BWTS fitted"", ""printed_date"": ""06/08/2021""}"
2021-08-06,2021-08-06,Bulker Sales,1,STELLA LUCY,Capesize,"179,667",2015,QINGDAO BEIHAI,USD 38 M,GREEKS (c/o Dryships),SS 07/25 DD 07/23,MAN-B&W 6G70ME-C9.2 BWTS fitted,"{""stem"": ""2021-08-06_clarkson-platou-hellas-sp-weekly-bulletin-112_report-06-08-2021_ca92b4231d28"", ""source_file"": ""2021-08-06_clarkson-platou-hellas-sp-weekly-bulletin-112_report-06-08-2021_ca92b4231d28.pdf"", ""raw_built"": ""2015 QINGDAO BEIHAI"", ""raw_details"": ""MAN-B&W 6G70ME-C9.2 BWTS fitted"", ""printed_date"": ""06/08/2021""}"
2021-08-06,2021-08-06,Bulker Sales,1,STELLA LAURA,Capesize,"179,549",2015,QINGDAO BEIHAI,USD 36.5,(c/o Dryships),SS 06/25 DD 08/23,MAN-B&W 6G70ME-C9.2 BWTS fitted,"{""stem"": ""2021-08-06_clarkson-platou-hellas-sp-weekly-bulletin-112_report-06-08-2021_ca92b4231d28"", ""source_file"": ""2021-08-06_clarkson-platou-hellas-sp-weekly-bulletin-112_report-06-08-2021_ca92b4231d28.pdf"", ""raw_built"": ""2015 QINGDAO BEIHAI"", ""raw_details"": ""MAN-B&W 6G70ME-C9.2 BWTS fitted"", ""printed_date"": ""06/08/2021""}"
2021-08-06,2021-08-06,Bulker Sales,1,AM EXPRESS,Kamsarmax,"82,245",2010,TSUNEISHI CEBU,USD 21.8 M,EUROPEANS,SS 01/25 DD 09/22,MAN-B&W 6S60MC-C7.2,"{""stem"": ""2021-08-06_clarkson-platou-hellas-sp-weekly-bulletin-112_report-06-08-2021_ca92b4231d28"", ""source_file"": ""2021-08-06_clarkson-platou-hellas-sp-weekly-bulletin-112_report-06-08-2021_ca92b4231d28.pdf"", ""raw_built"": ""2010 TSUNEISHI CEBU"", ""raw_details"": ""MAN-B&W 6S60MC-C7.2"", ""printed_date"": ""06/08/2021""}"
2021-08-06,2021-08-06,Bulker Sales,1,LOWLANDS BEACON,Ultramax,"61,438",2011,IWAGI,RGN USD 21 M,U/D,SS/DD 04/2022,MAN-B&W 6S50MC-C8 BWTS fitted,"{""stem"": ""2021-08-06_clarkson-platou-hellas-sp-weekly-bulletin-112_report-06-08-2021_ca92b4231d28"", ""source_file"": ""2021-08-06_clarkson-platou-hellas-sp-weekly-bulletin-112_report-06-08-2021_ca92b4231d28.pdf"", ""raw_built"": ""2011 IWAGI"", ""raw_details"": ""MAN-B&W 6S50MC-C8 BWTS fitted"", ""printed_date"": ""06/08/2021""}"
2021-08-06,2021-08-06,Bulker Sales,1,DORY,Supramax,"55,878",2010,I.H.I.,USD 17.3 M,GREEKS,SS 09/25 DD 03/24,WARTSILA 6RT-FLEX50 BWTS fitted MITSUBISHI 6UEC45LSE,"{""stem"": ""2021-08-06_clarkson-platou-hellas-sp-weekly-bulletin-112_report-06-08-2021_ca92b4231d28"", ""source_file"": ""2021-08-06_clarkson-platou-hellas-sp-weekly-bulletin-112_report-06-08-2021_ca92b4231d28.pdf"", ""raw_built"": ""2010 I.H.I."", ""raw_details"": ""WARTSILA 6RT-FLEX50 BWTS fitted MITSUBISHI 6UEC45LSE"", ""printed_date"": ""06/08/2021""}"
2021-08-06,2021-08-06,Bulker Sales,1,SAKURA KOBE,Handysize,"33,735",2011,SHIN KOCHI,USD 16.2 M (c/o,HK BASED Taylor Maritime),SS 05/25 DD 03/23,MITSUBISHI 6UEC45LSE 4 x 30 T BWTS fitted,"{""stem"": ""2021-08-06_clarkson-platou-hellas-sp-weekly-bulletin-112_report-06-08-2021_ca92b4231d28"", ""source_file"": ""2021-08-06_clarkson-platou-hellas-sp-weekly-bulletin-112_report-06-08-2021_ca92b4231d28.pdf"", ""raw_built"": ""2011 SHIN KOCHI"", ""raw_details"": ""MITSUBISHI 6UEC45LSE 4 x 30 T BWTS fitted"", ""printed_date"": ""06/08/2021""}"
2021-08-06,2021-08-06,Bulker Sales,1,AMIRA ILHAM,Handysize,"28,434",2009,SHIMANAMI,MID USD 11 M,U/D,SS 09/24 DD 08/22,MAN-B&W 6S42MC7.1 4 x 35 T,"{""stem"": ""2021-08-06_clarkson-platou-hellas-sp-weekly-bulletin-112_report-06-08-2021_ca92b4231d28"", ""source_file"": ""2021-08-06_clarkson-platou-hellas-sp-weekly-bulletin-112_report-06-08-2021_ca92b4231d28.pdf"", ""raw_built"": ""2009 SHIMANAMI"", ""raw_details"": ""MAN-B&W 6S42MC7.1 4 x 35 T"", ""printed_date"": ""06/08/2021""}"
2021-08-06,2021-08-06,Tanker Sales,1,TSURUGA,VLCC,"309,960",2009,IMABARI,RGN USD 39.5 M,GREEKS,SS 10/24 DD 10/22,MAN-B&W 8S80MC-C6.1,"{""stem"": ""2021-08-06_clarkson-platou-hellas-sp-weekly-bulletin-112_report-06-08-2021_ca92b4231d28"", ""source_file"": ""2021-08-06_clarkson-platou-hellas-sp-weekly-bulletin-112_report-06-08-2021_ca92b4231d28.pdf"", ""raw_built"": ""2009 IMABARI"", ""raw_details"": ""MAN-B&W 8S80MC-C6.1"", ""printed_date"": ""06/08/2021""}"
2021-08-06,2021-08-06,Tanker Sales,1,GRAND ACE 2,MR,"46,176",2006,STX,LOW USD 9 M,GREEKS,SS 03/26 DD 03/24,MAN-B&W 6S50MC-C8.1 BWTS fitted,"{""stem"": ""2021-08-06_clarkson-platou-hellas-sp-weekly-bulletin-112_report-06-08-2021_ca92b4231d28"", ""source_file"": ""2021-08-06_clarkson-platou-hellas-sp-weekly-bulletin-112_report-06-08-2021_ca92b4231d28.pdf"", ""raw_built"": ""2006 STX"", ""raw_details"": ""MAN-B&W 6S50MC-C8.1 BWTS fitted"", ""printed_date"": ""06/08/2021""}"
2021-08-13,2021-08-13,Bulker Sales,1,SANTA BARBARA,Ultramax,"61,381",2013,IWAGI,MID USD 24 M,U/D,SS 01/23 DD 01/23,MAN-B&W 6S50MC-C8 BWTS fitted,"{""stem"": ""2021-08-13_clarkson-platou-hellas-sp-weekly-bulletin-113_report-13-08-2021_c95b952dce07"", ""source_file"": ""2021-08-13_clarkson-platou-hellas-sp-weekly-bulletin-113_report-13-08-2021_c95b952dce07.pdf"", ""raw_built"": ""2013 IWAGI"", ""raw_details"": ""MAN-B&W 6S50MC-C8 BWTS fitted"", ""printed_date"": ""13/08/2021""}"
2021-08-13,2021-08-13,Bulker Sales,1,ADITYA,Supramax,"55,496",2008,OSHIMA,MID USD 16 M,NORWEGIANS,SS 02/23 DD 02/23,MAN-B&W 6S50MC-C8.1,"{""stem"": ""2021-08-13_clarkson-platou-hellas-sp-weekly-bulletin-113_report-13-08-2021_c95b952dce07"", ""source_file"": ""2021-08-13_clarkson-platou-hellas-sp-weekly-bulletin-113_report-13-08-2021_c95b952dce07.pdf"", ""raw_built"": ""2008 OSHIMA"", ""raw_details"": ""MAN-B&W 6S50MC-C8.1"", ""printed_date"": ""13/08/2021""}"
2021-08-13,2021-08-13,Bulker Sales,1,MARATHA PROMISE,Handysize,"37,187",2012,SAIKI,MID USD 16 M (c/o,HK BASED Taylor Maritime),SS 03/22 DD 03/22,MITSUBISHI 6UEC45LSE,"{""stem"": ""2021-08-13_clarkson-platou-hellas-sp-weekly-bulletin-113_report-13-08-2021_c95b952dce07"", ""source_file"": ""2021-08-13_clarkson-platou-hellas-sp-weekly-bulletin-113_report-13-08-2021_c95b952dce07.pdf"", ""raw_built"": ""2012 SAIKI"", ""raw_details"": ""MITSUBISHI 6UEC45LSE"", ""printed_date"": ""13/08/2021""}"
2021-08-13,2021-08-13,Bulker Sales,1,ORIENT GLORY,Handysize,"32,419",2013,SAMHO,LOW USD 15 M,GREEKS,SS 05/23 DD 05/23,MAN-B&W 6S46MC-C7.2 BWTS fitted,"{""stem"": ""2021-08-13_clarkson-platou-hellas-sp-weekly-bulletin-113_report-13-08-2021_c95b952dce07"", ""source_file"": ""2021-08-13_clarkson-platou-hellas-sp-weekly-bulletin-113_report-13-08-2021_c95b952dce07.pdf"", ""raw_built"": ""2013 SAMHO"", ""raw_details"": ""MAN-B&W 6S46MC-C7.2 BWTS fitted"", ""printed_date"": ""13/08/2021""}"
2021-08-13,2021-08-13,Tanker Sales,1,MAYA-VN,VLCC,"318,778",2003,HYUNDAI SAMHO,USD 27M,CHINESE,SS 04/23 DD 08/21,MAN-B&W 6S90MC-C,"{""stem"": ""2021-08-13_clarkson-platou-hellas-sp-weekly-bulletin-113_report-13-08-2021_c95b952dce07"", ""source_file"": ""2021-08-13_clarkson-platou-hellas-sp-weekly-bulletin-113_report-13-08-2021_c95b952dce07.pdf"", ""raw_built"": ""2003 HYUNDAI SAMHO"", ""raw_details"": ""MAN-B&W 6S90MC-C"", ""printed_date"": ""13/08/2021""}"
2021-08-13,2021-08-13,Tanker Sales,1,MAERSK ERIK,Handysize,"40,083",2008,SLS,RGN USD 12 M,EUROPEANS,SS 01/23 DD 01/23,MAN-B&W 6S50MC6.1,"{""stem"": ""2021-08-13_clarkson-platou-hellas-sp-weekly-bulletin-113_report-13-08-2021_c95b952dce07"", ""source_file"": ""2021-08-13_clarkson-platou-hellas-sp-weekly-bulletin-113_report-13-08-2021_c95b952dce07.pdf"", ""raw_built"": ""2008 SLS"", ""raw_details"": ""MAN-B&W 6S50MC6.1"", ""printed_date"": ""13/08/2021""}"
2021-08-20,2021-08-20,Bulker Sales,1,PRISCILLA VENTURE,Panamax,"77,283",2008,OSHIMA,LOW USD 18 M,CHINESE,SS 03/23 DD 03/23,MAN-B&W 5S60MC-C7.1 MAN-B&W 5G60ME-C9.2,"{""stem"": ""2021-08-20_clarkson-platou-hellas-sp-weekly-bulletin-114_report-20-08-2021_b6f4c5fb5797"", ""source_file"": ""2021-08-20_clarkson-platou-hellas-sp-weekly-bulletin-114_report-20-08-2021_b6f4c5fb5797.pdf"", ""raw_built"": ""2008 OSHIMA"", ""raw_details"": ""MAN-B&W 5S60MC-C7.1 MAN-B&W 5G60ME-C9.2"", ""printed_date"": ""20/08/2021""}"
2021-08-20,2021-08-20,Bulker Sales,1,ASIA RUBY II,Ultramax,"62,996",2014,CSC JINLING,V. HIGH USD 24 M,U/D,SS 04/24 DD 04/22,MAN-B&W 5G60ME-C9.2 4 x 36 T BWTS fitted MAN-B&W 5G60ME-C9.2,"{""stem"": ""2021-08-20_clarkson-platou-hellas-sp-weekly-bulletin-114_report-20-08-2021_b6f4c5fb5797"", ""source_file"": ""2021-08-20_clarkson-platou-hellas-sp-weekly-bulletin-114_report-20-08-2021_b6f4c5fb5797.pdf"", ""raw_built"": ""2014 CSC JINLING"", ""raw_details"": ""MAN-B&W 5G60ME-C9.2 4 x 36 T BWTS fitted MAN-B&W 5G60ME-C9.2"", ""printed_date"": ""20/08/2021""}"
2021-08-20,2021-08-20,Bulker Sales,1,ASIA RUBY IV,Ultramax,"62,982",2014,CSC JINLING,USD 24.5 M,U/D,SS 07/24 DD 08/22,MAN-B&W 5G60ME-C9.2 4 x 36 T BWTS fitted MAN-B&W 6S46ME-B8.3,"{""stem"": ""2021-08-20_clarkson-platou-hellas-sp-weekly-bulletin-114_report-20-08-2021_b6f4c5fb5797"", ""source_file"": ""2021-08-20_clarkson-platou-hellas-sp-weekly-bulletin-114_report-20-08-2021_b6f4c5fb5797.pdf"", ""raw_built"": ""2014 CSC JINLING"", ""raw_details"": ""MAN-B&W 5G60ME-C9.2 4 x 36 T BWTS fitted MAN-B&W 6S46ME-B8.3"", ""printed_date"": ""20/08/2021""}"
2021-08-20,2021-08-20,Bulker Sales,1,NEREUS ISLAND,Handysize,"37,920",2014,IMABARI,RGN USD 21 M,HK BASED (c/o Pacific Basin),SS 04/24 DD 03/22,MAN-B&W 6S46ME-B8.3 4 X 30 T BWTS fitted MAN-B&W 6S42MC,"{""stem"": ""2021-08-20_clarkson-platou-hellas-sp-weekly-bulletin-114_report-20-08-2021_b6f4c5fb5797"", ""source_file"": ""2021-08-20_clarkson-platou-hellas-sp-weekly-bulletin-114_report-20-08-2021_b6f4c5fb5797.pdf"", ""raw_built"": ""2014 IMABARI"", ""raw_details"": ""MAN-B&W 6S46ME-B8.3 4 X 30 T BWTS fitted MAN-B&W 6S42MC"", ""printed_date"": ""20/08/2021""}"
2021-08-20,2021-08-20,Bulker Sales,1,GLORIOUS SAIKI,Handysize,"37,154",2012,SAIKI,RGN USD 17 M (c/o,HK BASED Taylor Maritime),SS 07/22 DD 07/22,MAN-B&W 6S42MC 4 x 30 T BWTS fitted,"{""stem"": ""2021-08-20_clarkson-platou-hellas-sp-weekly-bulletin-114_report-20-08-2021_b6f4c5fb5797"", ""source_file"": ""2021-08-20_clarkson-platou-hellas-sp-weekly-bulletin-114_report-20-08-2021_b6f4c5fb5797.pdf"", ""raw_built"": ""2012 SAIKI"", ""raw_details"": ""MAN-B&W 6S42MC 4 x 30 T BWTS fitted"", ""printed_date"": ""20/08/2021""}"
2021-08-27,2021-08-27,Bulker Sales,1,FRONTIER PHOENIX,Capesize,"181,356",2011,KOYO,USD 33.75 M,GREEKS,SS/DD freshly passed,MAN-B&W 6S70MC-C BWTS fitted,"{""stem"": ""2021-08-27_clarkson-platou-hellas-sp-weekly-bulletin-115_report-27-08-2021_7a47ea7ea567"", ""source_file"": ""2021-08-27_clarkson-platou-hellas-sp-weekly-bulletin-115_report-27-08-2021_7a47ea7ea567.pdf"", ""raw_built"": ""2011 KOYO"", ""raw_details"": ""MAN-B&W 6S70MC-C BWTS fitted"", ""printed_date"": ""27/08/2021""}"
2021-08-27,2021-08-27,Bulker Sales,1,BELCARGO,Supramax,"58,729",2008,TSUNEISHI CEBU,RGN USD 17 M,CHINESE (c/o Jinhui),SS 09/23 DD 03/23,MAN-B&W 6S50MC-C8.1 4 x 30 T,"{""stem"": ""2021-08-27_clarkson-platou-hellas-sp-weekly-bulletin-115_report-27-08-2021_7a47ea7ea567"", ""source_file"": ""2021-08-27_clarkson-platou-hellas-sp-weekly-bulletin-115_report-27-08-2021_7a47ea7ea567.pdf"", ""raw_built"": ""2008 TSUNEISHI CEBU"", ""raw_details"": ""MAN-B&W 6S50MC-C8.1 4 x 30 T"", ""printed_date"": ""27/08/2021""}"
2021-08-27,2021-08-27,Bulker Sales,1,MELATI LAUT,Supramax,"56,643",2011,QINGSHAN,USD 15.3 M,CHINESE,SS 12/21 DD 12/21,MAN-B&W 6S50MC-C 4 x 30 T,"{""stem"": ""2021-08-27_clarkson-platou-hellas-sp-weekly-bulletin-115_report-27-08-2021_7a47ea7ea567"", ""source_file"": ""2021-08-27_clarkson-platou-hellas-sp-weekly-bulletin-115_report-27-08-2021_7a47ea7ea567.pdf"", ""raw_built"": ""2011 QINGSHAN"", ""raw_details"": ""MAN-B&W 6S50MC-C 4 x 30 T"", ""printed_date"": ""27/08/2021""}"
2021-08-27,2021-08-27,Bulker Sales,1,SPAR DRACO,Supramax,"53,565",2006,SHANGHAI CHENGXI,USD 13.8 M,CHINESE,SS 10/21 DD 10/21,MAN-B&W 6S50MC-C 4 x 36 T MAN-B&W 6S46MC-C8,"{""stem"": ""2021-08-27_clarkson-platou-hellas-sp-weekly-bulletin-115_report-27-08-2021_7a47ea7ea567"", ""source_file"": ""2021-08-27_clarkson-platou-hellas-sp-weekly-bulletin-115_report-27-08-2021_7a47ea7ea567.pdf"", ""raw_built"": ""2006 SHANGHAI CHENGXI"", ""raw_details"": ""MAN-B&W 6S50MC-C 4 x 36 T MAN-B&W 6S46MC-C8"", ""printed_date"": ""27/08/2021""}"
2021-08-27,2021-08-27,Bulker Sales,1,HAMBURG PEARL,Handysize,"36,266",2011,HMD,MID USD 18 M,U/D,SS 01/26 DD 02/24,"MAN-B&W 6S46MC-C8 4 x 35 T OHBH, BWTS fitted","{""stem"": ""2021-08-27_clarkson-platou-hellas-sp-weekly-bulletin-115_report-27-08-2021_7a47ea7ea567"", ""source_file"": ""2021-08-27_clarkson-platou-hellas-sp-weekly-bulletin-115_report-27-08-2021_7a47ea7ea567.pdf"", ""raw_built"": ""2011 HMD"", ""raw_details"": ""MAN-B&W 6S46MC-C8 4 x 35 T OHBH, BWTS fitted"", ""printed_date"": ""27/08/2021""}"
2021-08-27,2021-08-27,Tanker Sales,1,STARLIGHT VENTURE,VLCC,"317,970",2004,HHI,RGN USD 30 M,NIGERIANS,SS 11/24 DD 01/23,MAN-B&W 6S90MC-C,"{""stem"": ""2021-08-27_clarkson-platou-hellas-sp-weekly-bulletin-115_report-27-08-2021_7a47ea7ea567"", ""source_file"": ""2021-08-27_clarkson-platou-hellas-sp-weekly-bulletin-115_report-27-08-2021_7a47ea7ea567.pdf"", ""raw_built"": ""2004 HHI"", ""raw_details"": ""MAN-B&W 6S90MC-C"", ""printed_date"": ""27/08/2021""}"
2021-08-27,2021-08-27,Tanker Sales,1,KATSURAGISAN,VLCC,"311,620",2005,KAWASAKI,XS USD 30 M,GREEKS,SS 06/22 DD 06/22,MAN-B&W 7S80MC-C BWTS fitted,"{""stem"": ""2021-08-27_clarkson-platou-hellas-sp-weekly-bulletin-115_report-27-08-2021_7a47ea7ea567"", ""source_file"": ""2021-08-27_clarkson-platou-hellas-sp-weekly-bulletin-115_report-27-08-2021_7a47ea7ea567.pdf"", ""raw_built"": ""2005 KAWASAKI"", ""raw_details"": ""MAN-B&W 7S80MC-C BWTS fitted"", ""printed_date"": ""27/08/2021""}"
2021-09-03,2021-09-03,Bulker Sales,1,STELLA NAOMI,Capesize,"181,031",2016,SWS,XS USD 44 M each (TC attached at 120% of average BCI 4 TC route until end of 2021/early 2022,U/D,SS 06/26 DD 06/24,MAN-B&W 6G70ME-C9.2 BWTS fitted,"{""stem"": ""2021-09-03_clarkson-platou-hellas-sp-weekly-bulletin-116_report-03-09-2021_10d3196bd5bb"", ""source_file"": ""2021-09-03_clarkson-platou-hellas-sp-weekly-bulletin-116_report-03-09-2021_10d3196bd5bb.pdf"", ""raw_built"": ""2016 SWS"", ""raw_details"": ""MAN-B&W 6G70ME-C9.2 BWTS fitted"", ""printed_date"": ""03/09/2021""}"
2021-09-03,2021-09-03,Bulker Sales,1,STELLA NORA,Capesize,"180,000",,,until end of 2021/early 2022 with further 2 year option thereafter.),,SS 06/26 DD 06/24,BWTS fitted,"{""stem"": ""2021-09-03_clarkson-platou-hellas-sp-weekly-bulletin-116_report-03-09-2021_10d3196bd5bb"", ""source_file"": ""2021-09-03_clarkson-platou-hellas-sp-weekly-bulletin-116_report-03-09-2021_10d3196bd5bb.pdf"", ""raw_built"": """", ""raw_details"": ""BWTS fitted"", ""printed_date"": ""03/09/2021""}"
2021-09-03,2021-09-03,Bulker Sales,1,SDTR IRENE,Kamsarmax,"84,972",,DELY JULY 2022 ex SHANHAIGUAN,USD 36.03 M (Auction - online platform),CHINESE,N/A,"MAN-B&W 6S60ME-C8.5 TIER III, BWTS fitted","{""stem"": ""2021-09-03_clarkson-platou-hellas-sp-weekly-bulletin-116_report-03-09-2021_10d3196bd5bb"", ""source_file"": ""2021-09-03_clarkson-platou-hellas-sp-weekly-bulletin-116_report-03-09-2021_10d3196bd5bb.pdf"", ""raw_built"": ""DELY JULY 2022 ex SHANHAIGUAN"", ""raw_details"": ""MAN-B&W 6S60ME-C8.5 TIER III, BWTS fitted"", ""printed_date"": ""03/09/2021""}"
2021-09-03,2021-09-03,Bulker Sales,1,RANGER,Kamsarmax,"82,172",2012,TSUNEISHI ZHOUSHAN,RGN USD 24 M,U/D,SS 07/22 DD 07/22,MAN-B&W 6S60MC-C,"{""stem"": ""2021-09-03_clarkson-platou-hellas-sp-weekly-bulletin-116_report-03-09-2021_10d3196bd5bb"", ""source_file"": ""2021-09-03_clarkson-platou-hellas-sp-weekly-bulletin-116_report-03-09-2021_10d3196bd5bb.pdf"", ""raw_built"": ""2012 TSUNEISHI ZHOUSHAN"", ""raw_details"": ""MAN-B&W 6S60MC-C"", ""printed_date"": ""03/09/2021""}"
2021-09-03,2021-09-03,Bulker Sales,1,NICOLINE BULKER,Handysize,"38,191",2012,NAIKAI,RGN USD 20 M,HK BASED (c/o Pacific Basin),SS 01/22 DD 01/22,MAN-B&W 6S46MC-C 4 x 30 T,"{""stem"": ""2021-09-03_clarkson-platou-hellas-sp-weekly-bulletin-116_report-03-09-2021_10d3196bd5bb"", ""source_file"": ""2021-09-03_clarkson-platou-hellas-sp-weekly-bulletin-116_report-03-09-2021_10d3196bd5bb.pdf"", ""raw_built"": ""2012 NAIKAI"", ""raw_details"": ""MAN-B&W 6S46MC-C 4 x 30 T"", ""printed_date"": ""03/09/2021""}"
2021-09-10,2021-09-10,Bulker Sales,1,VIJAYANAGAR,Kamsarmax,"82,167",2010,TSUNEISHI TODOTSU,RGN USD 24 M,GREEKS,SS 02/25 DD 07/23,MAN-B&W 6S60MC-C BWTS fitted,"{""stem"": ""2021-09-10_clarkson-platou-hellas-sp-weekly-bulletin-117_report-10-09-2021_dc11cf8881df"", ""source_file"": ""2021-09-10_clarkson-platou-hellas-sp-weekly-bulletin-117_report-10-09-2021_dc11cf8881df.pdf"", ""raw_built"": ""2010 TSUNEISHI TODOTSU"", ""raw_details"": ""MAN-B&W 6S60MC-C BWTS fitted"", ""printed_date"": ""10/09/2021""}"
2021-09-10,2021-09-10,Bulker Sales,1,SHAO SHAN 6,Panamax,"75,700",2012,GUANGZHOU HUANGPU,USD 20.9 M (via online platform),CHINESE,SS 06/22 DD 06/22,MAN-B&W 5S60MC BWTS fitted MAN-B&W 6S50MC-C,"{""stem"": ""2021-09-10_clarkson-platou-hellas-sp-weekly-bulletin-117_report-10-09-2021_dc11cf8881df"", ""source_file"": ""2021-09-10_clarkson-platou-hellas-sp-weekly-bulletin-117_report-10-09-2021_dc11cf8881df.pdf"", ""raw_built"": ""2012 GUANGZHOU HUANGPU"", ""raw_details"": ""MAN-B&W 5S60MC BWTS fitted MAN-B&W 6S50MC-C"", ""printed_date"": ""10/09/2021""}"
2021-09-10,2021-09-10,Bulker Sales,1,NEW PRIDE,Supramax,"58,761",2008,TSUNEISHI CEBU,HIGH USD 18 M (Dely Dec),U/D,SS 01/22 DD 01/22,MAN-B&W 6S50MC-C 4 x 30 T BWTS fitted MAN-B&W 6S42MC,"{""stem"": ""2021-09-10_clarkson-platou-hellas-sp-weekly-bulletin-117_report-10-09-2021_dc11cf8881df"", ""source_file"": ""2021-09-10_clarkson-platou-hellas-sp-weekly-bulletin-117_report-10-09-2021_dc11cf8881df.pdf"", ""raw_built"": ""2008 TSUNEISHI CEBU"", ""raw_details"": ""MAN-B&W 6S50MC-C 4 x 30 T BWTS fitted MAN-B&W 6S42MC"", ""printed_date"": ""10/09/2021""}"
2021-09-10,2021-09-10,Bulker Sales,1,PALOMA,Handysize,"28,338",2010,SHIMANAMI,RGN USD 13 M,U/D,SS 05/25 DD 08/23,MAN-B&W 6S42MC 4 x 30 T BWTS fitted,"{""stem"": ""2021-09-10_clarkson-platou-hellas-sp-weekly-bulletin-117_report-10-09-2021_dc11cf8881df"", ""source_file"": ""2021-09-10_clarkson-platou-hellas-sp-weekly-bulletin-117_report-10-09-2021_dc11cf8881df.pdf"", ""raw_built"": ""2010 SHIMANAMI"", ""raw_details"": ""MAN-B&W 6S42MC 4 x 30 T BWTS fitted"", ""printed_date"": ""10/09/2021""}"
2021-09-17,2021-09-17,Bulker Sales,1,PROSPEROUS,Capesize,"179,000",2011,SUNGDONG,USD 31 M,TURKISH,SS 04/26 DD 05/24,MAN-B&W 6S70MC-C8 BWTS fitted,"{""stem"": ""2021-09-17_clarkson-platou-hellas-sp-weekly-bulletin-118_report-17-09-2021_e22a785afef4"", ""source_file"": ""2021-09-17_clarkson-platou-hellas-sp-weekly-bulletin-118_report-17-09-2021_e22a785afef4.pdf"", ""raw_built"": ""2011 SUNGDONG"", ""raw_details"": ""MAN-B&W 6S70MC-C8 BWTS fitted"", ""printed_date"": ""17/09/2021""}"
2021-09-17,2021-09-17,Bulker Sales,1,CHS MAGNIFICENCE,Capesize,"173,541",2006,BOHAI,RGN USD 19.5 M,U/D,SS 12/21 DD 12/21,WARTSILA 6RTA68T-B BWTS fitted,"{""stem"": ""2021-09-17_clarkson-platou-hellas-sp-weekly-bulletin-118_report-17-09-2021_e22a785afef4"", ""source_file"": ""2021-09-17_clarkson-platou-hellas-sp-weekly-bulletin-118_report-17-09-2021_e22a785afef4.pdf"", ""raw_built"": ""2006 BOHAI"", ""raw_details"": ""WARTSILA 6RTA68T-B BWTS fitted"", ""printed_date"": ""17/09/2021""}"
2021-09-17,2021-09-17,Bulker Sales,1,LOWLANDS NELLO,Kamsarmax,"82,014",2015,SANOYAS,RGN USD 32 M,U/D,SS 06/25 DD 06/23,MAN-B&W 6S60ME-C8.2 BWTS fitted,"{""stem"": ""2021-09-17_clarkson-platou-hellas-sp-weekly-bulletin-118_report-17-09-2021_e22a785afef4"", ""source_file"": ""2021-09-17_clarkson-platou-hellas-sp-weekly-bulletin-118_report-17-09-2021_e22a785afef4.pdf"", ""raw_built"": ""2015 SANOYAS"", ""raw_details"": ""MAN-B&W 6S60ME-C8.2 BWTS fitted"", ""printed_date"": ""17/09/2021""}"
2021-09-17,2021-09-17,Bulker Sales,1,PEAK PEGASUS,Kamsarmax,"82,026",2013,TSUNEISHI ZOSEN,RGN USD 27 M,GREEKS,SS 10/23 DD 04/22,MAN-B&W 6S60MC-C7.2 BWTS fitted,"{""stem"": ""2021-09-17_clarkson-platou-hellas-sp-weekly-bulletin-118_report-17-09-2021_e22a785afef4"", ""source_file"": ""2021-09-17_clarkson-platou-hellas-sp-weekly-bulletin-118_report-17-09-2021_e22a785afef4.pdf"", ""raw_built"": ""2013 TSUNEISHI ZOSEN"", ""raw_details"": ""MAN-B&W 6S60MC-C7.2 BWTS fitted"", ""printed_date"": ""17/09/2021""}"
2021-09-17,2021-09-17,Bulker Sales,1,PEAK LIBERTY,Kamsarmax,"81,837",2015,TSUNEISHI ZOSEN,MID/HIGH USD 28 M,GREEKS,SS 03/25 DD 04/23,MAN-B&W 6S60MC-C7.2 BWTS fitted,"{""stem"": ""2021-09-17_clarkson-platou-hellas-sp-weekly-bulletin-118_report-17-09-2021_e22a785afef4"", ""source_file"": ""2021-09-17_clarkson-platou-hellas-sp-weekly-bulletin-118_report-17-09-2021_e22a785afef4.pdf"", ""raw_built"": ""2015 TSUNEISHI ZOSEN"", ""raw_details"": ""MAN-B&W 6S60MC-C7.2 BWTS fitted"", ""printed_date"": ""17/09/2021""}"
2021-09-17,2021-09-17,Bulker Sales,1,GREAT TALENT,Panamax,"76,773",2005,SASEBO,RGN USD 17 M,CHINESE,SS 01/25 DD 02/23,MAN-B&W 7S50MC-C BWTS fitted,"{""stem"": ""2021-09-17_clarkson-platou-hellas-sp-weekly-bulletin-118_report-17-09-2021_e22a785afef4"", ""source_file"": ""2021-09-17_clarkson-platou-hellas-sp-weekly-bulletin-118_report-17-09-2021_e22a785afef4.pdf"", ""raw_built"": ""2005 SASEBO"", ""raw_details"": ""MAN-B&W 7S50MC-C BWTS fitted"", ""printed_date"": ""17/09/2021""}"
2021-09-17,2021-09-17,Bulker Sales,1,SHAO SHAN 5,Panamax,"75,700",2012,GUANGZHOU HUANGPU,USD 20.82 M (via online auction),CHINESE,SS 06/22 DD 06/22,MAN-B&W 5S60MC BWTS fitted MAN-B&W 6S50MC-C,"{""stem"": ""2021-09-17_clarkson-platou-hellas-sp-weekly-bulletin-118_report-17-09-2021_e22a785afef4"", ""source_file"": ""2021-09-17_clarkson-platou-hellas-sp-weekly-bulletin-118_report-17-09-2021_e22a785afef4.pdf"", ""raw_built"": ""2012 GUANGZHOU HUANGPU"", ""raw_details"": ""MAN-B&W 5S60MC BWTS fitted MAN-B&W 6S50MC-C"", ""printed_date"": ""17/09/2021""}"
2021-09-17,2021-09-17,Bulker Sales,1,TRANS OCEANIC,Supramax,"58,168",2012,TSUNEISHI ZOSEN,RGN USD 23 M,U/D,SS 07/26 DD 05/24,MAN-B&W 6S50MC-C 4 x 30 T BWTS fitted,"{""stem"": ""2021-09-17_clarkson-platou-hellas-sp-weekly-bulletin-118_report-17-09-2021_e22a785afef4"", ""source_file"": ""2021-09-17_clarkson-platou-hellas-sp-weekly-bulletin-118_report-17-09-2021_e22a785afef4.pdf"", ""raw_built"": ""2012 TSUNEISHI ZOSEN"", ""raw_details"": ""MAN-B&W 6S50MC-C 4 x 30 T BWTS fitted"", ""printed_date"": ""17/09/2021""}"
2021-09-17,2021-09-17,Bulker Sales,1,GREAT AMITY,Supramax,"56,050",2004,MITSUI,MID/HIGH USD 14 M,CHINESE,SS 09/24 DD 09/22,MAN-B&W 6S50MC-C 4 x 30 T MAN-B&W 6S50MC-C,"{""stem"": ""2021-09-17_clarkson-platou-hellas-sp-weekly-bulletin-118_report-17-09-2021_e22a785afef4"", ""source_file"": ""2021-09-17_clarkson-platou-hellas-sp-weekly-bulletin-118_report-17-09-2021_e22a785afef4.pdf"", ""raw_built"": ""2004 MITSUI"", ""raw_details"": ""MAN-B&W 6S50MC-C 4 x 30 T MAN-B&W 6S50MC-C"", ""printed_date"": ""17/09/2021""}"
2021-09-17,2021-09-17,Bulker Sales,1,INGENIOUS,Supramax,"55,783",2011,HYUNDAI VIANSHIN,HIGH USD 17 M (dely Feb '22),U/D,SS 01/26 DD 04/24,MAN-B&W 6S50MC-C 4 x 30 T BWTS fitted MAN-B&W 5S50ME,"{""stem"": ""2021-09-17_clarkson-platou-hellas-sp-weekly-bulletin-118_report-17-09-2021_e22a785afef4"", ""source_file"": ""2021-09-17_clarkson-platou-hellas-sp-weekly-bulletin-118_report-17-09-2021_e22a785afef4.pdf"", ""raw_built"": ""2011 HYUNDAI VIANSHIN"", ""raw_details"": ""MAN-B&W 6S50MC-C 4 x 30 T BWTS fitted MAN-B&W 5S50ME"", ""printed_date"": ""17/09/2021""}"
2021-09-17,2021-09-17,Bulker Sales,1,KMARIN MUGUNGHWA,Handysize,"37,423",2014,HYUNDAI VINASHIN,USD 20.3 M,SINGAPORE BASED,SS 06/24 DD 06/22,MAN-B&W 5S50ME 4 x 30 T BWTS fitted MAN-B&W 6S46MC-C8,"{""stem"": ""2021-09-17_clarkson-platou-hellas-sp-weekly-bulletin-118_report-17-09-2021_e22a785afef4"", ""source_file"": ""2021-09-17_clarkson-platou-hellas-sp-weekly-bulletin-118_report-17-09-2021_e22a785afef4.pdf"", ""raw_built"": ""2014 HYUNDAI VINASHIN"", ""raw_details"": ""MAN-B&W 5S50ME 4 x 30 T BWTS fitted MAN-B&W 6S46MC-C8"", ""printed_date"": ""17/09/2021""}"
2021-09-17,2021-09-17,Bulker Sales,1,HAMBURG PEARL,Handysize,"36,266",2011,HMD,USD 18.6 M,U/D,SS 01/26 DD 02/24,"MAN-B&W 6S46MC-C8 4 x 35 T OHBH, BWTS fitted","{""stem"": ""2021-09-17_clarkson-platou-hellas-sp-weekly-bulletin-118_report-17-09-2021_e22a785afef4"", ""source_file"": ""2021-09-17_clarkson-platou-hellas-sp-weekly-bulletin-118_report-17-09-2021_e22a785afef4.pdf"", ""raw_built"": ""2011 HMD"", ""raw_details"": ""MAN-B&W 6S46MC-C8 4 x 35 T OHBH, BWTS fitted"", ""printed_date"": ""17/09/2021""}"
2021-09-17,2021-09-17,Bulker Sales,1,SFL SPEY,Handysize,"33,985",2011,JIANGSU YANGZIJIANG,USD 14.6 M,,SS 08/26 DD 08/24,MAN-B&W 6S42MC7.2 4 x 30 T,"{""stem"": ""2021-09-17_clarkson-platou-hellas-sp-weekly-bulletin-118_report-17-09-2021_e22a785afef4"", ""source_file"": ""2021-09-17_clarkson-platou-hellas-sp-weekly-bulletin-118_report-17-09-2021_e22a785afef4.pdf"", ""raw_built"": ""2011 JIANGSU YANGZIJIANG"", ""raw_details"": ""MAN-B&W 6S42MC7.2 4 x 30 T"", ""printed_date"": ""17/09/2021""}"
2021-09-17,2021-09-17,Bulker Sales,1,SFL MEDWAY,Handysize,"33,800",,,USD 14.8 M,,SS 10/26 DD 10/24,BWTS fitted,"{""stem"": ""2021-09-17_clarkson-platou-hellas-sp-weekly-bulletin-118_report-17-09-2021_e22a785afef4"", ""source_file"": ""2021-09-17_clarkson-platou-hellas-sp-weekly-bulletin-118_report-17-09-2021_e22a785afef4.pdf"", ""raw_built"": """", ""raw_details"": ""BWTS fitted"", ""printed_date"": ""17/09/2021""}"
2021-09-17,2021-09-17,Bulker Sales,1,SFL TRENT,Handysize,"34,025",2012,JIANGSU YANGZIJIANG,USD 15 M,,SS 01/22 DD 01/22,,"{""stem"": ""2021-09-17_clarkson-platou-hellas-sp-weekly-bulletin-118_report-17-09-2021_e22a785afef4"", ""source_file"": ""2021-09-17_clarkson-platou-hellas-sp-weekly-bulletin-118_report-17-09-2021_e22a785afef4.pdf"", ""raw_built"": ""2012 JIANGSU YANGZIJIANG"", ""raw_details"": """", ""printed_date"": ""17/09/2021""}"
2021-09-17,2021-09-17,Bulker Sales,1,SFL KENT,Handysize,"34,061",,,USD 15.2 M,CHINESE (c/o CDBL),SS 03/22 DD 03/22,,"{""stem"": ""2021-09-17_clarkson-platou-hellas-sp-weekly-bulletin-118_report-17-09-2021_e22a785afef4"", ""source_file"": ""2021-09-17_clarkson-platou-hellas-sp-weekly-bulletin-118_report-17-09-2021_e22a785afef4.pdf"", ""raw_built"": """", ""raw_details"": """", ""printed_date"": ""17/09/2021""}"
2021-09-17,2021-09-17,Bulker Sales,1,SFL TYNE,Handysize,"31,905",2012,GUANGZHOU WENCHONG,USD 13.5 M,,SS 02/22 DD 02/22,MAN-B&W 6S42MC7.2 4 x 30 T,"{""stem"": ""2021-09-17_clarkson-platou-hellas-sp-weekly-bulletin-118_report-17-09-2021_e22a785afef4"", ""source_file"": ""2021-09-17_clarkson-platou-hellas-sp-weekly-bulletin-118_report-17-09-2021_e22a785afef4.pdf"", ""raw_built"": ""2012 GUANGZHOU WENCHONG"", ""raw_details"": ""MAN-B&W 6S42MC7.2 4 x 30 T"", ""printed_date"": ""17/09/2021""}"
2021-09-17,2021-09-17,Bulker Sales,1,SFL CLYDE,Handysize,"31,905",,,USD 14 M,,SS 09/22 DD 09/22,,"{""stem"": ""2021-09-17_clarkson-platou-hellas-sp-weekly-bulletin-118_report-17-09-2021_e22a785afef4"", ""source_file"": ""2021-09-17_clarkson-platou-hellas-sp-weekly-bulletin-118_report-17-09-2021_e22a785afef4.pdf"", ""raw_built"": """", ""raw_details"": """", ""printed_date"": ""17/09/2021""}"
2021-09-17,2021-09-17,Bulker Sales,1,SFL DEE,Handysize,"31,716",2013,GUANGZHOU WENCHONG,USD 14.2 M,,SS 03/23 DD 03/23,,"{""stem"": ""2021-09-17_clarkson-platou-hellas-sp-weekly-bulletin-118_report-17-09-2021_e22a785afef4"", ""source_file"": ""2021-09-17_clarkson-platou-hellas-sp-weekly-bulletin-118_report-17-09-2021_e22a785afef4.pdf"", ""raw_built"": ""2013 GUANGZHOU WENCHONG"", ""raw_details"": """", ""printed_date"": ""17/09/2021""}"
2021-09-17,2021-09-17,Tanker Sales,2,KHK VISION,VLCC,"305,749",2007,DAEWOO,USD 31 M,U/D,SS 03/22 DD 03/22,MAN-B&W 7S80MC,"{""stem"": ""2021-09-17_clarkson-platou-hellas-sp-weekly-bulletin-118_report-17-09-2021_e22a785afef4"", ""source_file"": ""2021-09-17_clarkson-platou-hellas-sp-weekly-bulletin-118_report-17-09-2021_e22a785afef4.pdf"", ""raw_built"": ""2007 DAEWOO"", ""raw_details"": ""MAN-B&W 7S80MC"", ""printed_date"": ""17/09/2021""}"
2021-09-24,2021-09-24,Bulker Sales,1,ELINDA MARE,Panamax,"79,648",2010,NEW CENTURY,RGN USD 20 M,U/D,SS 12/25 DD 02/24,MAN-B&W 7S50MC-C8.2 BWTS fitted,"{""stem"": ""2021-09-24_clarkson-platou-hellas-sp-weekly-bulletin-119_report-24-09-2021_685d494e71ac"", ""source_file"": ""2021-09-24_clarkson-platou-hellas-sp-weekly-bulletin-119_report-24-09-2021_685d494e71ac.pdf"", ""raw_built"": ""2010 NEW CENTURY"", ""raw_details"": ""MAN-B&W 7S50MC-C8.2 BWTS fitted"", ""printed_date"": ""24/09/2021""}"
2021-09-24,2021-09-24,Bulker Sales,1,SEA VISION,Panamax,"77,154",2015,IMABARI,USD 29.2 M (Dely Jan/Feb '22),GREEKS,SS 01/25 DD 04/22,MAN-B&W 6S60ME-C7.1 BWTS fitted,"{""stem"": ""2021-09-24_clarkson-platou-hellas-sp-weekly-bulletin-119_report-24-09-2021_685d494e71ac"", ""source_file"": ""2021-09-24_clarkson-platou-hellas-sp-weekly-bulletin-119_report-24-09-2021_685d494e71ac.pdf"", ""raw_built"": ""2015 IMABARI"", ""raw_details"": ""MAN-B&W 6S60ME-C7.1 BWTS fitted"", ""printed_date"": ""24/09/2021""}"
2021-09-24,2021-09-24,Bulker Sales,1,PALAIS,Panamax,"75,434",2014,JIANGSU RONGSHENG,USD 23.25 M,CHINESE,SS 01/24 DD 01/22,WARTSILA 5RT-FLEX58T BWTS fitted MAN-B&W 6S50MC-C8,"{""stem"": ""2021-09-24_clarkson-platou-hellas-sp-weekly-bulletin-119_report-24-09-2021_685d494e71ac"", ""source_file"": ""2021-09-24_clarkson-platou-hellas-sp-weekly-bulletin-119_report-24-09-2021_685d494e71ac.pdf"", ""raw_built"": ""2014 JIANGSU RONGSHENG"", ""raw_details"": ""WARTSILA 5RT-FLEX58T BWTS fitted MAN-B&W 6S50MC-C8"", ""printed_date"": ""24/09/2021""}"
2021-09-24,2021-09-24,Bulker Sales,1,SAILING SKY,Ultramax,"61,346",2014,SHIN KASADO,LOW USD 27 M,VIETNAMESE (c/o HTK),SS 06/24 DD 04/22,MAN-B&W 6S50MC-C8 4 x 31 T BWTS fitted,"{""stem"": ""2021-09-24_clarkson-platou-hellas-sp-weekly-bulletin-119_report-24-09-2021_685d494e71ac"", ""source_file"": ""2021-09-24_clarkson-platou-hellas-sp-weekly-bulletin-119_report-24-09-2021_685d494e71ac.pdf"", ""raw_built"": ""2014 SHIN KASADO"", ""raw_details"": ""MAN-B&W 6S50MC-C8 4 x 31 T BWTS fitted"", ""printed_date"": ""24/09/2021""}"
2021-09-24,2021-09-24,Bulker Sales,1,MILLION BELL,Supramax,"58,665",2012,KAWASAKI,RGN USD 22M each (Delivery April '22),U/D,SS 10/22 DD 10/22,MAN-B&W 6S50MC-C8 4 x 30 T,"{""stem"": ""2021-09-24_clarkson-platou-hellas-sp-weekly-bulletin-119_report-24-09-2021_685d494e71ac"", ""source_file"": ""2021-09-24_clarkson-platou-hellas-sp-weekly-bulletin-119_report-24-09-2021_685d494e71ac.pdf"", ""raw_built"": ""2012 KAWASAKI"", ""raw_details"": ""MAN-B&W 6S50MC-C8 4 x 30 T"", ""printed_date"": ""24/09/2021""}"
2021-09-24,2021-09-24,Bulker Sales,1,GLAD MARK,Supramax,"58,642",,,(Delivery April '22),,SS 07/22 DD 07/22,BWTS fitted,"{""stem"": ""2021-09-24_clarkson-platou-hellas-sp-weekly-bulletin-119_report-24-09-2021_685d494e71ac"", ""source_file"": ""2021-09-24_clarkson-platou-hellas-sp-weekly-bulletin-119_report-24-09-2021_685d494e71ac.pdf"", ""raw_built"": """", ""raw_details"": ""BWTS fitted"", ""printed_date"": ""24/09/2021""}"
2021-09-24,2021-09-24,Bulker Sales,1,OCEAN OPAL,Handysize,"37,187",2012,HMD,MID USD 18 M,U/D,SS 07/22 DD 07/22,MAN-B&W 6S46MC-C8 4 x 30 T MITSUBISHI 6UEC45LSE,"{""stem"": ""2021-09-24_clarkson-platou-hellas-sp-weekly-bulletin-119_report-24-09-2021_685d494e71ac"", ""source_file"": ""2021-09-24_clarkson-platou-hellas-sp-weekly-bulletin-119_report-24-09-2021_685d494e71ac.pdf"", ""raw_built"": ""2012 HMD"", ""raw_details"": ""MAN-B&W 6S46MC-C8 4 x 30 T MITSUBISHI 6UEC45LSE"", ""printed_date"": ""24/09/2021""}"
2021-09-24,2021-09-24,Bulker Sales,1,CACTUS K,Handysize,"31,893",2011,HAKODATE,HIGH USD 16 M,GREEKS,SS 06/26 DD 06/24,MITSUBISHI 6UEC45LSE 4 x 30 T BWTS fitted MAN-B&W 6S42MC6,"{""stem"": ""2021-09-24_clarkson-platou-hellas-sp-weekly-bulletin-119_report-24-09-2021_685d494e71ac"", ""source_file"": ""2021-09-24_clarkson-platou-hellas-sp-weekly-bulletin-119_report-24-09-2021_685d494e71ac.pdf"", ""raw_built"": ""2011 HAKODATE"", ""raw_details"": ""MITSUBISHI 6UEC45LSE 4 x 30 T BWTS fitted MAN-B&W 6S42MC6"", ""printed_date"": ""24/09/2021""}"
2021-09-24,2021-09-24,Bulker Sales,1,GOLDEN DAISY,Handysize,"28,368",2014,I-S,MID USD 16 M,U/D,SS 04/24 DD 04/22,MAN-B&W 6S42MC6 4 x 30 T BWTS fitted,"{""stem"": ""2021-09-24_clarkson-platou-hellas-sp-weekly-bulletin-119_report-24-09-2021_685d494e71ac"", ""source_file"": ""2021-09-24_clarkson-platou-hellas-sp-weekly-bulletin-119_report-24-09-2021_685d494e71ac.pdf"", ""raw_built"": ""2014 I-S"", ""raw_details"": ""MAN-B&W 6S42MC6 4 x 30 T BWTS fitted"", ""printed_date"": ""24/09/2021""}"
2021-09-24,2021-09-24,Tanker Sales,1,BUNGA KELANA 8,Aframax,"105,500",2004,SAMSUNG,RGN USD 13.3 M,U/D,SS 03/24 DD 03/22,MAN-B&W 6S60MC,"{""stem"": ""2021-09-24_clarkson-platou-hellas-sp-weekly-bulletin-119_report-24-09-2021_685d494e71ac"", ""source_file"": ""2021-09-24_clarkson-platou-hellas-sp-weekly-bulletin-119_report-24-09-2021_685d494e71ac.pdf"", ""raw_built"": ""2004 SAMSUNG"", ""raw_details"": ""MAN-B&W 6S60MC"", ""printed_date"": ""24/09/2021""}"
2021-09-24,2021-09-24,Tanker Sales,1,BUNGA KELANA 7,Aframax,"105,193",,,,,SS 01/24 DD 02/22,,"{""stem"": ""2021-09-24_clarkson-platou-hellas-sp-weekly-bulletin-119_report-24-09-2021_685d494e71ac"", ""source_file"": ""2021-09-24_clarkson-platou-hellas-sp-weekly-bulletin-119_report-24-09-2021_685d494e71ac.pdf"", ""raw_built"": """", ""raw_details"": """", ""printed_date"": ""24/09/2021""}"
2021-09-24,2021-09-24,Tanker Sales,1,JUSTICE EXPRESS,MR,"45,998",2011,SHIN KURUSHIMA,LOW USD 17 M,U/D,SS 03/26 DD 01/24,"MAN-B&W 6S50MC-C Epoxy, 4 Pumps BWTS fitted","{""stem"": ""2021-09-24_clarkson-platou-hellas-sp-weekly-bulletin-119_report-24-09-2021_685d494e71ac"", ""source_file"": ""2021-09-24_clarkson-platou-hellas-sp-weekly-bulletin-119_report-24-09-2021_685d494e71ac.pdf"", ""raw_built"": ""2011 SHIN KURUSHIMA"", ""raw_details"": ""MAN-B&W 6S50MC-C Epoxy, 4 Pumps BWTS fitted"", ""printed_date"": ""24/09/2021""}"
2021-10-01,2021-10-01,Bulker Sales,1,CONRAD,Capesize,"207,647",2017,SWS,USD 53 M,USA BASED (c/o JPM),SS 04/22 DD 04/22,"MAN-B&W 6G70ME-C9.2 BWTS, Scrubber fitted","{""stem"": ""2021-10-01_clarkson-platou-hellas-sp-weekly-bulletin-120_report-01-10-2021_bac0f93091cc"", ""source_file"": ""2021-10-01_clarkson-platou-hellas-sp-weekly-bulletin-120_report-01-10-2021_bac0f93091cc.pdf"", ""raw_built"": ""2017 SWS"", ""raw_details"": ""MAN-B&W 6G70ME-C9.2 BWTS, Scrubber fitted"", ""printed_date"": ""01/10/2021""}"
2021-10-01,2021-10-01,Bulker Sales,1,AQUA HONOR,Capesize,"175,428",2012,JINHAI,XS USD 28 M,U/D,SS 05/22 DD 05/22,MAN-B&W 6S70MC-6.2 MAN-B&W 6S50MC-C8.2,"{""stem"": ""2021-10-01_clarkson-platou-hellas-sp-weekly-bulletin-120_report-01-10-2021_bac0f93091cc"", ""source_file"": ""2021-10-01_clarkson-platou-hellas-sp-weekly-bulletin-120_report-01-10-2021_bac0f93091cc.pdf"", ""raw_built"": ""2012 JINHAI"", ""raw_details"": ""MAN-B&W 6S70MC-6.2 MAN-B&W 6S50MC-C8.2"", ""printed_date"": ""01/10/2021""}"
2021-10-01,2021-10-01,Bulker Sales,1,HTC CHARLIE,Supramax,"56,450",2014,TAIZHOU SANFU,USD 20.45 M,U/D,SS 02/24 DD 02/24,MAN-B&W 6S50MC-C8.2 4 x 36 T BWTS fitted MAN-B&W 6S50MC-C8.2,"{""stem"": ""2021-10-01_clarkson-platou-hellas-sp-weekly-bulletin-120_report-01-10-2021_bac0f93091cc"", ""source_file"": ""2021-10-01_clarkson-platou-hellas-sp-weekly-bulletin-120_report-01-10-2021_bac0f93091cc.pdf"", ""raw_built"": ""2014 TAIZHOU SANFU"", ""raw_details"": ""MAN-B&W 6S50MC-C8.2 4 x 36 T BWTS fitted MAN-B&W 6S50MC-C8.2"", ""printed_date"": ""01/10/2021""}"
2021-10-01,2021-10-01,Bulker Sales,1,MEDI OKINAWA,Supramax,"56,118",2011,MITSUI,RGN USD 22 M,BANGLADESHI,SS 10/25 DD 10/23,MAN-B&W 6S50MC-C8.2 4 x 30 T BWTS fitted MAN-B&W 6S50MC-C8.2,"{""stem"": ""2021-10-01_clarkson-platou-hellas-sp-weekly-bulletin-120_report-01-10-2021_bac0f93091cc"", ""source_file"": ""2021-10-01_clarkson-platou-hellas-sp-weekly-bulletin-120_report-01-10-2021_bac0f93091cc.pdf"", ""raw_built"": ""2011 MITSUI"", ""raw_details"": ""MAN-B&W 6S50MC-C8.2 4 x 30 T BWTS fitted MAN-B&W 6S50MC-C8.2"", ""printed_date"": ""01/10/2021""}"
2021-10-01,2021-10-01,Bulker Sales,1,SPRING HAWK,Supramax,"55,688",2010,MITSUI,RGN USD 22 M,ASIANS,SS 05/25 DD 07/23,MAN-B&W 6S50MC-C8.2 4 x 30 T BWTS fitted,"{""stem"": ""2021-10-01_clarkson-platou-hellas-sp-weekly-bulletin-120_report-01-10-2021_bac0f93091cc"", ""source_file"": ""2021-10-01_clarkson-platou-hellas-sp-weekly-bulletin-120_report-01-10-2021_bac0f93091cc.pdf"", ""raw_built"": ""2010 MITSUI"", ""raw_details"": ""MAN-B&W 6S50MC-C8.2 4 x 30 T BWTS fitted"", ""printed_date"": ""01/10/2021""}"
2021-10-01,2021-10-01,Bulker Sales,1,SEACON 6,Supramax,"56,826",2012,NINGBO BEILUN LANTIAN,USD 15.3 M (online auction),CHINESE,SS 06/22 DD 06/22,MAN-B&W 6S50MC-C 4 x 30 T MAN-B&W 6S46MC-C8,"{""stem"": ""2021-10-01_clarkson-platou-hellas-sp-weekly-bulletin-120_report-01-10-2021_bac0f93091cc"", ""source_file"": ""2021-10-01_clarkson-platou-hellas-sp-weekly-bulletin-120_report-01-10-2021_bac0f93091cc.pdf"", ""raw_built"": ""2012 NINGBO BEILUN LANTIAN"", ""raw_details"": ""MAN-B&W 6S50MC-C 4 x 30 T MAN-B&W 6S46MC-C8"", ""printed_date"": ""01/10/2021""}"
2021-10-01,2021-10-01,Bulker Sales,1,SPRING SUNSHINE,Supramax,"46,947",2013,YANGZI CHANGBO,USD 17.9 M,U/D,SS 02/23 DD 02/23,MAN-B&W 6S46MC-C8 4 x 30 T BWTS fitted,"{""stem"": ""2021-10-01_clarkson-platou-hellas-sp-weekly-bulletin-120_report-01-10-2021_bac0f93091cc"", ""source_file"": ""2021-10-01_clarkson-platou-hellas-sp-weekly-bulletin-120_report-01-10-2021_bac0f93091cc.pdf"", ""raw_built"": ""2013 YANGZI CHANGBO"", ""raw_details"": ""MAN-B&W 6S46MC-C8 4 x 30 T BWTS fitted"", ""printed_date"": ""01/10/2021""}"
2021-10-01,2021-10-01,Bulker Sales,1,EOS VICTORY,Handysize,"33,451",2012,SHIN KURUSHIMA,dely Dec '21 USD 35 M En bloc,CHINESE,SS 08/22 DD 08/22,MITSUBISHI 6UEC45LSE 4 x 30 T,"{""stem"": ""2021-10-01_clarkson-platou-hellas-sp-weekly-bulletin-120_report-01-10-2021_bac0f93091cc"", ""source_file"": ""2021-10-01_clarkson-platou-hellas-sp-weekly-bulletin-120_report-01-10-2021_bac0f93091cc.pdf"", ""raw_built"": ""2012 SHIN KURUSHIMA"", ""raw_details"": ""MITSUBISHI 6UEC45LSE 4 x 30 T"", ""printed_date"": ""01/10/2021""}"
2021-10-01,2021-10-01,Bulker Sales,1,EOS ESPERANCE,Handysize,"33,686",,,En bloc dely April '22,,SS 05/22 DD 05/22 SS/DD,BWTS fitted MAN-B&W 6S42MC,"{""stem"": ""2021-10-01_clarkson-platou-hellas-sp-weekly-bulletin-120_report-01-10-2021_bac0f93091cc"", ""source_file"": ""2021-10-01_clarkson-platou-hellas-sp-weekly-bulletin-120_report-01-10-2021_bac0f93091cc.pdf"", ""raw_built"": """", ""raw_details"": ""BWTS fitted MAN-B&W 6S42MC"", ""printed_date"": ""01/10/2021""}"
2021-10-01,2021-10-01,Bulker Sales,1,YANGTZE BRILLIANCE,Handysize,"32,323",2011,JNS,RGN USD 15.5 M,CHINESE,SS/DD freshly passed,"MAN-B&W 6S42MC 4 x 30 T BWTS fitted, Tier II","{""stem"": ""2021-10-01_clarkson-platou-hellas-sp-weekly-bulletin-120_report-01-10-2021_bac0f93091cc"", ""source_file"": ""2021-10-01_clarkson-platou-hellas-sp-weekly-bulletin-120_report-01-10-2021_bac0f93091cc.pdf"", ""raw_built"": ""2011 JNS"", ""raw_details"": ""MAN-B&W 6S42MC 4 x 30 T BWTS fitted, Tier II"", ""printed_date"": ""01/10/2021""}"
2021-10-01,2021-10-01,Tanker Sales,1,FOS,VLCC,"306,999",2002,HHI,RGN USD 28 M,U/D,SS 02/22 DD 02/22,SULZER 7RTA84T-B,"{""stem"": ""2021-10-01_clarkson-platou-hellas-sp-weekly-bulletin-120_report-01-10-2021_bac0f93091cc"", ""source_file"": ""2021-10-01_clarkson-platou-hellas-sp-weekly-bulletin-120_report-01-10-2021_bac0f93091cc.pdf"", ""raw_built"": ""2002 HHI"", ""raw_details"": ""SULZER 7RTA84T-B"", ""printed_date"": ""01/10/2021""}"
2021-10-08,2021-10-08,Bulker Sales,1,TRUE ENDURANCE,Capesize,"179,147",2012,HHI,RGN USD 33 M,TURKISH,SS 04/22 DD 04/22,MAN-B&W 6S70MC-C8,"{""stem"": ""2021-10-08_clarkson-platou-hellas-sp-weekly-bulletin-121_report-08-10-2021_a3085ec3bcd8"", ""source_file"": ""2021-10-08_clarkson-platou-hellas-sp-weekly-bulletin-121_report-08-10-2021_a3085ec3bcd8.pdf"", ""raw_built"": ""2012 HHI"", ""raw_details"": ""MAN-B&W 6S70MC-C8"", ""printed_date"": ""08/10/2021""}"
2021-10-08,2021-10-08,Bulker Sales,1,ASL MARS,Handysize,175.085,2004,SWS,USD 16.2 M (delivery Q1 '22),CHINESE,SS 08/24 DD 07/22,MAN-B&W 6S70MC6.1,"{""stem"": ""2021-10-08_clarkson-platou-hellas-sp-weekly-bulletin-121_report-08-10-2021_a3085ec3bcd8"", ""source_file"": ""2021-10-08_clarkson-platou-hellas-sp-weekly-bulletin-121_report-08-10-2021_a3085ec3bcd8.pdf"", ""raw_built"": ""2004 SWS"", ""raw_details"": ""MAN-B&W 6S70MC6.1"", ""printed_date"": ""08/10/2021""}"
2021-10-08,2021-10-08,Bulker Sales,1,VORANA MANX,Kamsarmax,"82,000",,DELY DEC 2021 EX-YARD,USD 42.2 M,GREEKS,N/A,MAN-B&W 6S60ME-C10.5,"{""stem"": ""2021-10-08_clarkson-platou-hellas-sp-weekly-bulletin-121_report-08-10-2021_a3085ec3bcd8"", ""source_file"": ""2021-10-08_clarkson-platou-hellas-sp-weekly-bulletin-121_report-08-10-2021_a3085ec3bcd8.pdf"", ""raw_built"": ""DELY DEC 2021 EX-YARD"", ""raw_details"": ""MAN-B&W 6S60ME-C10.5"", ""printed_date"": ""08/10/2021""}"
2021-10-08,2021-10-08,Bulker Sales,1,ZEPHYRUS,Kamsarmax,"81,981",2019,JIANGSU NEW YANGZIJIANG,USD 36.5 M,HK BASED,SS 03/24 DD 03.22,MAN-B&W 6S60ME-C8.2 BWTS fitted,"{""stem"": ""2021-10-08_clarkson-platou-hellas-sp-weekly-bulletin-121_report-08-10-2021_a3085ec3bcd8"", ""source_file"": ""2021-10-08_clarkson-platou-hellas-sp-weekly-bulletin-121_report-08-10-2021_a3085ec3bcd8.pdf"", ""raw_built"": ""2019 JIANGSU NEW YANGZIJIANG"", ""raw_details"": ""MAN-B&W 6S60ME-C8.2 BWTS fitted"", ""printed_date"": ""08/10/2021""}"
2021-10-08,2021-10-08,Bulker Sales,1,STOVE FRIEND,Supramax,"57,679",2016,TSUNEISHI CEBU,USD 28 M each,NORWEGIANS (c/o Belships),SS/DD Freshly,MAN-B&W 6S50ME-C8.2 4 x 30 T,"{""stem"": ""2021-10-08_clarkson-platou-hellas-sp-weekly-bulletin-121_report-08-10-2021_a3085ec3bcd8"", ""source_file"": ""2021-10-08_clarkson-platou-hellas-sp-weekly-bulletin-121_report-08-10-2021_a3085ec3bcd8.pdf"", ""raw_built"": ""2016 TSUNEISHI CEBU"", ""raw_details"": ""MAN-B&W 6S50ME-C8.2 4 x 30 T"", ""printed_date"": ""08/10/2021""}"
2021-10-08,2021-10-08,Bulker Sales,1,TESORO,Supramax,"53,352",2007,CHENGXI,USD 15.75 M (c/o,HK BASED Jinhui Shipping),SS 03/22 DD 03/22,MAN-B&W 6S50MC-C 4 x 36 T,"{""stem"": ""2021-10-08_clarkson-platou-hellas-sp-weekly-bulletin-121_report-08-10-2021_a3085ec3bcd8"", ""source_file"": ""2021-10-08_clarkson-platou-hellas-sp-weekly-bulletin-121_report-08-10-2021_a3085ec3bcd8.pdf"", ""raw_built"": ""2007 CHENGXI"", ""raw_details"": ""MAN-B&W 6S50MC-C 4 x 36 T"", ""printed_date"": ""08/10/2021""}"
2021-10-08,2021-10-08,Tanker Sales,1,IVY EXPRESS,MR,"50,929",2009,STX,RGN USD 15 M (c/o,GREEKS Spring Marine),SS 02/24 III DD 02/24,"MAN-B&W 6S50MC-C 14 Pumps, Epoxy, IMO BWTS fitted","{""stem"": ""2021-10-08_clarkson-platou-hellas-sp-weekly-bulletin-121_report-08-10-2021_a3085ec3bcd8"", ""source_file"": ""2021-10-08_clarkson-platou-hellas-sp-weekly-bulletin-121_report-08-10-2021_a3085ec3bcd8.pdf"", ""raw_built"": ""2009 STX"", ""raw_details"": ""MAN-B&W 6S50MC-C 14 Pumps, Epoxy, IMO BWTS fitted"", ""printed_date"": ""08/10/2021""}"
2021-10-15,2021-10-15,Bulker Sales,1,CAPE GARLAND,Capesize,"178,394",2009,MITSUI,RGN/XS USD 32 M,CHINESE,SS 01/24 DD 01/24,MAN-B&W 6S70MC-C BWTS fitted,"{""stem"": ""2021-10-15_clarkson-platou-hellas-sp-weekly-bulletin-122_report-15-10-2021_60318ced1f98"", ""source_file"": ""2021-10-15_clarkson-platou-hellas-sp-weekly-bulletin-122_report-15-10-2021_60318ced1f98.pdf"", ""raw_built"": ""2009 MITSUI"", ""raw_details"": ""MAN-B&W 6S70MC-C BWTS fitted"", ""printed_date"": ""15/10/2021""}"
2021-10-15,2021-10-15,Bulker Sales,1,IBIS WIND,Kamsarmax,"82,937",2013,SANOYAS,RGN USD 28 M (delivery Jan/22),CHINESE,SS 07/25 DD 09/23,MAN-B&W 6S60MC-C8 BWTS fitted,"{""stem"": ""2021-10-15_clarkson-platou-hellas-sp-weekly-bulletin-122_report-15-10-2021_60318ced1f98"", ""source_file"": ""2021-10-15_clarkson-platou-hellas-sp-weekly-bulletin-122_report-15-10-2021_60318ced1f98.pdf"", ""raw_built"": ""2013 SANOYAS"", ""raw_details"": ""MAN-B&W 6S60MC-C8 BWTS fitted"", ""printed_date"": ""15/10/2021""}"
2021-10-15,2021-10-15,Bulker Sales,1,GOLDEN ENDURER,Panamax,"79,457",2011,JINHAI,RGN USD 20 M,U/D,SS 01/26 DD 02/24,MAN-B&W 5S60MC-C8.2 BWTS fitted,"{""stem"": ""2021-10-15_clarkson-platou-hellas-sp-weekly-bulletin-122_report-15-10-2021_60318ced1f98"", ""source_file"": ""2021-10-15_clarkson-platou-hellas-sp-weekly-bulletin-122_report-15-10-2021_60318ced1f98.pdf"", ""raw_built"": ""2011 JINHAI"", ""raw_details"": ""MAN-B&W 5S60MC-C8.2 BWTS fitted"", ""printed_date"": ""15/10/2021""}"
2021-10-15,2021-10-15,Bulker Sales,1,GOLDEN OPPORTUNITY,Panamax,"75,750",2008,JIANGSU RONGSHENG,USD 17.2 M,GREEKS,SS 08/23 DD 08/23,MAN-B&W 5S60MC-C,"{""stem"": ""2021-10-15_clarkson-platou-hellas-sp-weekly-bulletin-122_report-15-10-2021_60318ced1f98"", ""source_file"": ""2021-10-15_clarkson-platou-hellas-sp-weekly-bulletin-122_report-15-10-2021_60318ced1f98.pdf"", ""raw_built"": ""2008 JIANGSU RONGSHENG"", ""raw_details"": ""MAN-B&W 5S60MC-C"", ""printed_date"": ""15/10/2021""}"
2021-10-15,2021-10-15,Bulker Sales,1,ORIENT VIOLET,Panamax,"77,111",2015,IMABARI,USD 30.3 M,GREEKS,SS 04/25 DD 06/23,MAN-B&W 6S60ME-C7.1 BWTS fitted MAN-B&W 6S50MC-C8.2,"{""stem"": ""2021-10-15_clarkson-platou-hellas-sp-weekly-bulletin-122_report-15-10-2021_60318ced1f98"", ""source_file"": ""2021-10-15_clarkson-platou-hellas-sp-weekly-bulletin-122_report-15-10-2021_60318ced1f98.pdf"", ""raw_built"": ""2015 IMABARI"", ""raw_details"": ""MAN-B&W 6S60ME-C7.1 BWTS fitted MAN-B&W 6S50MC-C8.2"", ""printed_date"": ""15/10/2021""}"
2021-10-15,2021-10-15,Bulker Sales,1,HTC DELTA,Supramax,"56,533",2014,TAIZHOU SANFU,XS USD 21 M,U/D,SS 06/24 DD 06/22,MAN-B&W 6S50MC-C8.2 4 x 36 T BWTS fitted,"{""stem"": ""2021-10-15_clarkson-platou-hellas-sp-weekly-bulletin-122_report-15-10-2021_60318ced1f98"", ""source_file"": ""2021-10-15_clarkson-platou-hellas-sp-weekly-bulletin-122_report-15-10-2021_60318ced1f98.pdf"", ""raw_built"": ""2014 TAIZHOU SANFU"", ""raw_details"": ""MAN-B&W 6S50MC-C8.2 4 x 36 T BWTS fitted"", ""printed_date"": ""15/10/2021""}"
2021-10-15,2021-10-15,Bulker Sales,1,SHANDONG HAI SHENG,Supramax,"56,532",2011,YANGZHOU GUOYU,USD 17.08 M (online auction),CHINESE,SS 01/22 DD 01/22,WARTSILA 6RT-FLEX50 4 x 30 T MAN-B&W 6S46ME-B8.3,"{""stem"": ""2021-10-15_clarkson-platou-hellas-sp-weekly-bulletin-122_report-15-10-2021_60318ced1f98"", ""source_file"": ""2021-10-15_clarkson-platou-hellas-sp-weekly-bulletin-122_report-15-10-2021_60318ced1f98.pdf"", ""raw_built"": ""2011 YANGZHOU GUOYU"", ""raw_details"": ""WARTSILA 6RT-FLEX50 4 x 30 T MAN-B&W 6S46ME-B8.3"", ""printed_date"": ""15/10/2021""}"
2021-10-15,2021-10-15,Bulker Sales,1,XING ZHI HAI,Handysize,"34,443",2015,NAMURA,RGN USD 22 M (delivery Jan/22),U/D,SS 12/25 DD 12/23,MAN-B&W 6S46ME-B8.3 4 x 30 T BWTS fitted,"{""stem"": ""2021-10-15_clarkson-platou-hellas-sp-weekly-bulletin-122_report-15-10-2021_60318ced1f98"", ""source_file"": ""2021-10-15_clarkson-platou-hellas-sp-weekly-bulletin-122_report-15-10-2021_60318ced1f98.pdf"", ""raw_built"": ""2015 NAMURA"", ""raw_details"": ""MAN-B&W 6S46ME-B8.3 4 x 30 T BWTS fitted"", ""printed_date"": ""15/10/2021""}"
2021-10-15,2021-10-15,Tanker Sales,1,ECO LOS ANGELES,MR,"50,185",2020,HMD,USD 36.5 M (TC attached @ 17.5k PD,DANISH (c/o Norden),SS 02/25 DD 02/23,MAN-B&W 6G50ME-C9.5 IMO II/III,"{""stem"": ""2021-10-15_clarkson-platou-hellas-sp-weekly-bulletin-122_report-15-10-2021_60318ced1f98"", ""source_file"": ""2021-10-15_clarkson-platou-hellas-sp-weekly-bulletin-122_report-15-10-2021_60318ced1f98.pdf"", ""raw_built"": ""2020 HMD"", ""raw_details"": ""MAN-B&W 6G50ME-C9.5 IMO II/III"", ""printed_date"": ""15/10/2021""}"
2021-10-15,2021-10-15,Tanker Sales,1,ECO CITY OF ANGELS,MR,"49,815",,,to Trafigura till Q1/23),(c/o Norden),SS 02/25 DD 02/23,Scrubber & BWTS fitted,"{""stem"": ""2021-10-15_clarkson-platou-hellas-sp-weekly-bulletin-122_report-15-10-2021_60318ced1f98"", ""source_file"": ""2021-10-15_clarkson-platou-hellas-sp-weekly-bulletin-122_report-15-10-2021_60318ced1f98.pdf"", ""raw_built"": """", ""raw_details"": ""Scrubber & BWTS fitted"", ""printed_date"": ""15/10/2021""}"
2021-10-22,2021-10-22,Bulker Sales,1,BLUEMOON,Capesize,"170,089",2002,IHI,USD 15.75 M,CHINESE,SS 12/21 DD 12/21,SULZER 6RTA72,"{""stem"": ""2021-10-22_clarkson-platou-hellas-sp-weekly-bulletin-123_report-22-10-2021_2911eb2266e5"", ""source_file"": ""2021-10-22_clarkson-platou-hellas-sp-weekly-bulletin-123_report-22-10-2021_2911eb2266e5.pdf"", ""raw_built"": ""2002 IHI"", ""raw_details"": ""SULZER 6RTA72"", ""printed_date"": ""22/10/2021""}"
2021-10-22,2021-10-22,Bulker Sales,1,LENA B,Kamsarmax,"81,922",2017,TSUNEISHI ZHOUSHAN,USD 35.2 M,F. EASTERNS,SS 01/22 DD 01/22,MAN-B&W 6S60ME-C8.2 BWTS fitted,"{""stem"": ""2021-10-22_clarkson-platou-hellas-sp-weekly-bulletin-123_report-22-10-2021_2911eb2266e5"", ""source_file"": ""2021-10-22_clarkson-platou-hellas-sp-weekly-bulletin-123_report-22-10-2021_2911eb2266e5.pdf"", ""raw_built"": ""2017 TSUNEISHI ZHOUSHAN"", ""raw_details"": ""MAN-B&W 6S60ME-C8.2 BWTS fitted"", ""printed_date"": ""22/10/2021""}"
2021-10-22,2021-10-22,Bulker Sales,1,SHANDONG HAI CHANG,Panamax,"75,200",2011,PENGLAI,USD 16.73 M (Online auction),CHINESE,SS 01/22 DD 01/22,MAN-B&W 5S60MC-C MAN-B&W 6S50MC-C8.2,"{""stem"": ""2021-10-22_clarkson-platou-hellas-sp-weekly-bulletin-123_report-22-10-2021_2911eb2266e5"", ""source_file"": ""2021-10-22_clarkson-platou-hellas-sp-weekly-bulletin-123_report-22-10-2021_2911eb2266e5.pdf"", ""raw_built"": ""2011 PENGLAI"", ""raw_details"": ""MAN-B&W 5S60MC-C MAN-B&W 6S50MC-C8.2"", ""printed_date"": ""22/10/2021""}"
2021-10-22,2021-10-22,Bulker Sales,1,KANOURA,Ultramax,"61,396",2013,IWAGI,LOW USD 28 M,U/D,SS 04/26 DD 04/24,MAN-B&W 6S50MC-C8.2 4 x 30 T BWTS fitted,"{""stem"": ""2021-10-22_clarkson-platou-hellas-sp-weekly-bulletin-123_report-22-10-2021_2911eb2266e5"", ""source_file"": ""2021-10-22_clarkson-platou-hellas-sp-weekly-bulletin-123_report-22-10-2021_2911eb2266e5.pdf"", ""raw_built"": ""2013 IWAGI"", ""raw_details"": ""MAN-B&W 6S50MC-C8.2 4 x 30 T BWTS fitted"", ""printed_date"": ""22/10/2021""}"
2021-10-22,2021-10-22,Bulker Sales,1,PACIFIC 08,Supramax,"52,471",2004,TSUNEISHI ZOSEN,USD 15.35 M,CHINESE,SS 09/24 DD 11/22,MAN-B&W 6S50MC6.1 4 x 30 T MITSUBISHI 6UEC45LSE,"{""stem"": ""2021-10-22_clarkson-platou-hellas-sp-weekly-bulletin-123_report-22-10-2021_2911eb2266e5"", ""source_file"": ""2021-10-22_clarkson-platou-hellas-sp-weekly-bulletin-123_report-22-10-2021_2911eb2266e5.pdf"", ""raw_built"": ""2004 TSUNEISHI ZOSEN"", ""raw_details"": ""MAN-B&W 6S50MC6.1 4 x 30 T MITSUBISHI 6UEC45LSE"", ""printed_date"": ""22/10/2021""}"
2021-10-22,2021-10-22,Bulker Sales,1,GLOBAL PASSION,Handysize,"33,686",2011,SHIN KOCHI,RGN USD 17.5 M,U/D,SS 01/26 DD 01/24,MITSUBISHI 6UEC45LSE 4 x 30 T BWTS fitted MAN-B&W 6S42MC7.2,"{""stem"": ""2021-10-22_clarkson-platou-hellas-sp-weekly-bulletin-123_report-22-10-2021_2911eb2266e5"", ""source_file"": ""2021-10-22_clarkson-platou-hellas-sp-weekly-bulletin-123_report-22-10-2021_2911eb2266e5.pdf"", ""raw_built"": ""2011 SHIN KOCHI"", ""raw_details"": ""MITSUBISHI 6UEC45LSE 4 x 30 T BWTS fitted MAN-B&W 6S42MC7.2"", ""printed_date"": ""22/10/2021""}"
2021-10-22,2021-10-22,Bulker Sales,1,QUEEN ASIA,Handysize,"28,425",2011,I-S,RGN USD 15 M,U/D,SS 03/26 DD 03/24,MAN-B&W 6S42MC7.2 4 x 30 T BWTS fitted,"{""stem"": ""2021-10-22_clarkson-platou-hellas-sp-weekly-bulletin-123_report-22-10-2021_2911eb2266e5"", ""source_file"": ""2021-10-22_clarkson-platou-hellas-sp-weekly-bulletin-123_report-22-10-2021_2911eb2266e5.pdf"", ""raw_built"": ""2011 I-S"", ""raw_details"": ""MAN-B&W 6S42MC7.2 4 x 30 T BWTS fitted"", ""printed_date"": ""22/10/2021""}"
2021-10-29,2021-10-29,Bulker Sales,1,FEDERAL DANUBE,Handysize,"37,098",2004,NEW CENTURY,RGN USD 23 M,U/D,SS 07/22 DD 07/22,MAN-B&W 6S46MC-C7.1 4 X 40 T BWTS fitted,"{""stem"": ""2021-10-29_clarkson-platou-hellas-sp-weekly-bulletin-124_report-29-10-2021_f439d48c321c"", ""source_file"": ""2021-10-29_clarkson-platou-hellas-sp-weekly-bulletin-124_report-29-10-2021_f439d48c321c.pdf"", ""raw_built"": ""2004 NEW CENTURY"", ""raw_details"": ""MAN-B&W 6S46MC-C7.1 4 X 40 T BWTS fitted"", ""printed_date"": ""29/10/2021""}"
2021-10-29,2021-10-29,Bulker Sales,1,FEDERAL ELBE,Handysize,"37,073",2003,NEW CENTURY,,,SS 12/21 DD 12/21,BWTS fitted Lakes fitted MITSUBISHI 6UEC45LSE,"{""stem"": ""2021-10-29_clarkson-platou-hellas-sp-weekly-bulletin-124_report-29-10-2021_f439d48c321c"", ""source_file"": ""2021-10-29_clarkson-platou-hellas-sp-weekly-bulletin-124_report-29-10-2021_f439d48c321c.pdf"", ""raw_built"": ""2003 NEW CENTURY"", ""raw_details"": ""BWTS fitted Lakes fitted MITSUBISHI 6UEC45LSE"", ""printed_date"": ""29/10/2021""}"
2021-10-29,2021-10-29,Bulker Sales,1,ROYAL JUSTICE,Handysize,"36,976",2012,SAIKI,XS USD 21 M,FAR EASTERNS,SS 12/22 DD 12/22 C8.1,MITSUBISHI 6UEC45LSE 4 X 30 T BWTS fitted MAN-B&W 5S50ME –,"{""stem"": ""2021-10-29_clarkson-platou-hellas-sp-weekly-bulletin-124_report-29-10-2021_f439d48c321c"", ""source_file"": ""2021-10-29_clarkson-platou-hellas-sp-weekly-bulletin-124_report-29-10-2021_f439d48c321c.pdf"", ""raw_built"": ""2012 SAIKI"", ""raw_details"": ""MITSUBISHI 6UEC45LSE 4 X 30 T BWTS fitted MAN-B&W 5S50ME –"", ""printed_date"": ""29/10/2021""}"
2021-10-29,2021-10-29,Bulker Sales,1,NORDIC MALMOE,Handysize,"35,038",2012,NANTONG JINGHUA,RGN USD 16.7 M,U/D,C8.1 SS 01/22 DD 01/22,MAN-B&W 5S50ME – 4 x 30 T Tier II,"{""stem"": ""2021-10-29_clarkson-platou-hellas-sp-weekly-bulletin-124_report-29-10-2021_f439d48c321c"", ""source_file"": ""2021-10-29_clarkson-platou-hellas-sp-weekly-bulletin-124_report-29-10-2021_f439d48c321c.pdf"", ""raw_built"": ""2012 NANTONG JINGHUA"", ""raw_details"": ""MAN-B&W 5S50ME – 4 x 30 T Tier II"", ""printed_date"": ""29/10/2021""}"
2021-10-29,2021-10-29,Bulker Sales,1,DORY,Handysize,"34,601",2010,SPP,USD 16.2 M,U/D,SS 07/22 DD 05/25,MAN-B&W 5S50MC-C8.2 4 x 35 T,"{""stem"": ""2021-10-29_clarkson-platou-hellas-sp-weekly-bulletin-124_report-29-10-2021_f439d48c321c"", ""source_file"": ""2021-10-29_clarkson-platou-hellas-sp-weekly-bulletin-124_report-29-10-2021_f439d48c321c.pdf"", ""raw_built"": ""2010 SPP"", ""raw_details"": ""MAN-B&W 5S50MC-C8.2 4 x 35 T"", ""printed_date"": ""29/10/2021""}"
2021-10-29,2021-10-29,Tanker Sales,1,SEAWAYS DIAMOND HEAD,VLCC,"301,038",,,,,SS 10/26 DD 10/24,,"{""stem"": ""2021-10-29_clarkson-platou-hellas-sp-weekly-bulletin-124_report-29-10-2021_f439d48c321c"", ""source_file"": ""2021-10-29_clarkson-platou-hellas-sp-weekly-bulletin-124_report-29-10-2021_f439d48c321c.pdf"", ""raw_built"": """", ""raw_details"": """", ""printed_date"": ""29/10/2021""}"
2021-10-29,2021-10-29,Tanker Sales,1,SEAWAYS LIBERTY,VLCC,"300,973",,,USD 380 M,,SS 08/26 DD 06/24,,"{""stem"": ""2021-10-29_clarkson-platou-hellas-sp-weekly-bulletin-124_report-29-10-2021_f439d48c321c"", ""source_file"": ""2021-10-29_clarkson-platou-hellas-sp-weekly-bulletin-124_report-29-10-2021_f439d48c321c.pdf"", ""raw_built"": """", ""raw_details"": """", ""printed_date"": ""29/10/2021""}"
2021-10-29,2021-10-29,Tanker Sales,1,SEAWAYS HENDRICKS,VLCC,"300,960",2016,SHANGHAI WAIGAOQIAO,"(En Bloc, basis 10-year BB back including",NORWEGIANS (c/o Ocean Yield),SS 05/26 DD 05/26,MAN-B&W 7G80ME-C9.2 Scrubber & BWTS fitted,"{""stem"": ""2021-10-29_clarkson-platou-hellas-sp-weekly-bulletin-124_report-29-10-2021_f439d48c321c"", ""source_file"": ""2021-10-29_clarkson-platou-hellas-sp-weekly-bulletin-124_report-29-10-2021_f439d48c321c.pdf"", ""raw_built"": ""2016 SHANGHAI WAIGAOQIAO"", ""raw_details"": ""MAN-B&W 7G80ME-C9.2 Scrubber & BWTS fitted"", ""printed_date"": ""29/10/2021""}"
2021-10-29,2021-10-29,Tanker Sales,1,SEAWAYS CAPE HENRY,VLCC,"300,960",,,purchase obligation),,SS 03/26 DD 04/24,Scrubber & BWTS fitted,"{""stem"": ""2021-10-29_clarkson-platou-hellas-sp-weekly-bulletin-124_report-29-10-2021_f439d48c321c"", ""source_file"": ""2021-10-29_clarkson-platou-hellas-sp-weekly-bulletin-124_report-29-10-2021_f439d48c321c.pdf"", ""raw_built"": """", ""raw_details"": ""Scrubber & BWTS fitted"", ""printed_date"": ""29/10/2021""}"
2021-10-29,2021-10-29,Tanker Sales,1,SEAWAYS TRITON,VLCC,"300,960",,,,,SS 01/26 DD 12/23,,"{""stem"": ""2021-10-29_clarkson-platou-hellas-sp-weekly-bulletin-124_report-29-10-2021_f439d48c321c"", ""source_file"": ""2021-10-29_clarkson-platou-hellas-sp-weekly-bulletin-124_report-29-10-2021_f439d48c321c.pdf"", ""raw_built"": """", ""raw_details"": """", ""printed_date"": ""29/10/2021""}"
2021-10-29,2021-10-29,Tanker Sales,1,SEAWAYS TYBEE,VLCC,"300,960",2015,SHANGHAI WAIGAOQIAO,,,SS 10/25 DD 04/23,,"{""stem"": ""2021-10-29_clarkson-platou-hellas-sp-weekly-bulletin-124_report-29-10-2021_f439d48c321c"", ""source_file"": ""2021-10-29_clarkson-platou-hellas-sp-weekly-bulletin-124_report-29-10-2021_f439d48c321c.pdf"", ""raw_built"": ""2015 SHANGHAI WAIGAOQIAO"", ""raw_details"": """", ""printed_date"": ""29/10/2021""}"
2021-11-05,2021-11-05,Bulker Sales,1,1 x RESALE,Kamsarmax,"82,318",,DELY JAN '22 ex YAMIC,USD 38.5 M,GREEKS,N/A,MAN-B&W 6S60ME-C8.2,"{""stem"": ""2021-11-05_clarkson-platou-hellas-sp-weekly-bulletin-125_report-05-11-2021_27b485b43cdf"", ""source_file"": ""2021-11-05_clarkson-platou-hellas-sp-weekly-bulletin-125_report-05-11-2021_27b485b43cdf.pdf"", ""raw_built"": ""DELY JAN '22 ex YAMIC"", ""raw_details"": ""MAN-B&W 6S60ME-C8.2"", ""printed_date"": ""05/11/2021""}"
2021-11-05,2021-11-05,Bulker Sales,1,SHANDONG CHONG WEN,Panamax,"76,098",2011,HUDONG,USD 19.64 M (online auction),CHINESE,SS 12/21 DD 12/21,MAN-B&W 5S60MC-C Tier II,"{""stem"": ""2021-11-05_clarkson-platou-hellas-sp-weekly-bulletin-125_report-05-11-2021_27b485b43cdf"", ""source_file"": ""2021-11-05_clarkson-platou-hellas-sp-weekly-bulletin-125_report-05-11-2021_27b485b43cdf.pdf"", ""raw_built"": ""2011 HUDONG"", ""raw_details"": ""MAN-B&W 5S60MC-C Tier II"", ""printed_date"": ""05/11/2021""}"
2021-11-05,2021-11-05,Bulker Sales,1,SUNLEAF GRACE,Ultramax,"61,683",2011,OSHIMA,RGN USD 22 M (delivery Mar/May '22),U/D,SS 08/23 DD 08/23,MAN-B&W 6S50MC-C7.1 4 x 30 T MAN-B&W 6S50MC-C,"{""stem"": ""2021-11-05_clarkson-platou-hellas-sp-weekly-bulletin-125_report-05-11-2021_27b485b43cdf"", ""source_file"": ""2021-11-05_clarkson-platou-hellas-sp-weekly-bulletin-125_report-05-11-2021_27b485b43cdf.pdf"", ""raw_built"": ""2011 OSHIMA"", ""raw_details"": ""MAN-B&W 6S50MC-C7.1 4 x 30 T MAN-B&W 6S50MC-C"", ""printed_date"": ""05/11/2021""}"
2021-11-05,2021-11-05,Bulker Sales,1,SOPHIA N,Supramax,"56,868",2009,QINGSHAN,RGN/XS USD 17.5 M,CHINESE,SS 08/24 DD 10/22,MAN-B&W 6S50MC-C 4 x 30 T BWTS fitted,"{""stem"": ""2021-11-05_clarkson-platou-hellas-sp-weekly-bulletin-125_report-05-11-2021_27b485b43cdf"", ""source_file"": ""2021-11-05_clarkson-platou-hellas-sp-weekly-bulletin-125_report-05-11-2021_27b485b43cdf.pdf"", ""raw_built"": ""2009 QINGSHAN"", ""raw_details"": ""MAN-B&W 6S50MC-C 4 x 30 T BWTS fitted"", ""printed_date"": ""05/11/2021""}"
2021-11-05,2021-11-05,Tanker Sales,1,IRIS VICTORIA,Panamax,"74,998",2010,MINAMINIPPON,HIGH USD 17 M,U/D,SS 06/25 DD 08/23,MAN-B&W 6S60MC BWTS fitted,"{""stem"": ""2021-11-05_clarkson-platou-hellas-sp-weekly-bulletin-125_report-05-11-2021_27b485b43cdf"", ""source_file"": ""2021-11-05_clarkson-platou-hellas-sp-weekly-bulletin-125_report-05-11-2021_27b485b43cdf.pdf"", ""raw_built"": ""2010 MINAMINIPPON"", ""raw_details"": ""MAN-B&W 6S60MC BWTS fitted"", ""printed_date"": ""05/11/2021""}"
2021-11-05,2021-11-05,Tanker Sales,1,ANGEL 62,MR,"47,333",2009,ONOMICHI,HIGH USD 13 M (c/o,GREEK Spring Marine),SS 07/24 DD 07/22,MAN-B&W 6S50MC 4 Pumps,"{""stem"": ""2021-11-05_clarkson-platou-hellas-sp-weekly-bulletin-125_report-05-11-2021_27b485b43cdf"", ""source_file"": ""2021-11-05_clarkson-platou-hellas-sp-weekly-bulletin-125_report-05-11-2021_27b485b43cdf.pdf"", ""raw_built"": ""2009 ONOMICHI"", ""raw_details"": ""MAN-B&W 6S50MC 4 Pumps"", ""printed_date"": ""05/11/2021""}"
2021-11-12,2021-11-12,Bulker Sales,1,OCEAN ROSEMARY,Kamsarmax,"82,265",2013,DALIAN,USD 23 M,U/D,SS 04/23 DD 04/23,MAN-B&W 5S60ME-C8.2,"{""stem"": ""2021-11-12_clarkson-platou-hellas-sp-weekly-bulletin-126_report-12-11-2021_19f50837725b"", ""source_file"": ""2021-11-12_clarkson-platou-hellas-sp-weekly-bulletin-126_report-12-11-2021_19f50837725b.pdf"", ""raw_built"": ""2013 DALIAN"", ""raw_details"": ""MAN-B&W 5S60ME-C8.2"", ""printed_date"": ""12/11/2021""}"
2021-11-12,2021-11-12,Bulker Sales,1,YUTAI AMBITIONS,Panamax,"77,283",2008,OSHIMA,LOW USD 18 M,GREEKS,SS 11/23 DD 12/21,MAN-B&W 5S60MC-C BWTS fitted MAN-B&W 5S60ME-C8.2,"{""stem"": ""2021-11-12_clarkson-platou-hellas-sp-weekly-bulletin-126_report-12-11-2021_19f50837725b"", ""source_file"": ""2021-11-12_clarkson-platou-hellas-sp-weekly-bulletin-126_report-12-11-2021_19f50837725b.pdf"", ""raw_built"": ""2008 OSHIMA"", ""raw_details"": ""MAN-B&W 5S60MC-C BWTS fitted MAN-B&W 5S60ME-C8.2"", ""printed_date"": ""12/11/2021""}"
2021-11-12,2021-11-12,Bulker Sales,1,SOHO MERCHANT,Ultramax,"63,800",2015,CHENGXI,USD 50.5 M En bloc,GREEKS,SS 01/25 DD 12/22,MAN-B&W 5S60ME-C8.2 4 x 30 T BWTS fitted WARTSILA 5RT-FLEX58T-D,"{""stem"": ""2021-11-12_clarkson-platou-hellas-sp-weekly-bulletin-126_report-12-11-2021_19f50837725b"", ""source_file"": ""2021-11-12_clarkson-platou-hellas-sp-weekly-bulletin-126_report-12-11-2021_19f50837725b.pdf"", ""raw_built"": ""2015 CHENGXI"", ""raw_details"": ""MAN-B&W 5S60ME-C8.2 4 x 30 T BWTS fitted WARTSILA 5RT-FLEX58T-D"", ""printed_date"": ""12/11/2021""}"
2021-11-12,2021-11-12,Bulker Sales,1,SOHO TRADER,Ultramax,"63,473",2015,JIANGSU NEW YZJ,En bloc,,SS 03/25 DD 06/23,WARTSILA 5RT-FLEX58T-D 4 x 30 T BWTS fitted MAN-B&W 5S60ME-C8.2,"{""stem"": ""2021-11-12_clarkson-platou-hellas-sp-weekly-bulletin-126_report-12-11-2021_19f50837725b"", ""source_file"": ""2021-11-12_clarkson-platou-hellas-sp-weekly-bulletin-126_report-12-11-2021_19f50837725b.pdf"", ""raw_built"": ""2015 JIANGSU NEW YZJ"", ""raw_details"": ""WARTSILA 5RT-FLEX58T-D 4 x 30 T BWTS fitted MAN-B&W 5S60ME-C8.2"", ""printed_date"": ""12/11/2021""}"
2021-11-12,2021-11-12,Bulker Sales,1,STAR DAMON,Ultramax,"63,301",2012,SINOPACIFIC DAYANG,USD 22.5 M,U/D,SS 10/22 DD 10/22,MAN-B&W 5S60ME-C8.2 4 x 36 T BWTS fitted MAN-B&W 6S50MC-C8.2,"{""stem"": ""2021-11-12_clarkson-platou-hellas-sp-weekly-bulletin-126_report-12-11-2021_19f50837725b"", ""source_file"": ""2021-11-12_clarkson-platou-hellas-sp-weekly-bulletin-126_report-12-11-2021_19f50837725b.pdf"", ""raw_built"": ""2012 SINOPACIFIC DAYANG"", ""raw_details"": ""MAN-B&W 5S60ME-C8.2 4 x 36 T BWTS fitted MAN-B&W 6S50MC-C8.2"", ""printed_date"": ""12/11/2021""}"
2021-11-12,2021-11-12,Bulker Sales,1,IKAN SENYUR,Ultramax,"61,494",2010,SHIN KASADO,USD 22.5 M,U/D,SS 02/25 DD 08/23,MAN-B&W 6S50MC-C8.2 4 x 30 T BWTS fitted MAN-B&W 6S50MC-C,"{""stem"": ""2021-11-12_clarkson-platou-hellas-sp-weekly-bulletin-126_report-12-11-2021_19f50837725b"", ""source_file"": ""2021-11-12_clarkson-platou-hellas-sp-weekly-bulletin-126_report-12-11-2021_19f50837725b.pdf"", ""raw_built"": ""2010 SHIN KASADO"", ""raw_details"": ""MAN-B&W 6S50MC-C8.2 4 x 30 T BWTS fitted MAN-B&W 6S50MC-C"", ""printed_date"": ""12/11/2021""}"
2021-11-12,2021-11-12,Bulker Sales,1,SHANDONG HAI TONG,Supramax,"56,724",2012,CSC JINGLING,USD 16.71 M (online auction),CHINESE,SS 05/22 DD 05/22,MAN-B&W 6S50MC-C 4 x 30 T Tier II,"{""stem"": ""2021-11-12_clarkson-platou-hellas-sp-weekly-bulletin-126_report-12-11-2021_19f50837725b"", ""source_file"": ""2021-11-12_clarkson-platou-hellas-sp-weekly-bulletin-126_report-12-11-2021_19f50837725b.pdf"", ""raw_built"": ""2012 CSC JINGLING"", ""raw_details"": ""MAN-B&W 6S50MC-C 4 x 30 T Tier II"", ""printed_date"": ""12/11/2021""}"
2021-11-19,2021-11-19,Bulker Sales,1,BUNJI,Kamsarmax,"98,704",2013,TSUNEISHI ZHOUSHAN,RGN USD 23 M,EUROPEANS,SS 08/23 DD 08/23,MAN-B&W 6S60MC-C,"{""stem"": ""2021-11-19_clarkson-platou-hellas-sp-weekly-bulletin-127_report-19-11-2021_0b64ae6557af"", ""source_file"": ""2021-11-19_clarkson-platou-hellas-sp-weekly-bulletin-127_report-19-11-2021_0b64ae6557af.pdf"", ""raw_built"": ""2013 TSUNEISHI ZHOUSHAN"", ""raw_details"": ""MAN-B&W 6S60MC-C"", ""printed_date"": ""19/11/2021""}"
2021-11-19,2021-11-19,Bulker Sales,1,SM AURORA,Kamsarmax,"81,970",2012,JIANGSU EASTERN,RGN/XS USD 21 M,CHINESE,SS 08/22 DD 08/22,MAN-B&W 6S60MC-C8,"{""stem"": ""2021-11-19_clarkson-platou-hellas-sp-weekly-bulletin-127_report-19-11-2021_0b64ae6557af"", ""source_file"": ""2021-11-19_clarkson-platou-hellas-sp-weekly-bulletin-127_report-19-11-2021_0b64ae6557af.pdf"", ""raw_built"": ""2012 JIANGSU EASTERN"", ""raw_details"": ""MAN-B&W 6S60MC-C8"", ""printed_date"": ""19/11/2021""}"
2021-11-19,2021-11-19,Bulker Sales,1,STAR CRIOS,Ultramax,"63,301",2012,SINOPACIFIC DAYANG,USD 21.5 M,GREEKS,SS 06/22 DD 06/22,MAN-B&W 5S60ME-C8 4 x 36 T MAN-B&W 6S50ME-B9.3,"{""stem"": ""2021-11-19_clarkson-platou-hellas-sp-weekly-bulletin-127_report-19-11-2021_0b64ae6557af"", ""source_file"": ""2021-11-19_clarkson-platou-hellas-sp-weekly-bulletin-127_report-19-11-2021_0b64ae6557af.pdf"", ""raw_built"": ""2012 SINOPACIFIC DAYANG"", ""raw_details"": ""MAN-B&W 5S60ME-C8 4 x 36 T MAN-B&W 6S50ME-B9.3"", ""printed_date"": ""19/11/2021""}"
2021-11-19,2021-11-19,Bulker Sales,1,NORD COLORADO,Ultramax,"60,396",2018,OSHIMA,XS USD 32 M,U/D,SS 01/23 DD 01/23,MAN-B&W 6S50ME-B9.3 4 x 30 T BWTS & Scrubber fitted MITSUBISHI 6UEC50LSII,"{""stem"": ""2021-11-19_clarkson-platou-hellas-sp-weekly-bulletin-127_report-19-11-2021_0b64ae6557af"", ""source_file"": ""2021-11-19_clarkson-platou-hellas-sp-weekly-bulletin-127_report-19-11-2021_0b64ae6557af.pdf"", ""raw_built"": ""2018 OSHIMA"", ""raw_details"": ""MAN-B&W 6S50ME-B9.3 4 x 30 T BWTS & Scrubber fitted MITSUBISHI 6UEC50LSII"", ""printed_date"": ""19/11/2021""}"
2021-11-19,2021-11-19,Bulker Sales,1,CHERRY DREAM,Supramax,"51,703",2011,OSHIMA,USD 17.5 M,U/D,SS 02/26 DD 02/24,"MITSUBISHI 6UEC50LSII 4 x 30 T BWTS fitted, OHBH","{""stem"": ""2021-11-19_clarkson-platou-hellas-sp-weekly-bulletin-127_report-19-11-2021_0b64ae6557af"", ""source_file"": ""2021-11-19_clarkson-platou-hellas-sp-weekly-bulletin-127_report-19-11-2021_0b64ae6557af.pdf"", ""raw_built"": ""2011 OSHIMA"", ""raw_details"": ""MITSUBISHI 6UEC50LSII 4 x 30 T BWTS fitted, OHBH"", ""printed_date"": ""19/11/2021""}"
2021-11-19,2021-11-19,Bulker Sales,1,SUPER LYDIA,Handysize,"37,406",2007,SAIKI,LOW/MID USD 13 M,TURKISH,SS 10/22 DD 10/22,MITSUBISHI 6UEC52LA 4 x 30 T,"{""stem"": ""2021-11-19_clarkson-platou-hellas-sp-weekly-bulletin-127_report-19-11-2021_0b64ae6557af"", ""source_file"": ""2021-11-19_clarkson-platou-hellas-sp-weekly-bulletin-127_report-19-11-2021_0b64ae6557af.pdf"", ""raw_built"": ""2007 SAIKI"", ""raw_details"": ""MITSUBISHI 6UEC52LA 4 x 30 T"", ""printed_date"": ""19/11/2021""}"
2021-11-19,2021-11-19,Tanker Sales,1,PTI RHINE,MR,"51,218",2007,STX,USD 9.8 M,U/D,SS 02/22 DD 02/22,MAN-B&W 6S50MC-C 12 Pumps,"{""stem"": ""2021-11-19_clarkson-platou-hellas-sp-weekly-bulletin-127_report-19-11-2021_0b64ae6557af"", ""source_file"": ""2021-11-19_clarkson-platou-hellas-sp-weekly-bulletin-127_report-19-11-2021_0b64ae6557af.pdf"", ""raw_built"": ""2007 STX"", ""raw_details"": ""MAN-B&W 6S50MC-C 12 Pumps"", ""printed_date"": ""19/11/2021""}"
2021-11-19,2021-11-19,Tanker Sales,1,PTI AMAZON,MR,"51,274",,,,,SS 03/22 DD 03/22,12 Pumps,"{""stem"": ""2021-11-19_clarkson-platou-hellas-sp-weekly-bulletin-127_report-19-11-2021_0b64ae6557af"", ""source_file"": ""2021-11-19_clarkson-platou-hellas-sp-weekly-bulletin-127_report-19-11-2021_0b64ae6557af.pdf"", ""raw_built"": """", ""raw_details"": ""12 Pumps"", ""printed_date"": ""19/11/2021""}"
2021-11-19,2021-11-19,Tanker Sales,1,SEAWAYS BODIE,Handysize,"37,725",2006,HMD,HIGH USD 7 M,U/D,SS 11/21 DD 11/21,MAN-B&W 6S50MC-C8.1 Ice 1A,"{""stem"": ""2021-11-19_clarkson-platou-hellas-sp-weekly-bulletin-127_report-19-11-2021_0b64ae6557af"", ""source_file"": ""2021-11-19_clarkson-platou-hellas-sp-weekly-bulletin-127_report-19-11-2021_0b64ae6557af.pdf"", ""raw_built"": ""2006 HMD"", ""raw_details"": ""MAN-B&W 6S50MC-C8.1 Ice 1A"", ""printed_date"": ""19/11/2021""}"
2021-11-26,2021-11-26,Bulker Sales,1,CHINA STEEL REALIST,Capesize,"203,512",2007,CSBC,"LOW USD 20 M (dely basis SS passed, BWTS fitted)",CHINESE,SS 04/22 DD 04/22,MAN-B&W 6S70MC-C,"{""stem"": ""2021-11-26_clarkson-platou-hellas-sp-weekly-bulletin-128_report-26-11-2021_abfc968835c9"", ""source_file"": ""2021-11-26_clarkson-platou-hellas-sp-weekly-bulletin-128_report-26-11-2021_abfc968835c9.pdf"", ""raw_built"": ""2007 CSBC"", ""raw_details"": ""MAN-B&W 6S70MC-C"", ""printed_date"": ""26/11/2021""}"
2021-11-26,2021-11-26,Bulker Sales,1,1 x RESALE,Capesize,"181,291",,DELY MAR/APRIL 2022 ex,HIGH USD 59 M,GREEKS,N/A,NAMURA MAN-B&W 6G70ME-C9.5 MAN-B&W 6S46ME-B8.3,"{""stem"": ""2021-11-26_clarkson-platou-hellas-sp-weekly-bulletin-128_report-26-11-2021_abfc968835c9"", ""source_file"": ""2021-11-26_clarkson-platou-hellas-sp-weekly-bulletin-128_report-26-11-2021_abfc968835c9.pdf"", ""raw_built"": ""DELY MAR/APRIL 2022 ex"", ""raw_details"": ""NAMURA MAN-B&W 6G70ME-C9.5 MAN-B&W 6S46ME-B8.3"", ""printed_date"": ""26/11/2021""}"
2021-11-26,2021-11-26,Bulker Sales,1,NEW DAYS,Handysize,"38,230",2017,SHIN KOCHI,USD 27 M (dely basis SS passed),U/D,SS 01/22 DD 01/22,MAN-B&W 6S46ME-B8.3 4 x 30T BWTS fitted MITSUBISHI 6UEC45LSE,"{""stem"": ""2021-11-26_clarkson-platou-hellas-sp-weekly-bulletin-128_report-26-11-2021_abfc968835c9"", ""source_file"": ""2021-11-26_clarkson-platou-hellas-sp-weekly-bulletin-128_report-26-11-2021_abfc968835c9.pdf"", ""raw_built"": ""2017 SHIN KOCHI"", ""raw_details"": ""MAN-B&W 6S46ME-B8.3 4 x 30T BWTS fitted MITSUBISHI 6UEC45LSE"", ""printed_date"": ""26/11/2021""}"
2021-11-26,2021-11-26,Bulker Sales,1,ROYAL JUSTICE,Handysize,"36,976",2012,SAIKI,USD 18.5 M,GREEKS,SS 12/22 DD 12/22,"MITSUBISHI 6UEC45LSE 4 x 30 T BWTS fitted, OHBH","{""stem"": ""2021-11-26_clarkson-platou-hellas-sp-weekly-bulletin-128_report-26-11-2021_abfc968835c9"", ""source_file"": ""2021-11-26_clarkson-platou-hellas-sp-weekly-bulletin-128_report-26-11-2021_abfc968835c9.pdf"", ""raw_built"": ""2012 SAIKI"", ""raw_details"": ""MITSUBISHI 6UEC45LSE 4 x 30 T BWTS fitted, OHBH"", ""printed_date"": ""26/11/2021""}"
2021-11-26,2021-11-26,Tanker Sales,1,NORDMERKUR,Panamax,"74,999",2004,HHI,RGN USD 10 M,INDIANS,SS 05/24 DD 06/22,MAN-B&W 6S60MC-C,"{""stem"": ""2021-11-26_clarkson-platou-hellas-sp-weekly-bulletin-128_report-26-11-2021_abfc968835c9"", ""source_file"": ""2021-11-26_clarkson-platou-hellas-sp-weekly-bulletin-128_report-26-11-2021_abfc968835c9.pdf"", ""raw_built"": ""2004 HHI"", ""raw_details"": ""MAN-B&W 6S60MC-C"", ""printed_date"": ""26/11/2021""}"
2021-11-26,2021-11-26,Tanker Sales,1,ARCTIC BAY,MR,"50,844",2006,STX,RGN USD 11.5 M,U/D,SS 03/26 fitted DD 05/24,"MAN-B&W 6S60MC-C IMO III, ICE 1A, BWTS","{""stem"": ""2021-11-26_clarkson-platou-hellas-sp-weekly-bulletin-128_report-26-11-2021_abfc968835c9"", ""source_file"": ""2021-11-26_clarkson-platou-hellas-sp-weekly-bulletin-128_report-26-11-2021_abfc968835c9.pdf"", ""raw_built"": ""2006 STX"", ""raw_details"": ""MAN-B&W 6S60MC-C IMO III, ICE 1A, BWTS"", ""printed_date"": ""26/11/2021""}"
2021-12-03,2021-12-03,Bulker Sales,1,STAR ARTEMIS,Ultramax,"63,205",2015,SINOPACIFIC DAYANG,USD 53 M en bloc,U/D,SS 05/25 DD 05/23,MAN-B&W 5S60ME-C8.1 4 x 36 T,"{""stem"": ""2021-12-03_clarkson-platou-hellas-sp-weekly-bulletin-129_report-03-12-2021_38d493450c53"", ""source_file"": ""2021-12-03_clarkson-platou-hellas-sp-weekly-bulletin-129_report-03-12-2021_38d493450c53.pdf"", ""raw_built"": ""2015 SINOPACIFIC DAYANG"", ""raw_details"": ""MAN-B&W 5S60ME-C8.1 4 x 36 T"", ""printed_date"": ""03/12/2021""}"
2021-12-03,2021-12-03,Bulker Sales,1,STAR EOS,Ultramax,"63,500",,,en bloc,,SS 10/25 DD 09/25,BWTS fited MAN-B&W 6S50MC-C,"{""stem"": ""2021-12-03_clarkson-platou-hellas-sp-weekly-bulletin-129_report-03-12-2021_38d493450c53"", ""source_file"": ""2021-12-03_clarkson-platou-hellas-sp-weekly-bulletin-129_report-03-12-2021_38d493450c53.pdf"", ""raw_built"": """", ""raw_details"": ""BWTS fited MAN-B&W 6S50MC-C"", ""printed_date"": ""03/12/2021""}"
2021-12-03,2021-12-03,Bulker Sales,1,VIRGO COLOSSUS,Ultramax,"61,616",2012,OSHIMA,RGN USD 24 M,GREEKS,SS 09/22 DD 09/22,MAN-B&W 6S50MC-C 4 x 30 T BWTS fitted,"{""stem"": ""2021-12-03_clarkson-platou-hellas-sp-weekly-bulletin-129_report-03-12-2021_38d493450c53"", ""source_file"": ""2021-12-03_clarkson-platou-hellas-sp-weekly-bulletin-129_report-03-12-2021_38d493450c53.pdf"", ""raw_built"": ""2012 OSHIMA"", ""raw_details"": ""MAN-B&W 6S50MC-C 4 x 30 T BWTS fitted"", ""printed_date"": ""03/12/2021""}"
2021-12-03,2021-12-03,Bulker Sales,1,NEW FACE,Handysize,"38,230",2017,SHIN KOCHI,RGN USD 27M each (basis SS/DD passed),GREEKS,SS 03/22 DD 03/22,MAN-B&W 6S46ME-B8.3 4 x 30 T,"{""stem"": ""2021-12-03_clarkson-platou-hellas-sp-weekly-bulletin-129_report-03-12-2021_38d493450c53"", ""source_file"": ""2021-12-03_clarkson-platou-hellas-sp-weekly-bulletin-129_report-03-12-2021_38d493450c53.pdf"", ""raw_built"": ""2017 SHIN KOCHI"", ""raw_details"": ""MAN-B&W 6S46ME-B8.3 4 x 30 T"", ""printed_date"": ""03/12/2021""}"
2021-12-03,2021-12-03,Bulker Sales,1,OCEAN GALAXY,Handysize,"37,193",2011,HMD,LOW USD 16 M M.,EASTERNS,SS 09/26 DD 09/24,MAN-B&W 6S46MC-C 4 x 30 T BWTS fitted,"{""stem"": ""2021-12-03_clarkson-platou-hellas-sp-weekly-bulletin-129_report-03-12-2021_38d493450c53"", ""source_file"": ""2021-12-03_clarkson-platou-hellas-sp-weekly-bulletin-129_report-03-12-2021_38d493450c53.pdf"", ""raw_built"": ""2011 HMD"", ""raw_details"": ""MAN-B&W 6S46MC-C 4 x 30 T BWTS fitted"", ""printed_date"": ""03/12/2021""}"
2021-12-03,2021-12-03,Tanker Sales,1,HAFNIA HOPE,Handysize,"39,997",2007,SAIKI,USD 9 .5 M,U/D,SS 01/22 DD 01/22,MITSUBISHI 6UEC52LS IMO III,"{""stem"": ""2021-12-03_clarkson-platou-hellas-sp-weekly-bulletin-129_report-03-12-2021_38d493450c53"", ""source_file"": ""2021-12-03_clarkson-platou-hellas-sp-weekly-bulletin-129_report-03-12-2021_38d493450c53.pdf"", ""raw_built"": ""2007 SAIKI"", ""raw_details"": ""MITSUBISHI 6UEC52LS IMO III"", ""printed_date"": ""03/12/2021""}"
2021-12-10,2021-12-10,Bulker Sales,1,CAPE TREASURE,Capesize,"180,201",2007,KOYO,USD 21.5 M,S. KOREANS,SS 02/22 DD 02/22,MAN-B&W 6S70MC-C,"{""stem"": ""2021-12-10_clarkson-platou-hellas-sp-weekly-bulletin-130_report-10-12-2021_04096d02777b"", ""source_file"": ""2021-12-10_clarkson-platou-hellas-sp-weekly-bulletin-130_report-10-12-2021_04096d02777b.pdf"", ""raw_built"": ""2007 KOYO"", ""raw_details"": ""MAN-B&W 6S70MC-C"", ""printed_date"": ""10/12/2021""}"
2021-12-10,2021-12-10,Bulker Sales,1,GEORGE P,Kamsarmax,"81,569",2012,GUANGZHOU LONGXUE,USD 39M EN BLOC,GREEKS,SS 08/22 DD 08/22,MAN-B&W 5S60MC-C8 Tier II,"{""stem"": ""2021-12-10_clarkson-platou-hellas-sp-weekly-bulletin-130_report-10-12-2021_04096d02777b"", ""source_file"": ""2021-12-10_clarkson-platou-hellas-sp-weekly-bulletin-130_report-10-12-2021_04096d02777b.pdf"", ""raw_built"": ""2012 GUANGZHOU LONGXUE"", ""raw_details"": ""MAN-B&W 5S60MC-C8 Tier II"", ""printed_date"": ""10/12/2021""}"
2021-12-10,2021-12-10,Bulker Sales,1,EGYPTIAN MIKE,Kamsarmax,"81,600",2011,GUANGZHOU LONGXUE,,,SS 09/26 DD 08/24,MAN-B&W 5S60MC-C8 BWTS fitted,"{""stem"": ""2021-12-10_clarkson-platou-hellas-sp-weekly-bulletin-130_report-10-12-2021_04096d02777b"", ""source_file"": ""2021-12-10_clarkson-platou-hellas-sp-weekly-bulletin-130_report-10-12-2021_04096d02777b.pdf"", ""raw_built"": ""2011 GUANGZHOU LONGXUE"", ""raw_details"": ""MAN-B&W 5S60MC-C8 BWTS fitted"", ""printed_date"": ""10/12/2021""}"
2021-12-10,2021-12-10,Bulker Sales,1,UNIVERSAL BANGKOK,Supramax,"56,729",2012,QINGSHAN,HIGH USD 16 M,U/D,SS 04/22 DD 04/22,MAN-B&W 6S50MC-C 4 x 30 T MAN-B&W 6S50MC-C,"{""stem"": ""2021-12-10_clarkson-platou-hellas-sp-weekly-bulletin-130_report-10-12-2021_04096d02777b"", ""source_file"": ""2021-12-10_clarkson-platou-hellas-sp-weekly-bulletin-130_report-10-12-2021_04096d02777b.pdf"", ""raw_built"": ""2012 QINGSHAN"", ""raw_details"": ""MAN-B&W 6S50MC-C 4 x 30 T MAN-B&W 6S50MC-C"", ""printed_date"": ""10/12/2021""}"
2021-12-10,2021-12-10,Bulker Sales,1,UNIVERSAL BREMEN,Supramax,"56,729",2010,QINGSHAN,HIGH USD 15 M,GREEKS,SS 12/25 DD 01/24,MAN-B&W 6S50MC-C 4 x 30 T BWTS fitted MAN-B&W 6S42MC,"{""stem"": ""2021-12-10_clarkson-platou-hellas-sp-weekly-bulletin-130_report-10-12-2021_04096d02777b"", ""source_file"": ""2021-12-10_clarkson-platou-hellas-sp-weekly-bulletin-130_report-10-12-2021_04096d02777b.pdf"", ""raw_built"": ""2010 QINGSHAN"", ""raw_details"": ""MAN-B&W 6S50MC-C 4 x 30 T BWTS fitted MAN-B&W 6S42MC"", ""printed_date"": ""10/12/2021""}"
2021-12-10,2021-12-10,Bulker Sales,1,TARGA,Handysize,"28,419",2009,IMABARI,USD 14.1 M,U/D,SS 05/24 DD 03/22,MAN-B&W 6S42MC 4 x 30 T BWTS fitted,"{""stem"": ""2021-12-10_clarkson-platou-hellas-sp-weekly-bulletin-130_report-10-12-2021_04096d02777b"", ""source_file"": ""2021-12-10_clarkson-platou-hellas-sp-weekly-bulletin-130_report-10-12-2021_04096d02777b.pdf"", ""raw_built"": ""2009 IMABARI"", ""raw_details"": ""MAN-B&W 6S42MC 4 x 30 T BWTS fitted"", ""printed_date"": ""10/12/2021""}"
2021-12-10,2021-12-10,Tanker Sales,1,HIGH VALOR,MR,"46,976",2005,STX,USD 10.4 M,U/D,SS 02/25 DD 05/23,"MAN-B&W 6S50ME-C IMO II/III, BWTS fitted","{""stem"": ""2021-12-10_clarkson-platou-hellas-sp-weekly-bulletin-130_report-10-12-2021_04096d02777b"", ""source_file"": ""2021-12-10_clarkson-platou-hellas-sp-weekly-bulletin-130_report-10-12-2021_04096d02777b.pdf"", ""raw_built"": ""2005 STX"", ""raw_details"": ""MAN-B&W 6S50ME-C IMO II/III, BWTS fitted"", ""printed_date"": ""10/12/2021""}"
2021-12-17,2021-12-17,Bulker Sales,1,NORD ADAGIO,Ultramax,"61,000",,DELY FEB '22 ex NACKS,USD 33.5 M Each,SINGAPOREANS,N/A,MAN-B&W 6S50ME-B9.3 4 x 30 T,"{""stem"": ""2021-12-17_clarkson-platou-hellas-sp-weekly-bulletin-131_report-17-12-2021_e94631320786"", ""source_file"": ""2021-12-17_clarkson-platou-hellas-sp-weekly-bulletin-131_report-17-12-2021_e94631320786.pdf"", ""raw_built"": ""DELY FEB '22 ex NACKS"", ""raw_details"": ""MAN-B&W 6S50ME-B9.3 4 x 30 T"", ""printed_date"": ""17/12/2021""}"
2021-12-17,2021-12-17,Bulker Sales,1,NORD COLUMBIA,Ultramax,"60,396",2018,OSHIMA,RGN USD 32 M,U/D,SS 02/23 DD 02/23,"MAN-B&W 6S50ME-B9.3 4 x 30 T BWTS, Scrubber fitted MAN-B&W 6S50MC-C","{""stem"": ""2021-12-17_clarkson-platou-hellas-sp-weekly-bulletin-131_report-17-12-2021_e94631320786"", ""source_file"": ""2021-12-17_clarkson-platou-hellas-sp-weekly-bulletin-131_report-17-12-2021_e94631320786.pdf"", ""raw_built"": ""2018 OSHIMA"", ""raw_details"": ""MAN-B&W 6S50ME-B9.3 4 x 30 T BWTS, Scrubber fitted MAN-B&W 6S50MC-C"", ""printed_date"": ""17/12/2021""}"
2021-12-17,2021-12-17,Bulker Sales,1,FERONIA,Supramax,"56,058",2007,MITSUI,USD 16.4 M,U/D,SS 08/25 DD 11/23,MAN-B&W 6S50MC-C 4 x 30 T BWTS fitted,"{""stem"": ""2021-12-17_clarkson-platou-hellas-sp-weekly-bulletin-131_report-17-12-2021_e94631320786"", ""source_file"": ""2021-12-17_clarkson-platou-hellas-sp-weekly-bulletin-131_report-17-12-2021_e94631320786.pdf"", ""raw_built"": ""2007 MITSUI"", ""raw_details"": ""MAN-B&W 6S50MC-C 4 x 30 T BWTS fitted"", ""printed_date"": ""17/12/2021""}"
2021-12-17,2021-12-17,Bulker Sales,1,NORDCOLORADO,Handysize,"37,976",2016,ZHEJIANG OUHUA,USD 42.8 M En bloc,U/D,SS 08/26 DD 08/24,MAN-B&W 5G50ME-B9.3 4 x 30 T,"{""stem"": ""2021-12-17_clarkson-platou-hellas-sp-weekly-bulletin-131_report-17-12-2021_e94631320786"", ""source_file"": ""2021-12-17_clarkson-platou-hellas-sp-weekly-bulletin-131_report-17-12-2021_e94631320786.pdf"", ""raw_built"": ""2016 ZHEJIANG OUHUA"", ""raw_details"": ""MAN-B&W 5G50ME-B9.3 4 x 30 T"", ""printed_date"": ""17/12/2021""}"
2021-12-17,2021-12-17,Bulker Sales,1,NORDRUBICON,Handysize,"37,985",,,En bloc,,SS 01/26 DD 01/24,BWTS fitted,"{""stem"": ""2021-12-17_clarkson-platou-hellas-sp-weekly-bulletin-131_report-17-12-2021_e94631320786"", ""source_file"": ""2021-12-17_clarkson-platou-hellas-sp-weekly-bulletin-131_report-17-12-2021_e94631320786.pdf"", ""raw_built"": """", ""raw_details"": ""BWTS fitted"", ""printed_date"": ""17/12/2021""}"
2021-12-17,2021-12-17,Tanker Sales,1,2 x VLCC RESALES,VLCC,"300,000",,DELY MAY/JUNE '22 ex SAMHO,USD 98 M Each,GREEKS,N/A,HYUNDAI Scrubber fitted,"{""stem"": ""2021-12-17_clarkson-platou-hellas-sp-weekly-bulletin-131_report-17-12-2021_e94631320786"", ""source_file"": ""2021-12-17_clarkson-platou-hellas-sp-weekly-bulletin-131_report-17-12-2021_e94631320786.pdf"", ""raw_built"": ""DELY MAY/JUNE '22 ex SAMHO"", ""raw_details"": ""HYUNDAI Scrubber fitted"", ""printed_date"": ""17/12/2021""}"
2021-12-17,2021-12-17,Tanker Sales,1,ATHENIAN HARMONY,VLCC,"298,996",2010,HHI,USD 42.5 M,GREEKS,SS 02/25 DD 02/23,MAN-B&W 6S90MC-C,"{""stem"": ""2021-12-17_clarkson-platou-hellas-sp-weekly-bulletin-131_report-17-12-2021_e94631320786"", ""source_file"": ""2021-12-17_clarkson-platou-hellas-sp-weekly-bulletin-131_report-17-12-2021_e94631320786.pdf"", ""raw_built"": ""2010 HHI"", ""raw_details"": ""MAN-B&W 6S90MC-C"", ""printed_date"": ""17/12/2021""}"
2021-12-17,2021-12-17,Tanker Sales,1,SILVER,Aframax,"107,507",2010,TSUNEISHI,RGN USD 49 M En bloc,GREEKS,SS 07/25 SS 07/23,MAN-B&W 6S60MC-C7.2 BWTS fitted,"{""stem"": ""2021-12-17_clarkson-platou-hellas-sp-weekly-bulletin-131_report-17-12-2021_e94631320786"", ""source_file"": ""2021-12-17_clarkson-platou-hellas-sp-weekly-bulletin-131_report-17-12-2021_e94631320786.pdf"", ""raw_built"": ""2010 TSUNEISHI"", ""raw_details"": ""MAN-B&W 6S60MC-C7.2 BWTS fitted"", ""printed_date"": ""17/12/2021""}"
2021-12-17,2021-12-17,Tanker Sales,1,GOLD,Aframax,"107,488",,,En bloc,,SS 09/25 DD 09/25,BWTS fitted,"{""stem"": ""2021-12-17_clarkson-platou-hellas-sp-weekly-bulletin-131_report-17-12-2021_e94631320786"", ""source_file"": ""2021-12-17_clarkson-platou-hellas-sp-weekly-bulletin-131_report-17-12-2021_e94631320786.pdf"", ""raw_built"": """", ""raw_details"": ""BWTS fitted"", ""printed_date"": ""17/12/2021""}"
2021-12-17,2021-12-17,Tanker Sales,1,GUANABARA,Aframax,"106,045",2007,TSUNEISHI,USD 16.6 M,U/D,SS 06/22 DD 06/22,MAN-B&W 6S60MC6.1,"{""stem"": ""2021-12-17_clarkson-platou-hellas-sp-weekly-bulletin-131_report-17-12-2021_e94631320786"", ""source_file"": ""2021-12-17_clarkson-platou-hellas-sp-weekly-bulletin-131_report-17-12-2021_e94631320786.pdf"", ""raw_built"": ""2007 TSUNEISHI"", ""raw_details"": ""MAN-B&W 6S60MC6.1"", ""printed_date"": ""17/12/2021""}"
2021-12-17,2021-12-17,Tanker Sales,1,KANPUR,Aframax,"106,053",2005,HYUNDAI SAMHO,USD 15 M Each,GREEKS,SS 11/25 DD 12/23,MAN-B&W 6S60MC-C Cap1,"{""stem"": ""2021-12-17_clarkson-platou-hellas-sp-weekly-bulletin-131_report-17-12-2021_e94631320786"", ""source_file"": ""2021-12-17_clarkson-platou-hellas-sp-weekly-bulletin-131_report-17-12-2021_e94631320786.pdf"", ""raw_built"": ""2005 HYUNDAI SAMHO"", ""raw_details"": ""MAN-B&W 6S60MC-C Cap1"", ""printed_date"": ""17/12/2021""}"
2021-12-24,2021-12-24,Bulker Sales,1,ATLANTIC LEGEND,Kamsarmax,"83,685",2009,SANOYAS,MID USD 18 M (TC attached at USD 16.3k pd until Apr/Jul '22),U/D,SS 05/26 DD 05/24,MAN-B&W 6S60MC-C BWTS fitted,"{""stem"": ""2021-12-24_clarksons-platou-hellas-snp-weekly-bulletin-2_report-24-12-2021_e3fa7387bb9d"", ""source_file"": ""2021-12-24_clarksons-platou-hellas-snp-weekly-bulletin-2_report-24-12-2021_e3fa7387bb9d.pdf"", ""raw_built"": ""2009 SANOYAS"", ""raw_details"": ""MAN-B&W 6S60MC-C BWTS fitted"", ""printed_date"": ""24/12/2021""}"
2021-12-24,2021-12-24,Bulker Sales,1,SCARLET ALBATROSS,Kamsarmax,"81,923",2015,TSUNEISHI ZOSEN,USD 31.7 M,GREEKS,SS 07/25 DD 06/23,MAN-B&W 6S60ME-C8 BWTS fitted MAN-B&W 6S50ME-C8,"{""stem"": ""2021-12-24_clarksons-platou-hellas-snp-weekly-bulletin-2_report-24-12-2021_e3fa7387bb9d"", ""source_file"": ""2021-12-24_clarksons-platou-hellas-snp-weekly-bulletin-2_report-24-12-2021_e3fa7387bb9d.pdf"", ""raw_built"": ""2015 TSUNEISHI ZOSEN"", ""raw_details"": ""MAN-B&W 6S60ME-C8 BWTS fitted MAN-B&W 6S50ME-C8"", ""printed_date"": ""24/12/2021""}"
2021-12-24,2021-12-24,Bulker Sales,1,PACIFIC BLESS,Supramax,"56,361",2012,JIANGSU NEW HANTONG,HIGH USD 34 M en bloc,CHINESE,SS 09/22 DD 09/22,MAN-B&W 6S50ME-C8 4 x 36 T Tier II MAN-B&W 6S50MC-C,"{""stem"": ""2021-12-24_clarksons-platou-hellas-snp-weekly-bulletin-2_report-24-12-2021_e3fa7387bb9d"", ""source_file"": ""2021-12-24_clarksons-platou-hellas-snp-weekly-bulletin-2_report-24-12-2021_e3fa7387bb9d.pdf"", ""raw_built"": ""2012 JIANGSU NEW HANTONG"", ""raw_details"": ""MAN-B&W 6S50ME-C8 4 x 36 T Tier II MAN-B&W 6S50MC-C"", ""printed_date"": ""24/12/2021""}"
2021-12-24,2021-12-24,Bulker Sales,1,PACIFIC CROWN,Supramax,"56,469",,,en bloc,,SS 05/22 DD 05/22,MAN-B&W 6S50MC-C 4 X 36 T Tier II MAN-B&W 5S50MC-C,"{""stem"": ""2021-12-24_clarksons-platou-hellas-snp-weekly-bulletin-2_report-24-12-2021_e3fa7387bb9d"", ""source_file"": ""2021-12-24_clarksons-platou-hellas-snp-weekly-bulletin-2_report-24-12-2021_e3fa7387bb9d.pdf"", ""raw_built"": """", ""raw_details"": ""MAN-B&W 6S50MC-C 4 X 36 T Tier II MAN-B&W 5S50MC-C"", ""printed_date"": ""24/12/2021""}"
2021-12-24,2021-12-24,Bulker Sales,1,AS ELBIA,Handysize,"34,394",2011,SPP,USD 16.75 M,U/D,SS 05/26 DD 08/24,MAN-B&W 5S50MC-C 4 x 35 T BWTS fitted,"{""stem"": ""2021-12-24_clarksons-platou-hellas-snp-weekly-bulletin-2_report-24-12-2021_e3fa7387bb9d"", ""source_file"": ""2021-12-24_clarksons-platou-hellas-snp-weekly-bulletin-2_report-24-12-2021_e3fa7387bb9d.pdf"", ""raw_built"": ""2011 SPP"", ""raw_details"": ""MAN-B&W 5S50MC-C 4 x 35 T BWTS fitted"", ""printed_date"": ""24/12/2021""}"
2021-12-24,2021-12-24,Tanker Sales,1,VOYAGER,Suezmax,"149,991",2002,SASEBO,USD 13.6 M,U/D,SS 01/22 DD 01/22,MAN-B&W 6S70MC,"{""stem"": ""2021-12-24_clarksons-platou-hellas-snp-weekly-bulletin-2_report-24-12-2021_e3fa7387bb9d"", ""source_file"": ""2021-12-24_clarksons-platou-hellas-snp-weekly-bulletin-2_report-24-12-2021_e3fa7387bb9d.pdf"", ""raw_built"": ""2002 SASEBO"", ""raw_details"": ""MAN-B&W 6S70MC"", ""printed_date"": ""24/12/2021""}"
2022-01-07,2022-01-07,Bulker Sales,1,EL SOL SAL,Panamax,"75,894",2002,KANASASHI,USD 11.5 M,CHINESE,SS 01/25 DD 10/22,MITSUBISHI 7UEC50LSII BWTS fitted,"{""stem"": ""2022-01-07_clarksons-platou-hellas-snp-weekly-bulletin-3_report-07-01-2022_aef50b22d82c"", ""source_file"": ""2022-01-07_clarksons-platou-hellas-snp-weekly-bulletin-3_report-07-01-2022_aef50b22d82c.pdf"", ""raw_built"": ""2002 KANASASHI"", ""raw_details"": ""MITSUBISHI 7UEC50LSII BWTS fitted"", ""printed_date"": ""07/01/2022""}"
2022-01-07,2022-01-07,Bulker Sales,1,IKAN SENYUR,Ultramax,"61,494",2010,IMABARI,XS USD 22 M,U/D,SS 09/25 DD 08/23,MAN-B&W 6S50MC-C8 BWTS fitted,"{""stem"": ""2022-01-07_clarksons-platou-hellas-snp-weekly-bulletin-3_report-07-01-2022_aef50b22d82c"", ""source_file"": ""2022-01-07_clarksons-platou-hellas-snp-weekly-bulletin-3_report-07-01-2022_aef50b22d82c.pdf"", ""raw_built"": ""2010 IMABARI"", ""raw_details"": ""MAN-B&W 6S50MC-C8 BWTS fitted"", ""printed_date"": ""07/01/2022""}"
2022-01-07,2022-01-07,Bulker Sales,1,LONGSHORE,Handysize,"34,399",2010,SPP,HIGH USD 15 M,EUROPEANS,SS 01/25 DD 03/23,MAN-B&W 5S50MC-C8.2 BWTS fitted,"{""stem"": ""2022-01-07_clarksons-platou-hellas-snp-weekly-bulletin-3_report-07-01-2022_aef50b22d82c"", ""source_file"": ""2022-01-07_clarksons-platou-hellas-snp-weekly-bulletin-3_report-07-01-2022_aef50b22d82c.pdf"", ""raw_built"": ""2010 SPP"", ""raw_details"": ""MAN-B&W 5S50MC-C8.2 BWTS fitted"", ""printed_date"": ""07/01/2022""}"
2022-01-07,2022-01-07,Bulker Sales,1,UNIVERSE HONESTY,Handysize,"28,520",2000,IMABARI,USD 6.8 M,U/D,SS 03/25 DD 02/23,MAN-B&W 6S42MC-C8.2 BWTS fitted,"{""stem"": ""2022-01-07_clarksons-platou-hellas-snp-weekly-bulletin-3_report-07-01-2022_aef50b22d82c"", ""source_file"": ""2022-01-07_clarksons-platou-hellas-snp-weekly-bulletin-3_report-07-01-2022_aef50b22d82c.pdf"", ""raw_built"": ""2000 IMABARI"", ""raw_details"": ""MAN-B&W 6S42MC-C8.2 BWTS fitted"", ""printed_date"": ""07/01/2022""}"
2022-01-07,2022-01-07,Tanker Sales,1,CHLOE V,VLCC,"320,261",2011,DSME,USD 42.1 M (Via auction),C/O NAVYGOLD MARITIME,SS / DD N/A,WARTSILA 7RT-FLEX84T Scrubber fitted,"{""stem"": ""2022-01-07_clarksons-platou-hellas-snp-weekly-bulletin-3_report-07-01-2022_aef50b22d82c"", ""source_file"": ""2022-01-07_clarksons-platou-hellas-snp-weekly-bulletin-3_report-07-01-2022_aef50b22d82c.pdf"", ""raw_built"": ""2011 DSME"", ""raw_details"": ""WARTSILA 7RT-FLEX84T Scrubber fitted"", ""printed_date"": ""07/01/2022""}"
2022-01-14,2022-01-14,Bulker Sales,1,CORAL DIAMOND,Panamax,"76,596",2007,IMABARI,LOW/MID USD 16 M,U/D,SS 01/26 DD 10/23,MAN-B&W 6S60MC BWTS fitted MAN-B&W 6S50MC-C,"{""stem"": ""2022-01-14_clarksons-platou-hellas-snp-weekly-bulletin-4_report-14-01-2022_c9c757c0d170"", ""source_file"": ""2022-01-14_clarksons-platou-hellas-snp-weekly-bulletin-4_report-14-01-2022_c9c757c0d170.pdf"", ""raw_built"": ""2007 IMABARI"", ""raw_details"": ""MAN-B&W 6S60MC BWTS fitted MAN-B&W 6S50MC-C"", ""printed_date"": ""14/01/2022""}"
2022-01-14,2022-01-14,Bulker Sales,1,SPARROW,Supramax,"53,459",2005,IMABARI,RGN USD 13.5 M,U/D,SS 03/25 DD 07/23,MAN-B&W 6S50MC-C 4 x 30 T BWTS fitted,"{""stem"": ""2022-01-14_clarksons-platou-hellas-snp-weekly-bulletin-4_report-14-01-2022_c9c757c0d170"", ""source_file"": ""2022-01-14_clarksons-platou-hellas-snp-weekly-bulletin-4_report-14-01-2022_c9c757c0d170.pdf"", ""raw_built"": ""2005 IMABARI"", ""raw_details"": ""MAN-B&W 6S50MC-C 4 x 30 T BWTS fitted"", ""printed_date"": ""14/01/2022""}"
2022-01-14,2022-01-14,Bulker Sales,1,CRIMSON PRINCESS,Handysize,"38,395",2012,NAIKAI,RGN USD 19 M,U/D,SS 06/22 DD 06/22,MAN-B&W 6S46MC-C 4 x 30 T,"{""stem"": ""2022-01-14_clarksons-platou-hellas-snp-weekly-bulletin-4_report-14-01-2022_c9c757c0d170"", ""source_file"": ""2022-01-14_clarksons-platou-hellas-snp-weekly-bulletin-4_report-14-01-2022_c9c757c0d170.pdf"", ""raw_built"": ""2012 NAIKAI"", ""raw_details"": ""MAN-B&W 6S46MC-C 4 x 30 T"", ""printed_date"": ""14/01/2022""}"
2022-01-14,2022-01-14,Bulker Sales,1,INTREPID EAGLE,Handysize,"33,773",2013,WEIHAI SAMJIN,"XS USD 15.5 M (TC attached till June/July '22 at $24,250)",U/D,SS 04/23 DD 04/23,MAN-B&W 6S50MC 4 x 30 T,"{""stem"": ""2022-01-14_clarksons-platou-hellas-snp-weekly-bulletin-4_report-14-01-2022_c9c757c0d170"", ""source_file"": ""2022-01-14_clarksons-platou-hellas-snp-weekly-bulletin-4_report-14-01-2022_c9c757c0d170.pdf"", ""raw_built"": ""2013 WEIHAI SAMJIN"", ""raw_details"": ""MAN-B&W 6S50MC 4 x 30 T"", ""printed_date"": ""14/01/2022""}"
2022-01-14,2022-01-14,Tanker Sales,1,TSUSHIMA,VLCC,"310,391",2008,MITSUI,USD 36.5 M,GREEKS,SS 07/26 DD 09/24,MAN-B&W 7S80MC-C BWTS fitted,"{""stem"": ""2022-01-14_clarksons-platou-hellas-snp-weekly-bulletin-4_report-14-01-2022_c9c757c0d170"", ""source_file"": ""2022-01-14_clarksons-platou-hellas-snp-weekly-bulletin-4_report-14-01-2022_c9c757c0d170.pdf"", ""raw_built"": ""2008 MITSUI"", ""raw_details"": ""MAN-B&W 7S80MC-C BWTS fitted"", ""printed_date"": ""14/01/2022""}"
2022-01-21,2022-01-21,Bulker Sales,1,ENERGY TRITON,Kamsarmax,"82,122",2012,TSUNEISHI ZOSEN,XS USD 25 M USD 15.9 M,CHINESE,SS 04/25 DD 04/23,MAN-B&W 6S60MC-C7.2 BWTS fitted,"{""stem"": ""2022-01-21_clarksons-platou-hellas-snp-weekly-bulletin-5_report-21-01-2021_a3fb3f45981f"", ""source_file"": ""2022-01-21_clarksons-platou-hellas-snp-weekly-bulletin-5_report-21-01-2021_a3fb3f45981f.pdf"", ""raw_built"": ""2012 TSUNEISHI ZOSEN"", ""raw_details"": ""MAN-B&W 6S60MC-C7.2 BWTS fitted"", ""printed_date"": ""21/01/2022""}"
2022-01-21,2022-01-21,Bulker Sales,1,CORAL DIAMOND,Panamax,"76,596",2007,IMABARI,USD 15.9 M (Previous deal at $16.4m failed),U/D,SS 01/26 DD 10/23,MAN-B&W 6S60MC BWTS fitted MAN-B&W 6S50MC-C,"{""stem"": ""2022-01-21_clarksons-platou-hellas-snp-weekly-bulletin-5_report-21-01-2021_a3fb3f45981f"", ""source_file"": ""2022-01-21_clarksons-platou-hellas-snp-weekly-bulletin-5_report-21-01-2021_a3fb3f45981f.pdf"", ""raw_built"": ""2007 IMABARI"", ""raw_details"": ""MAN-B&W 6S60MC BWTS fitted MAN-B&W 6S50MC-C"", ""printed_date"": ""21/01/2022""}"
2022-01-21,2022-01-21,Bulker Sales,1,SITC TAISHAN,Supramax,"58,107",2010,TSUNEISHI ZHOUSHAN,USD 17.7 M,CHINESE,SS 04/25 DD 04/23,"MAN-B&W 6S50MC-C 4 x 30 T BWTS fitted, Tier II WARTSILA 6RT-FLEX50","{""stem"": ""2022-01-21_clarksons-platou-hellas-snp-weekly-bulletin-5_report-21-01-2021_a3fb3f45981f"", ""source_file"": ""2022-01-21_clarksons-platou-hellas-snp-weekly-bulletin-5_report-21-01-2021_a3fb3f45981f.pdf"", ""raw_built"": ""2010 TSUNEISHI ZHOUSHAN"", ""raw_details"": ""MAN-B&W 6S50MC-C 4 x 30 T BWTS fitted, Tier II WARTSILA 6RT-FLEX50"", ""printed_date"": ""21/01/2022""}"
2022-01-21,2022-01-21,Bulker Sales,1,WEST WIND,Supramax,"56,557",2008,IHI,RGN USD 17 M,INDONESIANS,SS 08/23 DD 08/23,WARTSILA 6RT-FLEX50 4 x 30 T BWTS fitted,"{""stem"": ""2022-01-21_clarksons-platou-hellas-snp-weekly-bulletin-5_report-21-01-2021_a3fb3f45981f"", ""source_file"": ""2022-01-21_clarksons-platou-hellas-snp-weekly-bulletin-5_report-21-01-2021_a3fb3f45981f.pdf"", ""raw_built"": ""2008 IHI"", ""raw_details"": ""WARTSILA 6RT-FLEX50 4 x 30 T BWTS fitted"", ""printed_date"": ""21/01/2022""}"
2022-01-21,2022-01-21,Tanker Sales,1,CHEMWAY GAIA,Handysize,"38,106",2007,SHIN KURUSHIMA,MID/HIGH USD 7 M,U/D,SS 03/22 DD 03/22,"MITSUBISHI 6UEC50LSII 14 Pumps, IMO II/III BWTS fitted","{""stem"": ""2022-01-21_clarksons-platou-hellas-snp-weekly-bulletin-5_report-21-01-2021_a3fb3f45981f"", ""source_file"": ""2022-01-21_clarksons-platou-hellas-snp-weekly-bulletin-5_report-21-01-2021_a3fb3f45981f.pdf"", ""raw_built"": ""2007 SHIN KURUSHIMA"", ""raw_details"": ""MITSUBISHI 6UEC50LSII 14 Pumps, IMO II/III BWTS fitted"", ""printed_date"": ""21/01/2022""}"
2022-01-28,2022-01-28,Bulker Sales,1,SOUTH TRADER,Capesize,"181,343",2014,KOYO,USD 33.8 M,GREEKS,SS 01/24 DD 01/24,MAN-B&W 6S70MC-C MAN-B&W 7S50MC-C,"{""stem"": ""2022-01-28_clarksons-platou-hellas-snp-weekly-bulletin-6_report-28-01-2022_53f633df2739"", ""source_file"": ""2022-01-28_clarksons-platou-hellas-snp-weekly-bulletin-6_report-28-01-2022_53f633df2739.pdf"", ""raw_built"": ""2014 KOYO"", ""raw_details"": ""MAN-B&W 6S70MC-C MAN-B&W 7S50MC-C"", ""printed_date"": ""28/01/2022""}"
2022-01-28,2022-01-28,Bulker Sales,1,SILVER STAR,Panamax,"79,081",2011,COSCO DALIAN,USD 18.5 M,M. EASTERNS,SS 06/26 DD 09/24,MAN-B&W 7S50MC-C 4 X 30 T BWTS fitted,"{""stem"": ""2022-01-28_clarksons-platou-hellas-snp-weekly-bulletin-6_report-28-01-2022_53f633df2739"", ""source_file"": ""2022-01-28_clarksons-platou-hellas-snp-weekly-bulletin-6_report-28-01-2022_53f633df2739.pdf"", ""raw_built"": ""2011 COSCO DALIAN"", ""raw_details"": ""MAN-B&W 7S50MC-C 4 X 30 T BWTS fitted"", ""printed_date"": ""28/01/2022""}"
2022-01-28,2022-01-28,Bulker Sales,1,INTELINK AUDACITY,Handysize,"39,100",2016,ZHENJIANG ZHENGZHOU,,,SS 07/26 DD06/24,,"{""stem"": ""2022-01-28_clarksons-platou-hellas-snp-weekly-bulletin-6_report-28-01-2022_53f633df2739"", ""source_file"": ""2022-01-28_clarksons-platou-hellas-snp-weekly-bulletin-6_report-28-01-2022_53f633df2739.pdf"", ""raw_built"": ""2016 ZHENJIANG ZHENGZHOU"", ""raw_details"": """", ""printed_date"": ""28/01/2022""}"
2022-01-28,2022-01-28,Bulker Sales,1,INTERLINK AFFINITY,Handysize,"39,046",,,,,SS 07/26 DD 05/24,,"{""stem"": ""2022-01-28_clarksons-platou-hellas-snp-weekly-bulletin-6_report-28-01-2022_53f633df2739"", ""source_file"": ""2022-01-28_clarksons-platou-hellas-snp-weekly-bulletin-6_report-28-01-2022_53f633df2739.pdf"", ""raw_built"": """", ""raw_details"": """", ""printed_date"": ""28/01/2022""}"
2022-01-28,2022-01-28,Bulker Sales,1,INTERLINK TENACITY,Handysize,"38,785",,,,,SS 01/26 DD 03/24,,"{""stem"": ""2022-01-28_clarksons-platou-hellas-snp-weekly-bulletin-6_report-28-01-2022_53f633df2739"", ""source_file"": ""2022-01-28_clarksons-platou-hellas-snp-weekly-bulletin-6_report-28-01-2022_53f633df2739.pdf"", ""raw_built"": """", ""raw_details"": """", ""printed_date"": ""28/01/2022""}"
2022-01-28,2022-01-28,Bulker Sales,1,INTERLINK EQUALITY,Handysize,"38,781",2016,TAIZHOU KOUAN,,,SS 07/26 DD 08/24,,"{""stem"": ""2022-01-28_clarksons-platou-hellas-snp-weekly-bulletin-6_report-28-01-2022_53f633df2739"", ""source_file"": ""2022-01-28_clarksons-platou-hellas-snp-weekly-bulletin-6_report-28-01-2022_53f633df2739.pdf"", ""raw_built"": ""2016 TAIZHOU KOUAN"", ""raw_details"": """", ""printed_date"": ""28/01/2022""}"
2022-01-28,2022-01-28,Bulker Sales,1,INTERLINK VERACITY,Handysize,"38,763",,,,,SS 04/26 DD 05/25,,"{""stem"": ""2022-01-28_clarksons-platou-hellas-snp-weekly-bulletin-6_report-28-01-2022_53f633df2739"", ""source_file"": ""2022-01-28_clarksons-platou-hellas-snp-weekly-bulletin-6_report-28-01-2022_53f633df2739.pdf"", ""raw_built"": """", ""raw_details"": """", ""printed_date"": ""28/01/2022""}"
2022-01-28,2022-01-28,Bulker Sales,1,INTERLINK QUALITY,Handysize,"38,717",2016,HUATAI,USD 280 M,U/D,SS 02/26 DD 11/23,MAN-B&W 5S50ME-B9.3 4 x 30 T,"{""stem"": ""2022-01-28_clarksons-platou-hellas-snp-weekly-bulletin-6_report-28-01-2022_53f633df2739"", ""source_file"": ""2022-01-28_clarksons-platou-hellas-snp-weekly-bulletin-6_report-28-01-2022_53f633df2739.pdf"", ""raw_built"": ""2016 HUATAI"", ""raw_details"": ""MAN-B&W 5S50ME-B9.3 4 x 30 T"", ""printed_date"": ""28/01/2022""}"
2022-01-28,2022-01-28,Bulker Sales,1,INTERLINK UTILITY,Handysize,"38,706",,,,,SS 11/26 DD 11/24,BWTS fitted,"{""stem"": ""2022-01-28_clarksons-platou-hellas-snp-weekly-bulletin-6_report-28-01-2022_53f633df2739"", ""source_file"": ""2022-01-28_clarksons-platou-hellas-snp-weekly-bulletin-6_report-28-01-2022_53f633df2739.pdf"", ""raw_built"": """", ""raw_details"": ""BWTS fitted"", ""printed_date"": ""28/01/2022""}"
2022-01-28,2022-01-28,Bulker Sales,1,INTERLINK FIDELITY,Handysize,"38,792",,,,,SS 05/25 DD 03/23,,"{""stem"": ""2022-01-28_clarksons-platou-hellas-snp-weekly-bulletin-6_report-28-01-2022_53f633df2739"", ""source_file"": ""2022-01-28_clarksons-platou-hellas-snp-weekly-bulletin-6_report-28-01-2022_53f633df2739.pdf"", ""raw_built"": """", ""raw_details"": """", ""printed_date"": ""28/01/2022""}"
2022-01-28,2022-01-28,Bulker Sales,1,INTERLINK MOBILITY,Handysize,"38,767",2015,TAIZHOU KOUAN,,,SS 07/25 DD 04/23,,"{""stem"": ""2022-01-28_clarksons-platou-hellas-snp-weekly-bulletin-6_report-28-01-2022_53f633df2739"", ""source_file"": ""2022-01-28_clarksons-platou-hellas-snp-weekly-bulletin-6_report-28-01-2022_53f633df2739.pdf"", ""raw_built"": ""2015 TAIZHOU KOUAN"", ""raw_details"": """", ""printed_date"": ""28/01/2022""}"
2022-01-28,2022-01-28,Bulker Sales,1,INTERLINK PRIORITY,Handysize,"38,709",,,,,SS 09/25 DD 11/23,,"{""stem"": ""2022-01-28_clarksons-platou-hellas-snp-weekly-bulletin-6_report-28-01-2022_53f633df2739"", ""source_file"": ""2022-01-28_clarksons-platou-hellas-snp-weekly-bulletin-6_report-28-01-2022_53f633df2739.pdf"", ""raw_built"": """", ""raw_details"": """", ""printed_date"": ""28/01/2022""}"
2022-01-28,2022-01-28,Bulker Sales,1,INTERLINK ABILITY,Handysize,"38,683",2015,HUATAI,,,SS 05/25 DD 04/23,,"{""stem"": ""2022-01-28_clarksons-platou-hellas-snp-weekly-bulletin-6_report-28-01-2022_53f633df2739"", ""source_file"": ""2022-01-28_clarksons-platou-hellas-snp-weekly-bulletin-6_report-28-01-2022_53f633df2739.pdf"", ""raw_built"": ""2015 HUATAI"", ""raw_details"": """", ""printed_date"": ""28/01/2022""}"
2022-01-28,2022-01-28,Bulker Sales,1,INTERLINK PROBITY,Handysize,"38,635",,,,,SS 10/25 DD 11/23,MAN-B&W 6S42MC,"{""stem"": ""2022-01-28_clarksons-platou-hellas-snp-weekly-bulletin-6_report-28-01-2022_53f633df2739"", ""source_file"": ""2022-01-28_clarksons-platou-hellas-snp-weekly-bulletin-6_report-28-01-2022_53f633df2739.pdf"", ""raw_built"": """", ""raw_details"": ""MAN-B&W 6S42MC"", ""printed_date"": ""28/01/2022""}"
2022-01-28,2022-01-28,Bulker Sales,1,ROYAL INNOVATION,Handysize,"28,374",2011,IMABARI,LOW USD 13M,GREEKS,SS 11/25 DD 11/23,MAN-B&W 6S42MC 4 x 30 T BWTS fitted,"{""stem"": ""2022-01-28_clarksons-platou-hellas-snp-weekly-bulletin-6_report-28-01-2022_53f633df2739"", ""source_file"": ""2022-01-28_clarksons-platou-hellas-snp-weekly-bulletin-6_report-28-01-2022_53f633df2739.pdf"", ""raw_built"": ""2011 IMABARI"", ""raw_details"": ""MAN-B&W 6S42MC 4 x 30 T BWTS fitted"", ""printed_date"": ""28/01/2022""}"
2022-01-28,2022-01-28,Tanker Sales,2,KAVERI SPIRIT,Suezmax,"159,100",2004,HHI,USD 15.8 M,U/D,SS 01/24 DD 04/22,MAN-B&W 6S70MC-C,"{""stem"": ""2022-01-28_clarksons-platou-hellas-snp-weekly-bulletin-6_report-28-01-2022_53f633df2739"", ""source_file"": ""2022-01-28_clarksons-platou-hellas-snp-weekly-bulletin-6_report-28-01-2022_53f633df2739.pdf"", ""raw_built"": ""2004 HHI"", ""raw_details"": ""MAN-B&W 6S70MC-C"", ""printed_date"": ""28/01/2022""}"
2022-01-28,2022-01-28,Tanker Sales,2,STI PRECISION,Panamax,"74,996",,,,,SS 10/26 DD 10/24,,"{""stem"": ""2022-01-28_clarksons-platou-hellas-snp-weekly-bulletin-6_report-28-01-2022_53f633df2739"", ""source_file"": ""2022-01-28_clarksons-platou-hellas-snp-weekly-bulletin-6_report-28-01-2022_53f633df2739.pdf"", ""raw_built"": """", ""raw_details"": """", ""printed_date"": ""28/01/2022""}"
2022-01-28,2022-01-28,Tanker Sales,2,STI PRESTIGE,Panamax,"74,997",2016,SPP,,,SS 11/26 DD 11/24,,"{""stem"": ""2022-01-28_clarksons-platou-hellas-snp-weekly-bulletin-6_report-28-01-2022_53f633df2739"", ""source_file"": ""2022-01-28_clarksons-platou-hellas-snp-weekly-bulletin-6_report-28-01-2022_53f633df2739.pdf"", ""raw_built"": ""2016 SPP"", ""raw_details"": """", ""printed_date"": ""28/01/2022""}"
2022-01-28,2022-01-28,Tanker Sales,2,STI PRIDE,Panamax,"74,996",,,,,SS 07/26 DD 07/24,,"{""stem"": ""2022-01-28_clarksons-platou-hellas-snp-weekly-bulletin-6_report-28-01-2022_53f633df2739"", ""source_file"": ""2022-01-28_clarksons-platou-hellas-snp-weekly-bulletin-6_report-28-01-2022_53f633df2739.pdf"", ""raw_built"": """", ""raw_details"": """", ""printed_date"": ""28/01/2022""}"
2022-01-28,2022-01-28,Tanker Sales,2,STI PROVIDENCE,Panamax,"74,996",,,,,SS 08/26 DD 08/24,,"{""stem"": ""2022-01-28_clarksons-platou-hellas-snp-weekly-bulletin-6_report-28-01-2022_53f633df2739"", ""source_file"": ""2022-01-28_clarksons-platou-hellas-snp-weekly-bulletin-6_report-28-01-2022_53f633df2739.pdf"", ""raw_built"": """", ""raw_details"": """", ""printed_date"": ""28/01/2022""}"
2022-01-28,2022-01-28,Tanker Sales,2,STI EXPERIENCE,Panamax,"74,000",,,,,SS 03/26 DD 01/24,,"{""stem"": ""2022-01-28_clarksons-platou-hellas-snp-weekly-bulletin-6_report-28-01-2022_53f633df2739"", ""source_file"": ""2022-01-28_clarksons-platou-hellas-snp-weekly-bulletin-6_report-28-01-2022_53f633df2739.pdf"", ""raw_built"": """", ""raw_details"": """", ""printed_date"": ""28/01/2022""}"
2022-01-28,2022-01-28,Tanker Sales,2,STI EXECUTIVE,Panamax,"73,800",,,USD 413.8 M,SINGAPORE BASED (c/o Hafnia),SS 05/26 DD 06/24,MAN-B&W 6S60ME-C8.2 BWTS & Scrubber fitted,"{""stem"": ""2022-01-28_clarksons-platou-hellas-snp-weekly-bulletin-6_report-28-01-2022_53f633df2739"", ""source_file"": ""2022-01-28_clarksons-platou-hellas-snp-weekly-bulletin-6_report-28-01-2022_53f633df2739.pdf"", ""raw_built"": """", ""raw_details"": ""MAN-B&W 6S60ME-C8.2 BWTS & Scrubber fitted"", ""printed_date"": ""28/01/2022""}"
2022-01-28,2022-01-28,Tanker Sales,2,STI EXCELLENCE,Panamax,"74,613",,,,,SS 05/26 DD 05/24,,"{""stem"": ""2022-01-28_clarksons-platou-hellas-snp-weekly-bulletin-6_report-28-01-2022_53f633df2739"", ""source_file"": ""2022-01-28_clarksons-platou-hellas-snp-weekly-bulletin-6_report-28-01-2022_53f633df2739.pdf"", ""raw_built"": """", ""raw_details"": """", ""printed_date"": ""28/01/2022""}"
2022-01-28,2022-01-28,Tanker Sales,2,STI EXPRESS,Panamax,"74,634",2016,STX,,,SS 05/26 DD 05/24,,"{""stem"": ""2022-01-28_clarksons-platou-hellas-snp-weekly-bulletin-6_report-28-01-2022_53f633df2739"", ""source_file"": ""2022-01-28_clarksons-platou-hellas-snp-weekly-bulletin-6_report-28-01-2022_53f633df2739.pdf"", ""raw_built"": ""2016 STX"", ""raw_details"": """", ""printed_date"": ""28/01/2022""}"
2022-01-28,2022-01-28,Tanker Sales,2,STI EXCELSIOR,Panamax,"74,000",,,,,SS 06/26 DD 06/24,,"{""stem"": ""2022-01-28_clarksons-platou-hellas-snp-weekly-bulletin-6_report-28-01-2022_53f633df2739"", ""source_file"": ""2022-01-28_clarksons-platou-hellas-snp-weekly-bulletin-6_report-28-01-2022_53f633df2739.pdf"", ""raw_built"": """", ""raw_details"": """", ""printed_date"": ""28/01/2022""}"
2022-01-28,2022-01-28,Tanker Sales,2,STI EXPEDITE,Panamax,"74,000",,,,,SS 06/26 DD 12/23,,"{""stem"": ""2022-01-28_clarksons-platou-hellas-snp-weekly-bulletin-6_report-28-01-2022_53f633df2739"", ""source_file"": ""2022-01-28_clarksons-platou-hellas-snp-weekly-bulletin-6_report-28-01-2022_53f633df2739.pdf"", ""raw_built"": """", ""raw_details"": """", ""printed_date"": ""28/01/2022""}"
2022-01-28,2022-01-28,Tanker Sales,2,STI EXCEED,Panamax,"73,800",,,,,SS 02/26 DD 01/24,,"{""stem"": ""2022-01-28_clarksons-platou-hellas-snp-weekly-bulletin-6_report-28-01-2022_53f633df2739"", ""source_file"": ""2022-01-28_clarksons-platou-hellas-snp-weekly-bulletin-6_report-28-01-2022_53f633df2739.pdf"", ""raw_built"": """", ""raw_details"": """", ""printed_date"": ""28/01/2022""}"
2022-01-28,2022-01-28,Tanker Sales,2,STI EXCEL,Panamax,"74,547",2015,STX,,,SS 11/25 DD 11/23,MAN-B&W 6S50ME-B9.2,"{""stem"": ""2022-01-28_clarksons-platou-hellas-snp-weekly-bulletin-6_report-28-01-2022_53f633df2739"", ""source_file"": ""2022-01-28_clarksons-platou-hellas-snp-weekly-bulletin-6_report-28-01-2022_53f633df2739.pdf"", ""raw_built"": ""2015 STX"", ""raw_details"": ""MAN-B&W 6S50ME-B9.2"", ""printed_date"": ""28/01/2022""}"
2022-01-28,2022-01-28,Tanker Sales,2,STI FONTVIEILLE,MR,"49,990",2013,HMD,USD 23.5 M,U/D,SS 07/23 DD 07/23,"MAN-B&W 6S50ME-B9.2 IMO II, 14 Pumps BWTS & Scrubber fitted MAN-B&W 6G50ME-C9.5","{""stem"": ""2022-01-28_clarksons-platou-hellas-snp-weekly-bulletin-6_report-28-01-2022_53f633df2739"", ""source_file"": ""2022-01-28_clarksons-platou-hellas-snp-weekly-bulletin-6_report-28-01-2022_53f633df2739.pdf"", ""raw_built"": ""2013 HMD"", ""raw_details"": ""MAN-B&W 6S50ME-B9.2 IMO II, 14 Pumps BWTS & Scrubber fitted MAN-B&W 6G50ME-C9.5"", ""printed_date"": ""28/01/2022""}"
2022-01-28,2022-01-28,Tanker Sales,2,STI MAJESTIC,MR,"47,499",2019,HVS,USD 34.9 M,U/D,SS 056/24 DD 06/24,"MAN-B&W 6G50ME-C9.5 IMO II, 12 Pumps BWTS & Scrubber fitted","{""stem"": ""2022-01-28_clarksons-platou-hellas-snp-weekly-bulletin-6_report-28-01-2022_53f633df2739"", ""source_file"": ""2022-01-28_clarksons-platou-hellas-snp-weekly-bulletin-6_report-28-01-2022_53f633df2739.pdf"", ""raw_built"": ""2019 HVS"", ""raw_details"": ""MAN-B&W 6G50ME-C9.5 IMO II, 12 Pumps BWTS & Scrubber fitted"", ""printed_date"": ""28/01/2022""}"
2022-01-28,2022-01-28,Tanker Sales,2,PRIME EXPRESS,MR,"45,994",2010,SHIN KURUSHIMA,LOW USD 16 M,U/D,SS 11/25 DD 11/23,"MAN-B&W 6S50MC-C8.2 4 Pumps,","{""stem"": ""2022-01-28_clarksons-platou-hellas-snp-weekly-bulletin-6_report-28-01-2022_53f633df2739"", ""source_file"": ""2022-01-28_clarksons-platou-hellas-snp-weekly-bulletin-6_report-28-01-2022_53f633df2739.pdf"", ""raw_built"": ""2010 SHIN KURUSHIMA"", ""raw_details"": ""MAN-B&W 6S50MC-C8.2 4 Pumps,"", ""printed_date"": ""28/01/2022""}"
2022-02-04,2022-02-04,Bulker Sales,1,NORD FORTUNE,Panamax,"76,596",2008,IMABARI,USD 15.5 M,GREEKS,SS 07/26 DD 10/24,MAN-B&W 6S60MC MAN-B&W 6S50MC-C,"{""stem"": ""2022-02-04_clarksons-platou-hellas-snp-weekly-bulletin-7_report-04-02-2022_e6f67eaa580f"", ""source_file"": ""2022-02-04_clarksons-platou-hellas-snp-weekly-bulletin-7_report-04-02-2022_e6f67eaa580f.pdf"", ""raw_built"": ""2008 IMABARI"", ""raw_details"": ""MAN-B&W 6S60MC MAN-B&W 6S50MC-C"", ""printed_date"": ""04/02/2022""}"
2022-02-04,2022-02-04,Bulker Sales,1,KOUJU LILY,Supramax,"58,912",2011,KAWASAKI,USD 24.5 M (5-Y BBHP),GREEKS,SS 11/24 DD 11/22,MAN-B&W 6S50MC-C 4 x 30 T BWTS fitted MAN-B&W 6S46ME-B8.5,"{""stem"": ""2022-02-04_clarksons-platou-hellas-snp-weekly-bulletin-7_report-04-02-2022_e6f67eaa580f"", ""source_file"": ""2022-02-04_clarksons-platou-hellas-snp-weekly-bulletin-7_report-04-02-2022_e6f67eaa580f.pdf"", ""raw_built"": ""2011 KAWASAKI"", ""raw_details"": ""MAN-B&W 6S50MC-C 4 x 30 T BWTS fitted MAN-B&W 6S46ME-B8.5"", ""printed_date"": ""04/02/2022""}"
2022-02-04,2022-02-04,Bulker Sales,1,DAIDO AMBITION,Handysize,"37,982",2021,I-S,LOW/MID USD 32 M (5-Y BBHP),GREEKS,SS 05/26 DD 04/24,MAN-B&W 6S46ME-B8.5 4 x 30 T BWTS fitted MAN-B&W 6S46MC-C8,"{""stem"": ""2022-02-04_clarksons-platou-hellas-snp-weekly-bulletin-7_report-04-02-2022_e6f67eaa580f"", ""source_file"": ""2022-02-04_clarksons-platou-hellas-snp-weekly-bulletin-7_report-04-02-2022_e6f67eaa580f.pdf"", ""raw_built"": ""2021 I-S"", ""raw_details"": ""MAN-B&W 6S46ME-B8.5 4 x 30 T BWTS fitted MAN-B&W 6S46MC-C8"", ""printed_date"": ""04/02/2022""}"
2022-02-04,2022-02-04,Bulker Sales,1,MARINE PRINCESS,Handysize,"35,500",2012,COSCO GUANGDONG,USD 16.4 M (Auction),U/D,SS 11/22 DD 11/22,MAN-B&W 6S46MC-C8 4 x 30 T Tier II,"{""stem"": ""2022-02-04_clarksons-platou-hellas-snp-weekly-bulletin-7_report-04-02-2022_e6f67eaa580f"", ""source_file"": ""2022-02-04_clarksons-platou-hellas-snp-weekly-bulletin-7_report-04-02-2022_e6f67eaa580f.pdf"", ""raw_built"": ""2012 COSCO GUANGDONG"", ""raw_details"": ""MAN-B&W 6S46MC-C8 4 x 30 T Tier II"", ""printed_date"": ""04/02/2022""}"
2022-02-04,2022-02-04,Tanker Sales,1,ATHENIAN SUCCESS,VLCC,"317,702",2010,HHI,USD 42.5 M,S. KOREANS (c/o Sinokor),SS 01/25 DD 01/23,MAN-B&W 6S90MC-C,"{""stem"": ""2022-02-04_clarksons-platou-hellas-snp-weekly-bulletin-7_report-04-02-2022_e6f67eaa580f"", ""source_file"": ""2022-02-04_clarksons-platou-hellas-snp-weekly-bulletin-7_report-04-02-2022_e6f67eaa580f.pdf"", ""raw_built"": ""2010 HHI"", ""raw_details"": ""MAN-B&W 6S90MC-C"", ""printed_date"": ""04/02/2022""}"
2022-02-11,2022-02-11,Bulker Sales,1,BAOSTEEL EVOLUTION,Capesize,"206,331",2007,IMABARI,RGN USD 19.5 M,GREEKS,SS 07/22 DD 07/22,MAN-B&W 6S70MC-C,"{""stem"": ""2022-02-11_clarksons-platou-hellas-snp-weekly-bulletin-8_report-11-02-2022_62f4ca4b1bda"", ""source_file"": ""2022-02-11_clarksons-platou-hellas-snp-weekly-bulletin-8_report-11-02-2022_62f4ca4b1bda.pdf"", ""raw_built"": ""2007 IMABARI"", ""raw_details"": ""MAN-B&W 6S70MC-C"", ""printed_date"": ""11/02/2022""}"
2022-02-11,2022-02-11,Bulker Sales,1,NAVIOS PROSPERITY,Kamsarmax,"82,535",2007,TSUNEISHI ZOSEN,USD 16.4 M,U/D,SS 07/26 DD 12/23,MAN-B&W 6S60MC6.1,"{""stem"": ""2022-02-11_clarksons-platou-hellas-snp-weekly-bulletin-8_report-11-02-2022_62f4ca4b1bda"", ""source_file"": ""2022-02-11_clarksons-platou-hellas-snp-weekly-bulletin-8_report-11-02-2022_62f4ca4b1bda.pdf"", ""raw_built"": ""2007 TSUNEISHI ZOSEN"", ""raw_details"": ""MAN-B&W 6S60MC6.1"", ""printed_date"": ""11/02/2022""}"
2022-02-11,2022-02-11,Bulker Sales,1,GRAVITY,Supramax,"56,546",2014,JIANGSU HANTONG,USD 16.8 M,CHINESE,SS 01/24 DD 04/22,MAN-B&W 6S50MC-C 4 x 30 T MAN-B&W 6S50MC-C8.2,"{""stem"": ""2022-02-11_clarksons-platou-hellas-snp-weekly-bulletin-8_report-11-02-2022_62f4ca4b1bda"", ""source_file"": ""2022-02-11_clarksons-platou-hellas-snp-weekly-bulletin-8_report-11-02-2022_62f4ca4b1bda.pdf"", ""raw_built"": ""2014 JIANGSU HANTONG"", ""raw_details"": ""MAN-B&W 6S50MC-C 4 x 30 T MAN-B&W 6S50MC-C8.2"", ""printed_date"": ""11/02/2022""}"
2022-02-11,2022-02-11,Bulker Sales,1,BUMBLEBEE,Supramax,"55,628",2011,MITSUI,RGN USD 20.5 M,M. EASTERNS,SS 10/26 DD 10/24,MAN-B&W 6S50MC-C8.2 4 x 30 T BWTS fitted MITSUBISHI 6UEC45LSE,"{""stem"": ""2022-02-11_clarksons-platou-hellas-snp-weekly-bulletin-8_report-11-02-2022_62f4ca4b1bda"", ""source_file"": ""2022-02-11_clarksons-platou-hellas-snp-weekly-bulletin-8_report-11-02-2022_62f4ca4b1bda.pdf"", ""raw_built"": ""2011 MITSUI"", ""raw_details"": ""MAN-B&W 6S50MC-C8.2 4 x 30 T BWTS fitted MITSUBISHI 6UEC45LSE"", ""printed_date"": ""11/02/2022""}"
2022-02-11,2022-02-11,Bulker Sales,1,SUPER VALENTINA,Handysize,"33,382",2013,SHIN KURUSHIMA,RGN USD 18 M,,SS 02/23 DD 02/23,"MITSUBISHI 6UEC45LSE 4 x 30 T OHBH, BWTS fitted MAN-B&W 6S50MC-C8.1","{""stem"": ""2022-02-11_clarksons-platou-hellas-snp-weekly-bulletin-8_report-11-02-2022_62f4ca4b1bda"", ""source_file"": ""2022-02-11_clarksons-platou-hellas-snp-weekly-bulletin-8_report-11-02-2022_62f4ca4b1bda.pdf"", ""raw_built"": ""2013 SHIN KURUSHIMA"", ""raw_details"": ""MITSUBISHI 6UEC45LSE 4 x 30 T OHBH, BWTS fitted MAN-B&W 6S50MC-C8.1"", ""printed_date"": ""11/02/2022""}"
2022-02-11,2022-02-11,Bulker Sales,1,POLA ANISIA,Supramax,"46,412",2006,OSHIMA,USD 13.4 M,U/D,SS 01/26 DD 03/24,MAN-B&W 6S50MC-C8.1 4 x 30 T BWTS fitted,"{""stem"": ""2022-02-11_clarksons-platou-hellas-snp-weekly-bulletin-8_report-11-02-2022_62f4ca4b1bda"", ""source_file"": ""2022-02-11_clarksons-platou-hellas-snp-weekly-bulletin-8_report-11-02-2022_62f4ca4b1bda.pdf"", ""raw_built"": ""2006 OSHIMA"", ""raw_details"": ""MAN-B&W 6S50MC-C8.1 4 x 30 T BWTS fitted"", ""printed_date"": ""11/02/2022""}"
2022-02-11,2022-02-11,Tanker Sales,1,RED EAGLE,Panamax,"74,997",2011,SUNGDONG,USD 19.5 M with,"(c/o International Seaways) - swap deal ""ALPINE MAYA""",SS 04/26 DD 12/24,MAN-B&W 6S50MC-C BWTS fitted,"{""stem"": ""2022-02-11_clarksons-platou-hellas-snp-weekly-bulletin-8_report-11-02-2022_62f4ca4b1bda"", ""source_file"": ""2022-02-11_clarksons-platou-hellas-snp-weekly-bulletin-8_report-11-02-2022_62f4ca4b1bda.pdf"", ""raw_built"": ""2011 SUNGDONG"", ""raw_details"": ""MAN-B&W 6S50MC-C BWTS fitted"", ""printed_date"": ""11/02/2022""}"
2022-02-11,2022-02-11,Tanker Sales,1,ALPINE MAYA,MR,"51,149",2010,STX,(c/o USD 16.5 M swap,"Adhart Shipping) - deal with ""Red Eagle""",SS 03/25 DD 05/23,MAN-B&W 6S50MC-C IMO III BWTS fitted,"{""stem"": ""2022-02-11_clarksons-platou-hellas-snp-weekly-bulletin-8_report-11-02-2022_62f4ca4b1bda"", ""source_file"": ""2022-02-11_clarksons-platou-hellas-snp-weekly-bulletin-8_report-11-02-2022_62f4ca4b1bda.pdf"", ""raw_built"": ""2010 STX"", ""raw_details"": ""MAN-B&W 6S50MC-C IMO III BWTS fitted"", ""printed_date"": ""11/02/2022""}"
2022-02-18,2022-02-18,Bulker Sales,1,BONANZA,Panamax,"73,613",2003,JIANGNAN,RGN USD 11 M,U/D,SS 12/23 DD 03/22,MAN-B&W 5S50MC BWTS fitted MAN-B&W 6S50ME-B9.3,"{""stem"": ""2022-02-18_clarksons-platou-hellas-snp-weekly-bulletin-9_report-18-02-2022_95be0b661ee7"", ""source_file"": ""2022-02-18_clarksons-platou-hellas-snp-weekly-bulletin-9_report-18-02-2022_95be0b661ee7.pdf"", ""raw_built"": ""2003 JIANGNAN"", ""raw_details"": ""MAN-B&W 5S50MC BWTS fitted MAN-B&W 6S50ME-B9.3"", ""printed_date"": ""18/02/2022""}"
2022-02-18,2022-02-18,Bulker Sales,1,ULTRA EXCELLENCE,Ultramax,"61,214",2016,IMABARI,XS USD 30 M,U/D,SS 06/26 DD 09/24,MAN-B&W 6S50ME-B9.3 4 X 30 T BWTS fitted,"{""stem"": ""2022-02-18_clarksons-platou-hellas-snp-weekly-bulletin-9_report-18-02-2022_95be0b661ee7"", ""source_file"": ""2022-02-18_clarksons-platou-hellas-snp-weekly-bulletin-9_report-18-02-2022_95be0b661ee7.pdf"", ""raw_built"": ""2016 IMABARI"", ""raw_details"": ""MAN-B&W 6S50ME-B9.3 4 X 30 T BWTS fitted"", ""printed_date"": ""18/02/2022""}"
2022-02-18,2022-02-18,Bulker Sales,1,MAJESTY,Handysize,"34,375",2011,DAESUN,LOW USD 15 M (BWTS included),GREEKS,SS 03/22 DD 03/22,MAN-B&W 6S42MC7.2 4 X 30 T MAN-B&W 6S42MC7.2,"{""stem"": ""2022-02-18_clarksons-platou-hellas-snp-weekly-bulletin-9_report-18-02-2022_95be0b661ee7"", ""source_file"": ""2022-02-18_clarksons-platou-hellas-snp-weekly-bulletin-9_report-18-02-2022_95be0b661ee7.pdf"", ""raw_built"": ""2011 DAESUN"", ""raw_details"": ""MAN-B&W 6S42MC7.2 4 X 30 T MAN-B&W 6S42MC7.2"", ""printed_date"": ""18/02/2022""}"
2022-02-18,2022-02-18,Bulker Sales,1,TRAMONTANA,Handysize,"28,351",2010,SHIMANAMI,USD 14.5 M,RUSSIANS,SS 08/25 DD 09/23,MAN-B&W 6S42MC7.2 4 X 30 T BWTS fitted,"{""stem"": ""2022-02-18_clarksons-platou-hellas-snp-weekly-bulletin-9_report-18-02-2022_95be0b661ee7"", ""source_file"": ""2022-02-18_clarksons-platou-hellas-snp-weekly-bulletin-9_report-18-02-2022_95be0b661ee7.pdf"", ""raw_built"": ""2010 SHIMANAMI"", ""raw_details"": ""MAN-B&W 6S42MC7.2 4 X 30 T BWTS fitted"", ""printed_date"": ""18/02/2022""}"
2022-02-18,2022-02-18,Tanker Sales,1,BERGITTA,Aframax,"105,827",2007,TSUNEISHI,USD 16.5 M,GREEKS (c/o Westport),SS 10/22 DD 10/22,MAN-B&W 6S60MC6.1,"{""stem"": ""2022-02-18_clarksons-platou-hellas-snp-weekly-bulletin-9_report-18-02-2022_95be0b661ee7"", ""source_file"": ""2022-02-18_clarksons-platou-hellas-snp-weekly-bulletin-9_report-18-02-2022_95be0b661ee7.pdf"", ""raw_built"": ""2007 TSUNEISHI"", ""raw_details"": ""MAN-B&W 6S60MC6.1"", ""printed_date"": ""18/02/2022""}"
2022-02-18,2022-02-18,Tanker Sales,1,JUPITER EXPRESS,MR,"45,950",2012,SHIN KURUSHIMA,RGN USD 18.5 M,U/D,SS 04/26 DD 05/24 fitted,"MAN-B&W 6S50MC-C8.2 Epoxy, 4 Pumps, BWTS","{""stem"": ""2022-02-18_clarksons-platou-hellas-snp-weekly-bulletin-9_report-18-02-2022_95be0b661ee7"", ""source_file"": ""2022-02-18_clarksons-platou-hellas-snp-weekly-bulletin-9_report-18-02-2022_95be0b661ee7.pdf"", ""raw_built"": ""2012 SHIN KURUSHIMA"", ""raw_details"": ""MAN-B&W 6S50MC-C8.2 Epoxy, 4 Pumps, BWTS"", ""printed_date"": ""18/02/2022""}"
2022-02-25,2022-02-25,Bulker Sales,1,DONG-A OKNOS,Bulker,,2010,HHI,,,SS 02/25 DD 05/23,,"{""stem"": ""2022-02-25_clarksons-platou-hellas-snp-weekly-bulletin-10_report-25-02-2022_88f9239ff9a9"", ""source_file"": ""2022-02-25_clarksons-platou-hellas-snp-weekly-bulletin-10_report-25-02-2022_88f9239ff9a9.pdf"", ""raw_built"": ""2010 HHI"", ""raw_details"": """", ""printed_date"": ""25/02/2022""}"
2022-02-25,2022-02-25,Bulker Sales,1,DONG-A ASTREA,Capesize,"179,329",,,USD 81 M en bloc,GREEKS,SS 04/25 DD 12/23,MAN-B&W 6S70MC-C7.2,"{""stem"": ""2022-02-25_clarksons-platou-hellas-snp-weekly-bulletin-10_report-25-02-2022_88f9239ff9a9"", ""source_file"": ""2022-02-25_clarksons-platou-hellas-snp-weekly-bulletin-10_report-25-02-2022_88f9239ff9a9.pdf"", ""raw_built"": """", ""raw_details"": ""MAN-B&W 6S70MC-C7.2"", ""printed_date"": ""25/02/2022""}"
2022-02-25,2022-02-25,Bulker Sales,1,DONG-A EOS,Bulker,,2009,HHI,,,SS 09/24 DD 08/22,,"{""stem"": ""2022-02-25_clarksons-platou-hellas-snp-weekly-bulletin-10_report-25-02-2022_88f9239ff9a9"", ""source_file"": ""2022-02-25_clarksons-platou-hellas-snp-weekly-bulletin-10_report-25-02-2022_88f9239ff9a9.pdf"", ""raw_built"": ""2009 HHI"", ""raw_details"": """", ""printed_date"": ""25/02/2022""}"
2022-02-25,2022-02-25,Bulker Sales,1,MINERAL BELGIUM,Capesize,"173,806",2005,SWS,USD 15.5 M,CHINESE,SS 06/22 DD 06/22,MAN-B&W 6S70MC,"{""stem"": ""2022-02-25_clarksons-platou-hellas-snp-weekly-bulletin-10_report-25-02-2022_88f9239ff9a9"", ""source_file"": ""2022-02-25_clarksons-platou-hellas-snp-weekly-bulletin-10_report-25-02-2022_88f9239ff9a9.pdf"", ""raw_built"": ""2005 SWS"", ""raw_details"": ""MAN-B&W 6S70MC"", ""printed_date"": ""25/02/2022""}"
2022-02-25,2022-02-25,Bulker Sales,1,DOUBLE FORTUNE,Kamsarmax,"95,712",2010,IMABARI,USD 21 M,U/D,SS 09/25 DD 08/23,MAN-B&W 6S60MC-C,"{""stem"": ""2022-02-25_clarksons-platou-hellas-snp-weekly-bulletin-10_report-25-02-2022_88f9239ff9a9"", ""source_file"": ""2022-02-25_clarksons-platou-hellas-snp-weekly-bulletin-10_report-25-02-2022_88f9239ff9a9.pdf"", ""raw_built"": ""2010 IMABARI"", ""raw_details"": ""MAN-B&W 6S60MC-C"", ""printed_date"": ""25/02/2022""}"
2022-02-25,2022-02-25,Bulker Sales,1,CORONA INFINITY,Kamsarmax,"88,233",2002,IMABARI,HIGH USD 12 M,CHINESE,SS 10/22 DD 10/22,MAN-B&W 6S60MC MAN-B&W 6S50MC-C,"{""stem"": ""2022-02-25_clarksons-platou-hellas-snp-weekly-bulletin-10_report-25-02-2022_88f9239ff9a9"", ""source_file"": ""2022-02-25_clarksons-platou-hellas-snp-weekly-bulletin-10_report-25-02-2022_88f9239ff9a9.pdf"", ""raw_built"": ""2002 IMABARI"", ""raw_details"": ""MAN-B&W 6S60MC MAN-B&W 6S50MC-C"", ""printed_date"": ""25/02/2022""}"
2022-02-25,2022-02-25,Bulker Sales,1,WP BRAVE,Supramax,"58,627",2012,SPP,LOW USD 19 M,U/D,SS 07/22 DD 07/22,MAN-B&W 6S50MC-C 4 x 30 T TIER II MAN-B&W 6S50MC-C,"{""stem"": ""2022-02-25_clarksons-platou-hellas-snp-weekly-bulletin-10_report-25-02-2022_88f9239ff9a9"", ""source_file"": ""2022-02-25_clarksons-platou-hellas-snp-weekly-bulletin-10_report-25-02-2022_88f9239ff9a9.pdf"", ""raw_built"": ""2012 SPP"", ""raw_details"": ""MAN-B&W 6S50MC-C 4 x 30 T TIER II MAN-B&W 6S50MC-C"", ""printed_date"": ""25/02/2022""}"
2022-02-25,2022-02-25,Bulker Sales,1,MANDARIN GRACE,Supramax,"56,693",2011,JIANGSU HANTONG,RGN USD 17 M,CHINESE,SS 01/26 DD 12/23,"MAN-B&W 6S50MC-C 4 x 30 T BWTS fitted, TIER II WARTSILA 6RT-FLEX50","{""stem"": ""2022-02-25_clarksons-platou-hellas-snp-weekly-bulletin-10_report-25-02-2022_88f9239ff9a9"", ""source_file"": ""2022-02-25_clarksons-platou-hellas-snp-weekly-bulletin-10_report-25-02-2022_88f9239ff9a9.pdf"", ""raw_built"": ""2011 JIANGSU HANTONG"", ""raw_details"": ""MAN-B&W 6S50MC-C 4 x 30 T BWTS fitted, TIER II WARTSILA 6RT-FLEX50"", ""printed_date"": ""25/02/2022""}"
2022-02-25,2022-02-25,Bulker Sales,1,TTM PHOENIX,Supramax,"55,947",2010,IHI,RGN USD 18 M,U/D,SS 06/25 DD 07/23,WARTSILA 6RT-FLEX50 4 x 30 T BWTS fitted MAN-B&W 6S50MC-C,"{""stem"": ""2022-02-25_clarksons-platou-hellas-snp-weekly-bulletin-10_report-25-02-2022_88f9239ff9a9"", ""source_file"": ""2022-02-25_clarksons-platou-hellas-snp-weekly-bulletin-10_report-25-02-2022_88f9239ff9a9.pdf"", ""raw_built"": ""2010 IHI"", ""raw_details"": ""WARTSILA 6RT-FLEX50 4 x 30 T BWTS fitted MAN-B&W 6S50MC-C"", ""printed_date"": ""25/02/2022""}"
2022-02-25,2022-02-25,Bulker Sales,1,AWESOME ASHLEY,Supramax,"55,596",2011,MITSUI,RGN USD 21 M,U/D,SS 07/24 DD 07/22,MAN-B&W 6S50MC-C 4 x 30 T BWTS fitted MAN-B&W 6S50MC,"{""stem"": ""2022-02-25_clarksons-platou-hellas-snp-weekly-bulletin-10_report-25-02-2022_88f9239ff9a9"", ""source_file"": ""2022-02-25_clarksons-platou-hellas-snp-weekly-bulletin-10_report-25-02-2022_88f9239ff9a9.pdf"", ""raw_built"": ""2011 MITSUI"", ""raw_details"": ""MAN-B&W 6S50MC-C 4 x 30 T BWTS fitted MAN-B&W 6S50MC"", ""printed_date"": ""25/02/2022""}"
2022-02-25,2022-02-25,Bulker Sales,1,HS LUCK,Supramax,"52,421",2002,TSUNEISHI,USD 23 M en bloc,U/D,SS 05/25 DD 08/23,MAN-B&W 6S50MC 4 x 30 T BWTS fitted MAN-B&W 6S50MC-C8.1,"{""stem"": ""2022-02-25_clarksons-platou-hellas-snp-weekly-bulletin-10_report-25-02-2022_88f9239ff9a9"", ""source_file"": ""2022-02-25_clarksons-platou-hellas-snp-weekly-bulletin-10_report-25-02-2022_88f9239ff9a9.pdf"", ""raw_built"": ""2002 TSUNEISHI"", ""raw_details"": ""MAN-B&W 6S50MC 4 x 30 T BWTS fitted MAN-B&W 6S50MC-C8.1"", ""printed_date"": ""25/02/2022""}"
2022-02-25,2022-02-25,Bulker Sales,1,HS WINNING,Supramax,"51,104",2002,OSHIMA,en bloc,,SS 06/26 DD 09/24,MAN-B&W 6S50MC-C8.1 4 x 30 T BWTS fitted,"{""stem"": ""2022-02-25_clarksons-platou-hellas-snp-weekly-bulletin-10_report-25-02-2022_88f9239ff9a9"", ""source_file"": ""2022-02-25_clarksons-platou-hellas-snp-weekly-bulletin-10_report-25-02-2022_88f9239ff9a9.pdf"", ""raw_built"": ""2002 OSHIMA"", ""raw_details"": ""MAN-B&W 6S50MC-C8.1 4 x 30 T BWTS fitted"", ""printed_date"": ""25/02/2022""}"
2022-02-25,2022-02-25,Bulker Sales,1,WUHU,Handysize,"39,049",2014,CHENGXI,,,SS 01/24 DD 01/24,WARTSILA 5RT-FLEX50,"{""stem"": ""2022-02-25_clarksons-platou-hellas-snp-weekly-bulletin-10_report-25-02-2022_88f9239ff9a9"", ""source_file"": ""2022-02-25_clarksons-platou-hellas-snp-weekly-bulletin-10_report-25-02-2022_88f9239ff9a9.pdf"", ""raw_built"": ""2014 CHENGXI"", ""raw_details"": ""WARTSILA 5RT-FLEX50"", ""printed_date"": ""25/02/2022""}"
2022-02-25,2022-02-25,Bulker Sales,1,WUCHOW,Handysize,"39,090",2013,CHENGXI,RGN USD 22.3 M each (c/o,ITALIANS Nova Marine),SS 12/23 DD 12/23,WARTSILA 5RT-FLEX50 4 x 35 T BWTS fitted,"{""stem"": ""2022-02-25_clarksons-platou-hellas-snp-weekly-bulletin-10_report-25-02-2022_88f9239ff9a9"", ""source_file"": ""2022-02-25_clarksons-platou-hellas-snp-weekly-bulletin-10_report-25-02-2022_88f9239ff9a9.pdf"", ""raw_built"": ""2013 CHENGXI"", ""raw_details"": ""WARTSILA 5RT-FLEX50 4 x 35 T BWTS fitted"", ""printed_date"": ""25/02/2022""}"
2022-02-25,2022-02-25,Bulker Sales,1,WUCHANG,Handysize,"39,128",,,,,SS 10/23 DD 10/23,,"{""stem"": ""2022-02-25_clarksons-platou-hellas-snp-weekly-bulletin-10_report-25-02-2022_88f9239ff9a9"", ""source_file"": ""2022-02-25_clarksons-platou-hellas-snp-weekly-bulletin-10_report-25-02-2022_88f9239ff9a9.pdf"", ""raw_built"": """", ""raw_details"": """", ""printed_date"": ""25/02/2022""}"
2022-02-25,2022-02-25,Bulker Sales,1,INTERLINK AUDACITY,Handysize,"39,100",2016,ZHEJIANG ZHENGZHOU,,,SS 07/26 DD 06/24,,"{""stem"": ""2022-02-25_clarksons-platou-hellas-snp-weekly-bulletin-10_report-25-02-2022_88f9239ff9a9"", ""source_file"": ""2022-02-25_clarksons-platou-hellas-snp-weekly-bulletin-10_report-25-02-2022_88f9239ff9a9.pdf"", ""raw_built"": ""2016 ZHEJIANG ZHENGZHOU"", ""raw_details"": """", ""printed_date"": ""25/02/2022""}"
2022-02-25,2022-02-25,Bulker Sales,1,INTERLINK AFFINITY,Handysize,"39,046",,,USD 25 M each,U/D,SS 07/26 DD 05/24,MAN-B&W 5S50ME-B9.3 4 x 30 T,"{""stem"": ""2022-02-25_clarksons-platou-hellas-snp-weekly-bulletin-10_report-25-02-2022_88f9239ff9a9"", ""source_file"": ""2022-02-25_clarksons-platou-hellas-snp-weekly-bulletin-10_report-25-02-2022_88f9239ff9a9.pdf"", ""raw_built"": """", ""raw_details"": ""MAN-B&W 5S50ME-B9.3 4 x 30 T"", ""printed_date"": ""25/02/2022""}"
2022-02-25,2022-02-25,Bulker Sales,1,INTERLINK UTILITY,Handysize,"38,706",2016,HUATAI,each,,SS 11/26 DD 11/24,BWTS fitted,"{""stem"": ""2022-02-25_clarksons-platou-hellas-snp-weekly-bulletin-10_report-25-02-2022_88f9239ff9a9"", ""source_file"": ""2022-02-25_clarksons-platou-hellas-snp-weekly-bulletin-10_report-25-02-2022_88f9239ff9a9.pdf"", ""raw_built"": ""2016 HUATAI"", ""raw_details"": ""BWTS fitted"", ""printed_date"": ""25/02/2022""}"
2022-02-25,2022-02-25,Bulker Sales,1,INTERLINK TENACITY,Handysize,"38,785",2016,TAIZHOU KOUAN,,,SS 01/26 DD 03/24,MAN-B&W 6S46MC-C,"{""stem"": ""2022-02-25_clarksons-platou-hellas-snp-weekly-bulletin-10_report-25-02-2022_88f9239ff9a9"", ""source_file"": ""2022-02-25_clarksons-platou-hellas-snp-weekly-bulletin-10_report-25-02-2022_88f9239ff9a9.pdf"", ""raw_built"": ""2016 TAIZHOU KOUAN"", ""raw_details"": ""MAN-B&W 6S46MC-C"", ""printed_date"": ""25/02/2022""}"
2022-02-25,2022-02-25,Bulker Sales,1,SUPERNOVA,Handysize,"36,367",2012,SHIKOKU,RGN USD 20.5 M,U/D,SS 06/22 DD 06/22 fitted,"MAN-B&W 6S46MC-C 4 x 30 T BWTS, SCRUBBER","{""stem"": ""2022-02-25_clarksons-platou-hellas-snp-weekly-bulletin-10_report-25-02-2022_88f9239ff9a9"", ""source_file"": ""2022-02-25_clarksons-platou-hellas-snp-weekly-bulletin-10_report-25-02-2022_88f9239ff9a9.pdf"", ""raw_built"": ""2012 SHIKOKU"", ""raw_details"": ""MAN-B&W 6S46MC-C 4 x 30 T BWTS, SCRUBBER"", ""printed_date"": ""25/02/2022""}"
2022-02-25,2022-02-25,Tanker Sales,2,ERVIKEN,Suezmax,"152,013",2004,SAMSUNG,RGN USD 15 M,U/D,SS 08/22 DD 08/22,MAN-B&W 6S70ME-C,"{""stem"": ""2022-02-25_clarksons-platou-hellas-snp-weekly-bulletin-10_report-25-02-2022_88f9239ff9a9"", ""source_file"": ""2022-02-25_clarksons-platou-hellas-snp-weekly-bulletin-10_report-25-02-2022_88f9239ff9a9.pdf"", ""raw_built"": ""2004 SAMSUNG"", ""raw_details"": ""MAN-B&W 6S70ME-C"", ""printed_date"": ""25/02/2022""}"
2022-02-25,2022-02-25,Tanker Sales,2,NORD SNOW QUEEN,Handysize,"38,289",2008,GSI,USD 9.8 M,GREEKS,SS 08/23 DD 08/23,MAN-B&W 6S50MC-C,"{""stem"": ""2022-02-25_clarksons-platou-hellas-snp-weekly-bulletin-10_report-25-02-2022_88f9239ff9a9"", ""source_file"": ""2022-02-25_clarksons-platou-hellas-snp-weekly-bulletin-10_report-25-02-2022_88f9239ff9a9.pdf"", ""raw_built"": ""2008 GSI"", ""raw_details"": ""MAN-B&W 6S50MC-C"", ""printed_date"": ""25/02/2022""}"
2022-03-04,2022-03-04,Bulker Sales,1,GALAXY,Kamsarmax,"81,666",2012,QINGDAO BEIHAI,MID-HIGH USD 19 M,U/D,SS 11/22 DD 11/22 SS/DD,WARTSILA 5RTFLEX58TD,"{""stem"": ""2022-03-04_clarksons-platou-hellas-snp-weekly-bulletin-11_report-04-03-2022_0321bec0e209"", ""source_file"": ""2022-03-04_clarksons-platou-hellas-snp-weekly-bulletin-11_report-04-03-2022_0321bec0e209.pdf"", ""raw_built"": ""2012 QINGDAO BEIHAI"", ""raw_details"": ""WARTSILA 5RTFLEX58TD"", ""printed_date"": ""04/03/2022""}"
2022-03-04,2022-03-04,Bulker Sales,1,DARYA KIRTHI,Kamsarmax,"80,545",2012,STX,RGN USD 25 M,GREEKS,SS/DD freshly passed,MAN-B&W 7S50MC-C BWTS fitted,"{""stem"": ""2022-03-04_clarksons-platou-hellas-snp-weekly-bulletin-11_report-04-03-2022_0321bec0e209"", ""source_file"": ""2022-03-04_clarksons-platou-hellas-snp-weekly-bulletin-11_report-04-03-2022_0321bec0e209.pdf"", ""raw_built"": ""2012 STX"", ""raw_details"": ""MAN-B&W 7S50MC-C BWTS fitted"", ""printed_date"": ""04/03/2022""}"
2022-03-04,2022-03-04,Bulker Sales,1,CORAL RUBY,Panamax,"76,596",2008,IMABARI,RGN USD 18 M,U/D,SS 06/23 DD 06/23,MAN-B&W 6S60MC6.1 BWTS fitted MAN-B&W 6S50MC-C,"{""stem"": ""2022-03-04_clarksons-platou-hellas-snp-weekly-bulletin-11_report-04-03-2022_0321bec0e209"", ""source_file"": ""2022-03-04_clarksons-platou-hellas-snp-weekly-bulletin-11_report-04-03-2022_0321bec0e209.pdf"", ""raw_built"": ""2008 IMABARI"", ""raw_details"": ""MAN-B&W 6S60MC6.1 BWTS fitted MAN-B&W 6S50MC-C"", ""printed_date"": ""04/03/2022""}"
2022-03-04,2022-03-04,Bulker Sales,1,ORCHID,Supramax,"55,598",2012,MITSUI,USD 22.6 M,GREEKS,SS 10/24 DD 03/23,MAN-B&W 6S50MC-C 4 x 30 T BWTS fitted,"{""stem"": ""2022-03-04_clarksons-platou-hellas-snp-weekly-bulletin-11_report-04-03-2022_0321bec0e209"", ""source_file"": ""2022-03-04_clarksons-platou-hellas-snp-weekly-bulletin-11_report-04-03-2022_0321bec0e209.pdf"", ""raw_built"": ""2012 MITSUI"", ""raw_details"": ""MAN-B&W 6S50MC-C 4 x 30 T BWTS fitted"", ""printed_date"": ""04/03/2022""}"
2022-03-04,2022-03-04,Tanker Sales,1,NAVARIN,VLCC,"307,284",2007,DALIAN,USD 63.5 M,S. KOREANS (c/o Sinokor),SS 07/22 DD 07/22,WARTSILA 7RT-FLEX84T,"{""stem"": ""2022-03-04_clarksons-platou-hellas-snp-weekly-bulletin-11_report-04-03-2022_0321bec0e209"", ""source_file"": ""2022-03-04_clarksons-platou-hellas-snp-weekly-bulletin-11_report-04-03-2022_0321bec0e209.pdf"", ""raw_built"": ""2007 DALIAN"", ""raw_details"": ""WARTSILA 7RT-FLEX84T"", ""printed_date"": ""04/03/2022""}"
2022-03-04,2022-03-04,Tanker Sales,1,NAUTILUS,Tanker,,2006,DALIAN,,(c/o Sinokor),SS 03/22 DD 03/22,,"{""stem"": ""2022-03-04_clarksons-platou-hellas-snp-weekly-bulletin-11_report-04-03-2022_0321bec0e209"", ""source_file"": ""2022-03-04_clarksons-platou-hellas-snp-weekly-bulletin-11_report-04-03-2022_0321bec0e209.pdf"", ""raw_built"": ""2006 DALIAN"", ""raw_details"": """", ""printed_date"": ""04/03/2022""}"
2022-03-04,2022-03-04,Tanker Sales,1,STENA PRESIDENT,Panamax,"65,125",2007,BRODOSPLIT,LOW USD 11 M,GREEKS,SS 09/22 DD 09/22,MAN-B&W 6S46MC-C,"{""stem"": ""2022-03-04_clarksons-platou-hellas-snp-weekly-bulletin-11_report-04-03-2022_0321bec0e209"", ""source_file"": ""2022-03-04_clarksons-platou-hellas-snp-weekly-bulletin-11_report-04-03-2022_0321bec0e209.pdf"", ""raw_built"": ""2007 BRODOSPLIT"", ""raw_details"": ""MAN-B&W 6S46MC-C"", ""printed_date"": ""04/03/2022""}"
2022-03-11,2022-03-11,Bulker Sales,1,SEA MELODY I,Panamax,"75,957",2002,TSUNEISHI ZOSEN,USD 13.4 M,CHINESE,SS 02/26 DD 07/23,MAN-B&W 6S60MC BWTS fitted,"{""stem"": ""2022-03-11_clarksons-platou-hellas-snp-weekly-bulletin-12_report-11-03-2022_904b180a0b0a"", ""source_file"": ""2022-03-11_clarksons-platou-hellas-snp-weekly-bulletin-12_report-11-03-2022_904b180a0b0a.pdf"", ""raw_built"": ""2002 TSUNEISHI ZOSEN"", ""raw_details"": ""MAN-B&W 6S60MC BWTS fitted"", ""printed_date"": ""11/03/2022""}"
2022-03-11,2022-03-11,Bulker Sales,1,GOYA,Panamax,"75,750",2008,JIANGSU RONGSHENG,HIGH USD 15 M,CHINESE,SS 08/23 DD 08/23,MAN-B&W 5S60MC-C7.1 MAN-B&W 5S60ME-C8,"{""stem"": ""2022-03-11_clarksons-platou-hellas-snp-weekly-bulletin-12_report-11-03-2022_904b180a0b0a"", ""source_file"": ""2022-03-11_clarksons-platou-hellas-snp-weekly-bulletin-12_report-11-03-2022_904b180a0b0a.pdf"", ""raw_built"": ""2008 JIANGSU RONGSHENG"", ""raw_details"": ""MAN-B&W 5S60MC-C7.1 MAN-B&W 5S60ME-C8"", ""printed_date"": ""11/03/2022""}"
2022-03-11,2022-03-11,Bulker Sales,1,HANTON TRADER II,Ultramax,"63,486",2014,JIANGSU HANTONG,USD 25.75 M (c/o,HK BASED Jinhui Shipping),SS 08/22 DD 06/22,MAN-B&W 5S60ME-C8 4 x 30 T BWTS fitted,"{""stem"": ""2022-03-11_clarksons-platou-hellas-snp-weekly-bulletin-12_report-11-03-2022_904b180a0b0a"", ""source_file"": ""2022-03-11_clarksons-platou-hellas-snp-weekly-bulletin-12_report-11-03-2022_904b180a0b0a.pdf"", ""raw_built"": ""2014 JIANGSU HANTONG"", ""raw_details"": ""MAN-B&W 5S60ME-C8 4 x 30 T BWTS fitted"", ""printed_date"": ""11/03/2022""}"
2022-03-11,2022-03-11,Bulker Sales,1,HAI LONG,Supramax,"56,083",2007,MITSUI,RGN USD 16 M,CHINESE,SS 06/25 DD 06/23,MAN-B&W 6S50MC-C 4 x 30 T,"{""stem"": ""2022-03-11_clarksons-platou-hellas-snp-weekly-bulletin-12_report-11-03-2022_904b180a0b0a"", ""source_file"": ""2022-03-11_clarksons-platou-hellas-snp-weekly-bulletin-12_report-11-03-2022_904b180a0b0a.pdf"", ""raw_built"": ""2007 MITSUI"", ""raw_details"": ""MAN-B&W 6S50MC-C 4 x 30 T"", ""printed_date"": ""11/03/2022""}"
2022-03-11,2022-03-11,Bulker Sales,1,PRABHU GOPAL,Supramax,"56,025",2003,MITSUI,RGN USD 14 M,U/D,SS 03/23 DD 03/23,MAN-B&W 6S50MC-C 4 x 30 T MAN-B&W 6S50MC-C,"{""stem"": ""2022-03-11_clarksons-platou-hellas-snp-weekly-bulletin-12_report-11-03-2022_904b180a0b0a"", ""source_file"": ""2022-03-11_clarksons-platou-hellas-snp-weekly-bulletin-12_report-11-03-2022_904b180a0b0a.pdf"", ""raw_built"": ""2003 MITSUI"", ""raw_details"": ""MAN-B&W 6S50MC-C 4 x 30 T MAN-B&W 6S50MC-C"", ""printed_date"": ""11/03/2022""}"
2022-03-11,2022-03-11,Bulker Sales,1,JIN CHENG,Supramax,"53,806",2004,NEW CENTURY,USD 13.9 M,CHINESE,SS 01/24 DD 01/24,MAN-B&W 6S50MC-C 4 x 30 T BWTS fitted,"{""stem"": ""2022-03-11_clarksons-platou-hellas-snp-weekly-bulletin-12_report-11-03-2022_904b180a0b0a"", ""source_file"": ""2022-03-11_clarksons-platou-hellas-snp-weekly-bulletin-12_report-11-03-2022_904b180a0b0a.pdf"", ""raw_built"": ""2004 NEW CENTURY"", ""raw_details"": ""MAN-B&W 6S50MC-C 4 x 30 T BWTS fitted"", ""printed_date"": ""11/03/2022""}"
2022-03-11,2022-03-11,Tanker Sales,1,STENA ARCTICA,Aframax,"117,099",2005,HHI,HIGH USD 14 M,U/D,SS 11/25 DD 10/23,MAN-B&W 7S60ME-C ICE 1A,"{""stem"": ""2022-03-11_clarksons-platou-hellas-snp-weekly-bulletin-12_report-11-03-2022_904b180a0b0a"", ""source_file"": ""2022-03-11_clarksons-platou-hellas-snp-weekly-bulletin-12_report-11-03-2022_904b180a0b0a.pdf"", ""raw_built"": ""2005 HHI"", ""raw_details"": ""MAN-B&W 7S60ME-C ICE 1A"", ""printed_date"": ""11/03/2022""}"
2022-03-11,2022-03-11,Tanker Sales,1,SRI ASIH,Aframax,"109,637",2005,DALIAN,USD 14.6 M,U/D,SS 06/25 DD 12/23,SULZER 7RTA62U,"{""stem"": ""2022-03-11_clarksons-platou-hellas-snp-weekly-bulletin-12_report-11-03-2022_904b180a0b0a"", ""source_file"": ""2022-03-11_clarksons-platou-hellas-snp-weekly-bulletin-12_report-11-03-2022_904b180a0b0a.pdf"", ""raw_built"": ""2005 DALIAN"", ""raw_details"": ""SULZER 7RTA62U"", ""printed_date"": ""11/03/2022""}"
2022-03-18,2022-03-18,Bulker Sales,1,AZUL LIBERO,Capesize,"203,278",2004,UNIVERSAL,HIGH USD 18 M,CHINESE,SS 09/24 DD 09/22,MAN-B&W 6S70MC6.1 BWTS fitted MAN-B&W 6S50MC-C,"{""stem"": ""2022-03-18_clarksons-platou-hellas-snp-weekly-bulletin-13_report-18-03-2022_61857c23cc73"", ""source_file"": ""2022-03-18_clarksons-platou-hellas-snp-weekly-bulletin-13_report-18-03-2022_61857c23cc73.pdf"", ""raw_built"": ""2004 UNIVERSAL"", ""raw_details"": ""MAN-B&W 6S70MC6.1 BWTS fitted MAN-B&W 6S50MC-C"", ""printed_date"": ""18/03/2022""}"
2022-03-18,2022-03-18,Bulker Sales,1,ORIENT RISE,Supramax,"56,700",2010,QINGSHAN,RGN USD 17 M,GREEKS,SS 04/25 DD 04/23,MAN-B&W 6S50MC-C 4 x 30 T BWTS fitted MAN-B&W 5S50ME-B9.2,"{""stem"": ""2022-03-18_clarksons-platou-hellas-snp-weekly-bulletin-13_report-18-03-2022_61857c23cc73"", ""source_file"": ""2022-03-18_clarksons-platou-hellas-snp-weekly-bulletin-13_report-18-03-2022_61857c23cc73.pdf"", ""raw_built"": ""2010 QINGSHAN"", ""raw_details"": ""MAN-B&W 6S50MC-C 4 x 30 T BWTS fitted MAN-B&W 5S50ME-B9.2"", ""printed_date"": ""18/03/2022""}"
2022-03-18,2022-03-18,Bulker Sales,1,VENTURE TEAM,Handysize,"38,904",2015,JNS,USD 24.8 M,ITALIANS,SS 11/25 DD 11/23,MAN-B&W 5S50ME-B9.2 4 x 30 T BWTS fitted MAN-B&W 5S50ME-B9,"{""stem"": ""2022-03-18_clarksons-platou-hellas-snp-weekly-bulletin-13_report-18-03-2022_61857c23cc73"", ""source_file"": ""2022-03-18_clarksons-platou-hellas-snp-weekly-bulletin-13_report-18-03-2022_61857c23cc73.pdf"", ""raw_built"": ""2015 JNS"", ""raw_details"": ""MAN-B&W 5S50ME-B9.2 4 x 30 T BWTS fitted MAN-B&W 5S50ME-B9"", ""printed_date"": ""18/03/2022""}"
2022-03-18,2022-03-18,Bulker Sales,1,INTERLINK FIDELITY,Handysize,"38,792",2015,TAIZHOU KOUAN,USD 25.25 M,EUROPEANS,SS 05/25 DD 03/23,MAN-B&W 5S50ME-B9 4 x 30 T BWTS fitted MAN-B&W 6S42MC,"{""stem"": ""2022-03-18_clarksons-platou-hellas-snp-weekly-bulletin-13_report-18-03-2022_61857c23cc73"", ""source_file"": ""2022-03-18_clarksons-platou-hellas-snp-weekly-bulletin-13_report-18-03-2022_61857c23cc73.pdf"", ""raw_built"": ""2015 TAIZHOU KOUAN"", ""raw_details"": ""MAN-B&W 5S50ME-B9 4 x 30 T BWTS fitted MAN-B&W 6S42MC"", ""printed_date"": ""18/03/2022""}"
2022-03-18,2022-03-18,Bulker Sales,1,CAPE FLATTERY,Handysize,"28,433",2004,IMABARI,USD 9.75 M,U/D,SS 05/24 DD 11/22,MAN-B&W 6S42MC 4 x 30 T BWTS fitted,"{""stem"": ""2022-03-18_clarksons-platou-hellas-snp-weekly-bulletin-13_report-18-03-2022_61857c23cc73"", ""source_file"": ""2022-03-18_clarksons-platou-hellas-snp-weekly-bulletin-13_report-18-03-2022_61857c23cc73.pdf"", ""raw_built"": ""2004 IMABARI"", ""raw_details"": ""MAN-B&W 6S42MC 4 x 30 T BWTS fitted"", ""printed_date"": ""18/03/2022""}"
2022-03-18,2022-03-18,Tanker Sales,1,HIGH PRIORITY,MR,"46,547",2005,NAIKAI,XS USD 9 M,U/D,SS 03/25 DD 04/23,"MAN-B&W 6S50MC-C 4 Pumps, BWTS fitted","{""stem"": ""2022-03-18_clarksons-platou-hellas-snp-weekly-bulletin-13_report-18-03-2022_61857c23cc73"", ""source_file"": ""2022-03-18_clarksons-platou-hellas-snp-weekly-bulletin-13_report-18-03-2022_61857c23cc73.pdf"", ""raw_built"": ""2005 NAIKAI"", ""raw_details"": ""MAN-B&W 6S50MC-C 4 Pumps, BWTS fitted"", ""printed_date"": ""18/03/2022""}"
2022-03-18,2022-03-18,Tanker Sales,1,NORD SWAN,Handysize,"38,431",2009,GSI,HIGH USD 10 M,GREEKS,SS 07/24 DD 07/24,MAN-B&W 6S50MC-C IMO III,"{""stem"": ""2022-03-18_clarksons-platou-hellas-snp-weekly-bulletin-13_report-18-03-2022_61857c23cc73"", ""source_file"": ""2022-03-18_clarksons-platou-hellas-snp-weekly-bulletin-13_report-18-03-2022_61857c23cc73.pdf"", ""raw_built"": ""2009 GSI"", ""raw_details"": ""MAN-B&W 6S50MC-C IMO III"", ""printed_date"": ""18/03/2022""}"
2022-03-25,2022-03-25,Bulker Sales,1,DAYANG CENTURY,Supramax,"56,780",2012,CSC JIANGDONG,USD 17.88 M (online auction),CHINESE,SS 04/26 DD 05/24,"MAN-B&W 6S50MC-C8.2 CR 4 x 30, BWTS fitted","{""stem"": ""2022-03-25_clarkson-platou-hellas-sp-weekly-bulletin-132_report-25-03-2022_da5da0e81d51"", ""source_file"": ""2022-03-25_clarkson-platou-hellas-sp-weekly-bulletin-132_report-25-03-2022_da5da0e81d51.pdf"", ""raw_built"": ""2012 CSC JIANGDONG"", ""raw_details"": ""MAN-B&W 6S50MC-C8.2 CR 4 x 30, BWTS fitted"", ""printed_date"": ""25/03/2022""}"
2022-03-25,2022-03-25,Bulker Sales,1,SEACON SINGAPORE,Supramax,"56,450",2013,TAIZHOU SANFU,USD 19.6 M (online auction),CHINESE,SS 01/23 DD 01/23,MAN-B&W 6S50MC-C8.2 CR 4 x 30,"{""stem"": ""2022-03-25_clarkson-platou-hellas-sp-weekly-bulletin-132_report-25-03-2022_da5da0e81d51"", ""source_file"": ""2022-03-25_clarkson-platou-hellas-sp-weekly-bulletin-132_report-25-03-2022_da5da0e81d51.pdf"", ""raw_built"": ""2013 TAIZHOU SANFU"", ""raw_details"": ""MAN-B&W 6S50MC-C8.2 CR 4 x 30"", ""printed_date"": ""25/03/2022""}"
2022-03-25,2022-03-25,Bulker Sales,1,SHANGRILA,Supramax,"52,342",2001,TSUNEISHI,HIGH USD 12 M,U/D,SS 09/26 DD 10/24,"MAN-B&W 6S50MC6.1 CR 4 x 30, BWTS fitted","{""stem"": ""2022-03-25_clarkson-platou-hellas-sp-weekly-bulletin-132_report-25-03-2022_da5da0e81d51"", ""source_file"": ""2022-03-25_clarkson-platou-hellas-sp-weekly-bulletin-132_report-25-03-2022_da5da0e81d51.pdf"", ""raw_built"": ""2001 TSUNEISHI"", ""raw_details"": ""MAN-B&W 6S50MC6.1 CR 4 x 30, BWTS fitted"", ""printed_date"": ""25/03/2022""}"
2022-03-25,2022-03-25,Bulker Sales,1,LUCKY SEA,Supramax,"52,246",2005,SINOPACIFIC DAYANG,RGN USD 12 M,CHINESE,SS 01/25 DD 02/23,MAN-B&W 6S50MC6.1 CR 4 x 30,"{""stem"": ""2022-03-25_clarkson-platou-hellas-sp-weekly-bulletin-132_report-25-03-2022_da5da0e81d51"", ""source_file"": ""2022-03-25_clarkson-platou-hellas-sp-weekly-bulletin-132_report-25-03-2022_da5da0e81d51.pdf"", ""raw_built"": ""2005 SINOPACIFIC DAYANG"", ""raw_details"": ""MAN-B&W 6S50MC6.1 CR 4 x 30"", ""printed_date"": ""25/03/2022""}"
2022-03-25,2022-03-25,Bulker Sales,1,OCEAN IBIS,Handysize,"38,486",2013,MINAMINIPPON,RGN USD 24.5 M (BBHP),U/D,SS 08/26 DD 11/23,MAN-B&W 6S50MC-C8.2 CR 4 x 30,"{""stem"": ""2022-03-25_clarkson-platou-hellas-sp-weekly-bulletin-132_report-25-03-2022_da5da0e81d51"", ""source_file"": ""2022-03-25_clarkson-platou-hellas-sp-weekly-bulletin-132_report-25-03-2022_da5da0e81d51.pdf"", ""raw_built"": ""2013 MINAMINIPPON"", ""raw_details"": ""MAN-B&W 6S50MC-C8.2 CR 4 x 30"", ""printed_date"": ""25/03/2022""}"
2022-03-25,2022-03-25,Tanker Sales,1,ENEOS TOKYO,VLCC,"300,976",2004,IHI,RGN USD 30 M,CHINESE,SS 07/24 DD 07/22,SULZER 7RTA84T MAN-B&W 7S60MC-C7.1,"{""stem"": ""2022-03-25_clarkson-platou-hellas-sp-weekly-bulletin-132_report-25-03-2022_da5da0e81d51"", ""source_file"": ""2022-03-25_clarkson-platou-hellas-sp-weekly-bulletin-132_report-25-03-2022_da5da0e81d51.pdf"", ""raw_built"": ""2004 IHI"", ""raw_details"": ""SULZER 7RTA84T MAN-B&W 7S60MC-C7.1"", ""printed_date"": ""25/03/2022""}"
2022-03-25,2022-03-25,Tanker Sales,1,PROTEAS,Aframax,"117,055",2006,HHI,RGN 20.1 M,U/D,SS 05/26 DD 08/24,"MAN-B&W 7S60MC-C7.1 ICE 1A, 12 tanks epoxy BWTS fitted","{""stem"": ""2022-03-25_clarkson-platou-hellas-sp-weekly-bulletin-132_report-25-03-2022_da5da0e81d51"", ""source_file"": ""2022-03-25_clarkson-platou-hellas-sp-weekly-bulletin-132_report-25-03-2022_da5da0e81d51.pdf"", ""raw_built"": ""2006 HHI"", ""raw_details"": ""MAN-B&W 7S60MC-C7.1 ICE 1A, 12 tanks epoxy BWTS fitted"", ""printed_date"": ""25/03/2022""}"
2022-04-01,2022-04-01,Bulker Sales,1,BAOSTEEL EVOLUTION,Capesize,"206,331",2007,IMABARI,USD 21.8 M,CHINESE,SS 07/22 DD 07/22,MAN-B&W 6S70MC-C,"{""stem"": ""2022-04-01_clarkson-platou-hellas-sp-weekly-bulletin-133_report-01-04-2022_daa56db7c6e0"", ""source_file"": ""2022-04-01_clarkson-platou-hellas-sp-weekly-bulletin-133_report-01-04-2022_daa56db7c6e0.pdf"", ""raw_built"": ""2007 IMABARI"", ""raw_details"": ""MAN-B&W 6S70MC-C"", ""printed_date"": ""01/04/2022""}"
2022-04-01,2022-04-01,Bulker Sales,1,XIN YUAN,Kamsarmax,"91,439",2002,OSHIMA,USD 14.9 M,CHINESE,SS 07/25 DD 07/23,MITSUBISHI 6UEC60LSII,"{""stem"": ""2022-04-01_clarkson-platou-hellas-sp-weekly-bulletin-133_report-01-04-2022_daa56db7c6e0"", ""source_file"": ""2022-04-01_clarkson-platou-hellas-sp-weekly-bulletin-133_report-01-04-2022_daa56db7c6e0.pdf"", ""raw_built"": ""2002 OSHIMA"", ""raw_details"": ""MITSUBISHI 6UEC60LSII"", ""printed_date"": ""01/04/2022""}"
2022-04-01,2022-04-01,Bulker Sales,1,AZUR,Kamsarmax,"82,282",2007,OSHIMA,USD 20.5 M,TURKISH,SS 11/22 DD 11/22,MAN-B&W 5S60MC-C MAN-B&W 6S50MC-C,"{""stem"": ""2022-04-01_clarkson-platou-hellas-sp-weekly-bulletin-133_report-01-04-2022_daa56db7c6e0"", ""source_file"": ""2022-04-01_clarkson-platou-hellas-sp-weekly-bulletin-133_report-01-04-2022_daa56db7c6e0.pdf"", ""raw_built"": ""2007 OSHIMA"", ""raw_details"": ""MAN-B&W 5S60MC-C MAN-B&W 6S50MC-C"", ""printed_date"": ""01/04/2022""}"
2022-04-01,2022-04-01,Bulker Sales,1,ORIENT LUCKY,Supramax,"57,124",2010,BOHAI,HIGH USD 17 M,GREEKS,SS 07/25 DD 06/23,MAN-B&W 6S50MC-C 4 x 30 T BWTS fitted MAN-B&W 6S50MC-C,"{""stem"": ""2022-04-01_clarkson-platou-hellas-sp-weekly-bulletin-133_report-01-04-2022_daa56db7c6e0"", ""source_file"": ""2022-04-01_clarkson-platou-hellas-sp-weekly-bulletin-133_report-01-04-2022_daa56db7c6e0.pdf"", ""raw_built"": ""2010 BOHAI"", ""raw_details"": ""MAN-B&W 6S50MC-C 4 x 30 T BWTS fitted MAN-B&W 6S50MC-C"", ""printed_date"": ""01/04/2022""}"
2022-04-01,2022-04-01,Bulker Sales,1,AMOY ACTION,Supramax,"56,954",2010,XIAMEN,XS USD 18 M,GREEKS,SS 11/25 DD 11/23,MAN-B&W 6S50MC-C 4 x 30 T BWTS fitted MAN-B&W 6S50MC-C,"{""stem"": ""2022-04-01_clarkson-platou-hellas-sp-weekly-bulletin-133_report-01-04-2022_daa56db7c6e0"", ""source_file"": ""2022-04-01_clarkson-platou-hellas-sp-weekly-bulletin-133_report-01-04-2022_daa56db7c6e0.pdf"", ""raw_built"": ""2010 XIAMEN"", ""raw_details"": ""MAN-B&W 6S50MC-C 4 x 30 T BWTS fitted MAN-B&W 6S50MC-C"", ""printed_date"": ""01/04/2022""}"
2022-04-01,2022-04-01,Bulker Sales,1,VEGA ROSE,Supramax,"55,711",2007,KAWASAKI,LOW USD 18 M,U/D,SS 10/24 DD 09/22,MAN-B&W 6S50MC-C 4 x 30 T BWTS fitted MITSUBISHI 6UEC52LA,"{""stem"": ""2022-04-01_clarkson-platou-hellas-sp-weekly-bulletin-133_report-01-04-2022_daa56db7c6e0"", ""source_file"": ""2022-04-01_clarkson-platou-hellas-sp-weekly-bulletin-133_report-01-04-2022_daa56db7c6e0.pdf"", ""raw_built"": ""2007 KAWASAKI"", ""raw_details"": ""MAN-B&W 6S50MC-C 4 x 30 T BWTS fitted MITSUBISHI 6UEC52LA"", ""printed_date"": ""01/04/2022""}"
2022-04-01,2022-04-01,Bulker Sales,1,ECO DYNAMIC,Handysize,"32,354",2005,KANDA,RGN USD 14 M,TURKISH,SS 11/25 DD 11/23,"MITSUBISHI 6UEC52LA 4 x 30 T OHBH, BWTS fitted","{""stem"": ""2022-04-01_clarkson-platou-hellas-sp-weekly-bulletin-133_report-01-04-2022_daa56db7c6e0"", ""source_file"": ""2022-04-01_clarkson-platou-hellas-sp-weekly-bulletin-133_report-01-04-2022_daa56db7c6e0.pdf"", ""raw_built"": ""2005 KANDA"", ""raw_details"": ""MITSUBISHI 6UEC52LA 4 x 30 T OHBH, BWTS fitted"", ""printed_date"": ""01/04/2022""}"
2022-04-01,2022-04-01,Tanker Sales,1,EASTERN JUNIPER,VLCC,"305,749",2007,DAEWOO,USD 36.5 M,M. EASTERN,SS 06/22 DD 06/22,MAN-B&W 7S80MC,"{""stem"": ""2022-04-01_clarkson-platou-hellas-sp-weekly-bulletin-133_report-01-04-2022_daa56db7c6e0"", ""source_file"": ""2022-04-01_clarkson-platou-hellas-sp-weekly-bulletin-133_report-01-04-2022_daa56db7c6e0.pdf"", ""raw_built"": ""2007 DAEWOO"", ""raw_details"": ""MAN-B&W 7S80MC"", ""printed_date"": ""01/04/2022""}"
2022-04-01,2022-04-01,Tanker Sales,1,STI SAVILE ROW,Aframax,"109,999",2015,SUNGDONG,USD 86 M,U/D,SS 06/25 DD 04/23,MAN-B&W 6G60ME-C9.2 Epoxy,"{""stem"": ""2022-04-01_clarkson-platou-hellas-sp-weekly-bulletin-133_report-01-04-2022_daa56db7c6e0"", ""source_file"": ""2022-04-01_clarkson-platou-hellas-sp-weekly-bulletin-133_report-01-04-2022_daa56db7c6e0.pdf"", ""raw_built"": ""2015 SUNGDONG"", ""raw_details"": ""MAN-B&W 6G60ME-C9.2 Epoxy"", ""printed_date"": ""01/04/2022""}"
2022-04-01,2022-04-01,Tanker Sales,1,STI BENICIA,MR,"49,990",2014,SPP,USD 26.5 M,U/D,SS 09/24 DD 10/22,MAN-B&W 6S50ME-B9.2 IMO II Scrubber & BWTS fitted MAN-B&W 6S50MC-C,"{""stem"": ""2022-04-01_clarkson-platou-hellas-sp-weekly-bulletin-133_report-01-04-2022_daa56db7c6e0"", ""source_file"": ""2022-04-01_clarkson-platou-hellas-sp-weekly-bulletin-133_report-01-04-2022_daa56db7c6e0.pdf"", ""raw_built"": ""2014 SPP"", ""raw_details"": ""MAN-B&W 6S50ME-B9.2 IMO II Scrubber & BWTS fitted MAN-B&W 6S50MC-C"", ""printed_date"": ""01/04/2022""}"
2022-04-01,2022-04-01,Tanker Sales,1,CHALLENGE PEGASUS,MR,"47,786",2007,STX,HIGH USD 12 M,GREEKS,SS 08/25 DD 09/23,MAN-B&W 6S50MC-C IMO III BWTS fitted,"{""stem"": ""2022-04-01_clarkson-platou-hellas-sp-weekly-bulletin-133_report-01-04-2022_daa56db7c6e0"", ""source_file"": ""2022-04-01_clarkson-platou-hellas-sp-weekly-bulletin-133_report-01-04-2022_daa56db7c6e0.pdf"", ""raw_built"": ""2007 STX"", ""raw_details"": ""MAN-B&W 6S50MC-C IMO III BWTS fitted"", ""printed_date"": ""01/04/2022""}"
2022-04-08,2022-04-08,Bulker Sales,1,RED SAGE,Capesize,"182,443",2015,JMU,USD 47.5 M,EUROPEANS,SS 01/25 DD 04/23,MAN-B&W 7S65ME-C8.2 BWTS fitted,"{""stem"": ""2022-04-08_clarkson-platou-hellas-sp-weekly-bulletin-134_report-08-04-2022_bf705fe0437c"", ""source_file"": ""2022-04-08_clarkson-platou-hellas-sp-weekly-bulletin-134_report-08-04-2022_bf705fe0437c.pdf"", ""raw_built"": ""2015 JMU"", ""raw_details"": ""MAN-B&W 7S65ME-C8.2 BWTS fitted"", ""printed_date"": ""08/04/2022""}"
2022-04-08,2022-04-08,Bulker Sales,1,MARAN PROGRESS,Kamsarmax,"114,047",2014,SHANGHAI,,,SS 01/24 DD 01/24,,"{""stem"": ""2022-04-08_clarkson-platou-hellas-sp-weekly-bulletin-134_report-08-04-2022_bf705fe0437c"", ""source_file"": ""2022-04-08_clarkson-platou-hellas-sp-weekly-bulletin-134_report-08-04-2022_bf705fe0437c.pdf"", ""raw_built"": ""2014 SHANGHAI"", ""raw_details"": """", ""printed_date"": ""08/04/2022""}"
2022-04-08,2022-04-08,Bulker Sales,1,MARAN WISDOM,Kamsarmax,"114,046",,,,,SS 05/24 DD 05/24,,"{""stem"": ""2022-04-08_clarkson-platou-hellas-sp-weekly-bulletin-134_report-08-04-2022_bf705fe0437c"", ""source_file"": ""2022-04-08_clarkson-platou-hellas-sp-weekly-bulletin-134_report-08-04-2022_bf705fe0437c.pdf"", ""raw_built"": """", ""raw_details"": """", ""printed_date"": ""08/04/2022""}"
2022-04-08,2022-04-08,Bulker Sales,1,MARAN ZENITH,Kamsarmax,"114,038",2013,SHANGHAI,,,SS 04/23 DD 04/23,,"{""stem"": ""2022-04-08_clarkson-platou-hellas-sp-weekly-bulletin-134_report-08-04-2022_bf705fe0437c"", ""source_file"": ""2022-04-08_clarkson-platou-hellas-sp-weekly-bulletin-134_report-08-04-2022_bf705fe0437c.pdf"", ""raw_built"": ""2013 SHANGHAI"", ""raw_details"": """", ""printed_date"": ""08/04/2022""}"
2022-04-08,2022-04-08,Bulker Sales,1,MARAN ASPIRATION,Kamsarmax,"114,013",2012,SHANGHAI,USD 200 M EN BLOC,CHINESE,SS 10/24 DD 10/22,MAN-B&W 7S60MC-C7.2 BWTS & Scrubber fitted,"{""stem"": ""2022-04-08_clarkson-platou-hellas-sp-weekly-bulletin-134_report-08-04-2022_bf705fe0437c"", ""source_file"": ""2022-04-08_clarkson-platou-hellas-sp-weekly-bulletin-134_report-08-04-2022_bf705fe0437c.pdf"", ""raw_built"": ""2012 SHANGHAI"", ""raw_details"": ""MAN-B&W 7S60MC-C7.2 BWTS & Scrubber fitted"", ""printed_date"": ""08/04/2022""}"
2022-04-08,2022-04-08,Bulker Sales,1,MARAN DAWN,Kamsarmax,"114,091",,,EN BLOC,,SS 10/25 DD 02/23,BWTS & Scrubber fitted,"{""stem"": ""2022-04-08_clarkson-platou-hellas-sp-weekly-bulletin-134_report-08-04-2022_bf705fe0437c"", ""source_file"": ""2022-04-08_clarkson-platou-hellas-sp-weekly-bulletin-134_report-08-04-2022_bf705fe0437c.pdf"", ""raw_built"": """", ""raw_details"": ""BWTS & Scrubber fitted"", ""printed_date"": ""08/04/2022""}"
2022-04-08,2022-04-08,Bulker Sales,1,MARAN OCEAN,Kamsarmax,"114,007",2011,SHANGHAI,,,SS 08/24 DD 08/24,,"{""stem"": ""2022-04-08_clarkson-platou-hellas-sp-weekly-bulletin-134_report-08-04-2022_bf705fe0437c"", ""source_file"": ""2022-04-08_clarkson-platou-hellas-sp-weekly-bulletin-134_report-08-04-2022_bf705fe0437c.pdf"", ""raw_built"": ""2011 SHANGHAI"", ""raw_details"": """", ""printed_date"": ""08/04/2022""}"
2022-04-08,2022-04-08,Bulker Sales,1,MARAN SKY,Kamsarmax,"114,078",,,,,SS 07/25 DD 11/22,,"{""stem"": ""2022-04-08_clarkson-platou-hellas-sp-weekly-bulletin-134_report-08-04-2022_bf705fe0437c"", ""source_file"": ""2022-04-08_clarkson-platou-hellas-sp-weekly-bulletin-134_report-08-04-2022_bf705fe0437c.pdf"", ""raw_built"": """", ""raw_details"": """", ""printed_date"": ""08/04/2022""}"
2022-04-08,2022-04-08,Bulker Sales,1,MARAN SUN,Kamsarmax,"114,078",,,,,SS 08/25 DD 10/22,,"{""stem"": ""2022-04-08_clarkson-platou-hellas-sp-weekly-bulletin-134_report-08-04-2022_bf705fe0437c"", ""source_file"": ""2022-04-08_clarkson-platou-hellas-sp-weekly-bulletin-134_report-08-04-2022_bf705fe0437c.pdf"", ""raw_built"": """", ""raw_details"": """", ""printed_date"": ""08/04/2022""}"
2022-04-08,2022-04-08,Bulker Sales,1,CMB PAUILLAC,Kamsarmax,"95,707",2012,IMABARI,USD 25 M,F. EASTERNS,SS 08/22 DD 08/22,MAN-B&W 6S60MC-C,"{""stem"": ""2022-04-08_clarkson-platou-hellas-sp-weekly-bulletin-134_report-08-04-2022_bf705fe0437c"", ""source_file"": ""2022-04-08_clarkson-platou-hellas-sp-weekly-bulletin-134_report-08-04-2022_bf705fe0437c.pdf"", ""raw_built"": ""2012 IMABARI"", ""raw_details"": ""MAN-B&W 6S60MC-C"", ""printed_date"": ""08/04/2022""}"
2022-04-08,2022-04-08,Bulker Sales,1,YANGTZE XING HUA,Kamsarmax,"81,677",2012,GUANGZHOU LONGXUE,RGN USD 22 M,CHINESE,SS 05/22 DD 05/22,"MAN-B&W 5S60MC-C8 Tier II, BWTS fitted","{""stem"": ""2022-04-08_clarkson-platou-hellas-sp-weekly-bulletin-134_report-08-04-2022_bf705fe0437c"", ""source_file"": ""2022-04-08_clarkson-platou-hellas-sp-weekly-bulletin-134_report-08-04-2022_bf705fe0437c.pdf"", ""raw_built"": ""2012 GUANGZHOU LONGXUE"", ""raw_details"": ""MAN-B&W 5S60MC-C8 Tier II, BWTS fitted"", ""printed_date"": ""08/04/2022""}"
2022-04-08,2022-04-08,Bulker Sales,1,CORAL CRYSTAL,Panamax,"78,103",2012,SHIN KURUSHIMA,RGN USD 25 M,U/D,SS 06/25 DD 07/23,MAN-B&W 6S60MC-C BWTS fitted MAN-B&W 6S50ME-B9.5,"{""stem"": ""2022-04-08_clarkson-platou-hellas-sp-weekly-bulletin-134_report-08-04-2022_bf705fe0437c"", ""source_file"": ""2022-04-08_clarkson-platou-hellas-sp-weekly-bulletin-134_report-08-04-2022_bf705fe0437c.pdf"", ""raw_built"": ""2012 SHIN KURUSHIMA"", ""raw_details"": ""MAN-B&W 6S60MC-C BWTS fitted MAN-B&W 6S50ME-B9.5"", ""printed_date"": ""08/04/2022""}"
2022-04-08,2022-04-08,Bulker Sales,1,ULTRA INITIATOR,Ultramax,"62,647",2019,OSHIMA,RGN USD 37 M,CHINESE,SS 06/24 DD 06/22,MAN-B&W 6S50ME-B9.5 4 x 30 T BWTS fitted,"{""stem"": ""2022-04-08_clarkson-platou-hellas-sp-weekly-bulletin-134_report-08-04-2022_bf705fe0437c"", ""source_file"": ""2022-04-08_clarkson-platou-hellas-sp-weekly-bulletin-134_report-08-04-2022_bf705fe0437c.pdf"", ""raw_built"": ""2019 OSHIMA"", ""raw_details"": ""MAN-B&W 6S50ME-B9.5 4 x 30 T BWTS fitted"", ""printed_date"": ""08/04/2022""}"
2022-04-08,2022-04-08,Bulker Sales,1,STRATEGIC ENCOUNTER,Handysize,"33,000",2010,ZHEJIANG ZHENGHE,USD 14 M,U/D,SS 08/25 DD 08/23,MAN-B&W 5S50MC-C 4 x 30 T,"{""stem"": ""2022-04-08_clarkson-platou-hellas-sp-weekly-bulletin-134_report-08-04-2022_bf705fe0437c"", ""source_file"": ""2022-04-08_clarkson-platou-hellas-sp-weekly-bulletin-134_report-08-04-2022_bf705fe0437c.pdf"", ""raw_built"": ""2010 ZHEJIANG ZHENGHE"", ""raw_details"": ""MAN-B&W 5S50MC-C 4 x 30 T"", ""printed_date"": ""08/04/2022""}"
2022-04-08,2022-04-08,Tanker Sales,1,SKS SKEENA,Suezmax,"158,993",2006,HYUNDAI SAMHO,USD 23.5 M,U/D,SS 08/26 DD 08/24,MAN-B&W 6S70MC-C BWTS fitted MAN-B&W 6G60ME-C10.5,"{""stem"": ""2022-04-08_clarkson-platou-hellas-sp-weekly-bulletin-134_report-08-04-2022_bf705fe0437c"", ""source_file"": ""2022-04-08_clarkson-platou-hellas-sp-weekly-bulletin-134_report-08-04-2022_bf705fe0437c.pdf"", ""raw_built"": ""2006 HYUNDAI SAMHO"", ""raw_details"": ""MAN-B&W 6S70MC-C BWTS fitted MAN-B&W 6G60ME-C10.5"", ""printed_date"": ""08/04/2022""}"
2022-04-08,2022-04-08,Tanker Sales,1,PHILADELPHIA STAR,Aframax,"115,519",2022,DAEHAN,RGN USD 61 M,LIBYANS (c/o GNMTC),SS 03/27 DD 05/25,"MAN-B&W 6G60ME-C10.5 Scrubber, BWTS flited LNG Ready","{""stem"": ""2022-04-08_clarkson-platou-hellas-sp-weekly-bulletin-134_report-08-04-2022_bf705fe0437c"", ""source_file"": ""2022-04-08_clarkson-platou-hellas-sp-weekly-bulletin-134_report-08-04-2022_bf705fe0437c.pdf"", ""raw_built"": ""2022 DAEHAN"", ""raw_details"": ""MAN-B&W 6G60ME-C10.5 Scrubber, BWTS flited LNG Ready"", ""printed_date"": ""08/04/2022""}"
2022-04-08,2022-04-08,Tanker Sales,1,ARDOMORE SEALEADER,MR,"47,463",,,USD 40 M,GERMANS,SS 08/23 DD 08/23,MAN-B&W 6S50MC 4 Pumps,"{""stem"": ""2022-04-08_clarkson-platou-hellas-sp-weekly-bulletin-134_report-08-04-2022_bf705fe0437c"", ""source_file"": ""2022-04-08_clarkson-platou-hellas-sp-weekly-bulletin-134_report-08-04-2022_bf705fe0437c.pdf"", ""raw_built"": """", ""raw_details"": ""MAN-B&W 6S50MC 4 Pumps"", ""printed_date"": ""08/04/2022""}"
2022-04-08,2022-04-08,Tanker Sales,1,ARDMORE SEALIFTER,MR,"47,463",2008,ONOMICHI,USD 40 M EN BLOC (basis min 2-y TC back),GERMANS (c/o Leonhardt & Blumberg),SS 07/23 DD 07/23,4 Pumps,"{""stem"": ""2022-04-08_clarkson-platou-hellas-sp-weekly-bulletin-134_report-08-04-2022_bf705fe0437c"", ""source_file"": ""2022-04-08_clarkson-platou-hellas-sp-weekly-bulletin-134_report-08-04-2022_bf705fe0437c.pdf"", ""raw_built"": ""2008 ONOMICHI"", ""raw_details"": ""4 Pumps"", ""printed_date"": ""08/04/2022""}"
2022-04-15,2022-04-15,Bulker Sales,1,NAVIGARE BACCA,Ultramax,"61,213",2016,IMABARI,USD 32.5 M,FAR EASTERNS,SS 04/26 DD 04/24,MAN-B&W 6S50ME-C8.2 4 x 30 T BWTS fitted WARTSILA 6RT-FLEX50,"{""stem"": ""2022-04-15_clarksons-platou-hellas-snp-weekly-bulletin-14_report-15-04-2022_72ae8847975f"", ""source_file"": ""2022-04-15_clarksons-platou-hellas-snp-weekly-bulletin-14_report-15-04-2022_72ae8847975f.pdf"", ""raw_built"": ""2016 IMABARI"", ""raw_details"": ""MAN-B&W 6S50ME-C8.2 4 x 30 T BWTS fitted WARTSILA 6RT-FLEX50"", ""printed_date"": ""15/04/2022""}"
2022-04-15,2022-04-15,Bulker Sales,1,GDF SUEZ NORTH SEA,Supramax,"55,848",2012,IHI,XS USD 22 M,U/D,SS 06/25 DD 06/23,WARTSILA 6RT-FLEX50 4 x 30 T BWTS fitted MAN-B&W 6S46MC-C,"{""stem"": ""2022-04-15_clarksons-platou-hellas-snp-weekly-bulletin-14_report-15-04-2022_72ae8847975f"", ""source_file"": ""2022-04-15_clarksons-platou-hellas-snp-weekly-bulletin-14_report-15-04-2022_72ae8847975f.pdf"", ""raw_built"": ""2012 IHI"", ""raw_details"": ""WARTSILA 6RT-FLEX50 4 x 30 T BWTS fitted MAN-B&W 6S46MC-C"", ""printed_date"": ""15/04/2022""}"
2022-04-15,2022-04-15,Bulker Sales,1,OCEAN FALCON,Handysize,"37,152",2011,HMD,USD 17.9 M,GREEKS,SS 05/26 DD 05/24,MAN-B&W 6S46MC-C 4 x 30 T BWTS fitted,"{""stem"": ""2022-04-15_clarksons-platou-hellas-snp-weekly-bulletin-14_report-15-04-2022_72ae8847975f"", ""source_file"": ""2022-04-15_clarksons-platou-hellas-snp-weekly-bulletin-14_report-15-04-2022_72ae8847975f.pdf"", ""raw_built"": ""2011 HMD"", ""raw_details"": ""MAN-B&W 6S46MC-C 4 x 30 T BWTS fitted"", ""printed_date"": ""15/04/2022""}"
2022-04-15,2022-04-15,Tanker Sales,1,CHELSEA,VLCC,"299,995",2020,DAEWOO,USD 181 M EN BLOC,BELGIANS (c/o Euronav),SS 01/25 DD 01/23,MAN-B&W 7G80ME-C9.5 Scrubber & BWTS fitted,"{""stem"": ""2022-04-15_clarksons-platou-hellas-snp-weekly-bulletin-14_report-15-04-2022_72ae8847975f"", ""source_file"": ""2022-04-15_clarksons-platou-hellas-snp-weekly-bulletin-14_report-15-04-2022_72ae8847975f.pdf"", ""raw_built"": ""2020 DAEWOO"", ""raw_details"": ""MAN-B&W 7G80ME-C9.5 Scrubber & BWTS fitted"", ""printed_date"": ""15/04/2022""}"
2022-04-15,2022-04-15,Tanker Sales,1,GHILLIE,VLCC,"299,750",2019,DAEWOO,EN BLOC,(c/o Euronav),SS 11/24 DD 11/22,Scrubber & BWTS fitted,"{""stem"": ""2022-04-15_clarksons-platou-hellas-snp-weekly-bulletin-14_report-15-04-2022_72ae8847975f"", ""source_file"": ""2022-04-15_clarksons-platou-hellas-snp-weekly-bulletin-14_report-15-04-2022_72ae8847975f.pdf"", ""raw_built"": ""2019 DAEWOO"", ""raw_details"": ""Scrubber & BWTS fitted"", ""printed_date"": ""15/04/2022""}"
2022-04-15,2022-04-15,Tanker Sales,1,SUNLIGHT EXPRESS,MR,"45,931",2011,SHIN KURUSHIMA,RGN USD 17 M,GREEKS,SS 09/25 DD 09/23,"MAN-B&W 6S50MC-C8.2 Epoxy, 4 Pumps","{""stem"": ""2022-04-15_clarksons-platou-hellas-snp-weekly-bulletin-14_report-15-04-2022_72ae8847975f"", ""source_file"": ""2022-04-15_clarksons-platou-hellas-snp-weekly-bulletin-14_report-15-04-2022_72ae8847975f.pdf"", ""raw_built"": ""2011 SHIN KURUSHIMA"", ""raw_details"": ""MAN-B&W 6S50MC-C8.2 Epoxy, 4 Pumps"", ""printed_date"": ""15/04/2022""}"
2022-04-22,2022-04-22,Bulker Sales,1,CORAL TOPAZ,Panamax,"76,598",2007,SASEBO,USD 18.4 M,S. KOREANS,SS 03/25 DD 01/23,MAN-B&W 7S50MC-C BWTS fitted,"{""stem"": ""2022-04-22_clarksons-platou-hellas-snp-weekly-bulletin-15_report-23-04-2022_59c9d2476238"", ""source_file"": ""2022-04-22_clarksons-platou-hellas-snp-weekly-bulletin-15_report-23-04-2022_59c9d2476238.pdf"", ""raw_built"": ""2007 SASEBO"", ""raw_details"": ""MAN-B&W 7S50MC-C BWTS fitted"", ""printed_date"": ""22/04/2022""}"
2022-04-22,2022-04-22,Bulker Sales,1,ELIM PEACE,Supramax,"51,187",2003,NEW CENTURY,USD 12.5 M,CHINESE,SS 01/23 DD 01/23,MAN-B&W 6S50MC-C8.1 4 x 30 T SULZER 6RTA48T,"{""stem"": ""2022-04-22_clarksons-platou-hellas-snp-weekly-bulletin-15_report-23-04-2022_59c9d2476238"", ""source_file"": ""2022-04-22_clarksons-platou-hellas-snp-weekly-bulletin-15_report-23-04-2022_59c9d2476238.pdf"", ""raw_built"": ""2003 NEW CENTURY"", ""raw_details"": ""MAN-B&W 6S50MC-C8.1 4 x 30 T SULZER 6RTA48T"", ""printed_date"": ""22/04/2022""}"
2022-04-22,2022-04-22,Bulker Sales,1,CORONA,Supramax,"46,693",1999,SANOYAS,USD 10.2 M,U/D,SS 03/24 DD 06/22,SULZER 6RTA48T 4 x 30 T BWTS fitted WARTSILA 5RT-FLEX50-D,"{""stem"": ""2022-04-22_clarksons-platou-hellas-snp-weekly-bulletin-15_report-23-04-2022_59c9d2476238"", ""source_file"": ""2022-04-22_clarksons-platou-hellas-snp-weekly-bulletin-15_report-23-04-2022_59c9d2476238.pdf"", ""raw_built"": ""1999 SANOYAS"", ""raw_details"": ""SULZER 6RTA48T 4 x 30 T BWTS fitted WARTSILA 5RT-FLEX50-D"", ""printed_date"": ""22/04/2022""}"
2022-04-22,2022-04-22,Bulker Sales,1,DOLCE VITA,Handysize,"38,690",2015,CHENGXI,USD 25 M,U/D,SS 07/25 DD 04/23,WARTSILA 5RT-FLEX50-D 4 x 30 T BWTS fitted,"{""stem"": ""2022-04-22_clarksons-platou-hellas-snp-weekly-bulletin-15_report-23-04-2022_59c9d2476238"", ""source_file"": ""2022-04-22_clarksons-platou-hellas-snp-weekly-bulletin-15_report-23-04-2022_59c9d2476238.pdf"", ""raw_built"": ""2015 CHENGXI"", ""raw_details"": ""WARTSILA 5RT-FLEX50-D 4 x 30 T BWTS fitted"", ""printed_date"": ""22/04/2022""}"
2022-04-22,2022-04-22,Tanker Sales,1,LARGO SEA,MR,"49,990",2016,SPP,RGN USD 30 M,U/D,09/26 09/24,MAN-B&W 6S50ME-B9.2 SS IMO II/III DD,"{""stem"": ""2022-04-22_clarksons-platou-hellas-snp-weekly-bulletin-15_report-23-04-2022_59c9d2476238"", ""source_file"": ""2022-04-22_clarksons-platou-hellas-snp-weekly-bulletin-15_report-23-04-2022_59c9d2476238.pdf"", ""raw_built"": ""2016 SPP"", ""raw_details"": ""MAN-B&W 6S50ME-B9.2 SS IMO II/III DD"", ""printed_date"": ""22/04/2022""}"
2022-04-22,2022-04-22,Tanker Sales,1,TORM GYDA,Handysize,"36,207",2009,HMD,USD 13.5 M,GREEKS,01/24 11/23,MAN-B&W 6S50MC-C SS ICE 1A DD,"{""stem"": ""2022-04-22_clarksons-platou-hellas-snp-weekly-bulletin-15_report-23-04-2022_59c9d2476238"", ""source_file"": ""2022-04-22_clarksons-platou-hellas-snp-weekly-bulletin-15_report-23-04-2022_59c9d2476238.pdf"", ""raw_built"": ""2009 HMD"", ""raw_details"": ""MAN-B&W 6S50MC-C SS ICE 1A DD"", ""printed_date"": ""22/04/2022""}"
2022-04-29,2022-04-29,Bulker Sales,1,AZUL LEGENDA,Capesize,"206,331",2008,IMABARI,MID USD 26 M,GERMANS,SS 09/25 DD 10/23,MAN-B&W 6S70MC-C BWTS fitted,"{""stem"": ""2022-04-29_clarksons-platou-hellas-snp-weekly-bulletin-16_report-29-04-2022_957b95e87877"", ""source_file"": ""2022-04-29_clarksons-platou-hellas-snp-weekly-bulletin-16_report-29-04-2022_957b95e87877.pdf"", ""raw_built"": ""2008 IMABARI"", ""raw_details"": ""MAN-B&W 6S70MC-C BWTS fitted"", ""printed_date"": ""29/04/2022""}"
2022-04-29,2022-04-29,Bulker Sales,1,GREAT ASPIRATION,Kamsarmax,"93,297",2010,CSC JINLING,HIGH USD 17 M,U/D,SS 01/25 DD 08/22,6S60MC MAN-B&W BWTS fitted,"{""stem"": ""2022-04-29_clarksons-platou-hellas-snp-weekly-bulletin-16_report-29-04-2022_957b95e87877"", ""source_file"": ""2022-04-29_clarksons-platou-hellas-snp-weekly-bulletin-16_report-29-04-2022_957b95e87877.pdf"", ""raw_built"": ""2010 CSC JINLING"", ""raw_details"": ""6S60MC MAN-B&W BWTS fitted"", ""printed_date"": ""29/04/2022""}"
2022-04-29,2022-04-29,Bulker Sales,1,GREAT CHEER,Kamsarmax,"93,297",2009,CSC JINLING,HIGH USD 16 M,U/D,SS 10/24 DD 12/22,MAN-B&W 6S60MC BWTS fitted,"{""stem"": ""2022-04-29_clarksons-platou-hellas-snp-weekly-bulletin-16_report-29-04-2022_957b95e87877"", ""source_file"": ""2022-04-29_clarksons-platou-hellas-snp-weekly-bulletin-16_report-29-04-2022_957b95e87877.pdf"", ""raw_built"": ""2009 CSC JINLING"", ""raw_details"": ""MAN-B&W 6S60MC BWTS fitted"", ""printed_date"": ""29/04/2022""}"
2022-04-29,2022-04-29,Bulker Sales,1,MSXT OCEANUS,Kamsarmax,"81,642",2012,DAEWOO,USD 22.32 M (Online auction),CHINESE,SS 07/22 DD 07/22,MAN-B&W 6S60MC-C8,"{""stem"": ""2022-04-29_clarksons-platou-hellas-snp-weekly-bulletin-16_report-29-04-2022_957b95e87877"", ""source_file"": ""2022-04-29_clarksons-platou-hellas-snp-weekly-bulletin-16_report-29-04-2022_957b95e87877.pdf"", ""raw_built"": ""2012 DAEWOO"", ""raw_details"": ""MAN-B&W 6S60MC-C8"", ""printed_date"": ""29/04/2022""}"
2022-04-29,2022-04-29,Bulker Sales,1,SITC ZHOUSHAN,Panamax,"76,195",2013,ZHEJIANG YANGFAN,USD 22 M each,U/D,SS 09/23 DD 09/23,MAN-B&W 5S60MC-C7.1 BWTS fitted,"{""stem"": ""2022-04-29_clarksons-platou-hellas-snp-weekly-bulletin-16_report-29-04-2022_957b95e87877"", ""source_file"": ""2022-04-29_clarksons-platou-hellas-snp-weekly-bulletin-16_report-29-04-2022_957b95e87877.pdf"", ""raw_built"": ""2013 ZHEJIANG YANGFAN"", ""raw_details"": ""MAN-B&W 5S60MC-C7.1 BWTS fitted"", ""printed_date"": ""29/04/2022""}"
2022-04-29,2022-04-29,Bulker Sales,1,SITC LUSHAN,Panamax,"76,132",,,,,SS 11/23 DD 11/23,BWTS fitted,"{""stem"": ""2022-04-29_clarksons-platou-hellas-snp-weekly-bulletin-16_report-29-04-2022_957b95e87877"", ""source_file"": ""2022-04-29_clarksons-platou-hellas-snp-weekly-bulletin-16_report-29-04-2022_957b95e87877.pdf"", ""raw_built"": """", ""raw_details"": ""BWTS fitted"", ""printed_date"": ""29/04/2022""}"
2022-04-29,2022-04-29,Bulker Sales,1,ASIAN CHAMPION,Supramax,"56,943",2012,COSCO ZHOUSHAN,LOW USD 19 M,U/D,SS 07/22 DD 07/22,MAN-B&W 6S50MC-C 4 X 36 T MAN-B&W 6S46MC-C7.2,"{""stem"": ""2022-04-29_clarksons-platou-hellas-snp-weekly-bulletin-16_report-29-04-2022_957b95e87877"", ""source_file"": ""2022-04-29_clarksons-platou-hellas-snp-weekly-bulletin-16_report-29-04-2022_957b95e87877.pdf"", ""raw_built"": ""2012 COSCO ZHOUSHAN"", ""raw_details"": ""MAN-B&W 6S50MC-C 4 X 36 T MAN-B&W 6S46MC-C7.2"", ""printed_date"": ""29/04/2022""}"
2022-04-29,2022-04-29,Bulker Sales,1,LEIA,Handysize,"38,271",2010,IMABARI,"USD 17.7 M (TC attached at 13,7k pd till July '23)",U/D,SS 09/24 DD 09/22,MAN-B&W 6S46MC-C7.2 4 X 30 T BWTS fitted MAN-B&W 6S46MC-C,"{""stem"": ""2022-04-29_clarksons-platou-hellas-snp-weekly-bulletin-16_report-29-04-2022_957b95e87877"", ""source_file"": ""2022-04-29_clarksons-platou-hellas-snp-weekly-bulletin-16_report-29-04-2022_957b95e87877.pdf"", ""raw_built"": ""2010 IMABARI"", ""raw_details"": ""MAN-B&W 6S46MC-C7.2 4 X 30 T BWTS fitted MAN-B&W 6S46MC-C"", ""printed_date"": ""29/04/2022""}"
2022-04-29,2022-04-29,Bulker Sales,1,PROMISE 3,Handysize,"32,311",2010,SAMHO,RGN USD 17 M,S. KOREAN,SS 10/25 DD 04/23,MAN-B&W 6S46MC-C 4 X 30 T BWTS fitted,"{""stem"": ""2022-04-29_clarksons-platou-hellas-snp-weekly-bulletin-16_report-29-04-2022_957b95e87877"", ""source_file"": ""2022-04-29_clarksons-platou-hellas-snp-weekly-bulletin-16_report-29-04-2022_957b95e87877.pdf"", ""raw_built"": ""2010 SAMHO"", ""raw_details"": ""MAN-B&W 6S46MC-C 4 X 30 T BWTS fitted"", ""printed_date"": ""29/04/2022""}"
2022-04-29,2022-04-29,Tanker Sales,1,WAFRAH,Aframax,"113,849",2007,DAEWOO,MID USD 17 M,GREEKS,SS 10/22 DD 10/22,MAN-B&W 7S60MC-C UNCOILED/ DPP (non-heated crude) MAN-B&W 6S50ME-B,"{""stem"": ""2022-04-29_clarksons-platou-hellas-snp-weekly-bulletin-16_report-29-04-2022_957b95e87877"", ""source_file"": ""2022-04-29_clarksons-platou-hellas-snp-weekly-bulletin-16_report-29-04-2022_957b95e87877.pdf"", ""raw_built"": ""2007 DAEWOO"", ""raw_details"": ""MAN-B&W 7S60MC-C UNCOILED/ DPP (non-heated crude) MAN-B&W 6S50ME-B"", ""printed_date"": ""29/04/2022""}"
2022-04-29,2022-04-29,Tanker Sales,1,ST. KATHARINEN,MR,"51,000",2013,SPP,USD 22.9 M,U/D,SS 10/23 DD 10/23,"MAN-B&W 6S50ME-B BWTS fitted IMO II/III, DPP","{""stem"": ""2022-04-29_clarksons-platou-hellas-snp-weekly-bulletin-16_report-29-04-2022_957b95e87877"", ""source_file"": ""2022-04-29_clarksons-platou-hellas-snp-weekly-bulletin-16_report-29-04-2022_957b95e87877.pdf"", ""raw_built"": ""2013 SPP"", ""raw_details"": ""MAN-B&W 6S50ME-B BWTS fitted IMO II/III, DPP"", ""printed_date"": ""29/04/2022""}"
2022-04-29,2022-04-29,Tanker Sales,1,MAERSK ARCTIC,Handysize,"36,993",2006,HMD,HIGH USD 10 M,U/D,SS 11/25 DD 01/24,"MAN-B&W 6S50MC IMO III, Ice 1A","{""stem"": ""2022-04-29_clarksons-platou-hellas-snp-weekly-bulletin-16_report-29-04-2022_957b95e87877"", ""source_file"": ""2022-04-29_clarksons-platou-hellas-snp-weekly-bulletin-16_report-29-04-2022_957b95e87877.pdf"", ""raw_built"": ""2006 HMD"", ""raw_details"": ""MAN-B&W 6S50MC IMO III, Ice 1A"", ""printed_date"": ""29/04/2022""}"
2022-05-06,2022-05-06,Bulker Sales,1,SIANA,Panamax,"73,127",1999,HHI,USD 9.2 M,GREEKS,SS 06/2024 DD 06/2022,MAN-B&W 5S60MC,"{""stem"": ""2022-05-06_clarksons-platou-hellas-snp-weekly-bulletin-17_report-06-05-2022_267c616612da"", ""source_file"": ""2022-05-06_clarksons-platou-hellas-snp-weekly-bulletin-17_report-06-05-2022_267c616612da.pdf"", ""raw_built"": ""1999 HHI"", ""raw_details"": ""MAN-B&W 5S60MC"", ""printed_date"": ""06/05/2022""}"
2022-05-06,2022-05-06,Bulker Sales,1,AMOY DREAM,Supramax,"56,874",2010,XIAMEN,MID USD 17 M,GREEKS,SS 07/2025 DD 05/2023,MAN-B&W 6S50MC-C 4 X 30 T Wartsila 5RT-flex50-B,"{""stem"": ""2022-05-06_clarksons-platou-hellas-snp-weekly-bulletin-17_report-06-05-2022_267c616612da"", ""source_file"": ""2022-05-06_clarksons-platou-hellas-snp-weekly-bulletin-17_report-06-05-2022_267c616612da.pdf"", ""raw_built"": ""2010 XIAMEN"", ""raw_details"": ""MAN-B&W 6S50MC-C 4 X 30 T Wartsila 5RT-flex50-B"", ""printed_date"": ""06/05/2022""}"
2022-05-06,2022-05-06,Bulker Sales,1,EREDINE,Handysize,"39,855",2014,CHENGXI,USD 24.5 M,CANADIANS,SS 05/2024 DD 05/2024,Wartsila 5RT-flex50-B 4 X 36 T LOGS - BWTS fitted Wartsila 5RT-flex50-B,"{""stem"": ""2022-05-06_clarksons-platou-hellas-snp-weekly-bulletin-17_report-06-05-2022_267c616612da"", ""source_file"": ""2022-05-06_clarksons-platou-hellas-snp-weekly-bulletin-17_report-06-05-2022_267c616612da.pdf"", ""raw_built"": ""2014 CHENGXI"", ""raw_details"": ""Wartsila 5RT-flex50-B 4 X 36 T LOGS - BWTS fitted Wartsila 5RT-flex50-B"", ""printed_date"": ""06/05/2022""}"
2022-05-06,2022-05-06,Bulker Sales,1,ERISKAY,Handysize,"39,810",2015,CHENGXI,U/D,EUROPEANS,SS 01/2025 DD 03/2023,Wartsila 5RT-flex50-B 4 X 36 T LOGS - BWTS fitted MAN-B&W 6S42MC7.2,"{""stem"": ""2022-05-06_clarksons-platou-hellas-snp-weekly-bulletin-17_report-06-05-2022_267c616612da"", ""source_file"": ""2022-05-06_clarksons-platou-hellas-snp-weekly-bulletin-17_report-06-05-2022_267c616612da.pdf"", ""raw_built"": ""2015 CHENGXI"", ""raw_details"": ""Wartsila 5RT-flex50-B 4 X 36 T LOGS - BWTS fitted MAN-B&W 6S42MC7.2"", ""printed_date"": ""06/05/2022""}"
2022-05-06,2022-05-06,Bulker Sales,1,IONIC HUNTRESS,Handysize,"34,062",2012,DAE SUN,USD 19.5 M,EUROPEANS,SS 06/2022 DD 06/2022,MAN-B&W 6S42MC7.2 4 X 30 T BWTS fitted MAN-B&W 6S42MC,"{""stem"": ""2022-05-06_clarksons-platou-hellas-snp-weekly-bulletin-17_report-06-05-2022_267c616612da"", ""source_file"": ""2022-05-06_clarksons-platou-hellas-snp-weekly-bulletin-17_report-06-05-2022_267c616612da.pdf"", ""raw_built"": ""2012 DAE SUN"", ""raw_details"": ""MAN-B&W 6S42MC7.2 4 X 30 T BWTS fitted MAN-B&W 6S42MC"", ""printed_date"": ""06/05/2022""}"
2022-05-06,2022-05-06,Bulker Sales,1,IRONGATE,Handysize,"28,136",2015,I-S,RGN USD 18 M,FAR EASTERNS,SS 04/2025 DD 06/2023,MAN-B&W 6S42MC 4 X 30 T BWTS fitted,"{""stem"": ""2022-05-06_clarksons-platou-hellas-snp-weekly-bulletin-17_report-06-05-2022_267c616612da"", ""source_file"": ""2022-05-06_clarksons-platou-hellas-snp-weekly-bulletin-17_report-06-05-2022_267c616612da.pdf"", ""raw_built"": ""2015 I-S"", ""raw_details"": ""MAN-B&W 6S42MC 4 X 30 T BWTS fitted"", ""printed_date"": ""06/05/2022""}"
2022-05-06,2022-05-06,Tanker Sales,1,FSL HONG KONG,Aframax,"115,719",2007,SAMSUNG,USD 19.4 M,CHINESE,SS 07/2022 DD 07/2022,MAN-B&W 6S60MC-C,"{""stem"": ""2022-05-06_clarksons-platou-hellas-snp-weekly-bulletin-17_report-06-05-2022_267c616612da"", ""source_file"": ""2022-05-06_clarksons-platou-hellas-snp-weekly-bulletin-17_report-06-05-2022_267c616612da.pdf"", ""raw_built"": ""2007 SAMSUNG"", ""raw_details"": ""MAN-B&W 6S60MC-C"", ""printed_date"": ""06/05/2022""}"
2022-05-13,2022-05-13,Bulker Sales,1,MINERAL YARDEN,Capesize,"181,218",2016,IMABARI,RGN USD 50 M,U/D,SS 05/26 DD 05/24,MAN-B&W 6S70ME-C8.2 BWTS fitted,"{""stem"": ""2022-05-13_clarksons-platou-hellas-snp-weekly-bulletin-18_report-13-05-2022_087aa76a6328"", ""source_file"": ""2022-05-13_clarksons-platou-hellas-snp-weekly-bulletin-18_report-13-05-2022_087aa76a6328.pdf"", ""raw_built"": ""2016 IMABARI"", ""raw_details"": ""MAN-B&W 6S70ME-C8.2 BWTS fitted"", ""printed_date"": ""13/05/2022""}"
2022-05-13,2022-05-13,Bulker Sales,1,BTG OLYMPOS,Kamsarmax,"81,086",2015,JMU,USD 35.6 M each,GREEKS,SS 02/25 DD 05/23,MAN-B&W 6S60ME-C8.2 BWTS fitted,"{""stem"": ""2022-05-13_clarksons-platou-hellas-snp-weekly-bulletin-18_report-13-05-2022_087aa76a6328"", ""source_file"": ""2022-05-13_clarksons-platou-hellas-snp-weekly-bulletin-18_report-13-05-2022_087aa76a6328.pdf"", ""raw_built"": ""2015 JMU"", ""raw_details"": ""MAN-B&W 6S60ME-C8.2 BWTS fitted"", ""printed_date"": ""13/05/2022""}"
2022-05-13,2022-05-13,Bulker Sales,1,BTG KAILASH,Kamsarmax,"81,084",,,each,,SS 10/25 DD 09/23,BWTS fitted,"{""stem"": ""2022-05-13_clarksons-platou-hellas-snp-weekly-bulletin-18_report-13-05-2022_087aa76a6328"", ""source_file"": ""2022-05-13_clarksons-platou-hellas-snp-weekly-bulletin-18_report-13-05-2022_087aa76a6328.pdf"", ""raw_built"": """", ""raw_details"": ""BWTS fitted"", ""printed_date"": ""13/05/2022""}"
2022-05-13,2022-05-13,Bulker Sales,1,CHAILEASE BLOSSOM,Panamax,"77,684",2004,CSBC,MID USD 13 M,CHINESE,SS 08/22 DD 08/22,MAN-B&W 6S60MC6.1 MAN-B&W 6S50ME-B9.3,"{""stem"": ""2022-05-13_clarksons-platou-hellas-snp-weekly-bulletin-18_report-13-05-2022_087aa76a6328"", ""source_file"": ""2022-05-13_clarksons-platou-hellas-snp-weekly-bulletin-18_report-13-05-2022_087aa76a6328.pdf"", ""raw_built"": ""2004 CSBC"", ""raw_details"": ""MAN-B&W 6S60MC6.1 MAN-B&W 6S50ME-B9.3"", ""printed_date"": ""13/05/2022""}"
2022-05-13,2022-05-13,Bulker Sales,1,NORD BALTIC,Ultramax,"62,625",2018,OSHIMA,HIGH USD 36 M,U/D,SS 11/23 DD 11/23 fitted,MAN-B&W 6S50ME-B9.3 4 X 30 T BWTS & SCRUBBER,"{""stem"": ""2022-05-13_clarksons-platou-hellas-snp-weekly-bulletin-18_report-13-05-2022_087aa76a6328"", ""source_file"": ""2022-05-13_clarksons-platou-hellas-snp-weekly-bulletin-18_report-13-05-2022_087aa76a6328.pdf"", ""raw_built"": ""2018 OSHIMA"", ""raw_details"": ""MAN-B&W 6S50ME-B9.3 4 X 30 T BWTS & SCRUBBER"", ""printed_date"": ""13/05/2022""}"
2022-05-13,2022-05-13,Bulker Sales,1,HUA RONG 3,Supramax,"56,467",2013,ZHEJIANG,USD 18 M (Online Auction),CHINESE,SS 05/23 DD 05/23,MAN-B&W 6S50MC-C 4 X 36 T MITSUBISHI 6S42MC,"{""stem"": ""2022-05-13_clarksons-platou-hellas-snp-weekly-bulletin-18_report-13-05-2022_087aa76a6328"", ""source_file"": ""2022-05-13_clarksons-platou-hellas-snp-weekly-bulletin-18_report-13-05-2022_087aa76a6328.pdf"", ""raw_built"": ""2013 ZHEJIANG"", ""raw_details"": ""MAN-B&W 6S50MC-C 4 X 36 T MITSUBISHI 6S42MC"", ""printed_date"": ""13/05/2022""}"
2022-05-13,2022-05-13,Bulker Sales,1,MERAY GLYFADA,Handysize,"28,471",2002,KANDA,USD 10 M,U/D,SS 11/22 DD 11/22,MITSUBISHI 6S42MC 4 X 30 T BWTS fitted,"{""stem"": ""2022-05-13_clarksons-platou-hellas-snp-weekly-bulletin-18_report-13-05-2022_087aa76a6328"", ""source_file"": ""2022-05-13_clarksons-platou-hellas-snp-weekly-bulletin-18_report-13-05-2022_087aa76a6328.pdf"", ""raw_built"": ""2002 KANDA"", ""raw_details"": ""MITSUBISHI 6S42MC 4 X 30 T BWTS fitted"", ""printed_date"": ""13/05/2022""}"
2022-05-13,2022-05-13,Tanker Sales,1,DHT FALCON,VLCC,"298,971",2006,NACKS,USD 38 M,CHINESE,SS 09/26 DD 11/24 fitted,MAN-B&W 7S80MC BWTS & SCRUBBER,"{""stem"": ""2022-05-13_clarksons-platou-hellas-snp-weekly-bulletin-18_report-13-05-2022_087aa76a6328"", ""source_file"": ""2022-05-13_clarksons-platou-hellas-snp-weekly-bulletin-18_report-13-05-2022_087aa76a6328.pdf"", ""raw_built"": ""2006 NACKS"", ""raw_details"": ""MAN-B&W 7S80MC BWTS & SCRUBBER"", ""printed_date"": ""13/05/2022""}"
2022-05-13,2022-05-13,Tanker Sales,1,DHT HAWK,VLCC,"298,923",2007,NACKS,USD 40 M,,SS 07/22 DD 07/22,,"{""stem"": ""2022-05-13_clarksons-platou-hellas-snp-weekly-bulletin-18_report-13-05-2022_087aa76a6328"", ""source_file"": ""2022-05-13_clarksons-platou-hellas-snp-weekly-bulletin-18_report-13-05-2022_087aa76a6328.pdf"", ""raw_built"": ""2007 NACKS"", ""raw_details"": """", ""printed_date"": ""13/05/2022""}"
2022-05-13,2022-05-13,Tanker Sales,1,MAERSK MESSINA,MR,"48,045",2009,IWAGI,USD 16.5 M,U/D,SS 06/24 DD 06/22,MAN-B&W 6S50MC-C8.2 4 Pumps,"{""stem"": ""2022-05-13_clarksons-platou-hellas-snp-weekly-bulletin-18_report-13-05-2022_087aa76a6328"", ""source_file"": ""2022-05-13_clarksons-platou-hellas-snp-weekly-bulletin-18_report-13-05-2022_087aa76a6328.pdf"", ""raw_built"": ""2009 IWAGI"", ""raw_details"": ""MAN-B&W 6S50MC-C8.2 4 Pumps"", ""printed_date"": ""13/05/2022""}"
2022-05-20,2022-05-20,Bulker Sales,1,RIO TAMARA,Panamax,"75,610",2014,TAIZHOU CATIC,MID/HIGH USD 23 M,GERMAN,SS 04/24 DD 07/22,MAN-B&W 5S60ME-C8.2 BWTS fitted - Tier II Ice Class 1C,"{""stem"": ""2022-05-20_clarksons-platou-hellas-snp-weekly-bulletin-19_report-20-05-2022_e904850f9f57"", ""source_file"": ""2022-05-20_clarksons-platou-hellas-snp-weekly-bulletin-19_report-20-05-2022_e904850f9f57.pdf"", ""raw_built"": ""2014 TAIZHOU CATIC"", ""raw_details"": ""MAN-B&W 5S60ME-C8.2 BWTS fitted - Tier II Ice Class 1C"", ""printed_date"": ""20/05/2022""}"
2022-05-20,2022-05-20,Bulker Sales,1,PALAIS,Panamax,"75,434",2014,JIANGSU RONGSHENG,RGN USD 22 M,CHINESE,SS 01/24 DD 01/24,Wartsila 5RT-flex58T BWTS fitted - Tier II,"{""stem"": ""2022-05-20_clarksons-platou-hellas-snp-weekly-bulletin-19_report-20-05-2022_e904850f9f57"", ""source_file"": ""2022-05-20_clarksons-platou-hellas-snp-weekly-bulletin-19_report-20-05-2022_e904850f9f57.pdf"", ""raw_built"": ""2014 JIANGSU RONGSHENG"", ""raw_details"": ""Wartsila 5RT-flex58T BWTS fitted - Tier II"", ""printed_date"": ""20/05/2022""}"
2022-05-20,2022-05-20,Bulker Sales,1,ROSCO OLIVE,Panamax,"74,951",2010,SAEBO,RGN USD 25 M,U/D,SS 09/25 DD 04/23,MAN-B&W 7S50MC-C8.2 BWTS fitted MAN-B&W 6S42MC-C7,"{""stem"": ""2022-05-20_clarksons-platou-hellas-snp-weekly-bulletin-19_report-20-05-2022_e904850f9f57"", ""source_file"": ""2022-05-20_clarksons-platou-hellas-snp-weekly-bulletin-19_report-20-05-2022_e904850f9f57.pdf"", ""raw_built"": ""2010 SAEBO"", ""raw_details"": ""MAN-B&W 7S50MC-C8.2 BWTS fitted MAN-B&W 6S42MC-C7"", ""printed_date"": ""20/05/2022""}"
2022-05-20,2022-05-20,Bulker Sales,1,JIN DA,Handysize,"35,212",2011,NANJING DONGZE,RGN USD 17 M,CHINESE,SS 09/26 DD 09/24,MAN-B&W 6S42MC-C7 4 X 30 T BWTS fitted - Tier II,"{""stem"": ""2022-05-20_clarksons-platou-hellas-snp-weekly-bulletin-19_report-20-05-2022_e904850f9f57"", ""source_file"": ""2022-05-20_clarksons-platou-hellas-snp-weekly-bulletin-19_report-20-05-2022_e904850f9f57.pdf"", ""raw_built"": ""2011 NANJING DONGZE"", ""raw_details"": ""MAN-B&W 6S42MC-C7 4 X 30 T BWTS fitted - Tier II"", ""printed_date"": ""20/05/2022""}"
2022-05-20,2022-05-20,Tanker Sales,1,NEW SPIRIT,VLCC,"298,286",2005,UNIVERSAL,USD 33.85 M,U/D,SS 06/25 DD 10/23,MAN-B&W 7S80MC BWTS fitted,"{""stem"": ""2022-05-20_clarksons-platou-hellas-snp-weekly-bulletin-19_report-20-05-2022_e904850f9f57"", ""source_file"": ""2022-05-20_clarksons-platou-hellas-snp-weekly-bulletin-19_report-20-05-2022_e904850f9f57.pdf"", ""raw_built"": ""2005 UNIVERSAL"", ""raw_details"": ""MAN-B&W 7S80MC BWTS fitted"", ""printed_date"": ""20/05/2022""}"
2022-05-27,2022-05-27,Bulker Sales,1,MAJULAH HARBOURFRONT,Kamsarmax,"81,922",2014,TSUNEISHI ZHOUSHAN,USD 31.5 M,GREEKS,SS 11/24 DD 10/22,MAN-B&W 6S60MEC8.2 BWTS fitted MAN-B&W 5S60ME-C8.1,"{""stem"": ""2022-05-27_clarksons-platou-hellas-snp-weekly-bulletin-20_report-27-05-2022_ef553fc36b4b"", ""source_file"": ""2022-05-27_clarksons-platou-hellas-snp-weekly-bulletin-20_report-27-05-2022_ef553fc36b4b.pdf"", ""raw_built"": ""2014 TSUNEISHI ZHOUSHAN"", ""raw_details"": ""MAN-B&W 6S60MEC8.2 BWTS fitted MAN-B&W 5S60ME-C8.1"", ""printed_date"": ""27/05/2022""}"
2022-05-27,2022-05-27,Bulker Sales,1,YANGZHOU CONFIDENCE,Ultramax,"63,165",2017,SINOPACIFIC DAYANG,USD 31.25 M,GREEKS,SS 05/27 DD 04/25,MAN-B&W 5S60ME-C8.1 4 X 30 T BWTS fitted MAN-B&W 6S50ME-B9.5,"{""stem"": ""2022-05-27_clarksons-platou-hellas-snp-weekly-bulletin-20_report-27-05-2022_ef553fc36b4b"", ""source_file"": ""2022-05-27_clarksons-platou-hellas-snp-weekly-bulletin-20_report-27-05-2022_ef553fc36b4b.pdf"", ""raw_built"": ""2017 SINOPACIFIC DAYANG"", ""raw_details"": ""MAN-B&W 5S60ME-C8.1 4 X 30 T BWTS fitted MAN-B&W 6S50ME-B9.5"", ""printed_date"": ""27/05/2022""}"
2022-05-27,2022-05-27,Bulker Sales,1,PAVO BRIGHT,Ultramax,"61,281",2017,SHIN KURUSHIMA,USD 33.5 M,U/D,SS 01/27 DD 11/24,MAN-B&W 6S50ME-B9.5 4 X 30 T BWTS fitted,"{""stem"": ""2022-05-27_clarksons-platou-hellas-snp-weekly-bulletin-20_report-27-05-2022_ef553fc36b4b"", ""source_file"": ""2022-05-27_clarksons-platou-hellas-snp-weekly-bulletin-20_report-27-05-2022_ef553fc36b4b.pdf"", ""raw_built"": ""2017 SHIN KURUSHIMA"", ""raw_details"": ""MAN-B&W 6S50ME-B9.5 4 X 30 T BWTS fitted"", ""printed_date"": ""27/05/2022""}"
2022-05-27,2022-05-27,Bulker Sales,1,XIN XIANG HAI,Supramax,"56,111",2012,MITSUI,USD 23.5 M,U/D,SS 07/22 DD 07/22,MAN-B&W 6S50MC-C8.2 4 X 30 T,"{""stem"": ""2022-05-27_clarksons-platou-hellas-snp-weekly-bulletin-20_report-27-05-2022_ef553fc36b4b"", ""source_file"": ""2022-05-27_clarksons-platou-hellas-snp-weekly-bulletin-20_report-27-05-2022_ef553fc36b4b.pdf"", ""raw_built"": ""2012 MITSUI"", ""raw_details"": ""MAN-B&W 6S50MC-C8.2 4 X 30 T"", ""printed_date"": ""27/05/2022""}"
2022-05-27,2022-05-27,Tanker Sales,1,17 FEBRUARY,Suezmax,"160,391",2008,SAMSUNG,USD 47 M (en bloc),GREEKS,SS 05/23 DD 05/23,MAN-B&W 6S70ME-C7.1,"{""stem"": ""2022-05-27_clarksons-platou-hellas-snp-weekly-bulletin-20_report-27-05-2022_ef553fc36b4b"", ""source_file"": ""2022-05-27_clarksons-platou-hellas-snp-weekly-bulletin-20_report-27-05-2022_ef553fc36b4b.pdf"", ""raw_built"": ""2008 SAMSUNG"", ""raw_details"": ""MAN-B&W 6S70ME-C7.1"", ""printed_date"": ""27/05/2022""}"
2022-05-27,2022-05-27,Tanker Sales,1,LIBYA,Suezmax,"159,233",2007,HYUNDAI SAMHO,(en bloc),,SS 06/22 DD 06/22,MAN-B&W 6S70MC-C7.1,"{""stem"": ""2022-05-27_clarksons-platou-hellas-snp-weekly-bulletin-20_report-27-05-2022_ef553fc36b4b"", ""source_file"": ""2022-05-27_clarksons-platou-hellas-snp-weekly-bulletin-20_report-27-05-2022_ef553fc36b4b.pdf"", ""raw_built"": ""2007 HYUNDAI SAMHO"", ""raw_details"": ""MAN-B&W 6S70MC-C7.1"", ""printed_date"": ""27/05/2022""}"
2022-06-03,2022-06-03,Bulker Sales,1,NORDIC SEOUL,Handysize,"35,882",2017,SAMJIN,RGN USD 51 M (en bloc) (c/o,THAI Precious Shipping),SS 08/22 DD 08/22,MAN-B&W 5S50ME-B9.2 4 X 35 T,"{""stem"": ""2022-06-03_clarksons-platou-hellas-snp-weekly-bulletin-21_report-03-06-2022_9f8c86d048df"", ""source_file"": ""2022-06-03_clarksons-platou-hellas-snp-weekly-bulletin-21_report-03-06-2022_9f8c86d048df.pdf"", ""raw_built"": ""2017 SAMJIN"", ""raw_details"": ""MAN-B&W 5S50ME-B9.2 4 X 35 T"", ""printed_date"": ""03/06/2022""}"
2022-06-03,2022-06-03,Bulker Sales,1,NORDIC BUSAN,Handysize,"35,800",2018,SAMJIN,(en bloc) (c/o,Precious Shipping),SS 04/23 DD 04/23,4 X 35 T MAN-B&W 6S46MC-C7.1,"{""stem"": ""2022-06-03_clarksons-platou-hellas-snp-weekly-bulletin-21_report-03-06-2022_9f8c86d048df"", ""source_file"": ""2022-06-03_clarksons-platou-hellas-snp-weekly-bulletin-21_report-03-06-2022_9f8c86d048df.pdf"", ""raw_built"": ""2018 SAMJIN"", ""raw_details"": ""4 X 35 T MAN-B&W 6S46MC-C7.1"", ""printed_date"": ""03/06/2022""}"
2022-06-03,2022-06-03,Bulker Sales,1,CETUS STAR,Handysize,"33,773",2004,OSHIMA,USD 12.7 M,CHINESE,SS 10/24 DD 07/22,MAN-B&W 6S46MC-C7.1 4 X 30 T BWTS & LOGS fitted MAN-B&W 6S42MC,"{""stem"": ""2022-06-03_clarksons-platou-hellas-snp-weekly-bulletin-21_report-03-06-2022_9f8c86d048df"", ""source_file"": ""2022-06-03_clarksons-platou-hellas-snp-weekly-bulletin-21_report-03-06-2022_9f8c86d048df.pdf"", ""raw_built"": ""2004 OSHIMA"", ""raw_details"": ""MAN-B&W 6S46MC-C7.1 4 X 30 T BWTS & LOGS fitted MAN-B&W 6S42MC"", ""printed_date"": ""03/06/2022""}"
2022-06-03,2022-06-03,Bulker Sales,1,GOLDEN MAPLE,Handysize,"32,527",2009,ZHEJIANG HONGXIN,RGN USD 14 M,CHINESE,SS 12/24 DD 12/24,MAN-B&W 6S42MC 4 X 30 T BWTS fitted MAN-B&W 6S46MC-C,"{""stem"": ""2022-06-03_clarksons-platou-hellas-snp-weekly-bulletin-21_report-03-06-2022_9f8c86d048df"", ""source_file"": ""2022-06-03_clarksons-platou-hellas-snp-weekly-bulletin-21_report-03-06-2022_9f8c86d048df.pdf"", ""raw_built"": ""2009 ZHEJIANG HONGXIN"", ""raw_details"": ""MAN-B&W 6S42MC 4 X 30 T BWTS fitted MAN-B&W 6S46MC-C"", ""printed_date"": ""03/06/2022""}"
2022-06-03,2022-06-03,Bulker Sales,1,CASSIOPEIA STAR,Handysize,"32,328",2005,NAIKAI,HIGH USD 13 M,TURKISH,SS 03/25 DD 03/23,MAN-B&W 6S46MC-C 4 X 30 T BWTS & LOGS fitted MITSUBISHI 6UEC52LA,"{""stem"": ""2022-06-03_clarksons-platou-hellas-snp-weekly-bulletin-21_report-03-06-2022_9f8c86d048df"", ""source_file"": ""2022-06-03_clarksons-platou-hellas-snp-weekly-bulletin-21_report-03-06-2022_9f8c86d048df.pdf"", ""raw_built"": ""2005 NAIKAI"", ""raw_details"": ""MAN-B&W 6S46MC-C 4 X 30 T BWTS & LOGS fitted MITSUBISHI 6UEC52LA"", ""printed_date"": ""03/06/2022""}"
2022-06-03,2022-06-03,Bulker Sales,1,CONCEPTION LIGHT,Handysize,"32,256",2007,KANDA,USD 16 M,U/D,SS 12/22 DD 12/22,MITSUBISHI 6UEC52LA 4 X 30 T OHBS BWTS fitted MITSUBISHI 6UEC45LSE,"{""stem"": ""2022-06-03_clarksons-platou-hellas-snp-weekly-bulletin-21_report-03-06-2022_9f8c86d048df"", ""source_file"": ""2022-06-03_clarksons-platou-hellas-snp-weekly-bulletin-21_report-03-06-2022_9f8c86d048df.pdf"", ""raw_built"": ""2007 KANDA"", ""raw_details"": ""MITSUBISHI 6UEC52LA 4 X 30 T OHBS BWTS fitted MITSUBISHI 6UEC45LSE"", ""printed_date"": ""03/06/2022""}"
2022-06-03,2022-06-03,Bulker Sales,1,SUPER KATE,Handysize,"32,162",2008,HAKODATE,RGN USD 16 M,U/D,SS 10/25 DD 11/23,MITSUBISHI 6UEC45LSE 4 X 30 T BWTS fitted,"{""stem"": ""2022-06-03_clarksons-platou-hellas-snp-weekly-bulletin-21_report-03-06-2022_9f8c86d048df"", ""source_file"": ""2022-06-03_clarksons-platou-hellas-snp-weekly-bulletin-21_report-03-06-2022_9f8c86d048df.pdf"", ""raw_built"": ""2008 HAKODATE"", ""raw_details"": ""MITSUBISHI 6UEC45LSE 4 X 30 T BWTS fitted"", ""printed_date"": ""03/06/2022""}"
2022-06-03,2022-06-03,Tanker Sales,1,DUQM,VLCC,"310,084",2008,IMABARI,RGN USD 39 M,U/D,SS 11/23 DD 11/23,MAN-B&W 8S80MC-C6.1 BWTS fitted,"{""stem"": ""2022-06-03_clarksons-platou-hellas-snp-weekly-bulletin-21_report-03-06-2022_9f8c86d048df"", ""source_file"": ""2022-06-03_clarksons-platou-hellas-snp-weekly-bulletin-21_report-03-06-2022_9f8c86d048df.pdf"", ""raw_built"": ""2008 IMABARI"", ""raw_details"": ""MAN-B&W 8S80MC-C6.1 BWTS fitted"", ""printed_date"": ""03/06/2022""}"
2022-06-03,2022-06-03,Tanker Sales,1,RUMFORD,Aframax,"107,505",2012,TSUNEISHI,USD 32.75 M,GREEKS,SS 03/27 DD 05/25,MAN-B&W 6S60MC-C7.2 BWTS fitted,"{""stem"": ""2022-06-03_clarksons-platou-hellas-snp-weekly-bulletin-21_report-03-06-2022_9f8c86d048df"", ""source_file"": ""2022-06-03_clarksons-platou-hellas-snp-weekly-bulletin-21_report-03-06-2022_9f8c86d048df.pdf"", ""raw_built"": ""2012 TSUNEISHI"", ""raw_details"": ""MAN-B&W 6S60MC-C7.2 BWTS fitted"", ""printed_date"": ""03/06/2022""}"
2022-06-10,2022-06-10,Bulker Sales,1,HL PRIDE,Capesize,"179,656",2016,DALIAN,USD 44.3 M HIGH USD 29 M,USA BASED (c/o JPM),SS 10/26 DD 07/24,MAN-B&W 6G70ME-C BWTS fitted,"{""stem"": ""2022-06-10_clarksons-platou-hellas-snp-weekly-bulletin-22_report-10-06-2022_bafa88ee146a"", ""source_file"": ""2022-06-10_clarksons-platou-hellas-snp-weekly-bulletin-22_report-10-06-2022_bafa88ee146a.pdf"", ""raw_built"": ""2016 DALIAN"", ""raw_details"": ""MAN-B&W 6G70ME-C BWTS fitted"", ""printed_date"": ""10/06/2022""}"
2022-06-10,2022-06-10,Bulker Sales,1,NAVIGARE BOREAS,Ultramax,"61,491",2016,DALIAN,basis TC attached ($22K p/d until Aug/Oct 2023),U/D,SS 09/26 DD 08/24,MAN-B&W 6S50ME-B9 4 X 30 T BWTS fitted,"{""stem"": ""2022-06-10_clarksons-platou-hellas-snp-weekly-bulletin-22_report-10-06-2022_bafa88ee146a"", ""source_file"": ""2022-06-10_clarksons-platou-hellas-snp-weekly-bulletin-22_report-10-06-2022_bafa88ee146a.pdf"", ""raw_built"": ""2016 DALIAN"", ""raw_details"": ""MAN-B&W 6S50ME-B9 4 X 30 T BWTS fitted"", ""printed_date"": ""10/06/2022""}"
2022-06-10,2022-06-10,Bulker Sales,1,ADRIATIC PEARL,Handysize,"37,294",2012,ZHEJIANG OUHUA,RGN USD 20 M,EUROPEANS,SS/DD Passed,WARTSILA 6RTA48T 4 X 30 T BWTS fitted MAN-B&W 6S42MC6.1,"{""stem"": ""2022-06-10_clarksons-platou-hellas-snp-weekly-bulletin-22_report-10-06-2022_bafa88ee146a"", ""source_file"": ""2022-06-10_clarksons-platou-hellas-snp-weekly-bulletin-22_report-10-06-2022_bafa88ee146a.pdf"", ""raw_built"": ""2012 ZHEJIANG OUHUA"", ""raw_details"": ""WARTSILA 6RTA48T 4 X 30 T BWTS fitted MAN-B&W 6S42MC6.1"", ""printed_date"": ""10/06/2022""}"
2022-06-10,2022-06-10,Bulker Sales,1,CANOPUS,Handysize,"28,515",2006,IMABARI,USD 13 M,CHINESE,SS 10/25 DD 03/24,"MAN-B&W 6S42MC6.1 4 X 30,5 T BWTS fitted","{""stem"": ""2022-06-10_clarksons-platou-hellas-snp-weekly-bulletin-22_report-10-06-2022_bafa88ee146a"", ""source_file"": ""2022-06-10_clarksons-platou-hellas-snp-weekly-bulletin-22_report-10-06-2022_bafa88ee146a.pdf"", ""raw_built"": ""2006 IMABARI"", ""raw_details"": ""MAN-B&W 6S42MC6.1 4 X 30,5 T BWTS fitted"", ""printed_date"": ""10/06/2022""}"
2022-06-10,2022-06-10,Tanker Sales,1,MARVIN STAR,Suezmax,"157,985",2009,HYUNDAI SAMHO,USD 26.4 M (Auction sale),GREEKS,SS 11/24 DD 10/22,MAN-B&W 6S70ME-C7.2 3 Pumps BWTS fitted,"{""stem"": ""2022-06-10_clarksons-platou-hellas-snp-weekly-bulletin-22_report-10-06-2022_bafa88ee146a"", ""source_file"": ""2022-06-10_clarksons-platou-hellas-snp-weekly-bulletin-22_report-10-06-2022_bafa88ee146a.pdf"", ""raw_built"": ""2009 HYUNDAI SAMHO"", ""raw_details"": ""MAN-B&W 6S70ME-C7.2 3 Pumps BWTS fitted"", ""printed_date"": ""10/06/2022""}"
2022-06-10,2022-06-10,Tanker Sales,1,CYGNUS,MR,"51,218",2007,STX,USD 15 M EACH,EUROPEANS,SS/DD Passed,"MAN-B&W 6S50MC-C8.1 12 Pumps, IMO III","{""stem"": ""2022-06-10_clarksons-platou-hellas-snp-weekly-bulletin-22_report-10-06-2022_bafa88ee146a"", ""source_file"": ""2022-06-10_clarksons-platou-hellas-snp-weekly-bulletin-22_report-10-06-2022_bafa88ee146a.pdf"", ""raw_built"": ""2007 STX"", ""raw_details"": ""MAN-B&W 6S50MC-C8.1 12 Pumps, IMO III"", ""printed_date"": ""10/06/2022""}"
2022-06-10,2022-06-10,Tanker Sales,1,SEXTANS,MR,"51,215",,,,,Passed,BWTS fitted,"{""stem"": ""2022-06-10_clarksons-platou-hellas-snp-weekly-bulletin-22_report-10-06-2022_bafa88ee146a"", ""source_file"": ""2022-06-10_clarksons-platou-hellas-snp-weekly-bulletin-22_report-10-06-2022_bafa88ee146a.pdf"", ""raw_built"": """", ""raw_details"": ""BWTS fitted"", ""printed_date"": ""10/06/2022""}"
2022-06-10,2022-06-10,Tanker Sales,1,BALTIC COMMANDER I,Handysize,"I 37,418",2000,HYUNDAI MIPO,USD 5.8 M,TURKS,SS 04/25 1B DD 04/25,"MAN-B&W 6S50MC-C 12 Pumps, IMO III, Ice","{""stem"": ""2022-06-10_clarksons-platou-hellas-snp-weekly-bulletin-22_report-10-06-2022_bafa88ee146a"", ""source_file"": ""2022-06-10_clarksons-platou-hellas-snp-weekly-bulletin-22_report-10-06-2022_bafa88ee146a.pdf"", ""raw_built"": ""2000 HYUNDAI MIPO"", ""raw_details"": ""MAN-B&W 6S50MC-C 12 Pumps, IMO III, Ice"", ""printed_date"": ""10/06/2022""}"
2022-06-17,2022-06-17,Bulker Sales,1,CONSTANTIN OLDENDORFF,Kamsarmax,"92,762",2012,COSCO ZHOUSHAN,USD 21.65 M each,UAE BASED,SS/DD Freshly Passed,"MAN-B&W 6S60MC-C Tier II, BWTS fitted","{""stem"": ""2022-06-17_clarksons-platou-hellas-snp-weekly-bulletin-23_report-17-06-2022_190694dc9fdc"", ""source_file"": ""2022-06-17_clarksons-platou-hellas-snp-weekly-bulletin-23_report-17-06-2022_190694dc9fdc.pdf"", ""raw_built"": ""2012 COSCO ZHOUSHAN"", ""raw_details"": ""MAN-B&W 6S60MC-C Tier II, BWTS fitted"", ""printed_date"": ""17/06/2022""}"
2022-06-17,2022-06-17,Bulker Sales,1,CLEMENS OLDENDORFF,Kamsarmax,"92,759",,,each,,SS 01/27 DD 05/25,"Tier II, BWTS fitted MAN-B&W 6S50MC-C8.1","{""stem"": ""2022-06-17_clarksons-platou-hellas-snp-weekly-bulletin-23_report-17-06-2022_190694dc9fdc"", ""source_file"": ""2022-06-17_clarksons-platou-hellas-snp-weekly-bulletin-23_report-17-06-2022_190694dc9fdc.pdf"", ""raw_built"": """", ""raw_details"": ""Tier II, BWTS fitted MAN-B&W 6S50MC-C8.1"", ""printed_date"": ""17/06/2022""}"
2022-06-17,2022-06-17,Bulker Sales,1,HAYAMA STAR,Supramax,"52,900",2006,OSHIMA,USD 17.5 M,CHINESE,SS 07/26 DD 07/24,MAN-B&W 6S50MC-C8.1 4 x 30 T BWTS fitted MAN-B&W 6S50MC-C,"{""stem"": ""2022-06-17_clarksons-platou-hellas-snp-weekly-bulletin-23_report-17-06-2022_190694dc9fdc"", ""source_file"": ""2022-06-17_clarksons-platou-hellas-snp-weekly-bulletin-23_report-17-06-2022_190694dc9fdc.pdf"", ""raw_built"": ""2006 OSHIMA"", ""raw_details"": ""MAN-B&W 6S50MC-C8.1 4 x 30 T BWTS fitted MAN-B&W 6S50MC-C"", ""printed_date"": ""17/06/2022""}"
2022-06-17,2022-06-17,Bulker Sales,1,CARDINAL,Supramax,"55,362",2004,OSHIMA,HIGH USD 15 M,CHINESE,SS 07/24 DD 06/22,MAN-B&W 6S50MC-C 4 x 30 T BWTS fitted MAN-B&W 6S50MC-C8.1,"{""stem"": ""2022-06-17_clarksons-platou-hellas-snp-weekly-bulletin-23_report-17-06-2022_190694dc9fdc"", ""source_file"": ""2022-06-17_clarksons-platou-hellas-snp-weekly-bulletin-23_report-17-06-2022_190694dc9fdc.pdf"", ""raw_built"": ""2004 OSHIMA"", ""raw_details"": ""MAN-B&W 6S50MC-C 4 x 30 T BWTS fitted MAN-B&W 6S50MC-C8.1"", ""printed_date"": ""17/06/2022""}"
2022-06-17,2022-06-17,Bulker Sales,1,EMILIA,Supramax,"53,098",2002,OSHIMA,"USD 13,9 M",CHINESE,SS 06/25 DD 07/23,MAN-B&W 6S50MC-C8.1 4 x 30 T BWTS included MAN-B&W 6S50ME-C,"{""stem"": ""2022-06-17_clarksons-platou-hellas-snp-weekly-bulletin-23_report-17-06-2022_190694dc9fdc"", ""source_file"": ""2022-06-17_clarksons-platou-hellas-snp-weekly-bulletin-23_report-17-06-2022_190694dc9fdc.pdf"", ""raw_built"": ""2002 OSHIMA"", ""raw_details"": ""MAN-B&W 6S50MC-C8.1 4 x 30 T BWTS included MAN-B&W 6S50ME-C"", ""printed_date"": ""17/06/2022""}"
2022-06-17,2022-06-17,Bulker Sales,1,ANSAC COLUMBIA,Handysize,"37,993",2017,SHIMANAMI,HIGH USD 28 M,U/D,SS/DD Passed,MAN-B&W 6S50ME-C 4 x 30.5 T BWTS fitted,"{""stem"": ""2022-06-17_clarksons-platou-hellas-snp-weekly-bulletin-23_report-17-06-2022_190694dc9fdc"", ""source_file"": ""2022-06-17_clarksons-platou-hellas-snp-weekly-bulletin-23_report-17-06-2022_190694dc9fdc.pdf"", ""raw_built"": ""2017 SHIMANAMI"", ""raw_details"": ""MAN-B&W 6S50ME-C 4 x 30.5 T BWTS fitted"", ""printed_date"": ""17/06/2022""}"
2022-06-17,2022-06-17,Tanker Sales,1,KOHO I,VLCC,"301,045",2002,IHI,USD 28.5 M,U/D,SS 11/22 DD 11/22,"SULZER 7RTA84T-D 3 Pumps, CAP 2 BWTS fitted","{""stem"": ""2022-06-17_clarksons-platou-hellas-snp-weekly-bulletin-23_report-17-06-2022_190694dc9fdc"", ""source_file"": ""2022-06-17_clarksons-platou-hellas-snp-weekly-bulletin-23_report-17-06-2022_190694dc9fdc.pdf"", ""raw_built"": ""2002 IHI"", ""raw_details"": ""SULZER 7RTA84T-D 3 Pumps, CAP 2 BWTS fitted"", ""printed_date"": ""17/06/2022""}"
2022-06-17,2022-06-17,Tanker Sales,1,ANGELICA SCHULTE,Aframax,"106,433",2005,UNIVERSAL,HIGH USD 19 M,U/D,SS 04/25 DD 05/23,"SULZER 7RTA58T 3 Pumps, CAP 1 BWTS fitted","{""stem"": ""2022-06-17_clarksons-platou-hellas-snp-weekly-bulletin-23_report-17-06-2022_190694dc9fdc"", ""source_file"": ""2022-06-17_clarksons-platou-hellas-snp-weekly-bulletin-23_report-17-06-2022_190694dc9fdc.pdf"", ""raw_built"": ""2005 UNIVERSAL"", ""raw_details"": ""SULZER 7RTA58T 3 Pumps, CAP 1 BWTS fitted"", ""printed_date"": ""17/06/2022""}"
2022-06-24,2022-06-24,Bulker Sales,1,MAJESTIC SKY,Kamsarmax,"81,949",2014,TSUNEISHI TADOTSU,HIGH USD 32 M (Delivery basis SS/DD freshly passed & BWTS fitted),GREEKS,SS 07/22 DD 07/22,MAN-B&W 6S60ME-C8.1,"{""stem"": ""2022-06-24_clarksons-platou-hellas-snp-weekly-bulletin-24_report-24-06-2022_dd74ff1f1925"", ""source_file"": ""2022-06-24_clarksons-platou-hellas-snp-weekly-bulletin-24_report-24-06-2022_dd74ff1f1925.pdf"", ""raw_built"": ""2014 TSUNEISHI TADOTSU"", ""raw_details"": ""MAN-B&W 6S60ME-C8.1"", ""printed_date"": ""24/06/2022""}"
2022-06-24,2022-06-24,Bulker Sales,1,IDC FALCON,Supramax,"55,803",2006,KAWASAKI,HIGH USD 18 M,U/D,SS 05/26 DD 07/24,MAN-B&W 6S50MC-C8.1 4 X 30 T BWTS fitted MAN-B&W 6S50MC-C,"{""stem"": ""2022-06-24_clarksons-platou-hellas-snp-weekly-bulletin-24_report-24-06-2022_dd74ff1f1925"", ""source_file"": ""2022-06-24_clarksons-platou-hellas-snp-weekly-bulletin-24_report-24-06-2022_dd74ff1f1925.pdf"", ""raw_built"": ""2006 KAWASAKI"", ""raw_details"": ""MAN-B&W 6S50MC-C8.1 4 X 30 T BWTS fitted MAN-B&W 6S50MC-C"", ""printed_date"": ""24/06/2022""}"
2022-06-24,2022-06-24,Bulker Sales,1,VICJOUR ACE,Supramax,"50,212",2001,MITSUI,USD 13.3 M,FAR EASTERNS,SS 05/26 DD 03/24 SS/DD,MAN-B&W 6S50MC-C 4 X 30 T BWTS fitted MAN-B&W 6S46MC-C7.2,"{""stem"": ""2022-06-24_clarksons-platou-hellas-snp-weekly-bulletin-24_report-24-06-2022_dd74ff1f1925"", ""source_file"": ""2022-06-24_clarksons-platou-hellas-snp-weekly-bulletin-24_report-24-06-2022_dd74ff1f1925.pdf"", ""raw_built"": ""2001 MITSUI"", ""raw_details"": ""MAN-B&W 6S50MC-C 4 X 30 T BWTS fitted MAN-B&W 6S46MC-C7.2"", ""printed_date"": ""24/06/2022""}"
2022-06-24,2022-06-24,Bulker Sales,1,EVA BULKER,Handysize,"38,191",2012,NAIKAI,RGN USD 23 M,GREEKS,SS/DD Freshly Passed,MAN-B&W 6S46MC-C7.2 4 X 30 T BWTS fitted,"{""stem"": ""2022-06-24_clarksons-platou-hellas-snp-weekly-bulletin-24_report-24-06-2022_dd74ff1f1925"", ""source_file"": ""2022-06-24_clarksons-platou-hellas-snp-weekly-bulletin-24_report-24-06-2022_dd74ff1f1925.pdf"", ""raw_built"": ""2012 NAIKAI"", ""raw_details"": ""MAN-B&W 6S46MC-C7.2 4 X 30 T BWTS fitted"", ""printed_date"": ""24/06/2022""}"
2022-06-24,2022-06-24,Tanker Sales,1,BALTIC FAVOUR,Handysize,"37,105",2006,HYUNDAI MIPO,RGN USD 12 M,U/D,"SS 02/26 1A, DD 07/24","MAN B. & W. 7S50MC-C8.1 12 Pumps, Ice Class IMO II/III, BWTS fitted MAN B. & W. 5S50MC6.1","{""stem"": ""2022-06-24_clarksons-platou-hellas-snp-weekly-bulletin-24_report-24-06-2022_dd74ff1f1925"", ""source_file"": ""2022-06-24_clarksons-platou-hellas-snp-weekly-bulletin-24_report-24-06-2022_dd74ff1f1925.pdf"", ""raw_built"": ""2006 HYUNDAI MIPO"", ""raw_details"": ""MAN B. & W. 7S50MC-C8.1 12 Pumps, Ice Class IMO II/III, BWTS fitted MAN B. & W. 5S50MC6.1"", ""printed_date"": ""24/06/2022""}"
2022-06-24,2022-06-24,Tanker Sales,1,MAERSK BORNEO,Handysize,"29,013",2007,GSI,USD 11.8 M,U/D,SS 04/27 1C DD 05/25,"MAN B. & W. 5S50MC6.1 12 Pumps, Ice Class IMO II, BWTS fitted","{""stem"": ""2022-06-24_clarksons-platou-hellas-snp-weekly-bulletin-24_report-24-06-2022_dd74ff1f1925"", ""source_file"": ""2022-06-24_clarksons-platou-hellas-snp-weekly-bulletin-24_report-24-06-2022_dd74ff1f1925.pdf"", ""raw_built"": ""2007 GSI"", ""raw_details"": ""MAN B. & W. 5S50MC6.1 12 Pumps, Ice Class IMO II, BWTS fitted"", ""printed_date"": ""24/06/2022""}"
2022-07-01,2022-07-01,Bulker Sales,1,THESTELIA K,Kamsarmax,"82,108",2009,TSUNEISHI ZHOUSHAN,LOW USD 23 M,U/D,SS 11/24 DD 05/23,MAN B. & W. 6S60MC-C7.2 BWTS fitted,"{""stem"": ""2022-07-01_clarksons-platou-hellas-snp-weekly-bulletin-25_report-01-07-2022_eb0efac3b9b4"", ""source_file"": ""2022-07-01_clarksons-platou-hellas-snp-weekly-bulletin-25_report-01-07-2022_eb0efac3b9b4.pdf"", ""raw_built"": ""2009 TSUNEISHI ZHOUSHAN"", ""raw_details"": ""MAN B. & W. 6S60MC-C7.2 BWTS fitted"", ""printed_date"": ""01/07/2022""}"
2022-07-01,2022-07-01,Bulker Sales,1,WESTERN SANTOS,Ultramax,"63,518",2014,JIAGNSU HANTONG,USD 26.4 M,HK BASED (c/o Jinhui),SS/DD 04/24,"MAN-B&W 5S60ME-C8.2 4X35T, BWTS fitted","{""stem"": ""2022-07-01_clarksons-platou-hellas-snp-weekly-bulletin-25_report-01-07-2022_eb0efac3b9b4"", ""source_file"": ""2022-07-01_clarksons-platou-hellas-snp-weekly-bulletin-25_report-01-07-2022_eb0efac3b9b4.pdf"", ""raw_built"": ""2014 JIAGNSU HANTONG"", ""raw_details"": ""MAN-B&W 5S60ME-C8.2 4X35T, BWTS fitted"", ""printed_date"": ""01/07/2022""}"
2022-07-01,2022-07-01,Bulker Sales,1,MILAU BULKER,Handysize,"38,173",2012,NAIKAI,RGN USD 23 M (bss TC attached @ $27K pd until Oct/22),GREEKS,SS 01/27 DD 01/25,"MAN B. & W. 6S46MC-C7.2 4X30T, BWTS fitted","{""stem"": ""2022-07-01_clarksons-platou-hellas-snp-weekly-bulletin-25_report-01-07-2022_eb0efac3b9b4"", ""source_file"": ""2022-07-01_clarksons-platou-hellas-snp-weekly-bulletin-25_report-01-07-2022_eb0efac3b9b4.pdf"", ""raw_built"": ""2012 NAIKAI"", ""raw_details"": ""MAN B. & W. 6S46MC-C7.2 4X30T, BWTS fitted"", ""printed_date"": ""01/07/2022""}"
2022-07-01,2022-07-01,Bulker Sales,1,DORTHE OLDENDORFF,Handysize,"37,873",2019,BEIHAI,USD 25.5 M,U/D,SS/DD 06/24,"MITSUBISHI 6UEC50LSII OHBS, 4X45T LOGS fitted","{""stem"": ""2022-07-01_clarksons-platou-hellas-snp-weekly-bulletin-25_report-01-07-2022_eb0efac3b9b4"", ""source_file"": ""2022-07-01_clarksons-platou-hellas-snp-weekly-bulletin-25_report-01-07-2022_eb0efac3b9b4.pdf"", ""raw_built"": ""2019 BEIHAI"", ""raw_details"": ""MITSUBISHI 6UEC50LSII OHBS, 4X45T LOGS fitted"", ""printed_date"": ""01/07/2022""}"
2022-07-01,2022-07-01,Bulker Sales,1,LORD WELLINGTON,Handysize,"31,921",2005,HAKODATE,RGN USD 14.3 M,CHINESE,SS/DD 04/25,"6UEC52LA MITSUBISHI 4X30.5T, BWTS fitted","{""stem"": ""2022-07-01_clarksons-platou-hellas-snp-weekly-bulletin-25_report-01-07-2022_eb0efac3b9b4"", ""source_file"": ""2022-07-01_clarksons-platou-hellas-snp-weekly-bulletin-25_report-01-07-2022_eb0efac3b9b4.pdf"", ""raw_built"": ""2005 HAKODATE"", ""raw_details"": ""6UEC52LA MITSUBISHI 4X30.5T, BWTS fitted"", ""printed_date"": ""01/07/2022""}"
2022-07-01,2022-07-01,Tanker Sales,1,MARIDAKI,VLCC,"302,159",2005,I.H.I.,LOW/MID USD 36 M,CHINESE,B SS 03/25 DD 10/23,"SULZER 7RTA84T- 3 Pumps, BWTS fitted MAN-B&W 6S50MC-C8.1","{""stem"": ""2022-07-01_clarksons-platou-hellas-snp-weekly-bulletin-25_report-01-07-2022_eb0efac3b9b4"", ""source_file"": ""2022-07-01_clarksons-platou-hellas-snp-weekly-bulletin-25_report-01-07-2022_eb0efac3b9b4.pdf"", ""raw_built"": ""2005 I.H.I."", ""raw_details"": ""SULZER 7RTA84T- 3 Pumps, BWTS fitted MAN-B&W 6S50MC-C8.1"", ""printed_date"": ""01/07/2022""}"
2022-07-01,2022-07-01,Tanker Sales,1,DAISY M,MR,"49,999",2008,GSI,RGN USD 15 M,GREEKS,SS/DD 09/23,"MAN-B&W 6S50MC-C8.1 12 Pumps, IMO III, BWTS due","{""stem"": ""2022-07-01_clarksons-platou-hellas-snp-weekly-bulletin-25_report-01-07-2022_eb0efac3b9b4"", ""source_file"": ""2022-07-01_clarksons-platou-hellas-snp-weekly-bulletin-25_report-01-07-2022_eb0efac3b9b4.pdf"", ""raw_built"": ""2008 GSI"", ""raw_details"": ""MAN-B&W 6S50MC-C8.1 12 Pumps, IMO III, BWTS due"", ""printed_date"": ""01/07/2022""}"
2022-07-08,2022-07-08,Bulker Sales,1,HUI XIN 8,Kamsarmax,"92,973",2012,COSCO DALIAN,RGN USD 22 M,U/D,SS/DD Freshly Passed,"MAN B. & W. 6S60MC6.2 Tier II, BTWS fitted","{""stem"": ""2022-07-08_clarksons-platou-hellas-snp-weekly-bulletin-26_report-08-07-2022_399ac515f991"", ""source_file"": ""2022-07-08_clarksons-platou-hellas-snp-weekly-bulletin-26_report-08-07-2022_399ac515f991.pdf"", ""raw_built"": ""2012 COSCO DALIAN"", ""raw_details"": ""MAN B. & W. 6S60MC6.2 Tier II, BTWS fitted"", ""printed_date"": ""08/07/2022""}"
2022-07-08,2022-07-08,Bulker Sales,1,INTERLINK ETERNITY,Handysize,"39,094",2019,ZHEJIANG ZENGZHOU,USD 29.6 M,U/D,SS 09/24 DD 09/22,"MAN B. & W. 5S50ME-B9.3 HI 4X30.5T, BWTS fitted","{""stem"": ""2022-07-08_clarksons-platou-hellas-snp-weekly-bulletin-26_report-08-07-2022_399ac515f991"", ""source_file"": ""2022-07-08_clarksons-platou-hellas-snp-weekly-bulletin-26_report-08-07-2022_399ac515f991.pdf"", ""raw_built"": ""2019 ZHEJIANG ZENGZHOU"", ""raw_details"": ""MAN B. & W. 5S50ME-B9.3 HI 4X30.5T, BWTS fitted"", ""printed_date"": ""08/07/2022""}"
2022-07-08,2022-07-08,Bulker Sales,1,VENTURE OCEAN,Handysize,"38,947",2015,JIANGMEN NANYANG,USD 50 M En Bloc,U/D,SS 10/25 DD 10/23,"MAN-B&W 5S50ME-B9.2 OHBS, 4X30.5T,","{""stem"": ""2022-07-08_clarksons-platou-hellas-snp-weekly-bulletin-26_report-08-07-2022_399ac515f991"", ""source_file"": ""2022-07-08_clarksons-platou-hellas-snp-weekly-bulletin-26_report-08-07-2022_399ac515f991.pdf"", ""raw_built"": ""2015 JIANGMEN NANYANG"", ""raw_details"": ""MAN-B&W 5S50ME-B9.2 OHBS, 4X30.5T,"", ""printed_date"": ""08/07/2022""}"
2022-07-08,2022-07-08,Bulker Sales,1,VENTURE TEAM,Handysize,"38,904",,,En Bloc,,fitted SS 11/25 DD 11/23,"LOGS fitted, BWTS","{""stem"": ""2022-07-08_clarksons-platou-hellas-snp-weekly-bulletin-26_report-08-07-2022_399ac515f991"", ""source_file"": ""2022-07-08_clarksons-platou-hellas-snp-weekly-bulletin-26_report-08-07-2022_399ac515f991.pdf"", ""raw_built"": """", ""raw_details"": ""LOGS fitted, BWTS"", ""printed_date"": ""08/07/2022""}"
2022-07-08,2022-07-08,Tanker Sales,1,KRONVIKEN,Aframax,"113,500",2006,SAMSUNG,USD 25.5 M,U/D,SS/DD Passed,"MAN B. & W. 7S60MC6.1 Ice 1A, BWTS fitted","{""stem"": ""2022-07-08_clarksons-platou-hellas-snp-weekly-bulletin-26_report-08-07-2022_399ac515f991"", ""source_file"": ""2022-07-08_clarksons-platou-hellas-snp-weekly-bulletin-26_report-08-07-2022_399ac515f991.pdf"", ""raw_built"": ""2006 SAMSUNG"", ""raw_details"": ""MAN B. & W. 7S60MC6.1 Ice 1A, BWTS fitted"", ""printed_date"": ""08/07/2022""}"
2022-07-08,2022-07-08,Tanker Sales,1,ELANDRA BLU,MR,"50,696",2008,SPP,LOW USD 18 M,U/D,SS/DD 07/23,"MAN B. & W. 6S50MC-C8.1 12 Pumps, IMO III","{""stem"": ""2022-07-08_clarksons-platou-hellas-snp-weekly-bulletin-26_report-08-07-2022_399ac515f991"", ""source_file"": ""2022-07-08_clarksons-platou-hellas-snp-weekly-bulletin-26_report-08-07-2022_399ac515f991.pdf"", ""raw_built"": ""2008 SPP"", ""raw_details"": ""MAN B. & W. 6S50MC-C8.1 12 Pumps, IMO III"", ""printed_date"": ""08/07/2022""}"
2022-07-08,2022-07-08,Tanker Sales,1,ELANDRA CORALLO,MR,"50,607",,,LOW USD 18 M,U/D,SS/DD 10/23,BWTS fitted,"{""stem"": ""2022-07-08_clarksons-platou-hellas-snp-weekly-bulletin-26_report-08-07-2022_399ac515f991"", ""source_file"": ""2022-07-08_clarksons-platou-hellas-snp-weekly-bulletin-26_report-08-07-2022_399ac515f991.pdf"", ""raw_built"": """", ""raw_details"": ""BWTS fitted"", ""printed_date"": ""08/07/2022""}"
2022-07-08,2022-07-08,Tanker Sales,1,EXPLORER II,MR,"47,326",2005,ONOMICHI,"USD 12.3 M (Plus, BWTS cost)",U/D,SS 07/25 Dd 10/23,"MAN B. & W. 6S50MC6.1 4 Pumps, Trading CPP","{""stem"": ""2022-07-08_clarksons-platou-hellas-snp-weekly-bulletin-26_report-08-07-2022_399ac515f991"", ""source_file"": ""2022-07-08_clarksons-platou-hellas-snp-weekly-bulletin-26_report-08-07-2022_399ac515f991.pdf"", ""raw_built"": ""2005 ONOMICHI"", ""raw_details"": ""MAN B. & W. 6S50MC6.1 4 Pumps, Trading CPP"", ""printed_date"": ""08/07/2022""}"
2022-07-15,2022-07-15,Bulker Sales,1,SOHO MANDATE,Ultramax,"61,436",2016,DACKS,USD 31 M,CHINESE,SS 08/26 DD 09/24,MAN-B&W 6S50ME-B9.3 4 x 30 T BWTS fitted MAN-B&W 6S50MC-C8.1,"{""stem"": ""2022-07-15_clarksons-platou-hellas-snp-weekly-bulletin-27_report-15-07-2022_1a9a5af86a40"", ""source_file"": ""2022-07-15_clarksons-platou-hellas-snp-weekly-bulletin-27_report-15-07-2022_1a9a5af86a40.pdf"", ""raw_built"": ""2016 DACKS"", ""raw_details"": ""MAN-B&W 6S50ME-B9.3 4 x 30 T BWTS fitted MAN-B&W 6S50MC-C8.1"", ""printed_date"": ""15/07/2022""}"
2022-07-15,2022-07-15,Bulker Sales,1,OREO,Supramax,"55,430",2008,KAWASAKI,USD 19.35 M,U/D,SS 05/26 DD 08/24,MAN-B&W 6S50MC-C8.1 4 x 30 T BWTS fitted MAN-B&W 6S42MC,"{""stem"": ""2022-07-15_clarksons-platou-hellas-snp-weekly-bulletin-27_report-15-07-2022_1a9a5af86a40"", ""source_file"": ""2022-07-15_clarksons-platou-hellas-snp-weekly-bulletin-27_report-15-07-2022_1a9a5af86a40.pdf"", ""raw_built"": ""2008 KAWASAKI"", ""raw_details"": ""MAN-B&W 6S50MC-C8.1 4 x 30 T BWTS fitted MAN-B&W 6S42MC"", ""printed_date"": ""15/07/2022""}"
2022-07-15,2022-07-15,Bulker Sales,1,YANGTZE SPIRIT,Handysize,"35,169",2012,NANJING DONGZE,RGN USD 17 M,U/D,SS 01/27 DD 01/25,"MAN-B&W 6S42MC 4 x 30 T BWTS fitted, Tier II MAN-B&W 5S50MC-C8.2","{""stem"": ""2022-07-15_clarksons-platou-hellas-snp-weekly-bulletin-27_report-15-07-2022_1a9a5af86a40"", ""source_file"": ""2022-07-15_clarksons-platou-hellas-snp-weekly-bulletin-27_report-15-07-2022_1a9a5af86a40.pdf"", ""raw_built"": ""2012 NANJING DONGZE"", ""raw_details"": ""MAN-B&W 6S42MC 4 x 30 T BWTS fitted, Tier II MAN-B&W 5S50MC-C8.2"", ""printed_date"": ""15/07/2022""}"
2022-07-15,2022-07-15,Bulker Sales,1,JUN DE,Handysize,"34,420",2011,SPP,RGN USD 17 M,U/D,SS 11/26 DD 08/24,"MAN-B&W 5S50MC-C8.2 4 x 35 T BWTS fitted, Tier II","{""stem"": ""2022-07-15_clarksons-platou-hellas-snp-weekly-bulletin-27_report-15-07-2022_1a9a5af86a40"", ""source_file"": ""2022-07-15_clarksons-platou-hellas-snp-weekly-bulletin-27_report-15-07-2022_1a9a5af86a40.pdf"", ""raw_built"": ""2011 SPP"", ""raw_details"": ""MAN-B&W 5S50MC-C8.2 4 x 35 T BWTS fitted, Tier II"", ""printed_date"": ""15/07/2022""}"
2022-07-15,2022-07-15,Tanker Sales,1,STENA PARIS,Panamax,"65,125",2005,BRODOSPLIT,RGN USD 15 M,U/D,SS 12/25 DD 12/25,"MAN-B&W 6S46MC-C7.1 Ice-1A, Epoxy BWTS fitted","{""stem"": ""2022-07-15_clarksons-platou-hellas-snp-weekly-bulletin-27_report-15-07-2022_1a9a5af86a40"", ""source_file"": ""2022-07-15_clarksons-platou-hellas-snp-weekly-bulletin-27_report-15-07-2022_1a9a5af86a40.pdf"", ""raw_built"": ""2005 BRODOSPLIT"", ""raw_details"": ""MAN-B&W 6S46MC-C7.1 Ice-1A, Epoxy BWTS fitted"", ""printed_date"": ""15/07/2022""}"
2022-07-15,2022-07-15,Tanker Sales,1,SUNNY BAY,MR,"50,100",2008,SPP,HIGH USD 17 M,CHINESE,SS 05/23 DD 05/23,"MAN-B&W 6S50MC-C 12 Pumps, IMO III","{""stem"": ""2022-07-15_clarksons-platou-hellas-snp-weekly-bulletin-27_report-15-07-2022_1a9a5af86a40"", ""source_file"": ""2022-07-15_clarksons-platou-hellas-snp-weekly-bulletin-27_report-15-07-2022_1a9a5af86a40.pdf"", ""raw_built"": ""2008 SPP"", ""raw_details"": ""MAN-B&W 6S50MC-C 12 Pumps, IMO III"", ""printed_date"": ""15/07/2022""}"
2022-07-15,2022-07-15,Tanker Sales,1,EASTERN KALMIA,MR,"49,700",2007,SLS,USD 14.7 M,F. EASTERNS,SS 10/22 DD 10/22,MAN-B&W 6S50MC-C 3 Pumps,"{""stem"": ""2022-07-15_clarksons-platou-hellas-snp-weekly-bulletin-27_report-15-07-2022_1a9a5af86a40"", ""source_file"": ""2022-07-15_clarksons-platou-hellas-snp-weekly-bulletin-27_report-15-07-2022_1a9a5af86a40.pdf"", ""raw_built"": ""2007 SLS"", ""raw_details"": ""MAN-B&W 6S50MC-C 3 Pumps"", ""printed_date"": ""15/07/2022""}"
2022-07-15,2022-07-15,Tanker Sales,1,HAFNIA ROBSON,Handysize,"39,997",2004,SAIKI,RGN USD 12 M,TURKISH,SS 05/24 DD 05/24,MITSUBISHI 6UEC52LS,"{""stem"": ""2022-07-15_clarksons-platou-hellas-snp-weekly-bulletin-27_report-15-07-2022_1a9a5af86a40"", ""source_file"": ""2022-07-15_clarksons-platou-hellas-snp-weekly-bulletin-27_report-15-07-2022_1a9a5af86a40.pdf"", ""raw_built"": ""2004 SAIKI"", ""raw_details"": ""MITSUBISHI 6UEC52LS"", ""printed_date"": ""15/07/2022""}"
2022-07-22,2022-07-22,Bulker Sales,1,DAYANG CONFIDENCE,Ultramax,"63,127",2017,SINOPACIFIC DAYANG,USD 30.2 M,CHINESE,SS 05/27 DD 04/25,MAN-B&W 5S60ME-C8.1 4 x 36 T BWTS fitted,"{""stem"": ""2022-07-22_clarksons-platou-hellas-snp-weekly-bulletin-28_report-22-07-2022-1_002283c78bf6"", ""source_file"": ""2022-07-22_clarksons-platou-hellas-snp-weekly-bulletin-28_report-22-07-2022-1_002283c78bf6.pdf"", ""raw_built"": ""2017 SINOPACIFIC DAYANG"", ""raw_details"": ""MAN-B&W 5S60ME-C8.1 4 x 36 T BWTS fitted"", ""printed_date"": ""22/07/2022""}"
2022-07-22,2022-07-22,Tanker Sales,1,NICHOLAS,Aframax,"115,577",2007,SASEBO,USD 27.7 M (Basis delivery in August with SS/DD passed & BWTS fitted),CHINESE,SS 08/22 DD 08/22,MAN B. & W. 6S60MC-C7.1 3 Pumps,"{""stem"": ""2022-07-22_clarksons-platou-hellas-snp-weekly-bulletin-28_report-22-07-2022-1_002283c78bf6"", ""source_file"": ""2022-07-22_clarksons-platou-hellas-snp-weekly-bulletin-28_report-22-07-2022-1_002283c78bf6.pdf"", ""raw_built"": ""2007 SASEBO"", ""raw_details"": ""MAN B. & W. 6S60MC-C7.1 3 Pumps"", ""printed_date"": ""22/07/2022""}"
2022-07-22,2022-07-22,Tanker Sales,1,SONGA CORAL,Aframax,"107,081",2005,KOYO,USD 25 M,U/D,SS 01/25 DD 01/23,MAN B. & W. 6S60MC-C7.1 12 Pumps Scrubber fitted,"{""stem"": ""2022-07-22_clarksons-platou-hellas-snp-weekly-bulletin-28_report-22-07-2022-1_002283c78bf6"", ""source_file"": ""2022-07-22_clarksons-platou-hellas-snp-weekly-bulletin-28_report-22-07-2022-1_002283c78bf6.pdf"", ""raw_built"": ""2005 KOYO"", ""raw_details"": ""MAN B. & W. 6S60MC-C7.1 12 Pumps Scrubber fitted"", ""printed_date"": ""22/07/2022""}"
2022-07-22,2022-07-22,Tanker Sales,1,GRAND,MR,"50,129",2008,SPP,MID USD 19 M,VIETNAMESE,SS 11/23 DD 11/23 .1,"MAN B. & W. 6S50MC-C8.1 12 Pumps, IMO III, CPP BWTS fitted MAN-B&W 6S50MC-C8","{""stem"": ""2022-07-22_clarksons-platou-hellas-snp-weekly-bulletin-28_report-22-07-2022-1_002283c78bf6"", ""source_file"": ""2022-07-22_clarksons-platou-hellas-snp-weekly-bulletin-28_report-22-07-2022-1_002283c78bf6.pdf"", ""raw_built"": ""2008 SPP"", ""raw_details"": ""MAN B. & W. 6S50MC-C8.1 12 Pumps, IMO III, CPP BWTS fitted MAN-B&W 6S50MC-C8"", ""printed_date"": ""22/07/2022""}"
2022-07-22,2022-07-22,Tanker Sales,1,CHALLENGE PHOENIX,MR,"47,786",2007,STX,RGN USD 18 M,GREEKS,.1 SS 09/25 DD 08/23,MAN-B&W 6S50MC-C8 12 Pumps BWTS fitted,"{""stem"": ""2022-07-22_clarksons-platou-hellas-snp-weekly-bulletin-28_report-22-07-2022-1_002283c78bf6"", ""source_file"": ""2022-07-22_clarksons-platou-hellas-snp-weekly-bulletin-28_report-22-07-2022-1_002283c78bf6.pdf"", ""raw_built"": ""2007 STX"", ""raw_details"": ""MAN-B&W 6S50MC-C8 12 Pumps BWTS fitted"", ""printed_date"": ""22/07/2022""}"
2022-07-29,2022-07-29,Bulker Sales,1,BONANZA YR,Panamax,"76,465",,MAN B. 2006 TSUNEISHI MAN B.,USD 16.5 M MIDDLE,EASTERNS,08/26 09/24,& W. 7S50MC-C8.1 SS BWTS fitted DD & W. 6S50MC-C8.2,"{""stem"": ""2022-07-29_clarksons-platou-hellas-snp-weekly-bulletin-29_report-29-07-2022_45899fec9b24"", ""source_file"": ""2022-07-29_clarksons-platou-hellas-snp-weekly-bulletin-29_report-29-07-2022_45899fec9b24.pdf"", ""raw_built"": ""MAN B. 2006 TSUNEISHI MAN B."", ""raw_details"": ""& W. 7S50MC-C8.1 SS BWTS fitted DD & W. 6S50MC-C8.2"", ""printed_date"": ""29/07/2022""}"
2022-07-29,2022-07-29,Bulker Sales,1,SOPHIA K,Supramax,"55,612",,MAN B. 2011 MITSUI 4 x,USD 22.9 M UAE,BASED,07/26 10/23,"& W. 6S50MC-C8.2 SS 30 T, BWTS fitted DD","{""stem"": ""2022-07-29_clarksons-platou-hellas-snp-weekly-bulletin-29_report-29-07-2022_45899fec9b24"", ""source_file"": ""2022-07-29_clarksons-platou-hellas-snp-weekly-bulletin-29_report-29-07-2022_45899fec9b24.pdf"", ""raw_built"": ""MAN B. 2011 MITSUI 4 x"", ""raw_details"": ""& W. 6S50MC-C8.2 SS 30 T, BWTS fitted DD"", ""printed_date"": ""29/07/2022""}"
2022-07-29,2022-07-29,Bulker Sales,1,CRETE TRADER,Supramax,"53,428",,MAN B. 2009 SINOPACIFIC 4 x MAN B.,USD 16.2 M MIDDLE,EASTERNS,12/24 03/23 01/25,"& W. 6S50MC-C8.2 SS 35 T, BWTS fitted DD & W. 6S42MC7.2 SS","{""stem"": ""2022-07-29_clarksons-platou-hellas-snp-weekly-bulletin-29_report-29-07-2022_45899fec9b24"", ""source_file"": ""2022-07-29_clarksons-platou-hellas-snp-weekly-bulletin-29_report-29-07-2022_45899fec9b24.pdf"", ""raw_built"": ""MAN B. 2009 SINOPACIFIC 4 x MAN B."", ""raw_details"": ""& W. 6S50MC-C8.2 SS 35 T, BWTS fitted DD & W. 6S42MC7.2 SS"", ""printed_date"": ""29/07/2022""}"
2022-07-29,2022-07-29,Bulker Sales,1,GLOBAL AQUARIUS,Handysize,"28,328",,MAN B. 2010 IMABARI 4 x MAN B.,USD 14.8 M,VIETNAMESE,01/25 02/23 07/26,"& W. 6S42MC7.2 SS 30 T, BWTS fitted DD & W. 7S42MC6.1 SS","{""stem"": ""2022-07-29_clarksons-platou-hellas-snp-weekly-bulletin-29_report-29-07-2022_45899fec9b24"", ""source_file"": ""2022-07-29_clarksons-platou-hellas-snp-weekly-bulletin-29_report-29-07-2022_45899fec9b24.pdf"", ""raw_built"": ""MAN B. 2010 IMABARI 4 x MAN B."", ""raw_details"": ""& W. 6S42MC7.2 SS 30 T, BWTS fitted DD & W. 7S42MC6.1 SS"", ""printed_date"": ""29/07/2022""}"
2022-07-29,2022-07-29,Bulker Sales,1,AFRICAN FALCON,Handysize,"27,102",,MAN B. 2003 NEW CENTURY 4 x,USD 11 M,EGYPTIANS,07/26 MID/HIGH 10/23,"& W. 7S42MC6.1 SS 30 T, BWTS fitted DD","{""stem"": ""2022-07-29_clarksons-platou-hellas-snp-weekly-bulletin-29_report-29-07-2022_45899fec9b24"", ""source_file"": ""2022-07-29_clarksons-platou-hellas-snp-weekly-bulletin-29_report-29-07-2022_45899fec9b24.pdf"", ""raw_built"": ""MAN B. 2003 NEW CENTURY 4 x"", ""raw_details"": ""& W. 7S42MC6.1 SS 30 T, BWTS fitted DD"", ""printed_date"": ""29/07/2022""}"
2022-07-29,2022-07-29,Tanker Sales,1,PROSPEROUS,Aframax,"105,355",,MAN B. 2009 SUMITOMO 3 MAN-B&W,USD 28.7 M,U/D,01/24 01/24,"& W. 6S60MC-C7.2 SS Pumps, BWTS fitted DD 6S50ME-B9.2","{""stem"": ""2022-07-29_clarksons-platou-hellas-snp-weekly-bulletin-29_report-29-07-2022_45899fec9b24"", ""source_file"": ""2022-07-29_clarksons-platou-hellas-snp-weekly-bulletin-29_report-29-07-2022_45899fec9b24.pdf"", ""raw_built"": ""MAN B. 2009 SUMITOMO 3 MAN-B&W"", ""raw_details"": ""& W. 6S60MC-C7.2 SS Pumps, BWTS fitted DD 6S50ME-B9.2"", ""printed_date"": ""29/07/2022""}"
2022-07-29,2022-07-29,Tanker Sales,1,LARGO SUN,MR,"49,990",,MAN-B&W 2016 SPP 12,USD 35 M,U/D,02/26 RGN 02/24,"6S50ME-B9.2 SS Pumps, IMO II/III DD BWTS fitted","{""stem"": ""2022-07-29_clarksons-platou-hellas-snp-weekly-bulletin-29_report-29-07-2022_45899fec9b24"", ""source_file"": ""2022-07-29_clarksons-platou-hellas-snp-weekly-bulletin-29_report-29-07-2022_45899fec9b24.pdf"", ""raw_built"": ""MAN-B&W 2016 SPP 12"", ""raw_details"": ""6S50ME-B9.2 SS Pumps, IMO II/III DD BWTS fitted"", ""printed_date"": ""29/07/2022""}"
2022-07-29,2022-07-29,Tanker Sales,1,JAL UPASANA,MR,"46,846",,MAN-B&W 2009 NAIKAI ZOSEN 4,USD 33.5 M (En Bloc),BANGLADESHI,07/26 11/24 04/24,"SS 6S50ME-C8.2 DD Pumps, IMO III, CPP SS","{""stem"": ""2022-07-29_clarksons-platou-hellas-snp-weekly-bulletin-29_report-29-07-2022_45899fec9b24"", ""source_file"": ""2022-07-29_clarksons-platou-hellas-snp-weekly-bulletin-29_report-29-07-2022_45899fec9b24.pdf"", ""raw_built"": ""MAN-B&W 2009 NAIKAI ZOSEN 4"", ""raw_details"": ""SS 6S50ME-C8.2 DD Pumps, IMO III, CPP SS"", ""printed_date"": ""29/07/2022""}"
2022-07-29,2022-07-29,Tanker Sales,1,JAL SASVATA,MR,"46,646",2009,NAIKAI ZOSEN 4,(En Bloc),BANGLADESHI,04/24 04/24,"Pumps, IMO III, CPP SS BWTS fitted DD","{""stem"": ""2022-07-29_clarksons-platou-hellas-snp-weekly-bulletin-29_report-29-07-2022_45899fec9b24"", ""source_file"": ""2022-07-29_clarksons-platou-hellas-snp-weekly-bulletin-29_report-29-07-2022_45899fec9b24.pdf"", ""raw_built"": ""2009 NAIKAI ZOSEN 4"", ""raw_details"": ""Pumps, IMO III, CPP SS BWTS fitted DD"", ""printed_date"": ""29/07/2022""}"
2022-08-05,2022-08-05,Bulker Sales,1,MISS SIMONA,Handysize,"34,602",,MAN B. 2010 SPP 4 x,USD 16.8 M,GREEKS,06/25 08/23,"& W. 5S50MC-C8.2 SS 35 T, BWTS fitted DD","{""stem"": ""2022-08-05_clarksons-platou-hellas-snp-weekly-bulletin-30_report-05-08-2022_48732f863581"", ""source_file"": ""2022-08-05_clarksons-platou-hellas-snp-weekly-bulletin-30_report-05-08-2022_48732f863581.pdf"", ""raw_built"": ""MAN B. 2010 SPP 4 x"", ""raw_details"": ""& W. 5S50MC-C8.2 SS 35 T, BWTS fitted DD"", ""printed_date"": ""05/08/2022""}"
2022-08-05,2022-08-05,Tanker Sales,1,ALTAIR TRADER,VLCC,"311,110",,MAN B. 2005 MITSUI,USD 36 M,U/D,05/25 RGN 09/23,& W. 7S80MC-C6.1 SS 4 Pumps DD,"{""stem"": ""2022-08-05_clarksons-platou-hellas-snp-weekly-bulletin-30_report-05-08-2022_48732f863581"", ""source_file"": ""2022-08-05_clarksons-platou-hellas-snp-weekly-bulletin-30_report-05-08-2022_48732f863581.pdf"", ""raw_built"": ""MAN B. 2005 MITSUI"", ""raw_details"": ""& W. 7S80MC-C6.1 SS 4 Pumps DD"", ""printed_date"": ""05/08/2022""}"
2022-08-05,2022-08-05,Tanker Sales,1,STAVANGER FALCON,Aframax,"105,419",,MAN B. 2009 SUMITOMO,USD 29 M M.,EASTERNS,02/24 RGN 02/24,& W. 6S60MC-C7.2 SS 3 Pumps DD,"{""stem"": ""2022-08-05_clarksons-platou-hellas-snp-weekly-bulletin-30_report-05-08-2022_48732f863581"", ""source_file"": ""2022-08-05_clarksons-platou-hellas-snp-weekly-bulletin-30_report-05-08-2022_48732f863581.pdf"", ""raw_built"": ""MAN B. 2009 SUMITOMO"", ""raw_details"": ""& W. 6S60MC-C7.2 SS 3 Pumps DD"", ""printed_date"": ""05/08/2022""}"
2022-08-05,2022-08-05,Tanker Sales,1,CHOLA QUEEN,Aframax,"107,123",,MAN B. 2002 IMABARI,USD 16 M,SINGAPORE BASED,10/22 MID 10/22,& W. 6S60MC-C7.1 SS 3 Pumps DD,"{""stem"": ""2022-08-05_clarksons-platou-hellas-snp-weekly-bulletin-30_report-05-08-2022_48732f863581"", ""source_file"": ""2022-08-05_clarksons-platou-hellas-snp-weekly-bulletin-30_report-05-08-2022_48732f863581.pdf"", ""raw_built"": ""MAN B. 2002 IMABARI"", ""raw_details"": ""& W. 6S60MC-C7.1 SS 3 Pumps DD"", ""printed_date"": ""05/08/2022""}"
2022-08-12,2022-08-12,Bulker Sales,1,STH ATHENS,Ultramax,"60,508",2015,MITSUI 4,,,08/25 DD07/23 01/27,"MAN-B&W 6S50ME-B9.3 SS x 30 T, BWTS fitted MAN-B&W 6S50ME-B9.3 SS","{""stem"": ""2022-08-12_clarksons-platou-hellas-snp-weekly-bulletin-31_report-12-08-22_bd3e711833dc"", ""source_file"": ""2022-08-12_clarksons-platou-hellas-snp-weekly-bulletin-31_report-12-08-22_bd3e711833dc.pdf"", ""raw_built"": ""2015 MITSUI 4"", ""raw_details"": ""MAN-B&W 6S50ME-B9.3 SS x 30 T, BWTS fitted MAN-B&W 6S50ME-B9.3 SS"", ""printed_date"": ""12/08/2022""}"
2022-08-12,2022-08-12,Bulker Sales,1,STH CHIBA,Ultramax,"60,456",2017,MITSUI 4,,,01/27 01/25 10/25,"MAN-B&W 6S50ME-B9.3 SS x 30 T, BWTS fitted DD MAN-B&W 6S50ME-B9.3 SS","{""stem"": ""2022-08-12_clarksons-platou-hellas-snp-weekly-bulletin-31_report-12-08-22_bd3e711833dc"", ""source_file"": ""2022-08-12_clarksons-platou-hellas-snp-weekly-bulletin-31_report-12-08-22_bd3e711833dc.pdf"", ""raw_built"": ""2017 MITSUI 4"", ""raw_details"": ""MAN-B&W 6S50ME-B9.3 SS x 30 T, BWTS fitted DD MAN-B&W 6S50ME-B9.3 SS"", ""printed_date"": ""12/08/2022""}"
2022-08-12,2022-08-12,Bulker Sales,1,STH LONDON,Ultramax,"60,446",2015,MITSUI 4,,,10/25 08/23 08/23,"MAN-B&W 6S50ME-B9.3 SS x 30 T, BWTS fitted DD MAN-B&W 6S50ME-B9.3 SS","{""stem"": ""2022-08-12_clarksons-platou-hellas-snp-weekly-bulletin-31_report-12-08-22_bd3e711833dc"", ""source_file"": ""2022-08-12_clarksons-platou-hellas-snp-weekly-bulletin-31_report-12-08-22_bd3e711833dc.pdf"", ""raw_built"": ""2015 MITSUI 4"", ""raw_details"": ""MAN-B&W 6S50ME-B9.3 SS x 30 T, BWTS fitted DD MAN-B&W 6S50ME-B9.3 SS"", ""printed_date"": ""12/08/2022""}"
2022-08-12,2022-08-12,Bulker Sales,1,STH OSLO,Ultramax,"60,404",2018,MITSUI 4,USD 330 M 220 M in cash,GREEKS,08/23 08/23 11/23 (USD,"MAN-B&W 6S50ME-B9.3 SS x 30 T, BWTS fitted DD MAN-B&W 6S50ME-B9.3 SS","{""stem"": ""2022-08-12_clarksons-platou-hellas-snp-weekly-bulletin-31_report-12-08-22_bd3e711833dc"", ""source_file"": ""2022-08-12_clarksons-platou-hellas-snp-weekly-bulletin-31_report-12-08-22_bd3e711833dc.pdf"", ""raw_built"": ""2018 MITSUI 4"", ""raw_details"": ""MAN-B&W 6S50ME-B9.3 SS x 30 T, BWTS fitted DD MAN-B&W 6S50ME-B9.3 SS"", ""printed_date"": ""12/08/2022""}"
2022-08-12,2022-08-12,Bulker Sales,1,STH MONTREAL,Ultramax,"60,362",2018,MITSUI 4,USD 330 M 220 M in cash (c/o USD 110 M in shares),GREEKS Diana Shipping),11/23 (USD 11/23 & 04/26,"MAN-B&W 6S50ME-B9.3 SS x 30 T, BWTS fitted DD Wartsila 6RT-flex50-D SS","{""stem"": ""2022-08-12_clarksons-platou-hellas-snp-weekly-bulletin-31_report-12-08-22_bd3e711833dc"", ""source_file"": ""2022-08-12_clarksons-platou-hellas-snp-weekly-bulletin-31_report-12-08-22_bd3e711833dc.pdf"", ""raw_built"": ""2018 MITSUI 4"", ""raw_details"": ""MAN-B&W 6S50ME-B9.3 SS x 30 T, BWTS fitted DD Wartsila 6RT-flex50-D SS"", ""printed_date"": ""12/08/2022""}"
2022-08-12,2022-08-12,Bulker Sales,1,STH KURE,Ultramax,"60,309",2016,JMU,shares),,04/26 02/24 01/26,"Wartsila 6RT-flex50-D SS 4 x 30, BWTS fitted DD Wartsila 6RT-flex50-D SS","{""stem"": ""2022-08-12_clarksons-platou-hellas-snp-weekly-bulletin-31_report-12-08-22_bd3e711833dc"", ""source_file"": ""2022-08-12_clarksons-platou-hellas-snp-weekly-bulletin-31_report-12-08-22_bd3e711833dc.pdf"", ""raw_built"": ""2016 JMU"", ""raw_details"": ""Wartsila 6RT-flex50-D SS 4 x 30, BWTS fitted DD Wartsila 6RT-flex50-D SS"", ""printed_date"": ""12/08/2022""}"
2022-08-12,2022-08-12,Bulker Sales,1,STH SYDNEY,Ultramax,"60,309",2016,JMU,,,01/26 01/24 02/26,"Wartsila 6RT-flex50-D SS 4 x 30, BWTS fitted DD Wartsila 6RT-flex50-D SS","{""stem"": ""2022-08-12_clarksons-platou-hellas-snp-weekly-bulletin-31_report-12-08-22_bd3e711833dc"", ""source_file"": ""2022-08-12_clarksons-platou-hellas-snp-weekly-bulletin-31_report-12-08-22_bd3e711833dc.pdf"", ""raw_built"": ""2016 JMU"", ""raw_details"": ""Wartsila 6RT-flex50-D SS 4 x 30, BWTS fitted DD Wartsila 6RT-flex50-D SS"", ""printed_date"": ""12/08/2022""}"
2022-08-12,2022-08-12,Bulker Sales,1,STH TOKYO,Ultramax,"60,309",2016,JMU,,,02/26 02/24 10/25,"Wartsila 6RT-flex50-D SS 4 x 30, BWTS fitted DD Wartsila 6RT-flex50-D SS","{""stem"": ""2022-08-12_clarksons-platou-hellas-snp-weekly-bulletin-31_report-12-08-22_bd3e711833dc"", ""source_file"": ""2022-08-12_clarksons-platou-hellas-snp-weekly-bulletin-31_report-12-08-22_bd3e711833dc.pdf"", ""raw_built"": ""2016 JMU"", ""raw_details"": ""Wartsila 6RT-flex50-D SS 4 x 30, BWTS fitted DD Wartsila 6RT-flex50-D SS"", ""printed_date"": ""12/08/2022""}"
2022-08-12,2022-08-12,Bulker Sales,1,STH NEW YORK,Ultramax,"60,309",2015,JMU,,,10/25 09/23 11/26,"Wartsila 6RT-flex50-D SS 4 x 30, BWTS fitted DD MITSUBISHI 6UEC45LA SS","{""stem"": ""2022-08-12_clarksons-platou-hellas-snp-weekly-bulletin-31_report-12-08-22_bd3e711833dc"", ""source_file"": ""2022-08-12_clarksons-platou-hellas-snp-weekly-bulletin-31_report-12-08-22_bd3e711833dc.pdf"", ""raw_built"": ""2015 JMU"", ""raw_details"": ""Wartsila 6RT-flex50-D SS 4 x 30, BWTS fitted DD MITSUBISHI 6UEC45LA SS"", ""printed_date"": ""12/08/2022""}"
2022-08-12,2022-08-12,Bulker Sales,1,BISCAYNE LIGHT,Handysize,"23,604",1997,SAIKI 4,USD 7 M,U/D,11/26 LOW 11/24,"MITSUBISHI 6UEC45LA SS x 30 T, BWTS fitted DD","{""stem"": ""2022-08-12_clarksons-platou-hellas-snp-weekly-bulletin-31_report-12-08-22_bd3e711833dc"", ""source_file"": ""2022-08-12_clarksons-platou-hellas-snp-weekly-bulletin-31_report-12-08-22_bd3e711833dc.pdf"", ""raw_built"": ""1997 SAIKI 4"", ""raw_details"": ""MITSUBISHI 6UEC45LA SS x 30 T, BWTS fitted DD"", ""printed_date"": ""12/08/2022""}"
2022-08-12,2022-08-12,Tanker Sales,1,BARONESS,Aframax,"105,335",2011,SUMITOMO,USD 35 M,U/D,01/26 RGN 10/23 12/23,MAN-B&W 6S60MC-C7.2 SS BWTS fitted DD MAN-B&W 6S50MC6.1 SS,"{""stem"": ""2022-08-12_clarksons-platou-hellas-snp-weekly-bulletin-31_report-12-08-22_bd3e711833dc"", ""source_file"": ""2022-08-12_clarksons-platou-hellas-snp-weekly-bulletin-31_report-12-08-22_bd3e711833dc.pdf"", ""raw_built"": ""2011 SUMITOMO"", ""raw_details"": ""MAN-B&W 6S60MC-C7.2 SS BWTS fitted DD MAN-B&W 6S50MC6.1 SS"", ""printed_date"": ""12/08/2022""}"
2022-08-12,2022-08-12,Tanker Sales,1,DEE4 DOGWOOD,MR,"47,399",2008,ONOMICHI,USD 44 M,U/D,12/23 12/23 RGN,MAN-B&W 6S50MC6.1 SS BWTS fitted DD,"{""stem"": ""2022-08-12_clarksons-platou-hellas-snp-weekly-bulletin-31_report-12-08-22_bd3e711833dc"", ""source_file"": ""2022-08-12_clarksons-platou-hellas-snp-weekly-bulletin-31_report-12-08-22_bd3e711833dc.pdf"", ""raw_built"": ""2008 ONOMICHI"", ""raw_details"": ""MAN-B&W 6S50MC6.1 SS BWTS fitted DD"", ""printed_date"": ""12/08/2022""}"
2022-08-12,2022-08-12,Tanker Sales,1,DEE4 CEDAR,MR,"45,994",2010,SHIN KURUSHIMA,(En Bloc),U/D,08/25 08/23,MAN-B&W 6S50MC-C8.1 SS BWTS fitted DD,"{""stem"": ""2022-08-12_clarksons-platou-hellas-snp-weekly-bulletin-31_report-12-08-22_bd3e711833dc"", ""source_file"": ""2022-08-12_clarksons-platou-hellas-snp-weekly-bulletin-31_report-12-08-22_bd3e711833dc.pdf"", ""raw_built"": ""2010 SHIN KURUSHIMA"", ""raw_details"": ""MAN-B&W 6S50MC-C8.1 SS BWTS fitted DD"", ""printed_date"": ""12/08/2022""}"
2022-08-19,2022-08-19,Bulker Sales,1,DEM FIVE,Handysize,"31,842",2002,HAKODATE,USD 11 M,U/D,12/22 RGN 12/22,MITSUBISHI 6UEC52LA SS 4 x 30 T DD,"{""stem"": ""2022-08-19_clarksons-platou-hellas-snp-weekly-bulletin-32_report-19-08-2022_39780c6a147f"", ""source_file"": ""2022-08-19_clarksons-platou-hellas-snp-weekly-bulletin-32_report-19-08-2022_39780c6a147f.pdf"", ""raw_built"": ""2002 HAKODATE"", ""raw_details"": ""MITSUBISHI 6UEC52LA SS 4 x 30 T DD"", ""printed_date"": ""19/08/2022""}"
2022-08-19,2022-08-19,Tanker Sales,1,ZEYNEP,Suezmax,"158,060",,MAN 2020 HHI BWTS,USD 222.5 M,,08/25 08/23,B.&W. 6G70ME-C9.5 SS & Scrubber fitted DD,"{""stem"": ""2022-08-19_clarksons-platou-hellas-snp-weekly-bulletin-32_report-19-08-2022_39780c6a147f"", ""source_file"": ""2022-08-19_clarksons-platou-hellas-snp-weekly-bulletin-32_report-19-08-2022_39780c6a147f.pdf"", ""raw_built"": ""MAN 2020 HHI BWTS"", ""raw_details"": ""B.&W. 6G70ME-C9.5 SS & Scrubber fitted DD"", ""printed_date"": ""19/08/2022""}"
2022-08-19,2022-08-19,Tanker Sales,1,AYSE C,Suezmax,"158,060",2020,HHI BWTS,USD 222.5 M Bloc deal including six-year (c/o,NORWEGIANS SFL Corp),08/23 (En 03/25,& Scrubber fitted DD SS,"{""stem"": ""2022-08-19_clarksons-platou-hellas-snp-weekly-bulletin-32_report-19-08-2022_39780c6a147f"", ""source_file"": ""2022-08-19_clarksons-platou-hellas-snp-weekly-bulletin-32_report-19-08-2022_39780c6a147f.pdf"", ""raw_built"": ""2020 HHI BWTS"", ""raw_details"": ""& Scrubber fitted DD SS"", ""printed_date"": ""19/08/2022""}"
2022-08-19,2022-08-19,Tanker Sales,1,ISTANBUL,Suezmax,"159,500",,MAN B. 2015 BOHAI BWTS,including six-year (c/o charters to Industries),SFL Corp),03/25 time 05/23 Koch 01/25,SS DD & W. 6S70ME-C8.2 & Scrubber fitted SS,"{""stem"": ""2022-08-19_clarksons-platou-hellas-snp-weekly-bulletin-32_report-19-08-2022_39780c6a147f"", ""source_file"": ""2022-08-19_clarksons-platou-hellas-snp-weekly-bulletin-32_report-19-08-2022_39780c6a147f.pdf"", ""raw_built"": ""MAN B. 2015 BOHAI BWTS"", ""raw_details"": ""SS DD & W. 6S70ME-C8.2 & Scrubber fitted SS"", ""printed_date"": ""19/08/2022""}"
2022-08-19,2022-08-19,Tanker Sales,1,ATINA,Suezmax,"159,500",2015,BOHAI BWTS MAN B.,,,01/25 04/23 09/22,& Scrubber fitted SS DD & W. 6S50MC-C8.1 SS,"{""stem"": ""2022-08-19_clarksons-platou-hellas-snp-weekly-bulletin-32_report-19-08-2022_39780c6a147f"", ""source_file"": ""2022-08-19_clarksons-platou-hellas-snp-weekly-bulletin-32_report-19-08-2022_39780c6a147f.pdf"", ""raw_built"": ""2015 BOHAI BWTS MAN B."", ""raw_details"": ""& Scrubber fitted SS DD & W. 6S50MC-C8.1 SS"", ""printed_date"": ""19/08/2022""}"
2022-08-19,2022-08-19,Tanker Sales,1,RIDGEBURY SATURN,MR,"49,999",,MAN B. 2007 HMD 12,USD 18 M,GREEKS,09/22 RGN 09/22,"& W. 6S50MC-C8.1 SS Pumps, BWTS Due DD","{""stem"": ""2022-08-19_clarksons-platou-hellas-snp-weekly-bulletin-32_report-19-08-2022_39780c6a147f"", ""source_file"": ""2022-08-19_clarksons-platou-hellas-snp-weekly-bulletin-32_report-19-08-2022_39780c6a147f.pdf"", ""raw_built"": ""MAN B. 2007 HMD 12"", ""raw_details"": ""& W. 6S50MC-C8.1 SS Pumps, BWTS Due DD"", ""printed_date"": ""19/08/2022""}"
2022-08-26,2022-08-26,Bulker Sales,1,FW ADVENTURER,Handysize,"34,487",,MAN B. 2019 HAKODATE 4 x,USD 28.3 M,GREEKS,01/24 01/24,"& W. 6S46ME-B8.5 SS 30 T, Logs fitted DD BWTS fitted","{""stem"": ""2022-08-26_clarksons-platou-hellas-snp-weekly-bulletin-33_report-26-08-2022_12453d6cbe2d"", ""source_file"": ""2022-08-26_clarksons-platou-hellas-snp-weekly-bulletin-33_report-26-08-2022_12453d6cbe2d.pdf"", ""raw_built"": ""MAN B. 2019 HAKODATE 4 x"", ""raw_details"": ""& W. 6S46ME-B8.5 SS 30 T, Logs fitted DD BWTS fitted"", ""printed_date"": ""26/08/2022""}"
2022-08-26,2022-08-26,Tanker Sales,1,IMPERIA,Aframax,"114,849",,MAN 2006 SAMSUNG Ice MAN B.,USD 32 M,U/D,03/23 03/23,"B. & W. 7S60MC6.1 SS Class 1A, BWTS fitted DD & W. 6S60MC-C8.1","{""stem"": ""2022-08-26_clarksons-platou-hellas-snp-weekly-bulletin-33_report-26-08-2022_12453d6cbe2d"", ""source_file"": ""2022-08-26_clarksons-platou-hellas-snp-weekly-bulletin-33_report-26-08-2022_12453d6cbe2d.pdf"", ""raw_built"": ""MAN 2006 SAMSUNG Ice MAN B."", ""raw_details"": ""B. & W. 7S60MC6.1 SS Class 1A, BWTS fitted DD & W. 6S60MC-C8.1"", ""printed_date"": ""26/08/2022""}"
2022-08-26,2022-08-26,Tanker Sales,1,ALPINE AMALIA,Aframax,"105,304",,MAN B. 3 2010 HHI Scrubber,USD 36.5 M,GREEKS,06/25 11/24,"& W. 6S60MC-C8.1 SS Pumps, Trading CPP DD & BWTS fitted","{""stem"": ""2022-08-26_clarksons-platou-hellas-snp-weekly-bulletin-33_report-26-08-2022_12453d6cbe2d"", ""source_file"": ""2022-08-26_clarksons-platou-hellas-snp-weekly-bulletin-33_report-26-08-2022_12453d6cbe2d.pdf"", ""raw_built"": ""MAN B. 3 2010 HHI Scrubber"", ""raw_details"": ""& W. 6S60MC-C8.1 SS Pumps, Trading CPP DD & BWTS fitted"", ""printed_date"": ""26/08/2022""}"
2022-08-26,2022-08-26,Tanker Sales,1,AGNES VICTORY,MR,"47,400",2004,ULJANIK MAN B. BRODOGRADILISTE 10,MID-HIGH USD 16 M,U/D,02/24 02/24,"& W. 6S50MC-C8.1 SS Pumps, IMO II DD","{""stem"": ""2022-08-26_clarksons-platou-hellas-snp-weekly-bulletin-33_report-26-08-2022_12453d6cbe2d"", ""source_file"": ""2022-08-26_clarksons-platou-hellas-snp-weekly-bulletin-33_report-26-08-2022_12453d6cbe2d.pdf"", ""raw_built"": ""2004 ULJANIK MAN B. BRODOGRADILISTE 10"", ""raw_details"": ""& W. 6S50MC-C8.1 SS Pumps, IMO II DD"", ""printed_date"": ""26/08/2022""}"
2022-09-03,2022-09-03,Bulker Sales,1,MALTO HOPE,Handysize,"28,226",,"MAN 2013 I-S SHIPYARD 4 x 30 T,",USD 13.6 M MIDDLE,EASTERNS,07/23 07/23,B&W 6S42MC6 SS Logs & BWTS fitted DD,"{""stem"": ""2022-09-03_clarksons-platou-hellas-snp-weekly-bulletin-34_report-02-09-2022_3ed076c9b22b"", ""source_file"": ""2022-09-03_clarksons-platou-hellas-snp-weekly-bulletin-34_report-02-09-2022_3ed076c9b22b.pdf"", ""raw_built"": ""MAN 2013 I-S SHIPYARD 4 x 30 T,"", ""raw_details"": ""B&W 6S42MC6 SS Logs & BWTS fitted DD"", ""printed_date"": ""03/09/2022""}"
2022-09-03,2022-09-03,Tanker Sales,1,DHT EDELWEISS,VLCC,"301,021",,MAN 2008 DAEWOO Cap MAN,USD 37 M,U/D,01/23 01/23 10/23,"B&W 7S80MC6.1 SS 1, BWTS Due DD B&W 7S60MC-C7.1 SS","{""stem"": ""2022-09-03_clarksons-platou-hellas-snp-weekly-bulletin-34_report-02-09-2022_3ed076c9b22b"", ""source_file"": ""2022-09-03_clarksons-platou-hellas-snp-weekly-bulletin-34_report-02-09-2022_3ed076c9b22b.pdf"", ""raw_built"": ""MAN 2008 DAEWOO Cap MAN"", ""raw_details"": ""B&W 7S80MC6.1 SS 1, BWTS Due DD B&W 7S60MC-C7.1 SS"", ""printed_date"": ""03/09/2022""}"
2022-09-03,2022-09-03,Tanker Sales,1,CELSIUS EVERETT,Aframax,"113,091",,"MAN 2008 NEW TIMES Lr2, 3 MAN",USD 62 M (En Bloc),U/D,10/23 MID 10/23 10/24,"B&W 7S60MC-C7.1 SS Pumps, BWTS Due DD B&W 7S60MC-C7.1 SS","{""stem"": ""2022-09-03_clarksons-platou-hellas-snp-weekly-bulletin-34_report-02-09-2022_3ed076c9b22b"", ""source_file"": ""2022-09-03_clarksons-platou-hellas-snp-weekly-bulletin-34_report-02-09-2022_3ed076c9b22b.pdf"", ""raw_built"": ""MAN 2008 NEW TIMES Lr2, 3 MAN"", ""raw_details"": ""B&W 7S60MC-C7.1 SS Pumps, BWTS Due DD B&W 7S60MC-C7.1 SS"", ""printed_date"": ""03/09/2022""}"
2022-09-03,2022-09-03,Tanker Sales,1,CELSIUS ESBJERG,Aframax,"113,091",,"MAN 2009 NEW TIMES Lr2, 3 MAN",(En Bloc),U/D,10/24 11/22,"B&W 7S60MC-C7.1 SS Pumps, BWTS fitted DD B&W 7S60MC-C7.1","{""stem"": ""2022-09-03_clarksons-platou-hellas-snp-weekly-bulletin-34_report-02-09-2022_3ed076c9b22b"", ""source_file"": ""2022-09-03_clarksons-platou-hellas-snp-weekly-bulletin-34_report-02-09-2022_3ed076c9b22b.pdf"", ""raw_built"": ""MAN 2009 NEW TIMES Lr2, 3 MAN"", ""raw_details"": ""B&W 7S60MC-C7.1 SS Pumps, BWTS fitted DD B&W 7S60MC-C7.1"", ""printed_date"": ""03/09/2022""}"
2022-09-03,2022-09-03,Tanker Sales,1,LILA FUJAIRAH,Aframax,"113,849",,MAN Trading 2007 DAEWOO,USD 27.8 M,U/D,10/22 10/22,"B&W 7S60MC-C7.1 SS CPP, 3 Pumps DD BWTS Due","{""stem"": ""2022-09-03_clarksons-platou-hellas-snp-weekly-bulletin-34_report-02-09-2022_3ed076c9b22b"", ""source_file"": ""2022-09-03_clarksons-platou-hellas-snp-weekly-bulletin-34_report-02-09-2022_3ed076c9b22b.pdf"", ""raw_built"": ""MAN Trading 2007 DAEWOO"", ""raw_details"": ""B&W 7S60MC-C7.1 SS CPP, 3 Pumps DD BWTS Due"", ""printed_date"": ""03/09/2022""}"
2022-09-03,2022-09-03,Tanker Sales,1,ARGO,Aframax,"105,188",,MAN 2009 HHI Trading,MID-HIGH UAE USD 33 M,Based,04/24 06/25,"B&W 6S60MC6.1 SS DPP, BWTS fitted DD","{""stem"": ""2022-09-03_clarksons-platou-hellas-snp-weekly-bulletin-34_report-02-09-2022_3ed076c9b22b"", ""source_file"": ""2022-09-03_clarksons-platou-hellas-snp-weekly-bulletin-34_report-02-09-2022_3ed076c9b22b.pdf"", ""raw_built"": ""MAN 2009 HHI Trading"", ""raw_details"": ""B&W 6S60MC6.1 SS DPP, BWTS fitted DD"", ""printed_date"": ""03/09/2022""}"
2022-09-03,2022-09-03,Tanker Sales,1,BALTIC MONARCH,Handysize,"37,273",,MAN IMO 2006 HMD,USD 15.1 M MIDDLE,EASTERNS,06/26 12/24,"B&W 6S50MC-C8.1 SS 3, Ice Class 1B DD BWTS fitted","{""stem"": ""2022-09-03_clarksons-platou-hellas-snp-weekly-bulletin-34_report-02-09-2022_3ed076c9b22b"", ""source_file"": ""2022-09-03_clarksons-platou-hellas-snp-weekly-bulletin-34_report-02-09-2022_3ed076c9b22b.pdf"", ""raw_built"": ""MAN IMO 2006 HMD"", ""raw_details"": ""B&W 6S50MC-C8.1 SS 3, Ice Class 1B DD BWTS fitted"", ""printed_date"": ""03/09/2022""}"
2022-09-09,2022-09-09,Bulker Sales,1,ECO DESTINY,Handysize,"35,287",,MAN B. 2005 SHIKOKU 4 x,USD 12.7 M MIDDLE,EASTERNS,05/25 04/23,"& W. 6S46MC-C7.1 SS 30 T, BWTS fitted DD","{""stem"": ""2022-09-09_clarksons-platou-hellas-snp-weekly-bulletin-35_report-09-09-2022_8b83cce5d31c"", ""source_file"": ""2022-09-09_clarksons-platou-hellas-snp-weekly-bulletin-35_report-09-09-2022_8b83cce5d31c.pdf"", ""raw_built"": ""MAN B. 2005 SHIKOKU 4 x"", ""raw_details"": ""& W. 6S46MC-C7.1 SS 30 T, BWTS fitted DD"", ""printed_date"": ""09/09/2022""}"
2022-09-09,2022-09-09,Tanker Sales,1,CELSIUS MEXICO,Handysize,"20,866",,MAN 2008 Stainless SHIN KURUSHIMA IMO,USD 14.9 M,CHINESE,09/22 09/22,"B. & W. 6S42MC7.1 SS Steel, 20 Pumps DD II/III, BWTS Due","{""stem"": ""2022-09-09_clarksons-platou-hellas-snp-weekly-bulletin-35_report-09-09-2022_8b83cce5d31c"", ""source_file"": ""2022-09-09_clarksons-platou-hellas-snp-weekly-bulletin-35_report-09-09-2022_8b83cce5d31c.pdf"", ""raw_built"": ""MAN 2008 Stainless SHIN KURUSHIMA IMO"", ""raw_details"": ""B. & W. 6S42MC7.1 SS Steel, 20 Pumps DD II/III, BWTS Due"", ""printed_date"": ""09/09/2022""}"
2022-09-16,2022-09-16,Bulker Sales,1,SPRING BRAVE,Capesize,"206,306",2007,IMABARI MAN B.,USD 17 M,U/D,12/22 DD12/22,SS & W. 6S70MC-C7.1,"{""stem"": ""2022-09-16_clarksons-platou-hellas-snp-weekly-bulletin-36_report-16-09-2022_e15e932d55c6"", ""source_file"": ""2022-09-16_clarksons-platou-hellas-snp-weekly-bulletin-36_report-16-09-2022_e15e932d55c6.pdf"", ""raw_built"": ""2007 IMABARI MAN B."", ""raw_details"": ""SS & W. 6S70MC-C7.1"", ""printed_date"": ""16/09/2022""}"
2022-09-16,2022-09-16,Bulker Sales,1,SAGARJEET,Supramax,"58,079",2009,"TSUNEISHI, MAN-B&W ZHOUSHAN",USD 16 M,U/D,05/24 05/24,SS 6S50MC-C8.2 DD 4 X 30 T,"{""stem"": ""2022-09-16_clarksons-platou-hellas-snp-weekly-bulletin-36_report-16-09-2022_e15e932d55c6"", ""source_file"": ""2022-09-16_clarksons-platou-hellas-snp-weekly-bulletin-36_report-16-09-2022_e15e932d55c6.pdf"", ""raw_built"": ""2009 TSUNEISHI, MAN-B&W ZHOUSHAN"", ""raw_details"": ""SS 6S50MC-C8.2 DD 4 X 30 T"", ""printed_date"": ""16/09/2022""}"
2022-09-16,2022-09-16,Bulker Sales,1,AQUARIUS 77,Handysize,"35,737",2016,"TSUNEISHI, MAN-B&W CEBU 4 X",USD 21 M,U/D,02/26 03/24,"6S50ME-B9.3 SS 30 T, BWTS FITTED DD","{""stem"": ""2022-09-16_clarksons-platou-hellas-snp-weekly-bulletin-36_report-16-09-2022_e15e932d55c6"", ""source_file"": ""2022-09-16_clarksons-platou-hellas-snp-weekly-bulletin-36_report-16-09-2022_e15e932d55c6.pdf"", ""raw_built"": ""2016 TSUNEISHI, MAN-B&W CEBU 4 X"", ""raw_details"": ""6S50ME-B9.3 SS 30 T, BWTS FITTED DD"", ""printed_date"": ""16/09/2022""}"
2022-09-16,2022-09-16,Tanker Sales,1,BEKS ATLANTICA,Aframax,"114,895",,MAN B. 2006 SAMSUNG BWTS MAN B.,33 M MIDDLE,EASTERNS,11/26 USD 02/25 03/26,"& W. 7S60MC6.1, SS FITTED, ICE 1A DD & W. 6S46MC-C7.1 SS","{""stem"": ""2022-09-16_clarksons-platou-hellas-snp-weekly-bulletin-36_report-16-09-2022_e15e932d55c6"", ""source_file"": ""2022-09-16_clarksons-platou-hellas-snp-weekly-bulletin-36_report-16-09-2022_e15e932d55c6.pdf"", ""raw_built"": ""MAN B. 2006 SAMSUNG BWTS MAN B."", ""raw_details"": ""& W. 7S60MC6.1, SS FITTED, ICE 1A DD & W. 6S46MC-C7.1 SS"", ""printed_date"": ""16/09/2022""}"
2022-09-16,2022-09-16,Tanker Sales,1,STENA PROVENCE,Panamax,"65,125",,MAN B. 2006 BRODOSPLIT BWTS MAN B.,,,03/26 04/24 05/26,"& W. 6S46MC-C7.1 SS FITTED, ICE 1B DD & W. 6S46MC-C7.1 SS","{""stem"": ""2022-09-16_clarksons-platou-hellas-snp-weekly-bulletin-36_report-16-09-2022_e15e932d55c6"", ""source_file"": ""2022-09-16_clarksons-platou-hellas-snp-weekly-bulletin-36_report-16-09-2022_e15e932d55c6.pdf"", ""raw_built"": ""MAN B. 2006 BRODOSPLIT BWTS MAN B."", ""raw_details"": ""& W. 6S46MC-C7.1 SS FITTED, ICE 1B DD & W. 6S46MC-C7.1 SS"", ""printed_date"": ""16/09/2022""}"
2022-09-16,2022-09-16,Tanker Sales,1,STENA PRIMOSRK,Handysize,65.125,,MAN B. 2006 BRODOSPLIT BWTS,20 M EACH,EUROPEANS,05/26 USD 05/24,"& W. 6S46MC-C7.1 SS FITTED, ICE 1B DD","{""stem"": ""2022-09-16_clarksons-platou-hellas-snp-weekly-bulletin-36_report-16-09-2022_e15e932d55c6"", ""source_file"": ""2022-09-16_clarksons-platou-hellas-snp-weekly-bulletin-36_report-16-09-2022_e15e932d55c6.pdf"", ""raw_built"": ""MAN B. 2006 BRODOSPLIT BWTS"", ""raw_details"": ""& W. 6S46MC-C7.1 SS FITTED, ICE 1B DD"", ""printed_date"": ""16/09/2022""}"
2022-09-16,2022-09-16,Tanker Sales,1,STENA PERFORMANCE,Panamax,"65,125",,MAN B. 2006 BRODOSPLIT BWTS,,,06/26 09/24,"& W. 6S46MC-C7.1 SS FITTED, ICE 1B DD","{""stem"": ""2022-09-16_clarksons-platou-hellas-snp-weekly-bulletin-36_report-16-09-2022_e15e932d55c6"", ""source_file"": ""2022-09-16_clarksons-platou-hellas-snp-weekly-bulletin-36_report-16-09-2022_e15e932d55c6.pdf"", ""raw_built"": ""MAN B. 2006 BRODOSPLIT BWTS"", ""raw_details"": ""& W. 6S46MC-C7.1 SS FITTED, ICE 1B DD"", ""printed_date"": ""16/09/2022""}"
2022-09-23,2022-09-23,Bulker Sales,1,FRONTIER TRIUMPH,Capesize,"181,429",,MAN B. 2012 IMABARI MAN B.,USD 29 M,CHINESE,08/25 HIGH 06/23,& W. 6S70MC-C7.2 SS BWTS Fitted DD & W. 6S70MC6.1,"{""stem"": ""2022-09-23_clarksons-platou-hellas-snp-weekly-bulletin-37_report-23-09-2022_0862f71b711b"", ""source_file"": ""2022-09-23_clarksons-platou-hellas-snp-weekly-bulletin-37_report-23-09-2022_0862f71b711b.pdf"", ""raw_built"": ""MAN B. 2012 IMABARI MAN B."", ""raw_details"": ""& W. 6S70MC-C7.2 SS BWTS Fitted DD & W. 6S70MC6.1"", ""printed_date"": ""23/09/2022""}"
2022-09-23,2022-09-23,Bulker Sales,1,COUGAR,Capesize,"177,493",,MAN B. 2002 MITSUI,USD 14.3 M,TURKISH,04/25 04/23,& W. 6S70MC6.1 SS BWTS Due DD MITSUBISHI 6UEC60LSII,"{""stem"": ""2022-09-23_clarksons-platou-hellas-snp-weekly-bulletin-37_report-23-09-2022_0862f71b711b"", ""source_file"": ""2022-09-23_clarksons-platou-hellas-snp-weekly-bulletin-37_report-23-09-2022_0862f71b711b.pdf"", ""raw_built"": ""MAN B. 2002 MITSUI"", ""raw_details"": ""& W. 6S70MC6.1 SS BWTS Due DD MITSUBISHI 6UEC60LSII"", ""printed_date"": ""23/09/2022""}"
2022-09-23,2022-09-23,Bulker Sales,1,SUNNY SAILOR,Kamsarmax,"91,625",2000,OSHIMA MAN B.,USD 9.8 M,CHINESE,01/25 01/23,MITSUBISHI 6UEC60LSII SS BWTS Fitted DD & W. 6S60MC-C7.2,"{""stem"": ""2022-09-23_clarksons-platou-hellas-snp-weekly-bulletin-37_report-23-09-2022_0862f71b711b"", ""source_file"": ""2022-09-23_clarksons-platou-hellas-snp-weekly-bulletin-37_report-23-09-2022_0862f71b711b.pdf"", ""raw_built"": ""2000 OSHIMA MAN B."", ""raw_details"": ""MITSUBISHI 6UEC60LSII SS BWTS Fitted DD & W. 6S60MC-C7.2"", ""printed_date"": ""23/09/2022""}"
2022-09-23,2022-09-23,Bulker Sales,1,BUENOS AIRES,Kamsarmax,"83,366",,MAN B. 2011 SANOYAS MAN B.,USD 21.1 M,GREEKS,12/26 12/24,& W. 6S60MC-C7.2 SS BWTS Fitted DD & W. 6S46MC-C7.2,"{""stem"": ""2022-09-23_clarksons-platou-hellas-snp-weekly-bulletin-37_report-23-09-2022_0862f71b711b"", ""source_file"": ""2022-09-23_clarksons-platou-hellas-snp-weekly-bulletin-37_report-23-09-2022_0862f71b711b.pdf"", ""raw_built"": ""MAN B. 2011 SANOYAS MAN B."", ""raw_details"": ""& W. 6S60MC-C7.2 SS BWTS Fitted DD & W. 6S46MC-C7.2"", ""printed_date"": ""23/09/2022""}"
2022-09-23,2022-09-23,Bulker Sales,1,ORTOLAN ALPHA STRAIT,Handysize,"34,184",,MAN B. 2010 SEKO LOGS,USD 15 M,CHINESE,08/25 RGN 05/23,& W. 6S46MC-C7.2 SS 4 x 30 T DD & BWTS Fitted,"{""stem"": ""2022-09-23_clarksons-platou-hellas-snp-weekly-bulletin-37_report-23-09-2022_0862f71b711b"", ""source_file"": ""2022-09-23_clarksons-platou-hellas-snp-weekly-bulletin-37_report-23-09-2022_0862f71b711b.pdf"", ""raw_built"": ""MAN B. 2010 SEKO LOGS"", ""raw_details"": ""& W. 6S46MC-C7.2 SS 4 x 30 T DD & BWTS Fitted"", ""printed_date"": ""23/09/2022""}"
2022-09-23,2022-09-23,Tanker Sales,1,HILWAH,VLCC,"316,808",2002,HHI,USD 37.5 M,CHINESE,12/22 12/22,SULZER 7RTA84T-B SS BWTS Due DD,"{""stem"": ""2022-09-23_clarksons-platou-hellas-snp-weekly-bulletin-37_report-23-09-2022_0862f71b711b"", ""source_file"": ""2022-09-23_clarksons-platou-hellas-snp-weekly-bulletin-37_report-23-09-2022_0862f71b711b.pdf"", ""raw_built"": ""2002 HHI"", ""raw_details"": ""SULZER 7RTA84T-B SS BWTS Due DD"", ""printed_date"": ""23/09/2022""}"
2022-09-23,2022-09-23,Tanker Sales,1,AMBER,Panamax,"73,981",2008,NEW MAN B. CENTURY 3,USD 18.4 M,U/D,08/23 08/23,"& W. 5S60MC-C7.1 SS Pumps, BWTS Due DD","{""stem"": ""2022-09-23_clarksons-platou-hellas-snp-weekly-bulletin-37_report-23-09-2022_0862f71b711b"", ""source_file"": ""2022-09-23_clarksons-platou-hellas-snp-weekly-bulletin-37_report-23-09-2022_0862f71b711b.pdf"", ""raw_built"": ""2008 NEW MAN B. CENTURY 3"", ""raw_details"": ""& W. 5S60MC-C7.1 SS Pumps, BWTS Due DD"", ""printed_date"": ""23/09/2022""}"
2022-09-23,2022-09-23,Tanker Sales,1,AZURITE,Panamax,"73,948",2008,NEW MAN B. 3 CENTURY,USD 18.4 M,U/D,09/23 09/23,"& W. 5S60MC-C7.1 SS Pumps, BWTS Due DD","{""stem"": ""2022-09-23_clarksons-platou-hellas-snp-weekly-bulletin-37_report-23-09-2022_0862f71b711b"", ""source_file"": ""2022-09-23_clarksons-platou-hellas-snp-weekly-bulletin-37_report-23-09-2022_0862f71b711b.pdf"", ""raw_built"": ""2008 NEW MAN B. 3 CENTURY"", ""raw_details"": ""& W. 5S60MC-C7.1 SS Pumps, BWTS Due DD"", ""printed_date"": ""23/09/2022""}"
2022-09-23,2022-09-23,Tanker Sales,1,POLAR UNICORN,Panamax,"73,956",,"MAN B. 2008 ONOMICHI LR1, Ice MAN B.",USD 22 M,U/D,01/23 HIGH 01/23,"& W. 6S60MC-C7.1 SS Class IA, 3 Pumps DD BWTS Due & W. 6S50MC-C8.1","{""stem"": ""2022-09-23_clarksons-platou-hellas-snp-weekly-bulletin-37_report-23-09-2022_0862f71b711b"", ""source_file"": ""2022-09-23_clarksons-platou-hellas-snp-weekly-bulletin-37_report-23-09-2022_0862f71b711b.pdf"", ""raw_built"": ""MAN B. 2008 ONOMICHI LR1, Ice MAN B."", ""raw_details"": ""& W. 6S60MC-C7.1 SS Class IA, 3 Pumps DD BWTS Due & W. 6S50MC-C8.1"", ""printed_date"": ""23/09/2022""}"
2022-09-23,2022-09-23,Tanker Sales,1,SURFER ROSA,MR,"46,719",,MAN B. Ice 2004 HMD,USD 16 M,GREEKS,02/24 RGN 02/24,"& W. 6S50MC-C8.1 SS Class 1C, 12 Pumps DD BWTS Due","{""stem"": ""2022-09-23_clarksons-platou-hellas-snp-weekly-bulletin-37_report-23-09-2022_0862f71b711b"", ""source_file"": ""2022-09-23_clarksons-platou-hellas-snp-weekly-bulletin-37_report-23-09-2022_0862f71b711b.pdf"", ""raw_built"": ""MAN B. Ice 2004 HMD"", ""raw_details"": ""& W. 6S50MC-C8.1 SS Class 1C, 12 Pumps DD BWTS Due"", ""printed_date"": ""23/09/2022""}"
2022-09-23,2022-09-23,Tanker Sales,1,SELANDIA SWAN,Handysize,"17,998",2008,GISAN Ice (TURKEY),USD 12.4 M,GERMANS,02/23 02/23,"MAK 7M43C SS Class E3, 14 Pumps DD BWTS Due","{""stem"": ""2022-09-23_clarksons-platou-hellas-snp-weekly-bulletin-37_report-23-09-2022_0862f71b711b"", ""source_file"": ""2022-09-23_clarksons-platou-hellas-snp-weekly-bulletin-37_report-23-09-2022_0862f71b711b.pdf"", ""raw_built"": ""2008 GISAN Ice (TURKEY)"", ""raw_details"": ""MAK 7M43C SS Class E3, 14 Pumps DD BWTS Due"", ""printed_date"": ""23/09/2022""}"
2022-09-23,2022-09-23,Tanker Sales,1,JUTLANDIA SWAN,Handysize,"17,998",2008,CICEK Ice (TURKEY),USD 11.6 M,,01/23 01/23,"MAK 7M43C SS Class E3, 14 Pumps DD BWTS Due","{""stem"": ""2022-09-23_clarksons-platou-hellas-snp-weekly-bulletin-37_report-23-09-2022_0862f71b711b"", ""source_file"": ""2022-09-23_clarksons-platou-hellas-snp-weekly-bulletin-37_report-23-09-2022_0862f71b711b.pdf"", ""raw_built"": ""2008 CICEK Ice (TURKEY)"", ""raw_details"": ""MAK 7M43C SS Class E3, 14 Pumps DD BWTS Due"", ""printed_date"": ""23/09/2022""}"
2022-09-30,2022-09-30,Bulker Sales,1,ALEXANDRA,Kamsarmax,"82,329",,MAN B. 2006 TSUNEISHI ZOSEN,16.35 M,TURKISH,12/25 USD 01/24,& W. 7S50MC-C8.1 SS BWTS Fitted DD,"{""stem"": ""2022-09-30_clarksons-platou-hellas-snp-weekly-bulletin-38_report-30-09-2022_c7ff7721f840"", ""source_file"": ""2022-09-30_clarksons-platou-hellas-snp-weekly-bulletin-38_report-30-09-2022_c7ff7721f840.pdf"", ""raw_built"": ""MAN B. 2006 TSUNEISHI ZOSEN"", ""raw_details"": ""& W. 7S50MC-C8.1 SS BWTS Fitted DD"", ""printed_date"": ""30/09/2022""}"
2022-09-30,2022-09-30,Bulker Sales,1,GOLDEN HARVEST,Panamax,"76,623",,MAN 2001 IMABARI MAN B.,USD 10.5 M,CHINESE,07/26 12/23,B. & W. 6S60MC6 SS BWTS Fitted DD & W. 6S50ME-B9.3,"{""stem"": ""2022-09-30_clarksons-platou-hellas-snp-weekly-bulletin-38_report-30-09-2022_c7ff7721f840"", ""source_file"": ""2022-09-30_clarksons-platou-hellas-snp-weekly-bulletin-38_report-30-09-2022_c7ff7721f840.pdf"", ""raw_built"": ""MAN 2001 IMABARI MAN B."", ""raw_details"": ""B. & W. 6S60MC6 SS BWTS Fitted DD & W. 6S50ME-B9.3"", ""printed_date"": ""30/09/2022""}"
2022-09-30,2022-09-30,Bulker Sales,1,NORD BARENTS,Ultramax,"62,625",,MAN B. 2019 OSHIMA BWTS,33.25 M,U/D,02/24 USD 02/24,& W. 6S50ME-B9.3 SS 4 x 30 T DD & SCRUBBER Fitted,"{""stem"": ""2022-09-30_clarksons-platou-hellas-snp-weekly-bulletin-38_report-30-09-2022_c7ff7721f840"", ""source_file"": ""2022-09-30_clarksons-platou-hellas-snp-weekly-bulletin-38_report-30-09-2022_c7ff7721f840.pdf"", ""raw_built"": ""MAN B. 2019 OSHIMA BWTS"", ""raw_details"": ""& W. 6S50ME-B9.3 SS 4 x 30 T DD & SCRUBBER Fitted"", ""printed_date"": ""30/09/2022""}"
2022-09-30,2022-09-30,Bulker Sales,1,ULTRA DYNAMIC,Ultramax,"61,412",,MAN B. 2011 SHIN KASADO 4 x BWTS,USD 22.9 M HK,BASED,07/26 05/23,& W. 6S50MC-C8.2 SS 30 T & GRABS DD & SCRUBBER Fitted,"{""stem"": ""2022-09-30_clarksons-platou-hellas-snp-weekly-bulletin-38_report-30-09-2022_c7ff7721f840"", ""source_file"": ""2022-09-30_clarksons-platou-hellas-snp-weekly-bulletin-38_report-30-09-2022_c7ff7721f840.pdf"", ""raw_built"": ""MAN B. 2011 SHIN KASADO 4 x BWTS"", ""raw_details"": ""& W. 6S50MC-C8.2 SS 30 T & GRABS DD & SCRUBBER Fitted"", ""printed_date"": ""30/09/2022""}"
2022-09-30,2022-09-30,Bulker Sales,1,DREAM OCEAN,Handysize,"33,383",2013,4 x SHIN KURUSHIMA,17.65 M,U/D,08/25 USD 06/23,"MITSUBISHI 6UEC45LSE SS 30 T, BWTS Fitted DD","{""stem"": ""2022-09-30_clarksons-platou-hellas-snp-weekly-bulletin-38_report-30-09-2022_c7ff7721f840"", ""source_file"": ""2022-09-30_clarksons-platou-hellas-snp-weekly-bulletin-38_report-30-09-2022_c7ff7721f840.pdf"", ""raw_built"": ""2013 4 x SHIN KURUSHIMA"", ""raw_details"": ""MITSUBISHI 6UEC45LSE SS 30 T, BWTS Fitted DD"", ""printed_date"": ""30/09/2022""}"
2022-09-30,2022-09-30,Bulker Sales,1,ANACAPA LIGHT,Handysize,"31,603",2005,SAIKI BWTS,USD 12.4 M,TURKISH,08/25 08/23,MITSUBISHI 6UEC52LA SS 4 x 30 T DD & LOGS Fitted,"{""stem"": ""2022-09-30_clarksons-platou-hellas-snp-weekly-bulletin-38_report-30-09-2022_c7ff7721f840"", ""source_file"": ""2022-09-30_clarksons-platou-hellas-snp-weekly-bulletin-38_report-30-09-2022_c7ff7721f840.pdf"", ""raw_built"": ""2005 SAIKI BWTS"", ""raw_details"": ""MITSUBISHI 6UEC52LA SS 4 x 30 T DD & LOGS Fitted"", ""printed_date"": ""30/09/2022""}"
2022-09-30,2022-09-30,Tanker Sales,1,VINGA,Suezmax,"158,982",2012,SAMSUNG HI MAN B. MAN-B&W,USD 42 M,GREEKS,11/22 RGN 11/22 09/26,SS & W. 6S70ME-C7.2 DD 6S60MC-C8.2 SS,"{""stem"": ""2022-09-30_clarksons-platou-hellas-snp-weekly-bulletin-38_report-30-09-2022_c7ff7721f840"", ""source_file"": ""2022-09-30_clarksons-platou-hellas-snp-weekly-bulletin-38_report-30-09-2022_c7ff7721f840.pdf"", ""raw_built"": ""2012 SAMSUNG HI MAN B. MAN-B&W"", ""raw_details"": ""SS & W. 6S70ME-C7.2 DD 6S60MC-C8.2 SS"", ""printed_date"": ""30/09/2022""}"
2022-09-30,2022-09-30,Tanker Sales,1,PHOENIX BEACON,Aframax,"105,525",,MAN-B&W 2011 HHI,USD 35 M,GREEKS,09/26 08/24,6S60MC-C8.2 SS BWTS Fitted DD,"{""stem"": ""2022-09-30_clarksons-platou-hellas-snp-weekly-bulletin-38_report-30-09-2022_c7ff7721f840"", ""source_file"": ""2022-09-30_clarksons-platou-hellas-snp-weekly-bulletin-38_report-30-09-2022_c7ff7721f840.pdf"", ""raw_built"": ""MAN-B&W 2011 HHI"", ""raw_details"": ""6S60MC-C8.2 SS BWTS Fitted DD"", ""printed_date"": ""30/09/2022""}"
2022-09-30,2022-09-30,Tanker Sales,1,KARADENIZ POWERSHIP ANATOLIA,Panamax,"72,604",2004,SAMSUNG HI,USD 13 M,TURKISH,07/24 RGN 12/22 02/26,"MAN-B&W 6S60MC6.1 SS LR1, BWTS Due DD SS","{""stem"": ""2022-09-30_clarksons-platou-hellas-snp-weekly-bulletin-38_report-30-09-2022_c7ff7721f840"", ""source_file"": ""2022-09-30_clarksons-platou-hellas-snp-weekly-bulletin-38_report-30-09-2022_c7ff7721f840.pdf"", ""raw_built"": ""2004 SAMSUNG HI"", ""raw_details"": ""MAN-B&W 6S60MC6.1 SS LR1, BWTS Due DD SS"", ""printed_date"": ""30/09/2022""}"
2022-09-30,2022-09-30,Tanker Sales,1,RIDGEBURY BIRCH,MR,"53,711",2006,SHIN KURUSHIMA,USD 35 M,U/D,02/26 02/24,SS DD MITSUBISHI 6UEC60LS BWTS Fitted,"{""stem"": ""2022-09-30_clarksons-platou-hellas-snp-weekly-bulletin-38_report-30-09-2022_c7ff7721f840"", ""source_file"": ""2022-09-30_clarksons-platou-hellas-snp-weekly-bulletin-38_report-30-09-2022_c7ff7721f840.pdf"", ""raw_built"": ""2006 SHIN KURUSHIMA"", ""raw_details"": ""SS DD MITSUBISHI 6UEC60LS BWTS Fitted"", ""printed_date"": ""30/09/2022""}"
2022-09-30,2022-09-30,Tanker Sales,1,RIDGEBURY ACACIA,MR,"53,711",2006,SHIN KURUSHIMA MAN B.,(En Bloc),U/D,11/25 03/24,MITSUBISHI 6UEC60LS BWTS Fitted SS DD & W. 6S50MC-C8.1,"{""stem"": ""2022-09-30_clarksons-platou-hellas-snp-weekly-bulletin-38_report-30-09-2022_c7ff7721f840"", ""source_file"": ""2022-09-30_clarksons-platou-hellas-snp-weekly-bulletin-38_report-30-09-2022_c7ff7721f840.pdf"", ""raw_built"": ""2006 SHIN KURUSHIMA MAN B."", ""raw_details"": ""MITSUBISHI 6UEC60LS BWTS Fitted SS DD & W. 6S50MC-C8.1"", ""printed_date"": ""30/09/2022""}"
2022-09-30,2022-09-30,Tanker Sales,1,JO ASK,MR,"47,128",,MAN B. 12 2007 HMD,USD 20.5 M,MIDDLE EASTERNS,11/26 RGN 10/24,"& W. 6S50MC-C8.1 SS Pumps, IMO II/III DD BWTS Fitted","{""stem"": ""2022-09-30_clarksons-platou-hellas-snp-weekly-bulletin-38_report-30-09-2022_c7ff7721f840"", ""source_file"": ""2022-09-30_clarksons-platou-hellas-snp-weekly-bulletin-38_report-30-09-2022_c7ff7721f840.pdf"", ""raw_built"": ""MAN B. 12 2007 HMD"", ""raw_details"": ""& W. 6S50MC-C8.1 SS Pumps, IMO II/III DD BWTS Fitted"", ""printed_date"": ""30/09/2022""}"
2022-10-07,2022-10-07,Bulker Sales,1,OCEAN ADVENTURE,Supramax,"57,814",,MAN-B&W 2015 TSUNEISHI 4x30 ZOSEN,USD 23 M,JAPANESE,10/25 LOW 01/24,"6S50ME-C8.2 SS T, BWTS Fitted DD","{""stem"": ""2022-10-07_clarksons-platou-hellas-snp-weekly-bulletin-39_report-07-10-2022_263f08597aab"", ""source_file"": ""2022-10-07_clarksons-platou-hellas-snp-weekly-bulletin-39_report-07-10-2022_263f08597aab.pdf"", ""raw_built"": ""MAN-B&W 2015 TSUNEISHI 4x30 ZOSEN"", ""raw_details"": ""6S50ME-C8.2 SS T, BWTS Fitted DD"", ""printed_date"": ""07/10/2022""}"
2022-10-07,2022-10-07,Bulker Sales,1,PROMISE 2,Handysize,"32,401",,"MAN B. 2010 SAMHO 4x30 T,",USD 13 M,MIDDLE EASTERNS,09/25 HIGH 09/23,& W. 6S46MC-C7.2 SS LOGS & BWTS Fitted DD,"{""stem"": ""2022-10-07_clarksons-platou-hellas-snp-weekly-bulletin-39_report-07-10-2022_263f08597aab"", ""source_file"": ""2022-10-07_clarksons-platou-hellas-snp-weekly-bulletin-39_report-07-10-2022_263f08597aab.pdf"", ""raw_built"": ""MAN B. 2010 SAMHO 4x30 T,"", ""raw_details"": ""& W. 6S46MC-C7.2 SS LOGS & BWTS Fitted DD"", ""printed_date"": ""07/10/2022""}"
2022-10-07,2022-10-07,Tanker Sales,1,CAP GUILLAUME,Suezmax,"158,889",,MAN B. 2006 SAMSUNG Ice Class,USD 36 M,MIDDLE EASTERNS,09/26 RGN 12/24,"& W. 6S70MC-C7.1 SS IC, DD BWTS Fitted","{""stem"": ""2022-10-07_clarksons-platou-hellas-snp-weekly-bulletin-39_report-07-10-2022_263f08597aab"", ""source_file"": ""2022-10-07_clarksons-platou-hellas-snp-weekly-bulletin-39_report-07-10-2022_263f08597aab.pdf"", ""raw_built"": ""MAN B. 2006 SAMSUNG Ice Class"", ""raw_details"": ""& W. 6S70MC-C7.1 SS IC, DD BWTS Fitted"", ""printed_date"": ""07/10/2022""}"
2022-10-07,2022-10-07,Tanker Sales,1,ALBURAQ,Aframax,"112,521",2008,"HHI MAN LR2,",USD 70 M UAE (En Bloc),BASED,10/23 10/23 12/23,SS DD B. & W. 7S60MC6.1 BWTS Fitted SS,"{""stem"": ""2022-10-07_clarksons-platou-hellas-snp-weekly-bulletin-39_report-07-10-2022_263f08597aab"", ""source_file"": ""2022-10-07_clarksons-platou-hellas-snp-weekly-bulletin-39_report-07-10-2022_263f08597aab.pdf"", ""raw_built"": ""2008 HHI MAN LR2,"", ""raw_details"": ""SS DD B. & W. 7S60MC6.1 BWTS Fitted SS"", ""printed_date"": ""07/10/2022""}"
2022-10-07,2022-10-07,Tanker Sales,1,SEA LEGEND,Aframax,"112,521",,"LR2, 2008 HHI ECO",UAE (En Bloc),BASED,12/23 12/23 01/25,BWTS Fitted SS DD WINGD 6X35-B SS,"{""stem"": ""2022-10-07_clarksons-platou-hellas-snp-weekly-bulletin-39_report-07-10-2022_263f08597aab"", ""source_file"": ""2022-10-07_clarksons-platou-hellas-snp-weekly-bulletin-39_report-07-10-2022_263f08597aab.pdf"", ""raw_built"": ""LR2, 2008 HHI ECO"", ""raw_details"": ""BWTS Fitted SS DD WINGD 6X35-B SS"", ""printed_date"": ""07/10/2022""}"
2022-10-07,2022-10-07,Tanker Sales,1,SYNERGY,Handysize,"34,820",,ECO 2020 MAWEI SB,USD 32 M UK,BASED,01/25 RGN 01/23,WINGD 6X35-B SS BTWS Fitted DD,"{""stem"": ""2022-10-07_clarksons-platou-hellas-snp-weekly-bulletin-39_report-07-10-2022_263f08597aab"", ""source_file"": ""2022-10-07_clarksons-platou-hellas-snp-weekly-bulletin-39_report-07-10-2022_263f08597aab.pdf"", ""raw_built"": ""ECO 2020 MAWEI SB"", ""raw_details"": ""WINGD 6X35-B SS BTWS Fitted DD"", ""printed_date"": ""07/10/2022""}"
2022-10-14,2022-10-14,Bulker Sales,1,BULK HOLLAND,Kamsarmax,"81,712",,MAN-B&W 2017 TSUNEISHI Rightship (CEBU),USD 30 M,GREEKS,04/27 RGN 06/25,"6S60ME-C8.2 SS Rat. 4/5, GHG D+ DD BWTS Fitted","{""stem"": ""2022-10-14_clarksons-platou-hellas-snp-weekly-bulletin-40_report-14-10-2022_260661bfcee8"", ""source_file"": ""2022-10-14_clarksons-platou-hellas-snp-weekly-bulletin-40_report-14-10-2022_260661bfcee8.pdf"", ""raw_built"": ""MAN-B&W 2017 TSUNEISHI Rightship (CEBU)"", ""raw_details"": ""6S60ME-C8.2 SS Rat. 4/5, GHG D+ DD BWTS Fitted"", ""printed_date"": ""14/10/2022""}"
2022-10-14,2022-10-14,Bulker Sales,1,BERGE TRONADOR,Ultramax,"61,087",,MAN-B&W 2020 DACKS 4 x MAN B.,USD 32.8 M,GREEKS,04/25 04/23,"6S50ME-B9.3 SS 30 T, BWTS Fitted DD & W. 6S50MC-C8.1","{""stem"": ""2022-10-14_clarksons-platou-hellas-snp-weekly-bulletin-40_report-14-10-2022_260661bfcee8"", ""source_file"": ""2022-10-14_clarksons-platou-hellas-snp-weekly-bulletin-40_report-14-10-2022_260661bfcee8.pdf"", ""raw_built"": ""MAN-B&W 2020 DACKS 4 x MAN B."", ""raw_details"": ""6S50ME-B9.3 SS 30 T, BWTS Fitted DD & W. 6S50MC-C8.1"", ""printed_date"": ""14/10/2022""}"
2022-10-14,2022-10-14,Bulker Sales,1,SENORITA,Supramax,"58,663",,MAN B. 2008 TSUNEISHI 4 x (CEBU),USD 16 M,GREEKS,03/23 RGN/XS 03/23,"& W. 6S50MC-C8.1 SS 30 T, BWTS Fitted DD","{""stem"": ""2022-10-14_clarksons-platou-hellas-snp-weekly-bulletin-40_report-14-10-2022_260661bfcee8"", ""source_file"": ""2022-10-14_clarksons-platou-hellas-snp-weekly-bulletin-40_report-14-10-2022_260661bfcee8.pdf"", ""raw_built"": ""MAN B. 2008 TSUNEISHI 4 x (CEBU)"", ""raw_details"": ""& W. 6S50MC-C8.1 SS 30 T, BWTS Fitted DD"", ""printed_date"": ""14/10/2022""}"
2022-10-14,2022-10-14,Bulker Sales,1,JIN YAO,Supramax,"52,050",2004,IHI 4 x MAN-B&W,USD 13 M,U/D,06/24 RGN 06/24,"SULZER 6RTA48T SS 30 T, BWTS Fitted DD 6S46ME-B8.3","{""stem"": ""2022-10-14_clarksons-platou-hellas-snp-weekly-bulletin-40_report-14-10-2022_260661bfcee8"", ""source_file"": ""2022-10-14_clarksons-platou-hellas-snp-weekly-bulletin-40_report-14-10-2022_260661bfcee8.pdf"", ""raw_built"": ""2004 IHI 4 x MAN-B&W"", ""raw_details"": ""SULZER 6RTA48T SS 30 T, BWTS Fitted DD 6S46ME-B8.3"", ""printed_date"": ""14/10/2022""}"
2022-10-14,2022-10-14,Bulker Sales,1,HIMAWARI K,Handysize,"37,786",,MAN-B&W 2015 IMABARI 4 x MITSUBISHI,USD 21.5 M,GREEKS,01/25 03/23,"6S46ME-B8.3 SS 30.5 T, BWTS Fitted DD 6UEC45LSE","{""stem"": ""2022-10-14_clarksons-platou-hellas-snp-weekly-bulletin-40_report-14-10-2022_260661bfcee8"", ""source_file"": ""2022-10-14_clarksons-platou-hellas-snp-weekly-bulletin-40_report-14-10-2022_260661bfcee8.pdf"", ""raw_built"": ""MAN-B&W 2015 IMABARI 4 x MITSUBISHI"", ""raw_details"": ""6S46ME-B8.3 SS 30.5 T, BWTS Fitted DD 6UEC45LSE"", ""printed_date"": ""14/10/2022""}"
2022-10-14,2022-10-14,Bulker Sales,1,ROYAL HARMONY,Handysize,"37,238",,MITSUBISHI 2011 SAIKI 4 x MITSUBISHI,USD 16 M,GREEKS,10/25 MID-HIGH 10/23,"6UEC45LSE SS 30.5 T, BWTS Fitted DD 6UEC45LSE","{""stem"": ""2022-10-14_clarksons-platou-hellas-snp-weekly-bulletin-40_report-14-10-2022_260661bfcee8"", ""source_file"": ""2022-10-14_clarksons-platou-hellas-snp-weekly-bulletin-40_report-14-10-2022_260661bfcee8.pdf"", ""raw_built"": ""MITSUBISHI 2011 SAIKI 4 x MITSUBISHI"", ""raw_details"": ""6UEC45LSE SS 30.5 T, BWTS Fitted DD 6UEC45LSE"", ""printed_date"": ""14/10/2022""}"
2022-10-14,2022-10-14,Bulker Sales,1,ANSAC CHRISTINE NANCY,Handysize,"32,836",,MITSUBISHI 2013 KANDA 4 x MAN-B&W,USD 17.5 M,GREEKS,09/25 08/23,"6UEC45LSE SS 30 T, BWTS Fitted DD 6S46MC-C7.2","{""stem"": ""2022-10-14_clarksons-platou-hellas-snp-weekly-bulletin-40_report-14-10-2022_260661bfcee8"", ""source_file"": ""2022-10-14_clarksons-platou-hellas-snp-weekly-bulletin-40_report-14-10-2022_260661bfcee8.pdf"", ""raw_built"": ""MITSUBISHI 2013 KANDA 4 x MAN-B&W"", ""raw_details"": ""6UEC45LSE SS 30 T, BWTS Fitted DD 6S46MC-C7.2"", ""printed_date"": ""14/10/2022""}"
2022-10-14,2022-10-14,Bulker Sales,1,ORIENT MATE,Handysize,"32,471",,MAN-B&W 2014 YANASE TONGYEONG BWTS &,USD 16 M,GREEKS,01/24 HIGH 01/24,6S46MC-C7.2 SS 4 x 30 T DD SCRUBBER Fitted,"{""stem"": ""2022-10-14_clarksons-platou-hellas-snp-weekly-bulletin-40_report-14-10-2022_260661bfcee8"", ""source_file"": ""2022-10-14_clarksons-platou-hellas-snp-weekly-bulletin-40_report-14-10-2022_260661bfcee8.pdf"", ""raw_built"": ""MAN-B&W 2014 YANASE TONGYEONG BWTS &"", ""raw_details"": ""6S46MC-C7.2 SS 4 x 30 T DD SCRUBBER Fitted"", ""printed_date"": ""14/10/2022""}"
2022-10-14,2022-10-14,Tanker Sales,1,PAROSEA,Aframax,"113,553",,MAN-B&W 2006 SAMSUNG Ice Class MAN-B&W,USD 62.5 M UAE (En Bloc),BASED,05/26 04/25 02/26,"7S60MC-C7.1 SS 1A, BWTS Fitted DD 7S60MC-C7.1 SS","{""stem"": ""2022-10-14_clarksons-platou-hellas-snp-weekly-bulletin-40_report-14-10-2022_260661bfcee8"", ""source_file"": ""2022-10-14_clarksons-platou-hellas-snp-weekly-bulletin-40_report-14-10-2022_260661bfcee8.pdf"", ""raw_built"": ""MAN-B&W 2006 SAMSUNG Ice Class MAN-B&W"", ""raw_details"": ""7S60MC-C7.1 SS 1A, BWTS Fitted DD 7S60MC-C7.1 SS"", ""printed_date"": ""14/10/2022""}"
2022-10-14,2022-10-14,Tanker Sales,1,BLUESEA,Aframax,"113,553",,MAN-B&W 2006 SAMSUNG Ice Class,UAE (En Bloc),BASED,02/26 12/24,"7S60MC-C7.1 SS 1A, BWTS Fitted DD","{""stem"": ""2022-10-14_clarksons-platou-hellas-snp-weekly-bulletin-40_report-14-10-2022_260661bfcee8"", ""source_file"": ""2022-10-14_clarksons-platou-hellas-snp-weekly-bulletin-40_report-14-10-2022_260661bfcee8.pdf"", ""raw_built"": ""MAN-B&W 2006 SAMSUNG Ice Class"", ""raw_details"": ""7S60MC-C7.1 SS 1A, BWTS Fitted DD"", ""printed_date"": ""14/10/2022""}"
2022-10-21,2022-10-21,Bulker Sales,1,ARETHOUSA,Capesize,"169,770",,MAN B. 2001 SASEBO HI MAN B.,USD 15.1 M,GREEKS,06/26 07/24,& W. 6S70MC6.1 SS BWTS Fitted DD & W. 6S60MC-C7.2,"{""stem"": ""2022-10-21_clarksons-platou-hellas-snp-weekly-bulletin-41_report-21-10-2022_eeda4ab2a02a"", ""source_file"": ""2022-10-21_clarksons-platou-hellas-snp-weekly-bulletin-41_report-21-10-2022_eeda4ab2a02a.pdf"", ""raw_built"": ""MAN B. 2001 SASEBO HI MAN B."", ""raw_details"": ""& W. 6S70MC6.1 SS BWTS Fitted DD & W. 6S60MC-C7.2"", ""printed_date"": ""21/10/2022""}"
2022-10-21,2022-10-21,Bulker Sales,1,CMB CHARDONNAY,Kamsarmax,"95,707",,MAN B. 2012 KOYO MAN-B&W,USD 20.8 M,CHINESE,11/22 11/22,& W. 6S60MC-C7.2 SS BWTS Due DD 6S60MC6.2,"{""stem"": ""2022-10-21_clarksons-platou-hellas-snp-weekly-bulletin-41_report-21-10-2022_eeda4ab2a02a"", ""source_file"": ""2022-10-21_clarksons-platou-hellas-snp-weekly-bulletin-41_report-21-10-2022_eeda4ab2a02a.pdf"", ""raw_built"": ""MAN B. 2012 KOYO MAN-B&W"", ""raw_details"": ""& W. 6S60MC-C7.2 SS BWTS Due DD 6S60MC6.2"", ""printed_date"": ""21/10/2022""}"
2022-10-21,2022-10-21,Bulker Sales,1,LARA VENTURE,Kamsarmax,"93,758",,MAN-B&W 2011 SHANHAIGUAN,USD 20.2 M M.,EASTERNS,09/26 11/24,6S60MC6.2 SS BWTS Fitted DD,"{""stem"": ""2022-10-21_clarksons-platou-hellas-snp-weekly-bulletin-41_report-21-10-2022_eeda4ab2a02a"", ""source_file"": ""2022-10-21_clarksons-platou-hellas-snp-weekly-bulletin-41_report-21-10-2022_eeda4ab2a02a.pdf"", ""raw_built"": ""MAN-B&W 2011 SHANHAIGUAN"", ""raw_details"": ""6S60MC6.2 SS BWTS Fitted DD"", ""printed_date"": ""21/10/2022""}"
2022-10-21,2022-10-21,Bulker Sales,1,AROUZU,Kamsarmax,"82,250",,MAN B. 2012 TSUNEISHI BWTS & MAN-B&W,24.75 M,GREEKS,03/27 USD 01/25,& W. 6S60MC-C7.2 SS SCRUBBER Fitted DD 6S60ME-C8.2,"{""stem"": ""2022-10-21_clarksons-platou-hellas-snp-weekly-bulletin-41_report-21-10-2022_eeda4ab2a02a"", ""source_file"": ""2022-10-21_clarksons-platou-hellas-snp-weekly-bulletin-41_report-21-10-2022_eeda4ab2a02a.pdf"", ""raw_built"": ""MAN B. 2012 TSUNEISHI BWTS & MAN-B&W"", ""raw_details"": ""& W. 6S60MC-C7.2 SS SCRUBBER Fitted DD 6S60ME-C8.2"", ""printed_date"": ""21/10/2022""}"
2022-10-21,2022-10-21,Bulker Sales,1,MSXT HERA,Kamsarmax,"81,738",,MAN-B&W 2018 CHENGXI MAN-B&W,USD 54 M,CHINESE,11/23 11/23,6S60ME-C8.2 SS BWTS Fitted DD 6S60ME-C8.2,"{""stem"": ""2022-10-21_clarksons-platou-hellas-snp-weekly-bulletin-41_report-21-10-2022_eeda4ab2a02a"", ""source_file"": ""2022-10-21_clarksons-platou-hellas-snp-weekly-bulletin-41_report-21-10-2022_eeda4ab2a02a.pdf"", ""raw_built"": ""MAN-B&W 2018 CHENGXI MAN-B&W"", ""raw_details"": ""6S60ME-C8.2 SS BWTS Fitted DD 6S60ME-C8.2"", ""printed_date"": ""21/10/2022""}"
2022-10-21,2022-10-21,Bulker Sales,1,CCS ORCHID,Kamsarmax,"81,966",,MAN-B&W 2017 JNS MAN B.,(En Bloc),CHINESE,01/27 02/25,6S60ME-C8.2 SS BWTS Fitted DD & W. 7S50MC-C8.1,"{""stem"": ""2022-10-21_clarksons-platou-hellas-snp-weekly-bulletin-41_report-21-10-2022_eeda4ab2a02a"", ""source_file"": ""2022-10-21_clarksons-platou-hellas-snp-weekly-bulletin-41_report-21-10-2022_eeda4ab2a02a.pdf"", ""raw_built"": ""MAN-B&W 2017 JNS MAN B."", ""raw_details"": ""6S60ME-C8.2 SS BWTS Fitted DD & W. 7S50MC-C8.1"", ""printed_date"": ""21/10/2022""}"
2022-10-21,2022-10-21,Bulker Sales,1,SEAWIND,Panamax,"75,637",,MAN B. 2006 SANOYAS MAN-B&W,USD 15.2 M,U/D,05/26 09/24,& W. 7S50MC-C8.1 SS BWTS Fitted DD 6S50MC-C8.2,"{""stem"": ""2022-10-21_clarksons-platou-hellas-snp-weekly-bulletin-41_report-21-10-2022_eeda4ab2a02a"", ""source_file"": ""2022-10-21_clarksons-platou-hellas-snp-weekly-bulletin-41_report-21-10-2022_eeda4ab2a02a.pdf"", ""raw_built"": ""MAN B. 2006 SANOYAS MAN-B&W"", ""raw_details"": ""& W. 7S50MC-C8.1 SS BWTS Fitted DD 6S50MC-C8.2"", ""printed_date"": ""21/10/2022""}"
2022-10-21,2022-10-21,Bulker Sales,1,ULTRA WOLLONGONG,Ultramax,"61,684",,MAN-B&W 2011 OSHIMA 4 x MAN B.,USD 22 M HK,BASED,06/26 LOW 06/24 12/26,"6S50MC-C8.2 SS 30 T, BWTS Fitted DD & W. 6S46MC-C7.2 SS","{""stem"": ""2022-10-21_clarksons-platou-hellas-snp-weekly-bulletin-41_report-21-10-2022_eeda4ab2a02a"", ""source_file"": ""2022-10-21_clarksons-platou-hellas-snp-weekly-bulletin-41_report-21-10-2022_eeda4ab2a02a.pdf"", ""raw_built"": ""MAN-B&W 2011 OSHIMA 4 x MAN B."", ""raw_details"": ""6S50MC-C8.2 SS 30 T, BWTS Fitted DD & W. 6S46MC-C7.2 SS"", ""printed_date"": ""21/10/2022""}"
2022-10-21,2022-10-21,Bulker Sales,1,OCEAN SATOKO,Handysize,"37,215",,MAN B. 2011 HMD 4 x,USD 16.9 M FAR,EASTERNS,12/26 12/24,"& W. 6S46MC-C7.2 SS 30 T, BWTS Fitted DD","{""stem"": ""2022-10-21_clarksons-platou-hellas-snp-weekly-bulletin-41_report-21-10-2022_eeda4ab2a02a"", ""source_file"": ""2022-10-21_clarksons-platou-hellas-snp-weekly-bulletin-41_report-21-10-2022_eeda4ab2a02a.pdf"", ""raw_built"": ""MAN B. 2011 HMD 4 x"", ""raw_details"": ""& W. 6S46MC-C7.2 SS 30 T, BWTS Fitted DD"", ""printed_date"": ""21/10/2022""}"
2022-10-21,2022-10-21,Tanker Sales,1,EUROPE,VLCC,"442,470",2002,DAEWOO Floating MAN-B&W,USD 42.5 M,U/D,11/22 11/22 07/26,SULZER 9RTA84T-D SS Storage Unit DD 6S70ME-C7.1 SS,"{""stem"": ""2022-10-21_clarksons-platou-hellas-snp-weekly-bulletin-41_report-21-10-2022_eeda4ab2a02a"", ""source_file"": ""2022-10-21_clarksons-platou-hellas-snp-weekly-bulletin-41_report-21-10-2022_eeda4ab2a02a.pdf"", ""raw_built"": ""2002 DAEWOO Floating MAN-B&W"", ""raw_details"": ""SULZER 9RTA84T-D SS Storage Unit DD 6S70ME-C7.1 SS"", ""printed_date"": ""21/10/2022""}"
2022-10-21,2022-10-21,Tanker Sales,1,CAP PHILIPPE,Suezmax,"158,920",,MAN-B&W 2006 SAMSUNG HI Ice Class,USD 35 M,U/D,07/26 08/24,"6S70ME-C7.1 SS 1C, DD BWTS Fitted","{""stem"": ""2022-10-21_clarksons-platou-hellas-snp-weekly-bulletin-41_report-21-10-2022_eeda4ab2a02a"", ""source_file"": ""2022-10-21_clarksons-platou-hellas-snp-weekly-bulletin-41_report-21-10-2022_eeda4ab2a02a.pdf"", ""raw_built"": ""MAN-B&W 2006 SAMSUNG HI Ice Class"", ""raw_details"": ""6S70ME-C7.1 SS 1C, DD BWTS Fitted"", ""printed_date"": ""21/10/2022""}"
2022-10-28,2022-10-28,Bulker Sales,1,ORIENT ANGEL,Capesize,"176,859",,MAN B. 2007 NAMURA MAN B.,USD 19 M,TURKISH,06/25 RGN 06/23,& W. 6S70MC6.1 SS BWTS Fitted DD & W. 6S60MC6.1,"{""stem"": ""2022-10-28_clarksons-platou-hellas-snp-weekly-bulletin-42_report-29-10-2022_d88997c2e5f4"", ""source_file"": ""2022-10-28_clarksons-platou-hellas-snp-weekly-bulletin-42_report-29-10-2022_d88997c2e5f4.pdf"", ""raw_built"": ""MAN B. 2007 NAMURA MAN B."", ""raw_details"": ""& W. 6S70MC6.1 SS BWTS Fitted DD & W. 6S60MC6.1"", ""printed_date"": ""28/10/2022""}"
2022-10-28,2022-10-28,Bulker Sales,1,DOOYANG JEJU,Panamax,"76,634",,MAN B. 2002 IMABARI MAN-B&W,USD 9.9 M,U/D,11/22 11/22,& W. 6S60MC6.1 SS DD 6G50ME-C9.5,"{""stem"": ""2022-10-28_clarksons-platou-hellas-snp-weekly-bulletin-42_report-29-10-2022_d88997c2e5f4"", ""source_file"": ""2022-10-28_clarksons-platou-hellas-snp-weekly-bulletin-42_report-29-10-2022_d88997c2e5f4.pdf"", ""raw_built"": ""MAN B. 2002 IMABARI MAN-B&W"", ""raw_details"": ""& W. 6S60MC6.1 SS DD 6G50ME-C9.5"", ""printed_date"": ""28/10/2022""}"
2022-10-28,2022-10-28,Bulker Sales,1,NORD YUCATAN,Ultramax,"63,787",,MAN-B&W 2019 NANTONG 4 x XIANGYU,USD 28.5 M,U/D,10/24 10/24,"6G50ME-C9.5 SS 30 T, BWTS Fitted DD","{""stem"": ""2022-10-28_clarksons-platou-hellas-snp-weekly-bulletin-42_report-29-10-2022_d88997c2e5f4"", ""source_file"": ""2022-10-28_clarksons-platou-hellas-snp-weekly-bulletin-42_report-29-10-2022_d88997c2e5f4.pdf"", ""raw_built"": ""MAN-B&W 2019 NANTONG 4 x XIANGYU"", ""raw_details"": ""6G50ME-C9.5 SS 30 T, BWTS Fitted DD"", ""printed_date"": ""28/10/2022""}"
2022-10-28,2022-10-28,Bulker Sales,1,VAN STAR,Ultramax,"61,508",,MAN-B&W 2011 SHIN KASADO 4 x WARTSILA,USD 21.6 M,GREEKS,12/25 12/23,"6S50MC-C8 SS 30 T, BWTS Fitted DD 6RT-FLEX50-B","{""stem"": ""2022-10-28_clarksons-platou-hellas-snp-weekly-bulletin-42_report-29-10-2022_d88997c2e5f4"", ""source_file"": ""2022-10-28_clarksons-platou-hellas-snp-weekly-bulletin-42_report-29-10-2022_d88997c2e5f4.pdf"", ""raw_built"": ""MAN-B&W 2011 SHIN KASADO 4 x WARTSILA"", ""raw_details"": ""6S50MC-C8 SS 30 T, BWTS Fitted DD 6RT-FLEX50-B"", ""printed_date"": ""28/10/2022""}"
2022-10-28,2022-10-28,Bulker Sales,1,FANOULA,Supramax,"56,560",,WARTSILA 2008 I.H.I. 4 x,MID-HIGH USD 15 M,CHINESE,04/23 04/23,"6RT-FLEX50-B SS 35 T, BWTS Fitted DD","{""stem"": ""2022-10-28_clarksons-platou-hellas-snp-weekly-bulletin-42_report-29-10-2022_d88997c2e5f4"", ""source_file"": ""2022-10-28_clarksons-platou-hellas-snp-weekly-bulletin-42_report-29-10-2022_d88997c2e5f4.pdf"", ""raw_built"": ""WARTSILA 2008 I.H.I. 4 x"", ""raw_details"": ""6RT-FLEX50-B SS 35 T, BWTS Fitted DD"", ""printed_date"": ""28/10/2022""}"
2022-10-28,2022-10-28,Bulker Sales,1,JIAN DA,Supramax,"52,677",,MAN-B&W 2005 OSHIMA 4 x MAN,USD 13 M,TURKISH,06/25 LOW 05/23,"6S50MC-C8.1 SS 30 T, BWTS Fitted DD B. & W. 6S42MC6","{""stem"": ""2022-10-28_clarksons-platou-hellas-snp-weekly-bulletin-42_report-29-10-2022_d88997c2e5f4"", ""source_file"": ""2022-10-28_clarksons-platou-hellas-snp-weekly-bulletin-42_report-29-10-2022_d88997c2e5f4.pdf"", ""raw_built"": ""MAN-B&W 2005 OSHIMA 4 x MAN"", ""raw_details"": ""6S50MC-C8.1 SS 30 T, BWTS Fitted DD B. & W. 6S42MC6"", ""printed_date"": ""28/10/2022""}"
2022-10-28,2022-10-28,Bulker Sales,1,BELLE OCEAN,Handysize,"28,354",,MAN 2014 I-S SHIPYARD 4 x,USD 14 M,GREEKS,03/24 HIGH 03/24,"B. & W. 6S42MC6 SS 30 T, BWTS Fitted DD","{""stem"": ""2022-10-28_clarksons-platou-hellas-snp-weekly-bulletin-42_report-29-10-2022_d88997c2e5f4"", ""source_file"": ""2022-10-28_clarksons-platou-hellas-snp-weekly-bulletin-42_report-29-10-2022_d88997c2e5f4.pdf"", ""raw_built"": ""MAN 2014 I-S SHIPYARD 4 x"", ""raw_details"": ""B. & W. 6S42MC6 SS 30 T, BWTS Fitted DD"", ""printed_date"": ""28/10/2022""}"
2022-10-28,2022-10-28,Tanker Sales,1,RS AURORA,Suezmax,"159,812",2018,SHANGHAI MAN WAIGAOQIAO,USD 64 M,GREEKS,SS/DD FRESHLY XS PASSED,B.&W. 6G70ME-C9.5 BWTS Fitted,"{""stem"": ""2022-10-28_clarksons-platou-hellas-snp-weekly-bulletin-42_report-29-10-2022_d88997c2e5f4"", ""source_file"": ""2022-10-28_clarksons-platou-hellas-snp-weekly-bulletin-42_report-29-10-2022_d88997c2e5f4.pdf"", ""raw_built"": ""2018 SHANGHAI MAN WAIGAOQIAO"", ""raw_details"": ""B.&W. 6G70ME-C9.5 BWTS Fitted"", ""printed_date"": ""28/10/2022""}"
2022-10-28,2022-10-28,Tanker Sales,1,P. FOS,Aframax,"115,577",,MAN B. 2007 SASEBO HI,USD 34 M,U/D,03/27 11/24,& W. 6S60MC-C7.1 SS BWTS Fitted DD,"{""stem"": ""2022-10-28_clarksons-platou-hellas-snp-weekly-bulletin-42_report-29-10-2022_d88997c2e5f4"", ""source_file"": ""2022-10-28_clarksons-platou-hellas-snp-weekly-bulletin-42_report-29-10-2022_d88997c2e5f4.pdf"", ""raw_built"": ""MAN B. 2007 SASEBO HI"", ""raw_details"": ""& W. 6S60MC-C7.1 SS BWTS Fitted DD"", ""printed_date"": ""28/10/2022""}"
2022-10-28,2022-10-28,Tanker Sales,1,FOREST PARK,Handysize,"19,803",2013,KITANIHON ZOSEN Stainless,USD 22 M,CHINESE,11/23 11/23,"MITSUBISHI 6UEC43LSII SS Steel, BWTS Fitted DD","{""stem"": ""2022-10-28_clarksons-platou-hellas-snp-weekly-bulletin-42_report-29-10-2022_d88997c2e5f4"", ""source_file"": ""2022-10-28_clarksons-platou-hellas-snp-weekly-bulletin-42_report-29-10-2022_d88997c2e5f4.pdf"", ""raw_built"": ""2013 KITANIHON ZOSEN Stainless"", ""raw_details"": ""MITSUBISHI 6UEC43LSII SS Steel, BWTS Fitted DD"", ""printed_date"": ""28/10/2022""}"
2022-11-04,2022-11-04,Bulker Sales,1,EDWARD N,Capesize,"176,216",,MAN B. 2011 SWS MAN B.,USD 23 M,TAIWANESE,01/26 RGN 04/24,& W. 6S70MC6.2 SS BWTS Fitted DD & W. 5S60ME-C8.2,"{""stem"": ""2022-11-04_clarksons-platou-hellas-snp-weekly-bulletin-43_report-04-11-2022_6cc2aef6c200"", ""source_file"": ""2022-11-04_clarksons-platou-hellas-snp-weekly-bulletin-43_report-04-11-2022_6cc2aef6c200.pdf"", ""raw_built"": ""MAN B. 2011 SWS MAN B."", ""raw_details"": ""& W. 6S70MC6.2 SS BWTS Fitted DD & W. 5S60ME-C8.2"", ""printed_date"": ""04/11/2022""}"
2022-11-04,2022-11-04,Bulker Sales,1,CARO PARDE,Ultramax,"63,227",,MAN B. 2012 SINOPACIFIC DAYANG,USD 21 M,CHINESE,12/22 LOW 12/22,"& W. 5S60ME-C8.2 SS Tier II, 4 x 36 T DD BWTS Due","{""stem"": ""2022-11-04_clarksons-platou-hellas-snp-weekly-bulletin-43_report-04-11-2022_6cc2aef6c200"", ""source_file"": ""2022-11-04_clarksons-platou-hellas-snp-weekly-bulletin-43_report-04-11-2022_6cc2aef6c200.pdf"", ""raw_built"": ""MAN B. 2012 SINOPACIFIC DAYANG"", ""raw_details"": ""& W. 5S60ME-C8.2 SS Tier II, 4 x 36 T DD BWTS Due"", ""printed_date"": ""04/11/2022""}"
2022-11-04,2022-11-04,Bulker Sales,1,WAAL CONFIDENCE,Handysize,"33,387",2009,SHIN KOCHI 4 x,USD 15.2 M,GREEKS,06/24 06/24,"MITSUBISHI 6UEC52LA SS 30 T, BWTS Fitted DD","{""stem"": ""2022-11-04_clarksons-platou-hellas-snp-weekly-bulletin-43_report-04-11-2022_6cc2aef6c200"", ""source_file"": ""2022-11-04_clarksons-platou-hellas-snp-weekly-bulletin-43_report-04-11-2022_6cc2aef6c200.pdf"", ""raw_built"": ""2009 SHIN KOCHI 4 x"", ""raw_details"": ""MITSUBISHI 6UEC52LA SS 30 T, BWTS Fitted DD"", ""printed_date"": ""04/11/2022""}"
2022-11-04,2022-11-04,Tanker Sales,1,CELSIUS RIMINI,MR,"53,603",2009,SHIN KURUSHIMA Pumps,USD 24.5 M,BANGLADESHI,03/27 05/25,"MITSUBISHI 6UEC60LS SS 4, BWTS Fitted DD","{""stem"": ""2022-11-04_clarksons-platou-hellas-snp-weekly-bulletin-43_report-04-11-2022_6cc2aef6c200"", ""source_file"": ""2022-11-04_clarksons-platou-hellas-snp-weekly-bulletin-43_report-04-11-2022_6cc2aef6c200.pdf"", ""raw_built"": ""2009 SHIN KURUSHIMA Pumps"", ""raw_details"": ""MITSUBISHI 6UEC60LS SS 4, BWTS Fitted DD"", ""printed_date"": ""04/11/2022""}"
2022-11-11,2022-11-11,Bulker Sales,1,NAVIOS OBELIKS,Capesize,"181,415",,MAN B. 2012 KOYO BWTS MAN B.,USD 29 M,U/D,07/26 HIGH 09/23,& W. 6S70MC-C7.2 SS & Scrubber Fitted DD & W. 6S60ME-C8.2,"{""stem"": ""2022-11-11_clarksons-platou-hellas-snp-weekly-bulletin-44_report-11-11-2022_e4f34d6167ee"", ""source_file"": ""2022-11-11_clarksons-platou-hellas-snp-weekly-bulletin-44_report-11-11-2022_e4f34d6167ee.pdf"", ""raw_built"": ""MAN B. 2012 KOYO BWTS MAN B."", ""raw_details"": ""& W. 6S70MC-C7.2 SS & Scrubber Fitted DD & W. 6S60ME-C8.2"", ""printed_date"": ""11/11/2022""}"
2022-11-11,2022-11-11,Bulker Sales,1,CMB PARTNER,Kamsarmax,"81,805",,MAN B. 2016 TSUNEISHI (CEBU),USD 29 M,GREEKS,11/26 11/24,& W. 6S60ME-C8.2 SS BWTS Fitted DD,"{""stem"": ""2022-11-11_clarksons-platou-hellas-snp-weekly-bulletin-44_report-11-11-2022_e4f34d6167ee"", ""source_file"": ""2022-11-11_clarksons-platou-hellas-snp-weekly-bulletin-44_report-11-11-2022_e4f34d6167ee.pdf"", ""raw_built"": ""MAN B. 2016 TSUNEISHI (CEBU)"", ""raw_details"": ""& W. 6S60ME-C8.2 SS BWTS Fitted DD"", ""printed_date"": ""11/11/2022""}"
2022-11-11,2022-11-11,Bulker Sales,1,KEY LIGHT,Kamsarmax,"83,027",,MAN-B&W 2012 SANOYAS MAN B.,USD 23 M,JAPANESE,08/25 08/23,6S60MC-C8.2 SS BWTS Fitted DD & W. 5S60ME-C8.2,"{""stem"": ""2022-11-11_clarksons-platou-hellas-snp-weekly-bulletin-44_report-11-11-2022_e4f34d6167ee"", ""source_file"": ""2022-11-11_clarksons-platou-hellas-snp-weekly-bulletin-44_report-11-11-2022_e4f34d6167ee.pdf"", ""raw_built"": ""MAN-B&W 2012 SANOYAS MAN B."", ""raw_details"": ""6S60MC-C8.2 SS BWTS Fitted DD & W. 5S60ME-C8.2"", ""printed_date"": ""11/11/2022""}"
2022-11-11,2022-11-11,Bulker Sales,1,OCEAN ROSEMARY,Kamsarmax,"82,265",,MAN B. 2013 DALIAN MAN B.,USD 21 M,GREEKS,04/23 06/25,& W. 5S60ME-C8.2 SS BWTS Fitted DD & W. 6S60MC6.1,"{""stem"": ""2022-11-11_clarksons-platou-hellas-snp-weekly-bulletin-44_report-11-11-2022_e4f34d6167ee"", ""source_file"": ""2022-11-11_clarksons-platou-hellas-snp-weekly-bulletin-44_report-11-11-2022_e4f34d6167ee.pdf"", ""raw_built"": ""MAN B. 2013 DALIAN MAN B."", ""raw_details"": ""& W. 5S60ME-C8.2 SS BWTS Fitted DD & W. 6S60MC6.1"", ""printed_date"": ""11/11/2022""}"
2022-11-11,2022-11-11,Bulker Sales,1,NAVIOS ALDEBARAN,Panamax,"76,529",,MAN B. 2008 IMABARI MAN B.,USD 14 M,U/D,08/25 08/23,& W. 6S60MC6.1 SS BWTS Fitted DD & W. 6S50ME-C8.2,"{""stem"": ""2022-11-11_clarksons-platou-hellas-snp-weekly-bulletin-44_report-11-11-2022_e4f34d6167ee"", ""source_file"": ""2022-11-11_clarksons-platou-hellas-snp-weekly-bulletin-44_report-11-11-2022_e4f34d6167ee.pdf"", ""raw_built"": ""MAN B. 2008 IMABARI MAN B."", ""raw_details"": ""& W. 6S60MC6.1 SS BWTS Fitted DD & W. 6S50ME-C8.2"", ""printed_date"": ""11/11/2022""}"
2022-11-11,2022-11-11,Bulker Sales,1,BULK CARINA,Supramax,"57,819",,MAN B. 2016 TSUNEISHI 4 x (CEBU),USD 22 M,GREEKS,"12/26, DD11/24","& W. 6S50ME-C8.2 SS 30 T, BWTS Fitted","{""stem"": ""2022-11-11_clarksons-platou-hellas-snp-weekly-bulletin-44_report-11-11-2022_e4f34d6167ee"", ""source_file"": ""2022-11-11_clarksons-platou-hellas-snp-weekly-bulletin-44_report-11-11-2022_e4f34d6167ee.pdf"", ""raw_built"": ""MAN B. 2016 TSUNEISHI 4 x (CEBU)"", ""raw_details"": ""& W. 6S50ME-C8.2 SS 30 T, BWTS Fitted"", ""printed_date"": ""11/11/2022""}"
2022-11-11,2022-11-11,Tanker Sales,1,NORDIC TRISTAN,Panamax,"73,604",,MAN-B&W 2007 NEW 3 CENTURY,USD 20.5 M,U/D,03/27 04/25,"5S60MC-C7.1 SS Pumps, Trading CPP DD BWTS Fitted","{""stem"": ""2022-11-11_clarksons-platou-hellas-snp-weekly-bulletin-44_report-11-11-2022_e4f34d6167ee"", ""source_file"": ""2022-11-11_clarksons-platou-hellas-snp-weekly-bulletin-44_report-11-11-2022_e4f34d6167ee.pdf"", ""raw_built"": ""MAN-B&W 2007 NEW 3 CENTURY"", ""raw_details"": ""5S60MC-C7.1 SS Pumps, Trading CPP DD BWTS Fitted"", ""printed_date"": ""11/11/2022""}"
2022-11-11,2022-11-11,Tanker Sales,1,ATLANTICA BELL,MR,"50,844",,MAN B. 12 2006 STX,USD 20.8 M,U/D,03/26 05/24,"& W. 6S60MC-C7.1 SS Pumps, Ice Class 1A DD BWTS Fitted","{""stem"": ""2022-11-11_clarksons-platou-hellas-snp-weekly-bulletin-44_report-11-11-2022_e4f34d6167ee"", ""source_file"": ""2022-11-11_clarksons-platou-hellas-snp-weekly-bulletin-44_report-11-11-2022_e4f34d6167ee.pdf"", ""raw_built"": ""MAN B. 12 2006 STX"", ""raw_details"": ""& W. 6S60MC-C7.1 SS Pumps, Ice Class 1A DD BWTS Fitted"", ""printed_date"": ""11/11/2022""}"
2022-11-11,2022-11-11,Tanker Sales,1,AVALON,Handysize,"24,035",2005,3. MAJ 12 BRODOGRADILISTE,USD 9.4 M,GREEKS,12/25 11/23,"MAK 8M32C SS Pumps, Ice Class E2 DD IMO II","{""stem"": ""2022-11-11_clarksons-platou-hellas-snp-weekly-bulletin-44_report-11-11-2022_e4f34d6167ee"", ""source_file"": ""2022-11-11_clarksons-platou-hellas-snp-weekly-bulletin-44_report-11-11-2022_e4f34d6167ee.pdf"", ""raw_built"": ""2005 3. MAJ 12 BRODOGRADILISTE"", ""raw_details"": ""MAK 8M32C SS Pumps, Ice Class E2 DD IMO II"", ""printed_date"": ""11/11/2022""}"
2022-11-18,2022-11-18,Bulker Sales,1,CHINA STEEL ENTREPRENEUR,Capesize,"203,512",,MAN B. 2007 CSBC MAN B.,USD 35.5 M (En Bloc),GREEKS,01/27 01/25 08/26,& W. 6S70MC-C7.1 SS BWTS Fitted DD & W. 6S70MC-C7.1 SS,"{""stem"": ""2022-11-18_clarksons-platou-hellas-snp-weekly-bulletin-45_report-18-11-2022_bdf8f91df692"", ""source_file"": ""2022-11-18_clarksons-platou-hellas-snp-weekly-bulletin-45_report-18-11-2022_bdf8f91df692.pdf"", ""raw_built"": ""MAN B. 2007 CSBC MAN B."", ""raw_details"": ""& W. 6S70MC-C7.1 SS BWTS Fitted DD & W. 6S70MC-C7.1 SS"", ""printed_date"": ""18/11/2022""}"
2022-11-18,2022-11-18,Bulker Sales,1,CHINA STEEL TEAM,Capesize,"203,512",,MAN B. 2006 CSBC MITSUBISHI,(En Bloc),,08/26 08/24,& W. 6S70MC-C7.1 SS BWTS Fitted DD 6UEC45LSE,"{""stem"": ""2022-11-18_clarksons-platou-hellas-snp-weekly-bulletin-45_report-18-11-2022_bdf8f91df692"", ""source_file"": ""2022-11-18_clarksons-platou-hellas-snp-weekly-bulletin-45_report-18-11-2022_bdf8f91df692.pdf"", ""raw_built"": ""MAN B. 2006 CSBC MITSUBISHI"", ""raw_details"": ""& W. 6S70MC-C7.1 SS BWTS Fitted DD 6UEC45LSE"", ""printed_date"": ""18/11/2022""}"
2022-11-18,2022-11-18,Bulker Sales,1,OCEAN ECHO,Handysize,"37,084",,MITSUBISHI 2013 SAIKI HI 4 x,USD 17.5 M,U/D,11/25 10/23,"6UEC45LSE SS TIER II, OHBS DD 30 T, BWTS Fitted","{""stem"": ""2022-11-18_clarksons-platou-hellas-snp-weekly-bulletin-45_report-18-11-2022_bdf8f91df692"", ""source_file"": ""2022-11-18_clarksons-platou-hellas-snp-weekly-bulletin-45_report-18-11-2022_bdf8f91df692.pdf"", ""raw_built"": ""MITSUBISHI 2013 SAIKI HI 4 x"", ""raw_details"": ""6UEC45LSE SS TIER II, OHBS DD 30 T, BWTS Fitted"", ""printed_date"": ""18/11/2022""}"
2022-11-18,2022-11-18,Bulker Sales,1,SUPER CAROLINE,Handysize,"33,427",2007,SHIN KOCHI JYUKO,USD 13.7 M,U/D,06/25 07/23,MITSUBISHI 6UEC52LA SS 4 x 30 T DD BWTS Fitted,"{""stem"": ""2022-11-18_clarksons-platou-hellas-snp-weekly-bulletin-45_report-18-11-2022_bdf8f91df692"", ""source_file"": ""2022-11-18_clarksons-platou-hellas-snp-weekly-bulletin-45_report-18-11-2022_bdf8f91df692.pdf"", ""raw_built"": ""2007 SHIN KOCHI JYUKO"", ""raw_details"": ""MITSUBISHI 6UEC52LA SS 4 x 30 T DD BWTS Fitted"", ""printed_date"": ""18/11/2022""}"
2022-11-18,2022-11-18,Tanker Sales,1,SIFIS,Aframax,"105,827",2007,TSUNEISHI MAN B. ZOSEN 3,USD 32 M,U/D,01/23 01/23,"& W. 6S60ME-C7.1 SS Pumps, BWTS Due DD","{""stem"": ""2022-11-18_clarksons-platou-hellas-snp-weekly-bulletin-45_report-18-11-2022_bdf8f91df692"", ""source_file"": ""2022-11-18_clarksons-platou-hellas-snp-weekly-bulletin-45_report-18-11-2022_bdf8f91df692.pdf"", ""raw_built"": ""2007 TSUNEISHI MAN B. ZOSEN 3"", ""raw_details"": ""& W. 6S60ME-C7.1 SS Pumps, BWTS Due DD"", ""printed_date"": ""18/11/2022""}"
2022-11-18,2022-11-18,Tanker Sales,1,ATLANTICA BRIDGE,MR,"50,903",,MAN B. 2005 STX Ice MAN B.,USD 19.75 M,U/D,12/25 03/24,"& W. 6S60MC-C7.1 SS Class 1A, 12 Pumps DD BWTS Fitted & W. 6S46MC-C7.1","{""stem"": ""2022-11-18_clarksons-platou-hellas-snp-weekly-bulletin-45_report-18-11-2022_bdf8f91df692"", ""source_file"": ""2022-11-18_clarksons-platou-hellas-snp-weekly-bulletin-45_report-18-11-2022_bdf8f91df692.pdf"", ""raw_built"": ""MAN B. 2005 STX Ice MAN B."", ""raw_details"": ""& W. 6S60MC-C7.1 SS Class 1A, 12 Pumps DD BWTS Fitted & W. 6S46MC-C7.1"", ""printed_date"": ""18/11/2022""}"
2022-11-18,2022-11-18,Tanker Sales,1,CAPE GUINEA,Handysize,"37,606",,MAN B. 2008 HMD IMO 12,USD 16.4 M,GREEKS,11/23 11/23,"& W. 6S46MC-C7.1 SS III, Trading CPP DD Pumps, BWTS Due","{""stem"": ""2022-11-18_clarksons-platou-hellas-snp-weekly-bulletin-45_report-18-11-2022_bdf8f91df692"", ""source_file"": ""2022-11-18_clarksons-platou-hellas-snp-weekly-bulletin-45_report-18-11-2022_bdf8f91df692.pdf"", ""raw_built"": ""MAN B. 2008 HMD IMO 12"", ""raw_details"": ""& W. 6S46MC-C7.1 SS III, Trading CPP DD Pumps, BWTS Due"", ""printed_date"": ""18/11/2022""}"
2022-11-25,2022-11-25,Bulker Sales,1,AQUATAINE,Capesize,"181,725",,MAN B. 2010 IMABARI MAN B.,USD 25 M,GREEKS,08/25 11/23,& W. 6S70MC-C7.2 SS BWTS Fitted DD & W. 6S60MC-C8.1,"{""stem"": ""2022-11-25_clarksons-platou-hellas-snp-weekly-bulletin-46_report-25-11-2022_f5c5d3ff3274"", ""source_file"": ""2022-11-25_clarksons-platou-hellas-snp-weekly-bulletin-46_report-25-11-2022_f5c5d3ff3274.pdf"", ""raw_built"": ""MAN B. 2010 IMABARI MAN B."", ""raw_details"": ""& W. 6S70MC-C7.2 SS BWTS Fitted DD & W. 6S60MC-C8.1"", ""printed_date"": ""25/11/2022""}"
2022-11-25,2022-11-25,Bulker Sales,1,DL CARNATION,Kamsarmax,"81,805",,MAN B. 2014 JIANGSU EASTERN,USD 18.8 M,GREEKS,09/24 09/24,& W. 6S60MC-C8.1 SS Tier II DD BWTS Fitted,"{""stem"": ""2022-11-25_clarksons-platou-hellas-snp-weekly-bulletin-46_report-25-11-2022_f5c5d3ff3274"", ""source_file"": ""2022-11-25_clarksons-platou-hellas-snp-weekly-bulletin-46_report-25-11-2022_f5c5d3ff3274.pdf"", ""raw_built"": ""MAN B. 2014 JIANGSU EASTERN"", ""raw_details"": ""& W. 6S60MC-C8.1 SS Tier II DD BWTS Fitted"", ""printed_date"": ""25/11/2022""}"
2022-11-25,2022-11-25,Bulker Sales,1,NORD LIBRA,Panamax,"77,134",,MAN B. 2014 IMABARI Scrubber MAN B.,USD 22 M,GREEKS,11/24 XS 03/23,& W. 6S60ME-C7.1 SS & BWTS Fitted DD & W. 6S46ME-B8.5,"{""stem"": ""2022-11-25_clarksons-platou-hellas-snp-weekly-bulletin-46_report-25-11-2022_f5c5d3ff3274"", ""source_file"": ""2022-11-25_clarksons-platou-hellas-snp-weekly-bulletin-46_report-25-11-2022_f5c5d3ff3274.pdf"", ""raw_built"": ""MAN B. 2014 IMABARI Scrubber MAN B."", ""raw_details"": ""& W. 6S60ME-C7.1 SS & BWTS Fitted DD & W. 6S46ME-B8.5"", ""printed_date"": ""25/11/2022""}"
2022-11-25,2022-11-25,Bulker Sales,1,SEASTAR HARRIER,Handysize,"39,800",,"MAN B. 2022 HAKODATE Tier III, 4",USD 30.9 M,JAPANESE,11/27 11/25,"& W. 6S46ME-B8.5 SS x 30 T, BWTS Fitted DD","{""stem"": ""2022-11-25_clarksons-platou-hellas-snp-weekly-bulletin-46_report-25-11-2022_f5c5d3ff3274"", ""source_file"": ""2022-11-25_clarksons-platou-hellas-snp-weekly-bulletin-46_report-25-11-2022_f5c5d3ff3274.pdf"", ""raw_built"": ""MAN B. 2022 HAKODATE Tier III, 4"", ""raw_details"": ""& W. 6S46ME-B8.5 SS x 30 T, BWTS Fitted DD"", ""printed_date"": ""25/11/2022""}"
2022-11-25,2022-11-25,Tanker Sales,1,CONCORD,Suezmax,"159,156",,MAN B. 2005 HHI CAP,USD 33 M,U/D,06/25 09/23 02/27,"& W. 6S70ME-C7.1 SS 1, BWTS Fitted DD WARTSILA 7RTA58T-B SS","{""stem"": ""2022-11-25_clarksons-platou-hellas-snp-weekly-bulletin-46_report-25-11-2022_f5c5d3ff3274"", ""source_file"": ""2022-11-25_clarksons-platou-hellas-snp-weekly-bulletin-46_report-25-11-2022_f5c5d3ff3274.pdf"", ""raw_built"": ""MAN B. 2005 HHI CAP"", ""raw_details"": ""& W. 6S70ME-C7.1 SS 1, BWTS Fitted DD WARTSILA 7RTA58T-B SS"", ""printed_date"": ""25/11/2022""}"
2022-11-25,2022-11-25,Tanker Sales,1,NORDBAY,Aframax,"116,104",2007,UNIVERSAL,USD 34 M,U/D,02/27 RGN 11/24 06/25,WARTSILA 7RTA58T-B SS BWTS Fitted DD SULZER 6RTA58T SS,"{""stem"": ""2022-11-25_clarksons-platou-hellas-snp-weekly-bulletin-46_report-25-11-2022_f5c5d3ff3274"", ""source_file"": ""2022-11-25_clarksons-platou-hellas-snp-weekly-bulletin-46_report-25-11-2022_f5c5d3ff3274.pdf"", ""raw_built"": ""2007 UNIVERSAL"", ""raw_details"": ""WARTSILA 7RTA58T-B SS BWTS Fitted DD SULZER 6RTA58T SS"", ""printed_date"": ""25/11/2022""}"
2022-11-25,2022-11-25,Tanker Sales,1,HAO YU,Aframax,"105,522",2005,SUMITOMO Scrubber MAN B.,USD 28 M,CHINESE,06/25 LOW 06/25 04/24,SULZER 6RTA58T SS & BWTS Fitted DD & W. 6S60MC-C7.1 SS,"{""stem"": ""2022-11-25_clarksons-platou-hellas-snp-weekly-bulletin-46_report-25-11-2022_f5c5d3ff3274"", ""source_file"": ""2022-11-25_clarksons-platou-hellas-snp-weekly-bulletin-46_report-25-11-2022_f5c5d3ff3274.pdf"", ""raw_built"": ""2005 SUMITOMO Scrubber MAN B."", ""raw_details"": ""SULZER 6RTA58T SS & BWTS Fitted DD & W. 6S60MC-C7.1 SS"", ""printed_date"": ""25/11/2022""}"
2022-11-25,2022-11-25,Tanker Sales,1,NORDNEPTUN,Panamax,"74,999",,MAN B. 2004 HHI MAN,USD 16 M,U/D,04/24 RGN 04/24 01/23,"& W. 6S60MC-C7.1 SS LR1, BWTS Due DD B. & W. 6S50MC6.1 SS","{""stem"": ""2022-11-25_clarksons-platou-hellas-snp-weekly-bulletin-46_report-25-11-2022_f5c5d3ff3274"", ""source_file"": ""2022-11-25_clarksons-platou-hellas-snp-weekly-bulletin-46_report-25-11-2022_f5c5d3ff3274.pdf"", ""raw_built"": ""MAN B. 2004 HHI MAN"", ""raw_details"": ""& W. 6S60MC-C7.1 SS LR1, BWTS Due DD B. & W. 6S50MC6.1 SS"", ""printed_date"": ""25/11/2022""}"
2022-11-25,2022-11-25,Tanker Sales,1,VALLERMOSA,Handysize,"42,721",,MAN 2003 HMD 12,USD 12 M,CHINESE,01/23 01/23,"B. & W. 6S50MC6.1 SS Pumps, BWTS Due DD","{""stem"": ""2022-11-25_clarksons-platou-hellas-snp-weekly-bulletin-46_report-25-11-2022_f5c5d3ff3274"", ""source_file"": ""2022-11-25_clarksons-platou-hellas-snp-weekly-bulletin-46_report-25-11-2022_f5c5d3ff3274.pdf"", ""raw_built"": ""MAN 2003 HMD 12"", ""raw_details"": ""B. & W. 6S50MC6.1 SS Pumps, BWTS Due DD"", ""printed_date"": ""25/11/2022""}"
2022-12-02,2022-12-02,Bulker Sales,1,SAGAR MOTI,Supramax,"58,470",2012,TSUNEISHI MAN-B&W BWTS (ZHOUSHAN),XS USD 17 M,U/D,06/27 RGN 10/25,"6S50MC-C8.2 SS fitted, CR 4 x 30 T DD","{""stem"": ""2022-12-02_clarksons-platou-hellas-snp-weekly-bulletin-47_report-02-12-2022_4147a7df4bc1"", ""source_file"": ""2022-12-02_clarksons-platou-hellas-snp-weekly-bulletin-47_report-02-12-2022_4147a7df4bc1.pdf"", ""raw_built"": ""2012 TSUNEISHI MAN-B&W BWTS (ZHOUSHAN)"", ""raw_details"": ""6S50MC-C8.2 SS fitted, CR 4 x 30 T DD"", ""printed_date"": ""02/12/2022""}"
2022-12-02,2022-12-02,Bulker Sales,1,WORLDERA-5,Supramax,"52,292",2004,TSUNEISHI MAN-B&W (CEBU) BWTS,USD 10 M,CHINESE,06/24 MID 06/24,"6S50MC6.1 SS fitted, CR 4 x 30 T DD","{""stem"": ""2022-12-02_clarksons-platou-hellas-snp-weekly-bulletin-47_report-02-12-2022_4147a7df4bc1"", ""source_file"": ""2022-12-02_clarksons-platou-hellas-snp-weekly-bulletin-47_report-02-12-2022_4147a7df4bc1.pdf"", ""raw_built"": ""2004 TSUNEISHI MAN-B&W (CEBU) BWTS"", ""raw_details"": ""6S50MC6.1 SS fitted, CR 4 x 30 T DD"", ""printed_date"": ""02/12/2022""}"
2022-12-02,2022-12-02,Tanker Sales,1,SYFNOS,VLCC,"298,495",2006,UNIVERSAL BWTS 2009 JIAGNSU MAN-B&W,USD 56 M,U/D,06/26 12/23 07/24,MAN-B&W 7S80MC6.1 SS & Scrubber fitted DD 6S70MC-C7.2 SS,"{""stem"": ""2022-12-02_clarksons-platou-hellas-snp-weekly-bulletin-47_report-02-12-2022_4147a7df4bc1"", ""source_file"": ""2022-12-02_clarksons-platou-hellas-snp-weekly-bulletin-47_report-02-12-2022_4147a7df4bc1.pdf"", ""raw_built"": ""2006 UNIVERSAL BWTS 2009 JIAGNSU MAN-B&W"", ""raw_details"": ""MAN-B&W 7S80MC6.1 SS & Scrubber fitted DD 6S70MC-C7.2 SS"", ""printed_date"": ""02/12/2022""}"
2022-12-02,2022-12-02,Tanker Sales,1,FRONT BALDER,Suezmax,"156,436",2009,JIAGNSU MAN-B&W RONGSHENG BWTS,USD 38.5 M,TURKISH,07/24 RGN 07/24 03/27,6S70MC-C7.2 SS & Scrubber fitted DD MAN-B&W 7S60MC6.1 SS,"{""stem"": ""2022-12-02_clarksons-platou-hellas-snp-weekly-bulletin-47_report-02-12-2022_4147a7df4bc1"", ""source_file"": ""2022-12-02_clarksons-platou-hellas-snp-weekly-bulletin-47_report-02-12-2022_4147a7df4bc1.pdf"", ""raw_built"": ""2009 JIAGNSU MAN-B&W RONGSHENG BWTS"", ""raw_details"": ""6S70MC-C7.2 SS & Scrubber fitted DD MAN-B&W 7S60MC6.1 SS"", ""printed_date"": ""02/12/2022""}"
2022-12-02,2022-12-02,Tanker Sales,1,SAMRAA ALKHALEEJ,Aframax,"114,858 114,795",2006,SAMSUNG BWTS 2007 SAMSUNG,USD 86 M (En Bloc),U/D,03/27 DD08/25 RGN 03/27,"MAN-B&W 7S60MC6.1 SS fitted, ICE 1A MAN-B&W 7S60MC-C SS","{""stem"": ""2022-12-02_clarksons-platou-hellas-snp-weekly-bulletin-47_report-02-12-2022_4147a7df4bc1"", ""source_file"": ""2022-12-02_clarksons-platou-hellas-snp-weekly-bulletin-47_report-02-12-2022_4147a7df4bc1.pdf"", ""raw_built"": ""2006 SAMSUNG BWTS 2007 SAMSUNG"", ""raw_details"": ""MAN-B&W 7S60MC6.1 SS fitted, ICE 1A MAN-B&W 7S60MC-C SS"", ""printed_date"": ""02/12/2022""}"
2022-12-02,2022-12-02,Tanker Sales,1,ALHANI,Aframax,"114,795",2007,SAMSUNG BWTS,(En Bloc),U/D,03/27 08/25 07/24,"MAN-B&W 7S60MC-C SS fitted, ICE 1A DD MAN-B&W 7S60MC6.1 SS","{""stem"": ""2022-12-02_clarksons-platou-hellas-snp-weekly-bulletin-47_report-02-12-2022_4147a7df4bc1"", ""source_file"": ""2022-12-02_clarksons-platou-hellas-snp-weekly-bulletin-47_report-02-12-2022_4147a7df4bc1.pdf"", ""raw_built"": ""2007 SAMSUNG BWTS"", ""raw_details"": ""MAN-B&W 7S60MC-C SS fitted, ICE 1A DD MAN-B&W 7S60MC6.1 SS"", ""printed_date"": ""02/12/2022""}"
2022-12-02,2022-12-02,Tanker Sales,1,SEATRUST,Aframax,"114,549",2004,SAMSUNG BWTS,USD 35 M,U/D,07/24 07/24 10/24,"MAN-B&W 7S60MC6.1 SS fitted, ICE 1C DD MAN-B&W 5S60MC6.1 SS","{""stem"": ""2022-12-02_clarksons-platou-hellas-snp-weekly-bulletin-47_report-02-12-2022_4147a7df4bc1"", ""source_file"": ""2022-12-02_clarksons-platou-hellas-snp-weekly-bulletin-47_report-02-12-2022_4147a7df4bc1.pdf"", ""raw_built"": ""2004 SAMSUNG BWTS"", ""raw_details"": ""MAN-B&W 7S60MC6.1 SS fitted, ICE 1C DD MAN-B&W 5S60MC6.1 SS"", ""printed_date"": ""02/12/2022""}"
2022-12-02,2022-12-02,Tanker Sales,1,ANTIKEROS,Panamax,"69,714",2004,DSME BWTS 2006 DAEWOO,USD 13 M,CHINESE,10/24 RGN 01/23 11/27,"MAN-B&W 5S60MC6.1 SS fitted, 12 pumps DD MAN-B&W 5S60MC6.1 SS","{""stem"": ""2022-12-02_clarksons-platou-hellas-snp-weekly-bulletin-47_report-02-12-2022_4147a7df4bc1"", ""source_file"": ""2022-12-02_clarksons-platou-hellas-snp-weekly-bulletin-47_report-02-12-2022_4147a7df4bc1.pdf"", ""raw_built"": ""2004 DSME BWTS 2006 DAEWOO"", ""raw_details"": ""MAN-B&W 5S60MC6.1 SS fitted, 12 pumps DD MAN-B&W 5S60MC6.1 SS"", ""printed_date"": ""02/12/2022""}"
2022-12-02,2022-12-02,Tanker Sales,1,STROFADES,Panamax,"69,431",2006,DAEWOO MANGALIA BWTS MAN-B&W,USD 17.3 M,CHINESE,11/27 RGN 07/25 01/23,"MAN-B&W 5S60MC6.1 SS fitted, 12 pumps DD 5S50MC-C8.2 SS","{""stem"": ""2022-12-02_clarksons-platou-hellas-snp-weekly-bulletin-47_report-02-12-2022_4147a7df4bc1"", ""source_file"": ""2022-12-02_clarksons-platou-hellas-snp-weekly-bulletin-47_report-02-12-2022_4147a7df4bc1.pdf"", ""raw_built"": ""2006 DAEWOO MANGALIA BWTS MAN-B&W"", ""raw_details"": ""MAN-B&W 5S60MC6.1 SS fitted, 12 pumps DD 5S50MC-C8.2 SS"", ""printed_date"": ""02/12/2022""}"
2022-12-02,2022-12-02,Tanker Sales,1,HAWASSA,Handysize,"42,190",,"MAN-B&W 2013 CSC JINLING Epoxy, MAN-B&W",USD 34 M (c/o (En Bloc),SINGAPOREANS Stamford,01/23 01/23 RGN 02/23,"5S50MC-C8.2 SS 3 pumps, CPP DD 5S50MC-C8.2 SS","{""stem"": ""2022-12-02_clarksons-platou-hellas-snp-weekly-bulletin-47_report-02-12-2022_4147a7df4bc1"", ""source_file"": ""2022-12-02_clarksons-platou-hellas-snp-weekly-bulletin-47_report-02-12-2022_4147a7df4bc1.pdf"", ""raw_built"": ""MAN-B&W 2013 CSC JINLING Epoxy, MAN-B&W"", ""raw_details"": ""5S50MC-C8.2 SS 3 pumps, CPP DD 5S50MC-C8.2 SS"", ""printed_date"": ""02/12/2022""}"
2022-12-02,2022-12-02,Tanker Sales,1,BAHIR DAR,Handysize,"42,150",,"MAN-B&W 2012 CSC JINLING Epoxy,",(c/o (En Bloc),Stamford Shipping),02/23 02/23,"5S50MC-C8.2 SS 3 pumps, CPP DD","{""stem"": ""2022-12-02_clarksons-platou-hellas-snp-weekly-bulletin-47_report-02-12-2022_4147a7df4bc1"", ""source_file"": ""2022-12-02_clarksons-platou-hellas-snp-weekly-bulletin-47_report-02-12-2022_4147a7df4bc1.pdf"", ""raw_built"": ""MAN-B&W 2012 CSC JINLING Epoxy,"", ""raw_details"": ""5S50MC-C8.2 SS 3 pumps, CPP DD"", ""printed_date"": ""02/12/2022""}"
2022-12-09,2022-12-09,Bulker Sales,1,NORD POLLUX,Kamsarmax,"81,839",2016,TSUNEISHI MAN B. (CEBU),USD 25 M Delivery in May 2023),GREEKS,XS 01/26 (Basis 12/23,& W. 6S60ME-C8.2 SS BWTS Fitted DD,"{""stem"": ""2022-12-09_clarksons-platou-hellas-snp-weekly-bulletin-48_report-09-12-2022_92804d38cad6"", ""source_file"": ""2022-12-09_clarksons-platou-hellas-snp-weekly-bulletin-48_report-09-12-2022_92804d38cad6.pdf"", ""raw_built"": ""2016 TSUNEISHI MAN B. (CEBU)"", ""raw_details"": ""& W. 6S60ME-C8.2 SS BWTS Fitted DD"", ""printed_date"": ""09/12/2022""}"
2022-12-09,2022-12-09,Bulker Sales,1,CYGNUS,Handysize,"32,642",,4 x 2005 KANDA MAN B.,USD 9.5 M MIDDLE,EASTERNS,12/25 11/23,"MITSUBISHI 6UEC52LA SS 30 T, LOGS Fitted DD BWTS Fitted & W. 6S42MC7.2","{""stem"": ""2022-12-09_clarksons-platou-hellas-snp-weekly-bulletin-48_report-09-12-2022_92804d38cad6"", ""source_file"": ""2022-12-09_clarksons-platou-hellas-snp-weekly-bulletin-48_report-09-12-2022_92804d38cad6.pdf"", ""raw_built"": ""4 x 2005 KANDA MAN B."", ""raw_details"": ""MITSUBISHI 6UEC52LA SS 30 T, LOGS Fitted DD BWTS Fitted & W. 6S42MC7.2"", ""printed_date"": ""09/12/2022""}"
2022-12-09,2022-12-09,Bulker Sales,1,GANT GRACE,Handysize,"28,375",,MAN B. 2010 IMABARI 4 x,USD 12.5 M UAE,BASED,01/25 01/25,"& W. 6S42MC7.2 SS 30 T, LOGS Fitted DD BWTS Fitted","{""stem"": ""2022-12-09_clarksons-platou-hellas-snp-weekly-bulletin-48_report-09-12-2022_92804d38cad6"", ""source_file"": ""2022-12-09_clarksons-platou-hellas-snp-weekly-bulletin-48_report-09-12-2022_92804d38cad6.pdf"", ""raw_built"": ""MAN B. 2010 IMABARI 4 x"", ""raw_details"": ""& W. 6S42MC7.2 SS 30 T, LOGS Fitted DD BWTS Fitted"", ""printed_date"": ""09/12/2022""}"
2022-12-09,2022-12-09,Tanker Sales,1,SOUTHERN ROUSE,Aframax,"108,467",2018,TSUNEISHI MAN B. ZOSEN Scrubber MAN,USD 62 M,U/D,09/27 08/24 09/23,& W. 6G60ME C9.5 SS & BWTS Fitted DD B. & W. 6S50MC6.1 SS,"{""stem"": ""2022-12-09_clarksons-platou-hellas-snp-weekly-bulletin-48_report-09-12-2022_92804d38cad6"", ""source_file"": ""2022-12-09_clarksons-platou-hellas-snp-weekly-bulletin-48_report-09-12-2022_92804d38cad6.pdf"", ""raw_built"": ""2018 TSUNEISHI MAN B. ZOSEN Scrubber MAN"", ""raw_details"": ""& W. 6G60ME C9.5 SS & BWTS Fitted DD B. & W. 6S50MC6.1 SS"", ""printed_date"": ""09/12/2022""}"
2022-12-09,2022-12-09,Tanker Sales,1,CENTENNIAL MISUMI,MR,"47,186",,"MAN 2008 ONOMICHI CPP, 4",USD 21.5 M,U/D,09/23 09/23,"B. & W. 6S50MC6.1 SS Pumps, BWTS Fitted DD","{""stem"": ""2022-12-09_clarksons-platou-hellas-snp-weekly-bulletin-48_report-09-12-2022_92804d38cad6"", ""source_file"": ""2022-12-09_clarksons-platou-hellas-snp-weekly-bulletin-48_report-09-12-2022_92804d38cad6.pdf"", ""raw_built"": ""MAN 2008 ONOMICHI CPP, 4"", ""raw_details"": ""B. & W. 6S50MC6.1 SS Pumps, BWTS Fitted DD"", ""printed_date"": ""09/12/2022""}"
2022-12-16,2022-12-16,Bulker Sales,1,LOWLANDS SUNRISE,Capesize,"181,458",,MAN B. 2011 KOYO,USD 25.5 M,GREEKS,06/26 04/24,& W. 6S70MC-C7.2 SS BWTS Fitted DD,"{""stem"": ""2022-12-16_clarksons-platou-hellas-snp-weekly-bulletin-49_report-16-12-2022_5566e5952a5e"", ""source_file"": ""2022-12-16_clarksons-platou-hellas-snp-weekly-bulletin-49_report-16-12-2022_5566e5952a5e.pdf"", ""raw_built"": ""MAN B. 2011 KOYO"", ""raw_details"": ""& W. 6S70MC-C7.2 SS BWTS Fitted DD"", ""printed_date"": ""16/12/2022""}"
2022-12-16,2022-12-16,Bulker Sales,1,WISDOM OF THE SEA 1,Capesize,"180,144",2011,DAEHAN MAN B.,USD 23 M,EUROPEANS,02/26 HIGH 12/23,SS DD & W. 6S70MC-C7.2 BWTS Fitted,"{""stem"": ""2022-12-16_clarksons-platou-hellas-snp-weekly-bulletin-49_report-16-12-2022_5566e5952a5e"", ""source_file"": ""2022-12-16_clarksons-platou-hellas-snp-weekly-bulletin-49_report-16-12-2022_5566e5952a5e.pdf"", ""raw_built"": ""2011 DAEHAN MAN B."", ""raw_details"": ""SS DD & W. 6S70MC-C7.2 BWTS Fitted"", ""printed_date"": ""16/12/2022""}"
2022-12-16,2022-12-16,Bulker Sales,1,WISDOM OF THE SEA 2,Capesize,"180,184",2011,DAEHAN,USD 23 M,EUROPEANS,11/25 HIGH 11/23,BWTS Fitted SS DD,"{""stem"": ""2022-12-16_clarksons-platou-hellas-snp-weekly-bulletin-49_report-16-12-2022_5566e5952a5e"", ""source_file"": ""2022-12-16_clarksons-platou-hellas-snp-weekly-bulletin-49_report-16-12-2022_5566e5952a5e.pdf"", ""raw_built"": ""2011 DAEHAN"", ""raw_details"": ""BWTS Fitted SS DD"", ""printed_date"": ""16/12/2022""}"
2022-12-16,2022-12-16,Bulker Sales,1,GOLDEN STRENGTH,Panamax,"75,750",2008,JIANGSU MAN B. RONGSHENG Ice Class,USD 31 M,GREEKS,04/24 04/24,"& W. 5S60MC-C7.1 SS 1C, BWTS Fitted DD","{""stem"": ""2022-12-16_clarksons-platou-hellas-snp-weekly-bulletin-49_report-16-12-2022_5566e5952a5e"", ""source_file"": ""2022-12-16_clarksons-platou-hellas-snp-weekly-bulletin-49_report-16-12-2022_5566e5952a5e.pdf"", ""raw_built"": ""2008 JIANGSU MAN B. RONGSHENG Ice Class"", ""raw_details"": ""& W. 5S60MC-C7.1 SS 1C, BWTS Fitted DD"", ""printed_date"": ""16/12/2022""}"
2022-12-16,2022-12-16,Bulker Sales,1,GOLDEN ICE,Panamax,"75,744",2008,JIANGSU MAN B. RONGSHENG Ice,(En Bloc),,12/23 12/23,"& W. 5S60MC-C7.1 SS Class 1C, BWTS Due DD","{""stem"": ""2022-12-16_clarksons-platou-hellas-snp-weekly-bulletin-49_report-16-12-2022_5566e5952a5e"", ""source_file"": ""2022-12-16_clarksons-platou-hellas-snp-weekly-bulletin-49_report-16-12-2022_5566e5952a5e.pdf"", ""raw_built"": ""2008 JIANGSU MAN B. RONGSHENG Ice"", ""raw_details"": ""& W. 5S60MC-C7.1 SS Class 1C, BWTS Due DD"", ""printed_date"": ""16/12/2022""}"
2022-12-16,2022-12-16,Bulker Sales,1,STONY STREAM,Ultramax,"64,000",,MAN B. 2015 CHENGXI 4 x MAN B.,USD 24.1 M USA,BASED,04/25 05/23,"& W. 5S60ME-C8.2 SS 30 T, BWTS Fitted DD & W. 5S60ME-C8.1","{""stem"": ""2022-12-16_clarksons-platou-hellas-snp-weekly-bulletin-49_report-16-12-2022_5566e5952a5e"", ""source_file"": ""2022-12-16_clarksons-platou-hellas-snp-weekly-bulletin-49_report-16-12-2022_5566e5952a5e.pdf"", ""raw_built"": ""MAN B. 2015 CHENGXI 4 x MAN B."", ""raw_details"": ""& W. 5S60ME-C8.2 SS 30 T, BWTS Fitted DD & W. 5S60ME-C8.1"", ""printed_date"": ""16/12/2022""}"
2022-12-16,2022-12-16,Bulker Sales,1,DELSA,Ultramax,"63,166",,MAN B. 2015 SINOPACIFIC ZHEJIANG,USD 24.5 M,U/D,05/25 03/23,"& W. 5S60ME-C8.1 SS Tier II, 4 x 30 T DD BWTS Fitted","{""stem"": ""2022-12-16_clarksons-platou-hellas-snp-weekly-bulletin-49_report-16-12-2022_5566e5952a5e"", ""source_file"": ""2022-12-16_clarksons-platou-hellas-snp-weekly-bulletin-49_report-16-12-2022_5566e5952a5e.pdf"", ""raw_built"": ""MAN B. 2015 SINOPACIFIC ZHEJIANG"", ""raw_details"": ""& W. 5S60ME-C8.1 SS Tier II, 4 x 30 T DD BWTS Fitted"", ""printed_date"": ""16/12/2022""}"
2022-12-16,2022-12-16,Tanker Sales,1,GULLIT,Aframax,"108,943",2008,SHANGHAI MAN B. WAIGAOQIAO MAN B.,USD 34 M,MIDDLE EASTERNS,03/23 XS 03/23,& W. 6S60MC-C7.1 SS BWTS Due DD & W. 6S50MC-C8.1,"{""stem"": ""2022-12-16_clarksons-platou-hellas-snp-weekly-bulletin-49_report-16-12-2022_5566e5952a5e"", ""source_file"": ""2022-12-16_clarksons-platou-hellas-snp-weekly-bulletin-49_report-16-12-2022_5566e5952a5e.pdf"", ""raw_built"": ""2008 SHANGHAI MAN B. WAIGAOQIAO MAN B."", ""raw_details"": ""& W. 6S60MC-C7.1 SS BWTS Due DD & W. 6S50MC-C8.1"", ""printed_date"": ""16/12/2022""}"
2022-12-16,2022-12-16,Tanker Sales,1,LUZERN,Handysize,"38,431",,MAN B. 2007 GSI 12,USD 15.25 M,U/D,04/27 09/25,"& W. 6S50MC-C8.1 SS Pumps, DPP DD BWTS Fitted","{""stem"": ""2022-12-16_clarksons-platou-hellas-snp-weekly-bulletin-49_report-16-12-2022_5566e5952a5e"", ""source_file"": ""2022-12-16_clarksons-platou-hellas-snp-weekly-bulletin-49_report-16-12-2022_5566e5952a5e.pdf"", ""raw_built"": ""MAN B. 2007 GSI 12"", ""raw_details"": ""& W. 6S50MC-C8.1 SS Pumps, DPP DD BWTS Fitted"", ""printed_date"": ""16/12/2022""}"
2022-12-23,2022-12-23,Bulker Sales,1,ALEGRE III,Supramax,"55,808",,MAN B. 2007 KAWASAKI 4 x,USD 14.7 M,INDONESIANS,03/25 01/23,"& W. 6S50MC-C8.1 SS 30 T, BWTS Fitted DD","{""stem"": ""2022-12-23_clarksons-platou-hellas-snp-weekly-bulletin-50_report-23-12-2022_55384c8ec8c2"", ""source_file"": ""2022-12-23_clarksons-platou-hellas-snp-weekly-bulletin-50_report-23-12-2022_55384c8ec8c2.pdf"", ""raw_built"": ""MAN B. 2007 KAWASAKI 4 x"", ""raw_details"": ""& W. 6S50MC-C8.1 SS 30 T, BWTS Fitted DD"", ""printed_date"": ""23/12/2022""}"
2022-12-23,2022-12-23,Tanker Sales,1,DELTA PIONEER,Aframax,"111,013",2004,HYUNDAI SAMHO HI,,,10/24 02/23 01/25,SS DD SS,"{""stem"": ""2022-12-23_clarksons-platou-hellas-snp-weekly-bulletin-50_report-23-12-2022_55384c8ec8c2"", ""source_file"": ""2022-12-23_clarksons-platou-hellas-snp-weekly-bulletin-50_report-23-12-2022_55384c8ec8c2.pdf"", ""raw_built"": ""2004 HYUNDAI SAMHO HI"", ""raw_details"": ""SS DD SS"", ""printed_date"": ""23/12/2022""}"
2022-12-23,2022-12-23,Tanker Sales,1,DELTA VICTORY,Aframax,"111,006",,MAN 2005 HYUNDAI,USD 140 M DUBAI (En Bloc),BASED,01/25 03/23 02/25,SS B. & W. 7S60MC6.1 DD Ice Class 1A SS,"{""stem"": ""2022-12-23_clarksons-platou-hellas-snp-weekly-bulletin-50_report-23-12-2022_55384c8ec8c2"", ""source_file"": ""2022-12-23_clarksons-platou-hellas-snp-weekly-bulletin-50_report-23-12-2022_55384c8ec8c2.pdf"", ""raw_built"": ""MAN 2005 HYUNDAI"", ""raw_details"": ""SS B. & W. 7S60MC6.1 DD Ice Class 1A SS"", ""printed_date"": ""23/12/2022""}"
2022-12-23,2022-12-23,Tanker Sales,1,DELTA CAPTAIN,Aframax,"111,009",2005,HYUNDAI Scrubber SAMHO HI,DUBAI (En Bloc),BASED,02/25 07/23 03/25,Ice Class 1A SS & BWTS Fitted DD SS,"{""stem"": ""2022-12-23_clarksons-platou-hellas-snp-weekly-bulletin-50_report-23-12-2022_55384c8ec8c2"", ""source_file"": ""2022-12-23_clarksons-platou-hellas-snp-weekly-bulletin-50_report-23-12-2022_55384c8ec8c2.pdf"", ""raw_built"": ""2005 HYUNDAI Scrubber SAMHO HI"", ""raw_details"": ""Ice Class 1A SS & BWTS Fitted DD SS"", ""printed_date"": ""23/12/2022""}"
2022-12-23,2022-12-23,Tanker Sales,1,DELTA SAILOR,Aframax,"111,004",,,,,03/25 09/23,SS DD,"{""stem"": ""2022-12-23_clarksons-platou-hellas-snp-weekly-bulletin-50_report-23-12-2022_55384c8ec8c2"", ""source_file"": ""2022-12-23_clarksons-platou-hellas-snp-weekly-bulletin-50_report-23-12-2022_55384c8ec8c2.pdf"", ""raw_built"": """", ""raw_details"": ""SS DD"", ""printed_date"": ""23/12/2022""}"
2023-01-09,2023-01-09,Bulker Sales,1,"AQUASALWADOR 180,012",Capesize,"180,012",,MAN B. 2012 DAEHAN MAN B.,USD 27 M (En,GREEKS Bloc),01/27 RGN 05/25 12/26,& W. 6S70MC-C8.1 SS BWTS Fitted DD & W. 6S70MC-C8.1 SS,"{""stem"": ""2023-01-09_clarksons-platou-hellas-snp-weekly-bulletin-51_report-07-01-2023_bcf1cb1da902"", ""source_file"": ""2023-01-09_clarksons-platou-hellas-snp-weekly-bulletin-51_report-07-01-2023_bcf1cb1da902.pdf"", ""raw_built"": ""MAN B. 2012 DAEHAN MAN B."", ""raw_details"": ""& W. 6S70MC-C8.1 SS BWTS Fitted DD & W. 6S70MC-C8.1 SS"", ""printed_date"": ""09/01/2023""}"
2023-01-09,2023-01-09,Bulker Sales,1,AQUANAVIGATOR,Capesize,"179,905",,MAN B. 2011 DAEHAN,(En USD 25 M,Bloc),12/26 RGN 03/25,& W. 6S70MC-C8.1 SS BWTS Fitted DD,"{""stem"": ""2023-01-09_clarksons-platou-hellas-snp-weekly-bulletin-51_report-07-01-2023_bcf1cb1da902"", ""source_file"": ""2023-01-09_clarksons-platou-hellas-snp-weekly-bulletin-51_report-07-01-2023_bcf1cb1da902.pdf"", ""raw_built"": ""MAN B. 2011 DAEHAN"", ""raw_details"": ""& W. 6S70MC-C8.1 SS BWTS Fitted DD"", ""printed_date"": ""09/01/2023""}"
2023-01-09,2023-01-09,Bulker Sales,1,KIRISHIMA SKY,Handysize,"35,309",2014,"MAN B. OHBS, 4 MINAMINIPPON",USD 16.5 M,TURKISH,05/25 09/23,"& W. 6S50MC-C8.2 SS x 30 T, BWTS Fitted DD","{""stem"": ""2023-01-09_clarksons-platou-hellas-snp-weekly-bulletin-51_report-07-01-2023_bcf1cb1da902"", ""source_file"": ""2023-01-09_clarksons-platou-hellas-snp-weekly-bulletin-51_report-07-01-2023_bcf1cb1da902.pdf"", ""raw_built"": ""2014 MAN B. OHBS, 4 MINAMINIPPON"", ""raw_details"": ""& W. 6S50MC-C8.2 SS x 30 T, BWTS Fitted DD"", ""printed_date"": ""09/01/2023""}"
2023-01-09,2023-01-09,Tanker Sales,1,COSGREAT LAKE,VLCC,"298,833",2002,NANTONG MAN COSCO KHI MAN B.,USD 39 M,MIDDLE EASTERNS,12/27 HIGH 01/25 10/26,B. & W. 7S80MC6.1 SS BWTS Fitted DD & W. 7S65ME-C8.1 SS,"{""stem"": ""2023-01-09_clarksons-platou-hellas-snp-weekly-bulletin-51_report-07-01-2023_bcf1cb1da902"", ""source_file"": ""2023-01-09_clarksons-platou-hellas-snp-weekly-bulletin-51_report-07-01-2023_bcf1cb1da902.pdf"", ""raw_built"": ""2002 NANTONG MAN COSCO KHI MAN B."", ""raw_details"": ""B. & W. 7S80MC6.1 SS BWTS Fitted DD & W. 7S65ME-C8.1 SS"", ""printed_date"": ""09/01/2023""}"
2023-01-09,2023-01-09,Tanker Sales,1,ICE TRANSPORTER,Suezmax,"146,270",,MAN B. 2006 UNIVERSAL Ice Class MAN B.,USD 47.5 M,U/D MIDDLE,10/26 12/24 03/25,"& W. 7S65ME-C8.1 SS 1A, BWTS Fitted DD & W. 6S60MC-C7.2 SS","{""stem"": ""2023-01-09_clarksons-platou-hellas-snp-weekly-bulletin-51_report-07-01-2023_bcf1cb1da902"", ""source_file"": ""2023-01-09_clarksons-platou-hellas-snp-weekly-bulletin-51_report-07-01-2023_bcf1cb1da902.pdf"", ""raw_built"": ""MAN B. 2006 UNIVERSAL Ice Class MAN B."", ""raw_details"": ""& W. 7S65ME-C8.1 SS 1A, BWTS Fitted DD & W. 6S60MC-C7.2 SS"", ""printed_date"": ""09/01/2023""}"
2023-01-09,2023-01-09,Tanker Sales,1,SYRA,Aframax,"105,309",,MAN B. 2010 SUMITOMO,USD 39.5 M,MIDDLE EASTERNS,03/25 07/23,& W. 6S60MC-C7.2 SS BWTS Fitted DD,"{""stem"": ""2023-01-09_clarksons-platou-hellas-snp-weekly-bulletin-51_report-07-01-2023_bcf1cb1da902"", ""source_file"": ""2023-01-09_clarksons-platou-hellas-snp-weekly-bulletin-51_report-07-01-2023_bcf1cb1da902.pdf"", ""raw_built"": ""MAN B. 2010 SUMITOMO"", ""raw_details"": ""& W. 6S60MC-C7.2 SS BWTS Fitted DD"", ""printed_date"": ""09/01/2023""}"
2023-01-13,2023-01-13,Bulker Sales,1,CAPE MAPLE,Capesize,"206,204",,MAN B. 2005 IMABARI,USD 15 M,TURKISH,08/25 RGN 09/23,& W. 6S70MC-C7.1 SS BWTS Fitted DD,"{""stem"": ""2023-01-13_clarksons-platou-hellas-snp-weekly-bulletin-52_report-13-01-2023_31caf02f1587"", ""source_file"": ""2023-01-13_clarksons-platou-hellas-snp-weekly-bulletin-52_report-13-01-2023_31caf02f1587.pdf"", ""raw_built"": ""MAN B. 2005 IMABARI"", ""raw_details"": ""& W. 6S70MC-C7.1 SS BWTS Fitted DD"", ""printed_date"": ""13/01/2023""}"
2023-01-13,2023-01-13,Bulker Sales,1,SUNRISE RAINBOW,Supramax,"56,415",2012,"JIANGSU MAN B. HANTONG Tier II, 4",USD 15 M,U/D,07/25 XS 04/23,"& W. 6S50MC-C8.2 SS x 36 T, BWTS Fitted DD","{""stem"": ""2023-01-13_clarksons-platou-hellas-snp-weekly-bulletin-52_report-13-01-2023_31caf02f1587"", ""source_file"": ""2023-01-13_clarksons-platou-hellas-snp-weekly-bulletin-52_report-13-01-2023_31caf02f1587.pdf"", ""raw_built"": ""2012 JIANGSU MAN B. HANTONG Tier II, 4"", ""raw_details"": ""& W. 6S50MC-C8.2 SS x 36 T, BWTS Fitted DD"", ""printed_date"": ""13/01/2023""}"
2023-01-13,2023-01-13,Tanker Sales,1,GWN 3,MR,"50,192",,MAN 2021 SAMSUNG HI Phenolic BWTS,USD 47 M,EUROPEANS,01/26 RGN 01/24,"B.&W. 6G50ME-C9.6 SS Epoxy, IMO II/III DD & Scrubber Fitted","{""stem"": ""2023-01-13_clarksons-platou-hellas-snp-weekly-bulletin-52_report-13-01-2023_31caf02f1587"", ""source_file"": ""2023-01-13_clarksons-platou-hellas-snp-weekly-bulletin-52_report-13-01-2023_31caf02f1587.pdf"", ""raw_built"": ""MAN 2021 SAMSUNG HI Phenolic BWTS"", ""raw_details"": ""B.&W. 6G50ME-C9.6 SS Epoxy, IMO II/III DD & Scrubber Fitted"", ""printed_date"": ""13/01/2023""}"
2023-01-20,2023-01-20,Bulker Sales,1,DYNA GLOBE,Kamsarmax,"99,347",,MAN B. 2006 IMABARI,USD 15.1 M,INDONESIANS,06/26 06/24,& W. 6S60MC6.1 SS BWTS Fitted DD,"{""stem"": ""2023-01-20_clarksons-platou-hellas-snp-weekly-bulletin-53_report-20-01-2023_2a9e869496de"", ""source_file"": ""2023-01-20_clarksons-platou-hellas-snp-weekly-bulletin-53_report-20-01-2023_2a9e869496de.pdf"", ""raw_built"": ""MAN B. 2006 IMABARI"", ""raw_details"": ""& W. 6S60MC6.1 SS BWTS Fitted DD"", ""printed_date"": ""20/01/2023""}"
2023-01-20,2023-01-20,Bulker Sales,1,AM LIBERIA,Kamsarmax,"98,730",2013,TSUNEISHI MAN B. (ZHOUSHAN) Tier,USD 20 M,GREEKS,01/28 HIGH 12/25,"& W. 6S60MC-C7.2 SS II, BWTS Fitted DD","{""stem"": ""2023-01-20_clarksons-platou-hellas-snp-weekly-bulletin-53_report-20-01-2023_2a9e869496de"", ""source_file"": ""2023-01-20_clarksons-platou-hellas-snp-weekly-bulletin-53_report-20-01-2023_2a9e869496de.pdf"", ""raw_built"": ""2013 TSUNEISHI MAN B. (ZHOUSHAN) Tier"", ""raw_details"": ""& W. 6S60MC-C7.2 SS II, BWTS Fitted DD"", ""printed_date"": ""20/01/2023""}"
2023-01-20,2023-01-20,Tanker Sales,1,MARAN AQUARIUS,VLCC,"320,821",2005,DAEWOO MAN B. (DSME) BWTS MAN,MID-HIGH USD 52 M,U/D,09/25 10/23 11/23,& W. 6S90ME-C7.1 SS & Scrubber Fitted DD B. & W. 7S80MC6.1 SS,"{""stem"": ""2023-01-20_clarksons-platou-hellas-snp-weekly-bulletin-53_report-20-01-2023_2a9e869496de"", ""source_file"": ""2023-01-20_clarksons-platou-hellas-snp-weekly-bulletin-53_report-20-01-2023_2a9e869496de.pdf"", ""raw_built"": ""2005 DAEWOO MAN B. (DSME) BWTS MAN"", ""raw_details"": ""& W. 6S90ME-C7.1 SS & Scrubber Fitted DD B. & W. 7S80MC6.1 SS"", ""printed_date"": ""20/01/2023""}"
2023-01-20,2023-01-20,Tanker Sales,1,FPMC C HONOR,VLCC,"298,078",,MAN 2008 UNIVERSAL BWTS MAN B.,USD 59 M,U/D,11/23 11/23,B. & W. 7S80MC6.1 SS & Scrubber Fitted DD & W. 7S60MC-C7.1,"{""stem"": ""2023-01-20_clarksons-platou-hellas-snp-weekly-bulletin-53_report-20-01-2023_2a9e869496de"", ""source_file"": ""2023-01-20_clarksons-platou-hellas-snp-weekly-bulletin-53_report-20-01-2023_2a9e869496de.pdf"", ""raw_built"": ""MAN 2008 UNIVERSAL BWTS MAN B."", ""raw_details"": ""B. & W. 7S80MC6.1 SS & Scrubber Fitted DD & W. 7S60MC-C7.1"", ""printed_date"": ""20/01/2023""}"
2023-01-20,2023-01-20,Tanker Sales,1,SEAMAGIC,Aframax,"116,905",,"MAN B. 2007 HYUNDAI HI LR2,",USD 45 M,MIDDLE EASTERNS,03/27 RGN 03/25,& W. 7S60MC-C7.1 SS Ice Class 1A DD BWTS Fitted,"{""stem"": ""2023-01-20_clarksons-platou-hellas-snp-weekly-bulletin-53_report-20-01-2023_2a9e869496de"", ""source_file"": ""2023-01-20_clarksons-platou-hellas-snp-weekly-bulletin-53_report-20-01-2023_2a9e869496de.pdf"", ""raw_built"": ""MAN B. 2007 HYUNDAI HI LR2,"", ""raw_details"": ""& W. 7S60MC-C7.1 SS Ice Class 1A DD BWTS Fitted"", ""printed_date"": ""20/01/2023""}"
2023-01-20,2023-01-20,Tanker Sales,1,ALPINE PLYMOUTH,Panamax,"74,606",,"MAN B. 2011 HMD CPP, MAN B.",32.5 M Each,DENMARK,08/25 11/24 11/25 USD,& W. 6S60MC-C8.2 SS BWTS Fitted DD & W. 6S60MC-C8.1 SS,"{""stem"": ""2023-01-20_clarksons-platou-hellas-snp-weekly-bulletin-53_report-20-01-2023_2a9e869496de"", ""source_file"": ""2023-01-20_clarksons-platou-hellas-snp-weekly-bulletin-53_report-20-01-2023_2a9e869496de.pdf"", ""raw_built"": ""MAN B. 2011 HMD CPP, MAN B."", ""raw_details"": ""& W. 6S60MC-C8.2 SS BWTS Fitted DD & W. 6S60MC-C8.1 SS"", ""printed_date"": ""20/01/2023""}"
2023-01-20,2023-01-20,Tanker Sales,1,ALPINE PEARL,Panamax,"74,552",,"MAN B. 2011 HMD CPP, MAN B.",32.5 M Each Bloc Deal),DENMARK BASED,11/25 USD 02/25 (En 08/25,& W. 6S60MC-C8.1 SS BWTS Fitted DD & W. 6S60MC-C8.2 SS,"{""stem"": ""2023-01-20_clarksons-platou-hellas-snp-weekly-bulletin-53_report-20-01-2023_2a9e869496de"", ""source_file"": ""2023-01-20_clarksons-platou-hellas-snp-weekly-bulletin-53_report-20-01-2023_2a9e869496de.pdf"", ""raw_built"": ""MAN B. 2011 HMD CPP, MAN B."", ""raw_details"": ""& W. 6S60MC-C8.1 SS BWTS Fitted DD & W. 6S60MC-C8.2 SS"", ""printed_date"": ""20/01/2023""}"
2023-01-20,2023-01-20,Tanker Sales,1,ALPINE PACIFICA,Panamax,"74,534",,"MAN B. 2011 HMD CPP, MAN B.",,,08/25 11/24 08/23,& W. 6S60MC-C8.2 SS BWTS Fitted DD & W. 5S60MC-C8.2 SS,"{""stem"": ""2023-01-20_clarksons-platou-hellas-snp-weekly-bulletin-53_report-20-01-2023_2a9e869496de"", ""source_file"": ""2023-01-20_clarksons-platou-hellas-snp-weekly-bulletin-53_report-20-01-2023_2a9e869496de.pdf"", ""raw_built"": ""MAN B. 2011 HMD CPP, MAN B."", ""raw_details"": ""& W. 6S60MC-C8.2 SS BWTS Fitted DD & W. 5S60MC-C8.2 SS"", ""printed_date"": ""20/01/2023""}"
2023-01-20,2023-01-20,Tanker Sales,1,JO ROWAN,Panamax,"74,500",,MAN B. 2013 NEW TIMES MAN B.,,,08/23 08/23 09/23,"& W. 5S60MC-C8.2 SS LR1, BWTS Due DD & W. 5S60MC-C8.2 SS","{""stem"": ""2023-01-20_clarksons-platou-hellas-snp-weekly-bulletin-53_report-20-01-2023_2a9e869496de"", ""source_file"": ""2023-01-20_clarksons-platou-hellas-snp-weekly-bulletin-53_report-20-01-2023_2a9e869496de.pdf"", ""raw_built"": ""MAN B. 2013 NEW TIMES MAN B."", ""raw_details"": ""& W. 5S60MC-C8.2 SS LR1, BWTS Due DD & W. 5S60MC-C8.2 SS"", ""printed_date"": ""20/01/2023""}"
2023-01-20,2023-01-20,Tanker Sales,1,JO REDWOOD,Panamax,"74,500",,MAN B. 2013 NEW TIMES MAN B.,USD 140 M Bloc Deal),DENMARK BASED,09/23 09/23 RGN (En 03/28,"& W. 5S60MC-C8.2 SS LR1, BWTS Due DD & W. 7S50MC-C8.2 SS","{""stem"": ""2023-01-20_clarksons-platou-hellas-snp-weekly-bulletin-53_report-20-01-2023_2a9e869496de"", ""source_file"": ""2023-01-20_clarksons-platou-hellas-snp-weekly-bulletin-53_report-20-01-2023_2a9e869496de.pdf"", ""raw_built"": ""MAN B. 2013 NEW TIMES MAN B."", ""raw_details"": ""& W. 5S60MC-C8.2 SS LR1, BWTS Due DD & W. 7S50MC-C8.2 SS"", ""printed_date"": ""20/01/2023""}"
2023-01-20,2023-01-20,Tanker Sales,1,JO PROVEL,Panamax,"74,500",,"MAN B. 2013 STX (JINHAE) LR1, MAN B.",Bloc Deal),BASED,(En 03/28 10/25 10/27,& W. 7S50MC-C8.2 SS BWTS Fitted DD & W. 7S50MC-C8.2 SS,"{""stem"": ""2023-01-20_clarksons-platou-hellas-snp-weekly-bulletin-53_report-20-01-2023_2a9e869496de"", ""source_file"": ""2023-01-20_clarksons-platou-hellas-snp-weekly-bulletin-53_report-20-01-2023_2a9e869496de.pdf"", ""raw_built"": ""MAN B. 2013 STX (JINHAE) LR1, MAN B."", ""raw_details"": ""& W. 7S50MC-C8.2 SS BWTS Fitted DD & W. 7S50MC-C8.2 SS"", ""printed_date"": ""20/01/2023""}"
2023-01-20,2023-01-20,Tanker Sales,1,JO PINARI,Panamax,"74,500",,"MAN B. 2012 STX (JINHAE) LR1,",,,10/27 04/25,& W. 7S50MC-C8.2 SS BWTS Fitted DD,"{""stem"": ""2023-01-20_clarksons-platou-hellas-snp-weekly-bulletin-53_report-20-01-2023_2a9e869496de"", ""source_file"": ""2023-01-20_clarksons-platou-hellas-snp-weekly-bulletin-53_report-20-01-2023_2a9e869496de.pdf"", ""raw_built"": ""MAN B. 2012 STX (JINHAE) LR1,"", ""raw_details"": ""& W. 7S50MC-C8.2 SS BWTS Fitted DD"", ""printed_date"": ""20/01/2023""}"
2023-01-27,2023-01-27,Bulker Sales,1,OCEAN DOMINA,Panamax,"76,255",2005,TSUNEISHI MAN B. BWTS ZOSEN,USD 10.5 M,U/D,06/25 RGN 08/23,& W. 6S60MC6.1 SS Due (Ordered) DD,"{""stem"": ""2023-01-27_clarksons-platou-hellas-snp-weekly-bulletin-54_report-27-01-2023_1888c144cf19"", ""source_file"": ""2023-01-27_clarksons-platou-hellas-snp-weekly-bulletin-54_report-27-01-2023_1888c144cf19.pdf"", ""raw_built"": ""2005 TSUNEISHI MAN B. BWTS ZOSEN"", ""raw_details"": ""& W. 6S60MC6.1 SS Due (Ordered) DD"", ""printed_date"": ""27/01/2023""}"
2023-01-27,2023-01-27,Bulker Sales,1,AFRICAN VENTURE,Handysize,"34,721",,"MAN 2012 CHENGXI Tier II, 4",USD 12 M,U/D,06/27 HIGH 08/25,"B. & W. 5S50MC-G SS x 30 T, BWTS Fitted DD","{""stem"": ""2023-01-27_clarksons-platou-hellas-snp-weekly-bulletin-54_report-27-01-2023_1888c144cf19"", ""source_file"": ""2023-01-27_clarksons-platou-hellas-snp-weekly-bulletin-54_report-27-01-2023_1888c144cf19.pdf"", ""raw_built"": ""MAN 2012 CHENGXI Tier II, 4"", ""raw_details"": ""B. & W. 5S50MC-G SS x 30 T, BWTS Fitted DD"", ""printed_date"": ""27/01/2023""}"
2023-01-27,2023-01-27,Tanker Sales,1,LEO,Aframax,"112,719",2010,NEW MAN B. CENTURY 2005 STX MAN B.,USD 45.5 M DUBAI,BASED,09/25 12/23 01/25,& W. 7S60MC-C7.2 SS BWTS Fitted DD & W. 6S50MC-C8.1 SS,"{""stem"": ""2023-01-27_clarksons-platou-hellas-snp-weekly-bulletin-54_report-27-01-2023_1888c144cf19"", ""source_file"": ""2023-01-27_clarksons-platou-hellas-snp-weekly-bulletin-54_report-27-01-2023_1888c144cf19.pdf"", ""raw_built"": ""2010 NEW MAN B. CENTURY 2005 STX MAN B."", ""raw_details"": ""& W. 7S60MC-C7.2 SS BWTS Fitted DD & W. 6S50MC-C8.1 SS"", ""printed_date"": ""27/01/2023""}"
2023-01-27,2023-01-27,Tanker Sales,1,PROODOS,MR,"47,120",2005,"STX MAN B. (JINHAE) CPP,",USD 18 M,EUROPEANS,01/25 HIGH 01/25,"& W. 6S50MC-C8.1 SS CAP1, BWTS Fitted DD","{""stem"": ""2023-01-27_clarksons-platou-hellas-snp-weekly-bulletin-54_report-27-01-2023_1888c144cf19"", ""source_file"": ""2023-01-27_clarksons-platou-hellas-snp-weekly-bulletin-54_report-27-01-2023_1888c144cf19.pdf"", ""raw_built"": ""2005 STX MAN B. (JINHAE) CPP,"", ""raw_details"": ""& W. 6S50MC-C8.1 SS CAP1, BWTS Fitted DD"", ""printed_date"": ""27/01/2023""}"
2023-02-03,2023-02-03,Bulker Sales,1,BONITA,Supramax,"58,105",2010,TSUNEISHI MAN B. 4 x (ZHOUSHAN),USD 15.9 M,GREEKS,09/25 08/23,"& W. 6S50MC-C8.2 SS 30 T, BWTS Fitted DD","{""stem"": ""2023-02-03_clarksons-platou-hellas-snp-weekly-bulletin-55_report-03-02-2023_8fca4a6a32b0"", ""source_file"": ""2023-02-03_clarksons-platou-hellas-snp-weekly-bulletin-55_report-03-02-2023_8fca4a6a32b0.pdf"", ""raw_built"": ""2010 TSUNEISHI MAN B. 4 x (ZHOUSHAN)"", ""raw_details"": ""& W. 6S50MC-C8.2 SS 30 T, BWTS Fitted DD"", ""printed_date"": ""03/02/2023""}"
2023-02-03,2023-02-03,Bulker Sales,1,VENTURE OCEAN,Handysize,"38,947",,MAN B. 2015 JIANGMEN OHBS NANYANG Logs,USD 18.5 M,U/D,10/25 10/23,"& W. 5S50ME-B9.2 SS (Holds 2,3,4), 4 x 30 T, DD Fitted, BWTS Fitted","{""stem"": ""2023-02-03_clarksons-platou-hellas-snp-weekly-bulletin-55_report-03-02-2023_8fca4a6a32b0"", ""source_file"": ""2023-02-03_clarksons-platou-hellas-snp-weekly-bulletin-55_report-03-02-2023_8fca4a6a32b0.pdf"", ""raw_built"": ""MAN B. 2015 JIANGMEN OHBS NANYANG Logs"", ""raw_details"": ""& W. 5S50ME-B9.2 SS (Holds 2,3,4), 4 x 30 T, DD Fitted, BWTS Fitted"", ""printed_date"": ""03/02/2023""}"
2023-02-03,2023-02-03,Bulker Sales,1,AS ELENIA,Handysize,"34,421",,MAN B. 2011 SPP 4 x,USD 13.3 M,TURKISH,09/26 12/24,"& W. 5S50MC-C8.2 SS 35 T, BWTS Fitted DD","{""stem"": ""2023-02-03_clarksons-platou-hellas-snp-weekly-bulletin-55_report-03-02-2023_8fca4a6a32b0"", ""source_file"": ""2023-02-03_clarksons-platou-hellas-snp-weekly-bulletin-55_report-03-02-2023_8fca4a6a32b0.pdf"", ""raw_built"": ""MAN B. 2011 SPP 4 x"", ""raw_details"": ""& W. 5S50MC-C8.2 SS 35 T, BWTS Fitted DD"", ""printed_date"": ""03/02/2023""}"
2023-02-03,2023-02-03,Tanker Sales,1,MARKOS I,MR,"45,557",,MAN B. 2005 ULJANIK BRODOGRADILISTE,USD 17 M,CHINESE,08/25 LOW 08/25,"& W. 6S50MC-C8.1 SS IMO II, 18 Tanks DD BWTS FITTED","{""stem"": ""2023-02-03_clarksons-platou-hellas-snp-weekly-bulletin-55_report-03-02-2023_8fca4a6a32b0"", ""source_file"": ""2023-02-03_clarksons-platou-hellas-snp-weekly-bulletin-55_report-03-02-2023_8fca4a6a32b0.pdf"", ""raw_built"": ""MAN B. 2005 ULJANIK BRODOGRADILISTE"", ""raw_details"": ""& W. 6S50MC-C8.1 SS IMO II, 18 Tanks DD BWTS FITTED"", ""printed_date"": ""03/02/2023""}"
2023-02-10,2023-02-10,Bulker Sales,1,THALASSINI ASTRID,Capesize,"179,816",2014,TIANJIN MAN B. XINGANG,DUBAI USD 32 M (c/o,BASED Tomini Ship.),03/24 LOW 11/23,& W. 6S70ME-C8.2 SS BWTS Due DD,"{""stem"": ""2023-02-10_clarksons-platou-hellas-snp-weekly-bulletin-56_report-10-02-2023_ec9e0ce4d0c3"", ""source_file"": ""2023-02-10_clarksons-platou-hellas-snp-weekly-bulletin-56_report-10-02-2023_ec9e0ce4d0c3.pdf"", ""raw_built"": ""2014 TIANJIN MAN B. XINGANG"", ""raw_details"": ""& W. 6S70ME-C8.2 SS BWTS Due DD"", ""printed_date"": ""10/02/2023""}"
2023-02-10,2023-02-10,Bulker Sales,1,SPRINGFIELD,Ultramax,"63,670",,MAN B. 2020 COSCO HI BWTS,"US TC attached at 33,000 p/d until March 2023)",BASED,03/25 (Basis 03/23 USD 29th,& W. 5S60ME-C8.5 SS & Scrubber Fitted DD,"{""stem"": ""2023-02-10_clarksons-platou-hellas-snp-weekly-bulletin-56_report-10-02-2023_ec9e0ce4d0c3"", ""source_file"": ""2023-02-10_clarksons-platou-hellas-snp-weekly-bulletin-56_report-10-02-2023_ec9e0ce4d0c3.pdf"", ""raw_built"": ""MAN B. 2020 COSCO HI BWTS"", ""raw_details"": ""& W. 5S60ME-C8.5 SS & Scrubber Fitted DD"", ""printed_date"": ""10/02/2023""}"
2023-02-10,2023-02-10,Bulker Sales,1,SHANGHAI PEARL,Handysize,"36,266",,"MAN B. 2011 HMD OHBS, 4",USD 14 M,VIETNAMESE,01/26 RGN 02/24,"& W. 6S46MC-C8.2 SS x 35 T, BWTS Fitted DD","{""stem"": ""2023-02-10_clarksons-platou-hellas-snp-weekly-bulletin-56_report-10-02-2023_ec9e0ce4d0c3"", ""source_file"": ""2023-02-10_clarksons-platou-hellas-snp-weekly-bulletin-56_report-10-02-2023_ec9e0ce4d0c3.pdf"", ""raw_built"": ""MAN B. 2011 HMD OHBS, 4"", ""raw_details"": ""& W. 6S46MC-C8.2 SS x 35 T, BWTS Fitted DD"", ""printed_date"": ""10/02/2023""}"
2023-02-10,2023-02-10,Bulker Sales,1,LAVIEEN ROSE,Handysize,"33,398",2014,SHIN MITSUBISHI 4 x KURUSHIMA,USD 17.5 M,GREEKS,10/24 10/24,"6UEC45LSE-B2 SS 30 T, BWTS Fitted DD","{""stem"": ""2023-02-10_clarksons-platou-hellas-snp-weekly-bulletin-56_report-10-02-2023_ec9e0ce4d0c3"", ""source_file"": ""2023-02-10_clarksons-platou-hellas-snp-weekly-bulletin-56_report-10-02-2023_ec9e0ce4d0c3.pdf"", ""raw_built"": ""2014 SHIN MITSUBISHI 4 x KURUSHIMA"", ""raw_details"": ""6UEC45LSE-B2 SS 30 T, BWTS Fitted DD"", ""printed_date"": ""10/02/2023""}"
2023-02-10,2023-02-10,Bulker Sales,1,BELLE ETOILE,Handysize,"28,230",,MAN B. 2014 I-S SHIPYARD 4 x,USD 13 M,VIETNAMESE,10/24 RGN/XS 10/24,"& W. 6S42MC7.2 SS 30 T, BWTS Fitted DD","{""stem"": ""2023-02-10_clarksons-platou-hellas-snp-weekly-bulletin-56_report-10-02-2023_ec9e0ce4d0c3"", ""source_file"": ""2023-02-10_clarksons-platou-hellas-snp-weekly-bulletin-56_report-10-02-2023_ec9e0ce4d0c3.pdf"", ""raw_built"": ""MAN B. 2014 I-S SHIPYARD 4 x"", ""raw_details"": ""& W. 6S42MC7.2 SS 30 T, BWTS Fitted DD"", ""printed_date"": ""10/02/2023""}"
2023-02-10,2023-02-10,Tanker Sales,1,HAFNIA COLUMBIA,Panamax,"76,565",,"MAN 2007 DALIAN LR1, 2007 NEW MAN B.",USD 22 M Each,ASIAN,01/27 03/25 XS 03/27,B. & W. 6S60MC6.1 SS BWTS Fitted DD & W. 5S60MC-C7.1 SS,"{""stem"": ""2023-02-10_clarksons-platou-hellas-snp-weekly-bulletin-56_report-10-02-2023_ec9e0ce4d0c3"", ""source_file"": ""2023-02-10_clarksons-platou-hellas-snp-weekly-bulletin-56_report-10-02-2023_ec9e0ce4d0c3.pdf"", ""raw_built"": ""MAN 2007 DALIAN LR1, 2007 NEW MAN B."", ""raw_details"": ""B. & W. 6S60MC6.1 SS BWTS Fitted DD & W. 5S60MC-C7.1 SS"", ""printed_date"": ""10/02/2023""}"
2023-02-10,2023-02-10,Tanker Sales,1,HAFNIA KRONBORG,Panamax,"73,708 50,346",2007,"NEW MAN B. CENTURY LR1, MAN B. 2005 SHINA",USD 22 M Each USD 17.8 M,ASIAN TURKISH,XS 03/27 03/25 12/25,& W. 5S60MC-C7.1 SS BWTS Fitted DD & W. 6S50MC-C8.1 SS,"{""stem"": ""2023-02-10_clarksons-platou-hellas-snp-weekly-bulletin-56_report-10-02-2023_ec9e0ce4d0c3"", ""source_file"": ""2023-02-10_clarksons-platou-hellas-snp-weekly-bulletin-56_report-10-02-2023_ec9e0ce4d0c3.pdf"", ""raw_built"": ""2007 NEW MAN B. CENTURY LR1, MAN B. 2005 SHINA"", ""raw_details"": ""& W. 5S60MC-C7.1 SS BWTS Fitted DD & W. 6S50MC-C8.1 SS"", ""printed_date"": ""10/02/2023""}"
2023-02-10,2023-02-10,Tanker Sales,1,SUPER EMERALD,MR,"50,346",,MAN B. 2005 SHINA,USD 17.8 M,TURKISH,12/25 11/24,& W. 6S50MC-C8.1 SS BWTS Fitted DD,"{""stem"": ""2023-02-10_clarksons-platou-hellas-snp-weekly-bulletin-56_report-10-02-2023_ec9e0ce4d0c3"", ""source_file"": ""2023-02-10_clarksons-platou-hellas-snp-weekly-bulletin-56_report-10-02-2023_ec9e0ce4d0c3.pdf"", ""raw_built"": ""MAN B. 2005 SHINA"", ""raw_details"": ""& W. 6S50MC-C8.1 SS BWTS Fitted DD"", ""printed_date"": ""10/02/2023""}"
2023-02-17,2023-02-17,Bulker Sales,1,HL AQUAMARINE,Capesize,"209,187",2021,NEW TIMES,,,02/26 02/24 10/26,SS DD SS,"{""stem"": ""2023-02-17_clarksons-platou-hellas-snp-weekly-bulletin-57_report-17-02-2023_9237f6410289"", ""source_file"": ""2023-02-17_clarksons-platou-hellas-snp-weekly-bulletin-57_report-17-02-2023_9237f6410289.pdf"", ""raw_built"": ""2021 NEW TIMES"", ""raw_details"": ""SS DD SS"", ""printed_date"": ""17/02/2023""}"
2023-02-17,2023-02-17,Bulker Sales,1,HL SAPPHIRE,Capesize,"209,182",2021,NEW TIMES MAN,USD 291 M,,10/26 1/24 10/25,SS DD B.&W. 6G70ME-C10.5 SS,"{""stem"": ""2023-02-17_clarksons-platou-hellas-snp-weekly-bulletin-57_report-17-02-2023_9237f6410289"", ""source_file"": ""2023-02-17_clarksons-platou-hellas-snp-weekly-bulletin-57_report-17-02-2023_9237f6410289.pdf"", ""raw_built"": ""2021 NEW TIMES MAN"", ""raw_details"": ""SS DD B.&W. 6G70ME-C10.5 SS"", ""printed_date"": ""17/02/2023""}"
2023-02-17,2023-02-17,Bulker Sales,1,HL DIAMOND,Capesize,"209,199",,MAN 2020 NEW TIMES BWTS,EN BLOC basis 3 years TC (c/o at an average,NORWEGIANS Golden,10/25 10/23 (Sale 11/25 back,B.&W. 6G70ME-C10.5 SS & Scrubber Fitted DD SS,"{""stem"": ""2023-02-17_clarksons-platou-hellas-snp-weekly-bulletin-57_report-17-02-2023_9237f6410289"", ""source_file"": ""2023-02-17_clarksons-platou-hellas-snp-weekly-bulletin-57_report-17-02-2023_9237f6410289.pdf"", ""raw_built"": ""MAN 2020 NEW TIMES BWTS"", ""raw_details"": ""B.&W. 6G70ME-C10.5 SS & Scrubber Fitted DD SS"", ""printed_date"": ""17/02/2023""}"
2023-02-17,2023-02-17,Bulker Sales,1,HL PEARL,Capesize,"209,196",2020,NEW TIMES,"(c/o at an average time charter equivalent rate of $21,000 net)",Golden Ocean),11/25 back daily 11/23 10/25 around,SS DD SS,"{""stem"": ""2023-02-17_clarksons-platou-hellas-snp-weekly-bulletin-57_report-17-02-2023_9237f6410289"", ""source_file"": ""2023-02-17_clarksons-platou-hellas-snp-weekly-bulletin-57_report-17-02-2023_9237f6410289.pdf"", ""raw_built"": ""2020 NEW TIMES"", ""raw_details"": ""SS DD SS"", ""printed_date"": ""17/02/2023""}"
2023-02-17,2023-02-17,Bulker Sales,1,HL EMERALD,Capesize,"209,177",2020,NEW TIMES MAN B.,"$21,000 net)",,10/25 around 10/23 03/27,SS DD & W. 6G70ME-C9.2 SS,"{""stem"": ""2023-02-17_clarksons-platou-hellas-snp-weekly-bulletin-57_report-17-02-2023_9237f6410289"", ""source_file"": ""2023-02-17_clarksons-platou-hellas-snp-weekly-bulletin-57_report-17-02-2023_9237f6410289.pdf"", ""raw_built"": ""2020 NEW TIMES MAN B."", ""raw_details"": ""SS DD & W. 6G70ME-C9.2 SS"", ""printed_date"": ""17/02/2023""}"
2023-02-17,2023-02-17,Bulker Sales,1,HL PORT WALCOTT,Capesize,"208,864",,MAN B. 2017 CIC JIANGSU BWTS MAN B.,,,03/27 02/24 09/26,& W. 6G70ME-C9.2 SS & Scrubber Fitted DD & W. 6S70MC-C7.1 SS,"{""stem"": ""2023-02-17_clarksons-platou-hellas-snp-weekly-bulletin-57_report-17-02-2023_9237f6410289"", ""source_file"": ""2023-02-17_clarksons-platou-hellas-snp-weekly-bulletin-57_report-17-02-2023_9237f6410289.pdf"", ""raw_built"": ""MAN B. 2017 CIC JIANGSU BWTS MAN B."", ""raw_details"": ""& W. 6G70ME-C9.2 SS & Scrubber Fitted DD & W. 6S70MC-C7.1 SS"", ""printed_date"": ""17/02/2023""}"
2023-02-17,2023-02-17,Bulker Sales,1,OCEAN CAESAR,Capesize,"180,176",,MAN B. 2008 IMABARI,USD 19.7 M,ASIAN,09/26 06/24,& W. 6S70MC-C7.1 SS BWTS Fitted DD,"{""stem"": ""2023-02-17_clarksons-platou-hellas-snp-weekly-bulletin-57_report-17-02-2023_9237f6410289"", ""source_file"": ""2023-02-17_clarksons-platou-hellas-snp-weekly-bulletin-57_report-17-02-2023_9237f6410289.pdf"", ""raw_built"": ""MAN B. 2008 IMABARI"", ""raw_details"": ""& W. 6S70MC-C7.1 SS BWTS Fitted DD"", ""printed_date"": ""17/02/2023""}"
2023-02-17,2023-02-17,Bulker Sales,1,NORD POTOMAC,Ultramax,"63,507",,MAN B. 2016 I-S SHIPYARD BWTS,"USD 27,9 M (c/o",GREEKS Diana Ship.),08/26 09/24,& W. 6S50ME-B9.3 SS 4 x 30 T DD & Scrubber Fitted,"{""stem"": ""2023-02-17_clarksons-platou-hellas-snp-weekly-bulletin-57_report-17-02-2023_9237f6410289"", ""source_file"": ""2023-02-17_clarksons-platou-hellas-snp-weekly-bulletin-57_report-17-02-2023_9237f6410289.pdf"", ""raw_built"": ""MAN B. 2016 I-S SHIPYARD BWTS"", ""raw_details"": ""& W. 6S50ME-B9.3 SS 4 x 30 T DD & Scrubber Fitted"", ""printed_date"": ""17/02/2023""}"
2023-02-17,2023-02-17,Tanker Sales,1,UOG ANDROS,MR,"49,999",,MAN B. 2009 SPP 12 (SACHEON),USD 23 M,U/D,03/24 03/24,"& W. 6S50MC-C8.2 SS Pumps, IMO II/III DD BWTS Due SULZER 6RTA48T-B","{""stem"": ""2023-02-17_clarksons-platou-hellas-snp-weekly-bulletin-57_report-17-02-2023_9237f6410289"", ""source_file"": ""2023-02-17_clarksons-platou-hellas-snp-weekly-bulletin-57_report-17-02-2023_9237f6410289.pdf"", ""raw_built"": ""MAN B. 2009 SPP 12 (SACHEON)"", ""raw_details"": ""& W. 6S50MC-C8.2 SS Pumps, IMO II/III DD BWTS Due SULZER 6RTA48T-B"", ""printed_date"": ""17/02/2023""}"
2023-02-17,2023-02-17,Tanker Sales,1,APOLLO,Handysize,"24,028",,ICE 2003 3. MAJ BROD. 14,USD 10 M,CHINESE,05/26 05/24,"CLASS E2, IMO II SS Tanks, 14 Pumps DD BWTS Fitted","{""stem"": ""2023-02-17_clarksons-platou-hellas-snp-weekly-bulletin-57_report-17-02-2023_9237f6410289"", ""source_file"": ""2023-02-17_clarksons-platou-hellas-snp-weekly-bulletin-57_report-17-02-2023_9237f6410289.pdf"", ""raw_built"": ""ICE 2003 3. MAJ BROD. 14"", ""raw_details"": ""CLASS E2, IMO II SS Tanks, 14 Pumps DD BWTS Fitted"", ""printed_date"": ""17/02/2023""}"
2023-02-24,2023-02-24,Bulker Sales,1,INTERLINK PRIORITY,Handysize,"38,709",,"MAN B. 2015 TAIZHOU Ice KOUAN OHBH,",USD 19.8 M,EUROPEANS,09/25 11/23,"& W. 5S50ME-B9.3 SS Class 1C, 4 x 30 T DD BWTS Fitted","{""stem"": ""2023-02-24_clarksons-platou-hellas-snp-weekly-bulletin-58_report-24-02-2023_3adbc946b8ef"", ""source_file"": ""2023-02-24_clarksons-platou-hellas-snp-weekly-bulletin-58_report-24-02-2023_3adbc946b8ef.pdf"", ""raw_built"": ""MAN B. 2015 TAIZHOU Ice KOUAN OHBH,"", ""raw_details"": ""& W. 5S50ME-B9.3 SS Class 1C, 4 x 30 T DD BWTS Fitted"", ""printed_date"": ""24/02/2023""}"
2023-02-24,2023-02-24,Bulker Sales,1,PATRONUS,Handysize,"30,587",,MAN B. 2007 COCHIN Box (INDIA),USD 7 M,TURKISH,02/26 MID 03/24,"& W. 6S42MC7.1 SS Shaped, 4 x30 T DD BWTS Fitted","{""stem"": ""2023-02-24_clarksons-platou-hellas-snp-weekly-bulletin-58_report-24-02-2023_3adbc946b8ef"", ""source_file"": ""2023-02-24_clarksons-platou-hellas-snp-weekly-bulletin-58_report-24-02-2023_3adbc946b8ef.pdf"", ""raw_built"": ""MAN B. 2007 COCHIN Box (INDIA)"", ""raw_details"": ""& W. 6S42MC7.1 SS Shaped, 4 x30 T DD BWTS Fitted"", ""printed_date"": ""24/02/2023""}"
2023-02-24,2023-02-24,Tanker Sales,1,COSGLORY LAKE,VLCC,"299,145",2003,UNIVERSAL MAN MAN B.,USD 39 M UAE UK,BASED BASED,04/23 04/23,SS B. & W. 7S80MC6.1 DD & W. 6S50ME-B9.3,"{""stem"": ""2023-02-24_clarksons-platou-hellas-snp-weekly-bulletin-58_report-24-02-2023_3adbc946b8ef"", ""source_file"": ""2023-02-24_clarksons-platou-hellas-snp-weekly-bulletin-58_report-24-02-2023_3adbc946b8ef.pdf"", ""raw_built"": ""2003 UNIVERSAL MAN MAN B."", ""raw_details"": ""SS B. & W. 7S80MC6.1 DD & W. 6S50ME-B9.3"", ""printed_date"": ""24/02/2023""}"
2023-02-24,2023-02-24,Tanker Sales,1,MARLIN AMETHYST,MR,"49,999",,MAN B. 2015 CSSC IMO,UK USD 33 M (c/o,BASED Union Maritime),07/25 HIGH 10/23,"& W. 6S50ME-B9.3 SS II/III, 12 Pumps DD BWTS Fitted","{""stem"": ""2023-02-24_clarksons-platou-hellas-snp-weekly-bulletin-58_report-24-02-2023_3adbc946b8ef"", ""source_file"": ""2023-02-24_clarksons-platou-hellas-snp-weekly-bulletin-58_report-24-02-2023_3adbc946b8ef.pdf"", ""raw_built"": ""MAN B. 2015 CSSC IMO"", ""raw_details"": ""& W. 6S50ME-B9.3 SS II/III, 12 Pumps DD BWTS Fitted"", ""printed_date"": ""24/02/2023""}"
2023-03-03,2023-03-03,Bulker Sales,1,ELIZABETH II,Capesize,"180,184",,MAN B. 2007 IMABARI MAN B.,USD 17.5 M,U/D,01/25 RGN 08/23,& W. 6S70MC-C7.1 SS BWTS Due DD & W. 5S60ME-C8.5,"{""stem"": ""2023-03-03_clarksons-platou-hellas-snp-weekly-bulletin-59_report-03-03-2023_4888b2cbcdd6"", ""source_file"": ""2023-03-03_clarksons-platou-hellas-snp-weekly-bulletin-59_report-03-03-2023_4888b2cbcdd6.pdf"", ""raw_built"": ""MAN B. 2007 IMABARI MAN B."", ""raw_details"": ""& W. 6S70MC-C7.1 SS BWTS Due DD & W. 5S60ME-C8.5"", ""printed_date"": ""03/03/2023""}"
2023-03-03,2023-03-03,Bulker Sales,1,ASTON,Ultramax,"63,614",,MAN B. 2020 COSCO HI (YANGZHOU) Scrubber,USD 30 M US,BASED,03/25 RGN 03/25,& W. 5S60ME-C8.5 SS 4 x 30T DD & BWTS Fitted,"{""stem"": ""2023-03-03_clarksons-platou-hellas-snp-weekly-bulletin-59_report-03-03-2023_4888b2cbcdd6"", ""source_file"": ""2023-03-03_clarksons-platou-hellas-snp-weekly-bulletin-59_report-03-03-2023_4888b2cbcdd6.pdf"", ""raw_built"": ""MAN B. 2020 COSCO HI (YANGZHOU) Scrubber"", ""raw_details"": ""& W. 5S60ME-C8.5 SS 4 x 30T DD & BWTS Fitted"", ""printed_date"": ""03/03/2023""}"
2023-03-03,2023-03-03,Bulker Sales,1,SUPRA ONIKI,Supramax,"57,022",2010,CSC MAN B. QINGSHAN 4 x,USD 13 M,U/D,07/25 XS 08/23,"& W. 6S50MC-C8.2 SS 35 T, BWTS Fitted DD","{""stem"": ""2023-03-03_clarksons-platou-hellas-snp-weekly-bulletin-59_report-03-03-2023_4888b2cbcdd6"", ""source_file"": ""2023-03-03_clarksons-platou-hellas-snp-weekly-bulletin-59_report-03-03-2023_4888b2cbcdd6.pdf"", ""raw_built"": ""2010 CSC MAN B. QINGSHAN 4 x"", ""raw_details"": ""& W. 6S50MC-C8.2 SS 35 T, BWTS Fitted DD"", ""printed_date"": ""03/03/2023""}"
2023-03-03,2023-03-03,Tanker Sales,1,SAND SHINER,Panamax,"73,727",,MAN B. 2006 NEW CENTURY Scrubber,USD 23.3 M,GREEKS,12/26 11/23,"& W. 5S60MC-C7.1 SS LR1, CPP, CAP1 DD & BWTS Fitted","{""stem"": ""2023-03-03_clarksons-platou-hellas-snp-weekly-bulletin-59_report-03-03-2023_4888b2cbcdd6"", ""source_file"": ""2023-03-03_clarksons-platou-hellas-snp-weekly-bulletin-59_report-03-03-2023_4888b2cbcdd6.pdf"", ""raw_built"": ""MAN B. 2006 NEW CENTURY Scrubber"", ""raw_details"": ""& W. 5S60MC-C7.1 SS LR1, CPP, CAP1 DD & BWTS Fitted"", ""printed_date"": ""03/03/2023""}"
2023-03-10,2023-03-10,Bulker Sales,1,SOHO PRINCIPAL,Ultramax,"63,229",2016,SINOPACIFIC MAN-B&W DAYANG,$26.5 M,GERMANS,04/26 03/24,5S60ME-C8.1 SS BWTS fitted DD,"{""stem"": ""2023-03-10_clarksons-platou-hellas-snp-weekly-bulletin-60_report-10-03-2023_da66c4c8b6a2"", ""source_file"": ""2023-03-10_clarksons-platou-hellas-snp-weekly-bulletin-60_report-10-03-2023_da66c4c8b6a2.pdf"", ""raw_built"": ""2016 SINOPACIFIC MAN-B&W DAYANG"", ""raw_details"": ""5S60ME-C8.1 SS BWTS fitted DD"", ""printed_date"": ""10/03/2023""}"
2023-03-10,2023-03-10,Bulker Sales,1,IVS PINEHURST,Supramax,"57,811",2015,TSUNEISHI MAN-B&W CEBU,LOW $23 M,GREEKS,07/25 11/23,6S50ME-C8.2 SS BWTS fitted DD,"{""stem"": ""2023-03-10_clarksons-platou-hellas-snp-weekly-bulletin-60_report-10-03-2023_da66c4c8b6a2"", ""source_file"": ""2023-03-10_clarksons-platou-hellas-snp-weekly-bulletin-60_report-10-03-2023_da66c4c8b6a2.pdf"", ""raw_built"": ""2015 TSUNEISHI MAN-B&W CEBU"", ""raw_details"": ""6S50ME-C8.2 SS BWTS fitted DD"", ""printed_date"": ""10/03/2023""}"
2023-03-10,2023-03-10,Bulker Sales,1,ECOPACIFIC,Supramax,"57,696",2010,STX DALIAN MAN-B&W,$14.8 M,U/D,03/25 09/23,SS 6S50MC-C8.2 DD,"{""stem"": ""2023-03-10_clarksons-platou-hellas-snp-weekly-bulletin-60_report-10-03-2023_da66c4c8b6a2"", ""source_file"": ""2023-03-10_clarksons-platou-hellas-snp-weekly-bulletin-60_report-10-03-2023_da66c4c8b6a2.pdf"", ""raw_built"": ""2010 STX DALIAN MAN-B&W"", ""raw_details"": ""SS 6S50MC-C8.2 DD"", ""printed_date"": ""10/03/2023""}"
2023-03-10,2023-03-10,Bulker Sales,1,GLOVIS MAGELLAN,Supramax,"56,582",2013,TIANJIN MAN-B&W XINGANG BWTS,LOW $15 M,U/D,05/23 05/23,"6S50MC-C8.2 SS fitted, Tier II DD","{""stem"": ""2023-03-10_clarksons-platou-hellas-snp-weekly-bulletin-60_report-10-03-2023_da66c4c8b6a2"", ""source_file"": ""2023-03-10_clarksons-platou-hellas-snp-weekly-bulletin-60_report-10-03-2023_da66c4c8b6a2.pdf"", ""raw_built"": ""2013 TIANJIN MAN-B&W XINGANG BWTS"", ""raw_details"": ""6S50MC-C8.2 SS fitted, Tier II DD"", ""printed_date"": ""10/03/2023""}"
2023-03-10,2023-03-10,Bulker Sales,1,BOREAS VENTURE,Handysize,"43,389",,MAN-B&W 2016 QINGSHAN,LOW/MID $23 M,U/D,02/26 11/25,5S50ME-B9.3 SS BWTS fitted DD,"{""stem"": ""2023-03-10_clarksons-platou-hellas-snp-weekly-bulletin-60_report-10-03-2023_da66c4c8b6a2"", ""source_file"": ""2023-03-10_clarksons-platou-hellas-snp-weekly-bulletin-60_report-10-03-2023_da66c4c8b6a2.pdf"", ""raw_built"": ""MAN-B&W 2016 QINGSHAN"", ""raw_details"": ""5S50ME-B9.3 SS BWTS fitted DD"", ""printed_date"": ""10/03/2023""}"
2023-03-10,2023-03-10,Bulker Sales,1,OCTBREEZE ISLAND,Handysize,"38,278",,MAN-B&W 2011 SHIMANAMI,LOW/MID $15 M collision,U/D,10/26 08/24 suffered,"6S46MC-C8.2, SS BWTS fitted DD","{""stem"": ""2023-03-10_clarksons-platou-hellas-snp-weekly-bulletin-60_report-10-03-2023_da66c4c8b6a2"", ""source_file"": ""2023-03-10_clarksons-platou-hellas-snp-weekly-bulletin-60_report-10-03-2023_da66c4c8b6a2.pdf"", ""raw_built"": ""MAN-B&W 2011 SHIMANAMI"", ""raw_details"": ""6S46MC-C8.2, SS BWTS fitted DD"", ""printed_date"": ""10/03/2023""}"
2023-03-10,2023-03-10,Tanker Sales,1,KASSOS I,VLCC,"318,683",2007,HYUNDAI MAN-B&W SAMHO BWTS,$60 M,MIDDLE EASTERNS,07/27 07/25,6S90MC-C MK5 SS & scrubber fitted DD,"{""stem"": ""2023-03-10_clarksons-platou-hellas-snp-weekly-bulletin-60_report-10-03-2023_da66c4c8b6a2"", ""source_file"": ""2023-03-10_clarksons-platou-hellas-snp-weekly-bulletin-60_report-10-03-2023_da66c4c8b6a2.pdf"", ""raw_built"": ""2007 HYUNDAI MAN-B&W SAMHO BWTS"", ""raw_details"": ""6S90MC-C MK5 SS & scrubber fitted DD"", ""printed_date"": ""10/03/2023""}"
2023-03-10,2023-03-10,Tanker Sales,1,ATHINA II,VLCC,"318,658",,MAN-B&W 2005 HHI MAN-B&W,$56 M,U/D,12/23 12/23 12/25,6S90MC-C MK5 SS Scrubber fitted DD 7S80MC-C6.1 SS,"{""stem"": ""2023-03-10_clarksons-platou-hellas-snp-weekly-bulletin-60_report-10-03-2023_da66c4c8b6a2"", ""source_file"": ""2023-03-10_clarksons-platou-hellas-snp-weekly-bulletin-60_report-10-03-2023_da66c4c8b6a2.pdf"", ""raw_built"": ""MAN-B&W 2005 HHI MAN-B&W"", ""raw_details"": ""6S90MC-C MK5 SS Scrubber fitted DD 7S80MC-C6.1 SS"", ""printed_date"": ""10/03/2023""}"
2023-03-10,2023-03-10,Tanker Sales,1,YUFUSAN,VLCC,"311,389",,MAN-B&W 2005 MITSUI MAN-B&W,$52 M,ASIANS,12/25 12/23 08/25,7S80MC-C6.1 SS BWTS fitted DD 6S50MC-C8.1 SS,"{""stem"": ""2023-03-10_clarksons-platou-hellas-snp-weekly-bulletin-60_report-10-03-2023_da66c4c8b6a2"", ""source_file"": ""2023-03-10_clarksons-platou-hellas-snp-weekly-bulletin-60_report-10-03-2023_da66c4c8b6a2.pdf"", ""raw_built"": ""MAN-B&W 2005 MITSUI MAN-B&W"", ""raw_details"": ""7S80MC-C6.1 SS BWTS fitted DD 6S50MC-C8.1 SS"", ""printed_date"": ""10/03/2023""}"
2023-03-10,2023-03-10,Tanker Sales,1,SEAMUSE,Handysize,48.012,,MAN-B&W 2007 IWAGI,$21.7 M,U/D,08/25 08/25 03/23,6S50MC-C8.1 SS BWTS fitted DD SS,"{""stem"": ""2023-03-10_clarksons-platou-hellas-snp-weekly-bulletin-60_report-10-03-2023_da66c4c8b6a2"", ""source_file"": ""2023-03-10_clarksons-platou-hellas-snp-weekly-bulletin-60_report-10-03-2023_da66c4c8b6a2.pdf"", ""raw_built"": ""MAN-B&W 2007 IWAGI"", ""raw_details"": ""6S50MC-C8.1 SS BWTS fitted DD SS"", ""printed_date"": ""10/03/2023""}"
2023-03-10,2023-03-10,Tanker Sales,1,MTM MANILA,Handysize,"44,999",,MAN-B&W,$14.8 M,,03/23 03/23 04/23,SS DD 6S50MC-C8.1 SS,"{""stem"": ""2023-03-10_clarksons-platou-hellas-snp-weekly-bulletin-60_report-10-03-2023_da66c4c8b6a2"", ""source_file"": ""2023-03-10_clarksons-platou-hellas-snp-weekly-bulletin-60_report-10-03-2023_da66c4c8b6a2.pdf"", ""raw_built"": ""MAN-B&W"", ""raw_details"": ""SS DD 6S50MC-C8.1 SS"", ""printed_date"": ""10/03/2023""}"
2023-03-10,2023-03-10,Tanker Sales,1,MTM YANGON,Handysize,"44,999",,MAN-B&W 2003 HMD BWTS,$14.8 M each,U/D,04/23 DD04/23 06/23,"6S50MC-C8.1 SS fitted, 14 pumps, CPP SS","{""stem"": ""2023-03-10_clarksons-platou-hellas-snp-weekly-bulletin-60_report-10-03-2023_da66c4c8b6a2"", ""source_file"": ""2023-03-10_clarksons-platou-hellas-snp-weekly-bulletin-60_report-10-03-2023_da66c4c8b6a2.pdf"", ""raw_built"": ""MAN-B&W 2003 HMD BWTS"", ""raw_details"": ""6S50MC-C8.1 SS fitted, 14 pumps, CPP SS"", ""printed_date"": ""10/03/2023""}"
2023-03-10,2023-03-10,Tanker Sales,1,MTM MUMBAI,Handysize,"44,996",,,,,06/23 06/23 04/24,SS DD SS,"{""stem"": ""2023-03-10_clarksons-platou-hellas-snp-weekly-bulletin-60_report-10-03-2023_da66c4c8b6a2"", ""source_file"": ""2023-03-10_clarksons-platou-hellas-snp-weekly-bulletin-60_report-10-03-2023_da66c4c8b6a2.pdf"", ""raw_built"": """", ""raw_details"": ""SS DD SS"", ""printed_date"": ""10/03/2023""}"
2023-03-10,2023-03-10,Tanker Sales,1,INVIKEN,Handysize,"37,873",,MAN-B&W 2009 HMD BWTS,RGN $20 M each,GREEKS,04/24 04/24 03/24,"SS 6S46MC-C7.2 DD fitted, 14 pumps, SS","{""stem"": ""2023-03-10_clarksons-platou-hellas-snp-weekly-bulletin-60_report-10-03-2023_da66c4c8b6a2"", ""source_file"": ""2023-03-10_clarksons-platou-hellas-snp-weekly-bulletin-60_report-10-03-2023_da66c4c8b6a2.pdf"", ""raw_built"": ""MAN-B&W 2009 HMD BWTS"", ""raw_details"": ""SS 6S46MC-C7.2 DD fitted, 14 pumps, SS"", ""printed_date"": ""10/03/2023""}"
2023-03-10,2023-03-10,Tanker Sales,1,UTVIKEN,Handysize,"37,872",2009,HMD BWTS,each,GREEKS,03/24 03/24,"fitted, 14 pumps, SS CPP DD","{""stem"": ""2023-03-10_clarksons-platou-hellas-snp-weekly-bulletin-60_report-10-03-2023_da66c4c8b6a2"", ""source_file"": ""2023-03-10_clarksons-platou-hellas-snp-weekly-bulletin-60_report-10-03-2023_da66c4c8b6a2.pdf"", ""raw_built"": ""2009 HMD BWTS"", ""raw_details"": ""fitted, 14 pumps, SS CPP DD"", ""printed_date"": ""10/03/2023""}"
2023-03-17,2023-03-17,Bulker Sales,1,XIN JIN HAI,Capesize,"180,406",,MAN B. 2009 DALIAN,USD 23 M,CHINESE,11/24 11/24 02/27,& W. 6S70MC-C7.1 SS BWTS Fitted DD SS,"{""stem"": ""2023-03-17_clarksons-platou-hellas-snp-weekly-bulletin-61_report-17-03-2023_2e412a92a01f"", ""source_file"": ""2023-03-17_clarksons-platou-hellas-snp-weekly-bulletin-61_report-17-03-2023_2e412a92a01f.pdf"", ""raw_built"": ""MAN B. 2009 DALIAN"", ""raw_details"": ""& W. 6S70MC-C7.1 SS BWTS Fitted DD SS"", ""printed_date"": ""17/03/2023""}"
2023-03-17,2023-03-17,Bulker Sales,1,AQUAHAHA,Capesize,"179,023",2012,HHIC- MAN B. PHILIPPINES,USD 28 M EACH,DANISH,02/27 RGN 05/25 03/27,SS DD & W. 6S70MC-C7.2 BWTS Fitted SS,"{""stem"": ""2023-03-17_clarksons-platou-hellas-snp-weekly-bulletin-61_report-17-03-2023_2e412a92a01f"", ""source_file"": ""2023-03-17_clarksons-platou-hellas-snp-weekly-bulletin-61_report-17-03-2023_2e412a92a01f.pdf"", ""raw_built"": ""2012 HHIC- MAN B. PHILIPPINES"", ""raw_details"": ""SS DD & W. 6S70MC-C7.2 BWTS Fitted SS"", ""printed_date"": ""17/03/2023""}"
2023-03-17,2023-03-17,Bulker Sales,1,AQUATONKA,Capesize,"179,004",,(SUBIC SHIPYARD),EACH,DANISH,03/27 05/25,BWTS Fitted SS DD,"{""stem"": ""2023-03-17_clarksons-platou-hellas-snp-weekly-bulletin-61_report-17-03-2023_2e412a92a01f"", ""source_file"": ""2023-03-17_clarksons-platou-hellas-snp-weekly-bulletin-61_report-17-03-2023_2e412a92a01f.pdf"", ""raw_built"": ""(SUBIC SHIPYARD)"", ""raw_details"": ""BWTS Fitted SS DD"", ""printed_date"": ""17/03/2023""}"
2023-03-17,2023-03-17,Bulker Sales,1,CHS CREATION,Capesize,"174,110",,MAN B. 2006 SWS,USD 17 M C/O,CHINESE JIANGSU STEAMSHIP,03/26 03/24,& W. 6S70MC6.1 SS BWTS Fitted DD,"{""stem"": ""2023-03-17_clarksons-platou-hellas-snp-weekly-bulletin-61_report-17-03-2023_2e412a92a01f"", ""source_file"": ""2023-03-17_clarksons-platou-hellas-snp-weekly-bulletin-61_report-17-03-2023_2e412a92a01f.pdf"", ""raw_built"": ""MAN B. 2006 SWS"", ""raw_details"": ""& W. 6S70MC6.1 SS BWTS Fitted DD"", ""printed_date"": ""17/03/2023""}"
2023-03-17,2023-03-17,Bulker Sales,1,GOLDEN FENG,Capesize,"169,232",,MAN B. 2009 DAEHAN Scrubber,USD 23 M EACH,GREEKS,03/24 03/24 05/24,SS DD & W. 6S70MC6.2 & BWTS Fitted SS,"{""stem"": ""2023-03-17_clarksons-platou-hellas-snp-weekly-bulletin-61_report-17-03-2023_2e412a92a01f"", ""source_file"": ""2023-03-17_clarksons-platou-hellas-snp-weekly-bulletin-61_report-17-03-2023_2e412a92a01f.pdf"", ""raw_built"": ""MAN B. 2009 DAEHAN Scrubber"", ""raw_details"": ""SS DD & W. 6S70MC6.2 & BWTS Fitted SS"", ""printed_date"": ""17/03/2023""}"
2023-03-17,2023-03-17,Bulker Sales,1,GOLDEN SHUI,Capesize,"169,332",2009,DAEHAN Scrubber,EACH,GREEKS,05/24 05/24,& BWTS Fitted SS DD,"{""stem"": ""2023-03-17_clarksons-platou-hellas-snp-weekly-bulletin-61_report-17-03-2023_2e412a92a01f"", ""source_file"": ""2023-03-17_clarksons-platou-hellas-snp-weekly-bulletin-61_report-17-03-2023_2e412a92a01f.pdf"", ""raw_built"": ""2009 DAEHAN Scrubber"", ""raw_details"": ""& BWTS Fitted SS DD"", ""printed_date"": ""17/03/2023""}"
2023-03-17,2023-03-17,Bulker Sales,1,EFROSSINI,Panamax,"75,003",,MAN B. 2012 SASEBO,USD 22.5 M -14 MONTHS TC AT $16K PD),U/D,02/27 (10 03/25 BACK,& W. 7S50MC-C8.2 SS BWTS Fitted DD,"{""stem"": ""2023-03-17_clarksons-platou-hellas-snp-weekly-bulletin-61_report-17-03-2023_2e412a92a01f"", ""source_file"": ""2023-03-17_clarksons-platou-hellas-snp-weekly-bulletin-61_report-17-03-2023_2e412a92a01f.pdf"", ""raw_built"": ""MAN B. 2012 SASEBO"", ""raw_details"": ""& W. 7S50MC-C8.2 SS BWTS Fitted DD"", ""printed_date"": ""17/03/2023""}"
2023-03-17,2023-03-17,Bulker Sales,1,IRIS EXPRESS,Supramax,"58,785",2007,TSUNEISHI MAN B. (CEBU) 4 x,USD 14.3 M,CHINESE,03/27 03/25,"& W. 6S50MC-C8.1 SS 30 T, BWTS Fitted DD","{""stem"": ""2023-03-17_clarksons-platou-hellas-snp-weekly-bulletin-61_report-17-03-2023_2e412a92a01f"", ""source_file"": ""2023-03-17_clarksons-platou-hellas-snp-weekly-bulletin-61_report-17-03-2023_2e412a92a01f.pdf"", ""raw_built"": ""2007 TSUNEISHI MAN B. (CEBU) 4 x"", ""raw_details"": ""& W. 6S50MC-C8.1 SS 30 T, BWTS Fitted DD"", ""printed_date"": ""17/03/2023""}"
2023-03-17,2023-03-17,Bulker Sales,1,GF ORIENT,Supramax,"57,295",2011,STX MAN B. (DALIAN) 4 x,USD 13.5 M,CHINESE,01/26 04/24,"& W. 6S50MC-C8.2 SS 30 T, BWTS Fitted DD","{""stem"": ""2023-03-17_clarksons-platou-hellas-snp-weekly-bulletin-61_report-17-03-2023_2e412a92a01f"", ""source_file"": ""2023-03-17_clarksons-platou-hellas-snp-weekly-bulletin-61_report-17-03-2023_2e412a92a01f.pdf"", ""raw_built"": ""2011 STX MAN B. (DALIAN) 4 x"", ""raw_details"": ""& W. 6S50MC-C8.2 SS 30 T, BWTS Fitted DD"", ""printed_date"": ""17/03/2023""}"
2023-03-17,2023-03-17,Bulker Sales,1,AIS SUN,Supramax,"56,724",2010,YANGZHOU WARTSILA GUOYU 4 x,USD 11 M,U/D,08/26 08/24,"6RT-FLEX50-B SS 36 T, BWTS Fitted DD","{""stem"": ""2023-03-17_clarksons-platou-hellas-snp-weekly-bulletin-61_report-17-03-2023_2e412a92a01f"", ""source_file"": ""2023-03-17_clarksons-platou-hellas-snp-weekly-bulletin-61_report-17-03-2023_2e412a92a01f.pdf"", ""raw_built"": ""2010 YANGZHOU WARTSILA GUOYU 4 x"", ""raw_details"": ""6RT-FLEX50-B SS 36 T, BWTS Fitted DD"", ""printed_date"": ""17/03/2023""}"
2023-03-17,2023-03-17,Bulker Sales,1,SCHELDE CONFIDENCE,Handysize,"38,225",,MAN B. 2011 IMABARI SB Semi 4 x MAN B.,GREEKS 17.25 M ARION,C/O SHIPPING,01/26 USD 01/24 10/25,"& W. 6S46MC-C7.2 SS Box Shaped DD 30 T, BWTS Fitted & W. 5S50MC6.2 SS","{""stem"": ""2023-03-17_clarksons-platou-hellas-snp-weekly-bulletin-61_report-17-03-2023_2e412a92a01f"", ""source_file"": ""2023-03-17_clarksons-platou-hellas-snp-weekly-bulletin-61_report-17-03-2023_2e412a92a01f.pdf"", ""raw_built"": ""MAN B. 2011 IMABARI SB Semi 4 x MAN B."", ""raw_details"": ""& W. 6S46MC-C7.2 SS Box Shaped DD 30 T, BWTS Fitted & W. 5S50MC6.2 SS"", ""printed_date"": ""17/03/2023""}"
2023-03-17,2023-03-17,Bulker Sales,1,NORDIC SKAGEN,Handysize,"33,741",,"MAN B. 2010 TK HI 4 x 30 T, MAN B.",USD 12.7 M,U/D,10/25 01/24,"& W. 5S50MC6.2 SS Boxed, BWTS Fitted DD & W. 5S50MC6.2","{""stem"": ""2023-03-17_clarksons-platou-hellas-snp-weekly-bulletin-61_report-17-03-2023_2e412a92a01f"", ""source_file"": ""2023-03-17_clarksons-platou-hellas-snp-weekly-bulletin-61_report-17-03-2023_2e412a92a01f.pdf"", ""raw_built"": ""MAN B. 2010 TK HI 4 x 30 T, MAN B."", ""raw_details"": ""& W. 5S50MC6.2 SS Boxed, BWTS Fitted DD & W. 5S50MC6.2"", ""printed_date"": ""17/03/2023""}"
2023-03-17,2023-03-17,Bulker Sales,1,SEA PLAIN I,Handysize,"32,663",,"MAN B. 2011 JIANGSU Tier II, ZHENJIANG 4 x30 T,",HONG USD 11 M,KONG BASED,08/26 LOW 09/24,& W. 5S50MC6.2 SS Semi Box Shaped DD Logs & BWTS Fitted,"{""stem"": ""2023-03-17_clarksons-platou-hellas-snp-weekly-bulletin-61_report-17-03-2023_2e412a92a01f"", ""source_file"": ""2023-03-17_clarksons-platou-hellas-snp-weekly-bulletin-61_report-17-03-2023_2e412a92a01f.pdf"", ""raw_built"": ""MAN B. 2011 JIANGSU Tier II, ZHENJIANG 4 x30 T,"", ""raw_details"": ""& W. 5S50MC6.2 SS Semi Box Shaped DD Logs & BWTS Fitted"", ""printed_date"": ""17/03/2023""}"
2023-03-17,2023-03-17,Bulker Sales,1,MERCHANT THREE,Handysize,"28,364",,MAN B. 2012 IMABARI SB 4 x,USD 13 M,U/D,10/27 LOW 10/25,"& W. 6S42MC7.2 SS 30 T, BWTS Fitted DD","{""stem"": ""2023-03-17_clarksons-platou-hellas-snp-weekly-bulletin-61_report-17-03-2023_2e412a92a01f"", ""source_file"": ""2023-03-17_clarksons-platou-hellas-snp-weekly-bulletin-61_report-17-03-2023_2e412a92a01f.pdf"", ""raw_built"": ""MAN B. 2012 IMABARI SB 4 x"", ""raw_details"": ""& W. 6S42MC7.2 SS 30 T, BWTS Fitted DD"", ""printed_date"": ""17/03/2023""}"
2023-03-17,2023-03-17,Tanker Sales,1,WHITE TRADER,Suezmax,"150,875",1999,NIPPON KOKAN,USD 27 M,U/D,10/24 RGN 10/24 06/23,SULZER 6RTA72 SS BWTS Fitted DD SS,"{""stem"": ""2023-03-17_clarksons-platou-hellas-snp-weekly-bulletin-61_report-17-03-2023_2e412a92a01f"", ""source_file"": ""2023-03-17_clarksons-platou-hellas-snp-weekly-bulletin-61_report-17-03-2023_2e412a92a01f.pdf"", ""raw_built"": ""1999 NIPPON KOKAN"", ""raw_details"": ""SULZER 6RTA72 SS BWTS Fitted DD SS"", ""printed_date"": ""17/03/2023""}"
2023-03-17,2023-03-17,Tanker Sales,1,GLADYS W,MR,"49,995",,MAN B. 2013 STX,USD 93.6 M USD 48.5 mill,DANISH,06/23 06/23 06/23 (Basis,SS DD & W. 6S50ME-C8.1 SS,"{""stem"": ""2023-03-17_clarksons-platou-hellas-snp-weekly-bulletin-61_report-17-03-2023_2e412a92a01f"", ""source_file"": ""2023-03-17_clarksons-platou-hellas-snp-weekly-bulletin-61_report-17-03-2023_2e412a92a01f.pdf"", ""raw_built"": ""MAN B. 2013 STX"", ""raw_details"": ""SS DD & W. 6S50ME-C8.1 SS"", ""printed_date"": ""17/03/2023""}"
2023-03-17,2023-03-17,Tanker Sales,1,JULIA L,MR,"49,995",,MAN B. 2013 STX 12 Fully (JINHAE),USD 48.5 mill in cash C/O issuing 1.42,DANISH TORM,06/23 (Basis 06/23 and 06/23,& W. 6S50ME-C8.1 SS Epoxy Coat. Tanks DD BWTS Fitted SS,"{""stem"": ""2023-03-17_clarksons-platou-hellas-snp-weekly-bulletin-61_report-17-03-2023_2e412a92a01f"", ""source_file"": ""2023-03-17_clarksons-platou-hellas-snp-weekly-bulletin-61_report-17-03-2023_2e412a92a01f.pdf"", ""raw_built"": ""MAN B. 2013 STX 12 Fully (JINHAE)"", ""raw_details"": ""& W. 6S50ME-C8.1 SS Epoxy Coat. Tanks DD BWTS Fitted SS"", ""printed_date"": ""17/03/2023""}"
2023-03-17,2023-03-17,Tanker Sales,1,MARJORIE K,MR,"49,994",,,issuing 1.42 new shares),,and 06/23 mill 06/23,SS DD,"{""stem"": ""2023-03-17_clarksons-platou-hellas-snp-weekly-bulletin-61_report-17-03-2023_2e412a92a01f"", ""source_file"": ""2023-03-17_clarksons-platou-hellas-snp-weekly-bulletin-61_report-17-03-2023_2e412a92a01f.pdf"", ""raw_built"": """", ""raw_details"": ""SS DD"", ""printed_date"": ""17/03/2023""}"
2023-03-24,2023-03-24,Bulker Sales,1,HUI XIN 9,Panamax,"75,658",2012,SHANGHAI MAN B. SHIPYARD,USD 17 M,EUROPEANS,05/27 XS 05/25,& W. 5S60MC6.2 SS BWTS Ordered DD,"{""stem"": ""2023-03-24_clarksons-platou-hellas-snp-weekly-bulletin-62_report-24-03-2023_4346978973de"", ""source_file"": ""2023-03-24_clarksons-platou-hellas-snp-weekly-bulletin-62_report-24-03-2023_4346978973de.pdf"", ""raw_built"": ""2012 SHANGHAI MAN B. SHIPYARD"", ""raw_details"": ""& W. 5S60MC6.2 SS BWTS Ordered DD"", ""printed_date"": ""24/03/2023""}"
2023-03-24,2023-03-24,Bulker Sales,1,CARMENCITA,Supramax,"58,773",2009,TSUNEISHI MAN B. (CEBU) 4 x,USD 16 M,U/D,05/24 05/24,"& W. 6S50MC6.2 SS 30 T, BWTS Fitted DD","{""stem"": ""2023-03-24_clarksons-platou-hellas-snp-weekly-bulletin-62_report-24-03-2023_4346978973de"", ""source_file"": ""2023-03-24_clarksons-platou-hellas-snp-weekly-bulletin-62_report-24-03-2023_4346978973de.pdf"", ""raw_built"": ""2009 TSUNEISHI MAN B. (CEBU) 4 x"", ""raw_details"": ""& W. 6S50MC6.2 SS 30 T, BWTS Fitted DD"", ""printed_date"": ""24/03/2023""}"
2023-03-24,2023-03-24,Bulker Sales,1,AMIS ORCHID,Supramax,"58,120",2012,TSUNEISHI MAN B. (CEBU) 4 x,linked TC attached until February-June 2024),GREEKS,07/25 (Index 07/25,"& W. 6S50ME-C8.1 SS 30 T, BWTS Fitted DD","{""stem"": ""2023-03-24_clarksons-platou-hellas-snp-weekly-bulletin-62_report-24-03-2023_4346978973de"", ""source_file"": ""2023-03-24_clarksons-platou-hellas-snp-weekly-bulletin-62_report-24-03-2023_4346978973de.pdf"", ""raw_built"": ""2012 TSUNEISHI MAN B. (CEBU) 4 x"", ""raw_details"": ""& W. 6S50ME-C8.1 SS 30 T, BWTS Fitted DD"", ""printed_date"": ""24/03/2023""}"
2023-03-24,2023-03-24,Bulker Sales,1,ERISORT,Handysize,"39,763",2014,"CHENGXI WARTSILA Boxed,",USD 20.2 M,,10/24 10/24 08/24,SS 5RT-flex50-B DD Logs Fitted SS,"{""stem"": ""2023-03-24_clarksons-platou-hellas-snp-weekly-bulletin-62_report-24-03-2023_4346978973de"", ""source_file"": ""2023-03-24_clarksons-platou-hellas-snp-weekly-bulletin-62_report-24-03-2023_4346978973de.pdf"", ""raw_built"": ""2014 CHENGXI WARTSILA Boxed,"", ""raw_details"": ""SS 5RT-flex50-B DD Logs Fitted SS"", ""printed_date"": ""24/03/2023""}"
2023-03-24,2023-03-24,Bulker Sales,1,ERRADALE,Handysize,"39,757",,"Boxed, 4 x 2014 CHENGXI WARTSILA",USD 20.2 M USA EACH,BASED,08/24 08/24,"Logs Fitted SS 36 T, BWTS Fitted DD 5RT-flex50-B","{""stem"": ""2023-03-24_clarksons-platou-hellas-snp-weekly-bulletin-62_report-24-03-2023_4346978973de"", ""source_file"": ""2023-03-24_clarksons-platou-hellas-snp-weekly-bulletin-62_report-24-03-2023_4346978973de.pdf"", ""raw_built"": ""Boxed, 4 x 2014 CHENGXI WARTSILA"", ""raw_details"": ""Logs Fitted SS 36 T, BWTS Fitted DD 5RT-flex50-B"", ""printed_date"": ""24/03/2023""}"
2023-03-24,2023-03-24,Bulker Sales,1,WULIN,Handysize,"39,049",,WARTSILA 2014 CHENGXI 4x,,,03/24 03/24,"5RT-flex50-B SS Boxed DD 36 T, BWTS Fitted","{""stem"": ""2023-03-24_clarksons-platou-hellas-snp-weekly-bulletin-62_report-24-03-2023_4346978973de"", ""source_file"": ""2023-03-24_clarksons-platou-hellas-snp-weekly-bulletin-62_report-24-03-2023_4346978973de.pdf"", ""raw_built"": ""WARTSILA 2014 CHENGXI 4x"", ""raw_details"": ""5RT-flex50-B SS Boxed DD 36 T, BWTS Fitted"", ""printed_date"": ""24/03/2023""}"
2023-03-24,2023-03-24,Bulker Sales,1,DAIWAN CHAMPION,Handysize,"34,393",,MAN B. 2015 NAMURA 4 x,USD 19 M linked TC attached until February-June 2024),EUROPEANS,HIGH 02/25 (Index 02/25,"& W. 6S46ME-B8.3 SS 30 T, BWTS Fitted DD","{""stem"": ""2023-03-24_clarksons-platou-hellas-snp-weekly-bulletin-62_report-24-03-2023_4346978973de"", ""source_file"": ""2023-03-24_clarksons-platou-hellas-snp-weekly-bulletin-62_report-24-03-2023_4346978973de.pdf"", ""raw_built"": ""MAN B. 2015 NAMURA 4 x"", ""raw_details"": ""& W. 6S46ME-B8.3 SS 30 T, BWTS Fitted DD"", ""printed_date"": ""24/03/2023""}"
2023-03-24,2023-03-24,Tanker Sales,1,HAFNIA DANUBE,Panamax,"76,564",2007,"DALIAN MAN 3 Pumps,",USD 23 M EACH,U/D,03/27 06/25 XS 06/27,"SS DD B. & W. 6S60MC6.1 CPP, BWTS Fitted SS","{""stem"": ""2023-03-24_clarksons-platou-hellas-snp-weekly-bulletin-62_report-24-03-2023_4346978973de"", ""source_file"": ""2023-03-24_clarksons-platou-hellas-snp-weekly-bulletin-62_report-24-03-2023_4346978973de.pdf"", ""raw_built"": ""2007 DALIAN MAN 3 Pumps,"", ""raw_details"": ""SS DD B. & W. 6S60MC6.1 CPP, BWTS Fitted SS"", ""printed_date"": ""24/03/2023""}"
2023-03-24,2023-03-24,Tanker Sales,1,HAFNIA HUDSON,Panamax,"76,564",,"3 Pumps, 2007 DALIAN MAN B.",EACH,U/D,06/27 07/25 01/27,"CPP, BWTS Fitted SS DD & W. 6S50ME-B9.3 SS","{""stem"": ""2023-03-24_clarksons-platou-hellas-snp-weekly-bulletin-62_report-24-03-2023_4346978973de"", ""source_file"": ""2023-03-24_clarksons-platou-hellas-snp-weekly-bulletin-62_report-24-03-2023_4346978973de.pdf"", ""raw_built"": ""3 Pumps, 2007 DALIAN MAN B."", ""raw_details"": ""CPP, BWTS Fitted SS DD & W. 6S50ME-B9.3 SS"", ""printed_date"": ""24/03/2023""}"
2023-03-24,2023-03-24,Tanker Sales,1,PTI DANUBE,MR,"49,999",,MAN B. 2017 SPP 12 MAN B.,USD 40 M,EUROPEANS,01/27 XS 02/25 06/23,"& W. 6S50ME-B9.3 SS Pumps, BWTS Fitted DD & W. 6S50MC-C8.1 SS","{""stem"": ""2023-03-24_clarksons-platou-hellas-snp-weekly-bulletin-62_report-24-03-2023_4346978973de"", ""source_file"": ""2023-03-24_clarksons-platou-hellas-snp-weekly-bulletin-62_report-24-03-2023_4346978973de.pdf"", ""raw_built"": ""MAN B. 2017 SPP 12 MAN B."", ""raw_details"": ""& W. 6S50ME-B9.3 SS Pumps, BWTS Fitted DD & W. 6S50MC-C8.1 SS"", ""printed_date"": ""24/03/2023""}"
2023-03-24,2023-03-24,Tanker Sales,1,JEMMA,Handysize,"38,402",,"MAN B. 2008 GSI 10 Pumps,",USD 18 M,TURKISH,06/23 06/23,"& W. 6S50MC-C8.1 SS CPP, BWTS Due DD","{""stem"": ""2023-03-24_clarksons-platou-hellas-snp-weekly-bulletin-62_report-24-03-2023_4346978973de"", ""source_file"": ""2023-03-24_clarksons-platou-hellas-snp-weekly-bulletin-62_report-24-03-2023_4346978973de.pdf"", ""raw_built"": ""MAN B. 2008 GSI 10 Pumps,"", ""raw_details"": ""& W. 6S50MC-C8.1 SS CPP, BWTS Due DD"", ""printed_date"": ""24/03/2023""}"
2023-03-31,2023-03-31,Bulker Sales,1,MP THE HARRISON,Capesize,"208,283",2021,JIANGSU MAN B. YANGZI Scrubber,USD 126 M En Bloc,GREEKS,02/26 02/24 03/26,SS DD & W. 6G70ME-C9.5 & BWTS Fitted SS,"{""stem"": ""2023-03-31_clarksons-platou-hellas-snp-weekly-bulletin-63_report-31-03-2023_0143f59ee068"", ""source_file"": ""2023-03-31_clarksons-platou-hellas-snp-weekly-bulletin-63_report-31-03-2023_0143f59ee068.pdf"", ""raw_built"": ""2021 JIANGSU MAN B. YANGZI Scrubber"", ""raw_details"": ""SS DD & W. 6G70ME-C9.5 & BWTS Fitted SS"", ""printed_date"": ""31/03/2023""}"
2023-03-31,2023-03-31,Bulker Sales,1,MP THE VINATIERI,Capesize,"208,216",,YANGZI Scrubber MAN B.,En Bloc,GREEKS,03/26 03/24 08/25,& BWTS Fitted SS DD & W. 6S70MC6.2 SS,"{""stem"": ""2023-03-31_clarksons-platou-hellas-snp-weekly-bulletin-63_report-31-03-2023_0143f59ee068"", ""source_file"": ""2023-03-31_clarksons-platou-hellas-snp-weekly-bulletin-63_report-31-03-2023_0143f59ee068.pdf"", ""raw_built"": ""YANGZI Scrubber MAN B."", ""raw_details"": ""& BWTS Fitted SS DD & W. 6S70MC6.2 SS"", ""printed_date"": ""31/03/2023""}"
2023-03-31,2023-03-31,Bulker Sales,1,ROSEBANK,Capesize,"177,029",,MAN B. 2010 NEW TIMES MAN B.,USD 23 M MIDDLE,EASTERNS,08/25 09/23 10/26,& W. 6S70MC6.2 SS BWTS Fitted DD & W. 6S50MC-C8.2 SS,"{""stem"": ""2023-03-31_clarksons-platou-hellas-snp-weekly-bulletin-63_report-31-03-2023_0143f59ee068"", ""source_file"": ""2023-03-31_clarksons-platou-hellas-snp-weekly-bulletin-63_report-31-03-2023_0143f59ee068.pdf"", ""raw_built"": ""MAN B. 2010 NEW TIMES MAN B."", ""raw_details"": ""& W. 6S70MC6.2 SS BWTS Fitted DD & W. 6S50MC-C8.2 SS"", ""printed_date"": ""31/03/2023""}"
2023-03-31,2023-03-31,Bulker Sales,1,SUPER ODEGAARD,Supramax,"55,628",,MAN B. 2011 MITSUI 4 x,USD 18 M,GREEKS,10/26 HIGH 10/24,"& W. 6S50MC-C8.2 SS 30 T, BWTS Fitted DD","{""stem"": ""2023-03-31_clarksons-platou-hellas-snp-weekly-bulletin-63_report-31-03-2023_0143f59ee068"", ""source_file"": ""2023-03-31_clarksons-platou-hellas-snp-weekly-bulletin-63_report-31-03-2023_0143f59ee068.pdf"", ""raw_built"": ""MAN B. 2011 MITSUI 4 x"", ""raw_details"": ""& W. 6S50MC-C8.2 SS 30 T, BWTS Fitted DD"", ""printed_date"": ""31/03/2023""}"
2023-03-31,2023-03-31,Bulker Sales,1,GLOVIS MAINE,Supramax,"56,686",2013,"TIANJIN MAN B. XINGANG Tier II, 4",MID – HIGH USD 15 M,U/D,06/23 06/23,"& W. 6S50MC-C8.2 SS x 35 T, BWTS Fitted DD","{""stem"": ""2023-03-31_clarksons-platou-hellas-snp-weekly-bulletin-63_report-31-03-2023_0143f59ee068"", ""source_file"": ""2023-03-31_clarksons-platou-hellas-snp-weekly-bulletin-63_report-31-03-2023_0143f59ee068.pdf"", ""raw_built"": ""2013 TIANJIN MAN B. XINGANG Tier II, 4"", ""raw_details"": ""& W. 6S50MC-C8.2 SS x 35 T, BWTS Fitted DD"", ""printed_date"": ""31/03/2023""}"
2023-03-31,2023-03-31,Bulker Sales,1,JIA TAI HE,Handysize,"35,045",2012,ZHEJIANG MAN B. JIUZHOU 4 x,12.75 M,TURKISH,06/27 USD 09/24,"& W. 6S42MC7.2 SS 30 T, BWTS Fitted DD","{""stem"": ""2023-03-31_clarksons-platou-hellas-snp-weekly-bulletin-63_report-31-03-2023_0143f59ee068"", ""source_file"": ""2023-03-31_clarksons-platou-hellas-snp-weekly-bulletin-63_report-31-03-2023_0143f59ee068.pdf"", ""raw_built"": ""2012 ZHEJIANG MAN B. JIUZHOU 4 x"", ""raw_details"": ""& W. 6S42MC7.2 SS 30 T, BWTS Fitted DD"", ""printed_date"": ""31/03/2023""}"
2023-03-31,2023-03-31,Tanker Sales,1,COSBRIGHT LAKE,VLCC,"299,079",,MAN 2003 NACKS,USD 39.5 M,INDIANS,04/23 04/23 12/27,B. & W. 7S80MC6.1 SS BWTS Due DD SS,"{""stem"": ""2023-03-31_clarksons-platou-hellas-snp-weekly-bulletin-63_report-31-03-2023_0143f59ee068"", ""source_file"": ""2023-03-31_clarksons-platou-hellas-snp-weekly-bulletin-63_report-31-03-2023_0143f59ee068.pdf"", ""raw_built"": ""MAN 2003 NACKS"", ""raw_details"": ""B. & W. 7S80MC6.1 SS BWTS Due DD SS"", ""printed_date"": ""31/03/2023""}"
2023-03-31,2023-03-31,Tanker Sales,1,WISBY ATLANTIC,MR,"49,686",,MAN B. 2017 GSI 18,USD 43.25 M Each,U/D,12/27 12/25 12/27,"SS & W. 6S50ME-B9.3 DD Tanks, IMO II, CPP SS","{""stem"": ""2023-03-31_clarksons-platou-hellas-snp-weekly-bulletin-63_report-31-03-2023_0143f59ee068"", ""source_file"": ""2023-03-31_clarksons-platou-hellas-snp-weekly-bulletin-63_report-31-03-2023_0143f59ee068.pdf"", ""raw_built"": ""MAN B. 2017 GSI 18"", ""raw_details"": ""SS & W. 6S50ME-B9.3 DD Tanks, IMO II, CPP SS"", ""printed_date"": ""31/03/2023""}"
2023-03-31,2023-03-31,Tanker Sales,1,WISBY PACIFIC,MR,"49,614",2017,GSI 18 MAN B.,Each,U/D,12/27 02/25 02/25,"Tanks, IMO II, CPP SS BWTS Fitted DD & W. 6S46MC-C7.2 SS","{""stem"": ""2023-03-31_clarksons-platou-hellas-snp-weekly-bulletin-63_report-31-03-2023_0143f59ee068"", ""source_file"": ""2023-03-31_clarksons-platou-hellas-snp-weekly-bulletin-63_report-31-03-2023_0143f59ee068.pdf"", ""raw_built"": ""2017 GSI 18 MAN B."", ""raw_details"": ""Tanks, IMO II, CPP SS BWTS Fitted DD & W. 6S46MC-C7.2 SS"", ""printed_date"": ""31/03/2023""}"
2023-03-31,2023-03-31,Tanker Sales,1,NORVIKEN,Handysize,"37,874",,"MAN B. 2010 HMD IMO III,",USD 22 M,EUROPEANS,02/25 MID 02/25,"& W. 6S46MC-C7.2 SS CPP, BWTS Fitted DD","{""stem"": ""2023-03-31_clarksons-platou-hellas-snp-weekly-bulletin-63_report-31-03-2023_0143f59ee068"", ""source_file"": ""2023-03-31_clarksons-platou-hellas-snp-weekly-bulletin-63_report-31-03-2023_0143f59ee068.pdf"", ""raw_built"": ""MAN B. 2010 HMD IMO III,"", ""raw_details"": ""& W. 6S46MC-C7.2 SS CPP, BWTS Fitted DD"", ""printed_date"": ""31/03/2023""}"
2023-04-11,2023-04-11,Bulker Sales,1,STELLA ADA,Capesize,"180,223",,MAN B. 2011 DALIAN,USD 25.5 M,U/D,12/25 09/23,& W. 6S70MC-C7. SS BWTS Fitted DD,"{""stem"": ""2023-04-11_clarksons-platou-hellas-snp-weekly-bulletin-64_report-07-04-2023_42c63f0f7234"", ""source_file"": ""2023-04-11_clarksons-platou-hellas-snp-weekly-bulletin-64_report-07-04-2023_42c63f0f7234.pdf"", ""raw_built"": ""MAN B. 2011 DALIAN"", ""raw_details"": ""& W. 6S70MC-C7. SS BWTS Fitted DD"", ""printed_date"": ""11/04/2023""}"
2023-04-11,2023-04-11,Bulker Sales,1,BULK JAPAN,Kamsarmax,"82,951",2006,TSUNEISHI MAN B. ZOSEN,USD 15.3 M,GREEKS,07/26 10/24,& W. 7S50MC-C8.1 SS BWTS Fitted DD,"{""stem"": ""2023-04-11_clarksons-platou-hellas-snp-weekly-bulletin-64_report-07-04-2023_42c63f0f7234"", ""source_file"": ""2023-04-11_clarksons-platou-hellas-snp-weekly-bulletin-64_report-07-04-2023_42c63f0f7234.pdf"", ""raw_built"": ""2006 TSUNEISHI MAN B. ZOSEN"", ""raw_details"": ""& W. 7S50MC-C8.1 SS BWTS Fitted DD"", ""printed_date"": ""11/04/2023""}"
2023-04-11,2023-04-11,Bulker Sales,1,ELDORIS,Handysize,"36,045",,MAN B. 2011 HMD 4 x,USD 16.4 M (c/o,TURKISH T&O),10/26 12/24,"& W. 6S46MC-C7.2 SS 30 T, BWTS Fitted DD","{""stem"": ""2023-04-11_clarksons-platou-hellas-snp-weekly-bulletin-64_report-07-04-2023_42c63f0f7234"", ""source_file"": ""2023-04-11_clarksons-platou-hellas-snp-weekly-bulletin-64_report-07-04-2023_42c63f0f7234.pdf"", ""raw_built"": ""MAN B. 2011 HMD 4 x"", ""raw_details"": ""& W. 6S46MC-C7.2 SS 30 T, BWTS Fitted DD"", ""printed_date"": ""11/04/2023""}"
2023-04-11,2023-04-11,Bulker Sales,1,BLACK FOREST,Handysize,"32,751",2003,KANDA ZOSENSHO 4 x,USD 8 M,CHINESE,08/23 HIGH 08/23,"MITSUBISHI 6UEC52LA SS 30 T, BWTS Fitted DD","{""stem"": ""2023-04-11_clarksons-platou-hellas-snp-weekly-bulletin-64_report-07-04-2023_42c63f0f7234"", ""source_file"": ""2023-04-11_clarksons-platou-hellas-snp-weekly-bulletin-64_report-07-04-2023_42c63f0f7234.pdf"", ""raw_built"": ""2003 KANDA ZOSENSHO 4 x"", ""raw_details"": ""MITSUBISHI 6UEC52LA SS 30 T, BWTS Fitted DD"", ""printed_date"": ""11/04/2023""}"
2023-04-11,2023-04-11,Tanker Sales,1,SANMAR SONGBIRD,MR,"47,094",,MAN 2003 ONOMICHI 4 MAN B. 2007,LOW-MID USD 15 M,MIDDLE EASTERNS NIGERIANS,01/27 05/25 12/27,"B. & W. 6S50MC6.1 SS Pumps, CAP 1, CPP DD BWTS Fitted & W. 6S50MC-C8.1 SS","{""stem"": ""2023-04-11_clarksons-platou-hellas-snp-weekly-bulletin-64_report-07-04-2023_42c63f0f7234"", ""source_file"": ""2023-04-11_clarksons-platou-hellas-snp-weekly-bulletin-64_report-07-04-2023_42c63f0f7234.pdf"", ""raw_built"": ""MAN 2003 ONOMICHI 4 MAN B. 2007"", ""raw_details"": ""B. & W. 6S50MC6.1 SS Pumps, CAP 1, CPP DD BWTS Fitted & W. 6S50MC-C8.1 SS"", ""printed_date"": ""11/04/2023""}"
2023-04-11,2023-04-11,Tanker Sales,1,NORIENT SATURN,Handysize,"40,435",,MAN B. 2007 10 SANTIERUL NAVAL,USD 19.6 M (c/o Sea,NIGERIANS Transport),12/27 11/25,"& W. 6S50MC-C8.1 SS Pumps, IMO III, CPP DD BWTS Fitted","{""stem"": ""2023-04-11_clarksons-platou-hellas-snp-weekly-bulletin-64_report-07-04-2023_42c63f0f7234"", ""source_file"": ""2023-04-11_clarksons-platou-hellas-snp-weekly-bulletin-64_report-07-04-2023_42c63f0f7234.pdf"", ""raw_built"": ""MAN B. 2007 10 SANTIERUL NAVAL"", ""raw_details"": ""& W. 6S50MC-C8.1 SS Pumps, IMO III, CPP DD BWTS Fitted"", ""printed_date"": ""11/04/2023""}"
2023-04-18,2023-04-18,Bulker Sales,1,GLOBAL ROYAL,Ultramax,"61,211",,MAN B. 2022 DACKS 4 x,USD 34.25 M,GREEKS,03/27 RGN 03/25,"& W. 6S50ME-B9.3 SS 30 T, BWTS Fitted DD","{""stem"": ""2023-04-18_clarksons-platou-hellas-snp-weekly-bulletin-65_report-14-04-2023_481f930859fc"", ""source_file"": ""2023-04-18_clarksons-platou-hellas-snp-weekly-bulletin-65_report-14-04-2023_481f930859fc.pdf"", ""raw_built"": ""MAN B. 2022 DACKS 4 x"", ""raw_details"": ""& W. 6S50ME-B9.3 SS 30 T, BWTS Fitted DD"", ""printed_date"": ""18/04/2023""}"
2023-04-18,2023-04-18,Bulker Sales,1,ASIAN TRIUMPH,Supramax,"56,532",2012,COSCO MAN B. ZHOUSHAN 4 x,USD 15 M,U/D,09/27 MID 09/25,"& W. 6S50MC-C8.2 SS 30 T, BWTS Fitted DD","{""stem"": ""2023-04-18_clarksons-platou-hellas-snp-weekly-bulletin-65_report-14-04-2023_481f930859fc"", ""source_file"": ""2023-04-18_clarksons-platou-hellas-snp-weekly-bulletin-65_report-14-04-2023_481f930859fc.pdf"", ""raw_built"": ""2012 COSCO MAN B. ZHOUSHAN 4 x"", ""raw_details"": ""& W. 6S50MC-C8.2 SS 30 T, BWTS Fitted DD"", ""printed_date"": ""18/04/2023""}"
2023-04-18,2023-04-18,Tanker Sales,1,DI MATTEO,MR,"46,646",,MAN B. 2009 NAIKAI ZOSEN 4 MAN,USD 26 M,U/D,10/24 10/24,"& W. 6S50MC-C8.2 SS Pumps, BWTS Fitted DD B. & W. 6S50MC6.1","{""stem"": ""2023-04-18_clarksons-platou-hellas-snp-weekly-bulletin-65_report-14-04-2023_481f930859fc"", ""source_file"": ""2023-04-18_clarksons-platou-hellas-snp-weekly-bulletin-65_report-14-04-2023_481f930859fc.pdf"", ""raw_built"": ""MAN B. 2009 NAIKAI ZOSEN 4 MAN"", ""raw_details"": ""& W. 6S50MC-C8.2 SS Pumps, BWTS Fitted DD B. & W. 6S50MC6.1"", ""printed_date"": ""18/04/2023""}"
2023-04-18,2023-04-18,Tanker Sales,1,MAERSK MICHIGAN,MR,"47,047",,MAN 2003 ONOMICHI 4,USD 14 M,U/D,07/23 HIGH 07/23,"B. & W. 6S50MC6.1 SS Pumps, CAP 1, CPP DD BWTS Fitted","{""stem"": ""2023-04-18_clarksons-platou-hellas-snp-weekly-bulletin-65_report-14-04-2023_481f930859fc"", ""source_file"": ""2023-04-18_clarksons-platou-hellas-snp-weekly-bulletin-65_report-14-04-2023_481f930859fc.pdf"", ""raw_built"": ""MAN 2003 ONOMICHI 4"", ""raw_details"": ""B. & W. 6S50MC6.1 SS Pumps, CAP 1, CPP DD BWTS Fitted"", ""printed_date"": ""18/04/2023""}"
2023-04-21,2023-04-21,Bulker Sales,1,VALIANT SPRING,Kamsarmax,"81,920",,MAN-B&W 2015 TSUNEISHI BWTS ZHOUSHAN,USD 28.3 M,GREEK,12/25 02/24,"6S60ME-C8.2, SS FITTED, SCRUBBER DD READY","{""stem"": ""2023-04-21_clarksons-platou-hellas-snp-weekly-bulletin-66_report-21-04-2023_cd28114850b9"", ""source_file"": ""2023-04-21_clarksons-platou-hellas-snp-weekly-bulletin-66_report-21-04-2023_cd28114850b9.pdf"", ""raw_built"": ""MAN-B&W 2015 TSUNEISHI BWTS ZHOUSHAN"", ""raw_details"": ""6S60ME-C8.2, SS FITTED, SCRUBBER DD READY"", ""printed_date"": ""21/04/2023""}"
2023-04-21,2023-04-21,Bulker Sales,1,YING HAO 03,Panamax,"76,037",,MAN-B&W 2012 HUDONG BWTS,USD 18 M,EU,05/27 02/25 10/25,"5S60MC-C8, SS FITTED, TIER II DD SS","{""stem"": ""2023-04-21_clarksons-platou-hellas-snp-weekly-bulletin-66_report-21-04-2023_cd28114850b9"", ""source_file"": ""2023-04-21_clarksons-platou-hellas-snp-weekly-bulletin-66_report-21-04-2023_cd28114850b9.pdf"", ""raw_built"": ""MAN-B&W 2012 HUDONG BWTS"", ""raw_details"": ""5S60MC-C8, SS FITTED, TIER II DD SS"", ""printed_date"": ""21/04/2023""}"
2023-04-21,2023-04-21,Bulker Sales,1,MONTAUK EAGLE,Supramax,"57,970 57,970",2011,SINOPACIFIC MAN-B&W,LOW/MID 16 M,,10/25 12/24 12/26 USD,"SS DD 6S50MC-C8.2, SS","{""stem"": ""2023-04-21_clarksons-platou-hellas-snp-weekly-bulletin-66_report-21-04-2023_cd28114850b9"", ""source_file"": ""2023-04-21_clarksons-platou-hellas-snp-weekly-bulletin-66_report-21-04-2023_cd28114850b9.pdf"", ""raw_built"": ""2011 SINOPACIFIC MAN-B&W"", ""raw_details"": ""SS DD 6S50MC-C8.2, SS"", ""printed_date"": ""21/04/2023""}"
2023-04-21,2023-04-21,Bulker Sales,1,NEWPORT EAGLE,Supramax,"57,970 57,970",2011,SINOPACIFIC MAN-B&W DAYANG,LOW/MID 16 M EACH,TURKISH,12/26 USD 02/25,"6S50MC-C8.2, SS BWTS FITTED DD","{""stem"": ""2023-04-21_clarksons-platou-hellas-snp-weekly-bulletin-66_report-21-04-2023_cd28114850b9"", ""source_file"": ""2023-04-21_clarksons-platou-hellas-snp-weekly-bulletin-66_report-21-04-2023_cd28114850b9.pdf"", ""raw_built"": ""2011 SINOPACIFIC MAN-B&W DAYANG"", ""raw_details"": ""6S50MC-C8.2, SS BWTS FITTED DD"", ""printed_date"": ""21/04/2023""}"
2023-04-21,2023-04-21,Bulker Sales,1,SANKATY EAGLE,Supramax,"57,970",,,,,04/26 07/24,SS DD,"{""stem"": ""2023-04-21_clarksons-platou-hellas-snp-weekly-bulletin-66_report-21-04-2023_cd28114850b9"", ""source_file"": ""2023-04-21_clarksons-platou-hellas-snp-weekly-bulletin-66_report-21-04-2023_cd28114850b9.pdf"", ""raw_built"": """", ""raw_details"": ""SS DD"", ""printed_date"": ""21/04/2023""}"
2023-04-21,2023-04-21,Bulker Sales,1,NORD SETOUCHI,Handysize,"28,204",,MAN B. 2010 IMABARI,USD 11.5 M,INDONESIANS,12/25 11/23,"& W. 6S42MC7.2, SS BWTS FITTED DD","{""stem"": ""2023-04-21_clarksons-platou-hellas-snp-weekly-bulletin-66_report-21-04-2023_cd28114850b9"", ""source_file"": ""2023-04-21_clarksons-platou-hellas-snp-weekly-bulletin-66_report-21-04-2023_cd28114850b9.pdf"", ""raw_built"": ""MAN B. 2010 IMABARI"", ""raw_details"": ""& W. 6S42MC7.2, SS BWTS FITTED DD"", ""printed_date"": ""21/04/2023""}"
2023-04-21,2023-04-21,Tanker Sales,1,HAFNIA RHINE,Panamax,"76,564",,"MAN B. 2008 DALIAN CPP, MAN B.",USD 26.5 M,EU,03/28 03/26 02/24,"& W. 6S60MC6.1, SS BWTS FITTED DD & W. 6S60MC6.1, SS","{""stem"": ""2023-04-21_clarksons-platou-hellas-snp-weekly-bulletin-66_report-21-04-2023_cd28114850b9"", ""source_file"": ""2023-04-21_clarksons-platou-hellas-snp-weekly-bulletin-66_report-21-04-2023_cd28114850b9.pdf"", ""raw_built"": ""MAN B. 2008 DALIAN CPP, MAN B."", ""raw_details"": ""& W. 6S60MC6.1, SS BWTS FITTED DD & W. 6S60MC6.1, SS"", ""printed_date"": ""21/04/2023""}"
2023-04-21,2023-04-21,Tanker Sales,1,SAUGER,Panamax,"72,652",,MAN B. 2004 SAMSUNG 2005 SHIN,USD 18.5 M,TURKISH,02/24 02/24 08/25,"& W. 6S60MC6.1, SS CPP, BWTS DUE DD MITSUBISHI 6UEC60LA, SS","{""stem"": ""2023-04-21_clarksons-platou-hellas-snp-weekly-bulletin-66_report-21-04-2023_cd28114850b9"", ""source_file"": ""2023-04-21_clarksons-platou-hellas-snp-weekly-bulletin-66_report-21-04-2023_cd28114850b9.pdf"", ""raw_built"": ""MAN B. 2004 SAMSUNG 2005 SHIN"", ""raw_details"": ""& W. 6S60MC6.1, SS CPP, BWTS DUE DD MITSUBISHI 6UEC60LA, SS"", ""printed_date"": ""21/04/2023""}"
2023-04-21,2023-04-21,Tanker Sales,1,ODORI,MR,"45,897",2005,SHIN KURUSHIMA 4,USD 20 M,U/D,08/25 RGN 09/23,"MITSUBISHI 6UEC60LA, SS PUMPS, BWTS FITTED DD","{""stem"": ""2023-04-21_clarksons-platou-hellas-snp-weekly-bulletin-66_report-21-04-2023_cd28114850b9"", ""source_file"": ""2023-04-21_clarksons-platou-hellas-snp-weekly-bulletin-66_report-21-04-2023_cd28114850b9.pdf"", ""raw_built"": ""2005 SHIN KURUSHIMA 4"", ""raw_details"": ""MITSUBISHI 6UEC60LA, SS PUMPS, BWTS FITTED DD"", ""printed_date"": ""21/04/2023""}"
2023-04-28,2023-04-28,Bulker Sales,1,DL IVY,Kamsarmax,"81,805",2012,JIANGSU MAN B. Tier EASTERN,USD 17 M,TURKISH,09/27 RGN 02/26,"& W. 6S60MC-C8.1 SS II, BWTS Fitted DD","{""stem"": ""2023-04-28_clarksons-platou-hellas-snp-weekly-bulletin-67_report-28-04-2023_ac6dcbdc87d9"", ""source_file"": ""2023-04-28_clarksons-platou-hellas-snp-weekly-bulletin-67_report-28-04-2023_ac6dcbdc87d9.pdf"", ""raw_built"": ""2012 JIANGSU MAN B. Tier EASTERN"", ""raw_details"": ""& W. 6S60MC-C8.1 SS II, BWTS Fitted DD"", ""printed_date"": ""28/04/2023""}"
2023-04-28,2023-04-28,Bulker Sales,1,PALMA BULKER,Panamax,"75,843",2009,TSUNEISHI MAN B. ZOSEN,USD 18 M,GREEKS,01/24 RGN 01/24,& W. 6S60MC6.2 SS BWTS Fitted DD,"{""stem"": ""2023-04-28_clarksons-platou-hellas-snp-weekly-bulletin-67_report-28-04-2023_ac6dcbdc87d9"", ""source_file"": ""2023-04-28_clarksons-platou-hellas-snp-weekly-bulletin-67_report-28-04-2023_ac6dcbdc87d9.pdf"", ""raw_built"": ""2009 TSUNEISHI MAN B. ZOSEN"", ""raw_details"": ""& W. 6S60MC6.2 SS BWTS Fitted DD"", ""printed_date"": ""28/04/2023""}"
2023-04-28,2023-04-28,Bulker Sales,1,OREN,Supramax,"56,877",2010,SINOTRANS & MAN B. CSC JIANGDONG 4 x,USD 13 M,CHINESE,09/25 LOW 07/23,"& W. 6S50MC-C8.2 SS 30 T, BWTS Fitted DD","{""stem"": ""2023-04-28_clarksons-platou-hellas-snp-weekly-bulletin-67_report-28-04-2023_ac6dcbdc87d9"", ""source_file"": ""2023-04-28_clarksons-platou-hellas-snp-weekly-bulletin-67_report-28-04-2023_ac6dcbdc87d9.pdf"", ""raw_built"": ""2010 SINOTRANS & MAN B. CSC JIANGDONG 4 x"", ""raw_details"": ""& W. 6S50MC-C8.2 SS 30 T, BWTS Fitted DD"", ""printed_date"": ""28/04/2023""}"
2023-04-28,2023-04-28,Bulker Sales,1,KITAKAMI,Supramax,"55,668",,MAN B. 2009 MITSUI 4 x MAN B.,USD 15.5 M,NORWEGIANS,03/27 06/25,"& W. 6S50MC-C8.2 SS 30 T, BWTS Fitted DD & W. 5S50MC-C8.2","{""stem"": ""2023-04-28_clarksons-platou-hellas-snp-weekly-bulletin-67_report-28-04-2023_ac6dcbdc87d9"", ""source_file"": ""2023-04-28_clarksons-platou-hellas-snp-weekly-bulletin-67_report-28-04-2023_ac6dcbdc87d9.pdf"", ""raw_built"": ""MAN B. 2009 MITSUI 4 x MAN B."", ""raw_details"": ""& W. 6S50MC-C8.2 SS 30 T, BWTS Fitted DD & W. 5S50MC-C8.2"", ""printed_date"": ""28/04/2023""}"
2023-04-28,2023-04-28,Bulker Sales,1,VOGE JULIE,Handysize,"35,853",,MAN B. 2011 QIDONG Ice Class DAODA MARINE,USD 13.3 M,U/D,12/26 01/25,"& W. 5S50MC-C8.2 SS 1C, Tier II, 4 x 30 T DD BWTS Fitted","{""stem"": ""2023-04-28_clarksons-platou-hellas-snp-weekly-bulletin-67_report-28-04-2023_ac6dcbdc87d9"", ""source_file"": ""2023-04-28_clarksons-platou-hellas-snp-weekly-bulletin-67_report-28-04-2023_ac6dcbdc87d9.pdf"", ""raw_built"": ""MAN B. 2011 QIDONG Ice Class DAODA MARINE"", ""raw_details"": ""& W. 5S50MC-C8.2 SS 1C, Tier II, 4 x 30 T DD BWTS Fitted"", ""printed_date"": ""28/04/2023""}"
2023-04-28,2023-04-28,Bulker Sales,1,J HARMONY,Handysize,"28,398",,MAN B. 2009 IMABARI 4 x,USD 10.5 M,VIETNAMESE,06/24 06/24,"& W. 6S42MC7.1 SS 30 T, BWTS Fitted DD","{""stem"": ""2023-04-28_clarksons-platou-hellas-snp-weekly-bulletin-67_report-28-04-2023_ac6dcbdc87d9"", ""source_file"": ""2023-04-28_clarksons-platou-hellas-snp-weekly-bulletin-67_report-28-04-2023_ac6dcbdc87d9.pdf"", ""raw_built"": ""MAN B. 2009 IMABARI 4 x"", ""raw_details"": ""& W. 6S42MC7.1 SS 30 T, BWTS Fitted DD"", ""printed_date"": ""28/04/2023""}"
2023-04-28,2023-04-28,Tanker Sales,1,JAG LAVANYA,Aframax,"105,010",,MAN 2004 SAMSUNG HI CAP MAN,USD 25.7 M,CHINESE,05/27 05/25 04/25,"B. & W. 6S60MC6.1 SS 1, BWTS Due DD B. & W. 6S50MC6.1 SS","{""stem"": ""2023-04-28_clarksons-platou-hellas-snp-weekly-bulletin-67_report-28-04-2023_ac6dcbdc87d9"", ""source_file"": ""2023-04-28_clarksons-platou-hellas-snp-weekly-bulletin-67_report-28-04-2023_ac6dcbdc87d9.pdf"", ""raw_built"": ""MAN 2004 SAMSUNG HI CAP MAN"", ""raw_details"": ""B. & W. 6S60MC6.1 SS 1, BWTS Due DD B. & W. 6S50MC6.1 SS"", ""printed_date"": ""28/04/2023""}"
2023-04-28,2023-04-28,Tanker Sales,1,BAHRI JASMINE,MR,"49,000",,MAN 2005 DSME 12,USD 18.3 M MIDDLE,EASTERNS,04/25 07/23,"B. & W. 6S50MC6.1 SS Pumps, BWTS Fitted DD MAN 6L48/60B","{""stem"": ""2023-04-28_clarksons-platou-hellas-snp-weekly-bulletin-67_report-28-04-2023_ac6dcbdc87d9"", ""source_file"": ""2023-04-28_clarksons-platou-hellas-snp-weekly-bulletin-67_report-28-04-2023_ac6dcbdc87d9.pdf"", ""raw_built"": ""MAN 2005 DSME 12"", ""raw_details"": ""B. & W. 6S50MC6.1 SS Pumps, BWTS Fitted DD MAN 6L48/60B"", ""printed_date"": ""28/04/2023""}"
2023-04-28,2023-04-28,Tanker Sales,1,BRO AGNES,Handysize,"16,791",2008,YARDIMCI DENIZ BWTS,USD 15 M,U/D,06/23 RGN 06/23,"CPP, 12 Pumps SS Due (equipment DD included in price)","{""stem"": ""2023-04-28_clarksons-platou-hellas-snp-weekly-bulletin-67_report-28-04-2023_ac6dcbdc87d9"", ""source_file"": ""2023-04-28_clarksons-platou-hellas-snp-weekly-bulletin-67_report-28-04-2023_ac6dcbdc87d9.pdf"", ""raw_built"": ""2008 YARDIMCI DENIZ BWTS"", ""raw_details"": ""CPP, 12 Pumps SS Due (equipment DD included in price)"", ""printed_date"": ""28/04/2023""}"
2023-05-05,2023-05-05,Bulker Sales,1,VOKARIA,Ultramax,"63,614",,MAN B. 2020 COSCO (YANGZHOU) Scrubber,LOW-MID S. USD 30s M,KOREA BASED,03/25 03/25,& W. 5S60ME-C8.5 SS 4 x 30 T DD & BWTS Fitted,"{""stem"": ""2023-05-05_clarksons-platou-hellas-snp-weekly-bulletin-68_report-05-05-2023_60de3a76cb32"", ""source_file"": ""2023-05-05_clarksons-platou-hellas-snp-weekly-bulletin-68_report-05-05-2023_60de3a76cb32.pdf"", ""raw_built"": ""MAN B. 2020 COSCO (YANGZHOU) Scrubber"", ""raw_details"": ""& W. 5S60ME-C8.5 SS 4 x 30 T DD & BWTS Fitted"", ""printed_date"": ""05/05/2023""}"
2023-05-05,2023-05-05,Bulker Sales,1,MOUNT ATHOS,Ultramax,"63,155",2014,JIANGSU NEW MAN B. HANTONG 4 x,USD 25 M,MIDDLE EASTERNS,02/24 RGN 02/24,"& W. 5G60ME-C9.2 SS 35 T, BWTS Fitted DD","{""stem"": ""2023-05-05_clarksons-platou-hellas-snp-weekly-bulletin-68_report-05-05-2023_60de3a76cb32"", ""source_file"": ""2023-05-05_clarksons-platou-hellas-snp-weekly-bulletin-68_report-05-05-2023_60de3a76cb32.pdf"", ""raw_built"": ""2014 JIANGSU NEW MAN B. HANTONG 4 x"", ""raw_details"": ""& W. 5G60ME-C9.2 SS 35 T, BWTS Fitted DD"", ""printed_date"": ""05/05/2023""}"
2023-05-05,2023-05-05,Bulker Sales,1,ITHACA STOCKHOLM,Handysize,"35,052",2010,"NANTONG MAN B. JINGHUA 4 x 30 T, MAN B.",USD 11 M,INDIANS,07/25 07/25 11/25,"& W. 6S50MC-C8.2 SS Logs, BWTS Fitted DD & W. 6S35MC7.2 SS","{""stem"": ""2023-05-05_clarksons-platou-hellas-snp-weekly-bulletin-68_report-05-05-2023_60de3a76cb32"", ""source_file"": ""2023-05-05_clarksons-platou-hellas-snp-weekly-bulletin-68_report-05-05-2023_60de3a76cb32.pdf"", ""raw_built"": ""2010 NANTONG MAN B. JINGHUA 4 x 30 T, MAN B."", ""raw_details"": ""& W. 6S50MC-C8.2 SS Logs, BWTS Fitted DD & W. 6S35MC7.2 SS"", ""printed_date"": ""05/05/2023""}"
2023-05-05,2023-05-05,Bulker Sales,1,MARDINIK,Handysize,"33,918",,MAN B. 2011 21ST CENTURY 4 x,USD 14.4 M,SYRIANS,11/25 10/23,"& W. 6S35MC7.2 SS 30 T, BWTS Fitted DD","{""stem"": ""2023-05-05_clarksons-platou-hellas-snp-weekly-bulletin-68_report-05-05-2023_60de3a76cb32"", ""source_file"": ""2023-05-05_clarksons-platou-hellas-snp-weekly-bulletin-68_report-05-05-2023_60de3a76cb32.pdf"", ""raw_built"": ""MAN B. 2011 21ST CENTURY 4 x"", ""raw_details"": ""& W. 6S35MC7.2 SS 30 T, BWTS Fitted DD"", ""printed_date"": ""05/05/2023""}"
2023-05-05,2023-05-05,Tanker Sales,1,PS PISA,Aframax,"108,835",2010,"HUDONG MAN ZHONGHUA LR2,",USD 36.5 M,MIDDLE EASTERNS,03/25 03/25,"B. & W. 7S60MC6.2 SS DPP, BWTS Fitted DD","{""stem"": ""2023-05-05_clarksons-platou-hellas-snp-weekly-bulletin-68_report-05-05-2023_60de3a76cb32"", ""source_file"": ""2023-05-05_clarksons-platou-hellas-snp-weekly-bulletin-68_report-05-05-2023_60de3a76cb32.pdf"", ""raw_built"": ""2010 HUDONG MAN ZHONGHUA LR2,"", ""raw_details"": ""B. & W. 7S60MC6.2 SS DPP, BWTS Fitted DD"", ""printed_date"": ""05/05/2023""}"
2023-05-12,2023-05-12,Bulker Sales,1,FPMC B 103,Kamsarmax,"106,661",,MAN B. 2011 STX (DALIAN) Scrubber MAN B.,24.85 M FAR,EASTERNS,11/26 USD 09/24 02/26,& W. 6S60MC-C7.2 SS & BWTS Fitted DD & W. 7S50MC6.2 SS,"{""stem"": ""2023-05-12_clarksons-platou-hellas-snp-weekly-bulletin-69_report-12-05-2023_c4a42e611d08"", ""source_file"": ""2023-05-12_clarksons-platou-hellas-snp-weekly-bulletin-69_report-12-05-2023_c4a42e611d08.pdf"", ""raw_built"": ""MAN B. 2011 STX (DALIAN) Scrubber MAN B."", ""raw_details"": ""& W. 6S60MC-C7.2 SS & BWTS Fitted DD & W. 7S50MC6.2 SS"", ""printed_date"": ""12/05/2023""}"
2023-05-12,2023-05-12,Bulker Sales,1,ULTRA PANACHE,Panamax,"78,450",,MAN B. 2011 SANOYAS,20 M NET,GREEKS,02/26 USD 01/24,& W. 7S50MC6.2 SS BWTS Fitted DD,"{""stem"": ""2023-05-12_clarksons-platou-hellas-snp-weekly-bulletin-69_report-12-05-2023_c4a42e611d08"", ""source_file"": ""2023-05-12_clarksons-platou-hellas-snp-weekly-bulletin-69_report-12-05-2023_c4a42e611d08.pdf"", ""raw_built"": ""MAN B. 2011 SANOYAS"", ""raw_details"": ""& W. 7S50MC6.2 SS BWTS Fitted DD"", ""printed_date"": ""12/05/2023""}"
2023-05-12,2023-05-12,Bulker Sales,1,BULK ELECTRA,Ultramax,"66,604",,MAN B. 2015 MITSUI 4 x,(Basis delivery Sept-Oct 2023),U/D,12/25 11/23,"& W. 7S50ME-B9.3 SS 30 T, BWTS Fitted DD","{""stem"": ""2023-05-12_clarksons-platou-hellas-snp-weekly-bulletin-69_report-12-05-2023_c4a42e611d08"", ""source_file"": ""2023-05-12_clarksons-platou-hellas-snp-weekly-bulletin-69_report-12-05-2023_c4a42e611d08.pdf"", ""raw_built"": ""MAN B. 2015 MITSUI 4 x"", ""raw_details"": ""& W. 7S50ME-B9.3 SS 30 T, BWTS Fitted DD"", ""printed_date"": ""12/05/2023""}"
2023-05-12,2023-05-12,Bulker Sales,1,SIMGE AKSOY,Supramax,"53,393",2006,SHANGHAI MAN B. CHENGXI 4 x,USD 11 M,CHINESE,08/26 09/24,"& W. 6S50MC-C8.1 SS 36 T, BWTS Fitted DD","{""stem"": ""2023-05-12_clarksons-platou-hellas-snp-weekly-bulletin-69_report-12-05-2023_c4a42e611d08"", ""source_file"": ""2023-05-12_clarksons-platou-hellas-snp-weekly-bulletin-69_report-12-05-2023_c4a42e611d08.pdf"", ""raw_built"": ""2006 SHANGHAI MAN B. CHENGXI 4 x"", ""raw_details"": ""& W. 6S50MC-C8.1 SS 36 T, BWTS Fitted DD"", ""printed_date"": ""12/05/2023""}"
2023-05-12,2023-05-12,Tanker Sales,1,MTM HUDSON,MR,"51,318",,MAN B. 2004 STX (JINHAE) 14 MAN,USD 18 M,U/D,06/24 XS 06/24 01/24,"& W. 6S50MC-C8.1 SS Pumps, BWTS Fitted DD B. & W. 6S50MC6.1 SS","{""stem"": ""2023-05-12_clarksons-platou-hellas-snp-weekly-bulletin-69_report-12-05-2023_c4a42e611d08"", ""source_file"": ""2023-05-12_clarksons-platou-hellas-snp-weekly-bulletin-69_report-12-05-2023_c4a42e611d08.pdf"", ""raw_built"": ""MAN B. 2004 STX (JINHAE) 14 MAN"", ""raw_details"": ""& W. 6S50MC-C8.1 SS Pumps, BWTS Fitted DD B. & W. 6S50MC6.1 SS"", ""printed_date"": ""12/05/2023""}"
2023-05-12,2023-05-12,Tanker Sales,1,SYMPHONY,MR,"46,248",,MAN 2004 STX (JINHAE) 12 MAN B.,USD 17.55 M,U/D,01/24 01/24 SS/DD,"B. & W. 6S50MC6.1 SS Pumps, CPP, CAP 1 DD & W. 6S50MC6.112","{""stem"": ""2023-05-12_clarksons-platou-hellas-snp-weekly-bulletin-69_report-12-05-2023_c4a42e611d08"", ""source_file"": ""2023-05-12_clarksons-platou-hellas-snp-weekly-bulletin-69_report-12-05-2023_c4a42e611d08.pdf"", ""raw_built"": ""MAN 2004 STX (JINHAE) 12 MAN B."", ""raw_details"": ""B. & W. 6S50MC6.1 SS Pumps, CPP, CAP 1 DD & W. 6S50MC6.112"", ""printed_date"": ""12/05/2023""}"
2023-05-12,2023-05-12,Tanker Sales,1,JENNY I,Handysize,"40,128",,MAN B. 2003 HMD,USD 17 M,EUROPEANS,SS/DD Passing Now,"& W. 6S50MC6.112 Pumps, IMO III, BWTS Fitted","{""stem"": ""2023-05-12_clarksons-platou-hellas-snp-weekly-bulletin-69_report-12-05-2023_c4a42e611d08"", ""source_file"": ""2023-05-12_clarksons-platou-hellas-snp-weekly-bulletin-69_report-12-05-2023_c4a42e611d08.pdf"", ""raw_built"": ""MAN B. 2003 HMD"", ""raw_details"": ""& W. 6S50MC6.112 Pumps, IMO III, BWTS Fitted"", ""printed_date"": ""12/05/2023""}"
2023-05-19,2023-05-19,Bulker Sales,1,BAO MAY,Capesize,"178,050",,MAN B. 2010 SWS,USD 25 M,U/D,05/25 LOW 05/25,& W. 6S70MC6.2 SS BWTS Fitted DD,"{""stem"": ""2023-05-19_clarksons-platou-hellas-snp-weekly-bulletin-70_report-19-05-2023_b8e66046c74c"", ""source_file"": ""2023-05-19_clarksons-platou-hellas-snp-weekly-bulletin-70_report-19-05-2023_b8e66046c74c.pdf"", ""raw_built"": ""MAN B. 2010 SWS"", ""raw_details"": ""& W. 6S70MC6.2 SS BWTS Fitted DD"", ""printed_date"": ""19/05/2023""}"
2023-05-19,2023-05-19,Bulker Sales,1,XIN HAN,Kamsarmax,"82,297",2013,DALIAN MAN B. SHIPBUILDING TIER,USD 20 M,GREEKS,05/27 06/24,"& W. 5S60ME-C8.2 SS II, BWTS Fitted DD","{""stem"": ""2023-05-19_clarksons-platou-hellas-snp-weekly-bulletin-70_report-19-05-2023_b8e66046c74c"", ""source_file"": ""2023-05-19_clarksons-platou-hellas-snp-weekly-bulletin-70_report-19-05-2023_b8e66046c74c.pdf"", ""raw_built"": ""2013 DALIAN MAN B. SHIPBUILDING TIER"", ""raw_details"": ""& W. 5S60ME-C8.2 SS II, BWTS Fitted DD"", ""printed_date"": ""19/05/2023""}"
2023-05-19,2023-05-19,Bulker Sales,1,HONG CHENG,Panamax,"75,081",2011,JINGLU MAN B. SHIPYARD,USD 17.2 M,GREEKS,10/26 12/24,& W. 5S60MC-C7.1 SS BWTS Fitted DD,"{""stem"": ""2023-05-19_clarksons-platou-hellas-snp-weekly-bulletin-70_report-19-05-2023_b8e66046c74c"", ""source_file"": ""2023-05-19_clarksons-platou-hellas-snp-weekly-bulletin-70_report-19-05-2023_b8e66046c74c.pdf"", ""raw_built"": ""2011 JINGLU MAN B. SHIPYARD"", ""raw_details"": ""& W. 5S60MC-C7.1 SS BWTS Fitted DD"", ""printed_date"": ""19/05/2023""}"
2023-05-19,2023-05-19,Bulker Sales,1,PACIFIC ISLAND,Handysize,"38,218",2012,SHIMANAMI MAN B. SHIPYARD 4 x,USD 18.3 M,U/D,11/25 11/23,"& W. 6S46MC-C7.2 SS 30 T, BWTS Fitted DD","{""stem"": ""2023-05-19_clarksons-platou-hellas-snp-weekly-bulletin-70_report-19-05-2023_b8e66046c74c"", ""source_file"": ""2023-05-19_clarksons-platou-hellas-snp-weekly-bulletin-70_report-19-05-2023_b8e66046c74c.pdf"", ""raw_built"": ""2012 SHIMANAMI MAN B. SHIPYARD 4 x"", ""raw_details"": ""& W. 6S46MC-C7.2 SS 30 T, BWTS Fitted DD"", ""printed_date"": ""19/05/2023""}"
2023-05-19,2023-05-19,Tanker Sales,1,SOUTHERN GLORY,Aframax,"108,411",,MAN 2019 TSUNEISHI ZOSEN SCRUBBER,USD 66 M,SINGAPORE BASED,06/27 HIGH 10/24,B.&W. 6G60ME-C9.5 SS & BWTS Fitted DD,"{""stem"": ""2023-05-19_clarksons-platou-hellas-snp-weekly-bulletin-70_report-19-05-2023_b8e66046c74c"", ""source_file"": ""2023-05-19_clarksons-platou-hellas-snp-weekly-bulletin-70_report-19-05-2023_b8e66046c74c.pdf"", ""raw_built"": ""MAN 2019 TSUNEISHI ZOSEN SCRUBBER"", ""raw_details"": ""B.&W. 6G60ME-C9.5 SS & BWTS Fitted DD"", ""printed_date"": ""19/05/2023""}"
2023-05-19,2023-05-19,Tanker Sales,1,AMPLEFORTH,Aframax,"108,912",,"MAN B. 2008 SWS DPP,",USD 37 M,U/D,08/24 RGN 08/23 03/25,& W. 6S60MC-C7.1 SS BWTS (on order) DD SULZER 7RTA62 SS,"{""stem"": ""2023-05-19_clarksons-platou-hellas-snp-weekly-bulletin-70_report-19-05-2023_b8e66046c74c"", ""source_file"": ""2023-05-19_clarksons-platou-hellas-snp-weekly-bulletin-70_report-19-05-2023_b8e66046c74c.pdf"", ""raw_built"": ""MAN B. 2008 SWS DPP,"", ""raw_details"": ""& W. 6S60MC-C7.1 SS BWTS (on order) DD SULZER 7RTA62 SS"", ""printed_date"": ""19/05/2023""}"
2023-05-19,2023-05-19,Tanker Sales,1,AFRAMAX RIVIERA,Aframax,"107,113",2005,KOYO DOCK,USD 36.5 M UAE,BASED,03/25 06/23,SULZER 7RTA62 SS BWTS Fitted DD,"{""stem"": ""2023-05-19_clarksons-platou-hellas-snp-weekly-bulletin-70_report-19-05-2023_b8e66046c74c"", ""source_file"": ""2023-05-19_clarksons-platou-hellas-snp-weekly-bulletin-70_report-19-05-2023_b8e66046c74c.pdf"", ""raw_built"": ""2005 KOYO DOCK"", ""raw_details"": ""SULZER 7RTA62 SS BWTS Fitted DD"", ""printed_date"": ""19/05/2023""}"
2023-05-26,2023-05-26,Bulker Sales,1,TAURUS CONFIDENCE,Ultramax,"63,500 63,153",,MAN B. 2018 NEW DAYANG 4 x MAN B. 2018 NEW DAYANG,USD 28 M (DELY Q4),EUROPEAN,11/13 11/23 MID EACH 11/23,"& W. 5S60ME-C8.1, SS 30 T, BWTS fitted DD & W. 5S60ME-C8.1, SS","{""stem"": ""2023-05-26_clarksons-platou-hellas-snp-weekly-bulletin-71_report-26-05-2023_611f6a0e2ea8"", ""source_file"": ""2023-05-26_clarksons-platou-hellas-snp-weekly-bulletin-71_report-26-05-2023_611f6a0e2ea8.pdf"", ""raw_built"": ""MAN B. 2018 NEW DAYANG 4 x MAN B. 2018 NEW DAYANG"", ""raw_details"": ""& W. 5S60ME-C8.1, SS 30 T, BWTS fitted DD & W. 5S60ME-C8.1, SS"", ""printed_date"": ""26/05/2023""}"
2023-05-26,2023-05-26,Bulker Sales,1,ARIES CONFIDENCE,Ultramax,"63,153",,MAN B. 2018 NEW DAYANG 4 x,(DELY Q4),EUROPEAN,EACH 11/23 DD11/23,"& W. 5S60ME-C8.1, SS 30 T , BWTS fitted","{""stem"": ""2023-05-26_clarksons-platou-hellas-snp-weekly-bulletin-71_report-26-05-2023_611f6a0e2ea8"", ""source_file"": ""2023-05-26_clarksons-platou-hellas-snp-weekly-bulletin-71_report-26-05-2023_611f6a0e2ea8.pdf"", ""raw_built"": ""MAN B. 2018 NEW DAYANG 4 x"", ""raw_details"": ""& W. 5S60ME-C8.1, SS 30 T , BWTS fitted"", ""printed_date"": ""26/05/2023""}"
2023-05-26,2023-05-26,Bulker Sales,1,RHL JULIA,Supramax,"55,701",,MAN B. 2009 MITSUI 4 x Mitsubishi,USD 15 M,EUROPEAN,11/24 HIGH 11/24 09/23,"& W. 6S50MC-C8.2, SS 30 T , BWTS fitted DD 6UEC52LA, SS","{""stem"": ""2023-05-26_clarksons-platou-hellas-snp-weekly-bulletin-71_report-26-05-2023_611f6a0e2ea8"", ""source_file"": ""2023-05-26_clarksons-platou-hellas-snp-weekly-bulletin-71_report-26-05-2023_611f6a0e2ea8.pdf"", ""raw_built"": ""MAN B. 2009 MITSUI 4 x Mitsubishi"", ""raw_details"": ""& W. 6S50MC-C8.2, SS 30 T , BWTS fitted DD 6UEC52LA, SS"", ""printed_date"": ""26/05/2023""}"
2023-05-26,2023-05-26,Bulker Sales,1,ALICE STAR,Handysize,"32,029",,Mitsubishi 2008 HAKODATE 4 x 30,USD 12 M,U/D,09/23 LOW 09/23,"6UEC52LA, SS T , BWTS included DD","{""stem"": ""2023-05-26_clarksons-platou-hellas-snp-weekly-bulletin-71_report-26-05-2023_611f6a0e2ea8"", ""source_file"": ""2023-05-26_clarksons-platou-hellas-snp-weekly-bulletin-71_report-26-05-2023_611f6a0e2ea8.pdf"", ""raw_built"": ""Mitsubishi 2008 HAKODATE 4 x 30"", ""raw_details"": ""6UEC52LA, SS T , BWTS included DD"", ""printed_date"": ""26/05/2023""}"
2023-05-26,2023-05-26,Tanker Sales,1,AGAPE SOUL,Suezmax,"159,165",,MAN B. 2001 DAEWOO MAN,USD 30 M,U/D,01/26 RGN 08/24,"& W. 6S70MC6.1, SS BWTS fitted DD B. & W. 6G60ME-","{""stem"": ""2023-05-26_clarksons-platou-hellas-snp-weekly-bulletin-71_report-26-05-2023_611f6a0e2ea8"", ""source_file"": ""2023-05-26_clarksons-platou-hellas-snp-weekly-bulletin-71_report-26-05-2023_611f6a0e2ea8.pdf"", ""raw_built"": ""MAN B. 2001 DAEWOO MAN"", ""raw_details"": ""& W. 6S70MC6.1, SS BWTS fitted DD B. & W. 6G60ME-"", ""printed_date"": ""26/05/2023""}"
2023-05-26,2023-05-26,Tanker Sales,1,SPERCHIOS,Aframax,"114,516",,"MAN 2018 NAMURA C9.5,",USD 68 M,MIDDLE EASTERNS,02/28 08/25,"B. & W. 6G60ME- SS BWTS fitted, DD SCRUBBER fitted","{""stem"": ""2023-05-26_clarksons-platou-hellas-snp-weekly-bulletin-71_report-26-05-2023_611f6a0e2ea8"", ""source_file"": ""2023-05-26_clarksons-platou-hellas-snp-weekly-bulletin-71_report-26-05-2023_611f6a0e2ea8.pdf"", ""raw_built"": ""MAN 2018 NAMURA C9.5,"", ""raw_details"": ""B. & W. 6G60ME- SS BWTS fitted, DD SCRUBBER fitted"", ""printed_date"": ""26/05/2023""}"
2023-05-26,2023-05-26,Tanker Sales,1,EASTERN QUINCE,Handysize,"41,340",2009,SLS MAN,USD 21 M,CHINESE,05/24 05/24,SS B. & W. 6S50MC6.1 DD,"{""stem"": ""2023-05-26_clarksons-platou-hellas-snp-weekly-bulletin-71_report-26-05-2023_611f6a0e2ea8"", ""source_file"": ""2023-05-26_clarksons-platou-hellas-snp-weekly-bulletin-71_report-26-05-2023_611f6a0e2ea8.pdf"", ""raw_built"": ""2009 SLS MAN"", ""raw_details"": ""SS B. & W. 6S50MC6.1 DD"", ""printed_date"": ""26/05/2023""}"
2023-06-02,2023-06-02,Bulker Sales,1,SEA PROTEUS,Kamsarmax,81762,2013,WUHU XINLIAN,USD 70.5 M,,SS 07/23 DD 07/23,MAN-B&W 5S60ME-C7.2 BWTS fitted,"{""stem"": ""2023-06-02_clarksons-platou-hellas-snp-weekly-bulletin-72_report-02-06-2023_7143eb483b0b"", ""source_file"": ""2023-06-02_clarksons-platou-hellas-snp-weekly-bulletin-72_report-02-06-2023_7143eb483b0b.pdf"", ""raw_built"": ""2013 WUHU XINLIAN"", ""raw_details"": ""MAN-B&W 5S60ME-C7.2 BWTS fitted"", ""printed_date"": ""02/06/2023""}"
2023-06-02,2023-06-02,Bulker Sales,1,SEA PLUTO,Kamsarmax,81007,2013,NEW CENTURY,USD 70.5 M (En Bloc),U/D,SS 11/23 DD 11/23,MAN-B&W 5S60MC-C8.2,"{""stem"": ""2023-06-02_clarksons-platou-hellas-snp-weekly-bulletin-72_report-02-06-2023_7143eb483b0b"", ""source_file"": ""2023-06-02_clarksons-platou-hellas-snp-weekly-bulletin-72_report-02-06-2023_7143eb483b0b.pdf"", ""raw_built"": ""2013 NEW CENTURY"", ""raw_details"": ""MAN-B&W 5S60MC-C8.2"", ""printed_date"": ""02/06/2023""}"
2023-06-02,2023-06-02,Bulker Sales,1,SEA VENUS,Kamsarmax,80888,2013,NEW CENTURY,(En Bloc),,DD 11/23 SS 10/23 DD 10/23,MAN-B&W 5S60MC-C8.2,"{""stem"": ""2023-06-02_clarksons-platou-hellas-snp-weekly-bulletin-72_report-02-06-2023_7143eb483b0b"", ""source_file"": ""2023-06-02_clarksons-platou-hellas-snp-weekly-bulletin-72_report-02-06-2023_7143eb483b0b.pdf"", ""raw_built"": ""2013 NEW CENTURY"", ""raw_details"": ""MAN-B&W 5S60MC-C8.2"", ""printed_date"": ""02/06/2023""}"
2023-06-02,2023-06-02,Bulker Sales,1,ARTEMIS A,Supramax,56441,2011,SINOTRANS,USD 16.7 M,TURKISH,SS 03/27 DD 01/26,"MAN-B&W 6S50MC-C8.2 4 x 35T, BWTS fitted","{""stem"": ""2023-06-02_clarksons-platou-hellas-snp-weekly-bulletin-72_report-02-06-2023_7143eb483b0b"", ""source_file"": ""2023-06-02_clarksons-platou-hellas-snp-weekly-bulletin-72_report-02-06-2023_7143eb483b0b.pdf"", ""raw_built"": ""2011 SINOTRANS"", ""raw_details"": ""MAN-B&W 6S50MC-C8.2 4 x 35T, BWTS fitted"", ""printed_date"": ""02/06/2023""}"
2023-06-02,2023-06-02,Bulker Sales,1,YANGTZE OASIS,Handysize,34306,2013,NANTONG HUIGANG,HIGH USD 13 M,U/D,SS 01/27 DD 01/25,"MAN-B&W 6S46MC-C7.2 4 x 30T, BWTS fitted","{""stem"": ""2023-06-02_clarksons-platou-hellas-snp-weekly-bulletin-72_report-02-06-2023_7143eb483b0b"", ""source_file"": ""2023-06-02_clarksons-platou-hellas-snp-weekly-bulletin-72_report-02-06-2023_7143eb483b0b.pdf"", ""raw_built"": ""2013 NANTONG HUIGANG"", ""raw_details"": ""MAN-B&W 6S46MC-C7.2 4 x 30T, BWTS fitted"", ""printed_date"": ""02/06/2023""}"
2023-06-02,2023-06-02,Tanker Sales,1,MARIA P. LEMOS,VLCC,319191,2018,HHI MAN,USD 94.5 M (Delivery Q3),NORWEGIAN S (c/o DHT),SS 10/23 DD 10/23 SS 01/24,MAN-B&W 7G80ME-C9.5 SCRUBBER & BWTS fitted B. & W. 6S60MC6.1,"{""stem"": ""2023-06-02_clarksons-platou-hellas-snp-weekly-bulletin-72_report-02-06-2023_7143eb483b0b"", ""source_file"": ""2023-06-02_clarksons-platou-hellas-snp-weekly-bulletin-72_report-02-06-2023_7143eb483b0b.pdf"", ""raw_built"": ""2018 HHI MAN"", ""raw_details"": ""MAN-B&W 7G80ME-C9.5 SCRUBBER & BWTS fitted B. & W. 6S60MC6.1"", ""printed_date"": ""02/06/2023""}"
2023-06-02,2023-06-02,Tanker Sales,1,AMAZON BEAUTY,Panamax,72910,,MAN 2004 HHI,RGN USD 19.4 M,U/D,SS 01/24 DD 01/24,"B. & W. 6S60MC6.1 CAP1, CPP","{""stem"": ""2023-06-02_clarksons-platou-hellas-snp-weekly-bulletin-72_report-02-06-2023_7143eb483b0b"", ""source_file"": ""2023-06-02_clarksons-platou-hellas-snp-weekly-bulletin-72_report-02-06-2023_7143eb483b0b.pdf"", ""raw_built"": ""MAN 2004 HHI"", ""raw_details"": ""B. & W. 6S60MC6.1 CAP1, CPP"", ""printed_date"": ""02/06/2023""}"
2023-06-09,2023-06-09,Bulker Sales,1,HERUN ZHOUSHAN,Capesize,"181,056",2017,SHANGHAI MAN B. JIANGNAN,USD 41.5 M,U/D,09/27 01/26,& W. 6G70ME-C9.2 SS BWTS fitted DD,"{""stem"": ""2023-06-09_clarksons-platou-hellas-snp-weekly-bulletin-73_report-09-06-2023_31395cf725cd"", ""source_file"": ""2023-06-09_clarksons-platou-hellas-snp-weekly-bulletin-73_report-09-06-2023_31395cf725cd.pdf"", ""raw_built"": ""2017 SHANGHAI MAN B. JIANGNAN"", ""raw_details"": ""& W. 6G70ME-C9.2 SS BWTS fitted DD"", ""printed_date"": ""09/06/2023""}"
2023-06-09,2023-06-09,Bulker Sales,1,KMARIN SINGAPORE,Ultramax,"63,083",2015,JIANGSU NEW MAN B. HANTONG 4 x,U/D,GREEKS,08/25 08/23,"& W. 5G60ME-C9.2 SS 30 T, BWTS fitted DD","{""stem"": ""2023-06-09_clarksons-platou-hellas-snp-weekly-bulletin-73_report-09-06-2023_31395cf725cd"", ""source_file"": ""2023-06-09_clarksons-platou-hellas-snp-weekly-bulletin-73_report-09-06-2023_31395cf725cd.pdf"", ""raw_built"": ""2015 JIANGSU NEW MAN B. HANTONG 4 x"", ""raw_details"": ""& W. 5G60ME-C9.2 SS 30 T, BWTS fitted DD"", ""printed_date"": ""09/06/2023""}"
2023-06-09,2023-06-09,Bulker Sales,1,VICTORIA T,Ultramax,"61,266",2017,SHIN MAN B. KURUSHIMA 4 X,USD 29 M,U/D,07/27 LOW 01/25,"& W. 6S50ME-B9.3, SS 30 T, BWTS fitted DD","{""stem"": ""2023-06-09_clarksons-platou-hellas-snp-weekly-bulletin-73_report-09-06-2023_31395cf725cd"", ""source_file"": ""2023-06-09_clarksons-platou-hellas-snp-weekly-bulletin-73_report-09-06-2023_31395cf725cd.pdf"", ""raw_built"": ""2017 SHIN MAN B. KURUSHIMA 4 X"", ""raw_details"": ""& W. 6S50ME-B9.3, SS 30 T, BWTS fitted DD"", ""printed_date"": ""09/06/2023""}"
2023-06-09,2023-06-09,Bulker Sales,1,CF DIAMOND,Supramax,"57,700",,MAN B. 2016 TSUNEISHI 4 x30,USD 24 M,U/D,06/26 XS 03/24,"& W. 6S50ME-C8.2, SS T, BWTS fitted DD","{""stem"": ""2023-06-09_clarksons-platou-hellas-snp-weekly-bulletin-73_report-09-06-2023_31395cf725cd"", ""source_file"": ""2023-06-09_clarksons-platou-hellas-snp-weekly-bulletin-73_report-09-06-2023_31395cf725cd.pdf"", ""raw_built"": ""MAN B. 2016 TSUNEISHI 4 x30"", ""raw_details"": ""& W. 6S50ME-C8.2, SS T, BWTS fitted DD"", ""printed_date"": ""09/06/2023""}"
2023-06-09,2023-06-09,Bulker Sales,1,SEASTAR ENDUREANCE,Handysize,"34,290",2011,ZHEJIANG MAN B. JINGANG 4 x30,USD 11.7 M,U/D,09/26 RGN 10/24,"& W. 6S42MC7.2, SS T, BWTS fitted DD","{""stem"": ""2023-06-09_clarksons-platou-hellas-snp-weekly-bulletin-73_report-09-06-2023_31395cf725cd"", ""source_file"": ""2023-06-09_clarksons-platou-hellas-snp-weekly-bulletin-73_report-09-06-2023_31395cf725cd.pdf"", ""raw_built"": ""2011 ZHEJIANG MAN B. JINGANG 4 x30"", ""raw_details"": ""& W. 6S42MC7.2, SS T, BWTS fitted DD"", ""printed_date"": ""09/06/2023""}"
2023-06-09,2023-06-09,Tanker Sales,1,MTM POTOMAC,MR,"51,291",,MAN B. 2004 STX MAN B.,USD 18 M,U/D,11/24 RGN 11/24 02/26,& W. 6S50MC-C8.1 SS BWTS fitted DD & W. 6S50MC-C8.1 SS,"{""stem"": ""2023-06-09_clarksons-platou-hellas-snp-weekly-bulletin-73_report-09-06-2023_31395cf725cd"", ""source_file"": ""2023-06-09_clarksons-platou-hellas-snp-weekly-bulletin-73_report-09-06-2023_31395cf725cd.pdf"", ""raw_built"": ""MAN B. 2004 STX MAN B."", ""raw_details"": ""& W. 6S50MC-C8.1 SS BWTS fitted DD & W. 6S50MC-C8.1 SS"", ""printed_date"": ""09/06/2023""}"
2023-06-09,2023-06-09,Tanker Sales,1,SUPER RUBY,MR,"50,400",,MAN B. 2006 SHINA,USD 21 M,U/D,02/26 RGN 09/24,"& W. 6S50MC-C8.1 SS BWTS fitted, CPP DD","{""stem"": ""2023-06-09_clarksons-platou-hellas-snp-weekly-bulletin-73_report-09-06-2023_31395cf725cd"", ""source_file"": ""2023-06-09_clarksons-platou-hellas-snp-weekly-bulletin-73_report-09-06-2023_31395cf725cd.pdf"", ""raw_built"": ""MAN B. 2006 SHINA"", ""raw_details"": ""& W. 6S50MC-C8.1 SS BWTS fitted, CPP DD"", ""printed_date"": ""09/06/2023""}"
2023-06-16,2023-06-16,Bulker Sales,1,MAGIC TWILIGHT,Kamsarmax,"80,700",,MAN 2010 STX,USD 17.5 M,U/D,04/25 07/23 10/24,"B. & W. 7S50MC- SS C7.1, BWTS fitted DD SS","{""stem"": ""2023-06-16_clarksons-platou-hellas-snp-weekly-bulletin-74_report-16-06-2023_6725be9cd461"", ""source_file"": ""2023-06-16_clarksons-platou-hellas-snp-weekly-bulletin-74_report-16-06-2023_6725be9cd461.pdf"", ""raw_built"": ""MAN 2010 STX"", ""raw_details"": ""B. & W. 7S50MC- SS C7.1, BWTS fitted DD SS"", ""printed_date"": ""16/06/2023""}"
2023-06-16,2023-06-16,Bulker Sales,1,ZHOU SHAN HAI,Supramax,"56,987",,,,,10/24 10/24,SS DD,"{""stem"": ""2023-06-16_clarksons-platou-hellas-snp-weekly-bulletin-74_report-16-06-2023_6725be9cd461"", ""source_file"": ""2023-06-16_clarksons-platou-hellas-snp-weekly-bulletin-74_report-16-06-2023_6725be9cd461.pdf"", ""raw_built"": """", ""raw_details"": ""SS DD"", ""printed_date"": ""16/06/2023""}"
2023-06-16,2023-06-16,Bulker Sales,1,YUAN AN HAI,Supramax,"56,957",2009,COSCO MAN B.,USD 13 M,CHINESE,08/24 08/24 RGN,"SS DD & W. 6S50MC-C8.2,","{""stem"": ""2023-06-16_clarksons-platou-hellas-snp-weekly-bulletin-74_report-16-06-2023_6725be9cd461"", ""source_file"": ""2023-06-16_clarksons-platou-hellas-snp-weekly-bulletin-74_report-16-06-2023_6725be9cd461.pdf"", ""raw_built"": ""2009 COSCO MAN B."", ""raw_details"": ""SS DD & W. 6S50MC-C8.2,"", ""printed_date"": ""16/06/2023""}"
2023-06-16,2023-06-16,Bulker Sales,1,YUAN SHUN HAI,Supramax,"56,956",2009,COSCO MAN B. ZHOUSHAN 4 X,USD 13 M EACH,CHINESE,RGN 08/24 08/24,"& W. 6S50MC-C8.2, 30 T, BWTS fitted SS DD","{""stem"": ""2023-06-16_clarksons-platou-hellas-snp-weekly-bulletin-74_report-16-06-2023_6725be9cd461"", ""source_file"": ""2023-06-16_clarksons-platou-hellas-snp-weekly-bulletin-74_report-16-06-2023_6725be9cd461.pdf"", ""raw_built"": ""2009 COSCO MAN B. ZHOUSHAN 4 X"", ""raw_details"": ""& W. 6S50MC-C8.2, 30 T, BWTS fitted SS DD"", ""printed_date"": ""16/06/2023""}"
2023-06-16,2023-06-16,Bulker Sales,1,JIN ZHOU HAI,Supramax,"56,976",,,,,11/24 11/24,SS DD,"{""stem"": ""2023-06-16_clarksons-platou-hellas-snp-weekly-bulletin-74_report-16-06-2023_6725be9cd461"", ""source_file"": ""2023-06-16_clarksons-platou-hellas-snp-weekly-bulletin-74_report-16-06-2023_6725be9cd461.pdf"", ""raw_built"": """", ""raw_details"": ""SS DD"", ""printed_date"": ""16/06/2023""}"
2023-06-16,2023-06-16,Bulker Sales,1,ARKADIA,Supramax,"56,348 56,348",2012,"HYUNDAI MAN B. 4 X 28 T, VINASHIN",USD 18.8 M,TURKISH,01/27 01/25,"SS DD & W. 7S50MC-C8.2, ICE 1A, BWTS fitted","{""stem"": ""2023-06-16_clarksons-platou-hellas-snp-weekly-bulletin-74_report-16-06-2023_6725be9cd461"", ""source_file"": ""2023-06-16_clarksons-platou-hellas-snp-weekly-bulletin-74_report-16-06-2023_6725be9cd461.pdf"", ""raw_built"": ""2012 HYUNDAI MAN B. 4 X 28 T, VINASHIN"", ""raw_details"": ""SS DD & W. 7S50MC-C8.2, ICE 1A, BWTS fitted"", ""printed_date"": ""16/06/2023""}"
2023-06-16,2023-06-16,Bulker Sales,1,KUMPULA,Supramax,"56,348",2012,"HYUNDAI MAN B. 4 X 28 T, VINASHIN",USD 18.8 M,TURKISH,05/27 08/25,"& W. 7S50MC-C8.2, ICE 1A, BWTS fitted SS DD","{""stem"": ""2023-06-16_clarksons-platou-hellas-snp-weekly-bulletin-74_report-16-06-2023_6725be9cd461"", ""source_file"": ""2023-06-16_clarksons-platou-hellas-snp-weekly-bulletin-74_report-16-06-2023_6725be9cd461.pdf"", ""raw_built"": ""2012 HYUNDAI MAN B. 4 X 28 T, VINASHIN"", ""raw_details"": ""& W. 7S50MC-C8.2, ICE 1A, BWTS fitted SS DD"", ""printed_date"": ""16/06/2023""}"
2023-06-16,2023-06-16,Bulker Sales,1,STOVE OCEAN,Supramax,"55,861",,"MAN B. 4 X 30 T, 2013 OSHIMA",USD 21 M,NORWEGIAN,05/28 05/26,"& W. 6S50MC-C7.1, SS OPEN HATC BWTS DD fitted","{""stem"": ""2023-06-16_clarksons-platou-hellas-snp-weekly-bulletin-74_report-16-06-2023_6725be9cd461"", ""source_file"": ""2023-06-16_clarksons-platou-hellas-snp-weekly-bulletin-74_report-16-06-2023_6725be9cd461.pdf"", ""raw_built"": ""MAN B. 4 X 30 T, 2013 OSHIMA"", ""raw_details"": ""& W. 6S50MC-C7.1, SS OPEN HATC BWTS DD fitted"", ""printed_date"": ""16/06/2023""}"
2023-06-16,2023-06-16,Bulker Sales,1,OCEANIC LEADER,Supramax,"54,239",2006,TAIZHOU MAN-B&W 4 X KOUAN,USD 11 M MIDDLE,EASTERN,12/25 RGN 05/24,"6S50MC-C8.1, SS 30 T, BWTS fitted DD","{""stem"": ""2023-06-16_clarksons-platou-hellas-snp-weekly-bulletin-74_report-16-06-2023_6725be9cd461"", ""source_file"": ""2023-06-16_clarksons-platou-hellas-snp-weekly-bulletin-74_report-16-06-2023_6725be9cd461.pdf"", ""raw_built"": ""2006 TAIZHOU MAN-B&W 4 X KOUAN"", ""raw_details"": ""6S50MC-C8.1, SS 30 T, BWTS fitted DD"", ""printed_date"": ""16/06/2023""}"
2023-06-16,2023-06-16,Bulker Sales,1,GREENERY SEA,Handysize,"35,207",2012,NANTONG MAN B. CHANGQINGSHA 4 x,USD 12 M,GREEK,06/27 MID 07/25,"& W. 6S42MC7.2, SS 30 T, BWTS fitted DD","{""stem"": ""2023-06-16_clarksons-platou-hellas-snp-weekly-bulletin-74_report-16-06-2023_6725be9cd461"", ""source_file"": ""2023-06-16_clarksons-platou-hellas-snp-weekly-bulletin-74_report-16-06-2023_6725be9cd461.pdf"", ""raw_built"": ""2012 NANTONG MAN B. CHANGQINGSHA 4 x"", ""raw_details"": ""& W. 6S42MC7.2, SS 30 T, BWTS fitted DD"", ""printed_date"": ""16/06/2023""}"
2023-06-16,2023-06-16,Tanker Sales,1,FAROS,Panamax,"74,999",,"MAN 2005 HHI C7.1,",USD 18 M,TURKISH,09/25 12/23,"B. & W. 6S60MC- SS DPP, BWTS due DD","{""stem"": ""2023-06-16_clarksons-platou-hellas-snp-weekly-bulletin-74_report-16-06-2023_6725be9cd461"", ""source_file"": ""2023-06-16_clarksons-platou-hellas-snp-weekly-bulletin-74_report-16-06-2023_6725be9cd461.pdf"", ""raw_built"": ""MAN 2005 HHI C7.1,"", ""raw_details"": ""B. & W. 6S60MC- SS DPP, BWTS due DD"", ""printed_date"": ""16/06/2023""}"
2023-06-23,2023-06-23,Bulker Sales,1,AQUAENNA,Capesize,"175,975",,MAN B. 2011 JINHAI HEAVY,USD 22.7 M,GREEKS,02/25 02/25,"& W. 6S70MC6.2, SS BWTS fitted DD","{""stem"": ""2023-06-23_clarksons-platou-hellas-snp-weekly-bulletin-75_report-23-06-2023_3eb4658af482"", ""source_file"": ""2023-06-23_clarksons-platou-hellas-snp-weekly-bulletin-75_report-23-06-2023_3eb4658af482.pdf"", ""raw_built"": ""MAN B. 2011 JINHAI HEAVY"", ""raw_details"": ""& W. 6S70MC6.2, SS BWTS fitted DD"", ""printed_date"": ""23/06/2023""}"
2023-06-23,2023-06-23,Bulker Sales,1,SANTA CRUZ,Kamsarmax,"83,456",,MAN B. 2011 SANOYAS,USD 18.3 M,GREEKS,06/26 03/24,"& W. 6S60MC-C7.2, SS BWTS fitted DD","{""stem"": ""2023-06-23_clarksons-platou-hellas-snp-weekly-bulletin-75_report-23-06-2023_3eb4658af482"", ""source_file"": ""2023-06-23_clarksons-platou-hellas-snp-weekly-bulletin-75_report-23-06-2023_3eb4658af482.pdf"", ""raw_built"": ""MAN B. 2011 SANOYAS"", ""raw_details"": ""& W. 6S60MC-C7.2, SS BWTS fitted DD"", ""printed_date"": ""23/06/2023""}"
2023-06-23,2023-06-23,Bulker Sales,1,JY PACIFIC,Kamsarmax,"81,139",,MAN B. 2019 CHENGXI,28.76 M AUCTION),CHINESE,USD 08/24 08/24 (ONLINE,"& W. 6S60ME-C8.2, SS BWTS fitted DD","{""stem"": ""2023-06-23_clarksons-platou-hellas-snp-weekly-bulletin-75_report-23-06-2023_3eb4658af482"", ""source_file"": ""2023-06-23_clarksons-platou-hellas-snp-weekly-bulletin-75_report-23-06-2023_3eb4658af482.pdf"", ""raw_built"": ""MAN B. 2019 CHENGXI"", ""raw_details"": ""& W. 6S60ME-C8.2, SS BWTS fitted DD"", ""printed_date"": ""23/06/2023""}"
2023-06-23,2023-06-23,Bulker Sales,1,CORAL OPAL,Panamax,"78,090",2012,SHIN MAN B. KURUSHIMA,USD 19 M,U/D,03/27 LOW 02/25,"& W. 6S60MC-C7.2, SS BWTS fitted DD","{""stem"": ""2023-06-23_clarksons-platou-hellas-snp-weekly-bulletin-75_report-23-06-2023_3eb4658af482"", ""source_file"": ""2023-06-23_clarksons-platou-hellas-snp-weekly-bulletin-75_report-23-06-2023_3eb4658af482.pdf"", ""raw_built"": ""2012 SHIN MAN B. KURUSHIMA"", ""raw_details"": ""& W. 6S60MC-C7.2, SS BWTS fitted DD"", ""printed_date"": ""23/06/2023""}"
2023-06-23,2023-06-23,Bulker Sales,1,CORINTHIAN EMERALD,Supramax,"57,592",,MAN B. 2012 STX 4 X MAN B.,19.25 M,U/D,03/27 USD 05/25 01/26,"& W. 6S50MC-C7.1, SS 30 T, BWTS fitted DD & W. 6S42MC7.2, SS","{""stem"": ""2023-06-23_clarksons-platou-hellas-snp-weekly-bulletin-75_report-23-06-2023_3eb4658af482"", ""source_file"": ""2023-06-23_clarksons-platou-hellas-snp-weekly-bulletin-75_report-23-06-2023_3eb4658af482.pdf"", ""raw_built"": ""MAN B. 2012 STX 4 X MAN B."", ""raw_details"": ""& W. 6S50MC-C7.1, SS 30 T, BWTS fitted DD & W. 6S42MC7.2, SS"", ""printed_date"": ""23/06/2023""}"
2023-06-23,2023-06-23,Bulker Sales,1,AGIA IRINI,Handysize,"28,207",,MAN B. 2013 IMABARI 4 X,USD 13.8 M GREEK,BASED,01/26 05/24,"& W. 6S42MC7.2, SS 30 T, BWTS fitted DD","{""stem"": ""2023-06-23_clarksons-platou-hellas-snp-weekly-bulletin-75_report-23-06-2023_3eb4658af482"", ""source_file"": ""2023-06-23_clarksons-platou-hellas-snp-weekly-bulletin-75_report-23-06-2023_3eb4658af482.pdf"", ""raw_built"": ""MAN B. 2013 IMABARI 4 X"", ""raw_details"": ""& W. 6S42MC7.2, SS 30 T, BWTS fitted DD"", ""printed_date"": ""23/06/2023""}"
2023-06-23,2023-06-23,Tanker Sales,1,ANFA,MR,"47,975",,"MAN 2010 IWAGI C8.2,",USD 24.5 M,U/D,02/25 02/25,"B. & W. 6S50MC- DD DPP, BWTS FITTED DD","{""stem"": ""2023-06-23_clarksons-platou-hellas-snp-weekly-bulletin-75_report-23-06-2023_3eb4658af482"", ""source_file"": ""2023-06-23_clarksons-platou-hellas-snp-weekly-bulletin-75_report-23-06-2023_3eb4658af482.pdf"", ""raw_built"": ""MAN 2010 IWAGI C8.2,"", ""raw_details"": ""B. & W. 6S50MC- DD DPP, BWTS FITTED DD"", ""printed_date"": ""23/06/2023""}"
2023-06-30,2023-06-30,Bulker Sales,1,AQUARANGE,Capesize,"179,842",2011,HHIC- MAN PHILIPPINES,USD 23 M,GREEKS,08/25 07/23,"B. & W. 6S70MC- SS C8.2, BWTS fitted DD","{""stem"": ""2023-06-30_clarksons-platou-hellas-snp-weekly-bulletin-76_report-30-06-2023_b9ebf8ef18b6"", ""source_file"": ""2023-06-30_clarksons-platou-hellas-snp-weekly-bulletin-76_report-30-06-2023_b9ebf8ef18b6.pdf"", ""raw_built"": ""2011 HHIC- MAN PHILIPPINES"", ""raw_details"": ""B. & W. 6S70MC- SS C8.2, BWTS fitted DD"", ""printed_date"": ""30/06/2023""}"
2023-06-30,2023-06-30,Bulker Sales,1,RIKKE,Kamsarmax,"81,895",2016,TSUNEISHI MAN B. ZHOUSHAN,USD 27 M,GREEKS,07/26 XS 07/24,"& W. 6S60ME-C8.2, SS BWTS fitted DD","{""stem"": ""2023-06-30_clarksons-platou-hellas-snp-weekly-bulletin-76_report-30-06-2023_b9ebf8ef18b6"", ""source_file"": ""2023-06-30_clarksons-platou-hellas-snp-weekly-bulletin-76_report-30-06-2023_b9ebf8ef18b6.pdf"", ""raw_built"": ""2016 TSUNEISHI MAN B. ZHOUSHAN"", ""raw_details"": ""& W. 6S60ME-C8.2, SS BWTS fitted DD"", ""printed_date"": ""30/06/2023""}"
2023-06-30,2023-06-30,Bulker Sales,1,PRABHU PUNI,Panamax,"76,015",,MAN B. 2002 TSUNEISHI,USD 9.65 M,CHINESE,05/27 05/25,"& W. 6S60MC6.1, SS BWTS fitted DD","{""stem"": ""2023-06-30_clarksons-platou-hellas-snp-weekly-bulletin-76_report-30-06-2023_b9ebf8ef18b6"", ""source_file"": ""2023-06-30_clarksons-platou-hellas-snp-weekly-bulletin-76_report-30-06-2023_b9ebf8ef18b6.pdf"", ""raw_built"": ""MAN B. 2002 TSUNEISHI"", ""raw_details"": ""& W. 6S60MC6.1, SS BWTS fitted DD"", ""printed_date"": ""30/06/2023""}"
2023-06-30,2023-06-30,Bulker Sales,1,KK PROGRESSION,Ultramax,"64,012",2018,TSUNEISHI MAN B. CEBU,USD 28 M,GREEKS,09/23 09/23,"& W. 6S50ME-B9.5, SS BWTS fitted DD","{""stem"": ""2023-06-30_clarksons-platou-hellas-snp-weekly-bulletin-76_report-30-06-2023_b9ebf8ef18b6"", ""source_file"": ""2023-06-30_clarksons-platou-hellas-snp-weekly-bulletin-76_report-30-06-2023_b9ebf8ef18b6.pdf"", ""raw_built"": ""2018 TSUNEISHI MAN B. CEBU"", ""raw_details"": ""& W. 6S50ME-B9.5, SS BWTS fitted DD"", ""printed_date"": ""30/06/2023""}"
2023-06-30,2023-06-30,Bulker Sales,1,GREAT SPIRIT,Ultramax,"61,087",,MAN B. 2019 DACKS,USD 28.9 M AUCTION),CHINESE,11/24 11/22 (VIA,"& W. 6S50ME-B9.3, SS BWTS fitted DD","{""stem"": ""2023-06-30_clarksons-platou-hellas-snp-weekly-bulletin-76_report-30-06-2023_b9ebf8ef18b6"", ""source_file"": ""2023-06-30_clarksons-platou-hellas-snp-weekly-bulletin-76_report-30-06-2023_b9ebf8ef18b6.pdf"", ""raw_built"": ""MAN B. 2019 DACKS"", ""raw_details"": ""& W. 6S50ME-B9.3, SS BWTS fitted DD"", ""printed_date"": ""30/06/2023""}"
2023-06-30,2023-06-30,Bulker Sales,1,RHL JULIA,Supramax,"55,701",,MAN B. 2009 MITSUI,USD 15.2 M,U/D,11/24 11/24,"& W. 6S50MC-C8.2, SS BWTS fitted DD","{""stem"": ""2023-06-30_clarksons-platou-hellas-snp-weekly-bulletin-76_report-30-06-2023_b9ebf8ef18b6"", ""source_file"": ""2023-06-30_clarksons-platou-hellas-snp-weekly-bulletin-76_report-30-06-2023_b9ebf8ef18b6.pdf"", ""raw_built"": ""MAN B. 2009 MITSUI"", ""raw_details"": ""& W. 6S50MC-C8.2, SS BWTS fitted DD"", ""printed_date"": ""30/06/2023""}"
2023-06-30,2023-06-30,Tanker Sales,1,SONANGOL KASSANJE,Suezmax,"158,706",,MAN B. 2005 DAEWOO BWTS MAN,USD 34 M MIDDLE,EASTERN,06/25 11/23 01/24,"& W. 6S70MC6.1, SS fitted, CAP 1 DD B. & W. 6S60MC- SS","{""stem"": ""2023-06-30_clarksons-platou-hellas-snp-weekly-bulletin-76_report-30-06-2023_b9ebf8ef18b6"", ""source_file"": ""2023-06-30_clarksons-platou-hellas-snp-weekly-bulletin-76_report-30-06-2023_b9ebf8ef18b6.pdf"", ""raw_built"": ""MAN B. 2005 DAEWOO BWTS MAN"", ""raw_details"": ""& W. 6S70MC6.1, SS fitted, CAP 1 DD B. & W. 6S60MC- SS"", ""printed_date"": ""30/06/2023""}"
2023-06-30,2023-06-30,Tanker Sales,1,PRO TRIUMPH,Aframax,"105,348",,"MAN 2009 HHI C7.2,",USD 40 M,U/D,01/24 01/24,"B. & W. 6S60MC- SS BWTS fitted, DD SCRUBBER fitted, CPP","{""stem"": ""2023-06-30_clarksons-platou-hellas-snp-weekly-bulletin-76_report-30-06-2023_b9ebf8ef18b6"", ""source_file"": ""2023-06-30_clarksons-platou-hellas-snp-weekly-bulletin-76_report-30-06-2023_b9ebf8ef18b6.pdf"", ""raw_built"": ""MAN 2009 HHI C7.2,"", ""raw_details"": ""B. & W. 6S60MC- SS BWTS fitted, DD SCRUBBER fitted, CPP"", ""printed_date"": ""30/06/2023""}"
2023-06-30,2023-06-30,Tanker Sales,1,MINERVA ZOE,Aframax,"105,330",2004,HYUNDAI MAN B. SAMHO BWTS,USD 31.5 M,U/D,03/24 03/24,"& W. 6S70MC6.1, SS fitted, CAP 1 DD","{""stem"": ""2023-06-30_clarksons-platou-hellas-snp-weekly-bulletin-76_report-30-06-2023_b9ebf8ef18b6"", ""source_file"": ""2023-06-30_clarksons-platou-hellas-snp-weekly-bulletin-76_report-30-06-2023_b9ebf8ef18b6.pdf"", ""raw_built"": ""2004 HYUNDAI MAN B. SAMHO BWTS"", ""raw_details"": ""& W. 6S70MC6.1, SS fitted, CAP 1 DD"", ""printed_date"": ""30/06/2023""}"
2023-07-10,2023-07-10,Bulker Sales,1,BENITAMOU,Capesize,"206,291",,MAN 2008 IMABARI,USD 22 M (BBHP),CHINESE,HIGH 05/27 07/25,"B. & W. 6S70MC- SS C7.1, BWTS fitted DD","{""stem"": ""2023-07-10_clarksons-platou-hellas-snp-weekly-bulletin-77_report-08-07-2023_346498beea92"", ""source_file"": ""2023-07-10_clarksons-platou-hellas-snp-weekly-bulletin-77_report-08-07-2023_346498beea92.pdf"", ""raw_built"": ""MAN 2008 IMABARI"", ""raw_details"": ""B. & W. 6S70MC- SS C7.1, BWTS fitted DD"", ""printed_date"": ""10/07/2023""}"
2023-07-10,2023-07-10,Bulker Sales,1,AQUAMARINE,Capesize,"182,060",,MAN B. 2009 ODENSE,USD 18.5 M,GREEKS,10/27 11/24,"& W. 6S70MC-C7.1, SS BWTS fitted DD","{""stem"": ""2023-07-10_clarksons-platou-hellas-snp-weekly-bulletin-77_report-08-07-2023_346498beea92"", ""source_file"": ""2023-07-10_clarksons-platou-hellas-snp-weekly-bulletin-77_report-08-07-2023_346498beea92.pdf"", ""raw_built"": ""MAN B. 2009 ODENSE"", ""raw_details"": ""& W. 6S70MC-C7.1, SS BWTS fitted DD"", ""printed_date"": ""10/07/2023""}"
2023-07-10,2023-07-10,Bulker Sales,1,MARYLISA V,Supramax,"52,428",,MAN 2003 TSUNESIHI,USD 7.6 M,CHINESE,09/23 09/23,"B. & W. 6S70MC, SS 4 X 30 T DD","{""stem"": ""2023-07-10_clarksons-platou-hellas-snp-weekly-bulletin-77_report-08-07-2023_346498beea92"", ""source_file"": ""2023-07-10_clarksons-platou-hellas-snp-weekly-bulletin-77_report-08-07-2023_346498beea92.pdf"", ""raw_built"": ""MAN 2003 TSUNESIHI"", ""raw_details"": ""B. & W. 6S70MC, SS 4 X 30 T DD"", ""printed_date"": ""10/07/2023""}"
2023-07-14,2023-07-14,Bulker Sales,1,BULK GENIUS,Capesize,"175,580",2012,JINHAI,,,06/27 05/25,SS DD,"{""stem"": ""2023-07-14_clarksons-platou-hellas-snp-weekly-bulletin-78_report-14-07-2023_a17851ba7a71"", ""source_file"": ""2023-07-14_clarksons-platou-hellas-snp-weekly-bulletin-78_report-14-07-2023_a17851ba7a71.pdf"", ""raw_built"": ""2012 JINHAI"", ""raw_details"": ""SS DD"", ""printed_date"": ""14/07/2023""}"
2023-07-14,2023-07-14,Bulker Sales,1,BULK INGENUITY,Capesize,"176,022",2011,JINHAI,,,12/26 02/25,SS DD,"{""stem"": ""2023-07-14_clarksons-platou-hellas-snp-weekly-bulletin-78_report-14-07-2023_a17851ba7a71"", ""source_file"": ""2023-07-14_clarksons-platou-hellas-snp-weekly-bulletin-78_report-14-07-2023_a17851ba7a71.pdf"", ""raw_built"": ""2011 JINHAI"", ""raw_details"": ""SS DD"", ""printed_date"": ""14/07/2023""}"
2023-07-14,2023-07-14,Bulker Sales,1,BULK ACHIEVEMENT,Capesize,"175,580",2011,JINHAI MAN B.,106.5 M (ON SUBS),GREEKS,USD 01/26 01/24,"& W. 6S70MC6.2, SS BWTS fitted DD","{""stem"": ""2023-07-14_clarksons-platou-hellas-snp-weekly-bulletin-78_report-14-07-2023_a17851ba7a71"", ""source_file"": ""2023-07-14_clarksons-platou-hellas-snp-weekly-bulletin-78_report-14-07-2023_a17851ba7a71.pdf"", ""raw_built"": ""2011 JINHAI MAN B."", ""raw_details"": ""& W. 6S70MC6.2, SS BWTS fitted DD"", ""printed_date"": ""14/07/2023""}"
2023-07-14,2023-07-14,Bulker Sales,1,BULK INTEGRITY,Capesize,"175,966",2010,JINHAI,,,12/25 03/24,SS DD,"{""stem"": ""2023-07-14_clarksons-platou-hellas-snp-weekly-bulletin-78_report-14-07-2023_a17851ba7a71"", ""source_file"": ""2023-07-14_clarksons-platou-hellas-snp-weekly-bulletin-78_report-14-07-2023_a17851ba7a71.pdf"", ""raw_built"": ""2010 JINHAI"", ""raw_details"": ""SS DD"", ""printed_date"": ""14/07/2023""}"
2023-07-14,2023-07-14,Bulker Sales,1,BULK PEACE,Capesize,"175,858",2010,JINHAI,,,03/25 03/25,SS DD,"{""stem"": ""2023-07-14_clarksons-platou-hellas-snp-weekly-bulletin-78_report-14-07-2023_a17851ba7a71"", ""source_file"": ""2023-07-14_clarksons-platou-hellas-snp-weekly-bulletin-78_report-14-07-2023_a17851ba7a71.pdf"", ""raw_built"": ""2010 JINHAI"", ""raw_details"": ""SS DD"", ""printed_date"": ""14/07/2023""}"
2023-07-14,2023-07-14,Bulker Sales,1,JY ATLANTIC,Kamsarmax,"81,096",,MAN B. 2019 CHENGXI,30.15 M AUCTION),U/D,USD 10/27 11/24 (VIA,"& W. 6S60ME-C8.2, SS BWTS fitted DD","{""stem"": ""2023-07-14_clarksons-platou-hellas-snp-weekly-bulletin-78_report-14-07-2023_a17851ba7a71"", ""source_file"": ""2023-07-14_clarksons-platou-hellas-snp-weekly-bulletin-78_report-14-07-2023_a17851ba7a71.pdf"", ""raw_built"": ""MAN B. 2019 CHENGXI"", ""raw_details"": ""& W. 6S60ME-C8.2, SS BWTS fitted DD"", ""printed_date"": ""14/07/2023""}"
2023-07-14,2023-07-14,Bulker Sales,1,JOY,Panamax,"79,457",2011,JINHAI MAN B. 2010 COSCO,USD 25.5 M,GREEKS,01/26 02/24,"& W. 6S50MC-C8.2, SS BWTS fitted DD","{""stem"": ""2023-07-14_clarksons-platou-hellas-snp-weekly-bulletin-78_report-14-07-2023_a17851ba7a71"", ""source_file"": ""2023-07-14_clarksons-platou-hellas-snp-weekly-bulletin-78_report-14-07-2023_a17851ba7a71.pdf"", ""raw_built"": ""2011 JINHAI MAN B. 2010 COSCO"", ""raw_details"": ""& W. 6S50MC-C8.2, SS BWTS fitted DD"", ""printed_date"": ""14/07/2023""}"
2023-07-14,2023-07-14,Bulker Sales,1,CHRIS,Supramax,"56,838",2010,COSCO MAN B. GUANDONG 4 X,USD 25.5 M,GREEKS,DD05/25 05/24,"& W. 6S50MC-C8.2, 30 T , BWTS fitted DD","{""stem"": ""2023-07-14_clarksons-platou-hellas-snp-weekly-bulletin-78_report-14-07-2023_a17851ba7a71"", ""source_file"": ""2023-07-14_clarksons-platou-hellas-snp-weekly-bulletin-78_report-14-07-2023_a17851ba7a71.pdf"", ""raw_built"": ""2010 COSCO MAN B. GUANDONG 4 X"", ""raw_details"": ""& W. 6S50MC-C8.2, 30 T , BWTS fitted DD"", ""printed_date"": ""14/07/2023""}"
2023-07-14,2023-07-14,Bulker Sales,1,KAMBOS,Ultramax,"63,965",2015,COSCO MAN B. ZHOUSHAN 4 X,USD 24.5 M,GREEKS,06/25 06/25,"& W. 5S60ME-C8.2, SS 30 T, BWTS fitted DD","{""stem"": ""2023-07-14_clarksons-platou-hellas-snp-weekly-bulletin-78_report-14-07-2023_a17851ba7a71"", ""source_file"": ""2023-07-14_clarksons-platou-hellas-snp-weekly-bulletin-78_report-14-07-2023_a17851ba7a71.pdf"", ""raw_built"": ""2015 COSCO MAN B. ZHOUSHAN 4 X"", ""raw_details"": ""& W. 5S60ME-C8.2, SS 30 T, BWTS fitted DD"", ""printed_date"": ""14/07/2023""}"
2023-07-14,2023-07-14,Tanker Sales,1,DONAT,Suezmax,"166,188",,MAN B. 2007 BRODOSPLIT MAN,USD 40 M,U/D,07/27 XS 09/25,"& W. 6S70MC6.1, SS BWTS fitted DD B. & W. 7S50MC-","{""stem"": ""2023-07-14_clarksons-platou-hellas-snp-weekly-bulletin-78_report-14-07-2023_a17851ba7a71"", ""source_file"": ""2023-07-14_clarksons-platou-hellas-snp-weekly-bulletin-78_report-14-07-2023_a17851ba7a71.pdf"", ""raw_built"": ""MAN B. 2007 BRODOSPLIT MAN"", ""raw_details"": ""& W. 6S70MC6.1, SS BWTS fitted DD B. & W. 7S50MC-"", ""printed_date"": ""14/07/2023""}"
2023-07-14,2023-07-14,Tanker Sales,1,MAGELLAN ENDEAVOUR,MR,"47,937",,"MAN 2006 IWAGI C8.1,",USD 17.5 M,CHINESE,01/26 01/24,"B. & W. 7S50MC- SS ZINC coated, BWTS DD fitted","{""stem"": ""2023-07-14_clarksons-platou-hellas-snp-weekly-bulletin-78_report-14-07-2023_a17851ba7a71"", ""source_file"": ""2023-07-14_clarksons-platou-hellas-snp-weekly-bulletin-78_report-14-07-2023_a17851ba7a71.pdf"", ""raw_built"": ""MAN 2006 IWAGI C8.1,"", ""raw_details"": ""B. & W. 7S50MC- SS ZINC coated, BWTS DD fitted"", ""printed_date"": ""14/07/2023""}"
2023-07-21,2023-07-21,Bulker Sales,1,HENRIETTE,Capesize,"209,172",,MAN 2016 YANGZI XINFU BWTS,USD 46 M,KOREANS,06/24 HIGH 06/24,"B. & W. 6G70ME- C9.2, SS fitted, SCRUBBER DD","{""stem"": ""2023-07-21_clarksons-platou-hellas-snp-weekly-bulletin-79_report-21-07-2023_cebb0332bb75"", ""source_file"": ""2023-07-21_clarksons-platou-hellas-snp-weekly-bulletin-79_report-21-07-2023_cebb0332bb75.pdf"", ""raw_built"": ""MAN 2016 YANGZI XINFU BWTS"", ""raw_details"": ""B. & W. 6G70ME- C9.2, SS fitted, SCRUBBER DD"", ""printed_date"": ""21/07/2023""}"
2023-07-21,2023-07-21,Bulker Sales,1,OLDENDORFF,Capesize,"209,172",2016,YANGZI XINFU BWTS,USD 46 M,KOREANS,06/24 HIGH 06/24,"C9.2, SS fitted, SCRUBBER DD fitted","{""stem"": ""2023-07-21_clarksons-platou-hellas-snp-weekly-bulletin-79_report-21-07-2023_cebb0332bb75"", ""source_file"": ""2023-07-21_clarksons-platou-hellas-snp-weekly-bulletin-79_report-21-07-2023_cebb0332bb75.pdf"", ""raw_built"": ""2016 YANGZI XINFU BWTS"", ""raw_details"": ""C9.2, SS fitted, SCRUBBER DD fitted"", ""printed_date"": ""21/07/2023""}"
2023-07-21,2023-07-21,Bulker Sales,1,AQUAPROUD,Capesize,"178,055",2009,SWS MAN B.,USD 18 M,GREEKS,06/24 HIGH 06/24,SS & W. 6S70MC6.1 DD,"{""stem"": ""2023-07-21_clarksons-platou-hellas-snp-weekly-bulletin-79_report-21-07-2023_cebb0332bb75"", ""source_file"": ""2023-07-21_clarksons-platou-hellas-snp-weekly-bulletin-79_report-21-07-2023_cebb0332bb75.pdf"", ""raw_built"": ""2009 SWS MAN B."", ""raw_details"": ""SS & W. 6S70MC6.1 DD"", ""printed_date"": ""21/07/2023""}"
2023-07-21,2023-07-21,Bulker Sales,1,AQUAKATIE,Capesize,"174,142",,MAN B. 2007 SWS,USD 15.9 M,GREEKS,02/25 08/23,"& W. 6S70MC6.1, SS BWTS fitted DD","{""stem"": ""2023-07-21_clarksons-platou-hellas-snp-weekly-bulletin-79_report-21-07-2023_cebb0332bb75"", ""source_file"": ""2023-07-21_clarksons-platou-hellas-snp-weekly-bulletin-79_report-21-07-2023_cebb0332bb75.pdf"", ""raw_built"": ""MAN B. 2007 SWS"", ""raw_details"": ""& W. 6S70MC6.1, SS BWTS fitted DD"", ""printed_date"": ""21/07/2023""}"
2023-07-21,2023-07-21,Bulker Sales,1,NORD HYDRA,Panamax,"77,134",,MAN B. 2014 IMABARI,USD 23 M,U/D,10/24 LOW 10/24,"& W. 6S60ME-C7.1, SS BWTS fitted DD","{""stem"": ""2023-07-21_clarksons-platou-hellas-snp-weekly-bulletin-79_report-21-07-2023_cebb0332bb75"", ""source_file"": ""2023-07-21_clarksons-platou-hellas-snp-weekly-bulletin-79_report-21-07-2023_cebb0332bb75.pdf"", ""raw_built"": ""MAN B. 2014 IMABARI"", ""raw_details"": ""& W. 6S60ME-C7.1, SS BWTS fitted DD"", ""printed_date"": ""21/07/2023""}"
2023-07-21,2023-07-21,Bulker Sales,1,DELPHINUS,Panamax,"76,948",,MAN B. 2007 NAMURA,USD 13 M,U/D,05/27 LOW 06/25,"& W. 6S60MC6.1, SS BWTS fitted DD","{""stem"": ""2023-07-21_clarksons-platou-hellas-snp-weekly-bulletin-79_report-21-07-2023_cebb0332bb75"", ""source_file"": ""2023-07-21_clarksons-platou-hellas-snp-weekly-bulletin-79_report-21-07-2023_cebb0332bb75.pdf"", ""raw_built"": ""MAN B. 2007 NAMURA"", ""raw_details"": ""& W. 6S60MC6.1, SS BWTS fitted DD"", ""printed_date"": ""21/07/2023""}"
2023-07-21,2023-07-21,Bulker Sales,1,JENNY M,Supramax,"56,058",,MAN B. 2007 MITSUI,USD 12 M,U/D,08/25 XS 11/23,"& W. 6S50MC-C8.1, SS BWTS fitted DD","{""stem"": ""2023-07-21_clarksons-platou-hellas-snp-weekly-bulletin-79_report-21-07-2023_cebb0332bb75"", ""source_file"": ""2023-07-21_clarksons-platou-hellas-snp-weekly-bulletin-79_report-21-07-2023_cebb0332bb75.pdf"", ""raw_built"": ""MAN B. 2007 MITSUI"", ""raw_details"": ""& W. 6S50MC-C8.1, SS BWTS fitted DD"", ""printed_date"": ""21/07/2023""}"
2023-07-21,2023-07-21,Bulker Sales,1,PAN EDELWEISS,Handysize,"32,949",2009,TAIZHOU MAN B. MAPLE LEAF,USD 9 MIO EACH,U/D,10/24 10/24 HIGH,"SS DD & W. 6S42MC7.1, BWTS FITTED","{""stem"": ""2023-07-21_clarksons-platou-hellas-snp-weekly-bulletin-79_report-21-07-2023_cebb0332bb75"", ""source_file"": ""2023-07-21_clarksons-platou-hellas-snp-weekly-bulletin-79_report-21-07-2023_cebb0332bb75.pdf"", ""raw_built"": ""2009 TAIZHOU MAN B. MAPLE LEAF"", ""raw_details"": ""SS DD & W. 6S42MC7.1, BWTS FITTED"", ""printed_date"": ""21/07/2023""}"
2023-07-21,2023-07-21,Bulker Sales,1,PAN DAISY,Handysize,"32,949",,MAN B. MAPLE LEAF,USD 9 MIO EACH,U/D,HIGH 03/24 0324,"& W. 6S42MC7.1, BWTS FITTED SS DD","{""stem"": ""2023-07-21_clarksons-platou-hellas-snp-weekly-bulletin-79_report-21-07-2023_cebb0332bb75"", ""source_file"": ""2023-07-21_clarksons-platou-hellas-snp-weekly-bulletin-79_report-21-07-2023_cebb0332bb75.pdf"", ""raw_built"": ""MAN B. MAPLE LEAF"", ""raw_details"": ""& W. 6S42MC7.1, BWTS FITTED SS DD"", ""printed_date"": ""21/07/2023""}"
2023-07-21,2023-07-21,Tanker Sales,1,NEW JUPITER,MR,"53,143",,Wartsila 2008 GSI ICE,USD 21.5 M,U/D,08/23 08/23,"2-stroke 7RT- SS flex50-B, DD 1A, BWTS fitted","{""stem"": ""2023-07-21_clarksons-platou-hellas-snp-weekly-bulletin-79_report-21-07-2023_cebb0332bb75"", ""source_file"": ""2023-07-21_clarksons-platou-hellas-snp-weekly-bulletin-79_report-21-07-2023_cebb0332bb75.pdf"", ""raw_built"": ""Wartsila 2008 GSI ICE"", ""raw_details"": ""2-stroke 7RT- SS flex50-B, DD 1A, BWTS fitted"", ""printed_date"": ""21/07/2023""}"
2023-07-21,2023-07-21,Tanker Sales,1,MTM POTOMAC,MR,"51,291",,MAN 2004 STX,USD 17.5 M,U/D,11/24 11/24,"B. & W. 6S50MC- SS C8.1, BWTS fitted DD","{""stem"": ""2023-07-21_clarksons-platou-hellas-snp-weekly-bulletin-79_report-21-07-2023_cebb0332bb75"", ""source_file"": ""2023-07-21_clarksons-platou-hellas-snp-weekly-bulletin-79_report-21-07-2023_cebb0332bb75.pdf"", ""raw_built"": ""MAN 2004 STX"", ""raw_details"": ""B. & W. 6S50MC- SS C8.1, BWTS fitted DD"", ""printed_date"": ""21/07/2023""}"
2023-07-28,2023-07-28,Bulker Sales,1,BLUE HORIZON,Capesize,"207,867",2012,MAN B. NANTONG,USD 35.5 M (Each),GREEKS,SS 06/27 DD 05/25 SS 07/27,& W. 7S70ME-C7.1 BWTS fitted,"{""stem"": ""2023-07-28_clarksons-platou-hellas-snp-weekly-bulletin-81_report-28-07-23_4ebb2ad1d8f6"", ""source_file"": ""2023-07-28_clarksons-platou-hellas-snp-weekly-bulletin-81_report-28-07-23_4ebb2ad1d8f6.pdf"", ""raw_built"": ""2012 MAN B. NANTONG"", ""raw_details"": ""& W. 7S70ME-C7.1 BWTS fitted"", ""printed_date"": ""28/07/2023""}"
2023-07-28,2023-07-28,Bulker Sales,1,CLEAR HORIZON,Capesize,"207,947",,NANTONG COSCO MAN B.,(Each),GREEKS,SS 07/27 DD 08/25 SS 11/25,BWTS fitted & W. 6G70ME-C9.2,"{""stem"": ""2023-07-28_clarksons-platou-hellas-snp-weekly-bulletin-81_report-28-07-23_4ebb2ad1d8f6"", ""source_file"": ""2023-07-28_clarksons-platou-hellas-snp-weekly-bulletin-81_report-28-07-23_4ebb2ad1d8f6.pdf"", ""raw_built"": ""NANTONG COSCO MAN B."", ""raw_details"": ""BWTS fitted & W. 6G70ME-C9.2"", ""printed_date"": ""28/07/2023""}"
2023-07-28,2023-07-28,Bulker Sales,1,HL PASSION,Capesize,"179,656",,MAN B. 2015 DALIAN MAN,USD 35.9 M,U/D,SS 11/25 DD 12/23 SS 07/27,& W. 6G70ME-C9.2 BWTS fitted B. & W. 6S70MC-6.2,"{""stem"": ""2023-07-28_clarksons-platou-hellas-snp-weekly-bulletin-81_report-28-07-23_4ebb2ad1d8f6"", ""source_file"": ""2023-07-28_clarksons-platou-hellas-snp-weekly-bulletin-81_report-28-07-23_4ebb2ad1d8f6.pdf"", ""raw_built"": ""MAN B. 2015 DALIAN MAN"", ""raw_details"": ""& W. 6G70ME-C9.2 BWTS fitted B. & W. 6S70MC-6.2"", ""printed_date"": ""28/07/2023""}"
2023-07-28,2023-07-28,Bulker Sales,1,SHIOSAI,Capesize,"176,827",,MAN 2009 NAMURA MAN,USD 20.85 M,CHINESE,SS 07/27 DD 07/25 SS 06/24,B. & W. 6S70MC-6.2 BWTS fitted B. & W. 5S60ME-C8.2,"{""stem"": ""2023-07-28_clarksons-platou-hellas-snp-weekly-bulletin-81_report-28-07-23_4ebb2ad1d8f6"", ""source_file"": ""2023-07-28_clarksons-platou-hellas-snp-weekly-bulletin-81_report-28-07-23_4ebb2ad1d8f6.pdf"", ""raw_built"": ""MAN 2009 NAMURA MAN"", ""raw_details"": ""B. & W. 6S70MC-6.2 BWTS fitted B. & W. 5S60ME-C8.2"", ""printed_date"": ""28/07/2023""}"
2023-07-28,2023-07-28,Bulker Sales,1,SUNNY ETERNITY,Panamax,"77,211",,MAN 2014 OSHIMA,HIGH USD 19 M,U/D,SS 06/24 DD 06/24,B. & W. 5S60ME-C8.2 BTWS fitted,"{""stem"": ""2023-07-28_clarksons-platou-hellas-snp-weekly-bulletin-81_report-28-07-23_4ebb2ad1d8f6"", ""source_file"": ""2023-07-28_clarksons-platou-hellas-snp-weekly-bulletin-81_report-28-07-23_4ebb2ad1d8f6.pdf"", ""raw_built"": ""MAN 2014 OSHIMA"", ""raw_details"": ""B. & W. 5S60ME-C8.2 BTWS fitted"", ""printed_date"": ""28/07/2023""}"
2023-07-28,2023-07-28,Tanker Sales,1,WELLINGTON,Aframax,"108,940",,MAN BWTS 2009 SWS,RGN USD 40 M FAR,EASTERNS,SS 05/24 DD 05/24,"B. & W. 6S60MC-C7.1 fitted, LR2 trading DPP","{""stem"": ""2023-07-28_clarksons-platou-hellas-snp-weekly-bulletin-81_report-28-07-23_4ebb2ad1d8f6"", ""source_file"": ""2023-07-28_clarksons-platou-hellas-snp-weekly-bulletin-81_report-28-07-23_4ebb2ad1d8f6.pdf"", ""raw_built"": ""MAN BWTS 2009 SWS"", ""raw_details"": ""B. & W. 6S60MC-C7.1 fitted, LR2 trading DPP"", ""printed_date"": ""28/07/2023""}"
2023-07-28,2023-07-28,Tanker Sales,1,PRESIDENT I,Panamax,"64,999",2007,MAN BRODOSPLIT,HIGH USD 26 M,U/D,SS 09/27 DD 12/25,B. & W. 6S46MC-C7.1 Ice 1A,"{""stem"": ""2023-07-28_clarksons-platou-hellas-snp-weekly-bulletin-81_report-28-07-23_4ebb2ad1d8f6"", ""source_file"": ""2023-07-28_clarksons-platou-hellas-snp-weekly-bulletin-81_report-28-07-23_4ebb2ad1d8f6.pdf"", ""raw_built"": ""2007 MAN BRODOSPLIT"", ""raw_details"": ""B. & W. 6S46MC-C7.1 Ice 1A"", ""printed_date"": ""28/07/2023""}"
2023-08-04,2023-08-04,Bulker Sales,1,DESPINA D,Panamax,"76,633",,MAN 2004 IMABARI,USD 11 M,U/D,10/24 RGN 10/24,"B. & W. 6S60MC6.1, SS BWTS fitted DD","{""stem"": ""2023-08-04_clarksons-platou-hellas-snp-weekly-bulletin-82_report-04-08-2023_ebe9c260c669"", ""source_file"": ""2023-08-04_clarksons-platou-hellas-snp-weekly-bulletin-82_report-04-08-2023_ebe9c260c669.pdf"", ""raw_built"": ""MAN 2004 IMABARI"", ""raw_details"": ""B. & W. 6S60MC6.1, SS BWTS fitted DD"", ""printed_date"": ""04/08/2023""}"
2023-08-04,2023-08-04,Bulker Sales,1,NORD EVEREST,Ultramax,"60,436",,MAN 2016 OSHIMA 4,USD 24 M,U/D,05/26 RGN 06/24,"B. & W. 6S50ME-B9.3, SS x 30 T, BWTS fitted DD","{""stem"": ""2023-08-04_clarksons-platou-hellas-snp-weekly-bulletin-82_report-04-08-2023_ebe9c260c669"", ""source_file"": ""2023-08-04_clarksons-platou-hellas-snp-weekly-bulletin-82_report-04-08-2023_ebe9c260c669.pdf"", ""raw_built"": ""MAN 2016 OSHIMA 4"", ""raw_details"": ""B. & W. 6S50ME-B9.3, SS x 30 T, BWTS fitted DD"", ""printed_date"": ""04/08/2023""}"
2023-08-04,2023-08-04,Bulker Sales,1,CIELO DI PALERMO,Handysize,"37,059",,MAN 2013 SAIKI 4,USD 17 M,U/D,08/27 RGN 08/25,"B. & W. 6S46MC-C8.2, SS x 30 T, BWTS fitted DD","{""stem"": ""2023-08-04_clarksons-platou-hellas-snp-weekly-bulletin-82_report-04-08-2023_ebe9c260c669"", ""source_file"": ""2023-08-04_clarksons-platou-hellas-snp-weekly-bulletin-82_report-04-08-2023_ebe9c260c669.pdf"", ""raw_built"": ""MAN 2013 SAIKI 4"", ""raw_details"": ""B. & W. 6S46MC-C8.2, SS x 30 T, BWTS fitted DD"", ""printed_date"": ""04/08/2023""}"
2023-08-04,2023-08-04,Tanker Sales,1,SIFA,VLCC,"316,373",2011,HHI,,,01/26 02/24,SS DD Wartsila 2-stroke 7RT-,"{""stem"": ""2023-08-04_clarksons-platou-hellas-snp-weekly-bulletin-82_report-04-08-2023_ebe9c260c669"", ""source_file"": ""2023-08-04_clarksons-platou-hellas-snp-weekly-bulletin-82_report-04-08-2023_ebe9c260c669.pdf"", ""raw_built"": ""2011 HHI"", ""raw_details"": ""SS DD Wartsila 2-stroke 7RT-"", ""printed_date"": ""04/08/2023""}"
2023-08-04,2023-08-04,Tanker Sales,1,FIDA,VLCC,"316,373",2011,HHI BWTS,64 M EACH,KOREANS,05/25 USD 05/24,"Wartsila 2-stroke 7RT- flex82T-B, SS fitted, SCRUBBER DD fitted","{""stem"": ""2023-08-04_clarksons-platou-hellas-snp-weekly-bulletin-82_report-04-08-2023_ebe9c260c669"", ""source_file"": ""2023-08-04_clarksons-platou-hellas-snp-weekly-bulletin-82_report-04-08-2023_ebe9c260c669.pdf"", ""raw_built"": ""2011 HHI BWTS"", ""raw_details"": ""Wartsila 2-stroke 7RT- flex82T-B, SS fitted, SCRUBBER DD fitted"", ""printed_date"": ""04/08/2023""}"
2023-08-04,2023-08-04,Tanker Sales,1,SAHAM,VLCC,"299,991 65,125",2010,UNIVERSAL 2006 BRODOSLIT,,,10/25 12/23 03/26,fitted SS DD SS,"{""stem"": ""2023-08-04_clarksons-platou-hellas-snp-weekly-bulletin-82_report-04-08-2023_ebe9c260c669"", ""source_file"": ""2023-08-04_clarksons-platou-hellas-snp-weekly-bulletin-82_report-04-08-2023_ebe9c260c669.pdf"", ""raw_built"": ""2010 UNIVERSAL 2006 BRODOSLIT"", ""raw_details"": ""fitted SS DD SS"", ""printed_date"": ""04/08/2023""}"
2023-08-04,2023-08-04,Tanker Sales,1,DONNA,Panamax,"65,125",2006,BRODOSLIT,21 M EACH,U/D,12/23 03/26 04/24 USD,"DD SS MAN B. & W. 6S46MC- DD C7.1,","{""stem"": ""2023-08-04_clarksons-platou-hellas-snp-weekly-bulletin-82_report-04-08-2023_ebe9c260c669"", ""source_file"": ""2023-08-04_clarksons-platou-hellas-snp-weekly-bulletin-82_report-04-08-2023_ebe9c260c669.pdf"", ""raw_built"": ""2006 BRODOSLIT"", ""raw_details"": ""DD SS MAN B. & W. 6S46MC- DD C7.1,"", ""printed_date"": ""04/08/2023""}"
2023-08-04,2023-08-04,Tanker Sales,1,MANDALA,Panamax,"65,065",2006,BRODOSLIT,21 M EACH,U/D,USD 06/26 09/24,"BWTS fitted, SS Ice 1A DD","{""stem"": ""2023-08-04_clarksons-platou-hellas-snp-weekly-bulletin-82_report-04-08-2023_ebe9c260c669"", ""source_file"": ""2023-08-04_clarksons-platou-hellas-snp-weekly-bulletin-82_report-04-08-2023_ebe9c260c669.pdf"", ""raw_built"": ""2006 BRODOSLIT"", ""raw_details"": ""BWTS fitted, SS Ice 1A DD"", ""printed_date"": ""04/08/2023""}"
2023-08-11,2023-08-11,Bulker Sales,1,"ARIADNE 180,010",Capesize,"180,010",2009,DAEWOO,XS USD 21 M,U/D,SS 02/24 DD 02/24,"MAN-B&W 6S70MC-C7.1, BWTS FITTED","{""stem"": ""2023-08-11_clarksons-platou-hellas-snp-weekly-bulletin-83_report-11082023_29f222369ee2"", ""source_file"": ""2023-08-11_clarksons-platou-hellas-snp-weekly-bulletin-83_report-11082023_29f222369ee2.pdf"", ""raw_built"": ""2009 DAEWOO"", ""raw_details"": ""MAN-B&W 6S70MC-C7.1, BWTS FITTED"", ""printed_date"": ""11/08/2023""}"
2023-08-11,2023-08-11,Bulker Sales,1,"NAVIOS SOUTHERN 82,224 STAR",Kamsarmax,"82,224",,MAN 2013 TSUNEISHI ZOSEN 2017 TSUNEISHI MAN,USD 21.5 M,GREEKS,SS 04/28 DD 04/26 SS 05/27,B. & W. 6S60MC-C7.2 BWTS fitted B. & W. 6S50MC-C8.2,"{""stem"": ""2023-08-11_clarksons-platou-hellas-snp-weekly-bulletin-83_report-11082023_29f222369ee2"", ""source_file"": ""2023-08-11_clarksons-platou-hellas-snp-weekly-bulletin-83_report-11082023_29f222369ee2.pdf"", ""raw_built"": ""MAN 2013 TSUNEISHI ZOSEN 2017 TSUNEISHI MAN"", ""raw_details"": ""B. & W. 6S60MC-C7.2 BWTS fitted B. & W. 6S50MC-C8.2"", ""printed_date"": ""11/08/2023""}"
2023-08-11,2023-08-11,Bulker Sales,1,"KK MINERAL 45,429",Supramax,"45,429",2017,TSUNEISHI MAN ZHOUSHAN 4,USD 22 M,CHINESE,SS 05/27 DD 07/25,"B. & W. 6S50MC-C8.2 X 30 T, BWTS fitted","{""stem"": ""2023-08-11_clarksons-platou-hellas-snp-weekly-bulletin-83_report-11082023_29f222369ee2"", ""source_file"": ""2023-08-11_clarksons-platou-hellas-snp-weekly-bulletin-83_report-11082023_29f222369ee2.pdf"", ""raw_built"": ""2017 TSUNEISHI MAN ZHOUSHAN 4"", ""raw_details"": ""B. & W. 6S50MC-C8.2 X 30 T, BWTS fitted"", ""printed_date"": ""11/08/2023""}"
2023-08-18,2023-08-18,Bulker Sales,1,HL IMABARI,Capesize,"206,312",,MAN B. 2008 IMABARI,USD 21.4 M,CHINESE,"04/23, 04/23","& W. 6S70MC-C7.1, SS BWTS FITTED DD","{""stem"": ""2023-08-18_clarksons-platou-hellas-snp-weekly-bulletin-84_report-18-08-2023_812f63a92355"", ""source_file"": ""2023-08-18_clarksons-platou-hellas-snp-weekly-bulletin-84_report-18-08-2023_812f63a92355.pdf"", ""raw_built"": ""MAN B. 2008 IMABARI"", ""raw_details"": ""& W. 6S70MC-C7.1, SS BWTS FITTED DD"", ""printed_date"": ""18/08/2023""}"
2023-08-18,2023-08-18,Bulker Sales,1,NAVIOS SOUTHERN STAR,Kamsarmax,"82,224",,MAN B. 2013 TSUNEISHI,USD 21.5 M,GREEKS,04/28 04/26,"& W. 6S60MC-C7.2, SS BWTS FITTED DD","{""stem"": ""2023-08-18_clarksons-platou-hellas-snp-weekly-bulletin-84_report-18-08-2023_812f63a92355"", ""source_file"": ""2023-08-18_clarksons-platou-hellas-snp-weekly-bulletin-84_report-18-08-2023_812f63a92355.pdf"", ""raw_built"": ""MAN B. 2013 TSUNEISHI"", ""raw_details"": ""& W. 6S60MC-C7.2, SS BWTS FITTED DD"", ""printed_date"": ""18/08/2023""}"
2023-08-18,2023-08-18,Bulker Sales,1,WINDSOR ADVENTURE,Supramax,"55,975",,MAN B. 2008 MITSUI,USD 13.2 M,U/D,03/26 04/24,"& W. 6S50MC-C8.1, SS BWTS FITTED DD","{""stem"": ""2023-08-18_clarksons-platou-hellas-snp-weekly-bulletin-84_report-18-08-2023_812f63a92355"", ""source_file"": ""2023-08-18_clarksons-platou-hellas-snp-weekly-bulletin-84_report-18-08-2023_812f63a92355.pdf"", ""raw_built"": ""MAN B. 2008 MITSUI"", ""raw_details"": ""& W. 6S50MC-C8.1, SS BWTS FITTED DD"", ""printed_date"": ""18/08/2023""}"
2023-08-25,2023-08-25,Bulker Sales,1,SANTA LUCIA,Capesize,"176,760",2006,NAMURA,RGN USD 16.05 M,TURKISH,"SS 08/26, DD 07/24",MAN B. & W. 6S70MC6.1 BWTS fitted,"{""stem"": ""2023-08-25_clarksons-platou-hellas-snp-weekly-bulletin-85_report-25-08-2023_0fa1274c15b5"", ""source_file"": ""2023-08-25_clarksons-platou-hellas-snp-weekly-bulletin-85_report-25-08-2023_0fa1274c15b5.pdf"", ""raw_built"": ""2006 NAMURA"", ""raw_details"": ""MAN B. & W. 6S70MC6.1 BWTS fitted"", ""printed_date"": ""25/08/2023""}"
2023-08-25,2023-08-25,Bulker Sales,1,ANNA,Panamax,"75,162",2002,HITACHI,RGN USD 10 M,VIETNAMESE,"SS 07/27, DD 09/25",MAN B. & W. 6S60MC6.1 BWTS fitted,"{""stem"": ""2023-08-25_clarksons-platou-hellas-snp-weekly-bulletin-85_report-25-08-2023_0fa1274c15b5"", ""source_file"": ""2023-08-25_clarksons-platou-hellas-snp-weekly-bulletin-85_report-25-08-2023_0fa1274c15b5.pdf"", ""raw_built"": ""2002 HITACHI"", ""raw_details"": ""MAN B. & W. 6S60MC6.1 BWTS fitted"", ""printed_date"": ""25/08/2023""}"
2023-08-25,2023-08-25,Bulker Sales,1,IVS HAYAKITA,Ultramax,"60,402",,MAN 2016 MITSUI,,,"SS 09/26, DD 05/25",B. & W. 6S50ME-B9.3 BWTS fitted,"{""stem"": ""2023-08-25_clarksons-platou-hellas-snp-weekly-bulletin-85_report-25-08-2023_0fa1274c15b5"", ""source_file"": ""2023-08-25_clarksons-platou-hellas-snp-weekly-bulletin-85_report-25-08-2023_0fa1274c15b5.pdf"", ""raw_built"": ""MAN 2016 MITSUI"", ""raw_details"": ""B. & W. 6S50ME-B9.3 BWTS fitted"", ""printed_date"": ""25/08/2023""}"
2023-08-25,2023-08-25,Bulker Sales,1,IVS BOSCH HOEK,Ultramax,"60,269",,MAN 2015 ONOMICHI,USD 46.5 M,GREEKS,"SS 10/25, DD 11/23",B. & W. 6S50ME-B9.3 BWTS fitted,"{""stem"": ""2023-08-25_clarksons-platou-hellas-snp-weekly-bulletin-85_report-25-08-2023_0fa1274c15b5"", ""source_file"": ""2023-08-25_clarksons-platou-hellas-snp-weekly-bulletin-85_report-25-08-2023_0fa1274c15b5.pdf"", ""raw_built"": ""MAN 2015 ONOMICHI"", ""raw_details"": ""B. & W. 6S50ME-B9.3 BWTS fitted"", ""printed_date"": ""25/08/2023""}"
2023-08-25,2023-08-25,Tanker Sales,1,CAPT THANASIS,Handysize,"39,999",2004,HMD,USD 18 M,U/D,"SS 10/24, DD 10/24","MAN B. & W. 6S50MC6.1 EPOXY coated, BWTS fitted","{""stem"": ""2023-08-25_clarksons-platou-hellas-snp-weekly-bulletin-85_report-25-08-2023_0fa1274c15b5"", ""source_file"": ""2023-08-25_clarksons-platou-hellas-snp-weekly-bulletin-85_report-25-08-2023_0fa1274c15b5.pdf"", ""raw_built"": ""2004 HMD"", ""raw_details"": ""MAN B. & W. 6S50MC6.1 EPOXY coated, BWTS fitted"", ""printed_date"": ""25/08/2023""}"
2023-09-01,2023-09-01,Bulker Sales,1,YUAN FU STAR,Capesize,"174,013",2011,JIANGSU MAN B. RONGSHENG,USD 22 M,TURKISH,01/27 HIGH 01/25,"& W. 6S70MC6.2, SS BWTS fitted DD","{""stem"": ""2023-09-01_clarksons-platou-hellas-snp-weekly-bulletin-86_report-01-09-2023_cc9fc1689f46"", ""source_file"": ""2023-09-01_clarksons-platou-hellas-snp-weekly-bulletin-86_report-01-09-2023_cc9fc1689f46.pdf"", ""raw_built"": ""2011 JIANGSU MAN B. RONGSHENG"", ""raw_details"": ""& W. 6S70MC6.2, SS BWTS fitted DD"", ""printed_date"": ""01/09/2023""}"
2023-09-01,2023-09-01,Bulker Sales,1,PORT STAR,Kamsarmax,"82,177",2012,"TSUNEISHI MAN ZHOUSHAN C7.2,",USD 20.2 M,U/D,07/27 03/25,B. & W. 6S60MC- SS BWTS fitted DD,"{""stem"": ""2023-09-01_clarksons-platou-hellas-snp-weekly-bulletin-86_report-01-09-2023_cc9fc1689f46"", ""source_file"": ""2023-09-01_clarksons-platou-hellas-snp-weekly-bulletin-86_report-01-09-2023_cc9fc1689f46.pdf"", ""raw_built"": ""2012 TSUNEISHI MAN ZHOUSHAN C7.2,"", ""raw_details"": ""B. & W. 6S60MC- SS BWTS fitted DD"", ""printed_date"": ""01/09/2023""}"
2023-09-01,2023-09-01,Bulker Sales,1,LOWLANDS BREEZE,Ultramax,"61,430",,MAN 2013 IWAGI 4 x 30,USD 20.8 M,U/D,07/28 RGN 07/26,"B. & W. 6S50MC- SS C8.2, DD T, BWTS fitted","{""stem"": ""2023-09-01_clarksons-platou-hellas-snp-weekly-bulletin-86_report-01-09-2023_cc9fc1689f46"", ""source_file"": ""2023-09-01_clarksons-platou-hellas-snp-weekly-bulletin-86_report-01-09-2023_cc9fc1689f46.pdf"", ""raw_built"": ""MAN 2013 IWAGI 4 x 30"", ""raw_details"": ""B. & W. 6S50MC- SS C8.2, DD T, BWTS fitted"", ""printed_date"": ""01/09/2023""}"
2023-09-01,2023-09-01,Bulker Sales,1,SEA AQUARIUS,Supramax,"53,468",,MAN 2006 IMABARI 4 x 30,USD 9.5 M,U/D,05/26 08/24,"B. & W. 6S50MC- SS C8.1, DD T, BWTS fitted","{""stem"": ""2023-09-01_clarksons-platou-hellas-snp-weekly-bulletin-86_report-01-09-2023_cc9fc1689f46"", ""source_file"": ""2023-09-01_clarksons-platou-hellas-snp-weekly-bulletin-86_report-01-09-2023_cc9fc1689f46.pdf"", ""raw_built"": ""MAN 2006 IMABARI 4 x 30"", ""raw_details"": ""B. & W. 6S50MC- SS C8.1, DD T, BWTS fitted"", ""printed_date"": ""01/09/2023""}"
2023-09-08,2023-09-08,Bulker Sales,1,CAPE CROS,Ultramax,"63,155",2014,SINOPACIFIC DAYANG,,,"08/24, 08/24",SS DD,"{""stem"": ""2023-09-08_clarksons-platou-hellas-snp-weekly-bulletin-87_report-08-09-2023_a08f1bb9d390"", ""source_file"": ""2023-09-08_clarksons-platou-hellas-snp-weekly-bulletin-87_report-08-09-2023_a08f1bb9d390.pdf"", ""raw_built"": ""2014 SINOPACIFIC DAYANG"", ""raw_details"": ""SS DD"", ""printed_date"": ""08/09/2023""}"
2023-09-08,2023-09-08,Bulker Sales,1,CALILEO,Ultramax,"63,243",2014,SINOPACIFIC MAN DAYANG,,,11/24 11/24,SS B.&W. 5S60ME-C8.2 DD,"{""stem"": ""2023-09-08_clarksons-platou-hellas-snp-weekly-bulletin-87_report-08-09-2023_a08f1bb9d390"", ""source_file"": ""2023-09-08_clarksons-platou-hellas-snp-weekly-bulletin-87_report-08-09-2023_a08f1bb9d390.pdf"", ""raw_built"": ""2014 SINOPACIFIC MAN DAYANG"", ""raw_details"": ""SS B.&W. 5S60ME-C8.2 DD"", ""printed_date"": ""08/09/2023""}"
2023-09-08,2023-09-08,Bulker Sales,1,SADLERS WELLS,Ultramax,"63,153",2015,SINOPACIFIC DAYANG,USD 86 M,GREEKS,04/25 04/25,BWTS FITTED SS DD,"{""stem"": ""2023-09-08_clarksons-platou-hellas-snp-weekly-bulletin-87_report-08-09-2023_a08f1bb9d390"", ""source_file"": ""2023-09-08_clarksons-platou-hellas-snp-weekly-bulletin-87_report-08-09-2023_a08f1bb9d390.pdf"", ""raw_built"": ""2015 SINOPACIFIC DAYANG"", ""raw_details"": ""BWTS FITTED SS DD"", ""printed_date"": ""08/09/2023""}"
2023-09-08,2023-09-08,Bulker Sales,1,GIANTS CAUSEWAY,Ultramax,"63,197",2015,SINOPACIFIC DAYANG,,,05/25 05/25,SS DD,"{""stem"": ""2023-09-08_clarksons-platou-hellas-snp-weekly-bulletin-87_report-08-09-2023_a08f1bb9d390"", ""source_file"": ""2023-09-08_clarksons-platou-hellas-snp-weekly-bulletin-87_report-08-09-2023_a08f1bb9d390.pdf"", ""raw_built"": ""2015 SINOPACIFIC DAYANG"", ""raw_details"": ""SS DD"", ""printed_date"": ""08/09/2023""}"
2023-09-08,2023-09-08,Bulker Sales,1,SANTA VIRGINIA,Ultramax,"61,271",,MAN B. 2014 IMABARI,USD 23.5 M,GREEKS,09/24 09/24,"& W. 6S50ME-C8.2, SS BWTS fitted DD","{""stem"": ""2023-09-08_clarksons-platou-hellas-snp-weekly-bulletin-87_report-08-09-2023_a08f1bb9d390"", ""source_file"": ""2023-09-08_clarksons-platou-hellas-snp-weekly-bulletin-87_report-08-09-2023_a08f1bb9d390.pdf"", ""raw_built"": ""MAN B. 2014 IMABARI"", ""raw_details"": ""& W. 6S50ME-C8.2, SS BWTS fitted DD"", ""printed_date"": ""08/09/2023""}"
2023-09-08,2023-09-08,Bulker Sales,1,KOBE STAR,Supramax,"55,857",,MAN 2016 OSHIMA,USD 22.1 M,GREEKS,01/26 01/26,"B.&W. 6S50ME-B9.3, SS BWTS fitted DD","{""stem"": ""2023-09-08_clarksons-platou-hellas-snp-weekly-bulletin-87_report-08-09-2023_a08f1bb9d390"", ""source_file"": ""2023-09-08_clarksons-platou-hellas-snp-weekly-bulletin-87_report-08-09-2023_a08f1bb9d390.pdf"", ""raw_built"": ""MAN 2016 OSHIMA"", ""raw_details"": ""B.&W. 6S50ME-B9.3, SS BWTS fitted DD"", ""printed_date"": ""08/09/2023""}"
2023-09-08,2023-09-08,Bulker Sales,1,VANTAGE SWORD,Handysize,"28,310",,MAN 2009 SHIMANAMI,USD 9 M,U/D,01/24 01/24,"B.&W. 6S42MC7.1, SS BWTS fitted DD","{""stem"": ""2023-09-08_clarksons-platou-hellas-snp-weekly-bulletin-87_report-08-09-2023_a08f1bb9d390"", ""source_file"": ""2023-09-08_clarksons-platou-hellas-snp-weekly-bulletin-87_report-08-09-2023_a08f1bb9d390.pdf"", ""raw_built"": ""MAN 2009 SHIMANAMI"", ""raw_details"": ""B.&W. 6S42MC7.1, SS BWTS fitted DD"", ""printed_date"": ""08/09/2023""}"
2023-09-08,2023-09-08,Tanker Sales,1,ANAVATOS II,Aframax,"115,459",,MAN 2009 HANJIN,USD 38.5 M,U/D,04/25 RGN 05/25,"B.&W.6S60MC-C7.2, SS DD BWTS fitted","{""stem"": ""2023-09-08_clarksons-platou-hellas-snp-weekly-bulletin-87_report-08-09-2023_a08f1bb9d390"", ""source_file"": ""2023-09-08_clarksons-platou-hellas-snp-weekly-bulletin-87_report-08-09-2023_a08f1bb9d390.pdf"", ""raw_built"": ""MAN 2009 HANJIN"", ""raw_details"": ""B.&W.6S60MC-C7.2, SS DD BWTS fitted"", ""printed_date"": ""08/09/2023""}"
2023-09-15,2023-09-15,Bulker Sales,1,GENEVA STAR,Bulker,,,"81,846 2015 TSUNEISHI (CEBU)",USD 26.9 M,CHINESE,SS 11/25 DD 11/23,MAN B. & W. 6S60ME-C8.2 BWTS fitted,"{""stem"": ""2023-09-15_clarksons-platou-hellas-snp-weekly-bulletin-88_report-15-09-2023_9f6565360e1e"", ""source_file"": ""2023-09-15_clarksons-platou-hellas-snp-weekly-bulletin-88_report-15-09-2023_9f6565360e1e.pdf"", ""raw_built"": ""81,846 2015 TSUNEISHI (CEBU)"", ""raw_details"": ""MAN B. & W. 6S60ME-C8.2 BWTS fitted"", ""printed_date"": ""15/09/2023""}"
2023-09-15,2023-09-15,Bulker Sales,1,DA YING,Bulker,,,"75,318 2003 UNIVERSAL",USD 7.5 M,CHINESE,SS 02/28 DD 11/25,MAN B. & W. 6S60MC6.1 BWTS fitted,"{""stem"": ""2023-09-15_clarksons-platou-hellas-snp-weekly-bulletin-88_report-15-09-2023_9f6565360e1e"", ""source_file"": ""2023-09-15_clarksons-platou-hellas-snp-weekly-bulletin-88_report-15-09-2023_9f6565360e1e.pdf"", ""raw_built"": ""75,318 2003 UNIVERSAL"", ""raw_details"": ""MAN B. & W. 6S60MC6.1 BWTS fitted"", ""printed_date"": ""15/09/2023""}"
2023-09-15,2023-09-15,Bulker Sales,1,OCEAN REEF,Bulker,,,"52,458 2005 TSUNEISHI (CEBU)",USD 8.6 M,U/D,SS 03/25 DD 03/25,MAN B. & W. 6S50MC6.1 BWTS fitted,"{""stem"": ""2023-09-15_clarksons-platou-hellas-snp-weekly-bulletin-88_report-15-09-2023_9f6565360e1e"", ""source_file"": ""2023-09-15_clarksons-platou-hellas-snp-weekly-bulletin-88_report-15-09-2023_9f6565360e1e.pdf"", ""raw_built"": ""52,458 2005 TSUNEISHI (CEBU)"", ""raw_details"": ""MAN B. & W. 6S50MC6.1 BWTS fitted"", ""printed_date"": ""15/09/2023""}"
2023-09-15,2023-09-15,Bulker Sales,1,GLOBAL EFFORT,Bulker,,,"37,072 2014 ONOMICHI",HIGH USD 16 M,U/D,SS 10/24 DD 10/24,MITSUBISHI 6UEC45LSE- ECO-B2 BWTS fitted,"{""stem"": ""2023-09-15_clarksons-platou-hellas-snp-weekly-bulletin-88_report-15-09-2023_9f6565360e1e"", ""source_file"": ""2023-09-15_clarksons-platou-hellas-snp-weekly-bulletin-88_report-15-09-2023_9f6565360e1e.pdf"", ""raw_built"": ""37,072 2014 ONOMICHI"", ""raw_details"": ""MITSUBISHI 6UEC45LSE- ECO-B2 BWTS fitted"", ""printed_date"": ""15/09/2023""}"
2023-09-15,2023-09-15,Tanker Sales,1,CENTENNIAL SAPPORO,Tanker,,,"110,448 2008 MITSUI",USD 35.3 M,TURKISH,SS 12/23 DD 12/23,MAN B. & W. 7S60MC6.1 BWTS fitted,"{""stem"": ""2023-09-15_clarksons-platou-hellas-snp-weekly-bulletin-88_report-15-09-2023_9f6565360e1e"", ""source_file"": ""2023-09-15_clarksons-platou-hellas-snp-weekly-bulletin-88_report-15-09-2023_9f6565360e1e.pdf"", ""raw_built"": ""110,448 2008 MITSUI"", ""raw_details"": ""MAN B. & W. 7S60MC6.1 BWTS fitted"", ""printed_date"": ""15/09/2023""}"
2023-09-22,2023-09-22,Bulker Sales,1,GRACIOUS,Capesize,"180,199",,MAN 2009 IMABARI,USD 21.9 M,CHINESE,01/24 01/24,"B.&W.6S70MC-C7.1, SS BWTS fitted DD","{""stem"": ""2023-09-22_clarksons-platou-hellas-snp-weekly-bulletin-89_report-22-09-2023_3c989c2b52f2"", ""source_file"": ""2023-09-22_clarksons-platou-hellas-snp-weekly-bulletin-89_report-22-09-2023_3c989c2b52f2.pdf"", ""raw_built"": ""MAN 2009 IMABARI"", ""raw_details"": ""B.&W.6S70MC-C7.1, SS BWTS fitted DD"", ""printed_date"": ""22/09/2023""}"
2023-09-22,2023-09-22,Bulker Sales,1,ETERNITY,Capesize,"180,199",,MAN 2009 IMABARI,USD 21.9 M,CHINESE,01/24 01/24,"B.&W.6S70MC-C7.1, SS BWTS fitted DD","{""stem"": ""2023-09-22_clarksons-platou-hellas-snp-weekly-bulletin-89_report-22-09-2023_3c989c2b52f2"", ""source_file"": ""2023-09-22_clarksons-platou-hellas-snp-weekly-bulletin-89_report-22-09-2023_3c989c2b52f2.pdf"", ""raw_built"": ""MAN 2009 IMABARI"", ""raw_details"": ""B.&W.6S70MC-C7.1, SS BWTS fitted DD"", ""printed_date"": ""22/09/2023""}"
2023-09-22,2023-09-22,Bulker Sales,1,NORD SUN,Kamsarmax,"82,146",2013,TSUNEISHI MAN CEBU,USD 20.6 M,GREEKS,10/26 09/24,"B.&W.6S60MCC7.2, SS BWTS fitted DD","{""stem"": ""2023-09-22_clarksons-platou-hellas-snp-weekly-bulletin-89_report-22-09-2023_3c989c2b52f2"", ""source_file"": ""2023-09-22_clarksons-platou-hellas-snp-weekly-bulletin-89_report-22-09-2023_3c989c2b52f2.pdf"", ""raw_built"": ""2013 TSUNEISHI MAN CEBU"", ""raw_details"": ""B.&W.6S60MCC7.2, SS BWTS fitted DD"", ""printed_date"": ""22/09/2023""}"
2023-09-22,2023-09-22,Bulker Sales,1,SANKO FORTUNE,Panamax,"74,940",,MAN 2012 SASEBO,USD 20.4 M,GREEKS,01/27 12/24,"B.&W.7S50MC-C8.2, SS BWTS fitted, DD SCRUBBER fitted","{""stem"": ""2023-09-22_clarksons-platou-hellas-snp-weekly-bulletin-89_report-22-09-2023_3c989c2b52f2"", ""source_file"": ""2023-09-22_clarksons-platou-hellas-snp-weekly-bulletin-89_report-22-09-2023_3c989c2b52f2.pdf"", ""raw_built"": ""MAN 2012 SASEBO"", ""raw_details"": ""B.&W.7S50MC-C8.2, SS BWTS fitted, DD SCRUBBER fitted"", ""printed_date"": ""22/09/2023""}"
2023-09-22,2023-09-22,Bulker Sales,1,GOLD OAK,Handysize,"37,732",,MAN 2017 SHIMANAMI,USD 24 M (BBHP),U/D,11/27 RGN 12/25,"B.&W. 6S50ME-C8.2, SS BWTS fitted DD","{""stem"": ""2023-09-22_clarksons-platou-hellas-snp-weekly-bulletin-89_report-22-09-2023_3c989c2b52f2"", ""source_file"": ""2023-09-22_clarksons-platou-hellas-snp-weekly-bulletin-89_report-22-09-2023_3c989c2b52f2.pdf"", ""raw_built"": ""MAN 2017 SHIMANAMI"", ""raw_details"": ""B.&W. 6S50ME-C8.2, SS BWTS fitted DD"", ""printed_date"": ""22/09/2023""}"
2023-09-22,2023-09-22,Bulker Sales,1,PURPLE SEA,Handysize,"35,283",2011,NANTONG MAN CHANGQINGSHA,USD 10 M,U/D,06/26 HIGH,"B.&W. 6S42MC7.2, SS BWTS fitted DD06/24","{""stem"": ""2023-09-22_clarksons-platou-hellas-snp-weekly-bulletin-89_report-22-09-2023_3c989c2b52f2"", ""source_file"": ""2023-09-22_clarksons-platou-hellas-snp-weekly-bulletin-89_report-22-09-2023_3c989c2b52f2.pdf"", ""raw_built"": ""2011 NANTONG MAN CHANGQINGSHA"", ""raw_details"": ""B.&W. 6S42MC7.2, SS BWTS fitted DD06/24"", ""printed_date"": ""22/09/2023""}"
2023-09-22,2023-09-22,Tanker Sales,1,SPOTTAIL,Panamax,"74,997",2008,MAN B. MINAMINIPPON,USD 24.5 M,INDIAN,12/23 12/23,"& W. 6S60MC6.1, SS CPP DD","{""stem"": ""2023-09-22_clarksons-platou-hellas-snp-weekly-bulletin-89_report-22-09-2023_3c989c2b52f2"", ""source_file"": ""2023-09-22_clarksons-platou-hellas-snp-weekly-bulletin-89_report-22-09-2023_3c989c2b52f2.pdf"", ""raw_built"": ""2008 MAN B. MINAMINIPPON"", ""raw_details"": ""& W. 6S60MC6.1, SS CPP DD"", ""printed_date"": ""22/09/2023""}"
2023-09-22,2023-09-22,Tanker Sales,1,HIGH JUPITER,MR,"51,528",,MAN B. 2008 STX,USD 22.4 M,INDIAN,10/23 10/23,& W. 6S50MC-C8.1 SS DD,"{""stem"": ""2023-09-22_clarksons-platou-hellas-snp-weekly-bulletin-89_report-22-09-2023_3c989c2b52f2"", ""source_file"": ""2023-09-22_clarksons-platou-hellas-snp-weekly-bulletin-89_report-22-09-2023_3c989c2b52f2.pdf"", ""raw_built"": ""MAN B. 2008 STX"", ""raw_details"": ""& W. 6S50MC-C8.1 SS DD"", ""printed_date"": ""22/09/2023""}"
2023-09-29,2023-09-29,Bulker Sales,1,SUIGO,Capesize,"174,802",2011,NAMURA,RGN USD 24 M,GREEKS,SS 11/26 DD 08/24,MAN B. & W. 6S70MC6.2 BWTS fitted,"{""stem"": ""2023-09-29_clarksons-platou-hellas-snp-weekly-bulletin-90_report-29-09-2023_a43360f024ea"", ""source_file"": ""2023-09-29_clarksons-platou-hellas-snp-weekly-bulletin-90_report-29-09-2023_a43360f024ea.pdf"", ""raw_built"": ""2011 NAMURA"", ""raw_details"": ""MAN B. & W. 6S70MC6.2 BWTS fitted"", ""printed_date"": ""29/09/2023""}"
2023-09-29,2023-09-29,Bulker Sales,1,SUPRA THESSAL,Supramax,"57,017",2010,CSC QINGSHAN,USD 11.5 M,U/D,SS 01/25 DD 01/25,MAN B. & W. 6S50MC-C8.2 BWTS fitted,"{""stem"": ""2023-09-29_clarksons-platou-hellas-snp-weekly-bulletin-90_report-29-09-2023_a43360f024ea"", ""source_file"": ""2023-09-29_clarksons-platou-hellas-snp-weekly-bulletin-90_report-29-09-2023_a43360f024ea.pdf"", ""raw_built"": ""2010 CSC QINGSHAN"", ""raw_details"": ""MAN B. & W. 6S50MC-C8.2 BWTS fitted"", ""printed_date"": ""29/09/2023""}"
2023-09-29,2023-09-29,Bulker Sales,1,HEILAN SONG,Bulker,,2011,"TIANJIN 56,851 XINGANG",LOW USD 13 M,CHINESE,SS 12/26 DD 12/24,MAN B. & W. 6S50MC-C8.2 BWTS fitted,"{""stem"": ""2023-09-29_clarksons-platou-hellas-snp-weekly-bulletin-90_report-29-09-2023_a43360f024ea"", ""source_file"": ""2023-09-29_clarksons-platou-hellas-snp-weekly-bulletin-90_report-29-09-2023_a43360f024ea.pdf"", ""raw_built"": ""2011 TIANJIN 56,851 XINGANG"", ""raw_details"": ""MAN B. & W. 6S50MC-C8.2 BWTS fitted"", ""printed_date"": ""29/09/2023""}"
2023-09-29,2023-09-29,Bulker Sales,1,FUNING,Bulker,,,"39,784 2015 CHENGXI",USD 19.5 EACH,USA BASED,SS 10/25 DD 11/23,FLEX50-B BWTS fitted,"{""stem"": ""2023-09-29_clarksons-platou-hellas-snp-weekly-bulletin-90_report-29-09-2023_a43360f024ea"", ""source_file"": ""2023-09-29_clarksons-platou-hellas-snp-weekly-bulletin-90_report-29-09-2023_a43360f024ea.pdf"", ""raw_built"": ""39,784 2015 CHENGXI"", ""raw_details"": ""FLEX50-B BWTS fitted"", ""printed_date"": ""29/09/2023""}"
2023-09-29,2023-09-29,Tanker Sales,1,PYXIS EPSILON,MR,"50,295",2015,SPP,USD 40.75M,USA BASED,SS 01/25 DD 01/25,MAN B. & W. 6S50ME-B9.2 BWTS fitted,"{""stem"": ""2023-09-29_clarksons-platou-hellas-snp-weekly-bulletin-90_report-29-09-2023_a43360f024ea"", ""source_file"": ""2023-09-29_clarksons-platou-hellas-snp-weekly-bulletin-90_report-29-09-2023_a43360f024ea.pdf"", ""raw_built"": ""2015 SPP"", ""raw_details"": ""MAN B. & W. 6S50ME-B9.2 BWTS fitted"", ""printed_date"": ""29/09/2023""}"
2023-09-29,2023-09-29,Tanker Sales,1,SHANDONG ZIHE,Handysize,"40,059",2004,SHINA,USD 14.45M VIA AUCTION,U/D,SS 03/24 DD 03/24,MAN B. & W. 6S50MC6.1 BWTS fitted,"{""stem"": ""2023-09-29_clarksons-platou-hellas-snp-weekly-bulletin-90_report-29-09-2023_a43360f024ea"", ""source_file"": ""2023-09-29_clarksons-platou-hellas-snp-weekly-bulletin-90_report-29-09-2023_a43360f024ea.pdf"", ""raw_built"": ""2004 SHINA"", ""raw_details"": ""MAN B. & W. 6S50MC6.1 BWTS fitted"", ""printed_date"": ""29/09/2023""}"
2023-10-06,2023-10-06,Bulker Sales,1,AM GIJON,Capesize,"178,462",,MAN 2011 MITSUI,25.75 M,GREEKS,11/25 USD 11/23,"B.& W. 6S70MC- SS C7.2, DD BWTS fitted","{""stem"": ""2023-10-06_clarksons-platou-hellas-snp-weekly-bulletin-91_report-06-10-2023_7981d2504db0"", ""source_file"": ""2023-10-06_clarksons-platou-hellas-snp-weekly-bulletin-91_report-06-10-2023_7981d2504db0.pdf"", ""raw_built"": ""MAN 2011 MITSUI"", ""raw_details"": ""B.& W. 6S70MC- SS C7.2, DD BWTS fitted"", ""printed_date"": ""06/10/2023""}"
2023-10-06,2023-10-06,Bulker Sales,1,CAPE STAR,Capesize,"175,366",2010,JIANGSU MAN B. RONGSHENG,USD 21.5 M,U/D,07/25 07/25,"& W. 6S70MC6.2, SS BWTS fitted DD","{""stem"": ""2023-10-06_clarksons-platou-hellas-snp-weekly-bulletin-91_report-06-10-2023_7981d2504db0"", ""source_file"": ""2023-10-06_clarksons-platou-hellas-snp-weekly-bulletin-91_report-06-10-2023_7981d2504db0.pdf"", ""raw_built"": ""2010 JIANGSU MAN B. RONGSHENG"", ""raw_details"": ""& W. 6S70MC6.2, SS BWTS fitted DD"", ""printed_date"": ""06/10/2023""}"
2023-10-06,2023-10-06,Bulker Sales,1,KUNO OLDENDORFF,Kamsarmax,"82,206",2022,JIANGSU NEW MAN HANTONG,USD 33 M,GREEKS,10/27 10/25,"B. & W. 6S60ME- SS C10.5, DD BWTS fitted","{""stem"": ""2023-10-06_clarksons-platou-hellas-snp-weekly-bulletin-91_report-06-10-2023_7981d2504db0"", ""source_file"": ""2023-10-06_clarksons-platou-hellas-snp-weekly-bulletin-91_report-06-10-2023_7981d2504db0.pdf"", ""raw_built"": ""2022 JIANGSU NEW MAN HANTONG"", ""raw_details"": ""B. & W. 6S60ME- SS C10.5, DD BWTS fitted"", ""printed_date"": ""06/10/2023""}"
2023-10-06,2023-10-06,Bulker Sales,1,LORD STAR,Kamsarmax,"82,830",,MAN 2013 SANOYAS BWTS,USD 23.8,U/D,06/27 03/24,"B. & W. 6S60MC- C8.2, SS fitted, SCRUBBER DD fitted","{""stem"": ""2023-10-06_clarksons-platou-hellas-snp-weekly-bulletin-91_report-06-10-2023_7981d2504db0"", ""source_file"": ""2023-10-06_clarksons-platou-hellas-snp-weekly-bulletin-91_report-06-10-2023_7981d2504db0.pdf"", ""raw_built"": ""MAN 2013 SANOYAS BWTS"", ""raw_details"": ""B. & W. 6S60MC- C8.2, SS fitted, SCRUBBER DD fitted"", ""printed_date"": ""06/10/2023""}"
2023-10-06,2023-10-06,Bulker Sales,1,AOM GEORGINA,Kamsarmax,"82,146",,MAN 2014 TSUNEISHI CEBU BWTS,USD 24.8 M,INDIAN,04/27 05/25,"B. & W. 6S60MC- C7.2 SS fitted, SCRUBBER DD fitted","{""stem"": ""2023-10-06_clarksons-platou-hellas-snp-weekly-bulletin-91_report-06-10-2023_7981d2504db0"", ""source_file"": ""2023-10-06_clarksons-platou-hellas-snp-weekly-bulletin-91_report-06-10-2023_7981d2504db0.pdf"", ""raw_built"": ""MAN 2014 TSUNEISHI CEBU BWTS"", ""raw_details"": ""B. & W. 6S60MC- C7.2 SS fitted, SCRUBBER DD fitted"", ""printed_date"": ""06/10/2023""}"
2023-10-06,2023-10-06,Bulker Sales,1,YANGTZE XING JIN,Kamsarmax,"81,649",,MAN 2012 LONGXUE,USD 20 M,U/D,11/27 11/25,"B. & W. 5S60MC- SS C7.2, DD BWTS fitted","{""stem"": ""2023-10-06_clarksons-platou-hellas-snp-weekly-bulletin-91_report-06-10-2023_7981d2504db0"", ""source_file"": ""2023-10-06_clarksons-platou-hellas-snp-weekly-bulletin-91_report-06-10-2023_7981d2504db0.pdf"", ""raw_built"": ""MAN 2012 LONGXUE"", ""raw_details"": ""B. & W. 5S60MC- SS C7.2, DD BWTS fitted"", ""printed_date"": ""06/10/2023""}"
2023-10-06,2023-10-06,Bulker Sales,1,VINAYAK,Supramax,"58,470",2009,TSUNEISHI MAN ZHOUSHAN,USD 15 M,INDONESIAN,09/24 09/24,"B. & W. 6S50MC- SS C8.2, DD BWTS fitted","{""stem"": ""2023-10-06_clarksons-platou-hellas-snp-weekly-bulletin-91_report-06-10-2023_7981d2504db0"", ""source_file"": ""2023-10-06_clarksons-platou-hellas-snp-weekly-bulletin-91_report-06-10-2023_7981d2504db0.pdf"", ""raw_built"": ""2009 TSUNEISHI MAN ZHOUSHAN"", ""raw_details"": ""B. & W. 6S50MC- SS C8.2, DD BWTS fitted"", ""printed_date"": ""06/10/2023""}"
2023-10-06,2023-10-06,Tanker Sales,1,CRUDESUN,Aframax,"115,643 115,643",,MAN 2018 DAEHAN,USD 70 M S. EACH,KOREAN,07/28 07/26 RGN,"SS DD B. & W. 6G60ME- C9.5, BWTS fitted","{""stem"": ""2023-10-06_clarksons-platou-hellas-snp-weekly-bulletin-91_report-06-10-2023_7981d2504db0"", ""source_file"": ""2023-10-06_clarksons-platou-hellas-snp-weekly-bulletin-91_report-06-10-2023_7981d2504db0.pdf"", ""raw_built"": ""MAN 2018 DAEHAN"", ""raw_details"": ""SS DD B. & W. 6G60ME- C9.5, BWTS fitted"", ""printed_date"": ""06/10/2023""}"
2023-10-06,2023-10-06,Tanker Sales,1,CRUDEMED,Aframax,"115,643",,MAN 2018 DAEHAN,USD 70 M S. EACH,KOREAN,RGN 07/28 07/26,"B. & W. 6G60ME- C9.5, BWTS fitted SS DD","{""stem"": ""2023-10-06_clarksons-platou-hellas-snp-weekly-bulletin-91_report-06-10-2023_7981d2504db0"", ""source_file"": ""2023-10-06_clarksons-platou-hellas-snp-weekly-bulletin-91_report-06-10-2023_7981d2504db0.pdf"", ""raw_built"": ""MAN 2018 DAEHAN"", ""raw_details"": ""B. & W. 6G60ME- C9.5, BWTS fitted SS DD"", ""printed_date"": ""06/10/2023""}"
2023-10-06,2023-10-06,Tanker Sales,1,EVINOS,MR,"49,997",,MAN B. 2013 STX,USD 33.7M,U/D,04/23 04/23,"& W. 6S50ME-C8.1, SS BWTS fitted DD","{""stem"": ""2023-10-06_clarksons-platou-hellas-snp-weekly-bulletin-91_report-06-10-2023_7981d2504db0"", ""source_file"": ""2023-10-06_clarksons-platou-hellas-snp-weekly-bulletin-91_report-06-10-2023_7981d2504db0.pdf"", ""raw_built"": ""MAN B. 2013 STX"", ""raw_details"": ""& W. 6S50ME-C8.1, SS BWTS fitted DD"", ""printed_date"": ""06/10/2023""}"
2023-10-13,2023-10-13,Bulker Sales,1,MINERAL SHOUGANG INTERNATIONAL,Capesize,"180,171",2009,DALIAN,USD 22.7 M,U/D,SS 07/24 DD 07/24,MAN B. & W. 6S70MC-C7.2 SCRUBBER fitted,"{""stem"": ""2023-10-13_clarksons-platou-hellas-snp-weekly-bulletin-92_report-13-10-2023_adddb28d298e"", ""source_file"": ""2023-10-13_clarksons-platou-hellas-snp-weekly-bulletin-92_report-13-10-2023_adddb28d298e.pdf"", ""raw_built"": ""2009 DALIAN"", ""raw_details"": ""MAN B. & W. 6S70MC-C7.2 SCRUBBER fitted"", ""printed_date"": ""13/10/2023""}"
2023-10-13,2023-10-13,Bulker Sales,1,EAST TRADER,Capesize,"175,886",2009,JINHAIWAN,MID USD 18 M,GREEKS,SS 10/24 DD 10/24,MAN B. & W. 6S70MC6.1 BWTS fitted,"{""stem"": ""2023-10-13_clarksons-platou-hellas-snp-weekly-bulletin-92_report-13-10-2023_adddb28d298e"", ""source_file"": ""2023-10-13_clarksons-platou-hellas-snp-weekly-bulletin-92_report-13-10-2023_adddb28d298e.pdf"", ""raw_built"": ""2009 JINHAIWAN"", ""raw_details"": ""MAN B. & W. 6S70MC6.1 BWTS fitted"", ""printed_date"": ""13/10/2023""}"
2023-10-13,2023-10-13,Bulker Sales,1,ROYAL FUKUYAMA,Kamsarmax,"82,224",2013,TSUNEISHI ZOSEN,RGN USD 23 M,GREEKS,SS 07/28 DD 04/26,C7.2 BWTS fitted,"{""stem"": ""2023-10-13_clarksons-platou-hellas-snp-weekly-bulletin-92_report-13-10-2023_adddb28d298e"", ""source_file"": ""2023-10-13_clarksons-platou-hellas-snp-weekly-bulletin-92_report-13-10-2023_adddb28d298e.pdf"", ""raw_built"": ""2013 TSUNEISHI ZOSEN"", ""raw_details"": ""C7.2 BWTS fitted"", ""printed_date"": ""13/10/2023""}"
2023-10-13,2023-10-13,Bulker Sales,1,BOYANG GARNET,Panamax,"75,674",2007,SANOYAS,USD 12.2 M,VIETNAMESE,SS 03/25 DD 03/25,C8.1 BWTS fitted,"{""stem"": ""2023-10-13_clarksons-platou-hellas-snp-weekly-bulletin-92_report-13-10-2023_adddb28d298e"", ""source_file"": ""2023-10-13_clarksons-platou-hellas-snp-weekly-bulletin-92_report-13-10-2023_adddb28d298e.pdf"", ""raw_built"": ""2007 SANOYAS"", ""raw_details"": ""C8.1 BWTS fitted"", ""printed_date"": ""13/10/2023""}"
2023-10-13,2023-10-13,Bulker Sales,1,SANTA FRANCESCA,Ultramax,"61,250",2016,SHIN KASADO,USD 26.8 M,GREEKS,SS 01/26 DD 01/24,B9.3 BWTS fitted,"{""stem"": ""2023-10-13_clarksons-platou-hellas-snp-weekly-bulletin-92_report-13-10-2023_adddb28d298e"", ""source_file"": ""2023-10-13_clarksons-platou-hellas-snp-weekly-bulletin-92_report-13-10-2023_adddb28d298e.pdf"", ""raw_built"": ""2016 SHIN KASADO"", ""raw_details"": ""B9.3 BWTS fitted"", ""printed_date"": ""13/10/2023""}"
2023-10-13,2023-10-13,Bulker Sales,1,RHL CLARITA,Supramax,"53,825",2008,CHENGXI,MID USD 9 M,U/D,SS 03/28 DD 03/25,C8.1 BWTS fitted,"{""stem"": ""2023-10-13_clarksons-platou-hellas-snp-weekly-bulletin-92_report-13-10-2023_adddb28d298e"", ""source_file"": ""2023-10-13_clarksons-platou-hellas-snp-weekly-bulletin-92_report-13-10-2023_adddb28d298e.pdf"", ""raw_built"": ""2008 CHENGXI"", ""raw_details"": ""C8.1 BWTS fitted"", ""printed_date"": ""13/10/2023""}"
2023-10-13,2023-10-13,Bulker Sales,1,RED SEA,Handysize,"35,214",2011,NANTONG CHANGQINGSHA,LOW USD 11 M,U/D,SS 08/26 DD 11/24,MAN B. & W. 6S42MC7.2 BWTS fitted,"{""stem"": ""2023-10-13_clarksons-platou-hellas-snp-weekly-bulletin-92_report-13-10-2023_adddb28d298e"", ""source_file"": ""2023-10-13_clarksons-platou-hellas-snp-weekly-bulletin-92_report-13-10-2023_adddb28d298e.pdf"", ""raw_built"": ""2011 NANTONG CHANGQINGSHA"", ""raw_details"": ""MAN B. & W. 6S42MC7.2 BWTS fitted"", ""printed_date"": ""13/10/2023""}"
2023-10-13,2023-10-13,Tanker Sales,1,A huge transaction concerning modern eco VLCC's from,Tanker,concerning VLCC from c/o Euronav,,tonnage has been reported (as sellers). The deal and 2023.,24 2015 USD 2.35 B,NORWEGIAN c/o Frontline,(as buyers) of ranging from,involving c/o Frontline involves Korean built vessels,"{""stem"": ""2023-10-13_clarksons-platou-hellas-snp-weekly-bulletin-92_report-13-10-2023_adddb28d298e"", ""source_file"": ""2023-10-13_clarksons-platou-hellas-snp-weekly-bulletin-92_report-13-10-2023_adddb28d298e.pdf"", ""raw_built"": ""tonnage has been reported (as sellers). The deal and 2023."", ""raw_details"": ""involving c/o Frontline involves Korean built vessels"", ""printed_date"": ""13/10/2023""}"
2023-10-20,2023-10-20,Bulker Sales,1,CYMONA IRON,Capesize,"176,505",,MAN B. 2011 SWS,USD 27 M MIDDLE,EASTERN,01/26 RGN 08/25,"& W. 6S70MC6.2 SS BWTS fitted, DD SCRUBBER fitted","{""stem"": ""2023-10-20_clarksons-platou-hellas-snp-weekly-bulletin-93_report-20-10-2023-copy_28abcb67255a"", ""source_file"": ""2023-10-20_clarksons-platou-hellas-snp-weekly-bulletin-93_report-20-10-2023-copy_28abcb67255a.pdf"", ""raw_built"": ""MAN B. 2011 SWS"", ""raw_details"": ""& W. 6S70MC6.2 SS BWTS fitted, DD SCRUBBER fitted"", ""printed_date"": ""20/10/2023""}"
2023-10-20,2023-10-20,Bulker Sales,1,LADY MARITE,Kamsarmax,"83,610",,MAN B. 2009 SHIN KASADO,USD 15 M,U/D,11/24 HIGH 11/24,& W. 6S60MC6.1 SS BWTS fitted DD,"{""stem"": ""2023-10-20_clarksons-platou-hellas-snp-weekly-bulletin-93_report-20-10-2023-copy_28abcb67255a"", ""source_file"": ""2023-10-20_clarksons-platou-hellas-snp-weekly-bulletin-93_report-20-10-2023-copy_28abcb67255a.pdf"", ""raw_built"": ""MAN B. 2009 SHIN KASADO"", ""raw_details"": ""& W. 6S60MC6.1 SS BWTS fitted DD"", ""printed_date"": ""20/10/2023""}"
2023-10-20,2023-10-20,Bulker Sales,1,ATLANTIC ISLAND,Ultramax,"61,311",,MAN 2014 IWAGI,USD 24 M,GREEKS,07/24 RGN 07/24,B. & W. 6S50MC- SS C8.2 DD,"{""stem"": ""2023-10-20_clarksons-platou-hellas-snp-weekly-bulletin-93_report-20-10-2023-copy_28abcb67255a"", ""source_file"": ""2023-10-20_clarksons-platou-hellas-snp-weekly-bulletin-93_report-20-10-2023-copy_28abcb67255a.pdf"", ""raw_built"": ""MAN 2014 IWAGI"", ""raw_details"": ""B. & W. 6S50MC- SS C8.2 DD"", ""printed_date"": ""20/10/2023""}"
2023-10-20,2023-10-20,Tanker Sales,1,GH AUSTEN,MR,"49,999",,MAN B. 2008 GSI,USD 23 M,U/D,03/24 03/24,& W. 6S50MC-C8.2 SS BWTS fitted DD,"{""stem"": ""2023-10-20_clarksons-platou-hellas-snp-weekly-bulletin-93_report-20-10-2023-copy_28abcb67255a"", ""source_file"": ""2023-10-20_clarksons-platou-hellas-snp-weekly-bulletin-93_report-20-10-2023-copy_28abcb67255a.pdf"", ""raw_built"": ""MAN B. 2008 GSI"", ""raw_details"": ""& W. 6S50MC-C8.2 SS BWTS fitted DD"", ""printed_date"": ""20/10/2023""}"
2023-10-20,2023-10-20,Tanker Sales,1,UOG HELIOS,Handysize,"46, 093",,MAN B. 2009 HMD,USD 25.5 M,U/D,04/24 05/25,& W. 6S50MC-C7.1 SS BWTS fitted DD MITSUBISHI 6UEC60LA,"{""stem"": ""2023-10-20_clarksons-platou-hellas-snp-weekly-bulletin-93_report-20-10-2023-copy_28abcb67255a"", ""source_file"": ""2023-10-20_clarksons-platou-hellas-snp-weekly-bulletin-93_report-20-10-2023-copy_28abcb67255a.pdf"", ""raw_built"": ""MAN B. 2009 HMD"", ""raw_details"": ""& W. 6S50MC-C7.1 SS BWTS fitted DD MITSUBISHI 6UEC60LA"", ""printed_date"": ""20/10/2023""}"
2023-10-20,2023-10-20,Tanker Sales,1,FORMOSA,MR,"45,706",2005,SHIN KURUSHIMA,USD 18 M,U/D,03/25 03/25,"MITSUBISHI 6UEC60LA BWTS fitted, SS SCRUBBER fitted, DD","{""stem"": ""2023-10-20_clarksons-platou-hellas-snp-weekly-bulletin-93_report-20-10-2023-copy_28abcb67255a"", ""source_file"": ""2023-10-20_clarksons-platou-hellas-snp-weekly-bulletin-93_report-20-10-2023-copy_28abcb67255a.pdf"", ""raw_built"": ""2005 SHIN KURUSHIMA"", ""raw_details"": ""MITSUBISHI 6UEC60LA BWTS fitted, SS SCRUBBER fitted, DD"", ""printed_date"": ""20/10/2023""}"
2023-10-20,2023-10-20,Tanker Sales,1,THIRTHEEN,MR,"45,706",,KURUSHIMA,USD 18 M,U/D,03/25 03/25,"BWTS fitted, SS SCRUBBER fitted, DD ZINC coated","{""stem"": ""2023-10-20_clarksons-platou-hellas-snp-weekly-bulletin-93_report-20-10-2023-copy_28abcb67255a"", ""source_file"": ""2023-10-20_clarksons-platou-hellas-snp-weekly-bulletin-93_report-20-10-2023-copy_28abcb67255a.pdf"", ""raw_built"": ""KURUSHIMA"", ""raw_details"": ""BWTS fitted, SS SCRUBBER fitted, DD ZINC coated"", ""printed_date"": ""20/10/2023""}"
2023-10-20,2023-10-20,Tanker Sales,1,SUNNY SKY,Handysize,"38,375",,MAN B. 2008 GSI,USD 18.5 M,U/D,03/28 06/26,& W. 6S50MC-C7.1 SS BWTS fitted DD,"{""stem"": ""2023-10-20_clarksons-platou-hellas-snp-weekly-bulletin-93_report-20-10-2023-copy_28abcb67255a"", ""source_file"": ""2023-10-20_clarksons-platou-hellas-snp-weekly-bulletin-93_report-20-10-2023-copy_28abcb67255a.pdf"", ""raw_built"": ""MAN B. 2008 GSI"", ""raw_details"": ""& W. 6S50MC-C7.1 SS BWTS fitted DD"", ""printed_date"": ""20/10/2023""}"
2023-10-20,2023-10-20,Tanker Sales,1,BALTIC MARINER I,Handysize,"37,304",,MAN B. 2006 HMD BWTS,USD 18.5 M,U/D,10/26 05/26,"& W. 6S50MC-C8.1 SS fitted, ICE 1B DD","{""stem"": ""2023-10-20_clarksons-platou-hellas-snp-weekly-bulletin-93_report-20-10-2023-copy_28abcb67255a"", ""source_file"": ""2023-10-20_clarksons-platou-hellas-snp-weekly-bulletin-93_report-20-10-2023-copy_28abcb67255a.pdf"", ""raw_built"": ""MAN B. 2006 HMD BWTS"", ""raw_details"": ""& W. 6S50MC-C8.1 SS fitted, ICE 1B DD"", ""printed_date"": ""20/10/2023""}"
2023-10-27,2023-10-27,Bulker Sales,1,ASL NEPTUNE,Kamsarmax,"82,372",2009,OSHIMA,USD 16.2 M,GREEKS,SS 04/24 DD 04/24,MAN B. & W. 5S60MC C8.2 BWTS fitted,"{""stem"": ""2023-10-27_clarksons-platou-hellas-snp-weekly-bulletin-94_report-27-10-2023_15ede91ba3b0"", ""source_file"": ""2023-10-27_clarksons-platou-hellas-snp-weekly-bulletin-94_report-27-10-2023_15ede91ba3b0.pdf"", ""raw_built"": ""2009 OSHIMA"", ""raw_details"": ""MAN B. & W. 5S60MC C8.2 BWTS fitted"", ""printed_date"": ""27/10/2023""}"
2023-10-27,2023-10-27,Bulker Sales,1,BRENDA,Kamsarmax,"81,005",2014,JMU,USD 27.4 M,U/D,SS 08/24 DD 08/24,BWTS fitted SCRUBBER fitted,"{""stem"": ""2023-10-27_clarksons-platou-hellas-snp-weekly-bulletin-94_report-27-10-2023_15ede91ba3b0"", ""source_file"": ""2023-10-27_clarksons-platou-hellas-snp-weekly-bulletin-94_report-27-10-2023_15ede91ba3b0.pdf"", ""raw_built"": ""2014 JMU"", ""raw_details"": ""BWTS fitted SCRUBBER fitted"", ""printed_date"": ""27/10/2023""}"
2023-10-27,2023-10-27,Bulker Sales,1,IOANNA POL,Supramax,"50,238",2004,MITSUI,HIGH USD 7 M,CHINESE,SS 06/24 DD 06/24,MAN B. & W. 6S50MC-C8.1 BWTS fitted,"{""stem"": ""2023-10-27_clarksons-platou-hellas-snp-weekly-bulletin-94_report-27-10-2023_15ede91ba3b0"", ""source_file"": ""2023-10-27_clarksons-platou-hellas-snp-weekly-bulletin-94_report-27-10-2023_15ede91ba3b0.pdf"", ""raw_built"": ""2004 MITSUI"", ""raw_details"": ""MAN B. & W. 6S50MC-C8.1 BWTS fitted"", ""printed_date"": ""27/10/2023""}"
2023-10-27,2023-10-27,Bulker Sales,1,MAJESTY STAR,Handysize,"33,382",2013,SHIN KURUSHIMA,RGN USD 16 M,U/D,SS 05/28 DD 06/26,MITSUBISHI 6UEC45LSE-1 BWTS fitted,"{""stem"": ""2023-10-27_clarksons-platou-hellas-snp-weekly-bulletin-94_report-27-10-2023_15ede91ba3b0"", ""source_file"": ""2023-10-27_clarksons-platou-hellas-snp-weekly-bulletin-94_report-27-10-2023_15ede91ba3b0.pdf"", ""raw_built"": ""2013 SHIN KURUSHIMA"", ""raw_details"": ""MITSUBISHI 6UEC45LSE-1 BWTS fitted"", ""printed_date"": ""27/10/2023""}"
2023-10-27,2023-10-27,Tanker Sales,1,JAMES COOK,MR,"49,996",2013,STX,MID USD 34 M,U/D,SS 06/28 DD 06/26,MAN B. & W. 6S50ME-C8.1 BWTS fitted,"{""stem"": ""2023-10-27_clarksons-platou-hellas-snp-weekly-bulletin-94_report-27-10-2023_15ede91ba3b0"", ""source_file"": ""2023-10-27_clarksons-platou-hellas-snp-weekly-bulletin-94_report-27-10-2023_15ede91ba3b0.pdf"", ""raw_built"": ""2013 STX"", ""raw_details"": ""MAN B. & W. 6S50ME-C8.1 BWTS fitted"", ""printed_date"": ""27/10/2023""}"
2023-10-27,2023-10-27,Tanker Sales,1,NORD STEADY,MR,"49,996",2013,STX,HIGH USD 34 M,U/D,SS 04/28 DD 05/26,MAN B. & W. 6S50ME-C8.1 BWTS fitted,"{""stem"": ""2023-10-27_clarksons-platou-hellas-snp-weekly-bulletin-94_report-27-10-2023_15ede91ba3b0"", ""source_file"": ""2023-10-27_clarksons-platou-hellas-snp-weekly-bulletin-94_report-27-10-2023_15ede91ba3b0.pdf"", ""raw_built"": ""2013 STX"", ""raw_details"": ""MAN B. & W. 6S50ME-C8.1 BWTS fitted"", ""printed_date"": ""27/10/2023""}"
2023-11-10,2023-11-10,Bulker Sales,1,XIN BIN HAI,Capesize,"180,086",,MAN 2010 DALIAN,USD 21.5 M,GREEKS,03/25 03/25,B.&W. 6S70MC-C7.2 SS BWTS fitted DD,"{""stem"": ""2023-11-10_clarksons-platou-hellas-snp-weekly-bulletin-95_report-10-11-2023_c64234fb3851"", ""source_file"": ""2023-11-10_clarksons-platou-hellas-snp-weekly-bulletin-95_report-10-11-2023_c64234fb3851.pdf"", ""raw_built"": ""MAN 2010 DALIAN"", ""raw_details"": ""B.&W. 6S70MC-C7.2 SS BWTS fitted DD"", ""printed_date"": ""10/11/2023""}"
2023-11-10,2023-11-10,Bulker Sales,1,ROYAL KNIGHT,Supramax,"58,721",,MAN 2013 KAWASAKI,USD 19.5 M,GREEKS,01/28 09/25,"B. & W. 6S50MC- SS C8.2, DD BWTS fitted","{""stem"": ""2023-11-10_clarksons-platou-hellas-snp-weekly-bulletin-95_report-10-11-2023_c64234fb3851"", ""source_file"": ""2023-11-10_clarksons-platou-hellas-snp-weekly-bulletin-95_report-10-11-2023_c64234fb3851.pdf"", ""raw_built"": ""MAN 2013 KAWASAKI"", ""raw_details"": ""B. & W. 6S50MC- SS C8.2, DD BWTS fitted"", ""printed_date"": ""10/11/2023""}"
2023-11-10,2023-11-10,Bulker Sales,1,SEACON DALIAN,Supramax,"57,005",2010,COSCO MAN ZHOUSHAN,USD 12.8 M,INDONESIANS,08/25 08/25,B.&W. 6S50MC-C8.2 SS BWTS fitted DD,"{""stem"": ""2023-11-10_clarksons-platou-hellas-snp-weekly-bulletin-95_report-10-11-2023_c64234fb3851"", ""source_file"": ""2023-11-10_clarksons-platou-hellas-snp-weekly-bulletin-95_report-10-11-2023_c64234fb3851.pdf"", ""raw_built"": ""2010 COSCO MAN ZHOUSHAN"", ""raw_details"": ""B.&W. 6S50MC-C8.2 SS BWTS fitted DD"", ""printed_date"": ""10/11/2023""}"
2023-11-10,2023-11-10,Tanker Sales,1,TORM MARINA,Aframax,"109,672",,Wartsila 2007 DALIAN,USD 36.5 M,U/D,03/25 03/25,2-stroke 7RT- flex58T-B SS BWTS fitted DD SCRUBBER fitted,"{""stem"": ""2023-11-10_clarksons-platou-hellas-snp-weekly-bulletin-95_report-10-11-2023_c64234fb3851"", ""source_file"": ""2023-11-10_clarksons-platou-hellas-snp-weekly-bulletin-95_report-10-11-2023_c64234fb3851.pdf"", ""raw_built"": ""Wartsila 2007 DALIAN"", ""raw_details"": ""2-stroke 7RT- flex58T-B SS BWTS fitted DD SCRUBBER fitted"", ""printed_date"": ""10/11/2023""}"
2023-11-10,2023-11-10,Tanker Sales,1,TORM ESTRID,Panamax,"74,999",,MAN B. 2004 HHI,USD 19.5 M,CHINESE,01/24 01/24,"& W. 6S60MC-C7.1 SS BWTS fitted, CPP DD","{""stem"": ""2023-11-10_clarksons-platou-hellas-snp-weekly-bulletin-95_report-10-11-2023_c64234fb3851"", ""source_file"": ""2023-11-10_clarksons-platou-hellas-snp-weekly-bulletin-95_report-10-11-2023_c64234fb3851.pdf"", ""raw_built"": ""MAN B. 2004 HHI"", ""raw_details"": ""& W. 6S60MC-C7.1 SS BWTS fitted, CPP DD"", ""printed_date"": ""10/11/2023""}"
2023-11-10,2023-11-10,Tanker Sales,1,TORM ISMINI,Panamax,"74,999",,MAN B. 2004 HHI,USD 20.5 M,CHINESE,06/24 06/24,"& W. 6S60MC-C7.1 BWTS fitted SS SCRUBBER fitted, CPP DD","{""stem"": ""2023-11-10_clarksons-platou-hellas-snp-weekly-bulletin-95_report-10-11-2023_c64234fb3851"", ""source_file"": ""2023-11-10_clarksons-platou-hellas-snp-weekly-bulletin-95_report-10-11-2023_c64234fb3851.pdf"", ""raw_built"": ""MAN B. 2004 HHI"", ""raw_details"": ""& W. 6S60MC-C7.1 BWTS fitted SS SCRUBBER fitted, CPP DD"", ""printed_date"": ""10/11/2023""}"
2023-11-10,2023-11-10,Tanker Sales,1,DICTADOR,Handysize,"34,746",,WinGD 2019 MAWEI MAN,USD 29.2 M,U/D,11/24 11/24 03/27,6X35-B - 2-stroke SS BWTS fitted DD B. & W. 6S35MC6.1 SS,"{""stem"": ""2023-11-10_clarksons-platou-hellas-snp-weekly-bulletin-95_report-10-11-2023_c64234fb3851"", ""source_file"": ""2023-11-10_clarksons-platou-hellas-snp-weekly-bulletin-95_report-10-11-2023_c64234fb3851.pdf"", ""raw_built"": ""WinGD 2019 MAWEI MAN"", ""raw_details"": ""6X35-B - 2-stroke SS BWTS fitted DD B. & W. 6S35MC6.1 SS"", ""printed_date"": ""10/11/2023""}"
2023-11-10,2023-11-10,Tanker Sales,1,DOLPHIN 02,Handysize,"13,062",,MAN 2007 21st CENTURY,USD 18 M,U/D,03/27 06/25,B. & W. 6S35MC6.1 SS BWTS fitted DD,"{""stem"": ""2023-11-10_clarksons-platou-hellas-snp-weekly-bulletin-95_report-10-11-2023_c64234fb3851"", ""source_file"": ""2023-11-10_clarksons-platou-hellas-snp-weekly-bulletin-95_report-10-11-2023_c64234fb3851.pdf"", ""raw_built"": ""MAN 2007 21st CENTURY"", ""raw_details"": ""B. & W. 6S35MC6.1 SS BWTS fitted DD"", ""printed_date"": ""10/11/2023""}"
2023-11-10,2023-11-10,Tanker Sales,1,DOLPHIN 03,Handysize,"13,062",,MAN 2007 21st CENTURY,USD 18 M,U/D,12/27 12/25,B. & W. 6S35MC6.1 SS BWTS fitted DD,"{""stem"": ""2023-11-10_clarksons-platou-hellas-snp-weekly-bulletin-95_report-10-11-2023_c64234fb3851"", ""source_file"": ""2023-11-10_clarksons-platou-hellas-snp-weekly-bulletin-95_report-10-11-2023_c64234fb3851.pdf"", ""raw_built"": ""MAN 2007 21st CENTURY"", ""raw_details"": ""B. & W. 6S35MC6.1 SS BWTS fitted DD"", ""printed_date"": ""10/11/2023""}"
2023-11-17,2023-11-17,Bulker Sales,1,FRONTIER BRILLIACE,Capesize,"181,412",,MAN 2013 IMABARI,USD 30.5 M,U/D,09/26 11/24,B.&W. 6S70MC-C8.2 SS BWTS fitted DD,"{""stem"": ""2023-11-17_clarksons-platou-hellas-snp-weekly-bulletin-96_report-17-11-2023_cb68109e5720"", ""source_file"": ""2023-11-17_clarksons-platou-hellas-snp-weekly-bulletin-96_report-17-11-2023_cb68109e5720.pdf"", ""raw_built"": ""MAN 2013 IMABARI"", ""raw_details"": ""B.&W. 6S70MC-C8.2 SS BWTS fitted DD"", ""printed_date"": ""17/11/2023""}"
2023-11-17,2023-11-17,Bulker Sales,1,HONOR,Capesize,"179,469 179,469",,MAN 2011 HHI,USD 49.5 M,GREEKS,09/26 11/24,B.&W. 6S70MC-C7.2 SS BWTS fitted DD,"{""stem"": ""2023-11-17_clarksons-platou-hellas-snp-weekly-bulletin-96_report-17-11-2023_cb68109e5720"", ""source_file"": ""2023-11-17_clarksons-platou-hellas-snp-weekly-bulletin-96_report-17-11-2023_cb68109e5720.pdf"", ""raw_built"": ""MAN 2011 HHI"", ""raw_details"": ""B.&W. 6S70MC-C7.2 SS BWTS fitted DD"", ""printed_date"": ""17/11/2023""}"
2023-11-17,2023-11-17,Bulker Sales,1,GLORY,Capesize,"179,469",2011,HHI MAN,USD 49.5 M,GREEKS,09/26 11/24,B.&W. 6S70MC-C7.2 SS BWTS fitted DD,"{""stem"": ""2023-11-17_clarksons-platou-hellas-snp-weekly-bulletin-96_report-17-11-2023_cb68109e5720"", ""source_file"": ""2023-11-17_clarksons-platou-hellas-snp-weekly-bulletin-96_report-17-11-2023_cb68109e5720.pdf"", ""raw_built"": ""2011 HHI MAN"", ""raw_details"": ""B.&W. 6S70MC-C7.2 SS BWTS fitted DD"", ""printed_date"": ""17/11/2023""}"
2023-11-17,2023-11-17,Bulker Sales,1,NORD BELLUGA,Kamsarmax,"82,841",,MAN 2015 OSHIMA,USD 27.7 M,GREEKS,04/25 04/25,B.&W. 6S60ME-C8.2 SS BWTS fitted DD,"{""stem"": ""2023-11-17_clarksons-platou-hellas-snp-weekly-bulletin-96_report-17-11-2023_cb68109e5720"", ""source_file"": ""2023-11-17_clarksons-platou-hellas-snp-weekly-bulletin-96_report-17-11-2023_cb68109e5720.pdf"", ""raw_built"": ""MAN 2015 OSHIMA"", ""raw_details"": ""B.&W. 6S60ME-C8.2 SS BWTS fitted DD"", ""printed_date"": ""17/11/2023""}"
2023-11-17,2023-11-17,Bulker Sales,1,THOR,Panamax,"76,838",,MAN B. 2005 OSHIMA,USD 11.9 M,U/D,01/25 01/25,& W. 5S60MC-C7 SS BWTS fitted DD,"{""stem"": ""2023-11-17_clarksons-platou-hellas-snp-weekly-bulletin-96_report-17-11-2023_cb68109e5720"", ""source_file"": ""2023-11-17_clarksons-platou-hellas-snp-weekly-bulletin-96_report-17-11-2023_cb68109e5720.pdf"", ""raw_built"": ""MAN B. 2005 OSHIMA"", ""raw_details"": ""& W. 5S60MC-C7 SS BWTS fitted DD"", ""printed_date"": ""17/11/2023""}"
2023-11-17,2023-11-17,Bulker Sales,1,KATERINA,Panamax,"76,015",,MAN B. 2004 TSUNEISHI,USD 10.2 M,U/D,05/24 05/24,& W. 6S60MC6.1 SS BWTS fitted DD,"{""stem"": ""2023-11-17_clarksons-platou-hellas-snp-weekly-bulletin-96_report-17-11-2023_cb68109e5720"", ""source_file"": ""2023-11-17_clarksons-platou-hellas-snp-weekly-bulletin-96_report-17-11-2023_cb68109e5720.pdf"", ""raw_built"": ""MAN B. 2004 TSUNEISHI"", ""raw_details"": ""& W. 6S60MC6.1 SS BWTS fitted DD"", ""printed_date"": ""17/11/2023""}"
2023-11-17,2023-11-17,Bulker Sales,1,JIN QUAN,Supramax,"52,525",2006,TSUNEISHI MAN B. CEBU,USD 9.35 M,CHINESE,06/26 03/24,& W. 6S50MC6. SS BWTS fitted DD,"{""stem"": ""2023-11-17_clarksons-platou-hellas-snp-weekly-bulletin-96_report-17-11-2023_cb68109e5720"", ""source_file"": ""2023-11-17_clarksons-platou-hellas-snp-weekly-bulletin-96_report-17-11-2023_cb68109e5720.pdf"", ""raw_built"": ""2006 TSUNEISHI MAN B. CEBU"", ""raw_details"": ""& W. 6S50MC6. SS BWTS fitted DD"", ""printed_date"": ""17/11/2023""}"
2023-11-17,2023-11-17,Bulker Sales,1,LORD NELSON,Handysize,"28,653",,Mitsubishi 2005 SHIN KOCHI,USD 7.9,TURKISH,11/25 06/25,5UEC52LA SS BWTS fitted DD,"{""stem"": ""2023-11-17_clarksons-platou-hellas-snp-weekly-bulletin-96_report-17-11-2023_cb68109e5720"", ""source_file"": ""2023-11-17_clarksons-platou-hellas-snp-weekly-bulletin-96_report-17-11-2023_cb68109e5720.pdf"", ""raw_built"": ""Mitsubishi 2005 SHIN KOCHI"", ""raw_details"": ""5UEC52LA SS BWTS fitted DD"", ""printed_date"": ""17/11/2023""}"
2023-11-17,2023-11-17,Tanker Sales,1,P. KIKUMA,Aframax,"115,917",,MAN B. 2007 SAMSUNG,USD 39 M,U/D,11/27 02/26,& W. 6S60MC-C7.1 SS BWTS fitted DD,"{""stem"": ""2023-11-17_clarksons-platou-hellas-snp-weekly-bulletin-96_report-17-11-2023_cb68109e5720"", ""source_file"": ""2023-11-17_clarksons-platou-hellas-snp-weekly-bulletin-96_report-17-11-2023_cb68109e5720.pdf"", ""raw_built"": ""MAN B. 2007 SAMSUNG"", ""raw_details"": ""& W. 6S60MC-C7.1 SS BWTS fitted DD"", ""printed_date"": ""17/11/2023""}"
2023-11-17,2023-11-17,Tanker Sales,1,CONCORD,Aframax,"111,920",,MAN 2003 HHI,USD 26.5 M,U/D,02/26 05/28 08/26,BWTS fitted DD B. & W. 7S60MC6.1 SS BWTS fitted DD,"{""stem"": ""2023-11-17_clarksons-platou-hellas-snp-weekly-bulletin-96_report-17-11-2023_cb68109e5720"", ""source_file"": ""2023-11-17_clarksons-platou-hellas-snp-weekly-bulletin-96_report-17-11-2023_cb68109e5720.pdf"", ""raw_built"": ""MAN 2003 HHI"", ""raw_details"": ""BWTS fitted DD B. & W. 7S60MC6.1 SS BWTS fitted DD"", ""printed_date"": ""17/11/2023""}"
2023-11-17,2023-11-17,Tanker Sales,1,EXPRESS,Aframax,"111,920",,MAN 2003 HHI,USD 26.5 M,U/D,05/28 08/26,B. & W. 7S60MC6.1 SS BWTS fitted DD,"{""stem"": ""2023-11-17_clarksons-platou-hellas-snp-weekly-bulletin-96_report-17-11-2023_cb68109e5720"", ""source_file"": ""2023-11-17_clarksons-platou-hellas-snp-weekly-bulletin-96_report-17-11-2023_cb68109e5720.pdf"", ""raw_built"": ""MAN 2003 HHI"", ""raw_details"": ""B. & W. 7S60MC6.1 SS BWTS fitted DD"", ""printed_date"": ""17/11/2023""}"
2023-11-24,2023-11-24,Bulker Sales,1,OMICRON LIGHT,Panamax,"76,602",2005,IMABARI,USD 10.9 M,VIETNAMESE,SS 08/24 DD 08/24,MAN B. & W. 6S60MC6.1 BWTS fitted,"{""stem"": ""2023-11-24_clarksons-platou-hellas-snp-weekly-bulletin-97_report-24-11-2023_4615fb338a76"", ""source_file"": ""2023-11-24_clarksons-platou-hellas-snp-weekly-bulletin-97_report-24-11-2023_4615fb338a76.pdf"", ""raw_built"": ""2005 IMABARI"", ""raw_details"": ""MAN B. & W. 6S60MC6.1 BWTS fitted"", ""printed_date"": ""24/11/2023""}"
2023-11-24,2023-11-24,Bulker Sales,1,SANTA VITORIA,Ultramax,"61,438",2012,IWAGI ZOSEN,USD 19.8 M,U/D,SS 04/25 DD 04/25,MAN B. & W. 6S50MC-C8.2 BWTS fitted,"{""stem"": ""2023-11-24_clarksons-platou-hellas-snp-weekly-bulletin-97_report-24-11-2023_4615fb338a76"", ""source_file"": ""2023-11-24_clarksons-platou-hellas-snp-weekly-bulletin-97_report-24-11-2023_4615fb338a76.pdf"", ""raw_built"": ""2012 IWAGI ZOSEN"", ""raw_details"": ""MAN B. & W. 6S50MC-C8.2 BWTS fitted"", ""printed_date"": ""24/11/2023""}"
2023-11-24,2023-11-24,Bulker Sales,1,EARTH OCEAN,Supramax,"50,409",2013,OSHIMA,USD 19.4 M 2 YEAR BBHP,U/D,SS 10/28 DD 10/26,MAN B. & W. 6S50MC-C8.2 BWTS fitted,"{""stem"": ""2023-11-24_clarksons-platou-hellas-snp-weekly-bulletin-97_report-24-11-2023_4615fb338a76"", ""source_file"": ""2023-11-24_clarksons-platou-hellas-snp-weekly-bulletin-97_report-24-11-2023_4615fb338a76.pdf"", ""raw_built"": ""2013 OSHIMA"", ""raw_details"": ""MAN B. & W. 6S50MC-C8.2 BWTS fitted"", ""printed_date"": ""24/11/2023""}"
2023-11-24,2023-11-24,Tanker Sales,1,CHEMTRANS CAROLINA,MR,"49,999",2006,GSI,USD 20.5 M,U/D,SS 12/26 DD 03/25,WARTSILA 2-STROKE 7RT-FLEX50-B BWTS fitted,"{""stem"": ""2023-11-24_clarksons-platou-hellas-snp-weekly-bulletin-97_report-24-11-2023_4615fb338a76"", ""source_file"": ""2023-11-24_clarksons-platou-hellas-snp-weekly-bulletin-97_report-24-11-2023_4615fb338a76.pdf"", ""raw_built"": ""2006 GSI"", ""raw_details"": ""WARTSILA 2-STROKE 7RT-FLEX50-B BWTS fitted"", ""printed_date"": ""24/11/2023""}"
2023-11-24,2023-11-24,Tanker Sales,1,SHANDONG WEIHE,MR,"45,898",2004,SHIN KURUSHIMA,USD 14 M VIA AUCTION,U/D,SS 10/24 DD 10/24,MITSUBISHI 6UEC60LA BWTS fitted,"{""stem"": ""2023-11-24_clarksons-platou-hellas-snp-weekly-bulletin-97_report-24-11-2023_4615fb338a76"", ""source_file"": ""2023-11-24_clarksons-platou-hellas-snp-weekly-bulletin-97_report-24-11-2023_4615fb338a76.pdf"", ""raw_built"": ""2004 SHIN KURUSHIMA"", ""raw_details"": ""MITSUBISHI 6UEC60LA BWTS fitted"", ""printed_date"": ""24/11/2023""}"
2023-12-01,2023-12-01,Bulker Sales,1,PEDHOULAS,Kamsarmax,"82,013",2015,JIANGSU NEW MAN YANGZIJIANG,USD 26.6 M,GREEKS,07/25 07/25,"B.&W. 6S60ME-C8.2 SS BWTS fitted, DD SCRUBBER fitted","{""stem"": ""2023-12-01_clarksons-platou-hellas-snp-weekly-bulletin-98_report-01-12-2023_b2886e92a7d9"", ""source_file"": ""2023-12-01_clarksons-platou-hellas-snp-weekly-bulletin-98_report-01-12-2023_b2886e92a7d9.pdf"", ""raw_built"": ""2015 JIANGSU NEW MAN YANGZIJIANG"", ""raw_details"": ""B.&W. 6S60ME-C8.2 SS BWTS fitted, DD SCRUBBER fitted"", ""printed_date"": ""01/12/2023""}"
2023-12-01,2023-12-01,Bulker Sales,1,CHERRY,Kamsarmax,"82,013",,YANGZIJIANG,USD 26.6 M,GREEKS,07/25 07/25,"SS BWTS fitted, DD SCRUBBER fitted","{""stem"": ""2023-12-01_clarksons-platou-hellas-snp-weekly-bulletin-98_report-01-12-2023_b2886e92a7d9"", ""source_file"": ""2023-12-01_clarksons-platou-hellas-snp-weekly-bulletin-98_report-01-12-2023_b2886e92a7d9.pdf"", ""raw_built"": ""YANGZIJIANG"", ""raw_details"": ""SS BWTS fitted, DD SCRUBBER fitted"", ""printed_date"": ""01/12/2023""}"
2023-12-01,2023-12-01,Bulker Sales,1,KAI OLDENDORFF,Kamsarmax,"81,184",2019,JIANGSU NEW MAN HANTONG,30.75 M FAR,EASTERN,01/24 USD 01/24,B.&W. 6S60ME-C8 SS BWTS fitted DD SCRUBBER fitted,"{""stem"": ""2023-12-01_clarksons-platou-hellas-snp-weekly-bulletin-98_report-01-12-2023_b2886e92a7d9"", ""source_file"": ""2023-12-01_clarksons-platou-hellas-snp-weekly-bulletin-98_report-01-12-2023_b2886e92a7d9.pdf"", ""raw_built"": ""2019 JIANGSU NEW MAN HANTONG"", ""raw_details"": ""B.&W. 6S60ME-C8 SS BWTS fitted DD SCRUBBER fitted"", ""printed_date"": ""01/12/2023""}"
2023-12-01,2023-12-01,Bulker Sales,1,PING JING,Handysize,"34,398",,MAN 2015 NAMURA,USD 17.2 M FAR,EATSERN,05/25 05/25,B.&W. 6S46ME-B8.3 SS BWTS fitted DD,"{""stem"": ""2023-12-01_clarksons-platou-hellas-snp-weekly-bulletin-98_report-01-12-2023_b2886e92a7d9"", ""source_file"": ""2023-12-01_clarksons-platou-hellas-snp-weekly-bulletin-98_report-01-12-2023_b2886e92a7d9.pdf"", ""raw_built"": ""MAN 2015 NAMURA"", ""raw_details"": ""B.&W. 6S46ME-B8.3 SS BWTS fitted DD"", ""printed_date"": ""01/12/2023""}"
2023-12-08,2023-12-08,Bulker Sales,1,HERUN CHINA,Capesize,"181,215",,MAN 2017 SWS,XS USD 42 M,EU BASED,SS 01/27 DD 03/25,B. & W. 6G70ME-C9.2 BWTS fitted,"{""stem"": ""2023-12-08_clarksons-platou-hellas-snp-weekly-bulletin-99_report-08-12-2023_915b17bef91e"", ""source_file"": ""2023-12-08_clarksons-platou-hellas-snp-weekly-bulletin-99_report-08-12-2023_915b17bef91e.pdf"", ""raw_built"": ""MAN 2017 SWS"", ""raw_details"": ""B. & W. 6G70ME-C9.2 BWTS fitted"", ""printed_date"": ""08/12/2023""}"
2023-12-08,2023-12-08,Bulker Sales,1,IRON MIRACLE,Capesize,"180,643",2011,TSUNEISHI MAN CEBU,LOW USD 27 M,GREEKS,SS 10/26 DD 03/25,B. & W. 7S65ME-C8.2 BWTS fitted,"{""stem"": ""2023-12-08_clarksons-platou-hellas-snp-weekly-bulletin-99_report-08-12-2023_915b17bef91e"", ""source_file"": ""2023-12-08_clarksons-platou-hellas-snp-weekly-bulletin-99_report-08-12-2023_915b17bef91e.pdf"", ""raw_built"": ""2011 TSUNEISHI MAN CEBU"", ""raw_details"": ""B. & W. 7S65ME-C8.2 BWTS fitted"", ""printed_date"": ""08/12/2023""}"
2023-12-08,2023-12-08,Bulker Sales,1,MINERAL NINGBO,Capesize,"178,120",2009,SWS,RGN USD 20 M,CHINESE,SS 07/24 DD 07/24,MAN B. & W. 6S70MC6.2,"{""stem"": ""2023-12-08_clarksons-platou-hellas-snp-weekly-bulletin-99_report-08-12-2023_915b17bef91e"", ""source_file"": ""2023-12-08_clarksons-platou-hellas-snp-weekly-bulletin-99_report-08-12-2023_915b17bef91e.pdf"", ""raw_built"": ""2009 SWS"", ""raw_details"": ""MAN B. & W. 6S70MC6.2"", ""printed_date"": ""08/12/2023""}"
2023-12-08,2023-12-08,Bulker Sales,1,IC HARVEST,Kamsarmax,"83,476",,MAN 2010 SANOYAS,USD 17 M,CHINESE,SS 02/24 DD 02/24,B. & W. 6S60MC-C7.2 BWTS fitted,"{""stem"": ""2023-12-08_clarksons-platou-hellas-snp-weekly-bulletin-99_report-08-12-2023_915b17bef91e"", ""source_file"": ""2023-12-08_clarksons-platou-hellas-snp-weekly-bulletin-99_report-08-12-2023_915b17bef91e.pdf"", ""raw_built"": ""MAN 2010 SANOYAS"", ""raw_details"": ""B. & W. 6S60MC-C7.2 BWTS fitted"", ""printed_date"": ""08/12/2023""}"
2023-12-08,2023-12-08,Bulker Sales,1,KING COAL,Panamax,"76,361",,MAN 2010 OSHIMA,USD 15.75 M,U/D,SS 11/25 DD 11/25,B. & W. 5S60MC-C7.2 BWTS fitted,"{""stem"": ""2023-12-08_clarksons-platou-hellas-snp-weekly-bulletin-99_report-08-12-2023_915b17bef91e"", ""source_file"": ""2023-12-08_clarksons-platou-hellas-snp-weekly-bulletin-99_report-08-12-2023_915b17bef91e.pdf"", ""raw_built"": ""MAN 2010 OSHIMA"", ""raw_details"": ""B. & W. 5S60MC-C7.2 BWTS fitted"", ""printed_date"": ""08/12/2023""}"
2023-12-08,2023-12-08,Bulker Sales,1,ERMIONE,Supramax,"56,557",,WARTSILA 2008 I.H.I,USD 14.2 M,CHINESE,SS 09/28 DD 06/26,2-STROKE 6RT-FLEX50-B BWTS fitted,"{""stem"": ""2023-12-08_clarksons-platou-hellas-snp-weekly-bulletin-99_report-08-12-2023_915b17bef91e"", ""source_file"": ""2023-12-08_clarksons-platou-hellas-snp-weekly-bulletin-99_report-08-12-2023_915b17bef91e.pdf"", ""raw_built"": ""WARTSILA 2008 I.H.I"", ""raw_details"": ""2-STROKE 6RT-FLEX50-B BWTS fitted"", ""printed_date"": ""08/12/2023""}"
2023-12-08,2023-12-08,Bulker Sales,1,GLOBAL HERO,Handysize,"34,481",2015,HAKODATE,RGN USD 17.5 M,U/D,SS 01/25 DD 01/25,MITSUBISHI 6UEC45LSE-B2 BWTS fitted,"{""stem"": ""2023-12-08_clarksons-platou-hellas-snp-weekly-bulletin-99_report-08-12-2023_915b17bef91e"", ""source_file"": ""2023-12-08_clarksons-platou-hellas-snp-weekly-bulletin-99_report-08-12-2023_915b17bef91e.pdf"", ""raw_built"": ""2015 HAKODATE"", ""raw_details"": ""MITSUBISHI 6UEC45LSE-B2 BWTS fitted"", ""printed_date"": ""08/12/2023""}"
2023-12-08,2023-12-08,Tanker Sales,1,NOBLEWAY,Suezmax,"164,028",2010,BOHAI,USD 44 M,GREEKS,SS 07/25 DD 07/25,MAN B. & W. 6S70ME-C7.1 BWTS fitted SCRUBBER fitted,"{""stem"": ""2023-12-08_clarksons-platou-hellas-snp-weekly-bulletin-99_report-08-12-2023_915b17bef91e"", ""source_file"": ""2023-12-08_clarksons-platou-hellas-snp-weekly-bulletin-99_report-08-12-2023_915b17bef91e.pdf"", ""raw_built"": ""2010 BOHAI"", ""raw_details"": ""MAN B. & W. 6S70ME-C7.1 BWTS fitted SCRUBBER fitted"", ""printed_date"": ""08/12/2023""}"
2023-12-08,2023-12-08,Tanker Sales,1,TRADEWIND ENERGY,MR,"47,128",2009,HMD,USD 24.75 M,U/D,SS 02/24 DD 02/24,MAN B. & W. 6S50MC-C7.1 BWTS fitted,"{""stem"": ""2023-12-08_clarksons-platou-hellas-snp-weekly-bulletin-99_report-08-12-2023_915b17bef91e"", ""source_file"": ""2023-12-08_clarksons-platou-hellas-snp-weekly-bulletin-99_report-08-12-2023_915b17bef91e.pdf"", ""raw_built"": ""2009 HMD"", ""raw_details"": ""MAN B. & W. 6S50MC-C7.1 BWTS fitted"", ""printed_date"": ""08/12/2023""}"
2023-12-15,2023-12-15,Bulker Sales,1,ULTRA TIGER,Kamsarmax,"83,611",,MAN B 2009 SANOYAS,USD 16 M,U/D,11/23 LOW 11/23,& W 6S60MC-C7.2 SS BWTS fitted DD,"{""stem"": ""2023-12-15_clarksons-platou-hellas-snp-weekly-bulletin-100_report-15-12-2023_c3959fca7601"", ""source_file"": ""2023-12-15_clarksons-platou-hellas-snp-weekly-bulletin-100_report-15-12-2023_c3959fca7601.pdf"", ""raw_built"": ""MAN B 2009 SANOYAS"", ""raw_details"": ""& W 6S60MC-C7.2 SS BWTS fitted DD"", ""printed_date"": ""15/12/2023""}"
2023-12-15,2023-12-15,Bulker Sales,1,PEAK DAWN,Kamsarmax,"81,902",2013,TSUNEISHI MAN B ZHOUSHAN,USD 23 M,U/D,11/28 RGN 10/26,& W 6S60MC-C7.2 SS BWTS fitted DD,"{""stem"": ""2023-12-15_clarksons-platou-hellas-snp-weekly-bulletin-100_report-15-12-2023_c3959fca7601"", ""source_file"": ""2023-12-15_clarksons-platou-hellas-snp-weekly-bulletin-100_report-15-12-2023_c3959fca7601.pdf"", ""raw_built"": ""2013 TSUNEISHI MAN B ZHOUSHAN"", ""raw_details"": ""& W 6S60MC-C7.2 SS BWTS fitted DD"", ""printed_date"": ""15/12/2023""}"
2023-12-15,2023-12-15,Bulker Sales,1,PORT LEONE,Ultramax,"63,756",2014,SOSCO MAN B ZHOUSHAN,USD 21.5 M,U/D,06/24 06/24,& W 5S60ME-C8.2 SS BWTS fitted DD,"{""stem"": ""2023-12-15_clarksons-platou-hellas-snp-weekly-bulletin-100_report-15-12-2023_c3959fca7601"", ""source_file"": ""2023-12-15_clarksons-platou-hellas-snp-weekly-bulletin-100_report-15-12-2023_c3959fca7601.pdf"", ""raw_built"": ""2014 SOSCO MAN B ZHOUSHAN"", ""raw_details"": ""& W 5S60ME-C8.2 SS BWTS fitted DD"", ""printed_date"": ""15/12/2023""}"
2023-12-15,2023-12-15,Bulker Sales,1,SUPRA ONIKI,Supramax,"57,022",,MAN B 2010 QINGSHAN,USD 11 M,U/D,07/25 RGN 07/25,& W 6S50MC-C8.2 SS BWTS fitted DD,"{""stem"": ""2023-12-15_clarksons-platou-hellas-snp-weekly-bulletin-100_report-15-12-2023_c3959fca7601"", ""source_file"": ""2023-12-15_clarksons-platou-hellas-snp-weekly-bulletin-100_report-15-12-2023_c3959fca7601.pdf"", ""raw_built"": ""MAN B 2010 QINGSHAN"", ""raw_details"": ""& W 6S50MC-C8.2 SS BWTS fitted DD"", ""printed_date"": ""15/12/2023""}"
2023-12-15,2023-12-15,Bulker Sales,1,CLIPPER,Handysize,"37,852",2010,JIANGSU Wartsila EASTERN,USD 11 M,TURKISH,01/25 XS 01/25,2-stroke 6RTA48T SS DD,"{""stem"": ""2023-12-15_clarksons-platou-hellas-snp-weekly-bulletin-100_report-15-12-2023_c3959fca7601"", ""source_file"": ""2023-12-15_clarksons-platou-hellas-snp-weekly-bulletin-100_report-15-12-2023_c3959fca7601.pdf"", ""raw_built"": ""2010 JIANGSU Wartsila EASTERN"", ""raw_details"": ""2-stroke 6RTA48T SS DD"", ""printed_date"": ""15/12/2023""}"
2023-12-15,2023-12-15,Bulker Sales,1,COPENHAGEN,Handysize,"37,852",,Wartsila EASTERN,USD 11 M,TURKISH,01/25 XS 01/25,2-stroke 6RTA48T SS DD,"{""stem"": ""2023-12-15_clarksons-platou-hellas-snp-weekly-bulletin-100_report-15-12-2023_c3959fca7601"", ""source_file"": ""2023-12-15_clarksons-platou-hellas-snp-weekly-bulletin-100_report-15-12-2023_c3959fca7601.pdf"", ""raw_built"": ""Wartsila EASTERN"", ""raw_details"": ""2-stroke 6RTA48T SS DD"", ""printed_date"": ""15/12/2023""}"
2023-12-15,2023-12-15,Tanker Sales,1,JESSICA D,VLCC,"300,976",2004,HHI,USD 35 M,U/D,07/24 RGN 07/24,SS Sulzer 7RTA84T-D DD,"{""stem"": ""2023-12-15_clarksons-platou-hellas-snp-weekly-bulletin-100_report-15-12-2023_c3959fca7601"", ""source_file"": ""2023-12-15_clarksons-platou-hellas-snp-weekly-bulletin-100_report-15-12-2023_c3959fca7601.pdf"", ""raw_built"": ""2004 HHI"", ""raw_details"": ""SS Sulzer 7RTA84T-D DD"", ""printed_date"": ""15/12/2023""}"
2023-12-22,2023-12-22,Tanker Sales,1,JAG PRABHA,MR,"47,999",2004,IWAGI MAN ZOSEN,CIRCA USD 15 M,U/D,SS 09/27 DD 09/25,B. & W. 6S50MC-C8.1 BWTS fitted,"{""stem"": ""2023-12-22_clarksons-platou-hellas-snp-weekly-bulletin-101_report-22-12-2023_5e10d7a044e3"", ""source_file"": ""2023-12-22_clarksons-platou-hellas-snp-weekly-bulletin-101_report-22-12-2023_5e10d7a044e3.pdf"", ""raw_built"": ""2004 IWAGI MAN ZOSEN"", ""raw_details"": ""B. & W. 6S50MC-C8.1 BWTS fitted"", ""printed_date"": ""22/12/2023""}"
2024-01-05,2024-01-05,Bulker Sales,1,CAPT TASOS,Capesize,"180,288",,MAN 2023 NAMURA,USD 70.5 M,NORDEN,10/28 10/26,B & W 7G60ME- SS C10.5 DD BWTS fitted,"{""stem"": ""2024-01-05_clarksons-platou-hellas-snp-weekly-bulletin-102_report-05-01-2024_0395b59872c7"", ""source_file"": ""2024-01-05_clarksons-platou-hellas-snp-weekly-bulletin-102_report-05-01-2024_0395b59872c7.pdf"", ""raw_built"": ""MAN 2023 NAMURA"", ""raw_details"": ""B & W 7G60ME- SS C10.5 DD BWTS fitted"", ""printed_date"": ""05/01/2024""}"
2024-01-05,2024-01-05,Bulker Sales,1,HIGHLAND PARK,Capesize,"174,092",,MAN B. 2006 SWS,USD 15 M,U/D,03/26 LOW 06/24,& W. 6S70MC6.1 SS BWTS fitted DD,"{""stem"": ""2024-01-05_clarksons-platou-hellas-snp-weekly-bulletin-102_report-05-01-2024_0395b59872c7"", ""source_file"": ""2024-01-05_clarksons-platou-hellas-snp-weekly-bulletin-102_report-05-01-2024_0395b59872c7.pdf"", ""raw_built"": ""MAN B. 2006 SWS"", ""raw_details"": ""& W. 6S70MC6.1 SS BWTS fitted DD"", ""printed_date"": ""05/01/2024""}"
2024-01-05,2024-01-05,Bulker Sales,1,XING HE HAI,Handysize,"61, 473 61,452",2016,DACKS MAN B 2016 DACKS,26 M EACH,CHINESE,03/26 12/23 USD,SS DD & W 6S50ME-B9.2 BWTS fitted,"{""stem"": ""2024-01-05_clarksons-platou-hellas-snp-weekly-bulletin-102_report-05-01-2024_0395b59872c7"", ""source_file"": ""2024-01-05_clarksons-platou-hellas-snp-weekly-bulletin-102_report-05-01-2024_0395b59872c7.pdf"", ""raw_built"": ""2016 DACKS MAN B 2016 DACKS"", ""raw_details"": ""SS DD & W 6S50ME-B9.2 BWTS fitted"", ""printed_date"": ""05/01/2024""}"
2024-01-05,2024-01-05,Bulker Sales,1,XING HAO HAI,Ultramax,"61,452",,MAN B 2016 DACKS,26 M EACH,CHINESE,USD 03/26 03/24,& W 6S50ME-B9.2 BWTS fitted SS DD,"{""stem"": ""2024-01-05_clarksons-platou-hellas-snp-weekly-bulletin-102_report-05-01-2024_0395b59872c7"", ""source_file"": ""2024-01-05_clarksons-platou-hellas-snp-weekly-bulletin-102_report-05-01-2024_0395b59872c7.pdf"", ""raw_built"": ""MAN B 2016 DACKS"", ""raw_details"": ""& W 6S50ME-B9.2 BWTS fitted SS DD"", ""printed_date"": ""05/01/2024""}"
2024-01-05,2024-01-05,Bulker Sales,1,XING XI HAI,Ultramax,"60,498 60,172",2017,MITSUI MAN B 2016 MITSUI,USD 29 M,GREEKS,01/27 01/25,SS DD & W 6S50ME-B9.3 BWTS fitted,"{""stem"": ""2024-01-05_clarksons-platou-hellas-snp-weekly-bulletin-102_report-05-01-2024_0395b59872c7"", ""source_file"": ""2024-01-05_clarksons-platou-hellas-snp-weekly-bulletin-102_report-05-01-2024_0395b59872c7.pdf"", ""raw_built"": ""2017 MITSUI MAN B 2016 MITSUI"", ""raw_details"": ""SS DD & W 6S50ME-B9.3 BWTS fitted"", ""printed_date"": ""05/01/2024""}"
2024-01-05,2024-01-05,Bulker Sales,1,XING SHOU HAI,Ultramax,"60,172",,MAN B 2016 MITSUI,USD 28 M,GREEKS,10/26 10/24,& W 6S50ME-B9.3 BWTS fitted SS DD,"{""stem"": ""2024-01-05_clarksons-platou-hellas-snp-weekly-bulletin-102_report-05-01-2024_0395b59872c7"", ""source_file"": ""2024-01-05_clarksons-platou-hellas-snp-weekly-bulletin-102_report-05-01-2024_0395b59872c7.pdf"", ""raw_built"": ""MAN B 2016 MITSUI"", ""raw_details"": ""& W 6S50ME-B9.3 BWTS fitted SS DD"", ""printed_date"": ""05/01/2024""}"
2024-01-05,2024-01-05,Bulker Sales,1,HAI YANG ZHI HUA,Supramax,"56,603",,MAN B 2011 JIANGSU,USD 12.5 M,EUROPEAN,09/26 RGN 12/24,& W 6S50MC-C8.2 SS BWTS fitted DD,"{""stem"": ""2024-01-05_clarksons-platou-hellas-snp-weekly-bulletin-102_report-05-01-2024_0395b59872c7"", ""source_file"": ""2024-01-05_clarksons-platou-hellas-snp-weekly-bulletin-102_report-05-01-2024_0395b59872c7.pdf"", ""raw_built"": ""MAN B 2011 JIANGSU"", ""raw_details"": ""& W 6S50MC-C8.2 SS BWTS fitted DD"", ""printed_date"": ""05/01/2024""}"
2024-01-05,2024-01-05,Bulker Sales,1,IKAN PARANG,Supramax,"56,618",2011,TAIZHOU Mitsubishi KOUAN,USD 11 M,U/D,01/27 HIGH 04/25,6UEC52LS SS BWTS fitted DD,"{""stem"": ""2024-01-05_clarksons-platou-hellas-snp-weekly-bulletin-102_report-05-01-2024_0395b59872c7"", ""source_file"": ""2024-01-05_clarksons-platou-hellas-snp-weekly-bulletin-102_report-05-01-2024_0395b59872c7.pdf"", ""raw_built"": ""2011 TAIZHOU Mitsubishi KOUAN"", ""raw_details"": ""6UEC52LS SS BWTS fitted DD"", ""printed_date"": ""05/01/2024""}"
2024-01-12,2024-01-12,Bulker Sales,1,GH HARMONY,Kamsarmax,"92,500",,MAN B. 2010 YANGFAN,USD 12 M,CHINESE,02/25 HIGH 02/25,& W. 6S60MC6 SS BWTS fitted DD,"{""stem"": ""2024-01-12_clarksons-platou-hellas-snp-weekly-bulletin-103_report-12-01-2024_0f467c38dd98"", ""source_file"": ""2024-01-12_clarksons-platou-hellas-snp-weekly-bulletin-103_report-12-01-2024_0f467c38dd98.pdf"", ""raw_built"": ""MAN B. 2010 YANGFAN"", ""raw_details"": ""& W. 6S60MC6 SS BWTS fitted DD"", ""printed_date"": ""12/01/2024""}"
2024-01-12,2024-01-12,Bulker Sales,1,KAVALA,Kamsarmax,"83,688",,MAN B 2009 SANOYAS,USD 16.3 M,GREEKS,04/24 04/24,& W 6S60MC-C7.2 SS BWTS fitted DD,"{""stem"": ""2024-01-12_clarksons-platou-hellas-snp-weekly-bulletin-103_report-12-01-2024_0f467c38dd98"", ""source_file"": ""2024-01-12_clarksons-platou-hellas-snp-weekly-bulletin-103_report-12-01-2024_0f467c38dd98.pdf"", ""raw_built"": ""MAN B 2009 SANOYAS"", ""raw_details"": ""& W 6S60MC-C7.2 SS BWTS fitted DD"", ""printed_date"": ""12/01/2024""}"
2024-01-12,2024-01-12,Bulker Sales,1,QUEEN KOBE,Supramax,"55,444",,MAN B 2009 KAWASAKI,USD 15 M,INDONESIANS,07/24 RGN 07/24,& W 6S50MC-C8.2 SS BWTS fitted DD,"{""stem"": ""2024-01-12_clarksons-platou-hellas-snp-weekly-bulletin-103_report-12-01-2024_0f467c38dd98"", ""source_file"": ""2024-01-12_clarksons-platou-hellas-snp-weekly-bulletin-103_report-12-01-2024_0f467c38dd98.pdf"", ""raw_built"": ""MAN B 2009 KAWASAKI"", ""raw_details"": ""& W 6S50MC-C8.2 SS BWTS fitted DD"", ""printed_date"": ""12/01/2024""}"
2024-01-12,2024-01-12,Bulker Sales,1,CRESTED EAGLE,Supramax,"55,989 55,989",,WARTSILA 2008 IHI 2008 IHI,USD 14 M EACH,U/D,03/24 03/24 RGN,SS 2-STROKE 6RT- DD FLEX BWTS fitted,"{""stem"": ""2024-01-12_clarksons-platou-hellas-snp-weekly-bulletin-103_report-12-01-2024_0f467c38dd98"", ""source_file"": ""2024-01-12_clarksons-platou-hellas-snp-weekly-bulletin-103_report-12-01-2024_0f467c38dd98.pdf"", ""raw_built"": ""WARTSILA 2008 IHI 2008 IHI"", ""raw_details"": ""SS 2-STROKE 6RT- DD FLEX BWTS fitted"", ""printed_date"": ""12/01/2024""}"
2024-01-12,2024-01-12,Bulker Sales,1,STELLAR EAGLE,Supramax,"55,989",2008,IHI,USD 14 M EACH,U/D,RGN 03/24 03/24,FLEX BWTS fitted SS SCRUBBER fitted DD,"{""stem"": ""2024-01-12_clarksons-platou-hellas-snp-weekly-bulletin-103_report-12-01-2024_0f467c38dd98"", ""source_file"": ""2024-01-12_clarksons-platou-hellas-snp-weekly-bulletin-103_report-12-01-2024_0f467c38dd98.pdf"", ""raw_built"": ""2008 IHI"", ""raw_details"": ""FLEX BWTS fitted SS SCRUBBER fitted DD"", ""printed_date"": ""12/01/2024""}"
2024-01-12,2024-01-12,Bulker Sales,1,LOWLANDS HOPPER,Handysize,"36,309",,MAN B 2015 SHIKOKU,USD 17 M,U/D,10/24 XS 10/24,& W 6S46MC-C7.1 SS BWTS fitted DD,"{""stem"": ""2024-01-12_clarksons-platou-hellas-snp-weekly-bulletin-103_report-12-01-2024_0f467c38dd98"", ""source_file"": ""2024-01-12_clarksons-platou-hellas-snp-weekly-bulletin-103_report-12-01-2024_0f467c38dd98.pdf"", ""raw_built"": ""MAN B 2015 SHIKOKU"", ""raw_details"": ""& W 6S46MC-C7.1 SS BWTS fitted DD"", ""printed_date"": ""12/01/2024""}"
2024-01-12,2024-01-12,Bulker Sales,1,BARONESS,Handysize,"34,264",2011,ZHEJIANG MAN B. JINGANG,USD 10 M,U/D,07/26 XS 06/24,& W. 6S42MC7.2 SS BWTS fitted DD,"{""stem"": ""2024-01-12_clarksons-platou-hellas-snp-weekly-bulletin-103_report-12-01-2024_0f467c38dd98"", ""source_file"": ""2024-01-12_clarksons-platou-hellas-snp-weekly-bulletin-103_report-12-01-2024_0f467c38dd98.pdf"", ""raw_built"": ""2011 ZHEJIANG MAN B. JINGANG"", ""raw_details"": ""& W. 6S42MC7.2 SS BWTS fitted DD"", ""printed_date"": ""12/01/2024""}"
2024-01-12,2024-01-12,Bulker Sales,1,SEASTAR TRADITION,Handysize,"30,465",,MAN B. 2009 TSUJI,USD 9 M,U/D,10/28 RGN 10/26,& W. 6S42MC7.2 SS BWTS fitted DD,"{""stem"": ""2024-01-12_clarksons-platou-hellas-snp-weekly-bulletin-103_report-12-01-2024_0f467c38dd98"", ""source_file"": ""2024-01-12_clarksons-platou-hellas-snp-weekly-bulletin-103_report-12-01-2024_0f467c38dd98.pdf"", ""raw_built"": ""MAN B. 2009 TSUJI"", ""raw_details"": ""& W. 6S42MC7.2 SS BWTS fitted DD"", ""printed_date"": ""12/01/2024""}"
2024-01-12,2024-01-12,Bulker Sales,1,ANTHIA,Handysize,"28,740",,MAN B. 2002 SHINA,USD 6 M,U/D,07/26 HIGH 08/24,& W. 6S42MC6.1 SS BWTS fitted DD,"{""stem"": ""2024-01-12_clarksons-platou-hellas-snp-weekly-bulletin-103_report-12-01-2024_0f467c38dd98"", ""source_file"": ""2024-01-12_clarksons-platou-hellas-snp-weekly-bulletin-103_report-12-01-2024_0f467c38dd98.pdf"", ""raw_built"": ""MAN B. 2002 SHINA"", ""raw_details"": ""& W. 6S42MC6.1 SS BWTS fitted DD"", ""printed_date"": ""12/01/2024""}"
2024-01-12,2024-01-12,Tanker Sales,1,BELLA CIAO,Suezmax,"156,586",,MAN B 2020 NEW TIMES,USD 86 M,PERTAMINA,07/25 07/25,& W 6G70ME-C9.5 SS BWTS fitted DD SCRUBBER fitted,"{""stem"": ""2024-01-12_clarksons-platou-hellas-snp-weekly-bulletin-103_report-12-01-2024_0f467c38dd98"", ""source_file"": ""2024-01-12_clarksons-platou-hellas-snp-weekly-bulletin-103_report-12-01-2024_0f467c38dd98.pdf"", ""raw_built"": ""MAN B 2020 NEW TIMES"", ""raw_details"": ""& W 6G70ME-C9.5 SS BWTS fitted DD SCRUBBER fitted"", ""printed_date"": ""12/01/2024""}"
2024-01-12,2024-01-12,Tanker Sales,1,ESTHER SPIRIT,Aframax,"115,444",,MAN 2004 SAMSUNG,USD 24 M,GREEKS,07/24 RGN 07/24,B. & W. 7S60MC6.1 SS BWTS fitted DD,"{""stem"": ""2024-01-12_clarksons-platou-hellas-snp-weekly-bulletin-103_report-12-01-2024_0f467c38dd98"", ""source_file"": ""2024-01-12_clarksons-platou-hellas-snp-weekly-bulletin-103_report-12-01-2024_0f467c38dd98.pdf"", ""raw_built"": ""MAN 2004 SAMSUNG"", ""raw_details"": ""B. & W. 7S60MC6.1 SS BWTS fitted DD"", ""printed_date"": ""12/01/2024""}"
2024-01-26,2024-01-26,Bulker Sales,1,CHARLOTTE,Kamsarmax,"93,273",,MAN B. 2010 YANGFAN,USD 15.5,GREEKS,02/25 02/25,& W. 6S60MC6.2 SS BWTS fitted DD SCRUBBER fiited,"{""stem"": ""2024-01-26_clarksons-platou-hellas-snp-weekly-bulletin-104_report-26-01-2024_eea3a0e52d4f"", ""source_file"": ""2024-01-26_clarksons-platou-hellas-snp-weekly-bulletin-104_report-26-01-2024_eea3a0e52d4f.pdf"", ""raw_built"": ""MAN B. 2010 YANGFAN"", ""raw_details"": ""& W. 6S60MC6.2 SS BWTS fitted DD SCRUBBER fiited"", ""printed_date"": ""26/01/2024""}"
2024-01-26,2024-01-26,Bulker Sales,1,OLDENDORFF,Kamsarmax,"93,273",2010,YANGFAN,USD 15.5,GREEKS,02/25 02/25,SS BWTS fitted DD SCRUBBER fiited,"{""stem"": ""2024-01-26_clarksons-platou-hellas-snp-weekly-bulletin-104_report-26-01-2024_eea3a0e52d4f"", ""source_file"": ""2024-01-26_clarksons-platou-hellas-snp-weekly-bulletin-104_report-26-01-2024_eea3a0e52d4f.pdf"", ""raw_built"": ""2010 YANGFAN"", ""raw_details"": ""SS BWTS fitted DD SCRUBBER fiited"", ""printed_date"": ""26/01/2024""}"
2024-01-26,2024-01-26,Bulker Sales,1,SEA STAR,Supramax,"56,591",,MAN B 2014 SINOTRANS,USD 16 M,U/D,04/24 RGN 04/24,& W 6S50MC-C8.2 SS BWTS fitted DD,"{""stem"": ""2024-01-26_clarksons-platou-hellas-snp-weekly-bulletin-104_report-26-01-2024_eea3a0e52d4f"", ""source_file"": ""2024-01-26_clarksons-platou-hellas-snp-weekly-bulletin-104_report-26-01-2024_eea3a0e52d4f.pdf"", ""raw_built"": ""MAN B 2014 SINOTRANS"", ""raw_details"": ""& W 6S50MC-C8.2 SS BWTS fitted DD"", ""printed_date"": ""26/01/2024""}"
2024-01-26,2024-01-26,Bulker Sales,1,TOMORROW,Supramax,"56,025",2013,MAN B MINAMINIPPON,USD 18.5 M,GREEKS,05/26 07/24,& W 6S50MC-C8.2 SS BWTS fitted DD,"{""stem"": ""2024-01-26_clarksons-platou-hellas-snp-weekly-bulletin-104_report-26-01-2024_eea3a0e52d4f"", ""source_file"": ""2024-01-26_clarksons-platou-hellas-snp-weekly-bulletin-104_report-26-01-2024_eea3a0e52d4f.pdf"", ""raw_built"": ""2013 MAN B MINAMINIPPON"", ""raw_details"": ""& W 6S50MC-C8.2 SS BWTS fitted DD"", ""printed_date"": ""26/01/2024""}"
2024-01-26,2024-01-26,Bulker Sales,1,RUI FU XING,Handysize,"37,064",,MAN B 2012 HMD,USD 16.5 M,U/D,07/26 09/25,& W 6S50ME-B8.2 SS BWTS fitted DD OPEN HATCH,"{""stem"": ""2024-01-26_clarksons-platou-hellas-snp-weekly-bulletin-104_report-26-01-2024_eea3a0e52d4f"", ""source_file"": ""2024-01-26_clarksons-platou-hellas-snp-weekly-bulletin-104_report-26-01-2024_eea3a0e52d4f.pdf"", ""raw_built"": ""MAN B 2012 HMD"", ""raw_details"": ""& W 6S50ME-B8.2 SS BWTS fitted DD OPEN HATCH"", ""printed_date"": ""26/01/2024""}"
2024-01-26,2024-01-26,Bulker Sales,1,NORDIC LONDON,Handysize,"34,880",,MAN B. 2010 TK,USD 12.7,TURKISH,06/26 06/26,& W. 5S50MC6.2 SS BWTS FITTED DD OPEN HATCH,"{""stem"": ""2024-01-26_clarksons-platou-hellas-snp-weekly-bulletin-104_report-26-01-2024_eea3a0e52d4f"", ""source_file"": ""2024-01-26_clarksons-platou-hellas-snp-weekly-bulletin-104_report-26-01-2024_eea3a0e52d4f.pdf"", ""raw_built"": ""MAN B. 2010 TK"", ""raw_details"": ""& W. 5S50MC6.2 SS BWTS FITTED DD OPEN HATCH"", ""printed_date"": ""26/01/2024""}"
2024-01-26,2024-01-26,Bulker Sales,1,IVS KINGBIRD,Handysize,"32,561",,Mitsubishi 2007 KANDA,USD 10.4,TURKISH,07/27 07/25,6UEC52LA SS BWTS fitted DD,"{""stem"": ""2024-01-26_clarksons-platou-hellas-snp-weekly-bulletin-104_report-26-01-2024_eea3a0e52d4f"", ""source_file"": ""2024-01-26_clarksons-platou-hellas-snp-weekly-bulletin-104_report-26-01-2024_eea3a0e52d4f.pdf"", ""raw_built"": ""Mitsubishi 2007 KANDA"", ""raw_details"": ""6UEC52LA SS BWTS fitted DD"", ""printed_date"": ""26/01/2024""}"
2024-01-26,2024-01-26,Tanker Sales,1,PAPRIKA,Handysize,"40,128",,MAN 2003 HMD,USD 15 M,U/D,01/28 MID 04/26,B. & W. 6S50MC6.1 SS BWTS fiited DD,"{""stem"": ""2024-01-26_clarksons-platou-hellas-snp-weekly-bulletin-104_report-26-01-2024_eea3a0e52d4f"", ""source_file"": ""2024-01-26_clarksons-platou-hellas-snp-weekly-bulletin-104_report-26-01-2024_eea3a0e52d4f.pdf"", ""raw_built"": ""MAN 2003 HMD"", ""raw_details"": ""B. & W. 6S50MC6.1 SS BWTS fiited DD"", ""printed_date"": ""26/01/2024""}"
2024-02-09,2024-02-09,Bulker Sales,1,SOLAR OAK,Capesize,"208,892",2021,NEW MAN-B&W BWTS TIMES,USD 66 M each,U/D,SS 06/27 DD 05/25 SS 01/26,6G70ME-C10.5 & SCRUBBER FITTED,"{""stem"": ""2024-02-09_clarksons-platou-hellas-snp-weekly-bulletin-105_weekly-report-090224-fn_cab02cf47631"", ""source_file"": ""2024-02-09_clarksons-platou-hellas-snp-weekly-bulletin-105_weekly-report-090224-fn_cab02cf47631.pdf"", ""raw_built"": ""2021NEW MAN-B&W BWTS TIMES"", ""raw_details"": ""6G70ME-C10.5 & SCRUBBER FITTED"", ""printed_date"": ""09/02/2024""}"
2024-02-09,2024-02-09,Bulker Sales,1,SOLAR NOVA,Capesize,"208,892",,BWTS TIMES,USD 66 M each,U/D,SS 01/26 DD 02/24,& SCRUBBER FITTED,"{""stem"": ""2024-02-09_clarksons-platou-hellas-snp-weekly-bulletin-105_weekly-report-090224-fn_cab02cf47631"", ""source_file"": ""2024-02-09_clarksons-platou-hellas-snp-weekly-bulletin-105_weekly-report-090224-fn_cab02cf47631.pdf"", ""raw_built"": ""BWTS TIMES"", ""raw_details"": ""& SCRUBBER FITTED"", ""printed_date"": ""09/02/2024""}"
2024-02-09,2024-02-09,Bulker Sales,1,SOLAR PRIDE,Capesize,"210,000",2020,MAN-B&W SHANGHAI BWTS,USD 65 M each,U/D,SS 11/25 DD 11/25,6G70ME-C9.5 & SCRUBBER FITTED,"{""stem"": ""2024-02-09_clarksons-platou-hellas-snp-weekly-bulletin-105_weekly-report-090224-fn_cab02cf47631"", ""source_file"": ""2024-02-09_clarksons-platou-hellas-snp-weekly-bulletin-105_weekly-report-090224-fn_cab02cf47631.pdf"", ""raw_built"": ""2020 MAN-B&W SHANGHAI BWTS"", ""raw_details"": ""6G70ME-C9.5 & SCRUBBER FITTED"", ""printed_date"": ""09/02/2024""}"
2024-02-09,2024-02-09,Bulker Sales,1,SOLAR QUANTUM,Capesize,"207,999",,SHANGHAI BWTS WAIGAOQIAO,USD 65 M each,U/D,DD 11/25 SS 08/2024,& SCRUBBER FITTED,"{""stem"": ""2024-02-09_clarksons-platou-hellas-snp-weekly-bulletin-105_weekly-report-090224-fn_cab02cf47631"", ""source_file"": ""2024-02-09_clarksons-platou-hellas-snp-weekly-bulletin-105_weekly-report-090224-fn_cab02cf47631.pdf"", ""raw_built"": ""SHANGHAI BWTS WAIGAOQIAO"", ""raw_details"": ""& SCRUBBER FITTED"", ""printed_date"": ""09/02/2024""}"
2024-02-09,2024-02-09,Bulker Sales,1,QING MAY,Capesize,"206,117",,MAN 2011 SHANGHAI,USD 73M en bloc,U/D,SS 08/2024 DD 05/24 SS 07/24,B. & W. 6S70MC- C7.2,"{""stem"": ""2024-02-09_clarksons-platou-hellas-snp-weekly-bulletin-105_weekly-report-090224-fn_cab02cf47631"", ""source_file"": ""2024-02-09_clarksons-platou-hellas-snp-weekly-bulletin-105_weekly-report-090224-fn_cab02cf47631.pdf"", ""raw_built"": ""MAN 2011 SHANGHAI"", ""raw_details"": ""B. & W. 6S70MC- C7.2"", ""printed_date"": ""09/02/2024""}"
2024-02-09,2024-02-09,Bulker Sales,1,LAN MAY,Capesize,"206,007",,SHANGHAI WAIGAOQIAO BWTS,bloc,U/D,SS 07/24 DD 07/24,C7.2 & SCRUBBER FITTED,"{""stem"": ""2024-02-09_clarksons-platou-hellas-snp-weekly-bulletin-105_weekly-report-090224-fn_cab02cf47631"", ""source_file"": ""2024-02-09_clarksons-platou-hellas-snp-weekly-bulletin-105_weekly-report-090224-fn_cab02cf47631.pdf"", ""raw_built"": ""SHANGHAI WAIGAOQIAO BWTS"", ""raw_details"": ""C7.2 & SCRUBBER FITTED"", ""printed_date"": ""09/02/2024""}"
2024-02-09,2024-02-09,Bulker Sales,1,ZHONG MAY,Capesize,"176,403",2011,MAN SHANGHAI WAIGAOQIAO,U/D,EUROPEAN,SS 01/26 DD 01/26,B. & W. 6S70MC6.2 BWTS FITTED,"{""stem"": ""2024-02-09_clarksons-platou-hellas-snp-weekly-bulletin-105_weekly-report-090224-fn_cab02cf47631"", ""source_file"": ""2024-02-09_clarksons-platou-hellas-snp-weekly-bulletin-105_weekly-report-090224-fn_cab02cf47631.pdf"", ""raw_built"": ""2011 MAN SHANGHAI WAIGAOQIAO"", ""raw_details"": ""B. & W. 6S70MC6.2 BWTS FITTED"", ""printed_date"": ""09/02/2024""}"
2024-02-09,2024-02-09,Bulker Sales,1,YUE MAY,Capesize,"176,000",2011,MAN SHANGHAI WAIGAOQIAO,U/D,GREEK,SS 07/26 DD 07/26,B. & W. 6S70MC6.2 BWTS FITTED,"{""stem"": ""2024-02-09_clarksons-platou-hellas-snp-weekly-bulletin-105_weekly-report-090224-fn_cab02cf47631"", ""source_file"": ""2024-02-09_clarksons-platou-hellas-snp-weekly-bulletin-105_weekly-report-090224-fn_cab02cf47631.pdf"", ""raw_built"": ""2011 MAN SHANGHAI WAIGAOQIAO"", ""raw_details"": ""B. & W. 6S70MC6.2 BWTS FITTED"", ""printed_date"": ""09/02/2024""}"
2024-02-09,2024-02-09,Bulker Sales,1,XIN HANG,Capesize,"178,043",2010,SHANGAI JIANGNAN,USD 26.5 M,U/D,SS 08/25 DD 05/24,MAN-B&W 6S70MC6.2 BWTS FITTED,"{""stem"": ""2024-02-09_clarksons-platou-hellas-snp-weekly-bulletin-105_weekly-report-090224-fn_cab02cf47631"", ""source_file"": ""2024-02-09_clarksons-platou-hellas-snp-weekly-bulletin-105_weekly-report-090224-fn_cab02cf47631.pdf"", ""raw_built"": ""2010 SHANGAI JIANGNAN"", ""raw_details"": ""MAN-B&W 6S70MC6.2 BWTS FITTED"", ""printed_date"": ""09/02/2024""}"
2024-02-09,2024-02-09,Bulker Sales,1,YASA FORTUNE,Kamsarmax,"82,849",2006,TSUNEISHI ZOSEN,Mid/High USD 12 M bss DD due,CHINESE,SS 05/26 DD 04/24,MAN-B&W 7S50MC-C6.1 BWTS FITTED,"{""stem"": ""2024-02-09_clarksons-platou-hellas-snp-weekly-bulletin-105_weekly-report-090224-fn_cab02cf47631"", ""source_file"": ""2024-02-09_clarksons-platou-hellas-snp-weekly-bulletin-105_weekly-report-090224-fn_cab02cf47631.pdf"", ""raw_built"": ""2006 TSUNEISHI ZOSEN"", ""raw_details"": ""MAN-B&W 7S50MC-C6.1 BWTS FITTED"", ""printed_date"": ""09/02/2024""}"
2024-02-09,2024-02-09,Bulker Sales,1,SOLAR AFRICA,Supramax,"58,064",2011,TSUNEISHI MAN CEBU,High USD 17 M,GREEK,SS 09/27 DD 08/25,B. & W. 6S50MC6.1 BWTS FITTED,"{""stem"": ""2024-02-09_clarksons-platou-hellas-snp-weekly-bulletin-105_weekly-report-090224-fn_cab02cf47631"", ""source_file"": ""2024-02-09_clarksons-platou-hellas-snp-weekly-bulletin-105_weekly-report-090224-fn_cab02cf47631.pdf"", ""raw_built"": ""2011 TSUNEISHI MAN CEBU"", ""raw_details"": ""B. & W. 6S50MC6.1 BWTS FITTED"", ""printed_date"": ""09/02/2024""}"
2024-02-09,2024-02-09,Bulker Sales,1,SSI CHALLENGER,Supramax,"56,042",,MAN 2004 MITSUI,USD 10.7 M,U/D,SS 09/24 DD 10/25 SS 02/25,B. & W. 6S50MC-C8.1 BWTS FITTED MAN-B&W 6S50MC-C8.2,"{""stem"": ""2024-02-09_clarksons-platou-hellas-snp-weekly-bulletin-105_weekly-report-090224-fn_cab02cf47631"", ""source_file"": ""2024-02-09_clarksons-platou-hellas-snp-weekly-bulletin-105_weekly-report-090224-fn_cab02cf47631.pdf"", ""raw_built"": ""MAN 2004 MITSUI"", ""raw_details"": ""B. & W. 6S50MC-C8.1 BWTS FITTED MAN-B&W 6S50MC-C8.2"", ""printed_date"": ""09/02/2024""}"
2024-02-09,2024-02-09,Bulker Sales,1,BEIJING VENTURE,Supramax,"53,600",2010,CHENGXI,Low USD 11 M,U/D,SS 02/25 DD 12/24,MAN-B&W 6S50MC-C8.2 BWTS FITTED,"{""stem"": ""2024-02-09_clarksons-platou-hellas-snp-weekly-bulletin-105_weekly-report-090224-fn_cab02cf47631"", ""source_file"": ""2024-02-09_clarksons-platou-hellas-snp-weekly-bulletin-105_weekly-report-090224-fn_cab02cf47631.pdf"", ""raw_built"": ""2010 CHENGXI"", ""raw_details"": ""MAN-B&W 6S50MC-C8.2 BWTS FITTED"", ""printed_date"": ""09/02/2024""}"
2024-02-16,2024-02-16,Bulker Sales,1,BULK SEOUL,Capesize,"207,992 207,992",2019,NEW TIMES MAN B 2019 NEW TIMES,127.5 M,GREEKS,11/24 11/24 USD,SS & W 6G70ME-C9.5 DD BWTS fitted,"{""stem"": ""2024-02-16_clarksons-platou-hellas-snp-weekly-bulletin-106_report-16-02-2024_53d0798323a5"", ""source_file"": ""2024-02-16_clarksons-platou-hellas-snp-weekly-bulletin-106_report-16-02-2024_53d0798323a5.pdf"", ""raw_built"": ""2019 NEW TIMES MAN B 2019 NEW TIMES"", ""raw_details"": ""SS & W 6G70ME-C9.5 DD BWTS fitted"", ""printed_date"": ""16/02/2024""}"
2024-02-16,2024-02-16,Bulker Sales,1,BULK SHANGHAI,Capesize,"207,992",2019,NEW TIMES,127.5 M,GREEKS,USD 11/24 11/24,BWTS fitted SCRUBBER fitted SS DD,"{""stem"": ""2024-02-16_clarksons-platou-hellas-snp-weekly-bulletin-106_report-16-02-2024_53d0798323a5"", ""source_file"": ""2024-02-16_clarksons-platou-hellas-snp-weekly-bulletin-106_report-16-02-2024_53d0798323a5.pdf"", ""raw_built"": ""2019 NEW TIMES"", ""raw_details"": ""BWTS fitted SCRUBBER fitted SS DD"", ""printed_date"": ""16/02/2024""}"
2024-02-16,2024-02-16,Bulker Sales,1,SAPIENTZA,Capesize,"177,030",,MAN 2008 SWS,USD 22 M,CHINESE,11/23 HIGH 11/23,B & W 6S70MC6.2 SS BWTS fitted DD,"{""stem"": ""2024-02-16_clarksons-platou-hellas-snp-weekly-bulletin-106_report-16-02-2024_53d0798323a5"", ""source_file"": ""2024-02-16_clarksons-platou-hellas-snp-weekly-bulletin-106_report-16-02-2024_53d0798323a5.pdf"", ""raw_built"": ""MAN 2008 SWS"", ""raw_details"": ""B & W 6S70MC6.2 SS BWTS fitted DD"", ""printed_date"": ""16/02/2024""}"
2024-02-16,2024-02-16,Bulker Sales,1,FPMC B 102,Kamsarmax,"106,661",,MAN B. 2011 STX,USD 16 M,U/D,10/25 HIGH 10/25,& W. 6S60MC-C7.2 SS BWTS fitted DD SCRUBBER fitted,"{""stem"": ""2024-02-16_clarksons-platou-hellas-snp-weekly-bulletin-106_report-16-02-2024_53d0798323a5"", ""source_file"": ""2024-02-16_clarksons-platou-hellas-snp-weekly-bulletin-106_report-16-02-2024_53d0798323a5.pdf"", ""raw_built"": ""MAN B. 2011 STX"", ""raw_details"": ""& W. 6S60MC-C7.2 SS BWTS fitted DD SCRUBBER fitted"", ""printed_date"": ""16/02/2024""}"
2024-02-16,2024-02-16,Bulker Sales,1,MARITSA,Panamax,"76,015",,MAN 2005 TSUNEISHI,USD 12.2 M,U/D,01/25 01/25,B & W 6S60MC6.1 SS BWTS fitted DD,"{""stem"": ""2024-02-16_clarksons-platou-hellas-snp-weekly-bulletin-106_report-16-02-2024_53d0798323a5"", ""source_file"": ""2024-02-16_clarksons-platou-hellas-snp-weekly-bulletin-106_report-16-02-2024_53d0798323a5.pdf"", ""raw_built"": ""MAN 2005 TSUNEISHI"", ""raw_details"": ""B & W 6S60MC6.1 SS BWTS fitted DD"", ""printed_date"": ""16/02/2024""}"
2024-02-16,2024-02-16,Bulker Sales,1,SANTA JOHANNA,Ultramax,"61,255",2017,SHIN MAN B KURUSHIMA,USD 30 M,GREEKS,03/27 HIGH 06/25,& W 6S50ME-B9.5 SS BWTS fitted DD,"{""stem"": ""2024-02-16_clarksons-platou-hellas-snp-weekly-bulletin-106_report-16-02-2024_53d0798323a5"", ""source_file"": ""2024-02-16_clarksons-platou-hellas-snp-weekly-bulletin-106_report-16-02-2024_53d0798323a5.pdf"", ""raw_built"": ""2017 SHIN MAN B KURUSHIMA"", ""raw_details"": ""& W 6S50ME-B9.5 SS BWTS fitted DD"", ""printed_date"": ""16/02/2024""}"
2024-02-16,2024-02-16,Bulker Sales,1,PAUL BAY,Handysize,"38,330",2016,YANGZHOU Wartsila GOYU,USD 22 M,U/D,06/25 RGN 06/25,2-stroke 5RT-flex SS BWTS fitted DD,"{""stem"": ""2024-02-16_clarksons-platou-hellas-snp-weekly-bulletin-106_report-16-02-2024_53d0798323a5"", ""source_file"": ""2024-02-16_clarksons-platou-hellas-snp-weekly-bulletin-106_report-16-02-2024_53d0798323a5.pdf"", ""raw_built"": ""2016 YANGZHOU Wartsila GOYU"", ""raw_details"": ""2-stroke 5RT-flex SS BWTS fitted DD"", ""printed_date"": ""16/02/2024""}"
2024-02-16,2024-02-16,Bulker Sales,1,JAKOB SELMER,Handysize,"34,954",,MAN 2011 SAMJIN,USD 12 M,GREEKS,02/26 RGN 04/24,& W 6S50MC6.1 SS BWTS fitted DD,"{""stem"": ""2024-02-16_clarksons-platou-hellas-snp-weekly-bulletin-106_report-16-02-2024_53d0798323a5"", ""source_file"": ""2024-02-16_clarksons-platou-hellas-snp-weekly-bulletin-106_report-16-02-2024_53d0798323a5.pdf"", ""raw_built"": ""MAN 2011 SAMJIN"", ""raw_details"": ""& W 6S50MC6.1 SS BWTS fitted DD"", ""printed_date"": ""16/02/2024""}"
2024-02-16,2024-02-16,Bulker Sales,1,LUCKY GLORY,Handysize,"32,256",2007,KANDA,USD 10.7 M,TURKISH,07/24 07/24,Mitsubishi 6UEC52LA SS BWTS fitted DD,"{""stem"": ""2024-02-16_clarksons-platou-hellas-snp-weekly-bulletin-106_report-16-02-2024_53d0798323a5"", ""source_file"": ""2024-02-16_clarksons-platou-hellas-snp-weekly-bulletin-106_report-16-02-2024_53d0798323a5.pdf"", ""raw_built"": ""2007 KANDA"", ""raw_details"": ""Mitsubishi 6UEC52LA SS BWTS fitted DD"", ""printed_date"": ""16/02/2024""}"
2024-02-16,2024-02-16,Tanker Sales,1,RAPTOR,Suezmax,"159,395",,MAN B 2007 UNIVERSAL,USD 46.5 M,CHINESE,10/27 01/26,& W 6S70MC-C7.1 SS BWTS fitted DD SCRUBBER fitted,"{""stem"": ""2024-02-16_clarksons-platou-hellas-snp-weekly-bulletin-106_report-16-02-2024_53d0798323a5"", ""source_file"": ""2024-02-16_clarksons-platou-hellas-snp-weekly-bulletin-106_report-16-02-2024_53d0798323a5.pdf"", ""raw_built"": ""MAN B 2007 UNIVERSAL"", ""raw_details"": ""& W 6S70MC-C7.1 SS BWTS fitted DD SCRUBBER fitted"", ""printed_date"": ""16/02/2024""}"
2024-02-16,2024-02-16,Tanker Sales,1,MTM COLORADO,MR,"51,319",2004,STX MAN B,USD 15 M,U/D,05/24 LOW 05/24,SS & W 6S50MC-C8.1 DD,"{""stem"": ""2024-02-16_clarksons-platou-hellas-snp-weekly-bulletin-106_report-16-02-2024_53d0798323a5"", ""source_file"": ""2024-02-16_clarksons-platou-hellas-snp-weekly-bulletin-106_report-16-02-2024_53d0798323a5.pdf"", ""raw_built"": ""2004 STX MAN B"", ""raw_details"": ""SS & W 6S50MC-C8.1 DD"", ""printed_date"": ""16/02/2024""}"
2024-02-23,2024-02-23,Bulker Sales,1,PACIFIC,Capesize,"207,842",,MAN B. 2014 IMABARI,USD 46.5 M,U/D,11/26 12/24,& W. 6S70ME-C8.2 SS BWTS fitted DD,"{""stem"": ""2024-02-23_clarksons-platou-hellas-snp-weekly-bulletin-107_report-23-02-2024_550496b5b810"", ""source_file"": ""2024-02-23_clarksons-platou-hellas-snp-weekly-bulletin-107_report-23-02-2024_550496b5b810.pdf"", ""raw_built"": ""MAN B. 2014 IMABARI"", ""raw_details"": ""& W. 6S70ME-C8.2 SS BWTS fitted DD"", ""printed_date"": ""23/02/2024""}"
2024-02-23,2024-02-23,Bulker Sales,1,ASSURANCE,Capesize,"207,842",,MAN B. 2014 IMABARI,USD 46.5 M,U/D,11/26 12/24,& W. 6S70ME-C8.2 SS BWTS fitted DD,"{""stem"": ""2024-02-23_clarksons-platou-hellas-snp-weekly-bulletin-107_report-23-02-2024_550496b5b810"", ""source_file"": ""2024-02-23_clarksons-platou-hellas-snp-weekly-bulletin-107_report-23-02-2024_550496b5b810.pdf"", ""raw_built"": ""MAN B. 2014 IMABARI"", ""raw_details"": ""& W. 6S70ME-C8.2 SS BWTS fitted DD"", ""printed_date"": ""23/02/2024""}"
2024-02-23,2024-02-23,Bulker Sales,1,TRUE CARTIER,Capesize,"181,380",,MAN B. 2014 IMABARI,USD 40.8 M,OLDENDORFF,07/24 07/24,& W. 6S70ME-C8.2 SS BWTS fitted DD,"{""stem"": ""2024-02-23_clarksons-platou-hellas-snp-weekly-bulletin-107_report-23-02-2024_550496b5b810"", ""source_file"": ""2024-02-23_clarksons-platou-hellas-snp-weekly-bulletin-107_report-23-02-2024_550496b5b810.pdf"", ""raw_built"": ""MAN B. 2014 IMABARI"", ""raw_details"": ""& W. 6S70ME-C8.2 SS BWTS fitted DD"", ""printed_date"": ""23/02/2024""}"
2024-02-23,2024-02-23,Bulker Sales,1,CMB POMEROL,Kamsarmax,"95,731",,MAN B. 2012 IMABARI,USD 21 M,GREEKS,01/27 RGN 12/24,& W. 6S60MC-C8.1 SS BWTS fitted DD,"{""stem"": ""2024-02-23_clarksons-platou-hellas-snp-weekly-bulletin-107_report-23-02-2024_550496b5b810"", ""source_file"": ""2024-02-23_clarksons-platou-hellas-snp-weekly-bulletin-107_report-23-02-2024_550496b5b810.pdf"", ""raw_built"": ""MAN B. 2012 IMABARI"", ""raw_details"": ""& W. 6S60MC-C8.1 SS BWTS fitted DD"", ""printed_date"": ""23/02/2024""}"
2024-02-23,2024-02-23,Bulker Sales,1,ZHONG XIN PEARL,Panamax,"75,321",,MAN B. 2013 HUANGPU,USD 17.5 M,CHINESE,09/28 09/25,& W. 5S60ME-C7.2 SS BWTS fitted DD,"{""stem"": ""2024-02-23_clarksons-platou-hellas-snp-weekly-bulletin-107_report-23-02-2024_550496b5b810"", ""source_file"": ""2024-02-23_clarksons-platou-hellas-snp-weekly-bulletin-107_report-23-02-2024_550496b5b810.pdf"", ""raw_built"": ""MAN B. 2013 HUANGPU"", ""raw_details"": ""& W. 5S60ME-C7.2 SS BWTS fitted DD"", ""printed_date"": ""23/02/2024""}"
2024-02-23,2024-02-23,Bulker Sales,1,ANGELINA,Panamax,"74,540",,MAN 2001 DAEWOO,USD 7 MILL,CHINESE,02/26 06/24,B. & W. 6S60MC6 SS BWTS fitted DD,"{""stem"": ""2024-02-23_clarksons-platou-hellas-snp-weekly-bulletin-107_report-23-02-2024_550496b5b810"", ""source_file"": ""2024-02-23_clarksons-platou-hellas-snp-weekly-bulletin-107_report-23-02-2024_550496b5b810.pdf"", ""raw_built"": ""MAN 2001 DAEWOO"", ""raw_details"": ""B. & W. 6S60MC6 SS BWTS fitted DD"", ""printed_date"": ""23/02/2024""}"
2024-02-23,2024-02-23,Bulker Sales,1,DARYA PADMA,Ultramax,"60,935",,MAN B. 2015 JMU,USD 28.7 M,GREEKS,09/25 09/25,& W. 6S50ME-B9.3 SS BWTS fitted DD,"{""stem"": ""2024-02-23_clarksons-platou-hellas-snp-weekly-bulletin-107_report-23-02-2024_550496b5b810"", ""source_file"": ""2024-02-23_clarksons-platou-hellas-snp-weekly-bulletin-107_report-23-02-2024_550496b5b810.pdf"", ""raw_built"": ""MAN B. 2015 JMU"", ""raw_details"": ""& W. 6S50ME-B9.3 SS BWTS fitted DD"", ""printed_date"": ""23/02/2024""}"
2024-02-23,2024-02-23,Bulker Sales,1,PAIFIC INTEGRITY,Supramax,"56,100",,MAN B. 2013 MITSUI,USD 20 M,U/D,04/28 XS 03/26,& W. 6S50MC-C8.2 SS BWTS fitted DD,"{""stem"": ""2024-02-23_clarksons-platou-hellas-snp-weekly-bulletin-107_report-23-02-2024_550496b5b810"", ""source_file"": ""2024-02-23_clarksons-platou-hellas-snp-weekly-bulletin-107_report-23-02-2024_550496b5b810.pdf"", ""raw_built"": ""MAN B. 2013 MITSUI"", ""raw_details"": ""& W. 6S50MC-C8.2 SS BWTS fitted DD"", ""printed_date"": ""23/02/2024""}"
2024-02-23,2024-02-23,Bulker Sales,1,ULTRA VANSCOY,Handysize,"38,215",,MAN B. 2013 MITSUBISHI,USD 18 M,GREEKS,01/28 XS 12/25,& W. 6S46MC-C8.2 SS BWTS fitted DD,"{""stem"": ""2024-02-23_clarksons-platou-hellas-snp-weekly-bulletin-107_report-23-02-2024_550496b5b810"", ""source_file"": ""2024-02-23_clarksons-platou-hellas-snp-weekly-bulletin-107_report-23-02-2024_550496b5b810.pdf"", ""raw_built"": ""MAN B. 2013 MITSUBISHI"", ""raw_details"": ""& W. 6S46MC-C8.2 SS BWTS fitted DD"", ""printed_date"": ""23/02/2024""}"
2024-02-23,2024-02-23,Bulker Sales,1,AUSTRALIAN BULKER,Handysize,"36,228",,MAN B. 2017 SHIKOKU,USD 24 M,U/D,10/27 RGN 08/25,& W. 5S50ME-B9.3 SS BWTS fitted DD SCRUBBER fitted,"{""stem"": ""2024-02-23_clarksons-platou-hellas-snp-weekly-bulletin-107_report-23-02-2024_550496b5b810"", ""source_file"": ""2024-02-23_clarksons-platou-hellas-snp-weekly-bulletin-107_report-23-02-2024_550496b5b810.pdf"", ""raw_built"": ""MAN B. 2017 SHIKOKU"", ""raw_details"": ""& W. 5S50ME-B9.3 SS BWTS fitted DD SCRUBBER fitted"", ""printed_date"": ""23/02/2024""}"
2024-02-23,2024-02-23,Tanker Sales,1,SHOGUN,Handysize,"44,485",,MAN 2002 HMD,USD 13 M,U/D,06/27 HIGH 01/25,B. & W. 6S50MC6.1 SS BWTS fitted DD Mitsubishi 6UEC45LS,"{""stem"": ""2024-02-23_clarksons-platou-hellas-snp-weekly-bulletin-107_report-23-02-2024_550496b5b810"", ""source_file"": ""2024-02-23_clarksons-platou-hellas-snp-weekly-bulletin-107_report-23-02-2024_550496b5b810.pdf"", ""raw_built"": ""MAN 2002 HMD"", ""raw_details"": ""B. & W. 6S50MC6.1 SS BWTS fitted DD Mitsubishi 6UEC45LS"", ""printed_date"": ""23/02/2024""}"
2024-02-23,2024-02-23,Tanker Sales,1,BEATRICE,Handysize,"25,932",2013,ASAKAWA,USD 23 M,U/D,12/28 RGN 12/26,Mitsubishi 6UEC45LS SS BWTS fitted DD STST,"{""stem"": ""2024-02-23_clarksons-platou-hellas-snp-weekly-bulletin-107_report-23-02-2024_550496b5b810"", ""source_file"": ""2024-02-23_clarksons-platou-hellas-snp-weekly-bulletin-107_report-23-02-2024_550496b5b810.pdf"", ""raw_built"": ""2013 ASAKAWA"", ""raw_details"": ""Mitsubishi 6UEC45LS SS BWTS fitted DD STST"", ""printed_date"": ""23/02/2024""}"
2025-10-24,2025-10-24,Bulker Sales,3,BULK SAO PAULO,Capesize,"208,445",2019,NEW TIMES,"USD 72,25 M",BELGIAN (EBE),SS 06/30 DD 04/28,B&W 6G70ME-C9.5,"{""stem"": ""2025-10-24_clarksons-platou-hellas-snp-weekly-bulletin-111_weekly-sales-24th-oct-2025_e721320e3ba1"", ""source_file"": ""2025-10-24_clarksons-platou-hellas-snp-weekly-bulletin-111_weekly-sales-24th-oct-2025_e721320e3ba1.pdf"", ""raw_built"": ""2019 NEW TIMES"", ""raw_details"": ""B&W 6G70ME-C9.5"", ""printed_date"": ""24/10/2025""}"
2025-10-24,2025-10-24,Bulker Sales,3,MINERAL SUBIC,Capesize,"179,397",2011,HHIC,LOW USD 30 M,CHINESE,SS 06/26 DD 06/26,B&W 6S60MC-C7.2,"{""stem"": ""2025-10-24_clarksons-platou-hellas-snp-weekly-bulletin-111_weekly-sales-24th-oct-2025_e721320e3ba1"", ""source_file"": ""2025-10-24_clarksons-platou-hellas-snp-weekly-bulletin-111_weekly-sales-24th-oct-2025_e721320e3ba1.pdf"", ""raw_built"": ""2011 HHIC"", ""raw_details"": ""B&W 6S60MC-C7.2"", ""printed_date"": ""24/10/2025""}"
2025-10-24,2025-10-24,Bulker Sales,3,AP POWER,Capesize,"173,541",2006,BOHAI,USD 14.5 M,CHINESE (SEACON),SS 09/26 DD 09/26,WARTSILA 6RTA68T-B,"{""stem"": ""2025-10-24_clarksons-platou-hellas-snp-weekly-bulletin-111_weekly-sales-24th-oct-2025_e721320e3ba1"", ""source_file"": ""2025-10-24_clarksons-platou-hellas-snp-weekly-bulletin-111_weekly-sales-24th-oct-2025_e721320e3ba1.pdf"", ""raw_built"": ""2006 BOHAI"", ""raw_details"": ""WARTSILA 6RTA68T-B"", ""printed_date"": ""24/10/2025""}"
2025-10-24,2025-10-24,Bulker Sales,3,FJELD SAGA,Kamsarmax,"82,908",2013,SANOYAS,CIRCA USD 20 M,NORWEGIAN (ADS),SS 08/30 DD 09/28,B&W 6S60MC-C8.2,"{""stem"": ""2025-10-24_clarksons-platou-hellas-snp-weekly-bulletin-111_weekly-sales-24th-oct-2025_e721320e3ba1"", ""source_file"": ""2025-10-24_clarksons-platou-hellas-snp-weekly-bulletin-111_weekly-sales-24th-oct-2025_e721320e3ba1.pdf"", ""raw_built"": ""2013 SANOYAS"", ""raw_details"": ""B&W 6S60MC-C8.2"", ""printed_date"": ""24/10/2025""}"
2025-10-24,2025-10-24,Bulker Sales,3,INCE EGE,Supramax,"57,373",2010,STX DALIAN,HIGH USD 12 M,U/D,SS 04/30 DD 04/28,B&W 6S50MC-C7.1,"{""stem"": ""2025-10-24_clarksons-platou-hellas-snp-weekly-bulletin-111_weekly-sales-24th-oct-2025_e721320e3ba1"", ""source_file"": ""2025-10-24_clarksons-platou-hellas-snp-weekly-bulletin-111_weekly-sales-24th-oct-2025_e721320e3ba1.pdf"", ""raw_built"": ""2010 STX DALIAN"", ""raw_details"": ""B&W 6S50MC-C7.1"", ""printed_date"": ""24/10/2025""}"
2025-10-24,2025-10-24,Bulker Sales,3,OCEAN TACT,Handysize,"36,196",2019,SHIKOKU,XS USD 23 M,U/D,SS 10/29 DD 10/27,B&W 5S50ME-B9.3,"{""stem"": ""2025-10-24_clarksons-platou-hellas-snp-weekly-bulletin-111_weekly-sales-24th-oct-2025_e721320e3ba1"", ""source_file"": ""2025-10-24_clarksons-platou-hellas-snp-weekly-bulletin-111_weekly-sales-24th-oct-2025_e721320e3ba1.pdf"", ""raw_built"": ""2019 SHIKOKU"", ""raw_details"": ""B&W 5S50ME-B9.3"", ""printed_date"": ""24/10/2025""}"
2025-10-24,2025-10-24,Bulker Sales,3,ARAWANA,Handysize,"32,392",2012,MAPLE LEAF,U/D,U/D,05/27 05/27,B&W 6S42MC7.2,"{""stem"": ""2025-10-24_clarksons-platou-hellas-snp-weekly-bulletin-111_weekly-sales-24th-oct-2025_e721320e3ba1"", ""source_file"": ""2025-10-24_clarksons-platou-hellas-snp-weekly-bulletin-111_weekly-sales-24th-oct-2025_e721320e3ba1.pdf"", ""raw_built"": ""2012 MAPLE LEAF"", ""raw_details"": ""B&W 6S42MC7.2"", ""printed_date"": ""24/10/2025""}"
2025-10-24,2025-10-24,Bulker Sales,3,VEGA FALKTIND,Handysize,"31,754",2011,FUJIAN MAWEI,USD 8.5 M,U/D,SS 03/26 DD 03/26,MITSUBISHI 6UEC43LSII,"{""stem"": ""2025-10-24_clarksons-platou-hellas-snp-weekly-bulletin-111_weekly-sales-24th-oct-2025_e721320e3ba1"", ""source_file"": ""2025-10-24_clarksons-platou-hellas-snp-weekly-bulletin-111_weekly-sales-24th-oct-2025_e721320e3ba1.pdf"", ""raw_built"": ""2011 FUJIAN MAWEI"", ""raw_details"": ""MITSUBISHI 6UEC43LSII"", ""printed_date"": ""24/10/2025""}"
2025-10-24,2025-10-24,Bulker Sales,3,DANSHIP BULKER,Handysize,"28,291",2009,I-S SHIPYARD,USD 8.5 M,VIETNAMESE,SS 02/29 DD 02/27,B&W 6S42MC7.2,"{""stem"": ""2025-10-24_clarksons-platou-hellas-snp-weekly-bulletin-111_weekly-sales-24th-oct-2025_e721320e3ba1"", ""source_file"": ""2025-10-24_clarksons-platou-hellas-snp-weekly-bulletin-111_weekly-sales-24th-oct-2025_e721320e3ba1.pdf"", ""raw_built"": ""2009 I-S SHIPYARD"", ""raw_details"": ""B&W 6S42MC7.2"", ""printed_date"": ""24/10/2025""}"
2025-10-31,2025-10-31,Bulker Sales,2,ROSEMARY,Capesize,"179,742",2010,DAEWOO,USD 28.5 M,U/D,04/30 05/28,B. & W. 6S70MC-C BWTS FITTED,"{""stem"": ""2025-10-31_clarksons-platou-hellas-snp-weekly-bulletin-110_weekly-sales-31st-oct-2025_7b5e63335a6f"", ""source_file"": ""2025-10-31_clarksons-platou-hellas-snp-weekly-bulletin-110_weekly-sales-31st-oct-2025_7b5e63335a6f.pdf"", ""raw_built"": ""2010 DAEWOO"", ""raw_details"": ""B. & W. 6S70MC-C BWTS FITTED"", ""printed_date"": ""31/10/2025""}"
2025-10-31,2025-10-31,Bulker Sales,2,ATACAMA QUEEN,Supramax,"51,213",2011,IMABARI,USD 14.5 M,U/D,02/26 02/26,B. & W. 6S50MC-C 4 x 31 T BWTS FITTED / OHBS,"{""stem"": ""2025-10-31_clarksons-platou-hellas-snp-weekly-bulletin-110_weekly-sales-31st-oct-2025_7b5e63335a6f"", ""source_file"": ""2025-10-31_clarksons-platou-hellas-snp-weekly-bulletin-110_weekly-sales-31st-oct-2025_7b5e63335a6f.pdf"", ""raw_built"": ""2011 IMABARI"", ""raw_details"": ""B. & W. 6S50MC-C 4 x 31 T BWTS FITTED / OHBS"", ""printed_date"": ""31/10/2025""}"
2025-10-31,2025-10-31,Bulker Sales,2,EVRIALI,Supramax,"53,554",2007,IWAGI,USD 10.3 M,U/D,09/27 11/25,B. & W. 6S50MC-C8.1 4 x 30 T BWTS FITTED,"{""stem"": ""2025-10-31_clarksons-platou-hellas-snp-weekly-bulletin-110_weekly-sales-31st-oct-2025_7b5e63335a6f"", ""source_file"": ""2025-10-31_clarksons-platou-hellas-snp-weekly-bulletin-110_weekly-sales-31st-oct-2025_7b5e63335a6f.pdf"", ""raw_built"": ""2007 IWAGI"", ""raw_details"": ""B. & W. 6S50MC-C8.1 4 x 30 T BWTS FITTED"", ""printed_date"": ""31/10/2025""}"
2025-11-07,2025-11-07,Bulker Sales,2,SEACON AFRICA,Panamax,"206,291",2006,"IMABARI, JAPAN","06/26 USD 22,7m 06/26",Chinese,SS DD,Everllence B&W 6S70MC-C7.1 BWTS,"{""stem"": ""2025-11-07_clarksons-platou-hellas-snp-weekly-bulletin-108_weekly-sales-7th-nov-2025_85db4cda082e"", ""source_file"": ""2025-11-07_clarksons-platou-hellas-snp-weekly-bulletin-108_weekly-sales-7th-nov-2025_85db4cda082e.pdf"", ""raw_built"": ""2006 IMABARI, JAPAN"", ""raw_details"": ""Everllence B&W 6S70MC-C7.1 BWTS"", ""printed_date"": ""07/11/2025""}"
2025-11-07,2025-11-07,Bulker Sales,2,ORNAK,Panamax,"79,677",,"NEW CENTURY SB, CHINA",LOW USD 09/30 09/28 11m,U/D,SS DD,Everllence B&W 7S50MC-C8.2 BWTS Fitted,"{""stem"": ""2025-11-07_clarksons-platou-hellas-snp-weekly-bulletin-108_weekly-sales-7th-nov-2025_85db4cda082e"", ""source_file"": ""2025-11-07_clarksons-platou-hellas-snp-weekly-bulletin-108_weekly-sales-7th-nov-2025_85db4cda082e.pdf"", ""raw_built"": ""NEW CENTURY SB, CHINA"", ""raw_details"": ""Everllence B&W 7S50MC-C8.2 BWTS Fitted"", ""printed_date"": ""07/11/2025""}"
2025-11-07,2025-11-07,Bulker Sales,2,CMB BRUEGEL,Ultramax,"63,667",2021,"SHIN KASADO, JAPAN",02/26 USD 33m 02/26,"Meghna Group, Bangladesh",SS DD,Everllence B&W 6S50ME-C9.6 BWTS Fitted,"{""stem"": ""2025-11-07_clarksons-platou-hellas-snp-weekly-bulletin-108_weekly-sales-7th-nov-2025_85db4cda082e"", ""source_file"": ""2025-11-07_clarksons-platou-hellas-snp-weekly-bulletin-108_weekly-sales-7th-nov-2025_85db4cda082e.pdf"", ""raw_built"": ""2021 SHIN KASADO, JAPAN"", ""raw_details"": ""Everllence B&W 6S50ME-C9.6 BWTS Fitted"", ""printed_date"": ""07/11/2025""}"
2025-11-07,2025-11-07,Bulker Sales,2,INCE FORTUNE,Supramax,"57,293",2010,"STX (DALIAN), CHINA",08/30 MID/ HIGH 08/28 USD 12m,U/D,SS DD,Everllence B&W 6S50MC-C7.2 BWTS Fitted,"{""stem"": ""2025-11-07_clarksons-platou-hellas-snp-weekly-bulletin-108_weekly-sales-7th-nov-2025_85db4cda082e"", ""source_file"": ""2025-11-07_clarksons-platou-hellas-snp-weekly-bulletin-108_weekly-sales-7th-nov-2025_85db4cda082e.pdf"", ""raw_built"": ""2010 STX (DALIAN), CHINA"", ""raw_details"": ""Everllence B&W 6S50MC-C7.2 BWTS Fitted"", ""printed_date"": ""07/11/2025""}"
2025-11-07,2025-11-07,Bulker Sales,2,KARADENIZ S,Supramax,"57,266",2012,"STX (JINHAE), S. KOREA",XS USD 07/27 07/27 14m,Turkish,SS DD,Everllence B&W 6S50MC-C8.1 BWTS Fitted,"{""stem"": ""2025-11-07_clarksons-platou-hellas-snp-weekly-bulletin-108_weekly-sales-7th-nov-2025_85db4cda082e"", ""source_file"": ""2025-11-07_clarksons-platou-hellas-snp-weekly-bulletin-108_weekly-sales-7th-nov-2025_85db4cda082e.pdf"", ""raw_built"": ""2012 STX (JINHAE), S. KOREA"", ""raw_details"": ""Everllence B&W 6S50MC-C8.1 BWTS Fitted"", ""printed_date"": ""07/11/2025""}"
2025-11-07,2025-11-07,Bulker Sales,2,YANGTZE FLOURISH,Handysize,"32,503",2012,"JIANGMEN NANYANG, CHINA",HIGH USD 05/27 05/27 9m,Chinese,SS DD,Everllence B&W 6S42MC7.2 BWTS Fitted,"{""stem"": ""2025-11-07_clarksons-platou-hellas-snp-weekly-bulletin-108_weekly-sales-7th-nov-2025_85db4cda082e"", ""source_file"": ""2025-11-07_clarksons-platou-hellas-snp-weekly-bulletin-108_weekly-sales-7th-nov-2025_85db4cda082e.pdf"", ""raw_built"": ""2012 JIANGMEN NANYANG, CHINA"", ""raw_details"": ""Everllence B&W 6S42MC7.2 BWTS Fitted"", ""printed_date"": ""07/11/2025""}"
2025-11-14,2025-11-14,Bulker Sales,2,YANGTZE NOVA,Handysize,"47,180",2013,JIANGSU EASTERN,RGN USD 12 M,U/D,01/28 10/27,B&W 6S46MC-C8 4 x 30 T BWTS FITTED,"{""stem"": ""2025-11-14_clarksons-platou-hellas-snp-weekly-bulletin-109_weekly-sales-14th-nov-2025_2d03d8afcd10"", ""source_file"": ""2025-11-14_clarksons-platou-hellas-snp-weekly-bulletin-109_weekly-sales-14th-nov-2025_2d03d8afcd10.pdf"", ""raw_built"": ""2013 JIANGSU EASTERN"", ""raw_details"": ""B&W 6S46MC-C8 4 x 30 T BWTS FITTED"", ""printed_date"": ""14/11/2025""}"
2025-11-14,2025-11-14,Bulker Sales,2,EMIL SELMER,Handysize,"32,626",2010,JIANGSU ZHENJIANG,USD 8 M,U/D,12/25 12/25,B&W 5S50MC6.2 4 x 30 T BWTS FITTED,"{""stem"": ""2025-11-14_clarksons-platou-hellas-snp-weekly-bulletin-109_weekly-sales-14th-nov-2025_2d03d8afcd10"", ""source_file"": ""2025-11-14_clarksons-platou-hellas-snp-weekly-bulletin-109_weekly-sales-14th-nov-2025_2d03d8afcd10.pdf"", ""raw_built"": ""2010 JIANGSU ZHENJIANG"", ""raw_details"": ""B&W 5S50MC6.2 4 x 30 T BWTS FITTED"", ""printed_date"": ""14/11/2025""}"
2025-11-21,2025-11-21,Bulker Sales,2,NBA REMBRANDT,Kamsarmax,"107,236",2012,OSHIMA,USD 18.7 M,GCL,SS 10/30 DD 10/28,Mitsubishi 6UEC60LSII BWTS FITTED,"{""stem"": ""2025-11-21_clarksons-platou-hellas-snp-weekly-bulletin_weekly-sales-21st-nov-2025_9204f9012010"", ""source_file"": ""2025-11-21_clarksons-platou-hellas-snp-weekly-bulletin_weekly-sales-21st-nov-2025_9204f9012010.pdf"", ""raw_built"": ""2012 OSHIMA"", ""raw_details"": ""Mitsubishi 6UEC60LSII BWTS FITTED"", ""printed_date"": ""21/11/2025""}"
2025-11-21,2025-11-21,Bulker Sales,2,YASA UNITY,Panamax,"75,621",2006,SANOYAS HISHINO,LOW USD 9 M,U/D,SS 04/26 DD 04/26,B&W 7S50MC-C8.1 BWTS FITTED,"{""stem"": ""2025-11-21_clarksons-platou-hellas-snp-weekly-bulletin_weekly-sales-21st-nov-2025_9204f9012010"", ""source_file"": ""2025-11-21_clarksons-platou-hellas-snp-weekly-bulletin_weekly-sales-21st-nov-2025_9204f9012010.pdf"", ""raw_built"": ""2006 SANOYAS HISHINO"", ""raw_details"": ""B&W 7S50MC-C8.1 BWTS FITTED"", ""printed_date"": ""21/11/2025""}"
2025-11-21,2025-11-21,Bulker Sales,2,SANTA MARIA,Ultramax,"61,323",2014,IWAGI ZOSEN,LOW USD 21 M,U/D,SS 11/28 DD 11/26,B&W 6S50ME-C8.2 4X30T BWTS FITTED,"{""stem"": ""2025-11-21_clarksons-platou-hellas-snp-weekly-bulletin_weekly-sales-21st-nov-2025_9204f9012010"", ""source_file"": ""2025-11-21_clarksons-platou-hellas-snp-weekly-bulletin_weekly-sales-21st-nov-2025_9204f9012010.pdf"", ""raw_built"": ""2014 IWAGI ZOSEN"", ""raw_details"": ""B&W 6S50ME-C8.2 4X30T BWTS FITTED"", ""printed_date"": ""21/11/2025""}"
2025-11-21,2025-11-21,Bulker Sales,2,SATURNIA,Handysize,"38,947",2015,JIANGMEN NANYANG,USD 18.5 M,PIONEER MARINE,SS 10/30 DD 10/28,B&W 5S50ME-B9.2 4X30T BWTS FITTED,"{""stem"": ""2025-11-21_clarksons-platou-hellas-snp-weekly-bulletin_weekly-sales-21st-nov-2025_9204f9012010"", ""source_file"": ""2025-11-21_clarksons-platou-hellas-snp-weekly-bulletin_weekly-sales-21st-nov-2025_9204f9012010.pdf"", ""raw_built"": ""2015 JIANGMEN NANYANG"", ""raw_details"": ""B&W 5S50ME-B9.2 4X30T BWTS FITTED"", ""printed_date"": ""21/11/2025""}"
2025-11-21,2025-11-21,Bulker Sales,2,FEDERAL,Handysize,"37,150",2013,ZHEJIANG YANGFAN,HIGH USD 14 M,GREEKS,SS 06/29 DD 06/27,B&W 5S50ME-B9.2 4X30T,"{""stem"": ""2025-11-21_clarksons-platou-hellas-snp-weekly-bulletin_weekly-sales-21st-nov-2025_9204f9012010"", ""source_file"": ""2025-11-21_clarksons-platou-hellas-snp-weekly-bulletin_weekly-sales-21st-nov-2025_9204f9012010.pdf"", ""raw_built"": ""2013 ZHEJIANG YANGFAN"", ""raw_details"": ""B&W 5S50ME-B9.2 4X30T"", ""printed_date"": ""21/11/2025""}"
2025-11-21,2025-11-21,Bulker Sales,2,YELLOWSTONE,Handysize,"37,150",2013,ZHEJIANG YANGFAN,HIGH USD 14 M,GREEKS,SS 06/29 DD 06/27,4X30T BWTS FITTED,"{""stem"": ""2025-11-21_clarksons-platou-hellas-snp-weekly-bulletin_weekly-sales-21st-nov-2025_9204f9012010"", ""source_file"": ""2025-11-21_clarksons-platou-hellas-snp-weekly-bulletin_weekly-sales-21st-nov-2025_9204f9012010.pdf"", ""raw_built"": ""2013 ZHEJIANG YANGFAN"", ""raw_details"": ""4X30T BWTS FITTED"", ""printed_date"": ""21/11/2025""}"
2025-11-21,2025-11-21,Bulker Sales,2,YANGTZE GRACE,Handysize,"32,503",2012,JIANGMEN NANYANG,HIGH USD 9 M,CHINESE,SS 06/27 DD 06/27,B&W 6S42MC7.2 4X30T BWTS FITTED,"{""stem"": ""2025-11-21_clarksons-platou-hellas-snp-weekly-bulletin_weekly-sales-21st-nov-2025_9204f9012010"", ""source_file"": ""2025-11-21_clarksons-platou-hellas-snp-weekly-bulletin_weekly-sales-21st-nov-2025_9204f9012010.pdf"", ""raw_built"": ""2012 JIANGMEN NANYANG"", ""raw_details"": ""B&W 6S42MC7.2 4X30T BWTS FITTED"", ""printed_date"": ""21/11/2025""}"
2025-11-28,2025-11-28,Bulker Sales,2,FORTUNE VIOLET,Capesize,"181,366",2012,IMABARI SB SAIJO,USD 34 M,U/D,SS 06/27 DD 06/27,B&W 6S70MC-C7.2 BWTS FITTED,"{""stem"": ""2025-11-28_clarksons-platou-hellas-snp-weekly-bulletin-112_weekly-sales-28th-nov-2025_3697ac0b660c"", ""source_file"": ""2025-11-28_clarksons-platou-hellas-snp-weekly-bulletin-112_weekly-sales-28th-nov-2025_3697ac0b660c.pdf"", ""raw_built"": ""2012 IMABARI SB SAIJO"", ""raw_details"": ""B&W 6S70MC-C7.2 BWTS FITTED"", ""printed_date"": ""28/11/2025""}"
2025-11-28,2025-11-28,Bulker Sales,2,JAL KANAK,Ultramax,"66,000",2026,YANGZI-MITSUI SB,USD 37.25 M,U/D,-,B&W 7S50ME-C9.7 4x40T BWTS FITTED,"{""stem"": ""2025-11-28_clarksons-platou-hellas-snp-weekly-bulletin-112_weekly-sales-28th-nov-2025_3697ac0b660c"", ""source_file"": ""2025-11-28_clarksons-platou-hellas-snp-weekly-bulletin-112_weekly-sales-28th-nov-2025_3697ac0b660c.pdf"", ""raw_built"": ""2026 YANGZI-MITSUI SB"", ""raw_details"": ""B&W 7S50ME-C9.7 4x40T BWTS FITTED"", ""printed_date"": ""28/11/2025""}"
2025-11-28,2025-11-28,Bulker Sales,2,JAL KUNDAN,Ultramax,"66,000",2026,YANGZI-MITSUI SB,USD 37.25 M,U/D,-,B&W 7S50ME-C9.7 4x40T BWTS FITTED,"{""stem"": ""2025-11-28_clarksons-platou-hellas-snp-weekly-bulletin-112_weekly-sales-28th-nov-2025_3697ac0b660c"", ""source_file"": ""2025-11-28_clarksons-platou-hellas-snp-weekly-bulletin-112_weekly-sales-28th-nov-2025_3697ac0b660c.pdf"", ""raw_built"": ""2026 YANGZI-MITSUI SB"", ""raw_details"": ""B&W 7S50ME-C9.7 4x40T BWTS FITTED"", ""printed_date"": ""28/11/2025""}"
2025-11-28,2025-11-28,Bulker Sales,2,JIN SUI,Supramax,"56,968",2008,SHANGHAI SHIPYARD,USD 10.3 M,FOREVER WIN SHIPPING,SS 08/28 DD 07/26,B&W 6S50MC-C7.1 4X35T BWTS FITTED,"{""stem"": ""2025-11-28_clarksons-platou-hellas-snp-weekly-bulletin-112_weekly-sales-28th-nov-2025_3697ac0b660c"", ""source_file"": ""2025-11-28_clarksons-platou-hellas-snp-weekly-bulletin-112_weekly-sales-28th-nov-2025_3697ac0b660c.pdf"", ""raw_built"": ""2008 SHANGHAI SHIPYARD"", ""raw_details"": ""B&W 6S50MC-C7.1 4X35T BWTS FITTED"", ""printed_date"": ""28/11/2025""}"
2025-11-28,2025-11-28,Bulker Sales,2,VEGA STETIND,Supramax,"55,496",2008,OSHIMA SHIPBUILDING,LOW USD 11 M,CHINESE,SS 02/28 DD 12/25,B&W 6S50MC-C8.1 4X30T BWTS FITTED,"{""stem"": ""2025-11-28_clarksons-platou-hellas-snp-weekly-bulletin-112_weekly-sales-28th-nov-2025_3697ac0b660c"", ""source_file"": ""2025-11-28_clarksons-platou-hellas-snp-weekly-bulletin-112_weekly-sales-28th-nov-2025_3697ac0b660c.pdf"", ""raw_built"": ""2008 OSHIMA SHIPBUILDING"", ""raw_details"": ""B&W 6S50MC-C8.1 4X30T BWTS FITTED"", ""printed_date"": ""28/11/2025""}"
2025-11-28,2025-11-28,Bulker Sales,2,INTREPID,Supramax,"52,346",2005,TSUNEISHI CEBU,LOW USD 10 M,CHINESE,SS 08/30 DD 11/28,B&W 6S50MC6.1 4X30T BWTS FITTED,"{""stem"": ""2025-11-28_clarksons-platou-hellas-snp-weekly-bulletin-112_weekly-sales-28th-nov-2025_3697ac0b660c"", ""source_file"": ""2025-11-28_clarksons-platou-hellas-snp-weekly-bulletin-112_weekly-sales-28th-nov-2025_3697ac0b660c.pdf"", ""raw_built"": ""2005 TSUNEISHI CEBU"", ""raw_details"": ""B&W 6S50MC6.1 4X30T BWTS FITTED"", ""printed_date"": ""28/11/2025""}"
2025-12-05,2025-12-05,Bulker Sales,1,"of USD 13.25 m,",Bulker,while a,2010,Chinese built 58K,,,11.2 m.,DWT was sold at USD,"{""stem"": ""2025-12-05_clarksons-platou-hellas-snp-weekly-bulletin-113_weekly-sales-05th-dec-2025_7bc77c7c5920"", ""source_file"": ""2025-12-05_clarksons-platou-hellas-snp-weekly-bulletin-113_weekly-sales-05th-dec-2025_7bc77c7c5920.pdf"", ""raw_built"": ""2010 Chinese built 58K"", ""raw_details"": ""DWT was sold at USD"", ""printed_date"": ""05/12/2025""}"
2025-12-05,2025-12-05,Bulker Sales,2,KEY FRONTIER,Kamsarmax,"80,679",2011,UNIVERSAL SB MAIZURU,USD 18.7 M,GREEK,SS 06/30 DD 05/28,B&W 7S50MC-C8.2 BWTS FITTED,"{""stem"": ""2025-12-05_clarksons-platou-hellas-snp-weekly-bulletin-113_weekly-sales-05th-dec-2025_7bc77c7c5920"", ""source_file"": ""2025-12-05_clarksons-platou-hellas-snp-weekly-bulletin-113_weekly-sales-05th-dec-2025_7bc77c7c5920.pdf"", ""raw_built"": ""2011 UNIVERSAL SB MAIZURU"", ""raw_details"": ""B&W 7S50MC-C8.2 BWTS FITTED"", ""printed_date"": ""05/12/2025""}"
2025-12-05,2025-12-05,Bulker Sales,2,JIN BI,Supramax,"56,361",2012,JIANGSU NEW HANTONG,USD 14.4 M,XING LE INVESTMENTS,SS 09/27 DD 09/27,B&W 6S50ME-C8.1 4x36T BWTS FITTED,"{""stem"": ""2025-12-05_clarksons-platou-hellas-snp-weekly-bulletin-113_weekly-sales-05th-dec-2025_7bc77c7c5920"", ""source_file"": ""2025-12-05_clarksons-platou-hellas-snp-weekly-bulletin-113_weekly-sales-05th-dec-2025_7bc77c7c5920.pdf"", ""raw_built"": ""2012 JIANGSU NEW HANTONG"", ""raw_details"": ""B&W 6S50ME-C8.1 4x36T BWTS FITTED"", ""printed_date"": ""05/12/2025""}"
2025-12-05,2025-12-05,Bulker Sales,2,INCE KASTAMONU,Supramax,"56,925",2010,COSCO ZHOUSHAN,USD 12.8 M,U/D,SS 04/30 DD 04/28,B&W 6S50MC-C8.2 4x30T BWTS FITTED,"{""stem"": ""2025-12-05_clarksons-platou-hellas-snp-weekly-bulletin-113_weekly-sales-05th-dec-2025_7bc77c7c5920"", ""source_file"": ""2025-12-05_clarksons-platou-hellas-snp-weekly-bulletin-113_weekly-sales-05th-dec-2025_7bc77c7c5920.pdf"", ""raw_built"": ""2010 COSCO ZHOUSHAN"", ""raw_details"": ""B&W 6S50MC-C8.2 4x30T BWTS FITTED"", ""printed_date"": ""05/12/2025""}"
2025-12-12,2025-12-12,Bulker Sales,2,ATLANTIC LION,Capesize,"209,205",2020,SWS,USD 73.75 M,KOREAN,SS 07/30 DD 07/28,B&W 6G70ME-C9.5 BWTS FITTED SCRUBBER FITTED,"{""stem"": ""2025-12-12_clarksons-platou-hellas-snp-weekly-bulletin-112_weekly-sales-12th-dec-2025_cfbaf2b3c054"", ""source_file"": ""2025-12-12_clarksons-platou-hellas-snp-weekly-bulletin-112_weekly-sales-12th-dec-2025_cfbaf2b3c054.pdf"", ""raw_built"": ""2020 SWS"", ""raw_details"": ""B&W 6G70ME-C9.5 BWTS FITTED SCRUBBER FITTED"", ""printed_date"": ""12/12/2025""}"
2025-12-12,2025-12-12,Bulker Sales,2,IVS WINDSOR,Ultramax,"60,279",2016,OSHIMA,LOW USD 25 M,GREEK,SS 09/26 DD 09/26,B&W 6S50ME-B9.3 4x30T BWTS FITTED,"{""stem"": ""2025-12-12_clarksons-platou-hellas-snp-weekly-bulletin-112_weekly-sales-12th-dec-2025_cfbaf2b3c054"", ""source_file"": ""2025-12-12_clarksons-platou-hellas-snp-weekly-bulletin-112_weekly-sales-12th-dec-2025_cfbaf2b3c054.pdf"", ""raw_built"": ""2016 OSHIMA"", ""raw_details"": ""B&W 6S50ME-B9.3 4x30T BWTS FITTED"", ""printed_date"": ""12/12/2025""}"
2025-12-19,2025-12-19,Bulker Sales,2,WARIYA NAREE,Handysize,53.840,2011,HINDUSTAN,USD 9.85 M,U/D,SS 02/26 DD 02/26,flex50-B 4x36T BWTS FITTED,"{""stem"": ""2025-12-19_clarksons-platou-hellas-snp-weekly-bulletin-115_weekly-sales-19th-dec-2025_25b3d59450d8"", ""source_file"": ""2025-12-19_clarksons-platou-hellas-snp-weekly-bulletin-115_weekly-sales-19th-dec-2025_25b3d59450d8.pdf"", ""raw_built"": ""2011 HINDUSTAN"", ""raw_details"": ""flex50-B 4x36T BWTS FITTED"", ""printed_date"": ""19/12/2025""}"
2025-12-19,2025-12-19,Tanker Sales,2,STI GALLANTRY,Aframax,"109,999",2016,GUANGZHOU NANSHA,USD 52.3 M,U/D,SS 06/26 DD 06/26,B&W 6G60ME-C9.2 BWTS FITTED,"{""stem"": ""2025-12-19_clarksons-platou-hellas-snp-weekly-bulletin-115_weekly-sales-19th-dec-2025_25b3d59450d8"", ""source_file"": ""2025-12-19_clarksons-platou-hellas-snp-weekly-bulletin-115_weekly-sales-19th-dec-2025_25b3d59450d8.pdf"", ""raw_built"": ""2016 GUANGZHOU NANSHA"", ""raw_details"": ""B&W 6G60ME-C9.2 BWTS FITTED"", ""printed_date"": ""19/12/2025""}"
2025-12-19,2025-12-19,Tanker Sales,2,STI GOAL,Aframax,"109,999",2016,GUANGZHOU NANSHA,USD 52.3 M,U/D,SS 11/26 DD 11/26,B&W 6G60ME-C9.2 BWTS FITTED,"{""stem"": ""2025-12-19_clarksons-platou-hellas-snp-weekly-bulletin-115_weekly-sales-19th-dec-2025_25b3d59450d8"", ""source_file"": ""2025-12-19_clarksons-platou-hellas-snp-weekly-bulletin-115_weekly-sales-19th-dec-2025_25b3d59450d8.pdf"", ""raw_built"": ""2016 GUANGZHOU NANSHA"", ""raw_details"": ""B&W 6G60ME-C9.2 BWTS FITTED"", ""printed_date"": ""19/12/2025""}"
2025-12-19,2025-12-19,Tanker Sales,2,NORD SUPERIOR,Handysize,49.600,2015,STX JINHAE,RGN USD 33.75 M,CHINESE,SS 06/30 DD 04/27,B&W 6G50ME-B9.3 BWTS FITTED,"{""stem"": ""2025-12-19_clarksons-platou-hellas-snp-weekly-bulletin-115_weekly-sales-19th-dec-2025_25b3d59450d8"", ""source_file"": ""2025-12-19_clarksons-platou-hellas-snp-weekly-bulletin-115_weekly-sales-19th-dec-2025_25b3d59450d8.pdf"", ""raw_built"": ""2015 STX JINHAE"", ""raw_details"": ""B&W 6G50ME-B9.3 BWTS FITTED"", ""printed_date"": ""19/12/2025""}"
2026-01-09,2026-01-09,Bulker Sales,3,CENTURY SHANGHAI,Kamsarmax,"81,738",2018,CHENGXI,USD 25.02,VIA AUCTION,SS 11/28 DD 10/26,B&W 6S60ME-C8.2 BWTS FITTED,"{""stem"": ""2026-01-09_clarksons-platou-hellas-snp-weekly-bulletin-116_weekly-sales-09th-jan-2026_bad01e933afa"", ""source_file"": ""2026-01-09_clarksons-platou-hellas-snp-weekly-bulletin-116_weekly-sales-09th-jan-2026_bad01e933afa.pdf"", ""raw_built"": ""2018 CHENGXI"", ""raw_details"": ""B&W 6S60ME-C8.2 BWTS FITTED"", ""printed_date"": ""09/01/2026""}"
2026-01-09,2026-01-09,Bulker Sales,3,STARRY NIGHT,Ultramax,"61,222",2022,NANTONG COSCO,USD 32.5 M,U/D,SS 01/27 DD 01/27,B&W 7G80ME-C9.2 BWTS FITTED,"{""stem"": ""2026-01-09_clarksons-platou-hellas-snp-weekly-bulletin-116_weekly-sales-09th-jan-2026_bad01e933afa"", ""source_file"": ""2026-01-09_clarksons-platou-hellas-snp-weekly-bulletin-116_weekly-sales-09th-jan-2026_bad01e933afa.pdf"", ""raw_built"": ""2022 NANTONG COSCO"", ""raw_details"": ""B&W 7G80ME-C9.2 BWTS FITTED"", ""printed_date"": ""09/01/2026""}"
2026-01-09,2026-01-09,Bulker Sales,3,JIANG YUAN NAN JING,Supramax,"JING 49,326",2003,NACKS,USD 7.54 M,VIA AUCTION,SS 02/28 DD 02/26,B&W 6S50MC6.1 BWTS FITTED,"{""stem"": ""2026-01-09_clarksons-platou-hellas-snp-weekly-bulletin-116_weekly-sales-09th-jan-2026_bad01e933afa"", ""source_file"": ""2026-01-09_clarksons-platou-hellas-snp-weekly-bulletin-116_weekly-sales-09th-jan-2026_bad01e933afa.pdf"", ""raw_built"": ""2003 NACKS"", ""raw_details"": ""B&W 6S50MC6.1 BWTS FITTED"", ""printed_date"": ""09/01/2026""}"
2026-01-09,2026-01-09,Bulker Sales,3,FETHIYE-M,Handysize,"37,995",2011,SPP GOSEONG,HIGH USD 12 M,GREEKS,SS 09/26 DD 09/26,B&W 5S50MC-C8.2 BWTS FITTED,"{""stem"": ""2026-01-09_clarksons-platou-hellas-snp-weekly-bulletin-116_weekly-sales-09th-jan-2026_bad01e933afa"", ""source_file"": ""2026-01-09_clarksons-platou-hellas-snp-weekly-bulletin-116_weekly-sales-09th-jan-2026_bad01e933afa.pdf"", ""raw_built"": ""2011 SPP GOSEONG"", ""raw_details"": ""B&W 5S50MC-C8.2 BWTS FITTED"", ""printed_date"": ""09/01/2026""}"
2026-01-09,2026-01-09,Bulker Sales,3,BULKER BEE 30,Handysize,"33,741",2010,TK,USD 11.3 M,U/D,SS 10/25 DD 10/25,B&W 5S50MC6.2 BWTS FITTED,"{""stem"": ""2026-01-09_clarksons-platou-hellas-snp-weekly-bulletin-116_weekly-sales-09th-jan-2026_bad01e933afa"", ""source_file"": ""2026-01-09_clarksons-platou-hellas-snp-weekly-bulletin-116_weekly-sales-09th-jan-2026_bad01e933afa.pdf"", ""raw_built"": ""2010 TK"", ""raw_details"": ""B&W 5S50MC6.2 BWTS FITTED"", ""printed_date"": ""09/01/2026""}"
2026-01-09,2026-01-09,Tanker Sales,4,AEGEAN,VLCC,"299,011",2016,HYUNDAI SAMHO,,U/D,SS 09/26 DD 09/26,B&W 7G80ME-C9.2 BWTS FITTED,"{""stem"": ""2026-01-09_clarksons-platou-hellas-snp-weekly-bulletin-116_weekly-sales-09th-jan-2026_bad01e933afa"", ""source_file"": ""2026-01-09_clarksons-platou-hellas-snp-weekly-bulletin-116_weekly-sales-09th-jan-2026_bad01e933afa.pdf"", ""raw_built"": ""2016 HYUNDAI SAMHO"", ""raw_details"": ""B&W 7G80ME-C9.2 BWTS FITTED"", ""printed_date"": ""09/01/2026""}"
2026-01-09,2026-01-09,Tanker Sales,4,ANTIGONE,VLCC,"299,421",2015,GUNSAN,,U/D,SS 09/30 DD 10/28,2-stroke WARTSILA 7X82 BWTS FITTED,"{""stem"": ""2026-01-09_clarksons-platou-hellas-snp-weekly-bulletin-116_weekly-sales-09th-jan-2026_bad01e933afa"", ""source_file"": ""2026-01-09_clarksons-platou-hellas-snp-weekly-bulletin-116_weekly-sales-09th-jan-2026_bad01e933afa.pdf"", ""raw_built"": ""2015 GUNSAN"", ""raw_details"": ""2-stroke WARTSILA 7X82 BWTS FITTED"", ""printed_date"": ""09/01/2026""}"
2026-01-09,2026-01-09,Tanker Sales,4,DIA,VLCC,"299,999",2015,DSME,,U/D,SS 10/28 DD 12/28,B&W 7G80ME-C9.2 BWTS FITTED,"{""stem"": ""2026-01-09_clarksons-platou-hellas-snp-weekly-bulletin-116_weekly-sales-09th-jan-2026_bad01e933afa"", ""source_file"": ""2026-01-09_clarksons-platou-hellas-snp-weekly-bulletin-116_weekly-sales-09th-jan-2026_bad01e933afa.pdf"", ""raw_built"": ""2015 DSME"", ""raw_details"": ""B&W 7G80ME-C9.2 BWTS FITTED"", ""printed_date"": ""09/01/2026""}"
2026-01-09,2026-01-09,Tanker Sales,4,HOJO,VLCC,"298,078",2013,JMU ARIAKE,,U/D,SS 04/28 DD 07/26,B&W 7G80ME-C9.2 BWTS FITTED,"{""stem"": ""2026-01-09_clarksons-platou-hellas-snp-weekly-bulletin-116_weekly-sales-09th-jan-2026_bad01e933afa"", ""source_file"": ""2026-01-09_clarksons-platou-hellas-snp-weekly-bulletin-116_weekly-sales-09th-jan-2026_bad01e933afa.pdf"", ""raw_built"": ""2013 JMU ARIAKE"", ""raw_details"": ""B&W 7G80ME-C9.2 BWTS FITTED"", ""printed_date"": ""09/01/2026""}"
2026-01-09,2026-01-09,Tanker Sales,4,HIRADO,VLCC,"302,550",2011,UNIVERSAL ARAKE,,U/D,SS 03/26 DD 06/26,B&W 6S90MC-C7.2 BWTS FITTED,"{""stem"": ""2026-01-09_clarksons-platou-hellas-snp-weekly-bulletin-116_weekly-sales-09th-jan-2026_bad01e933afa"", ""source_file"": ""2026-01-09_clarksons-platou-hellas-snp-weekly-bulletin-116_weekly-sales-09th-jan-2026_bad01e933afa.pdf"", ""raw_built"": ""2011 UNIVERSAL ARAKE"", ""raw_details"": ""B&W 6S90MC-C7.2 BWTS FITTED"", ""printed_date"": ""09/01/2026""}"
2026-01-09,2026-01-09,Tanker Sales,4,DAISHAN,VLCC,"306,005",2007,DSME,,U/D,SS 06/27 DD 06/27,2-stroke WARTSILA 7RTA84T-D BWTS FITTED,"{""stem"": ""2026-01-09_clarksons-platou-hellas-snp-weekly-bulletin-116_weekly-sales-09th-jan-2026_bad01e933afa"", ""source_file"": ""2026-01-09_clarksons-platou-hellas-snp-weekly-bulletin-116_weekly-sales-09th-jan-2026_bad01e933afa.pdf"", ""raw_built"": ""2007 DSME"", ""raw_details"": ""2-stroke WARTSILA 7RTA84T-D BWTS FITTED"", ""printed_date"": ""09/01/2026""}"
2026-01-16,2026-01-16,Bulker Sales,3,BERGE MOLDOVEANU,Capesize,"211,067",2020,BOHAI,HIGH USD 74 M,KOREAN,SS 01/28 DD 10/26,WinGD 6X72 BWTS FITTED SCRUBBER,"{""stem"": ""2026-01-16_clarksons-platou-hellas-snp-weekly-bulletin-117_weekly-sales-16th-jan-2026_5aac72671589"", ""source_file"": ""2026-01-16_clarksons-platou-hellas-snp-weekly-bulletin-117_weekly-sales-16th-jan-2026_5aac72671589.pdf"", ""raw_built"": ""2020 BOHAI"", ""raw_details"": ""WinGD 6X72 BWTS FITTED SCRUBBER"", ""printed_date"": ""16/01/2026""}"
2026-01-16,2026-01-16,Bulker Sales,3,OCEAN JASMIN,Ultramax,"63,500",2019,COSCO HI ZHOUSHAN,USD 28.5 M,U/D,SS 06/29 DD 03/27,B&W 5S60ME-C8.5 BWTS FITTED,"{""stem"": ""2026-01-16_clarksons-platou-hellas-snp-weekly-bulletin-117_weekly-sales-16th-jan-2026_5aac72671589"", ""source_file"": ""2026-01-16_clarksons-platou-hellas-snp-weekly-bulletin-117_weekly-sales-16th-jan-2026_5aac72671589.pdf"", ""raw_built"": ""2019 COSCO HI ZHOUSHAN"", ""raw_details"": ""B&W 5S60ME-C8.5 BWTS FITTED"", ""printed_date"": ""16/01/2026""}"
2026-01-16,2026-01-16,Bulker Sales,3,TBC PRAISE,Handysize,"36,699",2012,HYUNDAI MIPO,USD 14.4 M,GREEK,SS 03/27 DD 03/27,B&W 6S50ME-B8.2 BWTS FITTED,"{""stem"": ""2026-01-16_clarksons-platou-hellas-snp-weekly-bulletin-117_weekly-sales-16th-jan-2026_5aac72671589"", ""source_file"": ""2026-01-16_clarksons-platou-hellas-snp-weekly-bulletin-117_weekly-sales-16th-jan-2026_5aac72671589.pdf"", ""raw_built"": ""2012 HYUNDAI MIPO"", ""raw_details"": ""B&W 6S50ME-B8.2 BWTS FITTED"", ""printed_date"": ""16/01/2026""}"
2026-01-16,2026-01-16,Tanker Sales,3,STI KINGSWAY,Aframax,"109,999",2015,SUNGDONG,USD 57.5 M,U/D,SS 06/28 DD 09/26,B&W 6G60ME-C9.2 BWTS FITTED SCRUBBER,"{""stem"": ""2026-01-16_clarksons-platou-hellas-snp-weekly-bulletin-117_weekly-sales-16th-jan-2026_5aac72671589"", ""source_file"": ""2026-01-16_clarksons-platou-hellas-snp-weekly-bulletin-117_weekly-sales-16th-jan-2026_5aac72671589.pdf"", ""raw_built"": ""2015 SUNGDONG"", ""raw_details"": ""B&W 6G60ME-C9.2 BWTS FITTED SCRUBBER"", ""printed_date"": ""16/01/2026""}"
2026-01-16,2026-01-16,Tanker Sales,3,MARITIME,MR,"49,999",2020,GSI NANSHA,USD 39 M,GREEK,SS 10/30 DD 10/28,WinGD 6X52 BWTS FITTED,"{""stem"": ""2026-01-16_clarksons-platou-hellas-snp-weekly-bulletin-117_weekly-sales-16th-jan-2026_5aac72671589"", ""source_file"": ""2026-01-16_clarksons-platou-hellas-snp-weekly-bulletin-117_weekly-sales-16th-jan-2026_5aac72671589.pdf"", ""raw_built"": ""2020 GSI NANSHA"", ""raw_details"": ""WinGD 6X52 BWTS FITTED"", ""printed_date"": ""16/01/2026""}"
2026-01-16,2026-01-16,Tanker Sales,3,TRANQUILITY,MR,"49,999",2020,GSI NANSHA,USD 39 M,GREEK,SS 10/30 DD 10/28,WinGD 6X52 BWTS FITTED,"{""stem"": ""2026-01-16_clarksons-platou-hellas-snp-weekly-bulletin-117_weekly-sales-16th-jan-2026_5aac72671589"", ""source_file"": ""2026-01-16_clarksons-platou-hellas-snp-weekly-bulletin-117_weekly-sales-16th-jan-2026_5aac72671589.pdf"", ""raw_built"": ""2020 GSI NANSHA"", ""raw_details"": ""WinGD 6X52 BWTS FITTED"", ""printed_date"": ""16/01/2026""}"
2026-01-16,2026-01-16,Tanker Sales,3,MARITIME COMITY,MR,"49,999",2020,GSI NANSHA,USD 39 M,GREEK,SS 08/30 DD 10/28,WinGD 6X52 BWTS FITTED,"{""stem"": ""2026-01-16_clarksons-platou-hellas-snp-weekly-bulletin-117_weekly-sales-16th-jan-2026_5aac72671589"", ""source_file"": ""2026-01-16_clarksons-platou-hellas-snp-weekly-bulletin-117_weekly-sales-16th-jan-2026_5aac72671589.pdf"", ""raw_built"": ""2020 GSI NANSHA"", ""raw_details"": ""WinGD 6X52 BWTS FITTED"", ""printed_date"": ""16/01/2026""}"
2026-01-23,2026-01-23,Bulker Sales,2,MIAO XIANG,Kamsarmax,"81,997",2013,", JIANGSU EASTERN",USD 16.8 M,U/D,SS 09/27 DD 09/27,B&W 5S60MC-C7.2 BWTS FITTED,"{""stem"": ""2026-01-23_clarksons-platou-hellas-snp-weekly-bulletin-118_weekly-sales-23rd-jan-2026_4b6adb2286b9"", ""source_file"": ""2026-01-23_clarksons-platou-hellas-snp-weekly-bulletin-118_weekly-sales-23rd-jan-2026_4b6adb2286b9.pdf"", ""raw_built"": ""2013, JIANGSU EASTERN"", ""raw_details"": ""B&W 5S60MC-C7.2 BWTS FITTED"", ""printed_date"": ""23/01/2026""}"
2026-01-23,2026-01-23,Bulker Sales,2,KT BIRDIE,Kamsarmax,"74,886",2011,SASEBO HI,USD 16.5 M,GREEKS,SS 10/30 DD 08/28,B&W 7S50MC-C8.2 BWTS FITTED,"{""stem"": ""2026-01-23_clarksons-platou-hellas-snp-weekly-bulletin-118_weekly-sales-23rd-jan-2026_4b6adb2286b9"", ""source_file"": ""2026-01-23_clarksons-platou-hellas-snp-weekly-bulletin-118_weekly-sales-23rd-jan-2026_4b6adb2286b9.pdf"", ""raw_built"": ""2011 SASEBO HI"", ""raw_details"": ""B&W 7S50MC-C8.2 BWTS FITTED"", ""printed_date"": ""23/01/2026""}"
2026-01-23,2026-01-23,Bulker Sales,2,THE LOVING,Supramax,"58,701",2007,TSUNEISHI CEBU,USD 11.7 M,U/D,SS 08/30 DD 08/28,B&W 6S50MC-C8.1 BWTS FITTED,"{""stem"": ""2026-01-23_clarksons-platou-hellas-snp-weekly-bulletin-118_weekly-sales-23rd-jan-2026_4b6adb2286b9"", ""source_file"": ""2026-01-23_clarksons-platou-hellas-snp-weekly-bulletin-118_weekly-sales-23rd-jan-2026_4b6adb2286b9.pdf"", ""raw_built"": ""2007 TSUNEISHI CEBU"", ""raw_details"": ""B&W 6S50MC-C8.1 BWTS FITTED"", ""printed_date"": ""23/01/2026""}"
2026-01-23,2026-01-23,Bulker Sales,2,YANGTZE GRACE,Handysize,"32,503",2012,JIANGMEN NANYANG,USD 9.8 M,CHINESE,SS 06/27 DD 06/27,B&W 6S42MC7.2 BWTS FITTED,"{""stem"": ""2026-01-23_clarksons-platou-hellas-snp-weekly-bulletin-118_weekly-sales-23rd-jan-2026_4b6adb2286b9"", ""source_file"": ""2026-01-23_clarksons-platou-hellas-snp-weekly-bulletin-118_weekly-sales-23rd-jan-2026_4b6adb2286b9.pdf"", ""raw_built"": ""2012 JIANGMEN NANYANG"", ""raw_details"": ""B&W 6S42MC7.2 BWTS FITTED"", ""printed_date"": ""23/01/2026""}"
2026-01-23,2026-01-23,Bulker Sales,2,YANGTZE HAPPINESS,Handysize,"32,377",2012,JIANGMEN NANYANG,USD 9.8 M,CHINESE,SS 08/27 DD 08/27,B&W 6S42MC7.2 BWTS FITTED,"{""stem"": ""2026-01-23_clarksons-platou-hellas-snp-weekly-bulletin-118_weekly-sales-23rd-jan-2026_4b6adb2286b9"", ""source_file"": ""2026-01-23_clarksons-platou-hellas-snp-weekly-bulletin-118_weekly-sales-23rd-jan-2026_4b6adb2286b9.pdf"", ""raw_built"": ""2012 JIANGMEN NANYANG"", ""raw_details"": ""B&W 6S42MC7.2 BWTS FITTED"", ""printed_date"": ""23/01/2026""}"
2026-01-23,2026-01-23,Tanker Sales,2,SUEZMAX RESALES,Suezmax,"157,000",2026,DAEHAN,USD 99.3 M,U/D,SS - DD -,B&W 6G70ME-C10.5 BWTS FITTED SCRUBBER,"{""stem"": ""2026-01-23_clarksons-platou-hellas-snp-weekly-bulletin-118_weekly-sales-23rd-jan-2026_4b6adb2286b9"", ""source_file"": ""2026-01-23_clarksons-platou-hellas-snp-weekly-bulletin-118_weekly-sales-23rd-jan-2026_4b6adb2286b9.pdf"", ""raw_built"": ""2026 DAEHAN"", ""raw_details"": ""B&W 6G70ME-C10.5 BWTS FITTED SCRUBBER"", ""printed_date"": ""23/01/2026""}"
2026-01-30,2026-01-30,Bulker Sales,2,RIZE,Kamsarmax,"81,624",2012,HYUNDAI MIPO,CIRCA USD 17.5,M U/D,SS 02/27 DD 02/27,B&W 6S60MC-C8.1 BWTS FITTED,"{""stem"": ""2026-01-30_clarksons-platou-hellas-snp-weekly-bulletin-119_weekly-sales-30th-jan-2026_b3abd5e1855a"", ""source_file"": ""2026-01-30_clarksons-platou-hellas-snp-weekly-bulletin-119_weekly-sales-30th-jan-2026_b3abd5e1855a.pdf"", ""raw_built"": ""2012 HYUNDAI MIPO"", ""raw_details"": ""B&W 6S60MC-C8.1 BWTS FITTED"", ""printed_date"": ""30/01/2026""}"
2026-01-30,2026-01-30,Bulker Sales,2,GLOBAL BONANZA,Panamax,"74,916",2011,SASEBO HI,USD 15.3 M,GREEKS,SS 04/26 DD 04/26,B&W 7S50MC-C8.2 BWTS FITTED,"{""stem"": ""2026-01-30_clarksons-platou-hellas-snp-weekly-bulletin-119_weekly-sales-30th-jan-2026_b3abd5e1855a"", ""source_file"": ""2026-01-30_clarksons-platou-hellas-snp-weekly-bulletin-119_weekly-sales-30th-jan-2026_b3abd5e1855a.pdf"", ""raw_built"": ""2011 SASEBO HI"", ""raw_details"": ""B&W 7S50MC-C8.2 BWTS FITTED"", ""printed_date"": ""30/01/2026""}"
2026-01-30,2026-01-30,Bulker Sales,2,MITSOS,Ultramax,"63,800",2013,CHENGXI,USD 20.5 M,GREEKS,SS 06/28 DD 09/26,B&W 5S60ME-C8.2 BWTS FITTED,"{""stem"": ""2026-01-30_clarksons-platou-hellas-snp-weekly-bulletin-119_weekly-sales-30th-jan-2026_b3abd5e1855a"", ""source_file"": ""2026-01-30_clarksons-platou-hellas-snp-weekly-bulletin-119_weekly-sales-30th-jan-2026_b3abd5e1855a.pdf"", ""raw_built"": ""2013 CHENGXI"", ""raw_details"": ""B&W 5S60ME-C8.2 BWTS FITTED"", ""printed_date"": ""30/01/2026""}"
2026-01-30,2026-01-30,Tanker Sales,2,DHT BAUHINIA,VLCC,"301,019",2007,DAEWOO,USD 51.5 M,U/D,SS 01/27 01/27 DD,B&W 7S80MC6.1 BWTS FITTED,"{""stem"": ""2026-01-30_clarksons-platou-hellas-snp-weekly-bulletin-119_weekly-sales-30th-jan-2026_b3abd5e1855a"", ""source_file"": ""2026-01-30_clarksons-platou-hellas-snp-weekly-bulletin-119_weekly-sales-30th-jan-2026_b3abd5e1855a.pdf"", ""raw_built"": ""2007 DAEWOO"", ""raw_details"": ""B&W 7S80MC6.1 BWTS FITTED"", ""printed_date"": ""30/01/2026""}"
2026-02-06,2026-02-06,Bulker Sales,2,ROBUSTO,Capesize,"173,798",2006,SWS,USD 19.5 M,CHINESE,SS 09/26 DD 08/26,B&W 6S70MC6.1 SCRUBBER BWTS FITTED,"{""stem"": ""2026-02-06_clarksons-platou-hellas-snp-weekly-bulletin-120_weekly-sales-06th-feb-2026_335c93bf5a47"", ""source_file"": ""2026-02-06_clarksons-platou-hellas-snp-weekly-bulletin-120_weekly-sales-06th-feb-2026_335c93bf5a47.pdf"", ""raw_built"": ""2006 SWS"", ""raw_details"": ""B&W 6S70MC6.1 SCRUBBER BWTS FITTED"", ""printed_date"": ""06/02/2026""}"
2026-02-06,2026-02-06,Bulker Sales,2,JP CARETTA,Kamsarmax,"88,083",2008,IMABARI,REGION USD 13 M,U/D,SS 12/28 DD 09/26,B&W 6S60MC6.1 SCRUBBER BWTS FITTED,"{""stem"": ""2026-02-06_clarksons-platou-hellas-snp-weekly-bulletin-120_weekly-sales-06th-feb-2026_335c93bf5a47"", ""source_file"": ""2026-02-06_clarksons-platou-hellas-snp-weekly-bulletin-120_weekly-sales-06th-feb-2026_335c93bf5a47.pdf"", ""raw_built"": ""2008 IMABARI"", ""raw_details"": ""B&W 6S60MC6.1 SCRUBBER BWTS FITTED"", ""printed_date"": ""06/02/2026""}"
2026-02-06,2026-02-06,Bulker Sales,2,GASTONE,Kamsarmax,"81,521",2012,SUNGDONG,USD 17.6 M,U/D,SS 12/27 DD 12/27,B&W 6S60MC-C8.2 BWTS FITTED,"{""stem"": ""2026-02-06_clarksons-platou-hellas-snp-weekly-bulletin-120_weekly-sales-06th-feb-2026_335c93bf5a47"", ""source_file"": ""2026-02-06_clarksons-platou-hellas-snp-weekly-bulletin-120_weekly-sales-06th-feb-2026_335c93bf5a47.pdf"", ""raw_built"": ""2012 SUNGDONG"", ""raw_details"": ""B&W 6S60MC-C8.2 BWTS FITTED"", ""printed_date"": ""06/02/2026""}"
2026-02-06,2026-02-06,Bulker Sales,2,SPAR CANIS,Handysize,"53,565",2006,SHANGHAI CHENGXI,REGION USD 9 M,CHINESE,SS 03/26 DD 03/26,B&W 6S50MC-C8.1 4x36T BWTS FITTED,"{""stem"": ""2026-02-06_clarksons-platou-hellas-snp-weekly-bulletin-120_weekly-sales-06th-feb-2026_335c93bf5a47"", ""source_file"": ""2026-02-06_clarksons-platou-hellas-snp-weekly-bulletin-120_weekly-sales-06th-feb-2026_335c93bf5a47.pdf"", ""raw_built"": ""2006 SHANGHAI CHENGXI"", ""raw_details"": ""B&W 6S50MC-C8.1 4x36T BWTS FITTED"", ""printed_date"": ""06/02/2026""}"
2026-02-06,2026-02-06,Bulker Sales,2,JETSTREAM,Handysize,"34,563",2012,SPP GOSEONG,USD 13.5 M,U/D,SS 05/27 DD 05/27,B&W 5S50MC-C8.2 4x35T BWTS FITTED,"{""stem"": ""2026-02-06_clarksons-platou-hellas-snp-weekly-bulletin-120_weekly-sales-06th-feb-2026_335c93bf5a47"", ""source_file"": ""2026-02-06_clarksons-platou-hellas-snp-weekly-bulletin-120_weekly-sales-06th-feb-2026_335c93bf5a47.pdf"", ""raw_built"": ""2012 SPP GOSEONG"", ""raw_details"": ""B&W 5S50MC-C8.2 4x35T BWTS FITTED"", ""printed_date"": ""06/02/2026""}"
2026-02-06,2026-02-06,Tanker Sales,2,ATHIRI,Panamax,"73,982",2010,SPP SACHEON,USD 25 M,GREEKS,SS 09/30 DD 10/28,B&W 6S60MC-C7.2 BWTS FITTED,"{""stem"": ""2026-02-06_clarksons-platou-hellas-snp-weekly-bulletin-120_weekly-sales-06th-feb-2026_335c93bf5a47"", ""source_file"": ""2026-02-06_clarksons-platou-hellas-snp-weekly-bulletin-120_weekly-sales-06th-feb-2026_335c93bf5a47.pdf"", ""raw_built"": ""2010 SPP SACHEON"", ""raw_details"": ""B&W 6S60MC-C7.2 BWTS FITTED"", ""printed_date"": ""06/02/2026""}"
2026-02-13,2026-02-13,Bulker Sales,2,STAR SCARLETT,Capesize,"175,858",2014,JINHAI,REGION 36 M,CHINESE,SS 09/29 DD 09/27,B&W 6S70MC6.2 SCRUBBER FITTED BWTS FITTED,"{""stem"": ""2026-02-13_clarksons-platou-hellas-snp-weekly-bulletin-121_weekly-sales-13th-feb-2026_4cdac6ac1686"", ""source_file"": ""2026-02-13_clarksons-platou-hellas-snp-weekly-bulletin-121_weekly-sales-13th-feb-2026_4cdac6ac1686.pdf"", ""raw_built"": ""2014 JINHAI"", ""raw_details"": ""B&W 6S70MC6.2 SCRUBBER FITTED BWTS FITTED"", ""printed_date"": ""13/02/2026""}"
2026-02-13,2026-02-13,Bulker Sales,2,EPIC,Capesize,"182,060",2010,ODENSE LINDO,USD 32.5 M,U/D,SS 07/30 DD 08/27,B&W 6S70MC-C7.2 BWTS FITTED,"{""stem"": ""2026-02-13_clarksons-platou-hellas-snp-weekly-bulletin-121_weekly-sales-13th-feb-2026_4cdac6ac1686"", ""source_file"": ""2026-02-13_clarksons-platou-hellas-snp-weekly-bulletin-121_weekly-sales-13th-feb-2026_4cdac6ac1686.pdf"", ""raw_built"": ""2010 ODENSE LINDO"", ""raw_details"": ""B&W 6S70MC-C7.2 BWTS FITTED"", ""printed_date"": ""13/02/2026""}"
2026-02-13,2026-02-13,Bulker Sales,2,CAPE BRAZIL,Capesize,"177,897",2010,SWS,31 M,U/D,SS 10/30 DD 08/27,B&W 6S70MC6.2 BWTS FITTED,"{""stem"": ""2026-02-13_clarksons-platou-hellas-snp-weekly-bulletin-121_weekly-sales-13th-feb-2026_4cdac6ac1686"", ""source_file"": ""2026-02-13_clarksons-platou-hellas-snp-weekly-bulletin-121_weekly-sales-13th-feb-2026_4cdac6ac1686.pdf"", ""raw_built"": ""2010 SWS"", ""raw_details"": ""B&W 6S70MC6.2 BWTS FITTED"", ""printed_date"": ""13/02/2026""}"
2026-02-13,2026-02-13,Bulker Sales,2,CS CANDY,Handysize,"37,459",2012,TIANJIN XINGANG,USD MID–HIGH 11 M,U/D,SS 01/27 DD 01/27,WARTSILA 6RTA48T-D BWTS FITTED ICE CLASS 1C,"{""stem"": ""2026-02-13_clarksons-platou-hellas-snp-weekly-bulletin-121_weekly-sales-13th-feb-2026_4cdac6ac1686"", ""source_file"": ""2026-02-13_clarksons-platou-hellas-snp-weekly-bulletin-121_weekly-sales-13th-feb-2026_4cdac6ac1686.pdf"", ""raw_built"": ""2012 TIANJIN XINGANG"", ""raw_details"": ""WARTSILA 6RTA48T-D BWTS FITTED ICE CLASS 1C"", ""printed_date"": ""13/02/2026""}"
2026-02-13,2026-02-13,Tanker Sales,2,ILMA,VLCC,"318,395",2012,HYUNDAI HI,"USD 98,2 M ENBLOC",S. KOREAN,SS 09/30 DD 10/28,WARTSILA 7RTA82T-C SCRUBBER FITTED BWTS FITTED,"{""stem"": ""2026-02-13_clarksons-platou-hellas-snp-weekly-bulletin-121_weekly-sales-13th-feb-2026_4cdac6ac1686"", ""source_file"": ""2026-02-13_clarksons-platou-hellas-snp-weekly-bulletin-121_weekly-sales-13th-feb-2026_4cdac6ac1686.pdf"", ""raw_built"": ""2012 HYUNDAI HI"", ""raw_details"": ""WARTSILA 7RTA82T-C SCRUBBER FITTED BWTS FITTED"", ""printed_date"": ""13/02/2026""}"
2026-02-13,2026-02-13,Tanker Sales,2,INGRID,VLCC,"318,376",2012,HYUNDAI HI,"USD 98,2 M ENBLOC",S. KOREAN,SS 01/27 DD 01/27,WARTSILA 7RTA82T-C SCRUBBER FITTED BWTS FITTED,"{""stem"": ""2026-02-13_clarksons-platou-hellas-snp-weekly-bulletin-121_weekly-sales-13th-feb-2026_4cdac6ac1686"", ""source_file"": ""2026-02-13_clarksons-platou-hellas-snp-weekly-bulletin-121_weekly-sales-13th-feb-2026_4cdac6ac1686.pdf"", ""raw_built"": ""2012 HYUNDAI HI"", ""raw_details"": ""WARTSILA 7RTA82T-C SCRUBBER FITTED BWTS FITTED"", ""printed_date"": ""13/02/2026""}"
2026-02-13,2026-02-13,Tanker Sales,2,NORDIC POLLUX,Suezmax,"150,103",2003,NKK (TSU),USD 25 M,U/D,SS 08/27 DD 08/27,SULZER 6RTA72U BWTS FITTED,"{""stem"": ""2026-02-13_clarksons-platou-hellas-snp-weekly-bulletin-121_weekly-sales-13th-feb-2026_4cdac6ac1686"", ""source_file"": ""2026-02-13_clarksons-platou-hellas-snp-weekly-bulletin-121_weekly-sales-13th-feb-2026_4cdac6ac1686.pdf"", ""raw_built"": ""2003 NKK (TSU)"", ""raw_details"": ""SULZER 6RTA72U BWTS FITTED"", ""printed_date"": ""13/02/2026""}"
2026-02-13,2026-02-13,Tanker Sales,2,UOG OSLO,MR,"46,087",2010,HYUNDAI MIPO,"USD 23,5 M",U/D,SS 03/26 DD 03/26,B&W 6S50MC-C7.1 BWTS FITTED,"{""stem"": ""2026-02-13_clarksons-platou-hellas-snp-weekly-bulletin-121_weekly-sales-13th-feb-2026_4cdac6ac1686"", ""source_file"": ""2026-02-13_clarksons-platou-hellas-snp-weekly-bulletin-121_weekly-sales-13th-feb-2026_4cdac6ac1686.pdf"", ""raw_built"": ""2010 HYUNDAI MIPO"", ""raw_details"": ""B&W 6S50MC-C7.1 BWTS FITTED"", ""printed_date"": ""13/02/2026""}"
2026-02-13,2026-02-13,Tanker Sales,2,ELANDRA FJORD,MR,"51,408",2011,HYUNDAI MIPO,USD 24.5 M ENBLOC,GREEK,SS 06/30 DD 06/28,B&W 6S50MC-C8.2 BWTS FITTED,"{""stem"": ""2026-02-13_clarksons-platou-hellas-snp-weekly-bulletin-121_weekly-sales-13th-feb-2026_4cdac6ac1686"", ""source_file"": ""2026-02-13_clarksons-platou-hellas-snp-weekly-bulletin-121_weekly-sales-13th-feb-2026_4cdac6ac1686.pdf"", ""raw_built"": ""2011 HYUNDAI MIPO"", ""raw_details"": ""B&W 6S50MC-C8.2 BWTS FITTED"", ""printed_date"": ""13/02/2026""}"
2026-02-13,2026-02-13,Tanker Sales,2,ELANDRA BALTIC,MR,"51,406",2011,HYUNDAI MIPO,USD 24.5 M ENBLOC,GREEK,SS 11/30 DD 10/28,B&W 6S50MC-C8.2 BWTS FITTED,"{""stem"": ""2026-02-13_clarksons-platou-hellas-snp-weekly-bulletin-121_weekly-sales-13th-feb-2026_4cdac6ac1686"", ""source_file"": ""2026-02-13_clarksons-platou-hellas-snp-weekly-bulletin-121_weekly-sales-13th-feb-2026_4cdac6ac1686.pdf"", ""raw_built"": ""2011 HYUNDAI MIPO"", ""raw_details"": ""B&W 6S50MC-C8.2 BWTS FITTED"", ""printed_date"": ""13/02/2026""}"
2026-02-20,2026-02-20,Bulker Sales,2,MICHALIS H,Capesize,"180,355",2012,DALIAN,REGION 35.2 M,U/D,SS 06/27 DD 06/27,B&W 6S70MC-C7.2 SCRUBBER FITTED BWTS FITTED,"{""stem"": ""2026-02-20_clarksons-platou-hellas-snp-weekly-bulletin-122_weekly-sales-20th-feb-2026_21649ecac500"", ""source_file"": ""2026-02-20_clarksons-platou-hellas-snp-weekly-bulletin-122_weekly-sales-20th-feb-2026_21649ecac500.pdf"", ""raw_built"": ""2012 DALIAN"", ""raw_details"": ""B&W 6S70MC-C7.2 SCRUBBER FITTED BWTS FITTED"", ""printed_date"": ""20/02/2026""}"
2026-02-20,2026-02-20,Bulker Sales,2,LIANSON DYNAMIC,Supramax,"53,535",2006,CHENGXI,USD XS 9 M,U/D,SS 07/26 DD 07/26,B&W 6S50MC-C8.1 4 x 35T BWTS FITTED,"{""stem"": ""2026-02-20_clarksons-platou-hellas-snp-weekly-bulletin-122_weekly-sales-20th-feb-2026_21649ecac500"", ""source_file"": ""2026-02-20_clarksons-platou-hellas-snp-weekly-bulletin-122_weekly-sales-20th-feb-2026_21649ecac500.pdf"", ""raw_built"": ""2006 CHENGXI"", ""raw_details"": ""B&W 6S50MC-C8.1 4 x 35T BWTS FITTED"", ""printed_date"": ""20/02/2026""}"
2026-02-20,2026-02-20,Tanker Sales,2,SINGAPORE SPIRIT,VLCC,"318,473",2013,SWS,USD 84.5 M,C/O SINOKOR,SS 06/28 DD 09/27,FLEX82T-A BWTS FITTED SCRUBBER FITTED,"{""stem"": ""2026-02-20_clarksons-platou-hellas-snp-weekly-bulletin-122_weekly-sales-20th-feb-2026_21649ecac500"", ""source_file"": ""2026-02-20_clarksons-platou-hellas-snp-weekly-bulletin-122_weekly-sales-20th-feb-2026_21649ecac500.pdf"", ""raw_built"": ""2013 SWS"", ""raw_details"": ""FLEX82T-A BWTS FITTED SCRUBBER FITTED"", ""printed_date"": ""20/02/2026""}"
2026-02-20,2026-02-20,Tanker Sales,2,P. SOPHIA,Aframax,"105,333",2009,HYUNDAI HI ULSAN,USD 36.65 M,U/D,SS 09/29 DD 11/27,B&W 6S60MC-C8.1,"{""stem"": ""2026-02-20_clarksons-platou-hellas-snp-weekly-bulletin-122_weekly-sales-20th-feb-2026_21649ecac500"", ""source_file"": ""2026-02-20_clarksons-platou-hellas-snp-weekly-bulletin-122_weekly-sales-20th-feb-2026_21649ecac500.pdf"", ""raw_built"": ""2009 HYUNDAI HI ULSAN"", ""raw_details"": ""B&W 6S60MC-C8.1"", ""printed_date"": ""20/02/2026""}"
2026-02-20,2026-02-20,Tanker Sales,2,CABO NEGRO II,MR,"47,236",2006,SK ONISHI,USD LOW 14 M,U/D,SS 05/26 DD 05/26,MITSUBISHI 6UEC60LS ZINC COATED,"{""stem"": ""2026-02-20_clarksons-platou-hellas-snp-weekly-bulletin-122_weekly-sales-20th-feb-2026_21649ecac500"", ""source_file"": ""2026-02-20_clarksons-platou-hellas-snp-weekly-bulletin-122_weekly-sales-20th-feb-2026_21649ecac500.pdf"", ""raw_built"": ""2006 SK ONISHI"", ""raw_details"": ""MITSUBISHI 6UEC60LS ZINC COATED"", ""printed_date"": ""20/02/2026""}"
2026-02-27,2026-02-27,Bulker Sales,2,ASL MOON,Kamsarmax,"81,702",2008,MITSUI TAMANO,USD 13.6 M,CHINESE,SS 09/26 DD 09/26,B&W 6S60MC-C7.1 BWTS FITTED,"{""stem"": ""2026-02-27_clarksons-platou-hellas-snp-weekly-bulletin-123_weekly-sales-27th-feb-2026_22c970e8c7d9"", ""source_file"": ""2026-02-27_clarksons-platou-hellas-snp-weekly-bulletin-123_weekly-sales-27th-feb-2026_22c970e8c7d9.pdf"", ""raw_built"": ""2008 MITSUI TAMANO"", ""raw_details"": ""B&W 6S60MC-C7.1 BWTS FITTED"", ""printed_date"": ""27/02/2026""}"
2026-02-27,2026-02-27,Bulker Sales,2,THREE SASKIAS,Kamsarmax,"80,776",2014,JMU TSU,USD 26.7 M,CHINESE,SS 03/29 DD 12/26,B&W 6S60ME-C8.2 BWTS FITTED,"{""stem"": ""2026-02-27_clarksons-platou-hellas-snp-weekly-bulletin-123_weekly-sales-27th-feb-2026_22c970e8c7d9"", ""source_file"": ""2026-02-27_clarksons-platou-hellas-snp-weekly-bulletin-123_weekly-sales-27th-feb-2026_22c970e8c7d9.pdf"", ""raw_built"": ""2014 JMU TSU"", ""raw_details"": ""B&W 6S60ME-C8.2 BWTS FITTED"", ""printed_date"": ""27/02/2026""}"
2026-02-27,2026-02-27,Bulker Sales,2,GIEWONT,Panamax,"79,649",2010,NEW CENTURY,USD 11.8 M,CHINESE,SS 10/29 DD 12/27,B&W 7S50MC-C8.2 BWTS FITTED,"{""stem"": ""2026-02-27_clarksons-platou-hellas-snp-weekly-bulletin-123_weekly-sales-27th-feb-2026_22c970e8c7d9"", ""source_file"": ""2026-02-27_clarksons-platou-hellas-snp-weekly-bulletin-123_weekly-sales-27th-feb-2026_22c970e8c7d9.pdf"", ""raw_built"": ""2010 NEW CENTURY"", ""raw_details"": ""B&W 7S50MC-C8.2 BWTS FITTED"", ""printed_date"": ""27/02/2026""}"
2026-02-27,2026-02-27,Bulker Sales,2,SSI ERDOGAN BEY,Supramax,"50,780",2010,OSHIMA,USD 15 M,U/D,SS 01/30 DD 04/28,B&W 6S50MC-C8.2 4x30T BWTS FITTED,"{""stem"": ""2026-02-27_clarksons-platou-hellas-snp-weekly-bulletin-123_weekly-sales-27th-feb-2026_22c970e8c7d9"", ""source_file"": ""2026-02-27_clarksons-platou-hellas-snp-weekly-bulletin-123_weekly-sales-27th-feb-2026_22c970e8c7d9.pdf"", ""raw_built"": ""2010 OSHIMA"", ""raw_details"": ""B&W 6S50MC-C8.2 4x30T BWTS FITTED"", ""printed_date"": ""27/02/2026""}"
2026-02-27,2026-02-27,Bulker Sales,2,ADVENTURE,Handysize,"33,755",2011,WEIHAI,USD 9.5 M,U/D,SS 03/26 DD 03/26,B&W 6S50MC6.1 4x35T BWTS FITTED,"{""stem"": ""2026-02-27_clarksons-platou-hellas-snp-weekly-bulletin-123_weekly-sales-27th-feb-2026_22c970e8c7d9"", ""source_file"": ""2026-02-27_clarksons-platou-hellas-snp-weekly-bulletin-123_weekly-sales-27th-feb-2026_22c970e8c7d9.pdf"", ""raw_built"": ""2011 WEIHAI"", ""raw_details"": ""B&W 6S50MC6.1 4x35T BWTS FITTED"", ""printed_date"": ""27/02/2026""}"
2026-02-27,2026-02-27,Tanker Sales,2,SIGRUN,Suezmax,"156,000",2013,SUMITOMO,USD 65 M,C/O NAFTOMAR,SS 03/28 DD 07/26,B.&W. 6S70MC-C8.2 SCRUBBER FITTED BWTS FITTED,"{""stem"": ""2026-02-27_clarksons-platou-hellas-snp-weekly-bulletin-123_weekly-sales-27th-feb-2026_22c970e8c7d9"", ""source_file"": ""2026-02-27_clarksons-platou-hellas-snp-weekly-bulletin-123_weekly-sales-27th-feb-2026_22c970e8c7d9.pdf"", ""raw_built"": ""2013 SUMITOMO"", ""raw_details"": ""B.&W. 6S70MC-C8.2 SCRUBBER FITTED BWTS FITTED"", ""printed_date"": ""27/02/2026""}"
2026-02-27,2026-02-27,Tanker Sales,2,NORD MAVERICK,MR,"50,185",2020,HYUNDAI MIPO,USD XS 90 M ENBLOC,U/D,SS 02/30 DD 02/28,B.&W. 6G50ME-C9.5 SCRUBBER FITTED BWTS FITTED,"{""stem"": ""2026-02-27_clarksons-platou-hellas-snp-weekly-bulletin-123_weekly-sales-27th-feb-2026_22c970e8c7d9"", ""source_file"": ""2026-02-27_clarksons-platou-hellas-snp-weekly-bulletin-123_weekly-sales-27th-feb-2026_22c970e8c7d9.pdf"", ""raw_built"": ""2020 HYUNDAI MIPO"", ""raw_details"": ""B.&W. 6G50ME-C9.5 SCRUBBER FITTED BWTS FITTED"", ""printed_date"": ""27/02/2026""}"
2026-02-27,2026-02-27,Tanker Sales,2,NORD MARVEL,MR,"50,185",2020,HYUNDAI MIPO,USD XS 90 M ENBLOC,U/D,SS 05/26 DD 05/26,SCRUBBER FITTED BWTS FITTED,"{""stem"": ""2026-02-27_clarksons-platou-hellas-snp-weekly-bulletin-123_weekly-sales-27th-feb-2026_22c970e8c7d9"", ""source_file"": ""2026-02-27_clarksons-platou-hellas-snp-weekly-bulletin-123_weekly-sales-27th-feb-2026_22c970e8c7d9.pdf"", ""raw_built"": ""2020 HYUNDAI MIPO"", ""raw_details"": ""SCRUBBER FITTED BWTS FITTED"", ""printed_date"": ""27/02/2026""}"
2026-03-07,2026-03-07,Bulker Sales,2,CAPE SANDRA,Capesize,"175,609",2011,HHIC (SUBIC SY),USD RGN 32 M,U/D,SS 05/26 DD 05/26,B&W 6S70MC-C7.2 BWTS FITTED SCRUBBER FITTED,"{""stem"": ""2026-03-07_clarksons-platou-hellas-snp-weekly-bulletin-124_weekly-sales-06th-mar-2026_a723773b6d2c"", ""source_file"": ""2026-03-07_clarksons-platou-hellas-snp-weekly-bulletin-124_weekly-sales-06th-mar-2026_a723773b6d2c.pdf"", ""raw_built"": ""2011 HHIC (SUBIC SY)"", ""raw_details"": ""B&W 6S70MC-C7.2 BWTS FITTED SCRUBBER FITTED"", ""printed_date"": ""07/03/2026""}"
2026-03-07,2026-03-07,Bulker Sales,2,ROZA,Kamsarmax,"93,386",2010,JIANGSU NEW YANGZIJIANG,USD RGN 23 M ENBLOC,U/D,SS 03/30 DD 04/28,B&W 6S60MC-C7.2 BWTS FITTED,"{""stem"": ""2026-03-07_clarksons-platou-hellas-snp-weekly-bulletin-124_weekly-sales-06th-mar-2026_a723773b6d2c"", ""source_file"": ""2026-03-07_clarksons-platou-hellas-snp-weekly-bulletin-124_weekly-sales-06th-mar-2026_a723773b6d2c.pdf"", ""raw_built"": ""2010 JIANGSU NEW YANGZIJIANG"", ""raw_details"": ""B&W 6S60MC-C7.2 BWTS FITTED"", ""printed_date"": ""07/03/2026""}"
2026-03-07,2026-03-07,Bulker Sales,2,TRINITY I,Kamsarmax,"93,280",2010,JIANGSU NEW YANGZIJIANG,USD RGN 23 M ENBLOC,U/D,SS 04/30 DD 04/28,B&W 6S60MC-C7.2 BWTS FITTED,"{""stem"": ""2026-03-07_clarksons-platou-hellas-snp-weekly-bulletin-124_weekly-sales-06th-mar-2026_a723773b6d2c"", ""source_file"": ""2026-03-07_clarksons-platou-hellas-snp-weekly-bulletin-124_weekly-sales-06th-mar-2026_a723773b6d2c.pdf"", ""raw_built"": ""2010 JIANGSU NEW YANGZIJIANG"", ""raw_details"": ""B&W 6S60MC-C7.2 BWTS FITTED"", ""printed_date"": ""07/03/2026""}"
2026-03-07,2026-03-07,Bulker Sales,2,ACTION TRADER,Handysize,"39,481",2017,JIANGMEN NANYANG,USD 20.5 M,U/D,SS 04/27 DD 04/27,B&W 5S50ME-B9.3 BWTS FITTED,"{""stem"": ""2026-03-07_clarksons-platou-hellas-snp-weekly-bulletin-124_weekly-sales-06th-mar-2026_a723773b6d2c"", ""source_file"": ""2026-03-07_clarksons-platou-hellas-snp-weekly-bulletin-124_weekly-sales-06th-mar-2026_a723773b6d2c.pdf"", ""raw_built"": ""2017 JIANGMEN NANYANG"", ""raw_details"": ""B&W 5S50ME-B9.3 BWTS FITTED"", ""printed_date"": ""07/03/2026""}"
2026-03-07,2026-03-07,Bulker Sales,2,NORD SANTIAGO,Handysize,"39,475",2018,JIANGMEN NANYANG,USD 22 M,U/D,SS 07/28 DD 08/26,B&W 5S50ME-B9.3 BWTS FITTED,"{""stem"": ""2026-03-07_clarksons-platou-hellas-snp-weekly-bulletin-124_weekly-sales-06th-mar-2026_a723773b6d2c"", ""source_file"": ""2026-03-07_clarksons-platou-hellas-snp-weekly-bulletin-124_weekly-sales-06th-mar-2026_a723773b6d2c.pdf"", ""raw_built"": ""2018 JIANGMEN NANYANG"", ""raw_details"": ""B&W 5S50ME-B9.3 BWTS FITTED"", ""printed_date"": ""07/03/2026""}"
2026-03-07,2026-03-07,Bulker Sales,2,MANGUSTA,Handysize,"33,393",2015,SHIN KURUSHIMA,USD CIRCA 16.5 M,U/D,SS 03/30 DD 02/27,6UEC45LSE-B2 4x30.5 T BWTS FITTED,"{""stem"": ""2026-03-07_clarksons-platou-hellas-snp-weekly-bulletin-124_weekly-sales-06th-mar-2026_a723773b6d2c"", ""source_file"": ""2026-03-07_clarksons-platou-hellas-snp-weekly-bulletin-124_weekly-sales-06th-mar-2026_a723773b6d2c.pdf"", ""raw_built"": ""2015 SHIN KURUSHIMA"", ""raw_details"": ""6UEC45LSE-B2 4x30.5 T BWTS FITTED"", ""printed_date"": ""07/03/2026""}"
2026-03-07,2026-03-07,Bulker Sales,2,KEN GIANT,Handysize,"28,323",2009,I-S,USD 8.6 M,TURKISH,SS 04/29 DD 07/27,B&W 6S42MC7.2 4x30.5 T BWTS FITTED,"{""stem"": ""2026-03-07_clarksons-platou-hellas-snp-weekly-bulletin-124_weekly-sales-06th-mar-2026_a723773b6d2c"", ""source_file"": ""2026-03-07_clarksons-platou-hellas-snp-weekly-bulletin-124_weekly-sales-06th-mar-2026_a723773b6d2c.pdf"", ""raw_built"": ""2009 I-S"", ""raw_details"": ""B&W 6S42MC7.2 4x30.5 T BWTS FITTED"", ""printed_date"": ""07/03/2026""}"
2026-03-07,2026-03-07,Tanker Sales,3,SINBAD,Aframax,"115,928",2009,SAMSUNG HI,USD RGN 40 M,U/D,SS 02/29 DD 05/27,B.&W. 6S60MC-C7.1 SCRUBBER FITTED BWTS FITTED,"{""stem"": ""2026-03-07_clarksons-platou-hellas-snp-weekly-bulletin-124_weekly-sales-06th-mar-2026_a723773b6d2c"", ""source_file"": ""2026-03-07_clarksons-platou-hellas-snp-weekly-bulletin-124_weekly-sales-06th-mar-2026_a723773b6d2c.pdf"", ""raw_built"": ""2009 SAMSUNG HI"", ""raw_details"": ""B.&W. 6S60MC-C7.1 SCRUBBER FITTED BWTS FITTED"", ""printed_date"": ""07/03/2026""}"
2026-03-07,2026-03-07,Tanker Sales,3,GREEN ATTITUDE,Aframax,"112,532",2018,COSCO ZHOUSHAN,USD RGN 70 M,GREEKS,SS 10/28 DD 10/26,B.&W. 6G60ME-C9.5 SCRUBBER FITTED BWTS FITTED,"{""stem"": ""2026-03-07_clarksons-platou-hellas-snp-weekly-bulletin-124_weekly-sales-06th-mar-2026_a723773b6d2c"", ""source_file"": ""2026-03-07_clarksons-platou-hellas-snp-weekly-bulletin-124_weekly-sales-06th-mar-2026_a723773b6d2c.pdf"", ""raw_built"": ""2018 COSCO ZHOUSHAN"", ""raw_details"": ""B.&W. 6G60ME-C9.5 SCRUBBER FITTED BWTS FITTED"", ""printed_date"": ""07/03/2026""}"
2026-03-07,2026-03-07,Tanker Sales,3,STI SOLIDARITY,Aframax,"109,999",2015,SUNGDONG,USD 60 M,U/D,SS 11/30 DD 09/28,B.&W. 6G60ME-C9.2 SCRUBBER FITTED BWTS FITTED,"{""stem"": ""2026-03-07_clarksons-platou-hellas-snp-weekly-bulletin-124_weekly-sales-06th-mar-2026_a723773b6d2c"", ""source_file"": ""2026-03-07_clarksons-platou-hellas-snp-weekly-bulletin-124_weekly-sales-06th-mar-2026_a723773b6d2c.pdf"", ""raw_built"": ""2015 SUNGDONG"", ""raw_details"": ""B.&W. 6G60ME-C9.2 SCRUBBER FITTED BWTS FITTED"", ""printed_date"": ""07/03/2026""}"
2026-03-07,2026-03-07,Tanker Sales,3,STI SENECA,MR,"49,999",2015,HYUNDAI MIPO,USD 35 M,U/D,SS 06/30 DD 06/28,B.&W. 6G50ME-B9.3 SCRUBBER FITTED BWTS FITTED,"{""stem"": ""2026-03-07_clarksons-platou-hellas-snp-weekly-bulletin-124_weekly-sales-06th-mar-2026_a723773b6d2c"", ""source_file"": ""2026-03-07_clarksons-platou-hellas-snp-weekly-bulletin-124_weekly-sales-06th-mar-2026_a723773b6d2c.pdf"", ""raw_built"": ""2015 HYUNDAI MIPO"", ""raw_details"": ""B.&W. 6G50ME-B9.3 SCRUBBER FITTED BWTS FITTED"", ""printed_date"": ""07/03/2026""}"
2026-03-07,2026-03-07,Tanker Sales,3,STI OSCEOLA,MR,"49,999",2015,HYUNDAI MIPO,USD 35 M,U/D,SS 04/30 DD 04/28,B.&W. 6G50ME-B9.3 SCRUBBER FITTED BWTS FITTED,"{""stem"": ""2026-03-07_clarksons-platou-hellas-snp-weekly-bulletin-124_weekly-sales-06th-mar-2026_a723773b6d2c"", ""source_file"": ""2026-03-07_clarksons-platou-hellas-snp-weekly-bulletin-124_weekly-sales-06th-mar-2026_a723773b6d2c.pdf"", ""raw_built"": ""2015 HYUNDAI MIPO"", ""raw_details"": ""B.&W. 6G50ME-B9.3 SCRUBBER FITTED BWTS FITTED"", ""printed_date"": ""07/03/2026""}"
2026-03-14,2026-03-14,Bulker Sales,2,CCS ORCHID,Kamsarmax,"81,966",2017,JIANGSU NEW YANGZIJIANG,USD 27.24 M,GREEK,SS 01/27 DD 09/26,B&W 6S60ME-C8.2 BWTS FITTED,"{""stem"": ""2026-03-14_clarksons-platou-hellas-snp-weekly-bulletin-125_weekly-sales-13th-mar-2026_661410bf5458"", ""source_file"": ""2026-03-14_clarksons-platou-hellas-snp-weekly-bulletin-125_weekly-sales-13th-mar-2026_661410bf5458.pdf"", ""raw_built"": ""2017 JIANGSU NEW YANGZIJIANG"", ""raw_details"": ""B&W 6S60ME-C8.2 BWTS FITTED"", ""printed_date"": ""14/03/2026""}"
2026-03-14,2026-03-14,Bulker Sales,2,SIDER IMABARI,Handysize,"40,320",2024,SHIMANAMI,USD 34.8 M,U/D,SS 02/29 DD 12/27,eco-D3-EGR 4x36T BWTS FITTED,"{""stem"": ""2026-03-14_clarksons-platou-hellas-snp-weekly-bulletin-125_weekly-sales-13th-mar-2026_661410bf5458"", ""source_file"": ""2026-03-14_clarksons-platou-hellas-snp-weekly-bulletin-125_weekly-sales-13th-mar-2026_661410bf5458.pdf"", ""raw_built"": ""2024 SHIMANAMI"", ""raw_details"": ""eco-D3-EGR 4x36T BWTS FITTED"", ""printed_date"": ""14/03/2026""}"
2026-03-14,2026-03-14,Bulker Sales,2,PACIFIC HARMONY,Handysize,"38,139",2013,IMABARI,RGN USD 18 M,U/D,SS 07/28 DD 05/26,B&W 6S46MC-C7.2 4X30.5T BWTS FITTED,"{""stem"": ""2026-03-14_clarksons-platou-hellas-snp-weekly-bulletin-125_weekly-sales-13th-mar-2026_661410bf5458"", ""source_file"": ""2026-03-14_clarksons-platou-hellas-snp-weekly-bulletin-125_weekly-sales-13th-mar-2026_661410bf5458.pdf"", ""raw_built"": ""2013 IMABARI"", ""raw_details"": ""B&W 6S46MC-C7.2 4X30.5T BWTS FITTED"", ""printed_date"": ""14/03/2026""}"
2026-03-21,2026-03-21,Bulker Sales,2,MG MERCURY,Kamsarmax,"84,790",2016,IMABARI,LOW USD 28 M,EUROPEAN,SS 08/26 DD 08/26,B&W 6S60ME-C7.1 35 M BEAM BWTS FITTED,"{""stem"": ""2026-03-21_clarksons-platou-hellas-snp-weekly-bulletin-126_weekly-sales-20th-mar-2026_a24ede0e996a"", ""source_file"": ""2026-03-21_clarksons-platou-hellas-snp-weekly-bulletin-126_weekly-sales-20th-mar-2026_a24ede0e996a.pdf"", ""raw_built"": ""2016 IMABARI"", ""raw_details"": ""B&W 6S60ME-C7.1 35 M BEAM BWTS FITTED"", ""printed_date"": ""21/03/2026""}"
2026-03-21,2026-03-21,Bulker Sales,2,BARWON,Panamax,"78,182",2015,SASEBO,XS USD 26 M,U/D,SS 03/30 DD 01/28,B&W 6S60ME-C8.2 BWTS FITTED,"{""stem"": ""2026-03-21_clarksons-platou-hellas-snp-weekly-bulletin-126_weekly-sales-20th-mar-2026_a24ede0e996a"", ""source_file"": ""2026-03-21_clarksons-platou-hellas-snp-weekly-bulletin-126_weekly-sales-20th-mar-2026_a24ede0e996a.pdf"", ""raw_built"": ""2015 SASEBO"", ""raw_details"": ""B&W 6S60ME-C8.2 BWTS FITTED"", ""printed_date"": ""21/03/2026""}"
2026-03-21,2026-03-21,Bulker Sales,2,SOMNATH,Supramax,"55,707",2005,OSHIMA,RGN USD 9 M,U/D,SS 02/29 DD 11/26,B&W 6S50MC-C8.1 4X30T BWTS FITTED,"{""stem"": ""2026-03-21_clarksons-platou-hellas-snp-weekly-bulletin-126_weekly-sales-20th-mar-2026_a24ede0e996a"", ""source_file"": ""2026-03-21_clarksons-platou-hellas-snp-weekly-bulletin-126_weekly-sales-20th-mar-2026_a24ede0e996a.pdf"", ""raw_built"": ""2005 OSHIMA"", ""raw_details"": ""B&W 6S50MC-C8.1 4X30T BWTS FITTED"", ""printed_date"": ""21/03/2026""}"
2026-03-21,2026-03-21,Bulker Sales,2,FIGEAC,Ultramax,"53,177",2011,CHENGXI,CLOSE TO USD 12 M,U/D,SS 04/26 DD 04/26,B&W 6S50MC-C8.2 4X30T BWTS FITTED,"{""stem"": ""2026-03-21_clarksons-platou-hellas-snp-weekly-bulletin-126_weekly-sales-20th-mar-2026_a24ede0e996a"", ""source_file"": ""2026-03-21_clarksons-platou-hellas-snp-weekly-bulletin-126_weekly-sales-20th-mar-2026_a24ede0e996a.pdf"", ""raw_built"": ""2011 CHENGXI"", ""raw_details"": ""B&W 6S50MC-C8.2 4X30T BWTS FITTED"", ""printed_date"": ""21/03/2026""}"
2026-03-21,2026-03-21,Tanker Sales,2,CHRYSOPIGI,Handysize,"38,554",2006,GUANGZHOU,USD 9 M,U/D,SS 04/26 DD 04/26,B.&W. 6S50MC-C8.1 BWTS FITTED,"{""stem"": ""2026-03-21_clarksons-platou-hellas-snp-weekly-bulletin-126_weekly-sales-20th-mar-2026_a24ede0e996a"", ""source_file"": ""2026-03-21_clarksons-platou-hellas-snp-weekly-bulletin-126_weekly-sales-20th-mar-2026_a24ede0e996a.pdf"", ""raw_built"": ""2006 GUANGZHOU"", ""raw_details"": ""B.&W. 6S50MC-C8.1 BWTS FITTED"", ""printed_date"": ""21/03/2026""}"
2026-03-28,2026-03-28,Bulker Sales,2,FRONTIER GARLAND,Capesize,"181,480",2011,IMABARI,USD 36.4 M,GREEK,SS 01/29 DD 01/27,B&W 6S70MC-C7.2 BWTS FITTED,"{""stem"": ""2026-03-28_clarksons-platou-hellas-snp-weekly-bulletin-127_weekly-sales-27th-mar-2026_b3b7dea08cd9"", ""source_file"": ""2026-03-28_clarksons-platou-hellas-snp-weekly-bulletin-127_weekly-sales-27th-mar-2026_b3b7dea08cd9.pdf"", ""raw_built"": ""2011 IMABARI"", ""raw_details"": ""B&W 6S70MC-C7.2 BWTS FITTED"", ""printed_date"": ""28/03/2026""}"
2026-03-28,2026-03-28,Bulker Sales,2,GIA INSPIRATION,Kamsarmax,"85,035",2022,CSSC TIANJIN,ARD USD 33.5 M,U/D,SS 11/27 DD 11/27,B&W 6S60ME-C10.5 BWTS FITTED,"{""stem"": ""2026-03-28_clarksons-platou-hellas-snp-weekly-bulletin-127_weekly-sales-27th-mar-2026_b3b7dea08cd9"", ""source_file"": ""2026-03-28_clarksons-platou-hellas-snp-weekly-bulletin-127_weekly-sales-27th-mar-2026_b3b7dea08cd9.pdf"", ""raw_built"": ""2022 CSSC TIANJIN"", ""raw_details"": ""B&W 6S60ME-C10.5 BWTS FITTED"", ""printed_date"": ""28/03/2026""}"
2026-03-28,2026-03-28,Bulker Sales,2,AGRI KINSALE,Kamsarmax,"77,171",2009,OSHIMA,USD LOW 15 M,U/D,SS 09/29 DD 08/27,B&W 6S60MC6.2 BWTS FITTED,"{""stem"": ""2026-03-28_clarksons-platou-hellas-snp-weekly-bulletin-127_weekly-sales-27th-mar-2026_b3b7dea08cd9"", ""source_file"": ""2026-03-28_clarksons-platou-hellas-snp-weekly-bulletin-127_weekly-sales-27th-mar-2026_b3b7dea08cd9.pdf"", ""raw_built"": ""2009 OSHIMA"", ""raw_details"": ""B&W 6S60MC6.2 BWTS FITTED"", ""printed_date"": ""28/03/2026""}"
2026-03-28,2026-03-28,Bulker Sales,2,JIN RUI,Ultramax,63.800,2014,JIANGSU HANTONG,USD 24 M,C/O HUAYA MARITIME,SS 11/29 DD 11/27,B&W 5S60ME-C8.2 BWTS FITTED,"{""stem"": ""2026-03-28_clarksons-platou-hellas-snp-weekly-bulletin-127_weekly-sales-27th-mar-2026_b3b7dea08cd9"", ""source_file"": ""2026-03-28_clarksons-platou-hellas-snp-weekly-bulletin-127_weekly-sales-27th-mar-2026_b3b7dea08cd9.pdf"", ""raw_built"": ""2014 JIANGSU HANTONG"", ""raw_details"": ""B&W 5S60ME-C8.2 BWTS FITTED"", ""printed_date"": ""28/03/2026""}"
2026-03-28,2026-03-28,Tanker Sales,2,HIGH SEAS,MR,"51,678",2012,HYUNDAI MIPO,USD HIGH 27 M,GREEK,SS 03/27 DD 03/27,B&W 6S60MC-C8.2 BWTS FITTED,"{""stem"": ""2026-03-28_clarksons-platou-hellas-snp-weekly-bulletin-127_weekly-sales-27th-mar-2026_b3b7dea08cd9"", ""source_file"": ""2026-03-28_clarksons-platou-hellas-snp-weekly-bulletin-127_weekly-sales-27th-mar-2026_b3b7dea08cd9.pdf"", ""raw_built"": ""2012 HYUNDAI MIPO"", ""raw_details"": ""B&W 6S60MC-C8.2 BWTS FITTED"", ""printed_date"": ""28/03/2026""}"
2026-04-03,2026-04-03,Bulker Sales,2,PETRUS,Supramax,"57,374",2011,STX JINHAE,HIGH USD 13 M,U/D,SS 04/26 DD 04/26,B&W 6S50MC-C7.1 4X30T BWTS FITTED,"{""stem"": ""2026-04-03_clarksons-platou-hellas-snp-weekly-bulletin-128_weekly-sales-03rd-apr-2026_4ad5d3070a9d"", ""source_file"": ""2026-04-03_clarksons-platou-hellas-snp-weekly-bulletin-128_weekly-sales-03rd-apr-2026_4ad5d3070a9d.pdf"", ""raw_built"": ""2011 STX JINHAE"", ""raw_details"": ""B&W 6S50MC-C7.1 4X30T BWTS FITTED"", ""printed_date"": ""03/04/2026""}"
2026-04-03,2026-04-03,Bulker Sales,2,MERCURY OCEAN,Supramax,"53,452",2008,IWAGI ZOSEN,LOW USD 13 M,CHINESE,SS 04/26 DD 04/26,B&W 6S50MC-C8.1 4X30.5T BWTS FITTED,"{""stem"": ""2026-04-03_clarksons-platou-hellas-snp-weekly-bulletin-128_weekly-sales-03rd-apr-2026_4ad5d3070a9d"", ""source_file"": ""2026-04-03_clarksons-platou-hellas-snp-weekly-bulletin-128_weekly-sales-03rd-apr-2026_4ad5d3070a9d.pdf"", ""raw_built"": ""2008 IWAGI ZOSEN"", ""raw_details"": ""B&W 6S50MC-C8.1 4X30.5T BWTS FITTED"", ""printed_date"": ""03/04/2026""}"
2026-04-03,2026-04-03,Bulker Sales,2,DL OLIVE,Handysize,"35,194",2013,SPP,USD 15.3 M,GREEK,SS 12/28 DD 11/26,B&W 6S46MC-C8.1 4X30T BWTS FITTED,"{""stem"": ""2026-04-03_clarksons-platou-hellas-snp-weekly-bulletin-128_weekly-sales-03rd-apr-2026_4ad5d3070a9d"", ""source_file"": ""2026-04-03_clarksons-platou-hellas-snp-weekly-bulletin-128_weekly-sales-03rd-apr-2026_4ad5d3070a9d.pdf"", ""raw_built"": ""2013 SPP"", ""raw_details"": ""B&W 6S46MC-C8.1 4X30T BWTS FITTED"", ""printed_date"": ""03/04/2026""}"
2026-04-03,2026-04-03,Bulker Sales,2,ATLANTIC SPIRIT,Handysize,"35,053",2013,NANJING,MID-HIGH USD 12 M,U/D,SS 03/28 DD 03/28,B&W 6S42MC 4X30T BWTS FITTED,"{""stem"": ""2026-04-03_clarksons-platou-hellas-snp-weekly-bulletin-128_weekly-sales-03rd-apr-2026_4ad5d3070a9d"", ""source_file"": ""2026-04-03_clarksons-platou-hellas-snp-weekly-bulletin-128_weekly-sales-03rd-apr-2026_4ad5d3070a9d.pdf"", ""raw_built"": ""2013 NANJING"", ""raw_details"": ""B&W 6S42MC 4X30T BWTS FITTED"", ""printed_date"": ""03/04/2026""}"
2026-04-03,2026-04-03,Bulker Sales,2,SAFI FORTUNE,Handysize,"28,467",2009,IMABARI,ARD USD 9.7 M,U/D,SS 09/29 DD 01/28,B&W 6S42MC7.1 4X30.5T BWTS FITTED,"{""stem"": ""2026-04-03_clarksons-platou-hellas-snp-weekly-bulletin-128_weekly-sales-03rd-apr-2026_4ad5d3070a9d"", ""source_file"": ""2026-04-03_clarksons-platou-hellas-snp-weekly-bulletin-128_weekly-sales-03rd-apr-2026_4ad5d3070a9d.pdf"", ""raw_built"": ""2009 IMABARI"", ""raw_details"": ""B&W 6S42MC7.1 4X30.5T BWTS FITTED"", ""printed_date"": ""03/04/2026""}"
2026-04-03,2026-04-03,Tanker Sales,2,PM IMPERIAL,Panamax,"76,574",2007,DALIAN,XS USD 20 M,U/D,SS 08/30 DD 08/28,B&W 6S60MC6.1 BWTS FITTED,"{""stem"": ""2026-04-03_clarksons-platou-hellas-snp-weekly-bulletin-128_weekly-sales-03rd-apr-2026_4ad5d3070a9d"", ""source_file"": ""2026-04-03_clarksons-platou-hellas-snp-weekly-bulletin-128_weekly-sales-03rd-apr-2026_4ad5d3070a9d.pdf"", ""raw_built"": ""2007 DALIAN"", ""raw_details"": ""B&W 6S60MC6.1 BWTS FITTED"", ""printed_date"": ""03/04/2026""}"
2026-04-03,2026-04-03,Tanker Sales,2,PM MONARCH,Panamax,"76,543",2007,DALIAN,XS USD 20 M,U/D,SS 05/30 DD 05/28,B&W 6S60MC6.1 BWTS FITTED,"{""stem"": ""2026-04-03_clarksons-platou-hellas-snp-weekly-bulletin-128_weekly-sales-03rd-apr-2026_4ad5d3070a9d"", ""source_file"": ""2026-04-03_clarksons-platou-hellas-snp-weekly-bulletin-128_weekly-sales-03rd-apr-2026_4ad5d3070a9d.pdf"", ""raw_built"": ""2007 DALIAN"", ""raw_details"": ""B&W 6S60MC6.1 BWTS FITTED"", ""printed_date"": ""03/04/2026""}"
2026-04-03,2026-04-03,Tanker Sales,2,STI BROOKLYN,MR,"50,175",2015,SPP,ARD USD 35 M,U/D,SS 07/30 DD 07/28,B&W 6G50ME-B9.3 SCRUBBER BWTS FITTED,"{""stem"": ""2026-04-03_clarksons-platou-hellas-snp-weekly-bulletin-128_weekly-sales-03rd-apr-2026_4ad5d3070a9d"", ""source_file"": ""2026-04-03_clarksons-platou-hellas-snp-weekly-bulletin-128_weekly-sales-03rd-apr-2026_4ad5d3070a9d.pdf"", ""raw_built"": ""2015 SPP"", ""raw_details"": ""B&W 6G50ME-B9.3 SCRUBBER BWTS FITTED"", ""printed_date"": ""03/04/2026""}"
2026-04-03,2026-04-03,Tanker Sales,2,STI BLACK HAWK,MR,"49,990",2015,HYUNDAI MIPO,ARD USD 35 M,U/D,SS 09/30 DD 09/28,B&W 6G50ME-B9.3 SCRUBBER BWTS FITTED,"{""stem"": ""2026-04-03_clarksons-platou-hellas-snp-weekly-bulletin-128_weekly-sales-03rd-apr-2026_4ad5d3070a9d"", ""source_file"": ""2026-04-03_clarksons-platou-hellas-snp-weekly-bulletin-128_weekly-sales-03rd-apr-2026_4ad5d3070a9d.pdf"", ""raw_built"": ""2015 HYUNDAI MIPO"", ""raw_details"": ""B&W 6G50ME-B9.3 SCRUBBER BWTS FITTED"", ""printed_date"": ""03/04/2026""}"
2026-04-03,2026-04-03,Tanker Sales,2,ACADIAN,Handysize,"37,515",2005,HYUNDAI MIPO,ARD USD 10.2 M,TURKISH,SS 07/30 DD 07/28,B&W 6S50MC-C8.1 SCRUBBER BWTS FITTED,"{""stem"": ""2026-04-03_clarksons-platou-hellas-snp-weekly-bulletin-128_weekly-sales-03rd-apr-2026_4ad5d3070a9d"", ""source_file"": ""2026-04-03_clarksons-platou-hellas-snp-weekly-bulletin-128_weekly-sales-03rd-apr-2026_4ad5d3070a9d.pdf"", ""raw_built"": ""2005 HYUNDAI MIPO"", ""raw_details"": ""B&W 6S50MC-C8.1 SCRUBBER BWTS FITTED"", ""printed_date"": ""03/04/2026""}"
2026-04-17,2026-04-17,Bulker Sales,2,RTM CARTIER,Capesize,"205,507",2012,HHIC PHILIPPINES,USD 90M ENBLOC,CHINESE,SS 08/27 DD 08/27,B. & W. 6S70ME-C8.2,"{""stem"": ""2026-04-17_clarksons-platou-hellas-snp-weekly-bulletin-129_weekly-sales-17th-april-2026_3d1d5ec2415b"", ""source_file"": ""2026-04-17_clarksons-platou-hellas-snp-weekly-bulletin-129_weekly-sales-17th-april-2026_3d1d5ec2415b.pdf"", ""raw_built"": ""2012 HHIC PHILIPPINES"", ""raw_details"": ""B. & W. 6S70ME-C8.2"", ""printed_date"": ""17/04/2026""}"
2026-04-17,2026-04-17,Bulker Sales,2,RTM ZHENG HE,Capesize,"205,431",2012,HHIC PHILIPPINES,USD 90M ENBLOC,CHINESE,SS 11/27 DD 11/27,B. & W. 6S70ME-C8.2,"{""stem"": ""2026-04-17_clarksons-platou-hellas-snp-weekly-bulletin-129_weekly-sales-17th-april-2026_3d1d5ec2415b"", ""source_file"": ""2026-04-17_clarksons-platou-hellas-snp-weekly-bulletin-129_weekly-sales-17th-april-2026_3d1d5ec2415b.pdf"", ""raw_built"": ""2012 HHIC PHILIPPINES"", ""raw_details"": ""B. & W. 6S70ME-C8.2"", ""printed_date"": ""17/04/2026""}"
2026-04-17,2026-04-17,Bulker Sales,2,SUNNY ROYAL,Supramax,"58,772",2011,KAWASAKI,USD 18.5M,GREEKS,SS 11/30 DD 12/ 28,B. & W. 6S50MC-C7.1,"{""stem"": ""2026-04-17_clarksons-platou-hellas-snp-weekly-bulletin-129_weekly-sales-17th-april-2026_3d1d5ec2415b"", ""source_file"": ""2026-04-17_clarksons-platou-hellas-snp-weekly-bulletin-129_weekly-sales-17th-april-2026_3d1d5ec2415b.pdf"", ""raw_built"": ""2011 KAWASAKI"", ""raw_details"": ""B. & W. 6S50MC-C7.1"", ""printed_date"": ""17/04/2026""}"
2026-04-17,2026-04-17,Bulker Sales,2,PHOENIX K,Supramax,"54,881",2007,OSHIMA,USD 14M,CHINESE,SS 05/27 DD 05/27,B. & W. 6S50MC-C8.1,"{""stem"": ""2026-04-17_clarksons-platou-hellas-snp-weekly-bulletin-129_weekly-sales-17th-april-2026_3d1d5ec2415b"", ""source_file"": ""2026-04-17_clarksons-platou-hellas-snp-weekly-bulletin-129_weekly-sales-17th-april-2026_3d1d5ec2415b.pdf"", ""raw_built"": ""2007 OSHIMA"", ""raw_details"": ""B. & W. 6S50MC-C8.1"", ""printed_date"": ""17/04/2026""}"
2026-04-17,2026-04-17,Bulker Sales,2,ASTRO ORION,Handysize,"37,650",2017,AVIC WEIHAI,USD 21M,GREEKS,SS 05/27 DD 05/27,B. & W. 5S50ME-B9.2,"{""stem"": ""2026-04-17_clarksons-platou-hellas-snp-weekly-bulletin-129_weekly-sales-17th-april-2026_3d1d5ec2415b"", ""source_file"": ""2026-04-17_clarksons-platou-hellas-snp-weekly-bulletin-129_weekly-sales-17th-april-2026_3d1d5ec2415b.pdf"", ""raw_built"": ""2017 AVIC WEIHAI"", ""raw_details"": ""B. & W. 5S50ME-B9.2"", ""printed_date"": ""17/04/2026""}"
2026-04-17,2026-04-17,Bulker Sales,2,AEOLOS,Handysize,"31,651",2001,SAIKI,USD CIRCA 7M,U/D,SS 02/31 DD 03/29,MITSUBISHI 6UEC52LA,"{""stem"": ""2026-04-17_clarksons-platou-hellas-snp-weekly-bulletin-129_weekly-sales-17th-april-2026_3d1d5ec2415b"", ""source_file"": ""2026-04-17_clarksons-platou-hellas-snp-weekly-bulletin-129_weekly-sales-17th-april-2026_3d1d5ec2415b.pdf"", ""raw_built"": ""2001 SAIKI"", ""raw_details"": ""MITSUBISHI 6UEC52LA"", ""printed_date"": ""17/04/2026""}"
2026-04-17,2026-04-17,Tanker Sales,2,KASAGISAN,VLCC,"302,478",2006,MITSUI SB,USD CIRCA 60 M,U/D,SS 08/29 DD 08/27,B.& W. 7S80MC-C6.1,"{""stem"": ""2026-04-17_clarksons-platou-hellas-snp-weekly-bulletin-129_weekly-sales-17th-april-2026_3d1d5ec2415b"", ""source_file"": ""2026-04-17_clarksons-platou-hellas-snp-weekly-bulletin-129_weekly-sales-17th-april-2026_3d1d5ec2415b.pdf"", ""raw_built"": ""2006 MITSUI SB"", ""raw_details"": ""B.& W. 7S80MC-C6.1"", ""printed_date"": ""17/04/2026""}"
2026-04-17,2026-04-17,Tanker Sales,2,P. ALIKI,Aframax,"105,304",2010,HYUNDAI HI,USD 42.65M,C/O TRAFIGURA,SS 06/30 DD 08/28,B. & W. 6S60MC-C8.1 SCRUBBER FITTED,"{""stem"": ""2026-04-17_clarksons-platou-hellas-snp-weekly-bulletin-129_weekly-sales-17th-april-2026_3d1d5ec2415b"", ""source_file"": ""2026-04-17_clarksons-platou-hellas-snp-weekly-bulletin-129_weekly-sales-17th-april-2026_3d1d5ec2415b.pdf"", ""raw_built"": ""2010 HYUNDAI HI"", ""raw_details"": ""B. & W. 6S60MC-C8.1 SCRUBBER FITTED"", ""printed_date"": ""17/04/2026""}"
2026-04-24,2026-04-24,Bulker Sales,2,CORONA BRAVE,Panamax,"88,172",2006,IMABARI,USD 12.9M,CHINESE,SS 12/27 DD 11/26,B&W 6S60MC6.1,"{""stem"": ""2026-04-24_clarksons-platou-hellas-snp-weekly-bulletin-130_weekly-sales-24th-april-2026_93d16c070032"", ""source_file"": ""2026-04-24_clarksons-platou-hellas-snp-weekly-bulletin-130_weekly-sales-24th-april-2026_93d16c070032.pdf"", ""raw_built"": ""2006 IMABARI"", ""raw_details"": ""B&W 6S60MC6.1"", ""printed_date"": ""24/04/2026""}"
2026-04-24,2026-04-24,Bulker Sales,2,N/B 'NDY1315',Ultramax,"64,100",2027,NEW DAYANG,RGN USD 73M ENBLOC,GREEK,SS - DD -,B&W 6S50ME-C9.7,"{""stem"": ""2026-04-24_clarksons-platou-hellas-snp-weekly-bulletin-130_weekly-sales-24th-april-2026_93d16c070032"", ""source_file"": ""2026-04-24_clarksons-platou-hellas-snp-weekly-bulletin-130_weekly-sales-24th-april-2026_93d16c070032.pdf"", ""raw_built"": ""2027 NEW DAYANG"", ""raw_details"": ""B&W 6S50ME-C9.7"", ""printed_date"": ""24/04/2026""}"
2026-04-24,2026-04-24,Bulker Sales,2,N/B 'NDY1316',Ultramax,"64,100",2027,NEW DAYANG,RGN USD 73M ENBLOC,GREEK,SS - DD -,B&W 6S50ME-C9.7,"{""stem"": ""2026-04-24_clarksons-platou-hellas-snp-weekly-bulletin-130_weekly-sales-24th-april-2026_93d16c070032"", ""source_file"": ""2026-04-24_clarksons-platou-hellas-snp-weekly-bulletin-130_weekly-sales-24th-april-2026_93d16c070032.pdf"", ""raw_built"": ""2027 NEW DAYANG"", ""raw_details"": ""B&W 6S50ME-C9.7"", ""printed_date"": ""24/04/2026""}"
2026-04-24,2026-04-24,Bulker Sales,2,CHAKRAVATI,Supramax,"55,814",2006,KAWASAKI,MID USD 10M,U/D,SS 04/28 DD 05/26,B&W 6S50MC-C8.1,"{""stem"": ""2026-04-24_clarksons-platou-hellas-snp-weekly-bulletin-130_weekly-sales-24th-april-2026_93d16c070032"", ""source_file"": ""2026-04-24_clarksons-platou-hellas-snp-weekly-bulletin-130_weekly-sales-24th-april-2026_93d16c070032.pdf"", ""raw_built"": ""2006 KAWASAKI"", ""raw_details"": ""B&W 6S50MC-C8.1"", ""printed_date"": ""24/04/2026""}"
2026-04-24,2026-04-24,Tanker Sales,2,STI SLOANE,Aframax,"109,999",2014,HYUNDAI B&W SAMHO,U/D,,USD 195M ENBLOC,SS 11/29 6G60ME-C9.2 DD 11/27 SCRUBBER,"{""stem"": ""2026-04-24_clarksons-platou-hellas-snp-weekly-bulletin-130_weekly-sales-24th-april-2026_93d16c070032"", ""source_file"": ""2026-04-24_clarksons-platou-hellas-snp-weekly-bulletin-130_weekly-sales-24th-april-2026_93d16c070032.pdf"", ""raw_built"": ""2014 HYUNDAI B&W SAMHO"", ""raw_details"": ""SS 11/29 6G60ME-C9.2 DD 11/27 SCRUBBER"", ""printed_date"": ""24/04/2026""}"
2026-04-24,2026-04-24,Tanker Sales,2,STI PARK,Aframax,"109,999",2014,HYUNDAI B&W SAMHO,U/D,,USD 195M ENBLOC,SS 09/29 6G60ME-C9.2 DD 10/27 SCRUBBER,"{""stem"": ""2026-04-24_clarksons-platou-hellas-snp-weekly-bulletin-130_weekly-sales-24th-april-2026_93d16c070032"", ""source_file"": ""2026-04-24_clarksons-platou-hellas-snp-weekly-bulletin-130_weekly-sales-24th-april-2026_93d16c070032.pdf"", ""raw_built"": ""2014 HYUNDAI B&W SAMHO"", ""raw_details"": ""SS 09/29 6G60ME-C9.2 DD 10/27 SCRUBBER"", ""printed_date"": ""24/04/2026""}"
2026-04-24,2026-04-24,Tanker Sales,2,STI MADISON,Aframax,"109,999",2014,HYUNDAI B&W SAMHO,U/D,,USD 195M ENBLOC,SS 09/29 6G60ME-C9.2 DD 08/27 SCRUBBER,"{""stem"": ""2026-04-24_clarksons-platou-hellas-snp-weekly-bulletin-130_weekly-sales-24th-april-2026_93d16c070032"", ""source_file"": ""2026-04-24_clarksons-platou-hellas-snp-weekly-bulletin-130_weekly-sales-24th-april-2026_93d16c070032.pdf"", ""raw_built"": ""2014 HYUNDAI B&W SAMHO"", ""raw_details"": ""SS 09/29 6G60ME-C9.2 DD 08/27 SCRUBBER"", ""printed_date"": ""24/04/2026""}"
2026-04-24,2026-04-24,Tanker Sales,2,STI REGINA,MR,"49,990",,B&W 2014 SPP,U/D,,USD 105M ENBLOC,SS 09/29 6G50ME-B9.3 DD 09/27 SCRUBBER,"{""stem"": ""2026-04-24_clarksons-platou-hellas-snp-weekly-bulletin-130_weekly-sales-24th-april-2026_93d16c070032"", ""source_file"": ""2026-04-24_clarksons-platou-hellas-snp-weekly-bulletin-130_weekly-sales-24th-april-2026_93d16c070032.pdf"", ""raw_built"": ""B&W 2014 SPP"", ""raw_details"": ""SS 09/29 6G50ME-B9.3 DD 09/27 SCRUBBER"", ""printed_date"": ""24/04/2026""}"
2026-04-24,2026-04-24,Tanker Sales,2,STI AQUA,MR,"49,990",,B&W 2014 SPP,U/D,,USD 105M ENBLOC,SS 07/29 6G50ME-B9.3 DD 09/27 SCRUBBER,"{""stem"": ""2026-04-24_clarksons-platou-hellas-snp-weekly-bulletin-130_weekly-sales-24th-april-2026_93d16c070032"", ""source_file"": ""2026-04-24_clarksons-platou-hellas-snp-weekly-bulletin-130_weekly-sales-24th-april-2026_93d16c070032.pdf"", ""raw_built"": ""B&W 2014 SPP"", ""raw_details"": ""SS 07/29 6G50ME-B9.3 DD 09/27 SCRUBBER"", ""printed_date"": ""24/04/2026""}"
2026-04-24,2026-04-24,Tanker Sales,2,STI OPERA,MR,"49,990",2014,HYUNDAI B&W MIPO,U/D,,USD 105M ENBLOC,SS 01/29 6G50ME-B9.3 DD 03/27 SCRUBBER,"{""stem"": ""2026-04-24_clarksons-platou-hellas-snp-weekly-bulletin-130_weekly-sales-24th-april-2026_93d16c070032"", ""source_file"": ""2026-04-24_clarksons-platou-hellas-snp-weekly-bulletin-130_weekly-sales-24th-april-2026_93d16c070032.pdf"", ""raw_built"": ""2014 HYUNDAI B&W MIPO"", ""raw_details"": ""SS 01/29 6G50ME-B9.3 DD 03/27 SCRUBBER"", ""printed_date"": ""24/04/2026""}"
2026-05-08,2026-05-08,Bulker Sales,2,MANDY MORN,Kamsarmax,"82,612",2008,TSUNEISHI ZOUSHAN,RGN USD 14 M,CHINESE,SS 10/28 DD 07/26,7S50MC-C8.1,"{""stem"": ""2026-05-08_clarksons-platou-hellas-snp-weekly-bulletin-131_weekly-sales-08th-may-2026_91582509eef6"", ""source_file"": ""2026-05-08_clarksons-platou-hellas-snp-weekly-bulletin-131_weekly-sales-08th-may-2026_91582509eef6.pdf"", ""raw_built"": ""2008 TSUNEISHI ZOUSHAN"", ""raw_details"": ""7S50MC-C8.1"", ""printed_date"": ""08/05/2026""}"
2026-05-08,2026-05-08,Bulker Sales,2,AVALON,Kamsarmax,"81,565",2011,SUNGDONG,RGN USD 18 M,U/D,SS 07/26 DD 07/26,6S60MC6.2,"{""stem"": ""2026-05-08_clarksons-platou-hellas-snp-weekly-bulletin-131_weekly-sales-08th-may-2026_91582509eef6"", ""source_file"": ""2026-05-08_clarksons-platou-hellas-snp-weekly-bulletin-131_weekly-sales-08th-may-2026_91582509eef6.pdf"", ""raw_built"": ""2011 SUNGDONG"", ""raw_details"": ""6S60MC6.2"", ""printed_date"": ""08/05/2026""}"
2026-05-08,2026-05-08,Bulker Sales,2,PRABHU YUVIKA,Panamax,"76,310",2004,SUMITOMO,MID-HIGH USD 9 M,U/D,SS 01/31 DD 06/29,7S50MC-C8.1,"{""stem"": ""2026-05-08_clarksons-platou-hellas-snp-weekly-bulletin-131_weekly-sales-08th-may-2026_91582509eef6"", ""source_file"": ""2026-05-08_clarksons-platou-hellas-snp-weekly-bulletin-131_weekly-sales-08th-may-2026_91582509eef6.pdf"", ""raw_built"": ""2004 SUMITOMO"", ""raw_details"": ""7S50MC-C8.1"", ""printed_date"": ""08/05/2026""}"
2026-05-08,2026-05-08,Bulker Sales,2,VALIANT WAVE,Supramax,"53,490",2005,IMABARI,USD 10.5 M,U/D,SS 08/30 DD 11/28,6S50MC-C8.1 4X30.5,"{""stem"": ""2026-05-08_clarksons-platou-hellas-snp-weekly-bulletin-131_weekly-sales-08th-may-2026_91582509eef6"", ""source_file"": ""2026-05-08_clarksons-platou-hellas-snp-weekly-bulletin-131_weekly-sales-08th-may-2026_91582509eef6.pdf"", ""raw_built"": ""2005 IMABARI"", ""raw_details"": ""6S50MC-C8.1 4X30.5"", ""printed_date"": ""08/05/2026""}"
2026-05-08,2026-05-08,Bulker Sales,2,INTERLINK FORTUITY,Handysize,"38,734",2017,TAIZHOU KOUAN,USD 21.75 M,GERMANS,SS 05/27 DD 05/27,5S50ME-B9.3 ICE CLASS 1C 4X30,"{""stem"": ""2026-05-08_clarksons-platou-hellas-snp-weekly-bulletin-131_weekly-sales-08th-may-2026_91582509eef6"", ""source_file"": ""2026-05-08_clarksons-platou-hellas-snp-weekly-bulletin-131_weekly-sales-08th-may-2026_91582509eef6.pdf"", ""raw_built"": ""2017 TAIZHOU KOUAN"", ""raw_details"": ""5S50ME-B9.3 ICE CLASS 1C 4X30"", ""printed_date"": ""08/05/2026""}"
2026-05-15,2026-05-15,Bulker Sales,2,DOMINATOR,Ultramax,"63,652",2021,SHIN KASADO,USD 38 M,U/D,SS 07/26 DD 07/26,B.&W. 6S50ME-C9.6 4X30,"{""stem"": ""2026-05-15_clarksons-platou-hellas-snp-weekly-bulletin-132_weekly-sales-15th-may-2026_4b6e66461f46"", ""source_file"": ""2026-05-15_clarksons-platou-hellas-snp-weekly-bulletin-132_weekly-sales-15th-may-2026_4b6e66461f46.pdf"", ""raw_built"": ""2021 SHIN KASADO"", ""raw_details"": ""B.&W. 6S50ME-C9.6 4X30"", ""printed_date"": ""15/05/2026""}"
2026-05-15,2026-05-15,Bulker Sales,2,SUMAQ QUEEN,Supramax,"51,052",2017,IMABARI,XS-USD 25 M,GREEKS,SS 03/27 DD 03/27,B.&W. 6S50ME-C8.2 4X30,"{""stem"": ""2026-05-15_clarksons-platou-hellas-snp-weekly-bulletin-132_weekly-sales-15th-may-2026_4b6e66461f46"", ""source_file"": ""2026-05-15_clarksons-platou-hellas-snp-weekly-bulletin-132_weekly-sales-15th-may-2026_4b6e66461f46.pdf"", ""raw_built"": ""2017 IMABARI"", ""raw_details"": ""B.&W. 6S50ME-C8.2 4X30"", ""printed_date"": ""15/05/2026""}"
2026-05-15,2026-05-15,Bulker Sales,2,SETY,Supramax,"55,753",2010,I.H.I,USD 16.5 M,U/D,SS 01/30 DD 01/28,Wartsila 2-stroke 6RT-flex50-B 4X30,"{""stem"": ""2026-05-15_clarksons-platou-hellas-snp-weekly-bulletin-132_weekly-sales-15th-may-2026_4b6e66461f46"", ""source_file"": ""2026-05-15_clarksons-platou-hellas-snp-weekly-bulletin-132_weekly-sales-15th-may-2026_4b6e66461f46.pdf"", ""raw_built"": ""2010 I.H.I"", ""raw_details"": ""Wartsila 2-stroke 6RT-flex50-B 4X30"", ""printed_date"": ""15/05/2026""}"
2026-05-15,2026-05-15,Bulker Sales,2,PLANET TEAM,Supramax,"53,477",2009,SINOPACIFIC ZHEJIANG,MID-USD 10 M,U/D,SS 01/29 DD 03/27,B.&W. 6S50MC-C8.2 4X30.5,"{""stem"": ""2026-05-15_clarksons-platou-hellas-snp-weekly-bulletin-132_weekly-sales-15th-may-2026_4b6e66461f46"", ""source_file"": ""2026-05-15_clarksons-platou-hellas-snp-weekly-bulletin-132_weekly-sales-15th-may-2026_4b6e66461f46.pdf"", ""raw_built"": ""2009 SINOPACIFIC ZHEJIANG"", ""raw_details"": ""B.&W. 6S50MC-C8.2 4X30.5"", ""printed_date"": ""15/05/2026""}"
2026-05-15,2026-05-15,Bulker Sales,2,JALMA TOPIC,Supramax,"51,966",2006,TSUNEISHI CEBU,XS-USD 12 M,U/D,SS 07/26 DD 07/26,B.&W. 6S50MC6.1 4X30,"{""stem"": ""2026-05-15_clarksons-platou-hellas-snp-weekly-bulletin-132_weekly-sales-15th-may-2026_4b6e66461f46"", ""source_file"": ""2026-05-15_clarksons-platou-hellas-snp-weekly-bulletin-132_weekly-sales-15th-may-2026_4b6e66461f46.pdf"", ""raw_built"": ""2006 TSUNEISHI CEBU"", ""raw_details"": ""B.&W. 6S50MC6.1 4X30"", ""printed_date"": ""15/05/2026""}"
2026-05-15,2026-05-15,Tanker Sales,2,LAS PALMAS,VLCC,"306,000",2026,HENGLI,USD XS 160 M,C/O TRAFIGURA,-,B. & W. 6G80ME-C10.5 SCRUBBER FITTED,"{""stem"": ""2026-05-15_clarksons-platou-hellas-snp-weekly-bulletin-132_weekly-sales-15th-may-2026_4b6e66461f46"", ""source_file"": ""2026-05-15_clarksons-platou-hellas-snp-weekly-bulletin-132_weekly-sales-15th-may-2026_4b6e66461f46.pdf"", ""raw_built"": ""2026 HENGLI"", ""raw_details"": ""B. & W. 6G80ME-C10.5 SCRUBBER FITTED"", ""printed_date"": ""15/05/2026""}"
2026-05-15,2026-05-15,Tanker Sales,2,OLYMPIC STAR,Suezmax,"157,000",2027,DH SHIPBUILDING,USD 190 M ENBLOC,U/D,-,B.&W. 6G70ME-C10.5 SCRUBBER FITTED,"{""stem"": ""2026-05-15_clarksons-platou-hellas-snp-weekly-bulletin-132_weekly-sales-15th-may-2026_4b6e66461f46"", ""source_file"": ""2026-05-15_clarksons-platou-hellas-snp-weekly-bulletin-132_weekly-sales-15th-may-2026_4b6e66461f46.pdf"", ""raw_built"": ""2027 DH SHIPBUILDING"", ""raw_details"": ""B.&W. 6G70ME-C10.5 SCRUBBER FITTED"", ""printed_date"": ""15/05/2026""}"
2026-05-15,2026-05-15,Tanker Sales,2,N/B DH,Suezmax,"157,000",2027,DH SHIPBUILDING,USD 190 M ENBLOC,U/D,-,B.&W. 6G70ME-C10.5 SCRUBBER FITTED,"{""stem"": ""2026-05-15_clarksons-platou-hellas-snp-weekly-bulletin-132_weekly-sales-15th-may-2026_4b6e66461f46"", ""source_file"": ""2026-05-15_clarksons-platou-hellas-snp-weekly-bulletin-132_weekly-sales-15th-may-2026_4b6e66461f46.pdf"", ""raw_built"": ""2027 DH SHIPBUILDING"", ""raw_details"": ""B.&W. 6G70ME-C10.5 SCRUBBER FITTED"", ""printed_date"": ""15/05/2026""}"
2026-05-15,2026-05-15,Tanker Sales,2,SHIPBUILDING 5111,Suezmax,"157,000",,SHIPBUILDING,ENBLOC,U/D,-,SCRUBBER FITTED,"{""stem"": ""2026-05-15_clarksons-platou-hellas-snp-weekly-bulletin-132_weekly-sales-15th-may-2026_4b6e66461f46"", ""source_file"": ""2026-05-15_clarksons-platou-hellas-snp-weekly-bulletin-132_weekly-sales-15th-may-2026_4b6e66461f46.pdf"", ""raw_built"": ""SHIPBUILDING"", ""raw_details"": ""SCRUBBER FITTED"", ""printed_date"": ""15/05/2026""}"
2026-05-22,2026-05-22,Bulker Sales,2,CHIN SHAN,Capesize,"175,569",2004,CSBC,USD 20.3 M,U/D,SS 11/29 DD 11/27,B&W 6S70MC6.1,"{""stem"": ""2026-05-22_clarksons-platou-hellas-snp-weekly-bulletin-133_weekly-sales-22nd-may-2026_e437200d580b"", ""source_file"": ""2026-05-22_clarksons-platou-hellas-snp-weekly-bulletin-133_weekly-sales-22nd-may-2026_e437200d580b.pdf"", ""raw_built"": ""2004 CSBC"", ""raw_details"": ""B&W 6S70MC6.1"", ""printed_date"": ""22/05/2026""}"
2026-05-22,2026-05-22,Bulker Sales,2,LOWLANDS DAWN,Kamsarmax,"93,500",2017,OSHIMA,XS USD 31 M,U/D,SS 06/27 DD 06/27,B&W 6S60ME-C8.2,"{""stem"": ""2026-05-22_clarksons-platou-hellas-snp-weekly-bulletin-133_weekly-sales-22nd-may-2026_e437200d580b"", ""source_file"": ""2026-05-22_clarksons-platou-hellas-snp-weekly-bulletin-133_weekly-sales-22nd-may-2026_e437200d580b.pdf"", ""raw_built"": ""2017 OSHIMA"", ""raw_details"": ""B&W 6S60ME-C8.2"", ""printed_date"": ""22/05/2026""}"
2026-05-22,2026-05-22,Bulker Sales,2,LOWLANDS TEAL,Kamsarmax,"95,300",2020,OSHIMA,USD 36.5 M,U/D,SS 05/30 DD 07/28,B&W 6S60ME-C8.2,"{""stem"": ""2026-05-22_clarksons-platou-hellas-snp-weekly-bulletin-133_weekly-sales-22nd-may-2026_e437200d580b"", ""source_file"": ""2026-05-22_clarksons-platou-hellas-snp-weekly-bulletin-133_weekly-sales-22nd-may-2026_e437200d580b.pdf"", ""raw_built"": ""2020 OSHIMA"", ""raw_details"": ""B&W 6S60ME-C8.2"", ""printed_date"": ""22/05/2026""}"
2026-05-22,2026-05-22,Bulker Sales,2,XENIA,Kamsarmax,"87,144",2006,I.H.I. YOKOHAMA,USD 13 M,U/D,SS 07/26 DD 07/26,Wartsila 2-stroke 6RTA58T-D SCRUBBER,"{""stem"": ""2026-05-22_clarksons-platou-hellas-snp-weekly-bulletin-133_weekly-sales-22nd-may-2026_e437200d580b"", ""source_file"": ""2026-05-22_clarksons-platou-hellas-snp-weekly-bulletin-133_weekly-sales-22nd-may-2026_e437200d580b.pdf"", ""raw_built"": ""2006 I.H.I. YOKOHAMA"", ""raw_details"": ""Wartsila 2-stroke 6RTA58T-D SCRUBBER"", ""printed_date"": ""22/05/2026""}"
2026-05-22,2026-05-22,Bulker Sales,2,PEDHOULAS,Kamsarmax,"83,685",2008,SANOYAS HISHINO,USD 14.7 M,U/D,SS 05/28 DD 10/26,B&W 6S60MC-C7.1,"{""stem"": ""2026-05-22_clarksons-platou-hellas-snp-weekly-bulletin-133_weekly-sales-22nd-may-2026_e437200d580b"", ""source_file"": ""2026-05-22_clarksons-platou-hellas-snp-weekly-bulletin-133_weekly-sales-22nd-may-2026_e437200d580b.pdf"", ""raw_built"": ""2008 SANOYAS HISHINO"", ""raw_details"": ""B&W 6S60MC-C7.1"", ""printed_date"": ""22/05/2026""}"
2026-05-22,2026-05-22,Bulker Sales,2,COMMANDER,Kamsarmax,"83,685",2008,SANOYAS HISHINO,USD 14.7 M,U/D,SS 05/28 DD 10/26,B&W 6S60MC-C7.1,"{""stem"": ""2026-05-22_clarksons-platou-hellas-snp-weekly-bulletin-133_weekly-sales-22nd-may-2026_e437200d580b"", ""source_file"": ""2026-05-22_clarksons-platou-hellas-snp-weekly-bulletin-133_weekly-sales-22nd-may-2026_e437200d580b.pdf"", ""raw_built"": ""2008 SANOYAS HISHINO"", ""raw_details"": ""B&W 6S60MC-C7.1"", ""printed_date"": ""22/05/2026""}"
2026-05-22,2026-05-22,Bulker Sales,2,NORD POLARIS,Kamsarmax,"81,791",2016,TSUNEISHI CEBU,LOW USD 28 M,U/D,SS 06/26 DD 06/26,B&W 6S60ME-C8.2,"{""stem"": ""2026-05-22_clarksons-platou-hellas-snp-weekly-bulletin-133_weekly-sales-22nd-may-2026_e437200d580b"", ""source_file"": ""2026-05-22_clarksons-platou-hellas-snp-weekly-bulletin-133_weekly-sales-22nd-may-2026_e437200d580b.pdf"", ""raw_built"": ""2016 TSUNEISHI CEBU"", ""raw_details"": ""B&W 6S60ME-C8.2"", ""printed_date"": ""22/05/2026""}"
2026-05-22,2026-05-22,Bulker Sales,2,PANAGIA FORCE,Kamsarmax,"81,791",2007,MITSUI,RGN USD 13.5 M,U/D,SS 04/27 DD 04/27,B&W 6S60MC-C7.1,"{""stem"": ""2026-05-22_clarksons-platou-hellas-snp-weekly-bulletin-133_weekly-sales-22nd-may-2026_e437200d580b"", ""source_file"": ""2026-05-22_clarksons-platou-hellas-snp-weekly-bulletin-133_weekly-sales-22nd-may-2026_e437200d580b.pdf"", ""raw_built"": ""2007 MITSUI"", ""raw_details"": ""B&W 6S60MC-C7.1"", ""printed_date"": ""22/05/2026""}"
2026-05-22,2026-05-22,Bulker Sales,2,PANSTELLAR,Panamax,"76,602",2003,IMABARI,XS USD 10 M,U/D,SS 04/31 DD 04/29,B&W 6S60MC6.1,"{""stem"": ""2026-05-22_clarksons-platou-hellas-snp-weekly-bulletin-133_weekly-sales-22nd-may-2026_e437200d580b"", ""source_file"": ""2026-05-22_clarksons-platou-hellas-snp-weekly-bulletin-133_weekly-sales-22nd-may-2026_e437200d580b.pdf"", ""raw_built"": ""2003 IMABARI"", ""raw_details"": ""B&W 6S60MC6.1"", ""printed_date"": ""22/05/2026""}"
2026-05-29,2026-05-29,Bulker Sales,2,EHIME QUEEN,Capesize,"181,221",2016,IMABARI,USD RGN 56 M,CHINESE,SS 07/31 DD 05/29,B&W 6S70ME-C8.2 SCRUBBER FITTED,"{""stem"": ""2026-05-29_clarksons-platou-hellas-snp-weekly-bulletin-134_weekly-sales-29th-may-2026_28ba45ac5be5"", ""source_file"": ""2026-05-29_clarksons-platou-hellas-snp-weekly-bulletin-134_weekly-sales-29th-may-2026_28ba45ac5be5.pdf"", ""raw_built"": ""2016 IMABARI"", ""raw_details"": ""B&W 6S70ME-C8.2 SCRUBBER FITTED"", ""printed_date"": ""29/05/2026""}"
2026-05-29,2026-05-29,Bulker Sales,2,KEY HUNTER,Kamsarmax,"82,099",2011,TSUNEISHI,USD RGN 21 M,GREEKS,SS 12/27 DD 12/27,B&W 6S60MC-C7.2,"{""stem"": ""2026-05-29_clarksons-platou-hellas-snp-weekly-bulletin-134_weekly-sales-29th-may-2026_28ba45ac5be5"", ""source_file"": ""2026-05-29_clarksons-platou-hellas-snp-weekly-bulletin-134_weekly-sales-29th-may-2026_28ba45ac5be5.pdf"", ""raw_built"": ""2011 TSUNEISHI"", ""raw_details"": ""B&W 6S60MC-C7.2"", ""printed_date"": ""29/05/2026""}"
2026-05-29,2026-05-29,Bulker Sales,2,TIAN MU SHAN,Ultramax,"63,437",2017,SHUNTIAN SB (JIANGSU),USD 52.32 M ENBLOC,SINGAPOREANS,SS 01/27 DD 06/27,B&W 5S60ME-C8.2,"{""stem"": ""2026-05-29_clarksons-platou-hellas-snp-weekly-bulletin-134_weekly-sales-29th-may-2026_28ba45ac5be5"", ""source_file"": ""2026-05-29_clarksons-platou-hellas-snp-weekly-bulletin-134_weekly-sales-29th-may-2026_28ba45ac5be5.pdf"", ""raw_built"": ""2017 SHUNTIAN SB (JIANGSU)"", ""raw_details"": ""B&W 5S60ME-C8.2"", ""printed_date"": ""29/05/2026""}"
2026-05-29,2026-05-29,Bulker Sales,2,YAN DANG SHAN,Ultramax,"63,301",2017,SHUNTIAN SB (JIANGSU),USD 52.32 M ENBLOC,SINGAPOREANS,SS 06/27 DD 06/27,B&W 5S60ME-C8.2,"{""stem"": ""2026-05-29_clarksons-platou-hellas-snp-weekly-bulletin-134_weekly-sales-29th-may-2026_28ba45ac5be5"", ""source_file"": ""2026-05-29_clarksons-platou-hellas-snp-weekly-bulletin-134_weekly-sales-29th-may-2026_28ba45ac5be5.pdf"", ""raw_built"": ""2017 SHUNTIAN SB (JIANGSU)"", ""raw_details"": ""B&W 5S60ME-C8.2"", ""printed_date"": ""29/05/2026""}"
2026-05-29,2026-05-29,Bulker Sales,2,ASAHI OCEAN,Handysize,"32,085",2013,HAKODATE DOCK,USD 15.2 M,U/D,SS 10/30 DD 11/28,MITSUBISHI 6UEC45LSE-1,"{""stem"": ""2026-05-29_clarksons-platou-hellas-snp-weekly-bulletin-134_weekly-sales-29th-may-2026_28ba45ac5be5"", ""source_file"": ""2026-05-29_clarksons-platou-hellas-snp-weekly-bulletin-134_weekly-sales-29th-may-2026_28ba45ac5be5.pdf"", ""raw_built"": ""2013 HAKODATE DOCK"", ""raw_details"": ""MITSUBISHI 6UEC45LSE-1"", ""printed_date"": ""29/05/2026""}"
2026-05-29,2026-05-29,Tanker Sales,2,STI WINNIE,Aframax,"109,999",2015,DAEWOO (DSME),USD RGN 145 M ENBLOC,U/D,SS 03/30 DD 04/28,B&W 6G60ME-C9.2 SCRUBBER FITTED,"{""stem"": ""2026-05-29_clarksons-platou-hellas-snp-weekly-bulletin-134_weekly-sales-29th-may-2026_28ba45ac5be5"", ""source_file"": ""2026-05-29_clarksons-platou-hellas-snp-weekly-bulletin-134_weekly-sales-29th-may-2026_28ba45ac5be5.pdf"", ""raw_built"": ""2015 DAEWOO (DSME)"", ""raw_details"": ""B&W 6G60ME-C9.2 SCRUBBER FITTED"", ""printed_date"": ""29/05/2026""}"
2026-05-29,2026-05-29,Tanker Sales,2,STI BROADWAY,Aframax,"109,999",2014,DAEHAN,USD RGN 145 M ENBLOC,U/D,SS 11/29 DD 11/27,B&W 6G60ME-C9.2 SCRUBBER FITTED,"{""stem"": ""2026-05-29_clarksons-platou-hellas-snp-weekly-bulletin-134_weekly-sales-29th-may-2026_28ba45ac5be5"", ""source_file"": ""2026-05-29_clarksons-platou-hellas-snp-weekly-bulletin-134_weekly-sales-29th-may-2026_28ba45ac5be5.pdf"", ""raw_built"": ""2014 DAEHAN"", ""raw_details"": ""B&W 6G60ME-C9.2 SCRUBBER FITTED"", ""printed_date"": ""29/05/2026""}"
2026-05-29,2026-05-29,Tanker Sales,2,VIALLI,MR,"52,300",2012,GSI,USD 28.1 M,C/O SPRING,SS 09/27 DD 09/27,B&W 6S50MC-C8.2,"{""stem"": ""2026-05-29_clarksons-platou-hellas-snp-weekly-bulletin-134_weekly-sales-29th-may-2026_28ba45ac5be5"", ""source_file"": ""2026-05-29_clarksons-platou-hellas-snp-weekly-bulletin-134_weekly-sales-29th-may-2026_28ba45ac5be5.pdf"", ""raw_built"": ""2012 GSI"", ""raw_details"": ""B&W 6S50MC-C8.2"", ""printed_date"": ""29/05/2026""}"
2026-06-05,2026-06-05,Bulker Sales,2,DIMITRIS A,Kamsarmax,"82,518",2008,TSUNEISHI ZHOUSHAN,USD 14.8 M,CHINESE,SS 08/28 DD 09/26,B&W 7S50MC-C8.1,"{""stem"": ""2026-06-05_clarksons-platou-hellas-snp-weekly-bulletin-135_weekly-sales-5th-june-2026_4b31f9f44480"", ""source_file"": ""2026-06-05_clarksons-platou-hellas-snp-weekly-bulletin-135_weekly-sales-5th-june-2026_4b31f9f44480.pdf"", ""raw_built"": ""2008 TSUNEISHI ZHOUSHAN"", ""raw_details"": ""B&W 7S50MC-C8.1"", ""printed_date"": ""05/06/2026""}"
2026-06-05,2026-06-05,Bulker Sales,2,AE MARS,Supramax,"53,630",2006,SINOPACIFIC DAYANG,XS USD 9 M,CHINESE,SS 08/26 DD 08/26,B&W 6S50MC-C8.1,"{""stem"": ""2026-06-05_clarksons-platou-hellas-snp-weekly-bulletin-135_weekly-sales-5th-june-2026_4b31f9f44480"", ""source_file"": ""2026-06-05_clarksons-platou-hellas-snp-weekly-bulletin-135_weekly-sales-5th-june-2026_4b31f9f44480.pdf"", ""raw_built"": ""2006 SINOPACIFIC DAYANG"", ""raw_details"": ""B&W 6S50MC-C8.1"", ""printed_date"": ""05/06/2026""}"
2026-06-12,2026-06-12,Bulker Sales,2,KERKIS,Capesize,"176,862",2007,NAMURA,RGN USD 25.25 M,U/D,SS 11/26 DD 11/26,B&W 6S70MC6.1,"{""stem"": ""2026-06-12_clarksons-platou-hellas-snp-weekly-bulletin-136_weekly-sales-12h-jun-2026_fbc72efc44c8"", ""source_file"": ""2026-06-12_clarksons-platou-hellas-snp-weekly-bulletin-136_weekly-sales-12h-jun-2026_fbc72efc44c8.pdf"", ""raw_built"": ""2007 NAMURA"", ""raw_details"": ""B&W 6S70MC6.1"", ""printed_date"": ""12/06/2026""}"
2026-06-12,2026-06-12,Bulker Sales,2,VULCANIA,Kamsarmax,"82,036",2015,JIANGSU NEW YZJ,LOW USD 26 M,U/D,SS 08/30 DD 08/28,B&W 6S60ME-C8.2,"{""stem"": ""2026-06-12_clarksons-platou-hellas-snp-weekly-bulletin-136_weekly-sales-12h-jun-2026_fbc72efc44c8"", ""source_file"": ""2026-06-12_clarksons-platou-hellas-snp-weekly-bulletin-136_weekly-sales-12h-jun-2026_fbc72efc44c8.pdf"", ""raw_built"": ""2015 JIANGSU NEW YZJ"", ""raw_details"": ""B&W 6S60ME-C8.2"", ""printed_date"": ""12/06/2026""}"
2026-06-12,2026-06-12,Bulker Sales,2,INTERLINK CELERITY,Handysize,"40,098",2017,TAIZHOU KOUAN,USD 22 M,GERMAN,SS 11/27 DD 11/27,B&W 5S50ME-B9.3,"{""stem"": ""2026-06-12_clarksons-platou-hellas-snp-weekly-bulletin-136_weekly-sales-12h-jun-2026_fbc72efc44c8"", ""source_file"": ""2026-06-12_clarksons-platou-hellas-snp-weekly-bulletin-136_weekly-sales-12h-jun-2026_fbc72efc44c8.pdf"", ""raw_built"": ""2017 TAIZHOU KOUAN"", ""raw_details"": ""B&W 5S50ME-B9.3"", ""printed_date"": ""12/06/2026""}"
2026-06-12,2026-06-12,Bulker Sales,2,INTERLINK SOLIDITY,Handysize,"40,098",2017,TAIZHOU KOUAN,USD 22 M,GERMAN,SS 08/26 DD 08/26,B&W 5S50ME-B9.3,"{""stem"": ""2026-06-12_clarksons-platou-hellas-snp-weekly-bulletin-136_weekly-sales-12h-jun-2026_fbc72efc44c8"", ""source_file"": ""2026-06-12_clarksons-platou-hellas-snp-weekly-bulletin-136_weekly-sales-12h-jun-2026_fbc72efc44c8.pdf"", ""raw_built"": ""2017 TAIZHOU KOUAN"", ""raw_details"": ""B&W 5S50ME-B9.3"", ""printed_date"": ""12/06/2026""}"
2026-06-19,2026-06-19,Bulker Sales,2,CORNELIE,Panamax,"93,246",2011,ZHEJIANG,HIGH USD 15 M,GREEK,SS 03/30 DD 03/27,B&W 6S60MC6.2 SCRUBBER,"{""stem"": ""2026-06-19_clarksons-platou-hellas-snp-weekly-bulletin-137_weekly-sales-19th-jun-2026-1_2bead4e76183"", ""source_file"": ""2026-06-19_clarksons-platou-hellas-snp-weekly-bulletin-137_weekly-sales-19th-jun-2026-1_2bead4e76183.pdf"", ""raw_built"": ""2011 ZHEJIANG"", ""raw_details"": ""B&W 6S60MC6.2 SCRUBBER"", ""printed_date"": ""19/06/2026""}"
2026-06-19,2026-06-19,Bulker Sales,2,OLDENDORFF,Panamax,"93,246",2011,ZHEJIANG,HIGH USD 15 M,GREEK,SS 03/30 DD 03/27,B&W 6S60MC6.2 SCRUBBER,"{""stem"": ""2026-06-19_clarksons-platou-hellas-snp-weekly-bulletin-137_weekly-sales-19th-jun-2026-1_2bead4e76183"", ""source_file"": ""2026-06-19_clarksons-platou-hellas-snp-weekly-bulletin-137_weekly-sales-19th-jun-2026-1_2bead4e76183.pdf"", ""raw_built"": ""2011 ZHEJIANG"", ""raw_details"": ""B&W 6S60MC6.2 SCRUBBER"", ""printed_date"": ""19/06/2026""}"
2026-06-19,2026-06-19,Bulker Sales,2,MONT BLANC HAWK,Kamsarmax,"81,628",2017,IMABARI,RGN USD 32.5 M,U/D,SS 07/27 DD 07/27,B&W 6S60ME-C8.2,"{""stem"": ""2026-06-19_clarksons-platou-hellas-snp-weekly-bulletin-137_weekly-sales-19th-jun-2026-1_2bead4e76183"", ""source_file"": ""2026-06-19_clarksons-platou-hellas-snp-weekly-bulletin-137_weekly-sales-19th-jun-2026-1_2bead4e76183.pdf"", ""raw_built"": ""2017 IMABARI"", ""raw_details"": ""B&W 6S60ME-C8.2"", ""printed_date"": ""19/06/2026""}"
2026-06-19,2026-06-19,Bulker Sales,2,AFRICAN TERN,Supramax,"58,342",2013,DALIAN COSCO,HIGH USD 19 M,U/D,SS 06/28 DD 06/28,B&W 6S50MC-C8.2,"{""stem"": ""2026-06-19_clarksons-platou-hellas-snp-weekly-bulletin-137_weekly-sales-19th-jun-2026-1_2bead4e76183"", ""source_file"": ""2026-06-19_clarksons-platou-hellas-snp-weekly-bulletin-137_weekly-sales-19th-jun-2026-1_2bead4e76183.pdf"", ""raw_built"": ""2013 DALIAN COSCO"", ""raw_details"": ""B&W 6S50MC-C8.2"", ""printed_date"": ""19/06/2026""}"
2026-06-19,2026-06-19,Bulker Sales,2,SANTA RITA,Supramax,"55,677",2010,MITSUI,USD 17.2 M,GREEK,SS 11/30 DD 03/29,B&W 6S50MC-C8.2,"{""stem"": ""2026-06-19_clarksons-platou-hellas-snp-weekly-bulletin-137_weekly-sales-19th-jun-2026-1_2bead4e76183"", ""source_file"": ""2026-06-19_clarksons-platou-hellas-snp-weekly-bulletin-137_weekly-sales-19th-jun-2026-1_2bead4e76183.pdf"", ""raw_built"": ""2010 MITSUI"", ""raw_details"": ""B&W 6S50MC-C8.2"", ""printed_date"": ""19/06/2026""}"
2026-06-19,2026-06-19,Bulker Sales,2,SHINSUNG ACCORD,Handysize,"37,063",2015,SAIKI,USD 19 M,C/O DEVBULK,SS 02/30 DD 12/27,B&W 6S46MC-C8.2,"{""stem"": ""2026-06-19_clarksons-platou-hellas-snp-weekly-bulletin-137_weekly-sales-19th-jun-2026-1_2bead4e76183"", ""source_file"": ""2026-06-19_clarksons-platou-hellas-snp-weekly-bulletin-137_weekly-sales-19th-jun-2026-1_2bead4e76183.pdf"", ""raw_built"": ""2015 SAIKI"", ""raw_details"": ""B&W 6S46MC-C8.2"", ""printed_date"": ""19/06/2026""}"
2026-06-19,2026-06-19,Bulker Sales,2,ASTRO PROPUS,Handysize,"38,271",2014,IMABARI,USD 19 M,C/O DEVBULK,SS 05/29 DD 08/27,B&W 6S46MC-C8.2,"{""stem"": ""2026-06-19_clarksons-platou-hellas-snp-weekly-bulletin-137_weekly-sales-19th-jun-2026-1_2bead4e76183"", ""source_file"": ""2026-06-19_clarksons-platou-hellas-snp-weekly-bulletin-137_weekly-sales-19th-jun-2026-1_2bead4e76183.pdf"", ""raw_built"": ""2014 IMABARI"", ""raw_details"": ""B&W 6S46MC-C8.2"", ""printed_date"": ""19/06/2026""}"
2026-06-19,2026-06-19,Bulker Sales,2,DEVBULK IMABARI,Handysize,"29,451",2009,IMABARI,USD 10.5 M,TURKISH,SS 10/30 DD 04/28,B&W 6S42MC7.1 OHBS,"{""stem"": ""2026-06-19_clarksons-platou-hellas-snp-weekly-bulletin-137_weekly-sales-19th-jun-2026-1_2bead4e76183"", ""source_file"": ""2026-06-19_clarksons-platou-hellas-snp-weekly-bulletin-137_weekly-sales-19th-jun-2026-1_2bead4e76183.pdf"", ""raw_built"": ""2009 IMABARI"", ""raw_details"": ""B&W 6S42MC7.1 OHBS"", ""printed_date"": ""19/06/2026""}"
2026-06-19,2026-06-19,Tanker Sales,2,SAMOS,Aframax,"104,649",2010,SUMITOMO,ARD USD 44.5 M,U/D,SS 05/29 DD 08/27,B&W 6S60MC-C7.2,"{""stem"": ""2026-06-19_clarksons-platou-hellas-snp-weekly-bulletin-137_weekly-sales-19th-jun-2026-1_2bead4e76183"", ""source_file"": ""2026-06-19_clarksons-platou-hellas-snp-weekly-bulletin-137_weekly-sales-19th-jun-2026-1_2bead4e76183.pdf"", ""raw_built"": ""2010 SUMITOMO"", ""raw_details"": ""B&W 6S60MC-C7.2"", ""printed_date"": ""19/06/2026""}"
2026-06-19,2026-06-19,Tanker Sales,2,SANDPIPER PACIFIC,MR,"54,833",2013,SUNGDONG,USD 32 M,U/D,SS 06/28 DD 09/26,B&W 6S50ME-B9.2,"{""stem"": ""2026-06-19_clarksons-platou-hellas-snp-weekly-bulletin-137_weekly-sales-19th-jun-2026-1_2bead4e76183"", ""source_file"": ""2026-06-19_clarksons-platou-hellas-snp-weekly-bulletin-137_weekly-sales-19th-jun-2026-1_2bead4e76183.pdf"", ""raw_built"": ""2013 SUNGDONG"", ""raw_details"": ""B&W 6S50ME-B9.2"", ""printed_date"": ""19/06/2026""}"
2026-06-26,2026-06-26,Bulker Sales,2,SEACON HAMBURG,Kamsarmax,"85,505",2023,HUANGPU WENCHONG,USD 37.5 M,U/D,SS 04/28 DD 04/28,B&W 6S60ME-C10.5,"{""stem"": ""2026-06-26_clarksons-platou-hellas-snp-weekly-bulletin-138_weekly-sales-26th-jun-2026_5f72b66ff835"", ""source_file"": ""2026-06-26_clarksons-platou-hellas-snp-weekly-bulletin-138_weekly-sales-26th-jun-2026_5f72b66ff835.pdf"", ""raw_built"": ""2023 HUANGPU WENCHONG"", ""raw_details"": ""B&W 6S60ME-C10.5"", ""printed_date"": ""26/06/2026""}"
2026-06-26,2026-06-26,Bulker Sales,2,ULTRA SAKA,Ultramax,"63,800",2013,CHENGXI,RGN USD 23.25 M,CHINESE,SS 06/28 DD 09/26,B&W 5S60ME-C8.2,"{""stem"": ""2026-06-26_clarksons-platou-hellas-snp-weekly-bulletin-138_weekly-sales-26th-jun-2026_5f72b66ff835"", ""source_file"": ""2026-06-26_clarksons-platou-hellas-snp-weekly-bulletin-138_weekly-sales-26th-jun-2026_5f72b66ff835.pdf"", ""raw_built"": ""2013 CHENGXI"", ""raw_details"": ""B&W 5S60ME-C8.2"", ""printed_date"": ""26/06/2026""}"
2026-06-26,2026-06-26,Bulker Sales,2,OCEAN BRIGHT,Supramax,"56,032",2013,MITSUI,XS USD 19 M,U/D,SS 08/28 DD 08/28,B&W 6S50MC-C8.2 C:4X30T,"{""stem"": ""2026-06-26_clarksons-platou-hellas-snp-weekly-bulletin-138_weekly-sales-26th-jun-2026_5f72b66ff835"", ""source_file"": ""2026-06-26_clarksons-platou-hellas-snp-weekly-bulletin-138_weekly-sales-26th-jun-2026_5f72b66ff835.pdf"", ""raw_built"": ""2013 MITSUI"", ""raw_details"": ""B&W 6S50MC-C8.2 C:4X30T"", ""printed_date"": ""26/06/2026""}"
2026-06-26,2026-06-26,Bulker Sales,2,LILA CUMBERLAND,Supramax,"56,531",2013,JIANGSU HANTONG,HIGH USD 16 M,C/O ADNOC,SS 07/28 DD 07/28,WARTSILA 2-STROKE 6RT-FLEX50-D C:4X30T,"{""stem"": ""2026-06-26_clarksons-platou-hellas-snp-weekly-bulletin-138_weekly-sales-26th-jun-2026_5f72b66ff835"", ""source_file"": ""2026-06-26_clarksons-platou-hellas-snp-weekly-bulletin-138_weekly-sales-26th-jun-2026_5f72b66ff835.pdf"", ""raw_built"": ""2013 JIANGSU HANTONG"", ""raw_details"": ""WARTSILA 2-STROKE 6RT-FLEX50-D C:4X30T"", ""printed_date"": ""26/06/2026""}"
2026-06-26,2026-06-26,Bulker Sales,2,DARYA KRISHNA,Handysize,"34,874",2016,NAMURA,XS USD 20 M,U/D,SS 02/31 DD 02/29,B&W 6S46ME-B8.3 C:4X30T,"{""stem"": ""2026-06-26_clarksons-platou-hellas-snp-weekly-bulletin-138_weekly-sales-26th-jun-2026_5f72b66ff835"", ""source_file"": ""2026-06-26_clarksons-platou-hellas-snp-weekly-bulletin-138_weekly-sales-26th-jun-2026_5f72b66ff835.pdf"", ""raw_built"": ""2016 NAMURA"", ""raw_details"": ""B&W 6S46ME-B8.3 C:4X30T"", ""printed_date"": ""26/06/2026""}"
2026-07-03,2026-07-03,Bulker Sales,2,SCION MATHILDA,Kamsarmax,"82,144",2024,JIANGSU NEW HANTONG,USD 41.9 M,C/O CASTOR,SS 08/29 DD 09/27,B&W 6S60ME-C10.5,"{""stem"": ""2026-07-03_clarksons-platou-hellas-snp-weekly-bulletin-139_weekly-sales-3rd-july-2026_e756e5e24ae9"", ""source_file"": ""2026-07-03_clarksons-platou-hellas-snp-weekly-bulletin-139_weekly-sales-3rd-july-2026_e756e5e24ae9.pdf"", ""raw_built"": ""2024 JIANGSU NEW HANTONG"", ""raw_details"": ""B&W 6S60ME-C10.5"", ""printed_date"": ""03/07/2026""}"
2026-07-03,2026-07-03,Bulker Sales,2,AC YOUTH,Kamsarmax,"82,623",2007,TSUNEISHI ZOSEN,USD 15 M,U/D,SS 01/27 DD 01/27,B&W 7S50MC-C8.1 SCRUBBER FITTED,"{""stem"": ""2026-07-03_clarksons-platou-hellas-snp-weekly-bulletin-139_weekly-sales-3rd-july-2026_e756e5e24ae9"", ""source_file"": ""2026-07-03_clarksons-platou-hellas-snp-weekly-bulletin-139_weekly-sales-3rd-july-2026_e756e5e24ae9.pdf"", ""raw_built"": ""2007 TSUNEISHI ZOSEN"", ""raw_details"": ""B&W 7S50MC-C8.1 SCRUBBER FITTED"", ""printed_date"": ""03/07/2026""}"
2026-07-03,2026-07-03,Bulker Sales,2,MARINICKI C,Panamax,"76,629",2005,IMABARI SB MARUGAME,USD 11.7 M,U/D,SS 04/30 DD 04/28,B&W 6S60MC6.1,"{""stem"": ""2026-07-03_clarksons-platou-hellas-snp-weekly-bulletin-139_weekly-sales-3rd-july-2026_e756e5e24ae9"", ""source_file"": ""2026-07-03_clarksons-platou-hellas-snp-weekly-bulletin-139_weekly-sales-3rd-july-2026_e756e5e24ae9.pdf"", ""raw_built"": ""2005 IMABARI SB MARUGAME"", ""raw_details"": ""B&W 6S60MC6.1"", ""printed_date"": ""03/07/2026""}"
2026-07-03,2026-07-03,Bulker Sales,2,LAGONDA,Supramax,"55,773",2011,I.H.I YOHOHAMA,USD 18.25 M,U/D,SS 07/26 DD 07/26,WARTSILA 6RT- FLEX50-B C:4X35T,"{""stem"": ""2026-07-03_clarksons-platou-hellas-snp-weekly-bulletin-139_weekly-sales-3rd-july-2026_e756e5e24ae9"", ""source_file"": ""2026-07-03_clarksons-platou-hellas-snp-weekly-bulletin-139_weekly-sales-3rd-july-2026_e756e5e24ae9.pdf"", ""raw_built"": ""2011 I.H.I YOHOHAMA"", ""raw_details"": ""WARTSILA 6RT- FLEX50-B C:4X35T"", ""printed_date"": ""03/07/2026""}"
2026-07-03,2026-07-03,Bulker Sales,2,ATLANTIC STAR,Handysize,"37,065",2018,OSHIMA SHIPBUILDING,USD RGN 26 M,U/D,SS 08/28 DD 06/26,B&W 5S50ME-C8.5 C:4X30T,"{""stem"": ""2026-07-03_clarksons-platou-hellas-snp-weekly-bulletin-139_weekly-sales-3rd-july-2026_e756e5e24ae9"", ""source_file"": ""2026-07-03_clarksons-platou-hellas-snp-weekly-bulletin-139_weekly-sales-3rd-july-2026_e756e5e24ae9.pdf"", ""raw_built"": ""2018 OSHIMA SHIPBUILDING"", ""raw_details"": ""B&W 5S50ME-C8.5 C:4X30T"", ""printed_date"": ""03/07/2026""}"
2026-07-03,2026-07-03,Bulker Sales,2,ASAHI OCEAN,Handysize,"32,085",2013,HAKODATE DOCK,USD RGN 15.2,U/D,SS 10/30 DD 11/28,MITSUBISHI 6UEC45LSE-1 CR:4 X 30.5T,"{""stem"": ""2026-07-03_clarksons-platou-hellas-snp-weekly-bulletin-139_weekly-sales-3rd-july-2026_e756e5e24ae9"", ""source_file"": ""2026-07-03_clarksons-platou-hellas-snp-weekly-bulletin-139_weekly-sales-3rd-july-2026_e756e5e24ae9.pdf"", ""raw_built"": ""2013 HAKODATE DOCK"", ""raw_details"": ""MITSUBISHI 6UEC45LSE-1 CR:4 X 30.5T"", ""printed_date"": ""03/07/2026""}"
2026-07-10,2026-07-10,Bulker Sales,2,HAATO,Ultramax,"61,472",2011,SHIN KASADO DOCK,USD 23.5 M,C/O ADNOC,SS 06/31 DD 06/29,B&W 6S50MC-C8.2 C:4X30.5 CR,"{""stem"": ""2026-07-10_clarksons-platou-hellas-snp-weekly-bulletin-140_weekly-sales-10th-july-2026_789eccc1e473"", ""source_file"": ""2026-07-10_clarksons-platou-hellas-snp-weekly-bulletin-140_weekly-sales-10th-july-2026_789eccc1e473.pdf"", ""raw_built"": ""2011 SHIN KASADO DOCK"", ""raw_details"": ""B&W 6S50MC-C8.2 C:4X30.5 CR"", ""printed_date"": ""10/07/2026""}"
2026-07-10,2026-07-10,Bulker Sales,2,EVEREST,Supramax,"57,480",2012,STX SB (JINHAE),USD LOW 16 M,U/D,SS 08/27 DD 08/27,B&W 6S50MC-C7.1 C:4X30 CR,"{""stem"": ""2026-07-10_clarksons-platou-hellas-snp-weekly-bulletin-140_weekly-sales-10th-july-2026_789eccc1e473"", ""source_file"": ""2026-07-10_clarksons-platou-hellas-snp-weekly-bulletin-140_weekly-sales-10th-july-2026_789eccc1e473.pdf"", ""raw_built"": ""2012 STX SB (JINHAE)"", ""raw_details"": ""B&W 6S50MC-C7.1 C:4X30 CR"", ""printed_date"": ""10/07/2026""}"
2026-07-10,2026-07-10,Bulker Sales,2,JNS PHOENIX,Handysize,"40,552",2025,JIANGMEN NANYANG,USD XS 34 M,U/D,SS 08/30 DD 08/28,B&W 5S50ME-C9.7 C:4X30 CR,"{""stem"": ""2026-07-10_clarksons-platou-hellas-snp-weekly-bulletin-140_weekly-sales-10th-july-2026_789eccc1e473"", ""source_file"": ""2026-07-10_clarksons-platou-hellas-snp-weekly-bulletin-140_weekly-sales-10th-july-2026_789eccc1e473.pdf"", ""raw_built"": ""2025 JIANGMEN NANYANG"", ""raw_details"": ""B&W 5S50ME-C9.7 C:4X30 CR"", ""printed_date"": ""10/07/2026""}"
2026-07-10,2026-07-10,Bulker Sales,2,HT LUCKY,Handysize,"28,481",2003,IMABARI SB,USD RGN 6 M,U/D,SS 06/27 DD 06/27,B&W 6S42MC6.1 C:4X30.5 CR,"{""stem"": ""2026-07-10_clarksons-platou-hellas-snp-weekly-bulletin-140_weekly-sales-10th-july-2026_789eccc1e473"", ""source_file"": ""2026-07-10_clarksons-platou-hellas-snp-weekly-bulletin-140_weekly-sales-10th-july-2026_789eccc1e473.pdf"", ""raw_built"": ""2003 IMABARI SB"", ""raw_details"": ""B&W 6S42MC6.1 C:4X30.5 CR"", ""printed_date"": ""10/07/2026""}"
2026-07-17,2026-07-17,Bulker Sales,2,HEROIC,Capesize,"182,060",2010,ODENSE LINDO,"USD 32,8 M",EUROPEAN,SS 10/30 DD 09/27,B&W 6S70MC-C7.2,"{""stem"": ""2026-07-17_clarksons-hellas-snp-weekly_weekly-sales-17th-july-2026_b7aab37b9ff2"", ""source_file"": ""2026-07-17_clarksons-hellas-snp-weekly_weekly-sales-17th-july-2026_b7aab37b9ff2.pdf"", ""raw_built"": ""2010 ODENSE LINDO"", ""raw_details"": ""B&W 6S70MC-C7.2"", ""printed_date"": ""17/07/2026""}"
2026-07-17,2026-07-17,Bulker Sales,2,BLUE AKIHABARA,Ultramax,"61,630",2014,NANTONG COSCO KHI (NACKS),USD XS 25 M,U/D,SS 03/29 DD 03/27,B&W 6S50ME-B9.2 CR:4X30T,"{""stem"": ""2026-07-17_clarksons-hellas-snp-weekly_weekly-sales-17th-july-2026_b7aab37b9ff2"", ""source_file"": ""2026-07-17_clarksons-hellas-snp-weekly_weekly-sales-17th-july-2026_b7aab37b9ff2.pdf"", ""raw_built"": ""2014 NANTONG COSCO KHI (NACKS)"", ""raw_details"": ""B&W 6S50ME-B9.2 CR:4X30T"", ""printed_date"": ""17/07/2026""}"
2026-07-24,2026-07-24,Bulker Sales,2,SEACON TOKYO,Ultramax,"66,628",2023,TSUNEISHI ZHOUSHAN,USD 41.6 M,C/O OBE SHIPS MARITIME,SS 04/28 DD 04/28,B&W 6S50ME-C9.7 C:4X30T,"{""stem"": ""2026-07-24_clarksons-hellas-snp-weekly-2_weekly-sales-24th-july-2026_c976a6675bb2"", ""source_file"": ""2026-07-24_clarksons-hellas-snp-weekly-2_weekly-sales-24th-july-2026_c976a6675bb2.pdf"", ""raw_built"": ""2023 TSUNEISHI ZHOUSHAN"", ""raw_details"": ""B&W 6S50ME-C9.7 C:4X30T"", ""printed_date"": ""24/07/2026""}"
2026-07-24,2026-07-24,Bulker Sales,2,BENJAMIN OLDENDORFF,Ultramax,"62,623",,OSHIMA 2020 SHIPBUILDING,USD 37.5 EACH,C/O MEGHNA SHIPPING,SS 03/30 DD 06/28,B&W 6S50ME-B9.5 C:4X30T,"{""stem"": ""2026-07-24_clarksons-hellas-snp-weekly-2_weekly-sales-24th-july-2026_c976a6675bb2"", ""source_file"": ""2026-07-24_clarksons-hellas-snp-weekly-2_weekly-sales-24th-july-2026_c976a6675bb2.pdf"", ""raw_built"": ""OSHIMA 2020 SHIPBUILDING"", ""raw_details"": ""B&W 6S50ME-B9.5 C:4X30T"", ""printed_date"": ""24/07/2026""}"
2026-07-24,2026-07-24,Bulker Sales,2,BRITTA OLDENDORFF,Ultramax,"62,150",,OSHIMA 2020 SHIPBUILDING,USD 37.5 EACH,C/O MEGHNA SHIPPING,SS 04/30 DD 04/28,B&W 6S50ME-B9.5 C:4X30T,"{""stem"": ""2026-07-24_clarksons-hellas-snp-weekly-2_weekly-sales-24th-july-2026_c976a6675bb2"", ""source_file"": ""2026-07-24_clarksons-hellas-snp-weekly-2_weekly-sales-24th-july-2026_c976a6675bb2.pdf"", ""raw_built"": ""OSHIMA 2020 SHIPBUILDING"", ""raw_details"": ""B&W 6S50ME-B9.5 C:4X30T"", ""printed_date"": ""24/07/2026""}"
2026-07-24,2026-07-24,Bulker Sales,2,UNITED HALO,Supramax,"55,848",2012,I.H.I. (KURE),USD 19 M,U/D,SS 01/27 DD 01/27,WARTSILA 2-STROKE 6RT-FLEX50-D C:4X30T,"{""stem"": ""2026-07-24_clarksons-hellas-snp-weekly-2_weekly-sales-24th-july-2026_c976a6675bb2"", ""source_file"": ""2026-07-24_clarksons-hellas-snp-weekly-2_weekly-sales-24th-july-2026_c976a6675bb2.pdf"", ""raw_built"": ""2012 I.H.I. (KURE)"", ""raw_details"": ""WARTSILA 2-STROKE 6RT-FLEX50-D C:4X30T"", ""printed_date"": ""24/07/2026""}"
2026-07-24,2026-07-24,Bulker Sales,2,VENUS HALO,Supramax,"55,848",2012,I.H.I. (KURE),USD 19 M,U/D,SS 02/27 DD 02/27,WARTSILA 2-STROKE 6RT-FLEX50-D C:4X30T,"{""stem"": ""2026-07-24_clarksons-hellas-snp-weekly-2_weekly-sales-24th-july-2026_c976a6675bb2"", ""source_file"": ""2026-07-24_clarksons-hellas-snp-weekly-2_weekly-sales-24th-july-2026_c976a6675bb2.pdf"", ""raw_built"": ""2012 I.H.I. (KURE)"", ""raw_details"": ""WARTSILA 2-STROKE 6RT-FLEX50-D C:4X30T"", ""printed_date"": ""24/07/2026""}"
2026-07-31,2026-07-31,Bulker Sales,2,PONT ROUGE,Panamax,"99,992",2021,TSUNEISHI ZHOUSHAN,MID-UPPER USD 30m's,U/D,SS 01/31 DD 12/28,B&W 6G60ME- C9.5,"{""stem"": ""2026-07-31_clarksons-hellas-snp-weekly-3_weekly-sales-31st-jul-2026_2ee0001b97f9"", ""source_file"": ""2026-07-31_clarksons-hellas-snp-weekly-3_weekly-sales-31st-jul-2026_2ee0001b97f9.pdf"", ""raw_built"": ""2021 TSUNEISHI ZHOUSHAN"", ""raw_details"": ""B&W 6G60ME- C9.5"", ""printed_date"": ""31/07/2026""}"
2026-07-31,2026-07-31,Bulker Sales,2,IVESTOS 8,Panamax,"75,239",2008,HUDONG ZHONGHUA,USD 11.7 M,U/D,SS DUE DD DUE,B&W 5S60MC- C7.1,"{""stem"": ""2026-07-31_clarksons-hellas-snp-weekly-3_weekly-sales-31st-jul-2026_2ee0001b97f9"", ""source_file"": ""2026-07-31_clarksons-hellas-snp-weekly-3_weekly-sales-31st-jul-2026_2ee0001b97f9.pdf"", ""raw_built"": ""2008 HUDONG ZHONGHUA"", ""raw_details"": ""B&W 5S60MC- C7.1"", ""printed_date"": ""31/07/2026""}"
2026-07-31,2026-07-31,Bulker Sales,2,VIVA ECLIPSE,Supramax,"54,279",2009,JIANGSU EASTERN,USD 11.75 M,U/D,SS 09/29 DD 09/27,B&W 6S50MC- C8.2 CR 4 X 36,"{""stem"": ""2026-07-31_clarksons-hellas-snp-weekly-3_weekly-sales-31st-jul-2026_2ee0001b97f9"", ""source_file"": ""2026-07-31_clarksons-hellas-snp-weekly-3_weekly-sales-31st-jul-2026_2ee0001b97f9.pdf"", ""raw_built"": ""2009 JIANGSU EASTERN"", ""raw_details"": ""B&W 6S50MC- C8.2 CR 4 X 36"", ""printed_date"": ""31/07/2026""}"
2026-10-02,2026-10-02,Bulker Sales,2,BULK JOYANCE,Panamax,"175,636",2012,JINHAI HI,USD 31.1 M,U/D,SS 04/2027 DD 04/2027,B. & W. 6S70MC6.2,"{""stem"": ""clarksons_02_10_2026_clarksons_hellas_snp_weekly"", ""source_file"": ""clarksons_02_10_2026_clarksons_hellas_snp_weekly.pdf"", ""raw_built"": ""2012 JINHAI HI"", ""raw_details"": ""B. & W. 6S70MC6.2"", ""printed_date"": ""02/10/2026""}"
2026-10-02,2026-10-02,Bulker Sales,2,LC MILADY,Panamax,"93,758",2011,SHANHAIGUAN SB,HIGH USD 14 M,U/D,SS//DD PASSING,B. & W. 6S60MC6.2,"{""stem"": ""clarksons_02_10_2026_clarksons_hellas_snp_weekly"", ""source_file"": ""clarksons_02_10_2026_clarksons_hellas_snp_weekly.pdf"", ""raw_built"": ""2011 SHANHAIGUAN SB"", ""raw_details"": ""B. & W. 6S60MC6.2"", ""printed_date"": ""02/10/2026""}"
2026-10-02,2026-10-02,Bulker Sales,2,GCL HAZIRA,Kamsarmax,"81,986",2021,NANTONG COSCO KHI,USD 38.8 M,GERMAN,SS 11/2026 DD 11/2026,B. & W. 6S60ME-C8.5,"{""stem"": ""clarksons_02_10_2026_clarksons_hellas_snp_weekly"", ""source_file"": ""clarksons_02_10_2026_clarksons_hellas_snp_weekly.pdf"", ""raw_built"": ""2021 NANTONG COSCO KHI"", ""raw_details"": ""B. & W. 6S60ME-C8.5"", ""printed_date"": ""02/10/2026""}"
2026-10-02,2026-10-02,Bulker Sales,2,BABITONGA,Kamsarmax,"81,600",2019,TSUNEISHI ZOSEN,USD 38.5 M,C/O SINCERE NAVIGATION,SS 10/2029 DD 10/2027,B. & W. 6S60ME-C8.2,"{""stem"": ""clarksons_02_10_2026_clarksons_hellas_snp_weekly"", ""source_file"": ""clarksons_02_10_2026_clarksons_hellas_snp_weekly.pdf"", ""raw_built"": ""2019 TSUNEISHI ZOSEN"", ""raw_details"": ""B. & W. 6S60ME-C8.2"", ""printed_date"": ""02/10/2026""}"
2026-10-02,2026-10-02,Bulker Sales,2,YC AEQUOR,Supramax,"56,785",2012,NINGBO LANTIAN SB,HIGH USD 13 M,U/D,SS 03/2027 DD 03/2027,B. & W. 6S50MC-C8.1 C:4X30T,"{""stem"": ""clarksons_02_10_2026_clarksons_hellas_snp_weekly"", ""source_file"": ""clarksons_02_10_2026_clarksons_hellas_snp_weekly.pdf"", ""raw_built"": ""2012 NINGBO LANTIAN SB"", ""raw_details"": ""B. & W. 6S50MC-C8.1 C:4X30T"", ""printed_date"": ""02/10/2026""}"
2026-10-02,2026-10-02,Tanker Sales,2,SEAKING,VLCC,"317,000",2013,HD HYUNDAI (HII),USD 175 M,ADNOC,SS 03/28 DD 03/28,B&W 6S90ME-C8.2 SCRUBBER,"{""stem"": ""clarksons_02_10_2026_clarksons_hellas_snp_weekly"", ""source_file"": ""clarksons_02_10_2026_clarksons_hellas_snp_weekly.pdf"", ""raw_built"": ""2013 HD HYUNDAI (HII)"", ""raw_details"": ""B&W 6S90ME-C8.2 SCRUBBER"", ""printed_date"": ""02/10/2026""}"
2026-10-02,2026-10-02,Tanker Sales,2,ATLANTIC CROWN,MR,"47,128",2007,HD HYUNDAI MIPO,USD 19.2 M,U/D,SS 08/27 DD 08/27,B&W 6S50MC-C8.1,"{""stem"": ""clarksons_02_10_2026_clarksons_hellas_snp_weekly"", ""source_file"": ""clarksons_02_10_2026_clarksons_hellas_snp_weekly.pdf"", ""raw_built"": ""2007 HD HYUNDAI MIPO"", ""raw_details"": ""B&W 6S50MC-C8.1"", ""printed_date"": ""02/10/2026""}"
2026-09-18,2026-09-18,Bulker Sales,2,HIGHLAND,Capesize,"174,092",2006,SHANGHAI WAIGAOQIAO,USD 25 M,CHINESE,SS 07/30 DD 01/29,B. & W. 6S70MC6.1,"{""stem"": ""clarksons_18_09_2026_clarksons_hellas_snp_weekly"", ""source_file"": ""clarksons_18_09_2026_clarksons_hellas_snp_weekly.pdf"", ""raw_built"": ""2006 SHANGHAI WAIGAOQIAO"", ""raw_details"": ""B. & W. 6S70MC6.1"", ""printed_date"": ""18/09/2026""}"
2026-09-18,2026-09-18,Bulker Sales,2,OSAKA STAR,Kamsarmax,"84,947",2016,SASEBO,USD RGN 34 M,U/D,SS 03/31 DD 02/29,B. & W. 6S60ME-C8.2,"{""stem"": ""clarksons_18_09_2026_clarksons_hellas_snp_weekly"", ""source_file"": ""clarksons_18_09_2026_clarksons_hellas_snp_weekly.pdf"", ""raw_built"": ""2016 SASEBO"", ""raw_details"": ""B. & W. 6S60ME-C8.2"", ""printed_date"": ""18/09/2026""}"
2026-09-18,2026-09-18,Bulker Sales,2,BW JAPAN,Kamsarmax,"81,609",2019,TSUNEISHI CEBU,USD LOW- MID 38 M,C/O GREAT EASTERN SHIPPING,SS 05/29 DD 08/27,B. & W. 6S60ME-C8.2 SCRUBBER,"{""stem"": ""clarksons_18_09_2026_clarksons_hellas_snp_weekly"", ""source_file"": ""clarksons_18_09_2026_clarksons_hellas_snp_weekly.pdf"", ""raw_built"": ""2019 TSUNEISHI CEBU"", ""raw_details"": ""B. & W. 6S60ME-C8.2 SCRUBBER"", ""printed_date"": ""18/09/2026""}"
2026-09-18,2026-09-18,Bulker Sales,2,CK VENTURE,Kamsarmax,"82,269",2012,DALIAN SB,USD RGN 19 M,U/D,SS 04/2027 DD 04/2027,B. & W. 5S60ME-C8.2,"{""stem"": ""clarksons_18_09_2026_clarksons_hellas_snp_weekly"", ""source_file"": ""clarksons_18_09_2026_clarksons_hellas_snp_weekly.pdf"", ""raw_built"": ""2012 DALIAN SB"", ""raw_details"": ""B. & W. 5S60ME-C8.2"", ""printed_date"": ""18/09/2026""}"
2026-09-18,2026-09-18,Bulker Sales,2,MELIA,Panamax,"76,225",2005,TSUNEISHI ZOSEN,USD 11.5 M,FAR EASTERN,SS 02/30 DD 01/28,B. & W. 6S60MC6.1,"{""stem"": ""clarksons_18_09_2026_clarksons_hellas_snp_weekly"", ""source_file"": ""clarksons_18_09_2026_clarksons_hellas_snp_weekly.pdf"", ""raw_built"": ""2005 TSUNEISHI ZOSEN"", ""raw_details"": ""B. & W. 6S60MC6.1"", ""printed_date"": ""18/09/2026""}"
2026-09-18,2026-09-18,Bulker Sales,2,DOLPHIN 76,Panamax,"74,133",2002,NAMURA SHIPBUILDING,USD 7.85 M,CHINESE,SS 03/27 DD 03/27,B. & W. 7S50MC-C8.1,"{""stem"": ""clarksons_18_09_2026_clarksons_hellas_snp_weekly"", ""source_file"": ""clarksons_18_09_2026_clarksons_hellas_snp_weekly.pdf"", ""raw_built"": ""2002 NAMURA SHIPBUILDING"", ""raw_details"": ""B. & W. 7S50MC-C8.1"", ""printed_date"": ""18/09/2026""}"
2026-09-18,2026-09-18,Tanker Sales,3,PS AMALFI,LR2,"108,958",2010,HUDONG- ZHONGHUA,XS USD 45 M,U/D,SS 06/30 DD 07/28,B. & W. 7S60MC6.2,"{""stem"": ""clarksons_18_09_2026_clarksons_hellas_snp_weekly"", ""source_file"": ""clarksons_18_09_2026_clarksons_hellas_snp_weekly.pdf"", ""raw_built"": ""2010 HUDONG- ZHONGHUA"", ""raw_details"": ""B. & W. 7S60MC6.2"", ""printed_date"": ""18/09/2026""}"
2026-09-04,2026-09-04,Bulker Sales,2,FLC HAPPINESS,Supramax,"56,799",2009,TAIZHOU KOUAN,USD 12.9 M,CHINESE,SS 08/29 DD 09/27,B&W 6S50MC-C8.2 CR: 4X30T,"{""stem"": ""clarksons_2026_Weekly-Sales-04th-Sept-2026"", ""source_file"": ""clarksons_2026_Weekly-Sales-04th-Sept-2026.pdf"", ""raw_built"": ""2009 TAIZHOU KOUAN"", ""raw_details"": ""B&W 6S50MC-C8.2 CR: 4X30T"", ""printed_date"": ""4 Sept 2026""}"
2026-09-04,2026-09-04,Bulker Sales,2,COLUMBIA RIVER,Supramax,"56,013",2006,MITSUI,LOW USD 13 M,CHINESE,SS 10/26 DD 10/26,B&W 6S50MC-C8.1 CR: 4X30.5T SCRUBBER,"{""stem"": ""clarksons_2026_Weekly-Sales-04th-Sept-2026"", ""source_file"": ""clarksons_2026_Weekly-Sales-04th-Sept-2026.pdf"", ""raw_built"": ""2006 MITSUI"", ""raw_details"": ""B&W 6S50MC-C8.1 CR: 4X30.5T SCRUBBER"", ""printed_date"": ""4 Sept 2026""}"
2026-09-11,2026-09-11,Bulker Sales,2,NBA PEACE,Capesize,"174,504",2004,SHANGHAI WAIGAOQIAO,RGN USD 19 M,U/D,SS 04/27 DD 04/27,B. & W. 6S70MC6.1,"{""stem"": ""clarksons_2026_Weekly-Sales-11th-Sep-2026-"", ""source_file"": ""clarksons_2026_Weekly-Sales-11th-Sep-2026-.pdf"", ""raw_built"": ""2004 SHANGHAI WAIGAOQIAO"", ""raw_details"": ""B. & W. 6S70MC6.1"", ""printed_date"": ""11 Sep 2026""}"
2026-09-11,2026-09-11,Bulker Sales,2,NBA VIVA,Panamax,"75,026",2010,PENGALI JINGLU,USD 15.5 M,U/D,SS 09/30 DD 12/28,B. & W. 5S60MC-C7.2,"{""stem"": ""clarksons_2026_Weekly-Sales-11th-Sep-2026-"", ""source_file"": ""clarksons_2026_Weekly-Sales-11th-Sep-2026-.pdf"", ""raw_built"": ""2010 PENGALI JINGLU"", ""raw_details"": ""B. & W. 5S60MC-C7.2"", ""printed_date"": ""11 Sep 2026""}"
2026-09-11,2026-09-11,Bulker Sales,2,STENIA COLOSSUS,Supramax,"58,731",2011,KAWASAKI HI SAKAIDE,XS USD 20 M,U/D,SS 08/29 DD 04/29,B. & W. 6S50MC-C7.1 CR: 4 X 30.5 T,"{""stem"": ""clarksons_2026_Weekly-Sales-11th-Sep-2026-"", ""source_file"": ""clarksons_2026_Weekly-Sales-11th-Sep-2026-.pdf"", ""raw_built"": ""2011 KAWASAKI HI SAKAIDE"", ""raw_details"": ""B. & W. 6S50MC-C7.1 CR: 4 X 30.5 T"", ""printed_date"": ""11 Sep 2026""}"
2026-09-11,2026-09-11,Tanker Sales,2,NISSOS HERACLEA,VLCC,"313,525",2009,HD HYUNDAI HI (HHI),USD 112 M,MIDDLE EASTERN,SS 05/29 DD 11/27,B. & W. 6S90MC-C,"{""stem"": ""clarksons_2026_Weekly-Sales-11th-Sep-2026-"", ""source_file"": ""clarksons_2026_Weekly-Sales-11th-Sep-2026-.pdf"", ""raw_built"": ""2009 HD HYUNDAI HI (HHI)"", ""raw_details"": ""B. & W. 6S90MC-C"", ""printed_date"": ""11 Sep 2026""}"
2026-09-11,2026-09-11,Tanker Sales,2,GRAN COUVA,MR,"47,128",2008,HD HYUNDAI MIPO,USD 19.25 M,U/D,SS 10/28 DD 11/26,B. & W. 6S50MC-C8.1,"{""stem"": ""clarksons_2026_Weekly-Sales-11th-Sep-2026-"", ""source_file"": ""clarksons_2026_Weekly-Sales-11th-Sep-2026-.pdf"", ""raw_built"": ""2008 HD HYUNDAI MIPO"", ""raw_details"": ""B. & W. 6S50MC-C8.1"", ""printed_date"": ""11 Sep 2026""}"
2026-08-14,2026-08-14,Bulker Sales,3,MEDI POSITANO,Kamsarmax,"81,788",2015,TSUNEISHI ZOSEN,ARD USD 32 M,GREEKS,SS 08/30 DD 10/28,B&W 6S60ME-C8.2,"{""stem"": ""clarksons_2026_Weekly-Sales-14th-Aug-2026"", ""source_file"": ""clarksons_2026_Weekly-Sales-14th-Aug-2026.pdf"", ""raw_built"": ""2015 TSUNEISHI ZOSEN"", ""raw_details"": ""B&W 6S60ME-C8.2"", ""printed_date"": ""14 Aug 2026""}"
2026-08-14,2026-08-14,Bulker Sales,3,PRESINGE,Kamsarmax,"81,886",2015,TSUNEISHI ZHOUSHAN,USD 29.25 M,INDIAN,SS 10/30 DD 02/29,B&W 6S60ME-C8.2,"{""stem"": ""clarksons_2026_Weekly-Sales-14th-Aug-2026"", ""source_file"": ""clarksons_2026_Weekly-Sales-14th-Aug-2026.pdf"", ""raw_built"": ""2015 TSUNEISHI ZHOUSHAN"", ""raw_details"": ""B&W 6S60ME-C8.2"", ""printed_date"": ""14 Aug 2026""}"
2026-08-14,2026-08-14,Bulker Sales,3,BBG WUZHOU,Kamsarmax,"81,895",2016,TSUNEISHI ZHOUSHAN,XS USD 29 M,U/D,SS 10/26 DD 10/26,B&W 6S60ME-C8.2,"{""stem"": ""clarksons_2026_Weekly-Sales-14th-Aug-2026"", ""source_file"": ""clarksons_2026_Weekly-Sales-14th-Aug-2026.pdf"", ""raw_built"": ""2016 TSUNEISHI ZHOUSHAN"", ""raw_details"": ""B&W 6S60ME-C8.2"", ""printed_date"": ""14 Aug 2026""}"
2026-08-14,2026-08-14,Bulker Sales,3,ROYAL HOPE,Kamsarmax,"81,001",2015,JMU TSU,ARD USD 31 M,U/D,SS 05/30 DD 05/28,B&W 6S60ME-C8.2,"{""stem"": ""clarksons_2026_Weekly-Sales-14th-Aug-2026"", ""source_file"": ""clarksons_2026_Weekly-Sales-14th-Aug-2026.pdf"", ""raw_built"": ""2015 JMU TSU"", ""raw_details"": ""B&W 6S60ME-C8.2"", ""printed_date"": ""14 Aug 2026""}"
2026-08-14,2026-08-14,Bulker Sales,3,GLOBAL ORIOLE,Supramax,"58,695",2012,NACKS,USD 19.5 M,CHINESE,SS 04/27 DD 04/27,B&W 6S50MC-C8.2 C: 4X31T,"{""stem"": ""clarksons_2026_Weekly-Sales-14th-Aug-2026"", ""source_file"": ""clarksons_2026_Weekly-Sales-14th-Aug-2026.pdf"", ""raw_built"": ""2012 NACKS"", ""raw_details"": ""B&W 6S50MC-C8.2 C: 4X31T"", ""printed_date"": ""14 Aug 2026""}"
2026-08-14,2026-08-14,Bulker Sales,3,GLORY BRIDGE,Supramax,"50,077",2001,MITSUI CHIBA,USD 7.5 M,CHINESE,SS 07/31 DD 06/29,B&W 6S50MC-C C: 4X30T,"{""stem"": ""clarksons_2026_Weekly-Sales-14th-Aug-2026"", ""source_file"": ""clarksons_2026_Weekly-Sales-14th-Aug-2026.pdf"", ""raw_built"": ""2001 MITSUI CHIBA"", ""raw_details"": ""B&W 6S50MC-C C: 4X30T"", ""printed_date"": ""14 Aug 2026""}"
2026-08-14,2026-08-14,Tanker Sales,3,BRISTOL,Suezmax,"157,077",2024,HD HYUNDAI SAMHO,U/D,U/D,SS 02/29 DD 02/27,B&W 6G70ME-C10.5 SCRUBBER,"{""stem"": ""clarksons_2026_Weekly-Sales-14th-Aug-2026"", ""source_file"": ""clarksons_2026_Weekly-Sales-14th-Aug-2026.pdf"", ""raw_built"": ""2024 HD HYUNDAI SAMHO"", ""raw_details"": ""B&W 6G70ME-C10.5 SCRUBBER"", ""printed_date"": ""14 Aug 2026""}"
2026-08-14,2026-08-14,Tanker Sales,3,ON PROMISE,MR,"50,100",2026,HD HYUNDAI MIPO,VERY HIGH USD 50 M's,U/D,-,B&W 6G50ME-C10.7,"{""stem"": ""clarksons_2026_Weekly-Sales-14th-Aug-2026"", ""source_file"": ""clarksons_2026_Weekly-Sales-14th-Aug-2026.pdf"", ""raw_built"": ""2026 HD HYUNDAI MIPO"", ""raw_details"": ""B&W 6G50ME-C10.7"", ""printed_date"": ""14 Aug 2026""}"
2026-08-14,2026-08-14,Tanker Sales,3,ON PROSPER,MR,"50,100",2026,HD HYUNDAI MIPO,VERY HIGH USD 50 M's,U/D,-,B&W 6G50ME-C10.7,"{""stem"": ""clarksons_2026_Weekly-Sales-14th-Aug-2026"", ""source_file"": ""clarksons_2026_Weekly-Sales-14th-Aug-2026.pdf"", ""raw_built"": ""2026 HD HYUNDAI MIPO"", ""raw_details"": ""B&W 6G50ME-C10.7"", ""printed_date"": ""14 Aug 2026""}"
2026-08-21,2026-08-21,Bulker Sales,3,AMARYLLIS,Ultramax,"63,301",2013,SINOPACIFIC DAYANG,RGN USD 24 M,CHINESE,SS 08/28 DD 08/28,B&W 5S60ME-C8.2 CR:4X36T,"{""stem"": ""clarksons_2026_Weekly-Sales-21st-Aug-2026"", ""source_file"": ""clarksons_2026_Weekly-Sales-21st-Aug-2026.pdf"", ""raw_built"": ""2013 SINOPACIFIC DAYANG"", ""raw_details"": ""B&W 5S60ME-C8.2 CR:4X36T"", ""printed_date"": ""21 Aug 2026""}"
2026-08-21,2026-08-21,Bulker Sales,3,MARIANNA,Supramax,"55,753",2010,I.H.I. (YOKOHAMA),RGN USD 17 M,U/D,SS 03/30 DD 03/28,WARTSILA 6RT-FLEX50-B CR: 4X30T,"{""stem"": ""clarksons_2026_Weekly-Sales-21st-Aug-2026"", ""source_file"": ""clarksons_2026_Weekly-Sales-21st-Aug-2026.pdf"", ""raw_built"": ""2010 I.H.I. (YOKOHAMA)"", ""raw_details"": ""WARTSILA 6RT-FLEX50-B CR: 4X30T"", ""printed_date"": ""21 Aug 2026""}"
2026-08-21,2026-08-21,Bulker Sales,3,LILA MUNDRA,Supramax,"57,269",2009,STX DALIAN,USD 12.5 M,U/D,SS 05/29 DD 07/27,B&W 6S50MC-C7.1 CR: 4X30T,"{""stem"": ""clarksons_2026_Weekly-Sales-21st-Aug-2026"", ""source_file"": ""clarksons_2026_Weekly-Sales-21st-Aug-2026.pdf"", ""raw_built"": ""2009 STX DALIAN"", ""raw_details"": ""B&W 6S50MC-C7.1 CR: 4X30T"", ""printed_date"": ""21 Aug 2026""}"
2026-09-25,2026-09-25,Tanker Sales,2,SPEEDWAY,Suezmax,"158,594",2017,HYUNDAI SAMHO,USD 99 M,U/D,SS 01/27 DD 01/27,B. & W. 6G70ME-C9.2,"{""stem"": ""clarksons_2026_Weekly-Sales-25th-Sept-2026"", ""source_file"": ""clarksons_2026_Weekly-Sales-25th-Sept-2026.pdf"", ""raw_built"": ""2017 HYUNDAI SAMHO"", ""raw_details"": ""B. & W. 6G70ME-C9.2"", ""printed_date"": ""25 Sept 2026""}"
2026-09-25,2026-09-25,Tanker Sales,2,EUROINTEGRITY,Suezmax,"105,291",2009,HHI,USD 60 M,U/D,SS 02/29 DD 03/27,B. & W. 6S60MC-C7.2,"{""stem"": ""clarksons_2026_Weekly-Sales-25th-Sept-2026"", ""source_file"": ""clarksons_2026_Weekly-Sales-25th-Sept-2026.pdf"", ""raw_built"": ""2009 HHI"", ""raw_details"": ""B. & W. 6S60MC-C7.2"", ""printed_date"": ""25 Sept 2026""}"
2026-08-28,2026-08-28,Bulker Sales,2,HARVEST,Supramax,"58,779",2008,TSUNEISHI (ZHOUSHAN),USD 13.8 M,CHINESE,SS 02/28 DD 02/28,B&W 6S50MC-C8.1 SCRUBBER FITTED CR:4X30T (GRAB FITTED),"{""stem"": ""clarksons_2026_Weekly-Sales-28th-Aug-2026"", ""source_file"": ""clarksons_2026_Weekly-Sales-28th-Aug-2026.pdf"", ""raw_built"": ""2008 TSUNEISHI (ZHOUSHAN)"", ""raw_details"": ""B&W 6S50MC-C8.1 SCRUBBER FITTED CR:4X30T (GRAB FITTED)"", ""printed_date"": ""28 Aug 2026""}"
2026-08-28,2026-08-28,Tanker Sales,2,CAPE BENAT,Capesize,"156,719",2010,JIANGSU RONGSHENG,USD 62.5 M,C/O LILA GLOBAL,SS 03/30 DD 04/28,B&W 6S70MC-C7.2 SCRUBBER FITTED,"{""stem"": ""clarksons_2026_Weekly-Sales-28th-Aug-2026"", ""source_file"": ""clarksons_2026_Weekly-Sales-28th-Aug-2026.pdf"", ""raw_built"": ""2010 JIANGSU RONGSHENG"", ""raw_details"": ""B&W 6S70MC-C7.2 SCRUBBER FITTED"", ""printed_date"": ""28 Aug 2026""}"
2026-08-07,2026-08-07,Bulker Sales,2,ORANGE TIGER,Capesize,"181,399",2011,IMABARI SAIJO,HIGH USD 30m's,U/D,DD 09/28,B. & W. 6S70MC- C7.2,"{""stem"": ""clarksons_2026_Weekly-Sales-7th-August-2026"", ""source_file"": ""clarksons_2026_Weekly-Sales-7th-August-2026.pdf"", ""raw_built"": ""2011 IMABARI SAIJO"", ""raw_details"": ""B. & W. 6S70MC- C7.2"", ""printed_date"": ""7 August 2026""}"
2026-08-07,2026-08-07,Bulker Sales,2,VELOS JASPER,Kamsarmax,"82,030",2012,TSUNEISHI TADOTSU,USD 23.5 M,U/D,SS/DD 11/2026,B. & W. 6S60MC- C7.2,"{""stem"": ""clarksons_2026_Weekly-Sales-7th-August-2026"", ""source_file"": ""clarksons_2026_Weekly-Sales-7th-August-2026.pdf"", ""raw_built"": ""2012 TSUNEISHI TADOTSU"", ""raw_details"": ""B. & W. 6S60MC- C7.2"", ""printed_date"": ""7 August 2026""}"
2026-08-07,2026-08-07,Tanker Sales,2,RONG FU,Handysize,"28,419",1999,IMABARI SB,USD 4.8 M,CHINESE,SS 08/2029 DD10/2027,B. & W. 6S42MC6 CR 4 X30,"{""stem"": ""clarksons_2026_Weekly-Sales-7th-August-2026"", ""source_file"": ""clarksons_2026_Weekly-Sales-7th-August-2026.pdf"", ""raw_built"": ""1999 IMABARI SB"", ""raw_details"": ""B. & W. 6S42MC6 CR 4 X30"", ""printed_date"": ""7 August 2026""}"
