issue_date,report_week,port,grade,change_wow,price_current,price_prev,price_last_month,source_file
2021-07-02,26,Fujairah,VLSFO,6.0,546.0,540.0,519.0,corpus/01-brokers/gibson/2021/gibson_2021_2021-02-07-Oil-production-its-a-game-of-two-halves.pdf
2021-07-02,26,Rotterdam,LSMGO,4.0,595.0,591.0,568.0,corpus/01-brokers/gibson/2021/gibson_2021_2021-02-07-Oil-production-its-a-game-of-two-halves.pdf
2021-07-02,26,Rotterdam,VLSFO,12.0,533.0,521.0,505.0,corpus/01-brokers/gibson/2021/gibson_2021_2021-02-07-Oil-production-its-a-game-of-two-halves.pdf
2021-07-02,26,Singapore,VLSFO,6.0,547.0,541.0,521.0,corpus/01-brokers/gibson/2021/gibson_2021_2021-02-07-Oil-production-its-a-game-of-two-halves.pdf
2021-07-09,27,Fujairah,VLSFO,-9.0,537.0,546.0,523.0,corpus/01-brokers/gibson/2021/gibson_2021_2021-07-09-Halfway-There.pdf
2021-07-09,27,Rotterdam,LSMGO,-20.0,575.0,595.0,574.0,corpus/01-brokers/gibson/2021/gibson_2021_2021-07-09-Halfway-There.pdf
2021-07-09,27,Rotterdam,VLSFO,-12.0,521.0,533.0,507.0,corpus/01-brokers/gibson/2021/gibson_2021_2021-07-09-Halfway-There.pdf
2021-07-09,27,Singapore,VLSFO,-16.0,531.0,547.0,528.0,corpus/01-brokers/gibson/2021/gibson_2021_2021-07-09-Halfway-There.pdf
2021-07-16,28,Fujairah,VLSFO,4.0,541.0,537.0,529.0,corpus/01-brokers/gibson/2021/gibson_2021_2021-07-16-Why-VLCCs-are-so-weak.pdf
2021-07-16,28,Rotterdam,LSMGO,16.0,591.0,575.0,581.0,corpus/01-brokers/gibson/2021/gibson_2021_2021-07-16-Why-VLCCs-are-so-weak.pdf
2021-07-16,28,Rotterdam,VLSFO,7.0,528.0,521.0,513.0,corpus/01-brokers/gibson/2021/gibson_2021_2021-07-16-Why-VLCCs-are-so-weak.pdf
2021-07-16,28,Singapore,VLSFO,18.0,549.0,531.0,533.0,corpus/01-brokers/gibson/2021/gibson_2021_2021-07-16-Why-VLCCs-are-so-weak.pdf
2021-07-23,29,Fujairah,VLSFO,-21.0,520.0,541.0,540.0,corpus/01-brokers/gibson/2021/gibson_2021_2021-07-23-OPEC-Agreement.pdf
2021-07-23,29,Rotterdam,LSMGO,-18.0,573.0,591.0,591.0,corpus/01-brokers/gibson/2021/gibson_2021_2021-07-23-OPEC-Agreement.pdf
2021-07-23,29,Rotterdam,VLSFO,-18.0,510.0,528.0,521.0,corpus/01-brokers/gibson/2021/gibson_2021_2021-07-23-OPEC-Agreement.pdf
2021-07-23,29,Singapore,VLSFO,-10.0,539.0,549.0,541.0,corpus/01-brokers/gibson/2021/gibson_2021_2021-07-23-OPEC-Agreement.pdf
2021-07-30,30,Fujairah,VLSFO,16.0,536.0,520.0,546.0,corpus/01-brokers/gibson/2021/gibson_2021_2021-07-30-Chinese-Crackdown.pdf
2021-07-30,30,Rotterdam,LSMGO,16.0,589.0,573.0,595.0,corpus/01-brokers/gibson/2021/gibson_2021_2021-07-30-Chinese-Crackdown.pdf
2021-07-30,30,Rotterdam,VLSFO,14.0,524.0,510.0,533.0,corpus/01-brokers/gibson/2021/gibson_2021_2021-07-30-Chinese-Crackdown.pdf
2021-07-30,30,Singapore,VLSFO,6.0,545.0,539.0,547.0,corpus/01-brokers/gibson/2021/gibson_2021_2021-07-30-Chinese-Crackdown.pdf
2021-08-06,31,Fujairah,VLSFO,-5.0,531.0,536.0,537.0,corpus/01-brokers/gibson/2021/gibson_2021_2021-08-06-Inflationary-Pressure.pdf
2021-08-06,31,Rotterdam,LSMGO,-25.0,564.0,589.0,575.0,corpus/01-brokers/gibson/2021/gibson_2021_2021-08-06-Inflationary-Pressure.pdf
2021-08-06,31,Rotterdam,VLSFO,-23.0,501.0,524.0,521.0,corpus/01-brokers/gibson/2021/gibson_2021_2021-08-06-Inflationary-Pressure.pdf
2021-08-06,31,Singapore,VLSFO,-24.0,521.0,545.0,531.0,corpus/01-brokers/gibson/2021/gibson_2021_2021-08-06-Inflationary-Pressure.pdf
2021-08-13,32,Fujairah,VLSFO,-11.0,520.0,531.0,541.0,corpus/01-brokers/gibson/2021/gibson_2021_2021-08-13-Bunkers-up-WS100-will-follow.pdf
2021-08-13,32,Rotterdam,LSMGO,-1.0,563.0,564.0,591.0,corpus/01-brokers/gibson/2021/gibson_2021_2021-08-13-Bunkers-up-WS100-will-follow.pdf
2021-08-13,32,Rotterdam,VLSFO,-5.0,496.0,501.0,528.0,corpus/01-brokers/gibson/2021/gibson_2021_2021-08-13-Bunkers-up-WS100-will-follow.pdf
2021-08-13,32,Singapore,VLSFO,5.0,526.0,521.0,549.0,corpus/01-brokers/gibson/2021/gibson_2021_2021-08-13-Bunkers-up-WS100-will-follow.pdf
2021-08-20,33,Fujairah,VLSFO,-24.0,496.0,520.0,520.0,corpus/01-brokers/gibson/2021/gibson_2021_2021-08-20-Regulatory-Nightmare.pdf
2021-08-20,33,Rotterdam,LSMGO,-32.0,531.0,563.0,573.0,corpus/01-brokers/gibson/2021/gibson_2021_2021-08-20-Regulatory-Nightmare.pdf
2021-08-20,33,Rotterdam,VLSFO,-25.0,471.0,496.0,510.0,corpus/01-brokers/gibson/2021/gibson_2021_2021-08-20-Regulatory-Nightmare.pdf
2021-08-20,33,Singapore,VLSFO,-33.0,493.0,526.0,539.0,corpus/01-brokers/gibson/2021/gibson_2021_2021-08-20-Regulatory-Nightmare.pdf
2021-08-27,34,Fujairah,VLSFO,22.0,518.0,496.0,536.0,corpus/01-brokers/gibson/2021/gibson_2021_2021-08-27-What-a-scrap.pdf
2021-08-27,34,Rotterdam,LSMGO,32.0,563.0,531.0,589.0,corpus/01-brokers/gibson/2021/gibson_2021_2021-08-27-What-a-scrap.pdf
2021-08-27,34,Rotterdam,VLSFO,26.0,497.0,471.0,524.0,corpus/01-brokers/gibson/2021/gibson_2021_2021-08-27-What-a-scrap.pdf
2021-08-27,34,Singapore,VLSFO,32.0,525.0,493.0,545.0,corpus/01-brokers/gibson/2021/gibson_2021_2021-08-27-What-a-scrap.pdf
2021-09-03,35,Fujairah,VLSFO,9.0,527.0,518.0,531.0,corpus/01-brokers/gibson/2021/gibson_2021_2021-09-03-Storms-on-the-Horizon.pdf
2021-09-03,35,Rotterdam,LSMGO,17.0,580.0,563.0,564.0,corpus/01-brokers/gibson/2021/gibson_2021_2021-09-03-Storms-on-the-Horizon.pdf
2021-09-03,35,Rotterdam,VLSFO,12.0,509.0,497.0,501.0,corpus/01-brokers/gibson/2021/gibson_2021_2021-09-03-Storms-on-the-Horizon.pdf
2021-09-03,35,Singapore,VLSFO,11.0,536.0,525.0,521.0,corpus/01-brokers/gibson/2021/gibson_2021_2021-09-03-Storms-on-the-Horizon.pdf
2021-09-10,36,Fujairah,VLSFO,8.0,535.0,527.0,520.0,corpus/01-brokers/gibson/2021/gibson_2021_2021-09-10-Tanker-Shopping.pdf
2021-09-10,36,Rotterdam,LSMGO,-4.0,576.0,580.0,563.0,corpus/01-brokers/gibson/2021/gibson_2021_2021-09-10-Tanker-Shopping.pdf
2021-09-10,36,Rotterdam,VLSFO,0.0,509.0,509.0,496.0,corpus/01-brokers/gibson/2021/gibson_2021_2021-09-10-Tanker-Shopping.pdf
2021-09-10,36,Singapore,VLSFO,4.0,540.0,536.0,526.0,corpus/01-brokers/gibson/2021/gibson_2021_2021-09-10-Tanker-Shopping.pdf
2021-09-17,37,Fujairah,VLSFO,10.0,545.0,535.0,496.0,corpus/01-brokers/gibson/2021/gibson_2021_2021-09-17-Dangote-ready-to-go.pdf
2021-09-17,37,Rotterdam,LSMGO,18.0,594.0,576.0,531.0,corpus/01-brokers/gibson/2021/gibson_2021_2021-09-17-Dangote-ready-to-go.pdf
2021-09-17,37,Rotterdam,VLSFO,17.0,526.0,509.0,471.0,corpus/01-brokers/gibson/2021/gibson_2021_2021-09-17-Dangote-ready-to-go.pdf
2021-09-17,37,Singapore,VLSFO,20.0,560.0,540.0,493.0,corpus/01-brokers/gibson/2021/gibson_2021_2021-09-17-Dangote-ready-to-go.pdf
2021-09-24,38,Fujairah,VLSFO,6.0,551.0,545.0,518.0,corpus/01-brokers/gibson/2021/gibson_2021_2021-09-24-Price-Pain.pdf
2021-09-24,38,Rotterdam,LSMGO,17.0,611.0,594.0,563.0,corpus/01-brokers/gibson/2021/gibson_2021_2021-09-24-Price-Pain.pdf
2021-09-24,38,Rotterdam,VLSFO,10.0,536.0,526.0,497.0,corpus/01-brokers/gibson/2021/gibson_2021_2021-09-24-Price-Pain.pdf
2021-09-24,38,Singapore,VLSFO,0.0,560.0,560.0,525.0,corpus/01-brokers/gibson/2021/gibson_2021_2021-09-24-Price-Pain.pdf
2021-10-01,39,Fujairah,VLSFO,10.0,561.0,551.0,527.0,corpus/01-brokers/gibson/2021/gibson_2021_2021-10-01-From-Russia-With-Love.pdf
2021-10-01,39,Rotterdam,LSMGO,29.0,640.0,611.0,580.0,corpus/01-brokers/gibson/2021/gibson_2021_2021-10-01-From-Russia-With-Love.pdf
2021-10-01,39,Rotterdam,VLSFO,9.0,545.0,536.0,509.0,corpus/01-brokers/gibson/2021/gibson_2021_2021-10-01-From-Russia-With-Love.pdf
2021-10-01,39,Singapore,VLSFO,8.0,568.0,560.0,536.0,corpus/01-brokers/gibson/2021/gibson_2021_2021-10-01-From-Russia-With-Love.pdf
2021-10-08,40,Fujairah,VLSFO,22.0,583.0,561.0,535.0,corpus/01-brokers/gibson/2021/gibson_2021_2021-10-08-Self-Imposed-Discipline.pdf
2021-10-08,40,Rotterdam,LSMGO,29.0,669.0,640.0,576.0,corpus/01-brokers/gibson/2021/gibson_2021_2021-10-08-Self-Imposed-Discipline.pdf
2021-10-08,40,Rotterdam,VLSFO,14.0,559.0,545.0,509.0,corpus/01-brokers/gibson/2021/gibson_2021_2021-10-08-Self-Imposed-Discipline.pdf
2021-10-08,40,Singapore,VLSFO,8.0,576.0,568.0,540.0,corpus/01-brokers/gibson/2021/gibson_2021_2021-10-08-Self-Imposed-Discipline.pdf
2021-10-15,41,Fujairah,VLSFO,20.0,603.0,583.0,545.0,corpus/01-brokers/gibson/2021/gibson_2021_2021-10-15-Time-for-transition.pdf
2021-10-15,41,Rotterdam,LSMGO,27.0,696.0,669.0,594.0,corpus/01-brokers/gibson/2021/gibson_2021_2021-10-15-Time-for-transition.pdf
2021-10-15,41,Rotterdam,VLSFO,30.0,589.0,559.0,526.0,corpus/01-brokers/gibson/2021/gibson_2021_2021-10-15-Time-for-transition.pdf
2021-10-15,41,Singapore,VLSFO,45.0,621.0,576.0,560.0,corpus/01-brokers/gibson/2021/gibson_2021_2021-10-15-Time-for-transition.pdf
2021-10-22,42,Fujairah,VLSFO,28.0,631.0,603.0,551.0,corpus/01-brokers/gibson/2021/gibson_2021_2021-10-22-All-Eyes-on-Glasgow.pdf
2021-10-22,42,Rotterdam,LSMGO,0.0,696.0,696.0,611.0,corpus/01-brokers/gibson/2021/gibson_2021_2021-10-22-All-Eyes-on-Glasgow.pdf
2021-10-22,42,Rotterdam,VLSFO,16.0,605.0,589.0,536.0,corpus/01-brokers/gibson/2021/gibson_2021_2021-10-22-All-Eyes-on-Glasgow.pdf
2021-10-22,42,Singapore,VLSFO,2.0,623.0,621.0,560.0,corpus/01-brokers/gibson/2021/gibson_2021_2021-10-22-All-Eyes-on-Glasgow.pdf
2021-10-29,43,Fujairah,VLSFO,-7.0,624.0,631.0,561.0,corpus/01-brokers/gibson/2021/gibson_2021_2021-10-29-Patagonian-Opportunity.pdf
2021-10-29,43,Rotterdam,LSMGO,2.0,698.0,696.0,640.0,corpus/01-brokers/gibson/2021/gibson_2021_2021-10-29-Patagonian-Opportunity.pdf
2021-10-29,43,Rotterdam,VLSFO,-14.0,591.0,605.0,545.0,corpus/01-brokers/gibson/2021/gibson_2021_2021-10-29-Patagonian-Opportunity.pdf
2021-10-29,43,Singapore,VLSFO,-10.0,613.0,623.0,568.0,corpus/01-brokers/gibson/2021/gibson_2021_2021-10-29-Patagonian-Opportunity.pdf
2021-11-05,44,Fujairah,VLSFO,1.0,625.0,624.0,583.0,corpus/01-brokers/gibson/2021/gibson_2021_2021-11-05-Peaking-Duck.pdf
2021-11-05,44,Rotterdam,LSMGO,-23.0,675.0,698.0,669.0,corpus/01-brokers/gibson/2021/gibson_2021_2021-11-05-Peaking-Duck.pdf
2021-11-05,44,Rotterdam,VLSFO,-17.0,574.0,591.0,559.0,corpus/01-brokers/gibson/2021/gibson_2021_2021-11-05-Peaking-Duck.pdf
2021-11-05,44,Singapore,VLSFO,5.0,618.0,613.0,576.0,corpus/01-brokers/gibson/2021/gibson_2021_2021-11-05-Peaking-Duck.pdf
2021-11-12,45,Fujairah,VLSFO,9.0,634.0,625.0,603.0,corpus/01-brokers/gibson/2021/gibson_2021_2021-11-12-You-want-us-to-do-what-Joe.pdf
2021-11-12,45,Rotterdam,LSMGO,3.0,678.0,675.0,696.0,corpus/01-brokers/gibson/2021/gibson_2021_2021-11-12-You-want-us-to-do-what-Joe.pdf
2021-11-12,45,Rotterdam,VLSFO,1.0,575.0,574.0,589.0,corpus/01-brokers/gibson/2021/gibson_2021_2021-11-12-You-want-us-to-do-what-Joe.pdf
2021-11-12,45,Singapore,VLSFO,11.0,629.0,618.0,621.0,corpus/01-brokers/gibson/2021/gibson_2021_2021-11-12-You-want-us-to-do-what-Joe.pdf
2021-11-19,46,Fujairah,VLSFO,-21.0,613.0,634.0,631.0,corpus/01-brokers/gibson/2021/gibson_2021_2021-11-19-COP26-Key-Takeaways.pdf
2021-11-19,46,Rotterdam,LSMGO,-22.0,656.0,678.0,696.0,corpus/01-brokers/gibson/2021/gibson_2021_2021-11-19-COP26-Key-Takeaways.pdf
2021-11-19,46,Rotterdam,VLSFO,-15.0,560.0,575.0,605.0,corpus/01-brokers/gibson/2021/gibson_2021_2021-11-19-COP26-Key-Takeaways.pdf
2021-11-19,46,Singapore,VLSFO,-18.0,611.0,629.0,623.0,corpus/01-brokers/gibson/2021/gibson_2021_2021-11-19-COP26-Key-Takeaways.pdf
2021-11-26,47,Fujairah,VLSFO,16.0,629.0,613.0,624.0,corpus/01-brokers/gibson/2021/gibson_2021_2021-11-26-Round-4.pdf
2021-11-26,47,Rotterdam,LSMGO,1.0,657.0,656.0,698.0,corpus/01-brokers/gibson/2021/gibson_2021_2021-11-26-Round-4.pdf
2021-11-26,47,Rotterdam,VLSFO,11.0,571.0,560.0,591.0,corpus/01-brokers/gibson/2021/gibson_2021_2021-11-26-Round-4.pdf
2021-11-26,47,Singapore,VLSFO,23.0,634.0,611.0,613.0,corpus/01-brokers/gibson/2021/gibson_2021_2021-11-26-Round-4.pdf
2021-12-03,48,Fujairah,VLSFO,-48.0,581.0,629.0,625.0,corpus/01-brokers/gibson/2021/gibson_2021_2021-12-03-South-of-the-Border.pdf
2021-12-03,48,Rotterdam,LSMGO,-78.0,579.0,657.0,675.0,corpus/01-brokers/gibson/2021/gibson_2021_2021-12-03-South-of-the-Border.pdf
2021-12-03,48,Rotterdam,VLSFO,-48.0,523.0,571.0,574.0,corpus/01-brokers/gibson/2021/gibson_2021_2021-12-03-South-of-the-Border.pdf
2021-12-03,48,Singapore,VLSFO,-36.0,598.0,634.0,618.0,corpus/01-brokers/gibson/2021/gibson_2021_2021-12-03-South-of-the-Border.pdf
2021-12-10,49,Fujairah,VLSFO,14.0,595.0,581.0,634.0,corpus/01-brokers/gibson/2021/gibson_2021_2021-12-10-The-Shape-of-Things-to-Come.pdf
2021-12-10,49,Rotterdam,LSMGO,36.0,615.0,579.0,678.0,corpus/01-brokers/gibson/2021/gibson_2021_2021-12-10-The-Shape-of-Things-to-Come.pdf
2021-12-10,49,Rotterdam,VLSFO,17.0,540.0,523.0,575.0,corpus/01-brokers/gibson/2021/gibson_2021_2021-12-10-The-Shape-of-Things-to-Come.pdf
2021-12-10,49,Singapore,VLSFO,2.0,600.0,598.0,629.0,corpus/01-brokers/gibson/2021/gibson_2021_2021-12-10-The-Shape-of-Things-to-Come.pdf
2021-12-17,50,Fujairah,VLSFO,-4.0,591.0,595.0,613.0,corpus/01-brokers/gibson/2021/gibson_2021_2021-12-17-A-Year-to-Forget.pdf
2021-12-17,50,Rotterdam,LSMGO,6.0,621.0,615.0,656.0,corpus/01-brokers/gibson/2021/gibson_2021_2021-12-17-A-Year-to-Forget.pdf
2021-12-17,50,Rotterdam,VLSFO,-3.0,537.0,540.0,560.0,corpus/01-brokers/gibson/2021/gibson_2021_2021-12-17-A-Year-to-Forget.pdf
2021-12-17,50,Singapore,VLSFO,3.0,603.0,600.0,611.0,corpus/01-brokers/gibson/2021/gibson_2021_2021-12-17-A-Year-to-Forget.pdf
2022-01-07,1,Fujairah,VLSFO,2.0,623.0,621.0,595.0,corpus/01-brokers/gibson/2022/gibson_2022_2022-01-07-Sticking-to-the-Plan.pdf
2022-01-07,1,Rotterdam,LSMGO,15.0,698.0,683.0,615.0,corpus/01-brokers/gibson/2022/gibson_2022_2022-01-07-Sticking-to-the-Plan.pdf
2022-01-07,1,Rotterdam,VLSFO,12.0,573.0,561.0,540.0,corpus/01-brokers/gibson/2022/gibson_2022_2022-01-07-Sticking-to-the-Plan.pdf
2022-01-07,1,Singapore,VLSFO,3.0,634.0,631.0,600.0,corpus/01-brokers/gibson/2022/gibson_2022_2022-01-07-Sticking-to-the-Plan.pdf
2022-01-14,2,Fujairah,VLSFO,41.0,664.0,623.0,591.0,corpus/01-brokers/gibson/2022/gibson_2022_2022-01-14-Tanker-Super-Cycle.pdf
2022-01-14,2,Rotterdam,LSMGO,33.0,731.0,698.0,621.0,corpus/01-brokers/gibson/2022/gibson_2022_2022-01-14-Tanker-Super-Cycle.pdf
2022-01-14,2,Rotterdam,VLSFO,33.0,606.0,573.0,537.0,corpus/01-brokers/gibson/2022/gibson_2022_2022-01-14-Tanker-Super-Cycle.pdf
2022-01-14,2,Singapore,VLSFO,42.0,676.0,634.0,603.0,corpus/01-brokers/gibson/2022/gibson_2022_2022-01-14-Tanker-Super-Cycle.pdf
2022-01-21,3,Fujairah,VLSFO,24.0,688.0,664.0,589.0,corpus/01-brokers/gibson/2022/gibson_2022_2022-01-21-Conventional-or-Dual-Fuel.pdf
2022-01-21,3,Rotterdam,LSMGO,32.0,763.0,731.0,623.0,corpus/01-brokers/gibson/2022/gibson_2022_2022-01-21-Conventional-or-Dual-Fuel.pdf
2022-01-21,3,Rotterdam,VLSFO,40.0,646.0,606.0,532.0,corpus/01-brokers/gibson/2022/gibson_2022_2022-01-21-Conventional-or-Dual-Fuel.pdf
2022-01-21,3,Singapore,VLSFO,14.0,690.0,676.0,601.0,corpus/01-brokers/gibson/2022/gibson_2022_2022-01-21-Conventional-or-Dual-Fuel.pdf
2022-01-28,4,Fujairah,VLSFO,-9.0,679.0,688.0,621.0,corpus/01-brokers/gibson/2022/gibson_2022_2022-01-28-The-Year-of-the-Tiger.pdf
2022-01-28,4,Rotterdam,LSMGO,20.0,783.0,763.0,683.0,corpus/01-brokers/gibson/2022/gibson_2022_2022-01-28-The-Year-of-the-Tiger.pdf
2022-01-28,4,Rotterdam,VLSFO,3.0,649.0,646.0,561.0,corpus/01-brokers/gibson/2022/gibson_2022_2022-01-28-The-Year-of-the-Tiger.pdf
2022-01-28,4,Singapore,VLSFO,-11.0,679.0,690.0,631.0,corpus/01-brokers/gibson/2022/gibson_2022_2022-01-28-The-Year-of-the-Tiger.pdf
2022-02-04,5,Fujairah,VLSFO,26.0,705.0,679.0,623.0,corpus/01-brokers/gibson/2022/gibson_2022_2022-02-04-Supply-Upside.pdf
2022-02-04,5,Rotterdam,LSMGO,12.0,795.0,783.0,698.0,corpus/01-brokers/gibson/2022/gibson_2022_2022-02-04-Supply-Upside.pdf
2022-02-04,5,Rotterdam,VLSFO,19.0,668.0,649.0,573.0,corpus/01-brokers/gibson/2022/gibson_2022_2022-02-04-Supply-Upside.pdf
2022-02-04,5,Singapore,VLSFO,36.0,715.0,679.0,634.0,corpus/01-brokers/gibson/2022/gibson_2022_2022-02-04-Supply-Upside.pdf
2022-02-11,6,Fujairah,VLSFO,23.0,728.0,705.0,664.0,corpus/01-brokers/gibson/2022/gibson_2022_2022-02-11-Mexican-Revamp.pdf
2022-02-11,6,Rotterdam,LSMGO,14.0,809.0,795.0,731.0,corpus/01-brokers/gibson/2022/gibson_2022_2022-02-11-Mexican-Revamp.pdf
2022-02-11,6,Rotterdam,VLSFO,1.0,669.0,668.0,606.0,corpus/01-brokers/gibson/2022/gibson_2022_2022-02-11-Mexican-Revamp.pdf
2022-02-11,6,Singapore,VLSFO,15.0,730.0,715.0,676.0,corpus/01-brokers/gibson/2022/gibson_2022_2022-02-11-Mexican-Revamp.pdf
2022-02-18,7,Fujairah,VLSFO,28.0,756.0,728.0,688.0,corpus/01-brokers/gibson/2022/gibson_2022_2022-02-18-Libyan-Limbo.pdf
2022-02-18,7,Rotterdam,LSMGO,1.0,810.0,809.0,763.0,corpus/01-brokers/gibson/2022/gibson_2022_2022-02-18-Libyan-Limbo.pdf
2022-02-18,7,Rotterdam,VLSFO,11.0,680.0,669.0,646.0,corpus/01-brokers/gibson/2022/gibson_2022_2022-02-18-Libyan-Limbo.pdf
2022-02-18,7,Singapore,VLSFO,4.0,734.0,730.0,690.0,corpus/01-brokers/gibson/2022/gibson_2022_2022-02-18-Libyan-Limbo.pdf
2022-02-25,8,Fujairah,VLSFO,30.0,786.0,756.0,679.0,corpus/01-brokers/gibson/2022/gibson_2022_2022-02-25-Banks-not-Tanks.pdf
2022-02-25,8,Rotterdam,LSMGO,70.0,880.0,810.0,783.0,corpus/01-brokers/gibson/2022/gibson_2022_2022-02-25-Banks-not-Tanks.pdf
2022-02-25,8,Rotterdam,VLSFO,51.0,731.0,680.0,649.0,corpus/01-brokers/gibson/2022/gibson_2022_2022-02-25-Banks-not-Tanks.pdf
2022-02-25,8,Singapore,VLSFO,46.0,780.0,734.0,679.0,corpus/01-brokers/gibson/2022/gibson_2022_2022-02-25-Banks-not-Tanks.pdf
2022-03-04,9,Fujairah,VLSFO,139.0,925.0,786.0,705.0,corpus/01-brokers/gibson/2022/gibson_2022_2022-03-04-Global-Crisis.pdf
2022-03-04,9,Rotterdam,LSMGO,216.0,1096.0,880.0,795.0,corpus/01-brokers/gibson/2022/gibson_2022_2022-03-04-Global-Crisis.pdf
2022-03-04,9,Rotterdam,VLSFO,103.0,834.0,731.0,668.0,corpus/01-brokers/gibson/2022/gibson_2022_2022-03-04-Global-Crisis.pdf
2022-03-04,9,Singapore,VLSFO,124.0,904.0,780.0,715.0,corpus/01-brokers/gibson/2022/gibson_2022_2022-03-04-Global-Crisis.pdf
2022-03-11,10,Fujairah,VLSFO,46.0,971.0,925.0,728.0,corpus/01-brokers/gibson/2022/gibson_2022_2022-03-11-Diplomatico.pdf
2022-03-11,10,Rotterdam,LSMGO,65.0,1161.0,1096.0,809.0,corpus/01-brokers/gibson/2022/gibson_2022_2022-03-11-Diplomatico.pdf
2022-03-11,10,Rotterdam,VLSFO,117.0,951.0,834.0,669.0,corpus/01-brokers/gibson/2022/gibson_2022_2022-03-11-Diplomatico.pdf
2022-03-11,10,Singapore,VLSFO,72.0,976.0,904.0,730.0,corpus/01-brokers/gibson/2022/gibson_2022_2022-03-11-Diplomatico.pdf
2022-03-18,11,Fujairah,VLSFO,-137.0,834.0,971.0,756.0,corpus/01-brokers/gibson/2022/gibson_2022_2022-03-18-Tight-Tanks.pdf
2022-03-18,11,Rotterdam,LSMGO,-110.0,1051.0,1161.0,810.0,corpus/01-brokers/gibson/2022/gibson_2022_2022-03-18-Tight-Tanks.pdf
2022-03-18,11,Rotterdam,VLSFO,-111.0,840.0,951.0,680.0,corpus/01-brokers/gibson/2022/gibson_2022_2022-03-18-Tight-Tanks.pdf
2022-03-18,11,Singapore,VLSFO,-166.0,810.0,976.0,734.0,corpus/01-brokers/gibson/2022/gibson_2022_2022-03-18-Tight-Tanks.pdf
2022-03-25,12,Fujairah,VLSFO,106.0,940.0,834.0,786.0,corpus/01-brokers/gibson/2022/gibson_2022_2022-03-25-Heading-East.pdf
2022-03-25,12,Rotterdam,LSMGO,214.0,1265.0,1051.0,880.0,corpus/01-brokers/gibson/2022/gibson_2022_2022-03-25-Heading-East.pdf
2022-03-25,12,Rotterdam,VLSFO,73.0,913.0,840.0,731.0,corpus/01-brokers/gibson/2022/gibson_2022_2022-03-25-Heading-East.pdf
2022-03-25,12,Singapore,VLSFO,105.0,915.0,810.0,780.0,corpus/01-brokers/gibson/2022/gibson_2022_2022-03-25-Heading-East.pdf
2022-04-01,13,Fujairah,VLSFO,-69.0,871.0,940.0,925.0,corpus/01-brokers/gibson/2022/gibson_2022_2022-04-01-North-Sea-Decisions-1.pdf
2022-04-01,13,Rotterdam,LSMGO,-177.0,1088.0,1265.0,1096.0,corpus/01-brokers/gibson/2022/gibson_2022_2022-04-01-North-Sea-Decisions-1.pdf
2022-04-01,13,Rotterdam,VLSFO,-44.0,869.0,913.0,834.0,corpus/01-brokers/gibson/2022/gibson_2022_2022-04-01-North-Sea-Decisions-1.pdf
2022-04-01,13,Singapore,VLSFO,-60.0,855.0,915.0,904.0,corpus/01-brokers/gibson/2022/gibson_2022_2022-04-01-North-Sea-Decisions-1.pdf
2022-04-08,13,Fujairah,VLSFO,-25.0,846.0,871.0,971.0,corpus/01-brokers/gibson/2022/gibson_2022_2022-04-08-Strategic-Release.pdf
2022-04-08,13,Rotterdam,LSMGO,-43.0,1045.0,1088.0,1161.0,corpus/01-brokers/gibson/2022/gibson_2022_2022-04-08-Strategic-Release.pdf
2022-04-08,13,Rotterdam,VLSFO,-48.0,821.0,869.0,951.0,corpus/01-brokers/gibson/2022/gibson_2022_2022-04-08-Strategic-Release.pdf
2022-04-08,13,Singapore,VLSFO,-40.0,815.0,855.0,976.0,corpus/01-brokers/gibson/2022/gibson_2022_2022-04-08-Strategic-Release.pdf
2022-04-22,16,Fujairah,VLSFO,-7.0,861.0,868.0,940.0,corpus/01-brokers/gibson/2022/gibson_2022_2022-04-22-Where-Barrels-Go.pdf
2022-04-22,16,Rotterdam,LSMGO,134.0,1315.0,1181.0,1265.0,corpus/01-brokers/gibson/2022/gibson_2022_2022-04-22-Where-Barrels-Go.pdf
2022-04-22,16,Rotterdam,VLSFO,39.0,869.0,830.0,913.0,corpus/01-brokers/gibson/2022/gibson_2022_2022-04-22-Where-Barrels-Go.pdf
2022-04-22,16,Singapore,VLSFO,1.0,851.0,850.0,915.0,corpus/01-brokers/gibson/2022/gibson_2022_2022-04-22-Where-Barrels-Go.pdf
2022-04-29,17,Fujairah,VLSFO,-24.0,837.0,861.0,871.0,corpus/01-brokers/gibson/2022/gibson_2022_2022-04-29-Investment-Headache.pdf
2022-04-29,17,Rotterdam,LSMGO,-44.0,1271.0,1315.0,1088.0,corpus/01-brokers/gibson/2022/gibson_2022_2022-04-29-Investment-Headache.pdf
2022-04-29,17,Rotterdam,VLSFO,-48.0,821.0,869.0,869.0,corpus/01-brokers/gibson/2022/gibson_2022_2022-04-29-Investment-Headache.pdf
2022-04-29,17,Singapore,VLSFO,-14.0,837.0,851.0,855.0,corpus/01-brokers/gibson/2022/gibson_2022_2022-04-29-Investment-Headache.pdf
2022-05-06,18,Fujairah,VLSFO,74.0,911.0,837.0,846.0,corpus/01-brokers/gibson/2022/gibson_2022_2022-05-06-Redefining-Refining.pdf
2022-05-06,18,Rotterdam,LSMGO,-42.0,1229.0,1271.0,1045.0,corpus/01-brokers/gibson/2022/gibson_2022_2022-05-06-Redefining-Refining.pdf
2022-05-06,18,Rotterdam,VLSFO,-20.0,801.0,821.0,821.0,corpus/01-brokers/gibson/2022/gibson_2022_2022-05-06-Redefining-Refining.pdf
2022-05-06,18,Singapore,VLSFO,36.0,873.0,837.0,815.0,corpus/01-brokers/gibson/2022/gibson_2022_2022-05-06-Redefining-Refining.pdf
2022-05-13,19,Fujairah,VLSFO,-70.0,841.0,911.0,868.0,corpus/01-brokers/gibson/2022/gibson_2022_2022-05-13-No-Longer-a-Benchmark.pdf
2022-05-13,19,Rotterdam,LSMGO,-138.0,1091.0,1229.0,1181.0,corpus/01-brokers/gibson/2022/gibson_2022_2022-05-13-No-Longer-a-Benchmark.pdf
2022-05-13,19,Rotterdam,VLSFO,-50.0,751.0,801.0,830.0,corpus/01-brokers/gibson/2022/gibson_2022_2022-05-13-No-Longer-a-Benchmark.pdf
2022-05-13,19,Singapore,VLSFO,-33.0,840.0,873.0,850.0,corpus/01-brokers/gibson/2022/gibson_2022_2022-05-13-No-Longer-a-Benchmark.pdf
2022-05-20,20,Fujairah,VLSFO,70.0,911.0,841.0,861.0,corpus/01-brokers/gibson/2022/gibson_2022_2022-05-20-Every-Barrel-Is-Needed.pdf
2022-05-20,20,Rotterdam,LSMGO,-40.0,1051.0,1091.0,1315.0,corpus/01-brokers/gibson/2022/gibson_2022_2022-05-20-Every-Barrel-Is-Needed.pdf
2022-05-20,20,Rotterdam,VLSFO,48.0,799.0,751.0,869.0,corpus/01-brokers/gibson/2022/gibson_2022_2022-05-20-Every-Barrel-Is-Needed.pdf
2022-05-20,20,Singapore,VLSFO,75.0,915.0,840.0,851.0,corpus/01-brokers/gibson/2022/gibson_2022_2022-05-20-Every-Barrel-Is-Needed.pdf
2022-05-27,21,Fujairah,VLSFO,63.0,974.0,911.0,837.0,corpus/01-brokers/gibson/2022/gibson_2022_2022-05-27-Where-Ageing-Tankers-Go.pdf
2022-05-27,21,Rotterdam,LSMGO,110.0,1161.0,1051.0,1271.0,corpus/01-brokers/gibson/2022/gibson_2022_2022-05-27-Where-Ageing-Tankers-Go.pdf
2022-05-27,21,Rotterdam,VLSFO,40.0,839.0,799.0,821.0,corpus/01-brokers/gibson/2022/gibson_2022_2022-05-27-Where-Ageing-Tankers-Go.pdf
2022-05-27,21,Singapore,VLSFO,105.0,1020.0,915.0,837.0,corpus/01-brokers/gibson/2022/gibson_2022_2022-05-27-Where-Ageing-Tankers-Go.pdf
2022-06-10,23,Fujairah,VLSFO,147.0,1121.0,974.0,911.0,corpus/01-brokers/gibson/2022/gibson_2022_2022-06-10-Oil-Embargo.pdf
2022-06-10,23,Rotterdam,LSMGO,155.0,1316.0,1161.0,1229.0,corpus/01-brokers/gibson/2022/gibson_2022_2022-06-10-Oil-Embargo.pdf
2022-06-10,23,Rotterdam,VLSFO,130.0,969.0,839.0,801.0,corpus/01-brokers/gibson/2022/gibson_2022_2022-06-10-Oil-Embargo.pdf
2022-06-10,23,Singapore,VLSFO,111.0,1131.0,1020.0,873.0,corpus/01-brokers/gibson/2022/gibson_2022_2022-06-10-Oil-Embargo.pdf
2022-06-17,24,Fujairah,VLSFO,-31.0,1090.0,1121.0,911.0,corpus/01-brokers/gibson/2022/gibson_2022_2022-06-17-Mounting-Pressure.pdf
2022-06-17,24,Rotterdam,LSMGO,30.0,1346.0,1316.0,1051.0,corpus/01-brokers/gibson/2022/gibson_2022_2022-06-17-Mounting-Pressure.pdf
2022-06-17,24,Rotterdam,VLSFO,-56.0,913.0,969.0,799.0,corpus/01-brokers/gibson/2022/gibson_2022_2022-06-17-Mounting-Pressure.pdf
2022-06-17,24,Singapore,VLSFO,-65.0,1066.0,1131.0,915.0,corpus/01-brokers/gibson/2022/gibson_2022_2022-06-17-Mounting-Pressure.pdf
2022-06-24,25,Fujairah,VLSFO,-19.0,1071.0,1090.0,974.0,corpus/01-brokers/gibson/2022/gibson_2022_2022-06-24-Triple-Digit-Prices.pdf
2022-06-24,25,Rotterdam,LSMGO,-17.0,1329.0,1346.0,1161.0,corpus/01-brokers/gibson/2022/gibson_2022_2022-06-24-Triple-Digit-Prices.pdf
2022-06-24,25,Rotterdam,VLSFO,-42.0,871.0,913.0,839.0,corpus/01-brokers/gibson/2022/gibson_2022_2022-06-24-Triple-Digit-Prices.pdf
2022-06-24,25,Singapore,VLSFO,5.0,1071.0,1066.0,1020.0,corpus/01-brokers/gibson/2022/gibson_2022_2022-06-24-Triple-Digit-Prices.pdf
2022-07-01,26,Fujairah,VLSFO,68.0,1139.0,1071.0,1051.0,corpus/01-brokers/gibson/2022/gibson_2022_2022-07-01-Reality-Check.pdf
2022-07-01,26,Rotterdam,LSMGO,-93.0,1236.0,1329.0,1280.0,corpus/01-brokers/gibson/2022/gibson_2022_2022-07-01-Reality-Check.pdf
2022-07-01,26,Rotterdam,VLSFO,34.0,905.0,871.0,900.0,corpus/01-brokers/gibson/2022/gibson_2022_2022-07-01-Reality-Check.pdf
2022-07-01,26,Singapore,VLSFO,44.0,1115.0,1071.0,1135.0,corpus/01-brokers/gibson/2022/gibson_2022_2022-07-01-Reality-Check.pdf
2022-07-08,27,Fujairah,VLSFO,-113.0,1026.0,1139.0,1121.0,corpus/01-brokers/gibson/2022/gibson_2022_2022-07-08-Dramatic-Changes.pdf
2022-07-08,27,Rotterdam,LSMGO,-168.0,1068.0,1236.0,1316.0,corpus/01-brokers/gibson/2022/gibson_2022_2022-07-08-Dramatic-Changes.pdf
2022-07-08,27,Rotterdam,VLSFO,-59.0,846.0,905.0,969.0,corpus/01-brokers/gibson/2022/gibson_2022_2022-07-08-Dramatic-Changes.pdf
2022-07-08,27,Singapore,VLSFO,-132.0,983.0,1115.0,1131.0,corpus/01-brokers/gibson/2022/gibson_2022_2022-07-08-Dramatic-Changes.pdf
2022-07-15,28,Fujairah,VLSFO,-37.0,989.0,1026.0,1090.0,corpus/01-brokers/gibson/2022/gibson_2022_2022-07-15-Taking-Stock-1.pdf
2022-07-15,28,Rotterdam,LSMGO,31.0,1099.0,1068.0,1346.0,corpus/01-brokers/gibson/2022/gibson_2022_2022-07-15-Taking-Stock-1.pdf
2022-07-15,28,Rotterdam,VLSFO,-90.0,756.0,846.0,913.0,corpus/01-brokers/gibson/2022/gibson_2022_2022-07-15-Taking-Stock-1.pdf
2022-07-15,28,Singapore,VLSFO,-10.0,973.0,983.0,1066.0,corpus/01-brokers/gibson/2022/gibson_2022_2022-07-15-Taking-Stock-1.pdf
2022-07-22,29,Fujairah,VLSFO,-18.0,971.0,989.0,1071.0,corpus/01-brokers/gibson/2022/gibson_2022_2022-07-22-Peak-Demand-in-Sight.pdf
2022-07-22,29,Rotterdam,LSMGO,-38.0,1061.0,1099.0,1329.0,corpus/01-brokers/gibson/2022/gibson_2022_2022-07-22-Peak-Demand-in-Sight.pdf
2022-07-22,29,Rotterdam,VLSFO,15.0,771.0,756.0,871.0,corpus/01-brokers/gibson/2022/gibson_2022_2022-07-22-Peak-Demand-in-Sight.pdf
2022-07-22,29,Singapore,VLSFO,-62.0,911.0,973.0,1071.0,corpus/01-brokers/gibson/2022/gibson_2022_2022-07-22-Peak-Demand-in-Sight.pdf
2022-07-29,30,Fujairah,VLSFO,-55.0,916.0,971.0,1139.0,corpus/01-brokers/gibson/2022/gibson_2022_2022-07-29-Asset-Play.pdf
2022-07-29,30,Rotterdam,LSMGO,66.0,1127.0,1061.0,1236.0,corpus/01-brokers/gibson/2022/gibson_2022_2022-07-29-Asset-Play.pdf
2022-07-29,30,Rotterdam,VLSFO,5.0,776.0,771.0,905.0,corpus/01-brokers/gibson/2022/gibson_2022_2022-07-29-Asset-Play.pdf
2022-07-29,30,Singapore,VLSFO,-19.0,892.0,911.0,1115.0,corpus/01-brokers/gibson/2022/gibson_2022_2022-07-29-Asset-Play.pdf
2022-08-05,31,Fujairah,VLSFO,15.0,931.0,916.0,1026.0,corpus/01-brokers/gibson/2022/gibson_2022_2022-08-05-Headwinds-and-Tailwinds.pdf
2022-08-05,31,Rotterdam,LSMGO,-78.0,1049.0,1127.0,1068.0,corpus/01-brokers/gibson/2022/gibson_2022_2022-08-05-Headwinds-and-Tailwinds.pdf
2022-08-05,31,Rotterdam,VLSFO,-61.0,715.0,776.0,846.0,corpus/01-brokers/gibson/2022/gibson_2022_2022-08-05-Headwinds-and-Tailwinds.pdf
2022-08-05,31,Singapore,VLSFO,-136.0,756.0,892.0,983.0,corpus/01-brokers/gibson/2022/gibson_2022_2022-08-05-Headwinds-and-Tailwinds.pdf
2022-08-12,32,Fujairah,VLSFO,-96.0,835.0,931.0,989.0,corpus/01-brokers/gibson/2022/gibson_2022_2022-08-12-Turbulent-Takeoff.pdf
2022-08-12,32,Rotterdam,LSMGO,-12.0,1037.0,1049.0,1099.0,corpus/01-brokers/gibson/2022/gibson_2022_2022-08-12-Turbulent-Takeoff.pdf
2022-08-12,32,Rotterdam,VLSFO,26.0,741.0,715.0,756.0,corpus/01-brokers/gibson/2022/gibson_2022_2022-08-12-Turbulent-Takeoff.pdf
2022-08-12,32,Singapore,VLSFO,25.0,781.0,756.0,973.0,corpus/01-brokers/gibson/2022/gibson_2022_2022-08-12-Turbulent-Takeoff.pdf
2022-08-19,33,Fujairah,VLSFO,-50.0,785.0,835.0,971.0,corpus/01-brokers/gibson/2022/gibson_2022_2022-08-19-VLCCs-back-in-the-game.pdf
2022-08-19,33,Rotterdam,LSMGO,42.0,1079.0,1037.0,1061.0,corpus/01-brokers/gibson/2022/gibson_2022_2022-08-19-VLCCs-back-in-the-game.pdf
2022-08-19,33,Rotterdam,VLSFO,-20.0,721.0,741.0,771.0,corpus/01-brokers/gibson/2022/gibson_2022_2022-08-19-VLCCs-back-in-the-game.pdf
2022-08-19,33,Singapore,VLSFO,-23.0,758.0,781.0,911.0,corpus/01-brokers/gibson/2022/gibson_2022_2022-08-19-VLCCs-back-in-the-game.pdf
2022-08-26,34,Fujairah,VLSFO,25.0,810.0,785.0,916.0,corpus/01-brokers/gibson/2022/gibson_2022_2022-08-26-Will-Handies-Be-Handy.pdf
2022-08-26,34,Rotterdam,LSMGO,120.0,1199.0,1079.0,1127.0,corpus/01-brokers/gibson/2022/gibson_2022_2022-08-26-Will-Handies-Be-Handy.pdf
2022-08-26,34,Rotterdam,VLSFO,19.0,740.0,721.0,776.0,corpus/01-brokers/gibson/2022/gibson_2022_2022-08-26-Will-Handies-Be-Handy.pdf
2022-08-26,34,Singapore,VLSFO,21.0,779.0,758.0,892.0,corpus/01-brokers/gibson/2022/gibson_2022_2022-08-26-Will-Handies-Be-Handy.pdf
2022-09-02,35,Fujairah,VLSFO,-77.0,733.0,810.0,931.0,corpus/01-brokers/gibson/2022/gibson_2022_2022-09-02-A-Matter-of-Perspective.pdf
2022-09-02,35,Rotterdam,LSMGO,-165.0,1034.0,1199.0,1049.0,corpus/01-brokers/gibson/2022/gibson_2022_2022-09-02-A-Matter-of-Perspective.pdf
2022-09-02,35,Rotterdam,VLSFO,-61.0,679.0,740.0,715.0,corpus/01-brokers/gibson/2022/gibson_2022_2022-09-02-A-Matter-of-Perspective.pdf
2022-09-02,35,Singapore,VLSFO,-86.0,693.0,779.0,756.0,corpus/01-brokers/gibson/2022/gibson_2022_2022-09-02-A-Matter-of-Perspective.pdf
2022-09-09,36,Fujairah,VLSFO,-62.0,671.0,733.0,835.0,corpus/01-brokers/gibson/2022/gibson_2022_2022-09-09-Unintended-Consequences.pdf
2022-09-09,36,Rotterdam,LSMGO,7.0,1041.0,1034.0,1037.0,corpus/01-brokers/gibson/2022/gibson_2022_2022-09-09-Unintended-Consequences.pdf
2022-09-09,36,Rotterdam,VLSFO,-38.0,641.0,679.0,741.0,corpus/01-brokers/gibson/2022/gibson_2022_2022-09-09-Unintended-Consequences.pdf
2022-09-09,36,Singapore,VLSFO,-28.0,665.0,693.0,781.0,corpus/01-brokers/gibson/2022/gibson_2022_2022-09-09-Unintended-Consequences.pdf
2022-09-16,37,Fujairah,VLSFO,19.0,690.0,671.0,785.0,corpus/01-brokers/gibson/2022/gibson_2022_2022-09-16-Inflation-Reduction-Act_Wind-of-Change.pdf
2022-09-16,37,Rotterdam,LSMGO,-88.0,953.0,1041.0,1079.0,corpus/01-brokers/gibson/2022/gibson_2022_2022-09-16-Inflation-Reduction-Act_Wind-of-Change.pdf
2022-09-16,37,Rotterdam,VLSFO,33.0,674.0,641.0,721.0,corpus/01-brokers/gibson/2022/gibson_2022_2022-09-16-Inflation-Reduction-Act_Wind-of-Change.pdf
2022-09-16,37,Singapore,VLSFO,30.0,695.0,665.0,758.0,corpus/01-brokers/gibson/2022/gibson_2022_2022-09-16-Inflation-Reduction-Act_Wind-of-Change.pdf
2022-09-23,38,Fujairah,VLSFO,6.0,696.0,690.0,810.0,corpus/01-brokers/gibson/2022/gibson_2022_2022-09-23-Onwards-and-Upwards.pdf
2022-09-23,38,Rotterdam,LSMGO,28.0,981.0,953.0,1199.0,corpus/01-brokers/gibson/2022/gibson_2022_2022-09-23-Onwards-and-Upwards.pdf
2022-09-23,38,Rotterdam,VLSFO,-43.0,631.0,674.0,740.0,corpus/01-brokers/gibson/2022/gibson_2022_2022-09-23-Onwards-and-Upwards.pdf
2022-09-23,38,Singapore,VLSFO,6.0,701.0,695.0,779.0,corpus/01-brokers/gibson/2022/gibson_2022_2022-09-23-Onwards-and-Upwards.pdf
2022-09-30,39,Fujairah,VLSFO,-19.0,677.0,696.0,733.0,corpus/01-brokers/gibson/2022/gibson_2022_2022-09-29-The-Bulls-and-the-Bears.pdf
2022-09-30,39,Rotterdam,LSMGO,-17.0,964.0,981.0,1034.0,corpus/01-brokers/gibson/2022/gibson_2022_2022-09-29-The-Bulls-and-the-Bears.pdf
2022-09-30,39,Rotterdam,VLSFO,-20.0,611.0,631.0,679.0,corpus/01-brokers/gibson/2022/gibson_2022_2022-09-29-The-Bulls-and-the-Bears.pdf
2022-09-30,39,Singapore,VLSFO,-10.0,691.0,701.0,693.0,corpus/01-brokers/gibson/2022/gibson_2022_2022-09-29-The-Bulls-and-the-Bears.pdf
2022-10-07,40,Fujairah,VLSFO,48.0,725.0,677.0,671.0,corpus/01-brokers/gibson/2022/gibson_2022_2022-10-07-Electric-Currents.pdf
2022-10-07,40,Rotterdam,LSMGO,70.0,1034.0,964.0,1041.0,corpus/01-brokers/gibson/2022/gibson_2022_2022-10-07-Electric-Currents.pdf
2022-10-07,40,Rotterdam,VLSFO,35.0,646.0,611.0,641.0,corpus/01-brokers/gibson/2022/gibson_2022_2022-10-07-Electric-Currents.pdf
2022-10-07,40,Singapore,VLSFO,63.0,754.0,691.0,665.0,corpus/01-brokers/gibson/2022/gibson_2022_2022-10-07-Electric-Currents.pdf
2022-10-14,41,Fujairah,VLSFO,-7.0,718.0,725.0,690.0,corpus/01-brokers/gibson/2022/gibson_2022_2022-10-14-Making-the-Cut.pdf
2022-10-14,41,Rotterdam,LSMGO,31.0,1065.0,1034.0,953.0,corpus/01-brokers/gibson/2022/gibson_2022_2022-10-14-Making-the-Cut.pdf
2022-10-14,41,Rotterdam,VLSFO,1.0,647.0,646.0,674.0,corpus/01-brokers/gibson/2022/gibson_2022_2022-10-14-Making-the-Cut.pdf
2022-10-14,41,Singapore,VLSFO,-24.0,730.0,754.0,695.0,corpus/01-brokers/gibson/2022/gibson_2022_2022-10-14-Making-the-Cut.pdf
2022-10-21,42,Fujairah,VLSFO,21.0,698.0,677.0,696.0,corpus/01-brokers/gibson/2022/gibson_2022_2022-10-21-Economic-Turbulence.pdf
2022-10-21,42,Rotterdam,LSMGO,91.0,1055.0,964.0,981.0,corpus/01-brokers/gibson/2022/gibson_2022_2022-10-21-Economic-Turbulence.pdf
2022-10-21,42,Rotterdam,VLSFO,20.0,631.0,611.0,631.0,corpus/01-brokers/gibson/2022/gibson_2022_2022-10-21-Economic-Turbulence.pdf
2022-10-21,42,Singapore,VLSFO,29.0,720.0,691.0,701.0,corpus/01-brokers/gibson/2022/gibson_2022_2022-10-21-Economic-Turbulence.pdf
2022-10-28,43,Fujairah,VLSFO,-9.0,689.0,698.0,677.0,corpus/01-brokers/gibson/2022/gibson_2022_2022-10-28-Picking-a-Side.pdf
2022-10-28,43,Rotterdam,LSMGO,-14.0,1041.0,1055.0,964.0,corpus/01-brokers/gibson/2022/gibson_2022_2022-10-28-Picking-a-Side.pdf
2022-10-28,43,Rotterdam,VLSFO,3.0,634.0,631.0,611.0,corpus/01-brokers/gibson/2022/gibson_2022_2022-10-28-Picking-a-Side.pdf
2022-10-28,43,Singapore,VLSFO,-5.0,715.0,720.0,691.0,corpus/01-brokers/gibson/2022/gibson_2022_2022-10-28-Picking-a-Side.pdf
2022-11-04,44,Fujairah,VLSFO,-18.0,671.0,689.0,725.0,corpus/01-brokers/gibson/2022/gibson_2022_2022-11-04-Future-Plans.pdf
2022-11-04,44,Rotterdam,LSMGO,-41.0,1000.0,1041.0,1034.0,corpus/01-brokers/gibson/2022/gibson_2022_2022-11-04-Future-Plans.pdf
2022-11-04,44,Rotterdam,VLSFO,-21.0,613.0,634.0,646.0,corpus/01-brokers/gibson/2022/gibson_2022_2022-11-04-Future-Plans.pdf
2022-11-04,44,Singapore,VLSFO,-31.0,684.0,715.0,754.0,corpus/01-brokers/gibson/2022/gibson_2022_2022-11-04-Future-Plans.pdf
2022-11-11,45,Fujairah,VLSFO,-12.0,659.0,671.0,718.0,corpus/01-brokers/gibson/2022/gibson_2022_2022-11-11-Fair-Value.pdf
2022-11-11,45,Rotterdam,LSMGO,-53.0,947.0,1000.0,1065.0,corpus/01-brokers/gibson/2022/gibson_2022_2022-11-11-Fair-Value.pdf
2022-11-11,45,Rotterdam,VLSFO,4.0,617.0,613.0,647.0,corpus/01-brokers/gibson/2022/gibson_2022_2022-11-11-Fair-Value.pdf
2022-11-11,45,Singapore,VLSFO,1.0,685.0,684.0,730.0,corpus/01-brokers/gibson/2022/gibson_2022_2022-11-11-Fair-Value.pdf
2022-11-18,46,Fujairah,VLSFO,-21.0,638.0,659.0,698.0,corpus/01-brokers/gibson/2022/gibson_2022_2022-11-18-Over-the-Horizon.pdf
2022-11-18,46,Rotterdam,LSMGO,-11.0,936.0,947.0,1055.0,corpus/01-brokers/gibson/2022/gibson_2022_2022-11-18-Over-the-Horizon.pdf
2022-11-18,46,Rotterdam,VLSFO,-31.0,586.0,617.0,631.0,corpus/01-brokers/gibson/2022/gibson_2022_2022-11-18-Over-the-Horizon.pdf
2022-11-18,46,Singapore,VLSFO,-17.0,668.0,685.0,720.0,corpus/01-brokers/gibson/2022/gibson_2022_2022-11-18-Over-the-Horizon.pdf
2022-11-25,47,Fujairah,VLSFO,-13.0,625.0,638.0,689.0,corpus/01-brokers/gibson/2022/gibson_2022_2022-11-25-Are-Oldies-Still-Goodies.pdf
2022-11-25,47,Rotterdam,LSMGO,-61.0,875.0,936.0,1041.0,corpus/01-brokers/gibson/2022/gibson_2022_2022-11-25-Are-Oldies-Still-Goodies.pdf
2022-11-25,47,Rotterdam,VLSFO,-33.0,553.0,586.0,634.0,corpus/01-brokers/gibson/2022/gibson_2022_2022-11-25-Are-Oldies-Still-Goodies.pdf
2022-11-25,47,Singapore,VLSFO,-18.0,650.0,668.0,715.0,corpus/01-brokers/gibson/2022/gibson_2022_2022-11-25-Are-Oldies-Still-Goodies.pdf
2022-12-02,48,Fujairah,VLSFO,61.0,686.0,625.0,671.0,corpus/01-brokers/gibson/2022/gibson_2022_2022-12-02-The-Clock-is-Ticking.pdf
2022-12-02,48,Rotterdam,LSMGO,20.0,895.0,875.0,1000.0,corpus/01-brokers/gibson/2022/gibson_2022_2022-12-02-The-Clock-is-Ticking.pdf
2022-12-02,48,Rotterdam,VLSFO,10.0,563.0,553.0,613.0,corpus/01-brokers/gibson/2022/gibson_2022_2022-12-02-The-Clock-is-Ticking.pdf
2022-12-02,48,Singapore,VLSFO,6.0,656.0,650.0,684.0,corpus/01-brokers/gibson/2022/gibson_2022_2022-12-02-The-Clock-is-Ticking.pdf
2022-12-16,50,Fujairah,VLSFO,-13.0,625.0,638.0,689.0,corpus/01-brokers/gibson/2022/gibson_2022_2022-12-16-What-the-hell-just-happened.pdf
2022-12-16,50,Rotterdam,LSMGO,-61.0,875.0,936.0,1041.0,corpus/01-brokers/gibson/2022/gibson_2022_2022-12-16-What-the-hell-just-happened.pdf
2022-12-16,50,Rotterdam,VLSFO,-33.0,553.0,586.0,634.0,corpus/01-brokers/gibson/2022/gibson_2022_2022-12-16-What-the-hell-just-happened.pdf
2022-12-16,50,Singapore,VLSFO,-18.0,650.0,668.0,715.0,corpus/01-brokers/gibson/2022/gibson_2022_2022-12-16-What-the-hell-just-happened.pdf
2023-01-06,1,Fujairah,VLSFO,-34.0,580.0,614.0,606.0,corpus/01-brokers/gibson/2023/gibson_2023_2023-01-06-Stepping-into-2023.pdf
2023-01-06,1,Rotterdam,LSMGO,-51.0,830.0,881.0,780.0,corpus/01-brokers/gibson/2023/gibson_2023_2023-01-06-Stepping-into-2023.pdf
2023-01-06,1,Rotterdam,VLSFO,-18.0,527.0,545.0,510.0,corpus/01-brokers/gibson/2023/gibson_2023_2023-01-06-Stepping-into-2023.pdf
2023-01-06,1,Singapore,VLSFO,-24.0,590.0,614.0,597.0,corpus/01-brokers/gibson/2023/gibson_2023_2023-01-06-Stepping-into-2023.pdf
2023-01-13,2,Fujairah,VLSFO,16.0,596.0,580.0,601.0,corpus/01-brokers/gibson/2023/gibson_2023_2023-01-13-Regulatory-Acceleration.pdf
2023-01-13,2,Rotterdam,LSMGO,39.0,869.0,830.0,881.0,corpus/01-brokers/gibson/2023/gibson_2023_2023-01-13-Regulatory-Acceleration.pdf
2023-01-13,2,Rotterdam,VLSFO,32.0,559.0,527.0,526.0,corpus/01-brokers/gibson/2023/gibson_2023_2023-01-13-Regulatory-Acceleration.pdf
2023-01-13,2,Singapore,VLSFO,26.0,616.0,590.0,603.0,corpus/01-brokers/gibson/2023/gibson_2023_2023-01-13-Regulatory-Acceleration.pdf
2023-01-20,3,Fujairah,VLSFO,55.0,651.0,596.0,619.0,corpus/01-brokers/gibson/2023/gibson_2023_2023-01-20-Diesel.pdf
2023-01-20,3,Rotterdam,LSMGO,18.0,887.0,869.0,851.0,corpus/01-brokers/gibson/2023/gibson_2023_2023-01-20-Diesel.pdf
2023-01-20,3,Rotterdam,VLSFO,20.0,579.0,559.0,531.0,corpus/01-brokers/gibson/2023/gibson_2023_2023-01-20-Diesel.pdf
2023-01-20,3,Singapore,VLSFO,41.0,657.0,616.0,601.0,corpus/01-brokers/gibson/2023/gibson_2023_2023-01-20-Diesel.pdf
2023-01-27,4,Fujairah,VLSFO,38.0,689.0,651.0,580.0,corpus/01-brokers/gibson/2023/gibson_2023_2023-01-27-Green-Light-for-Methanol.pdf
2023-01-27,4,Rotterdam,LSMGO,33.0,920.0,887.0,830.0,corpus/01-brokers/gibson/2023/gibson_2023_2023-01-27-Green-Light-for-Methanol.pdf
2023-01-27,4,Rotterdam,VLSFO,34.0,613.0,579.0,527.0,corpus/01-brokers/gibson/2023/gibson_2023_2023-01-27-Green-Light-for-Methanol.pdf
2023-01-27,4,Singapore,VLSFO,34.0,691.0,657.0,590.0,corpus/01-brokers/gibson/2023/gibson_2023_2023-01-27-Green-Light-for-Methanol.pdf
2023-02-03,5,Fujairah,VLSFO,-40.0,649.0,689.0,596.0,corpus/01-brokers/gibson/2023/gibson_2023_2023-02-03-Wait-and-See.pdf
2023-02-03,5,Rotterdam,LSMGO,-99.0,821.0,920.0,869.0,corpus/01-brokers/gibson/2023/gibson_2023_2023-02-03-Wait-and-See.pdf
2023-02-03,5,Rotterdam,VLSFO,-22.0,591.0,613.0,559.0,corpus/01-brokers/gibson/2023/gibson_2023_2023-02-03-Wait-and-See.pdf
2023-02-03,5,Singapore,VLSFO,-15.0,676.0,691.0,616.0,corpus/01-brokers/gibson/2023/gibson_2023_2023-02-03-Wait-and-See.pdf
2023-02-10,6,Fujairah,VLSFO,-4.0,645.0,649.0,596.0,corpus/01-brokers/gibson/2023/gibson_2023_2023-02-10-The-Wind-of-Change.pdf
2023-02-10,6,Rotterdam,LSMGO,-32.0,789.0,821.0,869.0,corpus/01-brokers/gibson/2023/gibson_2023_2023-02-10-The-Wind-of-Change.pdf
2023-02-10,6,Rotterdam,VLSFO,3.0,594.0,591.0,559.0,corpus/01-brokers/gibson/2023/gibson_2023_2023-02-10-The-Wind-of-Change.pdf
2023-02-10,6,Singapore,VLSFO,-15.0,661.0,676.0,616.0,corpus/01-brokers/gibson/2023/gibson_2023_2023-02-10-The-Wind-of-Change.pdf
2023-02-17,7,Fujairah,VLSFO,-11.0,634.0,645.0,651.0,corpus/01-brokers/gibson/2023/gibson_2023_2023-02-17-Driving-Force.pdf
2023-02-17,7,Rotterdam,LSMGO,6.0,795.0,789.0,887.0,corpus/01-brokers/gibson/2023/gibson_2023_2023-02-17-Driving-Force.pdf
2023-02-17,7,Rotterdam,VLSFO,-3.0,591.0,594.0,579.0,corpus/01-brokers/gibson/2023/gibson_2023_2023-02-17-Driving-Force.pdf
2023-02-17,7,Singapore,VLSFO,-16.0,645.0,661.0,657.0,corpus/01-brokers/gibson/2023/gibson_2023_2023-02-17-Driving-Force.pdf
2023-02-24,8,Fujairah,VLSFO,-38.0,596.0,634.0,689.0,corpus/01-brokers/gibson/2023/gibson_2023_2023-02-24-The-Fog-of-War.pdf
2023-02-24,8,Rotterdam,LSMGO,-35.0,760.0,795.0,920.0,corpus/01-brokers/gibson/2023/gibson_2023_2023-02-24-The-Fog-of-War.pdf
2023-02-24,8,Rotterdam,VLSFO,-38.0,553.0,591.0,613.0,corpus/01-brokers/gibson/2023/gibson_2023_2023-02-24-The-Fog-of-War.pdf
2023-02-24,8,Singapore,VLSFO,-58.0,587.0,645.0,691.0,corpus/01-brokers/gibson/2023/gibson_2023_2023-02-24-The-Fog-of-War.pdf
2023-03-03,9,Fujairah,VLSFO,7.0,603.0,596.0,649.0,corpus/01-brokers/gibson/2023/gibson_2023_2023-03-03-A-New-Chapter-for-Oil-Market.pdf
2023-03-03,9,Rotterdam,LSMGO,53.0,813.0,760.0,821.0,corpus/01-brokers/gibson/2023/gibson_2023_2023-03-03-A-New-Chapter-for-Oil-Market.pdf
2023-03-03,9,Rotterdam,VLSFO,22.0,575.0,553.0,591.0,corpus/01-brokers/gibson/2023/gibson_2023_2023-03-03-A-New-Chapter-for-Oil-Market.pdf
2023-03-03,9,Singapore,VLSFO,19.0,606.0,587.0,676.0,corpus/01-brokers/gibson/2023/gibson_2023_2023-03-03-A-New-Chapter-for-Oil-Market.pdf
2023-03-10,10,Fujairah,VLSFO,18.0,621.0,603.0,645.0,corpus/01-brokers/gibson/2023/gibson_2023_2023-03-10-1-month-on.pdf
2023-03-10,10,Rotterdam,LSMGO,-38.0,775.0,813.0,789.0,corpus/01-brokers/gibson/2023/gibson_2023_2023-03-10-1-month-on.pdf
2023-03-10,10,Rotterdam,VLSFO,1.0,576.0,575.0,594.0,corpus/01-brokers/gibson/2023/gibson_2023_2023-03-10-1-month-on.pdf
2023-03-10,10,Singapore,VLSFO,-8.0,598.0,606.0,661.0,corpus/01-brokers/gibson/2023/gibson_2023_2023-03-10-1-month-on.pdf
2023-03-17,11,Fujairah,VLSFO,-80.0,541.0,621.0,634.0,corpus/01-brokers/gibson/2023/gibson_2023_2023-03-17-Down-Under.pdf
2023-03-17,11,Rotterdam,LSMGO,-59.0,716.0,775.0,795.0,corpus/01-brokers/gibson/2023/gibson_2023_2023-03-17-Down-Under.pdf
2023-03-17,11,Rotterdam,VLSFO,-52.0,524.0,576.0,591.0,corpus/01-brokers/gibson/2023/gibson_2023_2023-03-17-Down-Under.pdf
2023-03-17,11,Singapore,VLSFO,-55.0,543.0,598.0,645.0,corpus/01-brokers/gibson/2023/gibson_2023_2023-03-17-Down-Under.pdf
2023-03-24,12,Fujairah,VLSFO,17.0,558.0,541.0,596.0,corpus/01-brokers/gibson/2023/gibson_2023_2023-03-24-Onboard-CO2-Capture.pdf
2023-03-24,12,Rotterdam,LSMGO,761.0,716.0,760.0,,corpus/01-brokers/gibson/2023/gibson_2023_2023-03-24-Onboard-CO2-Capture.pdf
2023-03-24,12,Rotterdam,VLSFO,14.0,538.0,524.0,553.0,corpus/01-brokers/gibson/2023/gibson_2023_2023-03-24-Onboard-CO2-Capture.pdf
2023-03-24,12,Singapore,VLSFO,27.0,570.0,543.0,587.0,corpus/01-brokers/gibson/2023/gibson_2023_2023-03-24-Onboard-CO2-Capture.pdf
2023-04-14,15,Fujairah,VLSFO,19.0,617.0,598.0,541.0,corpus/01-brokers/gibson/2023/gibson_2023_2023-04-14-Mind-the-Cap.pdf
2023-04-14,15,Rotterdam,LSMGO,-2.0,769.0,771.0,716.0,corpus/01-brokers/gibson/2023/gibson_2023_2023-04-14-Mind-the-Cap.pdf
2023-04-14,15,Rotterdam,VLSFO,10.0,597.0,587.0,524.0,corpus/01-brokers/gibson/2023/gibson_2023_2023-04-14-Mind-the-Cap.pdf
2023-04-14,15,Singapore,VLSFO,17.0,620.0,603.0,543.0,corpus/01-brokers/gibson/2023/gibson_2023_2023-04-14-Mind-the-Cap.pdf
2023-04-21,16,Fujairah,VLSFO,4.0,621.0,617.0,558.0,corpus/01-brokers/gibson/2023/gibson_2023_2023-04-21-Shipping-Carbon.pdf
2023-04-21,16,Rotterdam,LSMGO,-34.0,735.0,769.0,761.0,corpus/01-brokers/gibson/2023/gibson_2023_2023-04-21-Shipping-Carbon.pdf
2023-04-21,16,Rotterdam,VLSFO,-34.0,563.0,597.0,538.0,corpus/01-brokers/gibson/2023/gibson_2023_2023-04-21-Shipping-Carbon.pdf
2023-04-21,16,Singapore,VLSFO,-10.0,610.0,620.0,570.0,corpus/01-brokers/gibson/2023/gibson_2023_2023-04-21-Shipping-Carbon.pdf
2023-04-28,17,Fujairah,VLSFO,-41.0,580.0,621.0,573.0,corpus/01-brokers/gibson/2023/gibson_2023_2023-04-28-New-home-for-Russian-CPP.pdf
2023-04-28,17,Rotterdam,LSMGO,-40.0,695.0,735.0,760.0,corpus/01-brokers/gibson/2023/gibson_2023_2023-04-28-New-home-for-Russian-CPP.pdf
2023-04-28,17,Rotterdam,VLSFO,-18.0,545.0,563.0,551.0,corpus/01-brokers/gibson/2023/gibson_2023_2023-04-28-New-home-for-Russian-CPP.pdf
2023-04-28,17,Singapore,VLSFO,-19.0,591.0,610.0,571.0,corpus/01-brokers/gibson/2023/gibson_2023_2023-04-28-New-home-for-Russian-CPP.pdf
2023-05-02,22,Fujairah,VLSFO,-29.0,535.0,564.0,556.0,corpus/01-brokers/gibson/2023/gibson_2023_2023-06-02-Jet-Set.pdf
2023-05-02,22,Rotterdam,LSMGO,-31.0,650.0,681.0,633.0,corpus/01-brokers/gibson/2023/gibson_2023_2023-06-02-Jet-Set.pdf
2023-05-02,22,Rotterdam,VLSFO,-14.0,520.0,534.0,520.0,corpus/01-brokers/gibson/2023/gibson_2023_2023-06-02-Jet-Set.pdf
2023-05-02,22,Singapore,VLSFO,-28.0,552.0,580.0,572.0,corpus/01-brokers/gibson/2023/gibson_2023_2023-06-02-Jet-Set.pdf
2023-05-05,18,Fujairah,VLSFO,-24.0,556.0,580.0,598.0,corpus/01-brokers/gibson/2023/gibson_2023_2023-05-05-A-Sign-of-the-Times.pdf
2023-05-05,18,Rotterdam,LSMGO,-62.0,633.0,695.0,771.0,corpus/01-brokers/gibson/2023/gibson_2023_2023-05-05-A-Sign-of-the-Times.pdf
2023-05-05,18,Rotterdam,VLSFO,-25.0,520.0,545.0,587.0,corpus/01-brokers/gibson/2023/gibson_2023_2023-05-05-A-Sign-of-the-Times.pdf
2023-05-05,18,Singapore,VLSFO,-19.0,572.0,591.0,603.0,corpus/01-brokers/gibson/2023/gibson_2023_2023-05-05-A-Sign-of-the-Times.pdf
2023-05-12,19,Fujairah,VLSFO,-6.0,550.0,556.0,617.0,corpus/01-brokers/gibson/2023/gibson_2023_2023-05-12-Lost-in-Transit.pdf
2023-05-12,19,Rotterdam,LSMGO,670.0,633.0,769.0,,corpus/01-brokers/gibson/2023/gibson_2023_2023-05-12-Lost-in-Transit.pdf
2023-05-12,19,Rotterdam,VLSFO,8.0,528.0,520.0,597.0,corpus/01-brokers/gibson/2023/gibson_2023_2023-05-12-Lost-in-Transit.pdf
2023-05-12,19,Singapore,VLSFO,-8.0,564.0,572.0,620.0,corpus/01-brokers/gibson/2023/gibson_2023_2023-05-12-Lost-in-Transit.pdf
2023-05-19,20,Fujairah,VLSFO,0.0,550.0,550.0,621.0,corpus/01-brokers/gibson/2023/gibson_2023_2023-05-19-Economic-headwinds.pdf
2023-05-19,20,Rotterdam,LSMGO,-1.0,669.0,670.0,735.0,corpus/01-brokers/gibson/2023/gibson_2023_2023-05-19-Economic-headwinds.pdf
2023-05-19,20,Rotterdam,VLSFO,-2.0,526.0,528.0,563.0,corpus/01-brokers/gibson/2023/gibson_2023_2023-05-19-Economic-headwinds.pdf
2023-05-19,20,Singapore,VLSFO,0.0,564.0,564.0,610.0,corpus/01-brokers/gibson/2023/gibson_2023_2023-05-19-Economic-headwinds.pdf
2023-05-26,21,Fujairah,VLSFO,14.0,564.0,550.0,580.0,corpus/01-brokers/gibson/2023/gibson_2023_2023-05-26-Rocky-Road.pdf
2023-05-26,21,Rotterdam,LSMGO,12.0,681.0,669.0,695.0,corpus/01-brokers/gibson/2023/gibson_2023_2023-05-26-Rocky-Road.pdf
2023-05-26,21,Rotterdam,VLSFO,8.0,534.0,526.0,545.0,corpus/01-brokers/gibson/2023/gibson_2023_2023-05-26-Rocky-Road.pdf
2023-05-26,21,Singapore,VLSFO,16.0,580.0,564.0,591.0,corpus/01-brokers/gibson/2023/gibson_2023_2023-05-26-Rocky-Road.pdf
2023-06-09,23,Fujairah,VLSFO,23.0,558.0,535.0,550.0,corpus/01-brokers/gibson/2023/gibson_2023_2023-06-09-A-Need-for-Renewal.pdf
2023-06-09,23,Rotterdam,LSMGO,39.0,689.0,650.0,670.0,corpus/01-brokers/gibson/2023/gibson_2023_2023-06-09-A-Need-for-Renewal.pdf
2023-06-09,23,Rotterdam,VLSFO,27.0,547.0,520.0,528.0,corpus/01-brokers/gibson/2023/gibson_2023_2023-06-09-A-Need-for-Renewal.pdf
2023-06-09,23,Singapore,VLSFO,29.0,581.0,552.0,564.0,corpus/01-brokers/gibson/2023/gibson_2023_2023-06-09-A-Need-for-Renewal.pdf
2023-06-16,24,Fujairah,VLSFO,11.0,569.0,558.0,550.0,corpus/01-brokers/gibson/2023/gibson_2023_2023-06-16-More-With-Less.pdf
2023-06-16,24,Rotterdam,LSMGO,2.0,691.0,689.0,669.0,corpus/01-brokers/gibson/2023/gibson_2023_2023-06-16-More-With-Less.pdf
2023-06-16,24,Rotterdam,VLSFO,-12.0,535.0,547.0,526.0,corpus/01-brokers/gibson/2023/gibson_2023_2023-06-16-More-With-Less.pdf
2023-06-16,24,Singapore,VLSFO,5.0,586.0,581.0,564.0,corpus/01-brokers/gibson/2023/gibson_2023_2023-06-16-More-With-Less.pdf
2023-06-23,25,Fujairah,VLSFO,14.0,583.0,569.0,564.0,corpus/01-brokers/gibson/2023/gibson_2023_2023-06-23-5-Years-Forward.pdf
2023-06-23,25,Rotterdam,LSMGO,24.0,715.0,691.0,681.0,corpus/01-brokers/gibson/2023/gibson_2023_2023-06-23-5-Years-Forward.pdf
2023-06-23,25,Rotterdam,VLSFO,14.0,549.0,535.0,534.0,corpus/01-brokers/gibson/2023/gibson_2023_2023-06-23-5-Years-Forward.pdf
2023-06-23,25,Singapore,VLSFO,21.0,607.0,586.0,580.0,corpus/01-brokers/gibson/2023/gibson_2023_2023-06-23-5-Years-Forward.pdf
2023-06-30,26,Fujairah,VLSFO,-17.0,566.0,583.0,535.0,corpus/01-brokers/gibson/2023/gibson_2023_2023-06-30-The-Final-Countdown.pdf
2023-06-30,26,Rotterdam,LSMGO,-24.0,691.0,715.0,650.0,corpus/01-brokers/gibson/2023/gibson_2023_2023-06-30-The-Final-Countdown.pdf
2023-06-30,26,Rotterdam,VLSFO,-25.0,524.0,549.0,520.0,corpus/01-brokers/gibson/2023/gibson_2023_2023-06-30-The-Final-Countdown.pdf
2023-06-30,26,Singapore,VLSFO,-32.0,575.0,607.0,552.0,corpus/01-brokers/gibson/2023/gibson_2023_2023-06-30-The-Final-Countdown.pdf
2023-07-07,27,Fujairah,VLSFO,-6.0,560.0,566.0,558.0,corpus/01-brokers/gibson/2023/gibson_2023_2023-07-07-Negative-Naphtha_.pdf
2023-07-07,27,Rotterdam,LSMGO,22.0,713.0,691.0,689.0,corpus/01-brokers/gibson/2023/gibson_2023_2023-07-07-Negative-Naphtha_.pdf
2023-07-07,27,Rotterdam,VLSFO,10.0,534.0,524.0,547.0,corpus/01-brokers/gibson/2023/gibson_2023_2023-07-07-Negative-Naphtha_.pdf
2023-07-07,27,Singapore,VLSFO,0.0,575.0,575.0,581.0,corpus/01-brokers/gibson/2023/gibson_2023_2023-07-07-Negative-Naphtha_.pdf
2023-07-14,28,Fujairah,VLSFO,-1.0,559.0,560.0,569.0,corpus/01-brokers/gibson/2023/gibson_2023_2023-07-15-Vaca-Muerta-Vive.pdf
2023-07-14,28,Rotterdam,LSMGO,37.0,750.0,713.0,691.0,corpus/01-brokers/gibson/2023/gibson_2023_2023-07-15-Vaca-Muerta-Vive.pdf
2023-07-14,28,Rotterdam,VLSFO,9.0,543.0,534.0,535.0,corpus/01-brokers/gibson/2023/gibson_2023_2023-07-15-Vaca-Muerta-Vive.pdf
2023-07-14,28,Singapore,VLSFO,-5.0,570.0,575.0,586.0,corpus/01-brokers/gibson/2023/gibson_2023_2023-07-15-Vaca-Muerta-Vive.pdf
2023-07-21,29,Fujairah,VLSFO,3.0,562.0,559.0,583.0,corpus/01-brokers/gibson/2023/gibson_2023_2023-07-21-Ambitious-Targets.pdf
2023-07-21,29,Rotterdam,LSMGO,3.0,753.0,750.0,715.0,corpus/01-brokers/gibson/2023/gibson_2023_2023-07-21-Ambitious-Targets.pdf
2023-07-21,29,Rotterdam,VLSFO,4.0,547.0,543.0,549.0,corpus/01-brokers/gibson/2023/gibson_2023_2023-07-21-Ambitious-Targets.pdf
2023-07-21,29,Singapore,VLSFO,0.0,570.0,570.0,607.0,corpus/01-brokers/gibson/2023/gibson_2023_2023-07-21-Ambitious-Targets.pdf
2023-07-28,30,Fujairah,VLSFO,19.0,581.0,562.0,566.0,corpus/01-brokers/gibson/2023/gibson_2023_2023-07-28-Trouble-in-the-Rhineland.pdf
2023-07-28,30,Rotterdam,LSMGO,49.0,802.0,753.0,691.0,corpus/01-brokers/gibson/2023/gibson_2023_2023-07-28-Trouble-in-the-Rhineland.pdf
2023-07-28,30,Rotterdam,VLSFO,20.0,567.0,547.0,524.0,corpus/01-brokers/gibson/2023/gibson_2023_2023-07-28-Trouble-in-the-Rhineland.pdf
2023-07-28,30,Singapore,VLSFO,16.0,586.0,570.0,575.0,corpus/01-brokers/gibson/2023/gibson_2023_2023-07-28-Trouble-in-the-Rhineland.pdf
2023-08-04,31,Fujairah,VLSFO,49.0,630.0,581.0,560.0,corpus/01-brokers/gibson/2023/gibson_2023_2023-08-04-Above-the-Cap.pdf
2023-08-04,31,Rotterdam,LSMGO,89.0,891.0,802.0,713.0,corpus/01-brokers/gibson/2023/gibson_2023_2023-08-04-Above-the-Cap.pdf
2023-08-04,31,Rotterdam,VLSFO,612.0,567.0,534.0,,corpus/01-brokers/gibson/2023/gibson_2023_2023-08-04-Above-the-Cap.pdf
2023-08-04,31,Singapore,VLSFO,47.0,633.0,586.0,575.0,corpus/01-brokers/gibson/2023/gibson_2023_2023-08-04-Above-the-Cap.pdf
2023-08-11,32,Fujairah,VLSFO,1.0,631.0,630.0,559.0,corpus/01-brokers/gibson/2023/gibson_2023_2023-08-11-If-You-Build-It-They-Will-Come.pdf
2023-08-11,32,Rotterdam,LSMGO,901.0,891.0,750.0,,corpus/01-brokers/gibson/2023/gibson_2023_2023-08-11-If-You-Build-It-They-Will-Come.pdf
2023-08-11,32,Rotterdam,VLSFO,3.0,615.0,612.0,543.0,corpus/01-brokers/gibson/2023/gibson_2023_2023-08-11-If-You-Build-It-They-Will-Come.pdf
2023-08-11,32,Singapore,VLSFO,-2.0,631.0,633.0,570.0,corpus/01-brokers/gibson/2023/gibson_2023_2023-08-11-If-You-Build-It-They-Will-Come.pdf
2023-08-18,33,Fujairah,VLSFO,-2.0,629.0,631.0,562.0,corpus/01-brokers/gibson/2023/gibson_2023_2023-08-18-End-of-an-Era.pdf
2023-08-18,33,Rotterdam,LSMGO,-30.0,871.0,901.0,753.0,corpus/01-brokers/gibson/2023/gibson_2023_2023-08-18-End-of-an-Era.pdf
2023-08-18,33,Rotterdam,VLSFO,589.0,615.0,547.0,,corpus/01-brokers/gibson/2023/gibson_2023_2023-08-18-End-of-an-Era.pdf
2023-08-18,33,Singapore,VLSFO,639.0,631.0,570.0,,corpus/01-brokers/gibson/2023/gibson_2023_2023-08-18-End-of-an-Era.pdf
2023-08-25,34,Fujairah,VLSFO,-18.0,611.0,629.0,581.0,corpus/01-brokers/gibson/2023/gibson_2023_Gibson-Shipbrokers_week-34.pdf
2023-08-25,34,Rotterdam,LSMGO,21.0,892.0,871.0,802.0,corpus/01-brokers/gibson/2023/gibson_2023_Gibson-Shipbrokers_week-34.pdf
2023-08-25,34,Rotterdam,VLSFO,1.0,590.0,589.0,567.0,corpus/01-brokers/gibson/2023/gibson_2023_Gibson-Shipbrokers_week-34.pdf
2023-08-25,34,Singapore,VLSFO,-17.0,622.0,639.0,586.0,corpus/01-brokers/gibson/2023/gibson_2023_Gibson-Shipbrokers_week-34.pdf
2023-09-01,35,Fujairah,VLSFO,14.0,625.0,611.0,630.0,corpus/01-brokers/gibson/2023/gibson_2023_2023-09-01-Ice-Age-The-Meltdown.pdf
2023-09-01,35,Rotterdam,LSMGO,28.0,920.0,892.0,891.0,corpus/01-brokers/gibson/2023/gibson_2023_2023-09-01-Ice-Age-The-Meltdown.pdf
2023-09-01,35,Rotterdam,VLSFO,14.0,604.0,590.0,612.0,corpus/01-brokers/gibson/2023/gibson_2023_2023-09-01-Ice-Age-The-Meltdown.pdf
2023-09-01,35,Singapore,VLSFO,13.0,635.0,622.0,633.0,corpus/01-brokers/gibson/2023/gibson_2023_2023-09-01-Ice-Age-The-Meltdown.pdf
2023-09-08,36,Fujairah,VLSFO,19.0,630.0,611.0,630.0,corpus/01-brokers/gibson/2023/gibson_2023_2023-09-08-Mexican-Independence.pdf
2023-09-08,36,Rotterdam,LSMGO,30.0,922.0,892.0,891.0,corpus/01-brokers/gibson/2023/gibson_2023_2023-09-08-Mexican-Independence.pdf
2023-09-08,36,Rotterdam,VLSFO,10.0,600.0,590.0,612.0,corpus/01-brokers/gibson/2023/gibson_2023_2023-09-08-Mexican-Independence.pdf
2023-09-08,36,Singapore,VLSFO,20.0,642.0,622.0,633.0,corpus/01-brokers/gibson/2023/gibson_2023_2023-09-08-Mexican-Independence.pdf
2023-09-15,37,Fujairah,VLSFO,21.0,651.0,630.0,629.0,corpus/01-brokers/gibson/2023/gibson_2023_2023-09-15-Traffic-Jam.pdf
2023-09-15,37,Rotterdam,LSMGO,48.0,970.0,922.0,871.0,corpus/01-brokers/gibson/2023/gibson_2023_2023-09-15-Traffic-Jam.pdf
2023-09-15,37,Rotterdam,VLSFO,19.0,619.0,600.0,589.0,corpus/01-brokers/gibson/2023/gibson_2023_2023-09-15-Traffic-Jam.pdf
2023-09-15,37,Singapore,VLSFO,17.0,659.0,642.0,639.0,corpus/01-brokers/gibson/2023/gibson_2023_2023-09-15-Traffic-Jam.pdf
2023-09-22,38,Fujairah,VLSFO,19.0,649.0,630.0,611.0,corpus/01-brokers/gibson/2023/gibson_2023_2023-09-22-Western-Pull-or-Eastern-Push.pdf
2023-09-22,38,Rotterdam,LSMGO,25.0,947.0,922.0,892.0,corpus/01-brokers/gibson/2023/gibson_2023_2023-09-22-Western-Pull-or-Eastern-Push.pdf
2023-09-22,38,Rotterdam,VLSFO,28.0,628.0,600.0,590.0,corpus/01-brokers/gibson/2023/gibson_2023_2023-09-22-Western-Pull-or-Eastern-Push.pdf
2023-09-22,38,Singapore,VLSFO,23.0,665.0,642.0,622.0,corpus/01-brokers/gibson/2023/gibson_2023_2023-09-22-Western-Pull-or-Eastern-Push.pdf
2023-09-29,39,Fujairah,VLSFO,12.0,653.0,641.0,630.0,corpus/01-brokers/gibson/2023/gibson_2023_2023-09-29-Dream-or-Reality.pdf
2023-09-29,39,Rotterdam,LSMGO,-15.0,940.0,955.0,922.0,corpus/01-brokers/gibson/2023/gibson_2023_2023-09-29-Dream-or-Reality.pdf
2023-09-29,39,Rotterdam,VLSFO,5.0,626.0,621.0,600.0,corpus/01-brokers/gibson/2023/gibson_2023_2023-09-29-Dream-or-Reality.pdf
2023-09-29,39,Singapore,VLSFO,17.0,678.0,661.0,642.0,corpus/01-brokers/gibson/2023/gibson_2023_2023-09-29-Dream-or-Reality.pdf
2023-10-06,40,Fujairah,VLSFO,2.0,655.0,653.0,630.0,corpus/01-brokers/gibson/html/2023/2023-10-06_dollar-strength.html
2023-10-06,40,Rotterdam,LSMGO,-47.0,893.0,940.0,922.0,corpus/01-brokers/gibson/html/2023/2023-10-06_dollar-strength.html
2023-10-06,40,Rotterdam,VLSFO,-25.0,601.0,626.0,600.0,corpus/01-brokers/gibson/html/2023/2023-10-06_dollar-strength.html
2023-10-06,40,Singapore,VLSFO,-7.0,671.0,678.0,642.0,corpus/01-brokers/gibson/html/2023/2023-10-06_dollar-strength.html
2023-10-13,41,Fujairah,VLSFO,-19.0,636.0,655.0,651.0,corpus/01-brokers/gibson/html/2023/2023-10-13_sideline-observer.html
2023-10-13,41,Rotterdam,LSMGO,-34.0,859.0,893.0,970.0,corpus/01-brokers/gibson/html/2023/2023-10-13_sideline-observer.html
2023-10-13,41,Rotterdam,VLSFO,-5.0,596.0,601.0,619.0,corpus/01-brokers/gibson/html/2023/2023-10-13_sideline-observer.html
2023-10-13,41,Singapore,VLSFO,-24.0,647.0,671.0,659.0,corpus/01-brokers/gibson/html/2023/2023-10-13_sideline-observer.html
2023-10-20,42,Fujairah,VLSFO,29.0,665.0,636.0,653.0,corpus/01-brokers/gibson/html/2023/2023-10-20_back-in-black.html
2023-10-20,42,Rotterdam,LSMGO,41.0,900.0,859.0,940.0,corpus/01-brokers/gibson/html/2023/2023-10-20_back-in-black.html
2023-10-20,42,Rotterdam,VLSFO,25.0,621.0,596.0,626.0,corpus/01-brokers/gibson/html/2023/2023-10-20_back-in-black.html
2023-10-20,42,Singapore,VLSFO,39.0,686.0,647.0,678.0,corpus/01-brokers/gibson/html/2023/2023-10-20_back-in-black.html
2023-10-27,43,Fujairah,VLSFO,-19.0,646.0,665.0,653.0,corpus/01-brokers/gibson/html/2023/2023-10-27_peak-a-boo.html
2023-10-27,43,Rotterdam,LSMGO,-49.0,851.0,900.0,940.0,corpus/01-brokers/gibson/html/2023/2023-10-27_peak-a-boo.html
2023-10-27,43,Rotterdam,VLSFO,-30.0,591.0,621.0,626.0,corpus/01-brokers/gibson/html/2023/2023-10-27_peak-a-boo.html
2023-10-27,43,Singapore,VLSFO,-27.0,659.0,686.0,678.0,corpus/01-brokers/gibson/html/2023/2023-10-27_peak-a-boo.html
2023-11-03,44,Fujairah,VLSFO,35.0,681.0,646.0,655.0,corpus/01-brokers/gibson/html/2023/2023-11-03_taxing-times.html
2023-11-03,44,Rotterdam,LSMGO,1.0,857.0,856.0,893.0,corpus/01-brokers/gibson/html/2023/2023-11-03_taxing-times.html
2023-11-03,44,Rotterdam,VLSFO,-5.0,585.0,590.0,601.0,corpus/01-brokers/gibson/html/2023/2023-11-03_taxing-times.html
2023-11-03,44,Singapore,VLSFO,22.0,687.0,665.0,671.0,corpus/01-brokers/gibson/html/2023/2023-11-03_taxing-times.html
2023-11-10,45,Fujairah,VLSFO,-25.0,656.0,681.0,636.0,corpus/01-brokers/gibson/html/2023/2023-11-10_winter-is-coming.html
2023-11-10,45,Rotterdam,LSMGO,-90.0,767.0,857.0,859.0,corpus/01-brokers/gibson/html/2023/2023-11-10_winter-is-coming.html
2023-11-10,45,Rotterdam,VLSFO,-26.0,559.0,585.0,596.0,corpus/01-brokers/gibson/html/2023/2023-11-10_winter-is-coming.html
2023-11-10,45,Singapore,VLSFO,-18.0,669.0,687.0,647.0,corpus/01-brokers/gibson/html/2023/2023-11-10_winter-is-coming.html
2023-11-17,46,Fujairah,VLSFO,2.0,658.0,656.0,665.0,corpus/01-brokers/gibson/html/2023/2023-11-17_distillate-disconnect.html
2023-11-17,46,Rotterdam,LSMGO,9.0,776.0,767.0,900.0,corpus/01-brokers/gibson/html/2023/2023-11-17_distillate-disconnect.html
2023-11-17,46,Rotterdam,VLSFO,17.0,576.0,559.0,621.0,corpus/01-brokers/gibson/html/2023/2023-11-17_distillate-disconnect.html
2023-11-17,46,Singapore,VLSFO,7.0,676.0,669.0,686.0,corpus/01-brokers/gibson/html/2023/2023-11-17_distillate-disconnect.html
2023-12-01,48,Fujairah,VLSFO,0.0,651.0,651.0,681.0,corpus/01-brokers/gibson/html/2023/2023-12-01_too-much-or-too-little.html
2023-12-01,48,Rotterdam,LSMGO,10.0,806.0,796.0,857.0,corpus/01-brokers/gibson/html/2023/2023-12-01_too-much-or-too-little.html
2023-12-01,48,Rotterdam,VLSFO,9.0,579.0,570.0,585.0,corpus/01-brokers/gibson/html/2023/2023-12-01_too-much-or-too-little.html
2023-12-01,48,Singapore,VLSFO,-33.0,648.0,681.0,687.0,corpus/01-brokers/gibson/html/2023/2023-12-01_too-much-or-too-little.html
2023-12-08,49,Fujairah,VLSFO,-65.0,586.0,651.0,656.0,corpus/01-brokers/gibson/html/2023/2023-12-08_output-momentum.html
2023-12-08,49,Rotterdam,LSMGO,157.0,736.0,579.0,767.0,corpus/01-brokers/gibson/html/2023/2023-12-08_output-momentum.html
2023-12-08,49,Rotterdam,VLSFO,-43.0,536.0,579.0,559.0,corpus/01-brokers/gibson/html/2023/2023-12-08_output-momentum.html
2023-12-08,49,Singapore,VLSFO,-51.0,597.0,648.0,669.0,corpus/01-brokers/gibson/html/2023/2023-12-08_output-momentum.html
2023-12-15,50,Fujairah,VLSFO,-10.0,576.0,586.0,658.0,corpus/01-brokers/gibson/html/2023/2023-12-15_2023-turmoil.html
2023-12-15,50,Rotterdam,LSMGO,-7.0,729.0,736.0,776.0,corpus/01-brokers/gibson/html/2023/2023-12-15_2023-turmoil.html
2023-12-15,50,Rotterdam,VLSFO,,,100.1,,corpus/01-brokers/gibson/html/2023/2023-12-15_2023-turmoil.html
2023-12-15,50,Singapore,VLSFO,-20.0,577.0,597.0,676.0,corpus/01-brokers/gibson/html/2023/2023-12-15_2023-turmoil.html
2024-01-05,1,Fujairah,VLSFO,-11.0,610.0,621.0,586.0,corpus/01-brokers/gibson/html/2024/2024-01-05_a-year-ahead.html
2024-01-05,1,Rotterdam,LSMGO,16.0,741.0,725.0,736.0,corpus/01-brokers/gibson/html/2024/2024-01-05_a-year-ahead.html
2024-01-05,1,Rotterdam,VLSFO,18.0,560.0,542.0,536.0,corpus/01-brokers/gibson/html/2024/2024-01-05_a-year-ahead.html
2024-01-05,1,Singapore,VLSFO,9.0,602.0,593.0,597.0,corpus/01-brokers/gibson/html/2024/2024-01-05_a-year-ahead.html
2024-01-12,2,Fujairah,VLSFO,-25.0,585.0,610.0,571.0,corpus/01-brokers/gibson/html/2024/2024-01-12_force-majeure.html
2024-01-12,2,Rotterdam,LSMGO,-1.0,740.0,741.0,710.0,corpus/01-brokers/gibson/html/2024/2024-01-12_force-majeure.html
2024-01-12,2,Rotterdam,VLSFO,-14.0,546.0,560.0,526.0,corpus/01-brokers/gibson/html/2024/2024-01-12_force-majeure.html
2024-01-12,2,Singapore,VLSFO,-12.0,590.0,602.0,565.0,corpus/01-brokers/gibson/html/2024/2024-01-12_force-majeure.html
2024-01-19,3,Fujairah,VLSFO,5.0,590.0,585.0,616.0,corpus/01-brokers/gibson/html/2024/2024-01-19_beating-expectations.html
2024-01-19,3,Rotterdam,LSMGO,0.0,740.0,740.0,769.0,corpus/01-brokers/gibson/html/2024/2024-01-19_beating-expectations.html
2024-01-19,3,Rotterdam,VLSFO,-4.0,542.0,546.0,551.0,corpus/01-brokers/gibson/html/2024/2024-01-19_beating-expectations.html
2024-01-19,3,Singapore,VLSFO,16.0,606.0,590.0,610.0,corpus/01-brokers/gibson/html/2024/2024-01-19_beating-expectations.html
2024-01-26,4,Fujairah,VLSFO,5.0,590.0,585.0,616.0,corpus/01-brokers/gibson/html/2024/2024-01-26_the-long-way-round.html
2024-01-26,4,Rotterdam,LSMGO,0.0,740.0,740.0,769.0,corpus/01-brokers/gibson/html/2024/2024-01-26_the-long-way-round.html
2024-01-26,4,Rotterdam,VLSFO,-4.0,542.0,546.0,551.0,corpus/01-brokers/gibson/html/2024/2024-01-26_the-long-way-round.html
2024-01-26,4,Singapore,VLSFO,16.0,606.0,590.0,610.0,corpus/01-brokers/gibson/html/2024/2024-01-26_the-long-way-round.html
2024-02-02,5,Fujairah,VLSFO,5.0,621.0,616.0,610.0,corpus/01-brokers/gibson/html/2024/2024-02-02_stepping-back.html
2024-02-02,5,Rotterdam,LSMGO,22.0,803.0,781.0,741.0,corpus/01-brokers/gibson/html/2024/2024-02-02_stepping-back.html
2024-02-02,5,Rotterdam,VLSFO,7.0,575.0,568.0,560.0,corpus/01-brokers/gibson/html/2024/2024-02-02_stepping-back.html
2024-02-02,5,Singapore,VLSFO,5.0,636.0,631.0,602.0,corpus/01-brokers/gibson/html/2024/2024-02-02_stepping-back.html
2024-02-09,6,Fujairah,VLSFO,-12.0,609.0,621.0,585.0,corpus/01-brokers/gibson/html/2024/2024-02-09_red-sea-key-tanker-flows.html
2024-02-09,6,Rotterdam,LSMGO,-2.0,801.0,803.0,740.0,corpus/01-brokers/gibson/html/2024/2024-02-09_red-sea-key-tanker-flows.html
2024-02-09,6,Rotterdam,VLSFO,-10.0,565.0,575.0,546.0,corpus/01-brokers/gibson/html/2024/2024-02-09_red-sea-key-tanker-flows.html
2024-02-09,6,Singapore,VLSFO,-6.0,630.0,636.0,590.0,corpus/01-brokers/gibson/html/2024/2024-02-09_red-sea-key-tanker-flows.html
2024-02-16,7,Fujairah,VLSFO,0.0,609.0,609.0,590.0,corpus/01-brokers/gibson/html/2024/2024-02-16_how-green-is-green.html
2024-02-16,7,Rotterdam,LSMGO,-8.0,793.0,801.0,740.0,corpus/01-brokers/gibson/html/2024/2024-02-16_how-green-is-green.html
2024-02-16,7,Rotterdam,VLSFO,3.0,568.0,565.0,542.0,corpus/01-brokers/gibson/html/2024/2024-02-16_how-green-is-green.html
2024-02-16,7,Singapore,VLSFO,7.0,637.0,630.0,606.0,corpus/01-brokers/gibson/html/2024/2024-02-16_how-green-is-green.html
2024-02-23,8,Fujairah,VLSFO,11.0,620.0,609.0,616.0,corpus/01-brokers/gibson/html/2024/2024-02-23_the-9-million-barrel-question.html
2024-02-23,8,Rotterdam,LSMGO,-18.0,775.0,793.0,781.0,corpus/01-brokers/gibson/html/2024/2024-02-23_the-9-million-barrel-question.html
2024-02-23,8,Rotterdam,VLSFO,6.0,574.0,568.0,568.0,corpus/01-brokers/gibson/html/2024/2024-02-23_the-9-million-barrel-question.html
2024-02-23,8,Singapore,VLSFO,1.0,638.0,637.0,631.0,corpus/01-brokers/gibson/html/2024/2024-02-23_the-9-million-barrel-question.html
2024-03-01,9,Fujairah,VLSFO,10.0,630.0,620.0,621.0,corpus/01-brokers/gibson/html/2024/2024-03-01_a-passage-to-the-panama-canal.html
2024-03-01,9,Rotterdam,LSMGO,-5.0,770.0,775.0,803.0,corpus/01-brokers/gibson/html/2024/2024-03-01_a-passage-to-the-panama-canal.html
2024-03-01,9,Rotterdam,VLSFO,5.0,579.0,574.0,575.0,corpus/01-brokers/gibson/html/2024/2024-03-01_a-passage-to-the-panama-canal.html
2024-03-01,9,Singapore,VLSFO,-2.0,636.0,638.0,636.0,corpus/01-brokers/gibson/html/2024/2024-03-01_a-passage-to-the-panama-canal.html
2024-03-08,10,Fujairah,VLSFO,16.0,646.0,630.0,609.0,corpus/01-brokers/gibson/html/2024/2024-03-08_grey-shift.html
2024-03-08,10,Rotterdam,LSMGO,-17.0,753.0,770.0,801.0,corpus/01-brokers/gibson/html/2024/2024-03-08_grey-shift.html
2024-03-08,10,Rotterdam,VLSFO,2.0,581.0,579.0,565.0,corpus/01-brokers/gibson/html/2024/2024-03-08_grey-shift.html
2024-03-08,10,Singapore,VLSFO,-2.0,634.0,636.0,630.0,corpus/01-brokers/gibson/html/2024/2024-03-08_grey-shift.html
2024-03-15,11,Fujairah,VLSFO,-5.0,641.0,646.0,609.0,corpus/01-brokers/gibson/html/2024/2024-03-15_on-the-margin.html
2024-03-15,11,Rotterdam,LSMGO,23.0,776.0,753.0,793.0,corpus/01-brokers/gibson/html/2024/2024-03-15_on-the-margin.html
2024-03-15,11,Rotterdam,VLSFO,5.0,586.0,581.0,568.0,corpus/01-brokers/gibson/html/2024/2024-03-15_on-the-margin.html
2024-03-15,11,Singapore,VLSFO,6.0,640.0,634.0,637.0,corpus/01-brokers/gibson/html/2024/2024-03-15_on-the-margin.html
2024-03-22,12,Fujairah,VLSFO,-6.0,635.0,641.0,620.0,corpus/01-brokers/gibson/html/2024/2024-03-22_relentless-regulations.html
2024-03-22,12,Rotterdam,LSMGO,8.0,784.0,776.0,775.0,corpus/01-brokers/gibson/html/2024/2024-03-22_relentless-regulations.html
2024-03-22,12,Rotterdam,VLSFO,9.0,595.0,586.0,574.0,corpus/01-brokers/gibson/html/2024/2024-03-22_relentless-regulations.html
2024-03-22,12,Singapore,VLSFO,-2.0,638.0,640.0,638.0,corpus/01-brokers/gibson/html/2024/2024-03-22_relentless-regulations.html
2024-04-05,14,Fujairah,VLSFO,9.0,644.0,635.0,646.0,corpus/01-brokers/gibson/html/2024/2024-04-05_new-frontier.html
2024-04-05,14,Rotterdam,LSMGO,17.0,801.0,784.0,753.0,corpus/01-brokers/gibson/html/2024/2024-04-05_new-frontier.html
2024-04-05,14,Rotterdam,VLSFO,13.0,608.0,595.0,581.0,corpus/01-brokers/gibson/html/2024/2024-04-05_new-frontier.html
2024-04-05,14,Singapore,VLSFO,6.0,644.0,638.0,634.0,corpus/01-brokers/gibson/html/2024/2024-04-05_new-frontier.html
2024-04-12,15,Fujairah,VLSFO,1.0,645.0,644.0,635.0,corpus/01-brokers/gibson/html/2024/2024-04-12_turkish-delight.html
2024-04-12,15,Rotterdam,LSMGO,-10.0,791.0,801.0,784.0,corpus/01-brokers/gibson/html/2024/2024-04-12_turkish-delight.html
2024-04-12,15,Rotterdam,VLSFO,3.0,611.0,608.0,595.0,corpus/01-brokers/gibson/html/2024/2024-04-12_turkish-delight.html
2024-04-12,15,Singapore,VLSFO,2.0,646.0,644.0,638.0,corpus/01-brokers/gibson/html/2024/2024-04-12_turkish-delight.html
2024-04-19,16,Fujairah,VLSFO,-6.0,639.0,645.0,629.0,corpus/01-brokers/gibson/html/2024/2024-04-19_looking-into-2025.html
2024-04-19,16,Rotterdam,LSMGO,-52.0,739.0,791.0,770.0,corpus/01-brokers/gibson/html/2024/2024-04-19_looking-into-2025.html
2024-04-19,16,Rotterdam,VLSFO,-5.0,606.0,611.0,596.0,corpus/01-brokers/gibson/html/2024/2024-04-19_looking-into-2025.html
2024-04-19,16,Singapore,VLSFO,-9.0,637.0,646.0,637.0,corpus/01-brokers/gibson/html/2024/2024-04-19_looking-into-2025.html
2024-04-26,17,Fujairah,VLSFO,2.0,641.0,639.0,629.0,corpus/01-brokers/gibson/html/2024/2024-04-26_shifting-supply-chains.html
2024-04-26,17,Rotterdam,LSMGO,5.0,744.0,739.0,770.0,corpus/01-brokers/gibson/html/2024/2024-04-26_shifting-supply-chains.html
2024-04-26,17,Rotterdam,VLSFO,-6.0,600.0,606.0,596.0,corpus/01-brokers/gibson/html/2024/2024-04-26_shifting-supply-chains.html
2024-04-26,17,Singapore,VLSFO,5.0,642.0,637.0,637.0,corpus/01-brokers/gibson/html/2024/2024-04-26_shifting-supply-chains.html
2024-05-03,18,Fujairah,VLSFO,-16.0,625.0,641.0,644.0,corpus/01-brokers/gibson/html/2024/2024-05-03_is-ev-uptake-slowing.html
2024-05-03,18,Rotterdam,LSMGO,-23.0,721.0,744.0,801.0,corpus/01-brokers/gibson/html/2024/2024-05-03_is-ev-uptake-slowing.html
2024-05-03,18,Rotterdam,VLSFO,-40.0,560.0,600.0,608.0,corpus/01-brokers/gibson/html/2024/2024-05-03_is-ev-uptake-slowing.html
2024-05-03,18,Singapore,VLSFO,-21.0,621.0,642.0,644.0,corpus/01-brokers/gibson/html/2024/2024-05-03_is-ev-uptake-slowing.html
2024-05-10,19,Fujairah,VLSFO,0.0,625.0,625.0,645.0,corpus/01-brokers/gibson/html/2024/2024-05-10_asset-price-ambiguity.html
2024-05-10,19,Rotterdam,LSMGO,18.0,739.0,721.0,791.0,corpus/01-brokers/gibson/html/2024/2024-05-10_asset-price-ambiguity.html
2024-05-10,19,Rotterdam,VLSFO,9.0,569.0,560.0,611.0,corpus/01-brokers/gibson/html/2024/2024-05-10_asset-price-ambiguity.html
2024-05-10,19,Singapore,VLSFO,5.0,626.0,621.0,646.0,corpus/01-brokers/gibson/html/2024/2024-05-10_asset-price-ambiguity.html
2024-05-17,20,Fujairah,VLSFO,-8.0,617.0,625.0,639.0,corpus/01-brokers/gibson/html/2024/2024-05-17_dark-flows.html
2024-05-17,20,Rotterdam,LSMGO,-8.0,731.0,739.0,739.0,corpus/01-brokers/gibson/html/2024/2024-05-17_dark-flows.html
2024-05-17,20,Rotterdam,VLSFO,-7.0,562.0,569.0,606.0,corpus/01-brokers/gibson/html/2024/2024-05-17_dark-flows.html
2024-05-17,20,Singapore,VLSFO,-7.0,619.0,626.0,637.0,corpus/01-brokers/gibson/html/2024/2024-05-17_dark-flows.html
2024-05-24,21,Fujairah,VLSFO,-23.0,594.0,617.0,641.0,corpus/01-brokers/gibson/html/2024/2024-05-24_opecs-dilemma.html
2024-05-24,21,Rotterdam,LSMGO,7.0,738.0,731.0,744.0,corpus/01-brokers/gibson/html/2024/2024-05-24_opecs-dilemma.html
2024-05-24,21,Rotterdam,VLSFO,-12.0,550.0,562.0,600.0,corpus/01-brokers/gibson/html/2024/2024-05-24_opecs-dilemma.html
2024-05-24,21,Singapore,VLSFO,-23.0,596.0,619.0,642.0,corpus/01-brokers/gibson/html/2024/2024-05-24_opecs-dilemma.html
2024-05-31,22,Fujairah,VLSFO,6.0,600.0,594.0,625.0,corpus/01-brokers/gibson/html/2024/2024-05-31_still-handy.html
2024-05-31,22,Rotterdam,LSMGO,-1.0,737.0,738.0,721.0,corpus/01-brokers/gibson/html/2024/2024-05-31_still-handy.html
2024-05-31,22,Rotterdam,VLSFO,10.0,560.0,550.0,560.0,corpus/01-brokers/gibson/html/2024/2024-05-31_still-handy.html
2024-05-31,22,Singapore,VLSFO,3.0,599.0,596.0,621.0,corpus/01-brokers/gibson/html/2024/2024-05-31_still-handy.html
2024-06-07,23,Fujairah,VLSFO,-30.0,570.0,600.0,625.0,corpus/01-brokers/gibson/html/2024/2024-06-07_a-lot-of-moving-parts.html
2024-06-07,23,Rotterdam,LSMGO,-36.0,701.0,737.0,739.0,corpus/01-brokers/gibson/html/2024/2024-06-07_a-lot-of-moving-parts.html
2024-06-07,23,Rotterdam,VLSFO,-39.0,521.0,560.0,569.0,corpus/01-brokers/gibson/html/2024/2024-06-07_a-lot-of-moving-parts.html
2024-06-07,23,Singapore,VLSFO,-28.0,571.0,599.0,626.0,corpus/01-brokers/gibson/html/2024/2024-06-07_a-lot-of-moving-parts.html
2024-06-14,24,Fujairah,VLSFO,25.0,595.0,570.0,617.0,corpus/01-brokers/gibson/html/2024/2024-06-14_the-long-view.html
2024-06-14,24,Rotterdam,LSMGO,30.0,731.0,701.0,731.0,corpus/01-brokers/gibson/html/2024/2024-06-14_the-long-view.html
2024-06-14,24,Rotterdam,VLSFO,22.0,543.0,521.0,562.0,corpus/01-brokers/gibson/html/2024/2024-06-14_the-long-view.html
2024-06-14,24,Singapore,VLSFO,22.0,593.0,571.0,619.0,corpus/01-brokers/gibson/html/2024/2024-06-14_the-long-view.html
2024-06-21,25,Fujairah,VLSFO,15.0,610.0,595.0,594.0,corpus/01-brokers/gibson/html/2024/2024-06-21_cleaning-up.html
2024-06-21,25,Rotterdam,LSMGO,37.0,768.0,731.0,738.0,corpus/01-brokers/gibson/html/2024/2024-06-21_cleaning-up.html
2024-06-21,25,Rotterdam,VLSFO,19.0,562.0,543.0,550.0,corpus/01-brokers/gibson/html/2024/2024-06-21_cleaning-up.html
2024-06-21,25,Singapore,VLSFO,19.0,612.0,593.0,596.0,corpus/01-brokers/gibson/html/2024/2024-06-21_cleaning-up.html
2024-06-28,26,Fujairah,VLSFO,15.0,610.0,595.0,594.0,corpus/01-brokers/gibson/html/2024/2024-06-28_mired-in-mrs.html
2024-06-28,26,Rotterdam,LSMGO,37.0,768.0,731.0,738.0,corpus/01-brokers/gibson/html/2024/2024-06-28_mired-in-mrs.html
2024-06-28,26,Rotterdam,VLSFO,19.0,562.0,543.0,550.0,corpus/01-brokers/gibson/html/2024/2024-06-28_mired-in-mrs.html
2024-06-28,26,Singapore,VLSFO,19.0,612.0,593.0,596.0,corpus/01-brokers/gibson/html/2024/2024-06-28_mired-in-mrs.html
2024-07-05,27,Fujairah,VLSFO,15.0,635.0,620.0,570.0,corpus/01-brokers/gibson/html/2024/2024-07-05_mid-year-review.html
2024-07-05,27,Rotterdam,LSMGO,-11.0,756.0,767.0,701.0,corpus/01-brokers/gibson/html/2024/2024-07-05_mid-year-review.html
2024-07-05,27,Rotterdam,VLSFO,74.98,83.0,,,corpus/01-brokers/gibson/html/2024/2024-07-05_mid-year-review.html
2024-07-05,27,Singapore,VLSFO,,,,,corpus/01-brokers/gibson/html/2024/2024-07-05_mid-year-review.html
2024-07-12,28,Fujairah,VLSFO,-12.0,623.0,635.0,595.0,corpus/01-brokers/gibson/html/2024/2024-07-12_cash-cow.html
2024-07-12,28,Rotterdam,LSMGO,-22.0,734.0,756.0,731.0,corpus/01-brokers/gibson/html/2024/2024-07-12_cash-cow.html
2024-07-12,28,Rotterdam,VLSFO,-16.0,571.0,587.0,543.0,corpus/01-brokers/gibson/html/2024/2024-07-12_cash-cow.html
2024-07-12,28,Singapore,VLSFO,-12.0,622.0,634.0,593.0,corpus/01-brokers/gibson/html/2024/2024-07-12_cash-cow.html
2024-07-19,29,Fujairah,VLSFO,-22.0,613.0,635.0,595.0,corpus/01-brokers/gibson/html/2024/2024-07-19_humbled-by-hurricanes.html
2024-07-19,29,Rotterdam,LSMGO,-29.0,727.0,756.0,731.0,corpus/01-brokers/gibson/html/2024/2024-07-19_humbled-by-hurricanes.html
2024-07-19,29,Rotterdam,VLSFO,-16.0,571.0,587.0,543.0,corpus/01-brokers/gibson/html/2024/2024-07-19_humbled-by-hurricanes.html
2024-07-19,29,Singapore,VLSFO,-18.0,616.0,634.0,593.0,corpus/01-brokers/gibson/html/2024/2024-07-19_humbled-by-hurricanes.html
2024-07-26,30,Fujairah,VLSFO,-20.0,601.0,621.0,620.0,corpus/01-brokers/gibson/html/2024/2024-07-26_is-chinas-crude-craze-over.html
2024-07-26,30,Rotterdam,LSMGO,-25.0,706.0,731.0,767.0,corpus/01-brokers/gibson/html/2024/2024-07-26_is-chinas-crude-craze-over.html
2024-07-26,30,Rotterdam,VLSFO,-15.0,557.0,572.0,572.0,corpus/01-brokers/gibson/html/2024/2024-07-26_is-chinas-crude-craze-over.html
2024-07-26,30,Singapore,VLSFO,-11.0,606.0,617.0,623.0,corpus/01-brokers/gibson/html/2024/2024-07-26_is-chinas-crude-craze-over.html
2024-08-02,31,Fujairah,VLSFO,-11.0,590.0,601.0,635.0,corpus/01-brokers/gibson/html/2024/2024-08-02_vlccs-say-yes-to-scrubbers.html
2024-08-02,31,Rotterdam,LSMGO,-3.0,703.0,706.0,756.0,corpus/01-brokers/gibson/html/2024/2024-08-02_vlccs-say-yes-to-scrubbers.html
2024-08-02,31,Rotterdam,VLSFO,3.0,560.0,557.0,587.0,corpus/01-brokers/gibson/html/2024/2024-08-02_vlccs-say-yes-to-scrubbers.html
2024-08-02,31,Singapore,VLSFO,5.0,611.0,606.0,634.0,corpus/01-brokers/gibson/html/2024/2024-08-02_vlccs-say-yes-to-scrubbers.html
2024-08-09,32,Fujairah,VLSFO,-14.0,576.0,590.0,623.0,corpus/01-brokers/gibson/html/2024/2024-08-09_seasonal-slowdown.html
2024-08-09,32,Rotterdam,LSMGO,-39.0,664.0,703.0,734.0,corpus/01-brokers/gibson/html/2024/2024-08-09_seasonal-slowdown.html
2024-08-09,32,Rotterdam,VLSFO,-27.0,533.0,560.0,586.0,corpus/01-brokers/gibson/html/2024/2024-08-09_seasonal-slowdown.html
2024-08-09,32,Singapore,VLSFO,-20.0,591.0,611.0,622.0,corpus/01-brokers/gibson/html/2024/2024-08-09_seasonal-slowdown.html
2024-08-16,33,Fujairah,VLSFO,-1.0,589.0,590.0,623.0,corpus/01-brokers/gibson/html/2024/2024-08-16_the-cool-choice.html
2024-08-16,33,Rotterdam,LSMGO,-12.0,691.0,703.0,734.0,corpus/01-brokers/gibson/html/2024/2024-08-16_the-cool-choice.html
2024-08-16,33,Rotterdam,VLSFO,0.0,560.0,560.0,586.0,corpus/01-brokers/gibson/html/2024/2024-08-16_the-cool-choice.html
2024-08-16,33,Singapore,VLSFO,-11.0,600.0,611.0,622.0,corpus/01-brokers/gibson/html/2024/2024-08-16_the-cool-choice.html
2024-08-23,34,Fujairah,VLSFO,6.0,595.0,589.0,601.0,corpus/01-brokers/gibson/html/2024/2024-08-23_supply-swell.html
2024-08-23,34,Rotterdam,LSMGO,-47.0,644.0,691.0,706.0,corpus/01-brokers/gibson/html/2024/2024-08-23_supply-swell.html
2024-08-23,34,Rotterdam,VLSFO,-34.0,526.0,560.0,557.0,corpus/01-brokers/gibson/html/2024/2024-08-23_supply-swell.html
2024-08-23,34,Singapore,VLSFO,8.0,608.0,600.0,606.0,corpus/01-brokers/gibson/html/2024/2024-08-23_supply-swell.html
2024-08-30,35,Fujairah,VLSFO,19.0,614.0,595.0,590.0,corpus/01-brokers/gibson/html/2024/2024-08-30_whats-next-for-clean.html
2024-08-30,35,Rotterdam,LSMGO,16.0,660.0,644.0,703.0,corpus/01-brokers/gibson/html/2024/2024-08-30_whats-next-for-clean.html
2024-08-30,35,Rotterdam,VLSFO,28.0,554.0,526.0,560.0,corpus/01-brokers/gibson/html/2024/2024-08-30_whats-next-for-clean.html
2024-08-30,35,Singapore,VLSFO,15.0,623.0,608.0,611.0,corpus/01-brokers/gibson/html/2024/2024-08-30_whats-next-for-clean.html
2024-09-06,36,Fujairah,VLSFO,-3.0,611.0,614.0,576.0,corpus/01-brokers/gibson/html/2024/2024-09-06_south-american-supply.html
2024-09-06,36,Rotterdam,LSMGO,-19.0,641.0,660.0,664.0,corpus/01-brokers/gibson/html/2024/2024-09-06_south-american-supply.html
2024-09-06,36,Rotterdam,VLSFO,-17.0,537.0,554.0,533.0,corpus/01-brokers/gibson/html/2024/2024-09-06_south-american-supply.html
2024-09-06,36,Singapore,VLSFO,2.0,625.0,623.0,591.0,corpus/01-brokers/gibson/html/2024/2024-09-06_south-american-supply.html
2024-09-13,37,Fujairah,VLSFO,-47.0,564.0,611.0,589.0,corpus/01-brokers/gibson/html/2024/2024-09-13_mexicos-malaise.html
2024-09-13,37,Rotterdam,LSMGO,-42.0,599.0,641.0,691.0,corpus/01-brokers/gibson/html/2024/2024-09-13_mexicos-malaise.html
2024-09-13,37,Rotterdam,VLSFO,-51.0,486.0,537.0,560.0,corpus/01-brokers/gibson/html/2024/2024-09-13_mexicos-malaise.html
2024-09-13,37,Singapore,VLSFO,-54.0,571.0,625.0,600.0,corpus/01-brokers/gibson/html/2024/2024-09-13_mexicos-malaise.html
2024-09-27,39,Fujairah,VLSFO,-11.0,556.0,567.0,614.0,corpus/01-brokers/gibson/html/2024/2024-09-27_russian-effect.html
2024-09-27,39,Rotterdam,LSMGO,-6.0,610.0,616.0,660.0,corpus/01-brokers/gibson/html/2024/2024-09-27_russian-effect.html
2024-09-27,39,Rotterdam,VLSFO,12.0,526.0,514.0,554.0,corpus/01-brokers/gibson/html/2024/2024-09-27_russian-effect.html
2024-09-27,39,Singapore,VLSFO,-8.0,573.0,581.0,623.0,corpus/01-brokers/gibson/html/2024/2024-09-27_russian-effect.html
2024-10-04,40,Fujairah,VLSFO,-10.0,546.0,556.0,611.0,corpus/01-brokers/gibson/html/2024/2024-10-04_chinese-stimulus.html
2024-10-04,40,Rotterdam,LSMGO,13.0,623.0,610.0,641.0,corpus/01-brokers/gibson/html/2024/2024-10-04_chinese-stimulus.html
2024-10-04,40,Rotterdam,VLSFO,-15.0,511.0,526.0,537.0,corpus/01-brokers/gibson/html/2024/2024-10-04_chinese-stimulus.html
2024-10-04,40,Singapore,VLSFO,-13.0,560.0,573.0,625.0,corpus/01-brokers/gibson/html/2024/2024-10-04_chinese-stimulus.html
2024-10-11,41,Fujairah,VLSFO,51.0,597.0,546.0,564.0,corpus/01-brokers/gibson/html/2024/2024-10-11_emissions-control.html
2024-10-11,41,Rotterdam,LSMGO,58.0,681.0,623.0,599.0,corpus/01-brokers/gibson/html/2024/2024-10-11_emissions-control.html
2024-10-11,41,Rotterdam,VLSFO,42.0,553.0,511.0,486.0,corpus/01-brokers/gibson/html/2024/2024-10-11_emissions-control.html
2024-10-11,41,Singapore,VLSFO,49.0,609.0,560.0,571.0,corpus/01-brokers/gibson/html/2024/2024-10-11_emissions-control.html
2024-10-18,42,Fujairah,VLSFO,-30.0,567.0,597.0,567.0,corpus/01-brokers/gibson/html/2024/2024-10-18_orderbook-vs-aging-fleet.html
2024-10-18,42,Rotterdam,LSMGO,-47.0,634.0,681.0,616.0,corpus/01-brokers/gibson/html/2024/2024-10-18_orderbook-vs-aging-fleet.html
2024-10-18,42,Rotterdam,VLSFO,-16.0,537.0,553.0,514.0,corpus/01-brokers/gibson/html/2024/2024-10-18_orderbook-vs-aging-fleet.html
2024-10-18,42,Singapore,VLSFO,-22.0,587.0,609.0,581.0,corpus/01-brokers/gibson/html/2024/2024-10-18_orderbook-vs-aging-fleet.html
2024-10-25,43,Fujairah,VLSFO,22.0,589.0,567.0,556.0,corpus/01-brokers/gibson/html/2024/2024-10-25_made-in-america.html
2024-10-25,43,Rotterdam,LSMGO,43.0,677.0,634.0,610.0,corpus/01-brokers/gibson/html/2024/2024-10-25_made-in-america.html
2024-10-25,43,Rotterdam,VLSFO,3.0,540.0,537.0,526.0,corpus/01-brokers/gibson/html/2024/2024-10-25_made-in-america.html
2024-10-25,43,Singapore,VLSFO,16.0,603.0,587.0,573.0,corpus/01-brokers/gibson/html/2024/2024-10-25_made-in-america.html
2024-11-01,44,Fujairah,VLSFO,-26.0,563.0,589.0,556.0,corpus/01-brokers/gibson/html/2024/2024-11-01_long-view.html
2024-11-01,44,Rotterdam,LSMGO,-24.0,653.0,677.0,610.0,corpus/01-brokers/gibson/html/2024/2024-11-01_long-view.html
2024-11-01,44,Rotterdam,VLSFO,-19.0,521.0,540.0,526.0,corpus/01-brokers/gibson/html/2024/2024-11-01_long-view.html
2024-11-01,44,Singapore,VLSFO,-18.0,585.0,603.0,573.0,corpus/01-brokers/gibson/html/2024/2024-11-01_long-view.html
2024-11-08,45,Fujairah,VLSFO,14.0,577.0,563.0,546.0,corpus/01-brokers/gibson/html/2024/2024-11-08_too-close-to-call.html
2024-11-08,45,Rotterdam,LSMGO,13.0,666.0,653.0,623.0,corpus/01-brokers/gibson/html/2024/2024-11-08_too-close-to-call.html
2024-11-08,45,Rotterdam,VLSFO,-3.0,518.0,521.0,511.0,corpus/01-brokers/gibson/html/2024/2024-11-08_too-close-to-call.html
2024-11-08,45,Singapore,VLSFO,1.0,586.0,585.0,560.0,corpus/01-brokers/gibson/html/2024/2024-11-08_too-close-to-call.html
2024-11-15,46,Fujairah,VLSFO,-16.0,561.0,577.0,597.0,corpus/01-brokers/gibson/html/2024/2024-11-15_the-latest-east-west-divide.html
2024-11-15,46,Rotterdam,LSMGO,0.0,666.0,666.0,681.0,corpus/01-brokers/gibson/html/2024/2024-11-15_the-latest-east-west-divide.html
2024-11-15,46,Rotterdam,VLSFO,1.0,519.0,518.0,553.0,corpus/01-brokers/gibson/html/2024/2024-11-15_the-latest-east-west-divide.html
2024-11-15,46,Singapore,VLSFO,-11.0,575.0,586.0,609.0,corpus/01-brokers/gibson/html/2024/2024-11-15_the-latest-east-west-divide.html
2024-11-22,47,Fujairah,VLSFO,-6.0,555.0,561.0,567.0,corpus/01-brokers/gibson/html/2024/2024-11-22_persistent-weakness.html
2024-11-22,47,Rotterdam,LSMGO,4.0,670.0,666.0,634.0,corpus/01-brokers/gibson/html/2024/2024-11-22_persistent-weakness.html
2024-11-22,47,Rotterdam,VLSFO,0.0,519.0,519.0,537.0,corpus/01-brokers/gibson/html/2024/2024-11-22_persistent-weakness.html
2024-11-22,47,Singapore,VLSFO,-9.0,566.0,575.0,587.0,corpus/01-brokers/gibson/html/2024/2024-11-22_persistent-weakness.html
2024-11-29,48,Fujairah,VLSFO,-16.0,539.0,555.0,589.0,corpus/01-brokers/gibson/html/2024/2024-11-29_mexican-standoff.html
2024-11-29,48,Rotterdam,LSMGO,-20.0,650.0,670.0,677.0,corpus/01-brokers/gibson/html/2024/2024-11-29_mexican-standoff.html
2024-11-29,48,Rotterdam,VLSFO,-19.0,500.0,519.0,540.0,corpus/01-brokers/gibson/html/2024/2024-11-29_mexican-standoff.html
2024-11-29,48,Singapore,VLSFO,-20.0,546.0,566.0,603.0,corpus/01-brokers/gibson/html/2024/2024-11-29_mexican-standoff.html
2024-12-06,49,Fujairah,VLSFO,2.0,541.0,539.0,563.0,corpus/01-brokers/gibson/html/2024/2024-12-06_keep-rollin.html
2024-12-06,49,Rotterdam,LSMGO,-3.0,647.0,650.0,653.0,corpus/01-brokers/gibson/html/2024/2024-12-06_keep-rollin.html
2024-12-06,49,Rotterdam,VLSFO,1.0,501.0,500.0,521.0,corpus/01-brokers/gibson/html/2024/2024-12-06_keep-rollin.html
2024-12-06,49,Singapore,VLSFO,9.0,555.0,546.0,585.0,corpus/01-brokers/gibson/html/2024/2024-12-06_keep-rollin.html
2024-12-13,50,Fujairah,VLSFO,-14.0,527.0,541.0,577.0,corpus/01-brokers/gibson/html/2024/2024-12-13_choppy-waters-ahead.html
2024-12-13,50,Rotterdam,LSMGO,-16.0,631.0,647.0,666.0,corpus/01-brokers/gibson/html/2024/2024-12-13_choppy-waters-ahead.html
2024-12-13,50,Rotterdam,VLSFO,4.0,505.0,501.0,518.0,corpus/01-brokers/gibson/html/2024/2024-12-13_choppy-waters-ahead.html
2024-12-13,50,Singapore,VLSFO,-20.0,535.0,555.0,586.0,corpus/01-brokers/gibson/html/2024/2024-12-13_choppy-waters-ahead.html
2024-12-20,51,Fujairah,VLSFO,15.0,542.0,527.0,561.0,corpus/01-brokers/gibson/html/2024/2024-12-20_the-year-in-review.html
2024-12-20,51,Rotterdam,LSMGO,12.0,643.0,631.0,666.0,corpus/01-brokers/gibson/html/2024/2024-12-20_the-year-in-review.html
2024-12-20,51,Rotterdam,VLSFO,,102.3,,,corpus/01-brokers/gibson/html/2024/2024-12-20_the-year-in-review.html
2024-12-20,51,Singapore,VLSFO,14.0,549.0,535.0,575.0,corpus/01-brokers/gibson/html/2024/2024-12-20_the-year-in-review.html
2025-01-10,2,Fujairah,VLSFO,15.0,561.0,546.0,542.0,corpus/01-brokers/gibson/html/2025/2025-01-10_sanctions-sting.html
2025-01-10,2,Rotterdam,LSMGO,9.0,659.0,650.0,655.0,corpus/01-brokers/gibson/html/2025/2025-01-10_sanctions-sting.html
2025-01-10,2,Rotterdam,VLSFO,16.0,532.0,516.0,516.0,corpus/01-brokers/gibson/html/2025/2025-01-10_sanctions-sting.html
2025-01-10,2,Singapore,VLSFO,13.0,570.0,557.0,549.0,corpus/01-brokers/gibson/html/2025/2025-01-10_sanctions-sting.html
2025-01-17,3,Fujairah,VLSFO,29.0,590.0,561.0,542.0,corpus/01-brokers/gibson/html/2025/2025-01-17_a-lot-can-happen-in-a-week.html
2025-01-17,3,Rotterdam,LSMGO,47.0,706.0,659.0,655.0,corpus/01-brokers/gibson/html/2025/2025-01-17_a-lot-can-happen-in-a-week.html
2025-01-17,3,Rotterdam,VLSFO,15.0,547.0,532.0,516.0,corpus/01-brokers/gibson/html/2025/2025-01-17_a-lot-can-happen-in-a-week.html
2025-01-17,3,Singapore,VLSFO,28.0,598.0,570.0,549.0,corpus/01-brokers/gibson/html/2025/2025-01-17_a-lot-can-happen-in-a-week.html
2025-01-24,4,Fujairah,VLSFO,-10.0,580.0,590.0,546.0,corpus/01-brokers/gibson/html/2025/2025-01-24_first-five-days.html
2025-01-24,4,Rotterdam,LSMGO,-6.0,700.0,706.0,650.0,corpus/01-brokers/gibson/html/2025/2025-01-24_first-five-days.html
2025-01-24,4,Rotterdam,VLSFO,-5.0,542.0,547.0,516.0,corpus/01-brokers/gibson/html/2025/2025-01-24_first-five-days.html
2025-01-24,4,Singapore,VLSFO,0.0,598.0,598.0,557.0,corpus/01-brokers/gibson/html/2025/2025-01-24_first-five-days.html
2025-01-31,5,Fujairah,VLSFO,-11.0,569.0,580.0,561.0,corpus/01-brokers/gibson/html/2025/2025-01-31_vlccs-in-vogue.html
2025-01-31,5,Rotterdam,LSMGO,-40.0,660.0,700.0,659.0,corpus/01-brokers/gibson/html/2025/2025-01-31_vlccs-in-vogue.html
2025-01-31,5,Rotterdam,VLSFO,2.0,544.0,542.0,532.0,corpus/01-brokers/gibson/html/2025/2025-01-31_vlccs-in-vogue.html
2025-01-31,5,Singapore,VLSFO,-12.0,586.0,598.0,570.0,corpus/01-brokers/gibson/html/2025/2025-01-31_vlccs-in-vogue.html
2025-02-07,6,Fujairah,VLSFO,-11.0,558.0,569.0,590.0,corpus/01-brokers/gibson/html/2025/2025-02-07_white-house-in-spotlight-again.html
2025-02-07,6,Rotterdam,LSMGO,-8.0,652.0,660.0,706.0,corpus/01-brokers/gibson/html/2025/2025-02-07_white-house-in-spotlight-again.html
2025-02-07,6,Rotterdam,VLSFO,-5.0,539.0,544.0,547.0,corpus/01-brokers/gibson/html/2025/2025-02-07_white-house-in-spotlight-again.html
2025-02-07,6,Singapore,VLSFO,-19.0,567.0,586.0,598.0,corpus/01-brokers/gibson/html/2025/2025-02-07_white-house-in-spotlight-again.html
2025-02-14,7,Fujairah,VLSFO,2.0,560.0,558.0,580.0,corpus/01-brokers/gibson/html/2025/2025-02-14_the-beginning-of-the-end.html
2025-02-14,7,Rotterdam,LSMGO,7.0,659.0,652.0,700.0,corpus/01-brokers/gibson/html/2025/2025-02-14_the-beginning-of-the-end.html
2025-02-14,7,Rotterdam,VLSFO,4.0,543.0,539.0,542.0,corpus/01-brokers/gibson/html/2025/2025-02-14_the-beginning-of-the-end.html
2025-02-14,7,Singapore,VLSFO,1.0,568.0,567.0,598.0,corpus/01-brokers/gibson/html/2025/2025-02-14_the-beginning-of-the-end.html
2025-02-21,8,Fujairah,VLSFO,1.0,561.0,560.0,569.0,corpus/01-brokers/gibson/html/2025/2025-02-21_fielding-fpsos.html
2025-02-21,8,Rotterdam,LSMGO,13.0,672.0,659.0,660.0,corpus/01-brokers/gibson/html/2025/2025-02-21_fielding-fpsos.html
2025-02-21,8,Rotterdam,VLSFO,-7.0,536.0,543.0,544.0,corpus/01-brokers/gibson/html/2025/2025-02-21_fielding-fpsos.html
2025-02-21,8,Singapore,VLSFO,0.0,568.0,568.0,586.0,corpus/01-brokers/gibson/html/2025/2025-02-21_fielding-fpsos.html
2025-02-28,9,Fujairah,VLSFO,-31.0,530.0,561.0,558.0,corpus/01-brokers/gibson/html/2025/2025-02-28_section-301.html
2025-02-28,9,Rotterdam,LSMGO,-26.0,646.0,672.0,652.0,corpus/01-brokers/gibson/html/2025/2025-02-28_section-301.html
2025-02-28,9,Rotterdam,VLSFO,-16.0,520.0,536.0,539.0,corpus/01-brokers/gibson/html/2025/2025-02-28_section-301.html
2025-02-28,9,Singapore,VLSFO,-41.0,527.0,568.0,567.0,corpus/01-brokers/gibson/html/2025/2025-02-28_section-301.html
2025-03-07,10,Fujairah,VLSFO,-30.0,500.0,530.0,560.0,corpus/01-brokers/gibson/html/2025/2025-03-07_navigating-nigerias-oil-trade.html
2025-03-07,10,Rotterdam,LSMGO,-23.0,623.0,646.0,659.0,corpus/01-brokers/gibson/html/2025/2025-03-07_navigating-nigerias-oil-trade.html
2025-03-07,10,Rotterdam,VLSFO,-29.0,491.0,520.0,543.0,corpus/01-brokers/gibson/html/2025/2025-03-07_navigating-nigerias-oil-trade.html
2025-03-07,10,Singapore,VLSFO,-27.0,500.0,527.0,568.0,corpus/01-brokers/gibson/html/2025/2025-03-07_navigating-nigerias-oil-trade.html
2025-03-14,11,Fujairah,VLSFO,5.0,505.0,500.0,561.0,corpus/01-brokers/gibson/html/2025/2025-03-14_sailing-the-sea-of-sanctions.html
2025-03-14,11,Rotterdam,LSMGO,-10.0,613.0,623.0,672.0,corpus/01-brokers/gibson/html/2025/2025-03-14_sailing-the-sea-of-sanctions.html
2025-03-14,11,Rotterdam,VLSFO,-4.0,487.0,491.0,536.0,corpus/01-brokers/gibson/html/2025/2025-03-14_sailing-the-sea-of-sanctions.html
2025-03-14,11,Singapore,VLSFO,10.0,510.0,500.0,568.0,corpus/01-brokers/gibson/html/2025/2025-03-14_sailing-the-sea-of-sanctions.html
2025-03-21,12,Fujairah,VLSFO,4.0,509.0,505.0,561.0,corpus/01-brokers/gibson/html/2025/2025-03-21_opening-the-floodgates.html
2025-03-21,12,Rotterdam,LSMGO,17.0,630.0,613.0,672.0,corpus/01-brokers/gibson/html/2025/2025-03-21_opening-the-floodgates.html
2025-03-21,12,Rotterdam,VLSFO,1.0,488.0,487.0,536.0,corpus/01-brokers/gibson/html/2025/2025-03-21_opening-the-floodgates.html
2025-03-21,12,Singapore,VLSFO,0.0,510.0,510.0,568.0,corpus/01-brokers/gibson/html/2025/2025-03-21_opening-the-floodgates.html
2025-03-28,13,Fujairah,VLSFO,3.0,512.0,509.0,530.0,corpus/01-brokers/gibson/html/2025/2025-03-28_power-shift.html
2025-03-28,13,Rotterdam,LSMGO,26.0,656.0,630.0,646.0,corpus/01-brokers/gibson/html/2025/2025-03-28_power-shift.html
2025-03-28,13,Rotterdam,VLSFO,2.0,490.0,488.0,520.0,corpus/01-brokers/gibson/html/2025/2025-03-28_power-shift.html
2025-03-28,13,Singapore,VLSFO,13.0,523.0,510.0,527.0,corpus/01-brokers/gibson/html/2025/2025-03-28_power-shift.html
2025-04-04,14,Fujairah,VLSFO,12.0,524.0,512.0,500.0,corpus/01-brokers/gibson/html/2025/2025-04-04_liberation-day.html
2025-04-04,14,Rotterdam,LSMGO,-16.0,640.0,656.0,623.0,corpus/01-brokers/gibson/html/2025/2025-04-04_liberation-day.html
2025-04-04,14,Rotterdam,VLSFO,0.0,490.0,490.0,491.0,corpus/01-brokers/gibson/html/2025/2025-04-04_liberation-day.html
2025-04-04,14,Singapore,VLSFO,4.0,527.0,523.0,500.0,corpus/01-brokers/gibson/html/2025/2025-04-04_liberation-day.html
2025-04-11,15,Fujairah,VLSFO,-54.0,470.0,524.0,505.0,corpus/01-brokers/gibson/html/2025/2025-04-11_price-pressure.html
2025-04-11,15,Rotterdam,LSMGO,-52.0,588.0,640.0,613.0,corpus/01-brokers/gibson/html/2025/2025-04-11_price-pressure.html
2025-04-11,15,Rotterdam,VLSFO,-56.0,434.0,490.0,487.0,corpus/01-brokers/gibson/html/2025/2025-04-11_price-pressure.html
2025-04-11,15,Singapore,VLSFO,-48.0,479.0,527.0,510.0,corpus/01-brokers/gibson/html/2025/2025-04-11_price-pressure.html
2025-04-25,17,Fujairah,VLSFO,1.0,482.0,481.0,524.0,corpus/01-brokers/gibson/html/2025/2025-04-25_section-301-saga.html
2025-04-25,17,Rotterdam,LSMGO,16.0,617.0,601.0,640.0,corpus/01-brokers/gibson/html/2025/2025-04-25_section-301-saga.html
2025-04-25,17,Rotterdam,VLSFO,12.0,452.0,440.0,490.0,corpus/01-brokers/gibson/html/2025/2025-04-25_section-301-saga.html
2025-04-25,17,Singapore,VLSFO,6.0,495.0,489.0,527.0,corpus/01-brokers/gibson/html/2025/2025-04-25_section-301-saga.html
2025-05-02,18,Fujairah,VLSFO,-9.0,473.0,482.0,470.0,corpus/01-brokers/gibson/html/2025/2025-05-02_extreme-uncertainty.html
2025-05-02,18,Rotterdam,LSMGO,-45.0,572.0,617.0,588.0,corpus/01-brokers/gibson/html/2025/2025-05-02_extreme-uncertainty.html
2025-05-02,18,Rotterdam,VLSFO,-31.0,421.0,452.0,434.0,corpus/01-brokers/gibson/html/2025/2025-05-02_extreme-uncertainty.html
2025-05-02,18,Singapore,VLSFO,-13.0,482.0,495.0,479.0,corpus/01-brokers/gibson/html/2025/2025-05-02_extreme-uncertainty.html
2025-05-09,19,Fujairah,VLSFO,23.0,496.0,473.0,481.0,corpus/01-brokers/gibson/html/2025/2025-05-09_carbon-pricing.html
2025-05-09,19,Rotterdam,LSMGO,9.0,581.0,572.0,601.0,corpus/01-brokers/gibson/html/2025/2025-05-09_carbon-pricing.html
2025-05-09,19,Rotterdam,VLSFO,17.0,438.0,421.0,440.0,corpus/01-brokers/gibson/html/2025/2025-05-09_carbon-pricing.html
2025-05-09,19,Singapore,VLSFO,17.0,499.0,482.0,489.0,corpus/01-brokers/gibson/html/2025/2025-05-09_carbon-pricing.html
2025-05-16,20,Fujairah,VLSFO,21.0,517.0,496.0,482.0,corpus/01-brokers/gibson/html/2025/2025-05-16_aging-fleet.html
2025-05-16,20,Rotterdam,LSMGO,38.0,619.0,581.0,617.0,corpus/01-brokers/gibson/html/2025/2025-05-16_aging-fleet.html
2025-05-16,20,Rotterdam,VLSFO,28.0,466.0,438.0,452.0,corpus/01-brokers/gibson/html/2025/2025-05-16_aging-fleet.html
2025-05-16,20,Singapore,VLSFO,28.0,527.0,499.0,495.0,corpus/01-brokers/gibson/html/2025/2025-05-16_aging-fleet.html
2025-05-23,21,Fujairah,VLSFO,-8.0,509.0,517.0,473.0,corpus/01-brokers/gibson/html/2025/2025-05-23_deal-or-no-deal.html
2025-05-23,21,Rotterdam,LSMGO,1.0,620.0,619.0,572.0,corpus/01-brokers/gibson/html/2025/2025-05-23_deal-or-no-deal.html
2025-05-23,21,Rotterdam,VLSFO,4.0,470.0,466.0,421.0,corpus/01-brokers/gibson/html/2025/2025-05-23_deal-or-no-deal.html
2025-05-23,21,Singapore,VLSFO,1.0,528.0,527.0,482.0,corpus/01-brokers/gibson/html/2025/2025-05-23_deal-or-no-deal.html
2025-05-30,22,Fujairah,VLSFO,-3.0,506.0,509.0,473.0,corpus/01-brokers/gibson/html/2025/2025-05-30_mixed-signals.html
2025-05-30,22,Rotterdam,LSMGO,-7.0,613.0,620.0,572.0,corpus/01-brokers/gibson/html/2025/2025-05-30_mixed-signals.html
2025-05-30,22,Rotterdam,VLSFO,1.0,471.0,470.0,421.0,corpus/01-brokers/gibson/html/2025/2025-05-30_mixed-signals.html
2025-05-30,22,Singapore,VLSFO,-21.0,507.0,528.0,482.0,corpus/01-brokers/gibson/html/2025/2025-05-30_mixed-signals.html
2025-06-06,23,Fujairah,VLSFO,-10.0,496.0,506.0,496.0,corpus/01-brokers/gibson/html/2025/2025-06-06_refinery-developments.html
2025-06-06,23,Rotterdam,LSMGO,-5.0,608.0,613.0,581.0,corpus/01-brokers/gibson/html/2025/2025-06-06_refinery-developments.html
2025-06-06,23,Rotterdam,VLSFO,2.0,473.0,471.0,438.0,corpus/01-brokers/gibson/html/2025/2025-06-06_refinery-developments.html
2025-06-06,23,Singapore,VLSFO,-3.0,504.0,507.0,499.0,corpus/01-brokers/gibson/html/2025/2025-06-06_refinery-developments.html
2025-06-13,24,Fujairah,VLSFO,19.0,515.0,496.0,517.0,corpus/01-brokers/gibson/html/2025/2025-06-13_tense-times.html
2025-06-13,24,Rotterdam,LSMGO,23.0,631.0,608.0,619.0,corpus/01-brokers/gibson/html/2025/2025-06-13_tense-times.html
2025-06-13,24,Rotterdam,VLSFO,4.0,477.0,473.0,466.0,corpus/01-brokers/gibson/html/2025/2025-06-13_tense-times.html
2025-06-13,24,Singapore,VLSFO,20.0,524.0,504.0,527.0,corpus/01-brokers/gibson/html/2025/2025-06-13_tense-times.html
2025-06-20,25,Fujairah,VLSFO,35.0,550.0,515.0,509.0,corpus/01-brokers/gibson/html/2025/2025-06-20_the-18th-blow.html
2025-06-20,25,Rotterdam,LSMGO,93.0,724.0,631.0,620.0,corpus/01-brokers/gibson/html/2025/2025-06-20_the-18th-blow.html
2025-06-20,25,Rotterdam,VLSFO,48.0,525.0,477.0,470.0,corpus/01-brokers/gibson/html/2025/2025-06-20_the-18th-blow.html
2025-06-20,25,Singapore,VLSFO,36.0,560.0,524.0,528.0,corpus/01-brokers/gibson/html/2025/2025-06-20_the-18th-blow.html
2025-06-27,26,Fujairah,VLSFO,-40.0,510.0,550.0,506.0,corpus/01-brokers/gibson/html/2025/2025-06-27_a-longer-view.html
2025-06-27,26,Rotterdam,LSMGO,-59.0,665.0,724.0,613.0,corpus/01-brokers/gibson/html/2025/2025-06-27_a-longer-view.html
2025-06-27,26,Rotterdam,VLSFO,-41.0,484.0,525.0,471.0,corpus/01-brokers/gibson/html/2025/2025-06-27_a-longer-view.html
2025-06-27,26,Singapore,VLSFO,-41.0,519.0,560.0,507.0,corpus/01-brokers/gibson/html/2025/2025-06-27_a-longer-view.html
2025-07-04,27,Fujairah,VLSFO,-35.0,515.0,550.0,496.0,corpus/01-brokers/gibson/html/2025/2025-07-04_all-about-us.html
2025-07-04,27,Rotterdam,LSMGO,-56.0,668.0,724.0,608.0,corpus/01-brokers/gibson/html/2025/2025-07-04_all-about-us.html
2025-07-04,27,Rotterdam,VLSFO,-13.0,512.0,525.0,473.0,corpus/01-brokers/gibson/html/2025/2025-07-04_all-about-us.html
2025-07-04,27,Singapore,VLSFO,-38.0,522.0,560.0,504.0,corpus/01-brokers/gibson/html/2025/2025-07-04_all-about-us.html
2025-07-11,28,Fujairah,VLSFO,6.0,521.0,515.0,515.0,corpus/01-brokers/gibson/html/2025/2025-07-11_orderbooks-old-ships-and-sanctions.html
2025-07-11,28,Rotterdam,LSMGO,39.0,707.0,668.0,631.0,corpus/01-brokers/gibson/html/2025/2025-07-11_orderbooks-old-ships-and-sanctions.html
2025-07-11,28,Rotterdam,VLSFO,9.0,521.0,512.0,477.0,corpus/01-brokers/gibson/html/2025/2025-07-11_orderbooks-old-ships-and-sanctions.html
2025-07-11,28,Singapore,VLSFO,2.0,524.0,522.0,524.0,corpus/01-brokers/gibson/html/2025/2025-07-11_orderbooks-old-ships-and-sanctions.html
2025-07-18,29,Fujairah,VLSFO,-15.0,506.0,521.0,550.0,corpus/01-brokers/gibson/html/2025/2025-07-18_the-tiger-cubs-roar.html
2025-07-18,29,Rotterdam,LSMGO,-4.0,703.0,707.0,724.0,corpus/01-brokers/gibson/html/2025/2025-07-18_the-tiger-cubs-roar.html
2025-07-18,29,Rotterdam,VLSFO,-15.0,506.0,521.0,525.0,corpus/01-brokers/gibson/html/2025/2025-07-18_the-tiger-cubs-roar.html
2025-07-18,29,Singapore,VLSFO,-12.0,512.0,524.0,560.0,corpus/01-brokers/gibson/html/2025/2025-07-18_the-tiger-cubs-roar.html
2025-07-25,30,Fujairah,VLSFO,-5.0,501.0,506.0,550.0,corpus/01-brokers/gibson/html/2025/2025-07-25_tankers-learn-to-tango.html
2025-07-25,30,Rotterdam,LSMGO,17.0,720.0,703.0,724.0,corpus/01-brokers/gibson/html/2025/2025-07-25_tankers-learn-to-tango.html
2025-07-25,30,Rotterdam,VLSFO,-7.0,499.0,506.0,525.0,corpus/01-brokers/gibson/html/2025/2025-07-25_tankers-learn-to-tango.html
2025-07-25,30,Singapore,VLSFO,-1.0,511.0,512.0,560.0,corpus/01-brokers/gibson/html/2025/2025-07-25_tankers-learn-to-tango.html
2025-08-01,31,Fujairah,VLSFO,15.0,516.0,501.0,515.0,corpus/01-brokers/gibson/html/2025/2025-08-01_choosing-a-side.html
2025-08-01,31,Rotterdam,LSMGO,-8.0,712.0,720.0,668.0,corpus/01-brokers/gibson/html/2025/2025-08-01_choosing-a-side.html
2025-08-01,31,Rotterdam,VLSFO,10.0,509.0,499.0,512.0,corpus/01-brokers/gibson/html/2025/2025-08-01_choosing-a-side.html
2025-08-01,31,Singapore,VLSFO,12.0,523.0,511.0,522.0,corpus/01-brokers/gibson/html/2025/2025-08-01_choosing-a-side.html
2025-08-08,32,Fujairah,VLSFO,-20.0,496.0,516.0,521.0,corpus/01-brokers/gibson/html/2025/2025-08-08_whats-steering-aframax-demand.html
2025-08-08,32,Rotterdam,LSMGO,-50.0,662.0,712.0,707.0,corpus/01-brokers/gibson/html/2025/2025-08-08_whats-steering-aframax-demand.html
2025-08-08,32,Rotterdam,VLSFO,-40.0,469.0,509.0,521.0,corpus/01-brokers/gibson/html/2025/2025-08-08_whats-steering-aframax-demand.html
2025-08-08,32,Singapore,VLSFO,-19.0,504.0,523.0,524.0,corpus/01-brokers/gibson/html/2025/2025-08-08_whats-steering-aframax-demand.html
2025-08-15,33,Fujairah,VLSFO,-11.0,485.0,496.0,521.0,corpus/01-brokers/gibson/html/2025/2025-08-15_still-handy-2.html
2025-08-15,33,Rotterdam,LSMGO,-19.0,643.0,662.0,707.0,corpus/01-brokers/gibson/html/2025/2025-08-15_still-handy-2.html
2025-08-15,33,Rotterdam,VLSFO,-2.0,467.0,469.0,521.0,corpus/01-brokers/gibson/html/2025/2025-08-15_still-handy-2.html
2025-08-15,33,Singapore,VLSFO,-11.0,493.0,504.0,524.0,corpus/01-brokers/gibson/html/2025/2025-08-15_still-handy-2.html
2025-08-22,34,Fujairah,VLSFO,-5.0,491.0,496.0,521.0,corpus/01-brokers/gibson/html/2025/2025-08-22_the-beginning-of-the-end-take-2.html
2025-08-22,34,Rotterdam,LSMGO,-4.0,658.0,662.0,707.0,corpus/01-brokers/gibson/html/2025/2025-08-22_the-beginning-of-the-end-take-2.html
2025-08-22,34,Rotterdam,VLSFO,-12.0,457.0,469.0,521.0,corpus/01-brokers/gibson/html/2025/2025-08-22_the-beginning-of-the-end-take-2.html
2025-08-22,34,Singapore,VLSFO,-10.0,494.0,504.0,524.0,corpus/01-brokers/gibson/html/2025/2025-08-22_the-beginning-of-the-end-take-2.html
2025-08-29,35,Fujairah,VLSFO,21.0,506.0,485.0,506.0,corpus/01-brokers/gibson/html/2025/2025-08-29_cascading-costs.html
2025-08-29,35,Rotterdam,LSMGO,4.0,647.0,643.0,703.0,corpus/01-brokers/gibson/html/2025/2025-08-29_cascading-costs.html
2025-08-29,35,Rotterdam,VLSFO,13.0,480.0,467.0,506.0,corpus/01-brokers/gibson/html/2025/2025-08-29_cascading-costs.html
2025-08-29,35,Singapore,VLSFO,7.0,500.0,493.0,512.0,corpus/01-brokers/gibson/html/2025/2025-08-29_cascading-costs.html
2025-09-05,36,Fujairah,VLSFO,-7.0,484.0,491.0,496.0,corpus/01-brokers/gibson/html/2025/2025-09-05_sanctions-and-tariffs-test-russias-crude-trade.html
2025-09-05,36,Rotterdam,LSMGO,0.0,658.0,658.0,662.0,corpus/01-brokers/gibson/html/2025/2025-09-05_sanctions-and-tariffs-test-russias-crude-trade.html
2025-09-05,36,Rotterdam,VLSFO,-5.0,452.0,457.0,469.0,corpus/01-brokers/gibson/html/2025/2025-09-05_sanctions-and-tariffs-test-russias-crude-trade.html
2025-09-05,36,Singapore,VLSFO,-4.0,490.0,494.0,504.0,corpus/01-brokers/gibson/html/2025/2025-09-05_sanctions-and-tariffs-test-russias-crude-trade.html
2025-09-12,37,Fujairah,VLSFO,0.0,484.0,484.0,491.0,corpus/01-brokers/gibson/html/2025/2025-09-12_refining.html
2025-09-12,37,Rotterdam,LSMGO,-7.0,651.0,658.0,658.0,corpus/01-brokers/gibson/html/2025/2025-09-12_refining.html
2025-09-12,37,Rotterdam,VLSFO,9.0,461.0,452.0,457.0,corpus/01-brokers/gibson/html/2025/2025-09-12_refining.html
2025-09-12,37,Singapore,VLSFO,-10.0,480.0,490.0,494.0,corpus/01-brokers/gibson/html/2025/2025-09-12_refining.html
2025-09-19,38,Fujairah,VLSFO,-1.0,483.0,484.0,506.0,corpus/01-brokers/gibson/html/2025/2025-09-19_section-301-imminent.html
2025-09-19,38,Rotterdam,LSMGO,21.0,672.0,651.0,647.0,corpus/01-brokers/gibson/html/2025/2025-09-19_section-301-imminent.html
2025-09-19,38,Rotterdam,VLSFO,-5.0,456.0,461.0,480.0,corpus/01-brokers/gibson/html/2025/2025-09-19_section-301-imminent.html
2025-09-19,38,Singapore,VLSFO,6.0,486.0,480.0,500.0,corpus/01-brokers/gibson/html/2025/2025-09-19_section-301-imminent.html
2025-09-26,39,Fujairah,VLSFO,-2.0,482.0,484.0,484.0,corpus/01-brokers/gibson/html/2025/2025-09-26_oil-glut-looms.html
2025-09-26,39,Rotterdam,LSMGO,35.0,686.0,651.0,658.0,corpus/01-brokers/gibson/html/2025/2025-09-26_oil-glut-looms.html
2025-09-26,39,Rotterdam,VLSFO,-6.0,455.0,461.0,452.0,corpus/01-brokers/gibson/html/2025/2025-09-26_oil-glut-looms.html
2025-09-26,39,Singapore,VLSFO,6.0,486.0,480.0,490.0,corpus/01-brokers/gibson/html/2025/2025-09-26_oil-glut-looms.html
2025-10-03,40,Fujairah,VLSFO,1.0,485.0,484.0,484.0,corpus/01-brokers/gibson/html/2025/2025-10-03_kurdish-crude-recommences.html
2025-10-03,40,Rotterdam,LSMGO,26.0,677.0,651.0,658.0,corpus/01-brokers/gibson/html/2025/2025-10-03_kurdish-crude-recommences.html
2025-10-03,40,Rotterdam,VLSFO,-17.0,444.0,461.0,452.0,corpus/01-brokers/gibson/html/2025/2025-10-03_kurdish-crude-recommences.html
2025-10-03,40,Singapore,VLSFO,7.0,487.0,480.0,490.0,corpus/01-brokers/gibson/html/2025/2025-10-03_kurdish-crude-recommences.html
2025-10-10,41,Fujairah,VLSFO,-5.0,475.0,480.0,482.0,corpus/01-brokers/gibson/html/2025/2025-10-10_indian-expansion.html
2025-10-10,41,Rotterdam,LSMGO,5.0,664.0,659.0,686.0,corpus/01-brokers/gibson/html/2025/2025-10-10_indian-expansion.html
2025-10-10,41,Rotterdam,VLSFO,3.0,437.0,434.0,455.0,corpus/01-brokers/gibson/html/2025/2025-10-10_indian-expansion.html
2025-10-10,41,Singapore,VLSFO,-3.0,476.0,479.0,486.0,corpus/01-brokers/gibson/html/2025/2025-10-10_indian-expansion.html
2025-10-17,42,Fujairah,VLSFO,-39.0,450.0,489.0,482.0,corpus/01-brokers/gibson/html/2025/2025-10-17_tit-for-tat.html
2025-10-17,42,Rotterdam,LSMGO,-20.0,640.0,660.0,686.0,corpus/01-brokers/gibson/html/2025/2025-10-17_tit-for-tat.html
2025-10-17,42,Rotterdam,VLSFO,-16.0,421.0,437.0,455.0,corpus/01-brokers/gibson/html/2025/2025-10-17_tit-for-tat.html
2025-10-17,42,Singapore,VLSFO,-29.0,449.0,478.0,486.0,corpus/01-brokers/gibson/html/2025/2025-10-17_tit-for-tat.html
2025-10-24,43,Fujairah,VLSFO,3.0,453.0,450.0,482.0,corpus/01-brokers/gibson/html/2025/2025-10-24_sweeping-sanctions.html
2025-10-24,43,Rotterdam,LSMGO,40.0,680.0,640.0,686.0,corpus/01-brokers/gibson/html/2025/2025-10-24_sweeping-sanctions.html
2025-10-24,43,Rotterdam,VLSFO,9.0,430.0,421.0,455.0,corpus/01-brokers/gibson/html/2025/2025-10-24_sweeping-sanctions.html
2025-10-24,43,Singapore,VLSFO,13.0,462.0,449.0,486.0,corpus/01-brokers/gibson/html/2025/2025-10-24_sweeping-sanctions.html
2025-10-31,44,Fujairah,VLSFO,12.0,450.0,438.0,480.0,corpus/01-brokers/gibson/html/2025/2025-10-31_port-fees-postponed.html
2025-10-31,44,Rotterdam,LSMGO,69.0,700.0,631.0,659.0,corpus/01-brokers/gibson/html/2025/2025-10-31_port-fees-postponed.html
2025-10-31,44,Rotterdam,VLSFO,33.0,439.0,406.0,434.0,corpus/01-brokers/gibson/html/2025/2025-10-31_port-fees-postponed.html
2025-10-31,44,Singapore,VLSFO,16.0,461.0,445.0,479.0,corpus/01-brokers/gibson/html/2025/2025-10-31_port-fees-postponed.html
2025-11-07,45,Fujairah,VLSFO,5.0,455.0,450.0,489.0,corpus/01-brokers/gibson/html/2025/2025-11-07_trumps-energy-agenda-2-0.html
2025-11-07,45,Rotterdam,LSMGO,13.0,713.0,700.0,660.0,corpus/01-brokers/gibson/html/2025/2025-11-07_trumps-energy-agenda-2-0.html
2025-11-07,45,Rotterdam,VLSFO,-7.0,432.0,439.0,437.0,corpus/01-brokers/gibson/html/2025/2025-11-07_trumps-energy-agenda-2-0.html
2025-11-07,45,Singapore,VLSFO,3.0,464.0,461.0,478.0,corpus/01-brokers/gibson/html/2025/2025-11-07_trumps-energy-agenda-2-0.html
2025-11-14,46,Fujairah,VLSFO,-2.0,453.0,455.0,450.0,corpus/01-brokers/gibson/html/2025/2025-11-14_open-for-business.html
2025-11-14,46,Rotterdam,LSMGO,15.0,728.0,713.0,640.0,corpus/01-brokers/gibson/html/2025/2025-11-14_open-for-business.html
2025-11-14,46,Rotterdam,VLSFO,-7.0,425.0,432.0,421.0,corpus/01-brokers/gibson/html/2025/2025-11-14_open-for-business.html
2025-11-14,46,Singapore,VLSFO,-9.0,455.0,464.0,449.0,corpus/01-brokers/gibson/html/2025/2025-11-14_open-for-business.html
2025-11-21,47,Fujairah,VLSFO,-5.0,448.0,453.0,438.0,corpus/01-brokers/gibson/html/2025/2025-11-21_collision-course.html
2025-11-21,47,Rotterdam,LSMGO,10.0,738.0,728.0,631.0,corpus/01-brokers/gibson/html/2025/2025-11-21_collision-course.html
2025-11-21,47,Rotterdam,VLSFO,-10.0,415.0,425.0,406.0,corpus/01-brokers/gibson/html/2025/2025-11-21_collision-course.html
2025-11-21,47,Singapore,VLSFO,-4.0,451.0,455.0,445.0,corpus/01-brokers/gibson/html/2025/2025-11-21_collision-course.html
2025-11-28,48,Fujairah,VLSFO,-16.0,432.0,448.0,450.0,corpus/01-brokers/gibson/html/2025/2025-11-28_the-beginning-of-the-end-take-3.html
2025-11-28,48,Rotterdam,LSMGO,-91.0,647.0,738.0,700.0,corpus/01-brokers/gibson/html/2025/2025-11-28_the-beginning-of-the-end-take-3.html
2025-11-28,48,Rotterdam,VLSFO,-8.0,407.0,415.0,439.0,corpus/01-brokers/gibson/html/2025/2025-11-28_the-beginning-of-the-end-take-3.html
2025-11-28,48,Singapore,VLSFO,-14.0,437.0,451.0,461.0,corpus/01-brokers/gibson/html/2025/2025-11-28_the-beginning-of-the-end-take-3.html
2025-12-05,49,Fujairah,VLSFO,-3.0,429.0,432.0,455.0,corpus/01-brokers/gibson/html/2025/2025-12-05_diverging-oil-pathways.html
2025-12-05,49,Rotterdam,LSMGO,-12.0,635.0,647.0,713.0,corpus/01-brokers/gibson/html/2025/2025-12-05_diverging-oil-pathways.html
2025-12-05,49,Rotterdam,VLSFO,5.0,412.0,407.0,432.0,corpus/01-brokers/gibson/html/2025/2025-12-05_diverging-oil-pathways.html
2025-12-05,49,Singapore,VLSFO,-3.0,434.0,437.0,464.0,corpus/01-brokers/gibson/html/2025/2025-12-05_diverging-oil-pathways.html
2025-12-12,50,Fujairah,VLSFO,-13.0,416.0,429.0,453.0,corpus/01-brokers/gibson/html/2025/2025-12-12_scrap-the-cap.html
2025-12-12,50,Rotterdam,LSMGO,-24.0,611.0,635.0,728.0,corpus/01-brokers/gibson/html/2025/2025-12-12_scrap-the-cap.html
2025-12-12,50,Rotterdam,VLSFO,-16.0,396.0,412.0,425.0,corpus/01-brokers/gibson/html/2025/2025-12-12_scrap-the-cap.html
2025-12-12,50,Singapore,VLSFO,-5.0,429.0,434.0,455.0,corpus/01-brokers/gibson/html/2025/2025-12-12_scrap-the-cap.html
2025-12-19,51,Fujairah,VLSFO,-18.0,414.0,432.0,448.0,corpus/01-brokers/gibson/html/2025/2025-12-19_year-in-review.html
2025-12-19,51,Rotterdam,LSMGO,-66.0,581.0,647.0,738.0,corpus/01-brokers/gibson/html/2025/2025-12-19_year-in-review.html
2025-12-19,51,Rotterdam,VLSFO,-21.0,386.0,407.0,415.0,corpus/01-brokers/gibson/html/2025/2025-12-19_year-in-review.html
2025-12-19,51,Singapore,VLSFO,-14.0,423.0,437.0,451.0,corpus/01-brokers/gibson/html/2025/2025-12-19_year-in-review.html
2026-01-09,2,Fujairah,VLSFO,-8.0,419.0,427.0,429.0,corpus/01-brokers/gibson/html/2026/2026-01-09_venezuela-reset.html
2026-01-09,2,Rotterdam,LSMGO,2.0,612.0,610.0,635.0,corpus/01-brokers/gibson/html/2026/2026-01-09_venezuela-reset.html
2026-01-09,2,Rotterdam,VLSFO,-1.0,416.0,417.0,412.0,corpus/01-brokers/gibson/html/2026/2026-01-09_venezuela-reset.html
2026-01-09,2,Singapore,VLSFO,-9.0,421.0,430.0,434.0,corpus/01-brokers/gibson/html/2026/2026-01-09_venezuela-reset.html
2026-01-16,3,Fujairah,VLSFO,30.0,444.0,414.0,416.0,corpus/01-brokers/gibson/html/2026/2026-01-16_trouble-in-tehran.html
2026-01-16,3,Rotterdam,LSMGO,49.0,648.0,599.0,611.0,corpus/01-brokers/gibson/html/2026/2026-01-16_trouble-in-tehran.html
2026-01-16,3,Rotterdam,VLSFO,42.0,437.0,395.0,396.0,corpus/01-brokers/gibson/html/2026/2026-01-16_trouble-in-tehran.html
2026-01-16,3,Singapore,VLSFO,20.0,440.0,420.0,429.0,corpus/01-brokers/gibson/html/2026/2026-01-16_trouble-in-tehran.html
2026-01-23,4,Fujairah,VLSFO,0.0,444.0,444.0,414.0,corpus/01-brokers/gibson/html/2026/2026-01-23_clean-barrels.html
2026-01-23,4,Rotterdam,LSMGO,18.0,666.0,648.0,581.0,corpus/01-brokers/gibson/html/2026/2026-01-23_clean-barrels.html
2026-01-23,4,Rotterdam,VLSFO,-12.0,425.0,437.0,386.0,corpus/01-brokers/gibson/html/2026/2026-01-23_clean-barrels.html
2026-01-23,4,Singapore,VLSFO,16.0,456.0,440.0,423.0,corpus/01-brokers/gibson/html/2026/2026-01-23_clean-barrels.html
2026-01-30,5,Fujairah,VLSFO,28.0,472.0,444.0,427.0,corpus/01-brokers/gibson/html/2026/2026-01-30_geopolitics-before-fundamentals.html
2026-01-30,5,Rotterdam,LSMGO,30.0,696.0,666.0,610.0,corpus/01-brokers/gibson/html/2026/2026-01-30_geopolitics-before-fundamentals.html
2026-01-30,5,Rotterdam,VLSFO,21.0,446.0,425.0,417.0,corpus/01-brokers/gibson/html/2026/2026-01-30_geopolitics-before-fundamentals.html
2026-01-30,5,Singapore,VLSFO,33.0,489.0,456.0,430.0,corpus/01-brokers/gibson/html/2026/2026-01-30_geopolitics-before-fundamentals.html
2026-02-06,6,Fujairah,VLSFO,-14.0,459.0,472.0,414.0,corpus/01-brokers/gibson/html/2026/2026-02-06_reassessing-russian-supply.html
2026-02-06,6,Rotterdam,LSMGO,-27.0,669.0,696.0,599.0,corpus/01-brokers/gibson/html/2026/2026-02-06_reassessing-russian-supply.html
2026-02-06,6,Rotterdam,VLSFO,-4.0,442.0,446.0,395.0,corpus/01-brokers/gibson/html/2026/2026-02-06_reassessing-russian-supply.html
2026-02-06,6,Singapore,VLSFO,-19.0,470.0,489.0,420.0,corpus/01-brokers/gibson/html/2026/2026-02-06_reassessing-russian-supply.html
2026-02-13,7,Fujairah,VLSFO,19.0,478.0,459.0,444.0,corpus/01-brokers/gibson/html/2026/2026-02-13_crude-clampdown.html
2026-02-13,7,Rotterdam,LSMGO,-17.0,652.0,669.0,648.0,corpus/01-brokers/gibson/html/2026/2026-02-13_crude-clampdown.html
2026-02-13,7,Rotterdam,VLSFO,5.0,447.0,442.0,437.0,corpus/01-brokers/gibson/html/2026/2026-02-13_crude-clampdown.html
2026-02-13,7,Singapore,VLSFO,4.0,474.0,470.0,440.0,corpus/01-brokers/gibson/html/2026/2026-02-13_crude-clampdown.html
2026-02-20,8,Fujairah,VLSFO,26.0,504.0,478.0,444.0,corpus/01-brokers/gibson/html/2026/2026-02-20_port-fee-saga.html
2026-02-20,8,Rotterdam,LSMGO,58.0,720.0,662.0,666.0,corpus/01-brokers/gibson/html/2026/2026-02-20_port-fee-saga.html
2026-02-20,8,Rotterdam,VLSFO,35.0,481.0,447.0,425.0,corpus/01-brokers/gibson/html/2026/2026-02-20_port-fee-saga.html
2026-02-20,8,Singapore,VLSFO,39.0,513.0,474.0,456.0,corpus/01-brokers/gibson/html/2026/2026-02-20_port-fee-saga.html
2026-02-27,9,Fujairah,VLSFO,5.0,509.0,504.0,472.0,corpus/01-brokers/gibson/html/2026/2026-02-27_vlccs-on-fire.html
2026-02-27,9,Rotterdam,LSMGO,-4.0,716.0,720.0,696.0,corpus/01-brokers/gibson/html/2026/2026-02-27_vlccs-on-fire.html
2026-02-27,9,Rotterdam,VLSFO,-5.0,477.0,481.0,446.0,corpus/01-brokers/gibson/html/2026/2026-02-27_vlccs-on-fire.html
2026-02-27,9,Singapore,VLSFO,1.0,514.0,513.0,489.0,corpus/01-brokers/gibson/html/2026/2026-02-27_vlccs-on-fire.html
2026-03-06,10,Fujairah,VLSFO,244.0,753.0,509.0,472.0,corpus/01-brokers/gibson/html/2026/2026-03-06_middle-east-mayhem.html
2026-03-06,10,Rotterdam,LSMGO,301.0,1017.0,716.0,696.0,corpus/01-brokers/gibson/html/2026/2026-03-06_middle-east-mayhem.html
2026-03-06,10,Rotterdam,VLSFO,118.0,595.0,477.0,446.0,corpus/01-brokers/gibson/html/2026/2026-03-06_middle-east-mayhem.html
2026-03-06,10,Singapore,VLSFO,190.0,704.0,514.0,489.0,corpus/01-brokers/gibson/html/2026/2026-03-06_middle-east-mayhem.html
2026-03-13,11,Fujairah,VLSFO,305.0,1057.0,753.0,459.0,corpus/01-brokers/gibson/html/2026/2026-03-13_locked-strait.html
2026-03-13,11,Rotterdam,LSMGO,157.0,1174.0,1017.0,669.0,corpus/01-brokers/gibson/html/2026/2026-03-13_locked-strait.html
2026-03-13,11,Rotterdam,VLSFO,205.0,800.0,595.0,442.0,corpus/01-brokers/gibson/html/2026/2026-03-13_locked-strait.html
2026-03-13,11,Singapore,VLSFO,429.0,1132.0,704.0,470.0,corpus/01-brokers/gibson/html/2026/2026-03-13_locked-strait.html
2026-03-20,12,Fujairah,VLSFO,191.0,1248.0,1057.0,478.0,corpus/01-brokers/gibson/html/2026/2026-03-20_upstream-under-attack.html
2026-03-20,12,Rotterdam,LSMGO,187.0,1360.0,1174.0,662.0,corpus/01-brokers/gibson/html/2026/2026-03-20_upstream-under-attack.html
2026-03-20,12,Rotterdam,VLSFO,-16.0,784.0,800.0,447.0,corpus/01-brokers/gibson/html/2026/2026-03-20_upstream-under-attack.html
2026-03-20,12,Singapore,VLSFO,-98.0,1034.0,1132.0,474.0,corpus/01-brokers/gibson/html/2026/2026-03-20_upstream-under-attack.html
2026-03-27,13,Fujairah,VLSFO,-348.0,900.0,1248.0,504.0,corpus/01-brokers/gibson/html/2026/2026-03-27_aftershock.html
2026-03-27,13,Rotterdam,LSMGO,-194.0,1166.0,1360.0,720.0,corpus/01-brokers/gibson/html/2026/2026-03-27_aftershock.html
2026-03-27,13,Rotterdam,VLSFO,-86.0,698.0,784.0,481.0,corpus/01-brokers/gibson/html/2026/2026-03-27_aftershock.html
2026-03-27,13,Singapore,VLSFO,-181.0,853.0,1034.0,513.0,corpus/01-brokers/gibson/html/2026/2026-03-27_aftershock.html
2026-04-10,15,Fujairah,VLSFO,-71.0,786.0,857.0,1057.0,corpus/01-brokers/gibson/html/2026/2026-04-10_fragile-hiatus.html
2026-04-10,15,Rotterdam,LSMGO,-46.0,1231.0,1277.0,1174.0,corpus/01-brokers/gibson/html/2026/2026-04-10_fragile-hiatus.html
2026-04-10,15,Rotterdam,VLSFO,-14.0,658.0,672.0,800.0,corpus/01-brokers/gibson/html/2026/2026-04-10_fragile-hiatus.html
2026-04-10,15,Singapore,VLSFO,-22.0,808.0,830.0,1132.0,corpus/01-brokers/gibson/html/2026/2026-04-10_fragile-hiatus.html
2026-04-17,16,Fujairah,VLSFO,-59.0,726.0,786.0,1248.0,corpus/01-brokers/gibson/html/2026/2026-04-17_the-clock-is-ticking.html
2026-04-17,16,Rotterdam,LSMGO,-9.0,1222.0,1231.0,1360.0,corpus/01-brokers/gibson/html/2026/2026-04-17_the-clock-is-ticking.html
2026-04-17,16,Rotterdam,VLSFO,-13.0,645.0,658.0,784.0,corpus/01-brokers/gibson/html/2026/2026-04-17_the-clock-is-ticking.html
2026-04-17,16,Singapore,VLSFO,-51.0,757.0,808.0,1034.0,corpus/01-brokers/gibson/html/2026/2026-04-17_the-clock-is-ticking.html
2026-04-24,17,Fujairah,VLSFO,25.0,752.0,726.0,900.0,corpus/01-brokers/gibson/html/2026/2026-04-24_mrs-in-focus.html
2026-04-24,17,Rotterdam,LSMGO,4.0,1226.0,1222.0,1166.0,corpus/01-brokers/gibson/html/2026/2026-04-24_mrs-in-focus.html
2026-04-24,17,Singapore,VLSFO,-45.0,713.0,757.0,853.0,corpus/01-brokers/gibson/html/2026/2026-04-24_mrs-in-focus.html
2026-05-01,18,Fujairah,VLSFO,131.0,883.0,752.0,857.0,corpus/01-brokers/gibson/html/2026/2026-05-01_opexit.html
2026-05-01,18,Rotterdam,LSMGO,117.0,1343.0,1226.0,1277.0,corpus/01-brokers/gibson/html/2026/2026-05-01_opexit.html
2026-05-01,18,Rotterdam,VLSFO,112.0,796.0,684.0,672.0,corpus/01-brokers/gibson/html/2026/2026-05-01_opexit.html
2026-05-01,18,Singapore,VLSFO,87.0,800.0,713.0,830.0,corpus/01-brokers/gibson/html/2026/2026-05-01_opexit.html
2026-05-08,19,Fujairah,VLSFO,55.0,938.0,883.0,786.0,corpus/01-brokers/gibson/html/2026/2026-05-08_clean-to-dirty.html
2026-05-08,19,Rotterdam,LSMGO,-185.0,1159.0,1343.0,1231.0,corpus/01-brokers/gibson/html/2026/2026-05-08_clean-to-dirty.html
2026-05-08,19,Rotterdam,VLSFO,5.0,801.0,796.0,658.0,corpus/01-brokers/gibson/html/2026/2026-05-08_clean-to-dirty.html
2026-05-08,19,Singapore,VLSFO,25.0,825.0,800.0,808.0,corpus/01-brokers/gibson/html/2026/2026-05-08_clean-to-dirty.html
2026-05-15,20,Fujairah,VLSFO,-62.0,876.0,938.0,726.0,corpus/01-brokers/gibson/html/2026/2026-05-15_eu-keeps-the-pressure-on.html
2026-05-15,20,Rotterdam,LSMGO,47.0,1205.0,1159.0,1222.0,corpus/01-brokers/gibson/html/2026/2026-05-15_eu-keeps-the-pressure-on.html
2026-05-15,20,Rotterdam,VLSFO,-50.0,750.0,801.0,645.0,corpus/01-brokers/gibson/html/2026/2026-05-15_eu-keeps-the-pressure-on.html
2026-05-15,20,Singapore,VLSFO,3.0,828.0,825.0,757.0,corpus/01-brokers/gibson/html/2026/2026-05-15_eu-keeps-the-pressure-on.html
2026-05-22,21,Fujairah,VLSFO,32.0,907.0,876.0,752.0,corpus/01-brokers/gibson/html/2026/2026-05-22_strait-forward.html
2026-05-22,21,Rotterdam,LSMGO,-21.0,1184.0,1205.0,1226.0,corpus/01-brokers/gibson/html/2026/2026-05-22_strait-forward.html
2026-05-22,21,Rotterdam,VLSFO,-19.0,732.0,750.0,684.0,corpus/01-brokers/gibson/html/2026/2026-05-22_strait-forward.html
2026-05-22,21,Singapore,VLSFO,-10.0,818.0,828.0,713.0,corpus/01-brokers/gibson/html/2026/2026-05-22_strait-forward.html
2026-05-29,22,Fujairah,VLSFO,35.0,942.0,907.0,883.0,corpus/01-brokers/gibson/html/2026/2026-05-29_back-on-track.html
2026-05-29,22,Rotterdam,LSMGO,-164.0,1021.0,1184.0,1343.0,corpus/01-brokers/gibson/html/2026/2026-05-29_back-on-track.html
2026-05-29,22,Rotterdam,VLSFO,-27.0,705.0,732.0,796.0,corpus/01-brokers/gibson/html/2026/2026-05-29_back-on-track.html
2026-05-29,22,Singapore,VLSFO,-32.0,786.0,818.0,800.0,corpus/01-brokers/gibson/html/2026/2026-05-29_back-on-track.html
2026-06-05,23,Fujairah,VLSFO,82.0,1024.0,942.0,938.0,corpus/01-brokers/gibson/html/2026/2026-06-05_resilient-vlccs.html
2026-06-05,23,Rotterdam,LSMGO,103.0,1124.0,1021.0,1159.0,corpus/01-brokers/gibson/html/2026/2026-06-05_resilient-vlccs.html
2026-06-05,23,Rotterdam,VLSFO,9.0,714.0,705.0,801.0,corpus/01-brokers/gibson/html/2026/2026-06-05_resilient-vlccs.html
2026-06-05,23,Singapore,VLSFO,6.0,792.0,786.0,825.0,corpus/01-brokers/gibson/html/2026/2026-06-05_resilient-vlccs.html
2026-06-12,24,Fujairah,VLSFO,207.0,1231.0,1024.0,876.0,corpus/01-brokers/gibson/html/2026/2026-06-12_too-much-of-a-good-thing.html
2026-06-12,24,Rotterdam,LSMGO,-40.0,1084.0,1124.0,1205.0,corpus/01-brokers/gibson/html/2026/2026-06-12_too-much-of-a-good-thing.html
2026-06-12,24,Rotterdam,VLSFO,-47.0,667.0,714.0,750.0,corpus/01-brokers/gibson/html/2026/2026-06-12_too-much-of-a-good-thing.html
2026-06-12,24,Singapore,VLSFO,-30.0,762.0,792.0,828.0,corpus/01-brokers/gibson/html/2026/2026-06-12_too-much-of-a-good-thing.html
2026-06-19,25,Fujairah,VLSFO,36.0,1229.0,1193.0,907.0,corpus/01-brokers/gibson/html/2026/2026-06-19_fourteen-points.html
2026-06-19,25,Rotterdam,LSMGO,-147.0,870.0,1017.0,1184.0,corpus/01-brokers/gibson/html/2026/2026-06-19_fourteen-points.html
2026-06-19,25,Rotterdam,VLSFO,-65.0,571.0,636.0,732.0,corpus/01-brokers/gibson/html/2026/2026-06-19_fourteen-points.html
2026-06-19,25,Singapore,VLSFO,-84.0,650.0,735.0,818.0,corpus/01-brokers/gibson/html/2026/2026-06-19_fourteen-points.html
2026-06-26,26,Fujairah,VLSFO,-166.0,1027.0,1193.0,907.0,corpus/01-brokers/gibson/html/2026/2026-06-26_trumping-2025.html
2026-06-26,26,Rotterdam,LSMGO,-163.0,854.0,1017.0,1184.0,corpus/01-brokers/gibson/html/2026/2026-06-26_trumping-2025.html
2026-06-26,26,Rotterdam,VLSFO,-60.0,576.0,636.0,732.0,corpus/01-brokers/gibson/html/2026/2026-06-26_trumping-2025.html
2026-06-26,26,Singapore,VLSFO,-50.0,685.0,735.0,818.0,corpus/01-brokers/gibson/html/2026/2026-06-26_trumping-2025.html
2026-07-03,27,Fujairah,VLSFO,-165.0,778.0,943.0,907.0,corpus/01-brokers/gibson/html/2026/2026-07-03_flows-recover.html
2026-07-03,27,Rotterdam,LSMGO,18.0,909.0,891.0,1184.0,corpus/01-brokers/gibson/html/2026/2026-07-03_flows-recover.html
2026-07-03,27,Rotterdam,VLSFO,-18.0,565.0,583.0,732.0,corpus/01-brokers/gibson/html/2026/2026-07-03_flows-recover.html
2026-07-03,27,Singapore,VLSFO,-46.0,642.0,688.0,818.0,corpus/01-brokers/gibson/html/2026/2026-07-03_flows-recover.html
2026-07-10,28,Fujairah,VLSFO,-113.0,665.0,778.0,1193.0,corpus/01-brokers/gibson/html/2026/2026-07-10_can-the-us-keep-it-up.html
2026-07-10,28,Rotterdam,LSMGO,70.0,979.0,909.0,1017.0,corpus/01-brokers/gibson/html/2026/2026-07-10_can-the-us-keep-it-up.html
2026-07-10,28,Rotterdam,VLSFO,29.0,594.0,565.0,636.0,corpus/01-brokers/gibson/html/2026/2026-07-10_can-the-us-keep-it-up.html
2026-07-10,28,Singapore,VLSFO,11.0,653.0,642.0,735.0,corpus/01-brokers/gibson/html/2026/2026-07-10_can-the-us-keep-it-up.html
2026-07-17,29,Fujairah,VLSFO,2.0,780.0,778.0,1229.0,corpus/01-brokers/gibson/html/2026/2026-07-17_diesel-drought.html
2026-07-17,29,Rotterdam,LSMGO,227.0,1136.0,909.0,870.0,corpus/01-brokers/gibson/html/2026/2026-07-17_diesel-drought.html
2026-07-17,29,Rotterdam,VLSFO,117.0,682.0,565.0,571.0,corpus/01-brokers/gibson/html/2026/2026-07-17_diesel-drought.html
2026-07-17,29,Singapore,VLSFO,123.0,765.0,642.0,650.0,corpus/01-brokers/gibson/html/2026/2026-07-17_diesel-drought.html
2026-07-24,30,Fujairah,VLSFO,56.0,836.0,780.0,943.0,corpus/01-brokers/gibson/html/2026/2026-07-24_structural-checkmate.html
2026-07-24,30,Rotterdam,LSMGO,94.0,1230.0,1136.0,891.0,corpus/01-brokers/gibson/html/2026/2026-07-24_structural-checkmate.html
2026-07-24,30,Rotterdam,VLSFO,8.0,690.0,682.0,583.0,corpus/01-brokers/gibson/html/2026/2026-07-24_structural-checkmate.html
2026-07-24,30,Singapore,VLSFO,56.0,821.0,765.0,688.0,corpus/01-brokers/gibson/html/2026/2026-07-24_structural-checkmate.html
2026-07-31,31,Fujairah,VLSFO,-26.0,810.0,836.0,778.0,corpus/01-brokers/gibson/html/2026/2026-07-31_prisoners-of-geography.html
2026-07-31,31,Rotterdam,LSMGO,67.0,1297.0,1230.0,909.0,corpus/01-brokers/gibson/html/2026/2026-07-31_prisoners-of-geography.html
2026-07-31,31,Rotterdam,VLSFO,-7.0,683.0,690.0,565.0,corpus/01-brokers/gibson/html/2026/2026-07-31_prisoners-of-geography.html
2026-07-31,31,Singapore,VLSFO,-18.0,803.0,821.0,642.0,corpus/01-brokers/gibson/html/2026/2026-07-31_prisoners-of-geography.html
2026-08-07,32,Fujairah,VLSFO,-35.0,775.0,810.0,723.0,corpus/01-brokers/gibson/html/2026/2026-08-07_black-sea-blues.html
2026-08-07,32,Rotterdam,LSMGO,-178.0,1119.0,1297.0,1018.0,corpus/01-brokers/gibson/html/2026/2026-08-07_black-sea-blues.html
2026-08-07,32,Rotterdam,VLSFO,-52.0,632.0,683.0,601.0,corpus/01-brokers/gibson/html/2026/2026-08-07_black-sea-blues.html
2026-08-07,32,Singapore,VLSFO,14.0,817.0,803.0,463.0,corpus/01-brokers/gibson/html/2026/2026-08-07_black-sea-blues.html
2026-08-14,33,Fujairah,VLSFO,35.0,810.0,775.0,780.0,corpus/01-brokers/gibson/html/2026/2026-08-14_running-low.html
2026-08-14,33,Rotterdam,LSMGO,119.0,1238.0,1119.0,1136.0,corpus/01-brokers/gibson/html/2026/2026-08-14_running-low.html
2026-08-14,33,Rotterdam,VLSFO,25.0,657.0,632.0,682.0,corpus/01-brokers/gibson/html/2026/2026-08-14_running-low.html
2026-08-14,33,Singapore,VLSFO,7.0,824.0,817.0,765.0,corpus/01-brokers/gibson/html/2026/2026-08-14_running-low.html
2026-08-21,34,Fujairah,VLSFO,20.0,829.0,810.0,836.0,corpus/01-brokers/gibson/html/2026/2026-08-21_crossed-wakes.html
2026-08-21,34,Rotterdam,LSMGO,46.0,1284.0,1238.0,1230.0,corpus/01-brokers/gibson/html/2026/2026-08-21_crossed-wakes.html
2026-08-21,34,Rotterdam,VLSFO,18.0,674.0,657.0,690.0,corpus/01-brokers/gibson/html/2026/2026-08-21_crossed-wakes.html
2026-08-21,34,Singapore,VLSFO,-10.0,814.0,824.0,821.0,corpus/01-brokers/gibson/html/2026/2026-08-21_crossed-wakes.html
2026-08-28,35,Fujairah,VLSFO,-37.0,792.0,829.0,810.0,corpus/01-brokers/gibson/html/2026/2026-08-28_no-margin-for-error.html
2026-08-28,35,Rotterdam,LSMGO,-84.0,1200.0,1284.0,1297.0,corpus/01-brokers/gibson/html/2026/2026-08-28_no-margin-for-error.html
2026-08-28,35,Rotterdam,VLSFO,-13.0,661.0,674.0,683.0,corpus/01-brokers/gibson/html/2026/2026-08-28_no-margin-for-error.html
2026-08-28,35,Singapore,VLSFO,-44.0,770.0,814.0,803.0,corpus/01-brokers/gibson/html/2026/2026-08-28_no-margin-for-error.html
2026-09-04,36,Fujairah,VLSFO,62.0,854.0,792.0,775.0,corpus/01-brokers/gibson/html/2026/2026-09-04_the-65-billion-barrel-deal.html
2026-09-04,36,Rotterdam,LSMGO,146.0,1346.0,1200.0,1119.0,corpus/01-brokers/gibson/html/2026/2026-09-04_the-65-billion-barrel-deal.html
2026-09-04,36,Rotterdam,VLSFO,34.0,694.0,661.0,632.0,corpus/01-brokers/gibson/html/2026/2026-09-04_the-65-billion-barrel-deal.html
2026-09-04,36,Singapore,VLSFO,50.0,820.0,770.0,817.0,corpus/01-brokers/gibson/html/2026/2026-09-04_the-65-billion-barrel-deal.html
2026-09-11,37,Fujairah,VLSFO,3.0,857.0,854.0,810.0,corpus/01-brokers/gibson/html/2026/2026-09-11_africas-refining-pipeline.html
2026-09-11,37,Rotterdam,LSMGO,33.0,1379.0,1346.0,1238.0,corpus/01-brokers/gibson/html/2026/2026-09-11_africas-refining-pipeline.html
2026-09-11,37,Rotterdam,VLSFO,-4.0,690.0,694.0,657.0,corpus/01-brokers/gibson/html/2026/2026-09-11_africas-refining-pipeline.html
2026-09-11,37,Singapore,VLSFO,22.0,842.0,820.0,824.0,corpus/01-brokers/gibson/html/2026/2026-09-11_africas-refining-pipeline.html
2026-09-18,38,Fujairah,VLSFO,156.0,1013.0,857.0,829.0,corpus/01-brokers/gibson/html/2026/2026-09-18_vlccs-rewrite-the-record-books.html
2026-09-18,38,Rotterdam,LSMGO,127.0,1505.0,1379.0,1284.0,corpus/01-brokers/gibson/html/2026/2026-09-18_vlccs-rewrite-the-record-books.html
2026-09-18,38,Rotterdam,VLSFO,33.0,724.0,690.0,674.0,corpus/01-brokers/gibson/html/2026/2026-09-18_vlccs-rewrite-the-record-books.html
2026-09-18,38,Singapore,VLSFO,61.0,903.0,842.0,814.0,corpus/01-brokers/gibson/html/2026/2026-09-18_vlccs-rewrite-the-record-books.html
2026-09-25,39,Fujairah,VLSFO,-41.0,972.0,1013.0,792.0,corpus/01-brokers/gibson/html/2026/2026-09-25_clean-catchup.html
2026-09-25,39,Rotterdam,LSMGO,-113.0,1393.0,1505.0,1200.0,corpus/01-brokers/gibson/html/2026/2026-09-25_clean-catchup.html
2026-09-25,39,Rotterdam,VLSFO,-49.0,674.0,724.0,661.0,corpus/01-brokers/gibson/html/2026/2026-09-25_clean-catchup.html
2026-09-25,39,Singapore,VLSFO,-56.0,847.0,903.0,770.0,corpus/01-brokers/gibson/html/2026/2026-09-25_clean-catchup.html
2026-10-02,40,Fujairah,VLSFO,-21.0,952.0,972.0,854.0,corpus/01-brokers/gibson/html/2026/2026-10-02_running-out-of-room.html
2026-10-02,40,Rotterdam,LSMGO,-32.0,1361.0,1393.0,1346.0,corpus/01-brokers/gibson/html/2026/2026-10-02_running-out-of-room.html
2026-10-02,40,Rotterdam,VLSFO,-9.0,666.0,674.0,694.0,corpus/01-brokers/gibson/html/2026/2026-10-02_running-out-of-room.html
2026-10-02,40,Singapore,VLSFO,-22.0,824.0,847.0,820.0,corpus/01-brokers/gibson/html/2026/2026-10-02_running-out-of-room.html
2026-10-09,41,Fujairah,VLSFO,3.0,955.0,952.0,857.0,corpus/01-brokers/gibson/html/2026/2026-10-09_damage-control.html
2026-10-09,41,Rotterdam,LSMGO,-33.0,1328.0,1361.0,1379.0,corpus/01-brokers/gibson/html/2026/2026-10-09_damage-control.html
2026-10-09,41,Rotterdam,VLSFO,34.0,699.0,666.0,690.0,corpus/01-brokers/gibson/html/2026/2026-10-09_damage-control.html
2026-10-09,41,Singapore,VLSFO,56.0,881.0,824.0,842.0,corpus/01-brokers/gibson/html/2026/2026-10-09_damage-control.html
