issue_date,report_week,country,sector,price_usd_per_ldt,source_file
2021-09-01,34,India,Tankers,590.0,2021-09-01_Demo_IG_weekly_34_2021_.pdf
2021-09-01,34,Turkey,Containers,300.0,2021-09-01_Demo_IG_weekly_34_2021_.pdf
2021-09-01,34,Pakistan,Containers,295.0,2021-09-01_Demo_IG_weekly_34_2021_.pdf
2021-09-01,34,Bangladesh,Containers,270.0,2021-09-01_Demo_IG_weekly_34_2021_.pdf
2021-09-01,34,Turkey,Dry Bulk,600.0,2021-09-01_Demo_IG_weekly_34_2021_.pdf
2021-09-01,34,Pakistan,Dry Bulk,585.0,2021-09-01_Demo_IG_weekly_34_2021_.pdf
2021-09-01,34,India,Containers,610.0,2021-09-01_Demo_IG_weekly_34_2021_.pdf
2021-09-01,34,India,Dry Bulk,615.0,2021-09-01_Demo_IG_weekly_34_2021_.pdf
2021-09-01,34,Turkey,Tankers,625.0,2021-09-01_Demo_IG_weekly_34_2021_.pdf
2021-09-01,34,Pakistan,Tankers,610.0,2021-09-01_Demo_IG_weekly_34_2021_.pdf
2021-09-01,34,Bangladesh,Tankers,600.0,2021-09-01_Demo_IG_weekly_34_2021_.pdf
2021-09-01,34,Bangladesh,Dry Bulk,600.0,2021-09-01_Demo_IG_weekly_34_2021_.pdf
2021-09-08,35,Turkey,Dry Bulk,600.0,2021-09-08_Demo_IG_weekly_35_2021.pdf.pdf
2021-09-08,35,Turkey,Containers,300.0,2021-09-08_Demo_IG_weekly_35_2021.pdf.pdf
2021-09-08,35,Pakistan,Containers,295.0,2021-09-08_Demo_IG_weekly_35_2021.pdf.pdf
2021-09-08,35,Bangladesh,Containers,270.0,2021-09-08_Demo_IG_weekly_35_2021.pdf.pdf
2021-09-08,35,Pakistan,Dry Bulk,590.0,2021-09-08_Demo_IG_weekly_35_2021.pdf.pdf
2021-09-08,35,India,Containers,608.0,2021-09-08_Demo_IG_weekly_35_2021.pdf.pdf
2021-09-08,35,India,Dry Bulk,610.0,2021-09-08_Demo_IG_weekly_35_2021.pdf.pdf
2021-09-08,35,Turkey,Tankers,615.0,2021-09-08_Demo_IG_weekly_35_2021.pdf.pdf
2021-09-08,35,Pakistan,Tankers,605.0,2021-09-08_Demo_IG_weekly_35_2021.pdf.pdf
2021-09-08,35,Bangladesh,Tankers,600.0,2021-09-08_Demo_IG_weekly_35_2021.pdf.pdf
2021-09-08,35,India,Tankers,590.0,2021-09-08_Demo_IG_weekly_35_2021.pdf.pdf
2021-09-08,35,Bangladesh,Dry Bulk,595.0,2021-09-08_Demo_IG_weekly_35_2021.pdf.pdf
2021-09-15,36,Turkey,Containers,300.0,2021-09-15_Demo_IG_weekly_36_2021.pdf
2021-09-15,36,Pakistan,Containers,295.0,2021-09-15_Demo_IG_weekly_36_2021.pdf
2021-09-15,36,Bangladesh,Containers,270.0,2021-09-15_Demo_IG_weekly_36_2021.pdf
2021-09-15,36,India,Containers,608.0,2021-09-15_Demo_IG_weekly_36_2021.pdf
2021-09-15,36,Turkey,Dry Bulk,600.0,2021-09-15_Demo_IG_weekly_36_2021.pdf
2021-09-15,36,Pakistan,Dry Bulk,590.0,2021-09-15_Demo_IG_weekly_36_2021.pdf
2021-09-15,36,Bangladesh,Dry Bulk,595.0,2021-09-15_Demo_IG_weekly_36_2021.pdf
2021-09-15,36,Turkey,Tankers,615.0,2021-09-15_Demo_IG_weekly_36_2021.pdf
2021-09-15,36,Pakistan,Tankers,605.0,2021-09-15_Demo_IG_weekly_36_2021.pdf
2021-09-15,36,Bangladesh,Tankers,600.0,2021-09-15_Demo_IG_weekly_36_2021.pdf
2021-09-15,36,India,Tankers,590.0,2021-09-15_Demo_IG_weekly_36_2021.pdf
2021-09-15,36,India,Dry Bulk,610.0,2021-09-15_Demo_IG_weekly_36_2021.pdf
2021-09-22,37,Turkey,Dry Bulk,605.0,2021-09-22_Demo_IG_weekly_37_2021.pdf
2021-09-22,37,Turkey,Containers,295.0,2021-09-22_Demo_IG_weekly_37_2021.pdf
2021-09-22,37,Pakistan,Containers,290.0,2021-09-22_Demo_IG_weekly_37_2021.pdf
2021-09-22,37,Bangladesh,Containers,280.0,2021-09-22_Demo_IG_weekly_37_2021.pdf
2021-09-22,37,Pakistan,Dry Bulk,590.0,2021-09-22_Demo_IG_weekly_37_2021.pdf
2021-09-22,37,India,Containers,600.0,2021-09-22_Demo_IG_weekly_37_2021.pdf
2021-09-22,37,India,Dry Bulk,595.0,2021-09-22_Demo_IG_weekly_37_2021.pdf
2021-09-22,37,India,Tankers,570.0,2021-09-22_Demo_IG_weekly_37_2021.pdf
2021-09-22,37,Bangladesh,Tankers,585.0,2021-09-22_Demo_IG_weekly_37_2021.pdf
2021-09-22,37,Bangladesh,Dry Bulk,585.0,2021-09-22_Demo_IG_weekly_37_2021.pdf
2021-09-22,37,Turkey,Tankers,605.0,2021-09-22_Demo_IG_weekly_37_2021.pdf
2021-09-22,37,Pakistan,Tankers,590.0,2021-09-22_Demo_IG_weekly_37_2021.pdf
2021-09-29,38,Turkey,Dry Bulk,610.0,2021-09-29_Demo_IG_weekly_38_2021.pdf
2021-09-29,38,Turkey,Containers,295.0,2021-09-29_Demo_IG_weekly_38_2021.pdf
2021-09-29,38,Pakistan,Containers,290.0,2021-09-29_Demo_IG_weekly_38_2021.pdf
2021-09-29,38,Bangladesh,Containers,280.0,2021-09-29_Demo_IG_weekly_38_2021.pdf
2021-09-29,38,India,Containers,605.0,2021-09-29_Demo_IG_weekly_38_2021.pdf
2021-09-29,38,Pakistan,Dry Bulk,595.0,2021-09-29_Demo_IG_weekly_38_2021.pdf
2021-09-29,38,Bangladesh,Dry Bulk,590.0,2021-09-29_Demo_IG_weekly_38_2021.pdf
2021-09-29,38,India,Dry Bulk,600.0,2021-09-29_Demo_IG_weekly_38_2021.pdf
2021-09-29,38,Turkey,Tankers,610.0,2021-09-29_Demo_IG_weekly_38_2021.pdf
2021-09-29,38,Pakistan,Tankers,595.0,2021-09-29_Demo_IG_weekly_38_2021.pdf
2021-09-29,38,Bangladesh,Tankers,590.0,2021-09-29_Demo_IG_weekly_38_2021.pdf
2021-09-29,38,India,Tankers,575.0,2021-09-29_Demo_IG_weekly_38_2021.pdf
2021-10-06,39,Pakistan,Containers,290.0,2021-10-06_Demo_IG_weekly_39_2021.pdf
2021-10-06,39,Bangladesh,Containers,280.0,2021-10-06_Demo_IG_weekly_39_2021.pdf
2021-10-06,39,India,Containers,600.0,2021-10-06_Demo_IG_weekly_39_2021.pdf
2021-10-06,39,Turkey,Dry Bulk,605.0,2021-10-06_Demo_IG_weekly_39_2021.pdf
2021-10-06,39,Pakistan,Dry Bulk,590.0,2021-10-06_Demo_IG_weekly_39_2021.pdf
2021-10-06,39,Turkey,Containers,295.0,2021-10-06_Demo_IG_weekly_39_2021.pdf
2021-10-06,39,Bangladesh,Dry Bulk,585.0,2021-10-06_Demo_IG_weekly_39_2021.pdf
2021-10-06,39,Turkey,Tankers,605.0,2021-10-06_Demo_IG_weekly_39_2021.pdf
2021-10-06,39,Pakistan,Tankers,590.0,2021-10-06_Demo_IG_weekly_39_2021.pdf
2021-10-06,39,Bangladesh,Tankers,585.0,2021-10-06_Demo_IG_weekly_39_2021.pdf
2021-10-06,39,India,Tankers,570.0,2021-10-06_Demo_IG_weekly_39_2021.pdf
2021-10-06,39,India,Dry Bulk,595.0,2021-10-06_Demo_IG_weekly_39_2021.pdf
2021-10-13,40,Turkey,Containers,295.0,2021-10-13_Demo_IG_weekly_40_2021.pdf
2021-10-13,40,Pakistan,Containers,290.0,2021-10-13_Demo_IG_weekly_40_2021.pdf
2021-10-13,40,Bangladesh,Containers,280.0,2021-10-13_Demo_IG_weekly_40_2021.pdf
2021-10-13,40,India,Containers,600.0,2021-10-13_Demo_IG_weekly_40_2021.pdf
2021-10-13,40,Turkey,Dry Bulk,605.0,2021-10-13_Demo_IG_weekly_40_2021.pdf
2021-10-13,40,Pakistan,Dry Bulk,590.0,2021-10-13_Demo_IG_weekly_40_2021.pdf
2021-10-13,40,Bangladesh,Dry Bulk,585.0,2021-10-13_Demo_IG_weekly_40_2021.pdf
2021-10-13,40,Turkey,Tankers,605.0,2021-10-13_Demo_IG_weekly_40_2021.pdf
2021-10-13,40,Pakistan,Tankers,590.0,2021-10-13_Demo_IG_weekly_40_2021.pdf
2021-10-13,40,Bangladesh,Tankers,585.0,2021-10-13_Demo_IG_weekly_40_2021.pdf
2021-10-13,40,India,Tankers,570.0,2021-10-13_Demo_IG_weekly_40_2021.pdf
2021-10-13,40,India,Dry Bulk,595.0,2021-10-13_Demo_IG_weekly_40_2021.pdf
2021-10-20,41,Turkey,Dry Bulk,605.0,2021-10-20_Demo_IG_weekly_41_2021.pdf
2021-10-20,41,Turkey,Containers,295.0,2021-10-20_Demo_IG_weekly_41_2021.pdf
2021-10-20,41,Pakistan,Containers,290.0,2021-10-20_Demo_IG_weekly_41_2021.pdf
2021-10-20,41,Bangladesh,Containers,280.0,2021-10-20_Demo_IG_weekly_41_2021.pdf
2021-10-20,41,Pakistan,Dry Bulk,590.0,2021-10-20_Demo_IG_weekly_41_2021.pdf
2021-10-20,41,India,Containers,600.0,2021-10-20_Demo_IG_weekly_41_2021.pdf
2021-10-20,41,India,Dry Bulk,595.0,2021-10-20_Demo_IG_weekly_41_2021.pdf
2021-10-20,41,India,Tankers,575.0,2021-10-20_Demo_IG_weekly_41_2021.pdf
2021-10-20,41,Bangladesh,Tankers,590.0,2021-10-20_Demo_IG_weekly_41_2021.pdf
2021-10-20,41,Bangladesh,Dry Bulk,585.0,2021-10-20_Demo_IG_weekly_41_2021.pdf
2021-10-20,41,Turkey,Tankers,605.0,2021-10-20_Demo_IG_weekly_41_2021.pdf
2021-10-20,41,Pakistan,Tankers,595.0,2021-10-20_Demo_IG_weekly_41_2021.pdf
2021-10-27,42,Turkey,Dry Bulk,615.0,2021-10-27_Demo_IG_weekly_42_2021.pdf
2021-10-27,42,India,Tankers,595.0,2021-10-27_Demo_IG_weekly_42_2021.pdf
2021-10-27,42,Bangladesh,Tankers,600.0,2021-10-27_Demo_IG_weekly_42_2021.pdf
2021-10-27,42,Pakistan,Tankers,605.0,2021-10-27_Demo_IG_weekly_42_2021.pdf
2021-10-27,42,Turkey,Tankers,605.0,2021-10-27_Demo_IG_weekly_42_2021.pdf
2021-10-27,42,India,Dry Bulk,610.0,2021-10-27_Demo_IG_weekly_42_2021.pdf
2021-10-27,42,Bangladesh,Dry Bulk,600.0,2021-10-27_Demo_IG_weekly_42_2021.pdf
2021-10-27,42,Pakistan,Dry Bulk,600.0,2021-10-27_Demo_IG_weekly_42_2021.pdf
2021-10-27,42,India,Containers,610.0,2021-10-27_Demo_IG_weekly_42_2021.pdf
2021-10-27,42,Bangladesh,Containers,290.0,2021-10-27_Demo_IG_weekly_42_2021.pdf
2021-10-27,42,Pakistan,Containers,300.0,2021-10-27_Demo_IG_weekly_42_2021.pdf
2021-10-27,42,Turkey,Containers,305.0,2021-10-27_Demo_IG_weekly_42_2021.pdf
2021-11-03,43,India,Containers,615.0,2021-11-03_Demo_IG_weekly_43_2021.pdf
2021-11-03,43,Bangladesh,Containers,290.0,2021-11-03_Demo_IG_weekly_43_2021.pdf
2021-11-03,43,Turkey,Dry Bulk,620.0,2021-11-03_Demo_IG_weekly_43_2021.pdf
2021-11-03,43,Turkey,Containers,305.0,2021-11-03_Demo_IG_weekly_43_2021.pdf
2021-11-03,43,Pakistan,Containers,300.0,2021-11-03_Demo_IG_weekly_43_2021.pdf
2021-11-03,43,Pakistan,Dry Bulk,605.0,2021-11-03_Demo_IG_weekly_43_2021.pdf
2021-11-03,43,Bangladesh,Dry Bulk,605.0,2021-11-03_Demo_IG_weekly_43_2021.pdf
2021-11-03,43,India,Dry Bulk,615.0,2021-11-03_Demo_IG_weekly_43_2021.pdf
2021-11-03,43,Turkey,Tankers,610.0,2021-11-03_Demo_IG_weekly_43_2021.pdf
2021-11-03,43,Pakistan,Tankers,610.0,2021-11-03_Demo_IG_weekly_43_2021.pdf
2021-11-03,43,Bangladesh,Tankers,605.0,2021-11-03_Demo_IG_weekly_43_2021.pdf
2021-11-03,43,India,Tankers,600.0,2021-11-03_Demo_IG_weekly_43_2021.pdf
2021-11-17,45,Turkey,Containers,330.0,2021-11-17_Demo_IG_weekly_45_2021.pdf
2021-11-17,45,Pakistan,Containers,320.0,2021-11-17_Demo_IG_weekly_45_2021.pdf
2021-11-17,45,Bangladesh,Containers,310.0,2021-11-17_Demo_IG_weekly_45_2021.pdf
2021-11-17,45,India,Containers,625.0,2021-11-17_Demo_IG_weekly_45_2021.pdf
2021-11-17,45,Turkey,Dry Bulk,620.0,2021-11-17_Demo_IG_weekly_45_2021.pdf
2021-11-17,45,Pakistan,Dry Bulk,605.0,2021-11-17_Demo_IG_weekly_45_2021.pdf
2021-11-17,45,India,Dry Bulk,625.0,2021-11-17_Demo_IG_weekly_45_2021.pdf
2021-11-17,45,Turkey,Tankers,630.0,2021-11-17_Demo_IG_weekly_45_2021.pdf
2021-11-17,45,Pakistan,Tankers,625.0,2021-11-17_Demo_IG_weekly_45_2021.pdf
2021-11-17,45,Bangladesh,Tankers,620.0,2021-11-17_Demo_IG_weekly_45_2021.pdf
2021-11-17,45,India,Tankers,610.0,2021-11-17_Demo_IG_weekly_45_2021.pdf
2021-11-17,45,Bangladesh,Dry Bulk,615.0,2021-11-17_Demo_IG_weekly_45_2021.pdf
2021-11-24,46,Pakistan,Dry Bulk,615.0,2021-11-24_Demo_IG_weekly_46_2021.pdf
2021-11-24,46,Pakistan,Containers,330.0,2021-11-24_Demo_IG_weekly_46_2021.pdf
2021-11-24,46,Bangladesh,Containers,320.0,2021-11-24_Demo_IG_weekly_46_2021.pdf
2021-11-24,46,India,Containers,635.0,2021-11-24_Demo_IG_weekly_46_2021.pdf
2021-11-24,46,Turkey,Dry Bulk,630.0,2021-11-24_Demo_IG_weekly_46_2021.pdf
2021-11-24,46,Turkey,Containers,340.0,2021-11-24_Demo_IG_weekly_46_2021.pdf
2021-11-24,46,Bangladesh,Dry Bulk,625.0,2021-11-24_Demo_IG_weekly_46_2021.pdf
2021-11-24,46,Turkey,Tankers,640.0,2021-11-24_Demo_IG_weekly_46_2021.pdf
2021-11-24,46,India,Tankers,600.0,2021-11-24_Demo_IG_weekly_46_2021.pdf
2021-11-24,46,India,Dry Bulk,635.0,2021-11-24_Demo_IG_weekly_46_2021.pdf
2021-11-24,46,Pakistan,Tankers,615.0,2021-11-24_Demo_IG_weekly_46_2021.pdf
2021-11-24,46,Bangladesh,Tankers,610.0,2021-11-24_Demo_IG_weekly_46_2021.pdf
2021-12-07,48,Turkey,Containers,340.0,2021-12-07_Demo_IG_weekly_48_2021.pdf
2021-12-07,48,Pakistan,Containers,330.0,2021-12-07_Demo_IG_weekly_48_2021.pdf
2021-12-07,48,Bangladesh,Containers,320.0,2021-12-07_Demo_IG_weekly_48_2021.pdf
2021-12-07,48,India,Containers,625.0,2021-12-07_Demo_IG_weekly_48_2021.pdf
2021-12-07,48,Pakistan,Dry Bulk,605.0,2021-12-07_Demo_IG_weekly_48_2021.pdf
2021-12-07,48,Turkey,Dry Bulk,620.0,2021-12-07_Demo_IG_weekly_48_2021.pdf
2021-12-07,48,India,Dry Bulk,625.0,2021-12-07_Demo_IG_weekly_48_2021.pdf
2021-12-07,48,Turkey,Tankers,630.0,2021-12-07_Demo_IG_weekly_48_2021.pdf
2021-12-07,48,Pakistan,Tankers,605.0,2021-12-07_Demo_IG_weekly_48_2021.pdf
2021-12-07,48,Bangladesh,Tankers,600.0,2021-12-07_Demo_IG_weekly_48_2021.pdf
2021-12-07,48,India,Tankers,590.0,2021-12-07_Demo_IG_weekly_48_2021.pdf
2021-12-07,48,Bangladesh,Dry Bulk,615.0,2021-12-07_Demo_IG_weekly_48_2021.pdf
2021-12-15,49,Turkey,Containers,340.0,2021-12-15_Demo_IG_weekly_49_2021.pdf
2021-12-15,49,Pakistan,Containers,330.0,2021-12-15_Demo_IG_weekly_49_2021.pdf
2021-12-15,49,Bangladesh,Containers,320.0,2021-12-15_Demo_IG_weekly_49_2021.pdf
2021-12-15,49,India,Containers,615.0,2021-12-15_Demo_IG_weekly_49_2021.pdf
2021-12-15,49,Turkey,Dry Bulk,605.0,2021-12-15_Demo_IG_weekly_49_2021.pdf
2021-12-15,49,Pakistan,Dry Bulk,595.0,2021-12-15_Demo_IG_weekly_49_2021.pdf
2021-12-15,49,India,Dry Bulk,615.0,2021-12-15_Demo_IG_weekly_49_2021.pdf
2021-12-15,49,Turkey,Tankers,625.0,2021-12-15_Demo_IG_weekly_49_2021.pdf
2021-12-15,49,Pakistan,Tankers,590.0,2021-12-15_Demo_IG_weekly_49_2021.pdf
2021-12-15,49,Bangladesh,Tankers,575.0,2021-12-15_Demo_IG_weekly_49_2021.pdf
2021-12-15,49,India,Tankers,570.0,2021-12-15_Demo_IG_weekly_49_2021.pdf
2021-12-15,49,Bangladesh,Dry Bulk,605.0,2021-12-15_Demo_IG_weekly_49_2021.pdf
2021-12-22,50,Turkey,Containers,340.0,2021-12-22_Demo_IG_weekly_50_2021-1.pdf
2021-12-22,50,Pakistan,Containers,330.0,2021-12-22_Demo_IG_weekly_50_2021-1.pdf
2021-12-22,50,Bangladesh,Containers,320.0,2021-12-22_Demo_IG_weekly_50_2021-1.pdf
2021-12-22,50,India,Containers,605.0,2021-12-22_Demo_IG_weekly_50_2021-1.pdf
2021-12-22,50,Turkey,Dry Bulk,600.0,2021-12-22_Demo_IG_weekly_50_2021-1.pdf
2021-12-22,50,Pakistan,Dry Bulk,585.0,2021-12-22_Demo_IG_weekly_50_2021-1.pdf
2021-12-22,50,Bangladesh,Dry Bulk,595.0,2021-12-22_Demo_IG_weekly_50_2021-1.pdf
2021-12-22,50,Turkey,Tankers,615.0,2021-12-22_Demo_IG_weekly_50_2021-1.pdf
2021-12-22,50,Pakistan,Tankers,580.0,2021-12-22_Demo_IG_weekly_50_2021-1.pdf
2021-12-22,50,Bangladesh,Tankers,575.0,2021-12-22_Demo_IG_weekly_50_2021-1.pdf
2021-12-22,50,India,Tankers,560.0,2021-12-22_Demo_IG_weekly_50_2021-1.pdf
2021-12-22,50,India,Dry Bulk,605.0,2021-12-22_Demo_IG_weekly_50_2021-1.pdf
2021-12-29,51,Turkey,Dry Bulk,600.0,2021-12-29_Demo_IG_weekly_51_2021.pdf
2021-12-29,51,Turkey,Containers,340.0,2021-12-29_Demo_IG_weekly_51_2021.pdf
2021-12-29,51,Pakistan,Containers,330.0,2021-12-29_Demo_IG_weekly_51_2021.pdf
2021-12-29,51,Bangladesh,Containers,320.0,2021-12-29_Demo_IG_weekly_51_2021.pdf
2021-12-29,51,India,Containers,605.0,2021-12-29_Demo_IG_weekly_51_2021.pdf
2021-12-29,51,Pakistan,Dry Bulk,585.0,2021-12-29_Demo_IG_weekly_51_2021.pdf
2021-12-29,51,Pakistan,Tankers,580.0,2021-12-29_Demo_IG_weekly_51_2021.pdf
2021-12-29,51,India,Dry Bulk,605.0,2021-12-29_Demo_IG_weekly_51_2021.pdf
2021-12-29,51,Turkey,Tankers,615.0,2021-12-29_Demo_IG_weekly_51_2021.pdf
2021-12-29,51,Bangladesh,Dry Bulk,595.0,2021-12-29_Demo_IG_weekly_51_2021.pdf
2021-12-29,51,Bangladesh,Tankers,575.0,2021-12-29_Demo_IG_weekly_51_2021.pdf
2021-12-29,51,India,Tankers,560.0,2021-12-29_Demo_IG_weekly_51_2021.pdf
2022-01-06,52,Turkey,Containers,340.0,2022-01-06_Demo_IG_weekly_52_2021.pdf
2022-01-06,52,Pakistan,Containers,330.0,2022-01-06_Demo_IG_weekly_52_2021.pdf
2022-01-06,52,Bangladesh,Containers,320.0,2022-01-06_Demo_IG_weekly_52_2021.pdf
2022-01-06,52,India,Containers,600.0,2022-01-06_Demo_IG_weekly_52_2021.pdf
2022-01-06,52,Turkey,Dry Bulk,595.0,2022-01-06_Demo_IG_weekly_52_2021.pdf
2022-01-06,52,Pakistan,Dry Bulk,580.0,2022-01-06_Demo_IG_weekly_52_2021.pdf
2022-01-06,52,India,Dry Bulk,600.0,2022-01-06_Demo_IG_weekly_52_2021.pdf
2022-01-06,52,Turkey,Tankers,610.0,2022-01-06_Demo_IG_weekly_52_2021.pdf
2022-01-06,52,Pakistan,Tankers,575.0,2022-01-06_Demo_IG_weekly_52_2021.pdf
2022-01-06,52,Bangladesh,Tankers,570.0,2022-01-06_Demo_IG_weekly_52_2021.pdf
2022-01-06,52,India,Tankers,555.0,2022-01-06_Demo_IG_weekly_52_2021.pdf
2022-01-06,52,Bangladesh,Dry Bulk,590.0,2022-01-06_Demo_IG_weekly_52_2021.pdf
2022-01-12,1,Turkey,Dry Bulk,595.0,2022-01-12_Demo_IG_weekly_01_2022.pdf
2022-01-12,1,Turkey,Containers,340.0,2022-01-12_Demo_IG_weekly_01_2022.pdf
2022-01-12,1,Pakistan,Containers,330.0,2022-01-12_Demo_IG_weekly_01_2022.pdf
2022-01-12,1,Bangladesh,Containers,320.0,2022-01-12_Demo_IG_weekly_01_2022.pdf
2022-01-12,1,India,Containers,600.0,2022-01-12_Demo_IG_weekly_01_2022.pdf
2022-01-12,1,Pakistan,Dry Bulk,580.0,2022-01-12_Demo_IG_weekly_01_2022.pdf
2022-01-12,1,Bangladesh,Dry Bulk,590.0,2022-01-12_Demo_IG_weekly_01_2022.pdf
2022-01-12,1,India,Dry Bulk,600.0,2022-01-12_Demo_IG_weekly_01_2022.pdf
2022-01-12,1,Turkey,Tankers,610.0,2022-01-12_Demo_IG_weekly_01_2022.pdf
2022-01-12,1,Pakistan,Tankers,575.0,2022-01-12_Demo_IG_weekly_01_2022.pdf
2022-01-12,1,Bangladesh,Tankers,570.0,2022-01-12_Demo_IG_weekly_01_2022.pdf
2022-01-12,1,India,Tankers,555.0,2022-01-12_Demo_IG_weekly_01_2022.pdf
2022-01-19,2,Turkey,Containers,340.0,2022-01-19_Demo_IG_weekly_02_2022.pdf
2022-01-19,2,Pakistan,Containers,330.0,2022-01-19_Demo_IG_weekly_02_2022.pdf
2022-01-19,2,Bangladesh,Containers,320.0,2022-01-19_Demo_IG_weekly_02_2022.pdf
2022-01-19,2,India,Containers,600.0,2022-01-19_Demo_IG_weekly_02_2022.pdf
2022-01-19,2,Turkey,Dry Bulk,595.0,2022-01-19_Demo_IG_weekly_02_2022.pdf
2022-01-19,2,Pakistan,Dry Bulk,580.0,2022-01-19_Demo_IG_weekly_02_2022.pdf
2022-01-19,2,Bangladesh,Dry Bulk,590.0,2022-01-19_Demo_IG_weekly_02_2022.pdf
2022-01-19,2,India,Dry Bulk,600.0,2022-01-19_Demo_IG_weekly_02_2022.pdf
2022-01-19,2,Turkey,Tankers,610.0,2022-01-19_Demo_IG_weekly_02_2022.pdf
2022-01-19,2,Pakistan,Tankers,575.0,2022-01-19_Demo_IG_weekly_02_2022.pdf
2022-01-19,2,Bangladesh,Tankers,570.0,2022-01-19_Demo_IG_weekly_02_2022.pdf
2022-01-19,2,India,Tankers,555.0,2022-01-19_Demo_IG_weekly_02_2022.pdf
2022-02-02,4,Turkey,Containers,350.0,2022-02-02_Week_4_2022_Athenian_Demo_report.pdf
2022-02-02,4,Pakistan,Containers,340.0,2022-02-02_Week_4_2022_Athenian_Demo_report.pdf
2022-02-02,4,Bangladesh,Containers,330.0,2022-02-02_Week_4_2022_Athenian_Demo_report.pdf
2022-02-02,4,India,Containers,630.0,2022-02-02_Week_4_2022_Athenian_Demo_report.pdf
2022-02-02,4,Turkey,Dry Bulk,625.0,2022-02-02_Week_4_2022_Athenian_Demo_report.pdf
2022-02-02,4,Pakistan,Dry Bulk,610.0,2022-02-02_Week_4_2022_Athenian_Demo_report.pdf
2022-02-02,4,Bangladesh,Dry Bulk,630.0,2022-02-02_Week_4_2022_Athenian_Demo_report.pdf
2022-02-02,4,India,Dry Bulk,640.0,2022-02-02_Week_4_2022_Athenian_Demo_report.pdf
2022-02-02,4,Turkey,Tankers,650.0,2022-02-02_Week_4_2022_Athenian_Demo_report.pdf
2022-02-02,4,Pakistan,Tankers,610.0,2022-02-02_Week_4_2022_Athenian_Demo_report.pdf
2022-02-02,4,Bangladesh,Tankers,605.0,2022-02-02_Week_4_2022_Athenian_Demo_report.pdf
2022-02-02,4,India,Tankers,595.0,2022-02-02_Week_4_2022_Athenian_Demo_report.pdf
2022-02-09,5,Turkey,Containers,350.0,2022-02-09_Week_5_2022_Athenian_Demo_report.pdf
2022-02-09,5,Pakistan,Containers,340.0,2022-02-09_Week_5_2022_Athenian_Demo_report.pdf
2022-02-09,5,Bangladesh,Containers,330.0,2022-02-09_Week_5_2022_Athenian_Demo_report.pdf
2022-02-09,5,India,Containers,640.0,2022-02-09_Week_5_2022_Athenian_Demo_report.pdf
2022-02-09,5,Turkey,Dry Bulk,635.0,2022-02-09_Week_5_2022_Athenian_Demo_report.pdf
2022-02-09,5,Pakistan,Dry Bulk,620.0,2022-02-09_Week_5_2022_Athenian_Demo_report.pdf
2022-02-09,5,Bangladesh,Dry Bulk,640.0,2022-02-09_Week_5_2022_Athenian_Demo_report.pdf
2022-02-09,5,India,Dry Bulk,650.0,2022-02-09_Week_5_2022_Athenian_Demo_report.pdf
2022-02-09,5,Turkey,Tankers,660.0,2022-02-09_Week_5_2022_Athenian_Demo_report.pdf
2022-02-09,5,Pakistan,Tankers,620.0,2022-02-09_Week_5_2022_Athenian_Demo_report.pdf
2022-02-09,5,Bangladesh,Tankers,615.0,2022-02-09_Week_5_2022_Athenian_Demo_report.pdf
2022-02-09,5,India,Tankers,605.0,2022-02-09_Week_5_2022_Athenian_Demo_report.pdf
2022-02-16,6,Turkey,Containers,355.0,2022-02-16_Week_6_2022_Athenian_Demo_report-1.pdf
2022-02-16,6,Pakistan,Containers,345.0,2022-02-16_Week_6_2022_Athenian_Demo_report-1.pdf
2022-02-16,6,Bangladesh,Containers,335.0,2022-02-16_Week_6_2022_Athenian_Demo_report-1.pdf
2022-02-16,6,India,Containers,660.0,2022-02-16_Week_6_2022_Athenian_Demo_report-1.pdf
2022-02-16,6,Turkey,Dry Bulk,655.0,2022-02-16_Week_6_2022_Athenian_Demo_report-1.pdf
2022-02-16,6,Bangladesh,Dry Bulk,650.0,2022-02-16_Week_6_2022_Athenian_Demo_report-1.pdf
2022-02-16,6,Turkey,Tankers,670.0,2022-02-16_Week_6_2022_Athenian_Demo_report-1.pdf
2022-02-16,6,India,Dry Bulk,660.0,2022-02-16_Week_6_2022_Athenian_Demo_report-1.pdf
2022-02-16,6,Pakistan,Tankers,635.0,2022-02-16_Week_6_2022_Athenian_Demo_report-1.pdf
2022-02-16,6,Bangladesh,Tankers,630.0,2022-02-16_Week_6_2022_Athenian_Demo_report-1.pdf
2022-02-16,6,India,Tankers,620.0,2022-02-16_Week_6_2022_Athenian_Demo_report-1.pdf
2022-02-16,6,Pakistan,Dry Bulk,640.0,2022-02-16_Week_6_2022_Athenian_Demo_report-1.pdf
2022-02-22,7,Turkey,Containers,360.0,2022-02-22_Week_7_2022_Athenian_Demo_report-2.pdf
2022-02-22,7,Pakistan,Containers,350.0,2022-02-22_Week_7_2022_Athenian_Demo_report-2.pdf
2022-02-22,7,Bangladesh,Containers,340.0,2022-02-22_Week_7_2022_Athenian_Demo_report-2.pdf
2022-02-22,7,India,Containers,665.0,2022-02-22_Week_7_2022_Athenian_Demo_report-2.pdf
2022-02-22,7,Turkey,Dry Bulk,660.0,2022-02-22_Week_7_2022_Athenian_Demo_report-2.pdf
2022-02-22,7,Pakistan,Dry Bulk,645.0,2022-02-22_Week_7_2022_Athenian_Demo_report-2.pdf
2022-02-22,7,India,Dry Bulk,665.0,2022-02-22_Week_7_2022_Athenian_Demo_report-2.pdf
2022-02-22,7,Turkey,Tankers,675.0,2022-02-22_Week_7_2022_Athenian_Demo_report-2.pdf
2022-02-22,7,Pakistan,Tankers,640.0,2022-02-22_Week_7_2022_Athenian_Demo_report-2.pdf
2022-02-22,7,Bangladesh,Tankers,635.0,2022-02-22_Week_7_2022_Athenian_Demo_report-2.pdf
2022-02-22,7,India,Tankers,625.0,2022-02-22_Week_7_2022_Athenian_Demo_report-2.pdf
2022-02-22,7,Bangladesh,Dry Bulk,655.0,2022-02-22_Week_7_2022_Athenian_Demo_report-2.pdf
2022-03-01,8,India,Containers,670.0,2022-03-01_Week_8_2022_Athenian_Demo_report.pdf
2022-03-01,8,Bangladesh,Containers,365.0,2022-03-01_Week_8_2022_Athenian_Demo_report.pdf
2022-03-01,8,Turkey,Dry Bulk,665.0,2022-03-01_Week_8_2022_Athenian_Demo_report.pdf
2022-03-01,8,Turkey,Containers,385.0,2022-03-01_Week_8_2022_Athenian_Demo_report.pdf
2022-03-01,8,Pakistan,Containers,375.0,2022-03-01_Week_8_2022_Athenian_Demo_report.pdf
2022-03-01,8,Pakistan,Dry Bulk,650.0,2022-03-01_Week_8_2022_Athenian_Demo_report.pdf
2022-03-01,8,India,Tankers,630.0,2022-03-01_Week_8_2022_Athenian_Demo_report.pdf
2022-03-01,8,India,Dry Bulk,670.0,2022-03-01_Week_8_2022_Athenian_Demo_report.pdf
2022-03-01,8,Turkey,Tankers,680.0,2022-03-01_Week_8_2022_Athenian_Demo_report.pdf
2022-03-01,8,Pakistan,Tankers,645.0,2022-03-01_Week_8_2022_Athenian_Demo_report.pdf
2022-03-01,8,Bangladesh,Tankers,640.0,2022-03-01_Week_8_2022_Athenian_Demo_report.pdf
2022-03-01,8,Bangladesh,Dry Bulk,660.0,2022-03-01_Week_8_2022_Athenian_Demo_report.pdf
2022-03-08,9,Turkey,Containers,395.0,2022-03-08_Week_9_2022_Athenian_Demo_report.pdf
2022-03-08,9,Pakistan,Containers,385.0,2022-03-08_Week_9_2022_Athenian_Demo_report.pdf
2022-03-08,9,Bangladesh,Containers,375.0,2022-03-08_Week_9_2022_Athenian_Demo_report.pdf
2022-03-08,9,India,Containers,670.0,2022-03-08_Week_9_2022_Athenian_Demo_report.pdf
2022-03-08,9,Turkey,Dry Bulk,665.0,2022-03-08_Week_9_2022_Athenian_Demo_report.pdf
2022-03-08,9,Pakistan,Dry Bulk,650.0,2022-03-08_Week_9_2022_Athenian_Demo_report.pdf
2022-03-08,9,Bangladesh,Dry Bulk,660.0,2022-03-08_Week_9_2022_Athenian_Demo_report.pdf
2022-03-08,9,India,Dry Bulk,670.0,2022-03-08_Week_9_2022_Athenian_Demo_report.pdf
2022-03-08,9,Turkey,Tankers,680.0,2022-03-08_Week_9_2022_Athenian_Demo_report.pdf
2022-03-08,9,Pakistan,Tankers,650.0,2022-03-08_Week_9_2022_Athenian_Demo_report.pdf
2022-03-08,9,Bangladesh,Tankers,645.0,2022-03-08_Week_9_2022_Athenian_Demo_report.pdf
2022-03-08,9,India,Tankers,635.0,2022-03-08_Week_9_2022_Athenian_Demo_report.pdf
2022-03-15,10,Turkey,Containers,415.0,2022-03-15_Week_10_2022_Athenian_Demo_report-1.pdf
2022-03-15,10,Pakistan,Containers,405.0,2022-03-15_Week_10_2022_Athenian_Demo_report-1.pdf
2022-03-15,10,Bangladesh,Containers,395.0,2022-03-15_Week_10_2022_Athenian_Demo_report-1.pdf
2022-03-15,10,India,Containers,680.0,2022-03-15_Week_10_2022_Athenian_Demo_report-1.pdf
2022-03-15,10,Turkey,Dry Bulk,675.0,2022-03-15_Week_10_2022_Athenian_Demo_report-1.pdf
2022-03-15,10,Pakistan,Dry Bulk,660.0,2022-03-15_Week_10_2022_Athenian_Demo_report-1.pdf
2022-03-15,10,India,Dry Bulk,680.0,2022-03-15_Week_10_2022_Athenian_Demo_report-1.pdf
2022-03-15,10,Turkey,Tankers,690.0,2022-03-15_Week_10_2022_Athenian_Demo_report-1.pdf
2022-03-15,10,Pakistan,Tankers,670.0,2022-03-15_Week_10_2022_Athenian_Demo_report-1.pdf
2022-03-15,10,Bangladesh,Tankers,665.0,2022-03-15_Week_10_2022_Athenian_Demo_report-1.pdf
2022-03-15,10,India,Tankers,655.0,2022-03-15_Week_10_2022_Athenian_Demo_report-1.pdf
2022-03-15,10,Bangladesh,Dry Bulk,670.0,2022-03-15_Week_10_2022_Athenian_Demo_report-1.pdf
2022-03-22,11,Bangladesh,Dry Bulk,680.0,2022-03-22_Week_11_2022_Athenian_Demo_report.pdf
2022-03-22,11,Turkey,Containers,455.0,2022-03-22_Week_11_2022_Athenian_Demo_report.pdf
2022-03-22,11,Pakistan,Containers,445.0,2022-03-22_Week_11_2022_Athenian_Demo_report.pdf
2022-03-22,11,Bangladesh,Containers,435.0,2022-03-22_Week_11_2022_Athenian_Demo_report.pdf
2022-03-22,11,India,Containers,690.0,2022-03-22_Week_11_2022_Athenian_Demo_report.pdf
2022-03-22,11,Turkey,Dry Bulk,685.0,2022-03-22_Week_11_2022_Athenian_Demo_report.pdf
2022-03-22,11,Turkey,Tankers,700.0,2022-03-22_Week_11_2022_Athenian_Demo_report.pdf
2022-03-22,11,India,Dry Bulk,690.0,2022-03-22_Week_11_2022_Athenian_Demo_report.pdf
2022-03-22,11,Pakistan,Tankers,680.0,2022-03-22_Week_11_2022_Athenian_Demo_report.pdf
2022-03-22,11,Bangladesh,Tankers,675.0,2022-03-22_Week_11_2022_Athenian_Demo_report.pdf
2022-03-22,11,India,Tankers,665.0,2022-03-22_Week_11_2022_Athenian_Demo_report.pdf
2022-03-22,11,Pakistan,Dry Bulk,670.0,2022-03-22_Week_11_2022_Athenian_Demo_report.pdf
2022-04-02,12,India,Containers,685.0,2022-04-02_Week_12_2022_Athenian_Demo_report.pdf
2022-04-02,12,Bangladesh,Containers,445.0,2022-04-02_Week_12_2022_Athenian_Demo_report.pdf
2022-04-02,12,Turkey,Dry Bulk,680.0,2022-04-02_Week_12_2022_Athenian_Demo_report.pdf
2022-04-02,12,Turkey,Containers,465.0,2022-04-02_Week_12_2022_Athenian_Demo_report.pdf
2022-04-02,12,Pakistan,Containers,455.0,2022-04-02_Week_12_2022_Athenian_Demo_report.pdf
2022-04-02,12,Pakistan,Dry Bulk,665.0,2022-04-02_Week_12_2022_Athenian_Demo_report.pdf
2022-04-02,12,India,Tankers,650.0,2022-04-02_Week_12_2022_Athenian_Demo_report.pdf
2022-04-02,12,India,Dry Bulk,685.0,2022-04-02_Week_12_2022_Athenian_Demo_report.pdf
2022-04-02,12,Turkey,Tankers,695.0,2022-04-02_Week_12_2022_Athenian_Demo_report.pdf
2022-04-02,12,Pakistan,Tankers,665.0,2022-04-02_Week_12_2022_Athenian_Demo_report.pdf
2022-04-02,12,Bangladesh,Tankers,660.0,2022-04-02_Week_12_2022_Athenian_Demo_report.pdf
2022-04-02,12,Bangladesh,Dry Bulk,675.0,2022-04-02_Week_12_2022_Athenian_Demo_report.pdf
2022-04-06,13,Turkey,Containers,475.0,2022-04-06_Week_13_2022_Athenian_Demo_report-1-1.pdf
2022-04-06,13,Pakistan,Containers,465.0,2022-04-06_Week_13_2022_Athenian_Demo_report-1-1.pdf
2022-04-06,13,Bangladesh,Containers,455.0,2022-04-06_Week_13_2022_Athenian_Demo_report-1-1.pdf
2022-04-06,13,India,Containers,670.0,2022-04-06_Week_13_2022_Athenian_Demo_report-1-1.pdf
2022-04-06,13,Turkey,Dry Bulk,665.0,2022-04-06_Week_13_2022_Athenian_Demo_report-1-1.pdf
2022-04-06,13,Pakistan,Dry Bulk,650.0,2022-04-06_Week_13_2022_Athenian_Demo_report-1-1.pdf
2022-04-06,13,India,Dry Bulk,670.0,2022-04-06_Week_13_2022_Athenian_Demo_report-1-1.pdf
2022-04-06,13,Turkey,Tankers,680.0,2022-04-06_Week_13_2022_Athenian_Demo_report-1-1.pdf
2022-04-06,13,Pakistan,Tankers,670.0,2022-04-06_Week_13_2022_Athenian_Demo_report-1-1.pdf
2022-04-06,13,Bangladesh,Tankers,665.0,2022-04-06_Week_13_2022_Athenian_Demo_report-1-1.pdf
2022-04-06,13,India,Tankers,655.0,2022-04-06_Week_13_2022_Athenian_Demo_report-1-1.pdf
2022-04-06,13,Bangladesh,Dry Bulk,660.0,2022-04-06_Week_13_2022_Athenian_Demo_report-1-1.pdf
2022-04-13,14,Turkey,Dry Bulk,675.0,2022-04-13_Week_14_2022_Athenian_Demo_report.pdf
2022-04-13,14,Turkey,Containers,475.0,2022-04-13_Week_14_2022_Athenian_Demo_report.pdf
2022-04-13,14,Pakistan,Containers,465.0,2022-04-13_Week_14_2022_Athenian_Demo_report.pdf
2022-04-13,14,Bangladesh,Containers,455.0,2022-04-13_Week_14_2022_Athenian_Demo_report.pdf
2022-04-13,14,India,Containers,680.0,2022-04-13_Week_14_2022_Athenian_Demo_report.pdf
2022-04-13,14,Pakistan,Dry Bulk,660.0,2022-04-13_Week_14_2022_Athenian_Demo_report.pdf
2022-04-13,14,India,Tankers,665.0,2022-04-13_Week_14_2022_Athenian_Demo_report.pdf
2022-04-13,14,India,Dry Bulk,665.0,2022-04-13_Week_14_2022_Athenian_Demo_report.pdf
2022-04-13,14,Turkey,Tankers,675.0,2022-04-13_Week_14_2022_Athenian_Demo_report.pdf
2022-04-13,14,Pakistan,Tankers,680.0,2022-04-13_Week_14_2022_Athenian_Demo_report.pdf
2022-04-13,14,Bangladesh,Tankers,675.0,2022-04-13_Week_14_2022_Athenian_Demo_report.pdf
2022-04-13,14,Bangladesh,Dry Bulk,655.0,2022-04-13_Week_14_2022_Athenian_Demo_report.pdf
2022-04-19,15,Turkey,Dry Bulk,710.0,2022-04-19_Week_15_2022_Athenian_Demo_report.pdf
2022-04-19,15,Turkey,Containers,475.0,2022-04-19_Week_15_2022_Athenian_Demo_report.pdf
2022-04-19,15,Pakistan,Containers,465.0,2022-04-19_Week_15_2022_Athenian_Demo_report.pdf
2022-04-19,15,Bangladesh,Containers,455.0,2022-04-19_Week_15_2022_Athenian_Demo_report.pdf
2022-04-19,15,India,Containers,715.0,2022-04-19_Week_15_2022_Athenian_Demo_report.pdf
2022-04-19,15,Pakistan,Dry Bulk,695.0,2022-04-19_Week_15_2022_Athenian_Demo_report.pdf
2022-04-19,15,Pakistan,Tankers,715.0,2022-04-19_Week_15_2022_Athenian_Demo_report.pdf
2022-04-19,15,India,Dry Bulk,680.0,2022-04-19_Week_15_2022_Athenian_Demo_report.pdf
2022-04-19,15,India,Tankers,695.0,2022-04-19_Week_15_2022_Athenian_Demo_report.pdf
2022-04-19,15,Bangladesh,Tankers,710.0,2022-04-19_Week_15_2022_Athenian_Demo_report.pdf
2022-04-19,15,Bangladesh,Dry Bulk,670.0,2022-04-19_Week_15_2022_Athenian_Demo_report.pdf
2022-04-19,15,Turkey,Tankers,690.0,2022-04-19_Week_15_2022_Athenian_Demo_report.pdf
2022-04-27,16,Turkey,Containers,475.0,2022-04-27_Week_16_2022_Athenian_Demo_report-1.pdf
2022-04-27,16,Pakistan,Containers,465.0,2022-04-27_Week_16_2022_Athenian_Demo_report-1.pdf
2022-04-27,16,Bangladesh,Containers,455.0,2022-04-27_Week_16_2022_Athenian_Demo_report-1.pdf
2022-04-27,16,India,Containers,715.0,2022-04-27_Week_16_2022_Athenian_Demo_report-1.pdf
2022-04-27,16,Pakistan,Dry Bulk,695.0,2022-04-27_Week_16_2022_Athenian_Demo_report-1.pdf
2022-04-27,16,Turkey,Dry Bulk,710.0,2022-04-27_Week_16_2022_Athenian_Demo_report-1.pdf
2022-04-27,16,India,Dry Bulk,680.0,2022-04-27_Week_16_2022_Athenian_Demo_report-1.pdf
2022-04-27,16,Turkey,Tankers,690.0,2022-04-27_Week_16_2022_Athenian_Demo_report-1.pdf
2022-04-27,16,Pakistan,Tankers,715.0,2022-04-27_Week_16_2022_Athenian_Demo_report-1.pdf
2022-04-27,16,Bangladesh,Tankers,710.0,2022-04-27_Week_16_2022_Athenian_Demo_report-1.pdf
2022-04-27,16,India,Tankers,695.0,2022-04-27_Week_16_2022_Athenian_Demo_report-1.pdf
2022-04-27,16,Bangladesh,Dry Bulk,670.0,2022-04-27_Week_16_2022_Athenian_Demo_report-1.pdf
2022-05-03,17,India,Containers,685.0,2022-05-03_Week_17_2022_Athenian_Demo_report.pdf
2022-05-03,17,Turkey,Containers,425.0,2022-05-03_Week_17_2022_Athenian_Demo_report.pdf
2022-05-03,17,Pakistan,Containers,415.0,2022-05-03_Week_17_2022_Athenian_Demo_report.pdf
2022-05-03,17,Bangladesh,Containers,405.0,2022-05-03_Week_17_2022_Athenian_Demo_report.pdf
2022-05-03,17,Pakistan,Dry Bulk,665.0,2022-05-03_Week_17_2022_Athenian_Demo_report.pdf
2022-05-03,17,Turkey,Dry Bulk,675.0,2022-05-03_Week_17_2022_Athenian_Demo_report.pdf
2022-05-03,17,India,Dry Bulk,665.0,2022-05-03_Week_17_2022_Athenian_Demo_report.pdf
2022-05-03,17,Turkey,Tankers,675.0,2022-05-03_Week_17_2022_Athenian_Demo_report.pdf
2022-05-03,17,Pakistan,Tankers,695.0,2022-05-03_Week_17_2022_Athenian_Demo_report.pdf
2022-05-03,17,Bangladesh,Tankers,685.0,2022-05-03_Week_17_2022_Athenian_Demo_report.pdf
2022-05-03,17,India,Tankers,675.0,2022-05-03_Week_17_2022_Athenian_Demo_report.pdf
2022-05-03,17,Bangladesh,Dry Bulk,655.0,2022-05-03_Week_17_2022_Athenian_Demo_report.pdf
2022-05-10,18,Turkey,Containers,405.0,2022-05-10_Week_18_2022_Athenian_Demo_report.pdf
2022-05-10,18,Pakistan,Containers,405.0,2022-05-10_Week_18_2022_Athenian_Demo_report.pdf
2022-05-10,18,Bangladesh,Containers,395.0,2022-05-10_Week_18_2022_Athenian_Demo_report.pdf
2022-05-10,18,India,Containers,665.0,2022-05-10_Week_18_2022_Athenian_Demo_report.pdf
2022-05-10,18,Turkey,Dry Bulk,655.0,2022-05-10_Week_18_2022_Athenian_Demo_report.pdf
2022-05-10,18,Pakistan,Dry Bulk,645.0,2022-05-10_Week_18_2022_Athenian_Demo_report.pdf
2022-05-10,18,Bangladesh,Dry Bulk,635.0,2022-05-10_Week_18_2022_Athenian_Demo_report.pdf
2022-05-10,18,Turkey,Tankers,655.0,2022-05-10_Week_18_2022_Athenian_Demo_report.pdf
2022-05-10,18,Pakistan,Tankers,675.0,2022-05-10_Week_18_2022_Athenian_Demo_report.pdf
2022-05-10,18,Bangladesh,Tankers,665.0,2022-05-10_Week_18_2022_Athenian_Demo_report.pdf
2022-05-10,18,India,Tankers,655.0,2022-05-10_Week_18_2022_Athenian_Demo_report.pdf
2022-05-10,18,India,Dry Bulk,645.0,2022-05-10_Week_18_2022_Athenian_Demo_report.pdf
2022-05-17,19,Turkey,Dry Bulk,645.0,2022-05-17_Week_19_2022_Athenian_Demo_report.pdf
2022-05-17,19,Turkey,Containers,335.0,2022-05-17_Week_19_2022_Athenian_Demo_report.pdf
2022-05-17,19,Pakistan,Containers,325.0,2022-05-17_Week_19_2022_Athenian_Demo_report.pdf
2022-05-17,19,Bangladesh,Containers,315.0,2022-05-17_Week_19_2022_Athenian_Demo_report.pdf
2022-05-17,19,Pakistan,Dry Bulk,635.0,2022-05-17_Week_19_2022_Athenian_Demo_report.pdf
2022-05-17,19,India,Containers,655.0,2022-05-17_Week_19_2022_Athenian_Demo_report.pdf
2022-05-17,19,India,Dry Bulk,635.0,2022-05-17_Week_19_2022_Athenian_Demo_report.pdf
2022-05-17,19,India,Tankers,645.0,2022-05-17_Week_19_2022_Athenian_Demo_report.pdf
2022-05-17,19,Bangladesh,Tankers,655.0,2022-05-17_Week_19_2022_Athenian_Demo_report.pdf
2022-05-17,19,Bangladesh,Dry Bulk,625.0,2022-05-17_Week_19_2022_Athenian_Demo_report.pdf
2022-05-17,19,Turkey,Tankers,645.0,2022-05-17_Week_19_2022_Athenian_Demo_report.pdf
2022-05-17,19,Pakistan,Tankers,665.0,2022-05-17_Week_19_2022_Athenian_Demo_report.pdf
2022-05-24,20,Turkey,Dry Bulk,625.0,2022-05-24_Week_20_2022_Athenian_Demo_report.pdf
2022-05-24,20,Turkey,Containers,335.0,2022-05-24_Week_20_2022_Athenian_Demo_report.pdf
2022-05-24,20,Pakistan,Containers,325.0,2022-05-24_Week_20_2022_Athenian_Demo_report.pdf
2022-05-24,20,Bangladesh,Containers,315.0,2022-05-24_Week_20_2022_Athenian_Demo_report.pdf
2022-05-24,20,India,Containers,635.0,2022-05-24_Week_20_2022_Athenian_Demo_report.pdf
2022-05-24,20,Pakistan,Dry Bulk,615.0,2022-05-24_Week_20_2022_Athenian_Demo_report.pdf
2022-05-24,20,Bangladesh,Dry Bulk,625.0,2022-05-24_Week_20_2022_Athenian_Demo_report.pdf
2022-05-24,20,India,Dry Bulk,635.0,2022-05-24_Week_20_2022_Athenian_Demo_report.pdf
2022-05-24,20,Turkey,Tankers,645.0,2022-05-24_Week_20_2022_Athenian_Demo_report.pdf
2022-05-24,20,Pakistan,Tankers,655.0,2022-05-24_Week_20_2022_Athenian_Demo_report.pdf
2022-05-24,20,Bangladesh,Tankers,645.0,2022-05-24_Week_20_2022_Athenian_Demo_report.pdf
2022-05-24,20,India,Tankers,635.0,2022-05-24_Week_20_2022_Athenian_Demo_report.pdf
2022-05-31,21,Pakistan,Containers,325.0,2022-05-31_Week_21_2022_Athenian_Demo_report.pdf
2022-05-31,21,Bangladesh,Containers,315.0,2022-05-31_Week_21_2022_Athenian_Demo_report.pdf
2022-05-31,21,India,Containers,625.0,2022-05-31_Week_21_2022_Athenian_Demo_report.pdf
2022-05-31,21,Turkey,Dry Bulk,615.0,2022-05-31_Week_21_2022_Athenian_Demo_report.pdf
2022-05-31,21,Pakistan,Dry Bulk,605.0,2022-05-31_Week_21_2022_Athenian_Demo_report.pdf
2022-05-31,21,Turkey,Containers,335.0,2022-05-31_Week_21_2022_Athenian_Demo_report.pdf
2022-05-31,21,Bangladesh,Dry Bulk,615.0,2022-05-31_Week_21_2022_Athenian_Demo_report.pdf
2022-05-31,21,Turkey,Tankers,635.0,2022-05-31_Week_21_2022_Athenian_Demo_report.pdf
2022-05-31,21,Pakistan,Tankers,645.0,2022-05-31_Week_21_2022_Athenian_Demo_report.pdf
2022-05-31,21,Bangladesh,Tankers,635.0,2022-05-31_Week_21_2022_Athenian_Demo_report.pdf
2022-05-31,21,India,Tankers,625.0,2022-05-31_Week_21_2022_Athenian_Demo_report.pdf
2022-05-31,21,India,Dry Bulk,625.0,2022-05-31_Week_21_2022_Athenian_Demo_report.pdf
2022-06-14,23,Turkey,Containers,315.0,2022-06-14_Week_23_2022_Athenian_Demo_report.pdf
2022-06-14,23,Pakistan,Containers,305.0,2022-06-14_Week_23_2022_Athenian_Demo_report.pdf
2022-06-14,23,Bangladesh,Containers,295.0,2022-06-14_Week_23_2022_Athenian_Demo_report.pdf
2022-06-14,23,India,Containers,625.0,2022-06-14_Week_23_2022_Athenian_Demo_report.pdf
2022-06-14,23,Turkey,Dry Bulk,615.0,2022-06-14_Week_23_2022_Athenian_Demo_report.pdf
2022-06-14,23,Pakistan,Dry Bulk,605.0,2022-06-14_Week_23_2022_Athenian_Demo_report.pdf
2022-06-14,23,India,Dry Bulk,625.0,2022-06-14_Week_23_2022_Athenian_Demo_report.pdf
2022-06-14,23,Turkey,Tankers,635.0,2022-06-14_Week_23_2022_Athenian_Demo_report.pdf
2022-06-14,23,Pakistan,Tankers,645.0,2022-06-14_Week_23_2022_Athenian_Demo_report.pdf
2022-06-14,23,Bangladesh,Tankers,635.0,2022-06-14_Week_23_2022_Athenian_Demo_report.pdf
2022-06-14,23,India,Tankers,625.0,2022-06-14_Week_23_2022_Athenian_Demo_report.pdf
2022-06-14,23,Bangladesh,Dry Bulk,615.0,2022-06-14_Week_23_2022_Athenian_Demo_report.pdf
2022-06-21,24,Turkey,Dry Bulk,605.0,2022-06-21_Week_24_2022_Athenian_Demo_report.pdf
2022-06-21,24,Turkey,Containers,295.0,2022-06-21_Week_24_2022_Athenian_Demo_report.pdf
2022-06-21,24,Pakistan,Containers,285.0,2022-06-21_Week_24_2022_Athenian_Demo_report.pdf
2022-06-21,24,Bangladesh,Containers,275.0,2022-06-21_Week_24_2022_Athenian_Demo_report.pdf
2022-06-21,24,India,Containers,615.0,2022-06-21_Week_24_2022_Athenian_Demo_report.pdf
2022-06-21,24,Pakistan,Dry Bulk,595.0,2022-06-21_Week_24_2022_Athenian_Demo_report.pdf
2022-06-21,24,Pakistan,Tankers,635.0,2022-06-21_Week_24_2022_Athenian_Demo_report.pdf
2022-06-21,24,India,Dry Bulk,615.0,2022-06-21_Week_24_2022_Athenian_Demo_report.pdf
2022-06-21,24,Bangladesh,Dry Bulk,605.0,2022-06-21_Week_24_2022_Athenian_Demo_report.pdf
2022-06-21,24,Bangladesh,Tankers,625.0,2022-06-21_Week_24_2022_Athenian_Demo_report.pdf
2022-06-21,24,India,Tankers,615.0,2022-06-21_Week_24_2022_Athenian_Demo_report.pdf
2022-06-21,24,Turkey,Tankers,625.0,2022-06-21_Week_24_2022_Athenian_Demo_report.pdf
2022-06-29,25,Turkey,Containers,265.0,2022-06-29_Week_25_2022_Athenian_Demo_report.pdf
2022-06-29,25,Pakistan,Containers,255.0,2022-06-29_Week_25_2022_Athenian_Demo_report.pdf
2022-06-29,25,Bangladesh,Containers,245.0,2022-06-29_Week_25_2022_Athenian_Demo_report.pdf
2022-06-29,25,India,Containers,595.0,2022-06-29_Week_25_2022_Athenian_Demo_report.pdf
2022-06-29,25,Pakistan,Dry Bulk,575.0,2022-06-29_Week_25_2022_Athenian_Demo_report.pdf
2022-06-29,25,Turkey,Dry Bulk,585.0,2022-06-29_Week_25_2022_Athenian_Demo_report.pdf
2022-06-29,25,India,Dry Bulk,615.0,2022-06-29_Week_25_2022_Athenian_Demo_report.pdf
2022-06-29,25,Turkey,Tankers,625.0,2022-06-29_Week_25_2022_Athenian_Demo_report.pdf
2022-06-29,25,Pakistan,Tankers,615.0,2022-06-29_Week_25_2022_Athenian_Demo_report.pdf
2022-06-29,25,Bangladesh,Tankers,605.0,2022-06-29_Week_25_2022_Athenian_Demo_report.pdf
2022-06-29,25,India,Tankers,595.0,2022-06-29_Week_25_2022_Athenian_Demo_report.pdf
2022-06-29,25,Bangladesh,Dry Bulk,605.0,2022-06-29_Week_25_2022_Athenian_Demo_report.pdf
2022-07-05,26,Turkey,Dry Bulk,585.0,2022-07-05_Week_26_2022_Athenian_Demo_report.pdf
2022-07-05,26,Turkey,Containers,295.0,2022-07-05_Week_26_2022_Athenian_Demo_report.pdf
2022-07-05,26,Pakistan,Containers,285.0,2022-07-05_Week_26_2022_Athenian_Demo_report.pdf
2022-07-05,26,Bangladesh,Containers,275.0,2022-07-05_Week_26_2022_Athenian_Demo_report.pdf
2022-07-05,26,India,Containers,595.0,2022-07-05_Week_26_2022_Athenian_Demo_report.pdf
2022-07-05,26,Pakistan,Dry Bulk,575.0,2022-07-05_Week_26_2022_Athenian_Demo_report.pdf
2022-07-05,26,India,Dry Bulk,615.0,2022-07-05_Week_26_2022_Athenian_Demo_report.pdf
2022-07-05,26,Turkey,Tankers,625.0,2022-07-05_Week_26_2022_Athenian_Demo_report.pdf
2022-07-05,26,Pakistan,Tankers,615.0,2022-07-05_Week_26_2022_Athenian_Demo_report.pdf
2022-07-05,26,Bangladesh,Tankers,605.0,2022-07-05_Week_26_2022_Athenian_Demo_report.pdf
2022-07-05,26,India,Tankers,595.0,2022-07-05_Week_26_2022_Athenian_Demo_report.pdf
2022-07-05,26,Bangladesh,Dry Bulk,605.0,2022-07-05_Week_26_2022_Athenian_Demo_report.pdf
2022-07-12,27,Turkey,Containers,285.0,2022-07-12_Week_27_2022_Athenian_Demo_report.pdf
2022-07-12,27,Pakistan,Containers,275.0,2022-07-12_Week_27_2022_Athenian_Demo_report.pdf
2022-07-12,27,Bangladesh,Containers,265.0,2022-07-12_Week_27_2022_Athenian_Demo_report.pdf
2022-07-12,27,India,Containers,595.0,2022-07-12_Week_27_2022_Athenian_Demo_report.pdf
2022-07-12,27,Turkey,Dry Bulk,585.0,2022-07-12_Week_27_2022_Athenian_Demo_report.pdf
2022-07-12,27,Pakistan,Dry Bulk,575.0,2022-07-12_Week_27_2022_Athenian_Demo_report.pdf
2022-07-12,27,Turkey,Tankers,625.0,2022-07-12_Week_27_2022_Athenian_Demo_report.pdf
2022-07-12,27,India,Dry Bulk,615.0,2022-07-12_Week_27_2022_Athenian_Demo_report.pdf
2022-07-12,27,Pakistan,Tankers,615.0,2022-07-12_Week_27_2022_Athenian_Demo_report.pdf
2022-07-12,27,Bangladesh,Tankers,605.0,2022-07-12_Week_27_2022_Athenian_Demo_report.pdf
2022-07-12,27,India,Tankers,595.0,2022-07-12_Week_27_2022_Athenian_Demo_report.pdf
2022-07-12,27,Bangladesh,Dry Bulk,605.0,2022-07-12_Week_27_2022_Athenian_Demo_report.pdf
2022-07-20,28,Bangladesh,Containers,265.0,2022-07-20_Week_28_2022_Athenian_Demo_report.pdf
2022-07-20,28,Pakistan,Containers,275.0,2022-07-20_Week_28_2022_Athenian_Demo_report.pdf
2022-07-20,28,Pakistan,Tankers,595.0,2022-07-20_Week_28_2022_Athenian_Demo_report.pdf
2022-07-20,28,India,Containers,585.0,2022-07-20_Week_28_2022_Athenian_Demo_report.pdf
2022-07-20,28,Turkey,Containers,285.0,2022-07-20_Week_28_2022_Athenian_Demo_report.pdf
2022-07-20,28,Turkey,Dry Bulk,575.0,2022-07-20_Week_28_2022_Athenian_Demo_report.pdf
2022-07-20,28,India,Tankers,575.0,2022-07-20_Week_28_2022_Athenian_Demo_report.pdf
2022-07-20,28,Bangladesh,Dry Bulk,585.0,2022-07-20_Week_28_2022_Athenian_Demo_report.pdf
2022-07-20,28,India,Dry Bulk,595.0,2022-07-20_Week_28_2022_Athenian_Demo_report.pdf
2022-07-20,28,Turkey,Tankers,605.0,2022-07-20_Week_28_2022_Athenian_Demo_report.pdf
2022-07-20,28,Pakistan,Dry Bulk,565.0,2022-07-20_Week_28_2022_Athenian_Demo_report.pdf
2022-07-20,28,Bangladesh,Tankers,585.0,2022-07-20_Week_28_2022_Athenian_Demo_report.pdf
2022-07-26,29,Turkey,Containers,285.0,2022-07-26_Week_29_2022_Athenian_Demo_report.pdf
2022-07-26,29,Pakistan,Containers,275.0,2022-07-26_Week_29_2022_Athenian_Demo_report.pdf
2022-07-26,29,Bangladesh,Containers,265.0,2022-07-26_Week_29_2022_Athenian_Demo_report.pdf
2022-07-26,29,India,Containers,585.0,2022-07-26_Week_29_2022_Athenian_Demo_report.pdf
2022-07-26,29,Turkey,Dry Bulk,575.0,2022-07-26_Week_29_2022_Athenian_Demo_report.pdf
2022-07-26,29,Pakistan,Dry Bulk,565.0,2022-07-26_Week_29_2022_Athenian_Demo_report.pdf
2022-07-26,29,India,Dry Bulk,595.0,2022-07-26_Week_29_2022_Athenian_Demo_report.pdf
2022-07-26,29,Turkey,Tankers,605.0,2022-07-26_Week_29_2022_Athenian_Demo_report.pdf
2022-07-26,29,Pakistan,Tankers,595.0,2022-07-26_Week_29_2022_Athenian_Demo_report.pdf
2022-07-26,29,Bangladesh,Tankers,585.0,2022-07-26_Week_29_2022_Athenian_Demo_report.pdf
2022-07-26,29,India,Tankers,575.0,2022-07-26_Week_29_2022_Athenian_Demo_report.pdf
2022-07-26,29,Bangladesh,Dry Bulk,585.0,2022-07-26_Week_29_2022_Athenian_Demo_report.pdf
2022-08-11,31,Turkey,Dry Bulk,565.0,2022-08-11_Week_31_2022_Athenian_Demo_report.pdf
2022-08-11,31,Turkey,Containers,265.0,2022-08-11_Week_31_2022_Athenian_Demo_report.pdf
2022-08-11,31,Pakistan,Containers,255.0,2022-08-11_Week_31_2022_Athenian_Demo_report.pdf
2022-08-11,31,Bangladesh,Containers,245.0,2022-08-11_Week_31_2022_Athenian_Demo_report.pdf
2022-08-11,31,India,Containers,575.0,2022-08-11_Week_31_2022_Athenian_Demo_report.pdf
2022-08-11,31,Pakistan,Dry Bulk,555.0,2022-08-11_Week_31_2022_Athenian_Demo_report.pdf
2022-08-11,31,India,Tankers,565.0,2022-08-11_Week_31_2022_Athenian_Demo_report.pdf
2022-08-11,31,India,Dry Bulk,585.0,2022-08-11_Week_31_2022_Athenian_Demo_report.pdf
2022-08-11,31,Turkey,Tankers,595.0,2022-08-11_Week_31_2022_Athenian_Demo_report.pdf
2022-08-11,31,Pakistan,Tankers,585.0,2022-08-11_Week_31_2022_Athenian_Demo_report.pdf
2022-08-11,31,Bangladesh,Tankers,575.0,2022-08-11_Week_31_2022_Athenian_Demo_report.pdf
2022-08-11,31,Bangladesh,Dry Bulk,575.0,2022-08-11_Week_31_2022_Athenian_Demo_report.pdf
2022-08-18,32,Turkey,Containers,265.0,2022-08-18_Week_32_2022_Athenian_Demo_report.pdf
2022-08-18,32,Pakistan,Containers,255.0,2022-08-18_Week_32_2022_Athenian_Demo_report.pdf
2022-08-18,32,Bangladesh,Containers,245.0,2022-08-18_Week_32_2022_Athenian_Demo_report.pdf
2022-08-18,32,India,Containers,575.0,2022-08-18_Week_32_2022_Athenian_Demo_report.pdf
2022-08-18,32,Turkey,Dry Bulk,565.0,2022-08-18_Week_32_2022_Athenian_Demo_report.pdf
2022-08-18,32,Pakistan,Dry Bulk,555.0,2022-08-18_Week_32_2022_Athenian_Demo_report.pdf
2022-08-18,32,Bangladesh,Dry Bulk,575.0,2022-08-18_Week_32_2022_Athenian_Demo_report.pdf
2022-08-18,32,Turkey,Tankers,595.0,2022-08-18_Week_32_2022_Athenian_Demo_report.pdf
2022-08-18,32,Pakistan,Tankers,585.0,2022-08-18_Week_32_2022_Athenian_Demo_report.pdf
2022-08-18,32,Bangladesh,Tankers,575.0,2022-08-18_Week_32_2022_Athenian_Demo_report.pdf
2022-08-18,32,India,Tankers,565.0,2022-08-18_Week_32_2022_Athenian_Demo_report.pdf
2022-08-18,32,India,Dry Bulk,585.0,2022-08-18_Week_32_2022_Athenian_Demo_report.pdf
2022-08-24,33,Turkey,Containers,265.0,2022-08-24_Week_33_2022_Athenian_Demo_report.pdf
2022-08-24,33,Pakistan,Containers,255.0,2022-08-24_Week_33_2022_Athenian_Demo_report.pdf
2022-08-24,33,Bangladesh,Containers,245.0,2022-08-24_Week_33_2022_Athenian_Demo_report.pdf
2022-08-24,33,India,Containers,575.0,2022-08-24_Week_33_2022_Athenian_Demo_report.pdf
2022-08-24,33,Turkey,Dry Bulk,565.0,2022-08-24_Week_33_2022_Athenian_Demo_report.pdf
2022-08-24,33,Pakistan,Dry Bulk,555.0,2022-08-24_Week_33_2022_Athenian_Demo_report.pdf
2022-08-24,33,India,Dry Bulk,585.0,2022-08-24_Week_33_2022_Athenian_Demo_report.pdf
2022-08-24,33,Turkey,Tankers,595.0,2022-08-24_Week_33_2022_Athenian_Demo_report.pdf
2022-08-24,33,Pakistan,Tankers,585.0,2022-08-24_Week_33_2022_Athenian_Demo_report.pdf
2022-08-24,33,Bangladesh,Tankers,575.0,2022-08-24_Week_33_2022_Athenian_Demo_report.pdf
2022-08-24,33,India,Tankers,565.0,2022-08-24_Week_33_2022_Athenian_Demo_report.pdf
2022-08-24,33,Bangladesh,Dry Bulk,575.0,2022-08-24_Week_33_2022_Athenian_Demo_report.pdf
2022-09-01,34,Turkey,Dry Bulk,565.0,2022-09-01_Week_34_2022_Athenian_Demo_report.pdf
2022-09-01,34,Turkey,Containers,265.0,2022-09-01_Week_34_2022_Athenian_Demo_report.pdf
2022-09-01,34,Pakistan,Containers,255.0,2022-09-01_Week_34_2022_Athenian_Demo_report.pdf
2022-09-01,34,Bangladesh,Containers,245.0,2022-09-01_Week_34_2022_Athenian_Demo_report.pdf
2022-09-01,34,India,Containers,575.0,2022-09-01_Week_34_2022_Athenian_Demo_report.pdf
2022-09-01,34,Pakistan,Dry Bulk,555.0,2022-09-01_Week_34_2022_Athenian_Demo_report.pdf
2022-09-01,34,Turkey,Tankers,595.0,2022-09-01_Week_34_2022_Athenian_Demo_report.pdf
2022-09-01,34,India,Dry Bulk,585.0,2022-09-01_Week_34_2022_Athenian_Demo_report.pdf
2022-09-01,34,Pakistan,Tankers,585.0,2022-09-01_Week_34_2022_Athenian_Demo_report.pdf
2022-09-01,34,Bangladesh,Tankers,575.0,2022-09-01_Week_34_2022_Athenian_Demo_report.pdf
2022-09-01,34,India,Tankers,565.0,2022-09-01_Week_34_2022_Athenian_Demo_report.pdf
2022-09-01,34,Bangladesh,Dry Bulk,575.0,2022-09-01_Week_34_2022_Athenian_Demo_report.pdf
2022-09-08,36,Pakistan,Tankers,610.0,2022-09-08_Week_36_2022_Athenian_Demo_report.pdf
2022-09-08,36,Turkey,Tankers,615.0,2022-09-08_Week_36_2022_Athenian_Demo_report.pdf
2022-09-08,36,India,Dry Bulk,605.0,2022-09-08_Week_36_2022_Athenian_Demo_report.pdf
2022-09-08,36,Bangladesh,Dry Bulk,595.0,2022-09-08_Week_36_2022_Athenian_Demo_report.pdf
2022-09-08,36,Pakistan,Dry Bulk,580.0,2022-09-08_Week_36_2022_Athenian_Demo_report.pdf
2022-09-08,36,India,Containers,595.0,2022-09-08_Week_36_2022_Athenian_Demo_report.pdf
2022-09-08,36,Bangladesh,Containers,255.0,2022-09-08_Week_36_2022_Athenian_Demo_report.pdf
2022-09-08,36,Pakistan,Containers,265.0,2022-09-08_Week_36_2022_Athenian_Demo_report.pdf
2022-09-08,36,Turkey,Containers,275.0,2022-09-08_Week_36_2022_Athenian_Demo_report.pdf
2022-09-08,36,Bangladesh,Tankers,600.0,2022-09-08_Week_36_2022_Athenian_Demo_report.pdf
2022-09-08,36,Turkey,Dry Bulk,575.0,2022-09-08_Week_36_2022_Athenian_Demo_report.pdf
2022-09-08,36,India,Tankers,590.0,2022-09-08_Week_36_2022_Athenian_Demo_report.pdf
2022-09-08,35,Turkey,Containers,265.0,2022-09-08_Week_35_2022_Athenian_Demo_report-1.pdf
2022-09-08,35,Pakistan,Containers,255.0,2022-09-08_Week_35_2022_Athenian_Demo_report-1.pdf
2022-09-08,35,Bangladesh,Containers,245.0,2022-09-08_Week_35_2022_Athenian_Demo_report-1.pdf
2022-09-08,35,India,Containers,575.0,2022-09-08_Week_35_2022_Athenian_Demo_report-1.pdf
2022-09-08,35,Turkey,Dry Bulk,565.0,2022-09-08_Week_35_2022_Athenian_Demo_report-1.pdf
2022-09-08,35,Pakistan,Dry Bulk,555.0,2022-09-08_Week_35_2022_Athenian_Demo_report-1.pdf
2022-09-08,35,Bangladesh,Dry Bulk,575.0,2022-09-08_Week_35_2022_Athenian_Demo_report-1.pdf
2022-09-08,35,India,Dry Bulk,585.0,2022-09-08_Week_35_2022_Athenian_Demo_report-1.pdf
2022-09-08,35,Turkey,Tankers,595.0,2022-09-08_Week_35_2022_Athenian_Demo_report-1.pdf
2022-09-08,35,Pakistan,Tankers,585.0,2022-09-08_Week_35_2022_Athenian_Demo_report-1.pdf
2022-09-08,35,Bangladesh,Tankers,575.0,2022-09-08_Week_35_2022_Athenian_Demo_report-1.pdf
2022-09-08,35,India,Tankers,565.0,2022-09-08_Week_35_2022_Athenian_Demo_report-1.pdf
2022-09-15,37,Turkey,Containers,275.0,2022-09-15_Week_37_2022_Athenian_Demo_report.pdf
2022-09-15,37,Pakistan,Containers,265.0,2022-09-15_Week_37_2022_Athenian_Demo_report.pdf
2022-09-15,37,Bangladesh,Containers,255.0,2022-09-15_Week_37_2022_Athenian_Demo_report.pdf
2022-09-15,37,Turkey,Dry Bulk,585.0,2022-09-15_Week_37_2022_Athenian_Demo_report.pdf
2022-09-15,37,Pakistan,Dry Bulk,580.0,2022-09-15_Week_37_2022_Athenian_Demo_report.pdf
2022-09-15,37,India,Containers,595.0,2022-09-15_Week_37_2022_Athenian_Demo_report.pdf
2022-09-15,37,India,Dry Bulk,610.0,2022-09-15_Week_37_2022_Athenian_Demo_report.pdf
2022-09-15,37,Turkey,Tankers,620.0,2022-09-15_Week_37_2022_Athenian_Demo_report.pdf
2022-09-15,37,Pakistan,Tankers,610.0,2022-09-15_Week_37_2022_Athenian_Demo_report.pdf
2022-09-15,37,Bangladesh,Tankers,600.0,2022-09-15_Week_37_2022_Athenian_Demo_report.pdf
2022-09-15,37,India,Tankers,590.0,2022-09-15_Week_37_2022_Athenian_Demo_report.pdf
2022-09-15,37,Bangladesh,Dry Bulk,600.0,2022-09-15_Week_37_2022_Athenian_Demo_report.pdf
2022-09-22,38,Turkey,Containers,275.0,2022-09-22_Week_38_2022_Athenian_Demo_report.pdf
2022-09-22,38,Pakistan,Containers,265.0,2022-09-22_Week_38_2022_Athenian_Demo_report.pdf
2022-09-22,38,Bangladesh,Containers,255.0,2022-09-22_Week_38_2022_Athenian_Demo_report.pdf
2022-09-22,38,India,Containers,595.0,2022-09-22_Week_38_2022_Athenian_Demo_report.pdf
2022-09-22,38,Turkey,Dry Bulk,585.0,2022-09-22_Week_38_2022_Athenian_Demo_report.pdf
2022-09-22,38,Pakistan,Dry Bulk,580.0,2022-09-22_Week_38_2022_Athenian_Demo_report.pdf
2022-09-22,38,Bangladesh,Dry Bulk,600.0,2022-09-22_Week_38_2022_Athenian_Demo_report.pdf
2022-09-22,38,Turkey,Tankers,620.0,2022-09-22_Week_38_2022_Athenian_Demo_report.pdf
2022-09-22,38,Pakistan,Tankers,610.0,2022-09-22_Week_38_2022_Athenian_Demo_report.pdf
2022-09-22,38,Bangladesh,Tankers,600.0,2022-09-22_Week_38_2022_Athenian_Demo_report.pdf
2022-09-22,38,India,Tankers,590.0,2022-09-22_Week_38_2022_Athenian_Demo_report.pdf
2022-09-22,38,India,Dry Bulk,610.0,2022-09-22_Week_38_2022_Athenian_Demo_report.pdf
2022-10-04,39,Turkey,Dry Bulk,580.0,2022-10-04_Week_39_2022_Athenian_Demo_report.pdf
2022-10-04,39,Pakistan,Containers,260.0,2022-10-04_Week_39_2022_Athenian_Demo_report.pdf
2022-10-04,39,Bangladesh,Containers,250.0,2022-10-04_Week_39_2022_Athenian_Demo_report.pdf
2022-10-04,39,India,Containers,590.0,2022-10-04_Week_39_2022_Athenian_Demo_report.pdf
2022-10-04,39,Pakistan,Dry Bulk,575.0,2022-10-04_Week_39_2022_Athenian_Demo_report.pdf
2022-10-04,39,Turkey,Containers,270.0,2022-10-04_Week_39_2022_Athenian_Demo_report.pdf
2022-10-04,39,India,Dry Bulk,605.0,2022-10-04_Week_39_2022_Athenian_Demo_report.pdf
2022-10-04,39,India,Tankers,585.0,2022-10-04_Week_39_2022_Athenian_Demo_report.pdf
2022-10-04,39,Bangladesh,Tankers,595.0,2022-10-04_Week_39_2022_Athenian_Demo_report.pdf
2022-10-04,39,Bangladesh,Dry Bulk,595.0,2022-10-04_Week_39_2022_Athenian_Demo_report.pdf
2022-10-04,39,Turkey,Tankers,615.0,2022-10-04_Week_39_2022_Athenian_Demo_report.pdf
2022-10-04,39,Pakistan,Tankers,605.0,2022-10-04_Week_39_2022_Athenian_Demo_report.pdf
2022-10-11,40,Turkey,Containers,270.0,2022-10-11_Week_40_2022_Athenian_Demo_report-1.pdf
2022-10-11,40,Pakistan,Containers,260.0,2022-10-11_Week_40_2022_Athenian_Demo_report-1.pdf
2022-10-11,40,Bangladesh,Containers,250.0,2022-10-11_Week_40_2022_Athenian_Demo_report-1.pdf
2022-10-11,40,India,Containers,595.0,2022-10-11_Week_40_2022_Athenian_Demo_report-1.pdf
2022-10-11,40,Pakistan,Dry Bulk,580.0,2022-10-11_Week_40_2022_Athenian_Demo_report-1.pdf
2022-10-11,40,Turkey,Dry Bulk,585.0,2022-10-11_Week_40_2022_Athenian_Demo_report-1.pdf
2022-10-11,40,India,Dry Bulk,605.0,2022-10-11_Week_40_2022_Athenian_Demo_report-1.pdf
2022-10-11,40,Turkey,Tankers,615.0,2022-10-11_Week_40_2022_Athenian_Demo_report-1.pdf
2022-10-11,40,Pakistan,Tankers,600.0,2022-10-11_Week_40_2022_Athenian_Demo_report-1.pdf
2022-10-11,40,Bangladesh,Tankers,590.0,2022-10-11_Week_40_2022_Athenian_Demo_report-1.pdf
2022-10-11,40,India,Tankers,580.0,2022-10-11_Week_40_2022_Athenian_Demo_report-1.pdf
2022-10-11,40,Bangladesh,Dry Bulk,595.0,2022-10-11_Week_40_2022_Athenian_Demo_report-1.pdf
2022-10-18,41,Turkey,Containers,270.0,2022-10-18_Week_41_2022_Athenian_Demo_report.pdf
2022-10-18,41,Pakistan,Containers,260.0,2022-10-18_Week_41_2022_Athenian_Demo_report.pdf
2022-10-18,41,Bangladesh,Containers,250.0,2022-10-18_Week_41_2022_Athenian_Demo_report.pdf
2022-10-18,41,India,Containers,595.0,2022-10-18_Week_41_2022_Athenian_Demo_report.pdf
2022-10-18,41,Pakistan,Dry Bulk,580.0,2022-10-18_Week_41_2022_Athenian_Demo_report.pdf
2022-10-18,41,Turkey,Dry Bulk,585.0,2022-10-18_Week_41_2022_Athenian_Demo_report.pdf
2022-10-18,41,India,Dry Bulk,605.0,2022-10-18_Week_41_2022_Athenian_Demo_report.pdf
2022-10-18,41,India,Tankers,580.0,2022-10-18_Week_41_2022_Athenian_Demo_report.pdf
2022-10-18,41,Bangladesh,Tankers,590.0,2022-10-18_Week_41_2022_Athenian_Demo_report.pdf
2022-10-18,41,Bangladesh,Dry Bulk,595.0,2022-10-18_Week_41_2022_Athenian_Demo_report.pdf
2022-10-18,41,Turkey,Tankers,615.0,2022-10-18_Week_41_2022_Athenian_Demo_report.pdf
2022-10-18,41,Pakistan,Tankers,600.0,2022-10-18_Week_41_2022_Athenian_Demo_report.pdf
2022-11-08,44,Turkey,Containers,265.0,2022-11-08_Week_44_2022_Athenian_Demo_report-1.pdf
2022-11-08,44,Pakistan,Containers,255.0,2022-11-08_Week_44_2022_Athenian_Demo_report-1.pdf
2022-11-08,44,Bangladesh,Containers,245.0,2022-11-08_Week_44_2022_Athenian_Demo_report-1.pdf
2022-11-08,44,India,Containers,585.0,2022-11-08_Week_44_2022_Athenian_Demo_report-1.pdf
2022-11-08,44,Pakistan,Dry Bulk,565.0,2022-11-08_Week_44_2022_Athenian_Demo_report-1.pdf
2022-11-08,44,Turkey,Dry Bulk,575.0,2022-11-08_Week_44_2022_Athenian_Demo_report-1.pdf
2022-11-08,44,India,Dry Bulk,585.0,2022-11-08_Week_44_2022_Athenian_Demo_report-1.pdf
2022-11-08,44,Turkey,Tankers,595.0,2022-11-08_Week_44_2022_Athenian_Demo_report-1.pdf
2022-11-08,44,Pakistan,Tankers,575.0,2022-11-08_Week_44_2022_Athenian_Demo_report-1.pdf
2022-11-08,44,Bangladesh,Tankers,565.0,2022-11-08_Week_44_2022_Athenian_Demo_report-1.pdf
2022-11-08,44,India,Tankers,555.0,2022-11-08_Week_44_2022_Athenian_Demo_report-1.pdf
2022-11-08,44,Bangladesh,Dry Bulk,575.0,2022-11-08_Week_44_2022_Athenian_Demo_report-1.pdf
2022-11-16,45,Turkey,Containers,265.0,2022-11-16_Week_45_2022_Athenian_Demo_report.pdf
2022-11-16,45,Pakistan,Containers,255.0,2022-11-16_Week_45_2022_Athenian_Demo_report.pdf
2022-11-16,45,Bangladesh,Containers,245.0,2022-11-16_Week_45_2022_Athenian_Demo_report.pdf
2022-11-16,45,India,Containers,555.0,2022-11-16_Week_45_2022_Athenian_Demo_report.pdf
2022-11-16,45,Turkey,Dry Bulk,545.0,2022-11-16_Week_45_2022_Athenian_Demo_report.pdf
2022-11-16,45,Pakistan,Dry Bulk,535.0,2022-11-16_Week_45_2022_Athenian_Demo_report.pdf
2022-11-16,45,Bangladesh,Dry Bulk,525.0,2022-11-16_Week_45_2022_Athenian_Demo_report.pdf
2022-11-16,45,Turkey,Tankers,545.0,2022-11-16_Week_45_2022_Athenian_Demo_report.pdf
2022-11-16,45,India,Tankers,545.0,2022-11-16_Week_45_2022_Athenian_Demo_report.pdf
2022-11-16,45,India,Dry Bulk,535.0,2022-11-16_Week_45_2022_Athenian_Demo_report.pdf
2022-11-16,45,Pakistan,Tankers,565.0,2022-11-16_Week_45_2022_Athenian_Demo_report.pdf
2022-11-16,45,Bangladesh,Tankers,555.0,2022-11-16_Week_45_2022_Athenian_Demo_report.pdf
2022-11-22,46,Turkey,Containers,265.0,2022-11-22_Week_46_2022_Athenian_Demo_report.pdf
2022-11-22,46,Pakistan,Containers,255.0,2022-11-22_Week_46_2022_Athenian_Demo_report.pdf
2022-11-22,46,Bangladesh,Containers,245.0,2022-11-22_Week_46_2022_Athenian_Demo_report.pdf
2022-11-22,46,India,Containers,535.0,2022-11-22_Week_46_2022_Athenian_Demo_report.pdf
2022-11-22,46,Bangladesh,Dry Bulk,505.0,2022-11-22_Week_46_2022_Athenian_Demo_report.pdf
2022-11-22,46,Turkey,Dry Bulk,525.0,2022-11-22_Week_46_2022_Athenian_Demo_report.pdf
2022-11-22,46,Turkey,Tankers,545.0,2022-11-22_Week_46_2022_Athenian_Demo_report.pdf
2022-11-22,46,Pakistan,Tankers,540.0,2022-11-22_Week_46_2022_Athenian_Demo_report.pdf
2022-11-22,46,Bangladesh,Tankers,530.0,2022-11-22_Week_46_2022_Athenian_Demo_report.pdf
2022-11-22,46,India,Tankers,520.0,2022-11-22_Week_46_2022_Athenian_Demo_report.pdf
2022-11-22,46,India,Dry Bulk,515.0,2022-11-22_Week_46_2022_Athenian_Demo_report.pdf
2022-11-22,46,Pakistan,Dry Bulk,515.0,2022-11-22_Week_46_2022_Athenian_Demo_report.pdf
2022-11-29,47,Pakistan,Dry Bulk,515.0,2022-11-29_Week_47_2022_Athenian_Demo_report.pdf
2022-11-29,47,Turkey,Containers,265.0,2022-11-29_Week_47_2022_Athenian_Demo_report.pdf
2022-11-29,47,Pakistan,Containers,255.0,2022-11-29_Week_47_2022_Athenian_Demo_report.pdf
2022-11-29,47,Bangladesh,Containers,245.0,2022-11-29_Week_47_2022_Athenian_Demo_report.pdf
2022-11-29,47,India,Containers,535.0,2022-11-29_Week_47_2022_Athenian_Demo_report.pdf
2022-11-29,47,Turkey,Dry Bulk,525.0,2022-11-29_Week_47_2022_Athenian_Demo_report.pdf
2022-11-29,47,Bangladesh,Dry Bulk,505.0,2022-11-29_Week_47_2022_Athenian_Demo_report.pdf
2022-11-29,47,Turkey,Tankers,525.0,2022-11-29_Week_47_2022_Athenian_Demo_report.pdf
2022-11-29,47,Pakistan,Tankers,540.0,2022-11-29_Week_47_2022_Athenian_Demo_report.pdf
2022-11-29,47,Bangladesh,Tankers,530.0,2022-11-29_Week_47_2022_Athenian_Demo_report.pdf
2022-11-29,47,India,Tankers,520.0,2022-11-29_Week_47_2022_Athenian_Demo_report.pdf
2022-11-29,47,India,Dry Bulk,515.0,2022-11-29_Week_47_2022_Athenian_Demo_report.pdf
2022-12-06,48,Turkey,Containers,265.0,2022-12-06_Week_48_2022_Athenian_Demo_report.pdf
2022-12-06,48,Pakistan,Containers,255.0,2022-12-06_Week_48_2022_Athenian_Demo_report.pdf
2022-12-06,48,Bangladesh,Containers,245.0,2022-12-06_Week_48_2022_Athenian_Demo_report.pdf
2022-12-06,48,India,Containers,535.0,2022-12-06_Week_48_2022_Athenian_Demo_report.pdf
2022-12-06,48,Turkey,Dry Bulk,525.0,2022-12-06_Week_48_2022_Athenian_Demo_report.pdf
2022-12-06,48,Pakistan,Dry Bulk,515.0,2022-12-06_Week_48_2022_Athenian_Demo_report.pdf
2022-12-06,48,Bangladesh,Dry Bulk,505.0,2022-12-06_Week_48_2022_Athenian_Demo_report.pdf
2022-12-06,48,Turkey,Tankers,525.0,2022-12-06_Week_48_2022_Athenian_Demo_report.pdf
2022-12-06,48,Pakistan,Tankers,545.0,2022-12-06_Week_48_2022_Athenian_Demo_report.pdf
2022-12-06,48,Bangladesh,Tankers,535.0,2022-12-06_Week_48_2022_Athenian_Demo_report.pdf
2022-12-06,48,India,Tankers,525.0,2022-12-06_Week_48_2022_Athenian_Demo_report.pdf
2022-12-06,48,India,Dry Bulk,515.0,2022-12-06_Week_48_2022_Athenian_Demo_report.pdf
2022-12-13,49,Turkey,Dry Bulk,525.0,2022-12-13_Week_49_2022_Athenian_Demo_report.pdf
2022-12-13,49,Turkey,Containers,265.0,2022-12-13_Week_49_2022_Athenian_Demo_report.pdf
2022-12-13,49,Pakistan,Containers,255.0,2022-12-13_Week_49_2022_Athenian_Demo_report.pdf
2022-12-13,49,Bangladesh,Containers,245.0,2022-12-13_Week_49_2022_Athenian_Demo_report.pdf
2022-12-13,49,Pakistan,Dry Bulk,515.0,2022-12-13_Week_49_2022_Athenian_Demo_report.pdf
2022-12-13,49,India,Containers,535.0,2022-12-13_Week_49_2022_Athenian_Demo_report.pdf
2022-12-13,49,India,Dry Bulk,515.0,2022-12-13_Week_49_2022_Athenian_Demo_report.pdf
2022-12-13,49,Turkey,Tankers,525.0,2022-12-13_Week_49_2022_Athenian_Demo_report.pdf
2022-12-13,49,Bangladesh,Dry Bulk,505.0,2022-12-13_Week_49_2022_Athenian_Demo_report.pdf
2022-12-13,49,Pakistan,Tankers,545.0,2022-12-13_Week_49_2022_Athenian_Demo_report.pdf
2022-12-13,49,Bangladesh,Tankers,535.0,2022-12-13_Week_49_2022_Athenian_Demo_report.pdf
2022-12-13,49,India,Tankers,525.0,2022-12-13_Week_49_2022_Athenian_Demo_report.pdf
2022-12-20,50,Pakistan,Containers,255.0,2022-12-20_Week_50_Athenian_Demo_report.pdf
2022-12-20,50,Bangladesh,Containers,245.0,2022-12-20_Week_50_Athenian_Demo_report.pdf
2022-12-20,50,India,Containers,545.0,2022-12-20_Week_50_Athenian_Demo_report.pdf
2022-12-20,50,Turkey,Dry Bulk,535.0,2022-12-20_Week_50_Athenian_Demo_report.pdf
2022-12-20,50,Pakistan,Dry Bulk,525.0,2022-12-20_Week_50_Athenian_Demo_report.pdf
2022-12-20,50,Turkey,Containers,265.0,2022-12-20_Week_50_Athenian_Demo_report.pdf
2022-12-20,50,India,Dry Bulk,515.0,2022-12-20_Week_50_Athenian_Demo_report.pdf
2022-12-20,50,Turkey,Tankers,525.0,2022-12-20_Week_50_Athenian_Demo_report.pdf
2022-12-20,50,Pakistan,Tankers,535.0,2022-12-20_Week_50_Athenian_Demo_report.pdf
2022-12-20,50,Bangladesh,Tankers,525.0,2022-12-20_Week_50_Athenian_Demo_report.pdf
2022-12-20,50,India,Tankers,515.0,2022-12-20_Week_50_Athenian_Demo_report.pdf
2022-12-20,50,Bangladesh,Dry Bulk,505.0,2022-12-20_Week_50_Athenian_Demo_report.pdf
2022-12-28,51,Turkey,Containers,265.0,2022-12-28_Week_51_Athenian_Demo_report.pdf
2022-12-28,51,Pakistan,Containers,255.0,2022-12-28_Week_51_Athenian_Demo_report.pdf
2022-12-28,51,Bangladesh,Containers,245.0,2022-12-28_Week_51_Athenian_Demo_report.pdf
2022-12-28,51,India,Containers,545.0,2022-12-28_Week_51_Athenian_Demo_report.pdf
2022-12-28,51,Turkey,Dry Bulk,535.0,2022-12-28_Week_51_Athenian_Demo_report.pdf
2022-12-28,51,Pakistan,Dry Bulk,525.0,2022-12-28_Week_51_Athenian_Demo_report.pdf
2022-12-28,51,Bangladesh,Dry Bulk,505.0,2022-12-28_Week_51_Athenian_Demo_report.pdf
2022-12-28,51,Turkey,Tankers,525.0,2022-12-28_Week_51_Athenian_Demo_report.pdf
2022-12-28,51,Pakistan,Tankers,535.0,2022-12-28_Week_51_Athenian_Demo_report.pdf
2022-12-28,51,Bangladesh,Tankers,525.0,2022-12-28_Week_51_Athenian_Demo_report.pdf
2022-12-28,51,India,Tankers,515.0,2022-12-28_Week_51_Athenian_Demo_report.pdf
2022-12-28,51,India,Dry Bulk,515.0,2022-12-28_Week_51_Athenian_Demo_report.pdf
2023-01-03,52,Turkey,Dry Bulk,535.0,2023-01-03_Week_52_2022_Athenian_Demo_Report.pdf
2023-01-03,52,Pakistan,Containers,255.0,2023-01-03_Week_52_2022_Athenian_Demo_Report.pdf
2023-01-03,52,Bangladesh,Containers,245.0,2023-01-03_Week_52_2022_Athenian_Demo_Report.pdf
2023-01-03,52,India,Containers,545.0,2023-01-03_Week_52_2022_Athenian_Demo_Report.pdf
2023-01-03,52,Pakistan,Dry Bulk,525.0,2023-01-03_Week_52_2022_Athenian_Demo_Report.pdf
2023-01-03,52,Turkey,Containers,265.0,2023-01-03_Week_52_2022_Athenian_Demo_Report.pdf
2023-01-03,52,India,Dry Bulk,515.0,2023-01-03_Week_52_2022_Athenian_Demo_Report.pdf
2023-01-03,52,India,Tankers,515.0,2023-01-03_Week_52_2022_Athenian_Demo_Report.pdf
2023-01-03,52,Bangladesh,Tankers,525.0,2023-01-03_Week_52_2022_Athenian_Demo_Report.pdf
2023-01-03,52,Bangladesh,Dry Bulk,505.0,2023-01-03_Week_52_2022_Athenian_Demo_Report.pdf
2023-01-03,52,Turkey,Tankers,525.0,2023-01-03_Week_52_2022_Athenian_Demo_Report.pdf
2023-01-03,52,Pakistan,Tankers,535.0,2023-01-03_Week_52_2022_Athenian_Demo_Report.pdf
2023-01-10,1,Turkey,Containers,305.0,2023-01-10_Week_01_2023_Athenian_Demo_Report.pdf
2023-01-10,1,Pakistan,Containers,295.0,2023-01-10_Week_01_2023_Athenian_Demo_Report.pdf
2023-01-10,1,Bangladesh,Containers,285.0,2023-01-10_Week_01_2023_Athenian_Demo_Report.pdf
2023-01-10,1,India,Containers,535.0,2023-01-10_Week_01_2023_Athenian_Demo_Report.pdf
2023-01-10,1,Pakistan,Dry Bulk,515.0,2023-01-10_Week_01_2023_Athenian_Demo_Report.pdf
2023-01-10,1,Turkey,Dry Bulk,525.0,2023-01-10_Week_01_2023_Athenian_Demo_Report.pdf
2023-01-10,1,India,Dry Bulk,515.0,2023-01-10_Week_01_2023_Athenian_Demo_Report.pdf
2023-01-10,1,Turkey,Tankers,525.0,2023-01-10_Week_01_2023_Athenian_Demo_Report.pdf
2023-01-10,1,Pakistan,Tankers,545.0,2023-01-10_Week_01_2023_Athenian_Demo_Report.pdf
2023-01-10,1,Bangladesh,Tankers,535.0,2023-01-10_Week_01_2023_Athenian_Demo_Report.pdf
2023-01-10,1,India,Tankers,525.0,2023-01-10_Week_01_2023_Athenian_Demo_Report.pdf
2023-01-10,1,Bangladesh,Dry Bulk,505.0,2023-01-10_Week_01_2023_Athenian_Demo_Report.pdf
2023-01-17,2,Turkey,Containers,325.0,2023-01-17_Week_02_2023_Athenian_Demo_report.pdf
2023-01-17,2,Pakistan,Containers,315.0,2023-01-17_Week_02_2023_Athenian_Demo_report.pdf
2023-01-17,2,Bangladesh,Containers,305.0,2023-01-17_Week_02_2023_Athenian_Demo_report.pdf
2023-01-17,2,India,Containers,535.0,2023-01-17_Week_02_2023_Athenian_Demo_report.pdf
2023-01-17,2,Turkey,Dry Bulk,525.0,2023-01-17_Week_02_2023_Athenian_Demo_report.pdf
2023-01-17,2,Pakistan,Dry Bulk,515.0,2023-01-17_Week_02_2023_Athenian_Demo_report.pdf
2023-01-17,2,Bangladesh,Dry Bulk,505.0,2023-01-17_Week_02_2023_Athenian_Demo_report.pdf
2023-01-17,2,Turkey,Tankers,525.0,2023-01-17_Week_02_2023_Athenian_Demo_report.pdf
2023-01-17,2,Pakistan,Tankers,545.0,2023-01-17_Week_02_2023_Athenian_Demo_report.pdf
2023-01-17,2,Bangladesh,Tankers,535.0,2023-01-17_Week_02_2023_Athenian_Demo_report.pdf
2023-01-17,2,India,Tankers,525.0,2023-01-17_Week_02_2023_Athenian_Demo_report.pdf
2023-01-17,2,India,Dry Bulk,515.0,2023-01-17_Week_02_2023_Athenian_Demo_report.pdf
2023-01-25,3,Turkey,Containers,325.0,2023-01-25_Week_03_2023_Athenian_Demo_report.pdf
2023-01-25,3,Pakistan,Containers,315.0,2023-01-25_Week_03_2023_Athenian_Demo_report.pdf
2023-01-25,3,Bangladesh,Containers,305.0,2023-01-25_Week_03_2023_Athenian_Demo_report.pdf
2023-01-25,3,India,Containers,550.0,2023-01-25_Week_03_2023_Athenian_Demo_report.pdf
2023-01-25,3,Turkey,Dry Bulk,540.0,2023-01-25_Week_03_2023_Athenian_Demo_report.pdf
2023-01-25,3,Pakistan,Dry Bulk,530.0,2023-01-25_Week_03_2023_Athenian_Demo_report.pdf
2023-01-25,3,Bangladesh,Dry Bulk,540.0,2023-01-25_Week_03_2023_Athenian_Demo_report.pdf
2023-01-25,3,Turkey,Tankers,560.0,2023-01-25_Week_03_2023_Athenian_Demo_report.pdf
2023-01-25,3,Pakistan,Tankers,565.0,2023-01-25_Week_03_2023_Athenian_Demo_report.pdf
2023-01-25,3,Bangladesh,Tankers,555.0,2023-01-25_Week_03_2023_Athenian_Demo_report.pdf
2023-01-25,3,India,Tankers,545.0,2023-01-25_Week_03_2023_Athenian_Demo_report.pdf
2023-01-25,3,India,Dry Bulk,550.0,2023-01-25_Week_03_2023_Athenian_Demo_report.pdf
2023-02-01,4,Turkey,Dry Bulk,540.0,2023-02-01_Week_04_2023_Athenian_Demo_report.pdf
2023-02-01,4,Pakistan,Containers,315.0,2023-02-01_Week_04_2023_Athenian_Demo_report.pdf
2023-02-01,4,Bangladesh,Containers,305.0,2023-02-01_Week_04_2023_Athenian_Demo_report.pdf
2023-02-01,4,India,Containers,550.0,2023-02-01_Week_04_2023_Athenian_Demo_report.pdf
2023-02-01,4,Pakistan,Dry Bulk,530.0,2023-02-01_Week_04_2023_Athenian_Demo_report.pdf
2023-02-01,4,Turkey,Containers,325.0,2023-02-01_Week_04_2023_Athenian_Demo_report.pdf
2023-02-01,4,India,Dry Bulk,555.0,2023-02-01_Week_04_2023_Athenian_Demo_report.pdf
2023-02-01,4,India,Tankers,550.0,2023-02-01_Week_04_2023_Athenian_Demo_report.pdf
2023-02-01,4,Bangladesh,Tankers,560.0,2023-02-01_Week_04_2023_Athenian_Demo_report.pdf
2023-02-01,4,Bangladesh,Dry Bulk,545.0,2023-02-01_Week_04_2023_Athenian_Demo_report.pdf
2023-02-01,4,Turkey,Tankers,565.0,2023-02-01_Week_04_2023_Athenian_Demo_report.pdf
2023-02-01,4,Pakistan,Tankers,570.0,2023-02-01_Week_04_2023_Athenian_Demo_report.pdf
2023-02-07,5,Turkey,Containers,325.0,2023-02-07_Week_05_2023_Athenian_Demo.pdf
2023-02-07,5,Pakistan,Containers,315.0,2023-02-07_Week_05_2023_Athenian_Demo.pdf
2023-02-07,5,Bangladesh,Containers,305.0,2023-02-07_Week_05_2023_Athenian_Demo.pdf
2023-02-07,5,India,Containers,550.0,2023-02-07_Week_05_2023_Athenian_Demo.pdf
2023-02-07,5,Pakistan,Dry Bulk,530.0,2023-02-07_Week_05_2023_Athenian_Demo.pdf
2023-02-07,5,Turkey,Dry Bulk,540.0,2023-02-07_Week_05_2023_Athenian_Demo.pdf
2023-02-07,5,India,Dry Bulk,555.0,2023-02-07_Week_05_2023_Athenian_Demo.pdf
2023-02-07,5,Turkey,Tankers,565.0,2023-02-07_Week_05_2023_Athenian_Demo.pdf
2023-02-07,5,Pakistan,Tankers,570.0,2023-02-07_Week_05_2023_Athenian_Demo.pdf
2023-02-07,5,Bangladesh,Tankers,560.0,2023-02-07_Week_05_2023_Athenian_Demo.pdf
2023-02-07,5,India,Tankers,550.0,2023-02-07_Week_05_2023_Athenian_Demo.pdf
2023-02-07,5,Bangladesh,Dry Bulk,545.0,2023-02-07_Week_05_2023_Athenian_Demo.pdf
2023-02-14,6,Turkey,Containers,325.0,2023-02-14_Week_06_DEMO_REPORT.pdf
2023-02-14,6,Pakistan,Containers,315.0,2023-02-14_Week_06_DEMO_REPORT.pdf
2023-02-14,6,Bangladesh,Containers,305.0,2023-02-14_Week_06_DEMO_REPORT.pdf
2023-02-14,6,India,Containers,550.0,2023-02-14_Week_06_DEMO_REPORT.pdf
2023-02-14,6,Pakistan,Dry Bulk,530.0,2023-02-14_Week_06_DEMO_REPORT.pdf
2023-02-14,6,Turkey,Dry Bulk,540.0,2023-02-14_Week_06_DEMO_REPORT.pdf
2023-02-14,6,India,Dry Bulk,555.0,2023-02-14_Week_06_DEMO_REPORT.pdf
2023-02-14,6,India,Tankers,550.0,2023-02-14_Week_06_DEMO_REPORT.pdf
2023-02-14,6,Bangladesh,Tankers,560.0,2023-02-14_Week_06_DEMO_REPORT.pdf
2023-02-14,6,Bangladesh,Dry Bulk,545.0,2023-02-14_Week_06_DEMO_REPORT.pdf
2023-02-14,6,Turkey,Tankers,565.0,2023-02-14_Week_06_DEMO_REPORT.pdf
2023-02-14,6,Pakistan,Tankers,570.0,2023-02-14_Week_06_DEMO_REPORT.pdf
2023-02-21,7,Turkey,Containers,325.0,2023-02-21_Week_07_2023_Athenian_Demo_report.pdf
2023-02-21,7,Pakistan,Containers,315.0,2023-02-21_Week_07_2023_Athenian_Demo_report.pdf
2023-02-21,7,Bangladesh,Containers,305.0,2023-02-21_Week_07_2023_Athenian_Demo_report.pdf
2023-02-21,7,India,Containers,550.0,2023-02-21_Week_07_2023_Athenian_Demo_report.pdf
2023-02-21,7,Pakistan,Dry Bulk,530.0,2023-02-21_Week_07_2023_Athenian_Demo_report.pdf
2023-02-21,7,Turkey,Dry Bulk,540.0,2023-02-21_Week_07_2023_Athenian_Demo_report.pdf
2023-02-21,7,India,Dry Bulk,585.0,2023-02-21_Week_07_2023_Athenian_Demo_report.pdf
2023-02-21,7,Turkey,Tankers,605.0,2023-02-21_Week_07_2023_Athenian_Demo_report.pdf
2023-02-21,7,Pakistan,Tankers,585.0,2023-02-21_Week_07_2023_Athenian_Demo_report.pdf
2023-02-21,7,Bangladesh,Tankers,565.0,2023-02-21_Week_07_2023_Athenian_Demo_report.pdf
2023-02-21,7,India,Tankers,555.0,2023-02-21_Week_07_2023_Athenian_Demo_report.pdf
2023-02-21,7,Bangladesh,Dry Bulk,575.0,2023-02-21_Week_07_2023_Athenian_Demo_report.pdf
2023-02-28,8,Turkey,Containers,325.0,2023-02-28_Week_08_2023_Athenian_Demo_Report.pdf
2023-02-28,8,Pakistan,Containers,315.0,2023-02-28_Week_08_2023_Athenian_Demo_Report.pdf
2023-02-28,8,Bangladesh,Containers,305.0,2023-02-28_Week_08_2023_Athenian_Demo_Report.pdf
2023-02-28,8,India,Containers,550.0,2023-02-28_Week_08_2023_Athenian_Demo_Report.pdf
2023-02-28,8,Turkey,Dry Bulk,540.0,2023-02-28_Week_08_2023_Athenian_Demo_Report.pdf
2023-02-28,8,Pakistan,Dry Bulk,530.0,2023-02-28_Week_08_2023_Athenian_Demo_Report.pdf
2023-02-28,8,Bangladesh,Dry Bulk,575.0,2023-02-28_Week_08_2023_Athenian_Demo_Report.pdf
2023-02-28,8,Turkey,Tankers,605.0,2023-02-28_Week_08_2023_Athenian_Demo_Report.pdf
2023-02-28,8,India,Tankers,555.0,2023-02-28_Week_08_2023_Athenian_Demo_Report.pdf
2023-02-28,8,India,Dry Bulk,585.0,2023-02-28_Week_08_2023_Athenian_Demo_Report.pdf
2023-02-28,8,Pakistan,Tankers,585.0,2023-02-28_Week_08_2023_Athenian_Demo_Report.pdf
2023-02-28,8,Bangladesh,Tankers,565.0,2023-02-28_Week_08_2023_Athenian_Demo_Report.pdf
2023-03-07,9,Turkey,Containers,355.0,2023-03-07_Week_09_2023_Athenian_Demo_report.pdf
2023-03-07,9,Pakistan,Containers,345.0,2023-03-07_Week_09_2023_Athenian_Demo_report.pdf
2023-03-07,9,Bangladesh,Containers,335.0,2023-03-07_Week_09_2023_Athenian_Demo_report.pdf
2023-03-07,9,India,Containers,550.0,2023-03-07_Week_09_2023_Athenian_Demo_report.pdf
2023-03-07,9,Pakistan,Dry Bulk,530.0,2023-03-07_Week_09_2023_Athenian_Demo_report.pdf
2023-03-07,9,Turkey,Dry Bulk,540.0,2023-03-07_Week_09_2023_Athenian_Demo_report.pdf
2023-03-07,9,India,Dry Bulk,605.0,2023-03-07_Week_09_2023_Athenian_Demo_report.pdf
2023-03-07,9,Turkey,Tankers,625.0,2023-03-07_Week_09_2023_Athenian_Demo_report.pdf
2023-03-07,9,Pakistan,Tankers,595.0,2023-03-07_Week_09_2023_Athenian_Demo_report.pdf
2023-03-07,9,Bangladesh,Tankers,575.0,2023-03-07_Week_09_2023_Athenian_Demo_report.pdf
2023-03-07,9,India,Tankers,565.0,2023-03-07_Week_09_2023_Athenian_Demo_report.pdf
2023-03-07,9,Bangladesh,Dry Bulk,585.0,2023-03-07_Week_09_2023_Athenian_Demo_report.pdf
2023-03-14,10,Turkey,Containers,355.0,2023-03-14_Week_10_2023_Athenian_Demo_report.pdf
2023-03-14,10,Pakistan,Containers,345.0,2023-03-14_Week_10_2023_Athenian_Demo_report.pdf
2023-03-14,10,Bangladesh,Containers,335.0,2023-03-14_Week_10_2023_Athenian_Demo_report.pdf
2023-03-14,10,India,Containers,565.0,2023-03-14_Week_10_2023_Athenian_Demo_report.pdf
2023-03-14,10,Turkey,Dry Bulk,555.0,2023-03-14_Week_10_2023_Athenian_Demo_report.pdf
2023-03-14,10,Pakistan,Dry Bulk,545.0,2023-03-14_Week_10_2023_Athenian_Demo_report.pdf
2023-03-14,10,India,Dry Bulk,610.0,2023-03-14_Week_10_2023_Athenian_Demo_report.pdf
2023-03-14,10,Turkey,Tankers,630.0,2023-03-14_Week_10_2023_Athenian_Demo_report.pdf
2023-03-14,10,Pakistan,Tankers,605.0,2023-03-14_Week_10_2023_Athenian_Demo_report.pdf
2023-03-14,10,Bangladesh,Tankers,585.0,2023-03-14_Week_10_2023_Athenian_Demo_report.pdf
2023-03-14,10,India,Tankers,575.0,2023-03-14_Week_10_2023_Athenian_Demo_report.pdf
2023-03-14,10,Bangladesh,Dry Bulk,590.0,2023-03-14_Week_10_2023_Athenian_Demo_report.pdf
2023-03-21,11,Turkey,Containers,355.0,2023-03-21_Week_11_2023_Athenian_Demo_report.pdf
2023-03-21,11,Pakistan,Containers,345.0,2023-03-21_Week_11_2023_Athenian_Demo_report.pdf
2023-03-21,11,Bangladesh,Containers,335.0,2023-03-21_Week_11_2023_Athenian_Demo_report.pdf
2023-03-21,11,India,Containers,565.0,2023-03-21_Week_11_2023_Athenian_Demo_report.pdf
2023-03-21,11,Turkey,Dry Bulk,555.0,2023-03-21_Week_11_2023_Athenian_Demo_report.pdf
2023-03-21,11,Pakistan,Dry Bulk,545.0,2023-03-21_Week_11_2023_Athenian_Demo_report.pdf
2023-03-21,11,Bangladesh,Dry Bulk,590.0,2023-03-21_Week_11_2023_Athenian_Demo_report.pdf
2023-03-21,11,Turkey,Tankers,630.0,2023-03-21_Week_11_2023_Athenian_Demo_report.pdf
2023-03-21,11,Pakistan,Tankers,605.0,2023-03-21_Week_11_2023_Athenian_Demo_report.pdf
2023-03-21,11,Bangladesh,Tankers,585.0,2023-03-21_Week_11_2023_Athenian_Demo_report.pdf
2023-03-21,11,India,Tankers,575.0,2023-03-21_Week_11_2023_Athenian_Demo_report.pdf
2023-03-21,11,India,Dry Bulk,610.0,2023-03-21_Week_11_2023_Athenian_Demo_report.pdf
2023-03-28,12,Turkey,Dry Bulk,555.0,2023-03-28_Week_12_2023_Athenian_Demo_report_.pdf
2023-03-28,12,Turkey,Containers,355.0,2023-03-28_Week_12_2023_Athenian_Demo_report_.pdf
2023-03-28,12,Pakistan,Containers,345.0,2023-03-28_Week_12_2023_Athenian_Demo_report_.pdf
2023-03-28,12,Bangladesh,Containers,335.0,2023-03-28_Week_12_2023_Athenian_Demo_report_.pdf
2023-03-28,12,India,Containers,565.0,2023-03-28_Week_12_2023_Athenian_Demo_report_.pdf
2023-03-28,12,Pakistan,Dry Bulk,545.0,2023-03-28_Week_12_2023_Athenian_Demo_report_.pdf
2023-03-28,12,Bangladesh,Dry Bulk,615.0,2023-03-28_Week_12_2023_Athenian_Demo_report_.pdf
2023-03-28,12,India,Dry Bulk,635.0,2023-03-28_Week_12_2023_Athenian_Demo_report_.pdf
2023-03-28,12,Turkey,Tankers,655.0,2023-03-28_Week_12_2023_Athenian_Demo_report_.pdf
2023-03-28,12,Pakistan,Tankers,605.0,2023-03-28_Week_12_2023_Athenian_Demo_report_.pdf
2023-03-28,12,Bangladesh,Tankers,585.0,2023-03-28_Week_12_2023_Athenian_Demo_report_.pdf
2023-03-28,12,India,Tankers,575.0,2023-03-28_Week_12_2023_Athenian_Demo_report_.pdf
2023-04-04,13,Pakistan,Containers,345.0,2023-04-04_Week_13_2023_Athenian_Demo_report.pdf
2023-04-04,13,Bangladesh,Containers,335.0,2023-04-04_Week_13_2023_Athenian_Demo_report.pdf
2023-04-04,13,India,Containers,565.0,2023-04-04_Week_13_2023_Athenian_Demo_report.pdf
2023-04-04,13,Turkey,Dry Bulk,555.0,2023-04-04_Week_13_2023_Athenian_Demo_report.pdf
2023-04-04,13,Pakistan,Dry Bulk,545.0,2023-04-04_Week_13_2023_Athenian_Demo_report.pdf
2023-04-04,13,Turkey,Containers,355.0,2023-04-04_Week_13_2023_Athenian_Demo_report.pdf
2023-04-04,13,India,Dry Bulk,635.0,2023-04-04_Week_13_2023_Athenian_Demo_report.pdf
2023-04-04,13,Turkey,Tankers,655.0,2023-04-04_Week_13_2023_Athenian_Demo_report.pdf
2023-04-04,13,Pakistan,Tankers,605.0,2023-04-04_Week_13_2023_Athenian_Demo_report.pdf
2023-04-04,13,Bangladesh,Tankers,585.0,2023-04-04_Week_13_2023_Athenian_Demo_report.pdf
2023-04-04,13,India,Tankers,575.0,2023-04-04_Week_13_2023_Athenian_Demo_report.pdf
2023-04-04,13,Bangladesh,Dry Bulk,615.0,2023-04-04_Week_13_2023_Athenian_Demo_report.pdf
2023-04-11,14,Turkey,Containers,355.0,2023-04-11_Week_14_2023_Athenian_Demo_report.pdf
2023-04-11,14,Pakistan,Containers,345.0,2023-04-11_Week_14_2023_Athenian_Demo_report.pdf
2023-04-11,14,Bangladesh,Containers,335.0,2023-04-11_Week_14_2023_Athenian_Demo_report.pdf
2023-04-11,14,India,Containers,565.0,2023-04-11_Week_14_2023_Athenian_Demo_report.pdf
2023-04-11,14,Turkey,Dry Bulk,555.0,2023-04-11_Week_14_2023_Athenian_Demo_report.pdf
2023-04-11,14,Pakistan,Dry Bulk,545.0,2023-04-11_Week_14_2023_Athenian_Demo_report.pdf
2023-04-11,14,Bangladesh,Dry Bulk,615.0,2023-04-11_Week_14_2023_Athenian_Demo_report.pdf
2023-04-11,14,Turkey,Tankers,655.0,2023-04-11_Week_14_2023_Athenian_Demo_report.pdf
2023-04-11,14,Pakistan,Tankers,605.0,2023-04-11_Week_14_2023_Athenian_Demo_report.pdf
2023-04-11,14,Bangladesh,Tankers,585.0,2023-04-11_Week_14_2023_Athenian_Demo_report.pdf
2023-04-11,14,India,Tankers,575.0,2023-04-11_Week_14_2023_Athenian_Demo_report.pdf
2023-04-11,14,India,Dry Bulk,635.0,2023-04-11_Week_14_2023_Athenian_Demo_report.pdf
2023-04-19,15,Turkey,Dry Bulk,555.0,2023-04-19_Week_15_2023_Athenian_Demo_report.pdf
2023-04-19,15,Pakistan,Containers,345.0,2023-04-19_Week_15_2023_Athenian_Demo_report.pdf
2023-04-19,15,Bangladesh,Containers,335.0,2023-04-19_Week_15_2023_Athenian_Demo_report.pdf
2023-04-19,15,India,Containers,565.0,2023-04-19_Week_15_2023_Athenian_Demo_report.pdf
2023-04-19,15,Pakistan,Dry Bulk,545.0,2023-04-19_Week_15_2023_Athenian_Demo_report.pdf
2023-04-19,15,Turkey,Containers,355.0,2023-04-19_Week_15_2023_Athenian_Demo_report.pdf
2023-04-19,15,India,Dry Bulk,615.0,2023-04-19_Week_15_2023_Athenian_Demo_report.pdf
2023-04-19,15,India,Tankers,575.0,2023-04-19_Week_15_2023_Athenian_Demo_report.pdf
2023-04-19,15,Bangladesh,Tankers,585.0,2023-04-19_Week_15_2023_Athenian_Demo_report.pdf
2023-04-19,15,Bangladesh,Dry Bulk,595.0,2023-04-19_Week_15_2023_Athenian_Demo_report.pdf
2023-04-19,15,Turkey,Tankers,635.0,2023-04-19_Week_15_2023_Athenian_Demo_report.pdf
2023-04-19,15,Pakistan,Tankers,605.0,2023-04-19_Week_15_2023_Athenian_Demo_report.pdf
2023-04-25,16,Turkey,Containers,355.0,2023-04-25_Week_16_2023_Athenian_Demo_report.pdf
2023-04-25,16,Pakistan,Containers,345.0,2023-04-25_Week_16_2023_Athenian_Demo_report.pdf
2023-04-25,16,Bangladesh,Containers,335.0,2023-04-25_Week_16_2023_Athenian_Demo_report.pdf
2023-04-25,16,India,Containers,565.0,2023-04-25_Week_16_2023_Athenian_Demo_report.pdf
2023-04-25,16,Pakistan,Dry Bulk,545.0,2023-04-25_Week_16_2023_Athenian_Demo_report.pdf
2023-04-25,16,Turkey,Dry Bulk,555.0,2023-04-25_Week_16_2023_Athenian_Demo_report.pdf
2023-04-25,16,India,Dry Bulk,615.0,2023-04-25_Week_16_2023_Athenian_Demo_report.pdf
2023-04-25,16,Turkey,Tankers,635.0,2023-04-25_Week_16_2023_Athenian_Demo_report.pdf
2023-04-25,16,Pakistan,Tankers,605.0,2023-04-25_Week_16_2023_Athenian_Demo_report.pdf
2023-04-25,16,Bangladesh,Tankers,585.0,2023-04-25_Week_16_2023_Athenian_Demo_report.pdf
2023-04-25,16,India,Tankers,575.0,2023-04-25_Week_16_2023_Athenian_Demo_report.pdf
2023-04-25,16,Bangladesh,Dry Bulk,595.0,2023-04-25_Week_16_2023_Athenian_Demo_report.pdf
2023-05-02,17,Turkey,Containers,355.0,2023-05-02_Week_17_2023_Athenian_Demo.pdf
2023-05-02,17,Pakistan,Containers,345.0,2023-05-02_Week_17_2023_Athenian_Demo.pdf
2023-05-02,17,Bangladesh,Containers,335.0,2023-05-02_Week_17_2023_Athenian_Demo.pdf
2023-05-02,17,India,Containers,565.0,2023-05-02_Week_17_2023_Athenian_Demo.pdf
2023-05-02,17,Turkey,Dry Bulk,555.0,2023-05-02_Week_17_2023_Athenian_Demo.pdf
2023-05-02,17,Pakistan,Dry Bulk,545.0,2023-05-02_Week_17_2023_Athenian_Demo.pdf
2023-05-02,17,Bangladesh,Dry Bulk,585.0,2023-05-02_Week_17_2023_Athenian_Demo.pdf
2023-05-02,17,Turkey,Tankers,625.0,2023-05-02_Week_17_2023_Athenian_Demo.pdf
2023-05-02,17,Pakistan,Tankers,595.0,2023-05-02_Week_17_2023_Athenian_Demo.pdf
2023-05-02,17,Bangladesh,Tankers,575.0,2023-05-02_Week_17_2023_Athenian_Demo.pdf
2023-05-02,17,India,Tankers,565.0,2023-05-02_Week_17_2023_Athenian_Demo.pdf
2023-05-02,17,India,Dry Bulk,605.0,2023-05-02_Week_17_2023_Athenian_Demo.pdf
2023-05-09,18,Turkey,Containers,345.0,2023-05-09_Week_18_2023_Athenian_Demo_report.pdf
2023-05-09,18,Pakistan,Containers,335.0,2023-05-09_Week_18_2023_Athenian_Demo_report.pdf
2023-05-09,18,Bangladesh,Containers,325.0,2023-05-09_Week_18_2023_Athenian_Demo_report.pdf
2023-05-09,18,India,Containers,545.0,2023-05-09_Week_18_2023_Athenian_Demo_report.pdf
2023-05-09,18,Turkey,Dry Bulk,525.0,2023-05-09_Week_18_2023_Athenian_Demo_report.pdf
2023-05-09,18,Pakistan,Dry Bulk,505.0,2023-05-09_Week_18_2023_Athenian_Demo_report.pdf
2023-05-09,18,Bangladesh,Dry Bulk,585.0,2023-05-09_Week_18_2023_Athenian_Demo_report.pdf
2023-05-09,18,Turkey,Tankers,635.0,2023-05-09_Week_18_2023_Athenian_Demo_report.pdf
2023-05-09,18,Pakistan,Tankers,565.0,2023-05-09_Week_18_2023_Athenian_Demo_report.pdf
2023-05-09,18,Bangladesh,Tankers,545.0,2023-05-09_Week_18_2023_Athenian_Demo_report.pdf
2023-05-09,18,India,Tankers,525.0,2023-05-09_Week_18_2023_Athenian_Demo_report.pdf
2023-05-09,18,India,Dry Bulk,615.0,2023-05-09_Week_18_2023_Athenian_Demo_report.pdf
2023-05-16,19,Turkey,Dry Bulk,525.0,2023-05-16_Week_19_2023_Athenian_Demo_Report.pdf
2023-05-16,19,Pakistan,Containers,335.0,2023-05-16_Week_19_2023_Athenian_Demo_Report.pdf
2023-05-16,19,Bangladesh,Containers,325.0,2023-05-16_Week_19_2023_Athenian_Demo_Report.pdf
2023-05-16,19,India,Containers,545.0,2023-05-16_Week_19_2023_Athenian_Demo_Report.pdf
2023-05-16,19,Pakistan,Dry Bulk,505.0,2023-05-16_Week_19_2023_Athenian_Demo_Report.pdf
2023-05-16,19,Turkey,Containers,345.0,2023-05-16_Week_19_2023_Athenian_Demo_Report.pdf
2023-05-16,19,India,Dry Bulk,615.0,2023-05-16_Week_19_2023_Athenian_Demo_Report.pdf
2023-05-16,19,India,Tankers,525.0,2023-05-16_Week_19_2023_Athenian_Demo_Report.pdf
2023-05-16,19,Bangladesh,Tankers,545.0,2023-05-16_Week_19_2023_Athenian_Demo_Report.pdf
2023-05-16,19,Bangladesh,Dry Bulk,585.0,2023-05-16_Week_19_2023_Athenian_Demo_Report.pdf
2023-05-16,19,Turkey,Tankers,635.0,2023-05-16_Week_19_2023_Athenian_Demo_Report.pdf
2023-05-16,19,Pakistan,Tankers,565.0,2023-05-16_Week_19_2023_Athenian_Demo_Report.pdf
2023-05-23,20,Turkey,Containers,345.0,2023-05-23_Week_20_2023_Athenian_Demo_Report.pdf
2023-05-23,20,Pakistan,Containers,335.0,2023-05-23_Week_20_2023_Athenian_Demo_Report.pdf
2023-05-23,20,Bangladesh,Containers,325.0,2023-05-23_Week_20_2023_Athenian_Demo_Report.pdf
2023-05-23,20,India,Containers,545.0,2023-05-23_Week_20_2023_Athenian_Demo_Report.pdf
2023-05-23,20,Pakistan,Dry Bulk,505.0,2023-05-23_Week_20_2023_Athenian_Demo_Report.pdf
2023-05-23,20,Turkey,Dry Bulk,525.0,2023-05-23_Week_20_2023_Athenian_Demo_Report.pdf
2023-05-23,20,India,Dry Bulk,615.0,2023-05-23_Week_20_2023_Athenian_Demo_Report.pdf
2023-05-23,20,Turkey,Tankers,635.0,2023-05-23_Week_20_2023_Athenian_Demo_Report.pdf
2023-05-23,20,Pakistan,Tankers,565.0,2023-05-23_Week_20_2023_Athenian_Demo_Report.pdf
2023-05-23,20,Bangladesh,Tankers,545.0,2023-05-23_Week_20_2023_Athenian_Demo_Report.pdf
2023-05-23,20,India,Tankers,525.0,2023-05-23_Week_20_2023_Athenian_Demo_Report.pdf
2023-05-23,20,Bangladesh,Dry Bulk,585.0,2023-05-23_Week_20_2023_Athenian_Demo_Report.pdf
2023-05-30,21,Turkey,Containers,345.0,2023-05-30_Week-21-2023-Athenian-Demo-Report.pdf
2023-05-30,21,Pakistan,Containers,335.0,2023-05-30_Week-21-2023-Athenian-Demo-Report.pdf
2023-05-30,21,Bangladesh,Containers,325.0,2023-05-30_Week-21-2023-Athenian-Demo-Report.pdf
2023-05-30,21,India,Containers,555.0,2023-05-30_Week-21-2023-Athenian-Demo-Report.pdf
2023-05-30,21,Pakistan,Dry Bulk,515.0,2023-05-30_Week-21-2023-Athenian-Demo-Report.pdf
2023-05-30,21,Turkey,Dry Bulk,535.0,2023-05-30_Week-21-2023-Athenian-Demo-Report.pdf
2023-05-30,21,India,Dry Bulk,620.0,2023-05-30_Week-21-2023-Athenian-Demo-Report.pdf
2023-05-30,21,India,Tankers,535.0,2023-05-30_Week-21-2023-Athenian-Demo-Report.pdf
2023-05-30,21,Bangladesh,Tankers,555.0,2023-05-30_Week-21-2023-Athenian-Demo-Report.pdf
2023-05-30,21,Bangladesh,Dry Bulk,590.0,2023-05-30_Week-21-2023-Athenian-Demo-Report.pdf
2023-05-30,21,Turkey,Tankers,640.0,2023-05-30_Week-21-2023-Athenian-Demo-Report.pdf
2023-05-30,21,Pakistan,Tankers,575.0,2023-05-30_Week-21-2023-Athenian-Demo-Report.pdf
2023-06-06,22,Turkey,Containers,345.0,2023-06-06_Week-22-2023-Athenian-Demo-Report.pdf
2023-06-06,22,Pakistan,Containers,335.0,2023-06-06_Week-22-2023-Athenian-Demo-Report.pdf
2023-06-06,22,Bangladesh,Containers,325.0,2023-06-06_Week-22-2023-Athenian-Demo-Report.pdf
2023-06-06,22,India,Containers,555.0,2023-06-06_Week-22-2023-Athenian-Demo-Report.pdf
2023-06-06,22,Pakistan,Dry Bulk,515.0,2023-06-06_Week-22-2023-Athenian-Demo-Report.pdf
2023-06-06,22,Turkey,Dry Bulk,535.0,2023-06-06_Week-22-2023-Athenian-Demo-Report.pdf
2023-06-06,22,India,Dry Bulk,620.0,2023-06-06_Week-22-2023-Athenian-Demo-Report.pdf
2023-06-06,22,Turkey,Tankers,640.0,2023-06-06_Week-22-2023-Athenian-Demo-Report.pdf
2023-06-06,22,Pakistan,Tankers,575.0,2023-06-06_Week-22-2023-Athenian-Demo-Report.pdf
2023-06-06,22,Bangladesh,Tankers,555.0,2023-06-06_Week-22-2023-Athenian-Demo-Report.pdf
2023-06-06,22,India,Tankers,535.0,2023-06-06_Week-22-2023-Athenian-Demo-Report.pdf
2023-06-06,22,Bangladesh,Dry Bulk,590.0,2023-06-06_Week-22-2023-Athenian-Demo-Report.pdf
2023-06-13,23,Turkey,Containers,345.0,2023-06-13_Week_23_2023_Athenian_Demo_Report.pdf
2023-06-13,23,Pakistan,Containers,335.0,2023-06-13_Week_23_2023_Athenian_Demo_Report.pdf
2023-06-13,23,Bangladesh,Containers,325.0,2023-06-13_Week_23_2023_Athenian_Demo_Report.pdf
2023-06-13,23,India,Containers,555.0,2023-06-13_Week_23_2023_Athenian_Demo_Report.pdf
2023-06-13,23,Turkey,Dry Bulk,535.0,2023-06-13_Week_23_2023_Athenian_Demo_Report.pdf
2023-06-13,23,Pakistan,Dry Bulk,515.0,2023-06-13_Week_23_2023_Athenian_Demo_Report.pdf
2023-06-13,23,Bangladesh,Dry Bulk,590.0,2023-06-13_Week_23_2023_Athenian_Demo_Report.pdf
2023-06-13,23,Turkey,Tankers,640.0,2023-06-13_Week_23_2023_Athenian_Demo_Report.pdf
2023-06-13,23,India,Tankers,535.0,2023-06-13_Week_23_2023_Athenian_Demo_Report.pdf
2023-06-13,23,India,Dry Bulk,620.0,2023-06-13_Week_23_2023_Athenian_Demo_Report.pdf
2023-06-13,23,Pakistan,Tankers,575.0,2023-06-13_Week_23_2023_Athenian_Demo_Report.pdf
2023-06-13,23,Bangladesh,Tankers,555.0,2023-06-13_Week_23_2023_Athenian_Demo_Report.pdf
2023-06-20,24,Turkey,Containers,345.0,2023-06-20_Week-24-2023-Athenian-Demo-Report.pdf
2023-06-20,24,Pakistan,Containers,335.0,2023-06-20_Week-24-2023-Athenian-Demo-Report.pdf
2023-06-20,24,Bangladesh,Containers,325.0,2023-06-20_Week-24-2023-Athenian-Demo-Report.pdf
2023-06-20,24,India,Containers,555.0,2023-06-20_Week-24-2023-Athenian-Demo-Report.pdf
2023-06-20,24,Bangladesh,Dry Bulk,590.0,2023-06-20_Week-24-2023-Athenian-Demo-Report.pdf
2023-06-20,24,Turkey,Dry Bulk,545.0,2023-06-20_Week-24-2023-Athenian-Demo-Report.pdf
2023-06-20,24,Turkey,Tankers,635.0,2023-06-20_Week-24-2023-Athenian-Demo-Report.pdf
2023-06-20,24,Pakistan,Tankers,580.0,2023-06-20_Week-24-2023-Athenian-Demo-Report.pdf
2023-06-20,24,Bangladesh,Tankers,560.0,2023-06-20_Week-24-2023-Athenian-Demo-Report.pdf
2023-06-20,24,India,Tankers,550.0,2023-06-20_Week-24-2023-Athenian-Demo-Report.pdf
2023-06-20,24,India,Dry Bulk,620.0,2023-06-20_Week-24-2023-Athenian-Demo-Report.pdf
2023-06-20,24,Pakistan,Dry Bulk,530.0,2023-06-20_Week-24-2023-Athenian-Demo-Report.pdf
2023-06-27,25,Pakistan,Dry Bulk,530.0,2023-06-27_Week-25-2023-Athenian-Demo-Report.pdf
2023-06-27,25,Turkey,Containers,345.0,2023-06-27_Week-25-2023-Athenian-Demo-Report.pdf
2023-06-27,25,Pakistan,Containers,335.0,2023-06-27_Week-25-2023-Athenian-Demo-Report.pdf
2023-06-27,25,Bangladesh,Containers,325.0,2023-06-27_Week-25-2023-Athenian-Demo-Report.pdf
2023-06-27,25,India,Containers,555.0,2023-06-27_Week-25-2023-Athenian-Demo-Report.pdf
2023-06-27,25,Turkey,Dry Bulk,545.0,2023-06-27_Week-25-2023-Athenian-Demo-Report.pdf
2023-06-27,25,Bangladesh,Dry Bulk,590.0,2023-06-27_Week-25-2023-Athenian-Demo-Report.pdf
2023-06-27,25,Turkey,Tankers,630.0,2023-06-27_Week-25-2023-Athenian-Demo-Report.pdf
2023-06-27,25,Pakistan,Tankers,575.0,2023-06-27_Week-25-2023-Athenian-Demo-Report.pdf
2023-06-27,25,Bangladesh,Tankers,560.0,2023-06-27_Week-25-2023-Athenian-Demo-Report.pdf
2023-06-27,25,India,Tankers,550.0,2023-06-27_Week-25-2023-Athenian-Demo-Report.pdf
2023-06-27,25,India,Dry Bulk,610.0,2023-06-27_Week-25-2023-Athenian-Demo-Report.pdf
2023-07-04,26,Turkey,Containers,345.0,2023-07-04_Week-26-2023-Athenian-Demo-Report.pdf
2023-07-04,26,Pakistan,Containers,335.0,2023-07-04_Week-26-2023-Athenian-Demo-Report.pdf
2023-07-04,26,Bangladesh,Containers,325.0,2023-07-04_Week-26-2023-Athenian-Demo-Report.pdf
2023-07-04,26,India,Containers,555.0,2023-07-04_Week-26-2023-Athenian-Demo-Report.pdf
2023-07-04,26,Turkey,Dry Bulk,545.0,2023-07-04_Week-26-2023-Athenian-Demo-Report.pdf
2023-07-04,26,Pakistan,Dry Bulk,530.0,2023-07-04_Week-26-2023-Athenian-Demo-Report.pdf
2023-07-04,26,Bangladesh,Dry Bulk,590.0,2023-07-04_Week-26-2023-Athenian-Demo-Report.pdf
2023-07-04,26,Turkey,Tankers,630.0,2023-07-04_Week-26-2023-Athenian-Demo-Report.pdf
2023-07-04,26,Pakistan,Tankers,575.0,2023-07-04_Week-26-2023-Athenian-Demo-Report.pdf
2023-07-04,26,Bangladesh,Tankers,560.0,2023-07-04_Week-26-2023-Athenian-Demo-Report.pdf
2023-07-04,26,India,Tankers,550.0,2023-07-04_Week-26-2023-Athenian-Demo-Report.pdf
2023-07-04,26,India,Dry Bulk,610.0,2023-07-04_Week-26-2023-Athenian-Demo-Report.pdf
2023-07-11,27,Turkey,Dry Bulk,545.0,2023-07-11_Week-27-2023-Athenian-Demo-Report-1.pdf
2023-07-11,27,Pakistan,Containers,335.0,2023-07-11_Week-27-2023-Athenian-Demo-Report-1.pdf
2023-07-11,27,Bangladesh,Containers,325.0,2023-07-11_Week-27-2023-Athenian-Demo-Report-1.pdf
2023-07-11,27,India,Containers,555.0,2023-07-11_Week-27-2023-Athenian-Demo-Report-1.pdf
2023-07-11,27,Pakistan,Dry Bulk,530.0,2023-07-11_Week-27-2023-Athenian-Demo-Report-1.pdf
2023-07-11,27,Turkey,Containers,345.0,2023-07-11_Week-27-2023-Athenian-Demo-Report-1.pdf
2023-07-11,27,India,Dry Bulk,610.0,2023-07-11_Week-27-2023-Athenian-Demo-Report-1.pdf
2023-07-11,27,Turkey,Tankers,630.0,2023-07-11_Week-27-2023-Athenian-Demo-Report-1.pdf
2023-07-11,27,Pakistan,Tankers,575.0,2023-07-11_Week-27-2023-Athenian-Demo-Report-1.pdf
2023-07-11,27,Bangladesh,Tankers,560.0,2023-07-11_Week-27-2023-Athenian-Demo-Report-1.pdf
2023-07-11,27,India,Tankers,550.0,2023-07-11_Week-27-2023-Athenian-Demo-Report-1.pdf
2023-07-11,27,Bangladesh,Dry Bulk,590.0,2023-07-11_Week-27-2023-Athenian-Demo-Report-1.pdf
2023-07-18,28,Pakistan,Containers,335.0,2023-07-18_Week_28_2023_Athenian_Demo_Report_.pdf
2023-07-18,28,Bangladesh,Containers,325.0,2023-07-18_Week_28_2023_Athenian_Demo_Report_.pdf
2023-07-18,28,India,Containers,545.0,2023-07-18_Week_28_2023_Athenian_Demo_Report_.pdf
2023-07-18,28,Turkey,Dry Bulk,535.0,2023-07-18_Week_28_2023_Athenian_Demo_Report_.pdf
2023-07-18,28,Pakistan,Dry Bulk,520.0,2023-07-18_Week_28_2023_Athenian_Demo_Report_.pdf
2023-07-18,28,Turkey,Containers,345.0,2023-07-18_Week_28_2023_Athenian_Demo_Report_.pdf
2023-07-18,28,India,Dry Bulk,595.0,2023-07-18_Week_28_2023_Athenian_Demo_Report_.pdf
2023-07-18,28,Turkey,Tankers,615.0,2023-07-18_Week_28_2023_Athenian_Demo_Report_.pdf
2023-07-18,28,Pakistan,Tankers,565.0,2023-07-18_Week_28_2023_Athenian_Demo_Report_.pdf
2023-07-18,28,Bangladesh,Tankers,550.0,2023-07-18_Week_28_2023_Athenian_Demo_Report_.pdf
2023-07-18,28,India,Tankers,540.0,2023-07-18_Week_28_2023_Athenian_Demo_Report_.pdf
2023-07-18,28,Bangladesh,Dry Bulk,575.0,2023-07-18_Week_28_2023_Athenian_Demo_Report_.pdf
2023-08-01,30,Turkey,Containers,340.0,2023-08-01_Week_30_2023_Athenian_Demo_report.pdf
2023-08-01,30,Pakistan,Containers,330.0,2023-08-01_Week_30_2023_Athenian_Demo_report.pdf
2023-08-01,30,Bangladesh,Containers,320.0,2023-08-01_Week_30_2023_Athenian_Demo_report.pdf
2023-08-01,30,India,Containers,565.0,2023-08-01_Week_30_2023_Athenian_Demo_report.pdf
2023-08-01,30,Turkey,Dry Bulk,555.0,2023-08-01_Week_30_2023_Athenian_Demo_report.pdf
2023-08-01,30,Pakistan,Dry Bulk,535.0,2023-08-01_Week_30_2023_Athenian_Demo_report.pdf
2023-08-01,30,Bangladesh,Dry Bulk,575.0,2023-08-01_Week_30_2023_Athenian_Demo_report.pdf
2023-08-01,30,Turkey,Tankers,610.0,2023-08-01_Week_30_2023_Athenian_Demo_report.pdf
2023-08-01,30,Pakistan,Tankers,565.0,2023-08-01_Week_30_2023_Athenian_Demo_report.pdf
2023-08-01,30,Bangladesh,Tankers,550.0,2023-08-01_Week_30_2023_Athenian_Demo_report.pdf
2023-08-01,30,India,Tankers,535.0,2023-08-01_Week_30_2023_Athenian_Demo_report.pdf
2023-08-01,30,India,Dry Bulk,585.0,2023-08-01_Week_30_2023_Athenian_Demo_report.pdf
2023-08-08,31,Turkey,Dry Bulk,550.0,2023-08-08_Week-31-2023-Athenian-Demo-report.pdf
2023-08-08,31,Pakistan,Containers,320.0,2023-08-08_Week-31-2023-Athenian-Demo-report.pdf
2023-08-08,31,Bangladesh,Containers,310.0,2023-08-08_Week-31-2023-Athenian-Demo-report.pdf
2023-08-08,31,India,Containers,565.0,2023-08-08_Week-31-2023-Athenian-Demo-report.pdf
2023-08-08,31,Pakistan,Dry Bulk,535.0,2023-08-08_Week-31-2023-Athenian-Demo-report.pdf
2023-08-08,31,Turkey,Containers,330.0,2023-08-08_Week-31-2023-Athenian-Demo-report.pdf
2023-08-08,31,India,Dry Bulk,575.0,2023-08-08_Week-31-2023-Athenian-Demo-report.pdf
2023-08-08,31,India,Tankers,525.0,2023-08-08_Week-31-2023-Athenian-Demo-report.pdf
2023-08-08,31,Bangladesh,Tankers,545.0,2023-08-08_Week-31-2023-Athenian-Demo-report.pdf
2023-08-08,31,Bangladesh,Dry Bulk,550.0,2023-08-08_Week-31-2023-Athenian-Demo-report.pdf
2023-08-08,31,Turkey,Tankers,585.0,2023-08-08_Week-31-2023-Athenian-Demo-report.pdf
2023-08-08,31,Pakistan,Tankers,565.0,2023-08-08_Week-31-2023-Athenian-Demo-report.pdf
2023-08-17,32,Turkey,Containers,330.0,2023-08-17_Week-32-2023-Athenian-Demo-report.pdf
2023-08-17,32,Pakistan,Containers,320.0,2023-08-17_Week-32-2023-Athenian-Demo-report.pdf
2023-08-17,32,Bangladesh,Containers,310.0,2023-08-17_Week-32-2023-Athenian-Demo-report.pdf
2023-08-17,32,India,Containers,565.0,2023-08-17_Week-32-2023-Athenian-Demo-report.pdf
2023-08-17,32,Pakistan,Dry Bulk,535.0,2023-08-17_Week-32-2023-Athenian-Demo-report.pdf
2023-08-17,32,Turkey,Dry Bulk,550.0,2023-08-17_Week-32-2023-Athenian-Demo-report.pdf
2023-08-17,32,India,Dry Bulk,550.0,2023-08-17_Week-32-2023-Athenian-Demo-report.pdf
2023-08-17,32,Turkey,Tankers,560.0,2023-08-17_Week-32-2023-Athenian-Demo-report.pdf
2023-08-17,32,Pakistan,Tankers,575.0,2023-08-17_Week-32-2023-Athenian-Demo-report.pdf
2023-08-17,32,Bangladesh,Tankers,555.0,2023-08-17_Week-32-2023-Athenian-Demo-report.pdf
2023-08-17,32,India,Tankers,535.0,2023-08-17_Week-32-2023-Athenian-Demo-report.pdf
2023-08-17,32,Bangladesh,Dry Bulk,525.0,2023-08-17_Week-32-2023-Athenian-Demo-report.pdf
2023-08-22,33,Turkey,Containers,525.0,2023-08-22_Week-33-2023-Athenian-Demo-Report.pdf
2023-08-22,33,Pakistan,Containers,330.0,2023-08-22_Week-33-2023-Athenian-Demo-Report.pdf
2023-08-22,33,Bangladesh,Containers,320.0,2023-08-22_Week-33-2023-Athenian-Demo-Report.pdf
2023-08-22,33,India,Containers,310.0,2023-08-22_Week-33-2023-Athenian-Demo-Report.pdf
2023-08-22,33,Turkey,Dry Bulk,560.0,2023-08-22_Week-33-2023-Athenian-Demo-Report.pdf
2023-08-22,33,Pakistan,Dry Bulk,545.0,2023-08-22_Week-33-2023-Athenian-Demo-Report.pdf
2023-08-22,33,Bangladesh,Dry Bulk,530.0,2023-08-22_Week-33-2023-Athenian-Demo-Report.pdf
2023-08-22,33,Turkey,Tankers,545.0,2023-08-22_Week-33-2023-Athenian-Demo-Report.pdf
2023-08-22,33,Pakistan,Tankers,560.0,2023-08-22_Week-33-2023-Athenian-Demo-Report.pdf
2023-08-22,33,Bangladesh,Tankers,545.0,2023-08-22_Week-33-2023-Athenian-Demo-Report.pdf
2023-08-22,33,India,Tankers,535.0,2023-08-22_Week-33-2023-Athenian-Demo-Report.pdf
2023-08-22,33,India,Dry Bulk,520.0,2023-08-22_Week-33-2023-Athenian-Demo-Report.pdf
2023-08-29,34,Turkey,Containers,520.0,2023-08-29_Week-34-2023-Athenian-Demo-Report.pdf
2023-08-29,34,Pakistan,Containers,325.0,2023-08-29_Week-34-2023-Athenian-Demo-Report.pdf
2023-08-29,34,Bangladesh,Containers,315.0,2023-08-29_Week-34-2023-Athenian-Demo-Report.pdf
2023-08-29,34,India,Containers,305.0,2023-08-29_Week-34-2023-Athenian-Demo-Report.pdf
2023-08-29,34,Turkey,Dry Bulk,545.0,2023-08-29_Week-34-2023-Athenian-Demo-Report.pdf
2023-08-29,34,Pakistan,Dry Bulk,535.0,2023-08-29_Week-34-2023-Athenian-Demo-Report.pdf
2023-08-29,34,Bangladesh,Dry Bulk,520.0,2023-08-29_Week-34-2023-Athenian-Demo-Report.pdf
2023-08-29,34,Turkey,Tankers,525.0,2023-08-29_Week-34-2023-Athenian-Demo-Report.pdf
2023-08-29,34,Pakistan,Tankers,540.0,2023-08-29_Week-34-2023-Athenian-Demo-Report.pdf
2023-08-29,34,Bangladesh,Tankers,535.0,2023-08-29_Week-34-2023-Athenian-Demo-Report.pdf
2023-08-29,34,India,Tankers,525.0,2023-08-29_Week-34-2023-Athenian-Demo-Report.pdf
2023-08-29,34,India,Dry Bulk,510.0,2023-08-29_Week-34-2023-Athenian-Demo-Report.pdf
2023-09-05,35,Turkey,Dry Bulk,555.0,2023-09-05_Week-35-2023-Athenian-Demo-Report.pdf
2023-09-05,35,Pakistan,Containers,325.0,2023-09-05_Week-35-2023-Athenian-Demo-Report.pdf
2023-09-05,35,Bangladesh,Containers,315.0,2023-09-05_Week-35-2023-Athenian-Demo-Report.pdf
2023-09-05,35,India,Containers,305.0,2023-09-05_Week-35-2023-Athenian-Demo-Report.pdf
2023-09-05,35,Pakistan,Dry Bulk,540.0,2023-09-05_Week-35-2023-Athenian-Demo-Report.pdf
2023-09-05,35,Turkey,Containers,520.0,2023-09-05_Week-35-2023-Athenian-Demo-Report.pdf
2023-09-05,35,India,Dry Bulk,500.0,2023-09-05_Week-35-2023-Athenian-Demo-Report.pdf
2023-09-05,35,India,Tankers,535.0,2023-09-05_Week-35-2023-Athenian-Demo-Report.pdf
2023-09-05,35,Bangladesh,Tankers,550.0,2023-09-05_Week-35-2023-Athenian-Demo-Report.pdf
2023-09-05,35,Bangladesh,Dry Bulk,525.0,2023-09-05_Week-35-2023-Athenian-Demo-Report.pdf
2023-09-05,35,Turkey,Tankers,520.0,2023-09-05_Week-35-2023-Athenian-Demo-Report.pdf
2023-09-05,35,Pakistan,Tankers,540.0,2023-09-05_Week-35-2023-Athenian-Demo-Report.pdf
2023-09-12,36,Turkey,Containers,520.0,2023-09-12_Week-36-2023-Athenian-Demo-Report.pdf
2023-09-12,36,Pakistan,Containers,325.0,2023-09-12_Week-36-2023-Athenian-Demo-Report.pdf
2023-09-12,36,Bangladesh,Containers,315.0,2023-09-12_Week-36-2023-Athenian-Demo-Report.pdf
2023-09-12,36,India,Containers,305.0,2023-09-12_Week-36-2023-Athenian-Demo-Report.pdf
2023-09-12,36,Pakistan,Dry Bulk,540.0,2023-09-12_Week-36-2023-Athenian-Demo-Report.pdf
2023-09-12,36,Turkey,Dry Bulk,555.0,2023-09-12_Week-36-2023-Athenian-Demo-Report.pdf
2023-09-12,36,India,Dry Bulk,500.0,2023-09-12_Week-36-2023-Athenian-Demo-Report.pdf
2023-09-12,36,Turkey,Tankers,520.0,2023-09-12_Week-36-2023-Athenian-Demo-Report.pdf
2023-09-12,36,Pakistan,Tankers,540.0,2023-09-12_Week-36-2023-Athenian-Demo-Report.pdf
2023-09-12,36,Bangladesh,Tankers,550.0,2023-09-12_Week-36-2023-Athenian-Demo-Report.pdf
2023-09-12,36,India,Tankers,535.0,2023-09-12_Week-36-2023-Athenian-Demo-Report.pdf
2023-09-12,36,Bangladesh,Dry Bulk,525.0,2023-09-12_Week-36-2023-Athenian-Demo-Report.pdf
2023-09-19,37,Turkey,Containers,530.0,2023-09-19_Week-37-2023-Athenian-Demo-Report.pdf
2023-09-19,37,Pakistan,Containers,325.0,2023-09-19_Week-37-2023-Athenian-Demo-Report.pdf
2023-09-19,37,Bangladesh,Containers,315.0,2023-09-19_Week-37-2023-Athenian-Demo-Report.pdf
2023-09-19,37,India,Containers,305.0,2023-09-19_Week-37-2023-Athenian-Demo-Report.pdf
2023-09-19,37,Pakistan,Dry Bulk,540.0,2023-09-19_Week-37-2023-Athenian-Demo-Report.pdf
2023-09-19,37,Turkey,Dry Bulk,555.0,2023-09-19_Week-37-2023-Athenian-Demo-Report.pdf
2023-09-19,37,India,Dry Bulk,500.0,2023-09-19_Week-37-2023-Athenian-Demo-Report.pdf
2023-09-19,37,India,Tankers,545.0,2023-09-19_Week-37-2023-Athenian-Demo-Report.pdf
2023-09-19,37,Bangladesh,Tankers,565.0,2023-09-19_Week-37-2023-Athenian-Demo-Report.pdf
2023-09-19,37,Bangladesh,Dry Bulk,530.0,2023-09-19_Week-37-2023-Athenian-Demo-Report.pdf
2023-09-19,37,Turkey,Tankers,520.0,2023-09-19_Week-37-2023-Athenian-Demo-Report.pdf
2023-09-19,37,Pakistan,Tankers,540.0,2023-09-19_Week-37-2023-Athenian-Demo-Report.pdf
2023-09-26,38,Turkey,Containers,540.0,2023-09-26_Week-38-2023-Athenian-Demo-Report.pdf
2023-09-26,38,Pakistan,Containers,325.0,2023-09-26_Week-38-2023-Athenian-Demo-Report.pdf
2023-09-26,38,Bangladesh,Containers,315.0,2023-09-26_Week-38-2023-Athenian-Demo-Report.pdf
2023-09-26,38,India,Containers,305.0,2023-09-26_Week-38-2023-Athenian-Demo-Report.pdf
2023-09-26,38,Pakistan,Dry Bulk,540.0,2023-09-26_Week-38-2023-Athenian-Demo-Report.pdf
2023-09-26,38,Turkey,Dry Bulk,555.0,2023-09-26_Week-38-2023-Athenian-Demo-Report.pdf
2023-09-26,38,India,Dry Bulk,500.0,2023-09-26_Week-38-2023-Athenian-Demo-Report.pdf
2023-09-26,38,Turkey,Tankers,520.0,2023-09-26_Week-38-2023-Athenian-Demo-Report.pdf
2023-09-26,38,Pakistan,Tankers,540.0,2023-09-26_Week-38-2023-Athenian-Demo-Report.pdf
2023-09-26,38,Bangladesh,Tankers,565.0,2023-09-26_Week-38-2023-Athenian-Demo-Report.pdf
2023-09-26,38,India,Tankers,550.0,2023-09-26_Week-38-2023-Athenian-Demo-Report.pdf
2023-09-26,38,Bangladesh,Dry Bulk,530.0,2023-09-26_Week-38-2023-Athenian-Demo-Report.pdf
2023-10-03,39,Turkey,Containers,540.0,2023-10-03_Week-39-2023-Athenian-Demo-Report.pdf
2023-10-03,39,Pakistan,Containers,325.0,2023-10-03_Week-39-2023-Athenian-Demo-Report.pdf
2023-10-03,39,Bangladesh,Containers,315.0,2023-10-03_Week-39-2023-Athenian-Demo-Report.pdf
2023-10-03,39,India,Containers,305.0,2023-10-03_Week-39-2023-Athenian-Demo-Report.pdf
2023-10-03,39,Turkey,Dry Bulk,560.0,2023-10-03_Week-39-2023-Athenian-Demo-Report.pdf
2023-10-03,39,Pakistan,Dry Bulk,545.0,2023-10-03_Week-39-2023-Athenian-Demo-Report.pdf
2023-10-03,39,Bangladesh,Dry Bulk,535.0,2023-10-03_Week-39-2023-Athenian-Demo-Report.pdf
2023-10-03,39,Turkey,Tankers,525.0,2023-10-03_Week-39-2023-Athenian-Demo-Report.pdf
2023-10-03,39,India,Tankers,555.0,2023-10-03_Week-39-2023-Athenian-Demo-Report.pdf
2023-10-03,39,India,Dry Bulk,510.0,2023-10-03_Week-39-2023-Athenian-Demo-Report.pdf
2023-10-03,39,Pakistan,Tankers,545.0,2023-10-03_Week-39-2023-Athenian-Demo-Report.pdf
2023-10-03,39,Bangladesh,Tankers,570.0,2023-10-03_Week-39-2023-Athenian-Demo-Report.pdf
2023-10-10,40,Turkey,Containers,540.0,2023-10-10_Week-40-2023-Athenian-Demo-Report.pdf
2023-10-10,40,Pakistan,Containers,325.0,2023-10-10_Week-40-2023-Athenian-Demo-Report.pdf
2023-10-10,40,Bangladesh,Containers,315.0,2023-10-10_Week-40-2023-Athenian-Demo-Report.pdf
2023-10-10,40,India,Containers,305.0,2023-10-10_Week-40-2023-Athenian-Demo-Report.pdf
2023-10-10,40,Bangladesh,Dry Bulk,535.0,2023-10-10_Week-40-2023-Athenian-Demo-Report.pdf
2023-10-10,40,Turkey,Dry Bulk,560.0,2023-10-10_Week-40-2023-Athenian-Demo-Report.pdf
2023-10-10,40,Turkey,Tankers,525.0,2023-10-10_Week-40-2023-Athenian-Demo-Report.pdf
2023-10-10,40,Pakistan,Tankers,545.0,2023-10-10_Week-40-2023-Athenian-Demo-Report.pdf
2023-10-10,40,Bangladesh,Tankers,570.0,2023-10-10_Week-40-2023-Athenian-Demo-Report.pdf
2023-10-10,40,India,Tankers,555.0,2023-10-10_Week-40-2023-Athenian-Demo-Report.pdf
2023-10-10,40,India,Dry Bulk,510.0,2023-10-10_Week-40-2023-Athenian-Demo-Report.pdf
2023-10-10,40,Pakistan,Dry Bulk,545.0,2023-10-10_Week-40-2023-Athenian-Demo-Report.pdf
2023-10-17,41,Pakistan,Dry Bulk,545.0,2023-10-17_Week-41-2023-Athenian-Demo-Report.pdf
2023-10-17,41,Turkey,Containers,540.0,2023-10-17_Week-41-2023-Athenian-Demo-Report.pdf
2023-10-17,41,Pakistan,Containers,325.0,2023-10-17_Week-41-2023-Athenian-Demo-Report.pdf
2023-10-17,41,Bangladesh,Containers,315.0,2023-10-17_Week-41-2023-Athenian-Demo-Report.pdf
2023-10-17,41,India,Containers,305.0,2023-10-17_Week-41-2023-Athenian-Demo-Report.pdf
2023-10-17,41,Turkey,Dry Bulk,555.0,2023-10-17_Week-41-2023-Athenian-Demo-Report.pdf
2023-10-17,41,Bangladesh,Dry Bulk,535.0,2023-10-17_Week-41-2023-Athenian-Demo-Report.pdf
2023-10-17,41,Turkey,Tankers,540.0,2023-10-17_Week-41-2023-Athenian-Demo-Report.pdf
2023-10-17,41,Pakistan,Tankers,560.0,2023-10-17_Week-41-2023-Athenian-Demo-Report.pdf
2023-10-17,41,Bangladesh,Tankers,570.0,2023-10-17_Week-41-2023-Athenian-Demo-Report.pdf
2023-10-17,41,India,Tankers,555.0,2023-10-17_Week-41-2023-Athenian-Demo-Report.pdf
2023-10-17,41,India,Dry Bulk,520.0,2023-10-17_Week-41-2023-Athenian-Demo-Report.pdf
2023-10-25,42,Turkey,Containers,535.0,2023-10-25_Week-42-2023-Athenian-Demo-Report.pdf
2023-10-25,42,Pakistan,Containers,320.0,2023-10-25_Week-42-2023-Athenian-Demo-Report.pdf
2023-10-25,42,Bangladesh,Containers,310.0,2023-10-25_Week-42-2023-Athenian-Demo-Report.pdf
2023-10-25,42,India,Containers,300.0,2023-10-25_Week-42-2023-Athenian-Demo-Report.pdf
2023-10-25,42,Turkey,Dry Bulk,550.0,2023-10-25_Week-42-2023-Athenian-Demo-Report.pdf
2023-10-25,42,Pakistan,Dry Bulk,535.0,2023-10-25_Week-42-2023-Athenian-Demo-Report.pdf
2023-10-25,42,Bangladesh,Dry Bulk,520.0,2023-10-25_Week-42-2023-Athenian-Demo-Report.pdf
2023-10-25,42,Turkey,Tankers,540.0,2023-10-25_Week-42-2023-Athenian-Demo-Report.pdf
2023-10-25,42,Pakistan,Tankers,560.0,2023-10-25_Week-42-2023-Athenian-Demo-Report.pdf
2023-10-25,42,Bangladesh,Tankers,565.0,2023-10-25_Week-42-2023-Athenian-Demo-Report.pdf
2023-10-25,42,India,Tankers,550.0,2023-10-25_Week-42-2023-Athenian-Demo-Report.pdf
2023-10-25,42,India,Dry Bulk,520.0,2023-10-25_Week-42-2023-Athenian-Demo-Report.pdf
2023-10-31,43,Turkey,Dry Bulk,550.0,2023-10-31_Week-43-2023-Athenian-Demo-Report.pdf
2023-10-31,43,Pakistan,Containers,320.0,2023-10-31_Week-43-2023-Athenian-Demo-Report.pdf
2023-10-31,43,Bangladesh,Containers,310.0,2023-10-31_Week-43-2023-Athenian-Demo-Report.pdf
2023-10-31,43,India,Containers,300.0,2023-10-31_Week-43-2023-Athenian-Demo-Report.pdf
2023-10-31,43,Pakistan,Dry Bulk,535.0,2023-10-31_Week-43-2023-Athenian-Demo-Report.pdf
2023-10-31,43,Turkey,Containers,535.0,2023-10-31_Week-43-2023-Athenian-Demo-Report.pdf
2023-10-31,43,India,Dry Bulk,520.0,2023-10-31_Week-43-2023-Athenian-Demo-Report.pdf
2023-10-31,43,India,Tankers,550.0,2023-10-31_Week-43-2023-Athenian-Demo-Report.pdf
2023-10-31,43,Bangladesh,Tankers,565.0,2023-10-31_Week-43-2023-Athenian-Demo-Report.pdf
2023-10-31,43,Bangladesh,Dry Bulk,520.0,2023-10-31_Week-43-2023-Athenian-Demo-Report.pdf
2023-10-31,43,Turkey,Tankers,540.0,2023-10-31_Week-43-2023-Athenian-Demo-Report.pdf
2023-10-31,43,Pakistan,Tankers,560.0,2023-10-31_Week-43-2023-Athenian-Demo-Report.pdf
2023-11-07,44,Turkey,Containers,530.0,2023-11-07_Week_44_2023_Athenian_Demo_Report.pdf
2023-11-07,44,Pakistan,Containers,325.0,2023-11-07_Week_44_2023_Athenian_Demo_Report.pdf
2023-11-07,44,Bangladesh,Containers,315.0,2023-11-07_Week_44_2023_Athenian_Demo_Report.pdf
2023-11-07,44,India,Containers,305.0,2023-11-07_Week_44_2023_Athenian_Demo_Report.pdf
2023-11-07,44,Pakistan,Dry Bulk,530.0,2023-11-07_Week_44_2023_Athenian_Demo_Report.pdf
2023-11-07,44,Turkey,Dry Bulk,550.0,2023-11-07_Week_44_2023_Athenian_Demo_Report.pdf
2023-11-07,44,India,Dry Bulk,520.0,2023-11-07_Week_44_2023_Athenian_Demo_Report.pdf
2023-11-07,44,Turkey,Tankers,535.0,2023-11-07_Week_44_2023_Athenian_Demo_Report.pdf
2023-11-07,44,Pakistan,Tankers,555.0,2023-11-07_Week_44_2023_Athenian_Demo_Report.pdf
2023-11-07,44,Bangladesh,Tankers,560.0,2023-11-07_Week_44_2023_Athenian_Demo_Report.pdf
2023-11-07,44,India,Tankers,540.0,2023-11-07_Week_44_2023_Athenian_Demo_Report.pdf
2023-11-07,44,Bangladesh,Dry Bulk,525.0,2023-11-07_Week_44_2023_Athenian_Demo_Report.pdf
2023-11-14,45,Turkey,Containers,525.0,2023-11-14_Week_45_2023_Athenian_Demo_report.pdf
2023-11-14,45,Pakistan,Containers,335.0,2023-11-14_Week_45_2023_Athenian_Demo_report.pdf
2023-11-14,45,Bangladesh,Containers,325.0,2023-11-14_Week_45_2023_Athenian_Demo_report.pdf
2023-11-14,45,India,Containers,310.0,2023-11-14_Week_45_2023_Athenian_Demo_report.pdf
2023-11-14,45,Pakistan,Dry Bulk,535.0,2023-11-14_Week_45_2023_Athenian_Demo_report.pdf
2023-11-14,45,Turkey,Dry Bulk,550.0,2023-11-14_Week_45_2023_Athenian_Demo_report.pdf
2023-11-14,45,India,Dry Bulk,520.0,2023-11-14_Week_45_2023_Athenian_Demo_report.pdf
2023-11-14,45,Turkey,Tankers,535.0,2023-11-14_Week_45_2023_Athenian_Demo_report.pdf
2023-11-14,45,Pakistan,Tankers,555.0,2023-11-14_Week_45_2023_Athenian_Demo_report.pdf
2023-11-14,45,Bangladesh,Tankers,555.0,2023-11-14_Week_45_2023_Athenian_Demo_report.pdf
2023-11-14,45,India,Tankers,540.0,2023-11-14_Week_45_2023_Athenian_Demo_report.pdf
2023-11-14,45,Bangladesh,Dry Bulk,525.0,2023-11-14_Week_45_2023_Athenian_Demo_report.pdf
2023-11-21,46,Turkey,Containers,525.0,2023-11-21_Week_46_2023_Athenian_Demo_report.pdf
2023-11-21,46,Pakistan,Containers,330.0,2023-11-21_Week_46_2023_Athenian_Demo_report.pdf
2023-11-21,46,Bangladesh,Containers,320.0,2023-11-21_Week_46_2023_Athenian_Demo_report.pdf
2023-11-21,46,India,Containers,310.0,2023-11-21_Week_46_2023_Athenian_Demo_report.pdf
2023-11-21,46,Turkey,Dry Bulk,545.0,2023-11-21_Week_46_2023_Athenian_Demo_report.pdf
2023-11-21,46,Pakistan,Dry Bulk,535.0,2023-11-21_Week_46_2023_Athenian_Demo_report.pdf
2023-11-21,46,Bangladesh,Dry Bulk,520.0,2023-11-21_Week_46_2023_Athenian_Demo_report.pdf
2023-11-21,46,Turkey,Tankers,535.0,2023-11-21_Week_46_2023_Athenian_Demo_report.pdf
2023-11-21,46,Pakistan,Tankers,555.0,2023-11-21_Week_46_2023_Athenian_Demo_report.pdf
2023-11-21,46,Bangladesh,Tankers,550.0,2023-11-21_Week_46_2023_Athenian_Demo_report.pdf
2023-11-21,46,India,Tankers,535.0,2023-11-21_Week_46_2023_Athenian_Demo_report.pdf
2023-11-21,46,India,Dry Bulk,515.0,2023-11-21_Week_46_2023_Athenian_Demo_report.pdf
2023-11-28,47,Turkey,Containers,525.0,2023-11-28_Week-47-2023-Athenian-Demo-report.pdf
2023-11-28,47,Pakistan,Containers,330.0,2023-11-28_Week-47-2023-Athenian-Demo-report.pdf
2023-11-28,47,Bangladesh,Containers,320.0,2023-11-28_Week-47-2023-Athenian-Demo-report.pdf
2023-11-28,47,India,Containers,310.0,2023-11-28_Week-47-2023-Athenian-Demo-report.pdf
2023-11-28,47,Pakistan,Dry Bulk,540.0,2023-11-28_Week-47-2023-Athenian-Demo-report.pdf
2023-11-28,47,Turkey,Dry Bulk,550.0,2023-11-28_Week-47-2023-Athenian-Demo-report.pdf
2023-11-28,47,India,Dry Bulk,505.0,2023-11-28_Week-47-2023-Athenian-Demo-report.pdf
2023-11-28,47,India,Tankers,540.0,2023-11-28_Week-47-2023-Athenian-Demo-report.pdf
2023-11-28,47,Bangladesh,Tankers,555.0,2023-11-28_Week-47-2023-Athenian-Demo-report.pdf
2023-11-28,47,Bangladesh,Dry Bulk,525.0,2023-11-28_Week-47-2023-Athenian-Demo-report.pdf
2023-11-28,47,Turkey,Tankers,525.0,2023-11-28_Week-47-2023-Athenian-Demo-report.pdf
2023-11-28,47,Pakistan,Tankers,545.0,2023-11-28_Week-47-2023-Athenian-Demo-report.pdf
2023-12-05,48,Turkey,Containers,525.0,2023-12-05_Week-48-2023-Athenian-Demo-report.pdf
2023-12-05,48,Pakistan,Containers,330.0,2023-12-05_Week-48-2023-Athenian-Demo-report.pdf
2023-12-05,48,Bangladesh,Containers,320.0,2023-12-05_Week-48-2023-Athenian-Demo-report.pdf
2023-12-05,48,India,Containers,310.0,2023-12-05_Week-48-2023-Athenian-Demo-report.pdf
2023-12-05,48,Pakistan,Dry Bulk,540.0,2023-12-05_Week-48-2023-Athenian-Demo-report.pdf
2023-12-05,48,Turkey,Dry Bulk,555.0,2023-12-05_Week-48-2023-Athenian-Demo-report.pdf
2023-12-05,48,India,Dry Bulk,505.0,2023-12-05_Week-48-2023-Athenian-Demo-report.pdf
2023-12-05,48,Turkey,Tankers,525.0,2023-12-05_Week-48-2023-Athenian-Demo-report.pdf
2023-12-05,48,Pakistan,Tankers,540.0,2023-12-05_Week-48-2023-Athenian-Demo-report.pdf
2023-12-05,48,Bangladesh,Tankers,555.0,2023-12-05_Week-48-2023-Athenian-Demo-report.pdf
2023-12-05,48,India,Tankers,540.0,2023-12-05_Week-48-2023-Athenian-Demo-report.pdf
2023-12-05,48,Bangladesh,Dry Bulk,525.0,2023-12-05_Week-48-2023-Athenian-Demo-report.pdf
2023-12-12,49,Turkey,Containers,515.0,2023-12-12_Week_49_2023_Athenian_Demo_report-1.pdf
2023-12-12,49,Pakistan,Containers,330.0,2023-12-12_Week_49_2023_Athenian_Demo_report-1.pdf
2023-12-12,49,Bangladesh,Containers,320.0,2023-12-12_Week_49_2023_Athenian_Demo_report-1.pdf
2023-12-12,49,India,Containers,310.0,2023-12-12_Week_49_2023_Athenian_Demo_report-1.pdf
2023-12-12,49,Pakistan,Dry Bulk,535.0,2023-12-12_Week_49_2023_Athenian_Demo_report-1.pdf
2023-12-12,49,Turkey,Dry Bulk,550.0,2023-12-12_Week_49_2023_Athenian_Demo_report-1.pdf
2023-12-12,49,India,Dry Bulk,500.0,2023-12-12_Week_49_2023_Athenian_Demo_report-1.pdf
2023-12-12,49,India,Tankers,530.0,2023-12-12_Week_49_2023_Athenian_Demo_report-1.pdf
2023-12-12,49,Bangladesh,Tankers,540.0,2023-12-12_Week_49_2023_Athenian_Demo_report-1.pdf
2023-12-12,49,Bangladesh,Dry Bulk,525.0,2023-12-12_Week_49_2023_Athenian_Demo_report-1.pdf
2023-12-12,49,Turkey,Tankers,520.0,2023-12-12_Week_49_2023_Athenian_Demo_report-1.pdf
2023-12-12,49,Pakistan,Tankers,535.0,2023-12-12_Week_49_2023_Athenian_Demo_report-1.pdf
2023-12-19,50,Turkey,Containers,520.0,2023-12-19_Week_50_2023_Athenian_Demo_report.pdf
2023-12-19,50,Pakistan,Containers,330.0,2023-12-19_Week_50_2023_Athenian_Demo_report.pdf
2023-12-19,50,Bangladesh,Containers,325.0,2023-12-19_Week_50_2023_Athenian_Demo_report.pdf
2023-12-19,50,India,Containers,315.0,2023-12-19_Week_50_2023_Athenian_Demo_report.pdf
2023-12-19,50,Pakistan,Dry Bulk,530.0,2023-12-19_Week_50_2023_Athenian_Demo_report.pdf
2023-12-19,50,Turkey,Dry Bulk,545.0,2023-12-19_Week_50_2023_Athenian_Demo_report.pdf
2023-12-19,50,India,Dry Bulk,495.0,2023-12-19_Week_50_2023_Athenian_Demo_report.pdf
2023-12-19,50,Turkey,Tankers,515.0,2023-12-19_Week_50_2023_Athenian_Demo_report.pdf
2023-12-19,50,Pakistan,Tankers,535.0,2023-12-19_Week_50_2023_Athenian_Demo_report.pdf
2023-12-19,50,Bangladesh,Tankers,550.0,2023-12-19_Week_50_2023_Athenian_Demo_report.pdf
2023-12-19,50,India,Tankers,535.0,2023-12-19_Week_50_2023_Athenian_Demo_report.pdf
2023-12-19,50,Bangladesh,Dry Bulk,520.0,2023-12-19_Week_50_2023_Athenian_Demo_report.pdf
2023-12-26,51,Turkey,Containers,520.0,2023-12-26_Week-51-2023-Athenian-Demo-report.pdf
2023-12-26,51,Pakistan,Containers,335.0,2023-12-26_Week-51-2023-Athenian-Demo-report.pdf
2023-12-26,51,Bangladesh,Containers,325.0,2023-12-26_Week-51-2023-Athenian-Demo-report.pdf
2023-12-26,51,India,Containers,315.0,2023-12-26_Week-51-2023-Athenian-Demo-report.pdf
2023-12-26,51,Turkey,Dry Bulk,545.0,2023-12-26_Week-51-2023-Athenian-Demo-report.pdf
2023-12-26,51,Pakistan,Dry Bulk,530.0,2023-12-26_Week-51-2023-Athenian-Demo-report.pdf
2023-12-26,51,Bangladesh,Dry Bulk,520.0,2023-12-26_Week-51-2023-Athenian-Demo-report.pdf
2023-12-26,51,Turkey,Tankers,515.0,2023-12-26_Week-51-2023-Athenian-Demo-report.pdf
2023-12-26,51,India,Tankers,535.0,2023-12-26_Week-51-2023-Athenian-Demo-report.pdf
2023-12-26,51,India,Dry Bulk,495.0,2023-12-26_Week-51-2023-Athenian-Demo-report.pdf
2023-12-26,51,Pakistan,Tankers,530.0,2023-12-26_Week-51-2023-Athenian-Demo-report.pdf
2023-12-26,51,Bangladesh,Tankers,550.0,2023-12-26_Week-51-2023-Athenian-Demo-report.pdf
2024-01-02,52,Turkey,Containers,520.0,2024-01-02_Week-52-2023-Athenian-Demo-report.pdf
2024-01-02,52,Pakistan,Containers,350.0,2024-01-02_Week-52-2023-Athenian-Demo-report.pdf
2024-01-02,52,Bangladesh,Containers,340.0,2024-01-02_Week-52-2023-Athenian-Demo-report.pdf
2024-01-02,52,India,Containers,330.0,2024-01-02_Week-52-2023-Athenian-Demo-report.pdf
2024-01-02,52,Pakistan,Dry Bulk,530.0,2024-01-02_Week-52-2023-Athenian-Demo-report.pdf
2024-01-02,52,Turkey,Dry Bulk,545.0,2024-01-02_Week-52-2023-Athenian-Demo-report.pdf
2024-01-02,52,India,Dry Bulk,495.0,2024-01-02_Week-52-2023-Athenian-Demo-report.pdf
2024-01-02,52,Turkey,Tankers,515.0,2024-01-02_Week-52-2023-Athenian-Demo-report.pdf
2024-01-02,52,Pakistan,Tankers,530.0,2024-01-02_Week-52-2023-Athenian-Demo-report.pdf
2024-01-02,52,Bangladesh,Tankers,550.0,2024-01-02_Week-52-2023-Athenian-Demo-report.pdf
2024-01-02,52,India,Tankers,535.0,2024-01-02_Week-52-2023-Athenian-Demo-report.pdf
2024-01-02,52,Bangladesh,Dry Bulk,520.0,2024-01-02_Week-52-2023-Athenian-Demo-report.pdf
2024-01-09,1,Turkey,Containers,520.0,2024-01-09_Week-01-2024-Athenian-Demo-report.pdf
2024-01-09,1,Pakistan,Containers,355.0,2024-01-09_Week-01-2024-Athenian-Demo-report.pdf
2024-01-09,1,Bangladesh,Containers,345.0,2024-01-09_Week-01-2024-Athenian-Demo-report.pdf
2024-01-09,1,India,Containers,335.0,2024-01-09_Week-01-2024-Athenian-Demo-report.pdf
2024-01-09,1,Pakistan,Dry Bulk,530.0,2024-01-09_Week-01-2024-Athenian-Demo-report.pdf
2024-01-09,1,Turkey,Dry Bulk,545.0,2024-01-09_Week-01-2024-Athenian-Demo-report.pdf
2024-01-09,1,India,Dry Bulk,490.0,2024-01-09_Week-01-2024-Athenian-Demo-report.pdf
2024-01-09,1,India,Tankers,530.0,2024-01-09_Week-01-2024-Athenian-Demo-report.pdf
2024-01-09,1,Bangladesh,Tankers,545.0,2024-01-09_Week-01-2024-Athenian-Demo-report.pdf
2024-01-09,1,Bangladesh,Dry Bulk,520.0,2024-01-09_Week-01-2024-Athenian-Demo-report.pdf
2024-01-09,1,Turkey,Tankers,510.0,2024-01-09_Week-01-2024-Athenian-Demo-report.pdf
2024-01-09,1,Pakistan,Tankers,530.0,2024-01-09_Week-01-2024-Athenian-Demo-report.pdf
2024-01-16,2,Turkey,Containers,505.0,2024-01-16_Week-02-2024-Athenian-Demo-Report.pdf
2024-01-16,2,Pakistan,Containers,355.0,2024-01-16_Week-02-2024-Athenian-Demo-Report.pdf
2024-01-16,2,Bangladesh,Containers,345.0,2024-01-16_Week-02-2024-Athenian-Demo-Report.pdf
2024-01-16,2,India,Containers,335.0,2024-01-16_Week-02-2024-Athenian-Demo-Report.pdf
2024-01-16,2,Pakistan,Dry Bulk,530.0,2024-01-16_Week-02-2024-Athenian-Demo-Report.pdf
2024-01-16,2,Turkey,Dry Bulk,545.0,2024-01-16_Week-02-2024-Athenian-Demo-Report.pdf
2024-01-16,2,India,Dry Bulk,495.0,2024-01-16_Week-02-2024-Athenian-Demo-Report.pdf
2024-01-16,2,Turkey,Tankers,515.0,2024-01-16_Week-02-2024-Athenian-Demo-Report.pdf
2024-01-16,2,Pakistan,Tankers,530.0,2024-01-16_Week-02-2024-Athenian-Demo-Report.pdf
2024-01-16,2,Bangladesh,Tankers,525.0,2024-01-16_Week-02-2024-Athenian-Demo-Report.pdf
2024-01-16,2,India,Tankers,520.0,2024-01-16_Week-02-2024-Athenian-Demo-Report.pdf
2024-01-16,2,Bangladesh,Dry Bulk,520.0,2024-01-16_Week-02-2024-Athenian-Demo-Report.pdf
2024-01-23,3,Turkey,Containers,505.0,2024-01-23_Week-03-2024-Athenian-Demo-Report.pdf
2024-01-23,3,Pakistan,Containers,355.0,2024-01-23_Week-03-2024-Athenian-Demo-Report.pdf
2024-01-23,3,Bangladesh,Containers,345.0,2024-01-23_Week-03-2024-Athenian-Demo-Report.pdf
2024-01-23,3,India,Containers,335.0,2024-01-23_Week-03-2024-Athenian-Demo-Report.pdf
2024-01-23,3,Turkey,Dry Bulk,545.0,2024-01-23_Week-03-2024-Athenian-Demo-Report.pdf
2024-01-23,3,Pakistan,Dry Bulk,530.0,2024-01-23_Week-03-2024-Athenian-Demo-Report.pdf
2024-01-23,3,India,Dry Bulk,495.0,2024-01-23_Week-03-2024-Athenian-Demo-Report.pdf
2024-01-23,3,India,Tankers,520.0,2024-01-23_Week-03-2024-Athenian-Demo-Report.pdf
2024-01-23,3,Bangladesh,Tankers,525.0,2024-01-23_Week-03-2024-Athenian-Demo-Report.pdf
2024-01-23,3,Bangladesh,Dry Bulk,520.0,2024-01-23_Week-03-2024-Athenian-Demo-Report.pdf
2024-01-23,3,Turkey,Tankers,515.0,2024-01-23_Week-03-2024-Athenian-Demo-Report.pdf
2024-01-23,3,Pakistan,Tankers,530.0,2024-01-23_Week-03-2024-Athenian-Demo-Report.pdf
2024-01-30,4,Turkey,Containers,500.0,2024-01-30_Week-04-2024-Athenian-Demo-report.pdf
2024-01-30,4,Pakistan,Containers,360.0,2024-01-30_Week-04-2024-Athenian-Demo-report.pdf
2024-01-30,4,Bangladesh,Containers,350.0,2024-01-30_Week-04-2024-Athenian-Demo-report.pdf
2024-01-30,4,India,Containers,340.0,2024-01-30_Week-04-2024-Athenian-Demo-report.pdf
2024-01-30,4,Pakistan,Dry Bulk,530.0,2024-01-30_Week-04-2024-Athenian-Demo-report.pdf
2024-01-30,4,Turkey,Dry Bulk,545.0,2024-01-30_Week-04-2024-Athenian-Demo-report.pdf
2024-01-30,4,India,Dry Bulk,505.0,2024-01-30_Week-04-2024-Athenian-Demo-report.pdf
2024-01-30,4,Turkey,Tankers,525.0,2024-01-30_Week-04-2024-Athenian-Demo-report.pdf
2024-01-30,4,Pakistan,Tankers,540.0,2024-01-30_Week-04-2024-Athenian-Demo-report.pdf
2024-01-30,4,Bangladesh,Tankers,525.0,2024-01-30_Week-04-2024-Athenian-Demo-report.pdf
2024-01-30,4,India,Tankers,510.0,2024-01-30_Week-04-2024-Athenian-Demo-report.pdf
2024-01-30,4,Bangladesh,Dry Bulk,520.0,2024-01-30_Week-04-2024-Athenian-Demo-report.pdf
2024-02-13,6,Turkey,Containers,500.0,2024-02-13_Week-06-2024-Athenian-Demo-Report.pdf
2024-02-13,6,Pakistan,Containers,360.0,2024-02-13_Week-06-2024-Athenian-Demo-Report.pdf
2024-02-13,6,Bangladesh,Containers,350.0,2024-02-13_Week-06-2024-Athenian-Demo-Report.pdf
2024-02-13,6,India,Containers,340.0,2024-02-13_Week-06-2024-Athenian-Demo-Report.pdf
2024-02-13,6,Turkey,Dry Bulk,545.0,2024-02-13_Week-06-2024-Athenian-Demo-Report.pdf
2024-02-13,6,Pakistan,Dry Bulk,530.0,2024-02-13_Week-06-2024-Athenian-Demo-Report.pdf
2024-02-13,6,Bangladesh,Dry Bulk,520.0,2024-02-13_Week-06-2024-Athenian-Demo-Report.pdf
2024-02-13,6,Turkey,Tankers,525.0,2024-02-13_Week-06-2024-Athenian-Demo-Report.pdf
2024-02-13,6,Pakistan,Tankers,545.0,2024-02-13_Week-06-2024-Athenian-Demo-Report.pdf
2024-02-13,6,Bangladesh,Tankers,525.0,2024-02-13_Week-06-2024-Athenian-Demo-Report.pdf
2024-02-13,6,India,Tankers,510.0,2024-02-13_Week-06-2024-Athenian-Demo-Report.pdf
2024-02-13,6,India,Dry Bulk,505.0,2024-02-13_Week-06-2024-Athenian-Demo-Report.pdf
2024-02-20,7,Turkey,Containers,500.0,2024-02-20_Week-07-2024-Athenian-Demo-Report.pdf
2024-02-20,7,Pakistan,Containers,360.0,2024-02-20_Week-07-2024-Athenian-Demo-Report.pdf
2024-02-20,7,Bangladesh,Containers,350.0,2024-02-20_Week-07-2024-Athenian-Demo-Report.pdf
2024-02-20,7,India,Containers,340.0,2024-02-20_Week-07-2024-Athenian-Demo-Report.pdf
2024-02-20,7,Turkey,Dry Bulk,545.0,2024-02-20_Week-07-2024-Athenian-Demo-Report.pdf
2024-02-20,7,Pakistan,Dry Bulk,530.0,2024-02-20_Week-07-2024-Athenian-Demo-Report.pdf
2024-02-20,7,India,Dry Bulk,505.0,2024-02-20_Week-07-2024-Athenian-Demo-Report.pdf
2024-02-20,7,Turkey,Tankers,525.0,2024-02-20_Week-07-2024-Athenian-Demo-Report.pdf
2024-02-20,7,Pakistan,Tankers,545.0,2024-02-20_Week-07-2024-Athenian-Demo-Report.pdf
2024-02-20,7,Bangladesh,Tankers,525.0,2024-02-20_Week-07-2024-Athenian-Demo-Report.pdf
2024-02-20,7,India,Tankers,510.0,2024-02-20_Week-07-2024-Athenian-Demo-Report.pdf
2024-02-20,7,Bangladesh,Dry Bulk,520.0,2024-02-20_Week-07-2024-Athenian-Demo-Report.pdf
2024-02-27,8,Turkey,Dry Bulk,545.0,2024-02-27_Week-08-2024-Athenian-Demo-Report.pdf
2024-02-27,8,Turkey,Containers,500.0,2024-02-27_Week-08-2024-Athenian-Demo-Report.pdf
2024-02-27,8,Pakistan,Containers,360.0,2024-02-27_Week-08-2024-Athenian-Demo-Report.pdf
2024-02-27,8,Bangladesh,Containers,350.0,2024-02-27_Week-08-2024-Athenian-Demo-Report.pdf
2024-02-27,8,India,Containers,340.0,2024-02-27_Week-08-2024-Athenian-Demo-Report.pdf
2024-02-27,8,Pakistan,Dry Bulk,530.0,2024-02-27_Week-08-2024-Athenian-Demo-Report.pdf
2024-02-27,8,Bangladesh,Dry Bulk,520.0,2024-02-27_Week-08-2024-Athenian-Demo-Report.pdf
2024-02-27,8,India,Dry Bulk,505.0,2024-02-27_Week-08-2024-Athenian-Demo-Report.pdf
2024-02-27,8,Turkey,Tankers,525.0,2024-02-27_Week-08-2024-Athenian-Demo-Report.pdf
2024-02-27,8,Pakistan,Tankers,545.0,2024-02-27_Week-08-2024-Athenian-Demo-Report.pdf
2024-02-27,8,Bangladesh,Tankers,525.0,2024-02-27_Week-08-2024-Athenian-Demo-Report.pdf
2024-02-27,8,India,Tankers,510.0,2024-02-27_Week-08-2024-Athenian-Demo-Report.pdf
2024-03-05,9,Turkey,Containers,500.0,2024-03-05_Week-09-2024-Athenian-Demo-Report.pdf
2024-03-05,9,Pakistan,Containers,355.0,2024-03-05_Week-09-2024-Athenian-Demo-Report.pdf
2024-03-05,9,Bangladesh,Containers,345.0,2024-03-05_Week-09-2024-Athenian-Demo-Report.pdf
2024-03-05,9,India,Containers,335.0,2024-03-05_Week-09-2024-Athenian-Demo-Report.pdf
2024-03-05,9,Turkey,Dry Bulk,545.0,2024-03-05_Week-09-2024-Athenian-Demo-Report.pdf
2024-03-05,9,Pakistan,Dry Bulk,530.0,2024-03-05_Week-09-2024-Athenian-Demo-Report.pdf
2024-03-05,9,Bangladesh,Dry Bulk,520.0,2024-03-05_Week-09-2024-Athenian-Demo-Report.pdf
2024-03-05,9,India,Dry Bulk,505.0,2024-03-05_Week-09-2024-Athenian-Demo-Report.pdf
2024-03-05,9,Turkey,Tankers,525.0,2024-03-05_Week-09-2024-Athenian-Demo-Report.pdf
2024-03-05,9,Pakistan,Tankers,545.0,2024-03-05_Week-09-2024-Athenian-Demo-Report.pdf
2024-03-05,9,Bangladesh,Tankers,525.0,2024-03-05_Week-09-2024-Athenian-Demo-Report.pdf
2024-03-05,9,India,Tankers,510.0,2024-03-05_Week-09-2024-Athenian-Demo-Report.pdf
2024-03-19,11,Turkey,Containers,500.0,2024-03-19_Week-11-2024-Athenian-Demo-Report.pdf
2024-03-19,11,Pakistan,Containers,350.0,2024-03-19_Week-11-2024-Athenian-Demo-Report.pdf
2024-03-19,11,Bangladesh,Containers,340.0,2024-03-19_Week-11-2024-Athenian-Demo-Report.pdf
2024-03-19,11,India,Containers,330.0,2024-03-19_Week-11-2024-Athenian-Demo-Report.pdf
2024-03-19,11,Turkey,Dry Bulk,540.0,2024-03-19_Week-11-2024-Athenian-Demo-Report.pdf
2024-03-19,11,Pakistan,Dry Bulk,530.0,2024-03-19_Week-11-2024-Athenian-Demo-Report.pdf
2024-03-19,11,India,Dry Bulk,505.0,2024-03-19_Week-11-2024-Athenian-Demo-Report.pdf
2024-03-19,11,Turkey,Tankers,525.0,2024-03-19_Week-11-2024-Athenian-Demo-Report.pdf
2024-03-19,11,Pakistan,Tankers,545.0,2024-03-19_Week-11-2024-Athenian-Demo-Report.pdf
2024-03-19,11,Bangladesh,Tankers,525.0,2024-03-19_Week-11-2024-Athenian-Demo-Report.pdf
2024-03-19,11,India,Tankers,510.0,2024-03-19_Week-11-2024-Athenian-Demo-Report.pdf
2024-03-19,11,Bangladesh,Dry Bulk,515.0,2024-03-19_Week-11-2024-Athenian-Demo-Report.pdf
2024-03-26,12,Bangladesh,Dry Bulk,515.0,2024-03-26_Week-12-2024-Athenian-Demo-Report.pdf
2024-03-26,12,Turkey,Containers,495.0,2024-03-26_Week-12-2024-Athenian-Demo-Report.pdf
2024-03-26,12,Pakistan,Containers,345.0,2024-03-26_Week-12-2024-Athenian-Demo-Report.pdf
2024-03-26,12,Bangladesh,Containers,335.0,2024-03-26_Week-12-2024-Athenian-Demo-Report.pdf
2024-03-26,12,India,Containers,325.0,2024-03-26_Week-12-2024-Athenian-Demo-Report.pdf
2024-03-26,12,Turkey,Dry Bulk,540.0,2024-03-26_Week-12-2024-Athenian-Demo-Report.pdf
2024-03-26,12,Turkey,Tankers,525.0,2024-03-26_Week-12-2024-Athenian-Demo-Report.pdf
2024-03-26,12,India,Dry Bulk,505.0,2024-03-26_Week-12-2024-Athenian-Demo-Report.pdf
2024-03-26,12,Pakistan,Tankers,545.0,2024-03-26_Week-12-2024-Athenian-Demo-Report.pdf
2024-03-26,12,Bangladesh,Tankers,520.0,2024-03-26_Week-12-2024-Athenian-Demo-Report.pdf
2024-03-26,12,India,Tankers,505.0,2024-03-26_Week-12-2024-Athenian-Demo-Report.pdf
2024-03-26,12,Pakistan,Dry Bulk,525.0,2024-03-26_Week-12-2024-Athenian-Demo-Report.pdf
2024-04-02,13,India,Containers,325.0,2024-04-02_Week-13-2024-Athenian-Demo-Report.pdf
2024-04-02,13,Bangladesh,Containers,335.0,2024-04-02_Week-13-2024-Athenian-Demo-Report.pdf
2024-04-02,13,Turkey,Dry Bulk,540.0,2024-04-02_Week-13-2024-Athenian-Demo-Report.pdf
2024-04-02,13,Turkey,Containers,495.0,2024-04-02_Week-13-2024-Athenian-Demo-Report.pdf
2024-04-02,13,Pakistan,Containers,345.0,2024-04-02_Week-13-2024-Athenian-Demo-Report.pdf
2024-04-02,13,Pakistan,Dry Bulk,525.0,2024-04-02_Week-13-2024-Athenian-Demo-Report.pdf
2024-04-02,13,Bangladesh,Dry Bulk,515.0,2024-04-02_Week-13-2024-Athenian-Demo-Report.pdf
2024-04-02,13,India,Dry Bulk,505.0,2024-04-02_Week-13-2024-Athenian-Demo-Report.pdf
2024-04-02,13,Turkey,Tankers,525.0,2024-04-02_Week-13-2024-Athenian-Demo-Report.pdf
2024-04-02,13,Pakistan,Tankers,545.0,2024-04-02_Week-13-2024-Athenian-Demo-Report.pdf
2024-04-02,13,Bangladesh,Tankers,520.0,2024-04-02_Week-13-2024-Athenian-Demo-Report.pdf
2024-04-02,13,India,Tankers,505.0,2024-04-02_Week-13-2024-Athenian-Demo-Report.pdf
2024-04-09,14,Turkey,Containers,495.0,2024-04-09_Week-14-2024-Athenian-Demo-Report.pdf
2024-04-09,14,Pakistan,Containers,345.0,2024-04-09_Week-14-2024-Athenian-Demo-Report.pdf
2024-04-09,14,Bangladesh,Containers,335.0,2024-04-09_Week-14-2024-Athenian-Demo-Report.pdf
2024-04-09,14,India,Containers,325.0,2024-04-09_Week-14-2024-Athenian-Demo-Report.pdf
2024-04-09,14,Turkey,Dry Bulk,540.0,2024-04-09_Week-14-2024-Athenian-Demo-Report.pdf
2024-04-09,14,Pakistan,Dry Bulk,525.0,2024-04-09_Week-14-2024-Athenian-Demo-Report.pdf
2024-04-09,14,India,Dry Bulk,505.0,2024-04-09_Week-14-2024-Athenian-Demo-Report.pdf
2024-04-09,14,Turkey,Tankers,525.0,2024-04-09_Week-14-2024-Athenian-Demo-Report.pdf
2024-04-09,14,Pakistan,Tankers,545.0,2024-04-09_Week-14-2024-Athenian-Demo-Report.pdf
2024-04-09,14,Bangladesh,Tankers,520.0,2024-04-09_Week-14-2024-Athenian-Demo-Report.pdf
2024-04-09,14,India,Tankers,505.0,2024-04-09_Week-14-2024-Athenian-Demo-Report.pdf
2024-04-09,14,Bangladesh,Dry Bulk,515.0,2024-04-09_Week-14-2024-Athenian-Demo-Report.pdf
2024-04-16,15,Turkey,Dry Bulk,530.0,2024-04-16_Week_15_2024_Athenian_Demo_Report.pdf.pdf
2024-04-16,15,Turkey,Containers,345.0,2024-04-16_Week_15_2024_Athenian_Demo_Report.pdf.pdf
2024-04-16,15,Pakistan,Containers,335.0,2024-04-16_Week_15_2024_Athenian_Demo_Report.pdf.pdf
2024-04-16,15,Bangladesh,Containers,325.0,2024-04-16_Week_15_2024_Athenian_Demo_Report.pdf.pdf
2024-04-16,15,India,Containers,545.0,2024-04-16_Week_15_2024_Athenian_Demo_Report.pdf.pdf
2024-04-16,15,Pakistan,Dry Bulk,520.0,2024-04-16_Week_15_2024_Athenian_Demo_Report.pdf.pdf
2024-04-16,15,Bangladesh,Dry Bulk,555.0,2024-04-16_Week_15_2024_Athenian_Demo_Report.pdf.pdf
2024-04-16,15,India,Dry Bulk,535.0,2024-04-16_Week_15_2024_Athenian_Demo_Report.pdf.pdf
2024-04-16,15,Turkey,Tankers,515.0,2024-04-16_Week_15_2024_Athenian_Demo_Report.pdf.pdf
2024-04-16,15,Pakistan,Tankers,505.0,2024-04-16_Week_15_2024_Athenian_Demo_Report.pdf.pdf
2024-04-16,15,Bangladesh,Tankers,525.0,2024-04-16_Week_15_2024_Athenian_Demo_Report.pdf.pdf
2024-04-16,15,India,Tankers,515.0,2024-04-16_Week_15_2024_Athenian_Demo_Report.pdf.pdf
2024-04-23,16,Turkey,Containers,505.0,2024-04-23_Week-16-2024-Athenian-Demo-Report.pdf
2024-04-23,16,Pakistan,Containers,345.0,2024-04-23_Week-16-2024-Athenian-Demo-Report.pdf
2024-04-23,16,Bangladesh,Containers,335.0,2024-04-23_Week-16-2024-Athenian-Demo-Report.pdf
2024-04-23,16,India,Containers,325.0,2024-04-23_Week-16-2024-Athenian-Demo-Report.pdf
2024-04-23,16,Turkey,Dry Bulk,545.0,2024-04-23_Week-16-2024-Athenian-Demo-Report.pdf
2024-04-23,16,Pakistan,Dry Bulk,530.0,2024-04-23_Week-16-2024-Athenian-Demo-Report.pdf
2024-04-23,16,Bangladesh,Dry Bulk,520.0,2024-04-23_Week-16-2024-Athenian-Demo-Report.pdf
2024-04-23,16,India,Dry Bulk,515.0,2024-04-23_Week-16-2024-Athenian-Demo-Report.pdf
2024-04-23,16,Turkey,Tankers,535.0,2024-04-23_Week-16-2024-Athenian-Demo-Report.pdf
2024-04-23,16,Pakistan,Tankers,555.0,2024-04-23_Week-16-2024-Athenian-Demo-Report.pdf
2024-04-23,16,Bangladesh,Tankers,525.0,2024-04-23_Week-16-2024-Athenian-Demo-Report.pdf
2024-04-23,16,India,Tankers,515.0,2024-04-23_Week-16-2024-Athenian-Demo-Report.pdf
2024-04-30,17,Turkey,Containers,505.0,2024-04-30_Week-17-2024-Athenian-Demo-Report.pdf
2024-04-30,17,Pakistan,Containers,345.0,2024-04-30_Week-17-2024-Athenian-Demo-Report.pdf
2024-04-30,17,Bangladesh,Containers,335.0,2024-04-30_Week-17-2024-Athenian-Demo-Report.pdf
2024-04-30,17,India,Containers,325.0,2024-04-30_Week-17-2024-Athenian-Demo-Report.pdf
2024-04-30,17,Turkey,Dry Bulk,545.0,2024-04-30_Week-17-2024-Athenian-Demo-Report.pdf
2024-04-30,17,Pakistan,Dry Bulk,530.0,2024-04-30_Week-17-2024-Athenian-Demo-Report.pdf
2024-04-30,17,Bangladesh,Dry Bulk,520.0,2024-04-30_Week-17-2024-Athenian-Demo-Report.pdf
2024-04-30,17,India,Dry Bulk,515.0,2024-04-30_Week-17-2024-Athenian-Demo-Report.pdf
2024-04-30,17,Turkey,Tankers,535.0,2024-04-30_Week-17-2024-Athenian-Demo-Report.pdf
2024-04-30,17,Pakistan,Tankers,555.0,2024-04-30_Week-17-2024-Athenian-Demo-Report.pdf
2024-04-30,17,Bangladesh,Tankers,530.0,2024-04-30_Week-17-2024-Athenian-Demo-Report.pdf
2024-04-30,17,India,Tankers,520.0,2024-04-30_Week-17-2024-Athenian-Demo-Report.pdf
2024-05-08,18,Turkey,Containers,510.0,2024-05-08_Week_18_2024_Athenian_Demo_Report.pdf
2024-05-08,18,Pakistan,Containers,365.0,2024-05-08_Week_18_2024_Athenian_Demo_Report.pdf
2024-05-08,18,Bangladesh,Containers,355.0,2024-05-08_Week_18_2024_Athenian_Demo_Report.pdf
2024-05-08,18,India,Containers,345.0,2024-05-08_Week_18_2024_Athenian_Demo_Report.pdf
2024-05-08,18,Turkey,Dry Bulk,535.0,2024-05-08_Week_18_2024_Athenian_Demo_Report.pdf
2024-05-08,18,Pakistan,Dry Bulk,525.0,2024-05-08_Week_18_2024_Athenian_Demo_Report.pdf
2024-05-08,18,Bangladesh,Dry Bulk,520.0,2024-05-08_Week_18_2024_Athenian_Demo_Report.pdf
2024-05-08,18,India,Dry Bulk,515.0,2024-05-08_Week_18_2024_Athenian_Demo_Report.pdf
2024-05-08,18,Turkey,Tankers,535.0,2024-05-08_Week_18_2024_Athenian_Demo_Report.pdf
2024-05-08,18,Pakistan,Tankers,555.0,2024-05-08_Week_18_2024_Athenian_Demo_Report.pdf
2024-05-08,18,Bangladesh,Tankers,540.0,2024-05-08_Week_18_2024_Athenian_Demo_Report.pdf
2024-05-08,18,India,Tankers,525.0,2024-05-08_Week_18_2024_Athenian_Demo_Report.pdf
2024-05-14,19,Turkey,Containers,510.0,2024-05-14_Week-19-2024-Athenian-Demo-Report.pdf
2024-05-14,19,Pakistan,Containers,365.0,2024-05-14_Week-19-2024-Athenian-Demo-Report.pdf
2024-05-14,19,Bangladesh,Containers,355.0,2024-05-14_Week-19-2024-Athenian-Demo-Report.pdf
2024-05-14,19,India,Containers,345.0,2024-05-14_Week-19-2024-Athenian-Demo-Report.pdf
2024-05-14,19,Turkey,Dry Bulk,535.0,2024-05-14_Week-19-2024-Athenian-Demo-Report.pdf
2024-05-14,19,Pakistan,Dry Bulk,525.0,2024-05-14_Week-19-2024-Athenian-Demo-Report.pdf
2024-05-14,19,Bangladesh,Dry Bulk,520.0,2024-05-14_Week-19-2024-Athenian-Demo-Report.pdf
2024-05-14,19,India,Dry Bulk,515.0,2024-05-14_Week-19-2024-Athenian-Demo-Report.pdf
2024-05-14,19,Turkey,Tankers,535.0,2024-05-14_Week-19-2024-Athenian-Demo-Report.pdf
2024-05-14,19,Pakistan,Tankers,555.0,2024-05-14_Week-19-2024-Athenian-Demo-Report.pdf
2024-05-14,19,Bangladesh,Tankers,540.0,2024-05-14_Week-19-2024-Athenian-Demo-Report.pdf
2024-05-14,19,India,Tankers,525.0,2024-05-14_Week-19-2024-Athenian-Demo-Report.pdf
2024-05-21,20,Turkey,Containers,510.0,2024-05-21_Week_20_2024_Athenian_Demo_Report.pdf
2024-05-21,20,Pakistan,Containers,370.0,2024-05-21_Week_20_2024_Athenian_Demo_Report.pdf
2024-05-21,20,Bangladesh,Containers,360.0,2024-05-21_Week_20_2024_Athenian_Demo_Report.pdf
2024-05-21,20,India,Containers,350.0,2024-05-21_Week_20_2024_Athenian_Demo_Report.pdf
2024-05-21,20,Turkey,Dry Bulk,535.0,2024-05-21_Week_20_2024_Athenian_Demo_Report.pdf
2024-05-21,20,Pakistan,Dry Bulk,525.0,2024-05-21_Week_20_2024_Athenian_Demo_Report.pdf
2024-05-21,20,India,Dry Bulk,520.0,2024-05-21_Week_20_2024_Athenian_Demo_Report.pdf
2024-05-21,20,Turkey,Tankers,540.0,2024-05-21_Week_20_2024_Athenian_Demo_Report.pdf
2024-05-21,20,Pakistan,Tankers,560.0,2024-05-21_Week_20_2024_Athenian_Demo_Report.pdf
2024-05-21,20,Bangladesh,Tankers,540.0,2024-05-21_Week_20_2024_Athenian_Demo_Report.pdf
2024-05-21,20,India,Tankers,525.0,2024-05-21_Week_20_2024_Athenian_Demo_Report.pdf
2024-05-21,20,Bangladesh,Dry Bulk,515.0,2024-05-21_Week_20_2024_Athenian_Demo_Report.pdf
2024-05-28,21,Turkey,Dry Bulk,535.0,2024-05-28_Week-21-2024-Athenian-Demo-Report.pdf
2024-05-28,21,Turkey,Containers,510.0,2024-05-28_Week-21-2024-Athenian-Demo-Report.pdf
2024-05-28,21,Pakistan,Containers,370.0,2024-05-28_Week-21-2024-Athenian-Demo-Report.pdf
2024-05-28,21,Bangladesh,Containers,360.0,2024-05-28_Week-21-2024-Athenian-Demo-Report.pdf
2024-05-28,21,India,Containers,350.0,2024-05-28_Week-21-2024-Athenian-Demo-Report.pdf
2024-05-28,21,Bangladesh,Dry Bulk,515.0,2024-05-28_Week-21-2024-Athenian-Demo-Report.pdf
2024-05-28,21,Turkey,Tankers,540.0,2024-05-28_Week-21-2024-Athenian-Demo-Report.pdf
2024-05-28,21,India,Dry Bulk,520.0,2024-05-28_Week-21-2024-Athenian-Demo-Report.pdf
2024-05-28,21,Pakistan,Tankers,560.0,2024-05-28_Week-21-2024-Athenian-Demo-Report.pdf
2024-05-28,21,Bangladesh,Tankers,540.0,2024-05-28_Week-21-2024-Athenian-Demo-Report.pdf
2024-05-28,21,India,Tankers,525.0,2024-05-28_Week-21-2024-Athenian-Demo-Report.pdf
2024-05-28,21,Pakistan,Dry Bulk,525.0,2024-05-28_Week-21-2024-Athenian-Demo-Report.pdf
2024-06-04,22,Turkey,Containers,520.0,2024-06-04_Week-22-2024-Athenian-Demo-Report.pdf
2024-06-04,22,Pakistan,Containers,370.0,2024-06-04_Week-22-2024-Athenian-Demo-Report.pdf
2024-06-04,22,Bangladesh,Containers,360.0,2024-06-04_Week-22-2024-Athenian-Demo-Report.pdf
2024-06-04,22,India,Containers,350.0,2024-06-04_Week-22-2024-Athenian-Demo-Report.pdf
2024-06-04,22,Turkey,Dry Bulk,535.0,2024-06-04_Week-22-2024-Athenian-Demo-Report.pdf
2024-06-04,22,Pakistan,Dry Bulk,525.0,2024-06-04_Week-22-2024-Athenian-Demo-Report.pdf
2024-06-04,22,India,Dry Bulk,520.0,2024-06-04_Week-22-2024-Athenian-Demo-Report.pdf
2024-06-04,22,Turkey,Tankers,540.0,2024-06-04_Week-22-2024-Athenian-Demo-Report.pdf
2024-06-04,22,Pakistan,Tankers,560.0,2024-06-04_Week-22-2024-Athenian-Demo-Report.pdf
2024-06-04,22,Bangladesh,Tankers,540.0,2024-06-04_Week-22-2024-Athenian-Demo-Report.pdf
2024-06-04,22,India,Tankers,530.0,2024-06-04_Week-22-2024-Athenian-Demo-Report.pdf
2024-06-04,22,Bangladesh,Dry Bulk,515.0,2024-06-04_Week-22-2024-Athenian-Demo-Report.pdf
2024-06-11,23,Turkey,Containers,520.0,2024-06-11_Week-23-2024-Athenian-Demo-Report.pdf
2024-06-11,23,Pakistan,Containers,370.0,2024-06-11_Week-23-2024-Athenian-Demo-Report.pdf
2024-06-11,23,Bangladesh,Containers,360.0,2024-06-11_Week-23-2024-Athenian-Demo-Report.pdf
2024-06-11,23,India,Containers,350.0,2024-06-11_Week-23-2024-Athenian-Demo-Report.pdf
2024-06-11,23,Turkey,Dry Bulk,535.0,2024-06-11_Week-23-2024-Athenian-Demo-Report.pdf
2024-06-11,23,Pakistan,Dry Bulk,525.0,2024-06-11_Week-23-2024-Athenian-Demo-Report.pdf
2024-06-11,23,India,Dry Bulk,520.0,2024-06-11_Week-23-2024-Athenian-Demo-Report.pdf
2024-06-11,23,Turkey,Tankers,540.0,2024-06-11_Week-23-2024-Athenian-Demo-Report.pdf
2024-06-11,23,Pakistan,Tankers,560.0,2024-06-11_Week-23-2024-Athenian-Demo-Report.pdf
2024-06-11,23,Bangladesh,Tankers,545.0,2024-06-11_Week-23-2024-Athenian-Demo-Report.pdf
2024-06-11,23,India,Tankers,535.0,2024-06-11_Week-23-2024-Athenian-Demo-Report.pdf
2024-06-11,23,Bangladesh,Dry Bulk,515.0,2024-06-11_Week-23-2024-Athenian-Demo-Report.pdf
2024-06-18,24,Turkey,Containers,520.0,2024-06-18_Week-24-2024-Athenian-Demo-Report.pdf
2024-06-18,24,Pakistan,Containers,370.0,2024-06-18_Week-24-2024-Athenian-Demo-Report.pdf
2024-06-18,24,Bangladesh,Containers,360.0,2024-06-18_Week-24-2024-Athenian-Demo-Report.pdf
2024-06-18,24,India,Containers,350.0,2024-06-18_Week-24-2024-Athenian-Demo-Report.pdf
2024-06-18,24,Turkey,Dry Bulk,535.0,2024-06-18_Week-24-2024-Athenian-Demo-Report.pdf
2024-06-18,24,Pakistan,Dry Bulk,525.0,2024-06-18_Week-24-2024-Athenian-Demo-Report.pdf
2024-06-18,24,India,Dry Bulk,520.0,2024-06-18_Week-24-2024-Athenian-Demo-Report.pdf
2024-06-18,24,Turkey,Tankers,540.0,2024-06-18_Week-24-2024-Athenian-Demo-Report.pdf
2024-06-18,24,Pakistan,Tankers,560.0,2024-06-18_Week-24-2024-Athenian-Demo-Report.pdf
2024-06-18,24,Bangladesh,Tankers,540.0,2024-06-18_Week-24-2024-Athenian-Demo-Report.pdf
2024-06-18,24,India,Tankers,535.0,2024-06-18_Week-24-2024-Athenian-Demo-Report.pdf
2024-06-18,24,Bangladesh,Dry Bulk,515.0,2024-06-18_Week-24-2024-Athenian-Demo-Report.pdf
2024-07-02,26,India,Containers,350.0,2024-07-02_Week-26-2024-Athenian-Demo-Report.pdf
2024-07-02,26,Bangladesh,Containers,360.0,2024-07-02_Week-26-2024-Athenian-Demo-Report.pdf
2024-07-02,26,Turkey,Dry Bulk,535.0,2024-07-02_Week-26-2024-Athenian-Demo-Report.pdf
2024-07-02,26,Turkey,Containers,520.0,2024-07-02_Week-26-2024-Athenian-Demo-Report.pdf
2024-07-02,26,Pakistan,Containers,370.0,2024-07-02_Week-26-2024-Athenian-Demo-Report.pdf
2024-07-02,26,Pakistan,Dry Bulk,525.0,2024-07-02_Week-26-2024-Athenian-Demo-Report.pdf
2024-07-02,26,India,Tankers,535.0,2024-07-02_Week-26-2024-Athenian-Demo-Report.pdf
2024-07-02,26,India,Dry Bulk,520.0,2024-07-02_Week-26-2024-Athenian-Demo-Report.pdf
2024-07-02,26,Turkey,Tankers,540.0,2024-07-02_Week-26-2024-Athenian-Demo-Report.pdf
2024-07-02,26,Pakistan,Tankers,560.0,2024-07-02_Week-26-2024-Athenian-Demo-Report.pdf
2024-07-02,26,Bangladesh,Tankers,540.0,2024-07-02_Week-26-2024-Athenian-Demo-Report.pdf
2024-07-02,26,Bangladesh,Dry Bulk,515.0,2024-07-02_Week-26-2024-Athenian-Demo-Report.pdf
2024-07-09,27,Turkey,Containers,520.0,2024-07-09_Week-27-2024-Athenian-Demo-Report.pdf
2024-07-09,27,Pakistan,Containers,370.0,2024-07-09_Week-27-2024-Athenian-Demo-Report.pdf
2024-07-09,27,Bangladesh,Containers,360.0,2024-07-09_Week-27-2024-Athenian-Demo-Report.pdf
2024-07-09,27,India,Containers,350.0,2024-07-09_Week-27-2024-Athenian-Demo-Report.pdf
2024-07-09,27,Turkey,Dry Bulk,535.0,2024-07-09_Week-27-2024-Athenian-Demo-Report.pdf
2024-07-09,27,Pakistan,Dry Bulk,525.0,2024-07-09_Week-27-2024-Athenian-Demo-Report.pdf
2024-07-09,27,India,Dry Bulk,520.0,2024-07-09_Week-27-2024-Athenian-Demo-Report.pdf
2024-07-09,27,Turkey,Tankers,540.0,2024-07-09_Week-27-2024-Athenian-Demo-Report.pdf
2024-07-09,27,Pakistan,Tankers,560.0,2024-07-09_Week-27-2024-Athenian-Demo-Report.pdf
2024-07-09,27,Bangladesh,Tankers,540.0,2024-07-09_Week-27-2024-Athenian-Demo-Report.pdf
2024-07-09,27,India,Tankers,535.0,2024-07-09_Week-27-2024-Athenian-Demo-Report.pdf
2024-07-09,27,Bangladesh,Dry Bulk,510.0,2024-07-09_Week-27-2024-Athenian-Demo-Report.pdf
2024-07-16,28,Turkey,Dry Bulk,535.0,2024-07-16_Week-28-2024-Athenian-Demo-Report.pdf
2024-07-16,28,Turkey,Containers,510.0,2024-07-16_Week-28-2024-Athenian-Demo-Report.pdf
2024-07-16,28,Pakistan,Containers,370.0,2024-07-16_Week-28-2024-Athenian-Demo-Report.pdf
2024-07-16,28,Bangladesh,Containers,360.0,2024-07-16_Week-28-2024-Athenian-Demo-Report.pdf
2024-07-16,28,India,Containers,350.0,2024-07-16_Week-28-2024-Athenian-Demo-Report.pdf
2024-07-16,28,Pakistan,Dry Bulk,520.0,2024-07-16_Week-28-2024-Athenian-Demo-Report.pdf
2024-07-16,28,Bangladesh,Dry Bulk,510.0,2024-07-16_Week-28-2024-Athenian-Demo-Report.pdf
2024-07-16,28,India,Dry Bulk,520.0,2024-07-16_Week-28-2024-Athenian-Demo-Report.pdf
2024-07-16,28,Turkey,Tankers,540.0,2024-07-16_Week-28-2024-Athenian-Demo-Report.pdf
2024-07-16,28,Pakistan,Tankers,550.0,2024-07-16_Week-28-2024-Athenian-Demo-Report.pdf
2024-07-16,28,Bangladesh,Tankers,535.0,2024-07-16_Week-28-2024-Athenian-Demo-Report.pdf
2024-07-16,28,India,Tankers,525.0,2024-07-16_Week-28-2024-Athenian-Demo-Report.pdf
2024-07-23,29,Turkey,Containers,370.0,2024-07-23_Week_29_2024_Athenian_Demo_report.pdf
2024-07-23,29,Pakistan,Containers,360.0,2024-07-23_Week_29_2024_Athenian_Demo_report.pdf
2024-07-23,29,Bangladesh,Containers,350.0,2024-07-23_Week_29_2024_Athenian_Demo_report.pdf
2024-07-23,29,India,Containers,525.0,2024-07-23_Week_29_2024_Athenian_Demo_report.pdf
2024-07-23,29,Turkey,Dry Bulk,515.0,2024-07-23_Week_29_2024_Athenian_Demo_report.pdf
2024-07-23,29,Pakistan,Dry Bulk,505.0,2024-07-23_Week_29_2024_Athenian_Demo_report.pdf
2024-07-23,29,Bangladesh,Dry Bulk,550.0,2024-07-23_Week_29_2024_Athenian_Demo_report.pdf
2024-07-23,29,India,Dry Bulk,535.0,2024-07-23_Week_29_2024_Athenian_Demo_report.pdf
2024-07-23,29,Turkey,Tankers,515.0,2024-07-23_Week_29_2024_Athenian_Demo_report.pdf
2024-07-23,29,Pakistan,Tankers,510.0,2024-07-23_Week_29_2024_Athenian_Demo_report.pdf
2024-07-23,29,Bangladesh,Tankers,535.0,2024-07-23_Week_29_2024_Athenian_Demo_report.pdf
2024-07-23,29,India,Tankers,525.0,2024-07-23_Week_29_2024_Athenian_Demo_report.pdf
2024-07-30,30,Turkey,Containers,370.0,2024-07-30_Week_30_2024_Athenian_Demo_report.pdf
2024-07-30,30,Pakistan,Containers,360.0,2024-07-30_Week_30_2024_Athenian_Demo_report.pdf
2024-07-30,30,Bangladesh,Containers,350.0,2024-07-30_Week_30_2024_Athenian_Demo_report.pdf
2024-07-30,30,India,Containers,525.0,2024-07-30_Week_30_2024_Athenian_Demo_report.pdf
2024-07-30,30,Turkey,Dry Bulk,515.0,2024-07-30_Week_30_2024_Athenian_Demo_report.pdf
2024-07-30,30,Pakistan,Dry Bulk,505.0,2024-07-30_Week_30_2024_Athenian_Demo_report.pdf
2024-07-30,30,Bangladesh,Dry Bulk,545.0,2024-07-30_Week_30_2024_Athenian_Demo_report.pdf
2024-07-30,30,India,Dry Bulk,530.0,2024-07-30_Week_30_2024_Athenian_Demo_report.pdf
2024-07-30,30,Turkey,Tankers,510.0,2024-07-30_Week_30_2024_Athenian_Demo_report.pdf
2024-07-30,30,Pakistan,Tankers,510.0,2024-07-30_Week_30_2024_Athenian_Demo_report.pdf
2024-07-30,30,Bangladesh,Tankers,535.0,2024-07-30_Week_30_2024_Athenian_Demo_report.pdf
2024-07-30,30,India,Tankers,525.0,2024-07-30_Week_30_2024_Athenian_Demo_report.pdf
2024-08-06,31,Turkey,Containers,510.0,2024-08-06_Week-31-2024-Athenian-Demo-Report.pdf
2024-08-06,31,Pakistan,Containers,370.0,2024-08-06_Week-31-2024-Athenian-Demo-Report.pdf
2024-08-06,31,Bangladesh,Containers,360.0,2024-08-06_Week-31-2024-Athenian-Demo-Report.pdf
2024-08-06,31,India,Containers,350.0,2024-08-06_Week-31-2024-Athenian-Demo-Report.pdf
2024-08-06,31,Turkey,Dry Bulk,535.0,2024-08-06_Week-31-2024-Athenian-Demo-Report.pdf
2024-08-06,31,Pakistan,Dry Bulk,525.0,2024-08-06_Week-31-2024-Athenian-Demo-Report.pdf
2024-08-06,31,Bangladesh,Dry Bulk,510.0,2024-08-06_Week-31-2024-Athenian-Demo-Report.pdf
2024-08-06,31,India,Dry Bulk,500.0,2024-08-06_Week-31-2024-Athenian-Demo-Report.pdf
2024-08-06,31,Turkey,Tankers,525.0,2024-08-06_Week-31-2024-Athenian-Demo-Report.pdf
2024-08-06,31,Pakistan,Tankers,540.0,2024-08-06_Week-31-2024-Athenian-Demo-Report.pdf
2024-08-06,31,Bangladesh,Tankers,535.0,2024-08-06_Week-31-2024-Athenian-Demo-Report.pdf
2024-08-06,31,India,Tankers,525.0,2024-08-06_Week-31-2024-Athenian-Demo-Report.pdf
2024-08-13,32,Turkey,Containers,500.0,2024-08-13_Week-32-2024-Athenian-Demo-Report.pdf
2024-08-13,32,Pakistan,Containers,365.0,2024-08-13_Week-32-2024-Athenian-Demo-Report.pdf
2024-08-13,32,Bangladesh,Containers,355.0,2024-08-13_Week-32-2024-Athenian-Demo-Report.pdf
2024-08-13,32,India,Containers,345.0,2024-08-13_Week-32-2024-Athenian-Demo-Report.pdf
2024-08-13,32,Turkey,Dry Bulk,530.0,2024-08-13_Week-32-2024-Athenian-Demo-Report.pdf
2024-08-13,32,Bangladesh,Dry Bulk,510.0,2024-08-13_Week-32-2024-Athenian-Demo-Report.pdf
2024-08-13,32,Turkey,Tankers,520.0,2024-08-13_Week-32-2024-Athenian-Demo-Report.pdf
2024-08-13,32,India,Dry Bulk,500.0,2024-08-13_Week-32-2024-Athenian-Demo-Report.pdf
2024-08-13,32,Pakistan,Tankers,530.0,2024-08-13_Week-32-2024-Athenian-Demo-Report.pdf
2024-08-13,32,Bangladesh,Tankers,525.0,2024-08-13_Week-32-2024-Athenian-Demo-Report.pdf
2024-08-13,32,India,Tankers,515.0,2024-08-13_Week-32-2024-Athenian-Demo-Report.pdf
2024-08-13,32,Pakistan,Dry Bulk,520.0,2024-08-13_Week-32-2024-Athenian-Demo-Report.pdf
2024-08-20,33,Turkey,Containers,500.0,2024-08-20_Week-33-2024-Athenian-Demo-report.pdf
2024-08-20,33,Pakistan,Containers,370.0,2024-08-20_Week-33-2024-Athenian-Demo-report.pdf
2024-08-20,33,Bangladesh,Containers,360.0,2024-08-20_Week-33-2024-Athenian-Demo-report.pdf
2024-08-20,33,India,Containers,350.0,2024-08-20_Week-33-2024-Athenian-Demo-report.pdf
2024-08-20,33,Turkey,Dry Bulk,520.0,2024-08-20_Week-33-2024-Athenian-Demo-report.pdf
2024-08-20,33,Pakistan,Dry Bulk,510.0,2024-08-20_Week-33-2024-Athenian-Demo-report.pdf
2024-08-20,33,India,Dry Bulk,505.0,2024-08-20_Week-33-2024-Athenian-Demo-report.pdf
2024-08-20,33,Turkey,Tankers,525.0,2024-08-20_Week-33-2024-Athenian-Demo-report.pdf
2024-08-20,33,Pakistan,Tankers,535.0,2024-08-20_Week-33-2024-Athenian-Demo-report.pdf
2024-08-20,33,Bangladesh,Tankers,525.0,2024-08-20_Week-33-2024-Athenian-Demo-report.pdf
2024-08-20,33,India,Tankers,515.0,2024-08-20_Week-33-2024-Athenian-Demo-report.pdf
2024-08-20,33,Bangladesh,Dry Bulk,495.0,2024-08-20_Week-33-2024-Athenian-Demo-report.pdf
2024-08-27,34,India,Containers,345.0,2024-08-27_Week_34_2024_Athenian_Demo_Report-1.pdf
2024-08-27,34,Bangladesh,Containers,355.0,2024-08-27_Week_34_2024_Athenian_Demo_Report-1.pdf
2024-08-27,34,Turkey,Dry Bulk,520.0,2024-08-27_Week_34_2024_Athenian_Demo_Report-1.pdf
2024-08-27,34,Turkey,Containers,500.0,2024-08-27_Week_34_2024_Athenian_Demo_Report-1.pdf
2024-08-27,34,Pakistan,Containers,365.0,2024-08-27_Week_34_2024_Athenian_Demo_Report-1.pdf
2024-08-27,34,Pakistan,Dry Bulk,510.0,2024-08-27_Week_34_2024_Athenian_Demo_Report-1.pdf
2024-08-27,34,India,Tankers,515.0,2024-08-27_Week_34_2024_Athenian_Demo_Report-1.pdf
2024-08-27,34,India,Dry Bulk,505.0,2024-08-27_Week_34_2024_Athenian_Demo_Report-1.pdf
2024-08-27,34,Turkey,Tankers,525.0,2024-08-27_Week_34_2024_Athenian_Demo_Report-1.pdf
2024-08-27,34,Pakistan,Tankers,535.0,2024-08-27_Week_34_2024_Athenian_Demo_Report-1.pdf
2024-08-27,34,Bangladesh,Tankers,525.0,2024-08-27_Week_34_2024_Athenian_Demo_Report-1.pdf
2024-08-27,34,Bangladesh,Dry Bulk,495.0,2024-08-27_Week_34_2024_Athenian_Demo_Report-1.pdf
2024-09-03,35,Turkey,Containers,500.0,2024-09-03_Week-35-2024-Athenian-Demo-Report.pdf
2024-09-03,35,Pakistan,Containers,365.0,2024-09-03_Week-35-2024-Athenian-Demo-Report.pdf
2024-09-03,35,Bangladesh,Containers,355.0,2024-09-03_Week-35-2024-Athenian-Demo-Report.pdf
2024-09-03,35,India,Containers,345.0,2024-09-03_Week-35-2024-Athenian-Demo-Report.pdf
2024-09-03,35,Turkey,Dry Bulk,520.0,2024-09-03_Week-35-2024-Athenian-Demo-Report.pdf
2024-09-03,35,Pakistan,Dry Bulk,510.0,2024-09-03_Week-35-2024-Athenian-Demo-Report.pdf
2024-09-03,35,Bangladesh,Dry Bulk,495.0,2024-09-03_Week-35-2024-Athenian-Demo-Report.pdf
2024-09-03,35,India,Dry Bulk,500.0,2024-09-03_Week-35-2024-Athenian-Demo-Report.pdf
2024-09-03,35,Turkey,Tankers,520.0,2024-09-03_Week-35-2024-Athenian-Demo-Report.pdf
2024-09-03,35,Pakistan,Tankers,530.0,2024-09-03_Week-35-2024-Athenian-Demo-Report.pdf
2024-09-03,35,Bangladesh,Tankers,525.0,2024-09-03_Week-35-2024-Athenian-Demo-Report.pdf
2024-09-03,35,India,Tankers,515.0,2024-09-03_Week-35-2024-Athenian-Demo-Report.pdf
2024-09-10,36,Turkey,Containers,495.0,2024-09-10_Week_36_Athenian_Demo_Report.pdf
2024-09-10,36,Pakistan,Containers,355.0,2024-09-10_Week_36_Athenian_Demo_Report.pdf
2024-09-10,36,Bangladesh,Containers,345.0,2024-09-10_Week_36_Athenian_Demo_Report.pdf
2024-09-10,36,India,Containers,335.0,2024-09-10_Week_36_Athenian_Demo_Report.pdf
2024-09-10,36,Turkey,Dry Bulk,510.0,2024-09-10_Week_36_Athenian_Demo_Report.pdf
2024-09-10,36,Pakistan,Dry Bulk,500.0,2024-09-10_Week_36_Athenian_Demo_Report.pdf
2024-09-10,36,India,Dry Bulk,490.0,2024-09-10_Week_36_Athenian_Demo_Report.pdf
2024-09-10,36,Turkey,Tankers,515.0,2024-09-10_Week_36_Athenian_Demo_Report.pdf
2024-09-10,36,Pakistan,Tankers,525.0,2024-09-10_Week_36_Athenian_Demo_Report.pdf
2024-09-10,36,Bangladesh,Tankers,520.0,2024-09-10_Week_36_Athenian_Demo_Report.pdf
2024-09-10,36,India,Tankers,510.0,2024-09-10_Week_36_Athenian_Demo_Report.pdf
2024-09-10,36,Bangladesh,Dry Bulk,485.0,2024-09-10_Week_36_Athenian_Demo_Report.pdf
2024-09-17,37,Bangladesh,Dry Bulk,485.0,2024-09-17_Week-37-2024-Athenian-Demo-Report.pdf
2024-09-17,37,Turkey,Containers,485.0,2024-09-17_Week-37-2024-Athenian-Demo-Report.pdf
2024-09-17,37,Pakistan,Containers,340.0,2024-09-17_Week-37-2024-Athenian-Demo-Report.pdf
2024-09-17,37,Bangladesh,Containers,330.0,2024-09-17_Week-37-2024-Athenian-Demo-Report.pdf
2024-09-17,37,India,Containers,315.0,2024-09-17_Week-37-2024-Athenian-Demo-Report.pdf
2024-09-17,37,Turkey,Dry Bulk,510.0,2024-09-17_Week-37-2024-Athenian-Demo-Report.pdf
2024-09-17,37,Turkey,Tankers,505.0,2024-09-17_Week-37-2024-Athenian-Demo-Report.pdf
2024-09-17,37,India,Dry Bulk,485.0,2024-09-17_Week-37-2024-Athenian-Demo-Report.pdf
2024-09-17,37,Pakistan,Tankers,515.0,2024-09-17_Week-37-2024-Athenian-Demo-Report.pdf
2024-09-17,37,Bangladesh,Tankers,515.0,2024-09-17_Week-37-2024-Athenian-Demo-Report.pdf
2024-09-17,37,India,Tankers,505.0,2024-09-17_Week-37-2024-Athenian-Demo-Report.pdf
2024-09-17,37,Pakistan,Dry Bulk,500.0,2024-09-17_Week-37-2024-Athenian-Demo-Report.pdf
2024-09-24,38,India,Containers,315.0,2024-09-24_Week-38-2024-Athenian-Demo-Report.pdf
2024-09-24,38,Bangladesh,Containers,325.0,2024-09-24_Week-38-2024-Athenian-Demo-Report.pdf
2024-09-24,38,Turkey,Dry Bulk,505.0,2024-09-24_Week-38-2024-Athenian-Demo-Report.pdf
2024-09-24,38,Turkey,Containers,480.0,2024-09-24_Week-38-2024-Athenian-Demo-Report.pdf
2024-09-24,38,Pakistan,Containers,340.0,2024-09-24_Week-38-2024-Athenian-Demo-Report.pdf
2024-09-24,38,Pakistan,Dry Bulk,495.0,2024-09-24_Week-38-2024-Athenian-Demo-Report.pdf
2024-09-24,38,India,Tankers,495.0,2024-09-24_Week-38-2024-Athenian-Demo-Report.pdf
2024-09-24,38,India,Dry Bulk,480.0,2024-09-24_Week-38-2024-Athenian-Demo-Report.pdf
2024-09-24,38,Turkey,Tankers,500.0,2024-09-24_Week-38-2024-Athenian-Demo-Report.pdf
2024-09-24,38,Pakistan,Tankers,510.0,2024-09-24_Week-38-2024-Athenian-Demo-Report.pdf
2024-09-24,38,Bangladesh,Tankers,505.0,2024-09-24_Week-38-2024-Athenian-Demo-Report.pdf
2024-09-24,38,Bangladesh,Dry Bulk,480.0,2024-09-24_Week-38-2024-Athenian-Demo-Report.pdf
2024-10-01,39,Turkey,Containers,480.0,2024-10-01_Week-39-Athenian-Demo-Report.pdf
2024-10-01,39,Pakistan,Containers,335.0,2024-10-01_Week-39-Athenian-Demo-Report.pdf
2024-10-01,39,Bangladesh,Containers,325.0,2024-10-01_Week-39-Athenian-Demo-Report.pdf
2024-10-01,39,India,Containers,315.0,2024-10-01_Week-39-Athenian-Demo-Report.pdf
2024-10-01,39,Turkey,Dry Bulk,495.0,2024-10-01_Week-39-Athenian-Demo-Report.pdf
2024-10-01,39,Pakistan,Dry Bulk,485.0,2024-10-01_Week-39-Athenian-Demo-Report.pdf
2024-10-01,39,India,Dry Bulk,465.0,2024-10-01_Week-39-Athenian-Demo-Report.pdf
2024-10-01,39,Turkey,Tankers,485.0,2024-10-01_Week-39-Athenian-Demo-Report.pdf
2024-10-01,39,Pakistan,Tankers,500.0,2024-10-01_Week-39-Athenian-Demo-Report.pdf
2024-10-01,39,Bangladesh,Tankers,505.0,2024-10-01_Week-39-Athenian-Demo-Report.pdf
2024-10-01,39,India,Tankers,495.0,2024-10-01_Week-39-Athenian-Demo-Report.pdf
2024-10-01,39,Bangladesh,Dry Bulk,475.0,2024-10-01_Week-39-Athenian-Demo-Report.pdf
2024-10-08,40,Turkey,Dry Bulk,490.0,2024-10-08_Week-40-Athenian-Demo-Report.pdf
2024-10-08,40,Turkey,Containers,470.0,2024-10-08_Week-40-Athenian-Demo-Report.pdf
2024-10-08,40,Pakistan,Containers,340.0,2024-10-08_Week-40-Athenian-Demo-Report.pdf
2024-10-08,40,Bangladesh,Containers,335.0,2024-10-08_Week-40-Athenian-Demo-Report.pdf
2024-10-08,40,India,Containers,320.0,2024-10-08_Week-40-Athenian-Demo-Report.pdf
2024-10-08,40,Pakistan,Dry Bulk,480.0,2024-10-08_Week-40-Athenian-Demo-Report.pdf
2024-10-08,40,India,Tankers,485.0,2024-10-08_Week-40-Athenian-Demo-Report.pdf
2024-10-08,40,India,Dry Bulk,455.0,2024-10-08_Week-40-Athenian-Demo-Report.pdf
2024-10-08,40,Turkey,Tankers,470.0,2024-10-08_Week-40-Athenian-Demo-Report.pdf
2024-10-08,40,Pakistan,Tankers,485.0,2024-10-08_Week-40-Athenian-Demo-Report.pdf
2024-10-08,40,Bangladesh,Tankers,500.0,2024-10-08_Week-40-Athenian-Demo-Report.pdf
2024-10-08,40,Bangladesh,Dry Bulk,470.0,2024-10-08_Week-40-Athenian-Demo-Report.pdf
2024-10-15,41,Turkey,Dry Bulk,490.0,2024-10-15_Week-41-Athenian-Demo-Report.pdf
2024-10-15,41,Turkey,Containers,470.0,2024-10-15_Week-41-Athenian-Demo-Report.pdf
2024-10-15,41,Pakistan,Containers,350.0,2024-10-15_Week-41-Athenian-Demo-Report.pdf
2024-10-15,41,Bangladesh,Containers,340.0,2024-10-15_Week-41-Athenian-Demo-Report.pdf
2024-10-15,41,India,Containers,330.0,2024-10-15_Week-41-Athenian-Demo-Report.pdf
2024-10-15,41,Pakistan,Dry Bulk,480.0,2024-10-15_Week-41-Athenian-Demo-Report.pdf
2024-10-15,41,India,Tankers,490.0,2024-10-15_Week-41-Athenian-Demo-Report.pdf
2024-10-15,41,India,Dry Bulk,455.0,2024-10-15_Week-41-Athenian-Demo-Report.pdf
2024-10-15,41,Bangladesh,Tankers,505.0,2024-10-15_Week-41-Athenian-Demo-Report.pdf
2024-10-15,41,Bangladesh,Dry Bulk,470.0,2024-10-15_Week-41-Athenian-Demo-Report.pdf
2024-10-15,41,Turkey,Tankers,470.0,2024-10-15_Week-41-Athenian-Demo-Report.pdf
2024-10-15,41,Pakistan,Tankers,485.0,2024-10-15_Week-41-Athenian-Demo-Report.pdf
2024-10-22,42,Turkey,Containers,470.0,2024-10-22_Week-42-Athenian-Demo-Report.pdf
2024-10-22,42,Pakistan,Containers,350.0,2024-10-22_Week-42-Athenian-Demo-Report.pdf
2024-10-22,42,Bangladesh,Containers,340.0,2024-10-22_Week-42-Athenian-Demo-Report.pdf
2024-10-22,42,India,Containers,330.0,2024-10-22_Week-42-Athenian-Demo-Report.pdf
2024-10-22,42,Pakistan,Dry Bulk,485.0,2024-10-22_Week-42-Athenian-Demo-Report.pdf
2024-10-22,42,Turkey,Dry Bulk,495.0,2024-10-22_Week-42-Athenian-Demo-Report.pdf
2024-10-22,42,India,Dry Bulk,455.0,2024-10-22_Week-42-Athenian-Demo-Report.pdf
2024-10-22,42,Turkey,Tankers,475.0,2024-10-22_Week-42-Athenian-Demo-Report.pdf
2024-10-22,42,Pakistan,Tankers,485.0,2024-10-22_Week-42-Athenian-Demo-Report.pdf
2024-10-22,42,Bangladesh,Tankers,505.0,2024-10-22_Week-42-Athenian-Demo-Report.pdf
2024-10-22,42,India,Tankers,490.0,2024-10-22_Week-42-Athenian-Demo-Report.pdf
2024-10-22,42,Bangladesh,Dry Bulk,470.0,2024-10-22_Week-42-Athenian-Demo-Report.pdf
2024-10-29,43,India,Containers,330.0,2024-10-29_Week-43-Athenian-Demo-Report.pdf
2024-10-29,43,Turkey,Containers,455.0,2024-10-29_Week-43-Athenian-Demo-Report.pdf
2024-10-29,43,Pakistan,Containers,350.0,2024-10-29_Week-43-Athenian-Demo-Report.pdf
2024-10-29,43,Bangladesh,Containers,340.0,2024-10-29_Week-43-Athenian-Demo-Report.pdf
2024-10-29,43,Pakistan,Dry Bulk,470.0,2024-10-29_Week-43-Athenian-Demo-Report.pdf
2024-10-29,43,Turkey,Dry Bulk,480.0,2024-10-29_Week-43-Athenian-Demo-Report.pdf
2024-10-29,43,India,Dry Bulk,445.0,2024-10-29_Week-43-Athenian-Demo-Report.pdf
2024-10-29,43,Turkey,Tankers,465.0,2024-10-29_Week-43-Athenian-Demo-Report.pdf
2024-10-29,43,Pakistan,Tankers,480.0,2024-10-29_Week-43-Athenian-Demo-Report.pdf
2024-10-29,43,Bangladesh,Tankers,490.0,2024-10-29_Week-43-Athenian-Demo-Report.pdf
2024-10-29,43,India,Tankers,475.0,2024-10-29_Week-43-Athenian-Demo-Report.pdf
2024-10-29,43,Bangladesh,Dry Bulk,460.0,2024-10-29_Week-43-Athenian-Demo-Report.pdf
2024-11-05,44,Turkey,Containers,450.0,2024-11-05_Week-44-Athenian-Demo-Report.pdf
2024-11-05,44,Pakistan,Containers,350.0,2024-11-05_Week-44-Athenian-Demo-Report.pdf
2024-11-05,44,Bangladesh,Containers,340.0,2024-11-05_Week-44-Athenian-Demo-Report.pdf
2024-11-05,44,India,Containers,330.0,2024-11-05_Week-44-Athenian-Demo-Report.pdf
2024-11-05,44,Turkey,Dry Bulk,465.0,2024-11-05_Week-44-Athenian-Demo-Report.pdf
2024-11-05,44,Pakistan,Dry Bulk,455.0,2024-11-05_Week-44-Athenian-Demo-Report.pdf
2024-11-05,44,Bangladesh,Dry Bulk,445.0,2024-11-05_Week-44-Athenian-Demo-Report.pdf
2024-11-05,44,Turkey,Tankers,465.0,2024-11-05_Week-44-Athenian-Demo-Report.pdf
2024-11-05,44,Pakistan,Tankers,475.0,2024-11-05_Week-44-Athenian-Demo-Report.pdf
2024-11-05,44,Bangladesh,Tankers,485.0,2024-11-05_Week-44-Athenian-Demo-Report.pdf
2024-11-05,44,India,Tankers,470.0,2024-11-05_Week-44-Athenian-Demo-Report.pdf
2024-11-05,44,India,Dry Bulk,445.0,2024-11-05_Week-44-Athenian-Demo-Report.pdf
2024-11-12,45,Turkey,Dry Bulk,465.0,2024-11-12_Week-45-Athenian-Demo-Report.pdf
2024-11-12,45,Turkey,Containers,445.0,2024-11-12_Week-45-Athenian-Demo-Report.pdf
2024-11-12,45,Pakistan,Containers,350.0,2024-11-12_Week-45-Athenian-Demo-Report.pdf
2024-11-12,45,Bangladesh,Containers,340.0,2024-11-12_Week-45-Athenian-Demo-Report.pdf
2024-11-12,45,India,Containers,330.0,2024-11-12_Week-45-Athenian-Demo-Report.pdf
2024-11-12,45,Pakistan,Dry Bulk,455.0,2024-11-12_Week-45-Athenian-Demo-Report.pdf
2024-11-12,45,Bangladesh,Tankers,485.0,2024-11-12_Week-45-Athenian-Demo-Report.pdf
2024-11-12,45,India,Dry Bulk,460.0,2024-11-12_Week-45-Athenian-Demo-Report.pdf
2024-11-12,45,Turkey,Tankers,475.0,2024-11-12_Week-45-Athenian-Demo-Report.pdf
2024-11-12,45,Pakistan,Tankers,490.0,2024-11-12_Week-45-Athenian-Demo-Report.pdf
2024-11-12,45,Bangladesh,Dry Bulk,440.0,2024-11-12_Week-45-Athenian-Demo-Report.pdf
2024-11-12,45,India,Tankers,465.0,2024-11-12_Week-45-Athenian-Demo-Report.pdf
2024-11-19,46,Pakistan,Containers,345.0,2024-11-19_Week-46-Athenian-Demo-Report.pdf
2024-11-19,46,Bangladesh,Containers,335.0,2024-11-19_Week-46-Athenian-Demo-Report.pdf
2024-11-19,46,India,Containers,325.0,2024-11-19_Week-46-Athenian-Demo-Report.pdf
2024-11-19,46,Turkey,Dry Bulk,465.0,2024-11-19_Week-46-Athenian-Demo-Report.pdf
2024-11-19,46,Pakistan,Dry Bulk,455.0,2024-11-19_Week-46-Athenian-Demo-Report.pdf
2024-11-19,46,Turkey,Containers,455.0,2024-11-19_Week-46-Athenian-Demo-Report.pdf
2024-11-19,46,India,Dry Bulk,460.0,2024-11-19_Week-46-Athenian-Demo-Report.pdf
2024-11-19,46,Turkey,Tankers,475.0,2024-11-19_Week-46-Athenian-Demo-Report.pdf
2024-11-19,46,Pakistan,Tankers,490.0,2024-11-19_Week-46-Athenian-Demo-Report.pdf
2024-11-19,46,Bangladesh,Tankers,490.0,2024-11-19_Week-46-Athenian-Demo-Report.pdf
2024-11-19,46,India,Tankers,475.0,2024-11-19_Week-46-Athenian-Demo-Report.pdf
2024-11-19,46,Bangladesh,Dry Bulk,440.0,2024-11-19_Week-46-Athenian-Demo-Report.pdf
2024-11-26,47,Turkey,Containers,455.0,2024-11-26_Week-47-Athenian-Demo-Report.pdf
2024-11-26,47,Pakistan,Containers,345.0,2024-11-26_Week-47-Athenian-Demo-Report.pdf
2024-11-26,47,Bangladesh,Containers,335.0,2024-11-26_Week-47-Athenian-Demo-Report.pdf
2024-11-26,47,India,Containers,325.0,2024-11-26_Week-47-Athenian-Demo-Report.pdf
2024-11-26,47,Turkey,Dry Bulk,465.0,2024-11-26_Week-47-Athenian-Demo-Report.pdf
2024-11-26,47,Pakistan,Dry Bulk,455.0,2024-11-26_Week-47-Athenian-Demo-Report.pdf
2024-11-26,47,Bangladesh,Dry Bulk,440.0,2024-11-26_Week-47-Athenian-Demo-Report.pdf
2024-11-26,47,Turkey,Tankers,475.0,2024-11-26_Week-47-Athenian-Demo-Report.pdf
2024-11-26,47,Pakistan,Tankers,490.0,2024-11-26_Week-47-Athenian-Demo-Report.pdf
2024-11-26,47,Bangladesh,Tankers,490.0,2024-11-26_Week-47-Athenian-Demo-Report.pdf
2024-11-26,47,India,Tankers,475.0,2024-11-26_Week-47-Athenian-Demo-Report.pdf
2024-11-26,47,India,Dry Bulk,460.0,2024-11-26_Week-47-Athenian-Demo-Report.pdf
2024-12-10,49,Turkey,Dry Bulk,465.0,2024-12-10_Week-49-Athenian-Demo-Report.pdf
2024-12-10,49,Pakistan,Containers,340.0,2024-12-10_Week-49-Athenian-Demo-Report.pdf
2024-12-10,49,Bangladesh,Containers,330.0,2024-12-10_Week-49-Athenian-Demo-Report.pdf
2024-12-10,49,India,Containers,320.0,2024-12-10_Week-49-Athenian-Demo-Report.pdf
2024-12-10,49,Pakistan,Dry Bulk,455.0,2024-12-10_Week-49-Athenian-Demo-Report.pdf
2024-12-10,49,Turkey,Containers,455.0,2024-12-10_Week-49-Athenian-Demo-Report.pdf
2024-12-10,49,India,Dry Bulk,465.0,2024-12-10_Week-49-Athenian-Demo-Report.pdf
2024-12-10,49,Turkey,Tankers,480.0,2024-12-10_Week-49-Athenian-Demo-Report.pdf
2024-12-10,49,Pakistan,Tankers,495.0,2024-12-10_Week-49-Athenian-Demo-Report.pdf
2024-12-10,49,Bangladesh,Tankers,490.0,2024-12-10_Week-49-Athenian-Demo-Report.pdf
2024-12-10,49,India,Tankers,475.0,2024-12-10_Week-49-Athenian-Demo-Report.pdf
2024-12-10,49,Bangladesh,Dry Bulk,440.0,2024-12-10_Week-49-Athenian-Demo-Report.pdf
2024-12-17,50,Turkey,Containers,455.0,2024-12-17_Week-50-Atenian-Demo-Report.pdf
2024-12-17,50,Pakistan,Containers,330.0,2024-12-17_Week-50-Atenian-Demo-Report.pdf
2024-12-17,50,Bangladesh,Containers,320.0,2024-12-17_Week-50-Atenian-Demo-Report.pdf
2024-12-17,50,India,Containers,310.0,2024-12-17_Week-50-Atenian-Demo-Report.pdf
2024-12-17,50,Turkey,Dry Bulk,465.0,2024-12-17_Week-50-Atenian-Demo-Report.pdf
2024-12-17,50,Pakistan,Dry Bulk,455.0,2024-12-17_Week-50-Atenian-Demo-Report.pdf
2024-12-17,50,Bangladesh,Tankers,490.0,2024-12-17_Week-50-Atenian-Demo-Report.pdf
2024-12-17,50,India,Dry Bulk,465.0,2024-12-17_Week-50-Atenian-Demo-Report.pdf
2024-12-17,50,Turkey,Tankers,480.0,2024-12-17_Week-50-Atenian-Demo-Report.pdf
2024-12-17,50,Pakistan,Tankers,495.0,2024-12-17_Week-50-Atenian-Demo-Report.pdf
2024-12-17,50,Bangladesh,Dry Bulk,440.0,2024-12-17_Week-50-Atenian-Demo-Report.pdf
2024-12-17,50,India,Tankers,475.0,2024-12-17_Week-50-Atenian-Demo-Report.pdf
2025-01-02,52,Pakistan,Containers,330.0,2025-01-02_Week-52-Athenian-Demo-Report.pdf
2025-01-02,52,Bangladesh,Containers,320.0,2025-01-02_Week-52-Athenian-Demo-Report.pdf
2025-01-02,52,India,Containers,310.0,2025-01-02_Week-52-Athenian-Demo-Report.pdf
2025-01-02,52,Turkey,Dry Bulk,465.0,2025-01-02_Week-52-Athenian-Demo-Report.pdf
2025-01-02,52,Pakistan,Dry Bulk,455.0,2025-01-02_Week-52-Athenian-Demo-Report.pdf
2025-01-02,52,Turkey,Containers,455.0,2025-01-02_Week-52-Athenian-Demo-Report.pdf
2025-01-02,52,India,Dry Bulk,465.0,2025-01-02_Week-52-Athenian-Demo-Report.pdf
2025-01-02,52,Turkey,Tankers,480.0,2025-01-02_Week-52-Athenian-Demo-Report.pdf
2025-01-02,52,Pakistan,Tankers,495.0,2025-01-02_Week-52-Athenian-Demo-Report.pdf
2025-01-02,52,Bangladesh,Tankers,490.0,2025-01-02_Week-52-Athenian-Demo-Report.pdf
2025-01-02,52,India,Tankers,475.0,2025-01-02_Week-52-Athenian-Demo-Report.pdf
2025-01-02,52,Bangladesh,Dry Bulk,440.0,2025-01-02_Week-52-Athenian-Demo-Report.pdf
2025-01-07,1,Turkey,Containers,455.0,2025-01-07_Week-01-2025-Athenian-Demo-Report.pdf
2025-01-07,1,Pakistan,Containers,330.0,2025-01-07_Week-01-2025-Athenian-Demo-Report.pdf
2025-01-07,1,Bangladesh,Containers,320.0,2025-01-07_Week-01-2025-Athenian-Demo-Report.pdf
2025-01-07,1,India,Containers,310.0,2025-01-07_Week-01-2025-Athenian-Demo-Report.pdf
2025-01-07,1,Turkey,Dry Bulk,465.0,2025-01-07_Week-01-2025-Athenian-Demo-Report.pdf
2025-01-07,1,Pakistan,Dry Bulk,455.0,2025-01-07_Week-01-2025-Athenian-Demo-Report.pdf
2025-01-07,1,Bangladesh,Dry Bulk,440.0,2025-01-07_Week-01-2025-Athenian-Demo-Report.pdf
2025-01-07,1,Turkey,Tankers,480.0,2025-01-07_Week-01-2025-Athenian-Demo-Report.pdf
2025-01-07,1,Pakistan,Tankers,495.0,2025-01-07_Week-01-2025-Athenian-Demo-Report.pdf
2025-01-07,1,Bangladesh,Tankers,490.0,2025-01-07_Week-01-2025-Athenian-Demo-Report.pdf
2025-01-07,1,India,Tankers,475.0,2025-01-07_Week-01-2025-Athenian-Demo-Report.pdf
2025-01-07,1,India,Dry Bulk,465.0,2025-01-07_Week-01-2025-Athenian-Demo-Report.pdf
2025-01-14,2,Turkey,Dry Bulk,460.0,2025-01-14_Week-02-Athenian-Demo-Report.pdf
2025-01-14,2,Pakistan,Containers,330.0,2025-01-14_Week-02-Athenian-Demo-Report.pdf
2025-01-14,2,Bangladesh,Containers,320.0,2025-01-14_Week-02-Athenian-Demo-Report.pdf
2025-01-14,2,India,Containers,310.0,2025-01-14_Week-02-Athenian-Demo-Report.pdf
2025-01-14,2,Pakistan,Dry Bulk,450.0,2025-01-14_Week-02-Athenian-Demo-Report.pdf
2025-01-14,2,Turkey,Containers,450.0,2025-01-14_Week-02-Athenian-Demo-Report.pdf
2025-01-14,2,India,Dry Bulk,445.0,2025-01-14_Week-02-Athenian-Demo-Report.pdf
2025-01-14,2,India,Tankers,470.0,2025-01-14_Week-02-Athenian-Demo-Report.pdf
2025-01-14,2,Bangladesh,Tankers,485.0,2025-01-14_Week-02-Athenian-Demo-Report.pdf
2025-01-14,2,Bangladesh,Dry Bulk,435.0,2025-01-14_Week-02-Athenian-Demo-Report.pdf
2025-01-14,2,Turkey,Tankers,465.0,2025-01-14_Week-02-Athenian-Demo-Report.pdf
2025-01-14,2,Pakistan,Tankers,480.0,2025-01-14_Week-02-Athenian-Demo-Report.pdf
2025-01-21,3,Turkey,Containers,450.0,2025-01-21_Week-03-Athenian-Demo-Report.pdf
2025-01-21,3,Pakistan,Containers,330.0,2025-01-21_Week-03-Athenian-Demo-Report.pdf
2025-01-21,3,Bangladesh,Containers,320.0,2025-01-21_Week-03-Athenian-Demo-Report.pdf
2025-01-21,3,India,Containers,310.0,2025-01-21_Week-03-Athenian-Demo-Report.pdf
2025-01-21,3,Pakistan,Dry Bulk,450.0,2025-01-21_Week-03-Athenian-Demo-Report.pdf
2025-01-21,3,Turkey,Dry Bulk,460.0,2025-01-21_Week-03-Athenian-Demo-Report.pdf
2025-01-21,3,India,Dry Bulk,445.0,2025-01-21_Week-03-Athenian-Demo-Report.pdf
2025-01-21,3,Turkey,Tankers,465.0,2025-01-21_Week-03-Athenian-Demo-Report.pdf
2025-01-21,3,Pakistan,Tankers,480.0,2025-01-21_Week-03-Athenian-Demo-Report.pdf
2025-01-21,3,Bangladesh,Tankers,485.0,2025-01-21_Week-03-Athenian-Demo-Report.pdf
2025-01-21,3,India,Tankers,470.0,2025-01-21_Week-03-Athenian-Demo-Report.pdf
2025-01-21,3,Bangladesh,Dry Bulk,435.0,2025-01-21_Week-03-Athenian-Demo-Report.pdf
2025-01-28,4,Turkey,Containers,445.0,2025-01-28_Week-04-2025-Athenian-Demo-Report-.pdf
2025-01-28,4,Pakistan,Containers,330.0,2025-01-28_Week-04-2025-Athenian-Demo-Report-.pdf
2025-01-28,4,Bangladesh,Containers,320.0,2025-01-28_Week-04-2025-Athenian-Demo-Report-.pdf
2025-01-28,4,India,Containers,310.0,2025-01-28_Week-04-2025-Athenian-Demo-Report-.pdf
2025-01-28,4,Pakistan,Dry Bulk,450.0,2025-01-28_Week-04-2025-Athenian-Demo-Report-.pdf
2025-01-28,4,Turkey,Dry Bulk,460.0,2025-01-28_Week-04-2025-Athenian-Demo-Report-.pdf
2025-01-28,4,India,Dry Bulk,445.0,2025-01-28_Week-04-2025-Athenian-Demo-Report-.pdf
2025-01-28,4,India,Tankers,465.0,2025-01-28_Week-04-2025-Athenian-Demo-Report-.pdf
2025-01-28,4,Bangladesh,Tankers,485.0,2025-01-28_Week-04-2025-Athenian-Demo-Report-.pdf
2025-01-28,4,Bangladesh,Dry Bulk,435.0,2025-01-28_Week-04-2025-Athenian-Demo-Report-.pdf
2025-01-28,4,Turkey,Tankers,465.0,2025-01-28_Week-04-2025-Athenian-Demo-Report-.pdf
2025-01-28,4,Pakistan,Tankers,480.0,2025-01-28_Week-04-2025-Athenian-Demo-Report-.pdf
2025-02-04,5,Turkey,Containers,445.0,2025-02-04_Week-05-2025-Athenian-Demo-Report-1.pdf
2025-02-04,5,Pakistan,Containers,315.0,2025-02-04_Week-05-2025-Athenian-Demo-Report-1.pdf
2025-02-04,5,Bangladesh,Containers,300.0,2025-02-04_Week-05-2025-Athenian-Demo-Report-1.pdf
2025-02-04,5,India,Containers,290.0,2025-02-04_Week-05-2025-Athenian-Demo-Report-1.pdf
2025-02-04,5,Pakistan,Dry Bulk,450.0,2025-02-04_Week-05-2025-Athenian-Demo-Report-1.pdf
2025-02-04,5,Turkey,Dry Bulk,460.0,2025-02-04_Week-05-2025-Athenian-Demo-Report-1.pdf
2025-02-04,5,India,Dry Bulk,445.0,2025-02-04_Week-05-2025-Athenian-Demo-Report-1.pdf
2025-02-04,5,Turkey,Tankers,465.0,2025-02-04_Week-05-2025-Athenian-Demo-Report-1.pdf
2025-02-04,5,Pakistan,Tankers,480.0,2025-02-04_Week-05-2025-Athenian-Demo-Report-1.pdf
2025-02-04,5,Bangladesh,Tankers,485.0,2025-02-04_Week-05-2025-Athenian-Demo-Report-1.pdf
2025-02-04,5,India,Tankers,465.0,2025-02-04_Week-05-2025-Athenian-Demo-Report-1.pdf
2025-02-04,5,Bangladesh,Dry Bulk,435.0,2025-02-04_Week-05-2025-Athenian-Demo-Report-1.pdf
2025-02-11,6,Turkey,Containers,445.0,2025-02-11_Week-06-2025-Athenian-Demo-Report.pdf
2025-02-11,6,Pakistan,Containers,305.0,2025-02-11_Week-06-2025-Athenian-Demo-Report.pdf
2025-02-11,6,Bangladesh,Containers,290.0,2025-02-11_Week-06-2025-Athenian-Demo-Report.pdf
2025-02-11,6,India,Containers,280.0,2025-02-11_Week-06-2025-Athenian-Demo-Report.pdf
2025-02-11,6,Turkey,Dry Bulk,455.0,2025-02-11_Week-06-2025-Athenian-Demo-Report.pdf
2025-02-11,6,Pakistan,Dry Bulk,440.0,2025-02-11_Week-06-2025-Athenian-Demo-Report.pdf
2025-02-11,6,India,Dry Bulk,440.0,2025-02-11_Week-06-2025-Athenian-Demo-Report.pdf
2025-02-11,6,Turkey,Tankers,460.0,2025-02-11_Week-06-2025-Athenian-Demo-Report.pdf
2025-02-11,6,Pakistan,Tankers,475.0,2025-02-11_Week-06-2025-Athenian-Demo-Report.pdf
2025-02-11,6,Bangladesh,Tankers,485.0,2025-02-11_Week-06-2025-Athenian-Demo-Report.pdf
2025-02-11,6,India,Tankers,465.0,2025-02-11_Week-06-2025-Athenian-Demo-Report.pdf
2025-02-11,6,Bangladesh,Dry Bulk,430.0,2025-02-11_Week-06-2025-Athenian-Demo-Report.pdf
2025-02-18,7,Pakistan,Containers,309.0,2025-02-18_Week-07-2025-Athenian-Demo-Report.pdf
2025-02-18,7,Bangladesh,Containers,290.0,2025-02-18_Week-07-2025-Athenian-Demo-Report.pdf
2025-02-18,7,India,Containers,280.0,2025-02-18_Week-07-2025-Athenian-Demo-Report.pdf
2025-02-18,7,Turkey,Dry Bulk,459.0,2025-02-18_Week-07-2025-Athenian-Demo-Report.pdf
2025-02-18,7,Pakistan,Dry Bulk,449.0,2025-02-18_Week-07-2025-Athenian-Demo-Report.pdf
2025-02-18,7,Turkey,Containers,434.0,2025-02-18_Week-07-2025-Athenian-Demo-Report.pdf
2025-02-18,7,India,Dry Bulk,439.0,2025-02-18_Week-07-2025-Athenian-Demo-Report.pdf
2025-02-18,7,Turkey,Tankers,459.0,2025-02-18_Week-07-2025-Athenian-Demo-Report.pdf
2025-02-18,7,Pakistan,Tankers,474.0,2025-02-18_Week-07-2025-Athenian-Demo-Report.pdf
2025-02-18,7,Bangladesh,Tankers,485.0,2025-02-18_Week-07-2025-Athenian-Demo-Report.pdf
2025-02-18,7,India,Tankers,454.0,2025-02-18_Week-07-2025-Athenian-Demo-Report.pdf
2025-02-18,7,Bangladesh,Dry Bulk,429.0,2025-02-18_Week-07-2025-Athenian-Demo-Report.pdf
2025-02-25,8,Turkey,Containers,434.0,2025-02-25_Week-08-2025-Athenian-Demo-Report-1.pdf
2025-02-25,8,Pakistan,Containers,309.0,2025-02-25_Week-08-2025-Athenian-Demo-Report-1.pdf
2025-02-25,8,Bangladesh,Containers,290.0,2025-02-25_Week-08-2025-Athenian-Demo-Report-1.pdf
2025-02-25,8,India,Containers,280.0,2025-02-25_Week-08-2025-Athenian-Demo-Report-1.pdf
2025-02-25,8,Turkey,Dry Bulk,459.0,2025-02-25_Week-08-2025-Athenian-Demo-Report-1.pdf
2025-02-25,8,Pakistan,Dry Bulk,449.0,2025-02-25_Week-08-2025-Athenian-Demo-Report-1.pdf
2025-02-25,8,Bangladesh,Dry Bulk,429.0,2025-02-25_Week-08-2025-Athenian-Demo-Report-1.pdf
2025-02-25,8,Turkey,Tankers,459.0,2025-02-25_Week-08-2025-Athenian-Demo-Report-1.pdf
2025-02-25,8,Pakistan,Tankers,474.0,2025-02-25_Week-08-2025-Athenian-Demo-Report-1.pdf
2025-02-25,8,Bangladesh,Tankers,484.0,2025-02-25_Week-08-2025-Athenian-Demo-Report-1.pdf
2025-02-25,8,India,Tankers,454.0,2025-02-25_Week-08-2025-Athenian-Demo-Report-1.pdf
2025-02-25,8,India,Dry Bulk,439.0,2025-02-25_Week-08-2025-Athenian-Demo-Report-1.pdf
2025-03-04,9,Turkey,Dry Bulk,459.0,2025-03-04_Week-09-Athenian-Demo-Report.pdf
2025-03-04,9,Pakistan,Containers,309.0,2025-03-04_Week-09-Athenian-Demo-Report.pdf
2025-03-04,9,Bangladesh,Containers,290.0,2025-03-04_Week-09-Athenian-Demo-Report.pdf
2025-03-04,9,India,Containers,280.0,2025-03-04_Week-09-Athenian-Demo-Report.pdf
2025-03-04,9,Pakistan,Dry Bulk,449.0,2025-03-04_Week-09-Athenian-Demo-Report.pdf
2025-03-04,9,Turkey,Containers,434.0,2025-03-04_Week-09-Athenian-Demo-Report.pdf
2025-03-04,9,India,Dry Bulk,439.0,2025-03-04_Week-09-Athenian-Demo-Report.pdf
2025-03-04,9,India,Tankers,454.0,2025-03-04_Week-09-Athenian-Demo-Report.pdf
2025-03-04,9,Bangladesh,Tankers,484.0,2025-03-04_Week-09-Athenian-Demo-Report.pdf
2025-03-04,9,Bangladesh,Dry Bulk,429.0,2025-03-04_Week-09-Athenian-Demo-Report.pdf
2025-03-04,9,Turkey,Tankers,459.0,2025-03-04_Week-09-Athenian-Demo-Report.pdf
2025-03-04,9,Pakistan,Tankers,474.0,2025-03-04_Week-09-Athenian-Demo-Report.pdf
2025-03-11,10,Turkey,Containers,434.0,2025-03-11_Week-10-Athenian-Demo-Report-1.pdf
2025-03-11,10,Pakistan,Containers,309.0,2025-03-11_Week-10-Athenian-Demo-Report-1.pdf
2025-03-11,10,Bangladesh,Containers,290.0,2025-03-11_Week-10-Athenian-Demo-Report-1.pdf
2025-03-11,10,India,Containers,280.0,2025-03-11_Week-10-Athenian-Demo-Report-1.pdf
2025-03-11,10,Pakistan,Dry Bulk,449.0,2025-03-11_Week-10-Athenian-Demo-Report-1.pdf
2025-03-11,10,Turkey,Dry Bulk,459.0,2025-03-11_Week-10-Athenian-Demo-Report-1.pdf
2025-03-11,10,India,Dry Bulk,439.0,2025-03-11_Week-10-Athenian-Demo-Report-1.pdf
2025-03-11,10,Turkey,Tankers,459.0,2025-03-11_Week-10-Athenian-Demo-Report-1.pdf
2025-03-11,10,Pakistan,Tankers,474.0,2025-03-11_Week-10-Athenian-Demo-Report-1.pdf
2025-03-11,10,Bangladesh,Tankers,484.0,2025-03-11_Week-10-Athenian-Demo-Report-1.pdf
2025-03-11,10,India,Tankers,454.0,2025-03-11_Week-10-Athenian-Demo-Report-1.pdf
2025-03-11,10,Bangladesh,Dry Bulk,429.0,2025-03-11_Week-10-Athenian-Demo-Report-1.pdf
2025-03-18,11,Turkey,Containers,434.0,2025-03-18_Week-11-Athenian-Demo-Report.pdf
2025-03-18,11,Pakistan,Containers,309.0,2025-03-18_Week-11-Athenian-Demo-Report.pdf
2025-03-18,11,Bangladesh,Containers,290.0,2025-03-18_Week-11-Athenian-Demo-Report.pdf
2025-03-18,11,India,Containers,280.0,2025-03-18_Week-11-Athenian-Demo-Report.pdf
2025-03-18,11,Turkey,Dry Bulk,464.0,2025-03-18_Week-11-Athenian-Demo-Report.pdf
2025-03-18,11,Pakistan,Dry Bulk,449.0,2025-03-18_Week-11-Athenian-Demo-Report.pdf
2025-03-18,11,Bangladesh,Dry Bulk,439.0,2025-03-18_Week-11-Athenian-Demo-Report.pdf
2025-03-18,11,Turkey,Tankers,459.0,2025-03-18_Week-11-Athenian-Demo-Report.pdf
2025-03-18,11,Pakistan,Tankers,474.0,2025-03-18_Week-11-Athenian-Demo-Report.pdf
2025-03-18,11,Bangladesh,Tankers,479.0,2025-03-18_Week-11-Athenian-Demo-Report.pdf
2025-03-18,11,India,Tankers,454.0,2025-03-18_Week-11-Athenian-Demo-Report.pdf
2025-03-18,11,India,Dry Bulk,439.0,2025-03-18_Week-11-Athenian-Demo-Report.pdf
2025-03-26,12,Turkey,Containers,439.0,2025-03-26_Week-12-Athenian-Demo-Report.pdf
2025-03-26,12,Pakistan,Containers,309.0,2025-03-26_Week-12-Athenian-Demo-Report.pdf
2025-03-26,12,Bangladesh,Containers,290.0,2025-03-26_Week-12-Athenian-Demo-Report.pdf
2025-03-26,12,India,Containers,280.0,2025-03-26_Week-12-Athenian-Demo-Report.pdf
2025-03-26,12,Turkey,Dry Bulk,474.0,2025-03-26_Week-12-Athenian-Demo-Report.pdf
2025-03-26,12,Pakistan,Dry Bulk,464.0,2025-03-26_Week-12-Athenian-Demo-Report.pdf
2025-03-26,12,Bangladesh,Dry Bulk,444.0,2025-03-26_Week-12-Athenian-Demo-Report.pdf
2025-03-26,12,Turkey,Tankers,469.0,2025-03-26_Week-12-Athenian-Demo-Report.pdf
2025-03-26,12,Pakistan,Tankers,479.0,2025-03-26_Week-12-Athenian-Demo-Report.pdf
2025-03-26,12,Bangladesh,Tankers,479.0,2025-03-26_Week-12-Athenian-Demo-Report.pdf
2025-03-26,12,India,Tankers,459.0,2025-03-26_Week-12-Athenian-Demo-Report.pdf
2025-03-26,12,India,Dry Bulk,449.0,2025-03-26_Week-12-Athenian-Demo-Report.pdf
2025-04-01,13,Turkey,Dry Bulk,474.0,2025-04-01_Week-13-2025-Athenian-Demo-Report.pdf
2025-04-01,13,Pakistan,Containers,309.0,2025-04-01_Week-13-2025-Athenian-Demo-Report.pdf
2025-04-01,13,Bangladesh,Containers,290.0,2025-04-01_Week-13-2025-Athenian-Demo-Report.pdf
2025-04-01,13,India,Containers,280.0,2025-04-01_Week-13-2025-Athenian-Demo-Report.pdf
2025-04-01,13,Pakistan,Dry Bulk,464.0,2025-04-01_Week-13-2025-Athenian-Demo-Report.pdf
2025-04-01,13,Turkey,Containers,444.0,2025-04-01_Week-13-2025-Athenian-Demo-Report.pdf
2025-04-01,13,India,Dry Bulk,454.0,2025-04-01_Week-13-2025-Athenian-Demo-Report.pdf
2025-04-01,13,India,Tankers,464.0,2025-04-01_Week-13-2025-Athenian-Demo-Report.pdf
2025-04-01,13,Bangladesh,Tankers,489.0,2025-04-01_Week-13-2025-Athenian-Demo-Report.pdf
2025-04-01,13,Bangladesh,Dry Bulk,449.0,2025-04-01_Week-13-2025-Athenian-Demo-Report.pdf
2025-04-01,13,Turkey,Tankers,474.0,2025-04-01_Week-13-2025-Athenian-Demo-Report.pdf
2025-04-01,13,Pakistan,Tankers,484.0,2025-04-01_Week-13-2025-Athenian-Demo-Report.pdf
2025-04-08,14,Turkey,Containers,444.0,2025-04-08_Week-14-2025-Athenian-Demo-Report.pdf
2025-04-08,14,Pakistan,Containers,309.0,2025-04-08_Week-14-2025-Athenian-Demo-Report.pdf
2025-04-08,14,Bangladesh,Containers,290.0,2025-04-08_Week-14-2025-Athenian-Demo-Report.pdf
2025-04-08,14,India,Containers,280.0,2025-04-08_Week-14-2025-Athenian-Demo-Report.pdf
2025-04-08,14,Pakistan,Dry Bulk,464.0,2025-04-08_Week-14-2025-Athenian-Demo-Report.pdf
2025-04-08,14,Turkey,Dry Bulk,474.0,2025-04-08_Week-14-2025-Athenian-Demo-Report.pdf
2025-04-08,14,India,Dry Bulk,459.0,2025-04-08_Week-14-2025-Athenian-Demo-Report.pdf
2025-04-08,14,Turkey,Tankers,474.0,2025-04-08_Week-14-2025-Athenian-Demo-Report.pdf
2025-04-08,14,Pakistan,Tankers,489.0,2025-04-08_Week-14-2025-Athenian-Demo-Report.pdf
2025-04-08,14,Bangladesh,Tankers,489.0,2025-04-08_Week-14-2025-Athenian-Demo-Report.pdf
2025-04-08,14,India,Tankers,464.0,2025-04-08_Week-14-2025-Athenian-Demo-Report.pdf
2025-04-08,14,Bangladesh,Dry Bulk,449.0,2025-04-08_Week-14-2025-Athenian-Demo-Report.pdf
2025-04-15,15,Turkey,Containers,454.0,2025-04-15_Week-15-2025-Athenian-Demo-Report.pdf
2025-04-15,15,Pakistan,Containers,309.0,2025-04-15_Week-15-2025-Athenian-Demo-Report.pdf
2025-04-15,15,Bangladesh,Containers,290.0,2025-04-15_Week-15-2025-Athenian-Demo-Report.pdf
2025-04-15,15,India,Containers,280.0,2025-04-15_Week-15-2025-Athenian-Demo-Report.pdf
2025-04-15,15,Pakistan,Dry Bulk,464.0,2025-04-15_Week-15-2025-Athenian-Demo-Report.pdf
2025-04-15,15,Turkey,Dry Bulk,474.0,2025-04-15_Week-15-2025-Athenian-Demo-Report.pdf
2025-04-15,15,India,Dry Bulk,459.0,2025-04-15_Week-15-2025-Athenian-Demo-Report.pdf
2025-04-15,15,India,Tankers,464.0,2025-04-15_Week-15-2025-Athenian-Demo-Report.pdf
2025-04-15,15,Bangladesh,Tankers,489.0,2025-04-15_Week-15-2025-Athenian-Demo-Report.pdf
2025-04-15,15,Bangladesh,Dry Bulk,449.0,2025-04-15_Week-15-2025-Athenian-Demo-Report.pdf
2025-04-15,15,Turkey,Tankers,479.0,2025-04-15_Week-15-2025-Athenian-Demo-Report.pdf
2025-04-15,15,Pakistan,Tankers,489.0,2025-04-15_Week-15-2025-Athenian-Demo-Report.pdf
2025-04-22,16,Turkey,Containers,454.0,2025-04-22_Week-16-2025-Athenian-Demo-Report.pdf
2025-04-22,16,Pakistan,Containers,309.0,2025-04-22_Week-16-2025-Athenian-Demo-Report.pdf
2025-04-22,16,Bangladesh,Containers,290.0,2025-04-22_Week-16-2025-Athenian-Demo-Report.pdf
2025-04-22,16,India,Containers,280.0,2025-04-22_Week-16-2025-Athenian-Demo-Report.pdf
2025-04-22,16,Pakistan,Dry Bulk,469.0,2025-04-22_Week-16-2025-Athenian-Demo-Report.pdf
2025-04-22,16,Turkey,Dry Bulk,479.0,2025-04-22_Week-16-2025-Athenian-Demo-Report.pdf
2025-04-22,16,India,Dry Bulk,459.0,2025-04-22_Week-16-2025-Athenian-Demo-Report.pdf
2025-04-22,16,Turkey,Tankers,479.0,2025-04-22_Week-16-2025-Athenian-Demo-Report.pdf
2025-04-22,16,Pakistan,Tankers,489.0,2025-04-22_Week-16-2025-Athenian-Demo-Report.pdf
2025-04-22,16,Bangladesh,Tankers,489.0,2025-04-22_Week-16-2025-Athenian-Demo-Report.pdf
2025-04-22,16,India,Tankers,464.0,2025-04-22_Week-16-2025-Athenian-Demo-Report.pdf
2025-04-22,16,Bangladesh,Dry Bulk,449.0,2025-04-22_Week-16-2025-Athenian-Demo-Report.pdf
2025-04-29,17,Turkey,Containers,459.0,2025-04-29_Week-17-2025-Athenian-Demo-Report.pdf
2025-04-29,17,Pakistan,Containers,285.0,2025-04-29_Week-17-2025-Athenian-Demo-Report.pdf
2025-04-29,17,Bangladesh,Containers,270.0,2025-04-29_Week-17-2025-Athenian-Demo-Report.pdf
2025-04-29,17,India,Containers,260.0,2025-04-29_Week-17-2025-Athenian-Demo-Report.pdf
2025-04-29,17,Turkey,Dry Bulk,479.0,2025-04-29_Week-17-2025-Athenian-Demo-Report.pdf
2025-04-29,17,Pakistan,Dry Bulk,469.0,2025-04-29_Week-17-2025-Athenian-Demo-Report.pdf
2025-04-29,17,Bangladesh,Dry Bulk,449.0,2025-04-29_Week-17-2025-Athenian-Demo-Report.pdf
2025-04-29,17,Turkey,Tankers,484.0,2025-04-29_Week-17-2025-Athenian-Demo-Report.pdf
2025-04-29,17,India,Tankers,474.0,2025-04-29_Week-17-2025-Athenian-Demo-Report.pdf
2025-04-29,17,India,Dry Bulk,464.0,2025-04-29_Week-17-2025-Athenian-Demo-Report.pdf
2025-04-29,17,Pakistan,Tankers,494.0,2025-04-29_Week-17-2025-Athenian-Demo-Report.pdf
2025-04-29,17,Bangladesh,Tankers,494.0,2025-04-29_Week-17-2025-Athenian-Demo-Report.pdf
2025-05-06,18,Turkey,Containers,459.0,2025-05-06_Week-18-2025-Athenian-Demo-Report.pdf
2025-05-06,18,Pakistan,Containers,279.0,2025-05-06_Week-18-2025-Athenian-Demo-Report.pdf
2025-05-06,18,Bangladesh,Containers,259.0,2025-05-06_Week-18-2025-Athenian-Demo-Report.pdf
2025-05-06,18,India,Containers,249.0,2025-05-06_Week-18-2025-Athenian-Demo-Report.pdf
2025-05-06,18,Pakistan,Dry Bulk,459.0,2025-05-06_Week-18-2025-Athenian-Demo-Report.pdf
2025-05-06,18,Turkey,Dry Bulk,469.0,2025-05-06_Week-18-2025-Athenian-Demo-Report.pdf
2025-05-06,18,India,Dry Bulk,469.0,2025-05-06_Week-18-2025-Athenian-Demo-Report.pdf
2025-05-06,18,Turkey,Tankers,489.0,2025-05-06_Week-18-2025-Athenian-Demo-Report.pdf
2025-05-06,18,Pakistan,Tankers,499.0,2025-05-06_Week-18-2025-Athenian-Demo-Report.pdf
2025-05-06,18,Bangladesh,Tankers,494.0,2025-05-06_Week-18-2025-Athenian-Demo-Report.pdf
2025-05-06,18,India,Tankers,469.0,2025-05-06_Week-18-2025-Athenian-Demo-Report.pdf
2025-05-06,18,Bangladesh,Dry Bulk,449.0,2025-05-06_Week-18-2025-Athenian-Demo-Report.pdf
2025-05-13,19,Turkey,Containers,459.0,2025-05-13_Week_19_2025_Athenian_Demo_Report.pdf
2025-05-13,19,Pakistan,Containers,281.0,2025-05-13_Week_19_2025_Athenian_Demo_Report.pdf
2025-05-13,19,Bangladesh,Containers,261.0,2025-05-13_Week_19_2025_Athenian_Demo_Report.pdf
2025-05-13,19,India,Containers,251.0,2025-05-13_Week_19_2025_Athenian_Demo_Report.pdf
2025-05-13,19,Turkey,Dry Bulk,464.0,2025-05-13_Week_19_2025_Athenian_Demo_Report.pdf
2025-05-13,19,Pakistan,Dry Bulk,454.0,2025-05-13_Week_19_2025_Athenian_Demo_Report.pdf
2025-05-13,19,India,Dry Bulk,464.0,2025-05-13_Week_19_2025_Athenian_Demo_Report.pdf
2025-05-13,19,Turkey,Tankers,484.0,2025-05-13_Week_19_2025_Athenian_Demo_Report.pdf
2025-05-13,19,Pakistan,Tankers,494.0,2025-05-13_Week_19_2025_Athenian_Demo_Report.pdf
2025-05-13,19,Bangladesh,Tankers,494.0,2025-05-13_Week_19_2025_Athenian_Demo_Report.pdf
2025-05-13,19,India,Tankers,469.0,2025-05-13_Week_19_2025_Athenian_Demo_Report.pdf
2025-05-13,19,Bangladesh,Dry Bulk,445.0,2025-05-13_Week_19_2025_Athenian_Demo_Report.pdf
2025-05-20,20,Turkey,Containers,459.0,2025-05-20_Week_20_2025_Athenian_Demo_Report.pdf
2025-05-20,20,Pakistan,Containers,281.0,2025-05-20_Week_20_2025_Athenian_Demo_Report.pdf
2025-05-20,20,Bangladesh,Containers,261.0,2025-05-20_Week_20_2025_Athenian_Demo_Report.pdf
2025-05-20,20,India,Containers,251.0,2025-05-20_Week_20_2025_Athenian_Demo_Report.pdf
2025-05-20,20,Turkey,Dry Bulk,464.0,2025-05-20_Week_20_2025_Athenian_Demo_Report.pdf
2025-05-20,20,Pakistan,Dry Bulk,454.0,2025-05-20_Week_20_2025_Athenian_Demo_Report.pdf
2025-05-20,20,Bangladesh,Dry Bulk,445.0,2025-05-20_Week_20_2025_Athenian_Demo_Report.pdf
2025-05-20,20,Turkey,Tankers,484.0,2025-05-20_Week_20_2025_Athenian_Demo_Report.pdf
2025-05-20,20,Pakistan,Tankers,494.0,2025-05-20_Week_20_2025_Athenian_Demo_Report.pdf
2025-05-20,20,Bangladesh,Tankers,494.0,2025-05-20_Week_20_2025_Athenian_Demo_Report.pdf
2025-05-20,20,India,Tankers,469.0,2025-05-20_Week_20_2025_Athenian_Demo_Report.pdf
2025-05-20,20,India,Dry Bulk,464.0,2025-05-20_Week_20_2025_Athenian_Demo_Report.pdf
2025-05-27,21,Turkey,Dry Bulk,464.0,2025-05-27_Week-21-Athenian-Demo-Report.pdf
2025-05-27,21,Turkey,Containers,450.0,2025-05-27_Week-21-Athenian-Demo-Report.pdf
2025-05-27,21,Pakistan,Containers,281.0,2025-05-27_Week-21-Athenian-Demo-Report.pdf
2025-05-27,21,Bangladesh,Containers,261.0,2025-05-27_Week-21-Athenian-Demo-Report.pdf
2025-05-27,21,India,Containers,251.0,2025-05-27_Week-21-Athenian-Demo-Report.pdf
2025-05-27,21,Pakistan,Dry Bulk,454.0,2025-05-27_Week-21-Athenian-Demo-Report.pdf
2025-05-27,21,Turkey,Tankers,484.0,2025-05-27_Week-21-Athenian-Demo-Report.pdf
2025-05-27,21,India,Dry Bulk,464.0,2025-05-27_Week-21-Athenian-Demo-Report.pdf
2025-05-27,21,Bangladesh,Dry Bulk,445.0,2025-05-27_Week-21-Athenian-Demo-Report.pdf
2025-05-27,21,Pakistan,Tankers,494.0,2025-05-27_Week-21-Athenian-Demo-Report.pdf
2025-05-27,21,Bangladesh,Tankers,485.0,2025-05-27_Week-21-Athenian-Demo-Report.pdf
2025-05-27,21,India,Tankers,470.0,2025-05-27_Week-21-Athenian-Demo-Report.pdf
2025-06-03,22,Turkey,Containers,450.0,2025-06-03_Week_22_Athenian_Demo_Report.pdf
2025-06-03,22,Pakistan,Containers,281.0,2025-06-03_Week_22_Athenian_Demo_Report.pdf
2025-06-03,22,Bangladesh,Containers,261.0,2025-06-03_Week_22_Athenian_Demo_Report.pdf
2025-06-03,22,India,Containers,251.0,2025-06-03_Week_22_Athenian_Demo_Report.pdf
2025-06-03,22,Turkey,Dry Bulk,465.0,2025-06-03_Week_22_Athenian_Demo_Report.pdf
2025-06-03,22,Pakistan,Dry Bulk,460.0,2025-06-03_Week_22_Athenian_Demo_Report.pdf
2025-06-03,22,India,Dry Bulk,464.0,2025-06-03_Week_22_Athenian_Demo_Report.pdf
2025-06-03,22,Turkey,Tankers,484.0,2025-06-03_Week_22_Athenian_Demo_Report.pdf
2025-06-03,22,Pakistan,Tankers,494.0,2025-06-03_Week_22_Athenian_Demo_Report.pdf
2025-06-03,22,Bangladesh,Tankers,485.0,2025-06-03_Week_22_Athenian_Demo_Report.pdf
2025-06-03,22,India,Tankers,470.0,2025-06-03_Week_22_Athenian_Demo_Report.pdf
2025-06-03,22,Bangladesh,Dry Bulk,455.0,2025-06-03_Week_22_Athenian_Demo_Report.pdf
2025-06-10,23,Turkey,Dry Bulk,455.0,2025-06-10_Week-23-Athenian-Demo-Report.pdf
2025-06-10,23,Turkey,Containers,440.0,2025-06-10_Week-23-Athenian-Demo-Report.pdf
2025-06-10,23,Pakistan,Containers,281.0,2025-06-10_Week-23-Athenian-Demo-Report.pdf
2025-06-10,23,Bangladesh,Containers,261.0,2025-06-10_Week-23-Athenian-Demo-Report.pdf
2025-06-10,23,India,Containers,251.0,2025-06-10_Week-23-Athenian-Demo-Report.pdf
2025-06-10,23,Pakistan,Dry Bulk,460.0,2025-06-10_Week-23-Athenian-Demo-Report.pdf
2025-06-10,23,Bangladesh,Dry Bulk,445.0,2025-06-10_Week-23-Athenian-Demo-Report.pdf
2025-06-10,23,India,Dry Bulk,450.0,2025-06-10_Week-23-Athenian-Demo-Report.pdf
2025-06-10,23,Turkey,Tankers,470.0,2025-06-10_Week-23-Athenian-Demo-Report.pdf
2025-06-10,23,Pakistan,Tankers,480.0,2025-06-10_Week-23-Athenian-Demo-Report.pdf
2025-06-10,23,Bangladesh,Tankers,475.0,2025-06-10_Week-23-Athenian-Demo-Report.pdf
2025-06-10,23,India,Tankers,460.0,2025-06-10_Week-23-Athenian-Demo-Report.pdf
2025-06-24,25,Turkey,Containers,435.0,2025-06-24_Week_25_Athenian_Demo_Report.pdf
2025-06-24,25,Pakistan,Containers,281.0,2025-06-24_Week_25_Athenian_Demo_Report.pdf
2025-06-24,25,Bangladesh,Containers,261.0,2025-06-24_Week_25_Athenian_Demo_Report.pdf
2025-06-24,25,India,Containers,251.0,2025-06-24_Week_25_Athenian_Demo_Report.pdf
2025-06-24,25,Turkey,Dry Bulk,455.0,2025-06-24_Week_25_Athenian_Demo_Report.pdf
2025-06-24,25,Pakistan,Dry Bulk,460.0,2025-06-24_Week_25_Athenian_Demo_Report.pdf
2025-06-24,25,Bangladesh,Dry Bulk,445.0,2025-06-24_Week_25_Athenian_Demo_Report.pdf
2025-06-24,25,India,Dry Bulk,445.0,2025-06-24_Week_25_Athenian_Demo_Report.pdf
2025-06-24,25,Turkey,Tankers,465.0,2025-06-24_Week_25_Athenian_Demo_Report.pdf
2025-06-24,25,Pakistan,Tankers,475.0,2025-06-24_Week_25_Athenian_Demo_Report.pdf
2025-06-24,25,Bangladesh,Tankers,470.0,2025-06-24_Week_25_Athenian_Demo_Report.pdf
2025-06-24,25,India,Tankers,455.0,2025-06-24_Week_25_Athenian_Demo_Report.pdf
2025-07-01,26,Turkey,Containers,435.0,2025-07-01_Week-26-Athenian-Demo-Report.pdf
2025-07-01,26,Pakistan,Containers,281.0,2025-07-01_Week-26-Athenian-Demo-Report.pdf
2025-07-01,26,Bangladesh,Containers,261.0,2025-07-01_Week-26-Athenian-Demo-Report.pdf
2025-07-01,26,India,Containers,251.0,2025-07-01_Week-26-Athenian-Demo-Report.pdf
2025-07-01,26,Turkey,Dry Bulk,455.0,2025-07-01_Week-26-Athenian-Demo-Report.pdf
2025-07-01,26,Pakistan,Dry Bulk,460.0,2025-07-01_Week-26-Athenian-Demo-Report.pdf
2025-07-01,26,Bangladesh,Dry Bulk,445.0,2025-07-01_Week-26-Athenian-Demo-Report.pdf
2025-07-01,26,India,Dry Bulk,440.0,2025-07-01_Week-26-Athenian-Demo-Report.pdf
2025-07-01,26,Turkey,Tankers,460.0,2025-07-01_Week-26-Athenian-Demo-Report.pdf
2025-07-01,26,Pakistan,Tankers,470.0,2025-07-01_Week-26-Athenian-Demo-Report.pdf
2025-07-01,26,Bangladesh,Tankers,465.0,2025-07-01_Week-26-Athenian-Demo-Report.pdf
2025-07-01,26,India,Tankers,450.0,2025-07-01_Week-26-Athenian-Demo-Report.pdf
2025-07-08,27,Turkey,Containers,425.0,2025-07-08_Week-27-Athenian-Demo-Report.pdf
2025-07-08,27,Pakistan,Containers,281.0,2025-07-08_Week-27-Athenian-Demo-Report.pdf
2025-07-08,27,Bangladesh,Containers,261.0,2025-07-08_Week-27-Athenian-Demo-Report.pdf
2025-07-08,27,India,Containers,251.0,2025-07-08_Week-27-Athenian-Demo-Report.pdf
2025-07-08,27,Turkey,Dry Bulk,450.0,2025-07-08_Week-27-Athenian-Demo-Report.pdf
2025-07-08,27,Pakistan,Dry Bulk,455.0,2025-07-08_Week-27-Athenian-Demo-Report.pdf
2025-07-08,27,Bangladesh,Dry Bulk,440.0,2025-07-08_Week-27-Athenian-Demo-Report.pdf
2025-07-08,27,India,Dry Bulk,425.0,2025-07-08_Week-27-Athenian-Demo-Report.pdf
2025-07-08,27,Turkey,Tankers,445.0,2025-07-08_Week-27-Athenian-Demo-Report.pdf
2025-07-08,27,Pakistan,Tankers,455.0,2025-07-08_Week-27-Athenian-Demo-Report.pdf
2025-07-08,27,Bangladesh,Tankers,455.0,2025-07-08_Week-27-Athenian-Demo-Report.pdf
2025-07-08,27,India,Tankers,440.0,2025-07-08_Week-27-Athenian-Demo-Report.pdf
2025-07-15,28,Turkey,Containers,420.0,2025-07-15_Week-28-Athenian-Demo-Report.pdf
2025-07-15,28,Pakistan,Containers,281.0,2025-07-15_Week-28-Athenian-Demo-Report.pdf
2025-07-15,28,Bangladesh,Containers,261.0,2025-07-15_Week-28-Athenian-Demo-Report.pdf
2025-07-15,28,India,Containers,251.0,2025-07-15_Week-28-Athenian-Demo-Report.pdf
2025-07-15,28,Turkey,Dry Bulk,455.0,2025-07-15_Week-28-Athenian-Demo-Report.pdf
2025-07-15,28,Bangladesh,Dry Bulk,435.0,2025-07-15_Week-28-Athenian-Demo-Report.pdf
2025-07-15,28,Turkey,Tankers,440.0,2025-07-15_Week-28-Athenian-Demo-Report.pdf
2025-07-15,28,India,Dry Bulk,420.0,2025-07-15_Week-28-Athenian-Demo-Report.pdf
2025-07-15,28,Pakistan,Tankers,450.0,2025-07-15_Week-28-Athenian-Demo-Report.pdf
2025-07-15,28,Bangladesh,Tankers,450.0,2025-07-15_Week-28-Athenian-Demo-Report.pdf
2025-07-15,28,India,Tankers,435.0,2025-07-15_Week-28-Athenian-Demo-Report.pdf
2025-07-15,28,Pakistan,Dry Bulk,450.0,2025-07-15_Week-28-Athenian-Demo-Report.pdf
2025-07-22,29,Turkey,Containers,420.0,2025-07-22_Week-29-Athenian-Demo-Report.pdf
2025-07-22,29,Pakistan,Containers,281.0,2025-07-22_Week-29-Athenian-Demo-Report.pdf
2025-07-22,29,Bangladesh,Containers,261.0,2025-07-22_Week-29-Athenian-Demo-Report.pdf
2025-07-22,29,India,Containers,251.0,2025-07-22_Week-29-Athenian-Demo-Report.pdf
2025-07-22,29,Turkey,Dry Bulk,450.0,2025-07-22_Week-29-Athenian-Demo-Report.pdf
2025-07-22,29,Pakistan,Dry Bulk,445.0,2025-07-22_Week-29-Athenian-Demo-Report.pdf
2025-07-22,29,India,Dry Bulk,410.0,2025-07-22_Week-29-Athenian-Demo-Report.pdf
2025-07-22,29,Turkey,Tankers,430.0,2025-07-22_Week-29-Athenian-Demo-Report.pdf
2025-07-22,29,Pakistan,Tankers,440.0,2025-07-22_Week-29-Athenian-Demo-Report.pdf
2025-07-22,29,Bangladesh,Tankers,450.0,2025-07-22_Week-29-Athenian-Demo-Report.pdf
2025-07-22,29,India,Tankers,435.0,2025-07-22_Week-29-Athenian-Demo-Report.pdf
2025-07-22,29,Bangladesh,Dry Bulk,430.0,2025-07-22_Week-29-Athenian-Demo-Report.pdf
2025-07-29,30,India,Containers,251.0,2025-07-29_Week_30_Athenian_Demo_Report.pdf
2025-07-29,30,Bangladesh,Containers,261.0,2025-07-29_Week_30_Athenian_Demo_Report.pdf
2025-07-29,30,Turkey,Dry Bulk,450.0,2025-07-29_Week_30_Athenian_Demo_Report.pdf
2025-07-29,30,Turkey,Containers,420.0,2025-07-29_Week_30_Athenian_Demo_Report.pdf
2025-07-29,30,Pakistan,Containers,281.0,2025-07-29_Week_30_Athenian_Demo_Report.pdf
2025-07-29,30,Pakistan,Dry Bulk,445.0,2025-07-29_Week_30_Athenian_Demo_Report.pdf
2025-07-29,30,India,Tankers,435.0,2025-07-29_Week_30_Athenian_Demo_Report.pdf
2025-07-29,30,India,Dry Bulk,410.0,2025-07-29_Week_30_Athenian_Demo_Report.pdf
2025-07-29,30,Turkey,Tankers,430.0,2025-07-29_Week_30_Athenian_Demo_Report.pdf
2025-07-29,30,Pakistan,Tankers,440.0,2025-07-29_Week_30_Athenian_Demo_Report.pdf
2025-07-29,30,Bangladesh,Tankers,450.0,2025-07-29_Week_30_Athenian_Demo_Report.pdf
2025-07-29,30,Bangladesh,Dry Bulk,430.0,2025-07-29_Week_30_Athenian_Demo_Report.pdf
2025-08-05,31,Turkey,Containers,435.0,2025-08-05_Week_31_Athenian_Demo_Report.pdf
2025-08-05,31,Pakistan,Containers,281.0,2025-08-05_Week_31_Athenian_Demo_Report.pdf
2025-08-05,31,Bangladesh,Containers,261.0,2025-08-05_Week_31_Athenian_Demo_Report.pdf
2025-08-05,31,India,Containers,251.0,2025-08-05_Week_31_Athenian_Demo_Report.pdf
2025-08-05,31,Turkey,Dry Bulk,465.0,2025-08-05_Week_31_Athenian_Demo_Report.pdf
2025-08-05,31,Pakistan,Dry Bulk,450.0,2025-08-05_Week_31_Athenian_Demo_Report.pdf
2025-08-05,31,Bangladesh,Dry Bulk,430.0,2025-08-05_Week_31_Athenian_Demo_Report.pdf
2025-08-05,31,India,Dry Bulk,420.0,2025-08-05_Week_31_Athenian_Demo_Report.pdf
2025-08-05,31,Turkey,Tankers,440.0,2025-08-05_Week_31_Athenian_Demo_Report.pdf
2025-08-05,31,Pakistan,Tankers,450.0,2025-08-05_Week_31_Athenian_Demo_Report.pdf
2025-08-05,31,Bangladesh,Tankers,465.0,2025-08-05_Week_31_Athenian_Demo_Report.pdf
2025-08-05,31,India,Tankers,450.0,2025-08-05_Week_31_Athenian_Demo_Report.pdf
2025-08-12,32,Turkey,Containers,435.0,2025-08-12_Week_32_Athenian_Demo_Report.pdf
2025-08-12,32,Pakistan,Containers,281.0,2025-08-12_Week_32_Athenian_Demo_Report.pdf
2025-08-12,32,Bangladesh,Containers,261.0,2025-08-12_Week_32_Athenian_Demo_Report.pdf
2025-08-12,32,India,Containers,251.0,2025-08-12_Week_32_Athenian_Demo_Report.pdf
2025-08-12,32,Turkey,Dry Bulk,465.0,2025-08-12_Week_32_Athenian_Demo_Report.pdf
2025-08-12,32,Pakistan,Dry Bulk,450.0,2025-08-12_Week_32_Athenian_Demo_Report.pdf
2025-08-12,32,India,Dry Bulk,420.0,2025-08-12_Week_32_Athenian_Demo_Report.pdf
2025-08-12,32,Turkey,Tankers,440.0,2025-08-12_Week_32_Athenian_Demo_Report.pdf
2025-08-12,32,Pakistan,Tankers,450.0,2025-08-12_Week_32_Athenian_Demo_Report.pdf
2025-08-12,32,Bangladesh,Tankers,465.0,2025-08-12_Week_32_Athenian_Demo_Report.pdf
2025-08-12,32,India,Tankers,450.0,2025-08-12_Week_32_Athenian_Demo_Report.pdf
2025-08-12,32,Bangladesh,Dry Bulk,430.0,2025-08-12_Week_32_Athenian_Demo_Report.pdf
2025-08-26,34,Bangladesh,Dry Bulk,425.0,2025-08-26_Week_34_Athenian_Demo_Report.pdf
2025-08-26,34,Turkey,Containers,440.0,2025-08-26_Week_34_Athenian_Demo_Report.pdf
2025-08-26,34,Pakistan,Containers,281.0,2025-08-26_Week_34_Athenian_Demo_Report.pdf
2025-08-26,34,Bangladesh,Containers,261.0,2025-08-26_Week_34_Athenian_Demo_Report.pdf
2025-08-26,34,India,Containers,251.0,2025-08-26_Week_34_Athenian_Demo_Report.pdf
2025-08-26,34,Turkey,Dry Bulk,440.0,2025-08-26_Week_34_Athenian_Demo_Report.pdf
2025-08-26,34,Turkey,Tankers,440.0,2025-08-26_Week_34_Athenian_Demo_Report.pdf
2025-08-26,34,India,Dry Bulk,420.0,2025-08-26_Week_34_Athenian_Demo_Report.pdf
2025-08-26,34,Pakistan,Tankers,450.0,2025-08-26_Week_34_Athenian_Demo_Report.pdf
2025-08-26,34,Bangladesh,Tankers,475.0,2025-08-26_Week_34_Athenian_Demo_Report.pdf
2025-08-26,34,India,Tankers,455.0,2025-08-26_Week_34_Athenian_Demo_Report.pdf
2025-08-26,34,Pakistan,Dry Bulk,445.0,2025-08-26_Week_34_Athenian_Demo_Report.pdf
2025-09-02,35,India,Containers,251.0,2025-09-02_Week_35_Athenian_Demo_Report.pdf
2025-09-02,35,Bangladesh,Containers,261.0,2025-09-02_Week_35_Athenian_Demo_Report.pdf
2025-09-02,35,Turkey,Dry Bulk,440.0,2025-09-02_Week_35_Athenian_Demo_Report.pdf
2025-09-02,35,Turkey,Containers,445.0,2025-09-02_Week_35_Athenian_Demo_Report.pdf
2025-09-02,35,Pakistan,Containers,281.0,2025-09-02_Week_35_Athenian_Demo_Report.pdf
2025-09-02,35,Pakistan,Dry Bulk,445.0,2025-09-02_Week_35_Athenian_Demo_Report.pdf
2025-09-02,35,India,Tankers,460.0,2025-09-02_Week_35_Athenian_Demo_Report.pdf
2025-09-02,35,India,Dry Bulk,420.0,2025-09-02_Week_35_Athenian_Demo_Report.pdf
2025-09-02,35,Turkey,Tankers,440.0,2025-09-02_Week_35_Athenian_Demo_Report.pdf
2025-09-02,35,Pakistan,Tankers,450.0,2025-09-02_Week_35_Athenian_Demo_Report.pdf
2025-09-02,35,Bangladesh,Tankers,475.0,2025-09-02_Week_35_Athenian_Demo_Report.pdf
2025-09-02,35,Bangladesh,Dry Bulk,425.0,2025-09-02_Week_35_Athenian_Demo_Report.pdf
2025-09-16,37,Turkey,Containers,430.0,2025-09-16_Week_37_Athenian_Demo_Report.pdf
2025-09-16,37,Pakistan,Containers,281.0,2025-09-16_Week_37_Athenian_Demo_Report.pdf
2025-09-16,37,Bangladesh,Containers,261.0,2025-09-16_Week_37_Athenian_Demo_Report.pdf
2025-09-16,37,India,Containers,251.0,2025-09-16_Week_37_Athenian_Demo_Report.pdf
2025-09-16,37,Turkey,Dry Bulk,435.0,2025-09-16_Week_37_Athenian_Demo_Report.pdf
2025-09-16,37,Pakistan,Dry Bulk,440.0,2025-09-16_Week_37_Athenian_Demo_Report.pdf
2025-09-16,37,India,Dry Bulk,410.0,2025-09-16_Week_37_Athenian_Demo_Report.pdf
2025-09-16,37,Turkey,Tankers,430.0,2025-09-16_Week_37_Athenian_Demo_Report.pdf
2025-09-16,37,Pakistan,Tankers,440.0,2025-09-16_Week_37_Athenian_Demo_Report.pdf
2025-09-16,37,Bangladesh,Tankers,460.0,2025-09-16_Week_37_Athenian_Demo_Report.pdf
2025-09-16,37,India,Tankers,445.0,2025-09-16_Week_37_Athenian_Demo_Report.pdf
2025-09-16,37,Bangladesh,Dry Bulk,425.0,2025-09-16_Week_37_Athenian_Demo_Report.pdf
2025-09-23,38,Turkey,Dry Bulk,435.0,2025-09-23_Week_38_Athenian_Demo_Report.pdf
2025-09-23,38,Turkey,Containers,425.0,2025-09-23_Week_38_Athenian_Demo_Report.pdf
2025-09-23,38,Pakistan,Containers,281.0,2025-09-23_Week_38_Athenian_Demo_Report.pdf
2025-09-23,38,Bangladesh,Containers,261.0,2025-09-23_Week_38_Athenian_Demo_Report.pdf
2025-09-23,38,India,Containers,251.0,2025-09-23_Week_38_Athenian_Demo_Report.pdf
2025-09-23,38,Pakistan,Dry Bulk,440.0,2025-09-23_Week_38_Athenian_Demo_Report.pdf
2025-09-23,38,India,Tankers,445.0,2025-09-23_Week_38_Athenian_Demo_Report.pdf
2025-09-23,38,India,Dry Bulk,410.0,2025-09-23_Week_38_Athenian_Demo_Report.pdf
2025-09-23,38,Turkey,Tankers,430.0,2025-09-23_Week_38_Athenian_Demo_Report.pdf
2025-09-23,38,Pakistan,Tankers,440.0,2025-09-23_Week_38_Athenian_Demo_Report.pdf
2025-09-23,38,Bangladesh,Tankers,455.0,2025-09-23_Week_38_Athenian_Demo_Report.pdf
2025-09-23,38,Bangladesh,Dry Bulk,425.0,2025-09-23_Week_38_Athenian_Demo_Report.pdf
2025-09-30,39,Turkey,Dry Bulk,435.0,2025-09-30_Week_39_Athenian_Demo_Report.pdf
2025-09-30,39,Turkey,Containers,425.0,2025-09-30_Week_39_Athenian_Demo_Report.pdf
2025-09-30,39,Pakistan,Containers,281.0,2025-09-30_Week_39_Athenian_Demo_Report.pdf
2025-09-30,39,Bangladesh,Containers,261.0,2025-09-30_Week_39_Athenian_Demo_Report.pdf
2025-09-30,39,India,Containers,251.0,2025-09-30_Week_39_Athenian_Demo_Report.pdf
2025-09-30,39,Pakistan,Dry Bulk,440.0,2025-09-30_Week_39_Athenian_Demo_Report.pdf
2025-09-30,39,Bangladesh,Dry Bulk,425.0,2025-09-30_Week_39_Athenian_Demo_Report.pdf
2025-09-30,39,India,Dry Bulk,420.0,2025-09-30_Week_39_Athenian_Demo_Report.pdf
2025-09-30,39,Turkey,Tankers,440.0,2025-09-30_Week_39_Athenian_Demo_Report.pdf
2025-09-30,39,Pakistan,Tankers,450.0,2025-09-30_Week_39_Athenian_Demo_Report.pdf
2025-09-30,39,Bangladesh,Tankers,455.0,2025-09-30_Week_39_Athenian_Demo_Report.pdf
2025-09-30,39,India,Tankers,445.0,2025-09-30_Week_39_Athenian_Demo_Report.pdf
2025-10-07,40,Pakistan,Containers,275.0,2025-10-07_Week_40_Athenian_Demo_Report.pdf
2025-10-07,40,Bangladesh,Containers,265.0,2025-10-07_Week_40_Athenian_Demo_Report.pdf
2025-10-07,40,India,Containers,255.0,2025-10-07_Week_40_Athenian_Demo_Report.pdf
2025-10-07,40,Turkey,Dry Bulk,440.0,2025-10-07_Week_40_Athenian_Demo_Report.pdf
2025-10-07,40,Pakistan,Dry Bulk,430.0,2025-10-07_Week_40_Athenian_Demo_Report.pdf
2025-10-07,40,Turkey,Containers,410.0,2025-10-07_Week_40_Athenian_Demo_Report.pdf
2025-10-07,40,India,Dry Bulk,405.0,2025-10-07_Week_40_Athenian_Demo_Report.pdf
2025-10-07,40,Turkey,Tankers,425.0,2025-10-07_Week_40_Athenian_Demo_Report.pdf
2025-10-07,40,Pakistan,Tankers,435.0,2025-10-07_Week_40_Athenian_Demo_Report.pdf
2025-10-07,40,Bangladesh,Tankers,440.0,2025-10-07_Week_40_Athenian_Demo_Report.pdf
2025-10-07,40,India,Tankers,430.0,2025-10-07_Week_40_Athenian_Demo_Report.pdf
2025-10-07,40,Bangladesh,Dry Bulk,415.0,2025-10-07_Week_40_Athenian_Demo_Report.pdf
2025-10-14,41,Turkey,Containers,405.0,2025-10-14_Week_41_Athenian_Demo_Report.pdf
2025-10-14,41,Pakistan,Containers,275.0,2025-10-14_Week_41_Athenian_Demo_Report.pdf
2025-10-14,41,Bangladesh,Containers,265.0,2025-10-14_Week_41_Athenian_Demo_Report.pdf
2025-10-14,41,India,Containers,255.0,2025-10-14_Week_41_Athenian_Demo_Report.pdf
2025-10-14,41,Turkey,Dry Bulk,455.0,2025-10-14_Week_41_Athenian_Demo_Report.pdf
2025-10-14,41,Pakistan,Dry Bulk,445.0,2025-10-14_Week_41_Athenian_Demo_Report.pdf
2025-10-14,41,Bangladesh,Dry Bulk,425.0,2025-10-14_Week_41_Athenian_Demo_Report.pdf
2025-10-14,41,Turkey,Tankers,435.0,2025-10-14_Week_41_Athenian_Demo_Report.pdf
2025-10-14,41,Pakistan,Tankers,445.0,2025-10-14_Week_41_Athenian_Demo_Report.pdf
2025-10-14,41,Bangladesh,Tankers,435.0,2025-10-14_Week_41_Athenian_Demo_Report.pdf
2025-10-14,41,India,Tankers,425.0,2025-10-14_Week_41_Athenian_Demo_Report.pdf
2025-10-14,41,India,Dry Bulk,415.0,2025-10-14_Week_41_Athenian_Demo_Report.pdf
2025-10-21,42,Turkey,Dry Bulk,435.0,2025-10-21_Week_42_Athenian_Demo_Report.pdf
2025-10-21,42,Pakistan,Containers,275.0,2025-10-21_Week_42_Athenian_Demo_Report.pdf
2025-10-21,42,Bangladesh,Containers,265.0,2025-10-21_Week_42_Athenian_Demo_Report.pdf
2025-10-21,42,India,Containers,255.0,2025-10-21_Week_42_Athenian_Demo_Report.pdf
2025-10-21,42,Pakistan,Dry Bulk,425.0,2025-10-21_Week_42_Athenian_Demo_Report.pdf
2025-10-21,42,Turkey,Containers,395.0,2025-10-21_Week_42_Athenian_Demo_Report.pdf
2025-10-21,42,India,Dry Bulk,415.0,2025-10-21_Week_42_Athenian_Demo_Report.pdf
2025-10-21,42,India,Tankers,415.0,2025-10-21_Week_42_Athenian_Demo_Report.pdf
2025-10-21,42,Bangladesh,Tankers,425.0,2025-10-21_Week_42_Athenian_Demo_Report.pdf
2025-10-21,42,Bangladesh,Dry Bulk,410.0,2025-10-21_Week_42_Athenian_Demo_Report.pdf
2025-10-21,42,Turkey,Tankers,435.0,2025-10-21_Week_42_Athenian_Demo_Report.pdf
2025-10-21,42,Pakistan,Tankers,445.0,2025-10-21_Week_42_Athenian_Demo_Report.pdf
2025-10-29,43,Turkey,Containers,395.0,2025-10-29_Week_43_Athenian_Demo_Report.pdf
2025-10-29,43,Pakistan,Containers,275.0,2025-10-29_Week_43_Athenian_Demo_Report.pdf
2025-10-29,43,Bangladesh,Containers,265.0,2025-10-29_Week_43_Athenian_Demo_Report.pdf
2025-10-29,43,India,Containers,255.0,2025-10-29_Week_43_Athenian_Demo_Report.pdf
2025-10-29,43,Pakistan,Dry Bulk,420.0,2025-10-29_Week_43_Athenian_Demo_Report.pdf
2025-10-29,43,Turkey,Dry Bulk,430.0,2025-10-29_Week_43_Athenian_Demo_Report.pdf
2025-10-29,43,India,Dry Bulk,415.0,2025-10-29_Week_43_Athenian_Demo_Report.pdf
2025-10-29,43,Turkey,Tankers,435.0,2025-10-29_Week_43_Athenian_Demo_Report.pdf
2025-10-29,43,Pakistan,Tankers,445.0,2025-10-29_Week_43_Athenian_Demo_Report.pdf
2025-10-29,43,Bangladesh,Tankers,425.0,2025-10-29_Week_43_Athenian_Demo_Report.pdf
2025-10-29,43,India,Tankers,415.0,2025-10-29_Week_43_Athenian_Demo_Report.pdf
2025-10-29,43,Bangladesh,Dry Bulk,405.0,2025-10-29_Week_43_Athenian_Demo_Report.pdf
2025-11-04,44,Turkey,Containers,395.0,2025-11-04_Week_44_Athenian_Demo_Report.pdf
2025-11-04,44,Pakistan,Containers,281.0,2025-11-04_Week_44_Athenian_Demo_Report.pdf
2025-11-04,44,Bangladesh,Containers,271.0,2025-11-04_Week_44_Athenian_Demo_Report.pdf
2025-11-04,44,India,Containers,261.0,2025-11-04_Week_44_Athenian_Demo_Report.pdf
2025-11-04,44,Turkey,Dry Bulk,430.0,2025-11-04_Week_44_Athenian_Demo_Report.pdf
2025-11-04,44,Pakistan,Dry Bulk,420.0,2025-11-04_Week_44_Athenian_Demo_Report.pdf
2025-11-04,44,Bangladesh,Dry Bulk,405.0,2025-11-04_Week_44_Athenian_Demo_Report.pdf
2025-11-04,44,Turkey,Tankers,435.0,2025-11-04_Week_44_Athenian_Demo_Report.pdf
2025-11-04,44,Pakistan,Tankers,445.0,2025-11-04_Week_44_Athenian_Demo_Report.pdf
2025-11-04,44,Bangladesh,Tankers,425.0,2025-11-04_Week_44_Athenian_Demo_Report.pdf
2025-11-04,44,India,Tankers,415.0,2025-11-04_Week_44_Athenian_Demo_Report.pdf
2025-11-04,44,India,Dry Bulk,415.0,2025-11-04_Week_44_Athenian_Demo_Report.pdf
2025-11-11,45,Turkey,Containers,385.0,2025-11-11_Week_45_Athenian_Demo_Report.pdf
2025-11-11,45,Pakistan,Containers,286.0,2025-11-11_Week_45_Athenian_Demo_Report.pdf
2025-11-11,45,Bangladesh,Containers,276.0,2025-11-11_Week_45_Athenian_Demo_Report.pdf
2025-11-11,45,India,Containers,266.0,2025-11-11_Week_45_Athenian_Demo_Report.pdf
2025-11-11,45,Turkey,Dry Bulk,430.0,2025-11-11_Week_45_Athenian_Demo_Report.pdf
2025-11-11,45,Pakistan,Dry Bulk,420.0,2025-11-11_Week_45_Athenian_Demo_Report.pdf
2025-11-11,45,Bangladesh,Dry Bulk,405.0,2025-11-11_Week_45_Athenian_Demo_Report.pdf
2025-11-11,45,Turkey,Tankers,435.0,2025-11-11_Week_45_Athenian_Demo_Report.pdf
2025-11-11,45,Pakistan,Tankers,445.0,2025-11-11_Week_45_Athenian_Demo_Report.pdf
2025-11-11,45,Bangladesh,Tankers,415.0,2025-11-11_Week_45_Athenian_Demo_Report.pdf
2025-11-11,45,India,Tankers,405.0,2025-11-11_Week_45_Athenian_Demo_Report.pdf
2025-11-11,45,India,Dry Bulk,415.0,2025-11-11_Week_45_Athenian_Demo_Report.pdf
2025-11-18,46,Turkey,Dry Bulk,430.0,2025-11-18_Week_46_Athenian_Demo_Report.pdf
2025-11-18,46,Pakistan,Containers,286.0,2025-11-18_Week_46_Athenian_Demo_Report.pdf
2025-11-18,46,Bangladesh,Containers,276.0,2025-11-18_Week_46_Athenian_Demo_Report.pdf
2025-11-18,46,India,Containers,266.0,2025-11-18_Week_46_Athenian_Demo_Report.pdf
2025-11-18,46,Pakistan,Dry Bulk,420.0,2025-11-18_Week_46_Athenian_Demo_Report.pdf
2025-11-18,46,Turkey,Containers,385.0,2025-11-18_Week_46_Athenian_Demo_Report.pdf
2025-11-18,46,India,Dry Bulk,415.0,2025-11-18_Week_46_Athenian_Demo_Report.pdf
2025-11-18,46,India,Tankers,405.0,2025-11-18_Week_46_Athenian_Demo_Report.pdf
2025-11-18,46,Bangladesh,Tankers,415.0,2025-11-18_Week_46_Athenian_Demo_Report.pdf
2025-11-18,46,Bangladesh,Dry Bulk,405.0,2025-11-18_Week_46_Athenian_Demo_Report.pdf
2025-11-18,46,Turkey,Tankers,435.0,2025-11-18_Week_46_Athenian_Demo_Report.pdf
2025-11-18,46,Pakistan,Tankers,445.0,2025-11-18_Week_46_Athenian_Demo_Report.pdf
2025-12-02,48,Turkey,Containers,385.0,2025-12-02_Week_48_Athenian_Demo_Report.pdf
2025-12-02,48,Pakistan,Containers,286.0,2025-12-02_Week_48_Athenian_Demo_Report.pdf
2025-12-02,48,Bangladesh,Containers,276.0,2025-12-02_Week_48_Athenian_Demo_Report.pdf
2025-12-02,48,India,Containers,266.0,2025-12-02_Week_48_Athenian_Demo_Report.pdf
2025-12-02,48,Pakistan,Dry Bulk,420.0,2025-12-02_Week_48_Athenian_Demo_Report.pdf
2025-12-02,48,Turkey,Dry Bulk,430.0,2025-12-02_Week_48_Athenian_Demo_Report.pdf
2025-12-02,48,India,Dry Bulk,415.0,2025-12-02_Week_48_Athenian_Demo_Report.pdf
2025-12-02,48,Turkey,Tankers,435.0,2025-12-02_Week_48_Athenian_Demo_Report.pdf
2025-12-02,48,Pakistan,Tankers,445.0,2025-12-02_Week_48_Athenian_Demo_Report.pdf
2025-12-02,48,Bangladesh,Tankers,415.0,2025-12-02_Week_48_Athenian_Demo_Report.pdf
2025-12-02,48,India,Tankers,405.0,2025-12-02_Week_48_Athenian_Demo_Report.pdf
2025-12-02,48,Bangladesh,Dry Bulk,405.0,2025-12-02_Week_48_Athenian_Demo_Report.pdf
2025-12-09,49,Turkey,Containers,385.0,2025-12-09_Week_49_Athenian_Demo_Report.pdf
2025-12-09,49,Pakistan,Containers,286.0,2025-12-09_Week_49_Athenian_Demo_Report.pdf
2025-12-09,49,Bangladesh,Containers,276.0,2025-12-09_Week_49_Athenian_Demo_Report.pdf
2025-12-09,49,India,Containers,266.0,2025-12-09_Week_49_Athenian_Demo_Report.pdf
2025-12-09,49,Pakistan,Dry Bulk,420.0,2025-12-09_Week_49_Athenian_Demo_Report.pdf
2025-12-09,49,Turkey,Dry Bulk,430.0,2025-12-09_Week_49_Athenian_Demo_Report.pdf
2025-12-09,49,India,Dry Bulk,415.0,2025-12-09_Week_49_Athenian_Demo_Report.pdf
2025-12-09,49,India,Tankers,405.0,2025-12-09_Week_49_Athenian_Demo_Report.pdf
2025-12-09,49,Bangladesh,Tankers,415.0,2025-12-09_Week_49_Athenian_Demo_Report.pdf
2025-12-09,49,Bangladesh,Dry Bulk,405.0,2025-12-09_Week_49_Athenian_Demo_Report.pdf
2025-12-09,49,Turkey,Tankers,435.0,2025-12-09_Week_49_Athenian_Demo_Report.pdf
2025-12-09,49,Pakistan,Tankers,445.0,2025-12-09_Week_49_Athenian_Demo_Report.pdf
2025-12-30,52,Turkey,Containers,380.0,2025-12-30_Week_52_Athenian_Demo_Report.pdf
2025-12-30,52,Pakistan,Containers,295.0,2025-12-30_Week_52_Athenian_Demo_Report.pdf
2025-12-30,52,Bangladesh,Containers,285.0,2025-12-30_Week_52_Athenian_Demo_Report.pdf
2025-12-30,52,India,Containers,275.0,2025-12-30_Week_52_Athenian_Demo_Report.pdf
2025-12-30,52,Pakistan,Dry Bulk,420.0,2025-12-30_Week_52_Athenian_Demo_Report.pdf
2025-12-30,52,Turkey,Dry Bulk,430.0,2025-12-30_Week_52_Athenian_Demo_Report.pdf
2025-12-30,52,India,Dry Bulk,415.0,2025-12-30_Week_52_Athenian_Demo_Report.pdf
2025-12-30,52,Turkey,Tankers,435.0,2025-12-30_Week_52_Athenian_Demo_Report.pdf
2025-12-30,52,Pakistan,Tankers,445.0,2025-12-30_Week_52_Athenian_Demo_Report.pdf
2025-12-30,52,Bangladesh,Tankers,410.0,2025-12-30_Week_52_Athenian_Demo_Report.pdf
2025-12-30,52,India,Tankers,400.0,2025-12-30_Week_52_Athenian_Demo_Report.pdf
2025-12-30,52,Bangladesh,Dry Bulk,405.0,2025-12-30_Week_52_Athenian_Demo_Report.pdf
2026-01-06,1,Turkey,Containers,415.0,2026-01-06_Week_01_Athenian_Demo_Report_2026.pdf
2026-01-06,1,Pakistan,Containers,296.0,2026-01-06_Week_01_Athenian_Demo_Report_2026.pdf
2026-01-06,1,Bangladesh,Containers,286.0,2026-01-06_Week_01_Athenian_Demo_Report_2026.pdf
2026-01-06,1,India,Containers,276.0,2026-01-06_Week_01_Athenian_Demo_Report_2026.pdf
2026-01-06,1,Turkey,Dry Bulk,425.0,2026-01-06_Week_01_Athenian_Demo_Report_2026.pdf
2026-01-06,1,Pakistan,Dry Bulk,405.0,2026-01-06_Week_01_Athenian_Demo_Report_2026.pdf
2026-01-06,1,Bangladesh,Dry Bulk,385.0,2026-01-06_Week_01_Athenian_Demo_Report_2026.pdf
2026-01-06,1,Turkey,Tankers,405.0,2026-01-06_Week_01_Athenian_Demo_Report_2026.pdf
2026-01-06,1,India,Tankers,435.0,2026-01-06_Week_01_Athenian_Demo_Report_2026.pdf
2026-01-06,1,India,Dry Bulk,385.0,2026-01-06_Week_01_Athenian_Demo_Report_2026.pdf
2026-01-06,1,Pakistan,Tankers,415.0,2026-01-06_Week_01_Athenian_Demo_Report_2026.pdf
2026-01-06,1,Bangladesh,Tankers,445.0,2026-01-06_Week_01_Athenian_Demo_Report_2026.pdf
2026-01-14,2,Turkey,Containers,400.0,2026-01-14_Week_02_Athenian_Demo_Report_2026.pdf
2026-01-14,2,Pakistan,Containers,296.0,2026-01-14_Week_02_Athenian_Demo_Report_2026.pdf
2026-01-14,2,Bangladesh,Containers,286.0,2026-01-14_Week_02_Athenian_Demo_Report_2026.pdf
2026-01-14,2,India,Containers,276.0,2026-01-14_Week_02_Athenian_Demo_Report_2026.pdf
2026-01-14,2,Bangladesh,Dry Bulk,395.0,2026-01-14_Week_02_Athenian_Demo_Report_2026.pdf
2026-01-14,2,Turkey,Dry Bulk,425.0,2026-01-14_Week_02_Athenian_Demo_Report_2026.pdf
2026-01-14,2,Turkey,Tankers,425.0,2026-01-14_Week_02_Athenian_Demo_Report_2026.pdf
2026-01-14,2,Pakistan,Tankers,435.0,2026-01-14_Week_02_Athenian_Demo_Report_2026.pdf
2026-01-14,2,Bangladesh,Tankers,425.0,2026-01-14_Week_02_Athenian_Demo_Report_2026.pdf
2026-01-14,2,India,Tankers,425.0,2026-01-14_Week_02_Athenian_Demo_Report_2026.pdf
2026-01-14,2,India,Dry Bulk,405.0,2026-01-14_Week_02_Athenian_Demo_Report_2026.pdf
2026-01-14,2,Pakistan,Dry Bulk,415.0,2026-01-14_Week_02_Athenian_Demo_Report_2026.pdf
2026-01-20,3,Pakistan,Dry Bulk,415.0,2026-01-20_Week_03_Athenian_Demo_Report_2026.pdf
2026-01-20,3,Turkey,Containers,385.0,2026-01-20_Week_03_Athenian_Demo_Report_2026.pdf
2026-01-20,3,Pakistan,Containers,296.0,2026-01-20_Week_03_Athenian_Demo_Report_2026.pdf
2026-01-20,3,Bangladesh,Containers,286.0,2026-01-20_Week_03_Athenian_Demo_Report_2026.pdf
2026-01-20,3,India,Containers,276.0,2026-01-20_Week_03_Athenian_Demo_Report_2026.pdf
2026-01-20,3,Turkey,Dry Bulk,425.0,2026-01-20_Week_03_Athenian_Demo_Report_2026.pdf
2026-01-20,3,Bangladesh,Dry Bulk,395.0,2026-01-20_Week_03_Athenian_Demo_Report_2026.pdf
2026-01-20,3,Turkey,Tankers,425.0,2026-01-20_Week_03_Athenian_Demo_Report_2026.pdf
2026-01-20,3,Pakistan,Tankers,435.0,2026-01-20_Week_03_Athenian_Demo_Report_2026.pdf
2026-01-20,3,Bangladesh,Tankers,415.0,2026-01-20_Week_03_Athenian_Demo_Report_2026.pdf
2026-01-20,3,India,Tankers,405.0,2026-01-20_Week_03_Athenian_Demo_Report_2026.pdf
2026-01-20,3,India,Dry Bulk,405.0,2026-01-20_Week_03_Athenian_Demo_Report_2026.pdf
2026-01-27,4,Turkey,Containers,415.0,2026-01-27_Week_04_Athenian_Demo_Report_2026.pdf
2026-01-27,4,Pakistan,Containers,296.0,2026-01-27_Week_04_Athenian_Demo_Report_2026.pdf
2026-01-27,4,Bangladesh,Containers,286.0,2026-01-27_Week_04_Athenian_Demo_Report_2026.pdf
2026-01-27,4,India,Containers,276.0,2026-01-27_Week_04_Athenian_Demo_Report_2026.pdf
2026-01-27,4,Turkey,Dry Bulk,455.0,2026-01-27_Week_04_Athenian_Demo_Report_2026.pdf
2026-01-27,4,Pakistan,Dry Bulk,445.0,2026-01-27_Week_04_Athenian_Demo_Report_2026.pdf
2026-01-27,4,Bangladesh,Dry Bulk,425.0,2026-01-27_Week_04_Athenian_Demo_Report_2026.pdf
2026-01-27,4,Turkey,Tankers,425.0,2026-01-27_Week_04_Athenian_Demo_Report_2026.pdf
2026-01-27,4,Pakistan,Tankers,435.0,2026-01-27_Week_04_Athenian_Demo_Report_2026.pdf
2026-01-27,4,Bangladesh,Tankers,445.0,2026-01-27_Week_04_Athenian_Demo_Report_2026.pdf
2026-01-27,4,India,Tankers,435.0,2026-01-27_Week_04_Athenian_Demo_Report_2026.pdf
2026-01-27,4,India,Dry Bulk,405.0,2026-01-27_Week_04_Athenian_Demo_Report_2026.pdf
2026-02-03,5,Turkey,Dry Bulk,455.0,2026-02-03_Week_05_Athenian_Demo_Report_2026.pdf
2026-02-03,5,Pakistan,Containers,296.0,2026-02-03_Week_05_Athenian_Demo_Report_2026.pdf
2026-02-03,5,Turkey,Containers,405.0,2026-02-03_Week_05_Athenian_Demo_Report_2026.pdf
2026-02-03,5,India,Containers,276.0,2026-02-03_Week_05_Athenian_Demo_Report_2026.pdf
2026-02-03,5,Pakistan,Dry Bulk,445.0,2026-02-03_Week_05_Athenian_Demo_Report_2026.pdf
2026-02-03,5,Bangladesh,Containers,286.0,2026-02-03_Week_05_Athenian_Demo_Report_2026.pdf
2026-02-03,5,India,Dry Bulk,405.0,2026-02-03_Week_05_Athenian_Demo_Report_2026.pdf
2026-02-03,5,Turkey,Tankers,425.0,2026-02-03_Week_05_Athenian_Demo_Report_2026.pdf
2026-02-03,5,Pakistan,Tankers,435.0,2026-02-03_Week_05_Athenian_Demo_Report_2026.pdf
2026-02-03,5,Bangladesh,Tankers,435.0,2026-02-03_Week_05_Athenian_Demo_Report_2026.pdf
2026-02-03,5,India,Tankers,425.0,2026-02-03_Week_05_Athenian_Demo_Report_2026.pdf
2026-02-03,5,Bangladesh,Dry Bulk,425.0,2026-02-03_Week_05_Athenian_Demo_Report_2026.pdf
2026-02-10,6,Pakistan,Containers,296.0,2026-02-10_Week_06_Athenian_Demo_Report_2026.pdf
2026-02-10,6,Bangladesh,Containers,286.0,2026-02-10_Week_06_Athenian_Demo_Report_2026.pdf
2026-02-10,6,India,Containers,276.0,2026-02-10_Week_06_Athenian_Demo_Report_2026.pdf
2026-02-10,6,Turkey,Dry Bulk,455.0,2026-02-10_Week_06_Athenian_Demo_Report_2026.pdf
2026-02-10,6,Pakistan,Dry Bulk,445.0,2026-02-10_Week_06_Athenian_Demo_Report_2026.pdf
2026-02-10,6,Turkey,Containers,405.0,2026-02-10_Week_06_Athenian_Demo_Report_2026.pdf
2026-02-10,6,India,Dry Bulk,405.0,2026-02-10_Week_06_Athenian_Demo_Report_2026.pdf
2026-02-10,6,Turkey,Tankers,425.0,2026-02-10_Week_06_Athenian_Demo_Report_2026.pdf
2026-02-10,6,Pakistan,Tankers,435.0,2026-02-10_Week_06_Athenian_Demo_Report_2026.pdf
2026-02-10,6,Bangladesh,Tankers,435.0,2026-02-10_Week_06_Athenian_Demo_Report_2026.pdf
2026-02-10,6,India,Tankers,425.0,2026-02-10_Week_06_Athenian_Demo_Report_2026.pdf
2026-02-10,6,Bangladesh,Dry Bulk,425.0,2026-02-10_Week_06_Athenian_Demo_Report_2026.pdf
2026-02-17,7,Turkey,Containers,405.0,2026-02-17_Week_07_Athenian_Demo_Report_2026.pdf
2026-02-17,7,Pakistan,Containers,296.0,2026-02-17_Week_07_Athenian_Demo_Report_2026.pdf
2026-02-17,7,Bangladesh,Containers,286.0,2026-02-17_Week_07_Athenian_Demo_Report_2026.pdf
2026-02-17,7,India,Containers,276.0,2026-02-17_Week_07_Athenian_Demo_Report_2026.pdf
2026-02-17,7,Turkey,Dry Bulk,455.0,2026-02-17_Week_07_Athenian_Demo_Report_2026.pdf
2026-02-17,7,Pakistan,Dry Bulk,445.0,2026-02-17_Week_07_Athenian_Demo_Report_2026.pdf
2026-02-17,7,Bangladesh,Dry Bulk,425.0,2026-02-17_Week_07_Athenian_Demo_Report_2026.pdf
2026-02-17,7,Turkey,Tankers,425.0,2026-02-17_Week_07_Athenian_Demo_Report_2026.pdf
2026-02-17,7,Pakistan,Tankers,435.0,2026-02-17_Week_07_Athenian_Demo_Report_2026.pdf
2026-02-17,7,Bangladesh,Tankers,435.0,2026-02-17_Week_07_Athenian_Demo_Report_2026.pdf
2026-02-17,7,India,Tankers,425.0,2026-02-17_Week_07_Athenian_Demo_Report_2026.pdf
2026-02-17,7,India,Dry Bulk,405.0,2026-02-17_Week_07_Athenian_Demo_Report_2026.pdf
2026-02-24,8,Turkey,Dry Bulk,455.0,2026-02-24_Week_08_Athenian_Demolition_Report_2026.pdf
2026-02-24,8,Pakistan,Containers,296.0,2026-02-24_Week_08_Athenian_Demolition_Report_2026.pdf
2026-02-24,8,Bangladesh,Containers,286.0,2026-02-24_Week_08_Athenian_Demolition_Report_2026.pdf
2026-02-24,8,India,Containers,276.0,2026-02-24_Week_08_Athenian_Demolition_Report_2026.pdf
2026-02-24,8,Pakistan,Dry Bulk,445.0,2026-02-24_Week_08_Athenian_Demolition_Report_2026.pdf
2026-02-24,8,Turkey,Containers,400.0,2026-02-24_Week_08_Athenian_Demolition_Report_2026.pdf
2026-02-24,8,India,Dry Bulk,405.0,2026-02-24_Week_08_Athenian_Demolition_Report_2026.pdf
2026-02-24,8,India,Tankers,420.0,2026-02-24_Week_08_Athenian_Demolition_Report_2026.pdf
2026-02-24,8,Bangladesh,Tankers,430.0,2026-02-24_Week_08_Athenian_Demolition_Report_2026.pdf
2026-02-24,8,Bangladesh,Dry Bulk,425.0,2026-02-24_Week_08_Athenian_Demolition_Report_2026.pdf
2026-02-24,8,Turkey,Tankers,425.0,2026-02-24_Week_08_Athenian_Demolition_Report_2026.pdf
2026-02-24,8,Pakistan,Tankers,435.0,2026-02-24_Week_08_Athenian_Demolition_Report_2026.pdf
2026-03-03,9,Turkey,Containers,410.0,2026-03-03_Week_09_Athenian_Demolition_Report_2026.pdf
2026-03-03,9,Pakistan,Containers,296.0,2026-03-03_Week_09_Athenian_Demolition_Report_2026.pdf
2026-03-03,9,Bangladesh,Containers,286.0,2026-03-03_Week_09_Athenian_Demolition_Report_2026.pdf
2026-03-03,9,India,Containers,276.0,2026-03-03_Week_09_Athenian_Demolition_Report_2026.pdf
2026-03-03,9,Pakistan,Dry Bulk,445.0,2026-03-03_Week_09_Athenian_Demolition_Report_2026.pdf
2026-03-03,9,Turkey,Dry Bulk,455.0,2026-03-03_Week_09_Athenian_Demolition_Report_2026.pdf
2026-03-03,9,India,Dry Bulk,410.0,2026-03-03_Week_09_Athenian_Demolition_Report_2026.pdf
2026-03-03,9,Turkey,Tankers,425.0,2026-03-03_Week_09_Athenian_Demolition_Report_2026.pdf
2026-03-03,9,Pakistan,Tankers,435.0,2026-03-03_Week_09_Athenian_Demolition_Report_2026.pdf
2026-03-03,9,Bangladesh,Tankers,435.0,2026-03-03_Week_09_Athenian_Demolition_Report_2026.pdf
2026-03-03,9,India,Tankers,425.0,2026-03-03_Week_09_Athenian_Demolition_Report_2026.pdf
2026-03-03,9,Bangladesh,Dry Bulk,425.0,2026-03-03_Week_09_Athenian_Demolition_Report_2026.pdf
2026-03-10,10,Turkey,Containers,410.0,2026-03-10_Week_10_Athenian_Demolition_Report_2026.pdf
2026-03-10,10,Pakistan,Containers,296.0,2026-03-10_Week_10_Athenian_Demolition_Report_2026.pdf
2026-03-10,10,Bangladesh,Containers,286.0,2026-03-10_Week_10_Athenian_Demolition_Report_2026.pdf
2026-03-10,10,India,Containers,276.0,2026-03-10_Week_10_Athenian_Demolition_Report_2026.pdf
2026-03-10,10,Turkey,Dry Bulk,455.0,2026-03-10_Week_10_Athenian_Demolition_Report_2026.pdf
2026-03-10,10,Pakistan,Dry Bulk,445.0,2026-03-10_Week_10_Athenian_Demolition_Report_2026.pdf
2026-03-10,10,Bangladesh,Dry Bulk,425.0,2026-03-10_Week_10_Athenian_Demolition_Report_2026.pdf
2026-03-10,10,Turkey,Tankers,425.0,2026-03-10_Week_10_Athenian_Demolition_Report_2026.pdf
2026-03-10,10,Pakistan,Tankers,435.0,2026-03-10_Week_10_Athenian_Demolition_Report_2026.pdf
2026-03-10,10,Bangladesh,Tankers,435.0,2026-03-10_Week_10_Athenian_Demolition_Report_2026.pdf
2026-03-10,10,India,Tankers,425.0,2026-03-10_Week_10_Athenian_Demolition_Report_2026.pdf
2026-03-10,10,India,Dry Bulk,410.0,2026-03-10_Week_10_Athenian_Demolition_Report_2026.pdf
2026-03-17,11,Turkey,Containers,410.0,2026-03-17_Week_11_Athenian_Demolition_Report_2026.pdf
2026-03-17,11,Pakistan,Containers,296.0,2026-03-17_Week_11_Athenian_Demolition_Report_2026.pdf
2026-03-17,11,Bangladesh,Containers,286.0,2026-03-17_Week_11_Athenian_Demolition_Report_2026.pdf
2026-03-17,11,India,Containers,276.0,2026-03-17_Week_11_Athenian_Demolition_Report_2026.pdf
2026-03-17,11,Turkey,Dry Bulk,455.0,2026-03-17_Week_11_Athenian_Demolition_Report_2026.pdf
2026-03-17,11,Pakistan,Dry Bulk,445.0,2026-03-17_Week_11_Athenian_Demolition_Report_2026.pdf
2026-03-17,11,Bangladesh,Dry Bulk,425.0,2026-03-17_Week_11_Athenian_Demolition_Report_2026.pdf
2026-03-17,11,Turkey,Tankers,425.0,2026-03-17_Week_11_Athenian_Demolition_Report_2026.pdf
2026-03-17,11,Pakistan,Tankers,435.0,2026-03-17_Week_11_Athenian_Demolition_Report_2026.pdf
2026-03-17,11,Bangladesh,Tankers,435.0,2026-03-17_Week_11_Athenian_Demolition_Report_2026.pdf
2026-03-17,11,India,Tankers,425.0,2026-03-17_Week_11_Athenian_Demolition_Report_2026.pdf
2026-03-17,11,India,Dry Bulk,415.0,2026-03-17_Week_11_Athenian_Demolition_Report_2026.pdf
2026-03-24,12,Turkey,Dry Bulk,445.0,2026-03-24_Week_12_Athenian_Demolition_Report_2026.pdf
2026-03-24,12,Pakistan,Containers,296.0,2026-03-24_Week_12_Athenian_Demolition_Report_2026.pdf
2026-03-24,12,Bangladesh,Containers,286.0,2026-03-24_Week_12_Athenian_Demolition_Report_2026.pdf
2026-03-24,12,India,Containers,276.0,2026-03-24_Week_12_Athenian_Demolition_Report_2026.pdf
2026-03-24,12,Pakistan,Dry Bulk,435.0,2026-03-24_Week_12_Athenian_Demolition_Report_2026.pdf
2026-03-24,12,Turkey,Containers,410.0,2026-03-24_Week_12_Athenian_Demolition_Report_2026.pdf
2026-03-24,12,India,Dry Bulk,425.0,2026-03-24_Week_12_Athenian_Demolition_Report_2026.pdf
2026-03-24,12,India,Tankers,425.0,2026-03-24_Week_12_Athenian_Demolition_Report_2026.pdf
2026-03-24,12,Bangladesh,Tankers,435.0,2026-03-24_Week_12_Athenian_Demolition_Report_2026.pdf
2026-03-24,12,Bangladesh,Dry Bulk,420.0,2026-03-24_Week_12_Athenian_Demolition_Report_2026.pdf
2026-03-24,12,Turkey,Tankers,450.0,2026-03-24_Week_12_Athenian_Demolition_Report_2026.pdf
2026-03-24,12,Pakistan,Tankers,460.0,2026-03-24_Week_12_Athenian_Demolition_Report_2026.pdf
2026-03-31,13,Turkey,Containers,420.0,2026-03-31_Week_13_Athenian_Demolition_Report_2026.pdf
2026-03-31,13,Pakistan,Containers,296.0,2026-03-31_Week_13_Athenian_Demolition_Report_2026.pdf
2026-03-31,13,Bangladesh,Containers,286.0,2026-03-31_Week_13_Athenian_Demolition_Report_2026.pdf
2026-03-31,13,India,Containers,276.0,2026-03-31_Week_13_Athenian_Demolition_Report_2026.pdf
2026-03-31,13,Pakistan,Dry Bulk,445.0,2026-03-31_Week_13_Athenian_Demolition_Report_2026.pdf
2026-03-31,13,Turkey,Dry Bulk,455.0,2026-03-31_Week_13_Athenian_Demolition_Report_2026.pdf
2026-03-31,13,India,Dry Bulk,440.0,2026-03-31_Week_13_Athenian_Demolition_Report_2026.pdf
2026-03-31,13,Turkey,Tankers,450.0,2026-03-31_Week_13_Athenian_Demolition_Report_2026.pdf
2026-03-31,13,Pakistan,Tankers,460.0,2026-03-31_Week_13_Athenian_Demolition_Report_2026.pdf
2026-03-31,13,Bangladesh,Tankers,440.0,2026-03-31_Week_13_Athenian_Demolition_Report_2026.pdf
2026-03-31,13,India,Tankers,430.0,2026-03-31_Week_13_Athenian_Demolition_Report_2026.pdf
2026-03-31,13,Bangladesh,Dry Bulk,430.0,2026-03-31_Week_13_Athenian_Demolition_Report_2026.pdf
2026-04-07,14,Turkey,Containers,420.0,2026-04-07_Week_14_Athenian_Demolition_Report_2026.pdf
2026-04-07,14,Pakistan,Containers,296.0,2026-04-07_Week_14_Athenian_Demolition_Report_2026.pdf
2026-04-07,14,Bangladesh,Containers,286.0,2026-04-07_Week_14_Athenian_Demolition_Report_2026.pdf
2026-04-07,14,India,Containers,276.0,2026-04-07_Week_14_Athenian_Demolition_Report_2026.pdf
2026-04-07,14,Pakistan,Dry Bulk,445.0,2026-04-07_Week_14_Athenian_Demolition_Report_2026.pdf
2026-04-07,14,Turkey,Dry Bulk,455.0,2026-04-07_Week_14_Athenian_Demolition_Report_2026.pdf
2026-04-07,14,India,Dry Bulk,440.0,2026-04-07_Week_14_Athenian_Demolition_Report_2026.pdf
2026-04-07,14,India,Tankers,430.0,2026-04-07_Week_14_Athenian_Demolition_Report_2026.pdf
2026-04-07,14,Bangladesh,Tankers,440.0,2026-04-07_Week_14_Athenian_Demolition_Report_2026.pdf
2026-04-07,14,Bangladesh,Dry Bulk,430.0,2026-04-07_Week_14_Athenian_Demolition_Report_2026.pdf
2026-04-07,14,Turkey,Tankers,450.0,2026-04-07_Week_14_Athenian_Demolition_Report_2026.pdf
2026-04-07,14,Pakistan,Tankers,460.0,2026-04-07_Week_14_Athenian_Demolition_Report_2026.pdf
2026-04-14,15,Turkey,Containers,420.0,2026-04-14_athenian-shipbrokers-s-a-demolition-quick-update-week-15-2026_week-15-athenian-demolition-report-2_dafcc8822921.pdf
2026-04-14,15,Pakistan,Containers,296.0,2026-04-14_athenian-shipbrokers-s-a-demolition-quick-update-week-15-2026_week-15-athenian-demolition-report-2_dafcc8822921.pdf
2026-04-14,15,Bangladesh,Containers,286.0,2026-04-14_athenian-shipbrokers-s-a-demolition-quick-update-week-15-2026_week-15-athenian-demolition-report-2_dafcc8822921.pdf
2026-04-14,15,India,Containers,276.0,2026-04-14_athenian-shipbrokers-s-a-demolition-quick-update-week-15-2026_week-15-athenian-demolition-report-2_dafcc8822921.pdf
2026-04-14,15,Pakistan,Dry Bulk,445.0,2026-04-14_athenian-shipbrokers-s-a-demolition-quick-update-week-15-2026_week-15-athenian-demolition-report-2_dafcc8822921.pdf
2026-04-14,15,Turkey,Dry Bulk,455.0,2026-04-14_athenian-shipbrokers-s-a-demolition-quick-update-week-15-2026_week-15-athenian-demolition-report-2_dafcc8822921.pdf
2026-04-14,15,India,Dry Bulk,440.0,2026-04-14_athenian-shipbrokers-s-a-demolition-quick-update-week-15-2026_week-15-athenian-demolition-report-2_dafcc8822921.pdf
2026-04-14,15,Turkey,Tankers,465.0,2026-04-14_athenian-shipbrokers-s-a-demolition-quick-update-week-15-2026_week-15-athenian-demolition-report-2_dafcc8822921.pdf
2026-04-14,15,Pakistan,Tankers,475.0,2026-04-14_athenian-shipbrokers-s-a-demolition-quick-update-week-15-2026_week-15-athenian-demolition-report-2_dafcc8822921.pdf
2026-04-14,15,Bangladesh,Tankers,440.0,2026-04-14_athenian-shipbrokers-s-a-demolition-quick-update-week-15-2026_week-15-athenian-demolition-report-2_dafcc8822921.pdf
2026-04-14,15,India,Tankers,430.0,2026-04-14_athenian-shipbrokers-s-a-demolition-quick-update-week-15-2026_week-15-athenian-demolition-report-2_dafcc8822921.pdf
2026-04-14,15,Bangladesh,Dry Bulk,430.0,2026-04-14_athenian-shipbrokers-s-a-demolition-quick-update-week-15-2026_week-15-athenian-demolition-report-2_dafcc8822921.pdf
2026-04-21,16,Turkey,Containers,420.0,2026-04-21_athenian-shipbrokers-s-a-demolition-quick-update-week-16-2026_week-16-athenian-demolition-report-2_bc23205e7db5.pdf
2026-04-21,16,Pakistan,Containers,296.0,2026-04-21_athenian-shipbrokers-s-a-demolition-quick-update-week-16-2026_week-16-athenian-demolition-report-2_bc23205e7db5.pdf
2026-04-21,16,Bangladesh,Containers,286.0,2026-04-21_athenian-shipbrokers-s-a-demolition-quick-update-week-16-2026_week-16-athenian-demolition-report-2_bc23205e7db5.pdf
2026-04-21,16,India,Containers,276.0,2026-04-21_athenian-shipbrokers-s-a-demolition-quick-update-week-16-2026_week-16-athenian-demolition-report-2_bc23205e7db5.pdf
2026-04-21,16,Turkey,Dry Bulk,465.0,2026-04-21_athenian-shipbrokers-s-a-demolition-quick-update-week-16-2026_week-16-athenian-demolition-report-2_bc23205e7db5.pdf
2026-04-21,16,Pakistan,Dry Bulk,455.0,2026-04-21_athenian-shipbrokers-s-a-demolition-quick-update-week-16-2026_week-16-athenian-demolition-report-2_bc23205e7db5.pdf
2026-04-21,16,Bangladesh,Dry Bulk,440.0,2026-04-21_athenian-shipbrokers-s-a-demolition-quick-update-week-16-2026_week-16-athenian-demolition-report-2_bc23205e7db5.pdf
2026-04-21,16,Turkey,Tankers,475.0,2026-04-21_athenian-shipbrokers-s-a-demolition-quick-update-week-16-2026_week-16-athenian-demolition-report-2_bc23205e7db5.pdf
2026-04-21,16,India,Tankers,440.0,2026-04-21_athenian-shipbrokers-s-a-demolition-quick-update-week-16-2026_week-16-athenian-demolition-report-2_bc23205e7db5.pdf
2026-04-21,16,India,Dry Bulk,455.0,2026-04-21_athenian-shipbrokers-s-a-demolition-quick-update-week-16-2026_week-16-athenian-demolition-report-2_bc23205e7db5.pdf
2026-04-21,16,Pakistan,Tankers,485.0,2026-04-21_athenian-shipbrokers-s-a-demolition-quick-update-week-16-2026_week-16-athenian-demolition-report-2_bc23205e7db5.pdf
2026-04-21,16,Bangladesh,Tankers,450.0,2026-04-21_athenian-shipbrokers-s-a-demolition-quick-update-week-16-2026_week-16-athenian-demolition-report-2_bc23205e7db5.pdf
2026-04-28,17,Turkey,Containers,420.0,2026-04-28_athenian-shipbrokers-s-a-demolition-quick-update-week-17-2026_week-17-athenian-demolition-report-2_4418caea08af.pdf
2026-04-28,17,Pakistan,Containers,296.0,2026-04-28_athenian-shipbrokers-s-a-demolition-quick-update-week-17-2026_week-17-athenian-demolition-report-2_4418caea08af.pdf
2026-04-28,17,Bangladesh,Containers,286.0,2026-04-28_athenian-shipbrokers-s-a-demolition-quick-update-week-17-2026_week-17-athenian-demolition-report-2_4418caea08af.pdf
2026-04-28,17,India,Containers,276.0,2026-04-28_athenian-shipbrokers-s-a-demolition-quick-update-week-17-2026_week-17-athenian-demolition-report-2_4418caea08af.pdf
2026-04-28,17,Bangladesh,Dry Bulk,450.0,2026-04-28_athenian-shipbrokers-s-a-demolition-quick-update-week-17-2026_week-17-athenian-demolition-report-2_4418caea08af.pdf
2026-04-28,17,Turkey,Dry Bulk,475.0,2026-04-28_athenian-shipbrokers-s-a-demolition-quick-update-week-17-2026_week-17-athenian-demolition-report-2_4418caea08af.pdf
2026-04-28,17,Turkey,Tankers,475.0,2026-04-28_athenian-shipbrokers-s-a-demolition-quick-update-week-17-2026_week-17-athenian-demolition-report-2_4418caea08af.pdf
2026-04-28,17,Pakistan,Tankers,485.0,2026-04-28_athenian-shipbrokers-s-a-demolition-quick-update-week-17-2026_week-17-athenian-demolition-report-2_4418caea08af.pdf
2026-04-28,17,Bangladesh,Tankers,450.0,2026-04-28_athenian-shipbrokers-s-a-demolition-quick-update-week-17-2026_week-17-athenian-demolition-report-2_4418caea08af.pdf
2026-04-28,17,India,Tankers,440.0,2026-04-28_athenian-shipbrokers-s-a-demolition-quick-update-week-17-2026_week-17-athenian-demolition-report-2_4418caea08af.pdf
2026-04-28,17,India,Dry Bulk,455.0,2026-04-28_athenian-shipbrokers-s-a-demolition-quick-update-week-17-2026_week-17-athenian-demolition-report-2_4418caea08af.pdf
2026-04-28,17,Pakistan,Dry Bulk,465.0,2026-04-28_athenian-shipbrokers-s-a-demolition-quick-update-week-17-2026_week-17-athenian-demolition-report-2_4418caea08af.pdf
2026-05-05,18,Pakistan,Dry Bulk,465.0,2026-05-05_athenian-shipbrokers-s-a-demolition-quick-update-week-18-2026_week-18-athenian-demolition-report-2_ac961bf72f5c.pdf
2026-05-05,18,Turkey,Containers,420.0,2026-05-05_athenian-shipbrokers-s-a-demolition-quick-update-week-18-2026_week-18-athenian-demolition-report-2_ac961bf72f5c.pdf
2026-05-05,18,Pakistan,Containers,296.0,2026-05-05_athenian-shipbrokers-s-a-demolition-quick-update-week-18-2026_week-18-athenian-demolition-report-2_ac961bf72f5c.pdf
2026-05-05,18,Bangladesh,Containers,286.0,2026-05-05_athenian-shipbrokers-s-a-demolition-quick-update-week-18-2026_week-18-athenian-demolition-report-2_ac961bf72f5c.pdf
2026-05-05,18,India,Containers,276.0,2026-05-05_athenian-shipbrokers-s-a-demolition-quick-update-week-18-2026_week-18-athenian-demolition-report-2_ac961bf72f5c.pdf
2026-05-05,18,Turkey,Dry Bulk,475.0,2026-05-05_athenian-shipbrokers-s-a-demolition-quick-update-week-18-2026_week-18-athenian-demolition-report-2_ac961bf72f5c.pdf
2026-05-05,18,Bangladesh,Dry Bulk,450.0,2026-05-05_athenian-shipbrokers-s-a-demolition-quick-update-week-18-2026_week-18-athenian-demolition-report-2_ac961bf72f5c.pdf
2026-05-05,18,Turkey,Tankers,480.0,2026-05-05_athenian-shipbrokers-s-a-demolition-quick-update-week-18-2026_week-18-athenian-demolition-report-2_ac961bf72f5c.pdf
2026-05-05,18,Pakistan,Tankers,490.0,2026-05-05_athenian-shipbrokers-s-a-demolition-quick-update-week-18-2026_week-18-athenian-demolition-report-2_ac961bf72f5c.pdf
2026-05-05,18,Bangladesh,Tankers,450.0,2026-05-05_athenian-shipbrokers-s-a-demolition-quick-update-week-18-2026_week-18-athenian-demolition-report-2_ac961bf72f5c.pdf
2026-05-05,18,India,Tankers,440.0,2026-05-05_athenian-shipbrokers-s-a-demolition-quick-update-week-18-2026_week-18-athenian-demolition-report-2_ac961bf72f5c.pdf
2026-05-05,18,India,Dry Bulk,460.0,2026-05-05_athenian-shipbrokers-s-a-demolition-quick-update-week-18-2026_week-18-athenian-demolition-report-2_ac961bf72f5c.pdf
2026-05-12,19,Turkey,Containers,420.0,2026-05-12_athenian-shipbrokers-s-a-demolition-quick-update-week-19-2026_week-19-athenian-demolition-report-2_081308a4552e.pdf
2026-05-12,19,Pakistan,Containers,296.0,2026-05-12_athenian-shipbrokers-s-a-demolition-quick-update-week-19-2026_week-19-athenian-demolition-report-2_081308a4552e.pdf
2026-05-12,19,Bangladesh,Containers,286.0,2026-05-12_athenian-shipbrokers-s-a-demolition-quick-update-week-19-2026_week-19-athenian-demolition-report-2_081308a4552e.pdf
2026-05-12,19,India,Containers,276.0,2026-05-12_athenian-shipbrokers-s-a-demolition-quick-update-week-19-2026_week-19-athenian-demolition-report-2_081308a4552e.pdf
2026-05-12,19,Turkey,Dry Bulk,485.0,2026-05-12_athenian-shipbrokers-s-a-demolition-quick-update-week-19-2026_week-19-athenian-demolition-report-2_081308a4552e.pdf
2026-05-12,19,Pakistan,Dry Bulk,475.0,2026-05-12_athenian-shipbrokers-s-a-demolition-quick-update-week-19-2026_week-19-athenian-demolition-report-2_081308a4552e.pdf
2026-05-12,19,Bangladesh,Dry Bulk,465.0,2026-05-12_athenian-shipbrokers-s-a-demolition-quick-update-week-19-2026_week-19-athenian-demolition-report-2_081308a4552e.pdf
2026-05-12,19,Turkey,Tankers,475.0,2026-05-12_athenian-shipbrokers-s-a-demolition-quick-update-week-19-2026_week-19-athenian-demolition-report-2_081308a4552e.pdf
2026-05-12,19,Pakistan,Tankers,485.0,2026-05-12_athenian-shipbrokers-s-a-demolition-quick-update-week-19-2026_week-19-athenian-demolition-report-2_081308a4552e.pdf
2026-05-12,19,Bangladesh,Tankers,450.0,2026-05-12_athenian-shipbrokers-s-a-demolition-quick-update-week-19-2026_week-19-athenian-demolition-report-2_081308a4552e.pdf
2026-05-12,19,India,Tankers,440.0,2026-05-12_athenian-shipbrokers-s-a-demolition-quick-update-week-19-2026_week-19-athenian-demolition-report-2_081308a4552e.pdf
2026-05-12,19,India,Dry Bulk,455.0,2026-05-12_athenian-shipbrokers-s-a-demolition-quick-update-week-19-2026_week-19-athenian-demolition-report-2_081308a4552e.pdf
2026-05-19,20,Turkey,Dry Bulk,485.0,2026-05-19_athenian-shipbrokers-s-a-demolition-quick-update-week-20-2026_week-20-athenian-demolition-report-2_6a1090b726ce.pdf
2026-05-19,20,Pakistan,Containers,296.0,2026-05-19_athenian-shipbrokers-s-a-demolition-quick-update-week-20-2026_week-20-athenian-demolition-report-2_6a1090b726ce.pdf
2026-05-19,20,Bangladesh,Containers,286.0,2026-05-19_athenian-shipbrokers-s-a-demolition-quick-update-week-20-2026_week-20-athenian-demolition-report-2_6a1090b726ce.pdf
2026-05-19,20,Turkey,Containers,420.0,2026-05-19_athenian-shipbrokers-s-a-demolition-quick-update-week-20-2026_week-20-athenian-demolition-report-2_6a1090b726ce.pdf
2026-05-19,20,Pakistan,Dry Bulk,475.0,2026-05-19_athenian-shipbrokers-s-a-demolition-quick-update-week-20-2026_week-20-athenian-demolition-report-2_6a1090b726ce.pdf
2026-05-19,20,India,Containers,276.0,2026-05-19_athenian-shipbrokers-s-a-demolition-quick-update-week-20-2026_week-20-athenian-demolition-report-2_6a1090b726ce.pdf
2026-05-19,20,India,Dry Bulk,455.0,2026-05-19_athenian-shipbrokers-s-a-demolition-quick-update-week-20-2026_week-20-athenian-demolition-report-2_6a1090b726ce.pdf
2026-05-19,20,Turkey,Tankers,475.0,2026-05-19_athenian-shipbrokers-s-a-demolition-quick-update-week-20-2026_week-20-athenian-demolition-report-2_6a1090b726ce.pdf
2026-05-19,20,Pakistan,Tankers,485.0,2026-05-19_athenian-shipbrokers-s-a-demolition-quick-update-week-20-2026_week-20-athenian-demolition-report-2_6a1090b726ce.pdf
2026-05-19,20,Bangladesh,Tankers,450.0,2026-05-19_athenian-shipbrokers-s-a-demolition-quick-update-week-20-2026_week-20-athenian-demolition-report-2_6a1090b726ce.pdf
2026-05-19,20,India,Tankers,440.0,2026-05-19_athenian-shipbrokers-s-a-demolition-quick-update-week-20-2026_week-20-athenian-demolition-report-2_6a1090b726ce.pdf
2026-05-19,20,Bangladesh,Dry Bulk,465.0,2026-05-19_athenian-shipbrokers-s-a-demolition-quick-update-week-20-2026_week-20-athenian-demolition-report-2_6a1090b726ce.pdf
2026-05-26,21,Turkey,Containers,415.0,2026-05-26_athenian-shipbrokers-s-a-demolition-quick-update-week-21-2026_week-21-athenian-demolition-report-2_9fac053fbdb6.pdf
2026-05-26,21,Pakistan,Containers,296.0,2026-05-26_athenian-shipbrokers-s-a-demolition-quick-update-week-21-2026_week-21-athenian-demolition-report-2_9fac053fbdb6.pdf
2026-05-26,21,Bangladesh,Containers,286.0,2026-05-26_athenian-shipbrokers-s-a-demolition-quick-update-week-21-2026_week-21-athenian-demolition-report-2_9fac053fbdb6.pdf
2026-05-26,21,India,Containers,276.0,2026-05-26_athenian-shipbrokers-s-a-demolition-quick-update-week-21-2026_week-21-athenian-demolition-report-2_9fac053fbdb6.pdf
2026-05-26,21,Turkey,Dry Bulk,480.0,2026-05-26_athenian-shipbrokers-s-a-demolition-quick-update-week-21-2026_week-21-athenian-demolition-report-2_9fac053fbdb6.pdf
2026-05-26,21,Pakistan,Dry Bulk,470.0,2026-05-26_athenian-shipbrokers-s-a-demolition-quick-update-week-21-2026_week-21-athenian-demolition-report-2_9fac053fbdb6.pdf
2026-05-26,21,Bangladesh,Dry Bulk,455.0,2026-05-26_athenian-shipbrokers-s-a-demolition-quick-update-week-21-2026_week-21-athenian-demolition-report-2_9fac053fbdb6.pdf
2026-05-26,21,India,Dry Bulk,455.0,2026-05-26_athenian-shipbrokers-s-a-demolition-quick-update-week-21-2026_week-21-athenian-demolition-report-2_9fac053fbdb6.pdf
2026-05-26,21,Turkey,Tankers,475.0,2026-05-26_athenian-shipbrokers-s-a-demolition-quick-update-week-21-2026_week-21-athenian-demolition-report-2_9fac053fbdb6.pdf
2026-05-26,21,Pakistan,Tankers,485.0,2026-05-26_athenian-shipbrokers-s-a-demolition-quick-update-week-21-2026_week-21-athenian-demolition-report-2_9fac053fbdb6.pdf
2026-05-26,21,Bangladesh,Tankers,445.0,2026-05-26_athenian-shipbrokers-s-a-demolition-quick-update-week-21-2026_week-21-athenian-demolition-report-2_9fac053fbdb6.pdf
2026-05-26,21,India,Tankers,435.0,2026-05-26_athenian-shipbrokers-s-a-demolition-quick-update-week-21-2026_week-21-athenian-demolition-report-2_9fac053fbdb6.pdf
2026-06-02,22,Turkey,Containers,410.0,2026-06-02_athenian-shipbrokers-s-a-demolition-quick-update-week-22-2026_week-22-athenian-demolition-report-2_8e7c9d71551d.pdf
2026-06-02,22,Pakistan,Containers,296.0,2026-06-02_athenian-shipbrokers-s-a-demolition-quick-update-week-22-2026_week-22-athenian-demolition-report-2_8e7c9d71551d.pdf
2026-06-02,22,Bangladesh,Containers,286.0,2026-06-02_athenian-shipbrokers-s-a-demolition-quick-update-week-22-2026_week-22-athenian-demolition-report-2_8e7c9d71551d.pdf
2026-06-02,22,India,Containers,276.0,2026-06-02_athenian-shipbrokers-s-a-demolition-quick-update-week-22-2026_week-22-athenian-demolition-report-2_8e7c9d71551d.pdf
2026-06-02,22,Turkey,Dry Bulk,475.0,2026-06-02_athenian-shipbrokers-s-a-demolition-quick-update-week-22-2026_week-22-athenian-demolition-report-2_8e7c9d71551d.pdf
2026-06-02,22,Pakistan,Dry Bulk,465.0,2026-06-02_athenian-shipbrokers-s-a-demolition-quick-update-week-22-2026_week-22-athenian-demolition-report-2_8e7c9d71551d.pdf
2026-06-02,22,Bangladesh,Dry Bulk,450.0,2026-06-02_athenian-shipbrokers-s-a-demolition-quick-update-week-22-2026_week-22-athenian-demolition-report-2_8e7c9d71551d.pdf
2026-06-02,22,India,Dry Bulk,450.0,2026-06-02_athenian-shipbrokers-s-a-demolition-quick-update-week-22-2026_week-22-athenian-demolition-report-2_8e7c9d71551d.pdf
2026-06-02,22,Turkey,Tankers,470.0,2026-06-02_athenian-shipbrokers-s-a-demolition-quick-update-week-22-2026_week-22-athenian-demolition-report-2_8e7c9d71551d.pdf
2026-06-02,22,Pakistan,Tankers,480.0,2026-06-02_athenian-shipbrokers-s-a-demolition-quick-update-week-22-2026_week-22-athenian-demolition-report-2_8e7c9d71551d.pdf
2026-06-02,22,Bangladesh,Tankers,440.0,2026-06-02_athenian-shipbrokers-s-a-demolition-quick-update-week-22-2026_week-22-athenian-demolition-report-2_8e7c9d71551d.pdf
2026-06-02,22,India,Tankers,430.0,2026-06-02_athenian-shipbrokers-s-a-demolition-quick-update-week-22-2026_week-22-athenian-demolition-report-2_8e7c9d71551d.pdf
2026-06-09,23,Turkey,Containers,410.0,2026-06-09_athenian-shipbrokers-s-a-demolition-quick-update-week-23-2026_week-23-athenian-demolition-report-2_f0ab426ffa97.pdf
2026-06-09,23,Pakistan,Containers,296.0,2026-06-09_athenian-shipbrokers-s-a-demolition-quick-update-week-23-2026_week-23-athenian-demolition-report-2_f0ab426ffa97.pdf
2026-06-09,23,Bangladesh,Containers,286.0,2026-06-09_athenian-shipbrokers-s-a-demolition-quick-update-week-23-2026_week-23-athenian-demolition-report-2_f0ab426ffa97.pdf
2026-06-09,23,India,Containers,276.0,2026-06-09_athenian-shipbrokers-s-a-demolition-quick-update-week-23-2026_week-23-athenian-demolition-report-2_f0ab426ffa97.pdf
2026-06-09,23,Turkey,Dry Bulk,475.0,2026-06-09_athenian-shipbrokers-s-a-demolition-quick-update-week-23-2026_week-23-athenian-demolition-report-2_f0ab426ffa97.pdf
2026-06-09,23,Pakistan,Dry Bulk,465.0,2026-06-09_athenian-shipbrokers-s-a-demolition-quick-update-week-23-2026_week-23-athenian-demolition-report-2_f0ab426ffa97.pdf
2026-06-09,23,India,Dry Bulk,450.0,2026-06-09_athenian-shipbrokers-s-a-demolition-quick-update-week-23-2026_week-23-athenian-demolition-report-2_f0ab426ffa97.pdf
2026-06-09,23,Turkey,Tankers,470.0,2026-06-09_athenian-shipbrokers-s-a-demolition-quick-update-week-23-2026_week-23-athenian-demolition-report-2_f0ab426ffa97.pdf
2026-06-09,23,Pakistan,Tankers,480.0,2026-06-09_athenian-shipbrokers-s-a-demolition-quick-update-week-23-2026_week-23-athenian-demolition-report-2_f0ab426ffa97.pdf
2026-06-09,23,Bangladesh,Tankers,440.0,2026-06-09_athenian-shipbrokers-s-a-demolition-quick-update-week-23-2026_week-23-athenian-demolition-report-2_f0ab426ffa97.pdf
2026-06-09,23,India,Tankers,430.0,2026-06-09_athenian-shipbrokers-s-a-demolition-quick-update-week-23-2026_week-23-athenian-demolition-report-2_f0ab426ffa97.pdf
2026-06-09,23,Bangladesh,Dry Bulk,450.0,2026-06-09_athenian-shipbrokers-s-a-demolition-quick-update-week-23-2026_week-23-athenian-demolition-report-2_f0ab426ffa97.pdf
2026-06-16,24,Turkey,Dry Bulk,485.0,2026-06-16_athenian-shipbrokers-s-a-demolition-quick-update-week-24-2026_week-24-athenian-demolition-report-2_03f79e746643.pdf
2026-06-16,24,Turkey,Containers,415.0,2026-06-16_athenian-shipbrokers-s-a-demolition-quick-update-week-24-2026_week-24-athenian-demolition-report-2_03f79e746643.pdf
2026-06-16,24,Pakistan,Containers,296.0,2026-06-16_athenian-shipbrokers-s-a-demolition-quick-update-week-24-2026_week-24-athenian-demolition-report-2_03f79e746643.pdf
2026-06-16,24,Bangladesh,Containers,286.0,2026-06-16_athenian-shipbrokers-s-a-demolition-quick-update-week-24-2026_week-24-athenian-demolition-report-2_03f79e746643.pdf
2026-06-16,24,India,Containers,276.0,2026-06-16_athenian-shipbrokers-s-a-demolition-quick-update-week-24-2026_week-24-athenian-demolition-report-2_03f79e746643.pdf
2026-06-16,24,Pakistan,Dry Bulk,475.0,2026-06-16_athenian-shipbrokers-s-a-demolition-quick-update-week-24-2026_week-24-athenian-demolition-report-2_03f79e746643.pdf
2026-06-16,24,Bangladesh,Dry Bulk,460.0,2026-06-16_athenian-shipbrokers-s-a-demolition-quick-update-week-24-2026_week-24-athenian-demolition-report-2_03f79e746643.pdf
2026-06-16,24,India,Dry Bulk,450.0,2026-06-16_athenian-shipbrokers-s-a-demolition-quick-update-week-24-2026_week-24-athenian-demolition-report-2_03f79e746643.pdf
2026-06-16,24,Turkey,Tankers,470.0,2026-06-16_athenian-shipbrokers-s-a-demolition-quick-update-week-24-2026_week-24-athenian-demolition-report-2_03f79e746643.pdf
2026-06-16,24,Pakistan,Tankers,480.0,2026-06-16_athenian-shipbrokers-s-a-demolition-quick-update-week-24-2026_week-24-athenian-demolition-report-2_03f79e746643.pdf
2026-06-16,24,Bangladesh,Tankers,445.0,2026-06-16_athenian-shipbrokers-s-a-demolition-quick-update-week-24-2026_week-24-athenian-demolition-report-2_03f79e746643.pdf
2026-06-16,24,India,Tankers,435.0,2026-06-16_athenian-shipbrokers-s-a-demolition-quick-update-week-24-2026_week-24-athenian-demolition-report-2_03f79e746643.pdf
2026-06-23,25,Turkey,Containers,425.0,2026-06-23_athenian-shipbrokers-s-a-demolition-quick-update-week-25-2026_week-25-athenian-demolition-report-2_8f57d046f344.pdf
2026-06-23,25,Pakistan,Containers,296.0,2026-06-23_athenian-shipbrokers-s-a-demolition-quick-update-week-25-2026_week-25-athenian-demolition-report-2_8f57d046f344.pdf
2026-06-23,25,Bangladesh,Containers,286.0,2026-06-23_athenian-shipbrokers-s-a-demolition-quick-update-week-25-2026_week-25-athenian-demolition-report-2_8f57d046f344.pdf
2026-06-23,25,India,Containers,276.0,2026-06-23_athenian-shipbrokers-s-a-demolition-quick-update-week-25-2026_week-25-athenian-demolition-report-2_8f57d046f344.pdf
2026-06-23,25,Turkey,Dry Bulk,485.0,2026-06-23_athenian-shipbrokers-s-a-demolition-quick-update-week-25-2026_week-25-athenian-demolition-report-2_8f57d046f344.pdf
2026-06-23,25,Pakistan,Dry Bulk,475.0,2026-06-23_athenian-shipbrokers-s-a-demolition-quick-update-week-25-2026_week-25-athenian-demolition-report-2_8f57d046f344.pdf
2026-06-23,25,Bangladesh,Dry Bulk,460.0,2026-06-23_athenian-shipbrokers-s-a-demolition-quick-update-week-25-2026_week-25-athenian-demolition-report-2_8f57d046f344.pdf
2026-06-23,25,India,Dry Bulk,460.0,2026-06-23_athenian-shipbrokers-s-a-demolition-quick-update-week-25-2026_week-25-athenian-demolition-report-2_8f57d046f344.pdf
2026-06-23,25,Turkey,Tankers,480.0,2026-06-23_athenian-shipbrokers-s-a-demolition-quick-update-week-25-2026_week-25-athenian-demolition-report-2_8f57d046f344.pdf
2026-06-23,25,Pakistan,Tankers,490.0,2026-06-23_athenian-shipbrokers-s-a-demolition-quick-update-week-25-2026_week-25-athenian-demolition-report-2_8f57d046f344.pdf
2026-06-23,25,Bangladesh,Tankers,455.0,2026-06-23_athenian-shipbrokers-s-a-demolition-quick-update-week-25-2026_week-25-athenian-demolition-report-2_8f57d046f344.pdf
2026-06-23,25,India,Tankers,445.0,2026-06-23_athenian-shipbrokers-s-a-demolition-quick-update-week-25-2026_week-25-athenian-demolition-report-2_8f57d046f344.pdf
2026-06-30,26,Turkey,Containers,425.0,2026-06-30_athenian-shipbrokers-s-a-demolition-quick-update-week-26-2026_week-26-athenian-demolition-report-2_486fa89e1c74.pdf
2026-06-30,26,Pakistan,Containers,291.0,2026-06-30_athenian-shipbrokers-s-a-demolition-quick-update-week-26-2026_week-26-athenian-demolition-report-2_486fa89e1c74.pdf
2026-06-30,26,Bangladesh,Containers,281.0,2026-06-30_athenian-shipbrokers-s-a-demolition-quick-update-week-26-2026_week-26-athenian-demolition-report-2_486fa89e1c74.pdf
2026-06-30,26,India,Containers,271.0,2026-06-30_athenian-shipbrokers-s-a-demolition-quick-update-week-26-2026_week-26-athenian-demolition-report-2_486fa89e1c74.pdf
2026-06-30,26,Turkey,Dry Bulk,485.0,2026-06-30_athenian-shipbrokers-s-a-demolition-quick-update-week-26-2026_week-26-athenian-demolition-report-2_486fa89e1c74.pdf
2026-06-30,26,Pakistan,Dry Bulk,475.0,2026-06-30_athenian-shipbrokers-s-a-demolition-quick-update-week-26-2026_week-26-athenian-demolition-report-2_486fa89e1c74.pdf
2026-06-30,26,India,Dry Bulk,460.0,2026-06-30_athenian-shipbrokers-s-a-demolition-quick-update-week-26-2026_week-26-athenian-demolition-report-2_486fa89e1c74.pdf
2026-06-30,26,Turkey,Tankers,480.0,2026-06-30_athenian-shipbrokers-s-a-demolition-quick-update-week-26-2026_week-26-athenian-demolition-report-2_486fa89e1c74.pdf
2026-06-30,26,Pakistan,Tankers,490.0,2026-06-30_athenian-shipbrokers-s-a-demolition-quick-update-week-26-2026_week-26-athenian-demolition-report-2_486fa89e1c74.pdf
2026-06-30,26,Bangladesh,Tankers,455.0,2026-06-30_athenian-shipbrokers-s-a-demolition-quick-update-week-26-2026_week-26-athenian-demolition-report-2_486fa89e1c74.pdf
2026-06-30,26,India,Tankers,445.0,2026-06-30_athenian-shipbrokers-s-a-demolition-quick-update-week-26-2026_week-26-athenian-demolition-report-2_486fa89e1c74.pdf
2026-06-30,26,Bangladesh,Dry Bulk,460.0,2026-06-30_athenian-shipbrokers-s-a-demolition-quick-update-week-26-2026_week-26-athenian-demolition-report-2_486fa89e1c74.pdf
2026-07-07,27,Bangladesh,Dry Bulk,460.0,2026-07-07_athenian-shipbrokers-s-a-demolition-quick-update-week-27-2026_week-27-athenian-demolition-report-2_c7d76ad7cebc.pdf
2026-07-07,27,Turkey,Containers,425.0,2026-07-07_athenian-shipbrokers-s-a-demolition-quick-update-week-27-2026_week-27-athenian-demolition-report-2_c7d76ad7cebc.pdf
2026-07-07,27,Pakistan,Containers,291.0,2026-07-07_athenian-shipbrokers-s-a-demolition-quick-update-week-27-2026_week-27-athenian-demolition-report-2_c7d76ad7cebc.pdf
2026-07-07,27,Bangladesh,Containers,281.0,2026-07-07_athenian-shipbrokers-s-a-demolition-quick-update-week-27-2026_week-27-athenian-demolition-report-2_c7d76ad7cebc.pdf
2026-07-07,27,India,Containers,271.0,2026-07-07_athenian-shipbrokers-s-a-demolition-quick-update-week-27-2026_week-27-athenian-demolition-report-2_c7d76ad7cebc.pdf
2026-07-07,27,Turkey,Dry Bulk,485.0,2026-07-07_athenian-shipbrokers-s-a-demolition-quick-update-week-27-2026_week-27-athenian-demolition-report-2_c7d76ad7cebc.pdf
2026-07-07,27,Turkey,Tankers,480.0,2026-07-07_athenian-shipbrokers-s-a-demolition-quick-update-week-27-2026_week-27-athenian-demolition-report-2_c7d76ad7cebc.pdf
2026-07-07,27,India,Dry Bulk,460.0,2026-07-07_athenian-shipbrokers-s-a-demolition-quick-update-week-27-2026_week-27-athenian-demolition-report-2_c7d76ad7cebc.pdf
2026-07-07,27,Pakistan,Tankers,490.0,2026-07-07_athenian-shipbrokers-s-a-demolition-quick-update-week-27-2026_week-27-athenian-demolition-report-2_c7d76ad7cebc.pdf
2026-07-07,27,Bangladesh,Tankers,455.0,2026-07-07_athenian-shipbrokers-s-a-demolition-quick-update-week-27-2026_week-27-athenian-demolition-report-2_c7d76ad7cebc.pdf
2026-07-07,27,India,Tankers,445.0,2026-07-07_athenian-shipbrokers-s-a-demolition-quick-update-week-27-2026_week-27-athenian-demolition-report-2_c7d76ad7cebc.pdf
2026-07-07,27,Pakistan,Dry Bulk,475.0,2026-07-07_athenian-shipbrokers-s-a-demolition-quick-update-week-27-2026_week-27-athenian-demolition-report-2_c7d76ad7cebc.pdf
2026-07-14,28,India,Containers,271.0,2026-07-14_athenian-shipbrokers-s-a-demolition-quick-update-week-28-2026_week-28-athenian-demolition-report-2_a7c79a3d465d.pdf
2026-07-14,28,Turkey,Containers,425.0,2026-07-14_athenian-shipbrokers-s-a-demolition-quick-update-week-28-2026_week-28-athenian-demolition-report-2_a7c79a3d465d.pdf
2026-07-14,28,Turkey,Dry Bulk,485.0,2026-07-14_athenian-shipbrokers-s-a-demolition-quick-update-week-28-2026_week-28-athenian-demolition-report-2_a7c79a3d465d.pdf
2026-07-14,28,Pakistan,Containers,291.0,2026-07-14_athenian-shipbrokers-s-a-demolition-quick-update-week-28-2026_week-28-athenian-demolition-report-2_a7c79a3d465d.pdf
2026-07-14,28,Bangladesh,Containers,281.0,2026-07-14_athenian-shipbrokers-s-a-demolition-quick-update-week-28-2026_week-28-athenian-demolition-report-2_a7c79a3d465d.pdf
2026-07-14,28,Pakistan,Dry Bulk,475.0,2026-07-14_athenian-shipbrokers-s-a-demolition-quick-update-week-28-2026_week-28-athenian-demolition-report-2_a7c79a3d465d.pdf
2026-07-14,28,Pakistan,Tankers,500.0,2026-07-14_athenian-shipbrokers-s-a-demolition-quick-update-week-28-2026_week-28-athenian-demolition-report-2_a7c79a3d465d.pdf
2026-07-14,28,India,Dry Bulk,470.0,2026-07-14_athenian-shipbrokers-s-a-demolition-quick-update-week-28-2026_week-28-athenian-demolition-report-2_a7c79a3d465d.pdf
2026-07-14,28,Turkey,Tankers,490.0,2026-07-14_athenian-shipbrokers-s-a-demolition-quick-update-week-28-2026_week-28-athenian-demolition-report-2_a7c79a3d465d.pdf
2026-07-14,28,Bangladesh,Tankers,455.0,2026-07-14_athenian-shipbrokers-s-a-demolition-quick-update-week-28-2026_week-28-athenian-demolition-report-2_a7c79a3d465d.pdf
2026-07-14,28,India,Tankers,445.0,2026-07-14_athenian-shipbrokers-s-a-demolition-quick-update-week-28-2026_week-28-athenian-demolition-report-2_a7c79a3d465d.pdf
2026-07-14,28,Bangladesh,Dry Bulk,460.0,2026-07-14_athenian-shipbrokers-s-a-demolition-quick-update-week-28-2026_week-28-athenian-demolition-report-2_a7c79a3d465d.pdf
2026-07-21,29,Turkey,Containers,425.0,2026-07-21_athenian-shipbrokers-s-a-demolition-quick-update-week-29-2026_week-29-athenian-demolition-report-2_42884dbce00b.pdf
2026-07-21,29,Pakistan,Containers,291.0,2026-07-21_athenian-shipbrokers-s-a-demolition-quick-update-week-29-2026_week-29-athenian-demolition-report-2_42884dbce00b.pdf
2026-07-21,29,Bangladesh,Containers,281.0,2026-07-21_athenian-shipbrokers-s-a-demolition-quick-update-week-29-2026_week-29-athenian-demolition-report-2_42884dbce00b.pdf
2026-07-21,29,India,Containers,271.0,2026-07-21_athenian-shipbrokers-s-a-demolition-quick-update-week-29-2026_week-29-athenian-demolition-report-2_42884dbce00b.pdf
2026-07-21,29,Turkey,Dry Bulk,475.0,2026-07-21_athenian-shipbrokers-s-a-demolition-quick-update-week-29-2026_week-29-athenian-demolition-report-2_42884dbce00b.pdf
2026-07-21,29,Pakistan,Dry Bulk,465.0,2026-07-21_athenian-shipbrokers-s-a-demolition-quick-update-week-29-2026_week-29-athenian-demolition-report-2_42884dbce00b.pdf
2026-07-21,29,Bangladesh,Dry Bulk,450.0,2026-07-21_athenian-shipbrokers-s-a-demolition-quick-update-week-29-2026_week-29-athenian-demolition-report-2_42884dbce00b.pdf
2026-07-21,29,India,Dry Bulk,450.0,2026-07-21_athenian-shipbrokers-s-a-demolition-quick-update-week-29-2026_week-29-athenian-demolition-report-2_42884dbce00b.pdf
2026-07-21,29,Turkey,Tankers,470.0,2026-07-21_athenian-shipbrokers-s-a-demolition-quick-update-week-29-2026_week-29-athenian-demolition-report-2_42884dbce00b.pdf
2026-07-21,29,Pakistan,Tankers,480.0,2026-07-21_athenian-shipbrokers-s-a-demolition-quick-update-week-29-2026_week-29-athenian-demolition-report-2_42884dbce00b.pdf
2026-07-21,29,Bangladesh,Tankers,455.0,2026-07-21_athenian-shipbrokers-s-a-demolition-quick-update-week-29-2026_week-29-athenian-demolition-report-2_42884dbce00b.pdf
2026-07-21,29,India,Tankers,445.0,2026-07-21_athenian-shipbrokers-s-a-demolition-quick-update-week-29-2026_week-29-athenian-demolition-report-2_42884dbce00b.pdf
2026-07-28,30,Turkey,Containers,425.0,2026-07-28_athenian-shipbrokers-s-a-demolition-quick-update-week-30-2026_week-30-athenian-demolition-report-2_d3e763423c50.pdf
2026-07-28,30,Pakistan,Containers,291.0,2026-07-28_athenian-shipbrokers-s-a-demolition-quick-update-week-30-2026_week-30-athenian-demolition-report-2_d3e763423c50.pdf
2026-07-28,30,Bangladesh,Containers,281.0,2026-07-28_athenian-shipbrokers-s-a-demolition-quick-update-week-30-2026_week-30-athenian-demolition-report-2_d3e763423c50.pdf
2026-07-28,30,India,Containers,271.0,2026-07-28_athenian-shipbrokers-s-a-demolition-quick-update-week-30-2026_week-30-athenian-demolition-report-2_d3e763423c50.pdf
2026-07-28,30,Turkey,Dry Bulk,475.0,2026-07-28_athenian-shipbrokers-s-a-demolition-quick-update-week-30-2026_week-30-athenian-demolition-report-2_d3e763423c50.pdf
2026-07-28,30,Pakistan,Dry Bulk,465.0,2026-07-28_athenian-shipbrokers-s-a-demolition-quick-update-week-30-2026_week-30-athenian-demolition-report-2_d3e763423c50.pdf
2026-07-28,30,India,Dry Bulk,450.0,2026-07-28_athenian-shipbrokers-s-a-demolition-quick-update-week-30-2026_week-30-athenian-demolition-report-2_d3e763423c50.pdf
2026-07-28,30,Turkey,Tankers,470.0,2026-07-28_athenian-shipbrokers-s-a-demolition-quick-update-week-30-2026_week-30-athenian-demolition-report-2_d3e763423c50.pdf
2026-07-28,30,Pakistan,Tankers,480.0,2026-07-28_athenian-shipbrokers-s-a-demolition-quick-update-week-30-2026_week-30-athenian-demolition-report-2_d3e763423c50.pdf
2026-07-28,30,Bangladesh,Tankers,455.0,2026-07-28_athenian-shipbrokers-s-a-demolition-quick-update-week-30-2026_week-30-athenian-demolition-report-2_d3e763423c50.pdf
2026-07-28,30,India,Tankers,445.0,2026-07-28_athenian-shipbrokers-s-a-demolition-quick-update-week-30-2026_week-30-athenian-demolition-report-2_d3e763423c50.pdf
2026-07-28,30,Bangladesh,Dry Bulk,450.0,2026-07-28_athenian-shipbrokers-s-a-demolition-quick-update-week-30-2026_week-30-athenian-demolition-report-2_d3e763423c50.pdf
2026-08-05,31,Bangladesh,Dry Bulk,450.0,2026-08-05_athenian-shipbrokers-s-a-demolition-quick-update-week-31-2026_week-31-athenian-demolition-report-2_25abaa4abcc3.pdf
2026-08-05,31,Turkey,Containers,425.0,2026-08-05_athenian-shipbrokers-s-a-demolition-quick-update-week-31-2026_week-31-athenian-demolition-report-2_25abaa4abcc3.pdf
2026-08-05,31,Pakistan,Containers,291.0,2026-08-05_athenian-shipbrokers-s-a-demolition-quick-update-week-31-2026_week-31-athenian-demolition-report-2_25abaa4abcc3.pdf
2026-08-05,31,Bangladesh,Containers,281.0,2026-08-05_athenian-shipbrokers-s-a-demolition-quick-update-week-31-2026_week-31-athenian-demolition-report-2_25abaa4abcc3.pdf
2026-08-05,31,India,Containers,271.0,2026-08-05_athenian-shipbrokers-s-a-demolition-quick-update-week-31-2026_week-31-athenian-demolition-report-2_25abaa4abcc3.pdf
2026-08-05,31,Turkey,Dry Bulk,475.0,2026-08-05_athenian-shipbrokers-s-a-demolition-quick-update-week-31-2026_week-31-athenian-demolition-report-2_25abaa4abcc3.pdf
2026-08-05,31,Turkey,Tankers,470.0,2026-08-05_athenian-shipbrokers-s-a-demolition-quick-update-week-31-2026_week-31-athenian-demolition-report-2_25abaa4abcc3.pdf
2026-08-05,31,India,Dry Bulk,450.0,2026-08-05_athenian-shipbrokers-s-a-demolition-quick-update-week-31-2026_week-31-athenian-demolition-report-2_25abaa4abcc3.pdf
2026-08-05,31,Pakistan,Tankers,480.0,2026-08-05_athenian-shipbrokers-s-a-demolition-quick-update-week-31-2026_week-31-athenian-demolition-report-2_25abaa4abcc3.pdf
2026-08-05,31,Bangladesh,Tankers,455.0,2026-08-05_athenian-shipbrokers-s-a-demolition-quick-update-week-31-2026_week-31-athenian-demolition-report-2_25abaa4abcc3.pdf
2026-08-05,31,India,Tankers,445.0,2026-08-05_athenian-shipbrokers-s-a-demolition-quick-update-week-31-2026_week-31-athenian-demolition-report-2_25abaa4abcc3.pdf
2026-08-05,31,Pakistan,Dry Bulk,465.0,2026-08-05_athenian-shipbrokers-s-a-demolition-quick-update-week-31-2026_week-31-athenian-demolition-report-2_25abaa4abcc3.pdf
2026-08-11,32,Turkey,Containers,420.0,2026-08-11_athenian-shipbrokers-s-a-demolition-quick-update-week-32-2026_week-32-athenian-demolition-report-2_618973d6a800.pdf
2026-08-11,32,India,Containers,271.0,2026-08-11_athenian-shipbrokers-s-a-demolition-quick-update-week-32-2026_week-32-athenian-demolition-report-2_618973d6a800.pdf
2026-08-11,32,Turkey,Dry Bulk,475.0,2026-08-11_athenian-shipbrokers-s-a-demolition-quick-update-week-32-2026_week-32-athenian-demolition-report-2_618973d6a800.pdf
2026-08-11,32,Pakistan,Containers,290.0,2026-08-11_athenian-shipbrokers-s-a-demolition-quick-update-week-32-2026_week-32-athenian-demolition-report-2_618973d6a800.pdf
2026-08-11,32,Bangladesh,Containers,281.0,2026-08-11_athenian-shipbrokers-s-a-demolition-quick-update-week-32-2026_week-32-athenian-demolition-report-2_618973d6a800.pdf
2026-08-11,32,Pakistan,Dry Bulk,470.0,2026-08-11_athenian-shipbrokers-s-a-demolition-quick-update-week-32-2026_week-32-athenian-demolition-report-2_618973d6a800.pdf
2026-08-11,32,Turkey,Tankers,480.0,2026-08-11_athenian-shipbrokers-s-a-demolition-quick-update-week-32-2026_week-32-athenian-demolition-report-2_618973d6a800.pdf
2026-08-11,32,India,Dry Bulk,450.0,2026-08-11_athenian-shipbrokers-s-a-demolition-quick-update-week-32-2026_week-32-athenian-demolition-report-2_618973d6a800.pdf
2026-08-11,32,Pakistan,Tankers,490.0,2026-08-11_athenian-shipbrokers-s-a-demolition-quick-update-week-32-2026_week-32-athenian-demolition-report-2_618973d6a800.pdf
2026-08-11,32,Bangladesh,Tankers,455.0,2026-08-11_athenian-shipbrokers-s-a-demolition-quick-update-week-32-2026_week-32-athenian-demolition-report-2_618973d6a800.pdf
2026-08-11,32,India,Tankers,440.0,2026-08-11_athenian-shipbrokers-s-a-demolition-quick-update-week-32-2026_week-32-athenian-demolition-report-2_618973d6a800.pdf
2026-08-11,32,Bangladesh,Dry Bulk,455.0,2026-08-11_athenian-shipbrokers-s-a-demolition-quick-update-week-32-2026_week-32-athenian-demolition-report-2_618973d6a800.pdf
2026-08-18,33,Turkey,Containers,425.0,2026-08-18_athenian-shipbrokers-s-a-demolition-quick-update-week-33-2026_week-33-athenian-demolition-report-2_ee60097bdc66.pdf
2026-08-18,33,Pakistan,Containers,291.0,2026-08-18_athenian-shipbrokers-s-a-demolition-quick-update-week-33-2026_week-33-athenian-demolition-report-2_ee60097bdc66.pdf
2026-08-18,33,Bangladesh,Containers,281.0,2026-08-18_athenian-shipbrokers-s-a-demolition-quick-update-week-33-2026_week-33-athenian-demolition-report-2_ee60097bdc66.pdf
2026-08-18,33,India,Containers,271.0,2026-08-18_athenian-shipbrokers-s-a-demolition-quick-update-week-33-2026_week-33-athenian-demolition-report-2_ee60097bdc66.pdf
2026-08-18,33,Turkey,Dry Bulk,485.0,2026-08-18_athenian-shipbrokers-s-a-demolition-quick-update-week-33-2026_week-33-athenian-demolition-report-2_ee60097bdc66.pdf
2026-08-18,33,Pakistan,Dry Bulk,475.0,2026-08-18_athenian-shipbrokers-s-a-demolition-quick-update-week-33-2026_week-33-athenian-demolition-report-2_ee60097bdc66.pdf
2026-08-18,33,India,Dry Bulk,455.0,2026-08-18_athenian-shipbrokers-s-a-demolition-quick-update-week-33-2026_week-33-athenian-demolition-report-2_ee60097bdc66.pdf
2026-08-18,33,Turkey,Tankers,490.0,2026-08-18_athenian-shipbrokers-s-a-demolition-quick-update-week-33-2026_week-33-athenian-demolition-report-2_ee60097bdc66.pdf
2026-08-18,33,Pakistan,Tankers,500.0,2026-08-18_athenian-shipbrokers-s-a-demolition-quick-update-week-33-2026_week-33-athenian-demolition-report-2_ee60097bdc66.pdf
2026-08-18,33,Bangladesh,Tankers,460.0,2026-08-18_athenian-shipbrokers-s-a-demolition-quick-update-week-33-2026_week-33-athenian-demolition-report-2_ee60097bdc66.pdf
2026-08-18,33,India,Tankers,440.0,2026-08-18_athenian-shipbrokers-s-a-demolition-quick-update-week-33-2026_week-33-athenian-demolition-report-2_ee60097bdc66.pdf
2026-08-18,33,Bangladesh,Dry Bulk,460.0,2026-08-18_athenian-shipbrokers-s-a-demolition-quick-update-week-33-2026_week-33-athenian-demolition-report-2_ee60097bdc66.pdf
2026-09-01,35,Turkey,Dry Bulk,510.0,2026-09-01_athenian-shipbrokers-s-a-demolition-quick-update-week-35-2026_week-35-athenian-demolition-report-2_c44ff7b7c9b4.pdf
2026-09-01,35,Pakistan,Containers,291.0,2026-09-01_athenian-shipbrokers-s-a-demolition-quick-update-week-35-2026_week-35-athenian-demolition-report-2_c44ff7b7c9b4.pdf
2026-09-01,35,Bangladesh,Containers,281.0,2026-09-01_athenian-shipbrokers-s-a-demolition-quick-update-week-35-2026_week-35-athenian-demolition-report-2_c44ff7b7c9b4.pdf
2026-09-01,35,India,Containers,271.0,2026-09-01_athenian-shipbrokers-s-a-demolition-quick-update-week-35-2026_week-35-athenian-demolition-report-2_c44ff7b7c9b4.pdf
2026-09-01,35,Turkey,Containers,425.0,2026-09-01_athenian-shipbrokers-s-a-demolition-quick-update-week-35-2026_week-35-athenian-demolition-report-2_c44ff7b7c9b4.pdf
2026-09-01,35,Pakistan,Dry Bulk,495.0,2026-09-01_athenian-shipbrokers-s-a-demolition-quick-update-week-35-2026_week-35-athenian-demolition-report-2_c44ff7b7c9b4.pdf
2026-09-01,35,Turkey,Tankers,500.0,2026-09-01_athenian-shipbrokers-s-a-demolition-quick-update-week-35-2026_week-35-athenian-demolition-report-2_c44ff7b7c9b4.pdf
2026-09-01,35,India,Dry Bulk,465.0,2026-09-01_athenian-shipbrokers-s-a-demolition-quick-update-week-35-2026_week-35-athenian-demolition-report-2_c44ff7b7c9b4.pdf
2026-09-01,35,Pakistan,Tankers,510.0,2026-09-01_athenian-shipbrokers-s-a-demolition-quick-update-week-35-2026_week-35-athenian-demolition-report-2_c44ff7b7c9b4.pdf
2026-09-01,35,Bangladesh,Tankers,460.0,2026-09-01_athenian-shipbrokers-s-a-demolition-quick-update-week-35-2026_week-35-athenian-demolition-report-2_c44ff7b7c9b4.pdf
2026-09-01,35,India,Tankers,440.0,2026-09-01_athenian-shipbrokers-s-a-demolition-quick-update-week-35-2026_week-35-athenian-demolition-report-2_c44ff7b7c9b4.pdf
2026-09-01,35,Bangladesh,Dry Bulk,480.0,2026-09-01_athenian-shipbrokers-s-a-demolition-quick-update-week-35-2026_week-35-athenian-demolition-report-2_c44ff7b7c9b4.pdf
2026-09-08,36,Bangladesh,Containers,281.0,2026-09-08_athenian-shipbrokers-s-a-demolition-quick-update-week-36-2026_week-36-athenian-demolition-report-2_2c3e38bed81c.pdf
2026-09-08,36,India,Containers,271.0,2026-09-08_athenian-shipbrokers-s-a-demolition-quick-update-week-36-2026_week-36-athenian-demolition-report-2_2c3e38bed81c.pdf
2026-09-08,36,Turkey,Dry Bulk,530.0,2026-09-08_athenian-shipbrokers-s-a-demolition-quick-update-week-36-2026_week-36-athenian-demolition-report-2_2c3e38bed81c.pdf
2026-09-08,36,Pakistan,Dry Bulk,520.0,2026-09-08_athenian-shipbrokers-s-a-demolition-quick-update-week-36-2026_week-36-athenian-demolition-report-2_2c3e38bed81c.pdf
2026-09-08,36,Bangladesh,Dry Bulk,505.0,2026-09-08_athenian-shipbrokers-s-a-demolition-quick-update-week-36-2026_week-36-athenian-demolition-report-2_2c3e38bed81c.pdf
2026-09-08,36,Turkey,Tankers,515.0,2026-09-08_athenian-shipbrokers-s-a-demolition-quick-update-week-36-2026_week-36-athenian-demolition-report-2_2c3e38bed81c.pdf
2026-09-08,36,Pakistan,Tankers,525.0,2026-09-08_athenian-shipbrokers-s-a-demolition-quick-update-week-36-2026_week-36-athenian-demolition-report-2_2c3e38bed81c.pdf
2026-09-08,36,Bangladesh,Tankers,480.0,2026-09-08_athenian-shipbrokers-s-a-demolition-quick-update-week-36-2026_week-36-athenian-demolition-report-2_2c3e38bed81c.pdf
2026-09-08,36,India,Tankers,460.0,2026-09-08_athenian-shipbrokers-s-a-demolition-quick-update-week-36-2026_week-36-athenian-demolition-report-2_2c3e38bed81c.pdf
2026-09-08,36,Pakistan,Containers,291.0,2026-09-08_athenian-shipbrokers-s-a-demolition-quick-update-week-36-2026_week-36-athenian-demolition-report-2_2c3e38bed81c.pdf
2026-09-08,36,India,Dry Bulk,480.0,2026-09-08_athenian-shipbrokers-s-a-demolition-quick-update-week-36-2026_week-36-athenian-demolition-report-2_2c3e38bed81c.pdf
2026-09-08,36,Turkey,Containers,445.0,2026-09-08_athenian-shipbrokers-s-a-demolition-quick-update-week-36-2026_week-36-athenian-demolition-report-2_2c3e38bed81c.pdf
