issue_date,report_week,deal_type,vessel_name,vessel_type,ldt,price_usd_per_ldt,destination_yard,year_built,built_country,arrival_date,beaching_date,terms_comments,source_file,arrival_date_raw,arrival_date_status,arrival_date_note,beaching_date_raw,beaching_date_status,beaching_date_note,built,country_destination,buyer_comments,terms
2022-07-24,29,Reported Sale,OKRA,CAPE,21018.0,530.0,,1999,JAPAN,,,"DELIVERED AS IS INCHEON, S.KOREA WITH 590 MT ROBS INCLUDED",star_asia_2022_W29_Market-report-Week-29.pdf,,,,,,,,,,
2022-07-24,29,Beaching / Arrival,PISC,CRUISE,16722.0,,"Chattogram, Bangladesh",,,2022-07-03,2022-07-12,,star_asia_2022_W29_Market-report-Week-29.pdf,03.07.2022,,EU_DDMMYYYY,12.07.2022,,EU_DDMMYYYY,,,,
2022-07-24,29,Beaching / Arrival,ONSAN GAS,LPG,2094.0,,"Gaddani, Pakistan",,,2022-07-21,,,star_asia_2022_W29_Market-report-Week-29.pdf,21.07.2022,,EU_DDMMYYYY,AWAITING,AWAITING,STATUS,,,,
2022-07-24,29,Beaching / Arrival,PACIFIC MARINE,TANKER,1149.0,,"Gaddani, Pakistan",,,2022-07-14,2022-07-20,,star_asia_2022_W29_Market-report-Week-29.pdf,14.07.2022,,EU_DDMMYYYY,20.07.2022,,EU_DDMMYYYY,,,,
2022-07-24,29,Beaching / Arrival,D/V MUHIBBAH PB 16,BARGE,727.0,,"Gaddani, Pakistan",,,2022-07-13,2022-07-18,,star_asia_2022_W29_Market-report-Week-29.pdf,13.07.2022,,EU_DDMMYYYY,18.07.2022,,EU_DDMMYYYY,,,,
2022-07-24,29,Beaching / Arrival,OCEAN ALICE,TANKER,3071.0,,"Gaddani, Pakistan",,,2022-07-13,2022-07-15,,star_asia_2022_W29_Market-report-Week-29.pdf,13.07.2022,,EU_DDMMYYYY,15.07.2022,,EU_DDMMYYYY,,,,
2022-07-24,29,Beaching / Arrival,CUI HUA,BULKER,5491.0,,"Gaddani, Pakistan",,,2022-06-19,2022-07-15,,star_asia_2022_W29_Market-report-Week-29.pdf,19.06.2022,,EU_DDMMYYYY,15.07.2022,,EU_DDMMYYYY,,,,
2022-07-24,29,Beaching / Arrival,SUNTUDSAMUT 5,CONTAINER,1020.0,,"Gaddani, Pakistan",,,2022-06-30,2022-07-06,,star_asia_2022_W29_Market-report-Week-29.pdf,30.06.2022,,EU_DDMMYYYY,06.07.2022,,EU_DDMMYYYY,,,,
2022-07-24,29,Beaching / Arrival,WINTON T128,GEN.CARGO,975.0,,"Gaddani, Pakistan",,,2022-06-23,2022-07-04,,star_asia_2022_W29_Market-report-Week-29.pdf,23.06.2022,,EU_DDMMYYYY,04.07.2022,,EU_DDMMYYYY,,,,
2022-07-24,29,Beaching / Arrival,THOUSAND SUNNY,TANKER,1097.0,,"Gaddani, Pakistan",,,2022-06-30,2022-07-05,,star_asia_2022_W29_Market-report-Week-29.pdf,30.06.2022,,EU_DDMMYYYY,05.07.2022,,EU_DDMMYYYY,,,,
2022-07-24,29,Beaching / Arrival,XIANG SHUN,TANKER,3024.0,,"Gaddani, Pakistan",,,2022-06-26,2022-07-05,,star_asia_2022_W29_Market-report-Week-29.pdf,26.06.2022,,EU_DDMMYYYY,05.07.2022,,EU_DDMMYYYY,,,,
2022-07-31,30,Reported Sale,QUEENSWAY,FSO,23128.0,,"Alang, India",1993,PORTUGAL,,,DELIVERED ALANG FOR HKC- COMPLIANT RECYCLING WITH PHYSICAL SUPERVISION,star_asia_2022_W30_Market-report-Week-30_compressed.pdf,,,,,,,,,,
2022-07-31,30,Reported Sale,BONGKOT STAR,VLCC,37585.0,535.0,,1997,S. KOREA,,,AS IS MALAYSIA – SINGAPORE RANGE (WITH 1000 T OF SLUDGE IN CARGO TANKS FOR CLEANING),star_asia_2022_W30_Market-report-Week-30_compressed.pdf,,,,,,,,,,
2022-07-31,30,Reported Sale,SEOUL GAS,LPG,3080.0,635.0,"Chattogram, Bangladesh",1999,ROMANIA,,,OLD SALE / DELIVERED CHATTOGRAM,star_asia_2022_W30_Market-report-Week-30_compressed.pdf,,,,,,,,,,
2022-07-31,30,Reported Sale,KIRIN,TANKER,1883.0,660.0,"Chattogram, Bangladesh",1993,JAPAN,,,OLD SALE / DELVIERED CHATTOGRAM,star_asia_2022_W30_Market-report-Week-30_compressed.pdf,,,,,,,,,,
2022-07-31,30,Beaching / Arrival,RIDLEY,RESEARCH,1292.0,,"Chattogram, Bangladesh",,,2022-07-30,,,star_asia_2022_W30_Market-report-Week-30_compressed.pdf,30.07.2022,,EU_DDMMYYYY,AWAITING,AWAITING,STATUS,,,,
2022-07-31,30,Beaching / Arrival,MAXIM,LPG,2616.0,,"Chattogram, Bangladesh",,,2022-07-26,2022-07-29,,star_asia_2022_W30_Market-report-Week-30_compressed.pdf,26.07.2022,,EU_DDMMYYYY,29.07.2022,,EU_DDMMYYYY,,,,
2022-07-31,30,Beaching / Arrival,DV DAHA,RORO,4860.0,,"Chattogram, Bangladesh",,,2022-07-24,2022-07-27,,star_asia_2022_W30_Market-report-Week-30_compressed.pdf,24.07.2022,,EU_DDMMYYYY,27.07.2022,,EU_DDMMYYYY,,,,
2022-07-31,30,Beaching / Arrival,PISC,CRUISE,16722.0,,"Chattogram, Bangladesh",,,2022-07-03,2022-07-12,,star_asia_2022_W30_Market-report-Week-30_compressed.pdf,03.07.2022,,EU_DDMMYYYY,12.07.2022,,EU_DDMMYYYY,,,,
2022-07-31,30,Beaching / Arrival,MASCOT,TANKER,16616.0,,"Gaddani, Pakistan",,,2022-07-27,,,star_asia_2022_W30_Market-report-Week-30_compressed.pdf,27.07.2022,,EU_DDMMYYYY,AWAITING,AWAITING,STATUS,,,,
2022-07-31,30,Beaching / Arrival,SEOUL GAS,LPG,3080.0,,"Gaddani, Pakistan",,,2022-07-27,,,star_asia_2022_W30_Market-report-Week-30_compressed.pdf,27.07.2022,,EU_DDMMYYYY,AWAITING,AWAITING,STATUS,,,,
2022-07-31,30,Beaching / Arrival,KIRIN,TANKER,1883.0,,"Gaddani, Pakistan",,,2022-07-24,,,star_asia_2022_W30_Market-report-Week-30_compressed.pdf,24.07.2022,,EU_DDMMYYYY,AWAITING,AWAITING,STATUS,,,,
2022-07-31,30,Beaching / Arrival,ONSAN GAS,LPG,2094.0,,"Gaddani, Pakistan",,,2022-07-21,,,star_asia_2022_W30_Market-report-Week-30_compressed.pdf,21.07.2022,,EU_DDMMYYYY,AWAITING,AWAITING,STATUS,,,,
2022-07-31,30,Beaching / Arrival,PACIFIC MARINE,TANKER,1149.0,,"Gaddani, Pakistan",,,2022-07-14,2022-07-20,,star_asia_2022_W30_Market-report-Week-30_compressed.pdf,14.07.2022,,EU_DDMMYYYY,20.07.2022,,EU_DDMMYYYY,,,,
2022-07-31,30,Beaching / Arrival,D/V MUHIBBAH PB 16,BARGE,727.0,,"Gaddani, Pakistan",,,2022-07-13,2022-07-18,,star_asia_2022_W30_Market-report-Week-30_compressed.pdf,13.07.2022,,EU_DDMMYYYY,18.07.2022,,EU_DDMMYYYY,,,,
2022-07-31,30,Beaching / Arrival,OCEAN ALICE,TANKER,3071.0,,"Gaddani, Pakistan",,,2022-07-13,2022-07-15,,star_asia_2022_W30_Market-report-Week-30_compressed.pdf,13.07.2022,,EU_DDMMYYYY,15.07.2022,,EU_DDMMYYYY,,,,
2022-07-31,30,Beaching / Arrival,CUI HUA,BULKER,5491.0,,"Gaddani, Pakistan",,,2022-06-19,2022-07-15,,star_asia_2022_W30_Market-report-Week-30_compressed.pdf,19.06.2022,,EU_DDMMYYYY,15.07.2022,,EU_DDMMYYYY,,,,
2022-07-31,30,Beaching / Arrival,SUNTUDSAMUT 5,CONTAINER,1020.0,,"Gaddani, Pakistan",,,2022-06-30,2022-07-06,,star_asia_2022_W30_Market-report-Week-30_compressed.pdf,30.06.2022,,EU_DDMMYYYY,06.07.2022,,EU_DDMMYYYY,,,,
2022-07-31,30,Beaching / Arrival,WINTON T128,GEN.CARGO,975.0,,"Gaddani, Pakistan",,,2022-06-23,2022-07-04,,star_asia_2022_W30_Market-report-Week-30_compressed.pdf,23.06.2022,,EU_DDMMYYYY,04.07.2022,,EU_DDMMYYYY,,,,
2022-07-31,30,Beaching / Arrival,THOUSAND SUNNY,TANKER,1097.0,,"Gaddani, Pakistan",,,2022-06-30,2022-07-05,,star_asia_2022_W30_Market-report-Week-30_compressed.pdf,30.06.2022,,EU_DDMMYYYY,05.07.2022,,EU_DDMMYYYY,,,,
2022-07-31,30,Beaching / Arrival,XIANG SHUN,TANKER,3024.0,,"Gaddani, Pakistan",,,2022-06-26,2022-07-05,,star_asia_2022_W30_Market-report-Week-30_compressed.pdf,26.06.2022,,EU_DDMMYYYY,05.07.2022,,EU_DDMMYYYY,,,,
2022-07-31,30,Beaching / Arrival,ISRAR 1,FISHING,470.0,,"Chattogram, Bangladesh",,,2022-07-15,2022-07-18,,star_asia_2022_W30_Market-report-Week-30_compressed.pdf,15.07.2022,,EU_DDMMYYYY,18.07.2022,,EU_DDMMYYYY,,,,
2022-08-07,31,Beaching / Arrival,RIDLEY,RESEARCH,1292.0,,"Chattogram, Bangladesh",,,2022-07-30,2022-08-04,,star_asia_2022_W31_Market-report-Week-31_.pdf,30.07.2022,,EU_DDMMYYYY,04.08.2022,,EU_DDMMYYYY,,,,
2022-08-07,31,Beaching / Arrival,JAN VICTORIA,TANKER,3032.0,,"Gaddani, Pakistan",,,2022-08-01,,,star_asia_2022_W31_Market-report-Week-31_.pdf,01.08.2022,,EU_DDMMYYYY,AWAITING,AWAITING,STATUS,,,,
2022-08-07,31,Beaching / Arrival,SIN 8,TUG,1391.0,,"Gaddani, Pakistan",,,2022-07-29,,,star_asia_2022_W31_Market-report-Week-31_.pdf,29.07.2022,,EU_DDMMYYYY,AWAITING,AWAITING,STATUS,,,,
2022-08-07,31,Beaching / Arrival,GLORY FUTURE (D/V),BULK,7218.0,,"Gaddani, Pakistan",,,2022-07-29,,,star_asia_2022_W31_Market-report-Week-31_.pdf,29.07.2022,,EU_DDMMYYYY,AWAITING,AWAITING,STATUS,,,,
2022-08-07,31,Beaching / Arrival,WINTON T128,BULKER,975.0,,"Gaddani, Pakistan",,,2022-06-23,,,star_asia_2022_W31_Market-report-Week-31_.pdf,23.06.2022,,EU_DDMMYYYY,AWAITING,AWAITING,STATUS,,,,
2022-08-07,31,Beaching / Arrival,MASCOT,TANKER,16616.0,,"Gaddani, Pakistan",,,2022-07-27,2022-08-06,,star_asia_2022_W31_Market-report-Week-31_.pdf,27.07.2022,,EU_DDMMYYYY,06.08.2022,,EU_DDMMYYYY,,,,
2022-08-07,31,Beaching / Arrival,KIRIN,TANKER,1883.0,,"Gaddani, Pakistan",,,2022-07-24,2022-08-05,,star_asia_2022_W31_Market-report-Week-31_.pdf,24.07.2022,,EU_DDMMYYYY,05.08.2022,,EU_DDMMYYYY,,,,
2022-08-07,31,Beaching / Arrival,SEOUL GAS,LPG,3080.0,,"Gaddani, Pakistan",,,2022-08-02,,,star_asia_2022_W31_Market-report-Week-31_.pdf,02.08.2022,,EU_DDMMYYYY,BEACHED,BEACHED,STATUS,,,,
2022-09-04,35,Reported Sale,CIC PRIDE,CAPE,23118.0,,"Chattogram, Bangladesh",2002,S. KOREA,,,DELIVERED CHATTOGRAM,star_asia_2022_W35_Market-report-Week-35-2.pdf,,,,,,,,,,
2022-09-04,35,Reported Sale,STAR TIANJIN,CAPE,23684.0,600.0,,2004,CHINA,,,DELIVERED AS IS SINGAPORE,star_asia_2022_W35_Market-report-Week-35-2.pdf,,,,,,,,,,
2022-09-04,35,Reported Sale,URANUS,VLCC,39825.0,610.0,,2002,JAPAN,,,DELIVERED FULL-SUBCONTINENT,star_asia_2022_W35_Market-report-Week-35-2.pdf,,,,,,,,,,
2022-09-04,35,Beaching / Arrival,MALAVIYA TEN,OFFSHORE,1969.0,,"Chattogram, Bangladesh",,,2022-08-25,,,star_asia_2022_W35_Market-report-Week-35-2.pdf,25.08.2022,,EU_DDMMYYYY,AWAITING,AWAITING,STATUS,,,,
2022-09-04,35,Beaching / Arrival,BONGO,TANKER,3189.0,,"Chattogram, Bangladesh",,,2022-08-24,,,star_asia_2022_W35_Market-report-Week-35-2.pdf,24.08.2022,,EU_DDMMYYYY,AWAITING,AWAITING,STATUS,,,,
2022-09-04,35,Beaching / Arrival,ABA 1,DRILLSHIP,11148.0,,"Chattogram, Bangladesh",,,2022-08-30,,,star_asia_2022_W35_Market-report-Week-35-2.pdf,30.08.2022,,EU_DDMMYYYY,AWAITING,AWAITING,STATUS,,,,
2022-09-04,35,Beaching / Arrival,WINTON T128,BULKER,975.0,,"Gaddani, Pakistan",,,2022-06-23,,,star_asia_2022_W35_Market-report-Week-35-2.pdf,23.06.2022,,EU_DDMMYYYY,AWAITING,AWAITING,STATUS,,,,
2022-09-04,35,Beaching / Arrival,ARIANA,TANKER,15672.0,,"Gaddani, Pakistan",,,2022-06-22,,,star_asia_2022_W35_Market-report-Week-35-2.pdf,22.06.2022,,EU_DDMMYYYY,AWAITING,AWAITING,STATUS,,,,
2022-09-04,35,Beaching / Arrival,GALA,TANKER,16884.0,,"Gaddani, Pakistan",,,2022-03-01,,,star_asia_2022_W35_Market-report-Week-35-2.pdf,01.03.2022,,EU_DDMMYYYY,AWAITING,AWAITING,STATUS,,,,
2022-09-18,37,Reported Sale,SEARICH,TANKER,1778.0,670.0,"Chattogram, Bangladesh",1992,S. KOREA,,,DELIVERED CHATTOGRAM / STAINLESS STEEL CONTENT,star_asia_2022_W37_4ece41_472767ead5b0485190d397088e7ab434.pdf,,,,,,,,,,
2022-09-18,37,Reported Sale,DAWN LUCK,TANKER,2012.0,670.0,"Chattogram, Bangladesh",1991,JAPAN,,,DELIVERED CHATTOGRAM / STAINLESS STEEL CONTENT,star_asia_2022_W37_4ece41_472767ead5b0485190d397088e7ab434.pdf,,,,,,,,,,
2022-09-18,37,Reported Sale,BO YANG,TANKER,3523.0,640.0,"Chattogram, Bangladesh",2003,CHINA,,,DELIVERED CHATTOGRAM,star_asia_2022_W37_4ece41_472767ead5b0485190d397088e7ab434.pdf,,,,,,,,,,
2022-09-18,37,Reported Sale,CHEVAL BLEU,TANKER,21882.0,615.0,"Alang, India",1995,JAPAN,,,DELIVERED ALANG / GADDANI,star_asia_2022_W37_4ece41_472767ead5b0485190d397088e7ab434.pdf,,,,,,,,,,
2022-09-18,37,Beaching / Arrival,ARISTOTLE,FISHING TRAWLER,5065.0,,"Chattogram, Bangladesh",,,2022-09-16,,,star_asia_2022_W37_4ece41_472767ead5b0485190d397088e7ab434.pdf,16.09.2022,,EU_DDMMYYYY,AWAITING,AWAITING,STATUS,,,,
2022-09-18,37,Beaching / Arrival,ALBATROSS 1,TUG,1275.0,,"Chattogram, Bangladesh",,,2022-09-08,2022-09-11,,star_asia_2022_W37_4ece41_472767ead5b0485190d397088e7ab434.pdf,08.09.2022,,EU_DDMMYYYY,11.09.2022,,EU_DDMMYYYY,,,,
2022-09-18,37,Beaching / Arrival,PRISCO BRAVO,TANKERS,2564.0,,"Chattogram, Bangladesh",,,2022-08-28,2022-09-09,,star_asia_2022_W37_4ece41_472767ead5b0485190d397088e7ab434.pdf,28.08.2022,,EU_DDMMYYYY,09.09.2022,,EU_DDMMYYYY,,,,
2022-09-18,37,Beaching / Arrival,ABA 1,DRILLSHIP,11148.0,,"Chattogram, Bangladesh",,,2022-08-30,2022-09-09,,star_asia_2022_W37_4ece41_472767ead5b0485190d397088e7ab434.pdf,30.08.2022,,EU_DDMMYYYY,09.09.2022,,EU_DDMMYYYY,,,,
2022-09-18,37,Beaching / Arrival,MAESTRO UNIVERSE,ROR0,5377.0,,"Chattogram, Bangladesh",,,2022-08-30,2022-09-09,,star_asia_2022_W37_4ece41_472767ead5b0485190d397088e7ab434.pdf,30.08.2022,,EU_DDMMYYYY,09.09.2022,,EU_DDMMYYYY,,,,
2022-09-18,37,Beaching / Arrival,MALAVIYA TEN,OFFSHORE,1969.0,,"Chattogram, Bangladesh",,,2022-08-25,2022-09-03,,star_asia_2022_W37_4ece41_472767ead5b0485190d397088e7ab434.pdf,25.08.2022,,EU_DDMMYYYY,03.09.2022,,EU_DDMMYYYY,,,,
2022-09-18,37,Beaching / Arrival,BONVOY 8,TANKER,3348.0,,"Chattogram, Bangladesh",,,2022-09-14,,,star_asia_2022_W37_4ece41_472767ead5b0485190d397088e7ab434.pdf,14.09.2022,,EU_DDMMYYYY,AWAITING,AWAITING,STATUS,,,,
2022-09-18,37,Beaching / Arrival,OCEAN 02,TUG,2394.0,,"Chattogram, Bangladesh",,,2022-09-07,2022-09-12,,star_asia_2022_W37_4ece41_472767ead5b0485190d397088e7ab434.pdf,07.09.2022,,EU_DDMMYYYY,12.09.2022,,EU_DDMMYYYY,,,,
2022-09-18,37,Beaching / Arrival,VICTORY,FISHING,3153.0,,"Chattogram, Bangladesh",,,2022-09-07,2022-09-11,,star_asia_2022_W37_4ece41_472767ead5b0485190d397088e7ab434.pdf,07.09.2022,,EU_DDMMYYYY,11.09.2022,,EU_DDMMYYYY,,,,
2022-09-18,37,Beaching / Arrival,GANGWON 1,RORO,11253.0,,"Chattogram, Bangladesh",,,2022-09-03,2022-09-10,,star_asia_2022_W37_4ece41_472767ead5b0485190d397088e7ab434.pdf,03.09.2022,,EU_DDMMYYYY,10.09.2022,,EU_DDMMYYYY,,,,
2022-09-18,37,Beaching / Arrival,WINTON T128,BULKER,975.0,,"Chattogram, Bangladesh",,,2022-06-23,,,star_asia_2022_W37_4ece41_472767ead5b0485190d397088e7ab434.pdf,23.06.2022,,EU_DDMMYYYY,AWAITING,AWAITING,STATUS,,,,
2022-09-18,37,Beaching / Arrival,ARIANA,TANKER,15672.0,,"Chattogram, Bangladesh",,,2022-06-22,,,star_asia_2022_W37_4ece41_472767ead5b0485190d397088e7ab434.pdf,22.06.2022,,EU_DDMMYYYY,AWAITING,AWAITING,STATUS,,,,
2022-09-18,37,Beaching / Arrival,GALA,TANKER,16884.0,,"Chattogram, Bangladesh",,,2022-03-01,,,star_asia_2022_W37_4ece41_472767ead5b0485190d397088e7ab434.pdf,01.03.2022,,EU_DDMMYYYY,AWAITING,AWAITING,STATUS,,,,
2022-09-25,38,Reported Sale,MATHU BHUM,CONTAINER,5130.0,600.0,,1990,S.KOREA,,,DELIVERED AS IS SINGAPORE / FORWARD DELIVERY IN DECEMBER,star_asia_2022_W38_Market-report-Week-38_.pdf,,,,,,,,,,
2022-09-25,38,Reported Sale,KG ASIA,BULKER,12605.0,,,1999,S.KOREA,,,DELIVERED AS IS S.KOREAN PORTS,star_asia_2022_W38_Market-report-Week-38_.pdf,,,,,,,,,,
2022-09-25,38,Reported Sale,DERRICK BARGE 27,PIPE LAY BARGE,15984.0,445.0,,1974,JAPAN,,,DELIVERED AS IS U.A.E PORTS FOR CLASS NK / LR HKC COMPLIANT RECYCLING,star_asia_2022_W38_Market-report-Week-38_.pdf,,,,,,,,,,
2022-09-25,38,Reported Sale,KRONSHTADTSKIY,REEFER,1854.0,675.0,,1990,USSR,,,DELIVERED FULL SUB- CONTINENT / HIGH NON- FERROUS CONTENT,star_asia_2022_W38_Market-report-Week-38_.pdf,,,,,,,,,,
2022-09-25,38,Beaching / Arrival,SINGA,CRUISE,22158.0,,"Chattogram, Bangladesh",,,2022-09-21,,,star_asia_2022_W38_Market-report-Week-38_.pdf,21.09.2022,,EU_DDMMYYYY,AWAITING,AWAITING,STATUS,,,,
2022-09-25,38,Beaching / Arrival,PROMETEY,TANKER,1614.0,,"Chattogram, Bangladesh",,,2022-09-19,,,star_asia_2022_W38_Market-report-Week-38_.pdf,19.09.2022,,EU_DDMMYYYY,AWAITING,AWAITING,STATUS,,,,
2022-09-25,38,Beaching / Arrival,ARISTOTLE,FISHING TRAWLER,5065.0,,"Chattogram, Bangladesh",,,2022-09-16,,,star_asia_2022_W38_Market-report-Week-38_.pdf,16.09.2022,,EU_DDMMYYYY,AWAITING,AWAITING,STATUS,,,,
2022-09-25,38,Beaching / Arrival,ALBATROSS 1,TUG,1275.0,,"Chattogram, Bangladesh",,,2022-09-08,2022-09-11,,star_asia_2022_W38_Market-report-Week-38_.pdf,08.09.2022,,EU_DDMMYYYY,11.09.2022,,EU_DDMMYYYY,,,,
2022-09-25,38,Beaching / Arrival,PRISCO BRAVO,TANKERS,2564.0,,"Chattogram, Bangladesh",,,2022-08-28,2022-09-09,,star_asia_2022_W38_Market-report-Week-38_.pdf,28.08.2022,,EU_DDMMYYYY,09.09.2022,,EU_DDMMYYYY,,,,
2022-09-25,38,Beaching / Arrival,ABA 1,DRILLSHIP,11148.0,,"Chattogram, Bangladesh",,,2022-08-30,2022-09-09,,star_asia_2022_W38_Market-report-Week-38_.pdf,30.08.2022,,EU_DDMMYYYY,09.09.2022,,EU_DDMMYYYY,,,,
2022-09-25,38,Beaching / Arrival,MAESTRO UNIVERSE,ROR0,5377.0,,"Chattogram, Bangladesh",,,2022-08-30,2022-09-09,,star_asia_2022_W38_Market-report-Week-38_.pdf,30.08.2022,,EU_DDMMYYYY,09.09.2022,,EU_DDMMYYYY,,,,
2022-09-25,38,Beaching / Arrival,MALAVIYA TEN,OFFSHORE,1969.0,,"Chattogram, Bangladesh",,,2022-08-25,2022-09-03,,star_asia_2022_W38_Market-report-Week-38_.pdf,25.08.2022,,EU_DDMMYYYY,03.09.2022,,EU_DDMMYYYY,,,,
2022-09-25,38,Beaching / Arrival,BONVOY 8,TANKER,3348.0,,"Gaddani, Pakistan",,,2022-09-14,,,star_asia_2022_W38_Market-report-Week-38_.pdf,14.09.2022,,EU_DDMMYYYY,AWAITING,AWAITING,STATUS,,,,
2022-09-25,38,Beaching / Arrival,OCEAN 02,TUG,2394.0,,"Gaddani, Pakistan",,,2022-09-07,2022-09-12,,star_asia_2022_W38_Market-report-Week-38_.pdf,07.09.2022,,EU_DDMMYYYY,12.09.2022,,EU_DDMMYYYY,,,,
2022-09-25,38,Beaching / Arrival,VICTORY,FISHING,3153.0,,"Gaddani, Pakistan",,,2022-09-07,2022-09-11,,star_asia_2022_W38_Market-report-Week-38_.pdf,07.09.2022,,EU_DDMMYYYY,11.09.2022,,EU_DDMMYYYY,,,,
2022-09-25,38,Beaching / Arrival,GANGWON 1,RORO,11253.0,,"Gaddani, Pakistan",,,2022-09-03,2022-09-10,,star_asia_2022_W38_Market-report-Week-38_.pdf,03.09.2022,,EU_DDMMYYYY,10.09.2022,,EU_DDMMYYYY,,,,
2022-09-25,38,Beaching / Arrival,WINTON T128,BULKER,975.0,,"Gaddani, Pakistan",,,2022-06-23,,,star_asia_2022_W38_Market-report-Week-38_.pdf,23.06.2022,,EU_DDMMYYYY,AWAITING,AWAITING,STATUS,,,,
2022-09-25,38,Beaching / Arrival,ARIANA,TANKER,15672.0,,"Gaddani, Pakistan",,,2022-06-22,,,star_asia_2022_W38_Market-report-Week-38_.pdf,22.06.2022,,EU_DDMMYYYY,AWAITING,AWAITING,STATUS,,,,
2022-09-25,38,Beaching / Arrival,GALA,TANKER,16884.0,,"Gaddani, Pakistan",,,2022-03-01,,,star_asia_2022_W38_Market-report-Week-38_.pdf,01.03.2022,,EU_DDMMYYYY,AWAITING,AWAITING,STATUS,,,,
2022-10-09,40,Reported Sale,FU YI,BULKER,8000.0,620.0,"Chattogram, Bangladesh",1989,JAPAN,,,DELIVERED CHATTOGRAM,star_asia_2022_W40_weekly-report-40_compressed.pdf,,,,,,,,,,
2022-10-09,40,Reported Sale,SAMC INTEGRITY,BULKER,24181.0,579.0,,2002,TAIWAN,,,DELIVERED AS IS SINGAPORE,star_asia_2022_W40_weekly-report-40_compressed.pdf,,,,,,,,,,
2022-10-09,40,Reported Sale,THEODOROS I. V.,TANKER,12626.0,605.0,,1999,UKRAINE,,,DELIVERED AS IS U.A.E PORTS,star_asia_2022_W40_weekly-report-40_compressed.pdf,,,,,,,,,,
2022-10-09,40,Beaching / Arrival,FALCON SPIRIT,TANKER,22793.0,,"Chattogram, Bangladesh",,,2022-10-06,,,star_asia_2022_W40_weekly-report-40_compressed.pdf,06.10.2022,,EU_DDMMYYYY,AWAITING,AWAITING,STATUS,,,,
2022-10-09,40,Beaching / Arrival,DEED 1,GENERAL CARGO,1985.0,,"Chattogram, Bangladesh",,,,,,star_asia_2022_W40_weekly-report-40_compressed.pdf,29.02.2022,,UNPARSED,AWAITING,AWAITING,STATUS,,,,
2022-10-09,40,Beaching / Arrival,ORAS,GENERAL CARGO,1878.0,,"Chattogram, Bangladesh",,,2022-09-27,,,star_asia_2022_W40_weekly-report-40_compressed.pdf,27.09.2022,,EU_DDMMYYYY,AWAITING,AWAITING,STATUS,,,,
2022-10-09,40,Beaching / Arrival,ARIANA,TANKER,15672.0,,"Chattogram, Bangladesh",,,2022-06-22,,,star_asia_2022_W40_weekly-report-40_compressed.pdf,22.06.2022,,EU_DDMMYYYY,AWAITING,AWAITING,STATUS,,,,
2022-10-09,40,Beaching / Arrival,GALA,TANKER,16884.0,,"Chattogram, Bangladesh",,,2022-03-01,,,star_asia_2022_W40_weekly-report-40_compressed.pdf,01.03.2022,,EU_DDMMYYYY,AWAITING,AWAITING,STATUS,,,,
2022-10-09,40,Beaching / Arrival,CHEVAL BLEU,TANKER,21822.0,,"Chattogram, Bangladesh",,,2022-10-04,2022-10-08,,star_asia_2022_W40_weekly-report-40_compressed.pdf,04.10.2022,,EU_DDMMYYYY,08.10.2022,,EU_DDMMYYYY,,,,
2022-10-16,41,Reported Sale,YU HAI XING,BC,5017.1,615.0,"Chattogram, Bangladesh",1995,CHINA,,,DELIVERED CHATTOGRAM,star_asia_2022_W41_Market-report-Week-41_compressed.pdf,,,,,,,,,,
2022-10-16,41,Beaching / Arrival,LOUISIANA,RIG,16751.0,,"Chattogram, Bangladesh",,,2022-10-14,,,star_asia_2022_W41_Market-report-Week-41_compressed.pdf,14.10.2022,,EU_DDMMYYYY,AWAITING,AWAITING,STATUS,,,,
2022-10-16,41,Beaching / Arrival,JAGUAR,RIG,26545.0,,"Chattogram, Bangladesh",,,2022-10-14,,,star_asia_2022_W41_Market-report-Week-41_compressed.pdf,14.10.2022,,EU_DDMMYYYY,AWAITING,AWAITING,STATUS,,,,
2022-10-16,41,Beaching / Arrival,DEED 1,GENERAL CARGO,1985.0,,"Chattogram, Bangladesh",,,,,,star_asia_2022_W41_Market-report-Week-41_compressed.pdf,29.02.2022,,UNPARSED,AWAITING,AWAITING,STATUS,,,,
2022-10-16,41,Beaching / Arrival,ABA IV,JACKUP RIG,7926.0,,"Chattogram, Bangladesh",,,2022-10-12,2022-10-13,,star_asia_2022_W41_Market-report-Week-41_compressed.pdf,12.10.2022,,EU_DDMMYYYY,13.10.2022,,EU_DDMMYYYY,,,,
2022-10-16,41,Beaching / Arrival,FALCON SPIRIT,TANKER,22793.0,,"Chattogram, Bangladesh",,,2022-10-06,2022-10-12,,star_asia_2022_W41_Market-report-Week-41_compressed.pdf,06.10.2022,,EU_DDMMYYYY,12.10.2022,,EU_DDMMYYYY,,,,
2022-10-16,41,Beaching / Arrival,JAVA ILLITHIYA,OFFSHORE,2553.0,,"Gaddani, Pakistan",,,2022-10-15,,,star_asia_2022_W41_Market-report-Week-41_compressed.pdf,15.10.2022,,EU_DDMMYYYY,AWAITING,AWAITING,STATUS,,,,
2022-10-16,41,Beaching / Arrival,STROVOLOS,TANKER,9368.0,,"Gaddani, Pakistan",,,2022-10-01,2022-10-08,,star_asia_2022_W41_Market-report-Week-41_compressed.pdf,01.10.2022,,EU_DDMMYYYY,08.10.2022,,EU_DDMMYYYY,,,,
2022-10-16,41,Beaching / Arrival,STARLET,BULKER,23683.0,,"Gaddani, Pakistan",,,2022-10-04,2022-10-09,,star_asia_2022_W41_Market-report-Week-41_compressed.pdf,04.10.2022,,EU_DDMMYYYY,09.10.2022,,EU_DDMMYYYY,,,,
2022-10-16,41,Beaching / Arrival,PETROGAS 5,LPG,904.0,,"Gaddani, Pakistan",,,2022-10-06,2022-10-14,,star_asia_2022_W41_Market-report-Week-41_compressed.pdf,06.10.2022,,EU_DDMMYYYY,14.10.2022,,EU_DDMMYYYY,,,,
2022-10-16,41,Beaching / Arrival,BEI LUN 6,BULKER,8015.0,,"Gaddani, Pakistan",,,2022-10-06,2022-10-12,,star_asia_2022_W41_Market-report-Week-41_compressed.pdf,06.10.2022,,EU_DDMMYYYY,12.10.2022,,EU_DDMMYYYY,,,,
2022-10-16,41,Beaching / Arrival,URANUS,TANKER,39825.0,,"Gaddani, Pakistan",,,2022-10-07,2022-10-12,,star_asia_2022_W41_Market-report-Week-41_compressed.pdf,07.10.2022,,EU_DDMMYYYY,12.10.2022,,EU_DDMMYYYY,,,,
2022-10-16,41,Beaching / Arrival,MAR,RORO,10800.0,,"Gaddani, Pakistan",,,2022-10-08,2022-10-13,,star_asia_2022_W41_Market-report-Week-41_compressed.pdf,08.10.2022,,EU_DDMMYYYY,13.10.2022,,EU_DDMMYYYY,,,,
2022-10-16,41,Beaching / Arrival,MINISTAR,LPG,835.0,,"Gaddani, Pakistan",,,2022-10-09,,,star_asia_2022_W41_Market-report-Week-41_compressed.pdf,09.10.2022,,EU_DDMMYYYY,AWAITING,AWAITING,STATUS,,,,
2022-10-16,41,Beaching / Arrival,UEI MARU,GENERAL CARGO,757.0,,"Gaddani, Pakistan",,,2022-10-10,,,star_asia_2022_W41_Market-report-Week-41_compressed.pdf,10.10.2022,,EU_DDMMYYYY,AWAITING,AWAITING,STATUS,,,,
2022-10-16,41,Beaching / Arrival,ARIANA,TANKER,15672.0,,"Gaddani, Pakistan",,,2022-06-22,,,star_asia_2022_W41_Market-report-Week-41_compressed.pdf,22.06.2022,,EU_DDMMYYYY,AWAITING,AWAITING,STATUS,,,,
2022-10-16,41,Beaching / Arrival,GALA,TANKER,16884.0,,"Gaddani, Pakistan",,,2022-03-01,,,star_asia_2022_W41_Market-report-Week-41_compressed.pdf,01.03.2022,,EU_DDMMYYYY,AWAITING,AWAITING,STATUS,,,,
2022-10-16,41,Beaching / Arrival,CHEVAL BLEU,TANKER,21822.0,,"Chattogram, Bangladesh",,,2022-10-04,2022-10-08,,star_asia_2022_W41_Market-report-Week-41_compressed.pdf,04.10.2022,,EU_DDMMYYYY,08.10.2022,,EU_DDMMYYYY,,,,
2022-10-30,43,Reported Sale,AN PING 8,BULKER,9804.0,620.0,"Chattogram, Bangladesh",1994,JAPAN,,,DELIVERED CHATTOGRAM,star_asia_2022_W43_Market-report-Week-43_.pdf,,,,,,,,,,
2022-10-30,43,Beaching / Arrival,ANGELOS,CHEM. TANKER,3871.0,,"Chattogram, Bangladesh",,,2022-10-28,,,star_asia_2022_W43_Market-report-Week-43_.pdf,28.10.2022,,EU_DDMMYYYY,AWAITING,AWAITING,STATUS,,,,
2022-10-30,43,Beaching / Arrival,DEED 1,GENERAL CARGO,1985.0,,"Chattogram, Bangladesh",,,2022-09-29,2022-10-28,,star_asia_2022_W43_Market-report-Week-43_.pdf,29.09.2022,,EU_DDMMYYYY,28.10.2022,,EU_DDMMYYYY,,,,
2022-10-30,43,Beaching / Arrival,DOLPHIN,FISHING,3567.0,,"Chattogram, Bangladesh",,,2022-10-18,2022-10-21,,star_asia_2022_W43_Market-report-Week-43_.pdf,18.10.2022,,EU_DDMMYYYY,21.10.2022,,EU_DDMMYYYY,,,,
2022-10-30,43,Beaching / Arrival,LOUISIANA,RIG,16751.0,,"Chattogram, Bangladesh",,,2022-10-14,2022-10-16,,star_asia_2022_W43_Market-report-Week-43_.pdf,14.10.2022,,EU_DDMMYYYY,16.10.2022,,EU_DDMMYYYY,,,,
2022-10-30,43,Beaching / Arrival,JAGUAR,RIG,26545.0,,"Chattogram, Bangladesh",,,2022-10-14,2022-10-16,,star_asia_2022_W43_Market-report-Week-43_.pdf,14.10.2022,,EU_DDMMYYYY,16.10.2022,,EU_DDMMYYYY,,,,
2022-10-30,43,Beaching / Arrival,ABA IV,JACKUP RIG,7926.0,,"Chattogram, Bangladesh",,,2022-10-12,2022-10-13,,star_asia_2022_W43_Market-report-Week-43_.pdf,12.10.2022,,EU_DDMMYYYY,13.10.2022,,EU_DDMMYYYY,,,,
2022-10-30,43,Beaching / Arrival,FALCON SPIRIT,TANKER,22793.0,,"Chattogram, Bangladesh",,,2022-10-06,2022-10-12,,star_asia_2022_W43_Market-report-Week-43_.pdf,06.10.2022,,EU_DDMMYYYY,12.10.2022,,EU_DDMMYYYY,,,,
2022-10-30,43,Beaching / Arrival,SEARICH,TANKER,1778.0,,"Alang, India",,,2022-10-20,,,star_asia_2022_W43_Market-report-Week-43_.pdf,20.10.2022,,EU_DDMMYYYY,AWAITING,AWAITING,STATUS,,,,
2022-10-30,43,Beaching / Arrival,DAWN LUCK,TANKER,2012.0,,"Alang, India",,,2022-10-20,,,star_asia_2022_W43_Market-report-Week-43_.pdf,20.10.2022,,EU_DDMMYYYY,AWAITING,AWAITING,STATUS,,,,
2022-10-30,43,Beaching / Arrival,BO YANG 18,TANKER,3523.0,,"Alang, India",,,2022-10-22,,,star_asia_2022_W43_Market-report-Week-43_.pdf,22.10.2022,,EU_DDMMYYYY,AWAITING,AWAITING,STATUS,,,,
2022-10-30,43,Beaching / Arrival,ARK,TANKER,41756.0,,"Alang, India",,,2022-10-23,2022-10-27,,star_asia_2022_W43_Market-report-Week-43_.pdf,23.10.2022,,EU_DDMMYYYY,27.10.2022,,EU_DDMMYYYY,,,,
2022-10-30,43,Beaching / Arrival,SHINY,BULKER,22009.0,,"Alang, India",,,2022-10-19,2022-10-26,,star_asia_2022_W43_Market-report-Week-43_.pdf,19.10.2022,,EU_DDMMYYYY,26.10.2022,,EU_DDMMYYYY,,,,
2022-10-30,43,Beaching / Arrival,DAIYU,GENERAL CARGO,623.0,,"Alang, India",,,2022-10-15,2022-10-20,,star_asia_2022_W43_Market-report-Week-43_.pdf,15.10.2022,,EU_DDMMYYYY,20.10.2022,,EU_DDMMYYYY,,,,
2022-10-30,43,Beaching / Arrival,PROSPERITY,BULKER,5822.0,,"Alang, India",,,2022-10-14,2022-10-26,,star_asia_2022_W43_Market-report-Week-43_.pdf,14.10.2022,,EU_DDMMYYYY,26.10.2022,,EU_DDMMYYYY,,,,
2022-10-30,43,Beaching / Arrival,JAVA ILLITHIYA,OFFSHORE,2553.0,,"Alang, India",,,2022-10-15,2022-10-22,,star_asia_2022_W43_Market-report-Week-43_.pdf,15.10.2022,,EU_DDMMYYYY,22.10.2022,,EU_DDMMYYYY,,,,
2022-10-30,43,Beaching / Arrival,STROVOLOS,TANKER,9368.0,,"Alang, India",,,2022-10-01,2022-10-08,,star_asia_2022_W43_Market-report-Week-43_.pdf,01.10.2022,,EU_DDMMYYYY,08.10.2022,,EU_DDMMYYYY,,,,
2022-10-30,43,Beaching / Arrival,STARLET,BULKER,23683.0,,"Alang, India",,,2022-10-04,2022-10-09,,star_asia_2022_W43_Market-report-Week-43_.pdf,04.10.2022,,EU_DDMMYYYY,09.10.2022,,EU_DDMMYYYY,,,,
2022-10-30,43,Beaching / Arrival,PETROGAS 5,LPG,904.0,,"Alang, India",,,2022-10-06,2022-10-14,,star_asia_2022_W43_Market-report-Week-43_.pdf,06.10.2022,,EU_DDMMYYYY,14.10.2022,,EU_DDMMYYYY,,,,
2022-10-30,43,Beaching / Arrival,BEI LUN 6,BULKER,8015.0,,"Alang, India",,,2022-10-06,2022-10-12,,star_asia_2022_W43_Market-report-Week-43_.pdf,06.10.2022,,EU_DDMMYYYY,12.10.2022,,EU_DDMMYYYY,,,,
2022-10-30,43,Beaching / Arrival,URANUS,TANKER,39825.0,,"Alang, India",,,2022-10-07,2022-10-12,,star_asia_2022_W43_Market-report-Week-43_.pdf,07.10.2022,,EU_DDMMYYYY,12.10.2022,,EU_DDMMYYYY,,,,
2022-10-30,43,Beaching / Arrival,MAR,RORO,10800.0,,"Alang, India",,,2022-10-08,2022-10-13,,star_asia_2022_W43_Market-report-Week-43_.pdf,08.10.2022,,EU_DDMMYYYY,13.10.2022,,EU_DDMMYYYY,,,,
2022-10-30,43,Beaching / Arrival,MINISTAR,LPG,835.0,,"Alang, India",,,2022-10-09,2022-10-14,,star_asia_2022_W43_Market-report-Week-43_.pdf,09.10.2022,,EU_DDMMYYYY,14.10.2022,,EU_DDMMYYYY,,,,
2022-10-30,43,Beaching / Arrival,UEI MARU,GENERAL CARGO,757.0,,"Alang, India",,,2022-10-10,2022-10-17,,star_asia_2022_W43_Market-report-Week-43_.pdf,10.10.2022,,EU_DDMMYYYY,17.10.2022,,EU_DDMMYYYY,,,,
2022-10-30,43,Beaching / Arrival,ARIANA,TANKER,15672.0,,"Alang, India",,,2022-06-22,,,star_asia_2022_W43_Market-report-Week-43_.pdf,22.06.2022,,EU_DDMMYYYY,AWAITING,AWAITING,STATUS,,,,
2022-10-30,43,Beaching / Arrival,GALA,TANKER,16884.0,,"Alang, India",,,2022-03-01,,,star_asia_2022_W43_Market-report-Week-43_.pdf,01.03.2022,,EU_DDMMYYYY,AWAITING,AWAITING,STATUS,,,,
2022-10-30,43,Beaching / Arrival,LINDA STAR,BULKER,6475.0,,"Chattogram, Bangladesh",,,2022-10-19,2022-10-23,,star_asia_2022_W43_Market-report-Week-43_.pdf,19.10.2022,,EU_DDMMYYYY,23.10.2022,,EU_DDMMYYYY,,,,
2022-10-30,43,Beaching / Arrival,MEDROCK II,BARGE,1550.0,,"Chattogram, Bangladesh",,,2022-10-18,2022-10-25,,star_asia_2022_W43_Market-report-Week-43_.pdf,18.10.2022,,EU_DDMMYYYY,25.10.2022,,EU_DDMMYYYY,,,,
2022-10-30,43,Beaching / Arrival,OCEAN YOUNKER,TUG,625.0,,"Chattogram, Bangladesh",,,2022-10-18,2022-10-25,,star_asia_2022_W43_Market-report-Week-43_.pdf,18.10.2022,,EU_DDMMYYYY,25.10.2022,,EU_DDMMYYYY,,,,
2022-10-30,43,Beaching / Arrival,CHEVAL BLEU,TANKER,21822.0,,"Chattogram, Bangladesh",,,2022-10-04,2022-10-08,,star_asia_2022_W43_Market-report-Week-43_.pdf,04.10.2022,,EU_DDMMYYYY,08.10.2022,,EU_DDMMYYYY,,,,
2022-11-06,44,Reported Sale,CILACAP /PERMINA SAMUDERA 104,FSO,15780.0,328.0,,1974,JAPAN,,,"AUCTION SALE BASIS DELIVERED AS IS KOTABARU, INDONESIA / FIRE DAMAGED, UNDER TOW",star_asia_2022_W44_Market-report-Week-44_.pdf,,,,,,,,,,
2022-11-06,44,Reported Sale,SONG HAU PN,TANKER,10933.0,,,1998,UKRAINE,,,DELIVERED AS IS U.A.E.,star_asia_2022_W44_Market-report-Week-44_.pdf,,,,,,,,,,
2022-11-06,44,Beaching / Arrival,KRONSHTADISKIY,FISHING,1854.0,,"Chattogram, Bangladesh",,,2022-11-01,,,star_asia_2022_W44_Market-report-Week-44_.pdf,01.11.2022,,EU_DDMMYYYY,AWAITING,AWAITING,STATUS,,,,
2022-11-06,44,Beaching / Arrival,RIVIERA,TOTO,4833.0,,"Chattogram, Bangladesh",,,2022-11-03,,,star_asia_2022_W44_Market-report-Week-44_.pdf,03.11.2022,,EU_DDMMYYYY,AWAITING,AWAITING,STATUS,,,,
2022-11-06,44,Beaching / Arrival,FULL ALWAYS 168,FISHING,505.0,,"Gaddani, Pakistan",,,2022-11-01,,,star_asia_2022_W44_Market-report-Week-44_.pdf,01.11.2022,,EU_DDMMYYYY,AWAITING,AWAITING,STATUS,,,,
2022-11-06,44,Beaching / Arrival,FARQUHAR 1,FISHING,495.0,,"Gaddani, Pakistan",,,2022-11-01,,,star_asia_2022_W44_Market-report-Week-44_.pdf,01.11.2022,,EU_DDMMYYYY,AWAITING,AWAITING,STATUS,,,,
2022-11-06,44,Beaching / Arrival,REDPEARL,RORO,3474.0,,"Gaddani, Pakistan",,,2022-11-01,,,star_asia_2022_W44_Market-report-Week-44_.pdf,01.11.2022,,EU_DDMMYYYY,AWAITING,AWAITING,STATUS,,,,
2022-11-06,44,Beaching / Arrival,JINA,TANKER,1710.0,,"Gaddani, Pakistan",,,2022-10-31,,,star_asia_2022_W44_Market-report-Week-44_.pdf,31.10.2022,,EU_DDMMYYYY,AWAITING,AWAITING,STATUS,,,,
2022-11-06,44,Beaching / Arrival,FU YI,GEN. CARGO,8317.0,,"Gaddani, Pakistan",,,2022-10-28,,,star_asia_2022_W44_Market-report-Week-44_.pdf,28.10.2022,,EU_DDMMYYYY,AWAITING,AWAITING,STATUS,,,,
2022-11-06,44,Beaching / Arrival,ARIANA,TANKER,15672.0,,"Gaddani, Pakistan",,,2022-06-22,,,star_asia_2022_W44_Market-report-Week-44_.pdf,22.06.2022,,EU_DDMMYYYY,AWAITING,AWAITING,STATUS,,,,
2022-11-06,44,Beaching / Arrival,GALA,TANKER,16884.0,,"Gaddani, Pakistan",,,2022-03-01,,,star_asia_2022_W44_Market-report-Week-44_.pdf,01.03.2022,,EU_DDMMYYYY,AWAITING,AWAITING,STATUS,,,,
2022-11-13,45,Reported Sale,CURACAO PEARL,BULKER,10965.0,585.0,"Alang, India",1984,S.KOREA,,,DELIVERED ALANG FOR HKC / HIGH SPECS WITH NEWLY INSTALLED BWTS,star_asia_2022_W45_Market-report-Week-45.pdf,,,,,,,,,,
2022-11-13,45,Reported Sale,TIAN YU 2,BULKER,5002.0,560.0,"Chattogram, Bangladesh",1989,JAPAN,,,DELIVERED CHATTOGRAM,star_asia_2022_W45_Market-report-Week-45.pdf,,,,,,,,,,
2022-11-13,45,Beaching / Arrival,SERENITY,OFFSHORE,2828.0,,"Chattogram, Bangladesh",,,2022-11-08,,,star_asia_2022_W45_Market-report-Week-45.pdf,08.11.2022,,EU_DDMMYYYY,AWAITING,AWAITING,STATUS,,,,
2022-11-13,45,Beaching / Arrival,ORIENT 1,BULKER,18138.0,,"Chattogram, Bangladesh",,,2022-11-07,2022-11-11,,star_asia_2022_W45_Market-report-Week-45.pdf,07.11.2022,,EU_DDMMYYYY,11.11.2022,,EU_DDMMYYYY,,,,
2022-11-13,45,Beaching / Arrival,RIVIERA,TOTO,4833.0,,"Chattogram, Bangladesh",,,2022-11-03,2022-11-10,,star_asia_2022_W45_Market-report-Week-45.pdf,03.11.2022,,EU_DDMMYYYY,10.11.2022,,EU_DDMMYYYY,,,,
2022-11-13,45,Beaching / Arrival,KRONSHTADISKIY,FISHING,1854.0,,"Chattogram, Bangladesh",,,2022-11-01,2022-11-09,,star_asia_2022_W45_Market-report-Week-45.pdf,01.11.2022,,EU_DDMMYYYY,09.11.2022,,EU_DDMMYYYY,,,,
2022-11-13,45,Beaching / Arrival,BARGE 27,PIPE LAYING BARGE,16325.0,,"Chattogram, Bangladesh",,,2022-11-07,2022-11-09,,star_asia_2022_W45_Market-report-Week-45.pdf,07.11.2022,,EU_DDMMYYYY,09.11.2022,,EU_DDMMYYYY,,,,
2022-11-13,45,Beaching / Arrival,FULL ALWAYS 168,FISHING,505.0,,"Gaddani, Pakistan",,,2022-11-01,,,star_asia_2022_W45_Market-report-Week-45.pdf,01.11.2022,,EU_DDMMYYYY,AWAITING,AWAITING,STATUS,,,,
2022-11-13,45,Beaching / Arrival,FARQUHAR 1,FISHING,495.0,,"Gaddani, Pakistan",,,2022-11-01,,,star_asia_2022_W45_Market-report-Week-45.pdf,01.11.2022,,EU_DDMMYYYY,AWAITING,AWAITING,STATUS,,,,
2022-11-13,45,Beaching / Arrival,FU YI,GEN. CARGO,8317.0,,"Gaddani, Pakistan",,,2022-10-28,2022-11-08,,star_asia_2022_W45_Market-report-Week-45.pdf,28.10.2022,,EU_DDMMYYYY,08.11.2022,,EU_DDMMYYYY,,,,
2022-11-13,45,Beaching / Arrival,REDPEARL,RORO,3474.0,,"Gaddani, Pakistan",,,2022-11-01,2022-11-06,,star_asia_2022_W45_Market-report-Week-45.pdf,01.11.2022,,EU_DDMMYYYY,06.11.2022,,EU_DDMMYYYY,,,,
2022-11-13,45,Beaching / Arrival,JINA,TANKER,1710.0,,"Gaddani, Pakistan",,,2022-10-31,2022-11-06,,star_asia_2022_W45_Market-report-Week-45.pdf,31.10.2022,,EU_DDMMYYYY,06.11.2022,,EU_DDMMYYYY,,,,
2022-11-13,45,Beaching / Arrival,ARIANA,TANKER,15672.0,,"Gaddani, Pakistan",,,2022-06-22,,,star_asia_2022_W45_Market-report-Week-45.pdf,22.06.2022,,EU_DDMMYYYY,AWAITING,AWAITING,STATUS,,,,
2022-11-13,45,Beaching / Arrival,GALA,TANKER,16884.0,,"Gaddani, Pakistan",,,2022-03-01,,,star_asia_2022_W45_Market-report-Week-45.pdf,01.03.2022,,EU_DDMMYYYY,AWAITING,AWAITING,STATUS,,,,
2022-11-20,46,Reported Sale,DONG FANG SHENG,BULKER,9543.0,445.0,,1990,JAPAN,,,"SOLD AS IS GUANG DONG, CHINA, IN AUCTION",star_asia_2022_W46_Market-report-Week-46_compressed.pdf,,,,,,,,,,
2022-11-20,46,Beaching / Arrival,VENTURER,SUPPLY TUG,476.0,,"Chattogram, Bangladesh",,,2022-11-16,,,star_asia_2022_W46_Market-report-Week-46_compressed.pdf,16.11.2022,,EU_DDMMYYYY,AWAITING,AWAITING,STATUS,,,,
2022-11-20,46,Beaching / Arrival,TAMPEN,OFFSHORE TUG,2882.0,,"Chattogram, Bangladesh",,,2022-11-15,,,star_asia_2022_W46_Market-report-Week-46_compressed.pdf,15.11.2022,,EU_DDMMYYYY,AWAITING,AWAITING,STATUS,,,,
2022-11-20,46,Beaching / Arrival,LS 2,CRANE SHIP,18597.0,,"Chattogram, Bangladesh",,,2022-11-15,,,star_asia_2022_W46_Market-report-Week-46_compressed.pdf,15.11.2022,,EU_DDMMYYYY,AWAITING,AWAITING,STATUS,,,,
2022-11-20,46,Beaching / Arrival,IZHORA,DREDGER,1625.0,,"Chattogram, Bangladesh",,,2022-11-11,,,star_asia_2022_W46_Market-report-Week-46_compressed.pdf,11.11.2022,,EU_DDMMYYYY,AWAITING,AWAITING,STATUS,,,,
2022-11-20,46,Beaching / Arrival,SERENITY,OFFSHORE,2828.0,,"Chattogram, Bangladesh",,,2022-11-08,2022-11-13,,star_asia_2022_W46_Market-report-Week-46_compressed.pdf,08.11.2022,,EU_DDMMYYYY,13.11.2022,,EU_DDMMYYYY,,,,
2022-11-20,46,Beaching / Arrival,ORIENT 1,BULKER,18138.0,,"Chattogram, Bangladesh",,,2022-11-07,2022-11-11,,star_asia_2022_W46_Market-report-Week-46_compressed.pdf,07.11.2022,,EU_DDMMYYYY,11.11.2022,,EU_DDMMYYYY,,,,
2022-11-20,46,Beaching / Arrival,RIVIERA,TOTO,4833.0,,"Chattogram, Bangladesh",,,2022-11-03,2022-11-10,,star_asia_2022_W46_Market-report-Week-46_compressed.pdf,03.11.2022,,EU_DDMMYYYY,10.11.2022,,EU_DDMMYYYY,,,,
2022-11-20,46,Beaching / Arrival,KRONSHTADISKIY,FISHING,1854.0,,"Chattogram, Bangladesh",,,2022-11-01,2022-11-09,,star_asia_2022_W46_Market-report-Week-46_compressed.pdf,01.11.2022,,EU_DDMMYYYY,09.11.2022,,EU_DDMMYYYY,,,,
2022-11-20,46,Beaching / Arrival,BARGE 27,PIPE LAYING BARGE,16325.0,,"Chattogram, Bangladesh",,,2022-11-07,2022-11-09,,star_asia_2022_W46_Market-report-Week-46_compressed.pdf,07.11.2022,,EU_DDMMYYYY,09.11.2022,,EU_DDMMYYYY,,,,
2022-11-20,46,Beaching / Arrival,FULL ALWAYS 168,FISHING,505.0,,"Gaddani, Pakistan",,,2022-11-01,2022-11-11,,star_asia_2022_W46_Market-report-Week-46_compressed.pdf,01.11.2022,,EU_DDMMYYYY,11.11.2022,,EU_DDMMYYYY,,,,
2022-11-20,46,Beaching / Arrival,FARQUHAR 1,FISHING,495.0,,"Gaddani, Pakistan",,,2022-11-01,2022-11-11,,star_asia_2022_W46_Market-report-Week-46_compressed.pdf,01.11.2022,,EU_DDMMYYYY,11.11.2022,,EU_DDMMYYYY,,,,
2022-11-20,46,Beaching / Arrival,FU YI,GEN. CARGO,8317.0,,"Gaddani, Pakistan",,,2022-10-28,2022-11-08,,star_asia_2022_W46_Market-report-Week-46_compressed.pdf,28.10.2022,,EU_DDMMYYYY,08.11.2022,,EU_DDMMYYYY,,,,
2022-11-20,46,Beaching / Arrival,REDPEARL,RORO,3474.0,,"Gaddani, Pakistan",,,2022-11-01,2022-11-06,,star_asia_2022_W46_Market-report-Week-46_compressed.pdf,01.11.2022,,EU_DDMMYYYY,06.11.2022,,EU_DDMMYYYY,,,,
2022-11-20,46,Beaching / Arrival,JINA,TANKER,1710.0,,"Gaddani, Pakistan",,,2022-10-31,2022-11-06,,star_asia_2022_W46_Market-report-Week-46_compressed.pdf,31.10.2022,,EU_DDMMYYYY,06.11.2022,,EU_DDMMYYYY,,,,
2022-11-20,46,Beaching / Arrival,ARIANA,TANKER,15672.0,,"Gaddani, Pakistan",,,2022-06-22,,,star_asia_2022_W46_Market-report-Week-46_compressed.pdf,22.06.2022,,EU_DDMMYYYY,AWAITING,AWAITING,STATUS,,,,
2022-11-20,46,Beaching / Arrival,GALA,TANKER,16884.0,,"Gaddani, Pakistan",,,2022-03-01,,,star_asia_2022_W46_Market-report-Week-46_compressed.pdf,01.03.2022,,EU_DDMMYYYY,AWAITING,AWAITING,STATUS,,,,
2022-11-27,47,Reported Sale,BERGE AGO,CAPE,20668.0,523.0,"Alang, India",2000,JAPAN,,,DELIVERED ALANG / HKC GREEN RECYCLING,star_asia_2022_W47_Market-report-Week-47_compressed-2.pdf,,,,,,,,,,
2022-11-27,47,Beaching / Arrival,GEM,PASSENGER,22372.0,,"Chattogram, Bangladesh",,,2022-11-22,2022-11-26,,star_asia_2022_W47_Market-report-Week-47_compressed-2.pdf,22.11.2022,,EU_DDMMYYYY,26.11.2022,,EU_DDMMYYYY,,,,
2022-11-27,47,Beaching / Arrival,ARIUS,PASSENGER,22727.0,,"Chattogram, Bangladesh",,,2022-11-23,2022-11-26,,star_asia_2022_W47_Market-report-Week-47_compressed-2.pdf,23.11.2022,,EU_DDMMYYYY,26.11.2022,,EU_DDMMYYYY,,,,
2022-11-27,47,Beaching / Arrival,VENTURER,SUPPLY TUG,476.0,,"Chattogram, Bangladesh",,,2022-11-16,2022-11-24,,star_asia_2022_W47_Market-report-Week-47_compressed-2.pdf,16.11.2022,,EU_DDMMYYYY,24.11.2022,,EU_DDMMYYYY,,,,
2022-11-27,47,Beaching / Arrival,TAMPEN,OFFSHORE TUG,2882.0,,"Chattogram, Bangladesh",,,2022-11-15,2022-11-25,,star_asia_2022_W47_Market-report-Week-47_compressed-2.pdf,15.11.2022,,EU_DDMMYYYY,25.11.2022,,EU_DDMMYYYY,,,,
2022-11-27,47,Beaching / Arrival,LS 2,CRANE SHIP,18597.0,,"Chattogram, Bangladesh",,,2022-11-15,2022-11-22,,star_asia_2022_W47_Market-report-Week-47_compressed-2.pdf,15.11.2022,,EU_DDMMYYYY,22.11.2022,,EU_DDMMYYYY,,,,
2022-11-27,47,Beaching / Arrival,IZHORA,DREDGER,1625.0,,"Chattogram, Bangladesh",,,2022-11-11,2022-11-22,,star_asia_2022_W47_Market-report-Week-47_compressed-2.pdf,11.11.2022,,EU_DDMMYYYY,22.11.2022,,EU_DDMMYYYY,,,,
2022-11-27,47,Beaching / Arrival,SERENITY,OFFSHORE,2828.0,,"Chattogram, Bangladesh",,,2022-11-08,2022-11-13,,star_asia_2022_W47_Market-report-Week-47_compressed-2.pdf,08.11.2022,,EU_DDMMYYYY,13.11.2022,,EU_DDMMYYYY,,,,
2022-11-27,47,Beaching / Arrival,ORIENT 1,BULKER,18138.0,,"Chattogram, Bangladesh",,,2022-11-07,2022-11-11,,star_asia_2022_W47_Market-report-Week-47_compressed-2.pdf,07.11.2022,,EU_DDMMYYYY,11.11.2022,,EU_DDMMYYYY,,,,
2022-11-27,47,Beaching / Arrival,RIVIERA,TOTO,4833.0,,"Chattogram, Bangladesh",,,2022-11-03,2022-11-10,,star_asia_2022_W47_Market-report-Week-47_compressed-2.pdf,03.11.2022,,EU_DDMMYYYY,10.11.2022,,EU_DDMMYYYY,,,,
2022-11-27,47,Beaching / Arrival,KRONSHTADISKIY,FISHING,1854.0,,"Chattogram, Bangladesh",,,2022-11-01,2022-11-09,,star_asia_2022_W47_Market-report-Week-47_compressed-2.pdf,01.11.2022,,EU_DDMMYYYY,09.11.2022,,EU_DDMMYYYY,,,,
2022-11-27,47,Beaching / Arrival,BARGE 27,PIPE LAYING BARGE,16325.0,,"Chattogram, Bangladesh",,,2022-11-07,2022-11-09,,star_asia_2022_W47_Market-report-Week-47_compressed-2.pdf,07.11.2022,,EU_DDMMYYYY,09.11.2022,,EU_DDMMYYYY,,,,
2022-11-27,47,Beaching / Arrival,FULL ALWAYS 168,FISHING,505.0,,"Alang, India",,,2022-11-01,2022-11-11,,star_asia_2022_W47_Market-report-Week-47_compressed-2.pdf,01.11.2022,,EU_DDMMYYYY,11.11.2022,,EU_DDMMYYYY,,,,
2022-11-27,47,Beaching / Arrival,FARQUHAR 1,FISHING,495.0,,"Alang, India",,,2022-11-01,2022-11-11,,star_asia_2022_W47_Market-report-Week-47_compressed-2.pdf,01.11.2022,,EU_DDMMYYYY,11.11.2022,,EU_DDMMYYYY,,,,
2022-11-27,47,Beaching / Arrival,FU YI,GEN. CARGO,8317.0,,"Alang, India",,,2022-10-28,2022-11-08,,star_asia_2022_W47_Market-report-Week-47_compressed-2.pdf,28.10.2022,,EU_DDMMYYYY,08.11.2022,,EU_DDMMYYYY,,,,
2022-11-27,47,Beaching / Arrival,REDPEARL,RORO,3474.0,,"Alang, India",,,2022-11-01,2022-11-06,,star_asia_2022_W47_Market-report-Week-47_compressed-2.pdf,01.11.2022,,EU_DDMMYYYY,06.11.2022,,EU_DDMMYYYY,,,,
2022-11-27,47,Beaching / Arrival,JINA,TANKER,1710.0,,"Alang, India",,,2022-10-31,2022-11-06,,star_asia_2022_W47_Market-report-Week-47_compressed-2.pdf,31.10.2022,,EU_DDMMYYYY,06.11.2022,,EU_DDMMYYYY,,,,
2022-11-27,47,Beaching / Arrival,ARIANA,TANKER,15672.0,,"Alang, India",,,2022-06-22,,,star_asia_2022_W47_Market-report-Week-47_compressed-2.pdf,22.06.2022,,EU_DDMMYYYY,AWAITING,AWAITING,STATUS,,,,
2022-11-27,47,Beaching / Arrival,GALA,TANKER,16884.0,,"Alang, India",,,2022-03-01,,,star_asia_2022_W47_Market-report-Week-47_compressed-2.pdf,01.03.2022,,EU_DDMMYYYY,AWAITING,AWAITING,STATUS,,,,
2022-12-04,48,Reported Sale,VIVIA,BITUMEN TANKER,3065.0,557.0,"Chattogram, Bangladesh",1994,SPAIN,,,DELIVERED CHATTOGRAM,star_asia_2022_W48_Market-report-Week-48_compressed.pdf,,,,,,,,,,
2022-12-04,48,Reported Sale,SHIN TANEGASHIMA MARU,RORO,1523.0,638.0,"Chattogram, Bangladesh",1993,JAPAN,,,DELIVERED CHATTOGRAM,star_asia_2022_W48_Market-report-Week-48_compressed.pdf,,,,,,,,,,
2022-12-04,48,Reported Sale,NAGATO,TUG,631.0,640.0,"Chattogram, Bangladesh",1998,JAPAN,,,DELIVERED CHATTOGRAM,star_asia_2022_W48_Market-report-Week-48_compressed.pdf,,,,,,,,,,
2022-12-04,48,Beaching / Arrival,NIL,NIL,,,"Chattogram, Bangladesh",,,,,,star_asia_2022_W48_Market-report-Week-48_compressed.pdf,NIL,NIL,STATUS,NIL,NIL,STATUS,,,,
2022-12-04,48,Beaching / Arrival,VIVIA,BITUMEN,3065.0,,"Gaddani, Pakistan",,,2022-11-28,,,star_asia_2022_W48_Market-report-Week-48_compressed.pdf,28.11.2022,,EU_DDMMYYYY,AWAITING,AWAITING,STATUS,,,,
2022-12-04,48,Beaching / Arrival,ARIANA,TANKER,15672.0,,"Gaddani, Pakistan",,,2022-06-22,,,star_asia_2022_W48_Market-report-Week-48_compressed.pdf,22.06.2022,,EU_DDMMYYYY,AWAITING,AWAITING,STATUS,,,,
2022-12-04,48,Beaching / Arrival,GALA,TANKER,16884.0,,"Gaddani, Pakistan",,,2022-03-01,,,star_asia_2022_W48_Market-report-Week-48_compressed.pdf,01.03.2022,,EU_DDMMYYYY,AWAITING,AWAITING,STATUS,,,,
2022-12-11,49,Reported Sale,HAI FENG 698,REEFER,7240.0,435.0,"Chattogram, Bangladesh",1984,GERMANY,,,DELIVERED CHATTOGRAM,star_asia_2022_W49_Market-report-Week-49_compressed.pdf,,,,,,,,,,
2022-12-11,49,Reported Sale,SSL CHENNAI,CONTAINER,4038.0,560.0,,1998,JAPAN,,,"DELIVERED AS IS COLOMBO, SRI LANKA WITH 110 TONS ROB FOC",star_asia_2022_W49_Market-report-Week-49_compressed.pdf,,,,,,,,,,
2022-12-11,49,Reported Sale,UNI-ARDENT,CONTAINER,7098.0,500.0,,1998,TAIWAN,,,DELIVERED AS IS HONG KONG OR KAOHSIUNG,star_asia_2022_W49_Market-report-Week-49_compressed.pdf,,,,,,,,,,
2022-12-11,49,Reported Sale,VENUS C,CONTAINER,4394.0,530.0,,1989,JAPAN,,,DELIVERED AS IS SINGAPORE,star_asia_2022_W49_Market-report-Week-49_compressed.pdf,,,,,,,,,,
2022-12-11,49,Beaching / Arrival,UNTER,FISHING TRAWLER,3918.0,,"Chattogram, Bangladesh",,,2022-12-10,,,star_asia_2022_W49_Market-report-Week-49_compressed.pdf,10.12.2022,,EU_DDMMYYYY,AWAITING,AWAITING,STATUS,,,,
2022-12-11,49,Beaching / Arrival,LOBSTER,FISHING TRAWLER,3136.0,,"Chattogram, Bangladesh",,,2022-12-09,,,star_asia_2022_W49_Market-report-Week-49_compressed.pdf,09.12.2022,,EU_DDMMYYYY,AWAITING,AWAITING,STATUS,,,,
2022-12-11,49,Beaching / Arrival,MARSHAL NOVIKOV,FISHING TRAWLER,3971.0,,"Chattogram, Bangladesh",,,2022-12-06,,,star_asia_2022_W49_Market-report-Week-49_compressed.pdf,06.12.2022,,EU_DDMMYYYY,AWAITING,AWAITING,STATUS,,,,
2022-12-11,49,Beaching / Arrival,DORA,TANKER,12615.0,,"Chattogram, Bangladesh",,,2022-12-05,2022-12-08,,star_asia_2022_W49_Market-report-Week-49_compressed.pdf,05.12.2022,,EU_DDMMYYYY,08.12.2022,,EU_DDMMYYYY,,,,
2022-12-11,49,Beaching / Arrival,BOSFOR,TANKER,779.0,,"Gaddani, Pakistan",,,2022-12-07,,,star_asia_2022_W49_Market-report-Week-49_compressed.pdf,07.12.2022,,EU_DDMMYYYY,AWAITING,AWAITING,STATUS,,,,
2022-12-11,49,Beaching / Arrival,SHUN FU,BULKER,10672.0,,"Gaddani, Pakistan",,,2022-12-03,2022-12-09,,star_asia_2022_W49_Market-report-Week-49_compressed.pdf,03.12.2022,,EU_DDMMYYYY,09.12.2022,,EU_DDMMYYYY,,,,
2022-12-11,49,Beaching / Arrival,VIVIA,BITUMEN,3065.0,,"Gaddani, Pakistan",,,2022-11-28,2022-12-06,,star_asia_2022_W49_Market-report-Week-49_compressed.pdf,28.11.2022,,EU_DDMMYYYY,06.12.2022,,EU_DDMMYYYY,,,,
2022-12-11,49,Beaching / Arrival,CHANGI,BULKER,9824.0,,"Gaddani, Pakistan",,,2022-12-01,2022-12-11,,star_asia_2022_W49_Market-report-Week-49_compressed.pdf,01.12.2022,,EU_DDMMYYYY,11.12.2022,,EU_DDMMYYYY,,,,
2022-12-18,50,Reported Sale,PASCHALIS,BULKER,22922.0,525.0,,2002,S.KOREA,,,DELIVERED AS IS SINGAPORE,star_asia_2022_W50_Market-report-Week-50_compressed.pdf,,,,,,,,,,
2022-12-18,50,Reported Sale,DE XING HAI,BULKER,8015.0,380.0,,1990,JAPAN,,,"DELIVERED AS IS FUZHOU, CHINA",star_asia_2022_W50_Market-report-Week-50_compressed.pdf,,,,,,,,,,
2022-12-18,50,Beaching / Arrival,T-19,TENDER RIG,7636.0,,"Alang, India",,,2022-12-11,2022-12-13,,star_asia_2022_W50_Market-report-Week-50_compressed.pdf,11.12.2022,,EU_DDMMYYYY,13.12.2022,,EU_DDMMYYYY,,,,
2022-12-18,50,Beaching / Arrival,FLOATING DOCK V,FLOATING DOCK,9176.0,,"Alang, India",,,2022-12-11,2022-12-13,,star_asia_2022_W50_Market-report-Week-50_compressed.pdf,11.12.2022,,EU_DDMMYYYY,13.12.2022,,EU_DDMMYYYY,,,,
2022-12-18,50,Beaching / Arrival,UNTER,FISHING TRAWLER,3918.0,,"Alang, India",,,2022-12-10,2022-12-15,,star_asia_2022_W50_Market-report-Week-50_compressed.pdf,10.12.2022,,EU_DDMMYYYY,15.12.2022,,EU_DDMMYYYY,,,,
2022-12-18,50,Beaching / Arrival,LOBSTER,FISHING TRAWLER,3136.0,,"Alang, India",,,2022-12-09,2022-12-14,,star_asia_2022_W50_Market-report-Week-50_compressed.pdf,09.12.2022,,EU_DDMMYYYY,14.12.2022,,EU_DDMMYYYY,,,,
2022-12-18,50,Beaching / Arrival,MARSHAL NOVIKOV,FISHING TRAWLER,3971.0,,"Alang, India",,,2022-12-06,2022-12-14,,star_asia_2022_W50_Market-report-Week-50_compressed.pdf,06.12.2022,,EU_DDMMYYYY,14.12.2022,,EU_DDMMYYYY,,,,
2022-12-18,50,Beaching / Arrival,DORA,TANKER,12615.0,,"Alang, India",,,2022-12-05,2022-12-08,,star_asia_2022_W50_Market-report-Week-50_compressed.pdf,05.12.2022,,EU_DDMMYYYY,08.12.2022,,EU_DDMMYYYY,,,,
2022-12-18,50,Beaching / Arrival,FUNING 2,BULKER,5002.0,,"Chattogram, Bangladesh",,,2022-12-10,,,star_asia_2022_W50_Market-report-Week-50_compressed.pdf,10.12.2022,,EU_DDMMYYYY,AWAITING,AWAITING,STATUS,,,,
2022-12-18,50,Beaching / Arrival,PK 27,LPG,1103.0,,"Chattogram, Bangladesh",,,2022-12-14,,,star_asia_2022_W50_Market-report-Week-50_compressed.pdf,14.12.2022,,EU_DDMMYYYY,AWAITING,AWAITING,STATUS,,,,
2022-12-18,50,Beaching / Arrival,BOSFOR,TANKER,779.0,,"Chattogram, Bangladesh",,,2022-12-07,,,star_asia_2022_W50_Market-report-Week-50_compressed.pdf,07.12.2022,,EU_DDMMYYYY,AWAITING,AWAITING,STATUS,,,,
2022-12-18,50,Beaching / Arrival,SHUN FU,BULKER,10672.0,,"Chattogram, Bangladesh",,,2022-12-03,2022-12-09,,star_asia_2022_W50_Market-report-Week-50_compressed.pdf,03.12.2022,,EU_DDMMYYYY,09.12.2022,,EU_DDMMYYYY,,,,
2022-12-18,50,Beaching / Arrival,CHANGI,BULKER,9824.0,,"Chattogram, Bangladesh",,,2022-12-01,2022-12-11,,star_asia_2022_W50_Market-report-Week-50_compressed.pdf,01.12.2022,,EU_DDMMYYYY,11.12.2022,,EU_DDMMYYYY,,,,
2022-12-24,51,Reported Sale,CHANG FA HAI,BULKER,10166.0,500.0,,1989,CROATIA,,,DELIVERED CHITTAGONG,star_asia_2022_W51_Market-report-Week-51_compressed-1.pdf,,,,,,,,,,
2022-12-24,51,Reported Sale,JAMILA,BULKER,7765.0,511.0,"Gaddani, Pakistan",1995,JAPAN,,,DELIVERED GADDANI,star_asia_2022_W51_Market-report-Week-51_compressed-1.pdf,,,,,,,,,,
2022-12-24,51,Reported Sale,AKINADA BRIDGE,CONTAINER,24294.0,596.0,"Gaddani, Pakistan",2001,S.KOREA,,,DELIVERED GADDANI / HIGH SPECS,star_asia_2022_W51_Market-report-Week-51_compressed-1.pdf,,,,,,,,,,
2022-12-24,51,Reported Sale,CAPE OSPREY,BULKER,20612.0,530.0,"Alang, India",1999,JAPAN,,,DELIVERED ALANG / HKC RECYCLING,star_asia_2022_W51_Market-report-Week-51_compressed-1.pdf,,,,,,,,,,
2022-12-24,51,Reported Sale,JIN HANG ZHENG LIAN,BULKER,9534.0,535.0,"Gaddani, Pakistan",1989,JAPAN,,,DELIVERED GADDANI,star_asia_2022_W51_Market-report-Week-51_compressed-1.pdf,,,,,,,,,,
2022-12-24,51,Beaching / Arrival,BERGE APO,BULKER,20668.0,,"Chattogram, Bangladesh",,,2022-12-20,2022-12-24,,star_asia_2022_W51_Market-report-Week-51_compressed-1.pdf,20.12.2022,,EU_DDMMYYYY,24.12.2022,,EU_DDMMYYYY,,,,
2022-12-24,51,Beaching / Arrival,ETHAN,CONTAINER,5104.0,,"Chattogram, Bangladesh",,,2022-12-19,2022-12-23,,star_asia_2022_W51_Market-report-Week-51_compressed-1.pdf,19.12.2022,,EU_DDMMYYYY,23.12.2022,,EU_DDMMYYYY,,,,
2022-12-24,51,Beaching / Arrival,T-20,TENDER RIG,9408.0,,"Chattogram, Bangladesh",,,2022-12-19,2022-12-21,,star_asia_2022_W51_Market-report-Week-51_compressed-1.pdf,19.12.2022,,EU_DDMMYYYY,21.12.2022,,EU_DDMMYYYY,,,,
2022-12-24,51,Beaching / Arrival,T-19,TENDER RIG,7636.0,,"Chattogram, Bangladesh",,,2022-12-11,2022-12-13,,star_asia_2022_W51_Market-report-Week-51_compressed-1.pdf,11.12.2022,,EU_DDMMYYYY,13.12.2022,,EU_DDMMYYYY,,,,
2022-12-24,51,Beaching / Arrival,FLOATING DOCK V,FLOATING DOCK,9176.0,,"Chattogram, Bangladesh",,,2022-12-11,2022-12-13,,star_asia_2022_W51_Market-report-Week-51_compressed-1.pdf,11.12.2022,,EU_DDMMYYYY,13.12.2022,,EU_DDMMYYYY,,,,
2022-12-24,51,Beaching / Arrival,UNTER,FISHING TRAWLER,3918.0,,"Chattogram, Bangladesh",,,2022-12-10,2022-12-15,,star_asia_2022_W51_Market-report-Week-51_compressed-1.pdf,10.12.2022,,EU_DDMMYYYY,15.12.2022,,EU_DDMMYYYY,,,,
2022-12-24,51,Beaching / Arrival,LOBSTER,FISHING TRAWLER,3136.0,,"Chattogram, Bangladesh",,,2022-12-09,2022-12-14,,star_asia_2022_W51_Market-report-Week-51_compressed-1.pdf,09.12.2022,,EU_DDMMYYYY,14.12.2022,,EU_DDMMYYYY,,,,
2022-12-24,51,Beaching / Arrival,MARSHAL NOVIKOV,FISHING TRAWLER,3971.0,,"Chattogram, Bangladesh",,,2022-12-06,2022-12-14,,star_asia_2022_W51_Market-report-Week-51_compressed-1.pdf,06.12.2022,,EU_DDMMYYYY,14.12.2022,,EU_DDMMYYYY,,,,
2022-12-24,51,Beaching / Arrival,DORA,TANKER,12615.0,,"Chattogram, Bangladesh",,,2022-12-05,2022-12-08,,star_asia_2022_W51_Market-report-Week-51_compressed-1.pdf,05.12.2022,,EU_DDMMYYYY,08.12.2022,,EU_DDMMYYYY,,,,
2022-12-24,51,Beaching / Arrival,BELL,BULKER,7995.0,,"Chattogram, Bangladesh",,,2022-12-18,,,star_asia_2022_W51_Market-report-Week-51_compressed-1.pdf,18.12.2022,,EU_DDMMYYYY,AWAITING,AWAITING,STATUS,,,,
2022-12-24,51,Beaching / Arrival,AN PING 8,BULKER,9804.0,,"Chattogram, Bangladesh",,,2022-12-19,2022-12-23,,star_asia_2022_W51_Market-report-Week-51_compressed-1.pdf,19.12.2022,,EU_DDMMYYYY,23.12.2022,,EU_DDMMYYYY,,,,
2022-12-24,51,Beaching / Arrival,MEIZHOU 1,BULKER,9453.0,,"Chattogram, Bangladesh",,,2022-12-17,2022-12-22,,star_asia_2022_W51_Market-report-Week-51_compressed-1.pdf,17.12.2022,,EU_DDMMYYYY,22.12.2022,,EU_DDMMYYYY,,,,
2022-12-24,51,Beaching / Arrival,FUNING 2,BULKER,5002.0,,"Chattogram, Bangladesh",,,2022-12-10,,,star_asia_2022_W51_Market-report-Week-51_compressed-1.pdf,10.12.2022,,EU_DDMMYYYY,AWAITING,AWAITING,STATUS,,,,
2022-12-24,51,Beaching / Arrival,PK 27,LPG,1103.0,,"Chattogram, Bangladesh",,,2022-12-14,2022-12-21,,star_asia_2022_W51_Market-report-Week-51_compressed-1.pdf,14.12.2022,,EU_DDMMYYYY,21.12.2022,,EU_DDMMYYYY,,,,
2022-12-24,51,Beaching / Arrival,BOSFOR,TANKER,779.0,,"Chattogram, Bangladesh",,,2022-12-07,2022-12-20,,star_asia_2022_W51_Market-report-Week-51_compressed-1.pdf,07.12.2022,,EU_DDMMYYYY,20.12.2022,,EU_DDMMYYYY,,,,
2022-12-24,51,Beaching / Arrival,SHUN FU,BULKER,10672.0,,"Chattogram, Bangladesh",,,2022-12-03,2022-12-09,,star_asia_2022_W51_Market-report-Week-51_compressed-1.pdf,03.12.2022,,EU_DDMMYYYY,09.12.2022,,EU_DDMMYYYY,,,,
2022-12-24,51,Beaching / Arrival,HAI FENG 698,REEFER,7240.0,,"Chattogram, Bangladesh",,,2022-11-26,,,star_asia_2022_W51_Market-report-Week-51_compressed-1.pdf,26.11.2022,,EU_DDMMYYYY,AWAITING,AWAITING,STATUS,,,,
2022-12-24,51,Beaching / Arrival,CHANGI,BULKER,9824.0,,"Gaddani, Pakistan",,,2022-12-01,2022-12-11,,star_asia_2022_W51_Market-report-Week-51_compressed-1.pdf,01.12.2022,,EU_DDMMYYYY,11.12.2022,,EU_DDMMYYYY,,,,
2023-01-08,1,Reported Sale,SOL DELTA,CONTAINER,7852.0,587.0,"Alang, India",1995,POLAND,,,DELIVERED ALANG,star_asia_2023_W01_Market-report-Week-1.pdf,,,,,,,,,,
2023-01-08,1,Reported Sale,SUN SHUN,TANKER,1206.0,525.0,"Chattogram, Bangladesh",1994,JAPAN,,,DELVIERED CHATTOGRAM,star_asia_2023_W01_Market-report-Week-1.pdf,,,,,,,,,,
2023-01-08,1,Reported Sale,XIANG SHUN,TANKER,1314.0,525.0,"Chattogram, Bangladesh",1996,JAPAN,,,DELIVERED CHATTOGRAM,star_asia_2023_W01_Market-report-Week-1.pdf,,,,,,,,,,
2023-01-08,1,Reported Sale,DE XIANG,TANKER,1820.0,530.0,"Chattogram, Bangladesh",1990,JAPAN,,,DELIVERED CHATTOGRAM,star_asia_2023_W01_Market-report-Week-1.pdf,,,,,,,,,,
2023-01-08,1,Beaching / Arrival,CHUN YING NO. 777,FISHING,581.0,,"Chattogram, Bangladesh",,,2023-01-03,2023-01-06,,star_asia_2023_W01_Market-report-Week-1.pdf,03.01.2023,,EU_DDMMYYYY,06.01.2023,,EU_DDMMYYYY,,,,
2023-01-08,1,Beaching / Arrival,CAPE OSPERY,BULK CARRIER,21277.0,,"Chattogram, Bangladesh",,,2023-01-03,,,star_asia_2023_W01_Market-report-Week-1.pdf,03.01.2023,,EU_DDMMYYYY,AWAITING,AWAITING,STATUS,,,,
2023-01-08,1,Beaching / Arrival,AKINADA BRIDGE,CONTAINER,24294.0,,"Chattogram, Bangladesh",,,2023-01-05,,,star_asia_2023_W01_Market-report-Week-1.pdf,05.01.2023,,EU_DDMMYYYY,AWAITING,AWAITING,STATUS,,,,
2023-01-08,1,Beaching / Arrival,NIX 7,LPG,2705.0,,"Chattogram, Bangladesh",,,2023-01-05,,,star_asia_2023_W01_Market-report-Week-1.pdf,05.01.2023,,EU_DDMMYYYY,AWAITING,AWAITING,STATUS,,,,
2023-01-08,1,Beaching / Arrival,LUMO,BULKER,7987.0,,"Chattogram, Bangladesh",,,2023-01-04,,,star_asia_2023_W01_Market-report-Week-1.pdf,04.01.2023,,EU_DDMMYYYY,AWAITING,AWAITING,STATUS,,,,
2023-01-08,1,Beaching / Arrival,HONG FA,TANKER,2173.0,,"Chattogram, Bangladesh",,,,,,star_asia_2023_W01_Market-report-Week-1.pdf,31.012.2022,,UNPARSED,AWAITING,AWAITING,STATUS,,,,
2023-01-08,1,Beaching / Arrival,BHUM,CONTAINER,5103.0,,"Chattogram, Bangladesh",,,2022-12-29,,,star_asia_2023_W01_Market-report-Week-1.pdf,29.12.2022,,EU_DDMMYYYY,AWAITING,AWAITING,STATUS,,,,
2023-01-08,1,Beaching / Arrival,JOINT LUCK,TANKER,2063.0,,"Chattogram, Bangladesh",,,2022-12-24,,,star_asia_2023_W01_Market-report-Week-1.pdf,24.12.2022,,EU_DDMMYYYY,AWAITING,AWAITING,STATUS,,,,
2023-01-08,1,Beaching / Arrival,HAI FENG 698,REEFER,7240.0,,"Chattogram, Bangladesh",,,2022-11-26,,,star_asia_2023_W01_Market-report-Week-1.pdf,26.11.2022,,EU_DDMMYYYY,AWAITING,AWAITING,STATUS,,,,
2023-01-08,1,Beaching / Arrival,JOINT LUCK,TANKER,2063.0,,"Chattogram, Bangladesh",,,2022-12-24,,,star_asia_2023_W01_Market-report-Week-1.pdf,24.12.2022,,EU_DDMMYYYY,AWAITING,AWAITING,STATUS,,,,
2023-01-08,1,Beaching / Arrival,CHANG FA HAI,BULKER,10072.0,,"Chattogram, Bangladesh",,,2023-12-30,2023-01-07,,star_asia_2023_W01_Market-report-Week-1.pdf,30.12.2023,,EU_DDMMYYYY,07.01.2023,,EU_DDMMYYYY,,,,
2023-01-08,1,Beaching / Arrival,SYLT,TANKER,2001.0,,"Chattogram, Bangladesh",,,2022-12-23,2023-01-03,,star_asia_2023_W01_Market-report-Week-1.pdf,23.12.2022,,EU_DDMMYYYY,03.01.2023,,EU_DDMMYYYY,,,,
2023-01-08,1,Beaching / Arrival,SHUN RONG,TANKER,879.0,,"Chattogram, Bangladesh",,,2022-12-22,2023-01-03,,star_asia_2023_W01_Market-report-Week-1.pdf,22.12.2022,,EU_DDMMYYYY,03.01.2023,,EU_DDMMYYYY,,,,
2023-01-08,1,Beaching / Arrival,JAMILA,BULKER,7700.0,,"Alang, India",,,2022-12-28,,,star_asia_2023_W01_Market-report-Week-1.pdf,28.12.2022,,EU_DDMMYYYY,AWAITING,AWAITING,STATUS,,,,
2023-01-08,1,Beaching / Arrival,LILA KYOTO,BULKER,21221.0,,"Alang, India",,,2022-12-27,2023-01-07,,star_asia_2023_W01_Market-report-Week-1.pdf,27.12.2022,,EU_DDMMYYYY,07.01.2023,,EU_DDMMYYYY,,,,
2023-01-22,2,Reported Sale,YONG HANG 3,REEFER,5701.0,,,1993,JAPAN,,,DELIVERED AS IS SINGAPORE,star_asia_2023_W02_4ece41_905c570b8aea4c2f9eee42aaab91f07a_compressed.pdf,,,,,,,,,,
2023-01-22,2,Reported Sale,MNG GRENVILLE,OFFSHORE,976.0,,"Alang, India",1974,GERMANY,,,DELIVERED ALANG / HKC,star_asia_2023_W02_4ece41_905c570b8aea4c2f9eee42aaab91f07a_compressed.pdf,,,,,,,,,,
2023-01-22,2,Reported Sale,WAN HAI 161,CONTAINER,5194.0,,"Alang, India",1996,JAPAN,,,DELIVERED ALANG / HKC,star_asia_2023_W02_4ece41_905c570b8aea4c2f9eee42aaab91f07a_compressed.pdf,,,,,,,,,,
2023-01-22,2,Reported Sale,WAN HAI 162,CONTAINER,5235.0,,"Alang, India",1996,JAPAN,,,DELIVERED ALANG / HKC,star_asia_2023_W02_4ece41_905c570b8aea4c2f9eee42aaab91f07a_compressed.pdf,,,,,,,,,,
2023-01-22,2,Reported Sale,WAN HAI 163,CONTAINER,5233.0,,"Alang, India",1998,JAPAN,,,DELIVERED ALANG / HKC,star_asia_2023_W02_4ece41_905c570b8aea4c2f9eee42aaab91f07a_compressed.pdf,,,,,,,,,,
2023-01-22,2,Reported Sale,WAN HAI 165,CONTAINER,5222.0,,"Alang, India",1998,JAPAN,,,DELIVERED ALANG / HKC,star_asia_2023_W02_4ece41_905c570b8aea4c2f9eee42aaab91f07a_compressed.pdf,,,,,,,,,,
2023-01-22,2,Reported Sale,WAN HAI 215,CONTAINER,6999.0,,"Alang, India",1994,JAPAN,,,DELIVERED ALANG / HKC,star_asia_2023_W02_4ece41_905c570b8aea4c2f9eee42aaab91f07a_compressed.pdf,,,,,,,,,,
2023-01-22,2,Reported Sale,WAN HAI 216,CONTAINER,6963.0,,"Alang, India",1994,JAPAN,,,DELIVERED ALANG / HKC,star_asia_2023_W02_4ece41_905c570b8aea4c2f9eee42aaab91f07a_compressed.pdf,,,,,,,,,,
2023-01-22,2,Reported Sale,WAN HAI 221,CONTAINER,6998.0,,"Alang, India",1994,JAPAN,,,DELIVERED ALANG / HKC,star_asia_2023_W02_4ece41_905c570b8aea4c2f9eee42aaab91f07a_compressed.pdf,,,,,,,,,,
2023-01-22,2,Reported Sale,WAN HAI 222,CONTAINER,6995.0,,"Alang, India",1994,JAPAN,,,DELIVERED ALANG / HKC,star_asia_2023_W02_4ece41_905c570b8aea4c2f9eee42aaab91f07a_compressed.pdf,,,,,,,,,,
2023-01-22,2,Reported Sale,WAN HAI 223,CONTAINER,7001.0,,"Alang, India",1994,JAPAN,,,DELIVERED ALANG / HKC,star_asia_2023_W02_4ece41_905c570b8aea4c2f9eee42aaab91f07a_compressed.pdf,,,,,,,,,,
2023-01-22,2,Reported Sale,WAN HAI 225,CONTAINER,7008.0,,"Alang, India",1994,JAPAN,,,DELIVERED ALANG / HKC,star_asia_2023_W02_4ece41_905c570b8aea4c2f9eee42aaab91f07a_compressed.pdf,,,,,,,,,,
2023-01-22,2,Reported Sale,PIONEER NIKOLAVEA,FISHING VESSEL,3899.0,660.0,"Alang, India",1982,U.S.S.R,,,DELIVERED ALANG / HIGH NON- FERROUS CONTENT,star_asia_2023_W02_4ece41_905c570b8aea4c2f9eee42aaab91f07a_compressed.pdf,,,,,,,,,,
2023-01-22,2,Beaching / Arrival,EVGENIY ZOTOV,REEFER,734.0,,"Chattogram, Bangladesh",,,2023-01-18,,,star_asia_2023_W02_4ece41_905c570b8aea4c2f9eee42aaab91f07a_compressed.pdf,18.01.2023,,EU_DDMMYYYY,AWAITING,AWAITING,STATUS,,,,
2023-01-22,2,Beaching / Arrival,DELTA 2,CONTAINER,7852.0,,"Chattogram, Bangladesh",,,2023-01-18,,,star_asia_2023_W02_4ece41_905c570b8aea4c2f9eee42aaab91f07a_compressed.pdf,18.01.2023,,EU_DDMMYYYY,AWAITING,AWAITING,STATUS,,,,
2023-01-22,2,Beaching / Arrival,SPM AGILITY,CHEM TANKER,10933.0,,"Chattogram, Bangladesh",,,2023-01-17,,,star_asia_2023_W02_4ece41_905c570b8aea4c2f9eee42aaab91f07a_compressed.pdf,17.01.2023,,EU_DDMMYYYY,AWAITING,AWAITING,STATUS,,,,
2023-01-22,2,Beaching / Arrival,RICHARDS BAY 1,BULKER,18109.0,,"Chattogram, Bangladesh",,,2023-01-13,2023-01-21,,star_asia_2023_W02_4ece41_905c570b8aea4c2f9eee42aaab91f07a_compressed.pdf,13.01.2023,,EU_DDMMYYYY,21.01.2023,,EU_DDMMYYYY,,,,
2023-01-22,2,Beaching / Arrival,MNG GREVILLE,OFFSHORE,976.0,,"Chattogram, Bangladesh",,,2023-01-13,2023-01-20,,star_asia_2023_W02_4ece41_905c570b8aea4c2f9eee42aaab91f07a_compressed.pdf,13.01.2023,,EU_DDMMYYYY,20.01.2023,,EU_DDMMYYYY,,,,
2023-01-22,2,Beaching / Arrival,VEN C,CONTAINER,4394.0,,"Chattogram, Bangladesh",,,2023-01-15,2023-01-20,,star_asia_2023_W02_4ece41_905c570b8aea4c2f9eee42aaab91f07a_compressed.pdf,15.01.2023,,EU_DDMMYYYY,20.01.2023,,EU_DDMMYYYY,,,,
2023-01-22,2,Beaching / Arrival,CHENNAI XPRESS,CONTAINER,4038.0,,"Chattogram, Bangladesh",,,2023-01-15,2023-01-20,,star_asia_2023_W02_4ece41_905c570b8aea4c2f9eee42aaab91f07a_compressed.pdf,15.01.2023,,EU_DDMMYYYY,20.01.2023,,EU_DDMMYYYY,,,,
2023-01-22,2,Beaching / Arrival,HAKURU,PALLET CARRIER,3954.0,,"Chattogram, Bangladesh",,,2023-01-12,2023-01-19,,star_asia_2023_W02_4ece41_905c570b8aea4c2f9eee42aaab91f07a_compressed.pdf,12.01.2023,,EU_DDMMYYYY,19.01.2023,,EU_DDMMYYYY,,,,
2023-01-22,2,Beaching / Arrival,FARQUHAR NO.2,FISHING,463.0,,"Chattogram, Bangladesh",,,2023-01-10,2023-01-19,,star_asia_2023_W02_4ece41_905c570b8aea4c2f9eee42aaab91f07a_compressed.pdf,10.01.2023,,EU_DDMMYYYY,19.01.2023,,EU_DDMMYYYY,,,,
2023-01-22,2,Beaching / Arrival,CAPE OSPERY,BULK CARRIER,21277.0,,"Chattogram, Bangladesh",,,2023-01-03,2023-01-11,,star_asia_2023_W02_4ece41_905c570b8aea4c2f9eee42aaab91f07a_compressed.pdf,03.01.2023,,EU_DDMMYYYY,11.01.2023,,EU_DDMMYYYY,,,,
2023-01-22,2,Beaching / Arrival,AKINADA BRIDGE,CONTAINER,24294.0,,"Chattogram, Bangladesh",,,2023-01-05,2023-01-10,,star_asia_2023_W02_4ece41_905c570b8aea4c2f9eee42aaab91f07a_compressed.pdf,05.01.2023,,EU_DDMMYYYY,10.01.2023,,EU_DDMMYYYY,,,,
2023-01-22,2,Beaching / Arrival,NIX 7,LPG,2705.0,,"Chattogram, Bangladesh",,,2023-01-05,2023-01-10,,star_asia_2023_W02_4ece41_905c570b8aea4c2f9eee42aaab91f07a_compressed.pdf,05.01.2023,,EU_DDMMYYYY,10.01.2023,,EU_DDMMYYYY,,,,
2023-01-22,2,Beaching / Arrival,CHUN YING NO. 777,FISHING,581.0,,"Chattogram, Bangladesh",,,2023-01-03,2023-01-06,,star_asia_2023_W02_4ece41_905c570b8aea4c2f9eee42aaab91f07a_compressed.pdf,03.01.2023,,EU_DDMMYYYY,06.01.2023,,EU_DDMMYYYY,,,,
2023-01-22,2,Beaching / Arrival,FU OCEAN,GEN.CARGO,3531.0,,"Gaddani, Pakistan",,,2023-01-17,,,star_asia_2023_W02_4ece41_905c570b8aea4c2f9eee42aaab91f07a_compressed.pdf,17.01.2023,,EU_DDMMYYYY,AWAITING,AWAITING,STATUS,,,,
2023-01-22,2,Beaching / Arrival,DE XIANG,TANKER,1820.0,,"Gaddani, Pakistan",,,2023-01-06,,,star_asia_2023_W02_4ece41_905c570b8aea4c2f9eee42aaab91f07a_compressed.pdf,06.01.2023,,EU_DDMMYYYY,AWAITING,AWAITING,STATUS,,,,
2023-01-22,2,Beaching / Arrival,SUN SHUN,TANKER,1206.0,,"Gaddani, Pakistan",,,2023-01-06,,,star_asia_2023_W02_4ece41_905c570b8aea4c2f9eee42aaab91f07a_compressed.pdf,06.01.2023,,EU_DDMMYYYY,AWAITING,AWAITING,STATUS,,,,
2023-01-22,2,Beaching / Arrival,XIANG SHUN,TANKER,1314.0,,"Gaddani, Pakistan",,,2023-01-06,,,star_asia_2023_W02_4ece41_905c570b8aea4c2f9eee42aaab91f07a_compressed.pdf,06.01.2023,,EU_DDMMYYYY,AWAITING,AWAITING,STATUS,,,,
2023-01-22,2,Beaching / Arrival,HAI FENG 698,REEFER,7240.0,,"Gaddani, Pakistan",,,2022-11-26,,,star_asia_2023_W02_4ece41_905c570b8aea4c2f9eee42aaab91f07a_compressed.pdf,26.11.2022,,EU_DDMMYYYY,AWAITING,AWAITING,STATUS,,,,
2023-01-22,2,Beaching / Arrival,LUMO,BULKER,7987.0,,"Gaddani, Pakistan",,,2023-01-04,2023-01-11,,star_asia_2023_W02_4ece41_905c570b8aea4c2f9eee42aaab91f07a_compressed.pdf,04.01.2023,,EU_DDMMYYYY,11.01.2023,,EU_DDMMYYYY,,,,
2023-01-22,2,Beaching / Arrival,HONG FA,TANKER,2173.0,,"Gaddani, Pakistan",,,,2023-01-07,,star_asia_2023_W02_4ece41_905c570b8aea4c2f9eee42aaab91f07a_compressed.pdf,31.012.2022,,UNPARSED,07.01.2023,,EU_DDMMYYYY,,,,
2023-01-22,2,Beaching / Arrival,BHUM,CONTAINER,5103.0,,"Gaddani, Pakistan",,,2022-12-29,2023-01-07,,star_asia_2023_W02_4ece41_905c570b8aea4c2f9eee42aaab91f07a_compressed.pdf,29.12.2022,,EU_DDMMYYYY,07.01.2023,,EU_DDMMYYYY,,,,
2023-01-22,2,Beaching / Arrival,JOINT LUCK,TANKER,2063.0,,"Gaddani, Pakistan",,,2022-12-24,2023-01-10,,star_asia_2023_W02_4ece41_905c570b8aea4c2f9eee42aaab91f07a_compressed.pdf,24.12.2022,,EU_DDMMYYYY,10.01.2023,,EU_DDMMYYYY,,,,
2023-01-22,2,Beaching / Arrival,HONOR LUCK,TANKER,1760.0,,"Gaddani, Pakistan",,,2023-01-04,2023-01-11,,star_asia_2023_W02_4ece41_905c570b8aea4c2f9eee42aaab91f07a_compressed.pdf,04.01.2023,,EU_DDMMYYYY,11.01.2023,,EU_DDMMYYYY,,,,
2023-01-22,2,Beaching / Arrival,CHANG FA HAI,BULKER,10072.0,,"Gaddani, Pakistan",,,2023-12-30,2023-01-07,,star_asia_2023_W02_4ece41_905c570b8aea4c2f9eee42aaab91f07a_compressed.pdf,30.12.2023,,EU_DDMMYYYY,07.01.2023,,EU_DDMMYYYY,,,,
2023-01-22,2,Beaching / Arrival,SYLT,TANKER,2001.0,,"Gaddani, Pakistan",,,2022-12-23,2023-01-03,,star_asia_2023_W02_4ece41_905c570b8aea4c2f9eee42aaab91f07a_compressed.pdf,23.12.2022,,EU_DDMMYYYY,03.01.2023,,EU_DDMMYYYY,,,,
2023-01-22,2,Beaching / Arrival,SHUN RONG,TANKER,879.0,,"Gaddani, Pakistan",,,2022-12-22,2023-01-03,,star_asia_2023_W02_4ece41_905c570b8aea4c2f9eee42aaab91f07a_compressed.pdf,22.12.2022,,EU_DDMMYYYY,03.01.2023,,EU_DDMMYYYY,,,,
2023-01-22,2,Beaching / Arrival,WITTY,BULKER,23001.0,,"Chattogram, Bangladesh",,,2023-01-18,,,star_asia_2023_W02_4ece41_905c570b8aea4c2f9eee42aaab91f07a_compressed.pdf,18.01.2023,,EU_DDMMYYYY,AWAITING,AWAITING,STATUS,,,,
2023-01-22,2,Beaching / Arrival,JAMILA,BULKER,7700.0,,"Chattogram, Bangladesh",,,2022-12-28,2023-01-10,,star_asia_2023_W02_4ece41_905c570b8aea4c2f9eee42aaab91f07a_compressed.pdf,28.12.2022,,EU_DDMMYYYY,10.01.2023,,EU_DDMMYYYY,,,,
2023-01-22,2,Beaching / Arrival,LISSA I,BULKER,22922.0,,"Chattogram, Bangladesh",,,2023-01-05,2023-01-09,,star_asia_2023_W02_4ece41_905c570b8aea4c2f9eee42aaab91f07a_compressed.pdf,05.01.2023,,EU_DDMMYYYY,09.01.2023,,EU_DDMMYYYY,,,,
2023-01-22,2,Beaching / Arrival,LILA KYOTO,BULKER,21221.0,,"Chattogram, Bangladesh",,,2022-12-27,2023-01-07,,star_asia_2023_W02_4ece41_905c570b8aea4c2f9eee42aaab91f07a_compressed.pdf,27.12.2022,,EU_DDMMYYYY,07.01.2023,,EU_DDMMYYYY,,,,
2023-01-22,2,Beaching / Arrival,MURAD BAY,BULKER,6729.0,,"Chattogram, Bangladesh",,,2023-12-27,,,star_asia_2023_W02_4ece41_905c570b8aea4c2f9eee42aaab91f07a_compressed.pdf,27.12.2023,,EU_DDMMYYYY,AWAITING,AWAITING,STATUS,,,,
2023-01-29,4,Reported Sale,SSL KOCHI,CONTAINER,8361.0,586.0,"Alang, India",1998,S.KOREA,,,DELIVERED AS IS COLOMBO / FOR RESALE TO ALANG,star_asia_2023_W04_Market-report-Week-4.pdf,,,,,,,,,,
2023-01-29,4,Reported Sale,VLADIVOSTOK,CONTAINER,7447.0,,"Alang, India",1998,POLAND,,,DELIVERED ALANG,star_asia_2023_W04_Market-report-Week-4.pdf,,,,,,,,,,
2023-01-29,4,Reported Sale,ASTORIA,CRUISE,10157.0,,,1948,SWEDEN,,,AS IS WHERE IS ROTTERDAM / EU RECYCLING,star_asia_2023_W04_Market-report-Week-4.pdf,,,,,,,,,,
2023-01-29,4,Beaching / Arrival,PIONEER NIKOLAEVA,FISHING,3899.0,,"Chattogram, Bangladesh",,,2023-01-25,,,star_asia_2023_W04_Market-report-Week-4.pdf,25.01.2023,,EU_DDMMYYYY,AWAITING,AWAITING,STATUS,,,,
2023-01-29,4,Beaching / Arrival,EVGENIY ZOTOV,REEFER,734.0,,"Chattogram, Bangladesh",,,2023-01-18,,,star_asia_2023_W04_Market-report-Week-4.pdf,18.01.2023,,EU_DDMMYYYY,AWAITING,AWAITING,STATUS,,,,
2023-01-29,4,Beaching / Arrival,SETIA,MODU,10049.0,,"Chattogram, Bangladesh",,,2023-01-27,2023-01-28,,star_asia_2023_W04_Market-report-Week-4.pdf,27.01.2023,,EU_DDMMYYYY,28.01.2023,,EU_DDMMYYYY,,,,
2023-01-29,4,Beaching / Arrival,SSR 8,RORO,5222.0,,"Chattogram, Bangladesh",,,2023-01-21,2023-01-25,,star_asia_2023_W04_Market-report-Week-4.pdf,21.01.2023,,EU_DDMMYYYY,25.01.2023,,EU_DDMMYYYY,,,,
2023-01-29,4,Beaching / Arrival,DELTA 2,CONTAINER,7852.0,,"Chattogram, Bangladesh",,,2023-01-18,2023-01-24,,star_asia_2023_W04_Market-report-Week-4.pdf,18.01.2023,,EU_DDMMYYYY,24.01.2023,,EU_DDMMYYYY,,,,
2023-01-29,4,Beaching / Arrival,SPM AGILITY,CHEM TANKER,10933.0,,"Chattogram, Bangladesh",,,2023-01-17,2023-01-22,,star_asia_2023_W04_Market-report-Week-4.pdf,17.01.2023,,EU_DDMMYYYY,22.01.2023,,EU_DDMMYYYY,,,,
2023-01-29,4,Beaching / Arrival,RICHARDS BAY 1,BULKER,18109.0,,"Chattogram, Bangladesh",,,2023-01-13,2023-01-21,,star_asia_2023_W04_Market-report-Week-4.pdf,13.01.2023,,EU_DDMMYYYY,21.01.2023,,EU_DDMMYYYY,,,,
2023-01-29,4,Beaching / Arrival,MNG GREVILLE,OFFSHORE,976.0,,"Chattogram, Bangladesh",,,2023-01-13,2023-01-20,,star_asia_2023_W04_Market-report-Week-4.pdf,13.01.2023,,EU_DDMMYYYY,20.01.2023,,EU_DDMMYYYY,,,,
2023-01-29,4,Beaching / Arrival,VEN C,CONTAINER,4394.0,,"Chattogram, Bangladesh",,,2023-01-15,2023-01-20,,star_asia_2023_W04_Market-report-Week-4.pdf,15.01.2023,,EU_DDMMYYYY,20.01.2023,,EU_DDMMYYYY,,,,
2023-01-29,4,Beaching / Arrival,CHENNAI XPRESS,CONTAINER,4038.0,,"Chattogram, Bangladesh",,,2023-01-15,2023-01-20,,star_asia_2023_W04_Market-report-Week-4.pdf,15.01.2023,,EU_DDMMYYYY,20.01.2023,,EU_DDMMYYYY,,,,
2023-01-29,4,Beaching / Arrival,HAKURU,PALLET CARRIER,3954.0,,"Chattogram, Bangladesh",,,2023-01-12,2023-01-19,,star_asia_2023_W04_Market-report-Week-4.pdf,12.01.2023,,EU_DDMMYYYY,19.01.2023,,EU_DDMMYYYY,,,,
2023-01-29,4,Beaching / Arrival,FARQUHAR NO.2,FISHING,463.0,,"Chattogram, Bangladesh",,,2023-01-10,2023-01-19,,star_asia_2023_W04_Market-report-Week-4.pdf,10.01.2023,,EU_DDMMYYYY,19.01.2023,,EU_DDMMYYYY,,,,
2023-01-29,4,Beaching / Arrival,CAPE OSPREY,BULK CARRIER,21277.0,,"Chattogram, Bangladesh",,,2023-01-03,2023-01-11,,star_asia_2023_W04_Market-report-Week-4.pdf,03.01.2023,,EU_DDMMYYYY,11.01.2023,,EU_DDMMYYYY,,,,
2023-01-29,4,Beaching / Arrival,AKINADA BRIDGE,CONTAINER,24294.0,,"Chattogram, Bangladesh",,,2023-01-05,2023-01-10,,star_asia_2023_W04_Market-report-Week-4.pdf,05.01.2023,,EU_DDMMYYYY,10.01.2023,,EU_DDMMYYYY,,,,
2023-01-29,4,Beaching / Arrival,NIX 7,LPG,2705.0,,"Chattogram, Bangladesh",,,2023-01-05,2023-01-10,,star_asia_2023_W04_Market-report-Week-4.pdf,05.01.2023,,EU_DDMMYYYY,10.01.2023,,EU_DDMMYYYY,,,,
2023-01-29,4,Beaching / Arrival,CHUN YING NO. 777,FISHING,581.0,,"Chattogram, Bangladesh",,,2023-01-03,2023-01-06,,star_asia_2023_W04_Market-report-Week-4.pdf,03.01.2023,,EU_DDMMYYYY,06.01.2023,,EU_DDMMYYYY,,,,
2023-01-29,4,Beaching / Arrival,DON,BULKER,9543.0,,"Gaddani, Pakistan",,,2023-01-25,,,star_asia_2023_W04_Market-report-Week-4.pdf,25.01.2023,,EU_DDMMYYYY,AWAITING,AWAITING,STATUS,,,,
2023-01-29,4,Beaching / Arrival,HONG DE,BULKER,7534.0,,"Gaddani, Pakistan",,,2023-01-20,,,star_asia_2023_W04_Market-report-Week-4.pdf,20.01.2023,,EU_DDMMYYYY,AWAITING,AWAITING,STATUS,,,,
2023-01-29,4,Beaching / Arrival,FU OCEAN,GEN.CARGO,3531.0,,"Gaddani, Pakistan",,,2023-01-17,,,star_asia_2023_W04_Market-report-Week-4.pdf,17.01.2023,,EU_DDMMYYYY,AWAITING,AWAITING,STATUS,,,,
2023-01-29,4,Beaching / Arrival,HAI FENG 698,REEFER,7240.0,,"Gaddani, Pakistan",,,2022-11-26,2023-01-21,,star_asia_2023_W04_Market-report-Week-4.pdf,26.11.2022,,EU_DDMMYYYY,21.01.2023,,EU_DDMMYYYY,,,,
2023-01-29,4,Beaching / Arrival,TIAN LONG,GEN.CARGO,2163.0,,"Gaddani, Pakistan",,,2023-01-12,2023-01-16,,star_asia_2023_W04_Market-report-Week-4.pdf,12.01.2023,,EU_DDMMYYYY,16.01.2023,,EU_DDMMYYYY,,,,
2023-01-29,4,Beaching / Arrival,DE XIANG,TANKER,1820.0,,"Gaddani, Pakistan",,,2023-01-06,2023-01-14,,star_asia_2023_W04_Market-report-Week-4.pdf,06.01.2023,,EU_DDMMYYYY,14.01.2023,,EU_DDMMYYYY,,,,
2023-01-29,4,Beaching / Arrival,SUN SHUN,TANKER,1206.0,,"Gaddani, Pakistan",,,2023-01-06,2023-01-13,,star_asia_2023_W04_Market-report-Week-4.pdf,06.01.2023,,EU_DDMMYYYY,13.01.2023,,EU_DDMMYYYY,,,,
2023-01-29,4,Beaching / Arrival,LUMO,BULKER,7987.0,,"Gaddani, Pakistan",,,2023-01-04,2023-01-11,,star_asia_2023_W04_Market-report-Week-4.pdf,04.01.2023,,EU_DDMMYYYY,11.01.2023,,EU_DDMMYYYY,,,,
2023-01-29,4,Beaching / Arrival,HONOR LUCK,TANKER,1760.0,,"Gaddani, Pakistan",,,2023-01-04,2023-01-11,,star_asia_2023_W04_Market-report-Week-4.pdf,04.01.2023,,EU_DDMMYYYY,11.01.2023,,EU_DDMMYYYY,,,,
2023-01-29,4,Beaching / Arrival,JOINT LUCK,TANKER,2063.0,,"Gaddani, Pakistan",,,2022-12-24,2023-01-10,,star_asia_2023_W04_Market-report-Week-4.pdf,24.12.2022,,EU_DDMMYYYY,10.01.2023,,EU_DDMMYYYY,,,,
2023-01-29,4,Beaching / Arrival,XIANG SHUN,TANKER,1314.0,,"Gaddani, Pakistan",,,2023-01-06,2023-01-08,,star_asia_2023_W04_Market-report-Week-4.pdf,06.01.2023,,EU_DDMMYYYY,08.01.2023,,EU_DDMMYYYY,,,,
2023-01-29,4,Beaching / Arrival,HONG FA,TANKER,2173.0,,"Gaddani, Pakistan",,,2022-12-31,2023-01-07,,star_asia_2023_W04_Market-report-Week-4.pdf,31.12.2022,,EU_DDMMYYYY,07.01.2023,,EU_DDMMYYYY,,,,
2023-01-29,4,Beaching / Arrival,BHUM,CONTAINER,5103.0,,"Gaddani, Pakistan",,,2022-12-29,2023-01-07,,star_asia_2023_W04_Market-report-Week-4.pdf,29.12.2022,,EU_DDMMYYYY,07.01.2023,,EU_DDMMYYYY,,,,
2023-01-29,4,Beaching / Arrival,CHANG FA HAI,BULKER,10072.0,,"Gaddani, Pakistan",,,2023-12-30,2023-01-07,,star_asia_2023_W04_Market-report-Week-4.pdf,30.12.2023,,EU_DDMMYYYY,07.01.2023,,EU_DDMMYYYY,,,,
2023-01-29,4,Beaching / Arrival,SYLT,TANKER,2001.0,,"Gaddani, Pakistan",,,2022-12-23,2023-01-03,,star_asia_2023_W04_Market-report-Week-4.pdf,23.12.2022,,EU_DDMMYYYY,03.01.2023,,EU_DDMMYYYY,,,,
2023-01-29,4,Beaching / Arrival,SHUN RONG,TANKER,879.0,,"Gaddani, Pakistan",,,2022-12-22,2023-01-03,,star_asia_2023_W04_Market-report-Week-4.pdf,22.12.2022,,EU_DDMMYYYY,03.01.2023,,EU_DDMMYYYY,,,,
2023-01-29,4,Beaching / Arrival,WITTY,BULKER,23001.0,,"Aliaga, Turkey",,,2023-01-18,2023-01-27,,star_asia_2023_W04_Market-report-Week-4.pdf,18.01.2023,,EU_DDMMYYYY,27.01.2023,,EU_DDMMYYYY,,,,
2023-01-29,4,Beaching / Arrival,MURAD BAY,BULKER,6729.0,,"Aliaga, Turkey",,,2023-12-27,2023-01-13,,star_asia_2023_W04_Market-report-Week-4.pdf,27.12.2023,,EU_DDMMYYYY,13.01.2023,,EU_DDMMYYYY,,,,
2023-01-29,4,Beaching / Arrival,JAMILA,BULKER,7700.0,,"Aliaga, Turkey",,,2022-12-28,2023-01-10,,star_asia_2023_W04_Market-report-Week-4.pdf,28.12.2022,,EU_DDMMYYYY,10.01.2023,,EU_DDMMYYYY,,,,
2023-01-29,4,Beaching / Arrival,LISSA I,BULKER,22922.0,,"Aliaga, Turkey",,,2023-01-05,2023-01-09,,star_asia_2023_W04_Market-report-Week-4.pdf,05.01.2023,,EU_DDMMYYYY,09.01.2023,,EU_DDMMYYYY,,,,
2023-01-29,4,Beaching / Arrival,LILA KYOTO,BULKER,21221.0,,"Aliaga, Turkey",,,2022-12-27,2023-01-07,,star_asia_2023_W04_Market-report-Week-4.pdf,27.12.2022,,EU_DDMMYYYY,07.01.2023,,EU_DDMMYYYY,,,,
2023-02-05,5,Reported Sale,GAS SPIRIT 1,VLGC,20807.0,600.0,,1980,FINLAND,,,AS IS FUJAIRAH / HIGH NON- FERROUS CONTENT,star_asia_2023_W05_Market-report-Week-5.pdf,,,,,,,,,,
2023-02-05,5,Reported Sale,JASMINE 201,BULKER,9928.0,535.0,"Chattogram, Bangladesh",1999,JAPAN,,,DELIVERED CHATTOGRAM,star_asia_2023_W05_Market-report-Week-5.pdf,,,,,,,,,,
2023-02-05,5,Reported Sale,SAMC RESPONSIBILITY,BULKER,24181.0,419.0,,2003,TAIWAN,,,AS IS SINGAPORE,star_asia_2023_W05_Market-report-Week-5.pdf,,,,,,,,,,
2023-02-05,5,Reported Sale,KAMO,HEAVY LIFT,4426.0,,"Chattogram, Bangladesh",1998,JAPAN,,,DELIVERED CHATTOGRAM FOR CLASS NK HKC GREEN RECYCLING,star_asia_2023_W05_Market-report-Week-5.pdf,,,,,,,,,,
2023-02-05,5,Reported Sale,MAERSK ABERDEEN,CONTAINER,5913.0,470.0,"Alang, India",1999,TAIWAN,,,DELIVERED ALANG / MAERSK STANDARDS OF GREEN RECYCLING,star_asia_2023_W05_Market-report-Week-5.pdf,,,,,,,,,,
2023-02-05,5,Beaching / Arrival,MAERSK ABERDEEN,CONTAINER,5913.0,,"Chattogram, Bangladesh",,,,,,star_asia_2023_W05_Market-report-Week-5.pdf,02.02.20323,,UNPARSED,AWAITING,AWAITING,STATUS,,,,
2023-02-05,5,Beaching / Arrival,LIAN,BULKER,9534.0,,"Chattogram, Bangladesh",,,2023-02-01,,,star_asia_2023_W05_Market-report-Week-5.pdf,01.02.2023,,EU_DDMMYYYY,AWAITING,AWAITING,STATUS,,,,
2023-02-05,5,Beaching / Arrival,OKRA 1,BULKER,21018.0,,"Chattogram, Bangladesh",,,2023-02-01,,,star_asia_2023_W05_Market-report-Week-5.pdf,01.02.2023,,EU_DDMMYYYY,AWATIING,AWAITING,STATUS,,,,
2023-02-05,5,Beaching / Arrival,UNI 1,CONTAINER,7098.0,,"Chattogram, Bangladesh",,,2023-01-31,,,star_asia_2023_W05_Market-report-Week-5.pdf,31.01.2023,,EU_DDMMYYYY,AWAITING,AWAITING,STATUS,,,,
2023-02-05,5,Beaching / Arrival,EVGENIY ZOTOV,REEFER,734.0,,"Chattogram, Bangladesh",,,2023-01-18,,,star_asia_2023_W05_Market-report-Week-5.pdf,18.01.2023,,EU_DDMMYYYY,AWAITING,AWAITING,STATUS,,,,
2023-02-05,5,Beaching / Arrival,PIONEER NIKOLAEVA,FISHING,3899.0,,"Chattogram, Bangladesh",,,2023-01-25,2023-02-03,,star_asia_2023_W05_Market-report-Week-5.pdf,25.01.2023,,EU_DDMMYYYY,03.02.2023,,EU_DDMMYYYY,,,,
2023-02-05,5,Beaching / Arrival,JASMINE 201,BULKER,9928.0,,"Gaddani, Pakistan",,,2023-02-01,,,star_asia_2023_W05_Market-report-Week-5.pdf,01.02.2023,,EU_DDMMYYYY,AWAITING,AWAITING,STATUS,,,,
2023-02-05,5,Beaching / Arrival,DON,BULKER,9543.0,,"Gaddani, Pakistan",,,2023-01-25,,,star_asia_2023_W05_Market-report-Week-5.pdf,25.01.2023,,EU_DDMMYYYY,AWAITING,AWAITING,STATUS,,,,
2023-02-05,5,Beaching / Arrival,HARIN TRANSPORT 20,GC,897.0,,"Gaddani, Pakistan",,,2023-01-30,,,star_asia_2023_W05_Market-report-Week-5.pdf,30.01.2023,,EU_DDMMYYYY,AWAITING,AWAITING,STATUS,,,,
2023-02-12,6,Reported Sale,MSC FLORIANA,CONTAINER,8773.0,520.0,"Alang, India",1986,GERMANY,,,DELIVERED ALANG / GREEN RECYCLING,star_asia_2023_W06_Market-report-Week-6.pdf,,,,,,,,,,
2023-02-12,6,Reported Sale,NING FENG 316,BULKER,11350.0,,"Chattogram, Bangladesh",1977,YUGOSLAVIA,,,DELIVERED CHATTOGRAM,star_asia_2023_W06_Market-report-Week-6.pdf,,,,,,,,,,
2023-02-12,6,Reported Sale,ROSE,TANKER,1959.0,560.0,"Chattogram, Bangladesh",1998,JAPAN,,,DELIVERED CHATTOGRAM,star_asia_2023_W06_Market-report-Week-6.pdf,,,,,,,,,,
2023-02-12,6,Beaching / Arrival,DMITRYIY PASHCHENKO,FISHING,3816.0,,"Chattogram, Bangladesh",,,2023-02-08,,,star_asia_2023_W06_Market-report-Week-6.pdf,08.02.2023,,EU_DDMMYYYY,AWAITING,AWAITING,STATUS,,,,
2023-02-12,6,Beaching / Arrival,GAS SPIRIT 1,VLGC,20867.0,,"Chattogram, Bangladesh",,,2023-02-08,,,star_asia_2023_W06_Market-report-Week-6.pdf,08.02.2023,,EU_DDMMYYYY,AWAITING,AWAITING,STATUS,,,,
2023-02-12,6,Beaching / Arrival,NAUTA,REEFER,2867.0,,"Chattogram, Bangladesh",,,2023-02-06,,,star_asia_2023_W06_Market-report-Week-6.pdf,06.02.2023,,EU_DDMMYYYY,AWAITING,AWAITING,STATUS,,,,
2023-02-12,6,Beaching / Arrival,EVGENIY ZOTOV,REEFER,734.0,,"Chattogram, Bangladesh",,,2023-01-18,,,star_asia_2023_W06_Market-report-Week-6.pdf,18.01.2023,,EU_DDMMYYYY,AWAITING,AWAITING,STATUS,,,,
2023-02-12,6,Beaching / Arrival,MAERSK ABERDEEN,CONTAINER,5913.0,,"Chattogram, Bangladesh",,,,2023-02-05,,star_asia_2023_W06_Market-report-Week-6.pdf,02.02.20323,,UNPARSED,0.5.02.2023,,RECONSTRUCTED_8DIGIT,,,,
2023-02-12,6,Beaching / Arrival,LIAN,BULKER,9534.0,,"Chattogram, Bangladesh",,,2023-02-01,2023-02-09,,star_asia_2023_W06_Market-report-Week-6.pdf,01.02.2023,,EU_DDMMYYYY,09.02.2023,,EU_DDMMYYYY,,,,
2023-02-12,6,Beaching / Arrival,OKRA 1,BULKER,21018.0,,"Chattogram, Bangladesh",,,2023-02-01,2023-02-06,,star_asia_2023_W06_Market-report-Week-6.pdf,01.02.2023,,EU_DDMMYYYY,06.02.2023,,EU_DDMMYYYY,,,,
2023-02-12,6,Beaching / Arrival,UNI 1,CONTAINER,7098.0,,"Chattogram, Bangladesh",,,2023-01-31,2023-02-04,,star_asia_2023_W06_Market-report-Week-6.pdf,31.01.2023,,EU_DDMMYYYY,04.02.2023,,EU_DDMMYYYY,,,,
2023-02-12,6,Beaching / Arrival,PIONEER NIKOLAEVA,FISHING,3899.0,,"Chattogram, Bangladesh",,,2023-01-25,2023-02-03,,star_asia_2023_W06_Market-report-Week-6.pdf,25.01.2023,,EU_DDMMYYYY,03.02.2023,,EU_DDMMYYYY,,,,
2023-02-12,6,Beaching / Arrival,KONPIRA 2,ROPAX,3488.0,,"Gaddani, Pakistan",,,2023-02-07,,,star_asia_2023_W06_Market-report-Week-6.pdf,07.02.2023,,EU_DDMMYYYY,AWAITING,AWAITING,STATUS,,,,
2023-02-12,6,Beaching / Arrival,O STAR,BULKER,6407.0,,"Gaddani, Pakistan",,,2023-02-07,,,star_asia_2023_W06_Market-report-Week-6.pdf,07.02.2023,,EU_DDMMYYYY,AWAITING,AWAITING,STATUS,,,,
2023-02-12,6,Beaching / Arrival,ROSE,TANKER,1959.0,,"Gaddani, Pakistan",,,2023-02-02,,,star_asia_2023_W06_Market-report-Week-6.pdf,02.02.2023,,EU_DDMMYYYY,AWAITING,AWAITING,STATUS,,,,
2023-02-12,6,Beaching / Arrival,DON,BULKER,9543.0,,"Gaddani, Pakistan",,,2023-01-25,2023-02-09,,star_asia_2023_W06_Market-report-Week-6.pdf,25.01.2023,,EU_DDMMYYYY,09.02.2023,,EU_DDMMYYYY,,,,
2023-02-12,6,Beaching / Arrival,JASMINE 201,BULKER,9928.0,,"Gaddani, Pakistan",,,2023-02-01,2023-02-08,,star_asia_2023_W06_Market-report-Week-6.pdf,01.02.2023,,EU_DDMMYYYY,08.02.2023,,EU_DDMMYYYY,,,,
2023-02-12,6,Beaching / Arrival,HARIN TRANSPORT 20,GC,897.0,,"Gaddani, Pakistan",,,2023-01-30,2023-02-08,,star_asia_2023_W06_Market-report-Week-6.pdf,30.01.2023,,EU_DDMMYYYY,08.02.2023,,EU_DDMMYYYY,,,,
2023-02-19,7,Reported Sale,SEAPEAK ARCTIC,LNG,23667.0,644.0,"Alang, India",1993,JAPAN,,,"AS IS LINGGI, MALAYSIA, FOR RE- DELIVERY ALANG / GREEN RECYCLING / ABT 2,700 MT ALUMINIUM CONTENT",star_asia_2023_W07_Market-report-Week-7.pdf,,,,,,,,,,
2023-02-19,7,Reported Sale,XIUMEI SHANGHAI,CONTAINER,7399.0,620.0,,1997,GERMANY,,,DELIVERED FULL SUB-CONTINENT OPTIONS WITH SELLERS / 300~350 MT OF ROB AT THE TIME OF DELIVERY,star_asia_2023_W07_Market-report-Week-7.pdf,,,,,,,,,,
2023-02-19,7,Reported Sale,OEL SHRAVAN,CONTAINER,7399.0,585.0,"Chattogram, Bangladesh",1998,GERMANY,,,AS IS COLOMBO FOR RE-DELIVERY CHATTOGRAM,star_asia_2023_W07_Market-report-Week-7.pdf,,,,,,,,,,
2023-02-19,7,Reported Sale,TANTO SENTOSA,CONTAINER,2726.0,490.0,,1984,JAPAN,,,"AS IS PASIR GUDANG, MALAYSIA",star_asia_2023_W07_Market-report-Week-7.pdf,,,,,,,,,,
2023-02-19,7,Reported Sale,MSC GIOVANNA,CONTAINER,11197.0,500.0,"Alang, India",1987,CROATIA,,,DELIVERED ALANG / GREEN RECYCLING TO LIMITED YARDS,star_asia_2023_W07_Market-report-Week-7.pdf,,,,,,,,,,
2023-02-19,7,Reported Sale,DA QING 349,TANKER,9828.0,500.0,,1999,CHINA,,,"AS IS NANJING, CHINA",star_asia_2023_W07_Market-report-Week-7.pdf,,,,,,,,,,
2023-02-19,7,Reported Sale,SEA WIN,BULKER,7488.0,538.0,"Chattogram, Bangladesh",1996,JAPAN,,,DELIVERED CHATTOGRAM,star_asia_2023_W07_Market-report-Week-7.pdf,,,,,,,,,,
2023-02-19,7,Reported Sale,HANG JUN 12,DREDGER,1825.0,510.0,"Chattogram, Bangladesh",1998,CHINA,,,DELIVERED CHATTOGRAM,star_asia_2023_W07_Market-report-Week-7.pdf,,,,,,,,,,
2023-02-19,7,Beaching / Arrival,LONG,REEFER,5701.0,,"Chattogram, Bangladesh",,,2023-02-14,,,star_asia_2023_W07_Market-report-Week-7.pdf,14.02.2023,,EU_DDMMYYYY,AWAITING,AWAITING,STATUS,,,,
2023-02-19,7,Beaching / Arrival,MSC FLORINA,CONTAINER,8800.0,,"Chattogram, Bangladesh",,,2023-02-14,,,star_asia_2023_W07_Market-report-Week-7.pdf,14.02.2023,,EU_DDMMYYYY,AWAITING,AWAITING,STATUS,,,,
2023-02-19,7,Beaching / Arrival,GAS SPIRIT 1,VLGC,20867.0,,"Chattogram, Bangladesh",,,2023-02-08,,,star_asia_2023_W07_Market-report-Week-7.pdf,08.02.2023,,EU_DDMMYYYY,AWAITING,AWAITING,STATUS,,,,
2023-02-19,7,Beaching / Arrival,EVGENIY ZOTOV,REEFER,734.0,,"Chattogram, Bangladesh",,,2023-01-18,,,star_asia_2023_W07_Market-report-Week-7.pdf,18.01.2023,,EU_DDMMYYYY,AWAITING,AWAITING,STATUS,,,,
2023-02-19,7,Beaching / Arrival,DMITRYIY PASHCHENKO,FISHING,3816.0,,"Chattogram, Bangladesh",,,2023-02-08,2023-02-17,,star_asia_2023_W07_Market-report-Week-7.pdf,08.02.2023,,EU_DDMMYYYY,17.02.2023,,EU_DDMMYYYY,,,,
2023-02-19,7,Beaching / Arrival,NAUTA,REEFER,2867.0,,"Chattogram, Bangladesh",,,2023-02-06,2023-02-13,,star_asia_2023_W07_Market-report-Week-7.pdf,06.02.2023,,EU_DDMMYYYY,13.02.2023,,EU_DDMMYYYY,,,,
2023-02-19,7,Beaching / Arrival,MAERSK ABERDEEN,CONTAINER,5913.0,,"Chattogram, Bangladesh",,,,2023-02-05,,star_asia_2023_W07_Market-report-Week-7.pdf,02.02.20323,,UNPARSED,0.5.02.2023,,RECONSTRUCTED_8DIGIT,,,,
2023-02-19,7,Beaching / Arrival,LIAN,BULKER,9534.0,,"Chattogram, Bangladesh",,,2023-02-01,2023-02-09,,star_asia_2023_W07_Market-report-Week-7.pdf,01.02.2023,,EU_DDMMYYYY,09.02.2023,,EU_DDMMYYYY,,,,
2023-02-19,7,Beaching / Arrival,OKRA 1,BULKER,21018.0,,"Chattogram, Bangladesh",,,2023-02-01,2023-02-06,,star_asia_2023_W07_Market-report-Week-7.pdf,01.02.2023,,EU_DDMMYYYY,06.02.2023,,EU_DDMMYYYY,,,,
2023-02-19,7,Beaching / Arrival,UNI 1,CONTAINER,7098.0,,"Chattogram, Bangladesh",,,2023-01-31,2023-02-04,,star_asia_2023_W07_Market-report-Week-7.pdf,31.01.2023,,EU_DDMMYYYY,04.02.2023,,EU_DDMMYYYY,,,,
2023-02-19,7,Beaching / Arrival,PIONEER NIKOLAEVA,FISHING,3899.0,,"Chattogram, Bangladesh",,,2023-01-25,2023-02-03,,star_asia_2023_W07_Market-report-Week-7.pdf,25.01.2023,,EU_DDMMYYYY,03.02.2023,,EU_DDMMYYYY,,,,
2023-02-19,7,Beaching / Arrival,RIO BALSAS,BULKER,17028.0,,"Gaddani, Pakistan",,,2023-02-16,,,star_asia_2023_W07_Market-report-Week-7.pdf,16.02.2023,,EU_DDMMYYYY,AWAITING,AWAITING,STATUS,,,,
2023-02-19,7,Beaching / Arrival,SEA WIN,BULKER,7488.0,,"Gaddani, Pakistan",,,2023-02-14,,,star_asia_2023_W07_Market-report-Week-7.pdf,14.02.2023,,EU_DDMMYYYY,AWAITING,AWAITING,STATUS,,,,
2023-02-19,7,Beaching / Arrival,HANG JUN 12,DREDGER,1825.0,,"Gaddani, Pakistan",,,2023-02-12,,,star_asia_2023_W07_Market-report-Week-7.pdf,12.02.2023,,EU_DDMMYYYY,AWAITING,AWAITING,STATUS,,,,
2023-02-19,7,Beaching / Arrival,KONPIRA 2,ROPAX,3488.0,,"Gaddani, Pakistan",,,2023-02-07,,,star_asia_2023_W07_Market-report-Week-7.pdf,07.02.2023,,EU_DDMMYYYY,AWAITING,AWAITING,STATUS,,,,
2023-02-19,7,Beaching / Arrival,O STAR,BULKER,6407.0,,"Gaddani, Pakistan",,,2023-02-07,2023-02-12,,star_asia_2023_W07_Market-report-Week-7.pdf,07.02.2023,,EU_DDMMYYYY,12.02.2023,,EU_DDMMYYYY,,,,
2023-02-19,7,Beaching / Arrival,ROSE,TANKER,1959.0,,"Gaddani, Pakistan",,,2023-02-02,2023-02-11,,star_asia_2023_W07_Market-report-Week-7.pdf,02.02.2023,,EU_DDMMYYYY,11.02.2023,,EU_DDMMYYYY,,,,
2023-02-19,7,Beaching / Arrival,XIN,BULKER,8015.0,,"Gaddani, Pakistan",,,2023-02-06,2023-02-11,,star_asia_2023_W07_Market-report-Week-7.pdf,06.02.2023,,EU_DDMMYYYY,11.02.2023,,EU_DDMMYYYY,,,,
2023-02-19,7,Beaching / Arrival,DON,BULKER,9543.0,,"Gaddani, Pakistan",,,2023-01-25,2023-02-09,,star_asia_2023_W07_Market-report-Week-7.pdf,25.01.2023,,EU_DDMMYYYY,09.02.2023,,EU_DDMMYYYY,,,,
2023-02-19,7,Beaching / Arrival,JASMINE 201,BULKER,9928.0,,"Gaddani, Pakistan",,,2023-02-01,2023-02-08,,star_asia_2023_W07_Market-report-Week-7.pdf,01.02.2023,,EU_DDMMYYYY,08.02.2023,,EU_DDMMYYYY,,,,
2023-02-19,7,Beaching / Arrival,HARIN TRANSPORT 20,GC,897.0,,"Gaddani, Pakistan",,,2023-01-30,2023-02-08,,star_asia_2023_W07_Market-report-Week-7.pdf,30.01.2023,,EU_DDMMYYYY,08.02.2023,,EU_DDMMYYYY,,,,
2023-02-26,8,Reported Sale,TAI FU NO.1,REEFER,3670.0,,,1979,JAPAN,,,AS IS BANGKOK,star_asia_2023_W08_Market-report-Week-8.pdf,,,,,,,,,,
2023-02-26,8,Beaching / Arrival,SAS 1,OSV,2113.0,,"Alang, India",,,2023-02-20,,,star_asia_2023_W08_Market-report-Week-8.pdf,20.02.2023,,EU_DDMMYYYY,AWAITING,AWAITING,STATUS,,,,
2023-02-26,8,Beaching / Arrival,KOCHI EXPRESS,CONTAINER,8362.0,,"Alang, India",,,2023-02-20,2023-02-25,,star_asia_2023_W08_Market-report-Week-8.pdf,20.02.2023,,EU_DDMMYYYY,25.02.2023,,EU_DDMMYYYY,,,,
2023-02-26,8,Beaching / Arrival,WAN HAI 5,CONTAINER,6998.0,,"Alang, India",,,2023-02-18,2023-02-23,,star_asia_2023_W08_Market-report-Week-8.pdf,18.02.2023,,EU_DDMMYYYY,23.02.2023,,EU_DDMMYYYY,,,,
2023-02-26,8,Beaching / Arrival,LONG,REEFER,5701.0,,"Alang, India",,,2023-02-14,2023-02-19,,star_asia_2023_W08_Market-report-Week-8.pdf,14.02.2023,,EU_DDMMYYYY,19.02.2023,,EU_DDMMYYYY,,,,
2023-02-26,8,Beaching / Arrival,MSC FLORINA,CONTAINER,8800.0,,"Alang, India",,,2023-02-14,2023-02-20,,star_asia_2023_W08_Market-report-Week-8.pdf,14.02.2023,,EU_DDMMYYYY,20.02.2023,,EU_DDMMYYYY,,,,
2023-02-26,8,Beaching / Arrival,GAS SPIRIT 1,VLGC,20867.0,,"Alang, India",,,2023-02-08,2023-02-18,,star_asia_2023_W08_Market-report-Week-8.pdf,08.02.2023,,EU_DDMMYYYY,18.02.2023,,EU_DDMMYYYY,,,,
2023-02-26,8,Beaching / Arrival,EVGENIY ZOTOV,REEFER,734.0,,"Alang, India",,,2023-01-18,2023-02-18,,star_asia_2023_W08_Market-report-Week-8.pdf,18.01.2023,,EU_DDMMYYYY,18.02.2023,,EU_DDMMYYYY,,,,
2023-02-26,8,Beaching / Arrival,DMITRYIY PASHCHENKO,FISHING,3816.0,,"Alang, India",,,2023-02-08,2023-02-17,,star_asia_2023_W08_Market-report-Week-8.pdf,08.02.2023,,EU_DDMMYYYY,17.02.2023,,EU_DDMMYYYY,,,,
2023-02-26,8,Beaching / Arrival,NAUTA,REEFER,2867.0,,"Alang, India",,,2023-02-06,2023-02-13,,star_asia_2023_W08_Market-report-Week-8.pdf,06.02.2023,,EU_DDMMYYYY,13.02.2023,,EU_DDMMYYYY,,,,
2023-02-26,8,Beaching / Arrival,MAERSK ABERDEEN,CONTAINER,5913.0,,"Alang, India",,,,2023-02-05,,star_asia_2023_W08_Market-report-Week-8.pdf,02.02.20323,,UNPARSED,0.5.02.2023,,RECONSTRUCTED_8DIGIT,,,,
2023-02-26,8,Beaching / Arrival,LIAN,BULKER,9534.0,,"Alang, India",,,2023-02-01,2023-02-09,,star_asia_2023_W08_Market-report-Week-8.pdf,01.02.2023,,EU_DDMMYYYY,09.02.2023,,EU_DDMMYYYY,,,,
2023-02-26,8,Beaching / Arrival,OKRA 1,BULKER,21018.0,,"Alang, India",,,2023-02-01,2023-02-06,,star_asia_2023_W08_Market-report-Week-8.pdf,01.02.2023,,EU_DDMMYYYY,06.02.2023,,EU_DDMMYYYY,,,,
2023-02-26,8,Beaching / Arrival,UNI 1,CONTAINER,7098.0,,"Alang, India",,,2023-01-31,2023-02-04,,star_asia_2023_W08_Market-report-Week-8.pdf,31.01.2023,,EU_DDMMYYYY,04.02.2023,,EU_DDMMYYYY,,,,
2023-02-26,8,Beaching / Arrival,PIONEER NIKOLAEVA,FISHING,3899.0,,"Alang, India",,,2023-01-25,2023-02-03,,star_asia_2023_W08_Market-report-Week-8.pdf,25.01.2023,,EU_DDMMYYYY,03.02.2023,,EU_DDMMYYYY,,,,
2023-02-26,8,Beaching / Arrival,BNS KARNAPHULI,WARSHIP,215.0,,"Chattogram, Bangladesh",,,2023-02-19,,,star_asia_2023_W08_Market-report-Week-8.pdf,19.02.2023,,EU_DDMMYYYY,AWATIING,AWAITING,STATUS,,,,
2023-02-26,8,Beaching / Arrival,YANG 07,BULKER,2598.0,,"Chattogram, Bangladesh",,,2023-02-20,,,star_asia_2023_W08_Market-report-Week-8.pdf,20.02.2023,,EU_DDMMYYYY,AWATIING,AWAITING,STATUS,,,,
2023-02-26,8,Beaching / Arrival,BALI,CONTAINER,9991.0,,"Chattogram, Bangladesh",,,2023-02-17,,,star_asia_2023_W08_Market-report-Week-8.pdf,17.02.2023,,EU_DDMMYYYY,AWAITING,AWAITING,STATUS,,,,
2023-02-26,8,Beaching / Arrival,RIO BALSAS,BULKER,17028.0,,"Chattogram, Bangladesh",,,2023-02-16,,,star_asia_2023_W08_Market-report-Week-8.pdf,16.02.2023,,EU_DDMMYYYY,AWAITING,AWAITING,STATUS,,,,
2023-02-26,8,Beaching / Arrival,SEA WIN,BULKER,7488.0,,"Chattogram, Bangladesh",,,2023-02-14,,,star_asia_2023_W08_Market-report-Week-8.pdf,14.02.2023,,EU_DDMMYYYY,AWAITING,AWAITING,STATUS,,,,
2023-02-26,8,Beaching / Arrival,KONPIRA 2,ROPAX,3488.0,,"Chattogram, Bangladesh",,,2023-02-07,2023-02-20,,star_asia_2023_W08_Market-report-Week-8.pdf,07.02.2023,,EU_DDMMYYYY,20.02.2023,,EU_DDMMYYYY,,,,
2023-02-26,8,Beaching / Arrival,HANG JUN 12,DREDGER,1825.0,,"Chattogram, Bangladesh",,,2023-02-12,2023-02-18,,star_asia_2023_W08_Market-report-Week-8.pdf,12.02.2023,,EU_DDMMYYYY,18.02.2023,,EU_DDMMYYYY,,,,
2023-02-26,8,Beaching / Arrival,O STAR,BULKER,6407.0,,"Chattogram, Bangladesh",,,2023-02-07,2023-02-12,,star_asia_2023_W08_Market-report-Week-8.pdf,07.02.2023,,EU_DDMMYYYY,12.02.2023,,EU_DDMMYYYY,,,,
2023-02-26,8,Beaching / Arrival,ROSE,TANKER,1959.0,,"Chattogram, Bangladesh",,,2023-02-02,2023-02-11,,star_asia_2023_W08_Market-report-Week-8.pdf,02.02.2023,,EU_DDMMYYYY,11.02.2023,,EU_DDMMYYYY,,,,
2023-02-26,8,Beaching / Arrival,XIN,BULKER,8015.0,,"Chattogram, Bangladesh",,,2023-02-06,2023-02-11,,star_asia_2023_W08_Market-report-Week-8.pdf,06.02.2023,,EU_DDMMYYYY,11.02.2023,,EU_DDMMYYYY,,,,
2023-02-26,8,Beaching / Arrival,DON,BULKER,9543.0,,"Chattogram, Bangladesh",,,2023-01-25,2023-02-09,,star_asia_2023_W08_Market-report-Week-8.pdf,25.01.2023,,EU_DDMMYYYY,09.02.2023,,EU_DDMMYYYY,,,,
2023-02-26,8,Beaching / Arrival,JASMINE 201,BULKER,9928.0,,"Chattogram, Bangladesh",,,2023-02-01,2023-02-08,,star_asia_2023_W08_Market-report-Week-8.pdf,01.02.2023,,EU_DDMMYYYY,08.02.2023,,EU_DDMMYYYY,,,,
2023-02-26,8,Beaching / Arrival,HARIN TRANSPORT 20,GC,897.0,,"Chattogram, Bangladesh",,,2023-01-30,2023-02-08,,star_asia_2023_W08_Market-report-Week-8.pdf,30.01.2023,,EU_DDMMYYYY,08.02.2023,,EU_DDMMYYYY,,,,
2023-03-05,9,Reported Sale,ADRIATIC ENERGY,LNGC,32303.0,692.0,,1983,JAPAN,,,"DELIVERED FULL SUB-CONTINENT / ABT. 3,000 TONS OF ALUMINUM",star_asia_2023_W09_Market-report-Week-9.pdf,,,,,,,,,,
2023-03-05,9,Reported Sale,SUNLIGHT,BULKER,21215.0,572.0,"Chattogram, Bangladesh",2000,JAPAN,,,AS IS SINGAPORE / FOR RE- DELIVERY TO CHATTOGRAM,star_asia_2023_W09_Market-report-Week-9.pdf,,,,,,,,,,
2023-03-05,9,Reported Sale,AGIA TRIAS,BULKER,22132.0,569.0,"Chattogram, Bangladesh",2002,JAPAN,,,AS IS SINGAPORE / FOR RE- DELIVERY TO CHATTOGRAM,star_asia_2023_W09_Market-report-Week-9.pdf,,,,,,,,,,
2023-03-05,9,Reported Sale,HAI CHANG,BULKER,7585.0,,"Chattogram, Bangladesh",1995,JAPAN,,,DELIVERED CHATTOGRAM,star_asia_2023_W09_Market-report-Week-9.pdf,,,,,,,,,,
2023-03-05,9,Beaching / Arrival,STELLA KARINA,FISHING,1264.0,,"Chattogram, Bangladesh",,,2023-03-02,,,star_asia_2023_W09_Market-report-Week-9.pdf,02.03.2023,,EU_DDMMYYYY,AWAITING,AWAITING,STATUS,,,,
2023-03-05,9,Beaching / Arrival,HALUL 27,OSV,1937.0,,"Chattogram, Bangladesh",,,2023-02-28,,,star_asia_2023_W09_Market-report-Week-9.pdf,28.02.2023,,EU_DDMMYYYY,AWAITING,AWAITING,STATUS,,,,
2023-03-05,9,Beaching / Arrival,HALUL 22,OSV,1404.0,,"Chattogram, Bangladesh",,,2023-02-28,,,star_asia_2023_W09_Market-report-Week-9.pdf,28.02.2023,,EU_DDMMYYYY,AWAITING,AWAITING,STATUS,,,,
2023-03-05,9,Beaching / Arrival,SAS 1,OSV,2113.0,,"Chattogram, Bangladesh",,,2023-02-20,,,star_asia_2023_W09_Market-report-Week-9.pdf,20.02.2023,,EU_DDMMYYYY,AWAITING,AWAITING,STATUS,,,,
2023-03-05,9,Beaching / Arrival,SEA WIN,BULKER,7488.0,,"Gaddani, Pakistan",,,2023-02-14,,,star_asia_2023_W09_Market-report-Week-9.pdf,14.02.2023,,EU_DDMMYYYY,AWAITING,AWAITING,STATUS,,,,
2023-03-05,9,Beaching / Arrival,NING FENG 316,BULKER,11350.0,,"Gaddani, Pakistan",,,2023-02-24,,,star_asia_2023_W09_Market-report-Week-9.pdf,24.02.2023,,EU_DDMMYYYY,AWAITING,AWAITING,STATUS,,,,
2023-03-05,9,Beaching / Arrival,XIUMEI SHANGHAI,CONTAINER,7334.0,,"Gaddani, Pakistan",,,2023-02-25,,,star_asia_2023_W09_Market-report-Week-9.pdf,25.02.2023,,EU_DDMMYYYY,AWAITING,AWAITING,STATUS,,,,
2023-03-12,10,Reported Sale,GRACE ENERGY,LNGC,30426.0,684.0,,1988,JAPAN,,,"DELIVERED FULL SUB-CONTINENT / ABOUT 2,400 MT OF ALUMINIUM CONTENT",star_asia_2023_W10_4ece41_45ece0f8ea9145d78123bf43df625956.pdf,,,,,,,,,,
2023-03-12,10,Reported Sale,LEVANT HORIZON,MPP,3391.0,585.0,"Alang, India",1996,TURKEY,,,DELIVERED ALANG / 170 MT ROBS INCLUDED IN THE SALE,star_asia_2023_W10_4ece41_45ece0f8ea9145d78123bf43df625956.pdf,,,,,,,,,,
2023-03-12,10,Reported Sale,AUGUSTA II,TANKER,9920.0,,"Alang, India",1991,JAPAN,,,DELIVERED ALANG,star_asia_2023_W10_4ece41_45ece0f8ea9145d78123bf43df625956.pdf,,,,,,,,,,
2023-03-12,10,Reported Sale,YU HAI XING,BULKER,5017.0,585.0,"Chattogram, Bangladesh",1995,CHINA,,,DELIVERED CHATTOGRAM,star_asia_2023_W10_4ece41_45ece0f8ea9145d78123bf43df625956.pdf,,,,,,,,,,
2023-03-12,10,Reported Sale,SSL KUTCH,CONTAIN ER,8302.0,616.0,"Chattogram, Bangladesh",1998,KOREA,,,AS IS COLOMBO / RE-DELIVERY CHATTOGRAM,star_asia_2023_W10_4ece41_45ece0f8ea9145d78123bf43df625956.pdf,,,,,,,,,,
2023-03-12,10,Reported Sale,HUANG SHAN,BULKER,23976.0,614.0,,2003,TAIWAN,,,"AS IS XINSHA, CHINA / WITH SIGNIFICANT QUANTITIES OF BUNKERS INCLUDED. FOR GREEN RECYCLING ONLY",star_asia_2023_W10_4ece41_45ece0f8ea9145d78123bf43df625956.pdf,,,,,,,,,,
2023-03-12,10,Reported Sale,XIN RUI,REEFER,1885.0,400.0,,1992,TAIWAN,,,AS IS ZHOUSHAN,star_asia_2023_W10_4ece41_45ece0f8ea9145d78123bf43df625956.pdf,,,,,,,,,,
2023-03-12,10,Beaching / Arrival,MONET,LPG,2018.0,,"Chattogram, Bangladesh",,,2023-03-08,,,star_asia_2023_W10_4ece41_45ece0f8ea9145d78123bf43df625956.pdf,08.03.2023,,EU_DDMMYYYY,AWAITING,AWAITING,STATUS,,,,
2023-03-12,10,Beaching / Arrival,WAN CHAI 7,CONTAINER,7008.0,,"Chattogram, Bangladesh",,,2023-03-08,,,star_asia_2023_W10_4ece41_45ece0f8ea9145d78123bf43df625956.pdf,08.03.2023,,EU_DDMMYYYY,AWAITING,AWAITING,STATUS,,,,
2023-03-12,10,Beaching / Arrival,WAN CHAI 6,CONTAINER,6995.0,,"Chattogram, Bangladesh",,,2023-03-04,2023-03-09,,star_asia_2023_W10_4ece41_45ece0f8ea9145d78123bf43df625956.pdf,04.03.2023,,EU_DDMMYYYY,09.03.2023,,EU_DDMMYYYY,,,,
2023-03-12,10,Beaching / Arrival,STELLA KARINA,FISHING,1264.0,,"Chattogram, Bangladesh",,,2023-03-02,2023-03-09,,star_asia_2023_W10_4ece41_45ece0f8ea9145d78123bf43df625956.pdf,02.03.2023,,EU_DDMMYYYY,09.03.2023,,EU_DDMMYYYY,,,,
2023-03-12,10,Beaching / Arrival,HALUL 27,OSV,1937.0,,"Chattogram, Bangladesh",,,2023-02-28,2023-03-09,,star_asia_2023_W10_4ece41_45ece0f8ea9145d78123bf43df625956.pdf,28.02.2023,,EU_DDMMYYYY,09.03.2023,,EU_DDMMYYYY,,,,
2023-03-12,10,Beaching / Arrival,HALUL 22,OSV,1404.0,,"Chattogram, Bangladesh",,,2023-02-28,2023-03-08,,star_asia_2023_W10_4ece41_45ece0f8ea9145d78123bf43df625956.pdf,28.02.2023,,EU_DDMMYYYY,08.03.2023,,EU_DDMMYYYY,,,,
2023-03-12,10,Beaching / Arrival,SAS 1,OSV,2113.0,,"Chattogram, Bangladesh",,,2023-02-20,2023-03-08,,star_asia_2023_W10_4ece41_45ece0f8ea9145d78123bf43df625956.pdf,20.02.2023,,EU_DDMMYYYY,08.03.2023,,EU_DDMMYYYY,,,,
2023-03-12,10,Beaching / Arrival,EXPRESS,RORO,1819.0,,"Alang, India",,,2023-03-07,,,star_asia_2023_W10_4ece41_45ece0f8ea9145d78123bf43df625956.pdf,07.03.2023,,EU_DDMMYYYY,AWAITING,AWAITING,STATUS,,,,
2023-03-12,10,Beaching / Arrival,SAM,BULKER,21181.0,,"Alang, India",,,2023-03-06,,,star_asia_2023_W10_4ece41_45ece0f8ea9145d78123bf43df625956.pdf,06.03.2023,,EU_DDMMYYYY,AWAITING,AWAITING,STATUS,,,,
2023-03-12,10,Beaching / Arrival,XIUMEI SHANGHAI,CONTAINER,7334.0,,"Alang, India",,,2023-02-25,2023-03-10,,star_asia_2023_W10_4ece41_45ece0f8ea9145d78123bf43df625956.pdf,25.02.2023,,EU_DDMMYYYY,10.03.2023,,EU_DDMMYYYY,,,,
2023-03-12,10,Beaching / Arrival,VADI,BULKER,10247.0,,"Alang, India",,,2023-03-05,2023-03-10,,star_asia_2023_W10_4ece41_45ece0f8ea9145d78123bf43df625956.pdf,05.03.2023,,EU_DDMMYYYY,10.03.2023,,EU_DDMMYYYY,,,,
2023-03-12,10,Beaching / Arrival,KAMO,MPP,4426.0,,"Alang, India",,,2023-03-06,2023-03-09,,star_asia_2023_W10_4ece41_45ece0f8ea9145d78123bf43df625956.pdf,06.03.2023,,EU_DDMMYYYY,09.03.2023,,EU_DDMMYYYY,,,,
2023-03-12,10,Beaching / Arrival,SEA WIN,BULKER,7488.0,,"Alang, India",,,2023-02-14,2023-03-09,,star_asia_2023_W10_4ece41_45ece0f8ea9145d78123bf43df625956.pdf,14.02.2023,,EU_DDMMYYYY,09.03.2023,,EU_DDMMYYYY,,,,
2023-03-12,10,Beaching / Arrival,NING FENG 316,BULKER,11350.0,,"Alang, India",,,2023-02-24,2023-03-09,,star_asia_2023_W10_4ece41_45ece0f8ea9145d78123bf43df625956.pdf,24.02.2023,,EU_DDMMYYYY,09.03.2023,,EU_DDMMYYYY,,,,
2023-03-19,11,Reported Sale,SUNNY VOYAGER,BULKER,22686.0,610.0,"Chattogram, Bangladesh",2001,KOREA,,,DELIVERED CHATTOGRAM,star_asia_2023_W11_Market-report-Week-11.pdf,,,,,,,,,,
2023-03-19,11,Reported Sale,VASI STAR,CONT.,7821.0,675.0,"Chattogram, Bangladesh",1996,POLAND,,,DELIVERED CHATTOGRAM,star_asia_2023_W11_Market-report-Week-11.pdf,,,,,,,,,,
2023-03-19,11,Reported Sale,SALAMIS,TANKER,9238.0,660.0,"Chattogram, Bangladesh",1998,JAPAN,,,DELIVERED CHATTOGRAM,star_asia_2023_W11_Market-report-Week-11.pdf,,,,,,,,,,
2023-03-19,11,Beaching / Arrival,LEVANT HORIZON,MPP,3391.0,,"Chattogram, Bangladesh",,,2023-03-11,2023-03-18,,star_asia_2023_W11_Market-report-Week-11.pdf,11.03.2023,,EU_DDMMYYYY,18.03.2023,,EU_DDMMYYYY,,,,
2023-03-19,11,Beaching / Arrival,MONET,LPG,2018.0,,"Chattogram, Bangladesh",,,2023-03-08,2023-03-14,,star_asia_2023_W11_Market-report-Week-11.pdf,08.03.2023,,EU_DDMMYYYY,14.03.2023,,EU_DDMMYYYY,,,,
2023-03-19,11,Beaching / Arrival,WAN CHAI 7,CONTAINER,7008.0,,"Chattogram, Bangladesh",,,2023-03-08,2023-03-13,,star_asia_2023_W11_Market-report-Week-11.pdf,08.03.2023,,EU_DDMMYYYY,13.03.2023,,EU_DDMMYYYY,,,,
2023-03-19,11,Beaching / Arrival,WAN CHAI 6,CONTAINER,6995.0,,"Chattogram, Bangladesh",,,2023-03-04,2023-03-09,,star_asia_2023_W11_Market-report-Week-11.pdf,04.03.2023,,EU_DDMMYYYY,09.03.2023,,EU_DDMMYYYY,,,,
2023-03-19,11,Beaching / Arrival,STELLA KARINA,FISHING,1264.0,,"Chattogram, Bangladesh",,,2023-03-02,2023-03-09,,star_asia_2023_W11_Market-report-Week-11.pdf,02.03.2023,,EU_DDMMYYYY,09.03.2023,,EU_DDMMYYYY,,,,
2023-03-19,11,Beaching / Arrival,HALUL 27,OSV,1937.0,,"Chattogram, Bangladesh",,,2023-02-28,2023-03-09,,star_asia_2023_W11_Market-report-Week-11.pdf,28.02.2023,,EU_DDMMYYYY,09.03.2023,,EU_DDMMYYYY,,,,
2023-03-19,11,Beaching / Arrival,HALUL 22,OSV,1404.0,,"Chattogram, Bangladesh",,,2023-02-28,2023-03-08,,star_asia_2023_W11_Market-report-Week-11.pdf,28.02.2023,,EU_DDMMYYYY,08.03.2023,,EU_DDMMYYYY,,,,
2023-03-19,11,Beaching / Arrival,SAS 1,OSV,2113.0,,"Chattogram, Bangladesh",,,2023-02-20,2023-03-08,,star_asia_2023_W11_Market-report-Week-11.pdf,20.02.2023,,EU_DDMMYYYY,08.03.2023,,EU_DDMMYYYY,,,,
2023-03-19,11,Beaching / Arrival,KASH,REEFER,872.0,,"Chattogram, Bangladesh",,,2023-03-15,,,star_asia_2023_W11_Market-report-Week-11.pdf,15.03.2023,,EU_DDMMYYYY,AWAITING,AWAITING,STATUS,,,,
2023-03-19,11,Beaching / Arrival,EXPRESS,RORO,1819.0,,"Chattogram, Bangladesh",,,2023-03-07,2023-03-12,,star_asia_2023_W11_Market-report-Week-11.pdf,07.03.2023,,EU_DDMMYYYY,12.03.2023,,EU_DDMMYYYY,,,,
2023-03-19,11,Beaching / Arrival,SAM,BULKER,21181.0,,"Chattogram, Bangladesh",,,2023-03-06,2023-03-11,,star_asia_2023_W11_Market-report-Week-11.pdf,06.03.2023,,EU_DDMMYYYY,11.03.2023,,EU_DDMMYYYY,,,,
2023-03-19,11,Beaching / Arrival,XIUMEI SHANGHAI,CONTAINER,7334.0,,"Chattogram, Bangladesh",,,2023-02-25,2023-03-10,,star_asia_2023_W11_Market-report-Week-11.pdf,25.02.2023,,EU_DDMMYYYY,10.03.2023,,EU_DDMMYYYY,,,,
2023-03-19,11,Beaching / Arrival,VADI,BULKER,10247.0,,"Chattogram, Bangladesh",,,2023-03-05,2023-03-10,,star_asia_2023_W11_Market-report-Week-11.pdf,05.03.2023,,EU_DDMMYYYY,10.03.2023,,EU_DDMMYYYY,,,,
2023-03-19,11,Beaching / Arrival,KAMO,MPP,4426.0,,"Chattogram, Bangladesh",,,2023-03-06,2023-03-09,,star_asia_2023_W11_Market-report-Week-11.pdf,06.03.2023,,EU_DDMMYYYY,09.03.2023,,EU_DDMMYYYY,,,,
2023-03-19,11,Beaching / Arrival,SEA WIN,BULKER,7488.0,,"Chattogram, Bangladesh",,,2023-02-14,2023-03-09,,star_asia_2023_W11_Market-report-Week-11.pdf,14.02.2023,,EU_DDMMYYYY,09.03.2023,,EU_DDMMYYYY,,,,
2023-03-19,11,Beaching / Arrival,NING FENG 316,BULKER,11350.0,,"Chattogram, Bangladesh",,,2023-02-24,2023-03-09,,star_asia_2023_W11_Market-report-Week-11.pdf,24.02.2023,,EU_DDMMYYYY,09.03.2023,,EU_DDMMYYYY,,,,
2023-03-26,12,Reported Sale,HALUL 22,AHTS,1404.0,,"Alang, India",2003,INDIA,,,DELIVERED ALANG,star_asia_2023_W12_Market-report-Week-12.pdf,,,,,,,,,,
2023-03-26,12,Reported Sale,HALUL 27,AHTS,1937.0,,"Alang, India",2008,QATAR,,,DELIVERED ALANG,star_asia_2023_W12_Market-report-Week-12.pdf,,,,,,,,,,
2023-03-26,12,Beaching / Arrival,HALUL 21,OSV,1406.0,,"Chattogram, Bangladesh",,,2023-03-24,,,star_asia_2023_W12_Market-report-Week-12.pdf,24.03.2023,,EU_DDMMYYYY,AWAITING,AWAITING,STATUS,,,,
2023-03-26,12,Beaching / Arrival,HALUL 20,OSV,1395.0,,"Chattogram, Bangladesh",,,2023-03-24,,,star_asia_2023_W12_Market-report-Week-12.pdf,24.03.2023,,EU_DDMMYYYY,AWAITING,AWAITING,STATUS,,,,
2023-03-26,12,Beaching / Arrival,MSC GIOVANNA,CONTAINER,11197.0,,"Chattogram, Bangladesh",,,2023-03-20,2023-03-23,,star_asia_2023_W12_Market-report-Week-12.pdf,20.03.2023,,EU_DDMMYYYY,23.03.2023,,EU_DDMMYYYY,,,,
2023-03-26,12,Beaching / Arrival,ARTICA,LPG,23667.0,,"Chattogram, Bangladesh",,,2023-03-19,2023-03-23,,star_asia_2023_W12_Market-report-Week-12.pdf,19.03.2023,,EU_DDMMYYYY,23.03.2023,,EU_DDMMYYYY,,,,
2023-03-26,12,Beaching / Arrival,LEVANT HORIZON,MPP,3391.0,,"Chattogram, Bangladesh",,,2023-03-11,2023-03-18,,star_asia_2023_W12_Market-report-Week-12.pdf,11.03.2023,,EU_DDMMYYYY,18.03.2023,,EU_DDMMYYYY,,,,
2023-03-26,12,Beaching / Arrival,MONET,LPG,2018.0,,"Chattogram, Bangladesh",,,2023-03-08,2023-03-14,,star_asia_2023_W12_Market-report-Week-12.pdf,08.03.2023,,EU_DDMMYYYY,14.03.2023,,EU_DDMMYYYY,,,,
2023-03-26,12,Beaching / Arrival,WAN CHAI 7,CONTAINER,7008.0,,"Chattogram, Bangladesh",,,2023-03-08,2023-03-13,,star_asia_2023_W12_Market-report-Week-12.pdf,08.03.2023,,EU_DDMMYYYY,13.03.2023,,EU_DDMMYYYY,,,,
2023-03-26,12,Beaching / Arrival,WAN CHAI 6,CONTAINER,6995.0,,"Chattogram, Bangladesh",,,2023-03-04,2023-03-09,,star_asia_2023_W12_Market-report-Week-12.pdf,04.03.2023,,EU_DDMMYYYY,09.03.2023,,EU_DDMMYYYY,,,,
2023-03-26,12,Beaching / Arrival,STELLA KARINA,FISHING,1264.0,,"Chattogram, Bangladesh",,,2023-03-02,2023-03-09,,star_asia_2023_W12_Market-report-Week-12.pdf,02.03.2023,,EU_DDMMYYYY,09.03.2023,,EU_DDMMYYYY,,,,
2023-03-26,12,Beaching / Arrival,HALUL 27,OSV,1937.0,,"Chattogram, Bangladesh",,,2023-02-28,2023-03-09,,star_asia_2023_W12_Market-report-Week-12.pdf,28.02.2023,,EU_DDMMYYYY,09.03.2023,,EU_DDMMYYYY,,,,
2023-03-26,12,Beaching / Arrival,HALUL 22,OSV,1404.0,,"Chattogram, Bangladesh",,,2023-02-28,2023-03-08,,star_asia_2023_W12_Market-report-Week-12.pdf,28.02.2023,,EU_DDMMYYYY,08.03.2023,,EU_DDMMYYYY,,,,
2023-03-26,12,Beaching / Arrival,SAS 1,OSV,2113.0,,"Chattogram, Bangladesh",,,2023-02-20,2023-03-08,,star_asia_2023_W12_Market-report-Week-12.pdf,20.02.2023,,EU_DDMMYYYY,08.03.2023,,EU_DDMMYYYY,,,,
2023-03-26,12,Beaching / Arrival,KASH,REEFER,872.0,,"Chattogram, Bangladesh",,,2023-03-15,,,star_asia_2023_W12_Market-report-Week-12.pdf,15.03.2023,,EU_DDMMYYYY,AWAITING,AWAITING,STATUS,,,,
2023-03-26,12,Beaching / Arrival,EXPRESS,RORO,1819.0,,"Chattogram, Bangladesh",,,2023-03-07,2023-03-12,,star_asia_2023_W12_Market-report-Week-12.pdf,07.03.2023,,EU_DDMMYYYY,12.03.2023,,EU_DDMMYYYY,,,,
2023-03-26,12,Beaching / Arrival,SAM,BULKER,21181.0,,"Chattogram, Bangladesh",,,2023-03-06,2023-03-11,,star_asia_2023_W12_Market-report-Week-12.pdf,06.03.2023,,EU_DDMMYYYY,11.03.2023,,EU_DDMMYYYY,,,,
2023-03-26,12,Beaching / Arrival,XIUMEI SHANGHAI,CONTAINER,7334.0,,"Chattogram, Bangladesh",,,2023-02-25,2023-03-10,,star_asia_2023_W12_Market-report-Week-12.pdf,25.02.2023,,EU_DDMMYYYY,10.03.2023,,EU_DDMMYYYY,,,,
2023-03-26,12,Beaching / Arrival,MADINA 1,TANKER,1657.0,,"Gaddani, Pakistan",,,2023-03-03,2023-03-20,,star_asia_2023_W12_Market-report-Week-12.pdf,03.03.2023,,EU_DDMMYYYY,20.03.2023,,EU_DDMMYYYY,,,,
2023-04-02,13,Reported Sale,SUN BULK,BULKER,7553.35,,"Chattogram, Bangladesh",1997,CHINA,,,DELIVERED CHATTOGRAM / 400 MT BUNKERS INCLUDED IN THE SALE,star_asia_2023_W13_Market-report-Week-13.pdf,,,,,,,,,,
2023-04-02,13,Reported Sale,SHANG HANG 68,GEN.CARGO,7379.0,600.0,"Chattogram, Bangladesh",1998,CHINA,,,DELIVERED CHATTOGRAM,star_asia_2023_W13_Market-report-Week-13.pdf,,,,,,,,,,
2023-04-02,13,Reported Sale,MSC VERONIQUE,CONTAINER,23450.0,550.0,"Alang, India",1989,DENMARK,,,DELIVERED ALANG / GREEN RECYCLING,star_asia_2023_W13_Market-report-Week-13.pdf,,,,,,,,,,
2023-04-02,13,Beaching / Arrival,ICE,DRILLSHIP,9646.0,,"Chattogram, Bangladesh",,,2023-03-31,,,star_asia_2023_W13_Market-report-Week-13.pdf,31-03-2023,,EU_DDMMYYYY,AWAITING,AWAITING,STATUS,,,,
2023-04-02,13,Beaching / Arrival,HALUL 21,OSV,1406.0,,"Chattogram, Bangladesh",,,2023-03-24,,,star_asia_2023_W13_Market-report-Week-13.pdf,24.03.2023,,EU_DDMMYYYY,AWAITING,AWAITING,STATUS,,,,
2023-04-02,13,Beaching / Arrival,HALUL 20,OSV,1395.0,,"Chattogram, Bangladesh",,,2023-03-24,,,star_asia_2023_W13_Market-report-Week-13.pdf,24.03.2023,,EU_DDMMYYYY,AWAITING,AWAITING,STATUS,,,,
2023-04-02,13,Beaching / Arrival,ADRIATIC ENERGY,LNG,32303.0,,"Gaddani, Pakistan",,,2023-03-27,,,star_asia_2023_W13_Market-report-Week-13.pdf,27.03.2023,,EU_DDMMYYYY,AWAITING,AWAITING,STATUS,,,,
2023-04-02,13,Beaching / Arrival,SHRAVAN,CONTAINER,7398.0,,"Gaddani, Pakistan",,,2023-03-20,,,star_asia_2023_W13_Market-report-Week-13.pdf,20.03.2023,,EU_DDMMYYYY,AWAITING,AWAITING,STATUS,,,,
2023-04-09,14,Reported Sale,HL POWER,BC,18147.0,500.0,,1998,S. KOREA,,,AS IS S.KOREAN PORTS / FOR HKC GREEN RECYCLING,star_asia_2023_W14_Market-report-Week-14.pdf,,,,,,,,,,
2023-04-09,14,Reported Sale,WIN SHUEN SHING,REEFER,2197.0,390.0,"Chattogram, Bangladesh",1973,JAPAN,,,"AS IS KAOHSIUNG, TAIWAN / FOR REDELIVERY CHATTOGRAM",star_asia_2023_W14_Market-report-Week-14.pdf,,,,,,,,,,
2023-04-09,14,Reported Sale,JUPITER ONE,JACK-UP RIG,6800.0,,"Alang, India",1981,SINGAPORE,,,"AS IS BAHRAIN, UAE / FOR REDELIVERY ALANG",star_asia_2023_W14_Market-report-Week-14.pdf,,,,,,,,,,
2023-04-09,14,Beaching / Arrival,LEONARD,CONTAINER,7852.0,,"Chattogram, Bangladesh",,,2023-04-07,,,star_asia_2023_W14_Market-report-Week-14.pdf,07.04.2023,,EU_DDMMYYYY,AWAITING,AWAITING,STATUS,,,,
2023-04-09,14,Beaching / Arrival,ICE,DRILLSHIP,9646.0,,"Chattogram, Bangladesh",,,2023-03-31,,,star_asia_2023_W14_Market-report-Week-14.pdf,31-03-2023,,EU_DDMMYYYY,AWAITING,AWAITING,STATUS,,,,
2023-04-09,14,Beaching / Arrival,HALUL 21,OSV,1406.0,,"Chattogram, Bangladesh",,,2023-03-24,2023-04-07,,star_asia_2023_W14_Market-report-Week-14.pdf,24.03.2023,,EU_DDMMYYYY,07.04.2023,,EU_DDMMYYYY,,,,
2023-04-09,14,Beaching / Arrival,HALUL 20,OSV,1395.0,,"Chattogram, Bangladesh",,,2023-03-24,2023-04-07,,star_asia_2023_W14_Market-report-Week-14.pdf,24.03.2023,,EU_DDMMYYYY,07.04.2023,,EU_DDMMYYYY,,,,
2023-04-09,14,Beaching / Arrival,YUNG DA FA 102,REEFER,1736.0,,"Gaddani, Pakistan",,,2023-04-04,,,star_asia_2023_W14_Market-report-Week-14.pdf,04.04.2023,,EU_DDMMYYYY,AWAITING,AWAITING,STATUS,,,,
2023-04-09,14,Beaching / Arrival,SALAMIS,TANKER,9238.0,,"Gaddani, Pakistan",,,2023-04-04,,,star_asia_2023_W14_Market-report-Week-14.pdf,04.04.2023,,EU_DDMMYYYY,AWAITING,AWAITING,STATUS,,,,
2023-04-09,14,Beaching / Arrival,Z STAR,GEN. CARGO,6537.0,,"Gaddani, Pakistan",,,2023-04-03,,,star_asia_2023_W14_Market-report-Week-14.pdf,03.04.2023,,EU_DDMMYYYY,AWAITING,AWAITING,STATUS,,,,
2023-04-09,14,Beaching / Arrival,HUTCH,CONTAINER,8302.0,,"Gaddani, Pakistan",,,2023-04-01,,,star_asia_2023_W14_Market-report-Week-14.pdf,01.04.2023,,EU_DDMMYYYY,AWAITING,AWAITING,STATUS,,,,
2023-04-09,14,Beaching / Arrival,YU HAI,BULKER,5017.0,,"Gaddani, Pakistan",,,2023-04-01,,,star_asia_2023_W14_Market-report-Week-14.pdf,01.04.2023,,EU_DDMMYYYY,AWAITING,AWAITING,STATUS,,,,
2023-04-09,14,Beaching / Arrival,VIR,BULKER,10540.0,,"Gaddani, Pakistan",,,2023-03-31,,,star_asia_2023_W14_Market-report-Week-14.pdf,31.03.2023,,EU_DDMMYYYY,AWAITING,AWAITING,STATUS,,,,
2023-04-09,14,Beaching / Arrival,SENTO,CONTAINER,2726.0,,"Gaddani, Pakistan",,,2023-03-30,,,star_asia_2023_W14_Market-report-Week-14.pdf,30.03.2023,,EU_DDMMYYYY,AWAITING,AWAITING,STATUS,,,,
2023-04-09,14,Beaching / Arrival,ADRIATIC ENERGY,LNG,32303.0,,"Gaddani, Pakistan",,,2023-03-27,,,star_asia_2023_W14_Market-report-Week-14.pdf,27.03.2023,,EU_DDMMYYYY,AWAITING,AWAITING,STATUS,,,,
2023-04-09,14,Beaching / Arrival,SHRAVAN,CONTAINER,7398.0,,"Gaddani, Pakistan",,,2023-03-20,,,star_asia_2023_W14_Market-report-Week-14.pdf,20.03.2023,,EU_DDMMYYYY,AWAITING,AWAITING,STATUS,,,,
2023-04-16,15,Reported Sale,MERATUS MALINO,CONTAINER,5455.0,616.0,"Chattogram, Bangladesh",1995,GERMANY,,,DELIVERED CHATTOGRAM / POST BUDGET,star_asia_2023_W15_Market-report-Week-15.pdf,,,,,,,,,,
2023-04-16,15,Reported Sale,APOLLO PACIFIC,LPG,2188.8,650.0,"Alang, India",1998,JAPAN,,,DELIVERED ALANG,star_asia_2023_W15_Market-report-Week-15.pdf,,,,,,,,,,
2023-04-16,15,Reported Sale,LEONARD,CONTAINER,7852.0,595.0,"Alang, India",1998,POLAND,,,DELIVERED ALANG / HKC GREEN RECYCLING,star_asia_2023_W15_Market-report-Week-15.pdf,,,,,,,,,,
2023-04-16,15,Reported Sale,MSC NORA II,CONTAINER,10478.0,592.0,"Alang, India",1999,POLAND,,,"DELIVERED ALANG / GREEN RECYCLING WITH 1,100 MT OF BUNKERS INCLUDED IN THE SALE",star_asia_2023_W15_Market-report-Week-15.pdf,,,,,,,,,,
2023-04-16,15,Reported Sale,HUAQUAN,AHTS,1412.0,394.0,,1984,CANADA,,,AS IS HONG KONG,star_asia_2023_W15_Market-report-Week-15.pdf,,,,,,,,,,
2023-04-16,15,Reported Sale,HO FU EXPRESS,ROPAX,1819.0,250.0,,1987,JAPAN,,,"AS IS KEELUNG, TAIWAN",star_asia_2023_W15_Market-report-Week-15.pdf,,,,,,,,,,
2023-04-16,15,Reported Sale,GERIMAL,DSV,1774.0,575.0,"Alang, India",1981,U.S.A.,,,"AS IS MUMBAI, INDIA / COURT SALE",star_asia_2023_W15_Market-report-Week-15.pdf,,,,,,,,,,
2023-04-16,15,Reported Sale,YUNG DA FA 102,REEFER,1736.0,575.0,"Chattogram, Bangladesh",1984,JAPAN,,,DELIVERED CHATTOGRAM,star_asia_2023_W15_Market-report-Week-15.pdf,,,,,,,,,,
2023-04-16,15,Beaching / Arrival,AL,FISHING,1622.0,,"Chattogram, Bangladesh",,,2023-04-15,,,star_asia_2023_W15_Market-report-Week-15.pdf,15.04.2023,,EU_DDMMYYYY,AWAITING,AWAITING,STATUS,,,,
2023-04-16,15,Beaching / Arrival,AUGUSTA II,TANKER,9920.0,,"Chattogram, Bangladesh",,,2023-04-13,,,star_asia_2023_W15_Market-report-Week-15.pdf,13.04.2023,,EU_DDMMYYYY,AWAITING,AWAITING,STATUS,,,,
2023-04-16,15,Beaching / Arrival,LEONARD,CONTAINER,7852.0,,"Chattogram, Bangladesh",,,2023-04-07,2023-04-12,,star_asia_2023_W15_Market-report-Week-15.pdf,07.04.2023,,EU_DDMMYYYY,12.04.2023,,EU_DDMMYYYY,,,,
2023-04-16,15,Beaching / Arrival,ICE,DRILLSHIP,9646.0,,"Chattogram, Bangladesh",,,2023-03-31,2023-04-08,,star_asia_2023_W15_Market-report-Week-15.pdf,31-03-2023,,EU_DDMMYYYY,08.04.2023,,EU_DDMMYYYY,,,,
2023-04-16,15,Beaching / Arrival,HALUL 21,OSV,1406.0,,"Chattogram, Bangladesh",,,2023-03-24,2023-04-07,,star_asia_2023_W15_Market-report-Week-15.pdf,24.03.2023,,EU_DDMMYYYY,07.04.2023,,EU_DDMMYYYY,,,,
2023-04-16,15,Beaching / Arrival,HALUL 20,OSV,1395.0,,"Chattogram, Bangladesh",,,2023-03-24,2023-04-07,,star_asia_2023_W15_Market-report-Week-15.pdf,24.03.2023,,EU_DDMMYYYY,07.04.2023,,EU_DDMMYYYY,,,,
2023-04-16,15,Beaching / Arrival,ROWAN,GEN. CARGO,2755.0,,"Gaddani, Pakistan",,,2023-04-07,,,star_asia_2023_W15_Market-report-Week-15.pdf,07.04.2023,,EU_DDMMYYYY,AWAITING,AWAITING,STATUS,,,,
2023-04-16,15,Beaching / Arrival,IDA,TANKER,9827.0,,"Gaddani, Pakistan",,,2023-04-07,,,star_asia_2023_W15_Market-report-Week-15.pdf,07.04.2023,,EU_DDMMYYYY,AWAITING,AWAITING,STATUS,,,,
2023-04-16,15,Beaching / Arrival,LILY BREEZE,BULKER,9989.0,,"Gaddani, Pakistan",,,2023-04-07,,,star_asia_2023_W15_Market-report-Week-15.pdf,07.04.2023,,EU_DDMMYYYY,AWAITING,AWAITING,STATUS,,,,
2023-04-16,15,Beaching / Arrival,SALAMIS,TANKER,9238.0,,"Gaddani, Pakistan",,,2023-04-04,,,star_asia_2023_W15_Market-report-Week-15.pdf,04.04.2023,,EU_DDMMYYYY,AWAITING,AWAITING,STATUS,,,,
2023-04-16,15,Beaching / Arrival,SUN BULK,BULKER,7553.0,,"Gaddani, Pakistan",,,2023-04-07,2023-04-11,,star_asia_2023_W15_Market-report-Week-15.pdf,07.04.2023,,EU_DDMMYYYY,11.04.2023,,EU_DDMMYYYY,,,,
2023-04-16,15,Beaching / Arrival,YUNG DA FA 102,REEFER,1736.0,,"Gaddani, Pakistan",,,2023-04-04,2023-04-10,,star_asia_2023_W15_Market-report-Week-15.pdf,04.04.2023,,EU_DDMMYYYY,10.04.2023,,EU_DDMMYYYY,,,,
2023-04-16,15,Beaching / Arrival,SHRAVAN,CONTAINER,7398.0,,"Gaddani, Pakistan",,,2023-03-20,2023-04-09,,star_asia_2023_W15_Market-report-Week-15.pdf,20.03.2023,,EU_DDMMYYYY,09.04.2023,,EU_DDMMYYYY,,,,
2023-04-16,15,Beaching / Arrival,ADRIATIC ENERGY,LNG,32303.0,,"Gaddani, Pakistan",,,2023-03-27,2023-04-08,,star_asia_2023_W15_Market-report-Week-15.pdf,27.03.2023,,EU_DDMMYYYY,08.04.2023,,EU_DDMMYYYY,,,,
2023-04-16,15,Beaching / Arrival,VIR,BULKER,10540.0,,"Gaddani, Pakistan",,,2023-03-31,2023-04-08,,star_asia_2023_W15_Market-report-Week-15.pdf,31.03.2023,,EU_DDMMYYYY,08.04.2023,,EU_DDMMYYYY,,,,
2023-04-16,15,Beaching / Arrival,Z STAR,GEN. CARGO,6537.0,,"Gaddani, Pakistan",,,2023-04-03,2023-04-07,,star_asia_2023_W15_Market-report-Week-15.pdf,03.04.2023,,EU_DDMMYYYY,07.04.2023,,EU_DDMMYYYY,,,,
2023-04-16,15,Beaching / Arrival,SENTO,CONTAINER,2726.0,,"Gaddani, Pakistan",,,2023-03-30,2023-04-07,,star_asia_2023_W15_Market-report-Week-15.pdf,30.03.2023,,EU_DDMMYYYY,07.04.2023,,EU_DDMMYYYY,,,,
2023-04-16,15,Beaching / Arrival,HUTCH,CONTAINER,8302.0,,"Gaddani, Pakistan",,,2023-04-01,2023-04-06,,star_asia_2023_W15_Market-report-Week-15.pdf,01.04.2023,,EU_DDMMYYYY,06.04.2023,,EU_DDMMYYYY,,,,
2023-04-16,15,Beaching / Arrival,YU HAI,BULKER,5017.0,,"Gaddani, Pakistan",,,2023-04-01,2023-04-06,,star_asia_2023_W15_Market-report-Week-15.pdf,01.04.2023,,EU_DDMMYYYY,06.04.2023,,EU_DDMMYYYY,,,,
2023-04-23,16,Reported Sale,SIAM OCEAN,WOODCHIP,7996.0,560.0,"Chattogram, Bangladesh",1995,JAPAN,,,DELIVERED CHATTOGRAM / HKC AND MOL-APPROVED YARD,star_asia_2023_W16_Market-report-Week-16.pdf,,,,,,,,,,
2023-04-23,16,Reported Sale,MSC PILAR,CONTAINER,23740.0,550.0,"Alang, India",1990,DENMARK,,,DELIVERED ALANG / HKC AND MSC-APPROVED YARD WITH ABT. 400 MT ROB INCLUDED IN SALE,star_asia_2023_W16_Market-report-Week-16.pdf,,,,,,,,,,
2023-04-23,16,Reported Sale,OCEAN GREAT,BULKER,6311.0,560.0,"Chattogram, Bangladesh",1993,JAPAN,,,DELIVERED CHATTOGRAM,star_asia_2023_W16_Market-report-Week-16.pdf,,,,,,,,,,
2023-04-23,16,Reported Sale,GREEN KARMOY,REEFER,2990.0,,"Alang, India",1989,NORWAY,,,DELIVERED ALANG / HKC- COMPLIANT RECYCLING,star_asia_2023_W16_Market-report-Week-16.pdf,,,,,,,,,,
2023-04-23,16,Reported Sale,ATLANTIC RAY,GEN.CARGO,2461.0,620.0,"Chattogram, Bangladesh",1991,TURKEY,,,DELIVERED CHATTOGRAM / OLS SALE,star_asia_2023_W16_Market-report-Week-16.pdf,,,,,,,,,,
2023-04-23,16,Reported Sale,SUNNIE,BULKER,6013.0,570.0,"Chattogram, Bangladesh",1992,JAPAN,,,DELIVERED CHATTOGRAM,star_asia_2023_W16_Market-report-Week-16.pdf,,,,,,,,,,
2023-04-23,16,Beaching / Arrival,MSC NORA II,CONTAINER,10611.0,,"Chattogram, Bangladesh",,,2023-04-20,,,star_asia_2023_W16_Market-report-Week-16.pdf,20.04.2023,,EU_DDMMYYYY,AWAITING,AWAITING,STATUS,,,,
2023-04-23,16,Beaching / Arrival,AUGUSTA II,TANKER,9920.0,,"Chattogram, Bangladesh",,,2023-04-13,2023-04-22,,star_asia_2023_W16_Market-report-Week-16.pdf,13.04.2023,,EU_DDMMYYYY,22.04.2023,,EU_DDMMYYYY,,,,
2023-04-23,16,Beaching / Arrival,AUGUSTA II,TANKER,9920.0,,"Chattogram, Bangladesh",,,2023-04-13,2023-03-22,,star_asia_2023_W16_Market-report-Week-16.pdf,13.04.2023,,EU_DDMMYYYY,22.03.2023,,EU_DDMMYYYY,,,,
2023-04-23,16,Beaching / Arrival,MSC VERONIQUE,CONTIANER,23450.0,,"Chattogram, Bangladesh",,,2023-04-18,2023-04-21,,star_asia_2023_W16_Market-report-Week-16.pdf,18.04.2023,,EU_DDMMYYYY,21.04.2023,,EU_DDMMYYYY,,,,
2023-04-23,16,Beaching / Arrival,AL,FISHING,1622.0,,"Chattogram, Bangladesh",,,2023-04-15,2023-04-20,,star_asia_2023_W16_Market-report-Week-16.pdf,15.04.2023,,EU_DDMMYYYY,20.04.2023,,EU_DDMMYYYY,,,,
2023-04-23,16,Beaching / Arrival,LEONARD,CONTAINER,7852.0,,"Chattogram, Bangladesh",,,2023-04-07,2023-04-12,,star_asia_2023_W16_Market-report-Week-16.pdf,07.04.2023,,EU_DDMMYYYY,12.04.2023,,EU_DDMMYYYY,,,,
2023-04-23,16,Beaching / Arrival,ICE,DRILLSHIP,9646.0,,"Chattogram, Bangladesh",,,2023-03-31,2023-04-08,,star_asia_2023_W16_Market-report-Week-16.pdf,31-03-2023,,EU_DDMMYYYY,08.04.2023,,EU_DDMMYYYY,,,,
2023-04-23,16,Beaching / Arrival,HALUL 21,OSV,1406.0,,"Chattogram, Bangladesh",,,2023-03-24,2023-04-07,,star_asia_2023_W16_Market-report-Week-16.pdf,24.03.2023,,EU_DDMMYYYY,07.04.2023,,EU_DDMMYYYY,,,,
2023-04-23,16,Beaching / Arrival,HALUL 20,OSV,1395.0,,"Chattogram, Bangladesh",,,2023-03-24,2023-04-07,,star_asia_2023_W16_Market-report-Week-16.pdf,24.03.2023,,EU_DDMMYYYY,07.04.2023,,EU_DDMMYYYY,,,,
2023-04-23,16,Beaching / Arrival,HAN,REEFER,2181.0,,"Chattogram, Bangladesh",,,2023-04-18,,,star_asia_2023_W16_Market-report-Week-16.pdf,18.04.2023,,EU_DDMMYYYY,AWAITING,AWAITING,STATUS,,,,
2023-04-23,16,Beaching / Arrival,SUNNY 1,BULKER,21215.0,,"Chattogram, Bangladesh",,,2023-04-15,,,star_asia_2023_W16_Market-report-Week-16.pdf,15.04.2023,,EU_DDMMYYYY,AWAITING,AWAITING,STATUS,,,,
2023-04-23,16,Beaching / Arrival,AGIA TRIAS,BULKER,22142.0,,"Chattogram, Bangladesh",,,2023-04-12,,,star_asia_2023_W16_Market-report-Week-16.pdf,12.04.2023,,EU_DDMMYYYY,AWAITING,AWAITING,STATUS,,,,
2023-04-23,16,Beaching / Arrival,ROWAN,GEN. CARGO,2755.0,,"Chattogram, Bangladesh",,,2023-04-07,,,star_asia_2023_W16_Market-report-Week-16.pdf,07.04.2023,,EU_DDMMYYYY,AWAITING,AWAITING,STATUS,,,,
2023-04-23,16,Beaching / Arrival,"PI, EX-BORTO JOYO",FSO,12038.0,,"Chattogram, Bangladesh",,,2023-03-16,2023-04-20,,star_asia_2023_W16_Market-report-Week-16.pdf,16.03.2023,,EU_DDMMYYYY,20.04.2023,,EU_DDMMYYYY,,,,
2023-04-23,16,Beaching / Arrival,GRACE ENERGY,LNG,30426.0,,"Chattogram, Bangladesh",,,2023-04-14,2023-04-20,,star_asia_2023_W16_Market-report-Week-16.pdf,14.04.2023,,EU_DDMMYYYY,20.04.2023,,EU_DDMMYYYY,,,,
2023-04-23,16,Beaching / Arrival,SUNNINE,BULKER,3013.0,,"Chattogram, Bangladesh",,,2023-04-15,2023-04-19,,star_asia_2023_W16_Market-report-Week-16.pdf,15.04.2023,,EU_DDMMYYYY,19.04.2023,,EU_DDMMYYYY,,,,
2023-04-30,17,Reported Sale,FERNAN VAZ,FSO,42090.0,277.0,,1974,PORTUGAL,,,AS IS GABON / UNDER TOW,star_asia_2023_W17_Market-report-Week-17.pdf,,,,,,,,,,
2023-04-30,17,Reported Sale,KUMUL ARROW,GEN. CARGO,10998.0,560.0,"Alang, India",1985,S.KOREA,,,DELIVERED ALANG / HKC RECYCLING / SPECIAL SHIP WITH GANTRY CRANE,star_asia_2023_W17_Market-report-Week-17.pdf,,,,,,,,,,
2023-04-30,17,Reported Sale,MARITIME LIRA,TANKER,12235.0,520.0,"Alang, India",1998,CHINA,,,DELIVERED ALANG / HKC RECYCLING,star_asia_2023_W17_Market-report-Week-17.pdf,,,,,,,,,,
2023-04-30,17,Reported Sale,MSC LUCIA,CONTAINER,8911.0,525.0,"Alang, India",1985,GERMANY,,,DELIVERED ALANG / HKC RECYCLING,star_asia_2023_W17_Market-report-Week-17.pdf,,,,,,,,,,
2023-04-30,17,Beaching / Arrival,APOLLO PACIFIC,LPG,2189.0,,"Chattogram, Bangladesh",,,2023-04-28,,,star_asia_2023_W17_Market-report-Week-17.pdf,28.04.2023,,EU_DDMMYYYY,AWAITING,AWAITING,STATUS,,,,
2023-04-30,17,Beaching / Arrival,MSC NORA II,CONTAINER,10611.0,,"Chattogram, Bangladesh",,,2023-04-20,2023-04-25,,star_asia_2023_W17_Market-report-Week-17.pdf,20.04.2023,,EU_DDMMYYYY,25.04.2023,,EU_DDMMYYYY,,,,
2023-04-30,17,Beaching / Arrival,AUGUSTA II,TANKER,9920.0,,"Chattogram, Bangladesh",,,2023-04-13,2023-04-22,,star_asia_2023_W17_Market-report-Week-17.pdf,13.04.2023,,EU_DDMMYYYY,22.04.2023,,EU_DDMMYYYY,,,,
2023-04-30,17,Beaching / Arrival,AUGUSTA II,TANKER,9920.0,,"Chattogram, Bangladesh",,,2023-04-13,2023-03-22,,star_asia_2023_W17_Market-report-Week-17.pdf,13.04.2023,,EU_DDMMYYYY,22.03.2023,,EU_DDMMYYYY,,,,
2023-04-30,17,Beaching / Arrival,MSC VERONIQUE,CONTIANER,23450.0,,"Chattogram, Bangladesh",,,2023-04-18,2023-04-21,,star_asia_2023_W17_Market-report-Week-17.pdf,18.04.2023,,EU_DDMMYYYY,21.04.2023,,EU_DDMMYYYY,,,,
2023-04-30,17,Beaching / Arrival,AL,FISHING,1622.0,,"Chattogram, Bangladesh",,,2023-04-15,2023-04-20,,star_asia_2023_W17_Market-report-Week-17.pdf,15.04.2023,,EU_DDMMYYYY,20.04.2023,,EU_DDMMYYYY,,,,
2023-04-30,17,Beaching / Arrival,LEONARD,CONTAINER,7852.0,,"Chattogram, Bangladesh",,,2023-04-07,2023-04-12,,star_asia_2023_W17_Market-report-Week-17.pdf,07.04.2023,,EU_DDMMYYYY,12.04.2023,,EU_DDMMYYYY,,,,
2023-04-30,17,Beaching / Arrival,ICE,DRILLSHIP,9646.0,,"Chattogram, Bangladesh",,,2023-03-31,2023-04-08,,star_asia_2023_W17_Market-report-Week-17.pdf,31-03-2023,,EU_DDMMYYYY,08.04.2023,,EU_DDMMYYYY,,,,
2023-04-30,17,Beaching / Arrival,HALUL 21,OSV,1406.0,,"Chattogram, Bangladesh",,,2023-03-24,2023-04-07,,star_asia_2023_W17_Market-report-Week-17.pdf,24.03.2023,,EU_DDMMYYYY,07.04.2023,,EU_DDMMYYYY,,,,
2023-04-30,17,Beaching / Arrival,HALUL 20,OSV,1395.0,,"Chattogram, Bangladesh",,,2023-03-24,2023-04-07,,star_asia_2023_W17_Market-report-Week-17.pdf,24.03.2023,,EU_DDMMYYYY,07.04.2023,,EU_DDMMYYYY,,,,
2023-04-30,17,Beaching / Arrival,THOR,GC,1103.0,,"Chattogram, Bangladesh",,,2023-04-26,,,star_asia_2023_W17_Market-report-Week-17.pdf,26.04.2023,,EU_DDMMYYYY,AWAITING,AWAITING,STATUS,,,,
2023-04-30,17,Beaching / Arrival,S MARU 3,CEMENT C.,851.0,,"Chattogram, Bangladesh",,,2023-04-26,,,star_asia_2023_W17_Market-report-Week-17.pdf,26.04.2023,,EU_DDMMYYYY,AWAITING,AWAITING,STATUS,,,,
2023-04-30,17,Beaching / Arrival,GLEN,REEFER,3185.0,,"Chattogram, Bangladesh",,,2023-04-25,,,star_asia_2023_W17_Market-report-Week-17.pdf,25.04.2023,,EU_DDMMYYYY,AWAITING,AWAITING,STATUS,,,,
2023-04-30,17,Beaching / Arrival,S MARU,TANKER,860.0,,"Chattogram, Bangladesh",,,2023-04-25,,,star_asia_2023_W17_Market-report-Week-17.pdf,25.04.2023,,EU_DDMMYYYY,AWAITING,AWAITING,STATUS,,,,
2023-04-30,17,Beaching / Arrival,HONG YANG,GC,11883.8,,"Chattogram, Bangladesh",,,2023-04-19,,,star_asia_2023_W17_Market-report-Week-17.pdf,19.04.2023,,EU_DDMMYYYY,AWAITING,AWAITING,STATUS,,,,
2023-04-30,17,Beaching / Arrival,HAN,REEFER,2181.45,,"Chattogram, Bangladesh",,,2023-04-18,,,star_asia_2023_W17_Market-report-Week-17.pdf,18.04.2023,,EU_DDMMYYYY,AWAITING,AWAITING,STATUS,,,,
2023-04-30,17,Beaching / Arrival,SUNNY 1,BULKER,21215.0,,"Chattogram, Bangladesh",,,2023-04-15,2023-04-21,,star_asia_2023_W17_Market-report-Week-17.pdf,15.04.2023,,EU_DDMMYYYY,21.04.2023,,EU_DDMMYYYY,,,,
2023-04-30,17,Beaching / Arrival,AGIA TRIAS,BULKER,22142.8,,"Chattogram, Bangladesh",,,2023-04-12,2023-04-21,,star_asia_2023_W17_Market-report-Week-17.pdf,12.04.2023,,EU_DDMMYYYY,21.04.2023,,EU_DDMMYYYY,,,,
2023-04-30,17,Beaching / Arrival,ROWAN,GC,2755.04,,"Chattogram, Bangladesh",,,2023-04-07,2023-04-21,,star_asia_2023_W17_Market-report-Week-17.pdf,07.04.2023,,EU_DDMMYYYY,21.04.2023,,EU_DDMMYYYY,,,,
2023-04-30,17,Beaching / Arrival,"PI, EX-BORTO JOYO",FSO,12038.0,,"Chattogram, Bangladesh",,,2023-03-16,2023-04-20,,star_asia_2023_W17_Market-report-Week-17.pdf,16.03.2023,,EU_DDMMYYYY,20.04.2023,,EU_DDMMYYYY,,,,
2023-04-30,17,Beaching / Arrival,GRACE ENERGY,LNG,30426.0,,"Chattogram, Bangladesh",,,2023-04-14,2023-04-20,,star_asia_2023_W17_Market-report-Week-17.pdf,14.04.2023,,EU_DDMMYYYY,20.04.2023,,EU_DDMMYYYY,,,,
2023-04-30,17,Beaching / Arrival,SUNNINE,BULKER,3013.0,,"Chattogram, Bangladesh",,,2023-04-15,2023-04-19,,star_asia_2023_W17_Market-report-Week-17.pdf,15.04.2023,,EU_DDMMYYYY,19.04.2023,,EU_DDMMYYYY,,,,
2023-04-30,17,Beaching / Arrival,IDA,TANKER,9827.0,,"Chattogram, Bangladesh",,,2023-04-07,2023-04-18,,star_asia_2023_W17_Market-report-Week-17.pdf,07.04.2023,,EU_DDMMYYYY,18.04.2023,,EU_DDMMYYYY,,,,
2023-04-30,17,Beaching / Arrival,LILY BREEZE,BULKER,9989.0,,"Chattogram, Bangladesh",,,2023-04-07,2023-04-18,,star_asia_2023_W17_Market-report-Week-17.pdf,07.04.2023,,EU_DDMMYYYY,18.04.2023,,EU_DDMMYYYY,,,,
2023-04-30,17,Beaching / Arrival,SALAMIS,TANKER,9238.0,,"Chattogram, Bangladesh",,,2023-04-04,2023-04-19,,star_asia_2023_W17_Market-report-Week-17.pdf,04.04.2023,,EU_DDMMYYYY,19.04.2023,,EU_DDMMYYYY,,,,
2023-04-30,17,Beaching / Arrival,SUN BULK,BULKER,7553.0,,"Chattogram, Bangladesh",,,2023-04-07,2023-04-11,,star_asia_2023_W17_Market-report-Week-17.pdf,07.04.2023,,EU_DDMMYYYY,11.04.2023,,EU_DDMMYYYY,,,,
2023-04-30,17,Beaching / Arrival,YUNG DA FA 102,REEFER,1736.0,,"Chattogram, Bangladesh",,,2023-04-04,2023-04-10,,star_asia_2023_W17_Market-report-Week-17.pdf,04.04.2023,,EU_DDMMYYYY,10.04.2023,,EU_DDMMYYYY,,,,
2023-04-30,17,Beaching / Arrival,SHRAVAN,CONTAINER,7398.0,,"Chattogram, Bangladesh",,,2023-03-20,2023-04-09,,star_asia_2023_W17_Market-report-Week-17.pdf,20.03.2023,,EU_DDMMYYYY,09.04.2023,,EU_DDMMYYYY,,,,
2023-04-30,17,Beaching / Arrival,ADRIATIC ENERGY,LNG,32303.0,,"Chattogram, Bangladesh",,,2023-03-27,2023-04-08,,star_asia_2023_W17_Market-report-Week-17.pdf,27.03.2023,,EU_DDMMYYYY,08.04.2023,,EU_DDMMYYYY,,,,
2023-04-30,17,Beaching / Arrival,VIR,BULKER,10540.0,,"Chattogram, Bangladesh",,,2023-03-31,2023-04-08,,star_asia_2023_W17_Market-report-Week-17.pdf,31.03.2023,,EU_DDMMYYYY,08.04.2023,,EU_DDMMYYYY,,,,
2023-04-30,17,Beaching / Arrival,Z STAR,GEN. CARGO,6537.0,,"Chattogram, Bangladesh",,,2023-04-03,2023-04-07,,star_asia_2023_W17_Market-report-Week-17.pdf,03.04.2023,,EU_DDMMYYYY,07.04.2023,,EU_DDMMYYYY,,,,
2023-04-30,17,Beaching / Arrival,SENTO,CONTAINER,2726.0,,"Chattogram, Bangladesh",,,2023-03-30,2023-04-07,,star_asia_2023_W17_Market-report-Week-17.pdf,30.03.2023,,EU_DDMMYYYY,07.04.2023,,EU_DDMMYYYY,,,,
2023-04-30,17,Beaching / Arrival,HUTCH,CONTAINER,8302.0,,"Chattogram, Bangladesh",,,2023-04-01,2023-04-06,,star_asia_2023_W17_Market-report-Week-17.pdf,01.04.2023,,EU_DDMMYYYY,06.04.2023,,EU_DDMMYYYY,,,,
2023-04-30,17,Beaching / Arrival,YU HAI,BULKER,5017.0,,"Chattogram, Bangladesh",,,2023-04-01,2023-04-06,,star_asia_2023_W17_Market-report-Week-17.pdf,01.04.2023,,EU_DDMMYYYY,06.04.2023,,EU_DDMMYYYY,,,,
2023-05-14,19,Reported Sale,EVER DIADEM,CONTAINER,21731.0,512.0,"Alang, India",1998,JAPAN,,,AS IS SINGAPORE / RE-DELIVERY TO HKC RECYCLING IN ALANG ONLY.,star_asia_2023_W19_Market-report-Week-19.pdf,,,,,,,,,,
2023-05-14,19,Reported Sale,SHANDONG EXPRESS,WOODCHIP,8658.0,605.0,"Chattogram, Bangladesh",1989,JAPAN,,,DELIVERED CHATTOGRAM / ABT.350 MT BUNKERS INCLUDED IN SALE,star_asia_2023_W19_Market-report-Week-19.pdf,,,,,,,,,,
2023-05-14,19,Reported Sale,YUN RUN 8,REEFER,3045.0,485.0,"Alang, India",1989,NETHERLAND,,,AS IS ZHOUSHAN / FOR RE-DELIVERY TO ALANG.,star_asia_2023_W19_Market-report-Week-19.pdf,,,,,,,,,,
2023-05-14,19,Beaching / Arrival,SUDARSHAN,OFFSHORE,1762.0,,"Chattogram, Bangladesh",,,2023-05-09,,,star_asia_2023_W19_Market-report-Week-19.pdf,09.05.2023,,EU_DDMMYYYY,AWAITING,AWAITING,STATUS,,,,
2023-05-14,19,Beaching / Arrival,GERIMA,D/V,1774.0,,"Chattogram, Bangladesh",,,2023-05-03,2023-05-04,,star_asia_2023_W19_Market-report-Week-19.pdf,03.05.2023,,EU_DDMMYYYY,04.05.2023,,EU_DDMMYYYY,,,,
2023-05-14,19,Beaching / Arrival,APOLLO PACIFIC,LPG,2189.0,,"Chattogram, Bangladesh",,,2023-04-28,2023-05-05,,star_asia_2023_W19_Market-report-Week-19.pdf,28.04.2023,,EU_DDMMYYYY,05.05.2023,,EU_DDMMYYYY,,,,
2023-05-14,19,Beaching / Arrival,GREEN KARMOY,REEFER,2699.0,,"Chattogram, Bangladesh",,,2023-04-29,2023-05-05,,star_asia_2023_W19_Market-report-Week-19.pdf,29.04.2023,,EU_DDMMYYYY,05.05.2023,,EU_DDMMYYYY,,,,
2023-05-14,19,Beaching / Arrival,CYNTH,TANKER,3349.0,,"Chattogram, Bangladesh",,,2023-05-03,2023-05-06,,star_asia_2023_W19_Market-report-Week-19.pdf,03.05.2023,,EU_DDMMYYYY,06.05.2023,,EU_DDMMYYYY,,,,
2023-05-14,19,Beaching / Arrival,XIN ZHOU SHAN,CONTAINER,3454.0,,"Gaddani, Pakistan",,,2023-05-10,,,star_asia_2023_W19_Market-report-Week-19.pdf,10.05.2023,,EU_DDMMYYYY,AWAITING,AWAITING,STATUS,,,,
2023-05-14,19,Beaching / Arrival,HAI CHANG,BULKER,7585.0,,"Gaddani, Pakistan",,,2023-05-09,,,star_asia_2023_W19_Market-report-Week-19.pdf,09.05.2023,,EU_DDMMYYYY,AWAITING,AWAITING,STATUS,,,,
2023-05-14,19,Beaching / Arrival,THOR,GC,1103.0,,"Gaddani, Pakistan",,,2023-04-26,2023-05-10,,star_asia_2023_W19_Market-report-Week-19.pdf,26.04.2023,,EU_DDMMYYYY,10.05.2023,,EU_DDMMYYYY,,,,
2023-05-14,19,Beaching / Arrival,SIAM OCEAN,WOODCHIP,7996.0,,"Gaddani, Pakistan",,,2023-05-05,2023-05-09,,star_asia_2023_W19_Market-report-Week-19.pdf,05.05.2023,,EU_DDMMYYYY,09.05.2023,,EU_DDMMYYYY,,,,
2023-05-14,19,Beaching / Arrival,OCEAN SMART 1,BULK,10019.0,,"Gaddani, Pakistan",,,2023-05-03,2023-05-08,,star_asia_2023_W19_Market-report-Week-19.pdf,03.05.2023,,EU_DDMMYYYY,08.05.2023,,EU_DDMMYYYY,,,,
2023-05-14,19,Beaching / Arrival,S MARU 3,CEMENT C.,851.0,,"Gaddani, Pakistan",,,2023-04-26,2023-05-08,,star_asia_2023_W19_Market-report-Week-19.pdf,26.04.2023,,EU_DDMMYYYY,08.05.2023,,EU_DDMMYYYY,,,,
2023-05-14,19,Beaching / Arrival,LOGAN,GC,1769.45,,"Gaddani, Pakistan",,,2023-04-30,2023-05-07,,star_asia_2023_W19_Market-report-Week-19.pdf,30.04.2023,,EU_DDMMYYYY,07.05.2023,,EU_DDMMYYYY,,,,
2023-05-14,19,Beaching / Arrival,HONG YANG,GC,11883.8,,"Gaddani, Pakistan",,,2023-04-18,2023-05-06,,star_asia_2023_W19_Market-report-Week-19.pdf,18.04.2023,,EU_DDMMYYYY,06.05.2023,,EU_DDMMYYYY,,,,
2023-05-14,19,Beaching / Arrival,WEST OCEAN 9,GC,1671.48,,"Gaddani, Pakistan",,,2023-04-29,2023-05-05,,star_asia_2023_W19_Market-report-Week-19.pdf,29.04.2023,,EU_DDMMYYYY,05.05.2023,,EU_DDMMYYYY,,,,
2023-05-14,19,Beaching / Arrival,GLEN,REEFER,3185.0,,"Gaddani, Pakistan",,,2023-04-25,2023-05-05,,star_asia_2023_W19_Market-report-Week-19.pdf,25.04.2023,,EU_DDMMYYYY,05.05.2023,,EU_DDMMYYYY,,,,
2023-05-14,19,Beaching / Arrival,S MARU,TANKER,860.0,,"Gaddani, Pakistan",,,2023-04-25,2023-05-05,,star_asia_2023_W19_Market-report-Week-19.pdf,25.04.2023,,EU_DDMMYYYY,05.05.2023,,EU_DDMMYYYY,,,,
2023-05-14,19,Beaching / Arrival,PABLO,D/V,7362.3,,"Gaddani, Pakistan",,,2023-04-29,2023-05-04,,star_asia_2023_W19_Market-report-Week-19.pdf,29.04.2023,,EU_DDMMYYYY,04.05.2023,,EU_DDMMYYYY,,,,
2023-05-14,19,Beaching / Arrival,HAN,REEFER,2184.45,,"Gaddani, Pakistan",,,2023-04-18,2023-05-04,,star_asia_2023_W19_Market-report-Week-19.pdf,18.04.2023,,EU_DDMMYYYY,04.05.2023,,EU_DDMMYYYY,,,,
2023-05-21,20,Reported Sale,KUMUL ARROW,GEN.CARGO,10998.0,525.0,"Alang, India",1984,S. KOREA,,,DELIVERED ALANG / PAST SALE FAILED AND RESOLD,star_asia_2023_W20_Market-report-Week-20.pdf,,,,,,,,,,
2023-05-21,20,Reported Sale,XIANG JIANG 6,BULKER,7290.0,563.0,"Chattogram, Bangladesh",1977,JAPAN,,,DELIVERED CHATTOGRAM / PRE- BUDGET DELIVERY,star_asia_2023_W20_Market-report-Week-20.pdf,,,,,,,,,,
2023-05-21,20,Reported Sale,TIAN HE SHUN,BULKER,7450.0,,"Chattogram, Bangladesh",1977,JAPAN,,,DELIVERED CHATTOGRAM / PRE- BUDGET DELIVERY,star_asia_2023_W20_Market-report-Week-20.pdf,,,,,,,,,,
2023-05-21,20,Reported Sale,GANDRIA,LNG,29500.0,525.0,,1977,GERMANY,,,"AS IS LABUAN, MALAYSIA, UNDER TOW / FOR HKC RECYCLING / DELIVERY POST-MONSOON",star_asia_2023_W20_Market-report-Week-20.pdf,,,,,,,,,,
2023-05-21,20,Reported Sale,BLUE OCEAN,CONTAINER,4361.0,625.0,"Chattogram, Bangladesh",1989,JAPAN,,,DELIVERED CHATTOGRAM / DELIVERY JUNE END / JULY,star_asia_2023_W20_Market-report-Week-20.pdf,,,,,,,,,,
2023-05-21,20,Beaching / Arrival,MSC PILAR,CONTAINER,23740.0,,"Chattogram, Bangladesh",,,2023-05-18,,,star_asia_2023_W20_Market-report-Week-20.pdf,18.05.2023,,EU_DDMMYYYY,AWAITING,AWAITING,STATUS,,,,
2023-05-21,20,Beaching / Arrival,MARITIME LIRA,TANKERS,12235.0,,"Chattogram, Bangladesh",,,2023-05-09,,,star_asia_2023_W20_Market-report-Week-20.pdf,09.05.2023,,EU_DDMMYYYY,AWAITING,AWAITING,STATUS,,,,
2023-05-21,20,Beaching / Arrival,SUDARSHAN,OFFSHORE,1762.0,,"Chattogram, Bangladesh",,,2023-05-09,2023-05-16,,star_asia_2023_W20_Market-report-Week-20.pdf,09.05.2023,,EU_DDMMYYYY,16.05.2023,,EU_DDMMYYYY,,,,
2023-05-21,20,Beaching / Arrival,GERIMA,D/V,1774.0,,"Chattogram, Bangladesh",,,2023-05-03,2023-05-04,,star_asia_2023_W20_Market-report-Week-20.pdf,03.05.2023,,EU_DDMMYYYY,04.05.2023,,EU_DDMMYYYY,,,,
2023-05-21,20,Beaching / Arrival,APOLLO PACIFIC,LPG,2189.0,,"Chattogram, Bangladesh",,,2023-04-28,2023-05-05,,star_asia_2023_W20_Market-report-Week-20.pdf,28.04.2023,,EU_DDMMYYYY,05.05.2023,,EU_DDMMYYYY,,,,
2023-05-21,20,Beaching / Arrival,GREEN KARMOY,REEFER,2699.0,,"Chattogram, Bangladesh",,,2023-04-29,2023-05-05,,star_asia_2023_W20_Market-report-Week-20.pdf,29.04.2023,,EU_DDMMYYYY,05.05.2023,,EU_DDMMYYYY,,,,
2023-05-21,20,Beaching / Arrival,CYNTH,TANKER,3349.0,,"Chattogram, Bangladesh",,,2023-05-03,2023-05-06,,star_asia_2023_W20_Market-report-Week-20.pdf,03.05.2023,,EU_DDMMYYYY,06.05.2023,,EU_DDMMYYYY,,,,
2023-05-21,20,Beaching / Arrival,SHANG HANG 68,BULKER,6719.0,,,,,2023-05-19,,,star_asia_2023_W20_Market-report-Week-20.pdf,19.05.2023,,EU_DDMMYYYY,AWAITING,AWAITING,STATUS,,,,
2023-05-21,20,Beaching / Arrival,ATLANTIC RAY,GEN.CARGO,2461.0,,,,,2023-05-19,,,star_asia_2023_W20_Market-report-Week-20.pdf,19.05.2023,,EU_DDMMYYYY,AWAITING,AWAITING,STATUS,,,,
2023-05-21,20,Beaching / Arrival,WESTERN ENDEAVOUR,BULKER,1488.0,,,,,2023-05-18,,,star_asia_2023_W20_Market-report-Week-20.pdf,18.05.2023,,EU_DDMMYYYY,AWAITING,AWAITING,STATUS,,,,
2023-05-21,20,Beaching / Arrival,VASI STAR,CONTAINER,7771.0,,,,,2023-05-17,,,star_asia_2023_W20_Market-report-Week-20.pdf,17.05.2023,,EU_DDMMYYYY,AWAITING,AWAITING,STATUS,,,,
2023-05-21,20,Beaching / Arrival,XIN ZHOU SHAN,CONTAINER,3454.0,,,,,2023-05-10,2023-05-19,,star_asia_2023_W20_Market-report-Week-20.pdf,10.05.2023,,EU_DDMMYYYY,19.05.2023,,EU_DDMMYYYY,,,,
2023-05-21,20,Beaching / Arrival,HAI CHANG,BULKER,7585.0,,,,,2023-05-09,2023-05-18,,star_asia_2023_W20_Market-report-Week-20.pdf,09.05.2023,,EU_DDMMYYYY,18.05.2023,,EU_DDMMYYYY,,,,
2023-05-21,20,Beaching / Arrival,THOR,GEN.CARGO,1103.0,,,,,2023-04-26,2023-05-10,,star_asia_2023_W20_Market-report-Week-20.pdf,26.04.2023,,EU_DDMMYYYY,10.05.2023,,EU_DDMMYYYY,,,,
2023-05-21,20,Beaching / Arrival,SIAM OCEAN,WOODCHIP,7996.0,,,,,2023-05-05,2023-05-09,,star_asia_2023_W20_Market-report-Week-20.pdf,05.05.2023,,EU_DDMMYYYY,09.05.2023,,EU_DDMMYYYY,,,,
2023-05-21,20,Beaching / Arrival,OCEAN SMART 1,BULK,10019.0,,,,,2023-05-03,2023-05-08,,star_asia_2023_W20_Market-report-Week-20.pdf,03.05.2023,,EU_DDMMYYYY,08.05.2023,,EU_DDMMYYYY,,,,
2023-05-21,20,Beaching / Arrival,S MARU 3,CEMENT C.,851.0,,,,,2023-04-26,2023-05-08,,star_asia_2023_W20_Market-report-Week-20.pdf,26.04.2023,,EU_DDMMYYYY,08.05.2023,,EU_DDMMYYYY,,,,
2023-05-21,20,Beaching / Arrival,LOGAN,GEN.CARGO,1769.45,,,,,2023-04-30,2023-05-07,,star_asia_2023_W20_Market-report-Week-20.pdf,30.04.2023,,EU_DDMMYYYY,07.05.2023,,EU_DDMMYYYY,,,,
2023-05-21,20,Beaching / Arrival,HONG YANG,GEN.CARGO,11883.8,,,,,2023-04-18,2023-05-06,,star_asia_2023_W20_Market-report-Week-20.pdf,18.04.2023,,EU_DDMMYYYY,06.05.2023,,EU_DDMMYYYY,,,,
2023-05-21,20,Beaching / Arrival,WEST OCEAN 9,GEN.CARGO,1671.48,,,,,2023-04-29,2023-05-05,,star_asia_2023_W20_Market-report-Week-20.pdf,29.04.2023,,EU_DDMMYYYY,05.05.2023,,EU_DDMMYYYY,,,,
2023-05-21,20,Beaching / Arrival,GLEN,REEFER,3185.0,,,,,2023-04-25,2023-05-05,,star_asia_2023_W20_Market-report-Week-20.pdf,25.04.2023,,EU_DDMMYYYY,05.05.2023,,EU_DDMMYYYY,,,,
2023-05-21,20,Beaching / Arrival,S MARU,TANKER,860.0,,,,,2023-04-25,2023-05-05,,star_asia_2023_W20_Market-report-Week-20.pdf,25.04.2023,,EU_DDMMYYYY,05.05.2023,,EU_DDMMYYYY,,,,
2023-05-21,20,Beaching / Arrival,PABLO,D/V,7362.3,,,,,2023-04-29,2023-05-04,,star_asia_2023_W20_Market-report-Week-20.pdf,29.04.2023,,EU_DDMMYYYY,04.05.2023,,EU_DDMMYYYY,,,,
2023-05-21,20,Beaching / Arrival,HAN,REEFER,2184.45,,,,,2023-04-18,2023-05-04,,star_asia_2023_W20_Market-report-Week-20.pdf,18.04.2023,,EU_DDMMYYYY,04.05.2023,,EU_DDMMYYYY,,,,
2023-05-27,21,Reported Sale,ETERNAL LUCK,BULKER,7525.0,575.0,"Chattogram, Bangladesh",1996,JAPAN,,,DELIVERED CHATTOGRAM WITH 190MT LSFO & 70MT MGO,star_asia_2023_W21_Market-report-Week-21.pdf,,,,,,,,,,
2023-05-27,21,Reported Sale,FU SHENG,BULKER,10780.0,580.0,"Chattogram, Bangladesh",1994,JAPAN,,,"DELIVERED CHATTOGRAM, END JUNE / EARLY JULY WITH 380MT ROB INCLUDED IN SALE",star_asia_2023_W21_Market-report-Week-21.pdf,,,,,,,,,,
2023-05-27,21,Reported Sale,HONG HAO,GENERAL CARGO,11821.0,620.0,"Chattogram, Bangladesh",1998,POLAND,,,DELVIERED CHATTOGRAM / OLD SALE,star_asia_2023_W21_Market-report-Week-21.pdf,,,,,,,,,,
2023-05-27,21,Reported Sale,HC BEAUTY,BULKER,9502.0,530.0,"Chattogram, Bangladesh",1999,JAPAN,,,AS IS HONG KONG / FOR RE- DELIVERY CHATTOGRAM,star_asia_2023_W21_Market-report-Week-21.pdf,,,,,,,,,,
2023-05-27,21,Reported Sale,HAO HANG 3,BULKER,4767.0,457.0,"Chattogram, Bangladesh",1991,JAPAN,,,AS IS ZHOUSHAN / RE-DELIVERY CHATTOGRAM,star_asia_2023_W21_Market-report-Week-21.pdf,,,,,,,,,,
2023-05-27,21,Reported Sale,FORTUNE,WOODCHIP,9730.0,,"Chattogram, Bangladesh",1991,JAPAN,,,DELIVERED CHATTOGRAM,star_asia_2023_W21_Market-report-Week-21.pdf,,,,,,,,,,
2023-05-27,21,Reported Sale,SCANLAY-1,PIPE LAY BARGE,1571.0,,"Alang, India",1982,SINGAPORE,,,DELIVERED ALANG / UNDER-TOW,star_asia_2023_W21_Market-report-Week-21.pdf,,,,,,,,,,
2023-05-27,21,Reported Sale,MISSISSAUGA EXPRESS,CONTAINER,15644.0,385.0,"Aliaga, Turkey",,,,,"DELIVERED ALIAGA, TURKEY / EU SSR",star_asia_2023_W21_Market-report-Week-21.pdf,,,,,,,,,,
2023-05-27,21,Reported Sale,OTTAWA EXPRESS,CONTAINER,15644.0,,,,,,,,star_asia_2023_W21_Market-report-Week-21.pdf,,,,,,,,,,
2023-05-27,21,Reported Sale,MILAN EXPRESS,CONTAINER,14161.0,,,,,,,,star_asia_2023_W21_Market-report-Week-21.pdf,,,,,,,,,,
2023-05-27,21,Beaching / Arrival,NOVO 23,FISH FACTORY,3861.0,,"Chattogram, Bangladesh",,,2023-05-25,,,star_asia_2023_W21_Market-report-Week-21.pdf,25.05.2023,,EU_DDMMYYYY,AWAITING,AWAITING,STATUS,,,,
2023-05-27,21,Beaching / Arrival,ENAM,CONTAINER,4750.0,,"Chattogram, Bangladesh",,,2023-05-24,,,star_asia_2023_W21_Market-report-Week-21.pdf,24.05.2023,,EU_DDMMYYYY,AWAITING,AWAITING,STATUS,,,,
2023-05-27,21,Beaching / Arrival,PIT,JACK-UP PLATFORM,6819.0,,"Chattogram, Bangladesh",,,2023-05-23,2023-05-24,,star_asia_2023_W21_Market-report-Week-21.pdf,23.05.2023,,EU_DDMMYYYY,24.05.2023,,EU_DDMMYYYY,,,,
2023-05-27,21,Beaching / Arrival,MSC PILAR,CONTAINER,23740.0,,"Chattogram, Bangladesh",,,2023-05-18,2023-05-20,,star_asia_2023_W21_Market-report-Week-21.pdf,18.05.2023,,EU_DDMMYYYY,20.05.2023,,EU_DDMMYYYY,,,,
2023-05-27,21,Beaching / Arrival,MARITIME LIRA,TANKERS,12235.0,,"Chattogram, Bangladesh",,,2023-05-09,2023-05-20,,star_asia_2023_W21_Market-report-Week-21.pdf,09.05.2023,,EU_DDMMYYYY,20.05.2023,,EU_DDMMYYYY,,,,
2023-05-27,21,Beaching / Arrival,SUDARSHAN,OFFSHORE,1762.0,,"Chattogram, Bangladesh",,,2023-05-09,2023-05-16,,star_asia_2023_W21_Market-report-Week-21.pdf,09.05.2023,,EU_DDMMYYYY,16.05.2023,,EU_DDMMYYYY,,,,
2023-05-27,21,Beaching / Arrival,GERIMA,D/V,1774.0,,"Chattogram, Bangladesh",,,2023-05-03,2023-05-04,,star_asia_2023_W21_Market-report-Week-21.pdf,03.05.2023,,EU_DDMMYYYY,04.05.2023,,EU_DDMMYYYY,,,,
2023-05-27,21,Beaching / Arrival,APOLLO PACIFIC,LPG,2189.0,,"Chattogram, Bangladesh",,,2023-04-28,2023-05-05,,star_asia_2023_W21_Market-report-Week-21.pdf,28.04.2023,,EU_DDMMYYYY,05.05.2023,,EU_DDMMYYYY,,,,
2023-05-27,21,Beaching / Arrival,GREEN KARMOY,REEFER,2699.0,,"Chattogram, Bangladesh",,,2023-04-29,2023-05-05,,star_asia_2023_W21_Market-report-Week-21.pdf,29.04.2023,,EU_DDMMYYYY,05.05.2023,,EU_DDMMYYYY,,,,
2023-05-27,21,Beaching / Arrival,CYNTH,TANKER,3349.0,,"Chattogram, Bangladesh",,,2023-05-03,2023-05-06,,star_asia_2023_W21_Market-report-Week-21.pdf,03.05.2023,,EU_DDMMYYYY,06.05.2023,,EU_DDMMYYYY,,,,
2023-05-27,21,Beaching / Arrival,XIANG JIANG 6,BULKER,7290.0,,,,,2023-05-24,,,star_asia_2023_W21_Market-report-Week-21.pdf,24.05.2023,,EU_DDMMYYYY,AWAITING,AWAITING,STATUS,,,,
2023-05-27,21,Beaching / Arrival,WINWIN,REEFER,2075.0,,,,,2023-05-24,,,star_asia_2023_W21_Market-report-Week-21.pdf,24.05.2023,,EU_DDMMYYYY,AWAITING,AWAITING,STATUS,,,,
2023-05-27,21,Beaching / Arrival,KAI HANG 3,CONTAINER,3.905,,,,,2023-05-23,,,star_asia_2023_W21_Market-report-Week-21.pdf,23.05.2023,,EU_DDMMYYYY,AWAITING,AWAITING,STATUS,,,,
2023-05-27,21,Beaching / Arrival,TUBTIM,TANKER,701.0,,,,,2023-05-22,,,star_asia_2023_W21_Market-report-Week-21.pdf,22.05.2023,,EU_DDMMYYYY,AWAITING,AWAITING,STATUS,,,,
2023-05-27,21,Beaching / Arrival,SHANG HANG 68,BULKER,6719.0,,,,,2023-05-19,,,star_asia_2023_W21_Market-report-Week-21.pdf,19.05.2023,,EU_DDMMYYYY,AWAITING,AWAITING,STATUS,,,,
2023-05-27,21,Beaching / Arrival,WESTERN ENDEAVOUR,BULKER,1488.0,,,,,2023-05-18,,,star_asia_2023_W21_Market-report-Week-21.pdf,18.05.2023,,EU_DDMMYYYY,AWAITING,AWAITING,STATUS,,,,
2023-05-27,21,Beaching / Arrival,VASI STAR,CONTAINER,7771.0,,,,,2023-05-17,,,star_asia_2023_W21_Market-report-Week-21.pdf,17.05.2023,,EU_DDMMYYYY,AWAITING,AWAITING,STATUS,,,,
2023-05-27,21,Beaching / Arrival,ATLANTIC RAY,GEN.CARGO,2461.0,,,,,2023-05-19,2023-05-25,,star_asia_2023_W21_Market-report-Week-21.pdf,19.05.2023,,EU_DDMMYYYY,25.05.2023,,EU_DDMMYYYY,,,,
2023-05-27,21,Beaching / Arrival,GREAT WENXIAN,BULKER,7468.0,,,,,2023-05-20,2023-05-24,,star_asia_2023_W21_Market-report-Week-21.pdf,20.05.2023,,EU_DDMMYYYY,24.05.2023,,EU_DDMMYYYY,,,,
2023-05-27,21,Beaching / Arrival,XIN ZHOU SHAN,CONTAINER,3454.0,,,,,2023-05-10,2023-05-19,,star_asia_2023_W21_Market-report-Week-21.pdf,10.05.2023,,EU_DDMMYYYY,19.05.2023,,EU_DDMMYYYY,,,,
2023-05-27,21,Beaching / Arrival,HAI CHANG,BULKER,7585.0,,,,,2023-05-09,2023-05-18,,star_asia_2023_W21_Market-report-Week-21.pdf,09.05.2023,,EU_DDMMYYYY,18.05.2023,,EU_DDMMYYYY,,,,
2023-05-27,21,Beaching / Arrival,THOR,GEN.CARGO,1103.0,,,,,2023-04-26,2023-05-10,,star_asia_2023_W21_Market-report-Week-21.pdf,26.04.2023,,EU_DDMMYYYY,10.05.2023,,EU_DDMMYYYY,,,,
2023-05-27,21,Beaching / Arrival,SIAM OCEAN,WOODCHIP,7996.0,,,,,2023-05-05,2023-05-09,,star_asia_2023_W21_Market-report-Week-21.pdf,05.05.2023,,EU_DDMMYYYY,09.05.2023,,EU_DDMMYYYY,,,,
2023-05-27,21,Beaching / Arrival,OCEAN SMART 1,BULK,10019.0,,,,,2023-05-03,2023-05-08,,star_asia_2023_W21_Market-report-Week-21.pdf,03.05.2023,,EU_DDMMYYYY,08.05.2023,,EU_DDMMYYYY,,,,
2023-05-27,21,Beaching / Arrival,S MARU 3,CEMENT C.,851.0,,,,,2023-04-26,2023-05-08,,star_asia_2023_W21_Market-report-Week-21.pdf,26.04.2023,,EU_DDMMYYYY,08.05.2023,,EU_DDMMYYYY,,,,
2023-05-27,21,Beaching / Arrival,LOGAN,GEN.CARGO,1769.45,,,,,2023-04-30,2023-05-07,,star_asia_2023_W21_Market-report-Week-21.pdf,30.04.2023,,EU_DDMMYYYY,07.05.2023,,EU_DDMMYYYY,,,,
2023-05-27,21,Beaching / Arrival,HONG YANG,GEN.CARGO,11883.8,,,,,2023-04-18,2023-05-06,,star_asia_2023_W21_Market-report-Week-21.pdf,18.04.2023,,EU_DDMMYYYY,06.05.2023,,EU_DDMMYYYY,,,,
2023-05-27,21,Beaching / Arrival,ERA,SUPPLY TUG,2200.0,,"Gaddani, Pakistan",,,2023-05-20,,,star_asia_2023_W21_Market-report-Week-21.pdf,20.05.2023,,EU_DDMMYYYY,AWAITING,AWAITING,STATUS,,,,
2023-06-04,22,Reported Sale,WELLWIN,BULKER,8932.0,575.0,"Chattogram, Bangladesh",1994,JAPAN,,,DELIVERED CHATTOGRAM,star_asia_2023_W22_Market-report-Week-22.pdf,,,,,,,,,,
2023-06-04,22,Reported Sale,ZE RUI 1,BULKER,7836.0,530.0,,1999,JAPAN,,,AS IS ZHOUSHAN / 110 MT BUNKERS ROB INCLUDED IN SALE,star_asia_2023_W22_Market-report-Week-22.pdf,,,,,,,,,,
2023-06-04,22,Reported Sale,BODR,FISHING TRAWLER,925.0,600.0,"Chattogram, Bangladesh",1984,RUSSIA,,,DELIVERED CHATTOGRAM / STAINLESS STEEL CONTENT,star_asia_2023_W22_Market-report-Week-22.pdf,,,,,,,,,,
2023-06-04,22,Reported Sale,CHANG MING 2,BULKER,9483.0,535.0,,1997,JAPAN,,,AS IS HONG KONG / 250 MT BUNKERS ROB INCLUDED IN SALE,star_asia_2023_W22_Market-report-Week-22.pdf,,,,,,,,,,
2023-06-04,22,Reported Sale,GOLDEN SUN,BULKER,6179.0,585.0,"Chattogram, Bangladesh",1996,JAPAN,,,DELIVERED CHATTOGRAM,star_asia_2023_W22_Market-report-Week-22.pdf,,,,,,,,,,
2023-06-04,22,Reported Sale,DAEBOKGASHO,LPG,1112.0,,,1996,JAPAN,,,DELIVERED CHATTOGAM,star_asia_2023_W22_Market-report-Week-22.pdf,,,,,,,,,,
2023-06-04,22,Reported Sale,JIA LIANG 18,GENERAL CARGO,3826.0,560.0,"Chattogram, Bangladesh",2007,CHINA,,,DELIVERED CHATTOGRAM,star_asia_2023_W22_Market-report-Week-22.pdf,,,,,,,,,,
2023-06-04,22,Reported Sale,MAERSK ATLANTIC,CONTAINER,5914.0,480.0,"Alang, India",1999,CHINA,,,AS IS U.A.E. PORT FOR RE-DELIVERY ALANG / MAERSK-APPROVED YARDS,star_asia_2023_W22_Market-report-Week-22.pdf,,,,,,,,,,
2023-06-04,22,Beaching / Arrival,KUMUL ARROW,GENERAL CARGO,10997.0,,"Alang, India",,,2023-05-29,,,star_asia_2023_W22_Market-report-Week-22.pdf,29.05.2023,,EU_DDMMYYYY,AWAITING,AWAITING,STATUS,,,,
2023-06-04,22,Beaching / Arrival,SCANLAY-1,PIPE LAY BARGE,1571.0,,"Alang, India",,,2023-05-29,,,star_asia_2023_W22_Market-report-Week-22.pdf,29.05.2023,,EU_DDMMYYYY,AWAITING,AWAITING,STATUS,,,,
2023-06-04,22,Beaching / Arrival,ENAM,CONTAINER,4751.0,,"Alang, India",,,2023-05-24,,,star_asia_2023_W22_Market-report-Week-22.pdf,24.05.2023,,EU_DDMMYYYY,AWAITING,AWAITING,STATUS,,,,
2023-06-04,22,Beaching / Arrival,MSC LUCIA,CONTAINER,8911.0,,"Alang, India",,,2023-05-27,2023-06-02,,star_asia_2023_W22_Market-report-Week-22.pdf,27.05.2023,,EU_DDMMYYYY,02.06.2023,,EU_DDMMYYYY,,,,
2023-06-04,22,Beaching / Arrival,NOVO 23,FISH FACTORY,3861.0,,"Alang, India",,,2023-05-25,2023-06-02,,star_asia_2023_W22_Market-report-Week-22.pdf,25.05.2023,,EU_DDMMYYYY,02.06.2023,,EU_DDMMYYYY,,,,
2023-06-04,22,Beaching / Arrival,FORTUNE,WOODCHIP,9730.0,,"Chattogram, Bangladesh",,,2023-06-04,,,star_asia_2023_W22_Market-report-Week-22.pdf,04.06.2023,,EU_DDMMYYYY,AWAITING,AWAITING,STATUS,,,,
2023-06-04,22,Beaching / Arrival,BODR,FISH FACTORY,925.0,,"Chattogram, Bangladesh",,,2023-05-31,,,star_asia_2023_W22_Market-report-Week-22.pdf,31.05.2023,,EU_DDMMYYYY,AWAITING,AWAITING,STATUS,,,,
2023-06-04,22,Beaching / Arrival,OCEAN GREAT,BULKER,6311.0,,"Chattogram, Bangladesh",,,2023-05-26,,,star_asia_2023_W22_Market-report-Week-22.pdf,26.05.2023,,EU_DDMMYYYY,AWAITING,AWAITING,STATUS,,,,
2023-06-04,22,Beaching / Arrival,XIANG JIANG 6,BULKER,7290.0,,"Chattogram, Bangladesh",,,2023-05-24,,,star_asia_2023_W22_Market-report-Week-22.pdf,24.05.2023,,EU_DDMMYYYY,AWAITING,AWAITING,STATUS,,,,
2023-06-04,22,Beaching / Arrival,WINWIN,REEFER,2075.0,,"Chattogram, Bangladesh",,,2023-05-24,,,star_asia_2023_W22_Market-report-Week-22.pdf,24.05.2023,,EU_DDMMYYYY,AWAITING,AWAITING,STATUS,,,,
2023-06-04,22,Beaching / Arrival,KAI HANG 3,CONTAINER,3.905,,"Chattogram, Bangladesh",,,2023-05-23,,,star_asia_2023_W22_Market-report-Week-22.pdf,23.05.2023,,EU_DDMMYYYY,AWAITING,AWAITING,STATUS,,,,
2023-06-04,22,Beaching / Arrival,SHANG HANG 68,BULKER,6719.0,,"Chattogram, Bangladesh",,,2023-05-19,,,star_asia_2023_W22_Market-report-Week-22.pdf,19.05.2023,,EU_DDMMYYYY,AWAITING,AWAITING,STATUS,,,,
2023-06-11,23,Reported Sale,MSC NICOLE,CONTAINER,13961.0,521.0,"Alang, India",1989,FRANCE,,,DELIVERED ALANG / HKC RECYCLING / BULKER CONVERTED TO CONTAINER SHIP,star_asia_2023_W23_Market-report-Week-23.pdf,,,,,,,,,,
2023-06-11,23,Reported Sale,JASMINE II,BULKER,9563.0,585.0,"Chattogram, Bangladesh",1997,CHINA,,,"DELIVERED CHATTOGRAM / 150 MT ROB, INCLUDED IN THE SALE",star_asia_2023_W23_Market-report-Week-23.pdf,,,,,,,,,,
2023-06-11,23,Beaching / Arrival,MAERSK ATLANTIC,CONTAINER,5914.0,,"Alang, India",,,2023-06-03,2023-06-08,,star_asia_2023_W23_Market-report-Week-23.pdf,03.06.2023,,EU_DDMMYYYY,08.06.2023,,EU_DDMMYYYY,,,,
2023-06-11,23,Beaching / Arrival,SCANLAY-1,PIPE LAY BARGE,1571.0,,"Alang, India",,,2023-05-29,2023-06-04,,star_asia_2023_W23_Market-report-Week-23.pdf,29.05.2023,,EU_DDMMYYYY,04.06.2023,,EU_DDMMYYYY,,,,
2023-06-11,23,Beaching / Arrival,KUMUL ARROW,GENERAL CARGO,10997.0,,"Alang, India",,,2023-05-29,2023-06-03,,star_asia_2023_W23_Market-report-Week-23.pdf,29.05.2023,,EU_DDMMYYYY,03.06.2023,,EU_DDMMYYYY,,,,
2023-06-11,23,Beaching / Arrival,ENAM,CONTAINER,4751.0,,"Alang, India",,,2023-05-24,2023-06-03,,star_asia_2023_W23_Market-report-Week-23.pdf,24.05.2023,,EU_DDMMYYYY,03.06.2023,,EU_DDMMYYYY,,,,
2023-06-11,23,Beaching / Arrival,MSC LUCIA,CONTAINER,8911.0,,"Alang, India",,,2023-05-27,2023-06-02,,star_asia_2023_W23_Market-report-Week-23.pdf,27.05.2023,,EU_DDMMYYYY,02.06.2023,,EU_DDMMYYYY,,,,
2023-06-11,23,Beaching / Arrival,NOVO 23,FISH FACTORY,3861.0,,"Alang, India",,,2023-05-25,2023-06-02,,star_asia_2023_W23_Market-report-Week-23.pdf,25.05.2023,,EU_DDMMYYYY,02.06.2023,,EU_DDMMYYYY,,,,
2023-06-11,23,Beaching / Arrival,MERATUS MAKASSAR,CONTAINER,5455.0,,"Chattogram, Bangladesh",,,2023-06-08,,,star_asia_2023_W23_Market-report-Week-23.pdf,08.06.2023,,EU_DDMMYYYY,AWAITING,AWAITING,STATUS,,,,
2023-06-11,23,Beaching / Arrival,FORTUNE,WOODCHIP,9730.0,,"Chattogram, Bangladesh",,,2023-06-04,2023-06-07,,star_asia_2023_W23_Market-report-Week-23.pdf,04.06.2023,,EU_DDMMYYYY,07.06.2023,,EU_DDMMYYYY,,,,
2023-06-11,23,Beaching / Arrival,BODR,FISH FACTORY,925.0,,"Chattogram, Bangladesh",,,2023-05-31,2023-06-07,,star_asia_2023_W23_Market-report-Week-23.pdf,31.05.2023,,EU_DDMMYYYY,07.06.2023,,EU_DDMMYYYY,,,,
2023-06-17,24,Reported Sale,SCO QINGDAO,CONTAINER,3770.0,610.0,"Chattogram, Bangladesh",1997,CHINA,,,DELIVERED CHATTOGRAM,star_asia_2023_W24_Market-report-Week-24.pdf,,,,,,,,,,
2023-06-17,24,Reported Sale,MSC KERRY,CONTAINER,15580.0,545.0,"Alang, India",1995,POLAND,,,"DELIVERED ALANG / HKC AND MSC APPROVED YARDS / 1,300 MT ROB INCLUDED IN SALE",star_asia_2023_W24_Market-report-Week-24.pdf,,,,,,,,,,
2023-06-17,24,Reported Sale,JIN YUAN XING 9,BULKER,7576.0,560.0,"Chattogram, Bangladesh",1996,CHINA,,,DELIVERED CHATTOGRAM,star_asia_2023_W24_Market-report-Week-24.pdf,,,,,,,,,,
2023-06-17,24,Reported Sale,SHUN HANG WEI WEI,BULKER,8207.0,505.0,"Chattogram, Bangladesh",1991,JAPAN,,,AS IS GUAGDONG / FOR RE-DELIVERY CHATTOGRAM,star_asia_2023_W24_Market-report-Week-24.pdf,,,,,,,,,,
2023-06-17,24,Beaching / Arrival,DIADEM,CONTAINER,21731.0,,"Chattogram, Bangladesh",,,2023-06-17,,,star_asia_2023_W24_Market-report-Week-24.pdf,17.06.2023,,EU_DDMMYYYY,AWAITING,AWAITING,STATUS,,,,
2023-06-17,24,Beaching / Arrival,MAERSK ATLANTIC,CONTAINER,5914.0,,"Chattogram, Bangladesh",,,2023-06-03,2023-06-08,,star_asia_2023_W24_Market-report-Week-24.pdf,03.06.2023,,EU_DDMMYYYY,08.06.2023,,EU_DDMMYYYY,,,,
2023-06-17,24,Beaching / Arrival,SCANLAY-1,PIPE LAY BARGE,1571.0,,"Chattogram, Bangladesh",,,2023-05-29,2023-06-04,,star_asia_2023_W24_Market-report-Week-24.pdf,29.05.2023,,EU_DDMMYYYY,04.06.2023,,EU_DDMMYYYY,,,,
2023-06-17,24,Beaching / Arrival,KUMUL ARROW,GENERAL CARGO,10997.0,,"Chattogram, Bangladesh",,,2023-05-29,2023-06-03,,star_asia_2023_W24_Market-report-Week-24.pdf,29.05.2023,,EU_DDMMYYYY,03.06.2023,,EU_DDMMYYYY,,,,
2023-06-17,24,Beaching / Arrival,ENAM,CONTAINER,4751.0,,"Chattogram, Bangladesh",,,2023-05-24,2023-06-03,,star_asia_2023_W24_Market-report-Week-24.pdf,24.05.2023,,EU_DDMMYYYY,03.06.2023,,EU_DDMMYYYY,,,,
2023-06-17,24,Beaching / Arrival,MSC LUCIA,CONTAINER,8911.0,,"Chattogram, Bangladesh",,,2023-05-27,2023-06-02,,star_asia_2023_W24_Market-report-Week-24.pdf,27.05.2023,,EU_DDMMYYYY,02.06.2023,,EU_DDMMYYYY,,,,
2023-06-17,24,Beaching / Arrival,NOVO 23,FISH FACTORY,3861.0,,"Chattogram, Bangladesh",,,2023-05-25,2023-06-02,,star_asia_2023_W24_Market-report-Week-24.pdf,25.05.2023,,EU_DDMMYYYY,02.06.2023,,EU_DDMMYYYY,,,,
2023-06-17,24,Beaching / Arrival,HL POWER,BULKER,18239.0,,"Chattogram, Bangladesh",,,2023-06-15,,,star_asia_2023_W24_Market-report-Week-24.pdf,15.06.2023,,EU_DDMMYYYY,AWAITING,AWAITING,STATUS,,,,
2023-06-17,24,Beaching / Arrival,ETERNAL LUCK,BULKER,7527.0,,"Chattogram, Bangladesh",,,2023-06-14,,,star_asia_2023_W24_Market-report-Week-24.pdf,14.06.2023,,EU_DDMMYYYY,AWAITING,AWAITING,STATUS,,,,
2023-06-17,24,Beaching / Arrival,TIAN HE SHUN,BULKER,7349.0,,"Chattogram, Bangladesh",,,2023-06-13,,,star_asia_2023_W24_Market-report-Week-24.pdf,13.06.2023,,EU_DDMMYYYY,AWAITING,AWAITING,STATUS,,,,
2023-06-17,24,Beaching / Arrival,JIN YUAN XING 9,BULKER,7576.0,,"Chattogram, Bangladesh",,,2023-06-12,,,star_asia_2023_W24_Market-report-Week-24.pdf,12.06.2023,,EU_DDMMYYYY,AWAITING,AWAITING,STATUS,,,,
2023-06-25,25,Reported Sale,ENIX,LPG,2528.0,,"Alang, India",1992,JAPAN,,,"DELIVERED ALANG, INDIA",star_asia_2023_W25_4ece41_33c8519fc60a4c8a8e3babad1a8839b4.pdf,,,,,,,,,,
2023-06-25,25,Reported Sale,SW DIAMOND,RESEARCH SURVEY,3028.0,560.0,"Chattogram, Bangladesh",1993,NORWAY,,,"DELIVERED CHATTOGRAM, BANGLADESH",star_asia_2023_W25_4ece41_33c8519fc60a4c8a8e3babad1a8839b4.pdf,,,,,,,,,,
2023-06-25,25,Reported Sale,OCEANIC INSTALLER,DIVING SUPPORT,2899.93,661.0,,1984,NORWAY,,,"AS IS SHARJAH, UAE / HIGH- VALUE MACHINERY",star_asia_2023_W25_4ece41_33c8519fc60a4c8a8e3babad1a8839b4.pdf,,,,,,,,,,
2023-06-25,25,Reported Sale,SEAPEAK POLAR,TANKER,23707.0,637.0,,1993,JAPAN,,,AS IS KHOR FAKKAN (HKC RECYCLING),star_asia_2023_W25_4ece41_33c8519fc60a4c8a8e3babad1a8839b4.pdf,,,,,,,,,,
2023-06-25,25,Beaching / Arrival,MSC NICOLE,CONTAINER,14305.0,,"Chattogram, Bangladesh",,,2023-06-23,,,star_asia_2023_W25_4ece41_33c8519fc60a4c8a8e3babad1a8839b4.pdf,23.06.2023,,EU_DDMMYYYY,AWAITING,AWAITING,STATUS,,,,
2023-06-25,25,Beaching / Arrival,MSC KERRY,CONTAINER,15580.0,,"Chattogram, Bangladesh",,,2023-06-17,2023-06-21,,star_asia_2023_W25_4ece41_33c8519fc60a4c8a8e3babad1a8839b4.pdf,17.06.2023,,EU_DDMMYYYY,21.06.2023,,EU_DDMMYYYY,,,,
2023-06-25,25,Beaching / Arrival,ENIX,LPG,2529.0,,"Chattogram, Bangladesh",,,2023-06-18,2023-06-20,,star_asia_2023_W25_4ece41_33c8519fc60a4c8a8e3babad1a8839b4.pdf,18.06.2023,,EU_DDMMYYYY,20.06.2023,,EU_DDMMYYYY,,,,
2023-06-25,25,Beaching / Arrival,DIADEM,CONTAINER,21731.0,,"Chattogram, Bangladesh",,,2023-06-17,2023-06-20,,star_asia_2023_W25_4ece41_33c8519fc60a4c8a8e3babad1a8839b4.pdf,17.06.2023,,EU_DDMMYYYY,20.06.2023,,EU_DDMMYYYY,,,,
2023-06-25,25,Beaching / Arrival,MAERSK ATLANTIC,CONTAINER,5914.0,,"Chattogram, Bangladesh",,,2023-06-03,2023-06-08,,star_asia_2023_W25_4ece41_33c8519fc60a4c8a8e3babad1a8839b4.pdf,03.06.2023,,EU_DDMMYYYY,08.06.2023,,EU_DDMMYYYY,,,,
2023-06-25,25,Beaching / Arrival,SCANLAY-1,PIPE LAY BARGE,1571.0,,"Chattogram, Bangladesh",,,2023-05-29,2023-06-04,,star_asia_2023_W25_4ece41_33c8519fc60a4c8a8e3babad1a8839b4.pdf,29.05.2023,,EU_DDMMYYYY,04.06.2023,,EU_DDMMYYYY,,,,
2023-06-25,25,Beaching / Arrival,KUMUL ARROW,GENERAL CARGO,10997.0,,"Chattogram, Bangladesh",,,2023-05-29,2023-06-03,,star_asia_2023_W25_4ece41_33c8519fc60a4c8a8e3babad1a8839b4.pdf,29.05.2023,,EU_DDMMYYYY,03.06.2023,,EU_DDMMYYYY,,,,
2023-06-25,25,Beaching / Arrival,ENAM,CONTAINER,4751.0,,"Chattogram, Bangladesh",,,2023-05-24,2023-06-03,,star_asia_2023_W25_4ece41_33c8519fc60a4c8a8e3babad1a8839b4.pdf,24.05.2023,,EU_DDMMYYYY,03.06.2023,,EU_DDMMYYYY,,,,
2023-06-25,25,Beaching / Arrival,MSC LUCIA,CONTAINER,8911.0,,"Chattogram, Bangladesh",,,2023-05-27,2023-06-02,,star_asia_2023_W25_4ece41_33c8519fc60a4c8a8e3babad1a8839b4.pdf,27.05.2023,,EU_DDMMYYYY,02.06.2023,,EU_DDMMYYYY,,,,
2023-06-25,25,Beaching / Arrival,NOVO 23,FISH FACTORY,3861.0,,"Chattogram, Bangladesh",,,2023-05-25,2023-06-02,,star_asia_2023_W25_4ece41_33c8519fc60a4c8a8e3babad1a8839b4.pdf,25.05.2023,,EU_DDMMYYYY,02.06.2023,,EU_DDMMYYYY,,,,
2023-06-25,25,Beaching / Arrival,HONG HAO,BULKER,11856.0,,"Gaddani, Pakistan",,,2023-06-20,,,star_asia_2023_W25_4ece41_33c8519fc60a4c8a8e3babad1a8839b4.pdf,20.06.2023,,EU_DDMMYYYY,AWAITING,AWAITING,STATUS,,,,
2023-06-25,25,Beaching / Arrival,DAEBOKGASHO,LPG,1108.0,,"Gaddani, Pakistan",,,2023-06-20,,,star_asia_2023_W25_4ece41_33c8519fc60a4c8a8e3babad1a8839b4.pdf,20.06.2023,,EU_DDMMYYYY,AWAITING,AWAITING,STATUS,,,,
2023-06-25,25,Beaching / Arrival,ETERNAL LUCK,BULKER,7527.0,,"Gaddani, Pakistan",,,2023-06-14,2023-06-20,,star_asia_2023_W25_4ece41_33c8519fc60a4c8a8e3babad1a8839b4.pdf,14.06.2023,,EU_DDMMYYYY,20.06.2023,,EU_DDMMYYYY,,,,
2023-06-25,25,Beaching / Arrival,HL POWER,BULKER,18239.0,,"Gaddani, Pakistan",,,2023-06-15,2023-06-19,,star_asia_2023_W25_4ece41_33c8519fc60a4c8a8e3babad1a8839b4.pdf,15.06.2023,,EU_DDMMYYYY,19.06.2023,,EU_DDMMYYYY,,,,
2023-06-25,25,Beaching / Arrival,TIAN HE SHUN,BULKER,7349.0,,"Gaddani, Pakistan",,,2023-06-13,2023-06-19,,star_asia_2023_W25_4ece41_33c8519fc60a4c8a8e3babad1a8839b4.pdf,13.06.2023,,EU_DDMMYYYY,19.06.2023,,EU_DDMMYYYY,,,,
2023-06-25,25,Beaching / Arrival,JIN YUAN XING 9,BULKER,7576.0,,"Gaddani, Pakistan",,,2023-06-12,2023-06-19,,star_asia_2023_W25_4ece41_33c8519fc60a4c8a8e3babad1a8839b4.pdf,12.06.2023,,EU_DDMMYYYY,19.06.2023,,EU_DDMMYYYY,,,,
2023-06-25,25,Beaching / Arrival,GOLDEN SUN,BULKER,6095.0,,"Gaddani, Pakistan",,,2023-06-09,2023-06-17,,star_asia_2023_W25_4ece41_33c8519fc60a4c8a8e3babad1a8839b4.pdf,09.06.2023,,EU_DDMMYYYY,17.06.2023,,EU_DDMMYYYY,,,,
2023-06-25,25,Beaching / Arrival,MERATUS MAKASSAR,CONTAINER,5455.0,,"Gaddani, Pakistan",,,2023-06-08,2023-06-15,,star_asia_2023_W25_4ece41_33c8519fc60a4c8a8e3babad1a8839b4.pdf,08.06.2023,,EU_DDMMYYYY,15.06.2023,,EU_DDMMYYYY,,,,
2023-06-25,25,Beaching / Arrival,FORTUNE,WOODCHIP,9730.0,,"Gaddani, Pakistan",,,2023-06-04,2023-06-07,,star_asia_2023_W25_4ece41_33c8519fc60a4c8a8e3babad1a8839b4.pdf,04.06.2023,,EU_DDMMYYYY,07.06.2023,,EU_DDMMYYYY,,,,
2023-06-25,25,Beaching / Arrival,BODR,FISH FACTORY,925.0,,"Gaddani, Pakistan",,,2023-05-31,2023-06-07,,star_asia_2023_W25_4ece41_33c8519fc60a4c8a8e3babad1a8839b4.pdf,31.05.2023,,EU_DDMMYYYY,07.06.2023,,EU_DDMMYYYY,,,,
2023-06-25,25,Beaching / Arrival,SHANG HANG 68,BULKER,6719.0,,"Gaddani, Pakistan",,,2023-05-19,2023-06-07,,star_asia_2023_W25_4ece41_33c8519fc60a4c8a8e3babad1a8839b4.pdf,19.05.2023,,EU_DDMMYYYY,07.06.2023,,EU_DDMMYYYY,,,,
2023-06-25,25,Beaching / Arrival,WINWIN,REEFER,2075.0,,"Gaddani, Pakistan",,,2023-05-24,2023-06-06,,star_asia_2023_W25_4ece41_33c8519fc60a4c8a8e3babad1a8839b4.pdf,24.05.2023,,EU_DDMMYYYY,06.06.2023,,EU_DDMMYYYY,,,,
2023-06-25,25,Beaching / Arrival,KAI HANG 3,CONTAINER,3.905,,"Gaddani, Pakistan",,,2023-05-23,2023-06-04,,star_asia_2023_W25_4ece41_33c8519fc60a4c8a8e3babad1a8839b4.pdf,23.05.2023,,EU_DDMMYYYY,04.06.2023,,EU_DDMMYYYY,,,,
2023-06-25,25,Beaching / Arrival,XIANG JIANG 6,BULKER,7290.0,,"Gaddani, Pakistan",,,2023-05-24,2023-06-04,,star_asia_2023_W25_4ece41_33c8519fc60a4c8a8e3babad1a8839b4.pdf,24.05.2023,,EU_DDMMYYYY,04.06.2023,,EU_DDMMYYYY,,,,
2023-06-25,25,Beaching / Arrival,OCEAN GREAT,BULKER,6311.0,,"Gaddani, Pakistan",,,2023-05-26,2023-06-03,,star_asia_2023_W25_4ece41_33c8519fc60a4c8a8e3babad1a8839b4.pdf,26.05.2023,,EU_DDMMYYYY,03.06.2023,,EU_DDMMYYYY,,,,
2023-07-02,26,Reported Sale,DONG FANG HE SHENG,BULKER,11000.0,490.0,"Chattogram, Bangladesh",1995,YUGOSLAVIA,,,"AS IS ZHOUSHAN, CHINA / RE-DELIVERY CHATTOGRAM",star_asia_2023_W26_4ece41_51094a74a75c4066af13185269bb7d71.pdf,,,,,,,,,,
2023-07-02,26,Reported Sale,LAUREN OCEAN,BULKER,8400.0,565.0,"Chattogram, Bangladesh",1996,CROATIA,,,DELIVERED CHATTOGRAM / FORWARD DELIVERY AUGUST,star_asia_2023_W26_4ece41_51094a74a75c4066af13185269bb7d71.pdf,,,,,,,,,,
2023-07-02,26,Reported Sale,MSC FEDERICA,CONTAINER,23740.0,515.0,"Alang, India",1990,DENMARK,,,DELIVERED ALANG / HKC AND MSC-APPROVED YARDS,star_asia_2023_W26_4ece41_51094a74a75c4066af13185269bb7d71.pdf,,,,,,,,,,
2023-07-02,26,Reported Sale,JI YOU,BULKER,7548.0,500.0,,1994,JAPAN,,,"AS IS ZHOUSHAN, CHINA",star_asia_2023_W26_4ece41_51094a74a75c4066af13185269bb7d71.pdf,,,,,,,,,,
2023-07-02,26,Reported Sale,SHUN FENG 9,BULKER,10356.0,510.0,,1994,JAPAN,,,"AS IS ZHOUSHAN, CHINA",star_asia_2023_W26_4ece41_51094a74a75c4066af13185269bb7d71.pdf,,,,,,,,,,
2023-07-02,26,Beaching / Arrival,MSC NICOLE,CONTAINER,14305.0,,"Chattogram, Bangladesh",,,2023-06-23,,,star_asia_2023_W26_4ece41_51094a74a75c4066af13185269bb7d71.pdf,23.06.2023,,EU_DDMMYYYY,AWAITING,AWAITING,STATUS,,,,
2023-07-02,26,Beaching / Arrival,MSC FEDERICA,CONTAINER,23740.0,,"Chattogram, Bangladesh",,,2023-07-01,,,star_asia_2023_W26_4ece41_51094a74a75c4066af13185269bb7d71.pdf,01.07.2023,,EU_DDMMYYYY,AWAITING,AWAITING,STATUS,,,,
2023-07-02,26,Beaching / Arrival,SCO QINGDAO,CONTAINER,3771.0,,"Gaddani, Pakistan",,,2023-06-30,,,star_asia_2023_W26_4ece41_51094a74a75c4066af13185269bb7d71.pdf,30.06.2023,,EU_DDMMYYYY,AWAITING,AWAITING,STATUS,,,,
2023-07-02,26,Beaching / Arrival,DPL AYUR,GC,1020.0,,"Gaddani, Pakistan",,,2023-06-29,,,star_asia_2023_W26_4ece41_51094a74a75c4066af13185269bb7d71.pdf,29.06.2023,,EU_DDMMYYYY,AWAITING,AWAITING,STATUS,,,,
2023-07-02,26,Beaching / Arrival,CHIAN JIN,REEFER,1416.0,,"Gaddani, Pakistan",,,2023-06-27,,,star_asia_2023_W26_4ece41_51094a74a75c4066af13185269bb7d71.pdf,27.06.2023,,EU_DDMMYYYY,AWAITING,AWAITING,STATUS,,,,
2023-07-02,26,Beaching / Arrival,JASMINE II,BULK CARRIER,9563.0,,"Gaddani, Pakistan",,,2023-06-27,,,star_asia_2023_W26_4ece41_51094a74a75c4066af13185269bb7d71.pdf,27.06.2023,,EU_DDMMYYYY,AWAITING,AWAITING,STATUS,,,,
2023-07-02,26,Beaching / Arrival,HONG HAO,BULKER,11856.0,,"Gaddani, Pakistan",,,2023-06-20,,,star_asia_2023_W26_4ece41_51094a74a75c4066af13185269bb7d71.pdf,20.06.2023,,EU_DDMMYYYY,AWAITING,AWAITING,STATUS,,,,
2023-07-16,28,Reported Sale,ASIAN BULK,BULKER,9257.0,,"Alang, India",1996,JAPAN,,,DELIVERED ALANG,star_asia_2023_W28_4ece41_4383dacc937d45669e4a43b143d73c1f.pdf,,,,,,,,,,
2023-07-16,28,Reported Sale,HENG YANG,CHEM. TANKER,3574.0,930.0,,1994,BELGIUM,,,"AS IS BATAM, INDONESIA, SOLID SUS 316 L CONTENTS",star_asia_2023_W28_4ece41_4383dacc937d45669e4a43b143d73c1f.pdf,,,,,,,,,,
2023-07-16,28,Reported Sale,KOKURYU MARU,RORO,2754.0,325.0,,1992,JAPAN,,,AS IS JAPANESE PORTS,star_asia_2023_W28_4ece41_4383dacc937d45669e4a43b143d73c1f.pdf,,,,,,,,,,
2023-07-16,28,Reported Sale,PU HUI 2,GEN.CARGO,3286.0,530.0,"Chattogram, Bangladesh",2006,CHINA,,,DELIVERED CHATTOGRAM,star_asia_2023_W28_4ece41_4383dacc937d45669e4a43b143d73c1f.pdf,,,,,,,,,,
2023-07-16,28,Reported Sale,XIANG HE,GC,9016.0,518.0,"Chattogram, Bangladesh",1994,JAPAN,,,AS IS SINGAPORE (RESALE TO CHATTOGRAM),star_asia_2023_W28_4ece41_4383dacc937d45669e4a43b143d73c1f.pdf,,,,,,,,,,
2023-07-16,28,Reported Sale,HAVEN GUARDER,BULKER,6079.0,554.0,"Chattogram, Bangladesh",1995,JAPAN,,,"DELIVERED CHATTOGRAM, BANGLADESH",star_asia_2023_W28_4ece41_4383dacc937d45669e4a43b143d73c1f.pdf,,,,,,,,,,
2023-07-16,28,Reported Sale,BUSAN GAS,LPG,1130.35,595.0,"Chattogram, Bangladesh",1989,JAPAN,,,"DELIVERED CHATTOGRAM, BANGLADESH",star_asia_2023_W28_4ece41_4383dacc937d45669e4a43b143d73c1f.pdf,,,,,,,,,,
2023-07-16,28,Reported Sale,GOLAR SPIRIT,LNG,34228.0,425.0,"Aliaga, Turkey",1981,JAPAN,,,"AS IS PIRAEUS, GREECE FOR RESALE TO TURKEY YARDS",star_asia_2023_W28_4ece41_4383dacc937d45669e4a43b143d73c1f.pdf,,,,,,,,,,
2023-07-16,28,Reported Sale,PETROBRAS 32,FPSO,30274.0,,,1974,JAPAN,,,"AS IS MARLIM FIELD, BRAZIL, FOR RECYCLING WITHIN BRAZIL",star_asia_2023_W28_4ece41_4383dacc937d45669e4a43b143d73c1f.pdf,,,,,,,,,,
2023-07-16,28,Beaching / Arrival,LARA,LNG,23707.0,,"Chattogram, Bangladesh",,,2023-07-07,,,star_asia_2023_W28_4ece41_4383dacc937d45669e4a43b143d73c1f.pdf,07.07.2023,,EU_DDMMYYYY,AWAITING,AWAITING,STATUS,,,,
2023-07-16,28,Beaching / Arrival,MSC FEDERICA,CONTAINER,23740.0,,"Chattogram, Bangladesh",,,2023-07-01,2023-07-06,,star_asia_2023_W28_4ece41_4383dacc937d45669e4a43b143d73c1f.pdf,01.07.2023,,EU_DDMMYYYY,06.07.2023,,EU_DDMMYYYY,,,,
2023-07-16,28,Beaching / Arrival,MSC NICOLE,CONTAINER,14305.0,,"Chattogram, Bangladesh",,,2023-06-23,2023-07-02,,star_asia_2023_W28_4ece41_4383dacc937d45669e4a43b143d73c1f.pdf,23.06.2023,,EU_DDMMYYYY,02.07.2023,,EU_DDMMYYYY,,,,
2023-07-16,28,Beaching / Arrival,PU HUI 2,GEN. CARGO,3286.0,,"Gaddani, Pakistan",,,2023-07-13,,,star_asia_2023_W28_4ece41_4383dacc937d45669e4a43b143d73c1f.pdf,13.07.2023,,EU_DDMMYYYY,AWAITING,AWAITING,STATUS,,,,
2023-07-16,28,Beaching / Arrival,RUI,BULK,7607.0,,"Gaddani, Pakistan",,,2023-07-13,,,star_asia_2023_W28_4ece41_4383dacc937d45669e4a43b143d73c1f.pdf,13.07.2023,,EU_DDMMYYYY,AWAITING,AWAITING,STATUS,,,,
2023-07-16,28,Beaching / Arrival,HONG HAO,GEN.CARGO,11856.0,,"Gaddani, Pakistan",,,2023-06-20,,,star_asia_2023_W28_4ece41_4383dacc937d45669e4a43b143d73c1f.pdf,20.06.2023,,EU_DDMMYYYY,AWAITING,AWAITING,STATUS,,,,
2023-07-16,28,Beaching / Arrival,HUA DONG 27,GEN. CARGO,3520.0,,"Gaddani, Pakistan",,,2023-07-06,2023-07-12,,star_asia_2023_W28_4ece41_4383dacc937d45669e4a43b143d73c1f.pdf,06.07.2023,,EU_DDMMYYYY,12.07.2023,,EU_DDMMYYYY,,,,
2023-07-16,28,Beaching / Arrival,HAO 3,GEN.CARGO,4767.0,,"Gaddani, Pakistan",,,2023-07-02,2023-07-08,,star_asia_2023_W28_4ece41_4383dacc937d45669e4a43b143d73c1f.pdf,02.07.2023,,EU_DDMMYYYY,08.07.2023,,EU_DDMMYYYY,,,,
2023-07-16,28,Beaching / Arrival,CHIAN JIN,REEFER,1416.0,,"Gaddani, Pakistan",,,2023-06-27,2023-07-09,,star_asia_2023_W28_4ece41_4383dacc937d45669e4a43b143d73c1f.pdf,27.06.2023,,EU_DDMMYYYY,09.07.2023,,EU_DDMMYYYY,,,,
2023-07-16,28,Beaching / Arrival,SCO QINGDAO,CONTAINER,3771.0,,"Gaddani, Pakistan",,,2023-06-30,2023-07-07,,star_asia_2023_W28_4ece41_4383dacc937d45669e4a43b143d73c1f.pdf,30.06.2023,,EU_DDMMYYYY,07.07.2023,,EU_DDMMYYYY,,,,
2023-07-16,28,Beaching / Arrival,DPL AYUR,GEN.CARGO,1020.0,,"Gaddani, Pakistan",,,2023-06-29,2023-07-07,,star_asia_2023_W28_4ece41_4383dacc937d45669e4a43b143d73c1f.pdf,29.06.2023,,EU_DDMMYYYY,07.07.2023,,EU_DDMMYYYY,,,,
2023-07-16,28,Beaching / Arrival,JASMINE II,BULKER,9563.0,,"Gaddani, Pakistan",,,2023-06-27,2023-07-06,,star_asia_2023_W28_4ece41_4383dacc937d45669e4a43b143d73c1f.pdf,27.06.2023,,EU_DDMMYYYY,06.07.2023,,EU_DDMMYYYY,,,,
2023-07-23,29,Reported Sale,OCEANIC INSTALLER,DSV,2899.0,560.0,,1984,NORWAY,,,"AS IS SHARJAH, U.A.E. / PREVIOUS DEAL AT USD661/TON FAILED AND RESOLD AGAIN USD100/TON LESS",star_asia_2023_W29_Market-report-Week-29.pdf,,,,,,,,,,
2023-07-23,29,Reported Sale,ZHENG HAO,BULKER,10613.0,495.0,,1997,S.KOREA,,,"AS IS XIAMEN, CHINA",star_asia_2023_W29_Market-report-Week-29.pdf,,,,,,,,,,
2023-07-23,29,Reported Sale,ZHENG JIE,BULKER,10613.0,495.0,,1997,S.KOREA,,,"AS IS XIAMEN, CHINA",star_asia_2023_W29_Market-report-Week-29.pdf,,,,,,,,,,
2023-07-23,29,Beaching / Arrival,YOUNG,FISHING,556.0,,"Chattogram, Bangladesh",,,2023-07-16,2023-07-20,,star_asia_2023_W29_Market-report-Week-29.pdf,16.07.2023,,EU_DDMMYYYY,20.07.2023,,EU_DDMMYYYY,,,,
2023-07-23,29,Beaching / Arrival,ASIAN BULK,BULKER,9257.0,,"Chattogram, Bangladesh",,,2023-07-15,2023-07-19,,star_asia_2023_W29_Market-report-Week-29.pdf,15.07.2023,,EU_DDMMYYYY,19.07.2023,,EU_DDMMYYYY,,,,
2023-07-23,29,Beaching / Arrival,NERU,REEFER,1885.0,,"Chattogram, Bangladesh",,,2023-07-14,2023-07-18,,star_asia_2023_W29_Market-report-Week-29.pdf,14.07.2023,,EU_DDMMYYYY,18.07.2023,,EU_DDMMYYYY,,,,
2023-07-23,29,Beaching / Arrival,ORA,FISHING,872.0,,"Chattogram, Bangladesh",,,2023-07-10,2023-07-14,,star_asia_2023_W29_Market-report-Week-29.pdf,10.07.2023,,EU_DDMMYYYY,14.07.2023,,EU_DDMMYYYY,,,,
2023-07-23,29,Beaching / Arrival,LARA,LNG,23707.0,,"Chattogram, Bangladesh",,,2023-07-07,2023-07-08,,star_asia_2023_W29_Market-report-Week-29.pdf,07.07.2023,,EU_DDMMYYYY,08.07.2023,,EU_DDMMYYYY,,,,
2023-07-23,29,Beaching / Arrival,MSC FEDERICA,CONTAINER,23740.0,,"Chattogram, Bangladesh",,,2023-07-01,2023-07-06,,star_asia_2023_W29_Market-report-Week-29.pdf,01.07.2023,,EU_DDMMYYYY,06.07.2023,,EU_DDMMYYYY,,,,
2023-07-23,29,Beaching / Arrival,MSC NICOLE,CONTAINER,14305.0,,"Chattogram, Bangladesh",,,2023-06-23,2023-07-02,,star_asia_2023_W29_Market-report-Week-29.pdf,23.06.2023,,EU_DDMMYYYY,02.07.2023,,EU_DDMMYYYY,,,,
2023-07-23,29,Beaching / Arrival,VICTORY,REEFER,3045.0,,"Chattogram, Bangladesh",,,2023-07-20,,,star_asia_2023_W29_Market-report-Week-29.pdf,20.07.2023,,EU_DDMMYYYY,AWAITING,AWAITING,STATUS,,,,
2023-07-23,29,Beaching / Arrival,JIA LIANG 18,BULKER,3621.0,,"Chattogram, Bangladesh",,,2023-07-18,,,star_asia_2023_W29_Market-report-Week-29.pdf,18.07.2023,,EU_DDMMYYYY,AWAITING,AWAITING,STATUS,,,,
2023-07-23,29,Beaching / Arrival,SHUN DA YUN,GEN.CARGO,4587.0,,"Chattogram, Bangladesh",,,2023-07-15,,,star_asia_2023_W29_Market-report-Week-29.pdf,15.07.2023,,EU_DDMMYYYY,AWAITING,AWAITING,STATUS,,,,
2023-07-23,29,Beaching / Arrival,WELL WIN,BULKER,8939.0,,"Chattogram, Bangladesh",,,2023-07-11,,,star_asia_2023_W29_Market-report-Week-29.pdf,11.07.2023,,EU_DDMMYYYY,AWAITING,AWAITING,STATUS,,,,
2023-07-23,29,Beaching / Arrival,RUI,BULK,7607.0,,"Chattogram, Bangladesh",,,2023-07-13,2023-07-20,,star_asia_2023_W29_Market-report-Week-29.pdf,13.07.2023,,EU_DDMMYYYY,20.07.2023,,EU_DDMMYYYY,,,,
2023-07-23,29,Beaching / Arrival,SHANDONG EXPRESS,WOODCHIP,8658.0,,"Chattogram, Bangladesh",,,2023-07-14,2023-07-20,,star_asia_2023_W29_Market-report-Week-29.pdf,14.07.2023,,EU_DDMMYYYY,20.07.2023,,EU_DDMMYYYY,,,,
2023-07-23,29,Beaching / Arrival,PU HUI 2,GEN. CARGO,3286.0,,"Chattogram, Bangladesh",,,2023-07-13,2023-07-19,,star_asia_2023_W29_Market-report-Week-29.pdf,13.07.2023,,EU_DDMMYYYY,19.07.2023,,EU_DDMMYYYY,,,,
2023-07-23,29,Beaching / Arrival,HONG HAO,GEN.CARGO,11856.0,,"Chattogram, Bangladesh",,,2023-06-20,2023-07-18,,star_asia_2023_W29_Market-report-Week-29.pdf,20.06.2023,,EU_DDMMYYYY,18.07.2023,,EU_DDMMYYYY,,,,
2023-07-23,29,Beaching / Arrival,MARCHIE 8,GEN.CARGO,1593.0,,"Chattogram, Bangladesh",,,2023-07-10,2023-07-17,,star_asia_2023_W29_Market-report-Week-29.pdf,10.07.2023,,EU_DDMMYYYY,17.07.2023,,EU_DDMMYYYY,,,,
2023-07-23,29,Beaching / Arrival,HUA DONG 27,GEN. CARGO,3520.0,,"Chattogram, Bangladesh",,,2023-07-06,2023-07-12,,star_asia_2023_W29_Market-report-Week-29.pdf,06.07.2023,,EU_DDMMYYYY,12.07.2023,,EU_DDMMYYYY,,,,
2023-07-30,30,Reported Sale,SINOKOR TIANJIN,CONTAINER,4672.0,622.0,"Chattogram, Bangladesh",1998,CHINA,,,DELIVERED CHATTOGRAM / WITH ABT. 240 MT BUNKER INCLUDED IN THE SALE PRICE,star_asia_2023_W30_Market-report-Week-30.pdf,,,,,,,,,,
2023-07-30,30,Reported Sale,TAI MA,RORO,2834.0,,"Chattogram, Bangladesh",1985,JAPAN,,,"AS IS KEELUNG, TAIWAN / FOR REDELVIERY CHATTOGRAM",star_asia_2023_W30_Market-report-Week-30.pdf,,,,,,,,,,
2023-07-30,30,Reported Sale,GREEN EXPLORER,REEFER,2397.0,,"Alang, India",1991,NETHERLANDS,,,DELIVERED ALANG / HKC RECYCLING,star_asia_2023_W30_Market-report-Week-30.pdf,,,,,,,,,,
2023-07-30,30,Reported Sale,HUA CHEN 166,TANKER,1574.0,535.0,"Chattogram, Bangladesh",2000,CHINA,,,DELIVERED CHATTOGRAM,star_asia_2023_W30_Market-report-Week-30.pdf,,,,,,,,,,
2023-07-30,30,Beaching / Arrival,GREEN EXPLORER,REEFER,2397.0,,"Chattogram, Bangladesh",,,2023-07-23,2023-07-28,,star_asia_2023_W30_Market-report-Week-30.pdf,23.07.2023,,EU_DDMMYYYY,28.07.2023,,EU_DDMMYYYY,,,,
2023-07-30,30,Beaching / Arrival,YOUNG,FISHING,556.0,,"Chattogram, Bangladesh",,,2023-07-16,2023-07-20,,star_asia_2023_W30_Market-report-Week-30.pdf,16.07.2023,,EU_DDMMYYYY,20.07.2023,,EU_DDMMYYYY,,,,
2023-07-30,30,Beaching / Arrival,ASIAN BULK,BULKER,9257.0,,"Chattogram, Bangladesh",,,2023-07-15,2023-07-19,,star_asia_2023_W30_Market-report-Week-30.pdf,15.07.2023,,EU_DDMMYYYY,19.07.2023,,EU_DDMMYYYY,,,,
2023-07-30,30,Beaching / Arrival,NERU,REEFER,1885.0,,"Chattogram, Bangladesh",,,2023-07-14,2023-07-18,,star_asia_2023_W30_Market-report-Week-30.pdf,14.07.2023,,EU_DDMMYYYY,18.07.2023,,EU_DDMMYYYY,,,,
2023-07-30,30,Beaching / Arrival,ORA,FISHING,872.0,,"Chattogram, Bangladesh",,,2023-07-10,2023-07-14,,star_asia_2023_W30_Market-report-Week-30.pdf,10.07.2023,,EU_DDMMYYYY,14.07.2023,,EU_DDMMYYYY,,,,
2023-07-30,30,Beaching / Arrival,LARA,LNG,23707.0,,"Chattogram, Bangladesh",,,2023-07-07,2023-07-08,,star_asia_2023_W30_Market-report-Week-30.pdf,07.07.2023,,EU_DDMMYYYY,08.07.2023,,EU_DDMMYYYY,,,,
2023-07-30,30,Beaching / Arrival,MSC FEDERICA,CONTAINER,23740.0,,"Chattogram, Bangladesh",,,2023-07-01,2023-07-06,,star_asia_2023_W30_Market-report-Week-30.pdf,01.07.2023,,EU_DDMMYYYY,06.07.2023,,EU_DDMMYYYY,,,,
2023-07-30,30,Beaching / Arrival,MSC NICOLE,CONTAINER,14305.0,,"Chattogram, Bangladesh",,,2023-06-23,2023-07-02,,star_asia_2023_W30_Market-report-Week-30.pdf,23.06.2023,,EU_DDMMYYYY,02.07.2023,,EU_DDMMYYYY,,,,
2023-07-30,30,Beaching / Arrival,BEAUTY,BULKER,9502.0,,"Chattogram, Bangladesh",,,2023-07-27,,,star_asia_2023_W30_Market-report-Week-30.pdf,27.07.2023,,EU_DDMMYYYY,AWAITING,AWAITING,STATUS,,,,
2023-07-30,30,Beaching / Arrival,SANTA,FISHING,803.0,,"Chattogram, Bangladesh",,,,,,star_asia_2023_W30_Market-report-Week-30.pdf,26.07.203,,UNPARSED,AWAITING,AWAITING,STATUS,,,,
2023-07-30,30,Beaching / Arrival,XIN HAI ZHOU 7,BULKER,6496.0,,"Chattogram, Bangladesh",,,2023-07-21,,,star_asia_2023_W30_Market-report-Week-30.pdf,21.07.2023,,EU_DDMMYYYY,AWAITING,AWAITING,STATUS,,,,
2023-07-30,30,Beaching / Arrival,FU SHENG,BULKER,10780.0,,"Chattogram, Bangladesh",,,2023-07-21,,,star_asia_2023_W30_Market-report-Week-30.pdf,21.07.2023,,EU_DDMMYYYY,AWAITING,AWAITING,STATUS,,,,
2023-07-30,30,Beaching / Arrival,WELL WIN,BULKER,8939.0,,"Chattogram, Bangladesh",,,2023-07-11,,,star_asia_2023_W30_Market-report-Week-30.pdf,11.07.2023,,EU_DDMMYYYY,AWAITING,AWAITING,STATUS,,,,
2023-07-30,30,Beaching / Arrival,VICTORY,REEFER,3045.0,,"Chattogram, Bangladesh",,,2023-07-20,2023-07-24,,star_asia_2023_W30_Market-report-Week-30.pdf,20.07.2023,,EU_DDMMYYYY,24.07.2023,,EU_DDMMYYYY,,,,
2023-07-30,30,Beaching / Arrival,JIA LIANG 18,BULKER,3621.0,,"Chattogram, Bangladesh",,,2023-07-18,2023-07-21,,star_asia_2023_W30_Market-report-Week-30.pdf,18.07.2023,,EU_DDMMYYYY,21.07.2023,,EU_DDMMYYYY,,,,
2023-07-30,30,Beaching / Arrival,SHUN DA YUN,GEN.CARGO,4587.0,,"Chattogram, Bangladesh",,,2023-07-15,2023-07-21,,star_asia_2023_W30_Market-report-Week-30.pdf,15.07.2023,,EU_DDMMYYYY,21.07.2023,,EU_DDMMYYYY,,,,
2023-07-30,30,Beaching / Arrival,RUI,BULK,7607.0,,"Chattogram, Bangladesh",,,2023-07-13,2023-07-20,,star_asia_2023_W30_Market-report-Week-30.pdf,13.07.2023,,EU_DDMMYYYY,20.07.2023,,EU_DDMMYYYY,,,,
2023-07-30,30,Beaching / Arrival,SHANDONG EXPRESS,WOODCHIP,8658.0,,"Chattogram, Bangladesh",,,2023-07-14,2023-07-20,,star_asia_2023_W30_Market-report-Week-30.pdf,14.07.2023,,EU_DDMMYYYY,20.07.2023,,EU_DDMMYYYY,,,,
2023-07-30,30,Beaching / Arrival,PU HUI 2,GEN. CARGO,3286.0,,"Chattogram, Bangladesh",,,2023-07-13,2023-07-19,,star_asia_2023_W30_Market-report-Week-30.pdf,13.07.2023,,EU_DDMMYYYY,19.07.2023,,EU_DDMMYYYY,,,,
2023-07-30,30,Beaching / Arrival,HONG HAO,GEN.CARGO,11856.0,,"Chattogram, Bangladesh",,,2023-06-20,2023-07-18,,star_asia_2023_W30_Market-report-Week-30.pdf,20.06.2023,,EU_DDMMYYYY,18.07.2023,,EU_DDMMYYYY,,,,
2023-07-30,30,Beaching / Arrival,MARCHIE 8,GEN.CARGO,1593.0,,"Chattogram, Bangladesh",,,2023-07-10,2023-07-17,,star_asia_2023_W30_Market-report-Week-30.pdf,10.07.2023,,EU_DDMMYYYY,17.07.2023,,EU_DDMMYYYY,,,,
2023-07-30,30,Beaching / Arrival,HUA DONG 27,GEN. CARGO,3520.0,,"Chattogram, Bangladesh",,,2023-07-06,2023-07-12,,star_asia_2023_W30_Market-report-Week-30.pdf,06.07.2023,,EU_DDMMYYYY,12.07.2023,,EU_DDMMYYYY,,,,
2023-07-30,30,Beaching / Arrival,HAO 3,GEN.CARGO,4767.0,,"Chattogram, Bangladesh",,,2023-07-02,2023-07-08,,star_asia_2023_W30_Market-report-Week-30.pdf,02.07.2023,,EU_DDMMYYYY,08.07.2023,,EU_DDMMYYYY,,,,
2023-07-30,30,Beaching / Arrival,CHIAN JIN,REEFER,1416.0,,"Chattogram, Bangladesh",,,2023-06-27,2023-07-09,,star_asia_2023_W30_Market-report-Week-30.pdf,27.06.2023,,EU_DDMMYYYY,09.07.2023,,EU_DDMMYYYY,,,,
2023-07-30,30,Beaching / Arrival,SCO QINGDAO,CONTAINER,3771.0,,"Chattogram, Bangladesh",,,2023-06-30,2023-07-07,,star_asia_2023_W30_Market-report-Week-30.pdf,30.06.2023,,EU_DDMMYYYY,07.07.2023,,EU_DDMMYYYY,,,,
2023-07-30,30,Beaching / Arrival,DPL AYUR,GEN.CARGO,1020.0,,"Chattogram, Bangladesh",,,2023-06-29,2023-07-07,,star_asia_2023_W30_Market-report-Week-30.pdf,29.06.2023,,EU_DDMMYYYY,07.07.2023,,EU_DDMMYYYY,,,,
2023-07-30,30,Beaching / Arrival,JASMINE II,BULKER,9563.0,,"Chattogram, Bangladesh",,,2023-06-27,2023-07-06,,star_asia_2023_W30_Market-report-Week-30.pdf,27.06.2023,,EU_DDMMYYYY,06.07.2023,,EU_DDMMYYYY,,,,
2023-08-05,31,Reported Sale,MAERSK PATRAS,CONTAINER,12400.0,405.0,"Alang, India",1998,GERMANY,,,AS IS UAE PORT FOR REDELIVERY TO ALANG – MAERSK APPROVED FACILITY,star_asia_2023_W31_Market-report-Week-31.pdf,,,,,,,,,,
2023-08-05,31,Reported Sale,MSC LANA II,CONTAINER,10351.0,520.0,"Alang, India",1999,POLAND,,,DELIVERED ALANG TO MSC APPROVED FACILITY,star_asia_2023_W31_Market-report-Week-31.pdf,,,,,,,,,,
2023-08-05,31,Reported Sale,MSC ERMINIA,CONTAINER,17694.0,505.0,"Alang, India",1993,JAPAN,,,DELIVERED ALANG TO MSC APPROVED FACILITY,star_asia_2023_W31_Market-report-Week-31.pdf,,,,,,,,,,
2023-08-05,31,Reported Sale,TAI HWA,RORO,4043.0,465.0,,1989,JAPAN,,,"AS IS KAOHSIUNG, TAIWAN",star_asia_2023_W31_Market-report-Week-31.pdf,,,,,,,,,,
2023-08-05,31,Reported Sale,TESSA,GEN.CARGO,2461.0,560.0,"Chattogram, Bangladesh",1992,TURKEY,,,DELIVERED CHATTOGRAM,star_asia_2023_W31_Market-report-Week-31.pdf,,,,,,,,,,
2023-08-05,31,Reported Sale,SOL STRAITS,CONTAINER,7808.0,592.0,"Chattogram, Bangladesh",1997,POLAND,,,DELIVERED CHATTOGRAM,star_asia_2023_W31_Market-report-Week-31.pdf,,,,,,,,,,
2023-08-05,31,Beaching / Arrival,NOVA FLORIDA,REEFER,3347.0,,"Chattogram, Bangladesh",,,2023-08-04,,,star_asia_2023_W31_Market-report-Week-31.pdf,04.08.2023,,EU_DDMMYYYY,AWAITING,AWAITING,STATUS,,,,
2023-08-05,31,Beaching / Arrival,ENO,WOOD CHIP,10841.0,,"Gaddani, Pakistan",,,2023-08-02,,,star_asia_2023_W31_Market-report-Week-31.pdf,02.08.2023,,EU_DDMMYYYY,AWAITING,AWAITING,STATUS,,,,
2023-08-05,31,Beaching / Arrival,PSN,TANKER,870.0,,"Gaddani, Pakistan",,,2023-07-31,,,star_asia_2023_W31_Market-report-Week-31.pdf,31.07.2023,,EU_DDMMYYYY,AWAITING,AWAITING,STATUS,,,,
2023-08-05,31,Beaching / Arrival,SANTA,FISHING,803.0,,"Gaddani, Pakistan",,,,,,star_asia_2023_W31_Market-report-Week-31.pdf,26.07.203,,UNPARSED,AWAITING,AWAITING,STATUS,,,,
2023-08-05,31,Beaching / Arrival,FU SHENG,BULKER,10780.0,,"Gaddani, Pakistan",,,2023-07-21,,,star_asia_2023_W31_Market-report-Week-31.pdf,21.07.2023,,EU_DDMMYYYY,AWAITING,AWAITING,STATUS,,,,
2023-08-05,31,Beaching / Arrival,WELL WIN,BULKER,8939.0,,"Gaddani, Pakistan",,,2023-07-11,,,star_asia_2023_W31_Market-report-Week-31.pdf,11.07.2023,,EU_DDMMYYYY,AWAITING,AWAITING,STATUS,,,,
2023-08-05,31,Beaching / Arrival,HONG DA XIN 18,CONTAINER,3661.0,,"Gaddani, Pakistan",,,2023-07-29,2023-08-03,,star_asia_2023_W31_Market-report-Week-31.pdf,29.07.2023,,EU_DDMMYYYY,03.08.2023,,EU_DDMMYYYY,,,,
2023-08-05,31,Beaching / Arrival,BEAUTY,BULKER,9502.0,,"Gaddani, Pakistan",,,2023-07-27,2023-08-03,,star_asia_2023_W31_Market-report-Week-31.pdf,27.07.2023,,EU_DDMMYYYY,03.08.2023,,EU_DDMMYYYY,,,,
2023-08-12,32,Reported Sale,BH MALLY,BULKER,9379.0,465.0,,1997,JAPAN,,,"AS IS GUANGZHOU, CHINA, WITH 200 MT BUNKERS INCLUDED",star_asia_2023_W32_4ece41_840fd93c65384a84b1aa5c55e9ae1f9d.pdf,,,,,,,,,,
2023-08-12,32,Reported Sale,LILA NINGBO,BULKER,24181.0,495.0,"Alang, India",2002,TAIWAN,,,DELIVERED ALANG,star_asia_2023_W32_4ece41_840fd93c65384a84b1aa5c55e9ae1f9d.pdf,,,,,,,,,,
2023-08-12,32,Reported Sale,AN YUE,BULKER,7981.0,465.0,,1996,CHINA,,,"AS IS SINGAPORE, WITH ABOUT 150 MT BUNKERS INCLUDED",star_asia_2023_W32_4ece41_840fd93c65384a84b1aa5c55e9ae1f9d.pdf,,,,,,,,,,
2023-08-12,32,Reported Sale,HENG HUI 2,CONTAINER,14775.0,545.0,,1993,GERMAN,,,"AS IS COLOMBO, SRI LANKA, WITH 350 TONS OF BUNKER INCLUDED IN THE SALE",star_asia_2023_W32_4ece41_840fd93c65384a84b1aa5c55e9ae1f9d.pdf,,,,,,,,,,
2023-08-12,32,Beaching / Arrival,NOVA FLORIDA,REEFER,3347.0,,"Chattogram, Bangladesh",,,2023-08-04,2023-08-08,,star_asia_2023_W32_4ece41_840fd93c65384a84b1aa5c55e9ae1f9d.pdf,04.08.2023,,EU_DDMMYYYY,08.08.2023,,EU_DDMMYYYY,,,,
2023-08-12,32,Beaching / Arrival,VILLA DHAURU,REEFER,1253.0,,"Chattogram, Bangladesh",,,2023-08-07,,,star_asia_2023_W32_4ece41_840fd93c65384a84b1aa5c55e9ae1f9d.pdf,07.08.2023,,EU_DDMMYYYY,AWAITING,AWAITING,STATUS,,,,
2023-08-12,32,Beaching / Arrival,ENO,WOOD CHIP,10841.0,,"Chattogram, Bangladesh",,,2023-08-02,,,star_asia_2023_W32_4ece41_840fd93c65384a84b1aa5c55e9ae1f9d.pdf,02.08.2023,,EU_DDMMYYYY,AWAITING,AWAITING,STATUS,,,,
2023-08-12,32,Beaching / Arrival,WELL WIN,BULKER,8939.0,,"Chattogram, Bangladesh",,,2023-07-11,,,star_asia_2023_W32_4ece41_840fd93c65384a84b1aa5c55e9ae1f9d.pdf,11.07.2023,,EU_DDMMYYYY,AWAITING,AWAITING,STATUS,,,,
2023-08-12,32,Beaching / Arrival,PSN,TANKER,870.0,,"Chattogram, Bangladesh",,,2023-07-31,2023-08-05,,star_asia_2023_W32_4ece41_840fd93c65384a84b1aa5c55e9ae1f9d.pdf,31.07.2023,,EU_DDMMYYYY,05.08.2023,,EU_DDMMYYYY,,,,
2023-08-12,32,Beaching / Arrival,FU SHENG,BULKER,10780.0,,"Chattogram, Bangladesh",,,2023-07-21,2023-08-05,,star_asia_2023_W32_4ece41_840fd93c65384a84b1aa5c55e9ae1f9d.pdf,21.07.2023,,EU_DDMMYYYY,05.08.2023,,EU_DDMMYYYY,,,,
2023-08-12,32,Beaching / Arrival,SANTA,FISHING,803.0,,"Chattogram, Bangladesh",,,,2023-08-04,,star_asia_2023_W32_4ece41_840fd93c65384a84b1aa5c55e9ae1f9d.pdf,26.07.203,,UNPARSED,04.08.2023,,EU_DDMMYYYY,,,,
2023-08-12,32,Beaching / Arrival,HONG DA XIN 18,CONTAINER,3661.0,,"Chattogram, Bangladesh",,,2023-07-29,2023-08-03,,star_asia_2023_W32_4ece41_840fd93c65384a84b1aa5c55e9ae1f9d.pdf,29.07.2023,,EU_DDMMYYYY,03.08.2023,,EU_DDMMYYYY,,,,
2023-08-12,32,Beaching / Arrival,BEAUTY,BULKER,9502.0,,"Chattogram, Bangladesh",,,2023-07-27,2023-08-03,,star_asia_2023_W32_4ece41_840fd93c65384a84b1aa5c55e9ae1f9d.pdf,27.07.2023,,EU_DDMMYYYY,03.08.2023,,EU_DDMMYYYY,,,,
2023-08-19,33,Reported Sale,MING ZHOU 25,BULKER,6329.0,408.0,"Chattogram, Bangladesh",1990,JAPAN,,,"AS IS ZHOUSHAN, CHINA / RE- DELIVERY CHATTOGRAM",star_asia_2023_W33_4ece41_35a887424a3545ec990003616af9030d.pdf,,,,,,,,,,
2023-08-19,33,Reported Sale,MING ZHOU 58,BULKER,13370.0,428.0,"Chattogram, Bangladesh",1990,USSR,,,AS IS ZHOUSHAN / RE-DELIVERY CHATTOGRAM,star_asia_2023_W33_4ece41_35a887424a3545ec990003616af9030d.pdf,,,,,,,,,,
2023-08-19,33,Reported Sale,SINOKOR AKITA,CONTAINER,4672.0,564.0,,1998,CHINA,,,DELIVERED FULL SUB-CONTINENT OPTIONS.,star_asia_2023_W33_4ece41_35a887424a3545ec990003616af9030d.pdf,,,,,,,,,,
2023-08-19,33,Reported Sale,SOL HIND,CONTAINER,7852.0,564.0,"Chattogram, Bangladesh",1996,POLAND,,,DELIVERED CHATTOGRAM,star_asia_2023_W33_4ece41_35a887424a3545ec990003616af9030d.pdf,,,,,,,,,,
2023-08-19,33,Reported Sale,JIN YUAN SHENG 9,MPP,3000.0,490.0,"Chattogram, Bangladesh",2007,CHINA,,,DELIVERED CHATTOGRAM,star_asia_2023_W33_4ece41_35a887424a3545ec990003616af9030d.pdf,,,,,,,,,,
2023-08-19,33,Beaching / Arrival,MSC ERMINIA,CONTAINER,17695.0,,"Chattogram, Bangladesh",,,2023-08-17,,,star_asia_2023_W33_4ece41_35a887424a3545ec990003616af9030d.pdf,17.08.2023,,EU_DDMMYYYY,AWAITING,AWAITING,STATUS,,,,
2023-08-19,33,Beaching / Arrival,MSC LANA II,CONTAINER,10611.0,,"Chattogram, Bangladesh",,,2023-08-12,2023-08-18,,star_asia_2023_W33_4ece41_35a887424a3545ec990003616af9030d.pdf,12.08.2023,,EU_DDMMYYYY,18.08.2023,,EU_DDMMYYYY,,,,
2023-08-19,33,Beaching / Arrival,NOVA FLORIDA,REEFER,3347.0,,"Chattogram, Bangladesh",,,2023-08-04,2023-08-08,,star_asia_2023_W33_4ece41_35a887424a3545ec990003616af9030d.pdf,04.08.2023,,EU_DDMMYYYY,08.08.2023,,EU_DDMMYYYY,,,,
2023-08-19,33,Beaching / Arrival,VLADIMIR KOLECHITSKIY,TANKER,6000.0,,"Gaddani, Pakistan",,,2023-08-13,,,star_asia_2023_W33_4ece41_35a887424a3545ec990003616af9030d.pdf,13.08.2023,,EU_DDMMYYYY,AWAITING,AWAITING,STATUS,,,,
2023-08-19,33,Beaching / Arrival,PKS 1,GEN. CARGO,480.0,,"Gaddani, Pakistan",,,2023-08-12,,,star_asia_2023_W33_4ece41_35a887424a3545ec990003616af9030d.pdf,12.08.2023,,EU_DDMMYYYY,AWAITING,AWAITING,STATUS,,,,
2023-08-19,33,Beaching / Arrival,SOL STRAITS,CONTAINER,7770.0,,"Gaddani, Pakistan",,,2023-08-12,,,star_asia_2023_W33_4ece41_35a887424a3545ec990003616af9030d.pdf,12.08.2023,,EU_DDMMYYYY,AWAITING,AWAITING,STATUS,,,,
2023-08-19,33,Beaching / Arrival,PILATUS 28,LNG,1030.0,,"Gaddani, Pakistan",,,2023-08-11,,,star_asia_2023_W33_4ece41_35a887424a3545ec990003616af9030d.pdf,11.08.2023,,EU_DDMMYYYY,AWAITING,AWAITING,STATUS,,,,
2023-08-19,33,Beaching / Arrival,VILLA DHAURU,REEFER,1253.0,,"Gaddani, Pakistan",,,2023-08-07,,,star_asia_2023_W33_4ece41_35a887424a3545ec990003616af9030d.pdf,07.08.2023,,EU_DDMMYYYY,AWAITING,AWAITING,STATUS,,,,
2023-08-19,33,Beaching / Arrival,ENO,WOOD CHIP,10841.0,,"Gaddani, Pakistan",,,2023-08-02,,,star_asia_2023_W33_4ece41_35a887424a3545ec990003616af9030d.pdf,02.08.2023,,EU_DDMMYYYY,AWAITING,AWAITING,STATUS,,,,
2023-08-19,33,Beaching / Arrival,WELL WIN,BULKER,8939.0,,"Gaddani, Pakistan",,,2023-07-11,,,star_asia_2023_W33_4ece41_35a887424a3545ec990003616af9030d.pdf,11.07.2023,,EU_DDMMYYYY,AWAITING,AWAITING,STATUS,,,,
2023-08-19,33,Beaching / Arrival,PSN,TANKER,870.0,,"Gaddani, Pakistan",,,2023-07-31,2023-08-05,,star_asia_2023_W33_4ece41_35a887424a3545ec990003616af9030d.pdf,31.07.2023,,EU_DDMMYYYY,05.08.2023,,EU_DDMMYYYY,,,,
2023-08-19,33,Beaching / Arrival,FU SHENG,BULKER,10780.0,,"Gaddani, Pakistan",,,2023-07-21,2023-08-05,,star_asia_2023_W33_4ece41_35a887424a3545ec990003616af9030d.pdf,21.07.2023,,EU_DDMMYYYY,05.08.2023,,EU_DDMMYYYY,,,,
2023-08-19,33,Beaching / Arrival,SANTA,FISHING,803.0,,"Gaddani, Pakistan",,,,2023-08-04,,star_asia_2023_W33_4ece41_35a887424a3545ec990003616af9030d.pdf,26.07.203,,UNPARSED,04.08.2023,,EU_DDMMYYYY,,,,
2023-08-19,33,Beaching / Arrival,HONG DA XIN 18,CONTAINER,3661.0,,"Gaddani, Pakistan",,,2023-07-29,2023-08-03,,star_asia_2023_W33_4ece41_35a887424a3545ec990003616af9030d.pdf,29.07.2023,,EU_DDMMYYYY,03.08.2023,,EU_DDMMYYYY,,,,
2023-08-19,33,Beaching / Arrival,BEAUTY,BULKER,9502.0,,"Gaddani, Pakistan",,,2023-07-27,2023-08-03,,star_asia_2023_W33_4ece41_35a887424a3545ec990003616af9030d.pdf,27.07.2023,,EU_DDMMYYYY,03.08.2023,,EU_DDMMYYYY,,,,
2023-08-27,34,Reported Sale,GLORIA 1,BULKER,11259.0,524.0,"Gaddani, Pakistan",1998,JAPAN,,,"DELIVERED GADANI, PAKISTAN",star_asia_2023_W34_4ece41_920a241f74744c76be03283f1a17cc44.pdf,,,,,,,,,,
2023-08-27,34,Reported Sale,YONG NING,BULKER,12724.0,500.0,"Gaddani, Pakistan",1996,POLAND,,,"DELIVERED GADANI, PAKISTAN",star_asia_2023_W34_4ece41_920a241f74744c76be03283f1a17cc44.pdf,,,,,,,,,,
2023-08-27,34,Reported Sale,QUEEN AYLA,GENERAL CARGO,3753.0,,"Chattogram, Bangladesh",1992,GERMANY,,,"DELIVERED CHITTAGONG, BANGLADESH",star_asia_2023_W34_4ece41_920a241f74744c76be03283f1a17cc44.pdf,,,,,,,,,,
2023-08-27,34,Reported Sale,ARCHIMEDES,FISH FACTORY,5071.0,,,1979,POLAND,,,"AS IS NOUADHIBOU PORT, MAURITANIA",star_asia_2023_W34_4ece41_920a241f74744c76be03283f1a17cc44.pdf,,,,,,,,,,
2023-08-27,34,Reported Sale,QUAN LONG,GENERAL CARGO,2930.6,,,2006,CHINA,,,"AS IS COLOMBO, SRI LANKA",star_asia_2023_W34_4ece41_920a241f74744c76be03283f1a17cc44.pdf,,,,,,,,,,
2023-08-27,34,Reported Sale,FRIO OLYMPIC,REEFER,4698.0,510.0,"Alang, India",1988,JAPAN,,,"DELIVERED ALANG, INDIA",star_asia_2023_W34_4ece41_920a241f74744c76be03283f1a17cc44.pdf,,,,,,,,,,
2023-08-27,34,Reported Sale,ZEFYROS REEFER,REEFER,4731.0,510.0,"Alang, India",1990,JAPAN,,,"DELIVERED ALANG, INDIA",star_asia_2023_W34_4ece41_920a241f74744c76be03283f1a17cc44.pdf,,,,,,,,,,
2023-08-27,34,Beaching / Arrival,SINOKOR TIANJIN,CONTAINER,4672.0,,"Chattogram, Bangladesh",,,2023-08-24,,,star_asia_2023_W34_4ece41_920a241f74744c76be03283f1a17cc44.pdf,24.08.2023,,EU_DDMMYYYY,AWAITING,AWAITING,STATUS,,,,
2023-08-27,34,Beaching / Arrival,MAERSK PATRAS,CONTAINER,12400.0,,"Chattogram, Bangladesh",,,2023-08-20,,,star_asia_2023_W34_4ece41_920a241f74744c76be03283f1a17cc44.pdf,20.08.2023,,EU_DDMMYYYY,AWAITING,AWAITING,STATUS,,,,
2023-08-27,34,Beaching / Arrival,MSC ERMINIA,CONTAINER,17695.0,,"Chattogram, Bangladesh",,,2023-08-17,2023-08-19,,star_asia_2023_W34_4ece41_920a241f74744c76be03283f1a17cc44.pdf,17.08.2023,,EU_DDMMYYYY,19.08.2023,,EU_DDMMYYYY,,,,
2023-08-27,34,Beaching / Arrival,MSC LANA II,CONTAINER,10611.0,,"Chattogram, Bangladesh",,,2023-08-12,2023-08-18,,star_asia_2023_W34_4ece41_920a241f74744c76be03283f1a17cc44.pdf,12.08.2023,,EU_DDMMYYYY,18.08.2023,,EU_DDMMYYYY,,,,
2023-08-27,34,Beaching / Arrival,NOVA FLORIDA,REEFER,3347.0,,"Chattogram, Bangladesh",,,2023-08-04,2023-08-08,,star_asia_2023_W34_4ece41_920a241f74744c76be03283f1a17cc44.pdf,04.08.2023,,EU_DDMMYYYY,08.08.2023,,EU_DDMMYYYY,,,,
2023-08-27,34,Beaching / Arrival,JEN Z,BULKER,10783.0,,"Chattogram, Bangladesh",,,2023-08-24,,,star_asia_2023_W34_4ece41_920a241f74744c76be03283f1a17cc44.pdf,24.08.2023,,EU_DDMMYYYY,AWAITING,AWAITING,STATUS,,,,
2023-08-27,34,Beaching / Arrival,HARIN NAVEE 7,GENERAL CARGO,698.0,,"Chattogram, Bangladesh",,,2023-08-23,,,star_asia_2023_W34_4ece41_920a241f74744c76be03283f1a17cc44.pdf,23.08.2023,,EU_DDMMYYYY,AWAITING,AWAITING,STATUS,,,,
2023-08-27,34,Beaching / Arrival,SOL HIND,CONTAINER,7852.0,,"Chattogram, Bangladesh",,,2023-08-22,,,star_asia_2023_W34_4ece41_920a241f74744c76be03283f1a17cc44.pdf,22.08.2023,,EU_DDMMYYYY,AWAITING,AWAITING,STATUS,,,,
2023-08-27,34,Beaching / Arrival,LUCKY 3,BULKER,1041.0,,"Chattogram, Bangladesh",,,2023-08-22,,,star_asia_2023_W34_4ece41_920a241f74744c76be03283f1a17cc44.pdf,22.08.2023,,EU_DDMMYYYY,AWAITING,AWAITING,STATUS,,,,
2023-08-27,34,Beaching / Arrival,WELL WIN,BULKER,8939.0,,"Chattogram, Bangladesh",,,2023-07-11,,,star_asia_2023_W34_4ece41_920a241f74744c76be03283f1a17cc44.pdf,11.07.2023,,EU_DDMMYYYY,AWAITING,AWAITING,STATUS,,,,
2023-08-27,34,Beaching / Arrival,VLADIMIR KOLECHITSKIY,TANKER,6000.0,,"Chattogram, Bangladesh",,,2023-08-13,2023-08-19,,star_asia_2023_W34_4ece41_920a241f74744c76be03283f1a17cc44.pdf,13.08.2023,,EU_DDMMYYYY,19.08.2023,,EU_DDMMYYYY,,,,
2023-08-27,34,Beaching / Arrival,PKS 1,GEN. CARGO,480.0,,"Chattogram, Bangladesh",,,2023-08-12,2023-08-18,,star_asia_2023_W34_4ece41_920a241f74744c76be03283f1a17cc44.pdf,12.08.2023,,EU_DDMMYYYY,18.08.2023,,EU_DDMMYYYY,,,,
2023-08-27,34,Beaching / Arrival,SOL STRAITS,CONTAINER,7770.0,,"Chattogram, Bangladesh",,,2023-08-12,2023-08-21,,star_asia_2023_W34_4ece41_920a241f74744c76be03283f1a17cc44.pdf,12.08.2023,,EU_DDMMYYYY,21.08.2023,,EU_DDMMYYYY,,,,
2023-08-27,34,Beaching / Arrival,PILATUS 28,LNG,1030.0,,"Chattogram, Bangladesh",,,2023-08-11,2023-08-19,,star_asia_2023_W34_4ece41_920a241f74744c76be03283f1a17cc44.pdf,11.08.2023,,EU_DDMMYYYY,19.08.2023,,EU_DDMMYYYY,,,,
2023-09-03,35,Reported Sale,ONE HAPPY,BULKER,7726.0,498.0,"Alang, India",1995,JAPAN,,,"DELIVERED ALANG, INDIA",star_asia_2023_W35_4ece41_fa72daca426a44aca8b52928f8cc36f1.pdf,,,,,,,,,,
2023-09-03,35,Reported Sale,SOTIRIA,BULKER,11608.0,545.0,"Gaddani, Pakistan",1997,ITALY,,,"DELIVERED GADDANI, PAKISTAN",star_asia_2023_W35_4ece41_fa72daca426a44aca8b52928f8cc36f1.pdf,,,,,,,,,,
2023-09-03,35,Reported Sale,CHERRY,CONTAINER,6499.0,545.0,"Chattogram, Bangladesh",1998,JAPAN,,,AS IS SINGAPORE (WITH 350MT ROB) FOR REDELVIERY CHATTOGRAM,star_asia_2023_W35_4ece41_fa72daca426a44aca8b52928f8cc36f1.pdf,,,,,,,,,,
2023-09-03,35,Reported Sale,SEIN STAR,REEFER,2197.0,,"Alang, India",1984,JAPAN,,,"DELIVERED ALANG, INDIA",star_asia_2023_W35_4ece41_fa72daca426a44aca8b52928f8cc36f1.pdf,,,,,,,,,,
2023-09-03,35,Reported Sale,WINDA,BULKER,5551.0,,"Chattogram, Bangladesh",1995,JAPAN,,,"DELIVERED CHATTOGRAM, BANGLADESH",star_asia_2023_W35_4ece41_fa72daca426a44aca8b52928f8cc36f1.pdf,,,,,,,,,,
2023-09-03,35,Reported Sale,MERATUS MEDAN 3,CONTAINER,6776.0,510.0,"Alang, India",1990,JAPAN,,,AS IS SINGAPORE (WITH 100MT ROB) FOR REDELIVERY ALANG,star_asia_2023_W35_4ece41_fa72daca426a44aca8b52928f8cc36f1.pdf,,,,,,,,,,
2023-09-03,35,Beaching / Arrival,SINOKOR AKITA,CONTAINER,4672.0,,"Chattogram, Bangladesh",,,2023-08-29,,,star_asia_2023_W35_4ece41_fa72daca426a44aca8b52928f8cc36f1.pdf,29.08.2023,,EU_DDMMYYYY,AWAITING,AWAITING,STATUS,,,,
2023-09-03,35,Beaching / Arrival,ONE HAPPY,BULKER,7726.0,,"Chattogram, Bangladesh",,,2023-09-01,,,star_asia_2023_W35_4ece41_fa72daca426a44aca8b52928f8cc36f1.pdf,01.09.2023,,EU_DDMMYYYY,AWAITING,AWAITING,STATUS,,,,
2023-09-03,35,Beaching / Arrival,LAUREN OCEAN,BULKER,8400.0,,"Chattogram, Bangladesh",,,2023-08-31,,,star_asia_2023_W35_4ece41_fa72daca426a44aca8b52928f8cc36f1.pdf,31.08.2023,,EU_DDMMYYYY,AWAITING,AWAITING,STATUS,,,,
2023-09-03,35,Beaching / Arrival,FINE STAR,BULKER,9859.0,,"Chattogram, Bangladesh",,,2023-08-31,,,star_asia_2023_W35_4ece41_fa72daca426a44aca8b52928f8cc36f1.pdf,31.08.2023,,EU_DDMMYYYY,AWAITING,AWAITING,STATUS,,,,
2023-09-03,35,Beaching / Arrival,YUAN TU,BULKER,3494.6,,"Chattogram, Bangladesh",,,2023-08-31,,,star_asia_2023_W35_4ece41_fa72daca426a44aca8b52928f8cc36f1.pdf,31.08.2023,,EU_DDMMYYYY,AWAITING,AWAITING,STATUS,,,,
2023-09-03,35,Beaching / Arrival,OCEAN SUCCESS,BULKER,10163.0,,"Chattogram, Bangladesh",,,2023-08-31,,,star_asia_2023_W35_4ece41_fa72daca426a44aca8b52928f8cc36f1.pdf,31.08.2023,,EU_DDMMYYYY,AWAITING,AWAITING,STATUS,,,,
2023-09-03,35,Beaching / Arrival,JABAL ALI 5,RORO,5965.0,,"Chattogram, Bangladesh",,,2023-08-30,,,star_asia_2023_W35_4ece41_fa72daca426a44aca8b52928f8cc36f1.pdf,30.08.2023,,EU_DDMMYYYY,AWAITING,AWAITING,STATUS,,,,
2023-09-03,35,Beaching / Arrival,HARMONIA,WOOD CC,9737.0,,"Chattogram, Bangladesh",,,2023-08-30,,,star_asia_2023_W35_4ece41_fa72daca426a44aca8b52928f8cc36f1.pdf,30.08.2023,,EU_DDMMYYYY,AWAITING,AWAITING,STATUS,,,,
2023-09-10,36,Reported Sale,SINOKOR VLADIVOSTOK,CONTAINER,4691.0,588.0,"Alang, India",1998,CHINA,,,DELIVERED ALANG WITH APPROX . 100 MT ROB INCLUDED,star_asia_2023_W36_4ece41_b2879545b23c4ac8be93d5ddbaa1ef4a.pdf,,,,,,,,,,
2023-09-10,36,Reported Sale,HUADA 606,GENERAL CARGO,3472.0,527.0,"Alang, India",2005,CHINA,,,DELIVERED ALANG,star_asia_2023_W36_4ece41_b2879545b23c4ac8be93d5ddbaa1ef4a.pdf,,,,,,,,,,
2023-09-10,36,Reported Sale,UCL HONG KONG,CONTAINER,7009.0,530.0,,1993,JAPAN,,,"AS IS SOHAR, OMAN",star_asia_2023_W36_4ece41_b2879545b23c4ac8be93d5ddbaa1ef4a.pdf,,,,,,,,,,
2023-09-10,36,Reported Sale,WINNING JOY,BULKER,20936.0,505.0,,1999,JAPAN,,,"AS IS SINGAPORE, WITH 250 MT BUNKERS INCLUDED IN SALE",star_asia_2023_W36_4ece41_b2879545b23c4ac8be93d5ddbaa1ef4a.pdf,,,,,,,,,,
2023-09-10,36,Reported Sale,UNI-ASPIRE,BULKER,7098.0,585.0,"Alang, India",1998,JAPAN,,,DELIVERED ALANG / GREEN RECYCLING,star_asia_2023_W36_4ece41_b2879545b23c4ac8be93d5ddbaa1ef4a.pdf,,,,,,,,,,
2023-09-10,36,Reported Sale,EVER DEVOTE,BULKER,21731.0,555.0,,1998,JAPAN,,,AS IS SINGAPORE / GREEN RECYCLING,star_asia_2023_W36_4ece41_b2879545b23c4ac8be93d5ddbaa1ef4a.pdf,,,,,,,,,,
2023-09-10,36,Reported Sale,FINE STAR,BULKER,9877.0,480.0,"Chattogram, Bangladesh",1995,JAPAN,,,DELIVERED CHATTOGRAM,star_asia_2023_W36_4ece41_b2879545b23c4ac8be93d5ddbaa1ef4a.pdf,,,,,,,,,,
2023-09-10,36,Reported Sale,YUAN TU,GENERAL CARGO,3495.0,,"Alang, India",2005,CHINA,,,"AS IS COLOMBO, SRI LANKA FOR RE-DELIVERY ALANG",star_asia_2023_W36_4ece41_b2879545b23c4ac8be93d5ddbaa1ef4a.pdf,,,,,,,,,,
2023-09-10,36,Reported Sale,APJ MAHADEVA,BULKER,12660.0,480.0,,2000,CHINA,,,"AS IS COLOMBO, SRI LANKA FOR FULL SUB-CONTINENT",star_asia_2023_W36_4ece41_b2879545b23c4ac8be93d5ddbaa1ef4a.pdf,,,,,,,,,,
2023-09-10,36,Beaching / Arrival,INSTA,DIVING SUPPORT,3000.0,,"Alang, India",,,2023-09-07,,,star_asia_2023_W36_4ece41_b2879545b23c4ac8be93d5ddbaa1ef4a.pdf,07.09.2023,,EU_DDMMYYYY,AWAITING,AWAITING,STATUS,,,,
2023-09-10,36,Beaching / Arrival,ALDO,OFFSHORE,1740.0,,"Alang, India",,,2023-09-08,,,star_asia_2023_W36_4ece41_b2879545b23c4ac8be93d5ddbaa1ef4a.pdf,08.09.2023,,EU_DDMMYYYY,AWAITING,AWAITING,STATUS,,,,
2023-09-10,36,Beaching / Arrival,SINOKOR AKITA,CONTAINER,4672.0,,"Alang, India",,,2023-08-29,2023-09-07,,star_asia_2023_W36_4ece41_b2879545b23c4ac8be93d5ddbaa1ef4a.pdf,29.08.2023,,EU_DDMMYYYY,07.09.2023,,EU_DDMMYYYY,,,,
2023-09-10,36,Beaching / Arrival,ONE HAPPY,BULKER,7726.0,,"Alang, India",,,2023-09-01,2023-09-07,,star_asia_2023_W36_4ece41_b2879545b23c4ac8be93d5ddbaa1ef4a.pdf,01.09.2023,,EU_DDMMYYYY,07.09.2023,,EU_DDMMYYYY,,,,
2023-09-10,36,Beaching / Arrival,ZEFYROS REEFER,REEFER,4731.0,,"Alang, India",,,2023-09-03,2023-09-08,,star_asia_2023_W36_4ece41_b2879545b23c4ac8be93d5ddbaa1ef4a.pdf,03.09.2023,,EU_DDMMYYYY,08.09.2023,,EU_DDMMYYYY,,,,
2023-09-10,36,Beaching / Arrival,NAUTICA MUAR,FSO,12126.0,,"Gaddani, Pakistan",,,2023-09-09,,,star_asia_2023_W36_4ece41_b2879545b23c4ac8be93d5ddbaa1ef4a.pdf,09.09.2023,,EU_DDMMYYYY,AWAITING,AWAITING,STATUS,,,,
2023-09-10,36,Beaching / Arrival,HALLY,BULKER,9379.0,,"Gaddani, Pakistan",,,2023-09-08,,,star_asia_2023_W36_4ece41_b2879545b23c4ac8be93d5ddbaa1ef4a.pdf,08.09.2023,,EU_DDMMYYYY,AWAITING,AWAITING,STATUS,,,,
2023-09-10,36,Beaching / Arrival,KEMA,RORO,2950.2,,"Gaddani, Pakistan",,,2023-09-07,,,star_asia_2023_W36_4ece41_b2879545b23c4ac8be93d5ddbaa1ef4a.pdf,07.09.2023,,EU_DDMMYYYY,AWAITING,AWAITING,STATUS,,,,
2023-09-10,36,Beaching / Arrival,YOUNG SHENG 19,TANKER,1118.2,,"Gaddani, Pakistan",,,2023-09-06,,,star_asia_2023_W36_4ece41_b2879545b23c4ac8be93d5ddbaa1ef4a.pdf,06.09.2023,,EU_DDMMYYYY,AWAITING,AWAITING,STATUS,,,,
2023-09-10,36,Beaching / Arrival,PATCHARAWADEE 11,LNG,1060.94,,"Gaddani, Pakistan",,,2023-09-04,,,star_asia_2023_W36_4ece41_b2879545b23c4ac8be93d5ddbaa1ef4a.pdf,04.09.2023,,EU_DDMMYYYY,AWAITING,AWAITING,STATUS,,,,
2023-09-10,36,Beaching / Arrival,LAUREN OCEAN,BULKER,8400.0,,"Gaddani, Pakistan",,,2023-08-31,2023-09-05,,star_asia_2023_W36_4ece41_b2879545b23c4ac8be93d5ddbaa1ef4a.pdf,31.08.2023,,EU_DDMMYYYY,05.09.2023,,EU_DDMMYYYY,,,,
2023-09-10,36,Beaching / Arrival,JABAL ALI 5,RORO,5965.0,,"Gaddani, Pakistan",,,2023-08-30,2023-09-05,,star_asia_2023_W36_4ece41_b2879545b23c4ac8be93d5ddbaa1ef4a.pdf,30.08.2023,,EU_DDMMYYYY,05.09.2023,,EU_DDMMYYYY,,,,
2023-09-10,36,Beaching / Arrival,YUAN TU,BULKER,3494.6,,"Gaddani, Pakistan",,,2023-08-31,2023-09-05,,star_asia_2023_W36_4ece41_b2879545b23c4ac8be93d5ddbaa1ef4a.pdf,31.08.2023,,EU_DDMMYYYY,05.09.2023,,EU_DDMMYYYY,,,,
2023-09-10,36,Beaching / Arrival,FINE STAR,BULKER,9859.0,,"Gaddani, Pakistan",,,2023-08-31,2023-09-04,,star_asia_2023_W36_4ece41_b2879545b23c4ac8be93d5ddbaa1ef4a.pdf,31.08.2023,,EU_DDMMYYYY,04.09.2023,,EU_DDMMYYYY,,,,
2023-09-10,36,Beaching / Arrival,OCEAN SUCCESS,BULKER,10163.0,,"Gaddani, Pakistan",,,2023-08-31,,,star_asia_2023_W36_4ece41_b2879545b23c4ac8be93d5ddbaa1ef4a.pdf,31.08.2023,,EU_DDMMYYYY,04.09.3023,,UNPARSED,,,,
2023-09-10,36,Beaching / Arrival,HARMONIA,WOOD CC,9737.0,,"Gaddani, Pakistan",,,2023-08-30,2023-09-03,,star_asia_2023_W36_4ece41_b2879545b23c4ac8be93d5ddbaa1ef4a.pdf,30.08.2023,,EU_DDMMYYYY,03.09.2023,,EU_DDMMYYYY,,,,
2023-09-10,36,Beaching / Arrival,THIDA 7,CONTAINER,6232.0,,"Gaddani, Pakistan",,,2023-08-28,2023-09-01,,star_asia_2023_W36_4ece41_b2879545b23c4ac8be93d5ddbaa1ef4a.pdf,28.08.2023,,EU_DDMMYYYY,01.09.2023,,EU_DDMMYYYY,,,,
2023-09-10,36,Beaching / Arrival,XIANG HE,G. CARGO,9016.0,,"Gaddani, Pakistan",,,2023-08-28,2023-09-01,,star_asia_2023_W36_4ece41_b2879545b23c4ac8be93d5ddbaa1ef4a.pdf,28.08.2023,,EU_DDMMYYYY,01.09.2023,,EU_DDMMYYYY,,,,
2023-09-10,36,Beaching / Arrival,ZEN G,BULKER,10750.4,,"Gaddani, Pakistan",,,2023-08-25,2023-09-01,,star_asia_2023_W36_4ece41_b2879545b23c4ac8be93d5ddbaa1ef4a.pdf,25.08.2023,,EU_DDMMYYYY,01.09.2023,,EU_DDMMYYYY,,,,
2023-09-10,36,Beaching / Arrival,SOL HIND,CONTAINER,7852.2,,"Gaddani, Pakistan",,,2023-08-22,2023-09-01,,star_asia_2023_W36_4ece41_b2879545b23c4ac8be93d5ddbaa1ef4a.pdf,22.08.2023,,EU_DDMMYYYY,01.09.2023,,EU_DDMMYYYY,,,,
2023-09-10,36,Beaching / Arrival,GLORIA 1,BULKER,11259.0,,"Aliaga, Turkey",,,2023-09-03,,,star_asia_2023_W36_4ece41_b2879545b23c4ac8be93d5ddbaa1ef4a.pdf,03.09.2023,,EU_DDMMYYYY,AWAITING,AWAITING,STATUS,,,,
2023-09-10,36,Beaching / Arrival,SUN SHINE,BULKER,10317.0,,"Aliaga, Turkey",,,2023-08-28,2023-09-02,,star_asia_2023_W36_4ece41_b2879545b23c4ac8be93d5ddbaa1ef4a.pdf,28.08.2023,,EU_DDMMYYYY,02.09.2023,,EU_DDMMYYYY,,,,
2023-09-10,36,Beaching / Arrival,CHANG MIN,BULKER,9483.0,,"Aliaga, Turkey",,,2023-08-26,2023-09-02,,star_asia_2023_W36_4ece41_b2879545b23c4ac8be93d5ddbaa1ef4a.pdf,26.08.2023,,EU_DDMMYYYY,02.09.2023,,EU_DDMMYYYY,,,,
2023-09-17,37,Reported Sale,KEMA,RORO,2956.0,540.0,"Chattogram, Bangladesh",1987,BELGIUM,,,"DELIVERED CHATTOGRAM, BANGLADESH / OLD SALE",star_asia_2023_W37_Market-report-Week-37.pdf,,,,,,,,,,
2023-09-17,37,Reported Sale,ZELIA GATTAI,TANKER,13400.0,,,2023,BRAZIL,,,"UNFINISHED NB TANKER SOLD FOR DOMESTIC, BRAZILIAN SHIPYARD RECYCLING",star_asia_2023_W37_Market-report-Week-37.pdf,,,,,,,,,,
2023-09-17,37,Reported Sale,IRMA DULCE,TANKER,13400.0,,,2023,BRAZIL,,,"UNFINISHED NB TANKER SOLD FOR DOMESTIC, BRAZILIAN SHIPYARD RECYCLING",star_asia_2023_W37_Market-report-Week-37.pdf,,,,,,,,,,
2023-09-17,37,Beaching / Arrival,MARITIME RIYAL,CHEMICAL TANKER,12246.0,,"Chattogram, Bangladesh",,,2023-09-16,,,star_asia_2023_W37_Market-report-Week-37.pdf,16.09.2023,,EU_DDMMYYYY,AWAITING,AWAITING,STATUS,,,,
2023-09-17,37,Beaching / Arrival,INSTA,DIVING SUPPORT,3000.0,,"Chattogram, Bangladesh",,,2023-09-07,2023-09-14,,star_asia_2023_W37_Market-report-Week-37.pdf,07.09.2023,,EU_DDMMYYYY,14.09.2023,,EU_DDMMYYYY,,,,
2023-09-17,37,Beaching / Arrival,ALDO,OFFSHORE,1740.0,,"Chattogram, Bangladesh",,,2023-09-08,2023-09-14,,star_asia_2023_W37_Market-report-Week-37.pdf,08.09.2023,,EU_DDMMYYYY,14.09.2023,,EU_DDMMYYYY,,,,
2023-09-17,37,Beaching / Arrival,SINOKOR AKITA,CONTAINER,4672.0,,"Chattogram, Bangladesh",,,2023-08-29,2023-09-07,,star_asia_2023_W37_Market-report-Week-37.pdf,29.08.2023,,EU_DDMMYYYY,07.09.2023,,EU_DDMMYYYY,,,,
2023-09-17,37,Beaching / Arrival,ONE HAPPY,BULKER,7726.0,,"Chattogram, Bangladesh",,,2023-09-01,2023-09-07,,star_asia_2023_W37_Market-report-Week-37.pdf,01.09.2023,,EU_DDMMYYYY,07.09.2023,,EU_DDMMYYYY,,,,
2023-09-17,37,Beaching / Arrival,ZEFYROS REEFER,REEFER,4731.0,,"Chattogram, Bangladesh",,,2023-09-03,2023-09-08,,star_asia_2023_W37_Market-report-Week-37.pdf,03.09.2023,,EU_DDMMYYYY,08.09.2023,,EU_DDMMYYYY,,,,
2023-09-17,37,Beaching / Arrival,DAPITAN BAY 1,RORO,5899.43,,"Chattogram, Bangladesh",,,2023-09-12,,,star_asia_2023_W37_Market-report-Week-37.pdf,12.09.2023,,EU_DDMMYYYY,AWAITING,AWAITING,STATUS,,,,
2023-09-17,37,Beaching / Arrival,ANG FAN,BULKER,10934.0,,"Chattogram, Bangladesh",,,2023-09-11,,,star_asia_2023_W37_Market-report-Week-37.pdf,11.09.2023,,EU_DDMMYYYY,AWAITING,AWAITING,STATUS,,,,
2023-09-17,37,Beaching / Arrival,NAUTICA MUAR,FSO,12126.38,,"Chattogram, Bangladesh",,,2023-09-09,,,star_asia_2023_W37_Market-report-Week-37.pdf,09.09.2023,,EU_DDMMYYYY,AWAITING,AWAITING,STATUS,,,,
2023-09-17,37,Beaching / Arrival,HALLY,BULKER,9379.0,,"Chattogram, Bangladesh",,,2023-09-08,,,star_asia_2023_W37_Market-report-Week-37.pdf,08.09.2023,,EU_DDMMYYYY,AWAITING,AWAITING,STATUS,,,,
2023-09-17,37,Beaching / Arrival,KEMA,RORO,2950.2,,"Chattogram, Bangladesh",,,2023-09-07,,,star_asia_2023_W37_Market-report-Week-37.pdf,07.09.2023,,EU_DDMMYYYY,AWAITING,AWAITING,STATUS,,,,
2023-09-17,37,Beaching / Arrival,YOUNG SHENG 19,TANKER,1118.2,,"Chattogram, Bangladesh",,,2023-09-06,2023-09-14,,star_asia_2023_W37_Market-report-Week-37.pdf,06.09.2023,,EU_DDMMYYYY,14.09.2023,,EU_DDMMYYYY,,,,
2023-09-17,37,Beaching / Arrival,PATCHARAWADEE 11,LNG,1060.94,,"Chattogram, Bangladesh",,,2023-09-04,2023-09-14,,star_asia_2023_W37_Market-report-Week-37.pdf,04.09.2023,,EU_DDMMYYYY,14.09.2023,,EU_DDMMYYYY,,,,
2023-09-17,37,Beaching / Arrival,LAUREN OCEAN,BULKER,8400.0,,"Chattogram, Bangladesh",,,2023-08-31,2023-09-05,,star_asia_2023_W37_Market-report-Week-37.pdf,31.08.2023,,EU_DDMMYYYY,05.09.2023,,EU_DDMMYYYY,,,,
2023-09-17,37,Beaching / Arrival,JABAL ALI 5,RORO,5965.0,,"Chattogram, Bangladesh",,,2023-08-30,2023-09-05,,star_asia_2023_W37_Market-report-Week-37.pdf,30.08.2023,,EU_DDMMYYYY,05.09.2023,,EU_DDMMYYYY,,,,
2023-09-17,37,Beaching / Arrival,YUAN TU,BULKER,3494.6,,"Chattogram, Bangladesh",,,2023-08-31,2023-09-05,,star_asia_2023_W37_Market-report-Week-37.pdf,31.08.2023,,EU_DDMMYYYY,05.09.2023,,EU_DDMMYYYY,,,,
2023-09-17,37,Beaching / Arrival,FINE STAR,BULKER,9859.0,,"Chattogram, Bangladesh",,,2023-08-31,2023-09-04,,star_asia_2023_W37_Market-report-Week-37.pdf,31.08.2023,,EU_DDMMYYYY,04.09.2023,,EU_DDMMYYYY,,,,
2023-09-17,37,Beaching / Arrival,OCEAN SUCCESS,BULKER,10163.0,,"Chattogram, Bangladesh",,,2023-08-31,,,star_asia_2023_W37_Market-report-Week-37.pdf,31.08.2023,,EU_DDMMYYYY,04.09.3023,,UNPARSED,,,,
2023-09-17,37,Beaching / Arrival,HARMONIA,WOOD CC,9737.0,,"Chattogram, Bangladesh",,,2023-08-30,2023-09-03,,star_asia_2023_W37_Market-report-Week-37.pdf,30.08.2023,,EU_DDMMYYYY,03.09.2023,,EU_DDMMYYYY,,,,
2023-09-17,37,Beaching / Arrival,THIDA 7,CONTAINER,6232.0,,"Chattogram, Bangladesh",,,2023-08-28,2023-09-01,,star_asia_2023_W37_Market-report-Week-37.pdf,28.08.2023,,EU_DDMMYYYY,01.09.2023,,EU_DDMMYYYY,,,,
2023-09-17,37,Beaching / Arrival,XIANG HE,G. CARGO,9016.0,,"Chattogram, Bangladesh",,,2023-08-28,2023-09-01,,star_asia_2023_W37_Market-report-Week-37.pdf,28.08.2023,,EU_DDMMYYYY,01.09.2023,,EU_DDMMYYYY,,,,
2023-09-17,37,Beaching / Arrival,ZEN G,BULKER,10750.4,,"Chattogram, Bangladesh",,,2023-08-25,2023-09-01,,star_asia_2023_W37_Market-report-Week-37.pdf,25.08.2023,,EU_DDMMYYYY,01.09.2023,,EU_DDMMYYYY,,,,
2023-09-17,37,Beaching / Arrival,SOL HIND,CONTAINER,7852.2,,"Chattogram, Bangladesh",,,2023-08-22,2023-09-01,,star_asia_2023_W37_Market-report-Week-37.pdf,22.08.2023,,EU_DDMMYYYY,01.09.2023,,EU_DDMMYYYY,,,,
2023-09-17,37,Beaching / Arrival,SOTIRIA,BULKER,11608.0,,"Aliaga, Turkey",,,2023-09-11,,,star_asia_2023_W37_Market-report-Week-37.pdf,11.09.2023,,EU_DDMMYYYY,AWAITING,AWAITING,STATUS,,,,
2023-09-17,37,Beaching / Arrival,GLORIA 1,BULKER,11259.0,,"Aliaga, Turkey",,,2023-09-03,2023-09-13,,star_asia_2023_W37_Market-report-Week-37.pdf,03.09.2023,,EU_DDMMYYYY,13.09.2023,,EU_DDMMYYYY,,,,
2023-09-17,37,Beaching / Arrival,SUN SHINE,BULKER,10317.0,,"Aliaga, Turkey",,,2023-08-28,2023-09-02,,star_asia_2023_W37_Market-report-Week-37.pdf,28.08.2023,,EU_DDMMYYYY,02.09.2023,,EU_DDMMYYYY,,,,
2023-09-17,37,Beaching / Arrival,CHANG MIN,BULKER,9483.0,,"Aliaga, Turkey",,,2023-08-26,2023-09-02,,star_asia_2023_W37_Market-report-Week-37.pdf,26.08.2023,,EU_DDMMYYYY,02.09.2023,,EU_DDMMYYYY,,,,
2023-09-23,38,Reported Sale,MSC MARIA,MPP,3952.0,547.0,"Alang, India",1993,GERMANY,,,DELIVERED ALANG FOR HKC AND MSC-APPROVED YARDS ONLY,star_asia_2023_W38_Market-report-Week-38.pdf,,,,,,,,,,
2023-09-23,38,Reported Sale,FORTUNE TRADER,CONT.,7192.0,612.0,"Alang, India",1993,JAPAN,,,DELIVERED ALANG WITH 120 MT BUNKERS,star_asia_2023_W38_Market-report-Week-38.pdf,,,,,,,,,,
2023-09-23,38,Reported Sale,ANGEL-A,G.CARGO,1390.0,500.0,"Alang, India",1988,JAPAN,,,DELIVERED ALANG,star_asia_2023_W38_Market-report-Week-38.pdf,,,,,,,,,,
2023-09-23,38,Reported Sale,GSS YANGOON,CONT.,5866.0,530.0,,1993,JAPAN,,,"AS IS SINGAPORE (ORIGINALLY BUILT 6,127MT, GANTRY CRANES REMOVED)",star_asia_2023_W38_Market-report-Week-38.pdf,,,,,,,,,,
2023-09-23,38,Beaching / Arrival,ZHO,BULKER,6729.0,,"Chattogram, Bangladesh",,,2023-09-20,,,star_asia_2023_W38_Market-report-Week-38.pdf,20.09.2023,,EU_DDMMYYYY,AWAITING,AWAITING,STATUS,,,,
2023-09-23,38,Beaching / Arrival,SINOKOR VLADIVOSTOK,CONTAINER,4672.0,,"Chattogram, Bangladesh",,,2023-09-19,,,star_asia_2023_W38_Market-report-Week-38.pdf,19.09.2023,,EU_DDMMYYYY,AWAITING,AWAITING,STATUS,,,,
2023-09-23,38,Beaching / Arrival,WHITE PURL,LPG TANKER,5450.0,,"Chattogram, Bangladesh",,,2023-09-19,,,star_asia_2023_W38_Market-report-Week-38.pdf,19.09.2023,,EU_DDMMYYYY,AWAITING,AWAITING,STATUS,,,,
2023-09-23,38,Beaching / Arrival,MARITIME RIYAL,CHEMICAL TANKER,12246.0,,"Chattogram, Bangladesh",,,2023-09-16,2023-09-20,,star_asia_2023_W38_Market-report-Week-38.pdf,16.09.2023,,EU_DDMMYYYY,20.09.2023,,EU_DDMMYYYY,,,,
2023-09-23,38,Beaching / Arrival,INSTA,DIVING SUPPORT,3000.0,,"Chattogram, Bangladesh",,,2023-09-07,2023-09-14,,star_asia_2023_W38_Market-report-Week-38.pdf,07.09.2023,,EU_DDMMYYYY,14.09.2023,,EU_DDMMYYYY,,,,
2023-09-23,38,Beaching / Arrival,ALDO,OFFSHORE,1740.0,,"Chattogram, Bangladesh",,,2023-09-08,2023-09-14,,star_asia_2023_W38_Market-report-Week-38.pdf,08.09.2023,,EU_DDMMYYYY,14.09.2023,,EU_DDMMYYYY,,,,
2023-09-23,38,Beaching / Arrival,SINOKOR AKITA,CONTAINER,4672.0,,"Chattogram, Bangladesh",,,2023-08-29,2023-09-07,,star_asia_2023_W38_Market-report-Week-38.pdf,29.08.2023,,EU_DDMMYYYY,07.09.2023,,EU_DDMMYYYY,,,,
2023-09-23,38,Beaching / Arrival,ONE HAPPY,BULKER,7726.0,,"Chattogram, Bangladesh",,,2023-09-01,2023-09-07,,star_asia_2023_W38_Market-report-Week-38.pdf,01.09.2023,,EU_DDMMYYYY,07.09.2023,,EU_DDMMYYYY,,,,
2023-09-23,38,Beaching / Arrival,ZEFYROS REEFER,REEFER,4731.0,,"Chattogram, Bangladesh",,,2023-09-03,2023-09-08,,star_asia_2023_W38_Market-report-Week-38.pdf,03.09.2023,,EU_DDMMYYYY,08.09.2023,,EU_DDMMYYYY,,,,
2023-09-23,38,Beaching / Arrival,FATEMA JAHAN,BULKER,7487.0,,"Alang, India",,,2023-07-09,,,star_asia_2023_W38_Market-report-Week-38.pdf,09.07.2023,,EU_DDMMYYYY,AWAITING,AWAITING,STATUS,,,,
2023-09-23,38,Beaching / Arrival,YI DING 9,TANKER,1552.2,,"Alang, India",,,2023-09-21,,,star_asia_2023_W38_Market-report-Week-38.pdf,21.09.2023,,EU_DDMMYYYY,AWAITING,AWAITING,STATUS,,,,
2023-09-23,38,Beaching / Arrival,EXPRESS 6,REEFER,1264.5,,"Alang, India",,,2023-09-20,,,star_asia_2023_W38_Market-report-Week-38.pdf,20.09.2023,,EU_DDMMYYYY,AWAITING,AWAITING,STATUS,,,,
2023-09-23,38,Beaching / Arrival,BUSAN GAS,LPG,1130.35,,"Alang, India",,,2023-09-20,,,star_asia_2023_W38_Market-report-Week-38.pdf,20.09.2023,,EU_DDMMYYYY,AWAITING,AWAITING,STATUS,,,,
2023-09-23,38,Beaching / Arrival,ALBA 1,BULKER,12573.0,,"Alang, India",,,2023-09-19,,,star_asia_2023_W38_Market-report-Week-38.pdf,19.09.2023,,EU_DDMMYYYY,AWAITING,AWAITING,STATUS,,,,
2023-09-23,38,Beaching / Arrival,HENG HUI 2,CONTAINER,14775.0,,"Alang, India",,,2023-09-18,,,star_asia_2023_W38_Market-report-Week-38.pdf,18.09.2023,,EU_DDMMYYYY,AWAITING,AWAITING,STATUS,,,,
2023-09-23,38,Beaching / Arrival,HALLY,BULKER,9379.0,,"Alang, India",,,2023-09-09,,,star_asia_2023_W38_Market-report-Week-38.pdf,09.09.2023,,EU_DDMMYYYY,AWAITING,AWAITING,STATUS,,,,
2023-09-23,38,Beaching / Arrival,ANG FAN,BULKER,10934.0,,"Alang, India",,,2023-09-11,2023-09-17,,star_asia_2023_W38_Market-report-Week-38.pdf,11.09.2023,,EU_DDMMYYYY,17.09.2023,,EU_DDMMYYYY,,,,
2023-09-23,38,Beaching / Arrival,NAUTICA MUAR,FSO,12126.0,,"Alang, India",,,2023-09-09,2023-09-16,,star_asia_2023_W38_Market-report-Week-38.pdf,09.09.2023,,EU_DDMMYYYY,16.09.2023,,EU_DDMMYYYY,,,,
2023-09-23,38,Beaching / Arrival,KEMA,RORO,2950.0,,"Alang, India",,,2023-09-07,2023-09-15,,star_asia_2023_W38_Market-report-Week-38.pdf,07.09.2023,,EU_DDMMYYYY,15.09.2023,,EU_DDMMYYYY,,,,
2023-09-23,38,Beaching / Arrival,DAPITAN BAY 1,RORO,5899.0,,"Alang, India",,,2023-09-12,2023-09-17,,star_asia_2023_W38_Market-report-Week-38.pdf,12.09.2023,,EU_DDMMYYYY,17.09.2023,,EU_DDMMYYYY,,,,
2023-09-23,38,Beaching / Arrival,ABDULLAH,BULKER,7528.0,,"Alang, India",,,2023-07-27,2023-09-17,,star_asia_2023_W38_Market-report-Week-38.pdf,27.07.2023,,EU_DDMMYYYY,17.09.2023,,EU_DDMMYYYY,,,,
2023-09-23,38,Beaching / Arrival,YOUNG SHENG 19,TANKER,1118.0,,"Alang, India",,,2023-09-06,2023-09-14,,star_asia_2023_W38_Market-report-Week-38.pdf,06.09.2023,,EU_DDMMYYYY,14.09.2023,,EU_DDMMYYYY,,,,
2023-09-23,38,Beaching / Arrival,PATCHARAWADEE 11,LNG,1060.0,,"Alang, India",,,2023-09-04,2023-09-14,,star_asia_2023_W38_Market-report-Week-38.pdf,04.09.2023,,EU_DDMMYYYY,14.09.2023,,EU_DDMMYYYY,,,,
2023-09-23,38,Beaching / Arrival,LAUREN OCEAN,BULKER,8400.0,,"Alang, India",,,2023-08-31,2023-09-05,,star_asia_2023_W38_Market-report-Week-38.pdf,31.08.2023,,EU_DDMMYYYY,05.09.2023,,EU_DDMMYYYY,,,,
2023-09-23,38,Beaching / Arrival,JABAL ALI 5,RORO,5965.0,,"Alang, India",,,2023-08-30,2023-09-05,,star_asia_2023_W38_Market-report-Week-38.pdf,30.08.2023,,EU_DDMMYYYY,05.09.2023,,EU_DDMMYYYY,,,,
2023-09-23,38,Beaching / Arrival,YUAN TU,BULKER,3494.0,,"Alang, India",,,2023-08-31,2023-09-05,,star_asia_2023_W38_Market-report-Week-38.pdf,31.08.2023,,EU_DDMMYYYY,05.09.2023,,EU_DDMMYYYY,,,,
2023-09-23,38,Beaching / Arrival,FINE STAR,BULKER,9859.0,,"Alang, India",,,2023-08-31,2023-09-04,,star_asia_2023_W38_Market-report-Week-38.pdf,31.08.2023,,EU_DDMMYYYY,04.09.2023,,EU_DDMMYYYY,,,,
2023-09-23,38,Beaching / Arrival,OCEAN SUCCESS,BULKER,10163.0,,"Alang, India",,,2023-08-31,,,star_asia_2023_W38_Market-report-Week-38.pdf,31.08.2023,,EU_DDMMYYYY,04.09.3023,,UNPARSED,,,,
2023-09-23,38,Beaching / Arrival,HARMONIA,WOOD CC,9737.0,,"Alang, India",,,2023-08-30,2023-09-03,,star_asia_2023_W38_Market-report-Week-38.pdf,30.08.2023,,EU_DDMMYYYY,03.09.2023,,EU_DDMMYYYY,,,,
2023-09-23,38,Beaching / Arrival,THIDA 7,CONTAINER,6232.0,,"Alang, India",,,2023-08-28,2023-09-01,,star_asia_2023_W38_Market-report-Week-38.pdf,28.08.2023,,EU_DDMMYYYY,01.09.2023,,EU_DDMMYYYY,,,,
2023-09-23,38,Beaching / Arrival,XIANG HE,G. CARGO,9016.0,,"Alang, India",,,2023-08-28,2023-09-01,,star_asia_2023_W38_Market-report-Week-38.pdf,28.08.2023,,EU_DDMMYYYY,01.09.2023,,EU_DDMMYYYY,,,,
2023-09-23,38,Beaching / Arrival,ZEN G,BULKER,10750.0,,"Alang, India",,,2023-08-25,2023-09-01,,star_asia_2023_W38_Market-report-Week-38.pdf,25.08.2023,,EU_DDMMYYYY,01.09.2023,,EU_DDMMYYYY,,,,
2023-09-23,38,Beaching / Arrival,SOL HIND,CONTAINER,7852.0,,"Alang, India",,,2023-08-22,2023-09-01,,star_asia_2023_W38_Market-report-Week-38.pdf,22.08.2023,,EU_DDMMYYYY,01.09.2023,,EU_DDMMYYYY,,,,
2023-09-23,38,Beaching / Arrival,SOTIRIA,BULKER,11608.0,,"Chattogram, Bangladesh",,,2023-09-11,,,star_asia_2023_W38_Market-report-Week-38.pdf,11.09.2023,,EU_DDMMYYYY,AWAITING,AWAITING,STATUS,,,,
2023-09-23,38,Beaching / Arrival,GLORIA 1,BULKER,11259.0,,"Chattogram, Bangladesh",,,2023-09-03,2023-09-13,,star_asia_2023_W38_Market-report-Week-38.pdf,03.09.2023,,EU_DDMMYYYY,13.09.2023,,EU_DDMMYYYY,,,,
2023-09-23,38,Beaching / Arrival,SUN SHINE,BULKER,10317.0,,"Chattogram, Bangladesh",,,2023-08-28,2023-09-02,,star_asia_2023_W38_Market-report-Week-38.pdf,28.08.2023,,EU_DDMMYYYY,02.09.2023,,EU_DDMMYYYY,,,,
2023-09-23,38,Beaching / Arrival,CHANG MIN,BULKER,9483.0,,"Chattogram, Bangladesh",,,2023-08-26,2023-09-02,,star_asia_2023_W38_Market-report-Week-38.pdf,26.08.2023,,EU_DDMMYYYY,02.09.2023,,EU_DDMMYYYY,,,,
2023-09-30,39,Reported Sale,GULF VENTURE,TANKER,16809.0,500.0,,1999,S. KOREA,,,AS IS SINGAPORE WITH 250MT ROB GAS FREE FOR HOT WORKS,star_asia_2023_W39_4ece41_6e8db1d09bb94706ba1037c993daaa13.pdf,,,,,,,,,,
2023-09-30,39,Reported Sale,BRADLEY,TANKER,16368.0,500.0,,1999,JAPAN,,,AS IS SINGAPORE WITH 250MT ROB GAS FREE HOT WORKS,star_asia_2023_W39_4ece41_6e8db1d09bb94706ba1037c993daaa13.pdf,,,,,,,,,,
2023-09-30,39,Reported Sale,TYCOON,BULKER,12620.0,570.0,"Alang, India",2000,CHINA,,,DELIVERED ALANG / ABT 650 MT OF BUNKERS INCLUDED IN THE SALE,star_asia_2023_W39_4ece41_6e8db1d09bb94706ba1037c993daaa13.pdf,,,,,,,,,,
2023-09-30,39,Reported Sale,MSC JASMINE,CONTAINER,13977.0,580.0,"Alang, India",1988,FRANE,,,DELIVERED ALANG FOR MSC- APPROVED GREEN RECYCLING WITH 650 TONS OF BUNKERS INCLUDED IN THE SALE,star_asia_2023_W39_4ece41_6e8db1d09bb94706ba1037c993daaa13.pdf,,,,,,,,,,
2023-09-30,39,Beaching / Arrival,BERRY,CONTAINER,6499.0,,"Chattogram, Bangladesh",,,2023-09-30,,,star_asia_2023_W39_4ece41_6e8db1d09bb94706ba1037c993daaa13.pdf,30.09.2023,,EU_DDMMYYYY,AWAITING,AWAITING,STATUS,,,,
2023-09-30,39,Beaching / Arrival,FRIO OLYMPIC,REEFER,4698.0,,"Chattogram, Bangladesh",,,2023-09-28,,,star_asia_2023_W39_4ece41_6e8db1d09bb94706ba1037c993daaa13.pdf,28.09.2023,,EU_DDMMYYYY,AWAITING,AWAITING,STATUS,,,,
2023-09-30,39,Beaching / Arrival,MSC MARIA,CONTAINER / RORO,3952.0,,"Chattogram, Bangladesh",,,2023-09-26,2023-09-29,,star_asia_2023_W39_4ece41_6e8db1d09bb94706ba1037c993daaa13.pdf,26.09.2023,,EU_DDMMYYYY,29.09.2023,,EU_DDMMYYYY,,,,
2023-09-30,39,Beaching / Arrival,HASEEN,BULKER,7635.0,,"Chattogram, Bangladesh",,,2023-09-24,2023-09-28,,star_asia_2023_W39_4ece41_6e8db1d09bb94706ba1037c993daaa13.pdf,24.09.2023,,EU_DDMMYYYY,28.09.2023,,EU_DDMMYYYY,,,,
2023-09-30,39,Beaching / Arrival,LONG,MPP,2931.0,,"Chattogram, Bangladesh",,,2023-09-26,2023-09-28,,star_asia_2023_W39_4ece41_6e8db1d09bb94706ba1037c993daaa13.pdf,26.09.2023,,EU_DDMMYYYY,28.09.2023,,EU_DDMMYYYY,,,,
2023-09-30,39,Beaching / Arrival,ZHO,BULKER,6729.0,,"Chattogram, Bangladesh",,,2023-09-20,2023-09-27,,star_asia_2023_W39_4ece41_6e8db1d09bb94706ba1037c993daaa13.pdf,20.09.2023,,EU_DDMMYYYY,27.09.2023,,EU_DDMMYYYY,,,,
2023-09-30,39,Beaching / Arrival,SINOKOR VLADIVOSTOK,CONTAINER,4672.0,,"Chattogram, Bangladesh",,,2023-09-19,2023-09-27,,star_asia_2023_W39_4ece41_6e8db1d09bb94706ba1037c993daaa13.pdf,19.09.2023,,EU_DDMMYYYY,27.09.2023,,EU_DDMMYYYY,,,,
2023-09-30,39,Beaching / Arrival,WHITE PURL,LPG TANKER,5450.0,,"Chattogram, Bangladesh",,,2023-09-19,2023-09-23,,star_asia_2023_W39_4ece41_6e8db1d09bb94706ba1037c993daaa13.pdf,19.09.2023,,EU_DDMMYYYY,23.09.2023,,EU_DDMMYYYY,,,,
2023-09-30,39,Beaching / Arrival,MARITIME RIYAL,CHEMICAL TANKER,12246.0,,"Chattogram, Bangladesh",,,2023-09-16,2023-09-20,,star_asia_2023_W39_4ece41_6e8db1d09bb94706ba1037c993daaa13.pdf,16.09.2023,,EU_DDMMYYYY,20.09.2023,,EU_DDMMYYYY,,,,
2023-09-30,39,Beaching / Arrival,INSTA,DIVING SUPPORT,3000.0,,"Chattogram, Bangladesh",,,2023-09-07,2023-09-14,,star_asia_2023_W39_4ece41_6e8db1d09bb94706ba1037c993daaa13.pdf,07.09.2023,,EU_DDMMYYYY,14.09.2023,,EU_DDMMYYYY,,,,
2023-09-30,39,Beaching / Arrival,ALDO,OFFSHORE,1740.0,,"Chattogram, Bangladesh",,,2023-09-08,2023-09-14,,star_asia_2023_W39_4ece41_6e8db1d09bb94706ba1037c993daaa13.pdf,08.09.2023,,EU_DDMMYYYY,14.09.2023,,EU_DDMMYYYY,,,,
2023-09-30,39,Beaching / Arrival,SINOKOR AKITA,CONTAINER,4672.0,,"Chattogram, Bangladesh",,,2023-08-29,2023-09-07,,star_asia_2023_W39_4ece41_6e8db1d09bb94706ba1037c993daaa13.pdf,29.08.2023,,EU_DDMMYYYY,07.09.2023,,EU_DDMMYYYY,,,,
2023-09-30,39,Beaching / Arrival,ONE HAPPY,BULKER,7726.0,,"Chattogram, Bangladesh",,,2023-09-01,2023-09-07,,star_asia_2023_W39_4ece41_6e8db1d09bb94706ba1037c993daaa13.pdf,01.09.2023,,EU_DDMMYYYY,07.09.2023,,EU_DDMMYYYY,,,,
2023-09-30,39,Beaching / Arrival,ZEFYROS REEFER,REEFER,4731.0,,"Chattogram, Bangladesh",,,2023-09-03,2023-09-08,,star_asia_2023_W39_4ece41_6e8db1d09bb94706ba1037c993daaa13.pdf,03.09.2023,,EU_DDMMYYYY,08.09.2023,,EU_DDMMYYYY,,,,
2023-09-30,39,Beaching / Arrival,HARIN NAVEE 10,GEN.CARGO,959.0,,,,,2023-10-01,,,star_asia_2023_W39_4ece41_6e8db1d09bb94706ba1037c993daaa13.pdf,01.10.2023,,EU_DDMMYYYY,AWAITING,AWAITING,STATUS,,,,
2023-09-30,39,Beaching / Arrival,HAVEN GUARDER,BULKER,5983.0,,,,,2023-09-26,,,star_asia_2023_W39_4ece41_6e8db1d09bb94706ba1037c993daaa13.pdf,26.09.2023,,EU_DDMMYYYY,AWAITING,AWAITING,STATUS,,,,
2023-09-30,39,Beaching / Arrival,SIRITANASIN,TANKER,744.0,,,,,2023-09-26,,,star_asia_2023_W39_4ece41_6e8db1d09bb94706ba1037c993daaa13.pdf,26.09.2023,,EU_DDMMYYYY,AWAITING,AWAITING,STATUS,,,,
2023-09-30,39,Beaching / Arrival,HARIN TRANSPORT,GEN.CARGO,1047.0,,,,,2023-09-24,,,star_asia_2023_W39_4ece41_6e8db1d09bb94706ba1037c993daaa13.pdf,24.09.2023,,EU_DDMMYYYY,AWAITING,AWAITING,STATUS,,,,
2023-09-30,39,Beaching / Arrival,YI DING 9,TANKER,1552.2,,,,,2023-09-21,,,star_asia_2023_W39_4ece41_6e8db1d09bb94706ba1037c993daaa13.pdf,21.09.2023,,EU_DDMMYYYY,AWAITING,AWAITING,STATUS,,,,
2023-09-30,39,Beaching / Arrival,EXPRESS 6,REEFER,1264.5,,,,,2023-09-20,,,star_asia_2023_W39_4ece41_6e8db1d09bb94706ba1037c993daaa13.pdf,20.09.2023,,EU_DDMMYYYY,AWAITING,AWAITING,STATUS,,,,
2023-09-30,39,Beaching / Arrival,HENG HUI 2,CONTAINER,14775.0,,,,,2023-09-18,2023-09-30,,star_asia_2023_W39_4ece41_6e8db1d09bb94706ba1037c993daaa13.pdf,18.09.2023,,EU_DDMMYYYY,30.09.2023,,EU_DDMMYYYY,,,,
2023-09-30,39,Beaching / Arrival,ALBA 1,BULKER,12573.0,,,,,2023-09-19,2023-09-29,,star_asia_2023_W39_4ece41_6e8db1d09bb94706ba1037c993daaa13.pdf,19.09.2023,,EU_DDMMYYYY,29.09.2023,,EU_DDMMYYYY,,,,
2023-09-30,39,Beaching / Arrival,HALLY,BULKER,9379.0,,,,,2023-09-09,2023-09-29,,star_asia_2023_W39_4ece41_6e8db1d09bb94706ba1037c993daaa13.pdf,09.09.2023,,EU_DDMMYYYY,29.09.2023,,EU_DDMMYYYY,,,,
2023-09-30,39,Beaching / Arrival,BUSAN GAS,LPG,1130.35,,,,,2023-09-20,2023-09-27,,star_asia_2023_W39_4ece41_6e8db1d09bb94706ba1037c993daaa13.pdf,20.09.2023,,EU_DDMMYYYY,27.09.2023,,EU_DDMMYYYY,,,,
2023-09-30,39,Beaching / Arrival,FATEMA JAHAN,BULKER,7487.0,,,,,2023-07-09,2023-09-23,,star_asia_2023_W39_4ece41_6e8db1d09bb94706ba1037c993daaa13.pdf,09.07.2023,,EU_DDMMYYYY,23.09.2023,,EU_DDMMYYYY,,,,
2023-09-30,39,Beaching / Arrival,ANG FAN,BULKER,10934.0,,,,,2023-09-11,2023-09-17,,star_asia_2023_W39_4ece41_6e8db1d09bb94706ba1037c993daaa13.pdf,11.09.2023,,EU_DDMMYYYY,17.09.2023,,EU_DDMMYYYY,,,,
2023-09-30,39,Beaching / Arrival,NAUTICA MUAR,FSO,12126.0,,,,,2023-09-09,2023-09-16,,star_asia_2023_W39_4ece41_6e8db1d09bb94706ba1037c993daaa13.pdf,09.09.2023,,EU_DDMMYYYY,16.09.2023,,EU_DDMMYYYY,,,,
2023-09-30,39,Beaching / Arrival,KEMA,RORO,2950.0,,,,,2023-09-07,2023-09-15,,star_asia_2023_W39_4ece41_6e8db1d09bb94706ba1037c993daaa13.pdf,07.09.2023,,EU_DDMMYYYY,15.09.2023,,EU_DDMMYYYY,,,,
2023-09-30,39,Beaching / Arrival,DAPITAN BAY 1,RORO,5899.0,,,,,2023-09-12,2023-09-17,,star_asia_2023_W39_4ece41_6e8db1d09bb94706ba1037c993daaa13.pdf,12.09.2023,,EU_DDMMYYYY,17.09.2023,,EU_DDMMYYYY,,,,
2023-09-30,39,Beaching / Arrival,ABDULLAH,BULKER,7528.0,,,,,2023-07-27,2023-09-17,,star_asia_2023_W39_4ece41_6e8db1d09bb94706ba1037c993daaa13.pdf,27.07.2023,,EU_DDMMYYYY,17.09.2023,,EU_DDMMYYYY,,,,
2023-09-30,39,Beaching / Arrival,YOUNG SHENG 19,TANKER,1118.0,,,,,2023-09-06,2023-09-14,,star_asia_2023_W39_4ece41_6e8db1d09bb94706ba1037c993daaa13.pdf,06.09.2023,,EU_DDMMYYYY,14.09.2023,,EU_DDMMYYYY,,,,
2023-09-30,39,Beaching / Arrival,PATCHARAWADEE 11,LNG,1060.0,,,,,2023-09-04,2023-09-14,,star_asia_2023_W39_4ece41_6e8db1d09bb94706ba1037c993daaa13.pdf,04.09.2023,,EU_DDMMYYYY,14.09.2023,,EU_DDMMYYYY,,,,
2023-09-30,39,Beaching / Arrival,LAUREN OCEAN,BULKER,8400.0,,,,,2023-08-31,2023-09-05,,star_asia_2023_W39_4ece41_6e8db1d09bb94706ba1037c993daaa13.pdf,31.08.2023,,EU_DDMMYYYY,05.09.2023,,EU_DDMMYYYY,,,,
2023-09-30,39,Beaching / Arrival,JABAL ALI 5,RORO,5965.0,,,,,2023-08-30,2023-09-05,,star_asia_2023_W39_4ece41_6e8db1d09bb94706ba1037c993daaa13.pdf,30.08.2023,,EU_DDMMYYYY,05.09.2023,,EU_DDMMYYYY,,,,
2023-09-30,39,Beaching / Arrival,YUAN TU,BULKER,3494.0,,,,,2023-08-31,2023-09-05,,star_asia_2023_W39_4ece41_6e8db1d09bb94706ba1037c993daaa13.pdf,31.08.2023,,EU_DDMMYYYY,05.09.2023,,EU_DDMMYYYY,,,,
2023-09-30,39,Beaching / Arrival,FINE STAR,BULKER,9859.0,,,,,2023-08-31,2023-09-04,,star_asia_2023_W39_4ece41_6e8db1d09bb94706ba1037c993daaa13.pdf,31.08.2023,,EU_DDMMYYYY,04.09.2023,,EU_DDMMYYYY,,,,
2023-09-30,39,Beaching / Arrival,OCEAN SUCCESS,BULKER,10163.0,,,,,2023-08-31,,,star_asia_2023_W39_4ece41_6e8db1d09bb94706ba1037c993daaa13.pdf,31.08.2023,,EU_DDMMYYYY,04.09.3023,,UNPARSED,,,,
2023-09-30,39,Beaching / Arrival,HARMONIA,WOOD CC,9737.0,,,,,2023-08-30,2023-09-03,,star_asia_2023_W39_4ece41_6e8db1d09bb94706ba1037c993daaa13.pdf,30.08.2023,,EU_DDMMYYYY,03.09.2023,,EU_DDMMYYYY,,,,
2023-09-30,39,Beaching / Arrival,THIDA 7,CONTAINER,6232.0,,,,,2023-08-28,2023-09-01,,star_asia_2023_W39_4ece41_6e8db1d09bb94706ba1037c993daaa13.pdf,28.08.2023,,EU_DDMMYYYY,01.09.2023,,EU_DDMMYYYY,,,,
2023-09-30,39,Beaching / Arrival,XIANG HE,G. CARGO,9016.0,,,,,2023-08-28,2023-09-01,,star_asia_2023_W39_4ece41_6e8db1d09bb94706ba1037c993daaa13.pdf,28.08.2023,,EU_DDMMYYYY,01.09.2023,,EU_DDMMYYYY,,,,
2023-09-30,39,Beaching / Arrival,ZEN G,BULKER,10750.0,,,,,2023-08-25,2023-09-01,,star_asia_2023_W39_4ece41_6e8db1d09bb94706ba1037c993daaa13.pdf,25.08.2023,,EU_DDMMYYYY,01.09.2023,,EU_DDMMYYYY,,,,
2023-09-30,39,Beaching / Arrival,SOL HIND,CONTAINER,7852.0,,,,,2023-08-22,2023-09-01,,star_asia_2023_W39_4ece41_6e8db1d09bb94706ba1037c993daaa13.pdf,22.08.2023,,EU_DDMMYYYY,01.09.2023,,EU_DDMMYYYY,,,,
2023-09-30,39,Beaching / Arrival,YONG NING,MPP,12724.0,,"Gaddani, Pakistan",,,2023-09-18,2023-09-29,,star_asia_2023_W39_4ece41_6e8db1d09bb94706ba1037c993daaa13.pdf,18.09.2023,,EU_DDMMYYYY,29.09.2023,,EU_DDMMYYYY,,,,
2023-09-30,39,Beaching / Arrival,SOTIRIA,BULKER,11608.0,,"Gaddani, Pakistan",,,2023-09-11,2023-09-17,,star_asia_2023_W39_4ece41_6e8db1d09bb94706ba1037c993daaa13.pdf,11.09.2023,,EU_DDMMYYYY,17.09.2023,,EU_DDMMYYYY,,,,
2023-09-30,39,Beaching / Arrival,GLORIA 1,BULKER,11259.0,,"Gaddani, Pakistan",,,2023-09-03,2023-09-13,,star_asia_2023_W39_4ece41_6e8db1d09bb94706ba1037c993daaa13.pdf,03.09.2023,,EU_DDMMYYYY,13.09.2023,,EU_DDMMYYYY,,,,
2023-09-30,39,Beaching / Arrival,SUN SHINE,BULKER,10317.0,,"Gaddani, Pakistan",,,2023-08-28,2023-09-02,,star_asia_2023_W39_4ece41_6e8db1d09bb94706ba1037c993daaa13.pdf,28.08.2023,,EU_DDMMYYYY,02.09.2023,,EU_DDMMYYYY,,,,
2023-09-30,39,Beaching / Arrival,CHANG MIN,BULKER,9483.0,,"Gaddani, Pakistan",,,2023-08-26,2023-09-02,,star_asia_2023_W39_4ece41_6e8db1d09bb94706ba1037c993daaa13.pdf,26.08.2023,,EU_DDMMYYYY,02.09.2023,,EU_DDMMYYYY,,,,
2023-10-07,40,Reported Sale,FORESIGHTER,VEHICLES CARRIER,11061.0,512.0,,1987,JAPAN,,,AS IS JAPANESE PORT / FOR CLASS NK HKC RECYCLING ONLY,star_asia_2023_W40_4ece41_06018406e1d94716bef5fa4e17379813.pdf,,,,,,,,,,
2023-10-07,40,Reported Sale,MSC DENISSE,CONTAINER,13977.0,575.0,"Alang, India",1988,FRANCE,,,DELIVERED ALANG FOR MSC- APPROVED YARDS,star_asia_2023_W40_4ece41_06018406e1d94716bef5fa4e17379813.pdf,,,,,,,,,,
2023-10-07,40,Reported Sale,ALANA,TANKER,22471.0,570.0,"Alang, India",1998,S.KOREA,,,DELIVERED ALANG / GADDANI,star_asia_2023_W40_4ece41_06018406e1d94716bef5fa4e17379813.pdf,,,,,,,,,,
2023-10-07,40,Beaching / Arrival,FRIO OLYMPIC,REEFER,4698.0,,"Chattogram, Bangladesh",,,2023-09-28,2023-10-04,,star_asia_2023_W40_4ece41_06018406e1d94716bef5fa4e17379813.pdf,28.09.2023,,EU_DDMMYYYY,04.10.2023,,EU_DDMMYYYY,,,,
2023-10-07,40,Beaching / Arrival,HONG KONG,CONTAINER,7009.0,,"Chattogram, Bangladesh",,,2023-10-02,2023-10-04,,star_asia_2023_W40_4ece41_06018406e1d94716bef5fa4e17379813.pdf,02.10.2023,,EU_DDMMYYYY,04.10.2023,,EU_DDMMYYYY,,,,
2023-10-07,40,Beaching / Arrival,BERRY,CONTAINER,6499.0,,"Chattogram, Bangladesh",,,2023-09-30,2023-10-05,,star_asia_2023_W40_4ece41_06018406e1d94716bef5fa4e17379813.pdf,30.09.2023,,EU_DDMMYYYY,05.10.2023,,EU_DDMMYYYY,,,,
2023-10-07,40,Beaching / Arrival,MSC JASMINE,CONTAINER,14305.0,,"Chattogram, Bangladesh",,,2023-10-01,2023-10-05,,star_asia_2023_W40_4ece41_06018406e1d94716bef5fa4e17379813.pdf,01.10.2023,,EU_DDMMYYYY,05.10.2023,,EU_DDMMYYYY,,,,
2023-10-07,40,Beaching / Arrival,E DRILL,RIG,4904.0,,"Chattogram, Bangladesh",,,2023-10-01,2023-10-05,,star_asia_2023_W40_4ece41_06018406e1d94716bef5fa4e17379813.pdf,01.10.2023,,EU_DDMMYYYY,05.10.2023,,EU_DDMMYYYY,,,,
2023-10-07,40,Beaching / Arrival,FORTUNE TRADER,CONTAINER,7912.0,,"Chattogram, Bangladesh",,,2023-10-04,,,star_asia_2023_W40_4ece41_06018406e1d94716bef5fa4e17379813.pdf,04.10.2023,,EU_DDMMYYYY,AWAITING,AWAITING,STATUS,,,,
2023-10-07,40,Beaching / Arrival,AUSTIN III,TANKER,2402.0,,"Chattogram, Bangladesh",,,2023-10-06,,,star_asia_2023_W40_4ece41_06018406e1d94716bef5fa4e17379813.pdf,06.10.2023,,EU_DDMMYYYY,AWAITING,AWAITING,STATUS,,,,
2023-10-07,40,Beaching / Arrival,MARSA IRIS,CONTAINER,7852.0,,"Chattogram, Bangladesh",,,2023-10-07,,,star_asia_2023_W40_4ece41_06018406e1d94716bef5fa4e17379813.pdf,07.10.2023,,EU_DDMMYYYY,AWAITING,AWAITING,STATUS,,,,
2023-10-07,40,Beaching / Arrival,YI DING 9,TANKER,1552.2,,"Alang, India",,,2023-09-21,,,star_asia_2023_W40_4ece41_06018406e1d94716bef5fa4e17379813.pdf,21.09.2023,,EU_DDMMYYYY,AWAITING,AWAITING,STATUS,,,,
2023-10-07,40,Beaching / Arrival,HARIN NAVEE 10,GEN.CARGO,959.0,,"Alang, India",,,2023-10-01,2023-10-04,,star_asia_2023_W40_4ece41_06018406e1d94716bef5fa4e17379813.pdf,01.10.2023,,EU_DDMMYYYY,04.10.2023,,EU_DDMMYYYY,,,,
2023-10-07,40,Beaching / Arrival,SIRITANASIN,TANKER,744.0,,"Alang, India",,,2023-09-26,2023-10-04,,star_asia_2023_W40_4ece41_06018406e1d94716bef5fa4e17379813.pdf,26.09.2023,,EU_DDMMYYYY,04.10.2023,,EU_DDMMYYYY,,,,
2023-10-07,40,Beaching / Arrival,ANA,BULKER,7981.0,,"Alang, India",,,2023-09-28,2023-10-04,,star_asia_2023_W40_4ece41_06018406e1d94716bef5fa4e17379813.pdf,28.09.2023,,EU_DDMMYYYY,04.10.2023,,EU_DDMMYYYY,,,,
2023-10-07,40,Beaching / Arrival,EXPRESS 6,REEFER,1264.5,,"Alang, India",,,2023-09-20,2023-10-03,,star_asia_2023_W40_4ece41_06018406e1d94716bef5fa4e17379813.pdf,20.09.2023,,EU_DDMMYYYY,03.10.2023,,EU_DDMMYYYY,,,,
2023-10-07,40,Beaching / Arrival,HAVEN GUARDER,BULKER,5983.0,,"Alang, India",,,2023-09-26,2023-10-02,,star_asia_2023_W40_4ece41_06018406e1d94716bef5fa4e17379813.pdf,26.09.2023,,EU_DDMMYYYY,02.10.2023,,EU_DDMMYYYY,,,,
2023-10-07,40,Beaching / Arrival,HENG HUI 2,CONTAINER,14775.0,,"Alang, India",,,2023-09-18,2023-10-02,,star_asia_2023_W40_4ece41_06018406e1d94716bef5fa4e17379813.pdf,18.09.2023,,EU_DDMMYYYY,02.10.2023,,EU_DDMMYYYY,,,,
2023-10-14,41,Reported Sale,HUA DA 606,GEN.CARGO,3500.0,510.0,"Alang, India",2005,CHINA,,,DELIVERED ALANG,star_asia_2023_W41_Market-report-Week-41.pdf,,,,,,,,,,
2023-10-14,41,Reported Sale,SEA SMILE,BULKER,8118.0,520.0,,1995,JAPAN,,,DELIVERED FULL SUB-CONTINENT IN BUYERS OPTION FOR DECEMBER DELIVERY.,star_asia_2023_W41_Market-report-Week-41.pdf,,,,,,,,,,
2023-10-14,41,Reported Sale,MSC LEVINA,CONTAINER,12858.0,565.0,"Alang, India",1989,S.KOREA,,,DELIVERED ALANG FOR MSC- APPROVED YARDS WITH ABOUT 400 TONS OF BUNKERS INCLUDED,star_asia_2023_W41_Market-report-Week-41.pdf,,,,,,,,,,
2023-10-14,41,Beaching / Arrival,TYCOON,BULKER,12651.0,,"Alang, India",,,2023-10-13,,,star_asia_2023_W41_Market-report-Week-41.pdf,13.10.2023,,EU_DDMMYYYY,AWAITING,AWAITING,STATUS,,,,
2023-10-14,41,Beaching / Arrival,MSC DENISSE,CONTAINER,14348.0,,"Alang, India",,,2023-10-13,,,star_asia_2023_W41_Market-report-Week-41.pdf,13.102023,,RECONSTRUCTED_8DIGIT,AWAITING,AWAITING,STATUS,,,,
2023-10-14,41,Beaching / Arrival,UNI ASPIRE,CONTAINER,7098.0,,"Alang, India",,,2023-10-09,,,star_asia_2023_W41_Market-report-Week-41.pdf,09.10.2023,,EU_DDMMYYYY,AWAITING,AWAITING,STATUS,,,,
2023-10-14,41,Beaching / Arrival,MARSA IRIS,CONTAINER,7852.0,,"Alang, India",,,2023-10-07,,,star_asia_2023_W41_Market-report-Week-41.pdf,07.10.2023,,EU_DDMMYYYY,AWAITING,AWAITING,STATUS,,,,
2023-10-14,41,Beaching / Arrival,AUSTIN III,TANKER,2402.0,,"Alang, India",,,2023-10-06,,,star_asia_2023_W41_Market-report-Week-41.pdf,06.10.2023,,EU_DDMMYYYY,AWAITING,AWAITING,STATUS,,,,
2023-10-14,41,Beaching / Arrival,FORTUNE TRADER,CONTAINER,7912.0,,"Alang, India",,,2023-10-04,,,star_asia_2023_W41_Market-report-Week-41.pdf,04.10.2023,,EU_DDMMYYYY,AWAITING,AWAITING,STATUS,,,,
2023-10-14,41,Beaching / Arrival,BERRY,CONTAINER,6499.0,,"Alang, India",,,2023-09-30,2023-10-05,,star_asia_2023_W41_Market-report-Week-41.pdf,30.09.2023,,EU_DDMMYYYY,05.10.2023,,EU_DDMMYYYY,,,,
2023-10-14,41,Beaching / Arrival,MSC JASMINE,CONTAINER,14305.0,,"Alang, India",,,2023-10-01,2023-10-05,,star_asia_2023_W41_Market-report-Week-41.pdf,01.10.2023,,EU_DDMMYYYY,05.10.2023,,EU_DDMMYYYY,,,,
2023-10-14,41,Beaching / Arrival,E DRILL,RIG,4904.0,,"Alang, India",,,2023-10-01,2023-10-05,,star_asia_2023_W41_Market-report-Week-41.pdf,01.10.2023,,EU_DDMMYYYY,05.10.2023,,EU_DDMMYYYY,,,,
2023-10-14,41,Beaching / Arrival,TAI H,RORO,4043.72,,"Chattogram, Bangladesh",,,2023-10-10,,,star_asia_2023_W41_Market-report-Week-41.pdf,10.10.2023,,EU_DDMMYYYY,AWAITING,AWAITING,STATUS,,,,
2023-10-14,41,Beaching / Arrival,YI DING 9,TANKER,1552.2,,"Chattogram, Bangladesh",,,2023-09-21,,,star_asia_2023_W41_Market-report-Week-41.pdf,21.09.2023,,EU_DDMMYYYY,AWAITING,AWAITING,STATUS,,,,
2023-10-14,41,Beaching / Arrival,HARIN NAVEE 10,GEN.CARGO,959.0,,"Chattogram, Bangladesh",,,2023-10-01,2023-10-04,,star_asia_2023_W41_Market-report-Week-41.pdf,01.10.2023,,EU_DDMMYYYY,04.10.2023,,EU_DDMMYYYY,,,,
2023-10-14,41,Beaching / Arrival,SIRITANASIN,TANKER,744.0,,"Chattogram, Bangladesh",,,2023-09-26,2023-10-04,,star_asia_2023_W41_Market-report-Week-41.pdf,26.09.2023,,EU_DDMMYYYY,04.10.2023,,EU_DDMMYYYY,,,,
2023-10-14,41,Beaching / Arrival,ANA,BULKER,7981.0,,"Chattogram, Bangladesh",,,2023-09-28,2023-10-04,,star_asia_2023_W41_Market-report-Week-41.pdf,28.09.2023,,EU_DDMMYYYY,04.10.2023,,EU_DDMMYYYY,,,,
2023-10-14,41,Beaching / Arrival,EXPRESS 6,REEFER,1264.5,,"Chattogram, Bangladesh",,,2023-09-20,2023-10-03,,star_asia_2023_W41_Market-report-Week-41.pdf,20.09.2023,,EU_DDMMYYYY,03.10.2023,,EU_DDMMYYYY,,,,
2023-10-14,41,Beaching / Arrival,HAVEN GUARDER,BULKER,5983.0,,"Chattogram, Bangladesh",,,2023-09-26,2023-10-02,,star_asia_2023_W41_Market-report-Week-41.pdf,26.09.2023,,EU_DDMMYYYY,02.10.2023,,EU_DDMMYYYY,,,,
2023-10-14,41,Beaching / Arrival,HENG HUI 2,CONTAINER,14775.0,,"Chattogram, Bangladesh",,,2023-09-18,2023-10-02,,star_asia_2023_W41_Market-report-Week-41.pdf,18.09.2023,,EU_DDMMYYYY,02.10.2023,,EU_DDMMYYYY,,,,
2023-10-14,41,Beaching / Arrival,NIKOS,BULKER,9743.0,,"Chattogram, Bangladesh",,,2023-10-02,2023-10-03,,star_asia_2023_W41_Market-report-Week-41.pdf,02.10.2023,,EU_DDMMYYYY,03.10.2023,,EU_DDMMYYYY,,,,
2023-10-14,41,Beaching / Arrival,DAN,CONTAINER,6776.0,,"Alang, India",,,2023-10-20,,,star_asia_2023_W42_Market-report-Week-42.pdf,20.10.2023,,EU_DDMMYYYY,AWAITING,AWAITING,STATUS,,,,
2023-10-14,41,Beaching / Arrival,MING ZHOU,BULKER,13370.0,,"Alang, India",,,2023-10-18,2023-10-21,,star_asia_2023_W42_Market-report-Week-42.pdf,18.10.2023,,EU_DDMMYYYY,21.10.2023,,EU_DDMMYYYY,,,,
2023-10-14,41,Beaching / Arrival,HUA DA 606,GEN. CARGO,3475.0,,"Alang, India",,,2023-10-17,2023-10-21,,star_asia_2023_W42_Market-report-Week-42.pdf,17.10.2023,,EU_DDMMYYYY,21.10.2023,,EU_DDMMYYYY,,,,
2023-10-14,41,Beaching / Arrival,NEVEY,FISHING,3435.0,,"Alang, India",,,2023-10-17,2023-10-21,,star_asia_2023_W42_Market-report-Week-42.pdf,17.10.2023,,EU_DDMMYYYY,21.10.2023,,EU_DDMMYYYY,,,,
2023-10-14,41,Beaching / Arrival,MSC LEVINA,CONTAINER,12857.0,,"Alang, India",,,2023-10-17,2023-10-20,,star_asia_2023_W42_Market-report-Week-42.pdf,17.10.2023,,EU_DDMMYYYY,20.10.2023,,EU_DDMMYYYY,,,,
2023-10-14,41,Beaching / Arrival,S MARU 4,TANKER,1095.0,,,,,2023-10-18,,,star_asia_2023_W42_Market-report-Week-42.pdf,18.10.2023,,EU_DDMMYYYY,AWAITING,AWAITING,STATUS,,,,
2023-10-14,41,Beaching / Arrival,YI DING 9,TANKER,1552.0,,,,,2023-09-21,,,star_asia_2023_W42_Market-report-Week-42.pdf,21.09.2023,,EU_DDMMYYYY,AWAITING,AWAITING,STATUS,,,,
2023-10-14,41,Beaching / Arrival,TAI H,RORO,4043.0,,,,,2023-10-10,2023-10-21,,star_asia_2023_W42_Market-report-Week-42.pdf,10.10.2023,,EU_DDMMYYYY,21.10.2023,,EU_DDMMYYYY,,,,
2023-10-14,41,Beaching / Arrival,HARIN NAVEE 10,GEN.CARGO,959.0,,,,,2023-10-01,2023-10-04,,star_asia_2023_W42_Market-report-Week-42.pdf,01.10.2023,,EU_DDMMYYYY,04.10.2023,,EU_DDMMYYYY,,,,
2023-10-14,41,Beaching / Arrival,SIRITANASIN,TANKER,744.0,,,,,2023-09-26,2023-10-04,,star_asia_2023_W42_Market-report-Week-42.pdf,26.09.2023,,EU_DDMMYYYY,04.10.2023,,EU_DDMMYYYY,,,,
2023-10-14,41,Beaching / Arrival,ANA,BULKER,7981.0,,,,,2023-09-28,2023-10-04,,star_asia_2023_W42_Market-report-Week-42.pdf,28.09.2023,,EU_DDMMYYYY,04.10.2023,,EU_DDMMYYYY,,,,
2023-10-14,41,Beaching / Arrival,EXPRESS 6,REEFER,1264.0,,,,,2023-09-20,2023-10-03,,star_asia_2023_W42_Market-report-Week-42.pdf,20.09.2023,,EU_DDMMYYYY,03.10.2023,,EU_DDMMYYYY,,,,
2023-10-14,41,Beaching / Arrival,HAVEN GUARDER,BULKER,5983.0,,,,,2023-09-26,2023-10-02,,star_asia_2023_W42_Market-report-Week-42.pdf,26.09.2023,,EU_DDMMYYYY,02.10.2023,,EU_DDMMYYYY,,,,
2023-10-14,41,Beaching / Arrival,HENG HUI 2,CONTAINER,14775.0,,,,,2023-09-18,2023-10-02,,star_asia_2023_W42_Market-report-Week-42.pdf,18.09.2023,,EU_DDMMYYYY,02.10.2023,,EU_DDMMYYYY,,,,
2023-10-28,43,Reported Sale,LUCKY DRAGON,CONTAINER,8170.0,512.0,,1996,POLAND,,,AS IS SINGAPORE / FITTED WITH 2 BRAND NEW GEN SETS.,star_asia_2023_W43_Market-report-Week-43.pdf,,,,,,,,,,
2023-10-28,43,Reported Sale,COMANCHE,PIPE LAYER BARGE,9331.0,390.0,,1969,AUSTRALIA,,,"AS IS BATAM, INDONESIA / LAID UP FOR 10 YEARS UNDER TOW",star_asia_2023_W43_Market-report-Week-43.pdf,,,,,,,,,,
2023-10-28,43,Reported Sale,ONE DESTINY,BULKER,,535.0,"Alang, India",1995,JAPAN,,,DELIVERED ALANG WITH 350 MT OF BUNKERS INCLUDED,star_asia_2023_W43_Market-report-Week-43.pdf,,,,,,,,,,
2023-10-28,43,Beaching / Arrival,DEV,CONTAINER,21731.0,,"Alang, India",,,2023-10-28,,,star_asia_2023_W43_Market-report-Week-43.pdf,28.10.2023,,EU_DDMMYYYY,AWAITING,AWAITING,STATUS,,,,
2023-10-28,43,Beaching / Arrival,DAN,CONTAINER,6776.0,,"Alang, India",,,2023-10-20,2023-10-28,,star_asia_2023_W43_Market-report-Week-43.pdf,20.10.2023,,EU_DDMMYYYY,28.10.2023,,EU_DDMMYYYY,,,,
2023-10-28,43,Beaching / Arrival,MING ZHOU,BULKER,13370.0,,"Alang, India",,,2023-10-18,2023-10-21,,star_asia_2023_W43_Market-report-Week-43.pdf,18.10.2023,,EU_DDMMYYYY,21.10.2023,,EU_DDMMYYYY,,,,
2023-10-28,43,Beaching / Arrival,HUA DA 606,GEN. CARGO,3475.0,,"Alang, India",,,2023-10-17,2023-10-21,,star_asia_2023_W43_Market-report-Week-43.pdf,17.10.2023,,EU_DDMMYYYY,21.10.2023,,EU_DDMMYYYY,,,,
2023-10-28,43,Beaching / Arrival,NEVEY,FISHING,3435.0,,"Alang, India",,,2023-10-17,2023-10-21,,star_asia_2023_W43_Market-report-Week-43.pdf,17.10.2023,,EU_DDMMYYYY,21.10.2023,,EU_DDMMYYYY,,,,
2023-10-28,43,Beaching / Arrival,MSC LEVINA,CONTAINER,12857.0,,"Alang, India",,,2023-10-17,2023-10-20,,star_asia_2023_W43_Market-report-Week-43.pdf,17.10.2023,,EU_DDMMYYYY,20.10.2023,,EU_DDMMYYYY,,,,
2023-10-28,43,Beaching / Arrival,HAL ANANT,OFFSHORE,4092.0,,"Alang, India",,,2023-10-16,2023-10-20,,star_asia_2023_W43_Market-report-Week-43.pdf,16.10.2023,,EU_DDMMYYYY,20.10.2023,,EU_DDMMYYYY,,,,
2023-10-28,43,Beaching / Arrival,NANTA 7,CONTIANER,5095.0,,"Alang, India",,,2023-10-17,2023-10-19,,star_asia_2023_W43_Market-report-Week-43.pdf,17.10.2023,,EU_DDMMYYYY,19.10.2023,,EU_DDMMYYYY,,,,
2023-10-28,43,Beaching / Arrival,ALANA,TANKER,22471.0,,"Chattogram, Bangladesh",,,2023-10-26,,,star_asia_2023_W43_Market-report-Week-43.pdf,26.10.2023,,EU_DDMMYYYY,AWAITING,AWAITING,STATUS,,,,
2023-10-28,43,Beaching / Arrival,JITRA 7,CONTAINER,7036.0,,"Chattogram, Bangladesh",,,2023-10-21,,,star_asia_2023_W43_Market-report-Week-43.pdf,21.10.2023,,EU_DDMMYYYY,AWAITING,AWAITING,STATUS,,,,
2023-10-28,43,Beaching / Arrival,YI DING 9,TANKER,1552.0,,"Chattogram, Bangladesh",,,2023-09-21,,,star_asia_2023_W43_Market-report-Week-43.pdf,21.09.2023,,EU_DDMMYYYY,AWAITING,AWAITING,STATUS,,,,
2023-10-28,43,Beaching / Arrival,S MARU 4,TANKER,1095.0,,"Chattogram, Bangladesh",,,2023-10-18,2023-10-24,,star_asia_2023_W43_Market-report-Week-43.pdf,18.10.2023,,EU_DDMMYYYY,24.10.2023,,EU_DDMMYYYY,,,,
2023-10-28,43,Beaching / Arrival,VENTURA,TANKER,16809.0,,"Gaddani, Pakistan",,,2023-10-28,,,star_asia_2023_W43_Market-report-Week-43.pdf,28.10.2023,,EU_DDMMYYYY,AWAITING,AWAITING,STATUS,,,,
2023-10-28,43,Beaching / Arrival,NIKOS,BULKER,9743.0,,"Gaddani, Pakistan",,,2023-10-02,2023-10-03,,star_asia_2023_W43_Market-report-Week-43.pdf,02.10.2023,,EU_DDMMYYYY,03.10.2023,,EU_DDMMYYYY,,,,
2023-11-04,44,Reported Sale,APJ UMA KISMAT,BULKER,10438.0,510.0,,2001,JAPAN,,,AS IS COLOMBO,star_asia_2023_W44_Market-report-Week-44.pdf,,,,,,,,,,
2023-11-04,44,Reported Sale,XIN DONG GUAN 3,BULKER,9808.0,473.0,,1996,JAPAN,,,AS IS HONG KONG WITH 100 MT ROB INCLUDED,star_asia_2023_W44_Market-report-Week-44.pdf,,,,,,,,,,
2023-11-04,44,Reported Sale,XIN FENG NINGBO,CONTAINER,10316.0,480.0,,1995,S.KOREA,,,"AS IS ZHOUSHAN, CHINA",star_asia_2023_W44_Market-report-Week-44.pdf,,,,,,,,,,
2023-11-04,44,Reported Sale,JIN YAUN XING 16,BULKER,11894.0,,"Chattogram, Bangladesh",1977,JAPAN,,,DELIVERED CHATTOGRAM / FULL SPARES SHIP,star_asia_2023_W44_Market-report-Week-44.pdf,,,,,,,,,,
2023-11-04,44,Reported Sale,SHUN ZE LENG 6,REEFER,7006.0,,,1991,SPAIN,,,"AS IS ZHOUSHAN, CHINA",star_asia_2023_W44_Market-report-Week-44.pdf,,,,,,,,,,
2023-11-04,44,Reported Sale,BONTRUP MALDIVES,GENERAL CARGO,10965.0,547.0,"Alang, India",1984,S.KOREA,,,DELIVERED ALANG / FOR HKC RECYCLING WITH APPROX 350 MT ROB,star_asia_2023_W44_Market-report-Week-44.pdf,,,,,,,,,,
2023-11-04,44,Reported Sale,YA TAI 1,BULKER,10399.0,465.0,"Chattogram, Bangladesh",1995,JAPAN,,,AS IS GUANGZHOU FOR RE-DELIVERY BANGLADESH,star_asia_2023_W44_Market-report-Week-44.pdf,,,,,,,,,,
2023-11-04,44,Reported Sale,CHUAN ZE,GENERAL CARGO,2755.0,475.0,"Chattogram, Bangladesh",2005,CHINA,,,DELIVERED CHATTOGRAM,star_asia_2023_W44_Market-report-Week-44.pdf,,,,,,,,,,
2023-11-04,44,Reported Sale,WESTERN V,FISHING,868.0,600.0,"Alang, India",1980,USA,,,DELIVERED ALANG / HIGH NON-FERROUS CONTENT,star_asia_2023_W44_Market-report-Week-44.pdf,,,,,,,,,,
2023-11-04,44,Beaching / Arrival,VENTURA,TANKER,16810.0,,"Alang, India",,,2023-10-27,2023-11-03,,star_asia_2023_W44_Market-report-Week-44.pdf,27.10.2023,,EU_DDMMYYYY,03.11.2023,,EU_DDMMYYYY,,,,
2023-11-11,45,Reported Sale,MSC CHIARA,CONTAINER,13933.0,537.0,"Alang, India",1987,FRANCE,,,DELIVERED ALANG / MSC APPROVED YARD WITH 350 MT ROB INCLUDED IN SALE.,star_asia_2023_W45_Market-report-Week-45.pdf,,,,,,,,,,
2023-11-11,45,Reported Sale,CATHERINE BRIGHT,BULKER,10962.0,535.0,"Alang, India",1998,JAPAN,,,DELIVERED ALANG,star_asia_2023_W45_Market-report-Week-45.pdf,,,,,,,,,,
2023-11-11,45,Reported Sale,GAS DOLLART,LPG TANKER,2491.0,706.0,"Alang, India",1990,NETHERLANDS,,,DELIVERED ALANG / SPECIAL STEEL CONTENTS,star_asia_2023_W45_Market-report-Week-45.pdf,,,,,,,,,,
2023-11-11,45,Beaching / Arrival,ONE DESTINY,BULKER,7698.0,,"Chattogram, Bangladesh",,,2023-11-07,,,star_asia_2023_W45_Market-report-Week-45.pdf,07.11.2023,,EU_DDMMYYYY,AWAITING,AWAITING,STATUS,,,,
2023-11-11,45,Beaching / Arrival,GREAT,BULKER,9759.0,,"Chattogram, Bangladesh",,,2023-11-08,,,star_asia_2023_W45_Market-report-Week-45.pdf,08.11.2023,,EU_DDMMYYYY,AWAITING,AWAITING,STATUS,,,,
2023-11-11,45,Beaching / Arrival,MAS MULIA,PIPE LAY BARGE,5601.0,,"Chattogram, Bangladesh",,,2023-11-08,,,star_asia_2023_W45_Market-report-Week-45.pdf,08.11.2023,,EU_DDMMYYYY,AWAITING,AWAITING,STATUS,,,,
2023-11-11,45,Beaching / Arrival,YUAN,GENERAL CARGO,3331.0,,"Chattogram, Bangladesh",,,2023-11-10,,,star_asia_2023_W45_Market-report-Week-45.pdf,10.11.2023,,EU_DDMMYYYY,AWAITING,AWAITING,STATUS,,,,
2023-11-11,45,Beaching / Arrival,ANGEL A,GENERAL CARGO,1391.0,,"Chattogram, Bangladesh",,,2023-11-08,2023-11-11,,star_asia_2023_W45_Market-report-Week-45.pdf,08.11.2023,,EU_DDMMYYYY,11.11.2023,,EU_DDMMYYYY,,,,
2023-11-11,45,Beaching / Arrival,YANGO,CONTAINER,5866.0,,"Aliaga, Turkey",,,2023-11-08,,,star_asia_2023_W45_Market-report-Week-45.pdf,08.11.2023,,EU_DDMMYYYY,AWAITING,AWAITING,STATUS,,,,
2023-11-11,45,Beaching / Arrival,SIGHTER,PCTC,11238.0,,"Aliaga, Turkey",,,2023-11-06,,,star_asia_2023_W45_Market-report-Week-45.pdf,06.11.2023,,EU_DDMMYYYY,AWAITING,AWAITING,STATUS,,,,
2023-11-11,45,Beaching / Arrival,KOKURYU MARU,RORO,2473.0,,"Aliaga, Turkey",,,2023-11-05,,,star_asia_2023_W45_Market-report-Week-45.pdf,05.11.2023,,EU_DDMMYYYY,AWAITING,AWAITING,STATUS,,,,
2023-11-11,45,Beaching / Arrival,VENTURA,TANKER,16810.0,,"Aliaga, Turkey",,,2023-10-27,2023-11-03,,star_asia_2023_W45_Market-report-Week-45.pdf,27.10.2023,,EU_DDMMYYYY,03.11.2023,,EU_DDMMYYYY,,,,
2023-11-18,46,Reported Sale,SAMC EDDIE,BULKER,24181.0,505.0,,2002,TAIWAN,,,AS IS WHERE IS SINGAPORE,star_asia_2023_W46_Market-report-Week-46.pdf,,,,,,,,,,
2023-11-18,46,Reported Sale,XIN FENG GUANG ZHOU,CONTAINER,8895.0,495.0,,1994,S.KOREA,,,"AS IS WHERE IS ZHOUSHAN, CHINA",star_asia_2023_W46_Market-report-Week-46.pdf,,,,,,,,,,
2023-11-18,46,Reported Sale,DAYTONA DYNAMIC,BULKER,6058.0,510.0,"Alang, India",1990,JAPAN,,,DELIVERED ALANG,star_asia_2023_W46_Market-report-Week-46.pdf,,,,,,,,,,
2023-11-18,46,Reported Sale,MTT TANJUNG MANIS,CONTAINER,5467.0,520.0,,1999,TURKEY,,,"AS IS PORT KLANG, MALAYSIA",star_asia_2023_W46_Market-report-Week-46.pdf,,,,,,,,,,
2023-11-18,46,Reported Sale,MTT TAWAU,CONTAINER,5730.0,520.0,,1997,TURKEY,,,"AS IS PORT KLANG, MALAYSIA",star_asia_2023_W46_Market-report-Week-46.pdf,,,,,,,,,,
2023-11-18,46,Beaching / Arrival,QUALITY,LIVESTOCK CARRIER,3700.0,,"Chattogram, Bangladesh",,,2023-11-18,,,star_asia_2023_W46_Market-report-Week-46.pdf,18.11.2023,,EU_DDMMYYYY,AWAITING,AWAITING,STATUS,,,,
2023-11-18,46,Beaching / Arrival,SAGNA,TANKER,2065.0,,"Chattogram, Bangladesh",,,2023-11-11,,,star_asia_2023_W46_Market-report-Week-46.pdf,11.11.2023,,EU_DDMMYYYY,AWAITING,AWAITING,STATUS,,,,
2023-11-18,46,Beaching / Arrival,MSC CHIARA,CONTAINER,14305.0,,"Chattogram, Bangladesh",,,2023-11-17,2023-11-18,,star_asia_2023_W46_Market-report-Week-46.pdf,17.11.2023,,EU_DDMMYYYY,18.11.2023,,EU_DDMMYYYY,,,,
2023-11-18,46,Beaching / Arrival,YUAN,GENERAL CARGO,3331.0,,"Chattogram, Bangladesh",,,2023-11-10,2023-11-17,,star_asia_2023_W46_Market-report-Week-46.pdf,10.11.2023,,EU_DDMMYYYY,17.11.2023,,EU_DDMMYYYY,,,,
2023-11-18,46,Beaching / Arrival,ONE DESTINY,BULKER,7698.0,,"Chattogram, Bangladesh",,,2023-11-07,2023-11-13,,star_asia_2023_W46_Market-report-Week-46.pdf,07.11.2023,,EU_DDMMYYYY,13.11.2023,,EU_DDMMYYYY,,,,
2023-11-18,46,Beaching / Arrival,GREAT,BULKER,9759.0,,"Chattogram, Bangladesh",,,2023-11-08,2023-11-12,,star_asia_2023_W46_Market-report-Week-46.pdf,08.11.2023,,EU_DDMMYYYY,12.11.2023,,EU_DDMMYYYY,,,,
2023-11-18,46,Beaching / Arrival,MAS MULIA,PIPE LAY BARGE,5601.0,,"Chattogram, Bangladesh",,,2023-11-08,2023-11-12,,star_asia_2023_W46_Market-report-Week-46.pdf,08.11.2023,,EU_DDMMYYYY,12.11.2023,,EU_DDMMYYYY,,,,
2023-11-18,46,Beaching / Arrival,ANGEL A,GENERAL CARGO,1391.0,,"Chattogram, Bangladesh",,,2023-11-08,2023-11-11,,star_asia_2023_W46_Market-report-Week-46.pdf,08.11.2023,,EU_DDMMYYYY,11.11.2023,,EU_DDMMYYYY,,,,
2023-11-18,46,Beaching / Arrival,JIN YUAN XING,BULKER,11900.0,,"Chattogram, Bangladesh",,,2023-11-17,,,star_asia_2023_W46_Market-report-Week-46.pdf,17.11.2023,,EU_DDMMYYYY,AWAITING,AWAITING,STATUS,,,,
2023-11-18,46,Beaching / Arrival,LOGGERHEAD,TANKER,1088.0,,"Chattogram, Bangladesh",,,2023-11-11,,,star_asia_2023_W46_Market-report-Week-46.pdf,11.11.2023,,EU_DDMMYYYY,AWAITING,AWAITING,STATUS,,,,
2023-11-18,46,Beaching / Arrival,SIGHTER,PCTC,11238.0,,"Chattogram, Bangladesh",,,2023-11-06,2023-11-15,,star_asia_2023_W46_Market-report-Week-46.pdf,06.11.2023,,EU_DDMMYYYY,15.11.2023,,EU_DDMMYYYY,,,,
2023-11-18,46,Beaching / Arrival,YANGO,CONTAINER,5866.0,,"Chattogram, Bangladesh",,,2023-11-08,2023-11-14,,star_asia_2023_W46_Market-report-Week-46.pdf,08.11.2023,,EU_DDMMYYYY,14.11.2023,,EU_DDMMYYYY,,,,
2023-11-18,46,Beaching / Arrival,KOKURYU MARU,RORO,2473.0,,"Chattogram, Bangladesh",,,2023-11-05,2023-11-14,,star_asia_2023_W46_Market-report-Week-46.pdf,05.11.2023,,EU_DDMMYYYY,14.11.2023,,EU_DDMMYYYY,,,,
2023-11-18,46,Beaching / Arrival,VENTURA,TANKER,16810.0,,"Chattogram, Bangladesh",,,2023-10-27,2023-11-03,,star_asia_2023_W46_Market-report-Week-46.pdf,27.10.2023,,EU_DDMMYYYY,03.11.2023,,EU_DDMMYYYY,,,,
2023-11-18,46,Beaching / Arrival,VENTURA,TANKER,16810.0,,"Aliaga, Turkey",,,2023-10-28,2023-11-02,,star_asia_2023_W46_Market-report-Week-46.pdf,28.10.2023,,EU_DDMMYYYY,02.11.2023,,EU_DDMMYYYY,,,,
2023-11-26,47,Reported Sale,MSC RITA,CONTAINER,30712.0,,,2005,S. KOREA,,,"AS IS ABU DHABI, UAE / BASEL CONVENTION APPLICATION FOR BUYERS AC / UNDER TOW",star_asia_2023_W47_Market-report-Week-47.pdf,,,,,,,,,,
2023-11-26,47,Reported Sale,NEPTUNE STAR,BULKER,5480.0,512.0,"Alang, India",1996,JAPAN,,,DELIVERED ALANG,star_asia_2023_W47_Market-report-Week-47.pdf,,,,,,,,,,
2023-11-26,47,Reported Sale,ZE HONG,CONTAINER,11618.0,520.0,,1995,GERMANY,,,"AS IS ZHOUSHAN, CHINA WITH ABT. 200 TONS OF ROB INCLDG. IN SALE",star_asia_2023_W47_Market-report-Week-47.pdf,,,,,,,,,,
2023-11-26,47,Beaching / Arrival,DEVA,BULKER,12660.0,,"Chattogram, Bangladesh",,,2023-11-23,,,star_asia_2023_W47_Market-report-Week-47.pdf,23.11.2023,,EU_DDMMYYYY,AWAITING,AWAITING,STATUS,,,,
2023-11-26,47,Beaching / Arrival,DIAMOND WAY,BULKER,9016.0,,"Chattogram, Bangladesh",,,2023-11-23,,,star_asia_2023_W47_Market-report-Week-47.pdf,23.11.2023,,EU_DDMMYYYY,AWAITING,AWAITING,STATUS,,,,
2023-11-26,47,Beaching / Arrival,WESTERN V,FISHING,868.0,,"Chattogram, Bangladesh",,,2023-11-23,,,star_asia_2023_W47_Market-report-Week-47.pdf,23.11.2023,,EU_DDMMYYYY,AWAITING,AWAITING,STATUS,,,,
2023-11-26,47,Beaching / Arrival,BONTRUP MALDIVES,GENERAL CARGO,10994.0,,"Chattogram, Bangladesh",,,2023-11-21,,,star_asia_2023_W47_Market-report-Week-47.pdf,21.11.2023,,EU_DDMMYYYY,AWAITING,AWAITING,STATUS,,,,
2023-11-26,47,Beaching / Arrival,QUALITY,LIVESTOCK CARRIER,3700.0,,"Chattogram, Bangladesh",,,2023-11-18,2023-11-22,,star_asia_2023_W47_Market-report-Week-47.pdf,18.11.2023,,EU_DDMMYYYY,22.11.2023,,EU_DDMMYYYY,,,,
2023-11-26,47,Beaching / Arrival,SAGNA,TANKER,2065.0,,"Chattogram, Bangladesh",,,2023-11-11,2023-11-19,,star_asia_2023_W47_Market-report-Week-47.pdf,11.11.2023,,EU_DDMMYYYY,19.11.2023,,EU_DDMMYYYY,,,,
2023-11-26,47,Beaching / Arrival,MSC CHIARA,CONTAINER,14305.0,,"Chattogram, Bangladesh",,,2023-11-17,2023-11-18,,star_asia_2023_W47_Market-report-Week-47.pdf,17.11.2023,,EU_DDMMYYYY,18.11.2023,,EU_DDMMYYYY,,,,
2023-11-26,47,Beaching / Arrival,YUAN,GENERAL CARGO,3331.0,,"Chattogram, Bangladesh",,,2023-11-10,2023-11-17,,star_asia_2023_W47_Market-report-Week-47.pdf,10.11.2023,,EU_DDMMYYYY,17.11.2023,,EU_DDMMYYYY,,,,
2023-11-26,47,Beaching / Arrival,ONE DESTINY,BULKER,7698.0,,"Chattogram, Bangladesh",,,2023-11-07,2023-11-13,,star_asia_2023_W47_Market-report-Week-47.pdf,07.11.2023,,EU_DDMMYYYY,13.11.2023,,EU_DDMMYYYY,,,,
2023-11-26,47,Beaching / Arrival,GREAT,BULKER,9759.0,,"Chattogram, Bangladesh",,,2023-11-08,2023-11-12,,star_asia_2023_W47_Market-report-Week-47.pdf,08.11.2023,,EU_DDMMYYYY,12.11.2023,,EU_DDMMYYYY,,,,
2023-11-26,47,Beaching / Arrival,MAS MULIA,PIPE LAY BARGE,5601.0,,"Chattogram, Bangladesh",,,2023-11-08,2023-11-12,,star_asia_2023_W47_Market-report-Week-47.pdf,08.11.2023,,EU_DDMMYYYY,12.11.2023,,EU_DDMMYYYY,,,,
2023-11-26,47,Beaching / Arrival,ANGEL A,GENERAL CARGO,1391.0,,"Chattogram, Bangladesh",,,2023-11-08,2023-11-11,,star_asia_2023_W47_Market-report-Week-47.pdf,08.11.2023,,EU_DDMMYYYY,11.11.2023,,EU_DDMMYYYY,,,,
2023-11-26,47,Beaching / Arrival,LUCKY D,CONTAINER,8170.0,,"Chattogram, Bangladesh",,,2023-11-23,,,star_asia_2023_W47_Market-report-Week-47.pdf,23.11.2023,,EU_DDMMYYYY,AWAITING,AWAITING,STATUS,,,,
2023-11-26,47,Beaching / Arrival,TAI 1,BULKER,10339.0,,"Chattogram, Bangladesh",,,2023-11-22,,,star_asia_2023_W47_Market-report-Week-47.pdf,22.11.2023,,EU_DDMMYYYY,AWAITING,AWAITING,STATUS,,,,
2023-11-26,47,Beaching / Arrival,DUCK,CONTAINER,6821.0,,"Chattogram, Bangladesh",,,2023-11-22,,,star_asia_2023_W47_Market-report-Week-47.pdf,22.11.2023,,EU_DDMMYYYY,AWAITING,AWAITING,STATUS,,,,
2023-11-26,47,Beaching / Arrival,JIN YUAN XING,BULKER,11900.0,,"Chattogram, Bangladesh",,,2023-11-17,2023-11-25,,star_asia_2023_W47_Market-report-Week-47.pdf,17.11.2023,,EU_DDMMYYYY,25.11.2023,,EU_DDMMYYYY,,,,
2023-11-26,47,Beaching / Arrival,LOGGERHEAD,TANKER,1088.0,,"Chattogram, Bangladesh",,,2023-11-11,2023-11-17,,star_asia_2023_W47_Market-report-Week-47.pdf,11.11.2023,,EU_DDMMYYYY,17.11.2023,,EU_DDMMYYYY,,,,
2023-11-26,47,Beaching / Arrival,SIGHTER,PCTC,11238.0,,"Chattogram, Bangladesh",,,2023-11-06,2023-11-15,,star_asia_2023_W47_Market-report-Week-47.pdf,06.11.2023,,EU_DDMMYYYY,15.11.2023,,EU_DDMMYYYY,,,,
2023-11-26,47,Beaching / Arrival,YANGO,CONTAINER,5866.0,,"Chattogram, Bangladesh",,,2023-11-08,2023-11-14,,star_asia_2023_W47_Market-report-Week-47.pdf,08.11.2023,,EU_DDMMYYYY,14.11.2023,,EU_DDMMYYYY,,,,
2023-11-26,47,Beaching / Arrival,KOKURYU MARU,RORO,2473.0,,"Chattogram, Bangladesh",,,2023-11-05,2023-11-14,,star_asia_2023_W47_Market-report-Week-47.pdf,05.11.2023,,EU_DDMMYYYY,14.11.2023,,EU_DDMMYYYY,,,,
2023-11-26,47,Beaching / Arrival,VENTURA,TANKER,16810.0,,"Chattogram, Bangladesh",,,2023-10-27,2023-11-03,,star_asia_2023_W47_Market-report-Week-47.pdf,27.10.2023,,EU_DDMMYYYY,03.11.2023,,EU_DDMMYYYY,,,,
2023-12-03,48,Reported Sale,G HARMONY,GENERAL CARGO,11248.0,531.0,,2005,CHINA,,,DELIVERED GADANI,star_asia_2023_W48_Market-report-Week-48.pdf,,,,,,,,,,
2023-12-03,48,Reported Sale,ONE STORY,BC,7775.0,,"Alang, India",1995,JAPAN,,,DELIVERED ALANG OR GADANI IN BUYER'S OPTION,star_asia_2023_W48_Market-report-Week-48.pdf,,,,,,,,,,
2023-12-03,48,Beaching / Arrival,DIAMOND WAY,BULKER,9016.0,,"Alang, India",,,2023-11-23,2023-12-02,,star_asia_2023_W48_Market-report-Week-48.pdf,23.11.2023,,EU_DDMMYYYY,02.12.2023,,EU_DDMMYYYY,,,,
2023-12-03,48,Beaching / Arrival,WESTERN V,FISHING,868.0,,"Alang, India",,,2023-11-23,2023-12-02,,star_asia_2023_W48_Market-report-Week-48.pdf,23.11.2023,,EU_DDMMYYYY,02.12.2023,,EU_DDMMYYYY,,,,
2023-12-09,49,Reported Sale,SSL DELHI,CONTAINER,10669.0,530.0,"Alang, India",2000,GERMANY,,,AS IS UAE PORTS FOR RE-DELIVERY ALANG/SOLD WITH BUNKERS ENOUGH TO REACH ALANG,star_asia_2023_W49_Market-report-Week-49.pdf,,,,,,,,,,
2023-12-09,49,Reported Sale,ZE HONG,CONTAINER,11618.0,520.0,,1995,GERMANY,,,"AS IS ZHOUSHAN, CHINA",star_asia_2023_W49_Market-report-Week-49.pdf,,,,,,,,,,
2023-12-09,49,Beaching / Arrival,ONE STORY,BULKER,7775.0,,"Chattogram, Bangladesh",,,2023-12-09,,,star_asia_2023_W49_Market-report-Week-49.pdf,09.12.2023,,EU_DDMMYYYY,AWAITING,AWAITING,STATUS,,,,
2023-12-09,49,Beaching / Arrival,DIAMOND WAY,BULKER,9016.0,,"Chattogram, Bangladesh",,,2023-11-23,2023-12-02,,star_asia_2023_W49_Market-report-Week-49.pdf,23.11.2023,,EU_DDMMYYYY,02.12.2023,,EU_DDMMYYYY,,,,
2023-12-09,49,Beaching / Arrival,WESTERN V,FISHING,868.0,,"Chattogram, Bangladesh",,,2023-11-23,2023-12-02,,star_asia_2023_W49_Market-report-Week-49.pdf,23.11.2023,,EU_DDMMYYYY,02.12.2023,,EU_DDMMYYYY,,,,
2023-12-09,49,Beaching / Arrival,SHUN SIN,GENERAL CARGO,527.0,,"Alang, India",,,2023-12-01,,,star_asia_2023_W49_Market-report-Week-49.pdf,01.12.2023,,EU_DDMMYYYY,AWAITING,AWAITING,STATUS,,,,
2023-12-16,50,Reported Sale,JIN HAI XI,BULKER,5973.0,505.0,"Alang, India",1995,JAPAN,,,DELIVERED ALANG,star_asia_2023_W50_4ece41_8eca7ebe14fc4074889f62bc8711f436.pdf,,,,,,,,,,
2023-12-16,50,Beaching / Arrival,DAYTONE DYNAMIC,BULKER,6058.0,,"Chattogram, Bangladesh",,,2023-12-16,,,star_asia_2023_W50_4ece41_8eca7ebe14fc4074889f62bc8711f436.pdf,16.12.2023,,EU_DDMMYYYY,AWAITING,AWAITING,STATUS,,,,
2023-12-16,50,Beaching / Arrival,WHITE PALM,TUG,762.0,,"Chattogram, Bangladesh",,,2023-12-16,,,star_asia_2023_W50_4ece41_8eca7ebe14fc4074889f62bc8711f436.pdf,16.12.2023,,EU_DDMMYYYY,AWAITING,AWAITING,STATUS,,,,
2023-12-16,50,Beaching / Arrival,SAS 4,TUG,935.0,,"Chattogram, Bangladesh",,,2023-12-16,,,star_asia_2023_W50_4ece41_8eca7ebe14fc4074889f62bc8711f436.pdf,16.12.2023,,EU_DDMMYYYY,AWAITING,AWAITING,STATUS,,,,
2023-12-16,50,Beaching / Arrival,ALEKSANDR SHALIN,FISHING,839.0,,"Chattogram, Bangladesh",,,2023-12-11,,,star_asia_2023_W50_4ece41_8eca7ebe14fc4074889f62bc8711f436.pdf,11.12.2023,,EU_DDMMYYYY,AWAITING,AWAITING,STATUS,,,,
2023-12-16,50,Beaching / Arrival,ONE STORY,BULKER,7775.0,,"Chattogram, Bangladesh",,,2023-12-09,2023-12-02,,star_asia_2023_W50_4ece41_8eca7ebe14fc4074889f62bc8711f436.pdf,09.12.2023,,EU_DDMMYYYY,02.12.2023,,EU_DDMMYYYY,,,,
2023-12-16,50,Beaching / Arrival,YANG,BULKER,7481.0,,"Chattogram, Bangladesh",,,2023-12-11,2023-12-14,,star_asia_2023_W50_4ece41_8eca7ebe14fc4074889f62bc8711f436.pdf,11.12.2023,,EU_DDMMYYYY,14.12.2023,,EU_DDMMYYYY,,,,
2023-12-16,50,Beaching / Arrival,DIAMOND WAY,BULKER,9016.0,,"Chattogram, Bangladesh",,,2023-11-23,2023-12-02,,star_asia_2023_W50_4ece41_8eca7ebe14fc4074889f62bc8711f436.pdf,23.11.2023,,EU_DDMMYYYY,02.12.2023,,EU_DDMMYYYY,,,,
2023-12-16,50,Beaching / Arrival,WESTERN V,FISHING,868.0,,"Chattogram, Bangladesh",,,2023-11-23,2023-12-02,,star_asia_2023_W50_4ece41_8eca7ebe14fc4074889f62bc8711f436.pdf,23.11.2023,,EU_DDMMYYYY,02.12.2023,,EU_DDMMYYYY,,,,
2023-12-16,50,Beaching / Arrival,SEA SMILE,BULKER,8118.0,,"Chattogram, Bangladesh",,,2023-12-08,2023-12-14,,star_asia_2023_W50_4ece41_8eca7ebe14fc4074889f62bc8711f436.pdf,08.12.2023,,EU_DDMMYYYY,14.12.2023,,EU_DDMMYYYY,,,,
2023-12-16,50,Beaching / Arrival,SHUN SIN,GENERAL CARGO,527.0,,"Chattogram, Bangladesh",,,2023-12-01,2023-12-12,,star_asia_2023_W50_4ece41_8eca7ebe14fc4074889f62bc8711f436.pdf,01.12.2023,,EU_DDMMYYYY,12.12.2023,,EU_DDMMYYYY,,,,
2023-12-23,51,Reported Sale,SOL VALOUR,CONTAINER,3850.0,535.0,,1997,S.KOREA,,,AS IS COLOMBO WITH 250 TONS OF ROB INCLUDED IN SALE,star_asia_2023_W51_Market-report-Week-51.pdf,,,,,,,,,,
2023-12-23,51,Reported Sale,FSU SOORNA,FSU,40354.0,,,1975,JAPAN,,,"AS IS BANDAR BUSHEHR, IRAN/ UNDER TOW FOR REDELVIER SUB-CONTINENT",star_asia_2023_W51_Market-report-Week-51.pdf,,,,,,,,,,
2023-12-23,51,Reported Sale,OCEAN MONARCH,SEMI-SUB,21310.0,333.0,,1974,NORWAY,,,"AS IS JOHOR BHARU, MALAYSIA",star_asia_2023_W51_Market-report-Week-51.pdf,,,,,,,,,,
2023-12-23,51,Reported Sale,NEPTUNE 1,BULKER,9986.0,465.0,,1994,S.KOREA,,,AS IS HONG KONG FOR REDELVIERY GADANI,star_asia_2023_W51_Market-report-Week-51.pdf,,,,,,,,,,
2023-12-23,51,Beaching / Arrival,RIA,LPG CARRIER,29500.0,,"Alang, India",,,2023-12-23,,,star_asia_2023_W51_Market-report-Week-51.pdf,23.12.2023,,EU_DDMMYYYY,AWAITING,AWAITING,STATUS,,,,
2023-12-23,51,Beaching / Arrival,ICONIC 09,TUG,3062.0,,"Alang, India",,,2023-12-21,,,star_asia_2023_W51_Market-report-Week-51.pdf,21.12.2023,,EU_DDMMYYYY,AWAITING,AWAITING,STATUS,,,,
2023-12-23,51,Beaching / Arrival,IBRA,DREDGER,4960.0,,"Alang, India",,,2023-12-20,,,star_asia_2023_W51_Market-report-Week-51.pdf,20.12.2023,,EU_DDMMYYYY,AWAITING,AWAITING,STATUS,,,,
2023-12-23,51,Beaching / Arrival,RACE I,CONTAINER,5425.0,,"Alang, India",,,2023-12-20,,,star_asia_2023_W51_Market-report-Week-51.pdf,20.12.2023,,EU_DDMMYYYY,AWAITING,AWAITING,STATUS,,,,
2023-12-23,51,Beaching / Arrival,GAS DOLLART,LPG CARRIER,2491.0,,"Alang, India",,,2023-12-19,,,star_asia_2023_W51_Market-report-Week-51.pdf,19.12.2023,,EU_DDMMYYYY,AWAITING,AWAITING,STATUS,,,,
2023-12-23,51,Beaching / Arrival,CHIME,FISHING,5072.0,,"Alang, India",,,2023-12-16,,,star_asia_2023_W51_Market-report-Week-51.pdf,16.12.2023,,EU_DDMMYYYY,AWAITING,AWAITING,STATUS,,,,
2023-12-23,51,Beaching / Arrival,WHITE PALM,TUG,762.0,,"Alang, India",,,2023-12-16,,,star_asia_2023_W51_Market-report-Week-51.pdf,16.12.2023,,EU_DDMMYYYY,AWAITING,AWAITING,STATUS,,,,
2023-12-23,51,Beaching / Arrival,SAS 4,TUG,935.0,,"Alang, India",,,2023-12-16,,,star_asia_2023_W51_Market-report-Week-51.pdf,16.12.2023,,EU_DDMMYYYY,AWAITING,AWAITING,STATUS,,,,
2023-12-23,51,Beaching / Arrival,DAYTONE DYNAMIC,BULKER,6058.0,,"Alang, India",,,2023-12-16,,,star_asia_2023_W51_Market-report-Week-51.pdf,16.12.2023,,EU_DDMMYYYY,AWAITING,AWAITING,STATUS,,,,
2023-12-23,51,Beaching / Arrival,WHITE PALM,TUG,762.0,,"Alang, India",,,2023-12-16,,,star_asia_2023_W51_Market-report-Week-51.pdf,16.12.2023,,EU_DDMMYYYY,AWAITING,AWAITING,STATUS,,,,
2023-12-23,51,Beaching / Arrival,ALEKSANDR SHALIN,FISHING,839.0,,"Alang, India",,,2023-12-11,,,star_asia_2023_W51_Market-report-Week-51.pdf,11.12.2023,,EU_DDMMYYYY,AWAITING,AWAITING,STATUS,,,,
2023-12-23,51,Beaching / Arrival,WING SHENG,CONTAINER,3868.0,,"Chattogram, Bangladesh",,,2023-12-20,,,star_asia_2023_W51_Market-report-Week-51.pdf,20.12.2023,,EU_DDMMYYYY,AWAITING,AWAITING,STATUS,,,,
2023-12-23,51,Beaching / Arrival,SILVER WIND,GEN.CARGO,1011.0,,"Chattogram, Bangladesh",,,2023-12-15,,,star_asia_2023_W51_Market-report-Week-51.pdf,15.12.2023,,EU_DDMMYYYY,AWAITING,AWAITING,STATUS,,,,
2023-12-23,51,Beaching / Arrival,SEA SMILE,BULKER,8118.0,,"Chattogram, Bangladesh",,,2023-12-08,2023-12-14,,star_asia_2023_W51_Market-report-Week-51.pdf,08.12.2023,,EU_DDMMYYYY,14.12.2023,,EU_DDMMYYYY,,,,
2023-12-23,51,Beaching / Arrival,SHUN SIN,GENERAL CARGO,527.0,,"Chattogram, Bangladesh",,,2023-12-01,2023-12-12,,star_asia_2023_W51_Market-report-Week-51.pdf,01.12.2023,,EU_DDMMYYYY,12.12.2023,,EU_DDMMYYYY,,,,
2022-12-31,52,Reported Sale,HONG DE,BULKER,7534.0,498.0,,1996,JAPAN,,,"DELIVERED AS IS BATAM, INDONESIA, WITH BUNKERS FOC FOR THE VOYAGE",star_asia_2023_W52_Market-report-Week-52_compressed.pdf,,,,,,,,,,
2022-12-31,52,Reported Sale,FU OCEAN,GEN. CARGO,3567.0,460.0,"Chattogram, Bangladesh",1998,CHINA,,,DELVIERED CHATTOGRAM,star_asia_2023_W52_Market-report-Week-52_compressed.pdf,,,,,,,,,,
2022-12-31,52,Beaching / Arrival,BERGE APO,BULKER,20668.0,,"Chattogram, Bangladesh",,,2022-12-20,2022-12-24,,star_asia_2023_W52_Market-report-Week-52_compressed.pdf,20.12.2022,,EU_DDMMYYYY,24.12.2022,,EU_DDMMYYYY,,,,
2022-12-31,52,Beaching / Arrival,ETHAN,CONTAINER,5104.0,,"Chattogram, Bangladesh",,,2022-12-19,2022-12-23,,star_asia_2023_W52_Market-report-Week-52_compressed.pdf,19.12.2022,,EU_DDMMYYYY,23.12.2022,,EU_DDMMYYYY,,,,
2022-12-31,52,Beaching / Arrival,T-20,TENDER RIG,9408.0,,"Chattogram, Bangladesh",,,2022-12-19,2022-12-21,,star_asia_2023_W52_Market-report-Week-52_compressed.pdf,19.12.2022,,EU_DDMMYYYY,21.12.2022,,EU_DDMMYYYY,,,,
2022-12-31,52,Beaching / Arrival,T-19,TENDER RIG,7636.0,,"Chattogram, Bangladesh",,,2022-12-11,2022-12-13,,star_asia_2023_W52_Market-report-Week-52_compressed.pdf,11.12.2022,,EU_DDMMYYYY,13.12.2022,,EU_DDMMYYYY,,,,
2022-12-31,52,Beaching / Arrival,FLOATING DOCK V,FLOATING DOCK,9176.0,,"Chattogram, Bangladesh",,,2022-12-11,2022-12-13,,star_asia_2023_W52_Market-report-Week-52_compressed.pdf,11.12.2022,,EU_DDMMYYYY,13.12.2022,,EU_DDMMYYYY,,,,
2022-12-31,52,Beaching / Arrival,UNTER,FISHING TRAWLER,3918.0,,"Chattogram, Bangladesh",,,2022-12-10,2022-12-15,,star_asia_2023_W52_Market-report-Week-52_compressed.pdf,10.12.2022,,EU_DDMMYYYY,15.12.2022,,EU_DDMMYYYY,,,,
2022-12-31,52,Beaching / Arrival,LOBSTER,FISHING TRAWLER,3136.0,,"Chattogram, Bangladesh",,,2022-12-09,2022-12-14,,star_asia_2023_W52_Market-report-Week-52_compressed.pdf,09.12.2022,,EU_DDMMYYYY,14.12.2022,,EU_DDMMYYYY,,,,
2022-12-31,52,Beaching / Arrival,MARSHAL NOVIKOV,FISHING TRAWLER,3971.0,,"Chattogram, Bangladesh",,,2022-12-06,2022-12-14,,star_asia_2023_W52_Market-report-Week-52_compressed.pdf,06.12.2022,,EU_DDMMYYYY,14.12.2022,,EU_DDMMYYYY,,,,
2022-12-31,52,Beaching / Arrival,DORA,TANKER,12615.0,,"Chattogram, Bangladesh",,,2022-12-05,2022-12-08,,star_asia_2023_W52_Market-report-Week-52_compressed.pdf,05.12.2022,,EU_DDMMYYYY,08.12.2022,,EU_DDMMYYYY,,,,
2022-12-31,52,Beaching / Arrival,JOINT LUCK,TANKER,2063.0,,"Chattogram, Bangladesh",,,2022-12-24,,,star_asia_2023_W52_Market-report-Week-52_compressed.pdf,24.12.2022,,EU_DDMMYYYY,AWAITING,AWAITING,STATUS,,,,
2022-12-31,52,Beaching / Arrival,SYLT,TANKER,2001.0,,"Chattogram, Bangladesh",,,2022-12-23,,,star_asia_2023_W52_Market-report-Week-52_compressed.pdf,23.12.2022,,EU_DDMMYYYY,AWAITING,AWAITING,STATUS,,,,
2022-12-31,52,Beaching / Arrival,SHUN RONG,TANKER,879.0,,"Chattogram, Bangladesh",,,2022-12-22,,,star_asia_2023_W52_Market-report-Week-52_compressed.pdf,22.12.2022,,EU_DDMMYYYY,AWAITING,AWAITING,STATUS,,,,
2022-12-31,52,Beaching / Arrival,BELL,BULKER,7995.0,,"Chattogram, Bangladesh",,,2022-12-18,2022-12-23,,star_asia_2023_W52_Market-report-Week-52_compressed.pdf,18.12.2022,,EU_DDMMYYYY,23.12.2022,,EU_DDMMYYYY,,,,
2022-12-31,52,Beaching / Arrival,AN PING 8,BULKER,9804.0,,"Chattogram, Bangladesh",,,2022-12-19,2022-12-23,,star_asia_2023_W52_Market-report-Week-52_compressed.pdf,19.12.2022,,EU_DDMMYYYY,23.12.2022,,EU_DDMMYYYY,,,,
2022-12-31,52,Beaching / Arrival,MEIZHOU 1,BULKER,9453.0,,"Chattogram, Bangladesh",,,2022-12-17,2022-12-22,,star_asia_2023_W52_Market-report-Week-52_compressed.pdf,17.12.2022,,EU_DDMMYYYY,22.12.2022,,EU_DDMMYYYY,,,,
2022-12-31,52,Beaching / Arrival,FUNING 2,BULKER,5002.0,,"Chattogram, Bangladesh",,,2022-12-10,2022-12-24,,star_asia_2023_W52_Market-report-Week-52_compressed.pdf,10.12.2022,,EU_DDMMYYYY,24.12.2022,,EU_DDMMYYYY,,,,
2022-12-31,52,Beaching / Arrival,PK 27,LPG,1103.0,,"Chattogram, Bangladesh",,,2022-12-14,2022-12-21,,star_asia_2023_W52_Market-report-Week-52_compressed.pdf,14.12.2022,,EU_DDMMYYYY,21.12.2022,,EU_DDMMYYYY,,,,
2022-12-31,52,Beaching / Arrival,BOSFOR,TANKER,779.0,,"Chattogram, Bangladesh",,,2022-12-07,2022-12-20,,star_asia_2023_W52_Market-report-Week-52_compressed.pdf,07.12.2022,,EU_DDMMYYYY,20.12.2022,,EU_DDMMYYYY,,,,
2022-12-31,52,Beaching / Arrival,SHUN FU,BULKER,10672.0,,"Chattogram, Bangladesh",,,2022-12-03,2022-12-09,,star_asia_2023_W52_Market-report-Week-52_compressed.pdf,03.12.2022,,EU_DDMMYYYY,09.12.2022,,EU_DDMMYYYY,,,,
2022-12-31,52,Beaching / Arrival,HAI FENG 698,REEFER,7240.0,,"Chattogram, Bangladesh",,,2022-11-26,,,star_asia_2023_W52_Market-report-Week-52_compressed.pdf,26.11.2022,,EU_DDMMYYYY,AWAITING,AWAITING,STATUS,,,,
2022-12-31,52,Beaching / Arrival,CHANGI,BULKER,9824.0,,"Gaddani, Pakistan",,,2022-12-01,2022-12-11,,star_asia_2023_W52_Market-report-Week-52_compressed.pdf,01.12.2022,,EU_DDMMYYYY,11.12.2022,,EU_DDMMYYYY,,,,
2024-01-06,1,Reported Sale,MSC SOPHIE,CONTAINER,13616.0,565.0,"Alang, India",1993,S. KOREA,,,"DELIVERED ALANG, INDIA WITH 1200MT BUNKERS INCLUDED",star_asia_2024_W01_Market-report-Week-1.pdf,,,,,,,,,,
2024-01-06,1,Reported Sale,AL DHAFIRA,ROPAX,6040.0,387.0,,1987,GERMANY,,,"AS IS OMAN, UAE",star_asia_2024_W01_Market-report-Week-1.pdf,,,,,,,,,,
2024-01-06,1,Reported Sale,AT MIDDLE BRIDGE,GENERAL CARGO,3434.0,504.0,"Alang, India",1989,JAPAN,,,"DELIVERED ALANG, INDIA",star_asia_2024_W01_Market-report-Week-1.pdf,,,,,,,,,,
2024-01-06,1,Beaching / Arrival,SOL,CONTAINER,3870.0,,"Chattogram, Bangladesh",,,2024-01-05,,,star_asia_2024_W01_Market-report-Week-1.pdf,05.01.2024,,EU_DDMMYYYY,AWAITING,AWAITING,STATUS,,,,
2024-01-06,1,Beaching / Arrival,PROLIV LONGA,FISHING,1270.0,,"Chattogram, Bangladesh",,,2024-01-04,,,star_asia_2024_W01_Market-report-Week-1.pdf,04.01.2024,,EU_DDMMYYYY,AWAITING,AWAITING,STATUS,,,,
2024-01-06,1,Beaching / Arrival,ONYX 1,CONTAINER,10643.0,,"Chattogram, Bangladesh",,,2024-01-04,,,star_asia_2024_W01_Market-report-Week-1.pdf,04.01.2024,,EU_DDMMYYYY,AWAITING,AWAITING,STATUS,,,,
2024-01-06,1,Beaching / Arrival,SAS 4,TUG,935.0,,"Chattogram, Bangladesh",,,2023-12-16,,,star_asia_2024_W01_Market-report-Week-1.pdf,16.12.2023,,EU_DDMMYYYY,AWAITING,AWAITING,STATUS,,,,
2024-01-06,1,Beaching / Arrival,WHITE PALM,TUG,762.0,,"Chattogram, Bangladesh",,,2023-12-16,,,star_asia_2024_W01_Market-report-Week-1.pdf,16.12.2023,,EU_DDMMYYYY,AWAITING,AWAITING,STATUS,,,,
2024-01-06,1,Beaching / Arrival,GENERAL RUMOLO,CONTAINER,2533.0,,,,,2024-01-03,,,star_asia_2024_W01_Market-report-Week-1.pdf,03.01.2024,,EU_DDMMYYYY,AWAITING,AWAITING,STATUS,,,,
2024-01-06,1,Beaching / Arrival,JIN HAI XI,CONTAINER,5931.0,,,,,2024-01-02,,,star_asia_2024_W01_Market-report-Week-1.pdf,02.01.2024,,EU_DDMMYYYY,AWAITING,AWAITING,STATUS,,,,
2024-01-06,1,Beaching / Arrival,WEST OCEAN 12,GEN.CARGO,1733.0,,,,,2023-12-23,,,star_asia_2024_W01_Market-report-Week-1.pdf,23.12.2023,,EU_DDMMYYYY,AWAITING,AWAITING,STATUS,,,,
2024-01-13,2,Reported Sale,MSC UMA,CONTAINER,10455.0,530.0,"Alang, India",1998,POLAND,,,DELIVERED ALANG FOR GREEN RECYCLING IN MSC-APPROVED FACILITIES,star_asia_2024_W02_Market-report-Week-2.pdf,,,,,,,,,,
2024-01-13,2,Beaching / Arrival,SAS 4,TUG,935.0,,"Alang, India",,,2023-12-16,,,star_asia_2024_W02_Market-report-Week-2.pdf,16.12.2023,,EU_DDMMYYYY,AWAITING,AWAITING,STATUS,,,,
2024-01-13,2,Beaching / Arrival,PROLIV LONGA,FISHING,1270.0,,"Alang, India",,,2024-01-04,,,star_asia_2024_W02_Market-report-Week-2.pdf,04.01.2024,,EU_DDMMYYYY,AWAITING,AWAITING,STATUS,,,,
2024-01-13,2,Beaching / Arrival,AT MIDDLE BRIDGE,GENERAL CARGO,3406.0,,"Alang, India",,,2024-01-12,,,star_asia_2024_W02_Market-report-Week-2.pdf,12.01.2024,,EU_DDMMYYYY,AWAITING,AWAITING,STATUS,,,,
2024-01-13,2,Beaching / Arrival,YONG FENG,TANKER,2055.0,,"Chattogram, Bangladesh",,,2024-01-12,,,star_asia_2024_W02_Market-report-Week-2.pdf,12.01.2024,,EU_DDMMYYYY,AWAITING,AWAITING,STATUS,,,,
2024-01-13,2,Beaching / Arrival,DUTA 1,RORO,5913.0,,"Chattogram, Bangladesh",,,2024-01-09,,,star_asia_2024_W02_Market-report-Week-2.pdf,09.01.2024,,EU_DDMMYYYY,AWAITING,AWAITING,STATUS,,,,
2024-01-13,2,Beaching / Arrival,GENERAL RUMOLO,CONTAINER,2533.0,,"Chattogram, Bangladesh",,,2024-01-03,,,star_asia_2024_W02_Market-report-Week-2.pdf,03.01.2024,,EU_DDMMYYYY,AWAITING,AWAITING,STATUS,,,,
2024-01-13,2,Beaching / Arrival,JIN HAI XI,CONTAINER,5931.0,,"Chattogram, Bangladesh",,,2024-01-02,,,star_asia_2024_W02_Market-report-Week-2.pdf,02.01.2024,,EU_DDMMYYYY,AWAITING,AWAITING,STATUS,,,,
2024-01-13,2,Beaching / Arrival,WEST OCEAN 12,GEN.CARGO,1733.0,,"Chattogram, Bangladesh",,,2023-12-23,2024-01-11,,star_asia_2024_W02_Market-report-Week-2.pdf,23.12.2023,,EU_DDMMYYYY,11.01.2024,,EU_DDMMYYYY,,,,
2024-01-13,2,Beaching / Arrival,G Harmony,"11,312",,,"Aliaga, Turkey",,,2024-01-06,,,star_asia_2024_W02_Market-report-Week-2.pdf,06.01.2024,,EU_DDMMYYYY,AWAITING,AWAITING,STATUS,,,,
2024-01-20,3,Reported Sale,MSC EAGLE F,GENERAL CARGO,6878.0,505.0,"Alang, India",2000,CHINA,,,DELIVERED ALANG FOR MSC- APPROVED YARDS,star_asia_2024_W03_Market-report-Week-3.pdf,,,,,,,,,,
2024-01-20,3,Reported Sale,MSC JEMIMA,CONTAINER,12677.0,525.0,"Alang, India",1994,SPAIN,,,DELIVERED ALANG FOR MSC- APPROVED YARDS,star_asia_2024_W03_Market-report-Week-3.pdf,,,,,,,,,,
2024-01-20,3,Reported Sale,MTT SINGAPORE,CONTAINER,3826.0,512.0,,1996,S. KOREA,,,"AS IS PORT KLANG, MALAYSIA, WITH 250 MT ROB INCLUDED",star_asia_2024_W03_Market-report-Week-3.pdf,,,,,,,,,,
2024-01-20,3,Reported Sale,JIN YUAN HE,CONTAINER,6841.0,538.0,"Chattogram, Bangladesh",1991,GERMANY,,,DELIVERED CHATTOGRAM,star_asia_2024_W03_Market-report-Week-3.pdf,,,,,,,,,,
2024-01-20,3,Reported Sale,RONG DA CHANG,GENERAL CARGO,9654.0,535.0,"Chattogram, Bangladesh",1998,CROATIA,,,DELIVERED CHATTOGRAM,star_asia_2024_W03_Market-report-Week-3.pdf,,,,,,,,,,
2024-01-20,3,Beaching / Arrival,ARKAY AB 12,DUMB BARGE,779.0,,"Alang, India",,,2024-01-19,,,star_asia_2024_W03_Market-report-Week-3.pdf,19.01.2024,,EU_DDMMYYYY,AWAITING,AWAITING,STATUS,,,,
2024-01-20,3,Beaching / Arrival,ARKAY AB 11,DUMB BARGE,788.0,,"Alang, India",,,2024-01-16,,,star_asia_2024_W03_Market-report-Week-3.pdf,16.01.2024,,EU_DDMMYYYY,AWAITING,AWAITING,STATUS,,,,
2024-01-20,3,Beaching / Arrival,VILIGA,FISHING,804.0,,"Alang, India",,,2024-01-18,,,star_asia_2024_W03_Market-report-Week-3.pdf,18.01.2024,,EU_DDMMYYYY,AWAITING,AWAITING,STATUS,,,,
2024-01-20,3,Beaching / Arrival,SAS 4,TUG,935.0,,"Alang, India",,,2023-12-16,,,star_asia_2024_W03_Market-report-Week-3.pdf,16.12.2023,,EU_DDMMYYYY,AWAITING,AWAITING,STATUS,,,,
2024-01-20,3,Beaching / Arrival,AT MIDDLE BRIDGE,GENERAL CARGO,3406.0,,"Alang, India",,,2024-01-12,,,star_asia_2024_W03_Market-report-Week-3.pdf,12.01.2024,,EU_DDMMYYYY,AWAITING,AWAITING,STATUS,,,,
2024-01-20,3,Beaching / Arrival,PROLIV LONGA,FISHING,1270.0,,"Alang, India",,,2024-01-04,2024-01-13,,star_asia_2024_W03_Market-report-Week-3.pdf,04.01.2024,,EU_DDMMYYYY,13.01.2024,,EU_DDMMYYYY,,,,
2024-01-20,3,Beaching / Arrival,ZE LENG,REEFER,7007.0,,"Alang, India",,,2024-01-09,2024-01-12,,star_asia_2024_W03_Market-report-Week-3.pdf,09.01.2024,,EU_DDMMYYYY,12.01.2024,,EU_DDMMYYYY,,,,
2024-01-20,3,Beaching / Arrival,MSC UMA,CONTAINER,10455.0,,"Alang, India",,,2024-01-11,2024-01-13,,star_asia_2024_W03_Market-report-Week-3.pdf,11.01.2024,,EU_DDMMYYYY,13.01.2024,,EU_DDMMYYYY,,,,
2024-01-20,3,Beaching / Arrival,MSC SOPHIE,CONTAINER,13616.0,,"Alang, India",,,2024-01-10,2024-01-13,,star_asia_2024_W03_Market-report-Week-3.pdf,10.01.2024,,EU_DDMMYYYY,13.01.2024,,EU_DDMMYYYY,,,,
2024-01-20,3,Beaching / Arrival,SOL,CONTAINER,3870.0,,"Alang, India",,,2024-01-05,2023-01-11,,star_asia_2024_W03_Market-report-Week-3.pdf,05.01.2024,,EU_DDMMYYYY,11.01.2023,,EU_DDMMYYYY,,,,
2024-01-20,3,Beaching / Arrival,ONYX 1,CONTAINER,10643.0,,"Alang, India",,,2024-01-04,2024-01-10,,star_asia_2024_W03_Market-report-Week-3.pdf,04.01.2024,,EU_DDMMYYYY,10.01.2024,,EU_DDMMYYYY,,,,
2024-01-20,3,Beaching / Arrival,WHITE PALM,TUG,762.0,,"Alang, India",,,2023-12-16,2024-01-08,,star_asia_2024_W03_Market-report-Week-3.pdf,16.12.2023,,EU_DDMMYYYY,08.01.2024,,EU_DDMMYYYY,,,,
2024-01-20,3,Beaching / Arrival,SAMBONG 3,GEN. CARGO,2570.0,,"Chattogram, Bangladesh",,,2024-01-18,,,star_asia_2024_W03_Market-report-Week-3.pdf,18.01.2024,,EU_DDMMYYYY,AWATIING,AWAITING,STATUS,,,,
2024-01-20,3,Beaching / Arrival,YI CHENG 58,MPP,4301.0,,"Chattogram, Bangladesh",,,2024-01-16,,,star_asia_2024_W03_Market-report-Week-3.pdf,16.01.2024,,EU_DDMMYYYY,AWAITING,AWAITING,STATUS,,,,
2024-01-20,3,Beaching / Arrival,DUTA 1,RORO,5913.0,,"Chattogram, Bangladesh",,,2024-01-09,2024-01-18,,star_asia_2024_W03_Market-report-Week-3.pdf,09.01.2024,,EU_DDMMYYYY,18.01.2024,,EU_DDMMYYYY,,,,
2024-01-20,3,Beaching / Arrival,YONG FENG,TANKER,2055.0,,"Chattogram, Bangladesh",,,2024-01-12,2024-01-17,,star_asia_2024_W03_Market-report-Week-3.pdf,12.01.2024,,EU_DDMMYYYY,17.01.2024,,EU_DDMMYYYY,,,,
2024-01-20,3,Beaching / Arrival,GENERAL RUMOLO,CONTAINER,2533.0,,"Chattogram, Bangladesh",,,2024-01-03,2024-01-17,,star_asia_2024_W03_Market-report-Week-3.pdf,03.01.2024,,EU_DDMMYYYY,17.01.2024,,EU_DDMMYYYY,,,,
2024-01-20,3,Beaching / Arrival,JIN HAI XI,CONTAINER,5931.0,,"Chattogram, Bangladesh",,,2024-01-02,2024-01-13,,star_asia_2024_W03_Market-report-Week-3.pdf,02.01.2024,,EU_DDMMYYYY,13.01.2024,,EU_DDMMYYYY,,,,
2024-01-20,3,Beaching / Arrival,WEST OCEAN 12,GEN.CARGO,1733.0,,"Chattogram, Bangladesh",,,2023-12-23,2024-01-11,,star_asia_2024_W03_Market-report-Week-3.pdf,23.12.2023,,EU_DDMMYYYY,11.01.2024,,EU_DDMMYYYY,,,,
2024-01-20,3,Beaching / Arrival,SSL DELHI,CONTAINER,10669.0,,"Chattogram, Bangladesh",,,2024-01-16,,,star_asia_2024_W03_Market-report-Week-3.pdf,16.01.2024,,EU_DDMMYYYY,AWAITING,AWAITING,STATUS,,,,
2024-01-20,3,Beaching / Arrival,TUNE,BULKER,9986.0,,"Chattogram, Bangladesh",,,2024-01-16,,,star_asia_2024_W03_Market-report-Week-3.pdf,16.01.2024,,EU_DDMMYYYY,AWAITING,AWAITING,STATUS,,,,
2024-01-20,3,Beaching / Arrival,G HARMONY,GENERAL CARGO,11312.0,,"Chattogram, Bangladesh",,,2024-01-06,2024-01-13,,star_asia_2024_W03_Market-report-Week-3.pdf,06.01.2024,,EU_DDMMYYYY,13.01.2024,,EU_DDMMYYYY,,,,
2024-01-28,4,Reported Sale,XIN XING AN,BULKER,5113.0,485.0,"Chattogram, Bangladesh",1992,JAPAN,,,DELIVERED CHATTOGRAM,star_asia_2024_W04_Market-report-Week-4.pdf,,,,,,,,,,
2024-01-28,4,Beaching / Arrival,TOMSON GAS,LPG,1990.0,,"Chattogram, Bangladesh",,,2024-01-25,,,star_asia_2024_W04_Market-report-Week-4.pdf,25.01.2024,,EU_DDMMYYYY,AWAITING,AWAITING,STATUS,,,,
2024-01-28,4,Beaching / Arrival,ICE RIVER,REEFER,6985.0,,"Chattogram, Bangladesh",,,2024-01-25,,,star_asia_2024_W04_Market-report-Week-4.pdf,25.01.2024,,EU_DDMMYYYY,AWAITING,AWAITING,STATUS,,,,
2024-01-28,4,Beaching / Arrival,MSC JEMIMA,CONTAINER,12677.0,,"Chattogram, Bangladesh",,,2024-01-24,,,star_asia_2024_W04_Market-report-Week-4.pdf,24.01.2024,,EU_DDMMYYYY,AWAITING,AWAITING,STATUS,,,,
2024-01-28,4,Beaching / Arrival,GREEN FREEZER,REEFER,2987.0,,"Chattogram, Bangladesh",,,2024-01-22,,,star_asia_2024_W04_Market-report-Week-4.pdf,22.01.2024,,EU_DDMMYYYY,AWAITING,AWAITING,STATUS,,,,
2024-01-28,4,Beaching / Arrival,VILIGA,FISHING,804.0,,"Chattogram, Bangladesh",,,2024-01-18,,,star_asia_2024_W04_Market-report-Week-4.pdf,18.01.2024,,EU_DDMMYYYY,AWAITING,AWAITING,STATUS,,,,
2024-01-28,4,Beaching / Arrival,SAS 4,TUG,935.0,,"Chattogram, Bangladesh",,,2023-12-16,,,star_asia_2024_W04_Market-report-Week-4.pdf,16.12.2023,,EU_DDMMYYYY,AWAITING,AWAITING,STATUS,,,,
2024-01-28,4,Beaching / Arrival,AT MIDDLE BRIDGE,GENERAL CARGO,3406.0,,"Chattogram, Bangladesh",,,2024-01-12,2024-01-19,,star_asia_2024_W04_Market-report-Week-4.pdf,12.01.2024,,EU_DDMMYYYY,19.01.2024,,EU_DDMMYYYY,,,,
2024-01-28,4,Beaching / Arrival,ARKAY AB 12,DUMB BARGE,779.0,,"Chattogram, Bangladesh",,,2024-01-19,2024-01-18,,star_asia_2024_W04_Market-report-Week-4.pdf,19.01.2024,,EU_DDMMYYYY,18.01.2024,,EU_DDMMYYYY,,,,
2024-01-28,4,Beaching / Arrival,ARKAY AB 11,DUMB BARGE,788.0,,"Chattogram, Bangladesh",,,2024-01-16,2024-01-16,,star_asia_2024_W04_Market-report-Week-4.pdf,16.01.2024,,EU_DDMMYYYY,16.01.2024,,EU_DDMMYYYY,,,,
2024-01-28,4,Beaching / Arrival,PROLIV LONGA,FISHING,1270.0,,"Chattogram, Bangladesh",,,2024-01-04,2024-01-13,,star_asia_2024_W04_Market-report-Week-4.pdf,04.01.2024,,EU_DDMMYYYY,13.01.2024,,EU_DDMMYYYY,,,,
2024-01-28,4,Beaching / Arrival,ZE LENG,REEFER,7007.0,,"Chattogram, Bangladesh",,,2024-01-09,2024-01-12,,star_asia_2024_W04_Market-report-Week-4.pdf,09.01.2024,,EU_DDMMYYYY,12.01.2024,,EU_DDMMYYYY,,,,
2024-01-28,4,Beaching / Arrival,MSC UMA,CONTAINER,10455.0,,"Chattogram, Bangladesh",,,2024-01-11,2024-01-13,,star_asia_2024_W04_Market-report-Week-4.pdf,11.01.2024,,EU_DDMMYYYY,13.01.2024,,EU_DDMMYYYY,,,,
2024-01-28,4,Beaching / Arrival,MSC SOPHIE,CONTAINER,13616.0,,"Chattogram, Bangladesh",,,2024-01-10,2024-01-13,,star_asia_2024_W04_Market-report-Week-4.pdf,10.01.2024,,EU_DDMMYYYY,13.01.2024,,EU_DDMMYYYY,,,,
2024-01-28,4,Beaching / Arrival,SOL,CONTAINER,3870.0,,"Chattogram, Bangladesh",,,2024-01-05,2023-01-11,,star_asia_2024_W04_Market-report-Week-4.pdf,05.01.2024,,EU_DDMMYYYY,11.01.2023,,EU_DDMMYYYY,,,,
2024-01-28,4,Beaching / Arrival,ONYX 1,CONTAINER,10643.0,,"Chattogram, Bangladesh",,,2024-01-04,2024-01-10,,star_asia_2024_W04_Market-report-Week-4.pdf,04.01.2024,,EU_DDMMYYYY,10.01.2024,,EU_DDMMYYYY,,,,
2024-01-28,4,Beaching / Arrival,WHITE PALM,TUG,762.0,,"Chattogram, Bangladesh",,,2023-12-16,2024-01-08,,star_asia_2024_W04_Market-report-Week-4.pdf,16.12.2023,,EU_DDMMYYYY,08.01.2024,,EU_DDMMYYYY,,,,
2024-01-28,4,Beaching / Arrival,P DELTA,CONTAINER,5256.0,,,,,2024-01-24,,,star_asia_2024_W04_Market-report-Week-4.pdf,24.01.2024,,EU_DDMMYYYY,AWAITING,AWAITING,STATUS,,,,
2024-01-28,4,Beaching / Arrival,SINGHPUR,TUG,348.0,,,,,2024-01-23,,,star_asia_2024_W04_Market-report-Week-4.pdf,23.01.2024,,EU_DDMMYYYY,AWAITING,AWAITING,STATUS,,,,
2024-01-28,4,Beaching / Arrival,SONG,BULKER,11247.0,,,,,2024-01-20,,,star_asia_2024_W04_Market-report-Week-4.pdf,20.01.2024,,EU_DDMMYYYY,AWAITING,AWAITING,STATUS,,,,
2024-01-28,4,Beaching / Arrival,YI CHENG 58,MPP,4301.0,,,,,2024-01-16,,,star_asia_2024_W04_Market-report-Week-4.pdf,16.01.2024,,EU_DDMMYYYY,AWAITING,AWAITING,STATUS,,,,
2024-01-28,4,Beaching / Arrival,SAMBONG 3,GEN. CARGO,2570.0,,,,,2024-01-18,2024-01-25,,star_asia_2024_W04_Market-report-Week-4.pdf,18.01.2024,,EU_DDMMYYYY,25.01.2024,,EU_DDMMYYYY,,,,
2024-01-28,4,Beaching / Arrival,DUTA 1,RORO,5913.0,,,,,2024-01-09,2024-01-18,,star_asia_2024_W04_Market-report-Week-4.pdf,09.01.2024,,EU_DDMMYYYY,18.01.2024,,EU_DDMMYYYY,,,,
2024-01-28,4,Beaching / Arrival,YONG FENG,TANKER,2055.0,,,,,2024-01-12,2024-01-17,,star_asia_2024_W04_Market-report-Week-4.pdf,12.01.2024,,EU_DDMMYYYY,17.01.2024,,EU_DDMMYYYY,,,,
2024-01-28,4,Beaching / Arrival,GENERAL RUMOLO,CONTAINER,2533.0,,,,,2024-01-03,2024-01-17,,star_asia_2024_W04_Market-report-Week-4.pdf,03.01.2024,,EU_DDMMYYYY,17.01.2024,,EU_DDMMYYYY,,,,
2024-01-28,4,Beaching / Arrival,JIN HAI XI,CONTAINER,5931.0,,,,,2024-01-02,2024-01-13,,star_asia_2024_W04_Market-report-Week-4.pdf,02.01.2024,,EU_DDMMYYYY,13.01.2024,,EU_DDMMYYYY,,,,
2024-01-28,4,Beaching / Arrival,WEST OCEAN 12,GEN.CARGO,1733.0,,,,,2023-12-23,2024-01-11,,star_asia_2024_W04_Market-report-Week-4.pdf,23.12.2023,,EU_DDMMYYYY,11.01.2024,,EU_DDMMYYYY,,,,
2024-01-28,4,Beaching / Arrival,SSL DELHI,CONTAINER,10669.0,,"Chattogram, Bangladesh",,,2024-01-16,2024-01-23,,star_asia_2024_W04_Market-report-Week-4.pdf,16.01.2024,,EU_DDMMYYYY,23.01.2024,,EU_DDMMYYYY,,,,
2024-01-28,4,Beaching / Arrival,TUNE,BULKER,9986.0,,"Chattogram, Bangladesh",,,2024-01-16,2024-01-25,,star_asia_2024_W04_Market-report-Week-4.pdf,16.01.2024,,EU_DDMMYYYY,25.01.2024,,EU_DDMMYYYY,,,,
2024-01-28,4,Beaching / Arrival,G HARMONY,GENERAL CARGO,11312.0,,"Chattogram, Bangladesh",,,2024-01-06,2024-01-13,,star_asia_2024_W04_Market-report-Week-4.pdf,06.01.2024,,EU_DDMMYYYY,13.01.2024,,EU_DDMMYYYY,,,,
2024-02-10,6,Reported Sale,KONSTANTINOS,BULKER,7979.0,520.0,"Chattogram, Bangladesh",1995,S. KOREA,,,DELIVERED CHATTOGRAM,star_asia_2024_W06_Market-report-Week-6.pdf,,,,,,,,,,
2024-02-10,6,Reported Sale,EX FORTUNA,BULKER,7371.0,525.0,"Chattogram, Bangladesh",1995,JAPAN,,,DELIVERED CHATTOGRAM,star_asia_2024_W06_Market-report-Week-6.pdf,,,,,,,,,,
2024-02-10,6,Reported Sale,BUKHTA NAGAEVA,REEFER,2394.0,495.0,"Chattogram, Bangladesh",1984,POLAND,,,DELIVERED CHATTOGRAM,star_asia_2024_W06_Market-report-Week-6.pdf,,,,,,,,,,
2024-02-10,6,Beaching / Arrival,TOMSON GAS,LPG,1990.0,,"Chattogram, Bangladesh",,,2024-01-25,2024-02-09,,star_asia_2024_W06_Market-report-Week-6.pdf,25.01.2024,,EU_DDMMYYYY,09.02.2024,,EU_DDMMYYYY,,,,
2024-02-10,6,Beaching / Arrival,SAFE,GENERAL CARGO,890.0,,"Chattogram, Bangladesh",,,2024-02-01,2024-02-08,,star_asia_2024_W06_Market-report-Week-6.pdf,01.02.2024,,EU_DDMMYYYY,08.02.2024,,EU_DDMMYYYY,,,,
2024-02-10,6,Beaching / Arrival,SAS 4,TUG,935.0,,"Chattogram, Bangladesh",,,2023-12-16,2024-02-08,,star_asia_2024_W06_Market-report-Week-6.pdf,16.12.2023,,EU_DDMMYYYY,08.02.2024,,EU_DDMMYYYY,,,,
2024-02-10,6,Beaching / Arrival,VILIGA,FISHING,804.0,,"Chattogram, Bangladesh",,,2024-01-18,2024-02-07,,star_asia_2024_W06_Market-report-Week-6.pdf,18.01.2024,,EU_DDMMYYYY,07.02.2024,,EU_DDMMYYYY,,,,
2024-02-10,6,Beaching / Arrival,ZE SHENG,AGGREGATES,3492.0,,"Chattogram, Bangladesh",,,2024-01-30,2024-02-01,,star_asia_2024_W06_Market-report-Week-6.pdf,30.01.2024,,EU_DDMMYYYY,01.02.2024,,EU_DDMMYYYY,,,,
2024-02-10,6,Beaching / Arrival,KONSTANTINOS,BULKER,7979.0,,,,,2024-02-08,,,star_asia_2024_W06_Market-report-Week-6.pdf,08.02.2024,,EU_DDMMYYYY,AWAITING,AWAITING,STATUS,,,,
2024-02-10,6,Beaching / Arrival,LILA NANTONG,BULKER,23982.0,,,,,2024-02-05,,,star_asia_2024_W06_Market-report-Week-6.pdf,05.02.2024,,EU_DDMMYYYY,AWAITING,AWAITING,STATUS,,,,
2024-02-10,6,Beaching / Arrival,LUFFY,GEN.CARGO,4635.0,,,,,2024-02-04,,,star_asia_2024_W06_Market-report-Week-6.pdf,04.02.2024,,EU_DDMMYYYY,AWAITING,AWAITING,STATUS,,,,
2024-02-10,6,Beaching / Arrival,WADI S,BULKER,10247.0,,,,,2024-02-04,,,star_asia_2024_W06_Market-report-Week-6.pdf,04.02.2024,,EU_DDMMYYYY,AWAITING,AWAITING,STATUS,,,,
2024-02-10,6,Beaching / Arrival,SPAN 23,CONTAINER,2197.0,,,,,2024-01-31,2024-02-02,,star_asia_2024_W06_Market-report-Week-6.pdf,31.01.2024,,EU_DDMMYYYY,02.02.2024,,EU_DDMMYYYY,,,,
2024-02-10,6,Beaching / Arrival,P DELTA,CONTAINER,5256.0,,,,,2024-01-24,2024-02-02,,star_asia_2024_W06_Market-report-Week-6.pdf,24.01.2024,,EU_DDMMYYYY,02.02.2024,,EU_DDMMYYYY,,,,
2024-02-10,6,Beaching / Arrival,KONSHIN,GEN. CARGO,1416.0,,,,,2024-01-29,2024-02-01,,star_asia_2024_W06_Market-report-Week-6.pdf,29.01.2024,,EU_DDMMYYYY,01.02.2024,,EU_DDMMYYYY,,,,
2024-02-10,6,Beaching / Arrival,ZE HONG,CONTAINER,11618.0,,"Chattogram, Bangladesh",,,2024-01-27,,,star_asia_2024_W06_Market-report-Week-6.pdf,27.01.2024,,EU_DDMMYYYY,AWAITING,AWAITING,STATUS,,,,
2024-02-17,7,Reported Sale,BONTRUP EMIRATES,GENERAL CARGO,11722.0,520.0,"Chattogram, Bangladesh",1989,S. KOREA,,,DELIVERED ALANG / CHATTOGRAM FOR HKC RECYCLING,star_asia_2024_W07_Market-report-Week-7.pdf,,,,,,,,,,
2024-02-17,7,Reported Sale,SINAR TARAKAN,LPG,2163.0,538.0,"Chattogram, Bangladesh",1995,JAPAN,,,DELIVERED CHATTOGRAM,star_asia_2024_W07_Market-report-Week-7.pdf,,,,,,,,,,
2024-02-17,7,Beaching / Arrival,NAND RAJGADI,GENERAL CARGO,796.0,,"Chattogram, Bangladesh",,,2024-02-15,,,star_asia_2024_W07_Market-report-Week-7.pdf,15.02.2024,,EU_DDMMYYYY,AWAITING,AWAITING,STATUS,,,,
2024-02-17,7,Beaching / Arrival,HASAN,GENERAL CARGO,3174.0,,"Chattogram, Bangladesh",,,2024-02-14,2024-02-14,,star_asia_2024_W07_Market-report-Week-7.pdf,14.02.2024,,EU_DDMMYYYY,14.02.2024,,EU_DDMMYYYY,,,,
2024-02-17,7,Beaching / Arrival,TOMSON GAS,LPG,1990.0,,"Chattogram, Bangladesh",,,2024-01-25,2024-02-09,,star_asia_2024_W07_Market-report-Week-7.pdf,25.01.2024,,EU_DDMMYYYY,09.02.2024,,EU_DDMMYYYY,,,,
2024-02-17,7,Beaching / Arrival,SAFE,GENERAL CARGO,890.0,,"Chattogram, Bangladesh",,,2024-02-01,2024-02-08,,star_asia_2024_W07_Market-report-Week-7.pdf,01.02.2024,,EU_DDMMYYYY,08.02.2024,,EU_DDMMYYYY,,,,
2024-02-17,7,Beaching / Arrival,SAS 4,TUG,935.0,,"Chattogram, Bangladesh",,,2023-12-16,2024-02-08,,star_asia_2024_W07_Market-report-Week-7.pdf,16.12.2023,,EU_DDMMYYYY,08.02.2024,,EU_DDMMYYYY,,,,
2024-02-17,7,Beaching / Arrival,VILIGA,FISHING,804.0,,"Chattogram, Bangladesh",,,2024-01-18,2024-02-07,,star_asia_2024_W07_Market-report-Week-7.pdf,18.01.2024,,EU_DDMMYYYY,07.02.2024,,EU_DDMMYYYY,,,,
2024-02-17,7,Beaching / Arrival,ZE SHENG,AGGREGATES,3492.0,,"Chattogram, Bangladesh",,,2024-01-30,2024-02-01,,star_asia_2024_W07_Market-report-Week-7.pdf,30.01.2024,,EU_DDMMYYYY,01.02.2024,,EU_DDMMYYYY,,,,
2024-02-17,7,Beaching / Arrival,FUKUDA,TANKER,750.0,,"Chattogram, Bangladesh",,,2023-02-12,,,star_asia_2024_W07_Market-report-Week-7.pdf,12.02.2023,,EU_DDMMYYYY,AWAITING,AWAITING,STATUS,,,,
2024-02-17,7,Beaching / Arrival,DON FENG,CONTAINER,2405.0,,"Chattogram, Bangladesh",,,2024-02-12,,,star_asia_2024_W07_Market-report-Week-7.pdf,12.02.2024,,EU_DDMMYYYY,AWAITING,AWAITING,STATUS,,,,
2024-02-17,7,Beaching / Arrival,LEGASPI,GEN.CARGO,1506.0,,"Chattogram, Bangladesh",,,2024-02-11,,,star_asia_2024_W07_Market-report-Week-7.pdf,11..02.2024,,RECONSTRUCTED_8DIGIT,AWAITING,AWAITING,STATUS,,,,
2024-02-17,7,Beaching / Arrival,ZEUS ONE,BULKER,21364.0,,"Chattogram, Bangladesh",,,2024-02-11,,,star_asia_2024_W07_Market-report-Week-7.pdf,11.02.2024,,EU_DDMMYYYY,AWAITING,AWAITING,STATUS,,,,
2024-02-17,7,Beaching / Arrival,MANIS 7,CONTAINER,5467.0,,"Chattogram, Bangladesh",,,2024-02-12,,,star_asia_2024_W07_Market-report-Week-7.pdf,12.02.2024,,EU_DDMMYYYY,AWAITNG,AWAITING,STATUS,,,,
2024-02-17,7,Beaching / Arrival,KONSTANTINOS,BULKER,7979.0,,"Chattogram, Bangladesh",,,2024-02-08,2024-02-13,,star_asia_2024_W07_Market-report-Week-7.pdf,08.02.2024,,EU_DDMMYYYY,13.02.2024,,EU_DDMMYYYY,,,,
2024-02-17,7,Beaching / Arrival,ZE HONG,CONTAINER,11618.0,,,,,2024-01-27,,,star_asia_2024_W07_Market-report-Week-7.pdf,27.01.2024,,EU_DDMMYYYY,AWAITING,AWAITING,STATUS,,,,
2024-02-23,8,Reported Sale,NAN HAI TIAOZHAN,DRILLING PLATFORM,16327.0,,,1975,JAPAN,,,AS IS WHERE IS SOUTH CHINA SEA – NEAR HONG KONG,star_asia_2024_W08_Market-report-Week-8.pdf,,,,,,,,,,
2024-02-23,8,Reported Sale,NAN HAI SHENG LI,FPSO,33151.0,,,1975,JAPAN,,,AS IS WHERE IS SOUTH CHINA SEA – NEAR HONG KONG,star_asia_2024_W08_Market-report-Week-8.pdf,,,,,,,,,,
2024-02-23,8,Reported Sale,QATAR ANA,BULKER,8015.0,509.0,,1989,JAPAN,,,DELVIERED GADANI,star_asia_2024_W08_Market-report-Week-8.pdf,,,,,,,,,,
2024-02-23,8,Reported Sale,FAR EAST CHEER,MPP,3652.0,,"Chattogram, Bangladesh",2007,CHINA,,,"AS IS WHERE IS ZHOUSHAN, CHINA, FOR REDELIVERY TO CHATTOGRAM",star_asia_2024_W08_Market-report-Week-8.pdf,,,,,,,,,,
2024-02-23,8,Reported Sale,XIN XIANG RUI,BULKER,5119.0,518.0,"Chattogram, Bangladesh",1992,JAPAN,,,DELIVERED CHATTOGRAM,star_asia_2024_W08_Market-report-Week-8.pdf,,,,,,,,,,
2024-02-23,8,Reported Sale,WANG HAI,BULKER,23038.0,528.0,,2003,CHINA,,,DELIVERED GADANI,star_asia_2024_W08_Market-report-Week-8.pdf,,,,,,,,,,
2024-02-23,8,Beaching / Arrival,BONTRUP EMIRATES,GENERAL CARGO,11722.0,,"Alang, India",,,2024-02-22,,,star_asia_2024_W08_Market-report-Week-8.pdf,22.02.2024,,EU_DDMMYYYY,AWAITING,AWAITING,STATUS,,,,
2024-02-23,8,Beaching / Arrival,NAND RAJGADI,GENERAL CARGO,796.0,,"Alang, India",,,2024-02-15,2024-02-20,,star_asia_2024_W08_Market-report-Week-8.pdf,15.02.2024,,EU_DDMMYYYY,20.02.2024,,EU_DDMMYYYY,,,,
2024-02-23,8,Beaching / Arrival,HASAN,GENERAL CARGO,3174.0,,"Alang, India",,,2024-02-14,2024-02-14,,star_asia_2024_W08_Market-report-Week-8.pdf,14.02.2024,,EU_DDMMYYYY,14.02.2024,,EU_DDMMYYYY,,,,
2024-02-23,8,Beaching / Arrival,TOMSON GAS,LPG,1990.0,,"Alang, India",,,2024-01-25,2024-02-09,,star_asia_2024_W08_Market-report-Week-8.pdf,25.01.2024,,EU_DDMMYYYY,09.02.2024,,EU_DDMMYYYY,,,,
2024-02-23,8,Beaching / Arrival,SAFE,GENERAL CARGO,890.0,,"Alang, India",,,2024-02-01,2024-02-08,,star_asia_2024_W08_Market-report-Week-8.pdf,01.02.2024,,EU_DDMMYYYY,08.02.2024,,EU_DDMMYYYY,,,,
2024-02-23,8,Beaching / Arrival,SAS 4,TUG,935.0,,"Alang, India",,,2023-12-16,2024-02-08,,star_asia_2024_W08_Market-report-Week-8.pdf,16.12.2023,,EU_DDMMYYYY,08.02.2024,,EU_DDMMYYYY,,,,
2024-02-23,8,Beaching / Arrival,VILIGA,FISHING,804.0,,"Alang, India",,,2024-01-18,2024-02-07,,star_asia_2024_W08_Market-report-Week-8.pdf,18.01.2024,,EU_DDMMYYYY,07.02.2024,,EU_DDMMYYYY,,,,
2024-02-23,8,Beaching / Arrival,ZE SHENG,AGGREGATES,3492.0,,"Alang, India",,,2024-01-30,2024-02-01,,star_asia_2024_W08_Market-report-Week-8.pdf,30.01.2024,,EU_DDMMYYYY,01.02.2024,,EU_DDMMYYYY,,,,
2024-02-23,8,Beaching / Arrival,XIN XIANG AN,BULKER,5113.0,,"Chattogram, Bangladesh",,,2024-02-19,,,star_asia_2024_W08_Market-report-Week-8.pdf,19.02.2024,,EU_DDMMYYYY,AWAITING,AWAITING,STATUS,,,,
2024-02-23,8,Beaching / Arrival,FUKUDA,TANKER,750.0,,"Chattogram, Bangladesh",,,2023-02-12,2024-02-17,,star_asia_2024_W08_Market-report-Week-8.pdf,12.02.2023,,EU_DDMMYYYY,17.02.2024,,EU_DDMMYYYY,,,,
2024-02-23,8,Beaching / Arrival,DONG FENG,CONTAINER,2405.0,,"Chattogram, Bangladesh",,,2024-02-12,2024-02-16,,star_asia_2024_W08_Market-report-Week-8.pdf,12.02.2024,,EU_DDMMYYYY,16.02.2024,,EU_DDMMYYYY,,,,
2024-02-23,8,Beaching / Arrival,LILA NANTONG,BULKER,23982.0,,"Chattogram, Bangladesh",,,2024-02-05,2024-02-15,,star_asia_2024_W08_Market-report-Week-8.pdf,05.02.2024,,EU_DDMMYYYY,15.02.2024,,EU_DDMMYYYY,,,,
2024-02-23,8,Beaching / Arrival,LEGASPI,GEN.CARGO,1506.0,,"Chattogram, Bangladesh",,,2024-02-11,2024-02-15,,star_asia_2024_W08_Market-report-Week-8.pdf,11..02.2024,,RECONSTRUCTED_8DIGIT,15.02.2024,,EU_DDMMYYYY,,,,
2024-02-23,8,Beaching / Arrival,MANIS 7,CONTAINER,5467.0,,"Chattogram, Bangladesh",,,2024-02-12,2024-02-15,,star_asia_2024_W08_Market-report-Week-8.pdf,12.02.2024,,EU_DDMMYYYY,15.02.2024,,EU_DDMMYYYY,,,,
2024-02-23,8,Beaching / Arrival,ZEUS ONE,BULKER,21364.0,,"Chattogram, Bangladesh",,,2024-02-11,2024-02-14,,star_asia_2024_W08_Market-report-Week-8.pdf,11.02.2024,,EU_DDMMYYYY,14.02.2024,,EU_DDMMYYYY,,,,
2024-02-23,8,Beaching / Arrival,KONSTANTINOS,BULKER,7979.0,,"Chattogram, Bangladesh",,,2024-02-08,2024-02-13,,star_asia_2024_W08_Market-report-Week-8.pdf,08.02.2024,,EU_DDMMYYYY,13.02.2024,,EU_DDMMYYYY,,,,
2024-02-23,8,Beaching / Arrival,WANG HAI,BULKER,23038.0,,"Chattogram, Bangladesh",,,2024-02-24,,,star_asia_2024_W08_Market-report-Week-8.pdf,24.02.2024,,EU_DDMMYYYY,AWAITING,AWAITING,STATUS,,,,
2024-02-23,8,Beaching / Arrival,ZE HONG,CONTAINER,11618.0,,"Chattogram, Bangladesh",,,2024-01-27,2024-02-01,,star_asia_2024_W08_Market-report-Week-8.pdf,27.01.2024,,EU_DDMMYYYY,01.02.2024,,EU_DDMMYYYY,,,,
2024-03-01,9,Reported Sale,ASIAN CEMENT NO.1,CEMENT CARRIER,2234.0,363.0,"Chattogram, Bangladesh",1980,TAIWAN,,,"AS IS KEELUNG PORT, TAIWAN, FOR REDELIVERY TO CHATTOGRAM, HKC RECYCLING",star_asia_2024_W09_Market-report-Week-9.pdf,,,,,,,,,,
2024-03-01,9,Reported Sale,MERATUS MEDAN 2,CONTIANER,7284.0,505.0,"Chattogram, Bangladesh",1991,JAPAN,,,AS IS JAKARTA FOR REDELVIERY TO CHATTOGRAM,star_asia_2024_W09_Market-report-Week-9.pdf,,,,,,,,,,
2024-03-01,9,Reported Sale,MANIS 7,CONTAINER,5468.0,505.0,"Chattogram, Bangladesh",1999,TURKEY,,,"DELIVERED CHATTOGRAM, BANGLADESH",star_asia_2024_W09_Market-report-Week-9.pdf,,,,,,,,,,
2024-03-01,9,Reported Sale,KAPTAN HASAN ONAL,BULKER,8015.0,509.0,"Gaddani, Pakistan",1989,JAPAN,,,"DELIVERED GADANI, PAKISTAN",star_asia_2024_W09_Market-report-Week-9.pdf,,,,,,,,,,
2024-03-01,9,Reported Sale,AVATAR,RORO,8920.0,,,1983,GERMANY,,,"AS IS BATAM, INDONESIA",star_asia_2024_W09_Market-report-Week-9.pdf,,,,,,,,,,
2024-03-01,9,Reported Sale,HONG YUAN 01,CONTAINER,11486.0,540.0,"Chattogram, Bangladesh",1996,GERMANY,,,"DELIVERED CHATTOGRAM, BANGLADESH",star_asia_2024_W09_Market-report-Week-9.pdf,,,,,,,,,,
2024-03-01,9,Reported Sale,OSCAR 1,GEN.CARGO,1010.0,475.0,"Alang, India",1981,TURKEY,,,"DELIVERED ALANG, INDIA",star_asia_2024_W09_Market-report-Week-9.pdf,,,,,,,,,,
2024-03-01,9,Reported Sale,ALJAMIL,GEN.CARGO,2127.0,480.0,"Alang, India",1977,JAPAN,,,"DELIVERED ALANG, INDIA",star_asia_2024_W09_Market-report-Week-9.pdf,,,,,,,,,,
2024-03-01,9,Reported Sale,KELSIE,TANKER,3535.0,865.0,,1994,BELGIUM,,,"AS IS BATAM, INDONESIA / WITH ABOUT 350 SOLID 316 L GRADE STAINLESS STEEL CONTENT",star_asia_2024_W09_Market-report-Week-9.pdf,,,,,,,,,,
2024-03-01,9,Reported Sale,ISL STAR,BULKER,10177.0,525.0,"Gaddani, Pakistan",1999,JAPAN,,,DELIVERED GADDANI,star_asia_2024_W09_Market-report-Week-9.pdf,,,,,,,,,,
2024-03-01,9,Beaching / Arrival,ANCIER,PASSENGER,6283.0,,"Chattogram, Bangladesh",,,2024-02-28,,,star_asia_2024_W09_Market-report-Week-9.pdf,28.02.2024,,EU_DDMMYYYY,AWAITING,AWAITING,STATUS,,,,
2024-03-16,11,Reported Sale,MSC ROSSELLA,CONTAINER,13298.0,528.0,"Alang, India",1993,S.KOREA,,,DELIVERED ALANG FOR MSC- APPROVED YARDS,star_asia_2024_W11_Market-report-Week-11.pdf,,,,,,,,,,
2024-03-16,11,Reported Sale,HAN JI 2,PSV,2126.0,595.0,"Chattogram, Bangladesh",1995,NORWAY,,,DELIVERED CHATTOGRAM / HIGH NON-FE AND SPECIAL MACHINERY,star_asia_2024_W11_Market-report-Week-11.pdf,,,,,,,,,,
2024-03-16,11,Reported Sale,DENAK VOYAGER,BULKER,9518.0,543.0,"Chattogram, Bangladesh",1996,JAPAN,,,DELIVERED CHATTOGRAM / NON- HKC,star_asia_2024_W11_Market-report-Week-11.pdf,,,,,,,,,,
2024-03-16,11,Beaching / Arrival,SARCO,FISHING,16627.0,,"Chattogram, Bangladesh",,,2024-03-09,2024-03-12,,star_asia_2024_W11_Market-report-Week-11.pdf,09.03.2024,,EU_DDMMYYYY,12.03.2024,,EU_DDMMYYYY,,,,
2024-03-16,11,Beaching / Arrival,ANCIER,PASSENGER,6283.0,,"Chattogram, Bangladesh",,,2024-02-28,2024-03-10,,star_asia_2024_W11_Market-report-Week-11.pdf,28.02.2024,,EU_DDMMYYYY,10.03.2024,,EU_DDMMYYYY,,,,
2024-03-16,11,Beaching / Arrival,XIN XIANG RUI,BULKER,5119.0,,"Aliaga, Turkey",,,2024-03-10,,,star_asia_2024_W11_Market-report-Week-11.pdf,10.03.2024,,EU_DDMMYYYY,AWAITING,AWAITING,STATUS,,,,
2024-03-16,11,Beaching / Arrival,KMS FORTUNA,TANKER,1205.0,,"Aliaga, Turkey",,,2024-03-10,,,star_asia_2024_W11_Market-report-Week-11.pdf,10.03.2024,,EU_DDMMYYYY,AWAITING,AWAITING,STATUS,,,,
2024-03-16,11,Beaching / Arrival,EZ FORTUNA,BULKER,7371.0,,"Aliaga, Turkey",,,2024-03-07,,,star_asia_2024_W11_Market-report-Week-11.pdf,07.03.2024,,EU_DDMMYYYY,AWAITING,AWAITING,STATUS,,,,
2024-03-16,11,Beaching / Arrival,YILDIZLAR 2,WOOD CHIP,10347.0,,"Aliaga, Turkey",,,2024-03-07,2024-03-13,,star_asia_2024_W11_Market-report-Week-11.pdf,07.03.2024,,EU_DDMMYYYY,13.03.2024,,EU_DDMMYYYY,,,,
2024-03-16,11,Beaching / Arrival,DHAFI,PASSENGER,6040.0,,"Aliaga, Turkey",,,2024-02-19,,,star_asia_2024_W11_Market-report-Week-11.pdf,19.02.2024,,EU_DDMMYYYY,AWAITING,AWAITING,STATUS,,,,
2024-03-16,11,Beaching / Arrival,BUKHTA NAGAEVA,REEFER,2353.0,,"Aliaga, Turkey",,,2024-02-17,2024-03-01,,star_asia_2024_W11_Market-report-Week-11.pdf,17.02.2024,,EU_DDMMYYYY,01.03.2024,,EU_DDMMYYYY,,,,
2024-03-16,11,Beaching / Arrival,GAP,CONTAINER,3837.0,,"Aliaga, Turkey",,,2024-02-18,2024-03-01,,star_asia_2024_W11_Market-report-Week-11.pdf,18.02.2024,,EU_DDMMYYYY,01.03.2024,,EU_DDMMYYYY,,,,
2024-03-16,11,Beaching / Arrival,WANG HAI,BULKER,23039.0,,"Aliaga, Turkey",,,2024-02-23,2024-03-01,,star_asia_2024_W11_Market-report-Week-11.pdf,23.02.2024,,EU_DDMMYYYY,01.03.2024,,EU_DDMMYYYY,,,,
2024-03-24,12,Reported Sale,JAL GAMINI,TANKER,22572.0,541.0,,2000,KOREA,,,DELIVERED FULL SUB-CONTINENT,star_asia_2024_W12_Market-report-Week-12.pdf,,,,,,,,,,
2024-03-24,12,Reported Sale,PETROLEO NAUTIPA,FPSO,18139.0,,"Alang, India",1975,JAPAN,,,"AS IS DUQM, OMAN FOR RE- DELIVERY UNDER TOW ALANG FOR HKC RECYCLING",star_asia_2024_W12_Market-report-Week-12.pdf,,,,,,,,,,
2024-03-24,12,Reported Sale,XIN RUN 66,TANKER,2908.0,525.0,"Chattogram, Bangladesh",2004,CHINA,,,DELIVERED CHATTOGRAM,star_asia_2024_W12_Market-report-Week-12.pdf,,,,,,,,,,
2024-03-24,12,Reported Sale,JAHAN BROTHERS,BULKER,8032.0,,"Chattogram, Bangladesh",1994,JAPAN,,,LOCAL SALE TO CHATTOGRAM PAYMENT IN BDT,star_asia_2024_W12_Market-report-Week-12.pdf,,,,,,,,,,
2024-03-24,12,Reported Sale,YAMTAI,BULKER,6003.0,475.0,,1994,JAPAN,,,AS IS SINGAPORE,star_asia_2024_W12_Market-report-Week-12.pdf,,,,,,,,,,
2024-03-24,12,Beaching / Arrival,ERICA (UNDER TOW),CONTAINER,30713.0,,"Chattogram, Bangladesh",,,2024-03-22,,,star_asia_2024_W12_Market-report-Week-12.pdf,22.03.2024,,EU_DDMMYYYY,AWAITING,AWAITING,STATUS,,,,
2024-03-24,12,Beaching / Arrival,AL JAMIL,GENERAL CARGO,2128.0,,"Chattogram, Bangladesh",,,2024-03-16,,,star_asia_2024_W12_Market-report-Week-12.pdf,16.03.2024,,EU_DDMMYYYY,AWAITING,AWAITING,STATUS,,,,
2024-03-24,12,Beaching / Arrival,SARCO,FISHING,16627.0,,"Chattogram, Bangladesh",,,2024-03-09,2024-03-12,,star_asia_2024_W12_Market-report-Week-12.pdf,09.03.2024,,EU_DDMMYYYY,12.03.2024,,EU_DDMMYYYY,,,,
2024-03-24,12,Beaching / Arrival,ANCIER,PASSENGER,6283.0,,"Chattogram, Bangladesh",,,2024-02-28,2024-03-10,,star_asia_2024_W12_Market-report-Week-12.pdf,28.02.2024,,EU_DDMMYYYY,10.03.2024,,EU_DDMMYYYY,,,,
2024-03-24,12,Beaching / Arrival,ISL STAR,BULKER,10177.0,,"Chattogram, Bangladesh",,,2024-03-24,,,star_asia_2024_W12_Market-report-Week-12.pdf,24.03.2024,,EU_DDMMYYYY,AWAITING,AWAITING,STATUS,,,,
2024-03-24,12,Beaching / Arrival,XIN XIANG RUI,BULKER,5119.0,,"Chattogram, Bangladesh",,,2024-03-10,2024-03-24,,star_asia_2024_W12_Market-report-Week-12.pdf,10.03.2024,,EU_DDMMYYYY,24.03.2024,,EU_DDMMYYYY,,,,
2024-03-24,12,Beaching / Arrival,EZ FORTUNA,BULKER,7371.0,,"Chattogram, Bangladesh",,,2024-03-07,2024-03-18,,star_asia_2024_W12_Market-report-Week-12.pdf,07.03.2024,,EU_DDMMYYYY,18.03.2024,,EU_DDMMYYYY,,,,
2024-03-24,12,Beaching / Arrival,LMS LAXAPANA,TANKER,1203.0,,"Chattogram, Bangladesh",,,2024-03-10,2024-03-15,,star_asia_2024_W12_Market-report-Week-12.pdf,10.03.2024,,EU_DDMMYYYY,15.03.2024,,EU_DDMMYYYY,,,,
2024-03-24,12,Beaching / Arrival,YILDIZLAR 2,WOOD CHIP,10347.0,,"Chattogram, Bangladesh",,,2024-03-07,2024-03-13,,star_asia_2024_W12_Market-report-Week-12.pdf,07.03.2024,,EU_DDMMYYYY,13.03.2024,,EU_DDMMYYYY,,,,
2024-03-24,12,Beaching / Arrival,BRAD,TANKER,16368.0,,"Aliaga, Turkey",,,2024-03-15,,,star_asia_2024_W12_Market-report-Week-12.pdf,15.03.2024,,EU_DDMMYYYY,AWATIING,AWAITING,STATUS,,,,
2024-03-24,12,Beaching / Arrival,RONG DA CHANG SHA,GENERAL CARGO,9654.0,,"Aliaga, Turkey",,,2024-03-15,2024-03-18,,star_asia_2024_W12_Market-report-Week-12.pdf,15.03.2024,,EU_DDMMYYYY,18.03.2024,,EU_DDMMYYYY,,,,
2024-03-24,12,Beaching / Arrival,DHAFI,PASSENGER,6040.0,,"Aliaga, Turkey",,,2024-02-19,2024-03-04,,star_asia_2024_W12_Market-report-Week-12.pdf,19.02.2024,,EU_DDMMYYYY,04.03.2024,,EU_DDMMYYYY,,,,
2024-03-24,12,Beaching / Arrival,BUKHTA NAGAEVA,REEFER,2353.0,,"Aliaga, Turkey",,,2024-02-17,2024-03-01,,star_asia_2024_W12_Market-report-Week-12.pdf,17.02.2024,,EU_DDMMYYYY,01.03.2024,,EU_DDMMYYYY,,,,
2024-03-24,12,Beaching / Arrival,GAP,CONTAINER,3837.0,,"Aliaga, Turkey",,,2024-02-18,2024-03-01,,star_asia_2024_W12_Market-report-Week-12.pdf,18.02.2024,,EU_DDMMYYYY,01.03.2024,,EU_DDMMYYYY,,,,
2024-03-24,12,Beaching / Arrival,WANG HAI,BULKER,23039.0,,"Aliaga, Turkey",,,2024-02-23,2024-03-01,,star_asia_2024_W12_Market-report-Week-12.pdf,23.02.2024,,EU_DDMMYYYY,01.03.2024,,EU_DDMMYYYY,,,,
2024-03-30,13,Reported Sale,TORO BIANCO,BULKER,9269.0,541.0,,1995,JAPAN,,,DELVIERED GADANI,star_asia_2024_W13_Market-report-Week-13.pdf,,,,,,,,,,
2024-03-30,13,Reported Sale,HE SHENG,CONTAINER,4832.0,552.0,"Chattogram, Bangladesh",2002,GERMANY,,,DELIVERED CHATTOGRAM WITHIN JUNE,star_asia_2024_W13_Market-report-Week-13.pdf,,,,,,,,,,
2024-03-30,13,Reported Sale,COMANCHE,PIPE LAY BARGE,9331.0,,"Chattogram, Bangladesh",1969,AUSTRALIA,,,"AS IS BATAM UNDER TOW FOR REDELIVERY, CHATTOGRAM",star_asia_2024_W13_Market-report-Week-13.pdf,,,,,,,,,,
2024-03-30,13,Beaching / Arrival,MSC ROSSELLA,CONTAINER,13306.0,,"Chattogram, Bangladesh",,,2024-03-27,2024-03-29,,star_asia_2024_W13_Market-report-Week-13.pdf,27.03.2024,,EU_DDMMYYYY,29.03.2024,,EU_DDMMYYYY,,,,
2024-03-30,13,Beaching / Arrival,ERICA (UNDER TOW),CONTAINER,30713.0,,"Chattogram, Bangladesh",,,2024-03-22,2024-03-24,,star_asia_2024_W13_Market-report-Week-13.pdf,22.03.2024,,EU_DDMMYYYY,24.03.2024,,EU_DDMMYYYY,,,,
2024-03-30,13,Beaching / Arrival,AL JAMIL,GENERAL CARGO,2128.0,,"Chattogram, Bangladesh",,,2024-03-16,2024-03-26,,star_asia_2024_W13_Market-report-Week-13.pdf,16.03.2024,,EU_DDMMYYYY,26.03.2024,,EU_DDMMYYYY,,,,
2024-03-30,13,Beaching / Arrival,SARCO,FISHING,16627.0,,"Chattogram, Bangladesh",,,2024-03-09,2024-03-12,,star_asia_2024_W13_Market-report-Week-13.pdf,09.03.2024,,EU_DDMMYYYY,12.03.2024,,EU_DDMMYYYY,,,,
2024-03-30,13,Beaching / Arrival,ANCIER,PASSENGER,6283.0,,"Chattogram, Bangladesh",,,2024-02-28,2024-03-10,,star_asia_2024_W13_Market-report-Week-13.pdf,28.02.2024,,EU_DDMMYYYY,10.03.2024,,EU_DDMMYYYY,,,,
2024-03-30,13,Beaching / Arrival,FAR EAST CHEER,CONTAINER,3651.0,,"Aliaga, Turkey",,,2024-03-25,,,star_asia_2024_W13_Market-report-Week-13.pdf,25.03.2024,,EU_DDMMYYYY,AWAITING,AWAITING,STATUS,,,,
2024-03-30,13,Beaching / Arrival,ISL STAR,BULKER,10177.0,,"Aliaga, Turkey",,,2024-03-24,2024-03-27,,star_asia_2024_W13_Market-report-Week-13.pdf,24.03.2024,,EU_DDMMYYYY,27.03.2024,,EU_DDMMYYYY,,,,
2024-03-30,13,Beaching / Arrival,XIN XIANG RUI,BULKER,5119.0,,"Aliaga, Turkey",,,2024-03-10,2024-03-24,,star_asia_2024_W13_Market-report-Week-13.pdf,10.03.2024,,EU_DDMMYYYY,24.03.2024,,EU_DDMMYYYY,,,,
2024-03-30,13,Beaching / Arrival,EZ FORTUNA,BULKER,7371.0,,"Aliaga, Turkey",,,2024-03-07,2024-03-18,,star_asia_2024_W13_Market-report-Week-13.pdf,07.03.2024,,EU_DDMMYYYY,18.03.2024,,EU_DDMMYYYY,,,,
2024-03-30,13,Beaching / Arrival,LMS LAXAPANA,TANKER,1203.0,,"Aliaga, Turkey",,,2024-03-10,2024-03-15,,star_asia_2024_W13_Market-report-Week-13.pdf,10.03.2024,,EU_DDMMYYYY,15.03.2024,,EU_DDMMYYYY,,,,
2024-03-30,13,Beaching / Arrival,YILDIZLAR 2,WOOD CHIP,10347.0,,"Aliaga, Turkey",,,2024-03-07,2024-03-13,,star_asia_2024_W13_Market-report-Week-13.pdf,07.03.2024,,EU_DDMMYYYY,13.03.2024,,EU_DDMMYYYY,,,,
2024-03-30,13,Beaching / Arrival,BRAD,TANKER,16368.0,,"Aliaga, Turkey",,,2024-03-15,,,star_asia_2024_W13_Market-report-Week-13.pdf,15.03.2024,,EU_DDMMYYYY,AWATIING,AWAITING,STATUS,,,,
2024-03-30,13,Beaching / Arrival,RONG DA CHANG SHA,GENERAL CARGO,9654.0,,"Aliaga, Turkey",,,2024-03-15,2024-03-18,,star_asia_2024_W13_Market-report-Week-13.pdf,15.03.2024,,EU_DDMMYYYY,18.03.2024,,EU_DDMMYYYY,,,,
2024-03-30,13,Beaching / Arrival,DHAFI,PASSENGER,6040.0,,"Aliaga, Turkey",,,2024-02-19,2024-03-04,,star_asia_2024_W13_Market-report-Week-13.pdf,19.02.2024,,EU_DDMMYYYY,04.03.2024,,EU_DDMMYYYY,,,,
2024-03-30,13,Beaching / Arrival,BUKHTA NAGAEVA,REEFER,2353.0,,"Aliaga, Turkey",,,2024-02-17,2024-03-01,,star_asia_2024_W13_Market-report-Week-13.pdf,17.02.2024,,EU_DDMMYYYY,01.03.2024,,EU_DDMMYYYY,,,,
2024-03-30,13,Beaching / Arrival,GAP,CONTAINER,3837.0,,"Aliaga, Turkey",,,2024-02-18,2024-03-01,,star_asia_2024_W13_Market-report-Week-13.pdf,18.02.2024,,EU_DDMMYYYY,01.03.2024,,EU_DDMMYYYY,,,,
2024-03-30,13,Beaching / Arrival,WANG HAI,BULKER,23039.0,,"Aliaga, Turkey",,,2024-02-23,2024-03-01,,star_asia_2024_W13_Market-report-Week-13.pdf,23.02.2024,,EU_DDMMYYYY,01.03.2024,,EU_DDMMYYYY,,,,
2024-04-06,14,Reported Sale,JIN HAI FU,BULKER,10607.0,469.0,,1995,KOREA,,,"AS IS FUZHOU, CHINA",star_asia_2024_W14_Market-report-Week-14.pdf,,,,,,,,,,
2024-04-06,14,Reported Sale,ARABDRILL 08,JACKUP DRILL RIG,4808.0,,,1981,SINGAPORE,,,AS IS SAUDI ARABIA,star_asia_2024_W14_Market-report-Week-14.pdf,,,,,,,,,,
2024-04-06,14,Reported Sale,SAWASDEE SINGAPORE,CONTAINER,7138.0,600.0,"Chattogram, Bangladesh",1995,GERMANY,,,DELIVERED CHATTOGRAM WITH ABOUT 550 MT OF BUNKERS,star_asia_2024_W14_Market-report-Week-14.pdf,,,,,,,,,,
2024-04-06,14,Beaching / Arrival,LU ZHOU,TANKER,534.0,,,,,2024-04-02,,,star_asia_2024_W14_Market-report-Week-14.pdf,02.04.2024,,EU_DDMMYYYY,AWAITING,AWAITING,STATUS,,,,
2024-04-06,14,Beaching / Arrival,HONG YUAN YOU 19,TANKER,2579.0,,,,,2024-03-31,,,star_asia_2024_W14_Market-report-Week-14.pdf,31.03.2024,,EU_DDMMYYYY,AWAITING,AWAITING,STATUS,,,,
2024-04-06,14,Beaching / Arrival,HONG YUAN 01,CONTAINER,11481.0,,,,,2024-03-30,,,star_asia_2024_W14_Market-report-Week-14.pdf,30.03.2024,,EU_DDMMYYYY,AWAITING,AWAITING,STATUS,,,,
2024-04-06,14,Beaching / Arrival,Oscar 1,GENERAL CARGO,2620.0,,"Chattogram, Bangladesh",,,2024-03-20,,,star_asia_2024_W14_Market-report-Week-14.pdf,20.03.2024,,EU_DDMMYYYY,AWAITING,AWAITING,STATUS,,,,
2024-04-06,14,Beaching / Arrival,QATAR ANA,BULKER,8015.0,,"Chattogram, Bangladesh",,,2024-03-26,,,star_asia_2024_W14_Market-report-Week-14.pdf,26.03.2024,,EU_DDMMYYYY,AWATIING,AWAITING,STATUS,,,,
2024-04-06,14,Beaching / Arrival,SEA FLOWER,GENERAL CARGO,5282.0,,"Chattogram, Bangladesh",,,2024-03-27,,,star_asia_2024_W14_Market-report-Week-14.pdf,27.03.2024,,EU_DDMMYYYY,AWAITING,AWAITING,STATUS,,,,
2024-04-06,14,Beaching / Arrival,BOS LINA,GENERAL CARGO,3287.0,,"Chattogram, Bangladesh",,,2024-03-29,,,star_asia_2024_W14_Market-report-Week-14.pdf,29.03.2024,,EU_DDMMYYYY,AWAITING,AWAITING,STATUS,,,,
2024-04-14,15,Reported Sale,GUO DIAN 6,BULKER,9637.0,468.0,,1993,JAPAN,,,"AS IS SHANGHAI, CHINA",star_asia_2024_W15_Market-report-Week-15.pdf,,,,,,,,,,
2024-04-14,15,Reported Sale,SINOKOR QINGDAO,CONTAINER,4672.0,593.0,,1999,CHINA,,,"DELIVERED FULL SUB-CONTINENT, 150 MT ROB INCLUDED",star_asia_2024_W15_Market-report-Week-15.pdf,,,,,,,,,,
2024-04-14,15,Reported Sale,SINOKOR HONGKONG,CONTAINER,5300.0,598.0,,1996,JAPAN,,,DELIVERED FULL SUB-CONTINENT WITH 350 MT ROB INCLUDED,star_asia_2024_W15_Market-report-Week-15.pdf,,,,,,,,,,
2024-04-14,15,Reported Sale,MUDITA,LIMESTONE CARRIER,6979.0,485.0,,1983,JAPAN,,,"AS IS BATAM, INDONESIA",star_asia_2024_W15_Market-report-Week-15.pdf,,,,,,,,,,
2024-04-14,15,Beaching / Arrival,LU ZHOU,TANKER,534.0,,"Aliaga, Turkey",,,2024-04-02,,,star_asia_2024_W15_Market-report-Week-15.pdf,02.04.2024,,EU_DDMMYYYY,AWAITING,AWAITING,STATUS,,,,
2024-04-14,15,Beaching / Arrival,HONG YUAN YOU 19,TANKER,2579.0,,"Aliaga, Turkey",,,2024-03-31,,,star_asia_2024_W15_Market-report-Week-15.pdf,31.03.2024,,EU_DDMMYYYY,AWAITING,AWAITING,STATUS,,,,
2024-04-14,15,Beaching / Arrival,HONG YUAN 01,CONTAINER,11481.0,,"Aliaga, Turkey",,,2024-03-30,,,star_asia_2024_W15_Market-report-Week-15.pdf,30.03.2024,,EU_DDMMYYYY,AWAITING,AWAITING,STATUS,,,,
2024-04-14,15,Beaching / Arrival,Oscar 1,GENERAL CARGO,2620.0,,"Aliaga, Turkey",,,2024-03-20,,,star_asia_2024_W15_Market-report-Week-15.pdf,20.03.2024,,EU_DDMMYYYY,AWAITING,AWAITING,STATUS,,,,
2024-04-14,15,Beaching / Arrival,QATAR ANA,BULKER,8015.0,,"Aliaga, Turkey",,,2024-03-26,,,star_asia_2024_W15_Market-report-Week-15.pdf,26.03.2024,,EU_DDMMYYYY,AWATIING,AWAITING,STATUS,,,,
2024-04-14,15,Beaching / Arrival,SEA FLOWER,GENERAL CARGO,5282.0,,"Aliaga, Turkey",,,2024-03-27,,,star_asia_2024_W15_Market-report-Week-15.pdf,27.03.2024,,EU_DDMMYYYY,AWAITING,AWAITING,STATUS,,,,
2024-04-14,15,Beaching / Arrival,BOS LINA,GENERAL CARGO,3287.0,,"Aliaga, Turkey",,,2024-03-29,,,star_asia_2024_W15_Market-report-Week-15.pdf,29.03.2024,,EU_DDMMYYYY,AWAITING,AWAITING,STATUS,,,,
2024-04-20,16,Reported Sale,DONG FANG YONG SHI 2,AHTS,2254.0,635.0,"Chattogram, Bangladesh",1983,S. KOREA,,,DELIVERED CHATTOGRAM HIGH NON-FE CONTENT,star_asia_2024_W16_Market-report-Week-16.pdf,,,,,,,,,,
2024-04-20,16,Beaching / Arrival,SINOKOR HONGKONG,CONTAINER,5474.0,,"Chattogram, Bangladesh",,,2024-04-18,,,star_asia_2024_W16_Market-report-Week-16.pdf,18.04.2024,,EU_DDMMYYYY,AWAITING,AWAITING,STATUS,,,,
2024-04-20,16,Beaching / Arrival,MEDAN 2,CONTAINER,7284.0,,"Chattogram, Bangladesh",,,2024-04-18,,,star_asia_2024_W16_Market-report-Week-16.pdf,18.04.2024,,EU_DDMMYYYY,AWAITING,AWAITING,STATUS,,,,
2024-04-20,16,Beaching / Arrival,YAMTA,BULKER,6002.0,,"Chattogram, Bangladesh",,,2024-04-18,,,star_asia_2024_W16_Market-report-Week-16.pdf,18.04.2024,,EU_DDMMYYYY,AWAITING,AWAITING,STATUS,,,,
2024-04-20,16,Beaching / Arrival,ONE VICTORY,BULKER,7685.0,,"Chattogram, Bangladesh",,,2024-04-17,,,star_asia_2024_W16_Market-report-Week-16.pdf,17.04.2024,,EU_DDMMYYYY,AWAITING,AWAITING,STATUS,,,,
2024-04-20,16,Beaching / Arrival,FSU SOORENA,FSU,41374.0,,"Chattogram, Bangladesh",,,2024-04-16,,,star_asia_2024_W16_Market-report-Week-16.pdf,16.04.2024,,EU_DDMMYYYY,AWAITING,AWAITING,STATUS,,,,
2024-04-20,16,Beaching / Arrival,SUVARNA SWARAJYA,TANKER,8541.0,,"Chattogram, Bangladesh",,,2024-04-15,,,star_asia_2024_W16_Market-report-Week-16.pdf,15.04.2024,,EU_DDMMYYYY,AWAITING,AWAITING,STATUS,,,,
2024-04-20,16,Beaching / Arrival,XING RUN 66,TANKER,2908.0,,"Chattogram, Bangladesh",,,2024-04-15,,,star_asia_2024_W16_Market-report-Week-16.pdf,15.04.2024,,EU_DDMMYYYY,AWAITING,AWAITING,STATUS,,,,
2024-04-20,16,Beaching / Arrival,HONG YUAN YOU 19,TANKER,2579.0,,"Chattogram, Bangladesh",,,2024-03-31,2024-04-10,,star_asia_2024_W16_Market-report-Week-16.pdf,31.03.2024,,EU_DDMMYYYY,10.04.2024,,EU_DDMMYYYY,,,,
2024-04-20,16,Beaching / Arrival,HONG YUAN 01,CONTAINER,11481.0,,"Chattogram, Bangladesh",,,2024-03-30,2024-04-10,,star_asia_2024_W16_Market-report-Week-16.pdf,30.03.2024,,EU_DDMMYYYY,10.04.2024,,EU_DDMMYYYY,,,,
2024-04-20,16,Beaching / Arrival,LU ZHOU,TANKER,534.0,,"Chattogram, Bangladesh",,,2024-04-02,2024-04-06,,star_asia_2024_W16_Market-report-Week-16.pdf,02.04.2024,,EU_DDMMYYYY,06.04.2024,,EU_DDMMYYYY,,,,
2024-04-20,16,Beaching / Arrival,Oscar 1,GENERAL CARGO,2620.0,,"Aliaga, Turkey",,,2024-03-20,,,star_asia_2024_W16_Market-report-Week-16.pdf,20.03.2024,,EU_DDMMYYYY,AWAITING,AWAITING,STATUS,,,,
2024-04-20,16,Beaching / Arrival,QATAR ANA,BULKER,8015.0,,"Aliaga, Turkey",,,2024-03-26,,,star_asia_2024_W16_Market-report-Week-16.pdf,26.03.2024,,EU_DDMMYYYY,AWATIING,AWAITING,STATUS,,,,
2024-04-20,16,Beaching / Arrival,SEA FLOWER,GENERAL CARGO,5282.0,,"Aliaga, Turkey",,,2024-03-27,,,star_asia_2024_W16_Market-report-Week-16.pdf,27.03.2024,,EU_DDMMYYYY,AWAITING,AWAITING,STATUS,,,,
2024-04-20,16,Beaching / Arrival,BOS LINA,GENERAL CARGO,3287.0,,"Aliaga, Turkey",,,2024-03-29,,,star_asia_2024_W16_Market-report-Week-16.pdf,29.03.2024,,EU_DDMMYYYY,AWAITING,AWAITING,STATUS,,,,
2024-04-27,17,Reported Sale,JI YUAN,CONTAINER,4405.0,,"Chattogram, Bangladesh",1994,NORWAY,,,AS IS WHERE IS SINGAPORE FOR REDELIVERY CHATTOGRAM,star_asia_2024_W17_Market-report-Week-17.pdf,,,,,,,,,,
2024-04-27,17,Reported Sale,MSC NILGUN,CONTAINER,12553.0,565.0,"Alang, India",1994,SPAIN,,,DELIVERED ALANG FULL SPARES WITH 320 TONS BUNKERS INCLUDED FOR MSC-APPROVED YARDS,star_asia_2024_W17_Market-report-Week-17.pdf,,,,,,,,,,
2024-04-27,17,Reported Sale,NEW COURAGE,BULKER,4426.0,540.0,"Chattogram, Bangladesh",1994,JAPAN,,,DELIVERED CHATTOGRAM,star_asia_2024_W17_Market-report-Week-17.pdf,,,,,,,,,,
2024-04-27,17,Beaching / Arrival,ASPHALT PRINCESS,BITUMEN TANKER,3271.0,,"Chattogram, Bangladesh",,,2024-04-25,,,star_asia_2024_W17_Market-report-Week-17.pdf,25.04.2024,,EU_DDMMYYYY,AWAITING,AWAITING,STATUS,,,,
2024-04-27,17,Beaching / Arrival,AMANAH,RORO,8997.0,,"Chattogram, Bangladesh",,,2024-04-27,,,star_asia_2024_W17_Market-report-Week-17.pdf,27.04.2024,,EU_DDMMYYYY,AWAITING,AWAITING,STATUS,,,,
2024-04-27,17,Beaching / Arrival,THARERATANA 1,TANKER,739.0,,"Chattogram, Bangladesh",,,2024-04-23,,,star_asia_2024_W17_Market-report-Week-17.pdf,23.04.2024,,EU_DDMMYYYY,AWAITING,AWAITING,STATUS,,,,
2024-04-27,17,Beaching / Arrival,SAWASDEE SINGAPORE,CONTAINER,7138.0,,"Chattogram, Bangladesh",,,2024-04-23,,,star_asia_2024_W17_Market-report-Week-17.pdf,23.04.2024,,EU_DDMMYYYY,AWAITING,AWAITING,STATUS,,,,
2024-04-27,17,Beaching / Arrival,SINOKOR QINGDAO,CONTAINER,4734.0,,"Chattogram, Bangladesh",,,2024-04-23,,,star_asia_2024_W17_Market-report-Week-17.pdf,23.04.2024,,EU_DDMMYYYY,AWAITING,AWAITING,STATUS,,,,
2024-04-27,17,Beaching / Arrival,LIAN FENG 6,GEN.CARGO,6537.0,,"Chattogram, Bangladesh",,,2024-04-19,,,star_asia_2024_W17_Market-report-Week-17.pdf,19.04.2024,,EU_DDMMYYYY,AWAITING,AWAITING,STATUS,,,,
2024-04-27,17,Beaching / Arrival,SINOKOR HONGKONG,CONTAINER,5474.0,,"Chattogram, Bangladesh",,,2024-04-18,,,star_asia_2024_W17_Market-report-Week-17.pdf,18.04.2024,,EU_DDMMYYYY,AWAITING,AWAITING,STATUS,,,,
2024-04-27,17,Beaching / Arrival,SEA FLOWER,GENERAL CARGO,5282.0,,"Aliaga, Turkey",,,2024-03-27,,,star_asia_2024_W17_Market-report-Week-17.pdf,27.03.2024,,EU_DDMMYYYY,AWAITING,AWAITING,STATUS,,,,
2024-04-27,17,Beaching / Arrival,Oscar 1,GENERAL CARGO,2620.0,,"Aliaga, Turkey",,,2024-03-20,2024-04-07,,star_asia_2024_W17_Market-report-Week-17.pdf,20.03.2024,,EU_DDMMYYYY,07.04.2024,,EU_DDMMYYYY,,,,
2024-04-27,17,Beaching / Arrival,QATAR ANA,BULKER,8015.0,,"Aliaga, Turkey",,,2024-03-26,2024-04-06,,star_asia_2024_W17_Market-report-Week-17.pdf,26.03.2024,,EU_DDMMYYYY,06.04.2024,,EU_DDMMYYYY,,,,
2024-04-27,17,Beaching / Arrival,BOS LINA,GENERAL CARGO,3287.0,,"Aliaga, Turkey",,,2024-03-29,2024-04-07,,star_asia_2024_W17_Market-report-Week-17.pdf,29.03.2024,,EU_DDMMYYYY,07.04.2024,,EU_DDMMYYYY,,,,
2024-05-04,18,Reported Sale,XIN LV BAO SHI,BULKER,7782.0,,"Chattogram, Bangladesh",1996,JAPAN,,,DELIVERED CHATTOGRAM,star_asia_2024_W18_Market-report-Week-18.pdf,,,,,,,,,,
2024-05-04,18,Reported Sale,PROFESSOR B,CONTAINER,5121.0,545.0,"Alang, India",1984,GERMANY,,,DELIVERED ALANG ~ GADANI,star_asia_2024_W18_Market-report-Week-18.pdf,,,,,,,,,,
2024-05-04,18,Reported Sale,DARK KNIGHT,AHTS,2606.0,,"Alang, India",1998,NORWAY,,,DELIVERED ALANG,star_asia_2024_W18_Market-report-Week-18.pdf,,,,,,,,,,
2024-05-04,18,Beaching / Arrival,AMANAH,RORO,8997.0,,"Chattogram, Bangladesh",,,2024-04-27,,,star_asia_2024_W18_Market-report-Week-18.pdf,27.04.2024,,EU_DDMMYYYY,AWAITING,AWAITING,STATUS,,,,
2024-05-04,18,Beaching / Arrival,KEL,CHEM.TANKER,3535.0,,"Chattogram, Bangladesh",,,2024-05-02,2024-05-04,,star_asia_2024_W18_Market-report-Week-18.pdf,02.05.2024,,EU_DDMMYYYY,04.05.2024,,EU_DDMMYYYY,,,,
2024-05-04,18,Beaching / Arrival,DARK KNIGHT,AHTS,2606.0,,"Chattogram, Bangladesh",,,2024-04-30,2024-05-01,,star_asia_2024_W18_Market-report-Week-18.pdf,30.04.2024,,EU_DDMMYYYY,01.05.2024,,EU_DDMMYYYY,,,,
2024-05-04,18,Beaching / Arrival,LEO,FSPO,23590.0,,"Chattogram, Bangladesh",,,2024-04-30,2024-05-01,,star_asia_2024_W18_Market-report-Week-18.pdf,30.04.2024,,EU_DDMMYYYY,01.05.2024,,EU_DDMMYYYY,,,,
2024-05-04,18,Beaching / Arrival,SIA 32,CONTAINER,2801.0,,"Chattogram, Bangladesh",,,2024-05-02,,,star_asia_2024_W18_Market-report-Week-18.pdf,02.05.2024,,EU_DDMMYYYY,AWAITING,AWAITING,STATUS,,,,
2024-05-04,18,Beaching / Arrival,HONG XI,GEN.CARGO,3621.0,,"Chattogram, Bangladesh",,,2024-05-01,,,star_asia_2024_W18_Market-report-Week-18.pdf,01.05.2024,,EU_DDMMYYYY,AWAITING,AWAITING,STATUS,,,,
2024-05-04,18,Beaching / Arrival,JAL GAMINI,TANKER,22572.0,,"Chattogram, Bangladesh",,,2024-04-27,,,star_asia_2024_W18_Market-report-Week-18.pdf,27.04.2024,,EU_DDMMYYYY,AWAITING,AWAITING,STATUS,,,,
2024-05-04,18,Beaching / Arrival,S MARU 5,RESEARCH,1699.0,,"Chattogram, Bangladesh",,,2024-05-25,,,star_asia_2024_W18_Market-report-Week-18.pdf,25.05.2024,,EU_DDMMYYYY,AWAITING,AWAITING,STATUS,,,,
2024-05-04,18,Beaching / Arrival,PITA ERMA,GEN.CARGO,6002.0,,"Chattogram, Bangladesh",,,2024-05-25,,,star_asia_2024_W18_Market-report-Week-18.pdf,25.05.2024,,EU_DDMMYYYY,AWAITING,AWAITING,STATUS,,,,
2024-05-04,18,Beaching / Arrival,SINOKOR QINGDAO,CONTAINER,4734.0,,"Chattogram, Bangladesh",,,2024-04-23,,,star_asia_2024_W18_Market-report-Week-18.pdf,23.04.2024,,EU_DDMMYYYY,AWAITING,AWAITING,STATUS,,,,
2024-05-11,19,Reported Sale,PINE EXPRESS,WOODCHIP,9543.0,560.0,"Chattogram, Bangladesh",1989,JAPAN,,,DELIVERED CHATTOGRAM,star_asia_2024_W19_Market-report-Week-19.pdf,,,,,,,,,,
2024-05-11,19,Reported Sale,YK SOVEREIGN,LNGC,30119.0,618.0,,1994,S. KOREA,,,"AS IS INCHEON, KOREA",star_asia_2024_W19_Market-report-Week-19.pdf,,,,,,,,,,
2024-05-11,19,Reported Sale,INTER STEVEDORING 8,BULKER,11104.0,500.0,"Chattogram, Bangladesh",1989,JAPAN,,,DELIVERED CHATTOGRAM,star_asia_2024_W19_Market-report-Week-19.pdf,,,,,,,,,,
2024-05-11,19,Reported Sale,PILATUS 21,LPG TANKER,889.0,520.0,"Chattogram, Bangladesh",1989,JAPAN,,,DELVIERED CHATTOGRAM,star_asia_2024_W19_Market-report-Week-19.pdf,,,,,,,,,,
2024-05-11,19,Beaching / Arrival,FESCO TRADER,CONTAINER,5114.0,,"Chattogram, Bangladesh",,,2024-05-09,,,star_asia_2024_W19_Market-report-Week-19.pdf,09.05.2024,,EU_DDMMYYYY,AWAITING,AWAITING,STATUS,,,,
2024-05-11,19,Beaching / Arrival,TAHARA,RIG,9445.0,,"Chattogram, Bangladesh",,,2024-05-07,2024-05-10,,star_asia_2024_W19_Market-report-Week-19.pdf,07.05.2024,,EU_DDMMYYYY,10.05.2024,,EU_DDMMYYYY,,,,
2024-05-11,19,Beaching / Arrival,AMANAH,RORO,8997.0,,"Chattogram, Bangladesh",,,2024-04-27,2024-05-06,,star_asia_2024_W19_Market-report-Week-19.pdf,27.04.2024,,EU_DDMMYYYY,06.05.2024,,EU_DDMMYYYY,,,,
2024-05-11,19,Beaching / Arrival,KEL,CHEM.TANKER,3535.0,,"Chattogram, Bangladesh",,,2024-05-02,2024-05-04,,star_asia_2024_W19_Market-report-Week-19.pdf,02.05.2024,,EU_DDMMYYYY,04.05.2024,,EU_DDMMYYYY,,,,
2024-05-11,19,Beaching / Arrival,DARK KNIGHT,AHTS,2606.0,,"Chattogram, Bangladesh",,,2024-04-30,2024-05-01,,star_asia_2024_W19_Market-report-Week-19.pdf,30.04.2024,,EU_DDMMYYYY,01.05.2024,,EU_DDMMYYYY,,,,
2024-05-11,19,Beaching / Arrival,LEO,FSPO,23590.0,,"Chattogram, Bangladesh",,,2024-04-30,2024-05-01,,star_asia_2024_W19_Market-report-Week-19.pdf,30.04.2024,,EU_DDMMYYYY,01.05.2024,,EU_DDMMYYYY,,,,
2024-05-11,19,Beaching / Arrival,SIA 32,CONTAINER,2801.0,,"Aliaga, Turkey",,,2024-05-02,,,star_asia_2024_W19_Market-report-Week-19.pdf,02.05.2024,,EU_DDMMYYYY,AWAITING,AWAITING,STATUS,,,,
2024-05-11,19,Beaching / Arrival,HONG XI,GEN.CARGO,3621.0,,"Aliaga, Turkey",,,2024-05-01,,,star_asia_2024_W19_Market-report-Week-19.pdf,01.05.2024,,EU_DDMMYYYY,AWAITING,AWAITING,STATUS,,,,
2024-05-11,19,Beaching / Arrival,JAL GAMINI,TANKER,22572.0,,"Aliaga, Turkey",,,2024-04-27,,,star_asia_2024_W19_Market-report-Week-19.pdf,27.04.2024,,EU_DDMMYYYY,AWAITING,AWAITING,STATUS,,,,
2024-05-11,19,Beaching / Arrival,S MARU 5,RESEARCH,1699.0,,"Aliaga, Turkey",,,2024-05-25,,,star_asia_2024_W19_Market-report-Week-19.pdf,25.05.2024,,EU_DDMMYYYY,AWAITING,AWAITING,STATUS,,,,
2024-05-11,19,Beaching / Arrival,PITA ERMA,GEN.CARGO,6002.0,,"Aliaga, Turkey",,,2024-05-25,,,star_asia_2024_W19_Market-report-Week-19.pdf,25.05.2024,,EU_DDMMYYYY,AWAITING,AWAITING,STATUS,,,,
2024-05-11,19,Beaching / Arrival,SINOKOR QINGDAO,CONTAINER,4734.0,,"Aliaga, Turkey",,,2024-04-23,,,star_asia_2024_W19_Market-report-Week-19.pdf,23.04.2024,,EU_DDMMYYYY,AWAITING,AWAITING,STATUS,,,,
2024-05-18,20,Reported Sale,HEUNG-A TOKYO,CONTAINER,2400.0,580.0,,1996,S. KOREA,,,DELIVERED SUB-CONTINENT,star_asia_2024_W20_Market-report-Week-20.pdf,,,,,,,,,,
2024-05-18,20,Reported Sale,GAKU,VEHICLE CARRIER,7795.0,,"Chattogram, Bangladesh",1997,JAPAN,,,DELIVERED CHATTOGRAM FOR HKC RECYCLING,star_asia_2024_W20_Market-report-Week-20.pdf,,,,,,,,,,
2024-05-18,20,Reported Sale,UNI-ASSURE,CONTAINER,7098.0,377.0,"Aliaga, Turkey",1998,JAPAN,,,"AS IS PIRAEUS, GREECE FOR REDELIVERY TURKEY",star_asia_2024_W20_Market-report-Week-20.pdf,,,,,,,,,,
2024-05-18,20,Reported Sale,EVER URANUS,CONTAINER,24328.0,542.0,"Alang, India",1999,JAPAN,,,"AS IS PORT KLANG, MALAYSIA FOR REDELIVERY ALANG HKC",star_asia_2024_W20_Market-report-Week-20.pdf,,,,,,,,,,
2024-05-18,20,Reported Sale,URANUS J,BULKER,5778.0,,,1996,JAPAN,,,DELIVERED GADANI,star_asia_2024_W20_Market-report-Week-20.pdf,,,,,,,,,,
2024-05-18,20,Reported Sale,UNITED ID,BULKER,7173.0,,,1991,JAPAN,,,DELIVERED GADANI,star_asia_2024_W20_Market-report-Week-20.pdf,,,,,,,,,,
2024-05-18,20,Beaching / Arrival,FROST OLYMPUS,REEFER,2410.0,,"Chattogram, Bangladesh",,,2024-05-18,,,star_asia_2024_W20_Market-report-Week-20.pdf,18.05.2024,,EU_DDMMYYYY,AWAITING,AWAITING,STATUS,,,,
2024-05-18,20,Beaching / Arrival,OCMIS GAR,GEN. CARGO,2477.0,,"Chattogram, Bangladesh",,,2024-05-17,,,star_asia_2024_W20_Market-report-Week-20.pdf,17.05.2024,,EU_DDMMYYYY,AWAITING,AWAITING,STATUS,,,,
2024-05-18,20,Beaching / Arrival,NEW COURAGE,GEN. CARGO,4426.0,,"Chattogram, Bangladesh",,,2024-05-17,,,star_asia_2024_W20_Market-report-Week-20.pdf,17.05.2024,,EU_DDMMYYYY,AWAITING,AWAITING,STATUS,,,,
2024-05-18,20,Beaching / Arrival,FESCO TRADER,CONTAINER,5114.0,,"Chattogram, Bangladesh",,,2024-05-09,,,star_asia_2024_W20_Market-report-Week-20.pdf,09.05.2024,,EU_DDMMYYYY,AWAITING,AWAITING,STATUS,,,,
2024-05-18,20,Beaching / Arrival,TAHARA,RIG,9445.0,,"Chattogram, Bangladesh",,,2024-05-07,2024-05-10,,star_asia_2024_W20_Market-report-Week-20.pdf,07.05.2024,,EU_DDMMYYYY,10.05.2024,,EU_DDMMYYYY,,,,
2024-05-18,20,Beaching / Arrival,AMANAH,RORO,8997.0,,"Chattogram, Bangladesh",,,2024-04-27,2024-05-06,,star_asia_2024_W20_Market-report-Week-20.pdf,27.04.2024,,EU_DDMMYYYY,06.05.2024,,EU_DDMMYYYY,,,,
2024-05-18,20,Beaching / Arrival,KEL,CHEM.TANKER,3535.0,,"Chattogram, Bangladesh",,,2024-05-02,2024-05-04,,star_asia_2024_W20_Market-report-Week-20.pdf,02.05.2024,,EU_DDMMYYYY,04.05.2024,,EU_DDMMYYYY,,,,
2024-05-18,20,Beaching / Arrival,DARK KNIGHT,AHTS,2606.0,,"Chattogram, Bangladesh",,,2024-04-30,2024-05-01,,star_asia_2024_W20_Market-report-Week-20.pdf,30.04.2024,,EU_DDMMYYYY,01.05.2024,,EU_DDMMYYYY,,,,
2024-05-18,20,Beaching / Arrival,LEO,FSPO,23590.0,,"Chattogram, Bangladesh",,,2024-04-30,2024-05-01,,star_asia_2024_W20_Market-report-Week-20.pdf,30.04.2024,,EU_DDMMYYYY,01.05.2024,,EU_DDMMYYYY,,,,
2024-05-18,20,Beaching / Arrival,HANJI,AHTS,2213.0,,"Aliaga, Turkey",,,2024-05-18,,,star_asia_2024_W20_Market-report-Week-20.pdf,18.05.2024,,EU_DDMMYYYY,AWAITING,AWAITING,STATUS,,,,
2024-05-18,20,Beaching / Arrival,GAKU,PCC,7795.0,,"Aliaga, Turkey",,,2024-05-16,,,star_asia_2024_W20_Market-report-Week-20.pdf,16.05.2024,,EU_DDMMYYYY,AWAITING,AWAITING,STATUS,,,,
2024-05-18,20,Beaching / Arrival,BAO DI LONG,MPP,3133.0,,"Aliaga, Turkey",,,2024-05-14,,,star_asia_2024_W20_Market-report-Week-20.pdf,14.05.2024,,EU_DDMMYYYY,AWAITING,AWAITING,STATUS,,,,
2024-05-18,20,Beaching / Arrival,XIN LV BAO SHI,BULKER,7785.0,,"Aliaga, Turkey",,,2024-05-14,,,star_asia_2024_W20_Market-report-Week-20.pdf,14.05.2024,,EU_DDMMYYYY,AWAITING,AWAITING,STATUS,,,,
2024-05-18,20,Beaching / Arrival,SIA 2,CONTAINER,1836.0,,"Aliaga, Turkey",,,2024-05-10,2024-05-15,,star_asia_2024_W20_Market-report-Week-20.pdf,10.05.2024,,EU_DDMMYYYY,15.05.2024,,EU_DDMMYYYY,,,,
2024-05-18,20,Beaching / Arrival,PILATUS 21,LPG,889.0,,"Aliaga, Turkey",,,2024-05-11,2024-05-15,,star_asia_2024_W20_Market-report-Week-20.pdf,11.05.2024,,EU_DDMMYYYY,15.05.2024,,EU_DDMMYYYY,,,,
2024-05-18,20,Beaching / Arrival,SIA 3,CONTAINER,2166.0,,"Aliaga, Turkey",,,2024-05-07,2024-05-11,,star_asia_2024_W20_Market-report-Week-20.pdf,07.05.2024,,EU_DDMMYYYY,11.05.2024,,EU_DDMMYYYY,,,,
2024-05-18,20,Beaching / Arrival,SIA 32,CONTAINER,2801.0,,"Aliaga, Turkey",,,2024-05-02,2024-05-07,,star_asia_2024_W20_Market-report-Week-20.pdf,02.05.2024,,EU_DDMMYYYY,07.05.2024,,EU_DDMMYYYY,,,,
2024-05-18,20,Beaching / Arrival,HONG XI,GEN.CARGO,3621.0,,"Aliaga, Turkey",,,2024-05-01,2024-05-08,,star_asia_2024_W20_Market-report-Week-20.pdf,01.05.2024,,EU_DDMMYYYY,08.05.2024,,EU_DDMMYYYY,,,,
2024-05-18,20,Beaching / Arrival,JAL GAMINI,TANKER,22572.0,,"Aliaga, Turkey",,,2024-04-27,2024-05-08,,star_asia_2024_W20_Market-report-Week-20.pdf,27.04.2024,,EU_DDMMYYYY,08.05.2024,,EU_DDMMYYYY,,,,
2024-05-18,20,Beaching / Arrival,INTER STEVEDORING 8,WOODCHIP,11104.0,,"Aliaga, Turkey",,,2024-05-04,2024-05-09,,star_asia_2024_W20_Market-report-Week-20.pdf,04.05.2024,,EU_DDMMYYYY,09.05.2024,,EU_DDMMYYYY,,,,
2024-05-18,20,Beaching / Arrival,PITA ERMA,GEN.CARGO,6002.0,,"Aliaga, Turkey",,,2024-05-25,2024-05-07,,star_asia_2024_W20_Market-report-Week-20.pdf,25.05.2024,,EU_DDMMYYYY,07.05.2024,,EU_DDMMYYYY,,,,
2024-05-18,20,Beaching / Arrival,SINOKOR QINGDAO,CONTAINER,4734.0,,"Aliaga, Turkey",,,2024-04-23,2024-05-08,,star_asia_2024_W20_Market-report-Week-20.pdf,23.04.2024,,EU_DDMMYYYY,08.05.2024,,EU_DDMMYYYY,,,,
2024-05-25,21,Reported Sale,SCHWEIZ STREAM,REEFER,9238.0,605.0,"Alang, India",1992,DENMARK,,,DELIVERED ALANG FOR HKC RECYCLING WITH SUBSTANTIAL ALUMINIUM CONTENT,star_asia_2024_W21_Market-report-Week-21.pdf,,,,,,,,,,
2024-05-25,21,Reported Sale,SURYA AKI,LNGC,8168.0,662.0,,1996,JAPAN,,,"AS IS BATAM, INDONESIA, FOR HKC RECYCLING WITH SUBSTANTIAL STAINLESS-STEEL CONTENT",star_asia_2024_W21_Market-report-Week-21.pdf,,,,,,,,,,
2024-05-25,21,Beaching / Arrival,FROST OLYMPUS,REEFER,2410.0,,"Chattogram, Bangladesh",,,2024-05-18,,,star_asia_2024_W21_Market-report-Week-21.pdf,18.05.2024,,EU_DDMMYYYY,AWAITING,AWAITING,STATUS,,,,
2024-05-25,21,Beaching / Arrival,HIRONIN,FISHING,3994.0,,"Chattogram, Bangladesh",,,2024-05-19,2024-05-23,,star_asia_2024_W21_Market-report-Week-21.pdf,19.05.2024,,EU_DDMMYYYY,23.05.2024,,EU_DDMMYYYY,,,,
2024-05-25,21,Beaching / Arrival,OCMIS GAR,GEN. CARGO,2477.0,,"Chattogram, Bangladesh",,,2024-05-17,2024-05-24,,star_asia_2024_W21_Market-report-Week-21.pdf,17.05.2024,,EU_DDMMYYYY,24.05.2024,,EU_DDMMYYYY,,,,
2024-05-25,21,Beaching / Arrival,NEW COURAGE,GEN. CARGO,4426.0,,"Chattogram, Bangladesh",,,2024-05-17,2024-05-22,,star_asia_2024_W21_Market-report-Week-21.pdf,17.05.2024,,EU_DDMMYYYY,22.05.2024,,EU_DDMMYYYY,,,,
2024-05-25,21,Beaching / Arrival,FESCO TRADER,CONTAINER,5114.0,,"Chattogram, Bangladesh",,,2024-05-09,2024-05-10,,star_asia_2024_W21_Market-report-Week-21.pdf,09.05.2024,,EU_DDMMYYYY,10.05.2024,,EU_DDMMYYYY,,,,
2024-05-25,21,Beaching / Arrival,TAHARA,RIG,9445.0,,"Chattogram, Bangladesh",,,2024-05-07,2024-05-10,,star_asia_2024_W21_Market-report-Week-21.pdf,07.05.2024,,EU_DDMMYYYY,10.05.2024,,EU_DDMMYYYY,,,,
2024-05-25,21,Beaching / Arrival,HANA,CHEM TANKER,1260.0,,"Chattogram, Bangladesh",,,2024-05-19,2024-05-21,,star_asia_2024_W21_Market-report-Week-21.pdf,19.05.2024,,EU_DDMMYYYY,21.05.2024,,EU_DDMMYYYY,,,,
2024-05-25,21,Beaching / Arrival,AMANAH,RORO,8997.0,,"Chattogram, Bangladesh",,,2024-04-27,2024-05-06,,star_asia_2024_W21_Market-report-Week-21.pdf,27.04.2024,,EU_DDMMYYYY,06.05.2024,,EU_DDMMYYYY,,,,
2024-05-25,21,Beaching / Arrival,KEL,CHEM.TANKER,3535.0,,"Chattogram, Bangladesh",,,2024-05-02,2024-05-04,,star_asia_2024_W21_Market-report-Week-21.pdf,02.05.2024,,EU_DDMMYYYY,04.05.2024,,EU_DDMMYYYY,,,,
2024-05-25,21,Beaching / Arrival,DARK KNIGHT,AHTS,2606.0,,"Chattogram, Bangladesh",,,2024-04-30,2024-05-01,,star_asia_2024_W21_Market-report-Week-21.pdf,30.04.2024,,EU_DDMMYYYY,01.05.2024,,EU_DDMMYYYY,,,,
2024-05-25,21,Beaching / Arrival,LEO,FSPO,23590.0,,"Chattogram, Bangladesh",,,2024-04-30,2024-05-01,,star_asia_2024_W21_Market-report-Week-21.pdf,30.04.2024,,EU_DDMMYYYY,01.05.2024,,EU_DDMMYYYY,,,,
2024-05-25,21,Beaching / Arrival,HEUNG-A TOKYO,CONTAINER,2446.99,,"Chattogram, Bangladesh",,,2024-05-22,,,star_asia_2024_W21_Market-report-Week-21.pdf,22.05.2024,,EU_DDMMYYYY,AWAITING,AWAITING,STATUS,,,,
2024-05-25,21,Beaching / Arrival,ATAR,GC,9576.2,,"Chattogram, Bangladesh",,,2024-05-20,,,star_asia_2024_W21_Market-report-Week-21.pdf,20.05.2024,,EU_DDMMYYYY,AWAITING,AWAITING,STATUS,,,,
2024-05-25,21,Beaching / Arrival,NAGA 2,CONTAINER,2453.19,,"Chattogram, Bangladesh",,,2024-05-20,,,star_asia_2024_W21_Market-report-Week-21.pdf,20.05.2024,,EU_DDMMYYYY,AWAITING,AWAITING,STATUS,,,,
2024-05-25,21,Beaching / Arrival,DONG FANG YONG SHI 2,AHTS,2254.0,,"Chattogram, Bangladesh",,,2024-05-18,,,star_asia_2024_W21_Market-report-Week-21.pdf,18.05.2024,,EU_DDMMYYYY,AWAITING,AWAITING,STATUS,,,,
2024-05-25,21,Beaching / Arrival,SPAN 33,GC,1826.0,,"Chattogram, Bangladesh",,,2024-05-17,,,star_asia_2024_W21_Market-report-Week-21.pdf,17.05.2024,,EU_DDMMYYYY,AWAITING,AWAITING,STATUS,,,,
2024-05-25,21,Beaching / Arrival,HAN JI 2,AHTS,2213.0,,"Chattogram, Bangladesh",,,2024-05-18,,,star_asia_2024_W21_Market-report-Week-21.pdf,18.05.2024,,EU_DDMMYYYY,AWAITING,AWAITING,STATUS,,,,
2024-05-25,21,Beaching / Arrival,GAKU,PCC,7795.0,,"Chattogram, Bangladesh",,,2024-05-16,,,star_asia_2024_W21_Market-report-Week-21.pdf,16.05.2024,,EU_DDMMYYYY,AWAITING,AWAITING,STATUS,,,,
2024-05-25,21,Beaching / Arrival,BAO DI LONG,MPP,3133.0,,"Chattogram, Bangladesh",,,2024-05-14,2024-05-22,,star_asia_2024_W21_Market-report-Week-21.pdf,14.05.2024,,EU_DDMMYYYY,22.05.2024,,EU_DDMMYYYY,,,,
2024-05-25,21,Beaching / Arrival,XIN LV BAO SHI,BULKER,7785.0,,"Chattogram, Bangladesh",,,2024-05-14,2024-05-21,,star_asia_2024_W21_Market-report-Week-21.pdf,14.05.2024,,EU_DDMMYYYY,21.05.2024,,EU_DDMMYYYY,,,,
2024-05-25,21,Beaching / Arrival,SIA 2,CONTAINER,1836.0,,"Chattogram, Bangladesh",,,2024-05-10,2024-05-15,,star_asia_2024_W21_Market-report-Week-21.pdf,10.05.2024,,EU_DDMMYYYY,15.05.2024,,EU_DDMMYYYY,,,,
2024-05-25,21,Beaching / Arrival,PILATUS 21,LPG,889.0,,"Chattogram, Bangladesh",,,2024-05-11,2024-05-15,,star_asia_2024_W21_Market-report-Week-21.pdf,11.05.2024,,EU_DDMMYYYY,15.05.2024,,EU_DDMMYYYY,,,,
2024-05-25,21,Beaching / Arrival,SIA 3,CONTAINER,2166.0,,"Chattogram, Bangladesh",,,2024-05-07,2024-05-11,,star_asia_2024_W21_Market-report-Week-21.pdf,07.05.2024,,EU_DDMMYYYY,11.05.2024,,EU_DDMMYYYY,,,,
2024-05-25,21,Beaching / Arrival,SIA 32,CONTAINER,2801.0,,"Chattogram, Bangladesh",,,2024-05-02,2024-05-07,,star_asia_2024_W21_Market-report-Week-21.pdf,02.05.2024,,EU_DDMMYYYY,07.05.2024,,EU_DDMMYYYY,,,,
2024-05-25,21,Beaching / Arrival,HONG XI,GEN.CARGO,3621.0,,"Chattogram, Bangladesh",,,2024-05-01,2024-05-08,,star_asia_2024_W21_Market-report-Week-21.pdf,01.05.2024,,EU_DDMMYYYY,08.05.2024,,EU_DDMMYYYY,,,,
2024-05-25,21,Beaching / Arrival,JAL GAMINI,TANKER,22572.0,,"Chattogram, Bangladesh",,,2024-04-27,2024-05-08,,star_asia_2024_W21_Market-report-Week-21.pdf,27.04.2024,,EU_DDMMYYYY,08.05.2024,,EU_DDMMYYYY,,,,
2024-05-25,21,Beaching / Arrival,INTER STEVEDORING 8,WOODCHIP,11104.0,,"Chattogram, Bangladesh",,,2024-05-04,2024-05-09,,star_asia_2024_W21_Market-report-Week-21.pdf,04.05.2024,,EU_DDMMYYYY,09.05.2024,,EU_DDMMYYYY,,,,
2024-05-25,21,Beaching / Arrival,PITA ERMA,GEN.CARGO,6002.0,,"Chattogram, Bangladesh",,,2024-05-25,2024-05-07,,star_asia_2024_W21_Market-report-Week-21.pdf,25.05.2024,,EU_DDMMYYYY,07.05.2024,,EU_DDMMYYYY,,,,
2024-05-25,21,Beaching / Arrival,SINOKOR QINGDAO,CONTAINER,4734.0,,"Chattogram, Bangladesh",,,2024-04-23,2024-05-08,,star_asia_2024_W21_Market-report-Week-21.pdf,23.04.2024,,EU_DDMMYYYY,08.05.2024,,EU_DDMMYYYY,,,,
2024-06-08,22,Reported Sale,GNS HOPE,BULKER,9812.0,500.0,"Chattogram, Bangladesh",1994,JAPAN,,,DELIVERED CHATTOGRAM,star_asia_2024_W22_Market-report-Week-22-23.pdf,,,,,,,,,,
2024-06-08,22,Reported Sale,BEI FANG MING ZHU,CONTAINER,5776.0,515.0,"Chattogram, Bangladesh",2013,CHINA,,,DELIVERED CHATTOGRAM,star_asia_2024_W22_Market-report-Week-22-23.pdf,,,,,,,,,,
2024-06-08,22,Reported Sale,ZHONG HONG DA 1,MPP,3981.0,505.0,"Chattogram, Bangladesh",2006,CHINA,,,DELIVERED CHATTOGRAM,star_asia_2024_W22_Market-report-Week-22-23.pdf,,,,,,,,,,
2024-06-08,22,Reported Sale,HAI SHUN FENG 8,MPP,3402.0,505.0,"Chattogram, Bangladesh",2004,CHINA,,,DELIVERED CHATTOGRAM,star_asia_2024_W22_Market-report-Week-22-23.pdf,,,,,,,,,,
2024-06-08,22,Reported Sale,MASALA,CONTAINER,7447.0,510.0,"Chattogram, Bangladesh",1998,POLAND,,,DELIVERED CHATTOGRAM,star_asia_2024_W22_Market-report-Week-22-23.pdf,,,,,,,,,,
2024-06-08,22,Reported Sale,SERANO II,TANKER,16290.0,,"Chattogram, Bangladesh",1999,JAPAN,,,DELIVERED CHATTOGRAM,star_asia_2024_W22_Market-report-Week-22-23.pdf,,,,,,,,,,
2024-06-08,22,Beaching / Arrival,BALYUZEK,REEFER,2360.0,,"Chattogram, Bangladesh",,,2024-06-07,,,star_asia_2024_W22_Market-report-Week-22-23.pdf,07.06.2024,,EU_DDMMYYYY,AWAITING,AWAITING,STATUS,,,,
2024-06-08,22,Beaching / Arrival,UNITED ID,BULKER,7173.0,,"Chattogram, Bangladesh",,,2024-06-06,,,star_asia_2024_W22_Market-report-Week-22-23.pdf,06.06.2024,,EU_DDMMYYYY,AWAITING,AWAITING,STATUS,,,,
2024-06-08,22,Beaching / Arrival,NEZHA,GENERAL CARGO,1571.0,,"Chattogram, Bangladesh",,,2024-06-04,,,star_asia_2024_W22_Market-report-Week-22-23.pdf,04.06.2024,,EU_DDMMYYYY,AWAITING,AWAITING,STATUS,,,,
2024-06-08,22,Beaching / Arrival,BORD,CONTAINER,5723.0,,"Chattogram, Bangladesh",,,2024-06-03,,,star_asia_2024_W22_Market-report-Week-22-23.pdf,03.06.2024,,EU_DDMMYYYY,AWAITING,AWAITING,STATUS,,,,
2024-06-08,22,Beaching / Arrival,STREAM,REEFER,9148.0,,"Chattogram, Bangladesh",,,2024-06-01,,,star_asia_2024_W22_Market-report-Week-22-23.pdf,01.06.2024,,EU_DDMMYYYY,AWAITING,AWAITING,STATUS,,,,
2024-06-08,22,Beaching / Arrival,FERN,FSO,42090.0,,,,,2024-06-05,,,star_asia_2024_W22_Market-report-Week-22-23.pdf,05.06.2024,,EU_DDMMYYYY,AWAITING,AWAITING,STATUS,,,,
2024-06-08,22,Beaching / Arrival,ZHONG HONG DA 1,CONTAINER,3981.0,,,,,2024-05-31,,,star_asia_2024_W22_Market-report-Week-22-23.pdf,31.05.2024,,EU_DDMMYYYY,AWAITING,AWAITING,STATUS,,,,
2024-06-08,22,Beaching / Arrival,HAI SHUN FENG 8,MPP,3402.0,,,,,2024-05-31,,,star_asia_2024_W22_Market-report-Week-22-23.pdf,31.05.2024,,EU_DDMMYYYY,AWAITING,AWAITING,STATUS,,,,
2024-06-08,22,Beaching / Arrival,HONG YING,GEN.CARGO,1567.0,,,,,2024-05-24,2024-06-06,,star_asia_2024_W22_Market-report-Week-22-23.pdf,24.05.2024,,EU_DDMMYYYY,06.06.2024,,EU_DDMMYYYY,,,,
2024-06-08,22,Beaching / Arrival,GNS HOPE,BULKER,9812.0,,,,,2024-05-28,2024-06-05,,star_asia_2024_W22_Market-report-Week-22-23.pdf,28.05.2024,,EU_DDMMYYYY,05.06.2024,,EU_DDMMYYYY,,,,
2024-06-08,22,Beaching / Arrival,MASALA,CONTAINER,7447.0,,,,,2024-06-01,2024-06-05,,star_asia_2024_W22_Market-report-Week-22-23.pdf,01.06.2024,,EU_DDMMYYYY,05.06.2024,,EU_DDMMYYYY,,,,
2024-06-08,22,Beaching / Arrival,SPAN 30,GEN.CARGO,1836.0,,,,,2024-05-30,2024-06-05,,star_asia_2024_W22_Market-report-Week-22-23.pdf,30.05.2024,,EU_DDMMYYYY,05.06.2024,,EU_DDMMYYYY,,,,
2024-06-08,22,Beaching / Arrival,BAI FANG MING ZHU,CONTAINER,5775.0,,,,,2024-05-24,2024-06-04,,star_asia_2024_W22_Market-report-Week-22-23.pdf,24.05.2024,,EU_DDMMYYYY,04.06.2024,,EU_DDMMYYYY,,,,
2024-06-08,22,Beaching / Arrival,JI HAI ZHING SHAN,CONTAINER,2175.0,,,,,2024-05-28,2024-06-04,,star_asia_2024_W22_Market-report-Week-22-23.pdf,28.05.2024,,EU_DDMMYYYY,04.06.2024,,EU_DDMMYYYY,,,,
2024-06-08,22,Beaching / Arrival,MENT 1,CEMEMENT,2234.0,,,,,2024-05-24,2024-06-01,,star_asia_2024_W22_Market-report-Week-22-23.pdf,24.05.2024,,EU_DDMMYYYY,01.06.2024,,EU_DDMMYYYY,,,,
2024-06-15,24,Reported Sale,ST.ANTHONY DE PADUA,ROPAX,1867.0,,"Chattogram, Bangladesh",1985,JAPAN,,,AS IS MANILA FOR REDELIVERY CHATTOGRAM,star_asia_2024_W24_Market-report-Week-24.pdf,,,,,,,,,,
2024-06-15,24,Reported Sale,MSC TIA II,CONTAINER,10611.0,568.0,"Alang, India",1999,POLAND,,,DELIVERED ALANG FOR MSC-APPROVED YARDS,star_asia_2024_W24_Market-report-Week-24.pdf,,,,,,,,,,
2024-06-15,24,Reported Sale,MSC GRACE F,CONTAINER,7555.0,545.0,"Alang, India",1991,GERMANY,,,DELIVERED ALANG FOR MSC-APPROVED YARD,star_asia_2024_W24_Market-report-Week-24.pdf,,,,,,,,,,
2024-06-15,24,Reported Sale,WAN TONG,REEFER,4897.0,435.0,"Chattogram, Bangladesh",1990,JAPAN,,,"AS IS TAIZHOU, CHINA FOR REDELIVERY CHATTOGRAM",star_asia_2024_W24_Market-report-Week-24.pdf,,,,,,,,,,
2024-06-15,24,Beaching / Arrival,PROFESSOR B,GENERAL CARGO,5121.0,,"Alang, India",,,2024-06-14,,,star_asia_2024_W24_Market-report-Week-24.pdf,14.06.2024,,EU_DDMMYYYY,AWAITING,AWAITING,STATUS,,,,
2024-06-15,24,Beaching / Arrival,VICTOR GARRILOV,FISHING,5962.0,,"Alang, India",,,2024-06-13,,,star_asia_2024_W24_Market-report-Week-24.pdf,13.06.2024,,EU_DDMMYYYY,AWAITING,AWAITING,STATUS,,,,
2024-06-15,24,Beaching / Arrival,IDM DOODLE,GENERAL CARGO,4303.0,,"Alang, India",,,2024-06-12,,,star_asia_2024_W24_Market-report-Week-24.pdf,12.06.2024,,EU_DDMMYYYY,AWAITING,AWAITING,STATUS,,,,
2024-06-15,24,Beaching / Arrival,BALYUZEK,REEFER,2360.0,,"Alang, India",,,2024-06-07,,,star_asia_2024_W24_Market-report-Week-24.pdf,07.06.2024,,EU_DDMMYYYY,AWAITING,AWAITING,STATUS,,,,
2024-06-15,24,Beaching / Arrival,UNITED ID,BULKER,7173.0,,"Alang, India",,,2024-06-06,2024-06-11,,star_asia_2024_W24_Market-report-Week-24.pdf,06.06.2024,,EU_DDMMYYYY,11.06.2024,,EU_DDMMYYYY,,,,
2024-06-15,24,Beaching / Arrival,NEZHA,GENERAL CARGO,1571.0,,"Alang, India",,,2024-06-04,2024-06-11,,star_asia_2024_W24_Market-report-Week-24.pdf,04.06.2024,,EU_DDMMYYYY,11.06.2024,,EU_DDMMYYYY,,,,
2024-06-15,24,Beaching / Arrival,BORD,CONTAINER,5723.0,,"Alang, India",,,2024-06-03,2024-06-07,,star_asia_2024_W24_Market-report-Week-24.pdf,03.06.2024,,EU_DDMMYYYY,07.06.2024,,EU_DDMMYYYY,,,,
2024-06-15,24,Beaching / Arrival,STREAM,REEFER,9148.0,,"Alang, India",,,2024-06-01,2024-06-07,,star_asia_2024_W24_Market-report-Week-24.pdf,01.06.2024,,EU_DDMMYYYY,07.06.2024,,EU_DDMMYYYY,,,,
2024-06-15,24,Beaching / Arrival,XIN HAO JIANG 206,BULKER,3328.0,,"Chattogram, Bangladesh",,,2024-06-08,,,star_asia_2024_W24_Market-report-Week-24.pdf,08.06.2024,,EU_DDMMYYYY,AWAITING,AWAITING,STATUS,,,,
2024-06-15,24,Beaching / Arrival,ZHONG HONG DA 1,CONTAINER,3981.0,,"Chattogram, Bangladesh",,,2024-05-31,,,star_asia_2024_W24_Market-report-Week-24.pdf,31.05.2024,,EU_DDMMYYYY,AWAITING,AWAITING,STATUS,,,,
2024-06-15,24,Beaching / Arrival,YUA,CONTAINER,4476.0,,"Chattogram, Bangladesh",,,2024-06-07,2024-06-10,,star_asia_2024_W24_Market-report-Week-24.pdf,07.06.2024,,EU_DDMMYYYY,10.06.2024,,EU_DDMMYYYY,,,,
2024-06-15,24,Beaching / Arrival,HAI SHUN FENG 8,MPP,3402.0,,"Chattogram, Bangladesh",,,2024-05-31,2024-06-09,,star_asia_2024_W24_Market-report-Week-24.pdf,31.05.2024,,EU_DDMMYYYY,09.06.2024,,EU_DDMMYYYY,,,,
2024-06-15,24,Beaching / Arrival,FERN,FSO,42090.0,,"Chattogram, Bangladesh",,,2024-06-05,2024-06-07,,star_asia_2024_W24_Market-report-Week-24.pdf,05.06.2024,,EU_DDMMYYYY,07.06.2024,,EU_DDMMYYYY,,,,
2024-06-15,24,Beaching / Arrival,HONG YING,GEN.CARGO,1567.0,,"Chattogram, Bangladesh",,,2024-05-24,2024-06-06,,star_asia_2024_W24_Market-report-Week-24.pdf,24.05.2024,,EU_DDMMYYYY,06.06.2024,,EU_DDMMYYYY,,,,
2024-06-15,24,Beaching / Arrival,GNS HOPE,BULKER,9812.0,,"Chattogram, Bangladesh",,,2024-05-28,2024-06-05,,star_asia_2024_W24_Market-report-Week-24.pdf,28.05.2024,,EU_DDMMYYYY,05.06.2024,,EU_DDMMYYYY,,,,
2024-06-15,24,Beaching / Arrival,MASALA,CONTAINER,7447.0,,"Chattogram, Bangladesh",,,2024-06-01,2024-06-05,,star_asia_2024_W24_Market-report-Week-24.pdf,01.06.2024,,EU_DDMMYYYY,05.06.2024,,EU_DDMMYYYY,,,,
2024-06-15,24,Beaching / Arrival,SPAN 30,GEN.CARGO,1836.0,,"Chattogram, Bangladesh",,,2024-05-30,2024-06-05,,star_asia_2024_W24_Market-report-Week-24.pdf,30.05.2024,,EU_DDMMYYYY,05.06.2024,,EU_DDMMYYYY,,,,
2024-06-15,24,Beaching / Arrival,BAI FANG MING ZHU,CONTAINER,5775.0,,"Chattogram, Bangladesh",,,2024-05-24,2024-06-04,,star_asia_2024_W24_Market-report-Week-24.pdf,24.05.2024,,EU_DDMMYYYY,04.06.2024,,EU_DDMMYYYY,,,,
2024-06-15,24,Beaching / Arrival,JI HAI ZHING SHAN,CONTAINER,2175.0,,"Chattogram, Bangladesh",,,2024-05-28,2024-06-04,,star_asia_2024_W24_Market-report-Week-24.pdf,28.05.2024,,EU_DDMMYYYY,04.06.2024,,EU_DDMMYYYY,,,,
2024-06-15,24,Beaching / Arrival,MENT 1,CEMEMENT,2234.0,,"Chattogram, Bangladesh",,,2024-05-24,2024-06-01,,star_asia_2024_W24_Market-report-Week-24.pdf,24.05.2024,,EU_DDMMYYYY,01.06.2024,,EU_DDMMYYYY,,,,
2024-06-22,25,Reported Sale,MOSHTARAKA 2,BULKER,14398.0,540.0,,1995,JAPAN,,,DELIVERED SUB-CONTINENT (WITH 450MT ROB INCLUDED IN SALE),star_asia_2024_W25_Market-report-Week-25.pdf,,,,,,,,,,
2024-06-22,25,Reported Sale,TROPICAL SKY,REEFER,5175.0,550.0,"Alang, India",1986,S. KOREA,,,DELIVERED ALANG,star_asia_2024_W25_Market-report-Week-25.pdf,,,,,,,,,,
2024-06-22,25,Reported Sale,IDM DOODLE,GENERAL CARGO,4303.0,550.0,"Alang, India",1995,JAPAN,,,DELIVERED ALANG / GOOD MACHINERY,star_asia_2024_W25_Market-report-Week-25.pdf,,,,,,,,,,
2024-06-22,25,Reported Sale,CAPTAIN GHAITH,BULKER,6956.0,490.0,,1984,JAPAN,,,"AS IS SOHAR, OMAN",star_asia_2024_W25_Market-report-Week-25.pdf,,,,,,,,,,
2024-06-22,25,Beaching / Arrival,MSC GRACE,CONTAINER,7555.0,,"Chattogram, Bangladesh",,,2024-06-20,,,star_asia_2024_W25_Market-report-Week-25.pdf,20.06.2024,,EU_DDMMYYYY,AWAITING,AWAITING,STATUS,,,,
2024-06-22,25,Beaching / Arrival,MSC TIA II,CONTIANER,10611.0,,"Chattogram, Bangladesh",,,2024-06-15,,,star_asia_2024_W25_Market-report-Week-25.pdf,15.06.2024,,EU_DDMMYYYY,AWATIING,AWAITING,STATUS,,,,
2024-06-22,25,Beaching / Arrival,PROFESSOR B,GENERAL CARGO,5121.0,,"Chattogram, Bangladesh",,,2024-06-14,2024-06-21,,star_asia_2024_W25_Market-report-Week-25.pdf,14.06.2024,,EU_DDMMYYYY,21.06.2024,,EU_DDMMYYYY,,,,
2024-06-22,25,Beaching / Arrival,VICTOR GARRILOV,FISHING,5962.0,,"Chattogram, Bangladesh",,,2024-06-13,2024-06-21,,star_asia_2024_W25_Market-report-Week-25.pdf,13.06.2024,,EU_DDMMYYYY,21.06.2024,,EU_DDMMYYYY,,,,
2024-06-22,25,Beaching / Arrival,IDM DOODLE,GENERAL CARGO,4303.0,,"Chattogram, Bangladesh",,,2024-06-12,2024-06-20,,star_asia_2024_W25_Market-report-Week-25.pdf,12.06.2024,,EU_DDMMYYYY,20.06.2024,,EU_DDMMYYYY,,,,
2024-06-22,25,Beaching / Arrival,BALYUZEK,REEFER,2360.0,,"Chattogram, Bangladesh",,,2024-06-07,,,star_asia_2024_W25_Market-report-Week-25.pdf,07.06.2024,,EU_DDMMYYYY,AWAITING,AWAITING,STATUS,,,,
2024-06-22,25,Beaching / Arrival,UNITED ID,BULKER,7173.0,,"Chattogram, Bangladesh",,,2024-06-06,2024-06-11,,star_asia_2024_W25_Market-report-Week-25.pdf,06.06.2024,,EU_DDMMYYYY,11.06.2024,,EU_DDMMYYYY,,,,
2024-06-22,25,Beaching / Arrival,NEZHA,GENERAL CARGO,1571.0,,"Chattogram, Bangladesh",,,2024-06-04,2024-06-11,,star_asia_2024_W25_Market-report-Week-25.pdf,04.06.2024,,EU_DDMMYYYY,11.06.2024,,EU_DDMMYYYY,,,,
2024-06-22,25,Beaching / Arrival,BORD,CONTAINER,5723.0,,"Chattogram, Bangladesh",,,2024-06-03,2024-06-07,,star_asia_2024_W25_Market-report-Week-25.pdf,03.06.2024,,EU_DDMMYYYY,07.06.2024,,EU_DDMMYYYY,,,,
2024-06-22,25,Beaching / Arrival,STREAM,REEFER,9148.0,,"Chattogram, Bangladesh",,,2024-06-01,2024-06-07,,star_asia_2024_W25_Market-report-Week-25.pdf,01.06.2024,,EU_DDMMYYYY,07.06.2024,,EU_DDMMYYYY,,,,
2024-06-22,25,Beaching / Arrival,PINE EXPRESS,WOODCHIP,9543.0,,"Chattogram, Bangladesh",,,2024-06-18,,,star_asia_2024_W25_Market-report-Week-25.pdf,18.06.2024,,EU_DDMMYYYY,AWAITING,AWAITING,STATUS,,,,
2024-06-22,25,Beaching / Arrival,DOOWOO,CONTAINER,3744.0,,"Chattogram, Bangladesh",,,2024-06-18,,,star_asia_2024_W25_Market-report-Week-25.pdf,18.06.2024,,EU_DDMMYYYY,AWAITING,AWAITING,STATUS,,,,
2024-06-22,25,Beaching / Arrival,XIN HAO JIANG 206,BULKER,3328.0,,"Chattogram, Bangladesh",,,2024-06-08,2024-06-15,,star_asia_2024_W25_Market-report-Week-25.pdf,08.06.2024,,EU_DDMMYYYY,15.06.2024,,EU_DDMMYYYY,,,,
2024-06-22,25,Beaching / Arrival,ZHONG HONG DA 1,CONTAINER,3981.0,,"Chattogram, Bangladesh",,,2024-05-31,2024-06-12,,star_asia_2024_W25_Market-report-Week-25.pdf,31.05.2024,,EU_DDMMYYYY,12.06.2024,,EU_DDMMYYYY,,,,
2024-06-22,25,Beaching / Arrival,YUA,CONTAINER,4476.0,,"Chattogram, Bangladesh",,,2024-06-07,2024-06-10,,star_asia_2024_W25_Market-report-Week-25.pdf,07.06.2024,,EU_DDMMYYYY,10.06.2024,,EU_DDMMYYYY,,,,
2024-06-22,25,Beaching / Arrival,HAI SHUN FENG 8,MPP,3402.0,,"Chattogram, Bangladesh",,,2024-05-31,2024-06-09,,star_asia_2024_W25_Market-report-Week-25.pdf,31.05.2024,,EU_DDMMYYYY,09.06.2024,,EU_DDMMYYYY,,,,
2024-06-22,25,Beaching / Arrival,FERN,FSO,42090.0,,"Chattogram, Bangladesh",,,2024-06-05,2024-06-07,,star_asia_2024_W25_Market-report-Week-25.pdf,05.06.2024,,EU_DDMMYYYY,07.06.2024,,EU_DDMMYYYY,,,,
2024-06-22,25,Beaching / Arrival,HONG YING,GEN.CARGO,1567.0,,"Chattogram, Bangladesh",,,2024-05-24,2024-06-06,,star_asia_2024_W25_Market-report-Week-25.pdf,24.05.2024,,EU_DDMMYYYY,06.06.2024,,EU_DDMMYYYY,,,,
2024-06-22,25,Beaching / Arrival,GNS HOPE,BULKER,9812.0,,"Chattogram, Bangladesh",,,2024-05-28,2024-06-05,,star_asia_2024_W25_Market-report-Week-25.pdf,28.05.2024,,EU_DDMMYYYY,05.06.2024,,EU_DDMMYYYY,,,,
2024-06-22,25,Beaching / Arrival,MASALA,CONTAINER,7447.0,,"Chattogram, Bangladesh",,,2024-06-01,2024-06-05,,star_asia_2024_W25_Market-report-Week-25.pdf,01.06.2024,,EU_DDMMYYYY,05.06.2024,,EU_DDMMYYYY,,,,
2024-06-22,25,Beaching / Arrival,SPAN 30,GEN.CARGO,1836.0,,"Chattogram, Bangladesh",,,2024-05-30,2024-06-05,,star_asia_2024_W25_Market-report-Week-25.pdf,30.05.2024,,EU_DDMMYYYY,05.06.2024,,EU_DDMMYYYY,,,,
2024-06-22,25,Beaching / Arrival,BAI FANG MING ZHU,CONTAINER,5775.0,,"Chattogram, Bangladesh",,,2024-05-24,2024-06-04,,star_asia_2024_W25_Market-report-Week-25.pdf,24.05.2024,,EU_DDMMYYYY,04.06.2024,,EU_DDMMYYYY,,,,
2024-06-22,25,Beaching / Arrival,JI HAI ZHING SHAN,CONTAINER,2175.0,,"Chattogram, Bangladesh",,,2024-05-28,2024-06-04,,star_asia_2024_W25_Market-report-Week-25.pdf,28.05.2024,,EU_DDMMYYYY,04.06.2024,,EU_DDMMYYYY,,,,
2024-06-22,25,Beaching / Arrival,MENT 1,CEMEMENT,2234.0,,"Chattogram, Bangladesh",,,2024-05-24,2024-06-01,,star_asia_2024_W25_Market-report-Week-25.pdf,24.05.2024,,EU_DDMMYYYY,01.06.2024,,EU_DDMMYYYY,,,,
2024-06-30,26,Reported Sale,OSSORA,FISHING,936.0,600.0,"Alang, India",1988,USSR,,,"DELIVERED ALANG, PREMIUM FOR GOOD MACHINERY SPECS AND HEAVY PROPELLER",star_asia_2024_W26_Market-report-Week-26.pdf,,,,,,,,,,
2024-06-30,26,Reported Sale,FAR EAST GRACE,CONTAINER,3584.0,500.0,,2007,CHINA,,,"AS IS KHOR FAKKAN, UAE",star_asia_2024_W26_Market-report-Week-26.pdf,,,,,,,,,,
2024-06-30,26,Reported Sale,KMAX PRO,BULKER,7226.0,,,1997,JAPAN,,,"AS IS PENANG, MALAYSIA (SOLD VIA COURT AUCTIONS)",star_asia_2024_W26_Market-report-Week-26.pdf,,,,,,,,,,
2024-06-30,26,Reported Sale,APJ MAHAKALI,BULKER,9126.0,525.0,,1996,JAPAN,,,AS IS COLOMBO FOR REDELIVERY CHATTORGRAM,star_asia_2024_W26_Market-report-Week-26.pdf,,,,,,,,,,
2024-06-30,26,Reported Sale,DOOWOO,CONTAINER,3744.0,532.0,"Chattogram, Bangladesh",1992,JAPAN,,,DELIVERED CHATTOGRAM,star_asia_2024_W26_Market-report-Week-26.pdf,,,,,,,,,,
2024-06-30,26,Reported Sale,TOKACHI FROST,REEFER,2592.0,525.0,"Alang, India",1985,JAPAN,,,DELIVERED ALANG,star_asia_2024_W26_Market-report-Week-26.pdf,,,,,,,,,,
2024-06-30,26,Beaching / Arrival,MSC GRACE F,CONTAINER,7555.0,,"Chattogram, Bangladesh",,,2024-06-20,2024-06-23,,star_asia_2024_W26_Market-report-Week-26.pdf,20.06.2024,,EU_DDMMYYYY,23.06.2024,,EU_DDMMYYYY,,,,
2024-06-30,26,Beaching / Arrival,MSC TIA II,CONTIANER,10611.0,,"Chattogram, Bangladesh",,,2024-06-15,2024-06-22,,star_asia_2024_W26_Market-report-Week-26.pdf,15.06.2024,,EU_DDMMYYYY,22.06.2024,,EU_DDMMYYYY,,,,
2024-06-30,26,Beaching / Arrival,PROFESSOR B,GENERAL CARGO,5121.0,,"Chattogram, Bangladesh",,,2024-06-14,2024-06-21,,star_asia_2024_W26_Market-report-Week-26.pdf,14.06.2024,,EU_DDMMYYYY,21.06.2024,,EU_DDMMYYYY,,,,
2024-06-30,26,Beaching / Arrival,VICTOR GARRILOV,FISHING,5962.0,,"Chattogram, Bangladesh",,,2024-06-13,2024-06-21,,star_asia_2024_W26_Market-report-Week-26.pdf,13.06.2024,,EU_DDMMYYYY,21.06.2024,,EU_DDMMYYYY,,,,
2024-06-30,26,Beaching / Arrival,IDM DOODLE,GENERAL CARGO,4303.0,,"Chattogram, Bangladesh",,,2024-06-12,2024-06-20,,star_asia_2024_W26_Market-report-Week-26.pdf,12.06.2024,,EU_DDMMYYYY,20.06.2024,,EU_DDMMYYYY,,,,
2024-06-30,26,Beaching / Arrival,BALYUZEK,REEFER,2360.0,,"Chattogram, Bangladesh",,,2024-06-07,,,star_asia_2024_W26_Market-report-Week-26.pdf,07.06.2024,,EU_DDMMYYYY,AWAITING,AWAITING,STATUS,,,,
2024-06-30,26,Beaching / Arrival,UNITED ID,BULKER,7173.0,,"Chattogram, Bangladesh",,,2024-06-06,2024-06-11,,star_asia_2024_W26_Market-report-Week-26.pdf,06.06.2024,,EU_DDMMYYYY,11.06.2024,,EU_DDMMYYYY,,,,
2024-06-30,26,Beaching / Arrival,NEZHA,GENERAL CARGO,1571.0,,"Chattogram, Bangladesh",,,2024-06-04,2024-06-11,,star_asia_2024_W26_Market-report-Week-26.pdf,04.06.2024,,EU_DDMMYYYY,11.06.2024,,EU_DDMMYYYY,,,,
2024-06-30,26,Beaching / Arrival,BORD,CONTAINER,5723.0,,"Chattogram, Bangladesh",,,2024-06-03,2024-06-07,,star_asia_2024_W26_Market-report-Week-26.pdf,03.06.2024,,EU_DDMMYYYY,07.06.2024,,EU_DDMMYYYY,,,,
2024-06-30,26,Beaching / Arrival,STREAM,REEFER,9148.0,,"Chattogram, Bangladesh",,,2024-06-01,2024-06-07,,star_asia_2024_W26_Market-report-Week-26.pdf,01.06.2024,,EU_DDMMYYYY,07.06.2024,,EU_DDMMYYYY,,,,
2024-06-30,26,Beaching / Arrival,XING TONG 313,LPG,1909.0,,,,,2024-06-26,,,star_asia_2024_W26_Market-report-Week-26.pdf,26.06.2024,,EU_DDMMYYYY,AWAITING,AWAITING,STATUS,,,,
2024-06-30,26,Beaching / Arrival,YUN TAI LONG 66,CONTAINER,2090.0,,,,,2024-06-26,,,star_asia_2024_W26_Market-report-Week-26.pdf,26.06.2024,,EU_DDMMYYYY,AWAITING,AWAITING,STATUS,,,,
2024-06-30,26,Beaching / Arrival,PINE EXPRESS,WOODCHIP,9543.0,,,,,2024-06-18,2024-06-25,,star_asia_2024_W26_Market-report-Week-26.pdf,18.06.2024,,EU_DDMMYYYY,25.06.2024,,EU_DDMMYYYY,,,,
2024-06-30,26,Beaching / Arrival,DOOWOO,CONTAINER,3744.0,,,,,2024-06-18,2024-06-26,,star_asia_2024_W26_Market-report-Week-26.pdf,18.06.2024,,EU_DDMMYYYY,26.06.2024,,EU_DDMMYYYY,,,,
2024-06-30,26,Beaching / Arrival,XIN HAO JIANG 206,BULKER,3328.0,,,,,2024-06-08,2024-06-15,,star_asia_2024_W26_Market-report-Week-26.pdf,08.06.2024,,EU_DDMMYYYY,15.06.2024,,EU_DDMMYYYY,,,,
2024-06-30,26,Beaching / Arrival,ZHONG HONG DA 1,CONTAINER,3981.0,,,,,2024-05-31,2024-06-12,,star_asia_2024_W26_Market-report-Week-26.pdf,31.05.2024,,EU_DDMMYYYY,12.06.2024,,EU_DDMMYYYY,,,,
2024-06-30,26,Beaching / Arrival,YUA,CONTAINER,4476.0,,,,,2024-06-07,2024-06-10,,star_asia_2024_W26_Market-report-Week-26.pdf,07.06.2024,,EU_DDMMYYYY,10.06.2024,,EU_DDMMYYYY,,,,
2024-06-30,26,Beaching / Arrival,HAI SHUN FENG 8,MPP,3402.0,,,,,2024-05-31,2024-06-09,,star_asia_2024_W26_Market-report-Week-26.pdf,31.05.2024,,EU_DDMMYYYY,09.06.2024,,EU_DDMMYYYY,,,,
2024-06-30,26,Beaching / Arrival,FERN,FSO,42090.0,,,,,2024-06-05,2024-06-07,,star_asia_2024_W26_Market-report-Week-26.pdf,05.06.2024,,EU_DDMMYYYY,07.06.2024,,EU_DDMMYYYY,,,,
2024-06-30,26,Beaching / Arrival,HONG YING,GEN.CARGO,1567.0,,,,,2024-05-24,2024-06-06,,star_asia_2024_W26_Market-report-Week-26.pdf,24.05.2024,,EU_DDMMYYYY,06.06.2024,,EU_DDMMYYYY,,,,
2024-06-30,26,Beaching / Arrival,GNS HOPE,BULKER,9812.0,,,,,2024-05-28,2024-06-05,,star_asia_2024_W26_Market-report-Week-26.pdf,28.05.2024,,EU_DDMMYYYY,05.06.2024,,EU_DDMMYYYY,,,,
2024-06-30,26,Beaching / Arrival,MASALA,CONTAINER,7447.0,,,,,2024-06-01,2024-06-05,,star_asia_2024_W26_Market-report-Week-26.pdf,01.06.2024,,EU_DDMMYYYY,05.06.2024,,EU_DDMMYYYY,,,,
2024-06-30,26,Beaching / Arrival,SPAN 30,GEN.CARGO,1836.0,,,,,2024-05-30,2024-06-05,,star_asia_2024_W26_Market-report-Week-26.pdf,30.05.2024,,EU_DDMMYYYY,05.06.2024,,EU_DDMMYYYY,,,,
2024-06-30,26,Beaching / Arrival,BAI FANG MING ZHU,CONTAINER,5775.0,,,,,2024-05-24,2024-06-04,,star_asia_2024_W26_Market-report-Week-26.pdf,24.05.2024,,EU_DDMMYYYY,04.06.2024,,EU_DDMMYYYY,,,,
2024-06-30,26,Beaching / Arrival,JI HAI ZHING SHAN,CONTAINER,2175.0,,,,,2024-05-28,2024-06-04,,star_asia_2024_W26_Market-report-Week-26.pdf,28.05.2024,,EU_DDMMYYYY,04.06.2024,,EU_DDMMYYYY,,,,
2024-06-30,26,Beaching / Arrival,MENT 1,CEMEMENT,2234.0,,,,,2024-05-24,2024-06-01,,star_asia_2024_W26_Market-report-Week-26.pdf,24.05.2024,,EU_DDMMYYYY,01.06.2024,,EU_DDMMYYYY,,,,
2024-07-06,27,Reported Sale,KAI 1,CONTAINER,2404.0,530.0,"Chattogram, Bangladesh",1994,S.KOREA,,,DELIVERED CHATTOGRAM,star_asia_2024_W27_Market-report-Week-27.pdf,,,,,,,,,,
2024-07-06,27,Beaching / Arrival,XIANG,BULK,3947.0,,"Aliaga, Turkey",,,2024-07-01,,,star_asia_2024_W27_Market-report-Week-27.pdf,01.07.2024,,EU_DDMMYYYY,AWAITING,AWAITING,STATUS,,,,
2024-07-06,27,Beaching / Arrival,XING TONG 313,LPG,1909.0,,"Aliaga, Turkey",,,2024-06-26,,,star_asia_2024_W27_Market-report-Week-27.pdf,26.06.2024,,EU_DDMMYYYY,AWAITING,AWAITING,STATUS,,,,
2024-07-06,27,Beaching / Arrival,YUN TAI LONG 66,CONTAINER,2090.0,,"Aliaga, Turkey",,,2024-06-26,2024-07-03,,star_asia_2024_W27_Market-report-Week-27.pdf,26.06.2024,,EU_DDMMYYYY,03.07.2024,,EU_DDMMYYYY,,,,
2024-07-06,27,Beaching / Arrival,ALPS,BULKER,10191.0,,"Aliaga, Turkey",,,2024-06-21,2024-07-03,,star_asia_2024_W27_Market-report-Week-27.pdf,21.06.2024,,EU_DDMMYYYY,03.07.2024,,EU_DDMMYYYY,,,,
2024-07-06,27,Beaching / Arrival,DIYAA B,BULKER,6956.0,,"Aliaga, Turkey",,,2024-06-20,2024-07-05,,star_asia_2024_W27_Market-report-Week-27.pdf,20.06.2024,,EU_DDMMYYYY,05.07.2024,,EU_DDMMYYYY,,,,
2024-07-13,28,Reported Sale,YUN SHOU 7,BULKER,3531.0,,"Chattogram, Bangladesh",2008,CHINA,,,DELIVERED CHATTOGRAM,star_asia_2024_W28_Market-report-Week-28.pdf,,,,,,,,,,
2024-07-13,28,Reported Sale,NARESHWAR,BULKER,10308.0,510.0,"Chattogram, Bangladesh",1995,JAPAN,,,"AS IS SURABAYA, INDONESIA OR REDELIVERY CHATTOGRAM",star_asia_2024_W28_Market-report-Week-28.pdf,,,,,,,,,,
2024-07-13,28,Beaching / Arrival,TOKKACHI FROST,REEFER,2529.0,,"Chattogram, Bangladesh",,,2024-07-11,,,star_asia_2024_W28_Market-report-Week-28.pdf,11.07.2024,,EU_DDMMYYYY,AWAITING,AWAITING,STATUS,,,,
2024-07-13,28,Beaching / Arrival,VIVA,REEFER,2188.0,,"Chattogram, Bangladesh",,,2024-07-06,2024-07-10,,star_asia_2024_W28_Market-report-Week-28.pdf,06.07.2024,,EU_DDMMYYYY,10.07.2024,,EU_DDMMYYYY,,,,
2024-07-13,28,Beaching / Arrival,URANUS,CONTAINER,24328.0,,"Chattogram, Bangladesh",,,2024-07-05,2024-07-10,,star_asia_2024_W28_Market-report-Week-28.pdf,05.07.2024,,EU_DDMMYYYY,10.07.2024,,EU_DDMMYYYY,,,,
2024-07-13,28,Beaching / Arrival,PAN,GEN.CARGO,1662.0,,"Chattogram, Bangladesh",,,2024-07-11,,,star_asia_2024_W28_Market-report-Week-28.pdf,11.07.2024,,EU_DDMMYYYY,AWAITING,AWAITING,STATUS,,,,
2024-07-13,28,Beaching / Arrival,NARESHWAR,BULKER,10308.0,,"Chattogram, Bangladesh",,,2024-07-05,,,star_asia_2024_W28_Market-report-Week-28.pdf,05.07.2024,,EU_DDMMYYYY,AWAITING,AWAITING,STATUS,,,,
2024-07-13,28,Beaching / Arrival,XING TONG 313,LPG,1909.0,,"Chattogram, Bangladesh",,,2024-06-26,,,star_asia_2024_W28_Market-report-Week-28.pdf,26.06.2024,,EU_DDMMYYYY,AWAITING,AWAITING,STATUS,,,,
2024-07-13,28,Beaching / Arrival,EVER EXPRESS,GEN CARGO,137.0,,"Chattogram, Bangladesh",,,2024-07-07,2024-07-11,,star_asia_2024_W28_Market-report-Week-28.pdf,07.07.2024,,EU_DDMMYYYY,11.07.2024,,EU_DDMMYYYY,,,,
2024-07-13,28,Beaching / Arrival,XIANG,BULK,3947.0,,"Chattogram, Bangladesh",,,2024-07-01,2024-07-11,,star_asia_2024_W28_Market-report-Week-28.pdf,01.07.2024,,EU_DDMMYYYY,11.07.2024,,EU_DDMMYYYY,,,,
2024-07-13,28,Beaching / Arrival,YUN SHOU 7,BULKER,3399.0,,"Chattogram, Bangladesh",,,2024-07-07,2024-07-11,,star_asia_2024_W28_Market-report-Week-28.pdf,07.07.2024,,EU_DDMMYYYY,11.07.2024,,EU_DDMMYYYY,,,,
2024-07-13,28,Beaching / Arrival,YUN TAI LONG 66,CONTAINER,2090.0,,"Chattogram, Bangladesh",,,2024-06-26,2024-07-03,,star_asia_2024_W28_Market-report-Week-28.pdf,26.06.2024,,EU_DDMMYYYY,03.07.2024,,EU_DDMMYYYY,,,,
2024-07-13,28,Beaching / Arrival,ALPS,BULKER,10191.0,,"Chattogram, Bangladesh",,,2024-06-21,2024-07-03,,star_asia_2024_W28_Market-report-Week-28.pdf,21.06.2024,,EU_DDMMYYYY,03.07.2024,,EU_DDMMYYYY,,,,
2024-07-13,28,Beaching / Arrival,DIYAA B,BULKER,6956.0,,"Chattogram, Bangladesh",,,2024-06-20,2024-07-05,,star_asia_2024_W28_Market-report-Week-28.pdf,20.06.2024,,EU_DDMMYYYY,05.07.2024,,EU_DDMMYYYY,,,,
2024-07-20,29,Reported Sale,MSC IRIS,CONTAINER,10655.0,526.0,"Alang, India",1982,GERMANY,,,DELIVERED ALANG FOR GREEN RECYCLING,star_asia_2024_W29_Market-report-Week-29.pdf,,,,,,,,,,
2024-07-20,29,Reported Sale,SU ZHOU HAO,ROPAX,5903.0,430.0,,1992,JAPAN,,,"AS IS SHANGHAI, CHINA",star_asia_2024_W29_Market-report-Week-29.pdf,,,,,,,,,,
2024-07-20,29,Reported Sale,HONG FA SHANG HAI,GENERAL CARGO,9653.0,539.0,,1997,CROATIA,,,DELIVERED FULL SUB-CONTINENT,star_asia_2024_W29_Market-report-Week-29.pdf,,,,,,,,,,
2024-07-20,29,Reported Sale,SHUN DA FA ZHAN,BULKER,,420.0,"Chattogram, Bangladesh",1994,S.KOREA,,,"AS IS ZHOUSHAN, CHINA FOR REDELIVERY CHATTOGRAM",star_asia_2024_W29_Market-report-Week-29.pdf,,,,,,,,,,
2024-07-20,29,Beaching / Arrival,GORDON,FISHING,2801.0,,"Chattogram, Bangladesh",,,2024-07-16,,,star_asia_2024_W29_Market-report-Week-29.pdf,16.07.2024,,EU_DDMMYYYY,AWAITING,AWAITING,STATUS,,,,
2024-07-20,29,Beaching / Arrival,TOKKACHI FROST,REEFER,2529.0,,"Chattogram, Bangladesh",,,2024-07-11,2024-07-17,,star_asia_2024_W29_Market-report-Week-29.pdf,11.07.2024,,EU_DDMMYYYY,17.07.2024,,EU_DDMMYYYY,,,,
2024-07-20,29,Beaching / Arrival,VIVA,REEFER,2188.0,,"Chattogram, Bangladesh",,,2024-07-06,2024-07-10,,star_asia_2024_W29_Market-report-Week-29.pdf,06.07.2024,,EU_DDMMYYYY,10.07.2024,,EU_DDMMYYYY,,,,
2024-07-20,29,Beaching / Arrival,URANUS,CONTAINER,24328.0,,"Chattogram, Bangladesh",,,2024-07-05,2024-07-10,,star_asia_2024_W29_Market-report-Week-29.pdf,05.07.2024,,EU_DDMMYYYY,10.07.2024,,EU_DDMMYYYY,,,,
2024-07-20,29,Beaching / Arrival,SIA 30,CONTAINER,2586.0,,"Chattogram, Bangladesh",,,2024-07-17,,,star_asia_2024_W29_Market-report-Week-29.pdf,17.07.2024,,EU_DDMMYYYY,AWAITING,AWAITING,STATUS,,,,
2024-07-20,29,Beaching / Arrival,PIONEER,TUG,1348.0,,"Chattogram, Bangladesh",,,2024-07-14,,,star_asia_2024_W29_Market-report-Week-29.pdf,14.07.2024,,EU_DDMMYYYY,AWAITING,AWAITING,STATUS,,,,
2024-07-20,29,Beaching / Arrival,PAN,GEN. CARGO,1662.0,,"Chattogram, Bangladesh",,,2024-07-11,,,star_asia_2024_W29_Market-report-Week-29.pdf,11.07.2024,,EU_DDMMYYYY,AWAITING,AWAITING,STATUS,,,,
2024-07-20,29,Beaching / Arrival,NARESHWAR,BULKER,10308.0,,"Chattogram, Bangladesh",,,2024-07-05,,,star_asia_2024_W29_Market-report-Week-29.pdf,05.07.2024,,EU_DDMMYYYY,AWAITING,AWAITING,STATUS,,,,
2024-07-20,29,Beaching / Arrival,XING TONG 313,LPG,1909.0,,"Chattogram, Bangladesh",,,2024-06-26,2024-07-12,,star_asia_2024_W29_Market-report-Week-29.pdf,26.06.2024,,EU_DDMMYYYY,12.07.2024,,EU_DDMMYYYY,,,,
2024-07-20,29,Beaching / Arrival,EVER EXPRESS,GEN. CARGO,137.0,,"Chattogram, Bangladesh",,,2024-07-07,2024-07-11,,star_asia_2024_W29_Market-report-Week-29.pdf,07.07.2024,,EU_DDMMYYYY,11.07.2024,,EU_DDMMYYYY,,,,
2024-07-20,29,Beaching / Arrival,XIANG,BULK,3947.0,,"Chattogram, Bangladesh",,,2024-07-01,2024-07-11,,star_asia_2024_W29_Market-report-Week-29.pdf,01.07.2024,,EU_DDMMYYYY,11.07.2024,,EU_DDMMYYYY,,,,
2024-07-20,29,Beaching / Arrival,YUN SHOU 7,BULKER,3399.0,,"Chattogram, Bangladesh",,,2024-07-07,2024-07-11,,star_asia_2024_W29_Market-report-Week-29.pdf,07.07.2024,,EU_DDMMYYYY,11.07.2024,,EU_DDMMYYYY,,,,
2024-07-20,29,Beaching / Arrival,YUN TAI LONG 66,CONTAINER,2090.0,,"Chattogram, Bangladesh",,,2024-06-26,2024-07-03,,star_asia_2024_W29_Market-report-Week-29.pdf,26.06.2024,,EU_DDMMYYYY,03.07.2024,,EU_DDMMYYYY,,,,
2024-07-20,29,Beaching / Arrival,ALPS,BULKER,10191.0,,"Chattogram, Bangladesh",,,2024-06-21,2024-07-03,,star_asia_2024_W29_Market-report-Week-29.pdf,21.06.2024,,EU_DDMMYYYY,03.07.2024,,EU_DDMMYYYY,,,,
2024-07-20,29,Beaching / Arrival,DIYAA B,BULKER,6956.0,,"Chattogram, Bangladesh",,,2024-06-20,2024-07-05,,star_asia_2024_W29_Market-report-Week-29.pdf,20.06.2024,,EU_DDMMYYYY,05.07.2024,,EU_DDMMYYYY,,,,
2024-07-27,30,Reported Sale,ICE RUNNER,REEFER,6939.0,,"Alang, India",1984,JAPAN,,,DELIVERED ALANG,star_asia_2024_W30_Market-report-Week-30.pdf,,,,,,,,,,
2024-07-27,30,Reported Sale,PIONEER,POLLUTION CONTROL SHIP,1348.0,530.0,"Chattogram, Bangladesh",1978,USA,,,DELIVERED CHATTOGRAM,star_asia_2024_W30_Market-report-Week-30.pdf,,,,,,,,,,
2024-07-27,30,Beaching / Arrival,MERSIN 15,RORO,5280.0,,"Chattogram, Bangladesh",,,2024-07-23,,,star_asia_2024_W30_Market-report-Week-30.pdf,23.07.2024,,EU_DDMMYYYY,AWAITING,AWAITING,STATUS,,,,
2024-07-27,30,Beaching / Arrival,GORDON,FISHING,2801.0,,"Chattogram, Bangladesh",,,2024-07-16,2024-07-20,,star_asia_2024_W30_Market-report-Week-30.pdf,16.07.2024,,EU_DDMMYYYY,20.07.2024,,EU_DDMMYYYY,,,,
2024-07-27,30,Beaching / Arrival,TOKKACHI FROST,REEFER,2529.0,,"Chattogram, Bangladesh",,,2024-07-11,2024-07-17,,star_asia_2024_W30_Market-report-Week-30.pdf,11.07.2024,,EU_DDMMYYYY,17.07.2024,,EU_DDMMYYYY,,,,
2024-07-27,30,Beaching / Arrival,VIVA,REEFER,2188.0,,"Chattogram, Bangladesh",,,2024-07-06,2024-07-10,,star_asia_2024_W30_Market-report-Week-30.pdf,06.07.2024,,EU_DDMMYYYY,10.07.2024,,EU_DDMMYYYY,,,,
2024-07-27,30,Beaching / Arrival,URANUS,CONTAINER,24328.0,,"Chattogram, Bangladesh",,,2024-07-05,2024-07-10,,star_asia_2024_W30_Market-report-Week-30.pdf,05.07.2024,,EU_DDMMYYYY,10.07.2024,,EU_DDMMYYYY,,,,
2024-07-27,30,Beaching / Arrival,TAI,BULKER,3231.0,,"Chattogram, Bangladesh",,,2024-07-24,,,star_asia_2024_W30_Market-report-Week-30.pdf,24.07.2024,,EU_DDMMYYYY,AWAITING,AWAITING,STATUS,,,,
2024-07-27,30,Beaching / Arrival,SIA 20,CONTAINER,1747.0,,"Chattogram, Bangladesh",,,2024-07-20,,,star_asia_2024_W30_Market-report-Week-30.pdf,20.07.2024,,EU_DDMMYYYY,AWAITING,AWAITING,STATUS,,,,
2024-07-27,30,Beaching / Arrival,SIA 30,CONTAINER,2586.0,,"Chattogram, Bangladesh",,,2024-07-17,2024-07-21,,star_asia_2024_W30_Market-report-Week-30.pdf,17.07.2024,,EU_DDMMYYYY,21.07.2024,,EU_DDMMYYYY,,,,
2024-07-27,30,Beaching / Arrival,PIONEER,TUG,1348.0,,"Chattogram, Bangladesh",,,2024-07-14,2024-07-19,,star_asia_2024_W30_Market-report-Week-30.pdf,14.07.2024,,EU_DDMMYYYY,19.07.2024,,EU_DDMMYYYY,,,,
2024-07-27,30,Beaching / Arrival,PAN,GEN. CARGO,1662.0,,"Chattogram, Bangladesh",,,2024-07-11,2024-07-16,,star_asia_2024_W30_Market-report-Week-30.pdf,11.07.2024,,EU_DDMMYYYY,16.07.2024,,EU_DDMMYYYY,,,,
2024-07-27,30,Beaching / Arrival,NARESHWAR,BULKER,10308.0,,"Chattogram, Bangladesh",,,2024-07-05,2024-07-19,,star_asia_2024_W30_Market-report-Week-30.pdf,05.07.2024,,EU_DDMMYYYY,19.07.2024,,EU_DDMMYYYY,,,,
2024-07-27,30,Beaching / Arrival,XING TONG 313,LPG,1909.0,,"Chattogram, Bangladesh",,,2024-06-26,2024-07-12,,star_asia_2024_W30_Market-report-Week-30.pdf,26.06.2024,,EU_DDMMYYYY,12.07.2024,,EU_DDMMYYYY,,,,
2024-07-27,30,Beaching / Arrival,EVER EXPRESS,GEN. CARGO,137.0,,"Chattogram, Bangladesh",,,2024-07-07,2024-07-11,,star_asia_2024_W30_Market-report-Week-30.pdf,07.07.2024,,EU_DDMMYYYY,11.07.2024,,EU_DDMMYYYY,,,,
2024-07-27,30,Beaching / Arrival,XIANG,BULK,3947.0,,"Chattogram, Bangladesh",,,2024-07-01,2024-07-11,,star_asia_2024_W30_Market-report-Week-30.pdf,01.07.2024,,EU_DDMMYYYY,11.07.2024,,EU_DDMMYYYY,,,,
2024-07-27,30,Beaching / Arrival,YUN SHOU 7,BULKER,3399.0,,"Chattogram, Bangladesh",,,2024-07-07,2024-07-11,,star_asia_2024_W30_Market-report-Week-30.pdf,07.07.2024,,EU_DDMMYYYY,11.07.2024,,EU_DDMMYYYY,,,,
2024-07-27,30,Beaching / Arrival,YUN TAI LONG 66,CONTAINER,2090.0,,"Chattogram, Bangladesh",,,2024-06-26,2024-07-03,,star_asia_2024_W30_Market-report-Week-30.pdf,26.06.2024,,EU_DDMMYYYY,03.07.2024,,EU_DDMMYYYY,,,,
2024-07-27,30,Beaching / Arrival,ALPS,BULKER,10191.0,,"Aliaga, Turkey",,,2024-06-21,2024-07-03,,star_asia_2024_W30_Market-report-Week-30.pdf,21.06.2024,,EU_DDMMYYYY,03.07.2024,,EU_DDMMYYYY,,,,
2024-07-27,30,Beaching / Arrival,DIYAA B,BULKER,6956.0,,"Aliaga, Turkey",,,2024-06-20,2024-07-05,,star_asia_2024_W30_Market-report-Week-30.pdf,20.06.2024,,EU_DDMMYYYY,05.07.2024,,EU_DDMMYYYY,,,,
2024-08-03,31,Reported Sale,MSC ANNAMARIA,CONTAINER,8805.0,535.0,"Alang, India",1987,GERMANY,,,DELIVERED ALANG FOR MSC- APPROVED YARDS,star_asia_2024_W31_Market-report-Week-31.pdf,,,,,,,,,,
2024-08-03,31,Beaching / Arrival,SOVEREIHN,LNG,30120.0,,"Chattogram, Bangladesh",,,2024-08-01,,,star_asia_2024_W31_Market-report-Week-31.pdf,01.08.2024,,EU_DDMMYYYY,AWAITING,AWAITING,STATUS,,,,
2024-08-03,31,Beaching / Arrival,MERSIN 15,RORO,5280.0,,"Chattogram, Bangladesh",,,2024-07-23,,,star_asia_2024_W31_Market-report-Week-31.pdf,23.07.2024,,EU_DDMMYYYY,AWAITING,AWAITING,STATUS,,,,
2024-08-03,31,Beaching / Arrival,AN 11,GEN.CARGO,1632.0,,"Aliaga, Turkey",,,2024-07-30,,,star_asia_2024_W31_Market-report-Week-31.pdf,30.07.2024,,EU_DDMMYYYY,AWAITING,AWAITING,STATUS,,,,
2024-08-03,31,Beaching / Arrival,AN TON,REEFER,4842.0,,"Aliaga, Turkey",,,2024-07-30,,,star_asia_2024_W31_Market-report-Week-31.pdf,30.07.2024,,EU_DDMMYYYY,AWAITING,AWAITING,STATUS,,,,
2024-08-03,31,Beaching / Arrival,APJ MAHAKALI,BULKER,9126.0,,"Aliaga, Turkey",,,2024-07-25,,,star_asia_2024_W31_Market-report-Week-31.pdf,25.07.2024,,EU_DDMMYYYY,AWAITING,AWAITING,STATUS,,,,
2024-08-03,31,Beaching / Arrival,TAI 97,BULKER,3231.0,,"Aliaga, Turkey",,,2024-07-24,,,star_asia_2024_W31_Market-report-Week-31.pdf,24.07.2024,,EU_DDMMYYYY,AWAITING,AWAITING,STATUS,,,,
2024-08-03,31,Beaching / Arrival,SIA 20,CONTAINER,1747.0,,"Aliaga, Turkey",,,2024-07-20,,,star_asia_2024_W31_Market-report-Week-31.pdf,20.07.2024,,EU_DDMMYYYY,AWAITING,AWAITING,STATUS,,,,
2024-08-11,32,Beaching / Arrival,TROPICAL SKY,REEFER,5358.0,,"Chattogram, Bangladesh",,,2024-08-05,,,star_asia_2024_W32_Market-report-Week-32.pdf,05.08.2024,,EU_DDMMYYYY,AWAITING,AWAITING,STATUS,,,,
2024-08-11,32,Beaching / Arrival,MERSIN 15,RORO,5280.0,,"Chattogram, Bangladesh",,,2024-07-23,2024-08-09,,star_asia_2024_W32_Market-report-Week-32.pdf,23.07.2024,,EU_DDMMYYYY,09.08.2024,,EU_DDMMYYYY,,,,
2024-08-11,32,Beaching / Arrival,MSC ANNAMARIA,CONTAINER,8807.0,,"Chattogram, Bangladesh",,,2024-08-06,2024-08-08,,star_asia_2024_W32_Market-report-Week-32.pdf,06.08.2024,,EU_DDMMYYYY,08.08.2024,,EU_DDMMYYYY,,,,
2024-08-11,32,Beaching / Arrival,SOVEREIGIN,LNG,30120.0,,"Chattogram, Bangladesh",,,2024-08-01,2024-08-04,,star_asia_2024_W32_Market-report-Week-32.pdf,01.08.2024,,EU_DDMMYYYY,04.08.2024,,EU_DDMMYYYY,,,,
2024-08-11,32,Beaching / Arrival,MSC IRIS,CONTAINER,10655.0,,"Chattogram, Bangladesh",,,2024-08-03,2024-04-03,,star_asia_2024_W32_Market-report-Week-32.pdf,03.08.2024,,EU_DDMMYYYY,03.04.2024,,EU_DDMMYYYY,,,,
2024-08-11,32,Beaching / Arrival,MING JIN 1,BULKER,3277.0,,,,,2024-08-07,,,star_asia_2024_W32_Market-report-Week-32.pdf,07.08.2024,,EU_DDMMYYYY,AWATIING,AWAITING,STATUS,,,,
2024-08-11,32,Beaching / Arrival,AN 11,GEN.CARGO,1632.0,,,,,2024-07-30,2024-08-07,,star_asia_2024_W32_Market-report-Week-32.pdf,30.07.2024,,EU_DDMMYYYY,07.08.2024,,EU_DDMMYYYY,,,,
2024-08-11,32,Beaching / Arrival,AN TON,REEFER,4842.0,,,,,2024-07-30,2024-08-06,,star_asia_2024_W32_Market-report-Week-32.pdf,30.07.2024,,EU_DDMMYYYY,06.08.2024,,EU_DDMMYYYY,,,,
2024-08-11,32,Beaching / Arrival,APJ MAHAKALI,BULKER,9126.0,,,,,2024-07-25,2024-08-04,,star_asia_2024_W32_Market-report-Week-32.pdf,25.07.2024,,EU_DDMMYYYY,04.08.2024,,EU_DDMMYYYY,,,,
2024-08-11,32,Beaching / Arrival,SIA 20,CONTAINER,1747.0,,,,,2024-07-20,2024-08-03,,star_asia_2024_W32_Market-report-Week-32.pdf,20.07.2024,,EU_DDMMYYYY,03.08.2024,,EU_DDMMYYYY,,,,
2024-08-18,33,Reported Sale,NAHIDE M,BULKER,6984.0,510.0,"Chattogram, Bangladesh",1995,JAPAN,,,DELIVERED CHATTOGRAM,star_asia_2024_W33_Market-report-Week-33.pdf,,,,,,,,,,
2024-08-18,33,Reported Sale,AN TON,REEFER,4842.0,505.0,"Chattogram, Bangladesh",1990,JAPAN,,,DELIVERED CHATTOGRAM,star_asia_2024_W33_Market-report-Week-33.pdf,,,,,,,,,,
2024-08-18,33,Beaching / Arrival,OSSORA,FISHING,951.0,,"Chattogram, Bangladesh",,,2024-08-16,,,star_asia_2024_W33_Market-report-Week-33.pdf,16.08.2024,,EU_DDMMYYYY,AWAITING,AWAITING,STATUS,,,,
2024-08-18,33,Beaching / Arrival,RUDA,GENERAL CARGO,5728.0,,"Chattogram, Bangladesh",,,2024-08-14,,,star_asia_2024_W33_Market-report-Week-33.pdf,14.08.2024,,EU_DDMMYYYY,AWAITING,AWAITING,STATUS,,,,
2024-08-18,33,Beaching / Arrival,TWEEDIA,REEFER,3064.0,,"Chattogram, Bangladesh",,,2024-08-14,,,star_asia_2024_W33_Market-report-Week-33.pdf,14.08.2024,,EU_DDMMYYYY,AWAITING,AWAITING,STATUS,,,,
2024-08-18,33,Beaching / Arrival,TROPICAL SKY,REEFER,5358.0,,"Chattogram, Bangladesh",,,2024-08-05,2024-08-10,,star_asia_2024_W33_Market-report-Week-33.pdf,05.08.2024,,EU_DDMMYYYY,10.08.2024,,EU_DDMMYYYY,,,,
2024-08-18,33,Beaching / Arrival,MERSIN 15,RORO,5280.0,,"Chattogram, Bangladesh",,,2024-07-23,2024-08-09,,star_asia_2024_W33_Market-report-Week-33.pdf,23.07.2024,,EU_DDMMYYYY,09.08.2024,,EU_DDMMYYYY,,,,
2024-08-18,33,Beaching / Arrival,MSC ANNAMARIA,CONTAINER,8807.0,,"Chattogram, Bangladesh",,,2024-08-06,2024-08-08,,star_asia_2024_W33_Market-report-Week-33.pdf,06.08.2024,,EU_DDMMYYYY,08.08.2024,,EU_DDMMYYYY,,,,
2024-08-18,33,Beaching / Arrival,SOVEREIGIN,LNG,30120.0,,"Chattogram, Bangladesh",,,2024-08-01,2024-08-04,,star_asia_2024_W33_Market-report-Week-33.pdf,01.08.2024,,EU_DDMMYYYY,04.08.2024,,EU_DDMMYYYY,,,,
2024-08-18,33,Beaching / Arrival,MSC IRIS,CONTAINER,10655.0,,"Chattogram, Bangladesh",,,2024-08-03,2024-04-03,,star_asia_2024_W33_Market-report-Week-33.pdf,03.08.2024,,EU_DDMMYYYY,03.04.2024,,EU_DDMMYYYY,,,,
2024-08-18,33,Beaching / Arrival,INDU,TANKER,16696.0,,"Chattogram, Bangladesh",,,2024-08-11,,,star_asia_2024_W33_Market-report-Week-33.pdf,11.08.2024,,EU_DDMMYYYY,AWAITING,AWAITING,STATUS,,,,
2024-08-18,33,Beaching / Arrival,HAI 351,BULKER,4351.0,,"Chattogram, Bangladesh",,,2024-08-11,,,star_asia_2024_W33_Market-report-Week-33.pdf,11.08.2024,,EU_DDMMYYYY,AWAITING,AWAITING,STATUS,,,,
2024-08-18,33,Beaching / Arrival,MING JIN 1,BULKER,3277.0,,"Chattogram, Bangladesh",,,2024-08-07,2024-08-14,,star_asia_2024_W33_Market-report-Week-33.pdf,07.08.2024,,EU_DDMMYYYY,14.08.2024,,EU_DDMMYYYY,,,,
2024-08-18,33,Beaching / Arrival,AN 11,GEN.CARGO,1632.0,,"Chattogram, Bangladesh",,,2024-07-30,2024-08-07,,star_asia_2024_W33_Market-report-Week-33.pdf,30.07.2024,,EU_DDMMYYYY,07.08.2024,,EU_DDMMYYYY,,,,
2024-08-18,33,Beaching / Arrival,AN TON,REEFER,4842.0,,"Chattogram, Bangladesh",,,2024-07-30,2024-08-06,,star_asia_2024_W33_Market-report-Week-33.pdf,30.07.2024,,EU_DDMMYYYY,06.08.2024,,EU_DDMMYYYY,,,,
2024-08-18,33,Beaching / Arrival,APJ MAHAKALI,BULKER,9126.0,,"Chattogram, Bangladesh",,,2024-07-25,2024-08-04,,star_asia_2024_W33_Market-report-Week-33.pdf,25.07.2024,,EU_DDMMYYYY,04.08.2024,,EU_DDMMYYYY,,,,
2024-08-18,33,Beaching / Arrival,SIA 20,CONTAINER,1747.0,,"Chattogram, Bangladesh",,,2024-07-20,2024-08-03,,star_asia_2024_W33_Market-report-Week-33.pdf,20.07.2024,,EU_DDMMYYYY,03.08.2024,,EU_DDMMYYYY,,,,
2024-08-24,34,Reported Sale,SOLA GRATIA,CEMENT CARRIER,2052.0,470.0,"Chattogram, Bangladesh",1985,JAPAN,,,DELIVERED CHATTOGRAM,star_asia_2024_W34_Market-report-Week-34.pdf,,,,,,,,,,
2024-08-24,34,Reported Sale,ZHAO 11,BULKER,2890.0,450.0,"Chattogram, Bangladesh",2005,CHINA,,,DELIVERED CHATTOGRAM,star_asia_2024_W34_Market-report-Week-34.pdf,,,,,,,,,,
2024-08-24,34,Beaching / Arrival,OCMIS LEGENDS,GENERAL CARGO,2331.0,,"Chattogram, Bangladesh",,,2024-08-21,,,star_asia_2024_W34_Market-report-Week-34.pdf,21.08.2024,,EU_DDMMYYYY,AWAITING,AWAITING,STATUS,,,,
2024-08-24,34,Beaching / Arrival,Y GLORY,CONTAINER,7771.0,,"Chattogram, Bangladesh",,,2024-08-17,2024-08-23,,star_asia_2024_W34_Market-report-Week-34.pdf,17.08.2024,,EU_DDMMYYYY,23.08.2024,,EU_DDMMYYYY,,,,
2024-08-24,34,Beaching / Arrival,OSSORA,FISHING,951.0,,"Chattogram, Bangladesh",,,2024-08-16,2024-08-23,,star_asia_2024_W34_Market-report-Week-34.pdf,16.08.2024,,EU_DDMMYYYY,23.08.2024,,EU_DDMMYYYY,,,,
2024-08-24,34,Beaching / Arrival,RUDA,GENERAL CARGO,5728.0,,"Chattogram, Bangladesh",,,2024-08-14,2024-08-22,,star_asia_2024_W34_Market-report-Week-34.pdf,14.08.2024,,EU_DDMMYYYY,22.08.2024,,EU_DDMMYYYY,,,,
2024-08-24,34,Beaching / Arrival,TWEEDIA,REEFER,3064.0,,"Chattogram, Bangladesh",,,2024-08-14,2024-08-18,,star_asia_2024_W34_Market-report-Week-34.pdf,14.08.2024,,EU_DDMMYYYY,18.08.2024,,EU_DDMMYYYY,,,,
2024-08-24,34,Beaching / Arrival,TROPICAL SKY,REEFER,5358.0,,"Chattogram, Bangladesh",,,2024-08-05,2024-08-10,,star_asia_2024_W34_Market-report-Week-34.pdf,05.08.2024,,EU_DDMMYYYY,10.08.2024,,EU_DDMMYYYY,,,,
2024-08-24,34,Beaching / Arrival,MERSIN 15,RORO,5280.0,,"Chattogram, Bangladesh",,,2024-07-23,2024-08-09,,star_asia_2024_W34_Market-report-Week-34.pdf,23.07.2024,,EU_DDMMYYYY,09.08.2024,,EU_DDMMYYYY,,,,
2024-08-24,34,Beaching / Arrival,MSC ANNAMARIA,CONTAINER,8807.0,,"Chattogram, Bangladesh",,,2024-08-06,2024-08-08,,star_asia_2024_W34_Market-report-Week-34.pdf,06.08.2024,,EU_DDMMYYYY,08.08.2024,,EU_DDMMYYYY,,,,
2024-08-24,34,Beaching / Arrival,SOVEREIGIN,LNG,30120.0,,"Chattogram, Bangladesh",,,2024-08-01,2024-08-04,,star_asia_2024_W34_Market-report-Week-34.pdf,01.08.2024,,EU_DDMMYYYY,04.08.2024,,EU_DDMMYYYY,,,,
2024-08-24,34,Beaching / Arrival,MSC IRIS,CONTAINER,10655.0,,"Chattogram, Bangladesh",,,2024-08-03,2024-04-03,,star_asia_2024_W34_Market-report-Week-34.pdf,03.08.2024,,EU_DDMMYYYY,03.04.2024,,EU_DDMMYYYY,,,,
2024-08-24,34,Beaching / Arrival,INDU,TANKER,16696.0,,"Aliaga, Turkey",,,2024-08-11,2024-08-22,,star_asia_2024_W34_Market-report-Week-34.pdf,11.08.2024,,EU_DDMMYYYY,22.08.2024,,EU_DDMMYYYY,,,,
2024-08-24,34,Beaching / Arrival,HAI 351,BULKER,4351.0,,"Aliaga, Turkey",,,2024-08-11,,,star_asia_2024_W34_Market-report-Week-34.pdf,11.08.2024,,EU_DDMMYYYY,22.08.204,,UNPARSED,,,,
2024-08-24,34,Beaching / Arrival,MING JIN 1,BULKER,3277.0,,"Aliaga, Turkey",,,2024-08-07,2024-08-14,,star_asia_2024_W34_Market-report-Week-34.pdf,07.08.2024,,EU_DDMMYYYY,14.08.2024,,EU_DDMMYYYY,,,,
2024-08-24,34,Beaching / Arrival,AN 11,GEN.CARGO,1632.0,,"Aliaga, Turkey",,,2024-07-30,2024-08-07,,star_asia_2024_W34_Market-report-Week-34.pdf,30.07.2024,,EU_DDMMYYYY,07.08.2024,,EU_DDMMYYYY,,,,
2024-08-24,34,Beaching / Arrival,AN TON,REEFER,4842.0,,"Aliaga, Turkey",,,2024-07-30,2024-08-06,,star_asia_2024_W34_Market-report-Week-34.pdf,30.07.2024,,EU_DDMMYYYY,06.08.2024,,EU_DDMMYYYY,,,,
2024-08-24,34,Beaching / Arrival,APJ MAHAKALI,BULKER,9126.0,,"Aliaga, Turkey",,,2024-07-25,2024-08-04,,star_asia_2024_W34_Market-report-Week-34.pdf,25.07.2024,,EU_DDMMYYYY,04.08.2024,,EU_DDMMYYYY,,,,
2024-08-24,34,Beaching / Arrival,SIA 20,CONTAINER,1747.0,,"Aliaga, Turkey",,,2024-07-20,2024-08-03,,star_asia_2024_W34_Market-report-Week-34.pdf,20.07.2024,,EU_DDMMYYYY,03.08.2024,,EU_DDMMYYYY,,,,
2024-08-31,35,Reported Sale,MEDELIN EXPO,STST TANKER,5270.0,650.0,"Alang, India",1993,JAPAN,,,"AS IS BELAWAN, INDONESIA, FOR RE-DELIVERY ALANG",star_asia_2024_W35_Market-report-Week-35.pdf,,,,,,,,,,
2024-08-31,35,Reported Sale,HONG DA XIN 7,GENERAL CARGO,4296.0,480.0,"Chattogram, Bangladesh",2008,CHINA,,,DELIVERED CHATTOGRAM,star_asia_2024_W35_Market-report-Week-35.pdf,,,,,,,,,,
2024-08-31,35,Reported Sale,UNIPROFIT,GENERAL CARGO,3023.0,430.0,"Chattogram, Bangladesh",1995,KOREA,,,DELIVERED CHATTOGRAM,star_asia_2024_W35_Market-report-Week-35.pdf,,,,,,,,,,
2024-08-31,35,Beaching / Arrival,BEREG MATCHY,REEFER,7263.0,,"Chattogram, Bangladesh",,,2024-08-26,,,star_asia_2024_W35_Market-report-Week-35.pdf,26.08.2024,,EU_DDMMYYYY,AWAITING,AWAITING,STATUS,,,,
2024-08-31,35,Beaching / Arrival,OCMIS LEGENDS,GENERAL CARGO,2331.0,,"Chattogram, Bangladesh",,,2024-08-21,2024-08-25,,star_asia_2024_W35_Market-report-Week-35.pdf,21.08.2024,,EU_DDMMYYYY,25.08.2024,,EU_DDMMYYYY,,,,
2024-08-31,35,Beaching / Arrival,Y GLORY,CONTAINER,7771.0,,"Chattogram, Bangladesh",,,2024-08-17,2024-08-23,,star_asia_2024_W35_Market-report-Week-35.pdf,17.08.2024,,EU_DDMMYYYY,23.08.2024,,EU_DDMMYYYY,,,,
2024-08-31,35,Beaching / Arrival,OSSORA,FISHING,951.0,,"Chattogram, Bangladesh",,,2024-08-16,2024-08-23,,star_asia_2024_W35_Market-report-Week-35.pdf,16.08.2024,,EU_DDMMYYYY,23.08.2024,,EU_DDMMYYYY,,,,
2024-08-31,35,Beaching / Arrival,RUDA,GENERAL CARGO,5728.0,,"Chattogram, Bangladesh",,,2024-08-14,2024-08-22,,star_asia_2024_W35_Market-report-Week-35.pdf,14.08.2024,,EU_DDMMYYYY,22.08.2024,,EU_DDMMYYYY,,,,
2024-08-31,35,Beaching / Arrival,TWEEDIA,REEFER,3064.0,,"Chattogram, Bangladesh",,,2024-08-14,2024-08-18,,star_asia_2024_W35_Market-report-Week-35.pdf,14.08.2024,,EU_DDMMYYYY,18.08.2024,,EU_DDMMYYYY,,,,
2024-08-31,35,Beaching / Arrival,TROPICAL SKY,REEFER,5358.0,,"Chattogram, Bangladesh",,,2024-08-05,2024-08-10,,star_asia_2024_W35_Market-report-Week-35.pdf,05.08.2024,,EU_DDMMYYYY,10.08.2024,,EU_DDMMYYYY,,,,
2024-08-31,35,Beaching / Arrival,MERSIN 15,RORO,5280.0,,"Chattogram, Bangladesh",,,2024-07-23,2024-08-09,,star_asia_2024_W35_Market-report-Week-35.pdf,23.07.2024,,EU_DDMMYYYY,09.08.2024,,EU_DDMMYYYY,,,,
2024-08-31,35,Beaching / Arrival,MSC ANNAMARIA,CONTAINER,8807.0,,"Chattogram, Bangladesh",,,2024-08-06,2024-08-08,,star_asia_2024_W35_Market-report-Week-35.pdf,06.08.2024,,EU_DDMMYYYY,08.08.2024,,EU_DDMMYYYY,,,,
2024-08-31,35,Beaching / Arrival,SOVEREIGIN,LNG,30120.0,,"Chattogram, Bangladesh",,,2024-08-01,2024-08-04,,star_asia_2024_W35_Market-report-Week-35.pdf,01.08.2024,,EU_DDMMYYYY,04.08.2024,,EU_DDMMYYYY,,,,
2024-08-31,35,Beaching / Arrival,MSC IRIS,CONTAINER,10655.0,,"Chattogram, Bangladesh",,,2024-08-03,2024-04-03,,star_asia_2024_W35_Market-report-Week-35.pdf,03.08.2024,,EU_DDMMYYYY,03.04.2024,,EU_DDMMYYYY,,,,
2024-08-31,35,Beaching / Arrival,SU ZHOU HAO,ROPAX,5903.0,,,,,2024-08-23,,,star_asia_2024_W35_Market-report-Week-35.pdf,23.08.2024,,EU_DDMMYYYY,AWAITING,AWAITING,STATUS,,,,
2024-08-31,35,Beaching / Arrival,HONG DA XIN 7,MPP,4296.0,,,,,2024-08-21,,,star_asia_2024_W35_Market-report-Week-35.pdf,21.08.2024,,EU_DDMMYYYY,AWAITING,AWAITING,STATUS,,,,
2024-08-31,35,Beaching / Arrival,SIA 21,CONTAINER,3957.0,,,,,2024-08-22,,,star_asia_2024_W35_Market-report-Week-35.pdf,22.08.2024,,EU_DDMMYYYY,AWAITING,AWAITING,STATUS,,,,
2024-08-31,35,Beaching / Arrival,DRAGO,CEMENT CARRIER,2313.0,,,,,2024-08-20,2024-08-28,,star_asia_2024_W35_Market-report-Week-35.pdf,20.08.2024,,EU_DDMMYYYY,28.08.2024,,EU_DDMMYYYY,,,,
2024-08-31,35,Beaching / Arrival,NAHIDE M,BULKER,6984.0,,,,,2024-08-19,2024-08-28,,star_asia_2024_W35_Market-report-Week-35.pdf,19.08.2024,,EU_DDMMYYYY,28.08.2024,,EU_DDMMYYYY,,,,
2024-08-31,35,Beaching / Arrival,INDU,TANKER,16696.0,,,,,2024-08-11,2024-08-22,,star_asia_2024_W35_Market-report-Week-35.pdf,11.08.2024,,EU_DDMMYYYY,22.08.2024,,EU_DDMMYYYY,,,,
2024-08-31,35,Beaching / Arrival,HAI 351,BULKER,4351.0,,,,,2024-08-11,,,star_asia_2024_W35_Market-report-Week-35.pdf,11.08.2024,,EU_DDMMYYYY,22.08.204,,UNPARSED,,,,
2024-08-31,35,Beaching / Arrival,MING JIN 1,BULKER,3277.0,,,,,2024-08-07,2024-08-14,,star_asia_2024_W35_Market-report-Week-35.pdf,07.08.2024,,EU_DDMMYYYY,14.08.2024,,EU_DDMMYYYY,,,,
2024-08-31,35,Beaching / Arrival,AN 11,GEN.CARGO,1632.0,,,,,2024-07-30,2024-08-07,,star_asia_2024_W35_Market-report-Week-35.pdf,30.07.2024,,EU_DDMMYYYY,07.08.2024,,EU_DDMMYYYY,,,,
2024-08-31,35,Beaching / Arrival,AN TON,REEFER,4842.0,,,,,2024-07-30,2024-08-06,,star_asia_2024_W35_Market-report-Week-35.pdf,30.07.2024,,EU_DDMMYYYY,06.08.2024,,EU_DDMMYYYY,,,,
2024-08-31,35,Beaching / Arrival,APJ MAHAKALI,BULKER,9126.0,,,,,2024-07-25,2024-08-04,,star_asia_2024_W35_Market-report-Week-35.pdf,25.07.2024,,EU_DDMMYYYY,04.08.2024,,EU_DDMMYYYY,,,,
2024-08-31,35,Beaching / Arrival,SIA 20,CONTAINER,1747.0,,,,,2024-07-20,2024-08-03,,star_asia_2024_W35_Market-report-Week-35.pdf,20.07.2024,,EU_DDMMYYYY,03.08.2024,,EU_DDMMYYYY,,,,
2024-08-31,35,Beaching / Arrival,MOSHTARAKA 2,BULKER,14398.0,,"Chattogram, Bangladesh",,,2024-08-09,2024-08-16,,star_asia_2024_W35_Market-report-Week-35.pdf,09.08.2024,,EU_DDMMYYYY,16.08.2024,,EU_DDMMYYYY,,,,
2024-08-31,35,Beaching / Arrival,SEA OF WAVES,BULKER,1037.0,,"Chattogram, Bangladesh",,,2024-08-12,2024-08-20,,star_asia_2024_W35_Market-report-Week-35.pdf,12.08.2024,,EU_DDMMYYYY,20.08.2024,,EU_DDMMYYYY,,,,
2024-09-07,36,Reported Sale,PRADA,TANKER,18860.0,480.0,"Gaddani, Pakistan",2001,KOREA,,,AS IS OMAN FOR REDELIVERY GADDANI,star_asia_2024_W36_Market-report-Week-36.pdf,,,,,,,,,,
2024-09-07,36,Beaching / Arrival,IVAN MOSHLYAK,FISHING SHIP,914.0,,"Chattogram, Bangladesh",,,2024-09-07,,,star_asia_2024_W36_Market-report-Week-36.pdf,07.09.2024,,EU_DDMMYYYY,AWAITING,AWAITING,STATUS,,,,
2024-09-07,36,Beaching / Arrival,BEREG MATCHY,REEFER,7263.0,,"Chattogram, Bangladesh",,,2024-08-26,,,star_asia_2024_W36_Market-report-Week-36.pdf,26.08.2024,,EU_DDMMYYYY,AWAITING*,AWAITING,STATUS,,,,
2024-09-07,36,Beaching / Arrival,ELA,BULKER,8991.0,,"Chattogram, Bangladesh",,,2024-09-03,2024-09-05,,star_asia_2024_W36_Market-report-Week-36.pdf,03.09.2024,,EU_DDMMYYYY,05.09.2024,,EU_DDMMYYYY,,,,
2024-09-07,36,Beaching / Arrival,UNIPROFIT,GENERAL CARGO,3023.0,,,,,2024-09-02,,,star_asia_2024_W36_Market-report-Week-36.pdf,02.09.2024,,EU_DDMMYYYY,AWAITING,AWAITING,STATUS,,,,
2024-09-07,36,Beaching / Arrival,TAO (UNDER TOW),DRILL-SHIP,18460.0,,,,,2024-08-31,,,star_asia_2024_W36_Market-report-Week-36.pdf,31.08.2024,,EU_DDMMYYYY,AWAITING,AWAITING,STATUS,,,,
2024-09-07,36,Beaching / Arrival,SIA 21,CONTAINER,3957.0,,,,,2024-08-22,,,star_asia_2024_W36_Market-report-Week-36.pdf,22.08.2024,,EU_DDMMYYYY,AWAITING,AWAITING,STATUS,,,,
2024-09-07,36,Beaching / Arrival,SU ZHOU HAO,ROPAX,5903.0,,,,,2024-08-23,2024-09-04,,star_asia_2024_W36_Market-report-Week-36.pdf,23.08.2024,,EU_DDMMYYYY,04.09.2024,,EU_DDMMYYYY,,,,
2024-09-07,36,Beaching / Arrival,SP 19,CONTAINER,1662.0,,,,,2024-08-23,2024-09-04,,star_asia_2024_W36_Market-report-Week-36.pdf,23.08.2024,,EU_DDMMYYYY,04.09.2024,,EU_DDMMYYYY,,,,
2024-09-07,36,Beaching / Arrival,FERRY HAYATOMO 2,RORO,4190.0,,,,,2024-08-29,2024-09-04,,star_asia_2024_W36_Market-report-Week-36.pdf,29.08.2024,,EU_DDMMYYYY,04.09.2024,,EU_DDMMYYYY,,,,
2024-09-07,36,Beaching / Arrival,SURYA A (UNDER TOW),LNG,81680.0,,,,,2024-09-02,2024-09-04,,star_asia_2024_W36_Market-report-Week-36.pdf,02.09.2024,,EU_DDMMYYYY,04.09.2024,,EU_DDMMYYYY,,,,
2024-09-14,37,Reported Sale,CORAL ENERGY,LNG,30194.0,562.0,,1979,USA,,,"AS IS LABUAN, MALAYSIA, WITH ABOUT 3700 MT ALUMINUM CONTENT",star_asia_2024_W37_Market-report-Week-37.pdf,,,,,,,,,,
2024-09-14,37,Reported Sale,AQUILA,TANKER,8481.0,525.0,,1999,S.KOREA,,,AS IS OMAN,star_asia_2024_W37_Market-report-Week-37.pdf,,,,,,,,,,
2024-09-14,37,Beaching / Arrival,IVAN MOSHLYAK,FISHING SHIP,914.0,,"Chattogram, Bangladesh",,,2024-09-07,,,star_asia_2024_W37_Market-report-Week-37.pdf,07.09.2024,,EU_DDMMYYYY,AWAITING,AWAITING,STATUS,,,,
2024-09-14,37,Beaching / Arrival,BEREG MATCHY,REEFER,7263.0,,"Chattogram, Bangladesh",,,2024-08-26,,,star_asia_2024_W37_Market-report-Week-37.pdf,26.08.2024,,EU_DDMMYYYY,AWAITING*,AWAITING,STATUS,,,,
2024-09-14,37,Beaching / Arrival,ELA,BULKER,8991.0,,"Chattogram, Bangladesh",,,2024-09-03,2024-09-05,,star_asia_2024_W37_Market-report-Week-37.pdf,03.09.2024,,EU_DDMMYYYY,05.09.2024,,EU_DDMMYYYY,,,,
2024-09-14,37,Beaching / Arrival,SERENITY 1,BULKER,6352.0,,,,,2024-09-07,,,star_asia_2024_W37_Market-report-Week-37.pdf,07.09.2024,,EU_DDMMYYYY,AWAITING,AWAITING,STATUS,,,,
2024-09-14,37,Beaching / Arrival,SIA 21,CONTAINER,3957.0,,,,,2024-08-22,,,star_asia_2024_W37_Market-report-Week-37.pdf,22.08.2024,,EU_DDMMYYYY,AWAITING,AWAITING,STATUS,,,,
2024-09-14,37,Beaching / Arrival,UNIPROFIT,GENERAL CARGO,3023.0,,,,,2024-09-02,2024-09-07,,star_asia_2024_W37_Market-report-Week-37.pdf,02.09.2024,,EU_DDMMYYYY,07.09.2024,,EU_DDMMYYYY,,,,
2024-09-14,37,Beaching / Arrival,TAO (UNDER TOW),DRILL-SHIP,18460.0,,,,,2024-08-31,2024-09-06,,star_asia_2024_W37_Market-report-Week-37.pdf,31.08.2024,,EU_DDMMYYYY,06.09.2024,,EU_DDMMYYYY,,,,
2024-09-14,37,Beaching / Arrival,SU ZHOU HAO,ROPAX,5903.0,,,,,2024-08-23,2024-09-04,,star_asia_2024_W37_Market-report-Week-37.pdf,23.08.2024,,EU_DDMMYYYY,04.09.2024,,EU_DDMMYYYY,,,,
2024-09-14,37,Beaching / Arrival,SP 19,CONTAINER,1662.0,,,,,2024-08-23,2024-09-04,,star_asia_2024_W37_Market-report-Week-37.pdf,23.08.2024,,EU_DDMMYYYY,04.09.2024,,EU_DDMMYYYY,,,,
2024-09-14,37,Beaching / Arrival,FERRY HAYATOMO 2,RORO,4190.0,,,,,2024-08-29,2024-09-04,,star_asia_2024_W37_Market-report-Week-37.pdf,29.08.2024,,EU_DDMMYYYY,04.09.2024,,EU_DDMMYYYY,,,,
2024-09-14,37,Beaching / Arrival,SURYA A (UNDER TOW),LNG,81680.0,,,,,2024-09-02,2024-09-04,,star_asia_2024_W37_Market-report-Week-37.pdf,02.09.2024,,EU_DDMMYYYY,04.09.2024,,EU_DDMMYYYY,,,,
2024-09-28,39,Reported Sale,MY MERAY,BULKER,6978.0,490.0,"Alang, India",1992,JAPAN,,,"DELIVERED ALANG, PREMIUM DUE TO GRAIN CARGO CARRIER",star_asia_2024_W39_Market-report-Week-39.pdf,,,,,,,,,,
2024-09-28,39,Reported Sale,ANDULUS 1,BULKER,6064.0,470.0,"Alang, India",1995,JAPAN,,,DELIVERED ALANG,star_asia_2024_W39_Market-report-Week-39.pdf,,,,,,,,,,
2024-09-28,39,Reported Sale,DIVO,FISH FACTORY,23078.0,,"Alang, India",1980,JAPAN,,,AS IS VLADIVOSTOK WITH REDELIVERY ALANG,star_asia_2024_W39_Market-report-Week-39.pdf,,,,,,,,,,
2024-09-28,39,Beaching / Arrival,ICE RUNNER,REEFER,6974.0,,"Chattogram, Bangladesh",,,2024-09-24,,,star_asia_2024_W39_Market-report-Week-39.pdf,24.09.2024,,EU_DDMMYYYY,AWAITING,AWAITING,STATUS,,,,
2024-09-28,39,Beaching / Arrival,BEREG MATCHY,REEFER,7263.0,,"Chattogram, Bangladesh",,,2024-08-26,,,star_asia_2024_W39_Market-report-Week-39.pdf,26.08.2024,,EU_DDMMYYYY,AWAITING*,AWAITING,STATUS,,,,
2024-09-28,39,Beaching / Arrival,ASIA,CONTAINER,3729.0,,"Chattogram, Bangladesh",,,2024-09-20,2024-09-24,,star_asia_2024_W39_Market-report-Week-39.pdf,20.09.2024,,EU_DDMMYYYY,24.09.2024,,EU_DDMMYYYY,,,,
2024-09-28,39,Beaching / Arrival,AQUILA,TANKER,8481.0,,"Chattogram, Bangladesh",,,2024-09-19,2024-09-24,,star_asia_2024_W39_Market-report-Week-39.pdf,19.09.2024,,EU_DDMMYYYY,24.09.2024,,EU_DDMMYYYY,,,,
2024-09-28,39,Beaching / Arrival,MSC AGATA II,CONTAINER,7364.0,,"Chattogram, Bangladesh",,,,2024-09-22,,star_asia_2024_W39_Market-report-Week-39.pdf,20.09.024,,UNPARSED,22.09.2024,,EU_DDMMYYYY,,,,
2024-09-28,39,Beaching / Arrival,MSC GABRIELLA,CONTAINER,8911.0,,"Chattogram, Bangladesh",,,2024-09-20,2024-09-22,,star_asia_2024_W39_Market-report-Week-39.pdf,20.09.2024,,EU_DDMMYYYY,22.09.2024,,EU_DDMMYYYY,,,,
2024-09-28,39,Beaching / Arrival,IVAN MOSHLYAK,FISHING SHIP,914.0,,"Chattogram, Bangladesh",,,2024-09-07,2024-09-13,,star_asia_2024_W39_Market-report-Week-39.pdf,07.09.2024,,EU_DDMMYYYY,13.09.2024,,EU_DDMMYYYY,,,,
2024-09-28,39,Beaching / Arrival,ELA,BULKER,8991.0,,"Chattogram, Bangladesh",,,2024-09-03,2024-09-05,,star_asia_2024_W39_Market-report-Week-39.pdf,03.09.2024,,EU_DDMMYYYY,05.09.2024,,EU_DDMMYYYY,,,,
2024-09-28,39,Beaching / Arrival,SERENITY 1,BULKER,6352.0,,"Chattogram, Bangladesh",,,2024-09-07,2024-09-15,,star_asia_2024_W39_Market-report-Week-39.pdf,07.09.2024,,EU_DDMMYYYY,15.09.2024,,EU_DDMMYYYY,,,,
2024-09-28,39,Beaching / Arrival,SIA 21,CONTAINER,3957.0,,"Chattogram, Bangladesh",,,2024-08-22,2024-09-17,,star_asia_2024_W39_Market-report-Week-39.pdf,22.08.2024,,EU_DDMMYYYY,17.09.2024,,EU_DDMMYYYY,,,,
2024-09-28,39,Beaching / Arrival,UNIPROFIT,GENERAL CARGO,3023.0,,"Chattogram, Bangladesh",,,2024-09-02,2024-09-07,,star_asia_2024_W39_Market-report-Week-39.pdf,02.09.2024,,EU_DDMMYYYY,07.09.2024,,EU_DDMMYYYY,,,,
2024-09-28,39,Beaching / Arrival,TAO (UNDER TOW),DRILL-SHIP,18460.0,,"Chattogram, Bangladesh",,,2024-08-31,2024-09-06,,star_asia_2024_W39_Market-report-Week-39.pdf,31.08.2024,,EU_DDMMYYYY,06.09.2024,,EU_DDMMYYYY,,,,
2024-09-28,39,Beaching / Arrival,SU ZHOU HAO,ROPAX,5903.0,,"Chattogram, Bangladesh",,,2024-08-23,2024-09-04,,star_asia_2024_W39_Market-report-Week-39.pdf,23.08.2024,,EU_DDMMYYYY,04.09.2024,,EU_DDMMYYYY,,,,
2024-09-28,39,Beaching / Arrival,SP 19,CONTAINER,1662.0,,"Chattogram, Bangladesh",,,2024-08-23,2024-09-04,,star_asia_2024_W39_Market-report-Week-39.pdf,23.08.2024,,EU_DDMMYYYY,04.09.2024,,EU_DDMMYYYY,,,,
2024-09-28,39,Beaching / Arrival,FERRY HAYATOMO 2,RORO,4190.0,,"Chattogram, Bangladesh",,,2024-08-29,2024-09-04,,star_asia_2024_W39_Market-report-Week-39.pdf,29.08.2024,,EU_DDMMYYYY,04.09.2024,,EU_DDMMYYYY,,,,
2024-09-28,39,Beaching / Arrival,SURYA A (UNDER TOW),LNG,81680.0,,"Chattogram, Bangladesh",,,2024-09-02,2024-09-04,,star_asia_2024_W39_Market-report-Week-39.pdf,02.09.2024,,EU_DDMMYYYY,04.09.2024,,EU_DDMMYYYY,,,,
2024-10-05,40,Reported Sale,MSC ADELE,MPP,8800.0,501.0,"Alang, India",1986,GERMANY,,,DELIVERED ALANG FOR MSC-APPROVED YARDS,star_asia_2024_W40_4ece41_408cf6edb6f34764acf37f888a163a55.pdf,,,,,,,,,,
2024-10-05,40,Reported Sale,HUMPBACK WHALE,FISH FACTORY,3993.0,,"Alang, India",1994,UKRAINE,,,DELIVERED ALANG,star_asia_2024_W40_4ece41_408cf6edb6f34764acf37f888a163a55.pdf,,,,,,,,,,
2024-10-05,40,Beaching / Arrival,MSC ADELE,MPP,8800.0,,"Alang, India",,,2024-10-05,,,star_asia_2024_W40_4ece41_408cf6edb6f34764acf37f888a163a55.pdf,05.10.2024,,EU_DDMMYYYY,AWATIING,AWAITING,STATUS,,,,
2024-10-05,40,Beaching / Arrival,DIVO,FISH FACTORY,26136.0,,"Alang, India",,,2024-10-03,,,star_asia_2024_W40_4ece41_408cf6edb6f34764acf37f888a163a55.pdf,03.10.2024,,EU_DDMMYYYY,AWAITING,AWAITING,STATUS,,,,
2024-10-05,40,Beaching / Arrival,BEREG MATCHY,REEFER,7263.0,,"Alang, India",,,2024-08-26,,,star_asia_2024_W40_4ece41_408cf6edb6f34764acf37f888a163a55.pdf,26.08.2024,,EU_DDMMYYYY,AWAITING*,AWAITING,STATUS,,,,
2024-10-05,40,Beaching / Arrival,UNI III,CONTAINER,7098.0,,"Alang, India",,,2024-10-03,2024-10-05,,star_asia_2024_W40_4ece41_408cf6edb6f34764acf37f888a163a55.pdf,03.10.2024,,EU_DDMMYYYY,05.10.2024,,EU_DDMMYYYY,,,,
2024-10-13,41,Reported Sale,GOLD BRIDGE,BULKER,6889.0,475.0,"Chattogram, Bangladesh",1998,JAPAN,,,DELIVERED CHATTOGRAM,star_asia_2024_W41_Market-report-Week-41.pdf,,,,,,,,,,
2024-10-13,41,Reported Sale,ATLAS WIND,MPP,2486.0,445.0,,1997,CHINA,,,AS IS PORT KLANG,star_asia_2024_W41_Market-report-Week-41.pdf,,,,,,,,,,
2024-10-13,41,Beaching / Arrival,BEREG MATCHY,REEFER,7263.0,,"Chattogram, Bangladesh",,,2024-08-26,,,star_asia_2024_W41_Market-report-Week-41.pdf,26.08.2024,,EU_DDMMYYYY,AWAITING*,AWAITING,STATUS,,,,
2024-10-13,41,Beaching / Arrival,MY MERAY,BULKER,6925.0,,"Chattogram, Bangladesh",,,2024-10-07,,,star_asia_2024_W41_Market-report-Week-41.pdf,07.10.2024,,EU_DDMMYYYY,AWAITING,AWAITING,STATUS,,,,
2024-10-13,41,Beaching / Arrival,GREEN MALOY,REEFER,2975.0,,"Chattogram, Bangladesh",,,2024-10-10,,,star_asia_2024_W41_Market-report-Week-41.pdf,10.10.2024,,EU_DDMMYYYY,AWAITING,AWAITING,STATUS,,,,
2024-10-13,41,Beaching / Arrival,ANDULUS 1,BULKER,6064.0,,"Chattogram, Bangladesh",,,2024-10-12,,,star_asia_2024_W41_Market-report-Week-41.pdf,12.10.2024,,EU_DDMMYYYY,AWATIING,AWAITING,STATUS,,,,
2024-10-13,41,Beaching / Arrival,MSC ADELE,MPP,8800.0,,"Chattogram, Bangladesh",,,2024-10-05,2024-10-09,,star_asia_2024_W41_Market-report-Week-41.pdf,05.10.2024,,EU_DDMMYYYY,09.10.2024,,EU_DDMMYYYY,,,,
2024-10-13,41,Beaching / Arrival,DIVO,FISH FACTORY,26136.0,,"Chattogram, Bangladesh",,,2024-10-03,2024-10-06,,star_asia_2024_W41_Market-report-Week-41.pdf,03.10.2024,,EU_DDMMYYYY,06.10.2024,,EU_DDMMYYYY,,,,
2024-10-13,41,Beaching / Arrival,UNI III,CONTAINER,7098.0,,"Chattogram, Bangladesh",,,2024-10-03,2024-10-05,,star_asia_2024_W41_Market-report-Week-41.pdf,03.10.2024,,EU_DDMMYYYY,05.10.2024,,EU_DDMMYYYY,,,,
2024-10-13,41,Beaching / Arrival,ION,TANKER,23236.0,,"Chattogram, Bangladesh",,,2024-10-08,,,star_asia_2024_W41_Market-report-Week-41.pdf,08.10.2024,,EU_DDMMYYYY,AWAITING,AWAITING,STATUS,,,,
2024-10-19,42,Reported Sale,NING HUA,BULKER,9713.0,433.0,,1993,JAPAN,,,"AS IS TAISHAN, CHINA",star_asia_2024_W42_Market-report-Week-42.pdf,,,,,,,,,,
2024-10-19,42,Reported Sale,PRINCESS LOTUS,BULKER,9214.0,435.0,,1996,JAPAN,,,"AS IS SHANWEI, CHINA",star_asia_2024_W42_Market-report-Week-42.pdf,,,,,,,,,,
2024-10-19,42,Reported Sale,SEAGRAND,GENERAL CARGO,3320.0,,"Alang, India",1986,JAPAN,,,DELIVERED ALANG,star_asia_2024_W42_Market-report-Week-42.pdf,,,,,,,,,,
2024-10-19,42,Reported Sale,ALI A,BULKER,2500.0,,"Alang, India",1980,JAPAN,,,DELIVERED ALANG,star_asia_2024_W42_Market-report-Week-42.pdf,,,,,,,,,,
2024-10-19,42,Beaching / Arrival,BEREG MATCHY,REEFER,7263.0,,"Chattogram, Bangladesh",,,2024-08-26,,,star_asia_2024_W42_Market-report-Week-42.pdf,26.08.2024,,EU_DDMMYYYY,AWAITING*,AWAITING,STATUS,,,,
2024-10-19,42,Beaching / Arrival,HAI BO,BARGE,8.678,,"Chattogram, Bangladesh",,,2024-10-13,,,star_asia_2024_W42_Market-report-Week-42.pdf,13.10.2024,,EU_DDMMYYYY,AWAITING,AWAITING,STATUS,,,,
2024-10-19,42,Beaching / Arrival,HAI TUO,PUSHER TUG,1721.0,,"Chattogram, Bangladesh",,,2024-10-13,,,star_asia_2024_W42_Market-report-Week-42.pdf,13.10.2024,,EU_DDMMYYYY,AWAITING,AWAITING,STATUS,,,,
2024-10-19,42,Beaching / Arrival,ANDULUS 1,BULKER,6064.0,,"Chattogram, Bangladesh",,,2024-10-12,2024-10-17,,star_asia_2024_W42_Market-report-Week-42.pdf,12.10.2024,,EU_DDMMYYYY,17.10.2024,,EU_DDMMYYYY,,,,
2024-10-19,42,Beaching / Arrival,MY MERAY,BULKER,6925.0,,"Chattogram, Bangladesh",,,2024-10-07,2024-10-16,,star_asia_2024_W42_Market-report-Week-42.pdf,07.10.2024,,EU_DDMMYYYY,16.10.2024,,EU_DDMMYYYY,,,,
2024-10-19,42,Beaching / Arrival,GREEN MALOY,REEFER,2975.0,,"Chattogram, Bangladesh",,,2024-10-10,2024-10-17,,star_asia_2024_W42_Market-report-Week-42.pdf,10.10.2024,,EU_DDMMYYYY,17.10.2024,,EU_DDMMYYYY,,,,
2024-10-19,42,Beaching / Arrival,YU HAI BO,BARGE,8691.0,,"Chattogram, Bangladesh",,,2024-10-07,2024-10-10,,star_asia_2024_W42_Market-report-Week-42.pdf,07.10.2024,,EU_DDMMYYYY,10.10.2024,,EU_DDMMYYYY,,,,
2024-10-19,42,Beaching / Arrival,YU HAI TO,PUSHER TUG,1721.0,,"Chattogram, Bangladesh",,,2024-10-07,2024-10-10,,star_asia_2024_W42_Market-report-Week-42.pdf,07.10.2024,,EU_DDMMYYYY,10.10.2024,,EU_DDMMYYYY,,,,
2024-10-19,42,Beaching / Arrival,MSC ADELE,MPP,8800.0,,"Chattogram, Bangladesh",,,2024-10-05,2024-10-09,,star_asia_2024_W42_Market-report-Week-42.pdf,05.10.2024,,EU_DDMMYYYY,09.10.2024,,EU_DDMMYYYY,,,,
2024-10-19,42,Beaching / Arrival,DIVO,FISH FACTORY,26136.0,,"Chattogram, Bangladesh",,,2024-10-03,2024-10-06,,star_asia_2024_W42_Market-report-Week-42.pdf,03.10.2024,,EU_DDMMYYYY,06.10.2024,,EU_DDMMYYYY,,,,
2024-10-19,42,Beaching / Arrival,UNI III,CONTAINER,7098.0,,"Chattogram, Bangladesh",,,2024-10-03,2024-10-05,,star_asia_2024_W42_Market-report-Week-42.pdf,03.10.2024,,EU_DDMMYYYY,05.10.2024,,EU_DDMMYYYY,,,,
2024-10-19,42,Beaching / Arrival,HARMONY 1,BULKER,10.317,,"Alang, India",,,2024-10-17,,,star_asia_2024_W42_Market-report-Week-42.pdf,17.10.2024,,EU_DDMMYYYY,AWAITING,AWAITING,STATUS,,,,
2024-10-19,42,Beaching / Arrival,PK 10,TANKER,724.0,,"Alang, India",,,2024-10-13,,,star_asia_2024_W42_Market-report-Week-42.pdf,13.10.2024,,EU_DDMMYYYY,AWAITING,AWAITING,STATUS,,,,
2024-10-19,42,Beaching / Arrival,ION,TANKER,23236.0,,"Alang, India",,,2024-10-08,2024-10-15,,star_asia_2024_W42_Market-report-Week-42.pdf,08.10.2024,,EU_DDMMYYYY,15.10.2024,,EU_DDMMYYYY,,,,
2024-10-26,43,Reported Sale,MSC EYRA,CONTAINER,10655.0,495.0,"Alang, India",1982,GERMANY,,,DELIVERED ALANG FOR MSC APPROVED YARDS,star_asia_2024_W43_Market-report-Week-43.pdf,,,,,,,,,,
2024-10-26,43,Reported Sale,MSC ALEXA,CONTAINER,16227.0,491.0,"Alang, India",1996,ITALY,,,DELIVERED ALANG FOR MSC APPROVED YARDS,star_asia_2024_W43_Market-report-Week-43.pdf,,,,,,,,,,
2024-10-26,43,Reported Sale,TAHA-Y,GENERAL CARGO,8603.0,480.0,"Alang, India",1985,JAPAN,,,DELIVERED ALANG,star_asia_2024_W43_Market-report-Week-43.pdf,,,,,,,,,,
2024-10-26,43,Reported Sale,CAPT.OSAMA,GENERAL CARGO,5207.0,,"Alang, India",1984,GERMANY,,,DELIVERED ALANG,star_asia_2024_W43_Market-report-Week-43.pdf,,,,,,,,,,
2024-10-26,43,Beaching / Arrival,BEREG MATCHY,REEFER,7263.0,,"Chattogram, Bangladesh",,,2024-08-26,,,star_asia_2024_W43_Market-report-Week-43.pdf,26.08.2024,,EU_DDMMYYYY,AWAITING*,AWAITING,STATUS,,,,
2024-10-26,43,Beaching / Arrival,CAPT.OSAMA,GENERAL CARGO,5207.0,,"Chattogram, Bangladesh",,,2024-10-21,,,star_asia_2024_W43_Market-report-Week-43.pdf,21.10.2024,,EU_DDMMYYYY,AWATIING,AWAITING,STATUS,,,,
2024-10-26,43,Beaching / Arrival,TANA,GENERAL CARGO,7214.0,,"Chattogram, Bangladesh",,,2024-10-25,,,star_asia_2024_W43_Market-report-Week-43.pdf,25.10.2024,,EU_DDMMYYYY,AWAITING,AWAITING,STATUS,,,,
2024-10-26,43,Beaching / Arrival,MSC EYRA,CONTAINER,10655.0,,"Chattogram, Bangladesh",,,2024-10-25,,,star_asia_2024_W43_Market-report-Week-43.pdf,25.10.2024,,EU_DDMMYYYY,AWAITING,AWAITING,STATUS,,,,
2024-10-26,43,Beaching / Arrival,HAI BO,BARGE,8.678,,"Chattogram, Bangladesh",,,2024-10-13,,,star_asia_2024_W43_Market-report-Week-43.pdf,13.10.2024,,EU_DDMMYYYY,AWAITING,AWAITING,STATUS,,,,
2024-10-26,43,Beaching / Arrival,HAI TUO,PUSHER TUG,1721.0,,"Chattogram, Bangladesh",,,2024-10-13,,,star_asia_2024_W43_Market-report-Week-43.pdf,13.10.2024,,EU_DDMMYYYY,AWAITING,AWAITING,STATUS,,,,
2024-10-26,43,Beaching / Arrival,ALMUNTAZAH,TANKER,3313.0,,"Chattogram, Bangladesh",,,2024-10-20,2024-10-23,,star_asia_2024_W43_Market-report-Week-43.pdf,20.10.2024,,EU_DDMMYYYY,23.10.2024,,EU_DDMMYYYY,,,,
2024-10-26,43,Beaching / Arrival,ANDULUS 1,BULKER,6064.0,,"Chattogram, Bangladesh",,,2024-10-12,2024-10-17,,star_asia_2024_W43_Market-report-Week-43.pdf,12.10.2024,,EU_DDMMYYYY,17.10.2024,,EU_DDMMYYYY,,,,
2024-10-26,43,Beaching / Arrival,MY MERAY,BULKER,6925.0,,"Chattogram, Bangladesh",,,2024-10-07,2024-10-16,,star_asia_2024_W43_Market-report-Week-43.pdf,07.10.2024,,EU_DDMMYYYY,16.10.2024,,EU_DDMMYYYY,,,,
2024-10-26,43,Beaching / Arrival,GREEN MALOY,REEFER,2975.0,,"Chattogram, Bangladesh",,,2024-10-10,2024-10-17,,star_asia_2024_W43_Market-report-Week-43.pdf,10.10.2024,,EU_DDMMYYYY,17.10.2024,,EU_DDMMYYYY,,,,
2024-10-26,43,Beaching / Arrival,YU HAI BO,BARGE,8691.0,,"Chattogram, Bangladesh",,,2024-10-07,2024-10-10,,star_asia_2024_W43_Market-report-Week-43.pdf,07.10.2024,,EU_DDMMYYYY,10.10.2024,,EU_DDMMYYYY,,,,
2024-10-26,43,Beaching / Arrival,YU HAI TO,PUSHER TUG,1721.0,,"Chattogram, Bangladesh",,,2024-10-07,2024-10-10,,star_asia_2024_W43_Market-report-Week-43.pdf,07.10.2024,,EU_DDMMYYYY,10.10.2024,,EU_DDMMYYYY,,,,
2024-10-26,43,Beaching / Arrival,MSC ADELE,MPP,8800.0,,"Chattogram, Bangladesh",,,2024-10-05,2024-10-09,,star_asia_2024_W43_Market-report-Week-43.pdf,05.10.2024,,EU_DDMMYYYY,09.10.2024,,EU_DDMMYYYY,,,,
2024-10-26,43,Beaching / Arrival,DIVO,FISH FACTORY,26136.0,,"Chattogram, Bangladesh",,,2024-10-03,2024-10-06,,star_asia_2024_W43_Market-report-Week-43.pdf,03.10.2024,,EU_DDMMYYYY,06.10.2024,,EU_DDMMYYYY,,,,
2024-10-26,43,Beaching / Arrival,UNI III,CONTAINER,7098.0,,"Chattogram, Bangladesh",,,2024-10-03,2024-10-05,,star_asia_2024_W43_Market-report-Week-43.pdf,03.10.2024,,EU_DDMMYYYY,05.10.2024,,EU_DDMMYYYY,,,,
2024-10-26,43,Beaching / Arrival,MS GAS,LPG,1099.0,,"Aliaga, Turkey",,,2024-10-20,,,star_asia_2024_W43_Market-report-Week-43.pdf,20.10.2024,,EU_DDMMYYYY,AWAITING,AWAITING,STATUS,,,,
2024-10-26,43,Beaching / Arrival,HARMONY 1,BULKER,10.317,,"Aliaga, Turkey",,,2024-10-17,2024-10-21,,star_asia_2024_W43_Market-report-Week-43.pdf,17.10.2024,,EU_DDMMYYYY,21.10.2024,,EU_DDMMYYYY,,,,
2024-10-26,43,Beaching / Arrival,PK 10,TANKER,724.0,,"Aliaga, Turkey",,,2024-10-13,2024-10-14,,star_asia_2024_W43_Market-report-Week-43.pdf,13.10.2024,,EU_DDMMYYYY,14.10.2024,,EU_DDMMYYYY,,,,
2024-10-26,43,Beaching / Arrival,ION,TANKER,23236.0,,"Aliaga, Turkey",,,2024-10-08,2024-10-15,,star_asia_2024_W43_Market-report-Week-43.pdf,08.10.2024,,EU_DDMMYYYY,15.10.2024,,EU_DDMMYYYY,,,,
2024-11-02,44,Beaching / Arrival,BEREG MATCHY,REEFER,7263.0,,"Chattogram, Bangladesh",,,2024-08-26,,,star_asia_2024_W44_Market-report-Week-44.pdf,26.08.2024,,EU_DDMMYYYY,AWAITING*,AWAITING,STATUS,,,,
2024-11-02,44,Beaching / Arrival,WIND,GENERAL CARGO,2489.0,,"Chattogram, Bangladesh",,,2024-11-01,,,star_asia_2024_W44_Market-report-Week-44.pdf,01.11.2024,,EU_DDMMYYYY,AWAITING,AWAITING,STATUS,,,,
2024-11-02,44,Beaching / Arrival,GREEN BODO,REEFER,2957.0,,"Chattogram, Bangladesh",,,2024-11-01,,,star_asia_2024_W44_Market-report-Week-44.pdf,01.11.2024,,EU_DDMMYYYY,AWAITING,AWAITING,STATUS,,,,
2024-11-02,44,Beaching / Arrival,CAPT.OSAMA,GENERAL CARGO,5207.0,,"Chattogram, Bangladesh",,,2024-10-21,,,star_asia_2024_W44_Market-report-Week-44.pdf,21.10.2024,,EU_DDMMYYYY,AWAITING,AWAITING,STATUS,,,,
2024-11-02,44,Beaching / Arrival,TANA,GENERAL CARGO,7214.0,,"Chattogram, Bangladesh",,,2024-10-25,,,star_asia_2024_W44_Market-report-Week-44.pdf,25.10.2024,,EU_DDMMYYYY,AWAITING,AWAITING,STATUS,,,,
2024-11-02,44,Beaching / Arrival,MSC ALEXA,CONTAINER,16228.0,,"Chattogram, Bangladesh",,,2024-10-27,,,star_asia_2024_W44_Market-report-Week-44.pdf,27.10.2024,,EU_DDMMYYYY,AWAITING,AWAITING,STATUS,,,,
2024-11-02,44,Beaching / Arrival,RADA,TANKER,18860.0,,"Chattogram, Bangladesh",,,2024-10-26,,,star_asia_2024_W44_Market-report-Week-44.pdf,26.10.2024,,EU_DDMMYYYY,AWAITING,AWAITING,STATUS,,,,
2024-11-09,45,Reported Sale,HORIZON ENTERPRISE,CONTAINER,16745.0,315.0,,1980,USA,,,"AS IS OSP CANADA, FINAL DESTINATION UNKNOWN",star_asia_2024_W45_Market-report-Week-45.pdf,,,,,,,,,,
2024-11-09,45,Reported Sale,JIN HAI FU,BULKER,10607.0,470.0,"Chattogram, Bangladesh",1995,JAPAN,,,DELIVERED CHATTOGRAM,star_asia_2024_W45_Market-report-Week-45.pdf,,,,,,,,,,
2024-11-09,45,Beaching / Arrival,BEREG MATCHY,REEFER,7263.0,,"Chattogram, Bangladesh",,,2024-08-26,,,star_asia_2024_W45_Market-report-Week-45.pdf,26.08.2024,,EU_DDMMYYYY,AWAITING*,AWAITING,STATUS,,,,
2024-11-09,45,Beaching / Arrival,STAR,REEFER,5538.0,,"Chattogram, Bangladesh",,,2024-11-07,,,star_asia_2024_W45_Market-report-Week-45.pdf,07.11.2024,,EU_DDMMYYYY,AWAITING,AWAITING,STATUS,,,,
2024-11-09,45,Beaching / Arrival,ALI A,GENERAL CARGO,2578.0,,"Chattogram, Bangladesh",,,2024-11-08,,,star_asia_2024_W45_Market-report-Week-45.pdf,08.11.2024,,EU_DDMMYYYY,AWAITING,AWAITING,STATUS,,,,
2024-11-09,45,Beaching / Arrival,WIND,GENERAL CARGO,2489.0,,"Chattogram, Bangladesh",,,2024-11-01,2024-11-07,,star_asia_2024_W45_Market-report-Week-45.pdf,01.11.2024,,EU_DDMMYYYY,07.11.2024,,EU_DDMMYYYY,,,,
2024-11-09,45,Beaching / Arrival,GREEN BODO,REEFER,2957.0,,"Chattogram, Bangladesh",,,2024-11-01,2024-11-08,,star_asia_2024_W45_Market-report-Week-45.pdf,01.11.2024,,EU_DDMMYYYY,08.11.2024,,EU_DDMMYYYY,,,,
2024-11-09,45,Beaching / Arrival,CAPT.OSAMA,GENERAL CARGO,5207.0,,"Chattogram, Bangladesh",,,2024-10-21,2024-11-01,,star_asia_2024_W45_Market-report-Week-45.pdf,21.10.2024,,EU_DDMMYYYY,01.11.2024,,EU_DDMMYYYY,,,,
2024-11-09,45,Beaching / Arrival,TANA,GENERAL CARGO,7214.0,,"Chattogram, Bangladesh",,,2024-10-25,2024-11-01,,star_asia_2024_W45_Market-report-Week-45.pdf,25.10.2024,,EU_DDMMYYYY,01.11.2024,,EU_DDMMYYYY,,,,
2024-11-09,45,Beaching / Arrival,MSC ALEXA,CONTAINER,16228.0,,"Chattogram, Bangladesh",,,2024-10-27,2024-11-02,,star_asia_2024_W45_Market-report-Week-45.pdf,27.10.2024,,EU_DDMMYYYY,02.11.2024,,EU_DDMMYYYY,,,,
2024-11-09,45,Beaching / Arrival,CHUN CHAO 9,GENERAL CARGO,2736.0,,"Chattogram, Bangladesh",,,2024-11-05,,,star_asia_2024_W45_Market-report-Week-45.pdf,05.11.2024,,EU_DDMMYYYY,AWAITING,AWAITING,STATUS,,,,
2024-11-09,45,Beaching / Arrival,RADA,TANKER,18860.0,,"Chattogram, Bangladesh",,,2024-10-26,2024-11-01,,star_asia_2024_W45_Market-report-Week-45.pdf,26.10.2024,,EU_DDMMYYYY,01.11.2024,,EU_DDMMYYYY,,,,
2024-11-09,45,Beaching / Arrival,CHANG FEI HAI,BULKER,2942.0,,"Chattogram, Bangladesh",,,2024-11-02,2024-11-03,,star_asia_2024_W45_Market-report-Week-45.pdf,02.11.2024,,EU_DDMMYYYY,03.11.2024,,EU_DDMMYYYY,,,,
2024-11-09,45,Beaching / Arrival,YUN DA HAI,BULKER,2880.0,,"Chattogram, Bangladesh",,,2024-11-03,2024-11-07,,star_asia_2024_W45_Market-report-Week-45.pdf,03.11.2024,,EU_DDMMYYYY,07.11.2024,,EU_DDMMYYYY,,,,
2024-11-16,46,Reported Sale,SK SUMMIT SK SUPREME SK SPLENDOR SK STELLAR,` LNG TANKER,29970.0,469.5,,1999,S.KOREA 2000,,,AS IS SINGAPORE,star_asia_2024_W46_Market-report-Week-46.pdf,,,,,,,,,,
2024-11-16,46,Reported Sale,MSC RAFAFLA,CONTAINER,16824.0,510.0,"Alang, India",1996,ITALY,,,DELIVERED ALANG FOR MSC APPROVED YARDS,star_asia_2024_W46_Market-report-Week-46.pdf,,,,,,,,,,
2024-11-16,46,Reported Sale,YUN DA HAI,GENERAL CARGO,2881.0,,"Chattogram, Bangladesh",2005,CHINA,,,DELIVERED CHATTOGRAM,star_asia_2024_W46_Market-report-Week-46.pdf,,,,,,,,,,
2024-11-16,46,Reported Sale,BOSS 7,GENERAL CARGO,4712.0,,"Alang, India",1996,S.KOREA,,,DELIVERED ALANG,star_asia_2024_W46_Market-report-Week-46.pdf,,,,,,,,,,
2024-11-16,46,Beaching / Arrival,BEREG MATCHY,REEFER,7263.0,,"Chattogram, Bangladesh",,,2024-08-26,,,star_asia_2024_W46_Market-report-Week-46.pdf,26.08.2024,,EU_DDMMYYYY,AWAITING*,AWAITING,STATUS,,,,
2024-11-16,46,Beaching / Arrival,MSC RAFAELA,CONTAINER,16024.0,,"Chattogram, Bangladesh",,,2024-11-14,2024-11-16,,star_asia_2024_W46_Market-report-Week-46.pdf,14.11.2024,,EU_DDMMYYYY,16.11.2024,,EU_DDMMYYYY,,,,
2024-11-16,46,Beaching / Arrival,ELIN,CHEM.TANKER,5270.0,,"Chattogram, Bangladesh",,,2024-11-13,2024-11-15,,star_asia_2024_W46_Market-report-Week-46.pdf,13.11.2024,,EU_DDMMYYYY,15.11.2024,,EU_DDMMYYYY,,,,
2024-11-16,46,Beaching / Arrival,ALI A,GENERAL CARGO,2578.0,,"Chattogram, Bangladesh",,,2024-11-08,2024-11-16,,star_asia_2024_W46_Market-report-Week-46.pdf,08.11.2024,,EU_DDMMYYYY,16.11.2024,,EU_DDMMYYYY,,,,
2024-11-16,46,Beaching / Arrival,STAR,REEFER,5538.0,,"Chattogram, Bangladesh",,,2024-11-07,2024-11-14,,star_asia_2024_W46_Market-report-Week-46.pdf,07.11.2024,,EU_DDMMYYYY,14.11.2024,,EU_DDMMYYYY,,,,
2024-11-16,46,Beaching / Arrival,GREEN SELJE,REEFER,2979.0,,"Chattogram, Bangladesh",,,2024-11-11,2024-11-14,,star_asia_2024_W46_Market-report-Week-46.pdf,11.11.2024,,EU_DDMMYYYY,14.11.2024,,EU_DDMMYYYY,,,,
2024-11-16,46,Beaching / Arrival,WIND,GENERAL CARGO,2489.0,,"Chattogram, Bangladesh",,,2024-11-01,2024-11-07,,star_asia_2024_W46_Market-report-Week-46.pdf,01.11.2024,,EU_DDMMYYYY,07.11.2024,,EU_DDMMYYYY,,,,
2024-11-16,46,Beaching / Arrival,GREEN BODO,REEFER,2957.0,,"Chattogram, Bangladesh",,,2024-11-01,2024-11-08,,star_asia_2024_W46_Market-report-Week-46.pdf,01.11.2024,,EU_DDMMYYYY,08.11.2024,,EU_DDMMYYYY,,,,
2024-11-16,46,Beaching / Arrival,CAPT.OSAMA,GENERAL CARGO,5207.0,,"Chattogram, Bangladesh",,,2024-10-21,2024-11-01,,star_asia_2024_W46_Market-report-Week-46.pdf,21.10.2024,,EU_DDMMYYYY,01.11.2024,,EU_DDMMYYYY,,,,
2024-11-16,46,Beaching / Arrival,TANA,GENERAL CARGO,7214.0,,"Chattogram, Bangladesh",,,2024-10-25,2024-11-01,,star_asia_2024_W46_Market-report-Week-46.pdf,25.10.2024,,EU_DDMMYYYY,01.11.2024,,EU_DDMMYYYY,,,,
2024-11-16,46,Beaching / Arrival,MSC ALEXA,CONTAINER,16228.0,,"Chattogram, Bangladesh",,,2024-10-27,2024-11-02,,star_asia_2024_W46_Market-report-Week-46.pdf,27.10.2024,,EU_DDMMYYYY,02.11.2024,,EU_DDMMYYYY,,,,
2024-11-16,46,Beaching / Arrival,RINCH,BULKER,9214.0,,"Chattogram, Bangladesh",,,2024-11-14,,,star_asia_2024_W46_Market-report-Week-46.pdf,14.11.2024,,EU_DDMMYYYY,AWAITING,AWAITING,STATUS,,,,
2024-11-16,46,Beaching / Arrival,THAILAEMTHONG 3,TANKER,843.0,,"Chattogram, Bangladesh",,,2024-11-11,,,star_asia_2024_W46_Market-report-Week-46.pdf,11.11.2024,,EU_DDMMYYYY,AWAITING,AWAITING,STATUS,,,,
2024-11-16,46,Beaching / Arrival,GOLD BRIDGE,BULKER,6889.0,,"Chattogram, Bangladesh",,,2024-11-10,,,star_asia_2024_W46_Market-report-Week-46.pdf,10.11.2024,,EU_DDMMYYYY,AWAITING,AWAITING,STATUS,,,,
2024-11-16,46,Beaching / Arrival,CHUN CHAO 9,GENERAL CARGO,2736.0,,"Chattogram, Bangladesh",,,2024-11-05,2024-11-08,,star_asia_2024_W46_Market-report-Week-46.pdf,05.11.2024,,EU_DDMMYYYY,08.11.2024,,EU_DDMMYYYY,,,,
2024-11-16,46,Beaching / Arrival,RADA,TANKER,18860.0,,"Chattogram, Bangladesh",,,2024-10-26,2024-11-01,,star_asia_2024_W46_Market-report-Week-46.pdf,26.10.2024,,EU_DDMMYYYY,01.11.2024,,EU_DDMMYYYY,,,,
2024-11-16,46,Beaching / Arrival,CHANG FEI HAI,BULKER,2942.0,,"Chattogram, Bangladesh",,,2024-11-02,2024-11-03,,star_asia_2024_W46_Market-report-Week-46.pdf,02.11.2024,,EU_DDMMYYYY,03.11.2024,,EU_DDMMYYYY,,,,
2024-11-16,46,Beaching / Arrival,YUN DA HAI,BULKER,2880.0,,"Chattogram, Bangladesh",,,2024-11-03,2024-11-07,,star_asia_2024_W46_Market-report-Week-46.pdf,03.11.2024,,EU_DDMMYYYY,07.11.2024,,EU_DDMMYYYY,,,,
2024-11-24,47,Beaching / Arrival,BEREG MATCHY,REEFER,7263.0,,"Chattogram, Bangladesh",,,2024-08-26,,,star_asia_2024_W47_Market-report-Week-47.pdf,26.08.2024,,EU_DDMMYYYY,AWAITING*,AWAITING,STATUS,,,,
2024-11-24,47,Beaching / Arrival,SOFI,CONTIANER,3732.0,,"Chattogram, Bangladesh",,,2024-11-20,,,star_asia_2024_W47_Market-report-Week-47.pdf,20.11.2024,,EU_DDMMYYYY,AWAITING,AWAITING,STATUS,,,,
2024-11-24,47,Beaching / Arrival,MAHER,GENERAL CARGO,3519.0,,"Chattogram, Bangladesh",,,2024-11-22,,,star_asia_2024_W47_Market-report-Week-47.pdf,22.11.2024,,EU_DDMMYYYY,AWAITING,AWAITING,STATUS,,,,
2024-11-24,47,Beaching / Arrival,SEA NASS,GENERAL CARGO,697.0,,"Chattogram, Bangladesh",,,2024-11-22,,,star_asia_2024_W47_Market-report-Week-47.pdf,22.11.2024,,EU_DDMMYYYY,AWAITING,AWAITING,STATUS,,,,
2024-11-24,47,Beaching / Arrival,MSC RAFAELA,CONTAINER,16024.0,,"Chattogram, Bangladesh",,,2024-11-14,2024-11-16,,star_asia_2024_W47_Market-report-Week-47.pdf,14.11.2024,,EU_DDMMYYYY,16.11.2024,,EU_DDMMYYYY,,,,
2024-11-24,47,Beaching / Arrival,ELIN,CHEM.TANKER,5270.0,,"Chattogram, Bangladesh",,,2024-11-13,2024-11-15,,star_asia_2024_W47_Market-report-Week-47.pdf,13.11.2024,,EU_DDMMYYYY,15.11.2024,,EU_DDMMYYYY,,,,
2024-11-24,47,Beaching / Arrival,ALI A,GENERAL CARGO,2578.0,,"Chattogram, Bangladesh",,,2024-11-08,2024-11-16,,star_asia_2024_W47_Market-report-Week-47.pdf,08.11.2024,,EU_DDMMYYYY,16.11.2024,,EU_DDMMYYYY,,,,
2024-11-24,47,Beaching / Arrival,STAR,REEFER,5538.0,,"Chattogram, Bangladesh",,,2024-11-07,2024-11-14,,star_asia_2024_W47_Market-report-Week-47.pdf,07.11.2024,,EU_DDMMYYYY,14.11.2024,,EU_DDMMYYYY,,,,
2024-11-24,47,Beaching / Arrival,GREEN SELJE,REEFER,2979.0,,"Chattogram, Bangladesh",,,2024-11-11,2024-11-14,,star_asia_2024_W47_Market-report-Week-47.pdf,11.11.2024,,EU_DDMMYYYY,14.11.2024,,EU_DDMMYYYY,,,,
2024-11-24,47,Beaching / Arrival,WIND,GENERAL CARGO,2489.0,,"Chattogram, Bangladesh",,,2024-11-01,2024-11-07,,star_asia_2024_W47_Market-report-Week-47.pdf,01.11.2024,,EU_DDMMYYYY,07.11.2024,,EU_DDMMYYYY,,,,
2024-11-24,47,Beaching / Arrival,GREEN BODO,REEFER,2957.0,,"Chattogram, Bangladesh",,,2024-11-01,2024-11-08,,star_asia_2024_W47_Market-report-Week-47.pdf,01.11.2024,,EU_DDMMYYYY,08.11.2024,,EU_DDMMYYYY,,,,
2024-11-24,47,Beaching / Arrival,CAPT.OSAMA,GENERAL CARGO,5207.0,,"Chattogram, Bangladesh",,,2024-10-21,2024-11-01,,star_asia_2024_W47_Market-report-Week-47.pdf,21.10.2024,,EU_DDMMYYYY,01.11.2024,,EU_DDMMYYYY,,,,
2024-11-24,47,Beaching / Arrival,TANA,GENERAL CARGO,7214.0,,"Chattogram, Bangladesh",,,2024-10-25,2024-11-01,,star_asia_2024_W47_Market-report-Week-47.pdf,25.10.2024,,EU_DDMMYYYY,01.11.2024,,EU_DDMMYYYY,,,,
2024-11-24,47,Beaching / Arrival,MSC ALEXA,CONTAINER,16228.0,,"Chattogram, Bangladesh",,,2024-10-27,2024-11-02,,star_asia_2024_W47_Market-report-Week-47.pdf,27.10.2024,,EU_DDMMYYYY,02.11.2024,,EU_DDMMYYYY,,,,
2024-11-24,47,Beaching / Arrival,NING HUA,BULKER,9.713,,,,,2024-11-15,2024-11-19,,star_asia_2024_W47_Market-report-Week-47.pdf,15.11.2024,,EU_DDMMYYYY,19.11.2024,,EU_DDMMYYYY,,,,
2024-11-24,47,Beaching / Arrival,THAILAEMTHONG 3,TANKER,843.0,,,,,2024-11-11,2024-11-18,,star_asia_2024_W47_Market-report-Week-47.pdf,11.11.2024,,EU_DDMMYYYY,18.11.2024,,EU_DDMMYYYY,,,,
2024-11-24,47,Beaching / Arrival,GOLD BRIDGE,BULKER,6889.0,,,,,2024-11-10,2024-11-17,,star_asia_2024_W47_Market-report-Week-47.pdf,10.11.2024,,EU_DDMMYYYY,17.11.2024,,EU_DDMMYYYY,,,,
2024-11-24,47,Beaching / Arrival,RINCH,BULKER,9214.0,,,,,2024-11-14,2024-11-14,,star_asia_2024_W47_Market-report-Week-47.pdf,14.11.2024,,EU_DDMMYYYY,14.11.2024,,EU_DDMMYYYY,,,,
2024-11-24,47,Beaching / Arrival,CHUN CHAO 9,GENERAL CARGO,2736.0,,,,,2024-11-05,2024-11-08,,star_asia_2024_W47_Market-report-Week-47.pdf,05.11.2024,,EU_DDMMYYYY,08.11.2024,,EU_DDMMYYYY,,,,
2024-11-24,47,Beaching / Arrival,RADA,TANKER,18860.0,,,,,2024-10-26,2024-11-01,,star_asia_2024_W47_Market-report-Week-47.pdf,26.10.2024,,EU_DDMMYYYY,01.11.2024,,EU_DDMMYYYY,,,,
2024-11-24,47,Beaching / Arrival,CHANG FEI HAI,BULKER,2942.0,,,,,2024-11-02,2024-11-03,,star_asia_2024_W47_Market-report-Week-47.pdf,02.11.2024,,EU_DDMMYYYY,03.11.2024,,EU_DDMMYYYY,,,,
2024-11-24,47,Beaching / Arrival,YUN DA HAI,BULKER,2880.0,,,,,2024-11-03,2024-11-07,,star_asia_2024_W47_Market-report-Week-47.pdf,03.11.2024,,EU_DDMMYYYY,07.11.2024,,EU_DDMMYYYY,,,,
2024-11-30,48,Reported Sale,LADY CEDROS,BULKER,17823.0,467.0,"Chattogram, Bangladesh",1998,JAPAN,,,DELIVERED ALANG / CHATTOGRAM FOR NYK-APPROVED YARDS,star_asia_2024_W48_Market-report-Week-48.pdf,,,,,,,,,,
2024-11-30,48,Reported Sale,JIMEI SHUNHAO,BULKER,14894.0,460.0,"Chattogram, Bangladesh",1995,JAPAN,,,AS IS UAE PORTS WITH ABOUT 500 MT BUNKERS ROB FOR REDELIVERY CHATTOGRAM,star_asia_2024_W48_Market-report-Week-48.pdf,,,,,,,,,,
2024-11-30,48,Reported Sale,JULE,BULKER,9726.0,472.0,"Chattogram, Bangladesh",1997,JAPAN,,,DELIVERED CHATTOGRAM,star_asia_2024_W48_Market-report-Week-48.pdf,,,,,,,,,,
2024-11-30,48,Reported Sale,PRO,BULKER,7226.0,496.0,"Chattogram, Bangladesh",1997,JAPAN,,,DELIVERED CHATTOGRAM,star_asia_2024_W48_Market-report-Week-48.pdf,,,,,,,,,,
2024-11-30,48,Beaching / Arrival,BOSS 7,GENERAL CARGO,4713.0,,"Alang, India",,,2024-11-30,,,star_asia_2024_W48_Market-report-Week-48.pdf,30.11.2024,,EU_DDMMYYYY,AWAITING,AWAITING,STATUS,,,,
2024-11-30,48,Beaching / Arrival,A STAR,RIG,14856.0,,"Alang, India",,,2024-11-30,,,star_asia_2024_W48_Market-report-Week-48.pdf,30.11.2024,,EU_DDMMYYYY,AWAITING,AWAITING,STATUS,,,,
2024-11-30,48,Beaching / Arrival,BEREG MATCHY,REEFER,7263.0,,"Alang, India",,,2024-08-26,,,star_asia_2024_W48_Market-report-Week-48.pdf,26.08.2024,,EU_DDMMYYYY,AWAITING*,AWAITING,STATUS,,,,
2024-11-30,48,Beaching / Arrival,CLEAN,RIG,22314.0,,"Alang, India",,,2024-11-23,2024-11-26,,star_asia_2024_W48_Market-report-Week-48.pdf,23.11.2024,,EU_DDMMYYYY,26.11.2024,,EU_DDMMYYYY,,,,
2024-11-30,48,Beaching / Arrival,SOFI,CONTAINER,3732.0,,"Alang, India",,,2024-11-20,2024-11-30,,star_asia_2024_W48_Market-report-Week-48.pdf,20.11.2024,,EU_DDMMYYYY,30.11.2024,,EU_DDMMYYYY,,,,
2024-11-30,48,Beaching / Arrival,MAHER,GENERAL CARGO,3519.0,,"Alang, India",,,2024-11-22,2024-11-28,,star_asia_2024_W48_Market-report-Week-48.pdf,22.11.2024,,EU_DDMMYYYY,28.11.2024,,EU_DDMMYYYY,,,,
2024-11-30,48,Beaching / Arrival,SEA NASS,GENERAL CARGO,697.0,,"Alang, India",,,2024-11-22,2024-11-27,,star_asia_2024_W48_Market-report-Week-48.pdf,22.11.2024,,EU_DDMMYYYY,27.11.2024,,EU_DDMMYYYY,,,,
2024-11-30,48,Beaching / Arrival,MSC RAFAELA,CONTAINER,16024.0,,"Alang, India",,,2024-11-14,2024-11-16,,star_asia_2024_W48_Market-report-Week-48.pdf,14.11.2024,,EU_DDMMYYYY,16.11.2024,,EU_DDMMYYYY,,,,
2024-11-30,48,Beaching / Arrival,ELIN,CHEM.TANKER,5270.0,,"Alang, India",,,2024-11-13,2024-11-15,,star_asia_2024_W48_Market-report-Week-48.pdf,13.11.2024,,EU_DDMMYYYY,15.11.2024,,EU_DDMMYYYY,,,,
2024-11-30,48,Beaching / Arrival,ALI A,GENERAL CARGO,2578.0,,"Alang, India",,,2024-11-08,2024-11-16,,star_asia_2024_W48_Market-report-Week-48.pdf,08.11.2024,,EU_DDMMYYYY,16.11.2024,,EU_DDMMYYYY,,,,
2024-11-30,48,Beaching / Arrival,STAR,REEFER,5538.0,,"Alang, India",,,2024-11-07,2024-11-14,,star_asia_2024_W48_Market-report-Week-48.pdf,07.11.2024,,EU_DDMMYYYY,14.11.2024,,EU_DDMMYYYY,,,,
2024-11-30,48,Beaching / Arrival,GREEN SELJE,REEFER,2979.0,,"Alang, India",,,2024-11-11,2024-11-14,,star_asia_2024_W48_Market-report-Week-48.pdf,11.11.2024,,EU_DDMMYYYY,14.11.2024,,EU_DDMMYYYY,,,,
2024-11-30,48,Beaching / Arrival,WIND,GENERAL CARGO,2489.0,,"Alang, India",,,2024-11-01,2024-11-07,,star_asia_2024_W48_Market-report-Week-48.pdf,01.11.2024,,EU_DDMMYYYY,07.11.2024,,EU_DDMMYYYY,,,,
2024-11-30,48,Beaching / Arrival,GREEN BODO,REEFER,2957.0,,"Alang, India",,,2024-11-01,2024-11-08,,star_asia_2024_W48_Market-report-Week-48.pdf,01.11.2024,,EU_DDMMYYYY,08.11.2024,,EU_DDMMYYYY,,,,
2024-11-30,48,Beaching / Arrival,CAPT.OSAMA,GENERAL CARGO,5207.0,,"Alang, India",,,2024-10-21,2024-11-01,,star_asia_2024_W48_Market-report-Week-48.pdf,21.10.2024,,EU_DDMMYYYY,01.11.2024,,EU_DDMMYYYY,,,,
2024-11-30,48,Beaching / Arrival,TANA,GENERAL CARGO,7214.0,,"Alang, India",,,2024-10-25,2024-11-01,,star_asia_2024_W48_Market-report-Week-48.pdf,25.10.2024,,EU_DDMMYYYY,01.11.2024,,EU_DDMMYYYY,,,,
2024-11-30,48,Beaching / Arrival,MSC ALEXA,CONTAINER,16228.0,,"Alang, India",,,2024-10-27,2024-11-02,,star_asia_2024_W48_Market-report-Week-48.pdf,27.10.2024,,EU_DDMMYYYY,02.11.2024,,EU_DDMMYYYY,,,,
2024-11-30,48,Beaching / Arrival,PRO,BULKER,7226.0,,"Chattogram, Bangladesh",,,2024-11-25,,,star_asia_2024_W48_Market-report-Week-48.pdf,25.11.2024,,EU_DDMMYYYY,AWATIING,AWAITING,STATUS,,,,
2024-11-30,48,Beaching / Arrival,JULE,BULKER,9726.0,,"Chattogram, Bangladesh",,,2024-11-22,,,star_asia_2024_W48_Market-report-Week-48.pdf,22.11.2024,,EU_DDMMYYYY,AWAITING,AWAITING,STATUS,,,,
2024-11-30,48,Beaching / Arrival,NING HUA,BULKER,9.713,,"Chattogram, Bangladesh",,,2024-11-15,2024-11-19,,star_asia_2024_W48_Market-report-Week-48.pdf,15.11.2024,,EU_DDMMYYYY,19.11.2024,,EU_DDMMYYYY,,,,
2024-11-30,48,Beaching / Arrival,THAILAEMTHONG 3,TANKER,843.0,,"Chattogram, Bangladesh",,,2024-11-11,2024-11-18,,star_asia_2024_W48_Market-report-Week-48.pdf,11.11.2024,,EU_DDMMYYYY,18.11.2024,,EU_DDMMYYYY,,,,
2024-11-30,48,Beaching / Arrival,GOLD BRIDGE,BULKER,6889.0,,"Chattogram, Bangladesh",,,2024-11-10,2024-11-17,,star_asia_2024_W48_Market-report-Week-48.pdf,10.11.2024,,EU_DDMMYYYY,17.11.2024,,EU_DDMMYYYY,,,,
2024-11-30,48,Beaching / Arrival,RINCH,BULKER,9214.0,,"Chattogram, Bangladesh",,,2024-11-14,2024-11-14,,star_asia_2024_W48_Market-report-Week-48.pdf,14.11.2024,,EU_DDMMYYYY,14.11.2024,,EU_DDMMYYYY,,,,
2024-11-30,48,Beaching / Arrival,CHUN CHAO 9,GENERAL CARGO,2736.0,,"Chattogram, Bangladesh",,,2024-11-05,2024-11-08,,star_asia_2024_W48_Market-report-Week-48.pdf,05.11.2024,,EU_DDMMYYYY,08.11.2024,,EU_DDMMYYYY,,,,
2024-11-30,48,Beaching / Arrival,RADA,TANKER,18860.0,,"Chattogram, Bangladesh",,,2024-10-26,2024-11-01,,star_asia_2024_W48_Market-report-Week-48.pdf,26.10.2024,,EU_DDMMYYYY,01.11.2024,,EU_DDMMYYYY,,,,
2024-11-30,48,Beaching / Arrival,CHANG FEI HAI,BULKER,2942.0,,"Chattogram, Bangladesh",,,2024-11-02,2024-11-03,,star_asia_2024_W48_Market-report-Week-48.pdf,02.11.2024,,EU_DDMMYYYY,03.11.2024,,EU_DDMMYYYY,,,,
2024-11-30,48,Beaching / Arrival,YUN DA HAI,BULKER,2880.0,,"Chattogram, Bangladesh",,,2024-11-03,2024-11-07,,star_asia_2024_W48_Market-report-Week-48.pdf,03.11.2024,,EU_DDMMYYYY,07.11.2024,,EU_DDMMYYYY,,,,
2024-12-13,50,Beaching / Arrival,BEREG MATCHY,REEFER,7263.0,,"Chattogram, Bangladesh",,,2024-08-26,,,star_asia_2024_W50_Market-report-Week-50.pdf,26.08.2024,,EU_DDMMYYYY,AWAITING*,AWAITING,STATUS,,,,
2024-12-13,50,Beaching / Arrival,TANTO,CONTAINER,4218.0,,"Chattogram, Bangladesh",,,2024-12-10,2024-12-14,,star_asia_2024_W50_Market-report-Week-50.pdf,10.12.2024,,EU_DDMMYYYY,14.12.2024,,EU_DDMMYYYY,,,,
2024-12-13,50,Beaching / Arrival,MSC AUGUSTA,CONTAINER,8800.0,,"Chattogram, Bangladesh",,,2024-12-10,2024-12-14,,star_asia_2024_W50_Market-report-Week-50.pdf,10.12.2024,,EU_DDMMYYYY,14.12.2024,,EU_DDMMYYYY,,,,
2024-12-13,50,Beaching / Arrival,BOSS 7,GENERAL CARGO,4713.0,,"Chattogram, Bangladesh",,,2024-11-30,2024-12-14,,star_asia_2024_W50_Market-report-Week-50.pdf,30.11.2024,,EU_DDMMYYYY,14.12.2024,,EU_DDMMYYYY,,,,
2024-12-13,50,Beaching / Arrival,SEAGRAND,GENERAL CARGO,3593.0,,"Chattogram, Bangladesh",,,2024-12-08,2024-12-13,,star_asia_2024_W50_Market-report-Week-50.pdf,08.12.2024,,EU_DDMMYYYY,13.12.2024,,EU_DDMMYYYY,,,,
2024-12-13,50,Beaching / Arrival,NEW SKY,REEFER,2410.0,,"Chattogram, Bangladesh",,,2024-12-07,2024-12-12,,star_asia_2024_W50_Market-report-Week-50.pdf,07.12.2024,,EU_DDMMYYYY,12.12.2024,,EU_DDMMYYYY,,,,
2024-12-13,50,Beaching / Arrival,A STAR,RIG,14856.0,,"Chattogram, Bangladesh",,,2024-11-30,2024-12-01,,star_asia_2024_W50_Market-report-Week-50.pdf,30.11.2024,,EU_DDMMYYYY,01.12.2024,,EU_DDMMYYYY,,,,
2024-12-13,50,Beaching / Arrival,HUMPBACK WHALE,FISHING,3869.0,,"Chattogram, Bangladesh",,,2024-12-02,2024-12-06,,star_asia_2024_W50_Market-report-Week-50.pdf,02.12.2024,,EU_DDMMYYYY,06.12.2024,,EU_DDMMYYYY,,,,
2024-12-13,50,Beaching / Arrival,PROFORIY CHANCHIBADZE,FISHING,3909.0,,"Chattogram, Bangladesh",,,2024-12-04,2024-12-07,,star_asia_2024_W50_Market-report-Week-50.pdf,04.12.2024,,EU_DDMMYYYY,07.12.2024,,EU_DDMMYYYY,,,,
2024-12-13,50,Beaching / Arrival,CORAL,LNG,30193.0,,"Aliaga, Turkey",,,2024-11-10,,,star_asia_2024_W50_Market-report-Week-50.pdf,10.11.2024,,EU_DDMMYYYY,AWAITING,AWAITING,STATUS,,,,
2024-12-13,50,Beaching / Arrival,FATIMA SARI,BULKER,8008.0,,"Aliaga, Turkey",,,2024-11-25,,,star_asia_2024_W50_Market-report-Week-50.pdf,25.11.2024,,EU_DDMMYYYY,AWAITING,AWAITING,STATUS,,,,
2024-12-13,50,Beaching / Arrival,ARMADA SEIATI,CONTAINER,3321.0,,"Aliaga, Turkey",,,2024-12-05,2024-12-11,,star_asia_2024_W50_Market-report-Week-50.pdf,05.12.2024,,EU_DDMMYYYY,11.12.2024,,EU_DDMMYYYY,,,,
2024-12-21,51,Reported Sale,BOW CLIPPER,CHEM TANKER,11332.0,970.0,"Alang, India",1995,UK,,,DELIVERED TO SPECIFIC APPROVED YARDS IN ALANG. HIGH STAINLESS STEEL CONTENT,star_asia_2024_W51_Market-report-Week-51.pdf,,,,,,,,,,
2024-12-21,51,Reported Sale,AMOR,VLCC,40584.0,,"Alang, India",2000,JAPAN,,,DELIVERED ALANG,star_asia_2024_W51_Market-report-Week-51.pdf,,,,,,,,,,
2024-12-21,51,Beaching / Arrival,BEREG MATCHY,REEFER,7263.0,,"Chattogram, Bangladesh",,,2024-08-26,,,star_asia_2024_W51_Market-report-Week-51.pdf,26.08.2024,,EU_DDMMYYYY,AWAITING*,AWAITING,STATUS,,,,
2024-12-21,51,Beaching / Arrival,PRINCE 4,BULKER,2860.0,,"Chattogram, Bangladesh",,,2024-12-18,,,star_asia_2024_W51_Market-report-Week-51.pdf,18.12.2024,,EU_DDMMYYYY,AWAITING,AWAITING,STATUS,,,,
2024-12-21,51,Beaching / Arrival,TANTO,CONTAINER,4218.0,,"Chattogram, Bangladesh",,,2024-12-10,2024-12-14,,star_asia_2024_W51_Market-report-Week-51.pdf,10.12.2024,,EU_DDMMYYYY,14.12.2024,,EU_DDMMYYYY,,,,
2024-12-21,51,Beaching / Arrival,MSC AUGUSTA,CONTAINER,8800.0,,"Chattogram, Bangladesh",,,2024-12-10,2024-12-14,,star_asia_2024_W51_Market-report-Week-51.pdf,10.12.2024,,EU_DDMMYYYY,14.12.2024,,EU_DDMMYYYY,,,,
2024-12-21,51,Beaching / Arrival,BOSS 7,GENERAL CARGO,4713.0,,"Chattogram, Bangladesh",,,2024-11-30,2024-12-14,,star_asia_2024_W51_Market-report-Week-51.pdf,30.11.2024,,EU_DDMMYYYY,14.12.2024,,EU_DDMMYYYY,,,,
2024-12-21,51,Beaching / Arrival,SEAGRAND,GENERAL CARGO,3593.0,,"Chattogram, Bangladesh",,,2024-12-08,2024-12-13,,star_asia_2024_W51_Market-report-Week-51.pdf,08.12.2024,,EU_DDMMYYYY,13.12.2024,,EU_DDMMYYYY,,,,
2024-12-21,51,Beaching / Arrival,NEW SKY,REEFER,2410.0,,"Chattogram, Bangladesh",,,2024-12-07,2024-12-12,,star_asia_2024_W51_Market-report-Week-51.pdf,07.12.2024,,EU_DDMMYYYY,12.12.2024,,EU_DDMMYYYY,,,,
2024-12-21,51,Beaching / Arrival,A STAR,RIG,14856.0,,"Chattogram, Bangladesh",,,2024-11-30,2024-12-01,,star_asia_2024_W51_Market-report-Week-51.pdf,30.11.2024,,EU_DDMMYYYY,01.12.2024,,EU_DDMMYYYY,,,,
2024-12-21,51,Beaching / Arrival,HUMPBACK WHALE,FISHING,3869.0,,"Chattogram, Bangladesh",,,2024-12-02,2024-12-06,,star_asia_2024_W51_Market-report-Week-51.pdf,02.12.2024,,EU_DDMMYYYY,06.12.2024,,EU_DDMMYYYY,,,,
2024-12-21,51,Beaching / Arrival,PROFORIY CHANCHIBADZE,FISHING,3909.0,,"Chattogram, Bangladesh",,,2024-12-04,2024-12-07,,star_asia_2024_W51_Market-report-Week-51.pdf,04.12.2024,,EU_DDMMYYYY,07.12.2024,,EU_DDMMYYYY,,,,
2024-12-21,51,Beaching / Arrival,ASIA 10,MPP,2413.0,,,,,2024-12-12,2024-12-15,,star_asia_2024_W51_Market-report-Week-51.pdf,12.12.2024,,EU_DDMMYYYY,15.12.2024,,EU_DDMMYYYY,,,,
2024-12-21,51,Beaching / Arrival,CORAL,LNG,30193.0,,,,,2024-11-10,2024-12-11,,star_asia_2024_W51_Market-report-Week-51.pdf,10.11.2024,,EU_DDMMYYYY,11.12.2024,,EU_DDMMYYYY,,,,
2024-12-21,51,Beaching / Arrival,ARMADA SEIATI,CONTAINER,3321.0,,,,,2024-12-05,2024-12-11,,star_asia_2024_W51_Market-report-Week-51.pdf,05.12.2024,,EU_DDMMYYYY,11.12.2024,,EU_DDMMYYYY,,,,
2024-12-21,51,Beaching / Arrival,FATIMA SARI,BULKER,8008.0,,,,,2024-11-25,2024-12-04,,star_asia_2024_W51_Market-report-Week-51.pdf,25.11.2024,,EU_DDMMYYYY,04.12.2024,,EU_DDMMYYYY,,,,
2024-12-28,52,Reported Sale,HL PYEONGTAEK,LNG TANKER,28809.0,480.0,,1995,S.KOREA,,,AS IS SOUTH KOREA FOR THE REDELIVERY FULL SUB-CONTINENT,star_asia_2024_W52_Market-report-Week-52.pdf,,,,,,,,,,
2024-12-28,52,Reported Sale,MSC ESHA F,CONTAINER,4950.0,492.0,"Alang, India",1993,GERMANY,,,DELIVERED ALANG FOR MSC- APPROVED YARDS,star_asia_2024_W52_Market-report-Week-52.pdf,,,,,,,,,,
2024-12-28,52,Reported Sale,ITAGUA,VLCC,48100.0,447.0,"Alang, India",1997,JAPAN,,,DELIVERED ALANG,star_asia_2024_W52_Market-report-Week-52.pdf,,,,,,,,,,
2024-12-28,52,Reported Sale,ENZO,TANKER,17398.0,,"Alang, India",1999,S.KOREA,,,DELIVERED ALANG,star_asia_2024_W52_Market-report-Week-52.pdf,,,,,,,,,,
2024-12-28,52,Reported Sale,THREE STAR,BULKER,7627.0,480.0,"Chattogram, Bangladesh",1996,JAPAN,,,DELIVERED CHATTOGRAM,star_asia_2024_W52_Market-report-Week-52.pdf,,,,,,,,,,
2024-12-28,52,Reported Sale,RIALTO,TANKER,9711.0,475.0,"Alang, India",1998,CROATIA,,,DELIVERED ALANG,star_asia_2024_W52_Market-report-Week-52.pdf,,,,,,,,,,
2024-12-28,52,Beaching / Arrival,BEREG MATCHY,REEFER,7263.0,,"Chattogram, Bangladesh",,,2024-08-26,2024-12-22,,star_asia_2024_W52_Market-report-Week-52.pdf,26.08.2024,,EU_DDMMYYYY,22.12.2024,,EU_DDMMYYYY,,,,
2024-12-28,52,Beaching / Arrival,PRINCE 4,BULKER,2860.0,,"Chattogram, Bangladesh",,,2024-12-18,2024-12-26,,star_asia_2024_W52_Market-report-Week-52.pdf,18.12.2024,,EU_DDMMYYYY,26.12.2024,,EU_DDMMYYYY,,,,
2024-12-28,52,Beaching / Arrival,TANTO,CONTAINER,4218.0,,"Chattogram, Bangladesh",,,2024-12-10,2024-12-14,,star_asia_2024_W52_Market-report-Week-52.pdf,10.12.2024,,EU_DDMMYYYY,14.12.2024,,EU_DDMMYYYY,,,,
2024-12-28,52,Beaching / Arrival,MSC AUGUSTA,CONTAINER,8800.0,,"Chattogram, Bangladesh",,,2024-12-10,2024-12-14,,star_asia_2024_W52_Market-report-Week-52.pdf,10.12.2024,,EU_DDMMYYYY,14.12.2024,,EU_DDMMYYYY,,,,
2024-12-28,52,Beaching / Arrival,BOSS 7,GENERAL CARGO,4713.0,,"Chattogram, Bangladesh",,,2024-11-30,2024-12-14,,star_asia_2024_W52_Market-report-Week-52.pdf,30.11.2024,,EU_DDMMYYYY,14.12.2024,,EU_DDMMYYYY,,,,
2024-12-28,52,Beaching / Arrival,SEAGRAND,GENERAL CARGO,3593.0,,"Chattogram, Bangladesh",,,2024-12-08,2024-12-13,,star_asia_2024_W52_Market-report-Week-52.pdf,08.12.2024,,EU_DDMMYYYY,13.12.2024,,EU_DDMMYYYY,,,,
2024-12-28,52,Beaching / Arrival,NEW SKY,REEFER,2410.0,,"Chattogram, Bangladesh",,,2024-12-07,2024-12-12,,star_asia_2024_W52_Market-report-Week-52.pdf,07.12.2024,,EU_DDMMYYYY,12.12.2024,,EU_DDMMYYYY,,,,
2024-12-28,52,Beaching / Arrival,A STAR,RIG,14856.0,,"Chattogram, Bangladesh",,,2024-11-30,2024-12-01,,star_asia_2024_W52_Market-report-Week-52.pdf,30.11.2024,,EU_DDMMYYYY,01.12.2024,,EU_DDMMYYYY,,,,
2024-12-28,52,Beaching / Arrival,HUMPBACK WHALE,FISHING,3869.0,,"Chattogram, Bangladesh",,,2024-12-02,2024-12-06,,star_asia_2024_W52_Market-report-Week-52.pdf,02.12.2024,,EU_DDMMYYYY,06.12.2024,,EU_DDMMYYYY,,,,
2024-12-28,52,Beaching / Arrival,PROFORIY CHANCHIBADZE,FISHING,3909.0,,"Chattogram, Bangladesh",,,2024-12-04,2024-12-07,,star_asia_2024_W52_Market-report-Week-52.pdf,04.12.2024,,EU_DDMMYYYY,07.12.2024,,EU_DDMMYYYY,,,,
2024-12-28,52,Beaching / Arrival,NEW SMILE,TANKER,1969.0,,"Aliaga, Turkey",,,2024-12-26,2024-12-26,,star_asia_2024_W52_Market-report-Week-52.pdf,26.12.2024,,EU_DDMMYYYY,26.12.2024,,EU_DDMMYYYY,,,,
2024-12-28,52,Beaching / Arrival,ASIA 10,MPP,2413.0,,"Aliaga, Turkey",,,2024-12-12,2024-12-15,,star_asia_2024_W52_Market-report-Week-52.pdf,12.12.2024,,EU_DDMMYYYY,15.12.2024,,EU_DDMMYYYY,,,,
2024-12-28,52,Beaching / Arrival,CORAL,LNG,30193.0,,"Aliaga, Turkey",,,2024-11-10,2024-12-11,,star_asia_2024_W52_Market-report-Week-52.pdf,10.11.2024,,EU_DDMMYYYY,11.12.2024,,EU_DDMMYYYY,,,,
2024-12-28,52,Beaching / Arrival,ARMADA SEIATI,CONTAINER,3321.0,,"Aliaga, Turkey",,,2024-12-05,2024-12-11,,star_asia_2024_W52_Market-report-Week-52.pdf,05.12.2024,,EU_DDMMYYYY,11.12.2024,,EU_DDMMYYYY,,,,
2024-12-28,52,Beaching / Arrival,FATIMA SARI,BULKER,8008.0,,"Aliaga, Turkey",,,2024-11-25,2024-12-04,,star_asia_2024_W52_Market-report-Week-52.pdf,25.11.2024,,EU_DDMMYYYY,04.12.2024,,EU_DDMMYYYY,,,,
2025-01-10,1,Reported Sale,ARK PROGRESS,CHEM TANKER,2635.0,505.0,"Chattogram, Bangladesh",1995,JAPAN,,,DELIVERED CHATTOGRAM,star_asia_2025_W01_Market-report-Week-12.pdf,,,,,,,,,,
2025-01-10,1,Reported Sale,PRINCE 4,BULKER,2860.0,,"Alang, India",1986,JAPAN,,,DELIVERED ALANG,star_asia_2025_W01_Market-report-Week-12.pdf,,,,,,,,,,
2025-01-10,1,Reported Sale,BANGLAR JYOTI,OIL TANKER,3740.0,,"Chattogram, Bangladesh",1987,DENMARK,,,AS IS CHATTOGRAM,star_asia_2025_W01_Market-report-Week-12.pdf,,,,,,,,,,
2025-01-10,1,Reported Sale,BANGLAR SHOURABH,OIL TANKER,3787.0,,"Chattogram, Bangladesh",1987,DENMARK,,,AS IS CHATTOGRAM,star_asia_2025_W01_Market-report-Week-12.pdf,,,,,,,,,,
2025-01-10,1,Beaching / Arrival,LADY CEDROS,BULKER,17823.0,,"Chattogram, Bangladesh",,,2025-01-08,,,star_asia_2025_W01_Market-report-Week-12.pdf,08.01.2025,,EU_DDMMYYYY,AWAITING,AWAITING,STATUS,,,,
2025-01-10,1,Beaching / Arrival,KARMAN 14,BULKER,3169.0,,"Chattogram, Bangladesh",,,2025-01-08,,,star_asia_2025_W01_Market-report-Week-12.pdf,08.01.2025,,EU_DDMMYYYY,AWAITING,AWAITING,STATUS,,,,
2025-01-10,1,Beaching / Arrival,ENZO,TANKER,17398.0,,"Chattogram, Bangladesh",,,2025-01-04,,,star_asia_2025_W01_Market-report-Week-12.pdf,04.01.2025,,EU_DDMMYYYY,AWAITING,AWAITING,STATUS,,,,
2025-01-10,1,Beaching / Arrival,NEVELSK,CONTAINER,2993.0,,"Chattogram, Bangladesh",,,2025-01-04,2025-01-08,,star_asia_2025_W01_Market-report-Week-12.pdf,04.01.2025,,EU_DDMMYYYY,08.01.2025,,EU_DDMMYYYY,,,,
2025-01-10,1,Beaching / Arrival,BOW CLIPPER,CHEM TANKER,11319.0,,"Chattogram, Bangladesh",,,2025-01-03,2025-01-06,,star_asia_2025_W01_Market-report-Week-12.pdf,03.01.2025,,EU_DDMMYYYY,06.01.2025,,EU_DDMMYYYY,,,,
2025-01-10,1,Beaching / Arrival,MSC ESHA F,CONTAINER,4950.0,,"Chattogram, Bangladesh",,,2025-12-29,2025-01-04,,star_asia_2025_W01_Market-report-Week-12.pdf,29.12.2025,,EU_DDMMYYYY,04.01.2025,,EU_DDMMYYYY,,,,
2025-01-10,1,Beaching / Arrival,LIYA,REEFER,2287.0,,"Chattogram, Bangladesh",,,2025-12-31,2025-01-03,,star_asia_2025_W01_Market-report-Week-12.pdf,31.12.2025,,EU_DDMMYYYY,03.01.2025,,EU_DDMMYYYY,,,,
2025-01-10,1,Beaching / Arrival,NEW SMILE,TANKER,1969.0,,,,,2024-12-26,2025-01-04,,star_asia_2025_W01_Market-report-Week-12.pdf,26.12.2024,,EU_DDMMYYYY,04.01.2025,,EU_DDMMYYYY,,,,
2025-01-10,1,Beaching / Arrival,ARK PROGRESS,CHEM TANKER,2635.0,,,,,2025-01-08,,,star_asia_2025_W01_Market-report-Week-12.pdf,08.01.2025,,EU_DDMMYYYY,AWAITING,AWAITING,STATUS,,,,
2025-01-10,1,Beaching / Arrival,ULSAN GAS,LPG,1814.0,,,,,2025-01-08,,,star_asia_2025_W01_Market-report-Week-12.pdf,08.01.2025,,EU_DDMMYYYY,AWAITING,AWAITING,STATUS,,,,
2025-01-18,3,Beaching / Arrival,RIALTO,TANKER,9696.0,,"Chattogram, Bangladesh",,,2025-01-16,,,star_asia_2025_W03_Market-report-Week-3.pdf,16.01.2025,,EU_DDMMYYYY,AWAITING,AWAITING,STATUS,,,,
2025-01-18,3,Beaching / Arrival,KARMAN 14,BULKER,3169.0,,"Chattogram, Bangladesh",,,2025-01-08,2025-01-17,,star_asia_2025_W03_Market-report-Week-3.pdf,08.01.2025,,EU_DDMMYYYY,17.01.2025,,EU_DDMMYYYY,,,,
2025-01-18,3,Beaching / Arrival,LADY CEDROS,BULKER,17823.0,,"Chattogram, Bangladesh",,,2025-01-08,2025-01-15,,star_asia_2025_W03_Market-report-Week-3.pdf,08.01.2025,,EU_DDMMYYYY,15.01.2025,,EU_DDMMYYYY,,,,
2025-01-18,3,Beaching / Arrival,ENZO,TANKER,17398.0,,"Chattogram, Bangladesh",,,2025-01-04,2025-01-12,,star_asia_2025_W03_Market-report-Week-3.pdf,04.01.2025,,EU_DDMMYYYY,12.01.2025,,EU_DDMMYYYY,,,,
2025-01-18,3,Beaching / Arrival,NEVELSK,CONTAINER,2993.0,,"Chattogram, Bangladesh",,,2025-01-04,2025-01-08,,star_asia_2025_W03_Market-report-Week-3.pdf,04.01.2025,,EU_DDMMYYYY,08.01.2025,,EU_DDMMYYYY,,,,
2025-01-18,3,Beaching / Arrival,BOW CLIPPER,CHEM TANKER,11319.0,,"Chattogram, Bangladesh",,,2025-01-03,2025-01-06,,star_asia_2025_W03_Market-report-Week-3.pdf,03.01.2025,,EU_DDMMYYYY,06.01.2025,,EU_DDMMYYYY,,,,
2025-01-18,3,Beaching / Arrival,MSC ESHA F,CONTAINER,4950.0,,"Chattogram, Bangladesh",,,2025-12-29,2025-01-04,,star_asia_2025_W03_Market-report-Week-3.pdf,29.12.2025,,EU_DDMMYYYY,04.01.2025,,EU_DDMMYYYY,,,,
2025-01-18,3,Beaching / Arrival,LIYA,REEFER,2287.0,,"Chattogram, Bangladesh",,,2025-12-31,2025-01-03,,star_asia_2025_W03_Market-report-Week-3.pdf,31.12.2025,,EU_DDMMYYYY,03.01.2025,,EU_DDMMYYYY,,,,
2025-01-18,3,Beaching / Arrival,ARK PROGRESS,CHEM TANKER,2635.0,,"Chattogram, Bangladesh",,,2025-01-08,,,star_asia_2025_W03_Market-report-Week-3.pdf,08.01.2025,,EU_DDMMYYYY,AWAITING,AWAITING,STATUS,,,,
2025-01-18,3,Beaching / Arrival,LAR,LNG,28742.0,,"Chattogram, Bangladesh",,,2025-01-11,2025-01-15,,star_asia_2025_W03_Market-report-Week-3.pdf,11.01.2025,,EU_DDMMYYYY,15.01.2025,,EU_DDMMYYYY,,,,
2025-01-18,3,Beaching / Arrival,NEW SMILE,TANKER,1969.0,,"Chattogram, Bangladesh",,,2024-12-26,2025-01-04,,star_asia_2025_W03_Market-report-Week-3.pdf,26.12.2024,,EU_DDMMYYYY,04.01.2025,,EU_DDMMYYYY,,,,
2025-01-18,3,Beaching / Arrival,JIM,BULKER,14894.0,,"Chattogram, Bangladesh",,,2025-01-10,2025-01-16,,star_asia_2025_W03_Market-report-Week-3.pdf,10.01.2025,,EU_DDMMYYYY,16.01.2025,,EU_DDMMYYYY,,,,
2025-01-18,3,Beaching / Arrival,ULSAN GAS,LPG,1814.0,,"Chattogram, Bangladesh",,,2025-01-08,2025-01-12,,star_asia_2025_W03_Market-report-Week-3.pdf,08.01.2025,,EU_DDMMYYYY,12.01.2025,,EU_DDMMYYYY,,,,
2025-01-25,4,Reported Sale,MARTHA OPTION,CHEM TANKER,3868.0,660.0,"Alang, India",1993,JAPAN,,,"AS IS WHERE IS BELAWAN, INDONESIA FOR REDELIVERY ALANG. STAINLESS STEEL TANKS",star_asia_2025_W04_Market-report-Week-4.pdf,,,,,,,,,,
2025-01-25,4,Reported Sale,HYUNDAI GREENPIA,LNG,30456.0,635.0,,1996,S. KOREA,,,DELIVERED FULL SUB-CONTINENT,star_asia_2025_W04_Market-report-Week-4.pdf,,,,,,,,,,
2025-01-25,4,Reported Sale,LEENA,BULKER,5552.0,441.0,"Alang, India",1994,JAPAN,,,DELIVERED ALANG / GADANI,star_asia_2025_W04_Market-report-Week-4.pdf,,,,,,,,,,
2025-01-25,4,Reported Sale,OCEAN PEACE,BULKER,11654.0,455.0,"Chattogram, Bangladesh",1994,S.KOREA,,,DELIVERED CHATTOGRAM,star_asia_2025_W04_Market-report-Week-4.pdf,,,,,,,,,,
2025-01-25,4,Reported Sale,RONG YUAN,BULKER,,460.0,"Chattogram, Bangladesh",1997,JAPAN,,,DELVIERED CHATTOGRAM,star_asia_2025_W04_Market-report-Week-4.pdf,,,,,,,,,,
2025-01-25,4,Beaching / Arrival,NOLAN,TANKER,21861.0,,"Chattogram, Bangladesh",,,2025-01-25,,,star_asia_2025_W04_Market-report-Week-4.pdf,25.01.2025,,EU_DDMMYYYY,AWAITING,AWAITING,STATUS,,,,
2025-01-25,4,Beaching / Arrival,TAKUN,FPSO,47335.0,,"Chattogram, Bangladesh",,,2025-01-23,,,star_asia_2025_W04_Market-report-Week-4.pdf,23.01.2025,,EU_DDMMYYYY,AWAITING,AWAITING,STATUS,,,,
2025-01-25,4,Beaching / Arrival,MEDELLIN MASTER,CHEM TANKER,3852.0,,"Chattogram, Bangladesh",,,2025-01-22,2025-01-23,,star_asia_2025_W04_Market-report-Week-4.pdf,22.01.2025,,EU_DDMMYYYY,23.01.2025,,EU_DDMMYYYY,,,,
2025-01-25,4,Beaching / Arrival,RIALTO,TANKER,9696.0,,"Chattogram, Bangladesh",,,2025-01-16,,,star_asia_2025_W04_Market-report-Week-4.pdf,16.01.2025,,EU_DDMMYYYY,AWAITING,AWAITING,STATUS,,,,
2025-01-25,4,Beaching / Arrival,KARMAN 14,BULKER,3169.0,,"Chattogram, Bangladesh",,,2025-01-08,2025-01-17,,star_asia_2025_W04_Market-report-Week-4.pdf,08.01.2025,,EU_DDMMYYYY,17.01.2025,,EU_DDMMYYYY,,,,
2025-01-25,4,Beaching / Arrival,LADY CEDROS,BULKER,17823.0,,"Chattogram, Bangladesh",,,2025-01-08,2025-01-15,,star_asia_2025_W04_Market-report-Week-4.pdf,08.01.2025,,EU_DDMMYYYY,15.01.2025,,EU_DDMMYYYY,,,,
2025-01-25,4,Beaching / Arrival,ENZO,TANKER,17398.0,,"Chattogram, Bangladesh",,,2025-01-04,2025-01-12,,star_asia_2025_W04_Market-report-Week-4.pdf,04.01.2025,,EU_DDMMYYYY,12.01.2025,,EU_DDMMYYYY,,,,
2025-01-25,4,Beaching / Arrival,NEVELSK,CONTAINER,2993.0,,"Chattogram, Bangladesh",,,2025-01-04,2025-01-08,,star_asia_2025_W04_Market-report-Week-4.pdf,04.01.2025,,EU_DDMMYYYY,08.01.2025,,EU_DDMMYYYY,,,,
2025-01-25,4,Beaching / Arrival,BOW CLIPPER,CHEM TANKER,11319.0,,"Chattogram, Bangladesh",,,2025-01-03,2025-01-06,,star_asia_2025_W04_Market-report-Week-4.pdf,03.01.2025,,EU_DDMMYYYY,06.01.2025,,EU_DDMMYYYY,,,,
2025-01-25,4,Beaching / Arrival,MSC ESHA F,CONTAINER,4950.0,,"Chattogram, Bangladesh",,,2025-12-29,2025-01-04,,star_asia_2025_W04_Market-report-Week-4.pdf,29.12.2025,,EU_DDMMYYYY,04.01.2025,,EU_DDMMYYYY,,,,
2025-01-25,4,Beaching / Arrival,LIYA,REEFER,2287.0,,"Chattogram, Bangladesh",,,2025-12-31,2025-01-03,,star_asia_2025_W04_Market-report-Week-4.pdf,31.12.2025,,EU_DDMMYYYY,03.01.2025,,EU_DDMMYYYY,,,,
2025-01-25,4,Beaching / Arrival,MIRAI,GEN CARGO,1482.0,,"Chattogram, Bangladesh",,,2025-01-17,,,star_asia_2025_W04_Market-report-Week-4.pdf,17.01.2025,,EU_DDMMYYYY,AWAITING,AWAITING,STATUS,,,,
2025-01-25,4,Beaching / Arrival,JIN HAI FU,BULKER,10607.0,,"Chattogram, Bangladesh",,,2025-01-16,,,star_asia_2025_W04_Market-report-Week-4.pdf,16.01.2025,,EU_DDMMYYYY,AWAITING,AWAITING,STATUS,,,,
2025-01-25,4,Beaching / Arrival,ARK PROGRESS,CHEM TANKER,2635.0,,"Chattogram, Bangladesh",,,2025-01-08,,,star_asia_2025_W04_Market-report-Week-4.pdf,08.01.2025,,EU_DDMMYYYY,AWAITING,AWAITING,STATUS,,,,
2025-01-25,4,Beaching / Arrival,LAR,LNG,28742.0,,"Chattogram, Bangladesh",,,2025-01-11,2025-01-15,,star_asia_2025_W04_Market-report-Week-4.pdf,11.01.2025,,EU_DDMMYYYY,15.01.2025,,EU_DDMMYYYY,,,,
2025-01-25,4,Beaching / Arrival,NEW SMILE,TANKER,1969.0,,"Chattogram, Bangladesh",,,2024-12-26,2025-01-04,,star_asia_2025_W04_Market-report-Week-4.pdf,26.12.2024,,EU_DDMMYYYY,04.01.2025,,EU_DDMMYYYY,,,,
2025-01-25,4,Beaching / Arrival,JIM,BULKER,14894.0,,"Chattogram, Bangladesh",,,2025-01-10,2025-01-16,,star_asia_2025_W04_Market-report-Week-4.pdf,10.01.2025,,EU_DDMMYYYY,16.01.2025,,EU_DDMMYYYY,,,,
2025-01-25,4,Beaching / Arrival,ULSAN GAS,LPG,1814.0,,"Chattogram, Bangladesh",,,2025-01-08,2025-01-12,,star_asia_2025_W04_Market-report-Week-4.pdf,08.01.2025,,EU_DDMMYYYY,12.01.2025,,EU_DDMMYYYY,,,,
2025-01-31,5,Reported Sale,AK HAMBURG,GC,2574.0,440.0,"Alang, India",1982,JAPAN,,,DELIVERED ALANG,star_asia_2025_W05_Market-report-Week-5.pdf,,,,,,,,,,
2025-01-31,5,Beaching / Arrival,NOLAN,TANKER,21861.0,,"Chattogram, Bangladesh",,,2025-01-25,,,star_asia_2025_W05_Market-report-Week-5.pdf,25.01.2025,,EU_DDMMYYYY,AWAITING,AWAITING,STATUS,,,,
2025-01-31,5,Beaching / Arrival,TAKUN,FPSO,47335.0,,"Chattogram, Bangladesh",,,2025-01-23,2025-01-26,,star_asia_2025_W05_Market-report-Week-5.pdf,23.01.2025,,EU_DDMMYYYY,26.01.2025,,EU_DDMMYYYY,,,,
2025-01-31,5,Beaching / Arrival,MEDELLIN MASTER,CHEM TANKER,3852.0,,"Chattogram, Bangladesh",,,2025-01-22,2025-01-23,,star_asia_2025_W05_Market-report-Week-5.pdf,22.01.2025,,EU_DDMMYYYY,23.01.2025,,EU_DDMMYYYY,,,,
2025-01-31,5,Beaching / Arrival,RIALTO,TANKER,9696.0,,"Chattogram, Bangladesh",,,2025-01-16,,,star_asia_2025_W05_Market-report-Week-5.pdf,16.01.2025,,EU_DDMMYYYY,AWAITING,AWAITING,STATUS,,,,
2025-01-31,5,Beaching / Arrival,KARMAN 14,BULKER,3169.0,,"Chattogram, Bangladesh",,,2025-01-08,2025-01-17,,star_asia_2025_W05_Market-report-Week-5.pdf,08.01.2025,,EU_DDMMYYYY,17.01.2025,,EU_DDMMYYYY,,,,
2025-01-31,5,Beaching / Arrival,LADY CEDROS,BULKER,17823.0,,"Chattogram, Bangladesh",,,2025-01-08,2025-01-15,,star_asia_2025_W05_Market-report-Week-5.pdf,08.01.2025,,EU_DDMMYYYY,15.01.2025,,EU_DDMMYYYY,,,,
2025-01-31,5,Beaching / Arrival,ENZO,TANKER,17398.0,,"Chattogram, Bangladesh",,,2025-01-04,2025-01-12,,star_asia_2025_W05_Market-report-Week-5.pdf,04.01.2025,,EU_DDMMYYYY,12.01.2025,,EU_DDMMYYYY,,,,
2025-01-31,5,Beaching / Arrival,NEVELSK,CONTAINER,2993.0,,"Chattogram, Bangladesh",,,2025-01-04,2025-01-08,,star_asia_2025_W05_Market-report-Week-5.pdf,04.01.2025,,EU_DDMMYYYY,08.01.2025,,EU_DDMMYYYY,,,,
2025-01-31,5,Beaching / Arrival,BOW CLIPPER,CHEM TANKER,11319.0,,"Chattogram, Bangladesh",,,2025-01-03,2025-01-06,,star_asia_2025_W05_Market-report-Week-5.pdf,03.01.2025,,EU_DDMMYYYY,06.01.2025,,EU_DDMMYYYY,,,,
2025-01-31,5,Beaching / Arrival,MSC ESHA F,CONTAINER,4950.0,,"Chattogram, Bangladesh",,,2025-12-29,2025-01-04,,star_asia_2025_W05_Market-report-Week-5.pdf,29.12.2025,,EU_DDMMYYYY,04.01.2025,,EU_DDMMYYYY,,,,
2025-01-31,5,Beaching / Arrival,LIYA,REEFER,2287.0,,"Chattogram, Bangladesh",,,2025-12-31,2025-01-03,,star_asia_2025_W05_Market-report-Week-5.pdf,31.12.2025,,EU_DDMMYYYY,03.01.2025,,EU_DDMMYYYY,,,,
2025-01-31,5,Beaching / Arrival,ALEK,GEN CARGO,3120.0,,,,,2025-01-28,,,star_asia_2025_W05_Market-report-Week-5.pdf,28.01.2025,,EU_DDMMYYYY,AWAITING,AWAITING,STATUS,,,,
2025-01-31,5,Beaching / Arrival,OCEAN PEACE,BULKER,10847.0,,,,,2025-01-29,,,star_asia_2025_W05_Market-report-Week-5.pdf,29.01.2025,,EU_DDMMYYYY,AWAITING,AWAITING,STATUS,,,,
2025-01-31,5,Beaching / Arrival,LEAN,LNG,29180.0,,,,,2025-01-27,,,star_asia_2025_W05_Market-report-Week-5.pdf,27.01.2025,,EU_DDMMYYYY,AWAITING,AWAITING,STATUS,,,,
2025-01-31,5,Beaching / Arrival,THREE STAR,BULKER,7627.0,,,,,2025-01-23,,,star_asia_2025_W05_Market-report-Week-5.pdf,23.01.2025,,EU_DDMMYYYY,AWAITING,AWAITING,STATUS,,,,
2025-01-31,5,Beaching / Arrival,MIT,LNG,29.97,,,,,2025-01-23,2025-01-30,,star_asia_2025_W05_Market-report-Week-5.pdf,23.01.2025,,EU_DDMMYYYY,30.01.2025,,EU_DDMMYYYY,,,,
2025-01-31,5,Beaching / Arrival,ZENITH,CONTAINER,3826.0,,,,,2025-01-25,2025-01-29,,star_asia_2025_W05_Market-report-Week-5.pdf,25.01.2025,,EU_DDMMYYYY,29.01.2025,,EU_DDMMYYYY,,,,
2025-01-31,5,Beaching / Arrival,JIN HAI FU,BULKER,10607.0,,,,,2025-01-16,2025-01-29,,star_asia_2025_W05_Market-report-Week-5.pdf,16.01.2025,,EU_DDMMYYYY,29.01.2025,,EU_DDMMYYYY,,,,
2025-01-31,5,Beaching / Arrival,GOU YUAN 9,BULKER,9205.0,,,,,2025-01-22,,,star_asia_2025_W05_Market-report-Week-5.pdf,22.01.2025,,EU_DDMMYYYY,AWAITING,AWAITING,STATUS,,,,
2025-01-31,5,Beaching / Arrival,MIRAI,GEN CARGO,1482.0,,,,,2025-01-17,2025-01-24,,star_asia_2025_W05_Market-report-Week-5.pdf,17.01.2025,,EU_DDMMYYYY,24.01.2025,,EU_DDMMYYYY,,,,
2025-01-31,5,Beaching / Arrival,JIN HAI FU,BULKER,10607.0,,,,,2025-01-16,,,star_asia_2025_W05_Market-report-Week-5.pdf,16.01.2025,,EU_DDMMYYYY,AWAITING,AWAITING,STATUS,,,,
2025-01-31,5,Beaching / Arrival,ARK PROGRESS,CHEM TANKER,2635.0,,,,,2025-01-08,2025-01-16,,star_asia_2025_W05_Market-report-Week-5.pdf,08.01.2025,,EU_DDMMYYYY,16.01.2025,,EU_DDMMYYYY,,,,
2025-01-31,5,Beaching / Arrival,LAR,LNG,28742.0,,,,,2025-01-11,2025-01-15,,star_asia_2025_W05_Market-report-Week-5.pdf,11.01.2025,,EU_DDMMYYYY,15.01.2025,,EU_DDMMYYYY,,,,
2025-01-31,5,Beaching / Arrival,NEW SMILE,TANKER,1969.0,,,,,2024-12-26,2025-01-04,,star_asia_2025_W05_Market-report-Week-5.pdf,26.12.2024,,EU_DDMMYYYY,04.01.2025,,EU_DDMMYYYY,,,,
2025-01-31,5,Beaching / Arrival,JIM,BULKER,14894.0,,,,,2025-01-10,2025-01-16,,star_asia_2025_W05_Market-report-Week-5.pdf,10.01.2025,,EU_DDMMYYYY,16.01.2025,,EU_DDMMYYYY,,,,
2025-01-31,5,Beaching / Arrival,ULSAN GAS,LPG,1814.0,,,,,2025-01-08,2025-01-12,,star_asia_2025_W05_Market-report-Week-5.pdf,08.01.2025,,EU_DDMMYYYY,12.01.2025,,EU_DDMMYYYY,,,,
2025-02-07,6,Reported Sale,MILLENNIUM LEADER,GEN. CARGO /RORO,4493.0,420.0,,1996,JAPAN,,,AS IS SINGAPORE FOR HKC GREEN RECYCLING,star_asia_2025_W06_Market-report-Week-6.pdf,,,,,,,,,,
2025-02-07,6,Reported Sale,ALEK,GEN. CARGO,3090.0,,"Chattogram, Bangladesh",1988,USSR,,,DELIVERED CHATTOGRAM,star_asia_2025_W06_Market-report-Week-6.pdf,,,,,,,,,,
2025-02-07,6,Reported Sale,ZENITH,CONTAINER,3826.0,,"Chattogram, Bangladesh",1995,S. KOREA,,,DELIVERED CHATTOGRAM,star_asia_2025_W06_Market-report-Week-6.pdf,,,,,,,,,,
2025-02-07,6,Reported Sale,TALENT BLU,BULKER,3588.0,464.5,"Alang, India",2008,CHINA,,,DELIVERED ALANG (WITH 140T FO & 15T MGO ROB),star_asia_2025_W06_Market-report-Week-6.pdf,,,,,,,,,,
2025-02-07,6,Beaching / Arrival,YEONG,LNG CARRIER,28809.0,,"Chattogram, Bangladesh",,,2025-02-07,,,star_asia_2025_W06_Market-report-Week-6.pdf,07.02.2025,,EU_DDMMYYYY,AWAITING,AWAITING,STATUS,,,,
2025-02-07,6,Beaching / Arrival,RDS 1,TUG,182.0,,"Chattogram, Bangladesh",,,2025-02-03,,,star_asia_2025_W06_Market-report-Week-6.pdf,03.02.2025,,EU_DDMMYYYY,AWAITING,AWAITING,STATUS,,,,
2025-02-07,6,Beaching / Arrival,GRIF,TUG,1305.0,,"Chattogram, Bangladesh",,,2025-02-03,,,star_asia_2025_W06_Market-report-Week-6.pdf,03.02.2025,,EU_DDMMYYYY,06.02.205,,UNPARSED,,,,
2025-02-07,6,Beaching / Arrival,ATHINA 3,TANKER,9969.0,,"Chattogram, Bangladesh",,,2025-02-01,2025-02-06,,star_asia_2025_W06_Market-report-Week-6.pdf,01.02.2025,,EU_DDMMYYYY,06.02.2025,,EU_DDMMYYYY,,,,
2025-02-07,6,Beaching / Arrival,CEANO,RIG,23277.0,,"Chattogram, Bangladesh",,,2025-02-02,2025-02-04,,star_asia_2025_W06_Market-report-Week-6.pdf,02.02.2025,,EU_DDMMYYYY,04.02.2025,,EU_DDMMYYYY,,,,
2025-02-07,6,Beaching / Arrival,NOLAN,TANKER,21861.0,,"Chattogram, Bangladesh",,,2025-01-25,2025-02-01,,star_asia_2025_W06_Market-report-Week-6.pdf,25.01.2025,,EU_DDMMYYYY,01.02.2025,,EU_DDMMYYYY,,,,
2025-02-07,6,Beaching / Arrival,RIALTO,TANKER,9696.0,,"Chattogram, Bangladesh",,,2025-01-16,2025-02-02,,star_asia_2025_W06_Market-report-Week-6.pdf,16.01.2025,,EU_DDMMYYYY,02.02.2025,,EU_DDMMYYYY,,,,
2025-02-07,6,Beaching / Arrival,EAST PIONEER,BULKER,10890.0,,,,,2025-02-04,,,star_asia_2025_W06_Market-report-Week-6.pdf,04.02.2025,,EU_DDMMYYYY,AWAITING,AWAITING,STATUS,,,,
2025-02-07,6,Beaching / Arrival,GOLDEN O,BULKER,10664.0,,,,,2025-02-04,,,star_asia_2025_W06_Market-report-Week-6.pdf,04.02.2025,,EU_DDMMYYYY,AWAITING,AWAITING,STATUS,,,,
2025-02-07,6,Beaching / Arrival,OCEAN PEACE,BULKER,10847.0,,,,,2025-01-29,,,star_asia_2025_W06_Market-report-Week-6.pdf,29.01.2025,,EU_DDMMYYYY,AWAITING,AWAITING,STATUS,,,,
2025-02-07,6,Beaching / Arrival,THREE STAR,BULKER,7627.0,,,,,2025-01-23,,,star_asia_2025_W06_Market-report-Week-6.pdf,23.01.2025,,EU_DDMMYYYY,AWAITING,AWAITING,STATUS,,,,
2025-02-07,6,Beaching / Arrival,ALEK,GEN CARGO,3120.0,,,,,2025-01-28,2025-02-05,,star_asia_2025_W06_Market-report-Week-6.pdf,28.01.2025,,EU_DDMMYYYY,05.02.2025,,EU_DDMMYYYY,,,,
2025-02-07,6,Beaching / Arrival,LEAN,LNG,29180.0,,,,,2025-01-27,2025-02-05,,star_asia_2025_W06_Market-report-Week-6.pdf,27.01.2025,,EU_DDMMYYYY,05.02.2025,,EU_DDMMYYYY,,,,
2025-02-07,6,Beaching / Arrival,GOU YUAN 9,BULKER,9205.0,,,,,2025-01-22,2025-02-02,,star_asia_2025_W06_Market-report-Week-6.pdf,22.01.2025,,EU_DDMMYYYY,02.02.2025,,EU_DDMMYYYY,,,,
2025-02-14,7,Reported Sale,MINOAN FLAME,BULKER,9798.0,470.0,"Chattogram, Bangladesh",1998,JAPAN,,,DELIVERED CHATTOGRAM,star_asia_2025_W07_Market-report-Week-7.pdf,,,,,,,,,,
2025-02-14,7,Reported Sale,SIDIMI,GEN.CARGO,2956.0,,"Chattogram, Bangladesh",1987,BELGIUM,,,DELIVERED CHATTOGRAM,star_asia_2025_W07_Market-report-Week-7.pdf,,,,,,,,,,
2025-02-14,7,Reported Sale,SA EQUATORIAL,VLCC,42649.0,,,1997,S. KOREA,,,AS IS TANJUNG PELEPAS,star_asia_2025_W07_Market-report-Week-7.pdf,,,,,,,,,,
2025-02-14,7,Reported Sale,RUN FU 7,BULKER,7236.0,445.0,"Chattogram, Bangladesh",1990,JAPAN,,,DELIVERED CHATTOGRAM,star_asia_2025_W07_Market-report-Week-7.pdf,,,,,,,,,,
2025-02-14,7,Reported Sale,BEST UNITY,BULKER,9826.0,443.0,"Chattogram, Bangladesh",1997,JAPAN,,,DELIVERED CHATTOGRAM,star_asia_2025_W07_Market-report-Week-7.pdf,,,,,,,,,,
2025-02-14,7,Beaching / Arrival,JABAL ALI 7,RORO,7129.0,,"Chattogram, Bangladesh",,,2025-02-14,,,star_asia_2025_W07_Market-report-Week-7.pdf,14.02.2025,,EU_DDMMYYYY,AWAITING,AWAITING,STATUS,,,,
2025-02-14,7,Beaching / Arrival,REM,LNG,29017.0,,"Chattogram, Bangladesh",,,2025-02-11,2025-02-14,,star_asia_2025_W07_Market-report-Week-7.pdf,11.02.2025,,EU_DDMMYYYY,14.02.2025,,EU_DDMMYYYY,,,,
2025-02-14,7,Beaching / Arrival,TAI FU NO.3,REEFER,2596.0,,"Chattogram, Bangladesh",,,2025-02-09,2025-02-14,,star_asia_2025_W07_Market-report-Week-7.pdf,09.02.2025,,EU_DDMMYYYY,14.02.2025,,EU_DDMMYYYY,,,,
2025-02-14,7,Beaching / Arrival,YEONG,LNG CARRIER,28809.0,,"Chattogram, Bangladesh",,,2025-02-07,2025-02-13,,star_asia_2025_W07_Market-report-Week-7.pdf,07.02.2025,,EU_DDMMYYYY,13.02.2025,,EU_DDMMYYYY,,,,
2025-02-14,7,Beaching / Arrival,GRIF,TUG,1305.0,,"Chattogram, Bangladesh",,,2025-02-03,,,star_asia_2025_W07_Market-report-Week-7.pdf,03.02.2025,,EU_DDMMYYYY,06.02.205,,UNPARSED,,,,
2025-02-14,7,Beaching / Arrival,ATHINA 3,TANKER,9969.0,,"Chattogram, Bangladesh",,,2025-02-01,2025-02-06,,star_asia_2025_W07_Market-report-Week-7.pdf,01.02.2025,,EU_DDMMYYYY,06.02.2025,,EU_DDMMYYYY,,,,
2025-02-14,7,Beaching / Arrival,CEANO,RIG,23277.0,,"Chattogram, Bangladesh",,,2025-02-02,2025-02-04,,star_asia_2025_W07_Market-report-Week-7.pdf,02.02.2025,,EU_DDMMYYYY,04.02.2025,,EU_DDMMYYYY,,,,
2025-02-14,7,Beaching / Arrival,NOLAN,TANKER,21861.0,,"Chattogram, Bangladesh",,,2025-01-25,2025-02-01,,star_asia_2025_W07_Market-report-Week-7.pdf,25.01.2025,,EU_DDMMYYYY,01.02.2025,,EU_DDMMYYYY,,,,
2025-02-14,7,Beaching / Arrival,RIALTO,TANKER,9696.0,,"Chattogram, Bangladesh",,,2025-01-16,2025-02-02,,star_asia_2025_W07_Market-report-Week-7.pdf,16.01.2025,,EU_DDMMYYYY,02.02.2025,,EU_DDMMYYYY,,,,
2025-02-14,7,Beaching / Arrival,EVER FENG,TANKER,1744.0,,"Chattogram, Bangladesh",,,2025-02-12,,,star_asia_2025_W07_Market-report-Week-7.pdf,12.02.2025,,EU_DDMMYYYY,AWAITING,AWAITING,STATUS,,,,
2025-02-14,7,Beaching / Arrival,EAST PIONEER,BULKER,10890.0,,"Chattogram, Bangladesh",,,2025-02-04,,,star_asia_2025_W07_Market-report-Week-7.pdf,04.02.2025,,EU_DDMMYYYY,AWAITING,AWAITING,STATUS,,,,
2025-02-14,7,Beaching / Arrival,GOLDEN O,BULKER,10664.0,,"Chattogram, Bangladesh",,,2025-02-04,,,star_asia_2025_W07_Market-report-Week-7.pdf,04.02.2025,,EU_DDMMYYYY,AWAITING,AWAITING,STATUS,,,,
2025-02-14,7,Beaching / Arrival,THREE STAR,BULKER,7627.0,,"Chattogram, Bangladesh",,,2025-01-23,,,star_asia_2025_W07_Market-report-Week-7.pdf,23.01.2025,,EU_DDMMYYYY,AWAITING,AWAITING,STATUS,,,,
2025-02-14,7,Beaching / Arrival,OCEAN PEACE,BULKER,10847.0,,"Chattogram, Bangladesh",,,2025-01-29,2025-02-13,,star_asia_2025_W07_Market-report-Week-7.pdf,29.01.2025,,EU_DDMMYYYY,13.02.2025,,EU_DDMMYYYY,,,,
2025-02-14,7,Beaching / Arrival,ALEK,GEN CARGO,3120.0,,"Chattogram, Bangladesh",,,2025-01-28,2025-02-05,,star_asia_2025_W07_Market-report-Week-7.pdf,28.01.2025,,EU_DDMMYYYY,05.02.2025,,EU_DDMMYYYY,,,,
2025-02-14,7,Beaching / Arrival,LEAN,LNG,29180.0,,"Chattogram, Bangladesh",,,2025-01-27,2025-02-05,,star_asia_2025_W07_Market-report-Week-7.pdf,27.01.2025,,EU_DDMMYYYY,05.02.2025,,EU_DDMMYYYY,,,,
2025-02-14,7,Beaching / Arrival,GOU YUAN 9,BULKER,9205.0,,"Chattogram, Bangladesh",,,2025-01-22,2025-02-02,,star_asia_2025_W07_Market-report-Week-7.pdf,22.01.2025,,EU_DDMMYYYY,02.02.2025,,EU_DDMMYYYY,,,,
2025-02-21,8,Reported Sale,BLUEFIN,TANKER,12997.0,,"Alang, India",2001,JAPAN,,,DELIVERED ALANG,star_asia_2025_W08_Market-report-Week-8.pdf,,,,,,,,,,
2025-02-21,8,Reported Sale,JABAL ALI 7,GC,7129.0,,"Alang, India",1986,USSR,,,DELIVERED ALANG,star_asia_2025_W08_Market-report-Week-8.pdf,,,,,,,,,,
2025-02-21,8,Reported Sale,EPONYMA,GC,2689.0,,,1993,JAPAN,,,AS IS SINGAPORE,star_asia_2025_W08_Market-report-Week-8.pdf,,,,,,,,,,
2025-02-21,8,Beaching / Arrival,TALENT BLUE,BULKER,3589.0,,"Chattogram, Bangladesh",,,2025-02-21,,,star_asia_2025_W08_Market-report-Week-8.pdf,21.02.2025,,EU_DDMMYYYY,AWAITING,AWAITING,STATUS,,,,
2025-02-21,8,Beaching / Arrival,JABAL ALI 7,RORO,7129.0,,"Chattogram, Bangladesh",,,2025-02-14,2025-02-18,,star_asia_2025_W08_Market-report-Week-8.pdf,14.02.2025,,EU_DDMMYYYY,18.02.2025,,EU_DDMMYYYY,,,,
2025-02-21,8,Beaching / Arrival,REM,LNG,29017.0,,"Chattogram, Bangladesh",,,2025-02-11,2025-02-14,,star_asia_2025_W08_Market-report-Week-8.pdf,11.02.2025,,EU_DDMMYYYY,14.02.2025,,EU_DDMMYYYY,,,,
2025-02-21,8,Beaching / Arrival,TAI FU NO.3,REEFER,2596.0,,"Chattogram, Bangladesh",,,2025-02-09,2025-02-14,,star_asia_2025_W08_Market-report-Week-8.pdf,09.02.2025,,EU_DDMMYYYY,14.02.2025,,EU_DDMMYYYY,,,,
2025-02-21,8,Beaching / Arrival,YEONG,LNG CARRIER,28809.0,,"Chattogram, Bangladesh",,,2025-02-07,2025-02-13,,star_asia_2025_W08_Market-report-Week-8.pdf,07.02.2025,,EU_DDMMYYYY,13.02.2025,,EU_DDMMYYYY,,,,
2025-02-21,8,Beaching / Arrival,GRIF,TUG,1305.0,,"Chattogram, Bangladesh",,,2025-02-03,,,star_asia_2025_W08_Market-report-Week-8.pdf,03.02.2025,,EU_DDMMYYYY,06.02.205,,UNPARSED,,,,
2025-02-21,8,Beaching / Arrival,ATHINA 3,TANKER,9969.0,,"Chattogram, Bangladesh",,,2025-02-01,2025-02-06,,star_asia_2025_W08_Market-report-Week-8.pdf,01.02.2025,,EU_DDMMYYYY,06.02.2025,,EU_DDMMYYYY,,,,
2025-02-21,8,Beaching / Arrival,CEANO,RIG,23277.0,,"Chattogram, Bangladesh",,,2025-02-02,2025-02-04,,star_asia_2025_W08_Market-report-Week-8.pdf,02.02.2025,,EU_DDMMYYYY,04.02.2025,,EU_DDMMYYYY,,,,
2025-02-21,8,Beaching / Arrival,NOLAN,TANKER,21861.0,,"Chattogram, Bangladesh",,,2025-01-25,2025-02-01,,star_asia_2025_W08_Market-report-Week-8.pdf,25.01.2025,,EU_DDMMYYYY,01.02.2025,,EU_DDMMYYYY,,,,
2025-02-21,8,Beaching / Arrival,RIALTO,TANKER,9696.0,,"Chattogram, Bangladesh",,,2025-01-16,2025-02-02,,star_asia_2025_W08_Market-report-Week-8.pdf,16.01.2025,,EU_DDMMYYYY,02.02.2025,,EU_DDMMYYYY,,,,
2025-02-21,8,Beaching / Arrival,WANG,BULKER,9614.0,,"Aliaga, Turkey",,,2025-02-20,,,star_asia_2025_W08_Market-report-Week-8.pdf,20.02.2025,,EU_DDMMYYYY,AWAITING,AWAITING,STATUS,,,,
2025-02-21,8,Beaching / Arrival,LAKATAMIA,TANKER,10081.0,,"Aliaga, Turkey",,,2025-02-15,,,star_asia_2025_W08_Market-report-Week-8.pdf,15.02.2025,,EU_DDMMYYYY,AWAITING,AWAITING,STATUS,,,,
2025-02-21,8,Beaching / Arrival,GENERALIS,GENERAL CARGO,3311.0,,"Aliaga, Turkey",,,2025-02-14,,,star_asia_2025_W08_Market-report-Week-8.pdf,14.02.2025,,EU_DDMMYYYY,AWAITING,AWAITING,STATUS,,,,
2025-02-21,8,Beaching / Arrival,EAST PIONEER,BULKER,10890.0,,"Aliaga, Turkey",,,2025-02-04,,,star_asia_2025_W08_Market-report-Week-8.pdf,04.02.2025,,EU_DDMMYYYY,AWAITING,AWAITING,STATUS,,,,
2025-02-21,8,Beaching / Arrival,THREE STAR,BULKER,7627.0,,"Aliaga, Turkey",,,2025-01-23,,,star_asia_2025_W08_Market-report-Week-8.pdf,23.01.2025,,EU_DDMMYYYY,AWAITING,AWAITING,STATUS,,,,
2025-02-21,8,Beaching / Arrival,RONG YUAN,BULKER,9165.0,,"Aliaga, Turkey",,,2025-02-15,2025-02-18,,star_asia_2025_W08_Market-report-Week-8.pdf,15.02.2025,,EU_DDMMYYYY,18.02.2025,,EU_DDMMYYYY,,,,
2025-02-21,8,Beaching / Arrival,EVER FENG,TANKER,1744.0,,"Aliaga, Turkey",,,2025-02-12,2025-02-18,,star_asia_2025_W08_Market-report-Week-8.pdf,12.02.2025,,EU_DDMMYYYY,18.02.2025,,EU_DDMMYYYY,,,,
2025-02-21,8,Beaching / Arrival,GOLDEN O,BULKER,10664.0,,"Aliaga, Turkey",,,2025-02-04,2025-02-14,,star_asia_2025_W08_Market-report-Week-8.pdf,04.02.2025,,EU_DDMMYYYY,14.02.2025,,EU_DDMMYYYY,,,,
2025-02-21,8,Beaching / Arrival,OCEAN PEACE,BULKER,10847.0,,"Aliaga, Turkey",,,2025-01-29,2025-02-13,,star_asia_2025_W08_Market-report-Week-8.pdf,29.01.2025,,EU_DDMMYYYY,13.02.2025,,EU_DDMMYYYY,,,,
2025-02-21,8,Beaching / Arrival,ALEK,GEN CARGO,3120.0,,"Aliaga, Turkey",,,2025-01-28,2025-02-05,,star_asia_2025_W08_Market-report-Week-8.pdf,28.01.2025,,EU_DDMMYYYY,05.02.2025,,EU_DDMMYYYY,,,,
2025-02-21,8,Beaching / Arrival,LEAN,LNG,29180.0,,"Aliaga, Turkey",,,2025-01-27,2025-02-05,,star_asia_2025_W08_Market-report-Week-8.pdf,27.01.2025,,EU_DDMMYYYY,05.02.2025,,EU_DDMMYYYY,,,,
2025-02-21,8,Beaching / Arrival,GOU YUAN 9,BULKER,9205.0,,"Aliaga, Turkey",,,2025-01-22,2025-02-02,,star_asia_2025_W08_Market-report-Week-8.pdf,22.01.2025,,EU_DDMMYYYY,02.02.2025,,EU_DDMMYYYY,,,,
2025-02-28,9,Beaching / Arrival,AK HAMBURK,GENERAL CARGO,2616.0,,"Chattogram, Bangladesh",,,2025-02-28,,,star_asia_2025_W09_Market-report-Week-9.pdf,28.02.2025,,EU_DDMMYYYY,AWAITING,AWAITING,STATUS,,,,
2025-02-28,9,Beaching / Arrival,ATHINA I,TANKER,14883.0,,"Chattogram, Bangladesh",,,2025-02-28,,,star_asia_2025_W09_Market-report-Week-9.pdf,28.02.2025,,EU_DDMMYYYY,AWAITING,AWAITING,STATUS,,,,
2025-02-28,9,Beaching / Arrival,IRIS OF SEA,RORO,2783.0,,"Chattogram, Bangladesh",,,2025-02-26,,,star_asia_2025_W09_Market-report-Week-9.pdf,26.02.2025,,EU_DDMMYYYY,AWAITING,AWAITING,STATUS,,,,
2025-02-28,9,Beaching / Arrival,TALENT BLUE,BULKER,3589.0,,"Chattogram, Bangladesh",,,2025-02-21,,,star_asia_2025_W09_Market-report-Week-9.pdf,21.02.2025,,EU_DDMMYYYY,AWAITING,AWAITING,STATUS,,,,
2025-02-28,9,Beaching / Arrival,BLUEFINS,TANKER,12997.0,,"Chattogram, Bangladesh",,,2025-02-22,2025-02-26,,star_asia_2025_W09_Market-report-Week-9.pdf,22.02.2025,,EU_DDMMYYYY,26.02.2025,,EU_DDMMYYYY,,,,
2025-02-28,9,Beaching / Arrival,JABAL ALI 7,RORO,7129.0,,"Chattogram, Bangladesh",,,2025-02-14,2025-02-18,,star_asia_2025_W09_Market-report-Week-9.pdf,14.02.2025,,EU_DDMMYYYY,18.02.2025,,EU_DDMMYYYY,,,,
2025-02-28,9,Beaching / Arrival,REM,LNG,29017.0,,"Chattogram, Bangladesh",,,2025-02-11,2025-02-14,,star_asia_2025_W09_Market-report-Week-9.pdf,11.02.2025,,EU_DDMMYYYY,14.02.2025,,EU_DDMMYYYY,,,,
2025-02-28,9,Beaching / Arrival,TAI FU NO.3,REEFER,2596.0,,"Chattogram, Bangladesh",,,2025-02-09,2025-02-14,,star_asia_2025_W09_Market-report-Week-9.pdf,09.02.2025,,EU_DDMMYYYY,14.02.2025,,EU_DDMMYYYY,,,,
2025-02-28,9,Beaching / Arrival,YEONG,LNG CARRIER,28809.0,,"Chattogram, Bangladesh",,,2025-02-07,2025-02-13,,star_asia_2025_W09_Market-report-Week-9.pdf,07.02.2025,,EU_DDMMYYYY,13.02.2025,,EU_DDMMYYYY,,,,
2025-02-28,9,Beaching / Arrival,GRIF,TUG,1305.0,,"Chattogram, Bangladesh",,,2025-02-03,,,star_asia_2025_W09_Market-report-Week-9.pdf,03.02.2025,,EU_DDMMYYYY,06.02.205,,UNPARSED,,,,
2025-02-28,9,Beaching / Arrival,ATHINA 3,TANKER,9969.0,,"Chattogram, Bangladesh",,,2025-02-01,2025-02-06,,star_asia_2025_W09_Market-report-Week-9.pdf,01.02.2025,,EU_DDMMYYYY,06.02.2025,,EU_DDMMYYYY,,,,
2025-02-28,9,Beaching / Arrival,CEANO,RIG,23277.0,,"Chattogram, Bangladesh",,,2025-02-02,2025-02-04,,star_asia_2025_W09_Market-report-Week-9.pdf,02.02.2025,,EU_DDMMYYYY,04.02.2025,,EU_DDMMYYYY,,,,
2025-02-28,9,Beaching / Arrival,NOLAN,TANKER,21861.0,,"Chattogram, Bangladesh",,,2025-01-25,2025-02-01,,star_asia_2025_W09_Market-report-Week-9.pdf,25.01.2025,,EU_DDMMYYYY,01.02.2025,,EU_DDMMYYYY,,,,
2025-02-28,9,Beaching / Arrival,RIALTO,TANKER,9696.0,,"Chattogram, Bangladesh",,,2025-01-16,2025-02-02,,star_asia_2025_W09_Market-report-Week-9.pdf,16.01.2025,,EU_DDMMYYYY,02.02.2025,,EU_DDMMYYYY,,,,
2025-02-28,9,Beaching / Arrival,WINNIE,BULKER,21216.0,,,,,2025-02-26,,,star_asia_2025_W09_Market-report-Week-9.pdf,26.02.2025,,EU_DDMMYYYY,AWAITING,AWAITING,STATUS,,,,
2025-02-28,9,Beaching / Arrival,MILLENNIUM LEADER,GEN CARGO,4493.0,,,,,2025-02-24,,,star_asia_2025_W09_Market-report-Week-9.pdf,24.02.2025,,EU_DDMMYYYY,AWAITING,AWAITING,STATUS,,,,
2025-02-28,9,Beaching / Arrival,WANG,BULKER,9614.0,,,,,2025-02-20,,,star_asia_2025_W09_Market-report-Week-9.pdf,20.02.2025,,EU_DDMMYYYY,AWAITING,AWAITING,STATUS,,,,
2025-02-28,9,Beaching / Arrival,PIA,LNG,30456.0,,,,,2025-02-22,,,star_asia_2025_W09_Market-report-Week-9.pdf,22.02.2025,,EU_DDMMYYYY,AWAITING,AWAITING,STATUS,,,,
2025-02-28,9,Beaching / Arrival,GENERALIS,GENERAL CARGO,3311.0,,,,,2025-02-14,,,star_asia_2025_W09_Market-report-Week-9.pdf,14.02.2025,,EU_DDMMYYYY,AWAITING,AWAITING,STATUS,,,,
2025-02-28,9,Beaching / Arrival,EAST PIONEER,BULKER,10890.0,,,,,2025-02-04,,,star_asia_2025_W09_Market-report-Week-9.pdf,04.02.2025,,EU_DDMMYYYY,AWAITING,AWAITING,STATUS,,,,
2025-02-28,9,Beaching / Arrival,THREE STAR,BULKER,7627.0,,,,,2025-01-23,,,star_asia_2025_W09_Market-report-Week-9.pdf,23.01.2025,,EU_DDMMYYYY,AWAITING,AWAITING,STATUS,,,,
2025-02-28,9,Beaching / Arrival,LAKATAMIA,TANKER,10081.0,,,,,2025-02-15,2025-02-27,,star_asia_2025_W09_Market-report-Week-9.pdf,15.02.2025,,EU_DDMMYYYY,27.02.2025,,EU_DDMMYYYY,,,,
2025-02-28,9,Beaching / Arrival,RONG YUAN,BULKER,9165.0,,,,,2025-02-15,2025-02-18,,star_asia_2025_W09_Market-report-Week-9.pdf,15.02.2025,,EU_DDMMYYYY,18.02.2025,,EU_DDMMYYYY,,,,
2025-02-28,9,Beaching / Arrival,EVER FENG,TANKER,1744.0,,,,,2025-02-12,2025-02-18,,star_asia_2025_W09_Market-report-Week-9.pdf,12.02.2025,,EU_DDMMYYYY,18.02.2025,,EU_DDMMYYYY,,,,
2025-02-28,9,Beaching / Arrival,GOLDEN O,BULKER,10664.0,,,,,2025-02-04,2025-02-14,,star_asia_2025_W09_Market-report-Week-9.pdf,04.02.2025,,EU_DDMMYYYY,14.02.2025,,EU_DDMMYYYY,,,,
2025-02-28,9,Beaching / Arrival,OCEAN PEACE,BULKER,10847.0,,,,,2025-01-29,2025-02-13,,star_asia_2025_W09_Market-report-Week-9.pdf,29.01.2025,,EU_DDMMYYYY,13.02.2025,,EU_DDMMYYYY,,,,
2025-02-28,9,Beaching / Arrival,ALEK,GEN CARGO,3120.0,,,,,2025-01-28,2025-02-05,,star_asia_2025_W09_Market-report-Week-9.pdf,28.01.2025,,EU_DDMMYYYY,05.02.2025,,EU_DDMMYYYY,,,,
2025-02-28,9,Beaching / Arrival,LEAN,LNG,29180.0,,,,,2025-01-27,2025-02-05,,star_asia_2025_W09_Market-report-Week-9.pdf,27.01.2025,,EU_DDMMYYYY,05.02.2025,,EU_DDMMYYYY,,,,
2025-02-28,9,Beaching / Arrival,GOU YUAN 9,BULKER,9205.0,,,,,2025-01-22,2025-02-02,,star_asia_2025_W09_Market-report-Week-9.pdf,22.01.2025,,EU_DDMMYYYY,02.02.2025,,EU_DDMMYYYY,,,,
2025-03-07,10,Reported Sale,WINNIE,BULKER,21216.0,,"Chattogram, Bangladesh",2000,JAPAN,,,DELIVERED CHATTOGRAM,star_asia_2025_W10_Market-report-Week-10.pdf,,,,,,,,,,
2025-03-07,10,Reported Sale,KALINA,RORO,5154.0,,"Alang, India",1987,SPAIN,,,DELIVERED ALANG,star_asia_2025_W10_Market-report-Week-10.pdf,,,,,,,,,,
2025-03-07,10,Reported Sale,IRISOF SEA,RORO,2873.0,,"Alang, India",1992,S.KOREA,,,DELIVERED ALANG,star_asia_2025_W10_Market-report-Week-10.pdf,,,,,,,,,,
2025-03-07,10,Reported Sale,SEA WISE,BULKER,5533.0,,"Chattogram, Bangladesh",1995,JAPAN,,,DELIVERED CHATTOGRAM,star_asia_2025_W10_Market-report-Week-10.pdf,,,,,,,,,,
2025-03-07,10,Reported Sale,SOCOL 9,GC,3672.0,,"Chattogram, Bangladesh",1989,JAPAN,,,DELIVERED CHATTOGRAM,star_asia_2025_W10_Market-report-Week-10.pdf,,,,,,,,,,
2025-03-07,10,Reported Sale,SOCOL 10,GC,3681.0,,"Chattogram, Bangladesh",1988,JAPAN,,,DELIVERED CHATTOGRAM,star_asia_2025_W10_Market-report-Week-10.pdf,,,,,,,,,,
2025-03-07,10,Beaching / Arrival,AK HAMBURG,GENERAL CARGO,2616.0,,"Chattogram, Bangladesh",,,2025-02-28,,,star_asia_2025_W10_Market-report-Week-10.pdf,28.02.2025,,EU_DDMMYYYY,AWAITING,AWAITING,STATUS,,,,
2025-03-07,10,Beaching / Arrival,ATHINA I,TANKER,14883.0,,"Chattogram, Bangladesh",,,2025-02-28,,,star_asia_2025_W10_Market-report-Week-10.pdf,28.02.2025,,EU_DDMMYYYY,AWAITING,AWAITING,STATUS,,,,
2025-03-07,10,Beaching / Arrival,IRIS OF SEA,RORO,2783.0,,"Chattogram, Bangladesh",,,2025-02-26,,,star_asia_2025_W10_Market-report-Week-10.pdf,26.02.2025,,EU_DDMMYYYY,AWAITING,AWAITING,STATUS,,,,
2025-03-07,10,Beaching / Arrival,TALENT BLUE,BULKER,3589.0,,"Chattogram, Bangladesh",,,2025-02-21,2025-03-01,,star_asia_2025_W10_Market-report-Week-10.pdf,21.02.2025,,EU_DDMMYYYY,01.03.2025,,EU_DDMMYYYY,,,,
2025-03-07,10,Beaching / Arrival,GENERALIS,GENERAL CARGO,3311.0,,"Chattogram, Bangladesh",,,2025-02-14,,,star_asia_2025_W10_Market-report-Week-10.pdf,14.02.2025,,EU_DDMMYYYY,AWAITING,AWAITING,STATUS,,,,
2025-03-07,10,Beaching / Arrival,THREE STAR,BULKER,7627.0,,"Chattogram, Bangladesh",,,2025-01-23,,,star_asia_2025_W10_Market-report-Week-10.pdf,23.01.2025,,EU_DDMMYYYY,AWAITING,AWAITING,STATUS,,,,
2025-03-14,11,Reported Sale,TRADER III,LNG,29101.0,496.0,"Chattogram, Bangladesh",2002,JAPAN,,,DELIVERED CHATTOGRAM,star_asia_2025_W11_Market-report-Week-11.pdf,,,,,,,,,,
2025-03-14,11,Reported Sale,RUN FU 6,BULKER,6297.0,435.0,,1995,JAPAN,,,DELIVERED SUB-CONTINENT,star_asia_2025_W11_Market-report-Week-11.pdf,,,,,,,,,,
2025-03-14,11,Reported Sale,SEAWORLD MARINE,RORO,5541.0,396.0,,1997,JAPAN,,,"AS IS MOKPO,SOUTH KOREA",star_asia_2025_W11_Market-report-Week-11.pdf,,,,,,,,,,
2025-03-14,11,Reported Sale,HESEN M,GENERAL CARGO,2240.0,,"Alang, India",1986,TURKEY,,,DELIVERED ALANG,star_asia_2025_W11_Market-report-Week-11.pdf,,,,,,,,,,
2025-03-14,11,Reported Sale,SUNNY LINDEN,CONTAINER,2216.0,,,1995,S.KOREA,,,AS IS SOUTH KOREA,star_asia_2025_W11_Market-report-Week-11.pdf,,,,,,,,,,
2025-03-14,11,Beaching / Arrival,HESEN M,GENERAL CARGO,2240.0,,"Chattogram, Bangladesh",,,2025-03-08,,,star_asia_2025_W11_Market-report-Week-11.pdf,08.03.2025,,EU_DDMMYYYY,AWAITING,AWAITING,STATUS,,,,
2025-03-14,11,Beaching / Arrival,AK HAMBURG,GENERAL CARGO,2616.0,,"Chattogram, Bangladesh",,,2025-02-28,2025-03-11,,star_asia_2025_W11_Market-report-Week-11.pdf,28.02.2025,,EU_DDMMYYYY,11.03.2025,,EU_DDMMYYYY,,,,
2025-03-14,11,Beaching / Arrival,KALINA,GENERAL CARGO,5150.0,,"Chattogram, Bangladesh",,,2025-03-02,2025-03-06,,star_asia_2025_W11_Market-report-Week-11.pdf,02.03.2025,,EU_DDMMYYYY,06.03.2025,,EU_DDMMYYYY,,,,
2025-03-14,11,Beaching / Arrival,ELAN,TANKER,13394.0,,"Chattogram, Bangladesh",,,2025-03-02,2025-03-05,,star_asia_2025_W11_Market-report-Week-11.pdf,02.03.2025,,EU_DDMMYYYY,05.03.2025,,EU_DDMMYYYY,,,,
2025-03-14,11,Beaching / Arrival,ATHINA I,TANKER,14883.0,,"Chattogram, Bangladesh",,,2025-02-28,2025-03-04,,star_asia_2025_W11_Market-report-Week-11.pdf,28.02.2025,,EU_DDMMYYYY,04.03.2025,,EU_DDMMYYYY,,,,
2025-03-14,11,Beaching / Arrival,IRIS OF SEA,RORO,2783.0,,"Chattogram, Bangladesh",,,2025-02-26,2025-03-03,,star_asia_2025_W11_Market-report-Week-11.pdf,26.02.2025,,EU_DDMMYYYY,03.03.2025,,EU_DDMMYYYY,,,,
2025-03-14,11,Beaching / Arrival,TALENT BLUE,BULKER,3589.0,,"Chattogram, Bangladesh",,,2025-02-21,2025-03-01,,star_asia_2025_W11_Market-report-Week-11.pdf,21.02.2025,,EU_DDMMYYYY,01.03.2025,,EU_DDMMYYYY,,,,
2025-03-14,11,Beaching / Arrival,SUNGHO,GENERAL CARO,2345.0,,,,,2024-03-13,,,star_asia_2025_W11_Market-report-Week-11.pdf,13.03.2024,,EU_DDMMYYYY,AWAITING,AWAITING,STATUS,,,,
2025-03-14,11,Beaching / Arrival,BEST UNITY,BULKER,9826.0,,,,,2024-03-13,,,star_asia_2025_W11_Market-report-Week-11.pdf,13.03.2024,,EU_DDMMYYYY,AWAITING,AWAITING,STATUS,,,,
2025-03-14,11,Beaching / Arrival,TASOS,BULKER,10738.0,,,,,2024-03-11,,,star_asia_2025_W11_Market-report-Week-11.pdf,11.03.2024,,EU_DDMMYYYY,AWAITING,AWAITING,STATUS,,,,
2025-03-14,11,Beaching / Arrival,RUN FU 7,BULKER,6977.0,,,,,2024-03-10,,,star_asia_2025_W11_Market-report-Week-11.pdf,10.03.2024,,EU_DDMMYYYY,AWAITING,AWAITING,STATUS,,,,
2025-03-14,11,Beaching / Arrival,TRADER III,LNG,29101.0,,,,,2024-03-10,,,star_asia_2025_W11_Market-report-Week-11.pdf,10.03.2024,,EU_DDMMYYYY,AWAITING,AWAITING,STATUS,,,,
2025-03-14,11,Beaching / Arrival,THREE STAR,BULKER,7627.0,,,,,2025-01-23,,,star_asia_2025_W11_Market-report-Week-11.pdf,23.01.2025,,EU_DDMMYYYY,AWAITING,AWAITING,STATUS,,,,
2025-03-14,11,Beaching / Arrival,GENERALIS,GENERAL CARGO,3311.0,,,,,2025-02-14,2024-03-12,,star_asia_2025_W11_Market-report-Week-11.pdf,14.02.2025,,EU_DDMMYYYY,12.03.2024,,EU_DDMMYYYY,,,,
2025-03-14,11,Beaching / Arrival,BANGLAR JYOTI,TANKER,3787.0,,,,,,2024-03-11,,star_asia_2025_W11_Market-report-Week-11.pdf,-,,EMPTY_DASH,11.03.2024,,EU_DDMMYYYY,,,,
2025-03-14,11,Beaching / Arrival,BANGLAR SHOURAV,TANKER,3740.0,,,,,,2024-03-10,,star_asia_2025_W11_Market-report-Week-11.pdf,-,,EMPTY_DASH,10.03.2024,,EU_DDMMYYYY,,,,
2025-03-21,12,Reported Sale,ATLANTIC 22,BULKER,5219.0,448.0,,1994,JAPAN,,,DELIVERED GADANI,star_asia_2025_W12_Market-report-Week-12.pdf,,,,,,,,,,
2025-03-21,12,Reported Sale,EM UNITY,TANKER,15672.0,490.0,"Chattogram, Bangladesh",1999,JAPAN,,,DELIVERED CHATTOGRAM,star_asia_2025_W12_Market-report-Week-12.pdf,,,,,,,,,,
2025-03-21,12,Reported Sale,VERTEX,TANKER,1087.0,735.0,"Alang, India",1981,JAPAN,,,"DELIVERED ALANG, STAINLESS STEEL CONTENT",star_asia_2025_W12_Market-report-Week-12.pdf,,,,,,,,,,
2025-03-21,12,Reported Sale,HU GANG YIN 2,PILOT TUG,4351.0,305.0,,1987,CHINA,,,AS IS SHANGHAI,star_asia_2025_W12_Market-report-Week-12.pdf,,,,,,,,,,
2025-03-21,12,Beaching / Arrival,KG 7,TANKER,2649.0,,"Chattogram, Bangladesh",,,2025-03-22,,,star_asia_2025_W12_Market-report-Week-12.pdf,22.03.2025,,EU_DDMMYYYY,AWAITING,AWAITING,STATUS,,,,
2025-03-21,12,Beaching / Arrival,HESEN M,GENERAL CARGO,2240.0,,"Chattogram, Bangladesh",,,2025-03-08,2025-02-21,,star_asia_2025_W12_Market-report-Week-12.pdf,08.03.2025,,EU_DDMMYYYY,21.02.2025,,EU_DDMMYYYY,,,,
2025-03-21,12,Beaching / Arrival,EPON,GENERAL CARGO,2689.0,,"Chattogram, Bangladesh",,,2025-03-15,2025-03-18,,star_asia_2025_W12_Market-report-Week-12.pdf,15.03.2025,,EU_DDMMYYYY,18.03.2025,,EU_DDMMYYYY,,,,
2025-03-21,12,Beaching / Arrival,AK HAMBURG,GENERAL CARGO,2616.0,,"Chattogram, Bangladesh",,,2025-02-28,2025-03-11,,star_asia_2025_W12_Market-report-Week-12.pdf,28.02.2025,,EU_DDMMYYYY,11.03.2025,,EU_DDMMYYYY,,,,
2025-03-21,12,Beaching / Arrival,KALINA,GENERAL CARGO,5150.0,,"Chattogram, Bangladesh",,,2025-03-02,2025-03-06,,star_asia_2025_W12_Market-report-Week-12.pdf,02.03.2025,,EU_DDMMYYYY,06.03.2025,,EU_DDMMYYYY,,,,
2025-03-21,12,Beaching / Arrival,ELAN,TANKER,13394.0,,"Chattogram, Bangladesh",,,2025-03-02,2025-03-05,,star_asia_2025_W12_Market-report-Week-12.pdf,02.03.2025,,EU_DDMMYYYY,05.03.2025,,EU_DDMMYYYY,,,,
2025-03-21,12,Beaching / Arrival,ATHINA I,TANKER,14883.0,,"Chattogram, Bangladesh",,,2025-02-28,2025-03-04,,star_asia_2025_W12_Market-report-Week-12.pdf,28.02.2025,,EU_DDMMYYYY,04.03.2025,,EU_DDMMYYYY,,,,
2025-03-21,12,Beaching / Arrival,IRIS OF SEA,RORO,2783.0,,"Chattogram, Bangladesh",,,2025-02-26,2025-03-03,,star_asia_2025_W12_Market-report-Week-12.pdf,26.02.2025,,EU_DDMMYYYY,03.03.2025,,EU_DDMMYYYY,,,,
2025-03-21,12,Beaching / Arrival,TALENT BLUE,BULKER,3589.0,,"Chattogram, Bangladesh",,,2025-02-21,2025-03-01,,star_asia_2025_W12_Market-report-Week-12.pdf,21.02.2025,,EU_DDMMYYYY,01.03.2025,,EU_DDMMYYYY,,,,
2025-03-21,12,Beaching / Arrival,EQUATOR,VLCC,43649.0,,"Chattogram, Bangladesh",,,2025-03-19,,,star_asia_2025_W12_Market-report-Week-12.pdf,19.03.2025,,EU_DDMMYYYY,AWAITING,AWAITING,STATUS,,,,
2025-03-21,12,Beaching / Arrival,VIK,TANKER,1330.0,,"Chattogram, Bangladesh",,,2025-03-19,,,star_asia_2025_W12_Market-report-Week-12.pdf,19.03.2025,,EU_DDMMYYYY,AWAITING,AWAITING,STATUS,,,,
2025-03-21,12,Beaching / Arrival,THREE STAR,BULKER,7627.0,,"Chattogram, Bangladesh",,,2025-01-23,,,star_asia_2025_W12_Market-report-Week-12.pdf,23.01.2025,,EU_DDMMYYYY,AWAITING,AWAITING,STATUS,,,,
2025-03-21,12,Beaching / Arrival,SUNGHO,GENERAL CARO,2345.0,,"Chattogram, Bangladesh",,,2024-03-13,2025-03-20,,star_asia_2025_W12_Market-report-Week-12.pdf,13.03.2024,,EU_DDMMYYYY,20.03.2025,,EU_DDMMYYYY,,,,
2025-03-21,12,Beaching / Arrival,BEST UNITY,BULKER,9826.0,,"Chattogram, Bangladesh",,,2024-03-13,2025-03-17,,star_asia_2025_W12_Market-report-Week-12.pdf,13.03.2024,,EU_DDMMYYYY,17.03.2025,,EU_DDMMYYYY,,,,
2025-03-21,12,Beaching / Arrival,TASOS,BULKER,10738.0,,"Chattogram, Bangladesh",,,2024-03-11,2025-03-17,,star_asia_2025_W12_Market-report-Week-12.pdf,11.03.2024,,EU_DDMMYYYY,17.03.2025,,EU_DDMMYYYY,,,,
2025-03-21,12,Beaching / Arrival,TRADER III,LNG,29101.0,,"Chattogram, Bangladesh",,,2024-03-10,2025-03-15,,star_asia_2025_W12_Market-report-Week-12.pdf,10.03.2024,,EU_DDMMYYYY,15.03.2025,,EU_DDMMYYYY,,,,
2025-03-21,12,Beaching / Arrival,RUN FU 7,BULKER,6977.0,,"Chattogram, Bangladesh",,,2024-03-10,2025-03-13,,star_asia_2025_W12_Market-report-Week-12.pdf,10.03.2024,,EU_DDMMYYYY,13.03.2025,,EU_DDMMYYYY,,,,
2025-03-21,12,Beaching / Arrival,GENERALIS,GENERAL CARGO,3311.0,,"Chattogram, Bangladesh",,,2025-02-14,2024-03-12,,star_asia_2025_W12_Market-report-Week-12.pdf,14.02.2025,,EU_DDMMYYYY,12.03.2024,,EU_DDMMYYYY,,,,
2025-03-21,12,Beaching / Arrival,BANGLAR JYOTI,TANKER,3787.0,,"Chattogram, Bangladesh",,,,2024-03-11,,star_asia_2025_W12_Market-report-Week-12.pdf,-,,EMPTY_DASH,11.03.2024,,EU_DDMMYYYY,,,,
2025-03-21,12,Beaching / Arrival,BANGLAR SHOURAV,TANKER,3740.0,,"Chattogram, Bangladesh",,,,2024-03-10,,star_asia_2025_W12_Market-report-Week-12.pdf,-,,EMPTY_DASH,10.03.2024,,EU_DDMMYYYY,,,,
2025-03-28,13,Reported Sale,DUKHAN,LNG,32467.0,620.0,,2004,JAPAN,,,"AS IS LABUAN, MALAYSIA ALUMINIUM CONTENT",star_asia_2025_W13_Market-report-Week-13.pdf,,,,,,,,,,
2025-03-28,13,Reported Sale,KG7,CHEM.TANKER,2649.0,630.0,"Alang, India",2000,JAPAN,,,"DELIVERED ALANG, STAINLESS STEEL CONTENT",star_asia_2025_W13_Market-report-Week-13.pdf,,,,,,,,,,
2025-03-28,13,Reported Sale,SHENG TAI,GENERAL CARGO,2225.0,333.0,,1997,CHINA,,,AS IS SHANGHAI,star_asia_2025_W13_Market-report-Week-13.pdf,,,,,,,,,,
2025-03-28,13,Reported Sale,XIE HAI CHONG HE,BULKER,10346.0,400.0,,1995,JAPAN,,,"AS IS ZHOUSHAN,CHINA",star_asia_2025_W13_Market-report-Week-13.pdf,,,,,,,,,,
2025-03-28,13,Beaching / Arrival,ION,CHEM.TANKER,3868.0,,"Chattogram, Bangladesh",,,2025-03-26,2025-03-29,,star_asia_2025_W13_Market-report-Week-13.pdf,26.03.2025,,EU_DDMMYYYY,29.03.2025,,EU_DDMMYYYY,,,,
2025-03-28,13,Beaching / Arrival,KG 7,CHEM.TANKER,2649.0,,"Chattogram, Bangladesh",,,2025-03-22,2025-03-28,,star_asia_2025_W13_Market-report-Week-13.pdf,22.03.2025,,EU_DDMMYYYY,28.03.2025,,EU_DDMMYYYY,,,,
2025-03-28,13,Beaching / Arrival,HESEN M,GENERAL CARGO,2240.0,,"Chattogram, Bangladesh",,,2025-03-08,2025-02-21,,star_asia_2025_W13_Market-report-Week-13.pdf,08.03.2025,,EU_DDMMYYYY,21.02.2025,,EU_DDMMYYYY,,,,
2025-03-28,13,Beaching / Arrival,EPON,GENERAL CARGO,2689.0,,"Chattogram, Bangladesh",,,2025-03-15,2025-03-18,,star_asia_2025_W13_Market-report-Week-13.pdf,15.03.2025,,EU_DDMMYYYY,18.03.2025,,EU_DDMMYYYY,,,,
2025-03-28,13,Beaching / Arrival,AK HAMBURG,GENERAL CARGO,2616.0,,"Chattogram, Bangladesh",,,2025-02-28,2025-03-11,,star_asia_2025_W13_Market-report-Week-13.pdf,28.02.2025,,EU_DDMMYYYY,11.03.2025,,EU_DDMMYYYY,,,,
2025-03-28,13,Beaching / Arrival,KALINA,GENERAL CARGO,5150.0,,"Chattogram, Bangladesh",,,2025-03-02,2025-03-06,,star_asia_2025_W13_Market-report-Week-13.pdf,02.03.2025,,EU_DDMMYYYY,06.03.2025,,EU_DDMMYYYY,,,,
2025-03-28,13,Beaching / Arrival,ELAN,TANKER,13394.0,,"Chattogram, Bangladesh",,,2025-03-02,2025-03-05,,star_asia_2025_W13_Market-report-Week-13.pdf,02.03.2025,,EU_DDMMYYYY,05.03.2025,,EU_DDMMYYYY,,,,
2025-03-28,13,Beaching / Arrival,ATHINA I,TANKER,14883.0,,"Chattogram, Bangladesh",,,2025-02-28,2025-03-04,,star_asia_2025_W13_Market-report-Week-13.pdf,28.02.2025,,EU_DDMMYYYY,04.03.2025,,EU_DDMMYYYY,,,,
2025-03-28,13,Beaching / Arrival,IRIS OF SEA,RORO,2783.0,,"Chattogram, Bangladesh",,,2025-02-26,2025-03-03,,star_asia_2025_W13_Market-report-Week-13.pdf,26.02.2025,,EU_DDMMYYYY,03.03.2025,,EU_DDMMYYYY,,,,
2025-03-28,13,Beaching / Arrival,TALENT BLUE,BULKER,3589.0,,"Chattogram, Bangladesh",,,2025-02-21,2025-03-01,,star_asia_2025_W13_Market-report-Week-13.pdf,21.02.2025,,EU_DDMMYYYY,01.03.2025,,EU_DDMMYYYY,,,,
2025-03-28,13,Beaching / Arrival,ELLI,BULKER,9242.0,,"Chattogram, Bangladesh",,,2025-03-27,,,star_asia_2025_W13_Market-report-Week-13.pdf,27.03.2025,,EU_DDMMYYYY,AWAITING,AWAITING,STATUS,,,,
2025-03-28,13,Beaching / Arrival,RICH ANNA,GC,1010.0,,"Chattogram, Bangladesh",,,2025-03-27,,,star_asia_2025_W13_Market-report-Week-13.pdf,27.03.2025,,EU_DDMMYYYY,AWAITING,AWAITING,STATUS,,,,
2025-03-28,13,Beaching / Arrival,EQUATOR,VLCC,43649.0,,"Chattogram, Bangladesh",,,2025-03-19,,,star_asia_2025_W13_Market-report-Week-13.pdf,19.03.2025,,EU_DDMMYYYY,AWAITING,AWAITING,STATUS,,,,
2025-03-28,13,Beaching / Arrival,THREE STAR,BULKER,7627.0,,"Chattogram, Bangladesh",,,2025-01-23,,,star_asia_2025_W13_Market-report-Week-13.pdf,23.01.2025,,EU_DDMMYYYY,AWAITING,AWAITING,STATUS,,,,
2025-03-28,13,Beaching / Arrival,VIK,TANKER,1330.0,,"Chattogram, Bangladesh",,,2025-03-19,2025-03-26,,star_asia_2025_W13_Market-report-Week-13.pdf,19.03.2025,,EU_DDMMYYYY,26.03.2025,,EU_DDMMYYYY,,,,
2025-03-28,13,Beaching / Arrival,SUNGHO,GENERAL CARO,2345.0,,"Chattogram, Bangladesh",,,2024-03-13,2025-03-20,,star_asia_2025_W13_Market-report-Week-13.pdf,13.03.2024,,EU_DDMMYYYY,20.03.2025,,EU_DDMMYYYY,,,,
2025-03-28,13,Beaching / Arrival,BEST UNITY,BULKER,9826.0,,"Chattogram, Bangladesh",,,2024-03-13,2025-03-17,,star_asia_2025_W13_Market-report-Week-13.pdf,13.03.2024,,EU_DDMMYYYY,17.03.2025,,EU_DDMMYYYY,,,,
2025-03-28,13,Beaching / Arrival,TASOS,BULKER,10738.0,,"Chattogram, Bangladesh",,,2024-03-11,2025-03-17,,star_asia_2025_W13_Market-report-Week-13.pdf,11.03.2024,,EU_DDMMYYYY,17.03.2025,,EU_DDMMYYYY,,,,
2025-03-28,13,Beaching / Arrival,TRADER III,LNG,29101.0,,"Chattogram, Bangladesh",,,2024-03-10,2025-03-15,,star_asia_2025_W13_Market-report-Week-13.pdf,10.03.2024,,EU_DDMMYYYY,15.03.2025,,EU_DDMMYYYY,,,,
2025-03-28,13,Beaching / Arrival,RUN FU 7,BULKER,6977.0,,"Chattogram, Bangladesh",,,2024-03-10,2025-03-13,,star_asia_2025_W13_Market-report-Week-13.pdf,10.03.2024,,EU_DDMMYYYY,13.03.2025,,EU_DDMMYYYY,,,,
2025-03-28,13,Beaching / Arrival,GENERALIS,GENERAL CARGO,3311.0,,"Chattogram, Bangladesh",,,2025-02-14,2024-03-12,,star_asia_2025_W13_Market-report-Week-13.pdf,14.02.2025,,EU_DDMMYYYY,12.03.2024,,EU_DDMMYYYY,,,,
2025-03-28,13,Beaching / Arrival,BANGLAR JYOTI,TANKER,3787.0,,"Chattogram, Bangladesh",,,,2024-03-11,,star_asia_2025_W13_Market-report-Week-13.pdf,-,,EMPTY_DASH,11.03.2024,,EU_DDMMYYYY,,,,
2025-03-28,13,Beaching / Arrival,BANGLAR SHOURAV,TANKER,3740.0,,"Chattogram, Bangladesh",,,,2024-03-10,,star_asia_2025_W13_Market-report-Week-13.pdf,-,,EMPTY_DASH,10.03.2024,,EU_DDMMYYYY,,,,
2025-04-04,14,Reported Sale,FUTONG EXPRESS,WOODCHIP,8857.0,465.0,"Chattogram, Bangladesh",1995,JAPAN,,,DELIVERED CHATTOGRAM,star_asia_2025_W14_Market-report-Week-14.pdf,,,,,,,,,,
2025-04-04,14,Reported Sale,RICH ANNA,GENERAL CARGO,1011.0,380.0,"Chattogram, Bangladesh",2005,CHINA,,,DELVIERED CHATTOGRAM,star_asia_2025_W14_Market-report-Week-14.pdf,,,,,,,,,,
2025-04-04,14,Beaching / Arrival,ATHENA,AHTS,1177.0,,"Chattogram, Bangladesh",,,2025-04-03,,,star_asia_2025_W14_Market-report-Week-14.pdf,03.04.2025,,EU_DDMMYYYY,AWAITING,AWAITING,STATUS,,,,
2025-04-04,14,Beaching / Arrival,ADVENTURE,GENERAL CARGO,2073.0,,"Chattogram, Bangladesh",,,2025-04-05,,,star_asia_2025_W14_Market-report-Week-14.pdf,05.04.2025,,EU_DDMMYYYY,AWAITING,AWAITING,STATUS,,,,
2025-04-04,14,Beaching / Arrival,KING HUNG NO.2,TANKER,947.0,,"Chattogram, Bangladesh",,,2025-03-27,,,star_asia_2025_W14_Market-report-Week-14.pdf,27.03.2025,,EU_DDMMYYYY,AWAITING,AWAITING,STATUS,,,,
2025-04-04,14,Beaching / Arrival,RICH ANNA,GC,1010.0,,"Chattogram, Bangladesh",,,2025-03-27,,,star_asia_2025_W14_Market-report-Week-14.pdf,27.03.2025,,EU_DDMMYYYY,AWAITING,AWAITING,STATUS,,,,
2025-04-04,14,Beaching / Arrival,ATLANTIC 22,BULKER,5219.0,,"Alang, India",,,,,,star_asia_2025_W14_Market-report-Week-14.pdf,19.03.20,,UNPARSED,AWAITING,AWAITING,STATUS,,,,
2025-04-11,15,Reported Sale,DSM STAR,BULKER,8110.0,448.0,,2008,CHINA,,,DELIVERED GADANI,star_asia_2025_W15_Market-report-Week-15.pdf,,,,,,,,,,
2025-04-11,15,Reported Sale,ADVENTURE,GENERAL CARGO,2073.0,,"Alang, India",1995,JAPAN,,,DELIVERED ALANG,star_asia_2025_W15_Market-report-Week-15.pdf,,,,,,,,,,
2025-04-11,15,Reported Sale,GLUON,CONTAINER,3192.0,,"Alang, India",1995,JAPAN,,,DELIVERED ALANG,star_asia_2025_W15_Market-report-Week-15.pdf,,,,,,,,,,
2025-04-11,15,Reported Sale,AURO,TANKER,20008.0,,"Alang, India",2005,S.KOREA,,,DELIVERED ALANG,star_asia_2025_W15_Market-report-Week-15.pdf,,,,,,,,,,
2025-04-11,15,Reported Sale,FIRSTEC,WOODCHI CARRIER,7952.0,424.0,,1997,JAPAN,,,AS IS HONG KONG,star_asia_2025_W15_Market-report-Week-15.pdf,,,,,,,,,,
2025-04-11,15,Beaching / Arrival,SOCOL 9,GENERAL CARGOI,3672.0,,"Chattogram, Bangladesh",,,2025-04-08,,,star_asia_2025_W15_Market-report-Week-15.pdf,08.04.2025,,EU_DDMMYYYY,AWAITING,AWAITING,STATUS,,,,
2025-04-11,15,Beaching / Arrival,ATHENA,AHTS,1177.0,,"Chattogram, Bangladesh",,,2025-04-03,,,star_asia_2025_W15_Market-report-Week-15.pdf,03.04.2025,,EU_DDMMYYYY,AWAITING,AWAITING,STATUS,,,,
2025-04-11,15,Beaching / Arrival,ADVENTURE,GENERAL CARGO,2073.0,,"Chattogram, Bangladesh",,,2025-04-05,2025-04-10,,star_asia_2025_W15_Market-report-Week-15.pdf,05.04.2025,,EU_DDMMYYYY,10.04.2025,,EU_DDMMYYYY,,,,
2025-04-11,15,Beaching / Arrival,KING HUNG NO.2,TANKER,947.0,,"Aliaga, Turkey",,,2025-03-27,2025-04-09,,star_asia_2025_W15_Market-report-Week-15.pdf,27.03.2025,,EU_DDMMYYYY,09.04.2025,,EU_DDMMYYYY,,,,
2025-04-11,15,Beaching / Arrival,RICH ANNA,GC,1010.0,,"Aliaga, Turkey",,,2025-03-27,2025-04-10,,star_asia_2025_W15_Market-report-Week-15.pdf,27.03.2025,,EU_DDMMYYYY,10.04.2025,,EU_DDMMYYYY,,,,
2025-04-20,16,Reported Sale,SEA DOVE,BULKER,7793.0,460.0,"Alang, India",1987,JAPAN,,,DELIVERED ALANG. INCLUDING 150 MT BUNKERS IN THE PRICE,star_asia_2025_W16_Market-report-Week-16.pdf,,,,,,,,,,
2025-04-20,16,Reported Sale,KING HUNG NO.2,TANKER,947.0,440.0,"Chattogram, Bangladesh",1981,JAPAN,,,DELVIERED CHATTOGRAM,star_asia_2025_W16_Market-report-Week-16.pdf,,,,,,,,,,
2025-04-20,16,Reported Sale,LORD 17,GENERAL CARGO,2583.0,,,1987,JAPAN,,,DELVIERED ALALNG,star_asia_2025_W16_Market-report-Week-16.pdf,,,,,,,,,,
2025-04-20,16,Reported Sale,PASHA 9,GENERAL CARGO,2396.0,,"Alang, India",1995,JAPAN,,,DELIVERED ALANG,star_asia_2025_W16_Market-report-Week-16.pdf,,,,,,,,,,
2025-04-20,16,Reported Sale,JARUCHA 6,GENERAL CARGO,975.0,330.0,"Chattogram, Bangladesh",2006,CHINA,,,DELVIERED CHATTOGRAM,star_asia_2025_W16_Market-report-Week-16.pdf,,,,,,,,,,
2025-04-20,16,Reported Sale,CHARLENE,BULKER,6068.0,465.0,"Chattogram, Bangladesh",1996,JAPAN,,,DELVIERED CHATTOGRAM,star_asia_2025_W16_Market-report-Week-16.pdf,,,,,,,,,,
2025-04-20,16,Reported Sale,HEUNG A ULSAN,CONTAINER,2242.0,,,1996,S.KOREA,,,AS IS SINGAPORE,star_asia_2025_W16_Market-report-Week-16.pdf,,,,,,,,,,
2025-04-20,16,Beaching / Arrival,GLUON,CONTIANER,3193.0,,"Chattogram, Bangladesh",,,2025-04-19,,,star_asia_2025_W16_Market-report-Week-16.pdf,19.04.2025,,EU_DDMMYYYY,AWAITING,AWAITING,STATUS,,,,
2025-04-20,16,Beaching / Arrival,LORD 17,GENERAL CARGO,2583.0,,"Chattogram, Bangladesh",,,2025-04-12,,,star_asia_2025_W16_Market-report-Week-16.pdf,12.04.2025,,EU_DDMMYYYY,AWAITING,AWAITING,STATUS,,,,
2025-04-20,16,Beaching / Arrival,AURO,TANKER,20008.0,,"Chattogram, Bangladesh",,,2025-04-14,,,star_asia_2025_W16_Market-report-Week-16.pdf,14.04.2025,,EU_DDMMYYYY,AWAITING,AWAITING,STATUS,,,,
2025-04-20,16,Beaching / Arrival,PASHA 9,GENERAL CARGO,2396.0,,"Chattogram, Bangladesh",,,2025-04-16,,,star_asia_2025_W16_Market-report-Week-16.pdf,16.04.2025,,EU_DDMMYYYY,AWAITING,AWAITING,STATUS,,,,
2025-04-20,16,Beaching / Arrival,KELSEY 2,CHEM. TANKER,3230.0,,"Chattogram, Bangladesh",,,2025-04-17,2025-04-20,,star_asia_2025_W16_Market-report-Week-16.pdf,17.04.2025,,EU_DDMMYYYY,20.04.2025,,EU_DDMMYYYY,,,,
2025-04-20,16,Beaching / Arrival,ATHENA,AHTS,1177.0,,"Chattogram, Bangladesh",,,2025-04-03,2025-04-16,,star_asia_2025_W16_Market-report-Week-16.pdf,03.04.2025,,EU_DDMMYYYY,16.04.2025,,EU_DDMMYYYY,,,,
2025-04-20,16,Beaching / Arrival,SOCOL 9,GENERAL CARGO,3672.0,,"Chattogram, Bangladesh",,,2025-04-08,2025-04-12,,star_asia_2025_W16_Market-report-Week-16.pdf,08.04.2025,,EU_DDMMYYYY,12.04.2025,,EU_DDMMYYYY,,,,
2025-04-20,16,Beaching / Arrival,ADVENTURE,GENERAL CARGO,2073.0,,"Chattogram, Bangladesh",,,2025-04-05,2025-04-10,,star_asia_2025_W16_Market-report-Week-16.pdf,05.04.2025,,EU_DDMMYYYY,10.04.2025,,EU_DDMMYYYY,,,,
2025-04-20,16,Beaching / Arrival,PILATUS 32,LPG,974.0,,"Chattogram, Bangladesh",,,2025-04-16,,,star_asia_2025_W16_Market-report-Week-16.pdf,16.04.2025,,EU_DDMMYYYY,AWAITING,AWAITING,STATUS,,,,
2025-04-20,16,Beaching / Arrival,SEAWORLD,ROPAX,5534.0,,"Chattogram, Bangladesh",,,2025-04-16,,,star_asia_2025_W16_Market-report-Week-16.pdf,16.04.2025,,EU_DDMMYYYY,AWAITING,AWAITING,STATUS,,,,
2025-04-20,16,Beaching / Arrival,JARUCHA 6,GENERAL CARGO,974.0,,"Chattogram, Bangladesh",,,2025-04-10,2025-04-17,,star_asia_2025_W16_Market-report-Week-16.pdf,10.04.2025,,EU_DDMMYYYY,17.04.2025,,EU_DDMMYYYY,,,,
2025-04-20,16,Beaching / Arrival,KING HUNG NO.2,TANKER,947.0,,"Chattogram, Bangladesh",,,2025-03-27,2025-04-09,,star_asia_2025_W16_Market-report-Week-16.pdf,27.03.2025,,EU_DDMMYYYY,09.04.2025,,EU_DDMMYYYY,,,,
2025-04-20,16,Beaching / Arrival,RICH ANNA,GC,1010.0,,"Chattogram, Bangladesh",,,2025-03-27,2025-04-10,,star_asia_2025_W16_Market-report-Week-16.pdf,27.03.2025,,EU_DDMMYYYY,10.04.2025,,EU_DDMMYYYY,,,,
2025-04-20,16,Beaching / Arrival,DMS STAR,BULKER,8000.0,,"Aliaga, Turkey",,,2025-04-02,,,star_asia_2025_W16_Market-report-Week-16.pdf,02.04.2025,,EU_DDMMYYYY,AWAITING,AWAITING,STATUS,,,,
2025-04-20,16,Beaching / Arrival,SEA WAVE,BULKER,5533.0,,"Aliaga, Turkey",,,2025-04-09,,,star_asia_2025_W16_Market-report-Week-16.pdf,09.04.2025,,EU_DDMMYYYY,AWAITING,AWAITING,STATUS,,,,
2025-04-25,17,Reported Sale,PILATUS 22,LPG,974.0,440.0,"Chattogram, Bangladesh",1989,JAPAN,,,DELIVERED CHATTOGRAM,star_asia_2025_W17_Market-report-Week-17.pdf,,,,,,,,,,
2025-04-25,17,Reported Sale,STARLET,TANKER,3609.0,,"Alang, India",2003,TURKEY,,,DELIVERED ALANG (WITH SS ONBOARD),star_asia_2025_W17_Market-report-Week-17.pdf,,,,,,,,,,
2025-04-25,17,Beaching / Arrival,STARLET,CHEMICAL TANKER,3609.0,,"Chattogram, Bangladesh",,,2025-04-26,,,star_asia_2025_W17_Market-report-Week-17.pdf,26.04.2025,,EU_DDMMYYYY,AWAITING,AWAITING,STATUS,,,,
2025-04-25,17,Beaching / Arrival,SEA DOVE,BULKER,7918.0,,"Chattogram, Bangladesh",,,2025-04-24,,,star_asia_2025_W17_Market-report-Week-17.pdf,24.04.2025,,EU_DDMMYYYY,AWAITING,AWAITING,STATUS,,,,
2025-04-25,17,Beaching / Arrival,LORD 17,GENERAL CARGO,2583.0,,"Chattogram, Bangladesh",,,2025-04-12,,,star_asia_2025_W17_Market-report-Week-17.pdf,12.04.2025,,EU_DDMMYYYY,AWAITING,AWAITING,STATUS,,,,
2025-04-25,17,Beaching / Arrival,GLUON,CONTIANER,3193.0,,"Chattogram, Bangladesh",,,2025-04-19,2025-04-24,,star_asia_2025_W17_Market-report-Week-17.pdf,19.04.2025,,EU_DDMMYYYY,24.04.2025,,EU_DDMMYYYY,,,,
2025-04-25,17,Beaching / Arrival,PASHA 9,GENERAL CARGO,2396.0,,"Chattogram, Bangladesh",,,2025-04-16,2025-04-22,,star_asia_2025_W17_Market-report-Week-17.pdf,16.04.2025,,EU_DDMMYYYY,22.04.2025,,EU_DDMMYYYY,,,,
2025-04-25,17,Beaching / Arrival,AURO,TANKER,20008.0,,"Chattogram, Bangladesh",,,2025-04-14,2025-04-21,,star_asia_2025_W17_Market-report-Week-17.pdf,14.04.2025,,EU_DDMMYYYY,21.04.2025,,EU_DDMMYYYY,,,,
2025-04-25,17,Beaching / Arrival,KELSEY 2,CHEM. TANKER,3230.0,,"Chattogram, Bangladesh",,,2025-04-17,2025-04-20,,star_asia_2025_W17_Market-report-Week-17.pdf,17.04.2025,,EU_DDMMYYYY,20.04.2025,,EU_DDMMYYYY,,,,
2025-04-25,17,Beaching / Arrival,ATHENA,AHTS,1177.0,,"Chattogram, Bangladesh",,,2025-04-03,2025-04-16,,star_asia_2025_W17_Market-report-Week-17.pdf,03.04.2025,,EU_DDMMYYYY,16.04.2025,,EU_DDMMYYYY,,,,
2025-04-25,17,Beaching / Arrival,SOCOL 9,GENERAL CARGO,3672.0,,"Chattogram, Bangladesh",,,2025-04-08,2025-04-12,,star_asia_2025_W17_Market-report-Week-17.pdf,08.04.2025,,EU_DDMMYYYY,12.04.2025,,EU_DDMMYYYY,,,,
2025-04-25,17,Beaching / Arrival,ADVENTURE,GENERAL CARGO,2073.0,,"Chattogram, Bangladesh",,,2025-04-05,2025-04-10,,star_asia_2025_W17_Market-report-Week-17.pdf,05.04.2025,,EU_DDMMYYYY,10.04.2025,,EU_DDMMYYYY,,,,
2025-04-25,17,Beaching / Arrival,PILATUS 32,LPG,974.0,,"Aliaga, Turkey",,,2025-04-16,2025-04-22,,star_asia_2025_W17_Market-report-Week-17.pdf,16.04.2025,,EU_DDMMYYYY,22.04.2025,,EU_DDMMYYYY,,,,
2025-04-25,17,Beaching / Arrival,SEAWORLD,ROPAX,5534.0,,"Aliaga, Turkey",,,2025-04-16,2025-04-19,,star_asia_2025_W17_Market-report-Week-17.pdf,16.04.2025,,EU_DDMMYYYY,19.04.2025,,EU_DDMMYYYY,,,,
2025-04-25,17,Beaching / Arrival,JARUCHA 6,GENERAL CARGO,974.0,,"Aliaga, Turkey",,,2025-04-10,2025-04-17,,star_asia_2025_W17_Market-report-Week-17.pdf,10.04.2025,,EU_DDMMYYYY,17.04.2025,,EU_DDMMYYYY,,,,
2025-04-25,17,Beaching / Arrival,KING HUNG NO.2,TANKER,947.0,,"Aliaga, Turkey",,,2025-03-27,2025-04-09,,star_asia_2025_W17_Market-report-Week-17.pdf,27.03.2025,,EU_DDMMYYYY,09.04.2025,,EU_DDMMYYYY,,,,
2025-04-25,17,Beaching / Arrival,RICH ANNA,GC,1010.0,,"Aliaga, Turkey",,,2025-03-27,2025-04-10,,star_asia_2025_W17_Market-report-Week-17.pdf,27.03.2025,,EU_DDMMYYYY,10.04.2025,,EU_DDMMYYYY,,,,
2025-04-25,17,Beaching / Arrival,DMS STAR,BULKER,8000.0,,"Aliaga, Turkey",,,2025-04-02,2025-04-10,,star_asia_2025_W17_Market-report-Week-17.pdf,02.04.2025,,EU_DDMMYYYY,10.04.2025,,EU_DDMMYYYY,,,,
2025-04-25,17,Beaching / Arrival,SEA WAVE,BULKER,5533.0,,"Aliaga, Turkey",,,2025-04-09,2025-04-14,,star_asia_2025_W17_Market-report-Week-17.pdf,09.04.2025,,EU_DDMMYYYY,14.04.2025,,EU_DDMMYYYY,,,,
2025-05-02,18,Reported Sale,DAE WON,CHEMICAL TANKER,5237.0,935.0,"Alang, India",1998,JAPAN,,,"DELIVERED ALANG, STAINLESS STEEL CONTENT AND ABT. 390 MT ROBS INCLIDED",star_asia_2025_W18_Market-report-Week-18.pdf,,,,,,,,,,
2025-05-02,18,Reported Sale,TRAWIND GLORY,GC,1026.0,410.0,"Chattogram, Bangladesh",1988,JAPAN,,,DELIVERED CHATTOGRAM,star_asia_2025_W18_Market-report-Week-18.pdf,,,,,,,,,,
2025-05-02,18,Reported Sale,CORAL SEA,MINING VESSEL,6605.0,,,1974,USA,,,AS IS CAPE TOWN,star_asia_2025_W18_Market-report-Week-18.pdf,,,,,,,,,,
2025-05-02,18,Beaching / Arrival,LORD 17,GENERAL CARGO,2583.0,,"Chattogram, Bangladesh",,,2025-04-12,,,star_asia_2025_W18_Market-report-Week-18.pdf,12.04.2025,,EU_DDMMYYYY,AWAITING,AWAITING,STATUS,,,,
2025-05-02,18,Beaching / Arrival,SEA DOVE,BULKER,7918.0,,"Chattogram, Bangladesh",,,2025-04-24,2025-05-01,,star_asia_2025_W18_Market-report-Week-18.pdf,24.04.2025,,EU_DDMMYYYY,01.05.2025,,EU_DDMMYYYY,,,,
2025-05-02,18,Beaching / Arrival,OHRYU,RORO,2468.0,,"Chattogram, Bangladesh",,,2025-04-27,2025-05-01,,star_asia_2025_W18_Market-report-Week-18.pdf,27.04.2025,,EU_DDMMYYYY,01.05.2025,,EU_DDMMYYYY,,,,
2025-05-09,19,Reported Sale,OHRYU,RORO,3950.0,500.0,"Chattogram, Bangladesh",1992,JAPAN,,,DELIVERED CHATTOGRAM (GREEN W/ PERMANENT BALLAST),star_asia_2025_W19_Market-report-Week-19.pdf,,,,,,,,,,
2025-05-09,19,Beaching / Arrival,LORD 17,GENERAL CARGO,2583.0,,"Chattogram, Bangladesh",,,2025-04-12,,,star_asia_2025_W19_Market-report-Week-19.pdf,12.04.2025,,EU_DDMMYYYY,AWAITING,AWAITING,STATUS,,,,
2025-05-09,19,Beaching / Arrival,SEA DOVE,BULKER,7918.0,,"Chattogram, Bangladesh",,,2025-04-24,2025-05-01,,star_asia_2025_W19_Market-report-Week-19.pdf,24.04.2025,,EU_DDMMYYYY,01.05.2025,,EU_DDMMYYYY,,,,
2025-05-09,19,Beaching / Arrival,WOODS,WOODCHIP,9462.0,,"Chattogram, Bangladesh",,,2025-05-08,,,star_asia_2025_W19_Market-report-Week-19.pdf,08.05.2025,,EU_DDMMYYYY,AWAITING,AWAITING,STATUS,,,,
2025-05-09,19,Beaching / Arrival,EM UNITY,TANKER,15672.0,,"Chattogram, Bangladesh",,,2025-05-05,,,star_asia_2025_W19_Market-report-Week-19.pdf,05.05.2025,,EU_DDMMYYYY,AWAITING,AWAITING,STATUS,,,,
2025-05-09,19,Beaching / Arrival,CHARLENE,BULKER,6071.0,,"Chattogram, Bangladesh",,,2025-05-05,,,star_asia_2025_W19_Market-report-Week-19.pdf,05.05.2025,,EU_DDMMYYYY,AWAITING,AWAITING,STATUS,,,,
2025-05-09,19,Beaching / Arrival,HU GANG YIN 2,OFFSHORE,4351.3,,"Chattogram, Bangladesh",,,2025-05-05,,,star_asia_2025_W19_Market-report-Week-19.pdf,05.05.2025,,EU_DDMMYYYY,AWAITING,AWAITING,STATUS,,,,
2025-05-09,19,Beaching / Arrival,OHRYU,RORO,2468.0,,"Chattogram, Bangladesh",,,2025-04-27,2025-05-01,,star_asia_2025_W19_Market-report-Week-19.pdf,27.04.2025,,EU_DDMMYYYY,01.05.2025,,EU_DDMMYYYY,,,,
2025-05-16,20,Reported Sale,ULSAN,CONT.,2242.0,445.0,,1996,S. KOREA,,,AS IS SINGAPORE,star_asia_2025_W20_Market-report-Week-20.pdf,,,,,,,,,,
2025-05-16,20,Reported Sale,GLOBAL NUBIRA,CONT.,2062.0,410.0,,1998,S. KOREA,,,AS IS SINGAPORE,star_asia_2025_W20_Market-report-Week-20.pdf,,,,,,,,,,
2025-05-16,20,Reported Sale,ASMAA,BULKER,7616.0,435.0,"Alang, India",1994,JAPAN,,,DELIVERED ALANG,star_asia_2025_W20_Market-report-Week-20.pdf,,,,,,,,,,
2025-05-16,20,Beaching / Arrival,LORD 17,GENERAL CARGO,2583.0,,"Alang, India",,,2025-04-12,,,star_asia_2025_W20_Market-report-Week-20.pdf,12.04.2025,,EU_DDMMYYYY,AWAITING,AWAITING,STATUS,,,,
2025-05-16,20,Beaching / Arrival,NIRVANA,TANKER,9623.0,,"Alang, India",,,2025-05-07,,,star_asia_2025_W20_Market-report-Week-20.pdf,07.05.2025,,EU_DDMMYYYY,AWAITING,AWAITING,STATUS,,,,
2025-05-16,20,Beaching / Arrival,RIGHT,PASSENGER SHIP,11781.0,,"Alang, India",,,2025-05-13,2025-05-15,,star_asia_2025_W20_Market-report-Week-20.pdf,13.05.2025,,EU_DDMMYYYY,15.05.2025,,EU_DDMMYYYY,,,,
2025-05-16,20,Beaching / Arrival,ULSAN,CONTAINER,2422.0,,"Alang, India",,,2025-05-13,2025-05-16,,star_asia_2025_W20_Market-report-Week-20.pdf,13.05.2025,,EU_DDMMYYYY,16.05.2025,,EU_DDMMYYYY,,,,
2025-05-16,20,Beaching / Arrival,RUN FU 6,BULKER,6258.0,,"Alang, India",,,2025-05-06,2025-05-14,,star_asia_2025_W20_Market-report-Week-20.pdf,06.05.2025,,EU_DDMMYYYY,14.05.2025,,EU_DDMMYYYY,,,,
2025-05-16,20,Beaching / Arrival,SEA DOVE,BULKER,7918.0,,"Alang, India",,,2025-04-24,2025-05-01,,star_asia_2025_W20_Market-report-Week-20.pdf,24.04.2025,,EU_DDMMYYYY,01.05.2025,,EU_DDMMYYYY,,,,
2025-05-16,20,Beaching / Arrival,XIE HAI,BULKER,10346.0,,"Chattogram, Bangladesh",,,2025-05-15,,,star_asia_2025_W20_Market-report-Week-20.pdf,15.05.2025,,EU_DDMMYYYY,AWAITING,AWAITING,STATUS,,,,
2025-05-16,20,Beaching / Arrival,FIRST 1,WOOD CHIP,7951.0,,"Chattogram, Bangladesh",,,2025-05-15,,,star_asia_2025_W20_Market-report-Week-20.pdf,15.05.2025,,EU_DDMMYYYY,AWAITING,AWAITING,STATUS,,,,
2025-05-16,20,Beaching / Arrival,VISTAR,BULKER,10693.0,,"Chattogram, Bangladesh",,,2025-05-13,,,star_asia_2025_W20_Market-report-Week-20.pdf,13.05.2025,,EU_DDMMYYYY,AWAITING,AWAITING,STATUS,,,,
2025-05-16,20,Beaching / Arrival,WOODS,WOODCHIP,9462.0,,"Chattogram, Bangladesh",,,2025-05-08,2025-05-15,,star_asia_2025_W20_Market-report-Week-20.pdf,08.05.2025,,EU_DDMMYYYY,15.05.2025,,EU_DDMMYYYY,,,,
2025-05-16,20,Beaching / Arrival,EM UNITY,TANKER,15672.0,,"Chattogram, Bangladesh",,,2025-05-05,2025-05-15,,star_asia_2025_W20_Market-report-Week-20.pdf,05.05.2025,,EU_DDMMYYYY,15.05.2025,,EU_DDMMYYYY,,,,
2025-05-16,20,Beaching / Arrival,CHARLENE,BULKER,6071.0,,"Chattogram, Bangladesh",,,2025-05-05,2025-05-12,,star_asia_2025_W20_Market-report-Week-20.pdf,05.05.2025,,EU_DDMMYYYY,12.05.2025,,EU_DDMMYYYY,,,,
2025-05-16,20,Beaching / Arrival,HU GANG YIN 2,OFFSHORE,4351.3,,"Chattogram, Bangladesh",,,2025-05-05,2025-05-13,,star_asia_2025_W20_Market-report-Week-20.pdf,05.05.2025,,EU_DDMMYYYY,13.05.2025,,EU_DDMMYYYY,,,,
2025-05-16,20,Beaching / Arrival,OHRYU,RORO,2468.0,,"Chattogram, Bangladesh",,,2025-04-27,2025-05-01,,star_asia_2025_W20_Market-report-Week-20.pdf,27.04.2025,,EU_DDMMYYYY,01.05.2025,,EU_DDMMYYYY,,,,
2025-05-23,21,Reported Sale,HL SUR,LNG,23761.0,,,2000,S.KOREA,,,DELVIERY SINGAPORE,star_asia_2025_W21_Market-report-Week-21.pdf,,,,,,,,,,
2025-05-23,21,Reported Sale,HL RAS LAFFAN,LNG,23761.0,,,2000,S.KOREA,,,DELVIERY SINGAPORE,star_asia_2025_W21_Market-report-Week-21.pdf,,,,,,,,,,
2025-05-23,21,Reported Sale,HYUNDAI TECHNOPIA,LNGC,34046.0,,,1999,S.KOREA,,,"AS IS GOSEONG, S. KOREA",star_asia_2025_W21_Market-report-Week-21.pdf,,,,,,,,,,
2025-05-23,21,Reported Sale,HYUNDAI AQUAPIA,LNGC,34066.0,,,2000,S.KOREA,,,"AS IS BATAM, INDONESIA",star_asia_2025_W21_Market-report-Week-21.pdf,,,,,,,,,,
2025-05-23,21,Reported Sale,SUNNY MAPLE,CONTAINER,2230.0,320.0,,1996,S.KOREA,,,AS IS SOUTH KOREA,star_asia_2025_W21_Market-report-Week-21.pdf,,,,,,,,,,
2025-05-23,21,Beaching / Arrival,LORD 17,GENERAL CARGO,2583.0,,"Chattogram, Bangladesh",,,2025-04-12,,,star_asia_2025_W21_Market-report-Week-21.pdf,12.04.2025,,EU_DDMMYYYY,AWAITING,AWAITING,STATUS,,,,
2025-05-23,21,Beaching / Arrival,NIRVANA,TANKER,9623.0,,"Chattogram, Bangladesh",,,2025-05-07,,,star_asia_2025_W21_Market-report-Week-21.pdf,07.05.2025,,EU_DDMMYYYY,AWAITING,AWAITING,STATUS,,,,
2025-05-23,21,Beaching / Arrival,RIGHT,PASSENGER SHIP,11781.0,,"Chattogram, Bangladesh",,,2025-05-13,2025-05-15,,star_asia_2025_W21_Market-report-Week-21.pdf,13.05.2025,,EU_DDMMYYYY,15.05.2025,,EU_DDMMYYYY,,,,
2025-05-23,21,Beaching / Arrival,ULSAN,CONTAINER,2422.0,,"Chattogram, Bangladesh",,,2025-05-13,2025-05-16,,star_asia_2025_W21_Market-report-Week-21.pdf,13.05.2025,,EU_DDMMYYYY,16.05.2025,,EU_DDMMYYYY,,,,
2025-05-23,21,Beaching / Arrival,RUN FU 6,BULKER,6258.0,,"Chattogram, Bangladesh",,,2025-05-06,2025-05-14,,star_asia_2025_W21_Market-report-Week-21.pdf,06.05.2025,,EU_DDMMYYYY,14.05.2025,,EU_DDMMYYYY,,,,
2025-05-23,21,Beaching / Arrival,SEA DOVE,BULKER,7918.0,,"Chattogram, Bangladesh",,,2025-04-24,2025-05-01,,star_asia_2025_W21_Market-report-Week-21.pdf,24.04.2025,,EU_DDMMYYYY,01.05.2025,,EU_DDMMYYYY,,,,
2025-05-23,21,Beaching / Arrival,FAINIT,FISHING,744.0,,"Aliaga, Turkey",,,2025-05-21,,,star_asia_2025_W21_Market-report-Week-21.pdf,21.05.2025,,EU_DDMMYYYY,AWAITING,AWAITING,STATUS,,,,
2025-05-23,21,Beaching / Arrival,SIDIMI,RORO,2985.0,,"Aliaga, Turkey",,,2025-05-16,,,star_asia_2025_W21_Market-report-Week-21.pdf,16.05.2025,,EU_DDMMYYYY,AWAITING,AWAITING,STATUS,,,,
2025-05-23,21,Beaching / Arrival,HUAQUAN,SUPPLY,1412.0,,"Aliaga, Turkey",,,2025-05-16,,,star_asia_2025_W21_Market-report-Week-21.pdf,16.05.2025,,EU_DDMMYYYY,AWAITING,AWAITING,STATUS,,,,
2025-05-23,21,Beaching / Arrival,XIE HAI,BULKER,10346.0,,"Aliaga, Turkey",,,2025-05-15,2025-05-19,,star_asia_2025_W21_Market-report-Week-21.pdf,15.05.2025,,EU_DDMMYYYY,19.05.2025,,EU_DDMMYYYY,,,,
2025-05-23,21,Beaching / Arrival,FIRST 1,WOOD CHIP,7951.0,,"Aliaga, Turkey",,,2025-05-15,2025-05-19,,star_asia_2025_W21_Market-report-Week-21.pdf,15.05.2025,,EU_DDMMYYYY,19.05.2025,,EU_DDMMYYYY,,,,
2025-05-23,21,Beaching / Arrival,VISTAR,BULKER,10693.0,,"Aliaga, Turkey",,,2025-05-13,2025-05-17,,star_asia_2025_W21_Market-report-Week-21.pdf,13.05.2025,,EU_DDMMYYYY,17.05.2025,,EU_DDMMYYYY,,,,
2025-05-23,21,Beaching / Arrival,WOODS,WOODCHIP,9462.0,,"Aliaga, Turkey",,,2025-05-08,2025-05-15,,star_asia_2025_W21_Market-report-Week-21.pdf,08.05.2025,,EU_DDMMYYYY,15.05.2025,,EU_DDMMYYYY,,,,
2025-05-23,21,Beaching / Arrival,EM UNITY,TANKER,15672.0,,"Aliaga, Turkey",,,2025-05-05,2025-05-15,,star_asia_2025_W21_Market-report-Week-21.pdf,05.05.2025,,EU_DDMMYYYY,15.05.2025,,EU_DDMMYYYY,,,,
2025-05-23,21,Beaching / Arrival,CHARLENE,BULKER,6071.0,,"Aliaga, Turkey",,,2025-05-05,2025-05-12,,star_asia_2025_W21_Market-report-Week-21.pdf,05.05.2025,,EU_DDMMYYYY,12.05.2025,,EU_DDMMYYYY,,,,
2025-05-23,21,Beaching / Arrival,HU GANG YIN 2,OFFSHORE,4351.3,,"Aliaga, Turkey",,,2025-05-05,2025-05-13,,star_asia_2025_W21_Market-report-Week-21.pdf,05.05.2025,,EU_DDMMYYYY,13.05.2025,,EU_DDMMYYYY,,,,
2025-05-23,21,Beaching / Arrival,OHRYU,RORO,2468.0,,"Aliaga, Turkey",,,2025-04-27,2025-05-01,,star_asia_2025_W21_Market-report-Week-21.pdf,27.04.2025,,EU_DDMMYYYY,01.05.2025,,EU_DDMMYYYY,,,,
2025-05-30,22,Reported Sale,LONG 1,WOODS CHIP,11200.0,,"Chattogram, Bangladesh",1990,JAPAN,,,DELIVERED CHATTOGRAM,star_asia_2025_W22_Market-report-Week-22.pdf,,,,,,,,,,
2025-05-30,22,Reported Sale,ABRAHAM M,BULKER,5600.0,,"Chattogram, Bangladesh",1996,CHINA,,,DELIVERED CHATTOGRAM,star_asia_2025_W22_Market-report-Week-22.pdf,,,,,,,,,,
2025-05-30,22,Beaching / Arrival,LORD 17,GENERAL CARGO,2583.0,,"Chattogram, Bangladesh",,,2025-04-12,,,star_asia_2025_W22_Market-report-Week-22.pdf,12.04.2025,,EU_DDMMYYYY,AWAITING,AWAITING,STATUS,,,,
2025-05-30,22,Beaching / Arrival,NIRVANA,TANKER,9623.0,,"Chattogram, Bangladesh",,,2025-05-07,,,star_asia_2025_W22_Market-report-Week-22.pdf,07.05.2025,,EU_DDMMYYYY,AWAITING,AWAITING,STATUS,,,,
2025-05-30,22,Beaching / Arrival,RIGHT,PASSENGER SHIP,11781.0,,"Chattogram, Bangladesh",,,2025-05-13,2025-05-15,,star_asia_2025_W22_Market-report-Week-22.pdf,13.05.2025,,EU_DDMMYYYY,15.05.2025,,EU_DDMMYYYY,,,,
2025-05-30,22,Beaching / Arrival,ULSAN,CONTAINER,2422.0,,"Chattogram, Bangladesh",,,2025-05-13,2025-05-16,,star_asia_2025_W22_Market-report-Week-22.pdf,13.05.2025,,EU_DDMMYYYY,16.05.2025,,EU_DDMMYYYY,,,,
2025-05-30,22,Beaching / Arrival,RUN FU 6,BULKER,6258.0,,"Chattogram, Bangladesh",,,2025-05-06,2025-05-14,,star_asia_2025_W22_Market-report-Week-22.pdf,06.05.2025,,EU_DDMMYYYY,14.05.2025,,EU_DDMMYYYY,,,,
2025-05-30,22,Beaching / Arrival,SEA DOVE,BULKER,7918.0,,"Chattogram, Bangladesh",,,2025-04-24,2025-05-01,,star_asia_2025_W22_Market-report-Week-22.pdf,24.04.2025,,EU_DDMMYYYY,01.05.2025,,EU_DDMMYYYY,,,,
2025-05-30,22,Beaching / Arrival,YONG EXPRESS,WOODCHIP,8857.0,,"Chattogram, Bangladesh",,,2025-05-22,,,star_asia_2025_W22_Market-report-Week-22.pdf,22.05.2025,,EU_DDMMYYYY,AWAITING,AWAITING,STATUS,,,,
2025-05-30,22,Beaching / Arrival,SIDIMI,RORO,2985.0,,"Chattogram, Bangladesh",,,2025-05-16,,,star_asia_2025_W22_Market-report-Week-22.pdf,16.05.2025,,EU_DDMMYYYY,AWAITING,AWAITING,STATUS,,,,
2025-05-30,22,Beaching / Arrival,FIANIT,FISHING,744.0,,"Chattogram, Bangladesh",,,2025-05-21,2025-05-27,,star_asia_2025_W22_Market-report-Week-22.pdf,21.05.2025,,EU_DDMMYYYY,27.05.2025,,EU_DDMMYYYY,,,,
2025-05-30,22,Beaching / Arrival,LONG 1,WOODCHIP,10634.0,,"Chattogram, Bangladesh",,,2025-05-22,2025-05-27,,star_asia_2025_W22_Market-report-Week-22.pdf,22.05.2025,,EU_DDMMYYYY,27.05.2025,,EU_DDMMYYYY,,,,
2025-05-30,22,Beaching / Arrival,HUAQUAN,SUPPLY TUG,1412.0,,"Chattogram, Bangladesh",,,2025-05-17,2025-05-25,,star_asia_2025_W22_Market-report-Week-22.pdf,17.05.2025,,EU_DDMMYYYY,25.05.2025,,EU_DDMMYYYY,,,,
2025-05-30,22,Beaching / Arrival,XIE HAI,BULKER,10346.0,,"Chattogram, Bangladesh",,,2025-05-15,2025-05-19,,star_asia_2025_W22_Market-report-Week-22.pdf,15.05.2025,,EU_DDMMYYYY,19.05.2025,,EU_DDMMYYYY,,,,
2025-05-30,22,Beaching / Arrival,FIRST 1,WOOD CHIP,7951.0,,"Chattogram, Bangladesh",,,2025-05-15,2025-05-19,,star_asia_2025_W22_Market-report-Week-22.pdf,15.05.2025,,EU_DDMMYYYY,19.05.2025,,EU_DDMMYYYY,,,,
2025-05-30,22,Beaching / Arrival,VISTAR,BULKER,10693.0,,"Chattogram, Bangladesh",,,2025-05-13,2025-05-17,,star_asia_2025_W22_Market-report-Week-22.pdf,13.05.2025,,EU_DDMMYYYY,17.05.2025,,EU_DDMMYYYY,,,,
2025-06-06,23,Reported Sale,BERGE FUJI,ORE CARRIER,37379.0,440.0,"Chattogram, Bangladesh",1996,JAPAN,,,DELIVERED CHATTOGRAM,star_asia_2025_W23_Market-report-Week-23.pdf,,,,,,,,,,
2025-06-06,23,Reported Sale,RUN FU 2,BULKER,5841.0,435.0,"Alang, India",1995,JAPAN,,,DELVIERED ALANG / GADANI,star_asia_2025_W23_Market-report-Week-23.pdf,,,,,,,,,,
2025-06-06,23,Beaching / Arrival,DHEZI,TANKER,10470.0,,"Chattogram, Bangladesh",,,2025-06-04,,,star_asia_2025_W23_Market-report-Week-23.pdf,04.06.2025,,EU_DDMMYYYY,AWATING,AWAITING,STATUS,,,,
2025-06-06,23,Beaching / Arrival,MIMI,GENERAL CARGO,1227.0,,"Chattogram, Bangladesh",,,2025-06-03,,,star_asia_2025_W23_Market-report-Week-23.pdf,03.06.2025,,EU_DDMMYYYY,AWAITING,AWAITING,STATUS,,,,
2025-06-06,23,Beaching / Arrival,ASMAA,BULKER,7616.0,,"Chattogram, Bangladesh",,,2025-06-02,,,star_asia_2025_W23_Market-report-Week-23.pdf,02.06.2025,,EU_DDMMYYYY,AWAITING,AWAITING,STATUS,,,,
2025-06-06,23,Beaching / Arrival,LORD 17,GENERAL CARGO,2583.0,,"Chattogram, Bangladesh",,,2025-04-12,,,star_asia_2025_W23_Market-report-Week-23.pdf,12.04.2025,,EU_DDMMYYYY,AWAITING,AWAITING,STATUS,,,,
2025-06-06,23,Beaching / Arrival,NIRVANA,TANKER,9623.0,,"Chattogram, Bangladesh",,,2025-05-07,,,star_asia_2025_W23_Market-report-Week-23.pdf,07.05.2025,,EU_DDMMYYYY,AWAITING,AWAITING,STATUS,,,,
2025-06-06,23,Beaching / Arrival,SIDIMI,RORO,2985.0,,"Chattogram, Bangladesh",,,2025-05-16,,,star_asia_2025_W23_Market-report-Week-23.pdf,16.05.2025,,EU_DDMMYYYY,AWAITING,AWAITING,STATUS,,,,
2025-06-06,23,Beaching / Arrival,PETE,BULKER,10176.0,,"Chattogram, Bangladesh",,,2025-05-27,2025-06-05,,star_asia_2025_W23_Market-report-Week-23.pdf,27.05.2025,,EU_DDMMYYYY,05.06.2025,,EU_DDMMYYYY,,,,
2025-06-13,24,Reported Sale,MAHARSHI PARASHURAM,TANKER,18263.0,395.0,,2002,INDIA,,,AS IS COLOMBO IN SCI BIDDING PLATFORM,star_asia_2025_W24_Market-report-Week-24.pdf,,,,,,,,,,
2025-06-13,24,Reported Sale,OCEAN STAR,BULKER,6123.0,,"Alang, India",1995,JAPAN,,,DELIVERED ALANG,star_asia_2025_W24_Market-report-Week-24.pdf,,,,,,,,,,
2025-06-13,24,Beaching / Arrival,CONICO ATLAS,TANKER,20001.0,,"Chattogram, Bangladesh",,,2025-06-13,,,star_asia_2025_W24_Market-report-Week-24.pdf,13.06.2025,,EU_DDMMYYYY,AWAITING,AWAITING,STATUS,,,,
2025-06-13,24,Beaching / Arrival,BIRA,CONTAINER,2063.0,,"Chattogram, Bangladesh",,,2025-06-11,,,star_asia_2025_W24_Market-report-Week-24.pdf,11.06.2025,,EU_DDMMYYYY,AWAITING,AWAITING,STATUS,,,,
2025-06-13,24,Beaching / Arrival,LORD 17,GENERAL CARGO,2583.0,,"Chattogram, Bangladesh",,,2025-04-12,,,star_asia_2025_W24_Market-report-Week-24.pdf,12.04.2025,,EU_DDMMYYYY,AWAITING,AWAITING,STATUS,,,,
2025-06-13,24,Beaching / Arrival,NIRVANA,TANKER,9623.0,,"Chattogram, Bangladesh",,,2025-05-07,,,star_asia_2025_W24_Market-report-Week-24.pdf,07.05.2025,,EU_DDMMYYYY,AWAITING,AWAITING,STATUS,,,,
2025-06-13,24,Beaching / Arrival,DHEZI,TANKER,10470.0,,"Chattogram, Bangladesh",,,2025-06-04,2025-06-12,,star_asia_2025_W24_Market-report-Week-24.pdf,04.06.2025,,EU_DDMMYYYY,12.06.2025,,EU_DDMMYYYY,,,,
2025-06-13,24,Beaching / Arrival,MIMI,GENERAL CARGO,1227.0,,"Chattogram, Bangladesh",,,2025-06-03,2025-06-10,,star_asia_2025_W24_Market-report-Week-24.pdf,03.06.2025,,EU_DDMMYYYY,10.06.2025,,EU_DDMMYYYY,,,,
2025-06-13,24,Beaching / Arrival,ASMAA,BULKER,7616.0,,"Chattogram, Bangladesh",,,2025-06-02,2025-06-10,,star_asia_2025_W24_Market-report-Week-24.pdf,02.06.2025,,EU_DDMMYYYY,10.06.2025,,EU_DDMMYYYY,,,,
2025-06-13,24,Beaching / Arrival,SIDIMI,RORO,2985.0,,"Chattogram, Bangladesh",,,2025-05-16,,,star_asia_2025_W24_Market-report-Week-24.pdf,16.05.2025,,EU_DDMMYYYY,AWAITING,AWAITING,STATUS,,,,
2025-06-13,24,Beaching / Arrival,PETE,BULKER,10176.0,,"Aliaga, Turkey",,,2025-05-27,2025-06-05,,star_asia_2025_W24_Market-report-Week-24.pdf,27.05.2025,,EU_DDMMYYYY,05.06.2025,,EU_DDMMYYYY,,,,
2025-06-20,25,Reported Sale,FP FUTURE,WOODCHIP,9800.0,452.0,"Alang, India",2002,JAPAN,,,DELIVERED ALANG WITH SIGNIFICANT QUANTITIES OF BUNKERS ROB,star_asia_2025_W25_Market-report-Week-25.pdf,,,,,,,,,,
2025-06-20,25,Reported Sale,PACIFIC K,BULKER,,435.0,"Gaddani, Pakistan",1996,JAPAN,,,DELIVERED GADDANI,star_asia_2025_W25_Market-report-Week-25.pdf,,,,,,,,,,
2025-06-20,25,Reported Sale,BIRA,CONTAINER,2063.0,,"Alang, India",1998,S.KOREA,,,DELIVERED ALANG,star_asia_2025_W25_Market-report-Week-25.pdf,,,,,,,,,,
2025-06-20,25,Reported Sale,CONICO ATLAS,TANKER,20001.0,,"Alang, India",2004,S.KOREA,,,DELIVERED ALANG,star_asia_2025_W25_Market-report-Week-25.pdf,,,,,,,,,,
2025-06-20,25,Beaching / Arrival,CONICO ATLAS,TANKER,20001.0,,"Alang, India",,,2025-06-13,,,star_asia_2025_W25_Market-report-Week-25.pdf,13.06.2025,,EU_DDMMYYYY,AWAITING,AWAITING,STATUS,,,,
2025-06-20,25,Beaching / Arrival,NIRVANA,TANKER,9623.0,,"Alang, India",,,2025-05-07,,,star_asia_2025_W25_Market-report-Week-25.pdf,07.05.2025,,EU_DDMMYYYY,AWAITING,AWAITING,STATUS,,,,
2025-06-20,25,Beaching / Arrival,UKHAN,LNG,32467.0,,"Alang, India",,,2025-06-16,2025-06-17,,star_asia_2025_W25_Market-report-Week-25.pdf,16.06.2025,,EU_DDMMYYYY,17.06.2025,,EU_DDMMYYYY,,,,
2025-06-20,25,Beaching / Arrival,BIRA,CONTAINER,2063.0,,"Alang, India",,,2025-06-11,2025-06-16,,star_asia_2025_W25_Market-report-Week-25.pdf,11.06.2025,,EU_DDMMYYYY,16.06.2025,,EU_DDMMYYYY,,,,
2025-06-20,25,Beaching / Arrival,LORD 17,GENERAL CARGO,2583.0,,"Alang, India",,,2025-04-12,2025-06-14,,star_asia_2025_W25_Market-report-Week-25.pdf,12.04.2025,,EU_DDMMYYYY,14.06.2025,,EU_DDMMYYYY,,,,
2025-06-20,25,Beaching / Arrival,DHEZI,TANKER,10470.0,,"Alang, India",,,2025-06-04,2025-06-12,,star_asia_2025_W25_Market-report-Week-25.pdf,04.06.2025,,EU_DDMMYYYY,12.06.2025,,EU_DDMMYYYY,,,,
2025-06-20,25,Beaching / Arrival,MIMI,GENERAL CARGO,1227.0,,"Alang, India",,,2025-06-03,2025-06-10,,star_asia_2025_W25_Market-report-Week-25.pdf,03.06.2025,,EU_DDMMYYYY,10.06.2025,,EU_DDMMYYYY,,,,
2025-06-20,25,Beaching / Arrival,ASMAA,BULKER,7616.0,,"Alang, India",,,2025-06-02,2025-06-10,,star_asia_2025_W25_Market-report-Week-25.pdf,02.06.2025,,EU_DDMMYYYY,10.06.2025,,EU_DDMMYYYY,,,,
2025-06-20,25,Beaching / Arrival,SIDIMI,RORO,2985.0,,"Chattogram, Bangladesh",,,2025-05-16,2025-06-16,,star_asia_2025_W25_Market-report-Week-25.pdf,16.05.2025,,EU_DDMMYYYY,16.06.2025,,EU_DDMMYYYY,,,,
2025-06-20,25,Beaching / Arrival,PETE,BULKER,10176.0,,"Chattogram, Bangladesh",,,2025-05-27,2025-06-05,,star_asia_2025_W25_Market-report-Week-25.pdf,27.05.2025,,EU_DDMMYYYY,05.06.2025,,EU_DDMMYYYY,,,,
2025-06-20,25,Beaching / Arrival,PACIFIC K,BULKER,10386.0,,"Chattogram, Bangladesh",,,2025-06-10,,,star_asia_2025_W25_Market-report-Week-25.pdf,10.06.2025,,EU_DDMMYYYY,AWAITING,AWAITING,STATUS,,,,
2025-06-27,25,Reported Sale,BITUMEN PRINCESS,TANKER,288390.0,345.0,"Alang, India",1995,S. KOREA,,,DELIVERED ALANG,star_asia_2025_W26_Market-report-Week-26.pdf,,,,,,,,,,
2025-06-27,25,Reported Sale,ANG MIN,BULKER,11243.0,445.0,"Chattogram, Bangladesh",1998,JAPAN,,,DELIVERED CHATTOGRAM,star_asia_2025_W26_Market-report-Week-26.pdf,,,,,,,,,,
2025-06-27,25,Reported Sale,GAS SOECHI XXVIII,LPG,2179.0,419.0,"Chattogram, Bangladesh",1994,JAPAN,,,DELIVERED CHATTOGRAM,star_asia_2025_W26_Market-report-Week-26.pdf,,,,,,,,,,
2025-06-27,25,Reported Sale,HUGO,TUG,2631.0,500.0,"Chattogram, Bangladesh",1991,POLAND,,,DELVIERED CHATTOGRAM,star_asia_2025_W26_Market-report-Week-26.pdf,,,,,,,,,,
2025-06-27,25,Beaching / Arrival,CONTACT II,TANKER,9453.0,,"Chattogram, Bangladesh",,,2025-06-25,,,star_asia_2025_W26_Market-report-Week-26.pdf,25.06.2025,,EU_DDMMYYYY,AWAITING,AWAITING,STATUS,,,,
2025-06-27,25,Beaching / Arrival,CONICO ATLAS,TANKER,20001.0,,"Chattogram, Bangladesh",,,2025-06-13,,,star_asia_2025_W26_Market-report-Week-26.pdf,13.06.2025,,EU_DDMMYYYY,AWAITING,AWAITING,STATUS,,,,
2025-06-27,25,Beaching / Arrival,NIRVANA,TANKER,9623.0,,"Chattogram, Bangladesh",,,2025-05-07,,,star_asia_2025_W26_Market-report-Week-26.pdf,07.05.2025,,EU_DDMMYYYY,AWAITING,AWAITING,STATUS,,,,
2025-06-27,25,Beaching / Arrival,BITUMEN PRINCESS,TANKER,2884.0,,"Chattogram, Bangladesh",,,2025-06-25,2025-06-27,,star_asia_2025_W26_Market-report-Week-26.pdf,25.06.2025,,EU_DDMMYYYY,27.06.2025,,EU_DDMMYYYY,,,,
2025-06-27,25,Beaching / Arrival,UKHAN,LNG,32467.0,,"Chattogram, Bangladesh",,,2025-06-16,2025-06-17,,star_asia_2025_W26_Market-report-Week-26.pdf,16.06.2025,,EU_DDMMYYYY,17.06.2025,,EU_DDMMYYYY,,,,
2025-06-27,25,Beaching / Arrival,BIRA,CONTAINER,2063.0,,"Chattogram, Bangladesh",,,2025-06-11,2025-06-16,,star_asia_2025_W26_Market-report-Week-26.pdf,11.06.2025,,EU_DDMMYYYY,16.06.2025,,EU_DDMMYYYY,,,,
2025-06-27,25,Beaching / Arrival,LORD 17,GENERAL CARGO,2583.0,,"Chattogram, Bangladesh",,,2025-04-12,2025-06-14,,star_asia_2025_W26_Market-report-Week-26.pdf,12.04.2025,,EU_DDMMYYYY,14.06.2025,,EU_DDMMYYYY,,,,
2025-06-27,25,Beaching / Arrival,DHEZI,TANKER,10470.0,,"Chattogram, Bangladesh",,,2025-06-04,2025-06-12,,star_asia_2025_W26_Market-report-Week-26.pdf,04.06.2025,,EU_DDMMYYYY,12.06.2025,,EU_DDMMYYYY,,,,
2025-06-27,25,Beaching / Arrival,MIMI,GENERAL CARGO,1227.0,,"Chattogram, Bangladesh",,,2025-06-03,2025-06-10,,star_asia_2025_W26_Market-report-Week-26.pdf,03.06.2025,,EU_DDMMYYYY,10.06.2025,,EU_DDMMYYYY,,,,
2025-06-27,25,Beaching / Arrival,ASMAA,BULKER,7616.0,,"Chattogram, Bangladesh",,,2025-06-02,2025-06-10,,star_asia_2025_W26_Market-report-Week-26.pdf,02.06.2025,,EU_DDMMYYYY,10.06.2025,,EU_DDMMYYYY,,,,
2025-06-27,25,Beaching / Arrival,ABRAHIM M,BULKER,8997.0,,"Chattogram, Bangladesh",,,2025-06-26,,,star_asia_2025_W26_Market-report-Week-26.pdf,26.06.2025,,EU_DDMMYYYY,AWAITING,AWAITING,STATUS,,,,
2025-06-27,25,Beaching / Arrival,BERGE FUJI,ORE CARRIER,37379.0,,"Chattogram, Bangladesh",,,2025-06-23,,,star_asia_2025_W26_Market-report-Week-26.pdf,23.06.2025,,EU_DDMMYYYY,AWAITING,AWAITING,STATUS,,,,
2025-06-27,25,Beaching / Arrival,ANG MIN,BULKER,11243.0,,"Chattogram, Bangladesh",,,2025-06-23,,,star_asia_2025_W26_Market-report-Week-26.pdf,23.06.2025,,EU_DDMMYYYY,AWATIING,AWAITING,STATUS,,,,
2025-06-27,25,Beaching / Arrival,HUGO,TUG,2531.0,,"Chattogram, Bangladesh",,,2025-06-22,2025-06-26,,star_asia_2025_W26_Market-report-Week-26.pdf,22.06.2025,,EU_DDMMYYYY,26.06.2025,,EU_DDMMYYYY,,,,
2025-06-27,25,Beaching / Arrival,GAS SOECHI XXVIII,LPG,2179.0,,"Chattogram, Bangladesh",,,2025-06-21,2025-06-26,,star_asia_2025_W26_Market-report-Week-26.pdf,21.06.2025,,EU_DDMMYYYY,26.06.2025,,EU_DDMMYYYY,,,,
2025-06-27,25,Beaching / Arrival,SIDIMI,RORO,2985.0,,"Chattogram, Bangladesh",,,2025-05-16,2025-06-16,,star_asia_2025_W26_Market-report-Week-26.pdf,16.05.2025,,EU_DDMMYYYY,16.06.2025,,EU_DDMMYYYY,,,,
2025-06-27,25,Beaching / Arrival,PETE,BULKER,10176.0,,"Aliaga, Turkey",,,2025-05-27,2025-06-05,,star_asia_2025_W26_Market-report-Week-26.pdf,27.05.2025,,EU_DDMMYYYY,05.06.2025,,EU_DDMMYYYY,,,,
2025-06-27,25,Beaching / Arrival,PACIFIC K,BULKER,10386.0,,"Aliaga, Turkey",,,2025-06-10,,,star_asia_2025_W26_Market-report-Week-26.pdf,10.06.2025,,EU_DDMMYYYY,AWAITING,AWAITING,STATUS,,,,
2025-07-05,27,Reported Sale,DK 03,BULKER,7809.0,390.0,"Chattogram, Bangladesh",1994,JAPAN,,,DELIVERED CHATTOGRAM,star_asia_2025_W27_Market-report-Week-27.pdf,,,,,,,,,,
2025-07-05,27,Reported Sale,BONTRUP PEARL,BULKER,11290.85,420.0,"Alang, India",1984,JAPAN,,,DELIVERED ALANG (W/ 200T ROB),star_asia_2025_W27_Market-report-Week-27.pdf,,,,,,,,,,
2025-07-05,27,Reported Sale,WINCA,BULKER,5964.0,430.0,"Gaddani, Pakistan",1994,JAPAN,,,DELIVERED GADDANI,star_asia_2025_W27_Market-report-Week-27.pdf,,,,,,,,,,
2025-07-05,27,Beaching / Arrival,RUN FU 2,BULKER,6183.0,,"Chattogram, Bangladesh",,,2025-07-04,,,star_asia_2025_W27_Market-report-Week-27.pdf,04.07.2025,,EU_DDMMYYYY,AWAITING,AWAITING,STATUS,,,,
2025-07-05,27,Beaching / Arrival,CONICO ATLAS,TANKER,20001.0,,"Chattogram, Bangladesh",,,2025-06-13,,,star_asia_2025_W27_Market-report-Week-27.pdf,13.06.2025,,EU_DDMMYYYY,AWAITING,AWAITING,STATUS,,,,
2025-07-05,27,Beaching / Arrival,NIRVANA,TANKER,9623.0,,"Chattogram, Bangladesh",,,2025-05-07,,,star_asia_2025_W27_Market-report-Week-27.pdf,07.05.2025,,EU_DDMMYYYY,AWAITING,AWAITING,STATUS,,,,
2025-07-05,27,Beaching / Arrival,ANG MIN,BULKER,11243.0,,"Chattogram, Bangladesh",,,2025-06-23,2025-07-02,,star_asia_2025_W27_Market-report-Week-27.pdf,23.06.2025,,EU_DDMMYYYY,02.07.2025,,EU_DDMMYYYY,,,,
2025-07-05,27,Beaching / Arrival,NASO,BULKER,23292.0,,"Chattogram, Bangladesh",,,2025-06-27,2025-07-01,,star_asia_2025_W27_Market-report-Week-27.pdf,27.06.2025,,EU_DDMMYYYY,01.07.2025,,EU_DDMMYYYY,,,,
2025-07-05,27,Beaching / Arrival,ABRAHIM M,BULKER,8997.0,,"Chattogram, Bangladesh",,,2025-06-26,2025-07-01,,star_asia_2025_W27_Market-report-Week-27.pdf,26.06.2025,,EU_DDMMYYYY,01.07.2025,,EU_DDMMYYYY,,,,
2025-07-11,28,Reported Sale,HYUNDAI COSMOPIA,LNG,34040.0,580.0,,2000,S.KOREA,,,"AS IS BATAM, INDONESIA. STAINLESS STEEL AND ALUMINIUM CONTENT",star_asia_2025_W28_Market-report-Week-28.pdf,,,,,,,,,,
2025-07-11,28,Beaching / Arrival,RUN FU 2,BULKER,6183.0,,"Chattogram, Bangladesh",,,2025-07-04,,,star_asia_2025_W28_Market-report-Week-28.pdf,04.07.2025,,EU_DDMMYYYY,AWAITING,AWAITING,STATUS,,,,
2025-07-11,28,Beaching / Arrival,CONICO ATLAS,TANKER,20001.0,,"Chattogram, Bangladesh",,,2025-06-13,,,star_asia_2025_W28_Market-report-Week-28.pdf,13.06.2025,,EU_DDMMYYYY,AWAITING,AWAITING,STATUS,,,,
2025-07-11,28,Beaching / Arrival,NIRVANA,TANKER,9623.0,,"Chattogram, Bangladesh",,,2025-05-07,,,star_asia_2025_W28_Market-report-Week-28.pdf,07.05.2025,,EU_DDMMYYYY,AWAITING,AWAITING,STATUS,,,,
2025-07-11,28,Beaching / Arrival,INDIA,TANKER,17647.0,,"Chattogram, Bangladesh",,,2025-07-10,2025-07-11,,star_asia_2025_W28_Market-report-Week-28.pdf,10.07.2025,,EU_DDMMYYYY,11.07.2025,,EU_DDMMYYYY,,,,
2025-07-11,28,Beaching / Arrival,ENTERPRISE,CONTAINER,16745.0,,"Chattogram, Bangladesh",,,2025-07-09,2025-07-10,,star_asia_2025_W28_Market-report-Week-28.pdf,09.07.2025,,EU_DDMMYYYY,10.07.2025,,EU_DDMMYYYY,,,,
2025-07-11,28,Beaching / Arrival,TECHNO,LNG CARRIER,34047.0,,"Chattogram, Bangladesh",,,2025-07-08,2025-07-10,,star_asia_2025_W28_Market-report-Week-28.pdf,08.07.2025,,EU_DDMMYYYY,10.07.2025,,EU_DDMMYYYY,,,,
2025-07-11,28,Beaching / Arrival,RASI,LNG,30770.0,,"Aliaga, Turkey",,,2025-07-06,2025-07-07,,star_asia_2025_W28_Market-report-Week-28.pdf,06.07.2025,,EU_DDMMYYYY,07.07.2025,,EU_DDMMYYYY,,,,
2025-07-11,28,Beaching / Arrival,ANG MIN,BULKER,11243.0,,"Aliaga, Turkey",,,2025-06-23,2025-07-02,,star_asia_2025_W28_Market-report-Week-28.pdf,23.06.2025,,EU_DDMMYYYY,02.07.2025,,EU_DDMMYYYY,,,,
2025-07-11,28,Beaching / Arrival,NASO,BULKER,23292.0,,"Aliaga, Turkey",,,2025-06-27,2025-07-01,,star_asia_2025_W28_Market-report-Week-28.pdf,27.06.2025,,EU_DDMMYYYY,01.07.2025,,EU_DDMMYYYY,,,,
2025-07-11,28,Beaching / Arrival,ABRAHIM M,BULKER,8997.0,,"Aliaga, Turkey",,,2025-06-26,2025-07-01,,star_asia_2025_W28_Market-report-Week-28.pdf,26.06.2025,,EU_DDMMYYYY,01.07.2025,,EU_DDMMYYYY,,,,
2025-07-18,29,Reported Sale,GREEN EGERSUND,REEFER,2976.0,,"Alang, India",1990,NORWAY,,,DELIVERED ALANG,star_asia_2025_W29_Market-report-Week-29.pdf,,,,,,,,,,
2025-07-18,29,Beaching / Arrival,APIA,LNG,34060.0,,"Chattogram, Bangladesh",,,2025-07-18,,,star_asia_2025_W29_Market-report-Week-29.pdf,18.07.2025,,EU_DDMMYYYY,AWAITING,AWAITING,STATUS,,,,
2025-07-18,29,Beaching / Arrival,BONTRUP PEARL,BULKER,11377.0,,"Chattogram, Bangladesh",,,2025-07-16,,,star_asia_2025_W29_Market-report-Week-29.pdf,16.07.2025,,EU_DDMMYYYY,AWAITING,AWAITING,STATUS,,,,
2025-07-18,29,Beaching / Arrival,ORIENT BROTHER,GENERAL CARGO,1067.0,,"Chattogram, Bangladesh",,,2025-07-16,,,star_asia_2025_W29_Market-report-Week-29.pdf,16.07.2025,,EU_DDMMYYYY,AWAITING,AWAITING,STATUS,,,,
2025-07-18,29,Beaching / Arrival,CONICO ATLAS,TANKER,20001.0,,"Chattogram, Bangladesh",,,2025-06-13,,,star_asia_2025_W29_Market-report-Week-29.pdf,13.06.2025,,EU_DDMMYYYY,AWAITING,AWAITING,STATUS,,,,
2025-07-18,29,Beaching / Arrival,NIRVANA,TANKER,9623.0,,"Chattogram, Bangladesh",,,2025-05-07,,,star_asia_2025_W29_Market-report-Week-29.pdf,07.05.2025,,EU_DDMMYYYY,AWAITING,AWAITING,STATUS,,,,
2025-07-18,29,Beaching / Arrival,RUN FU 2,BULKER,6183.0,,"Chattogram, Bangladesh",,,2025-07-04,2025-07-17,,star_asia_2025_W29_Market-report-Week-29.pdf,04.07.2025,,EU_DDMMYYYY,17.07.2025,,EU_DDMMYYYY,,,,
2025-07-18,29,Beaching / Arrival,INDIA,TANKER,17647.0,,"Chattogram, Bangladesh",,,2025-07-10,2025-07-11,,star_asia_2025_W29_Market-report-Week-29.pdf,10.07.2025,,EU_DDMMYYYY,11.07.2025,,EU_DDMMYYYY,,,,
2025-07-18,29,Beaching / Arrival,ENTERPRISE,CONTAINER,16745.0,,"Chattogram, Bangladesh",,,2025-07-09,2025-07-10,,star_asia_2025_W29_Market-report-Week-29.pdf,09.07.2025,,EU_DDMMYYYY,10.07.2025,,EU_DDMMYYYY,,,,
2025-07-18,29,Beaching / Arrival,TECHNO,LNG CARRIER,34047.0,,"Chattogram, Bangladesh",,,2025-07-08,2025-07-10,,star_asia_2025_W29_Market-report-Week-29.pdf,08.07.2025,,EU_DDMMYYYY,10.07.2025,,EU_DDMMYYYY,,,,
2025-07-18,29,Beaching / Arrival,TRAWIND GLORY,GENERAL CARGO,1026.0,,"Chattogram, Bangladesh",,,2025-07-16,,,star_asia_2025_W29_Market-report-Week-29.pdf,16.07.2025,,EU_DDMMYYYY,AWAITING,AWAITING,STATUS,,,,
2025-07-18,29,Beaching / Arrival,GOLD,GENERAL CARGO,2445.0,,"Chattogram, Bangladesh",,,2025-07-14,,,star_asia_2025_W29_Market-report-Week-29.pdf,14.07.2025,,EU_DDMMYYYY,AWAITING,AWAITING,STATUS,,,,
2025-07-18,29,Beaching / Arrival,MEIZAN MARU,CEMENT CARRIER,835.0,,"Chattogram, Bangladesh",,,2025-07-11,,,star_asia_2025_W29_Market-report-Week-29.pdf,11.07.2025,,EU_DDMMYYYY,AWAITING,AWAITING,STATUS,,,,
2025-07-18,29,Beaching / Arrival,SUR,LNG,30770.0,,"Chattogram, Bangladesh",,,2025-07-15,2025-07-17,,star_asia_2025_W29_Market-report-Week-29.pdf,15.07.2025,,EU_DDMMYYYY,17.07.2025,,EU_DDMMYYYY,,,,
2025-07-18,29,Beaching / Arrival,RASI,LNG,30770.0,,"Chattogram, Bangladesh",,,2025-07-06,2025-07-07,,star_asia_2025_W29_Market-report-Week-29.pdf,06.07.2025,,EU_DDMMYYYY,07.07.2025,,EU_DDMMYYYY,,,,
2025-07-18,29,Beaching / Arrival,ANG MIN,BULKER,11243.0,,"Chattogram, Bangladesh",,,2025-06-23,2025-07-02,,star_asia_2025_W29_Market-report-Week-29.pdf,23.06.2025,,EU_DDMMYYYY,02.07.2025,,EU_DDMMYYYY,,,,
2025-07-18,29,Beaching / Arrival,NASO,BULKER,23292.0,,"Chattogram, Bangladesh",,,2025-06-27,2025-07-01,,star_asia_2025_W29_Market-report-Week-29.pdf,27.06.2025,,EU_DDMMYYYY,01.07.2025,,EU_DDMMYYYY,,,,
2025-07-18,29,Beaching / Arrival,ABRAHIM M,BULKER,8997.0,,"Chattogram, Bangladesh",,,2025-06-26,2025-07-01,,star_asia_2025_W29_Market-report-Week-29.pdf,26.06.2025,,EU_DDMMYYYY,01.07.2025,,EU_DDMMYYYY,,,,
2025-07-18,29,Beaching / Arrival,WINCA,BULKER,5964.0,,"Chattogram, Bangladesh",,,2025-07-10,,,star_asia_2025_W29_Market-report-Week-29.pdf,10.07.2025,,EU_DDMMYYYY,AWAITING,AWAITING,STATUS,,,,
2025-07-25,30,Reported Sale,SENAZ,TANKER,2866.0,,"Alang, India",1993,NETHERLANDS,,,DELIVERED ALANG,star_asia_2025_W30_Market-report-Week-30.pdf,,,,,,,,,,
2025-07-25,30,Reported Sale,TWIN,BULKER,9777.0,445.0,,1994,JAPAN,,,DELIVERED GADANI,star_asia_2025_W30_Market-report-Week-30.pdf,,,,,,,,,,
2025-07-25,30,Reported Sale,MEIZAN MARU,CEMENT CARRIER,900.0,435.0,"Chattogram, Bangladesh",2003,JAPAN,,,DELIVERED CHATTOGRAM,star_asia_2025_W30_Market-report-Week-30.pdf,,,,,,,,,,
2025-07-25,30,Reported Sale,GREEN EGERSUND,REEFER,2990.0,440.0,"Alang, India",1990,NORWAY,,,DELIVERED ALANG,star_asia_2025_W30_Market-report-Week-30.pdf,,,,,,,,,,
2025-07-25,30,Beaching / Arrival,GREEN EGERSUND,REEFER,2976.0,,"Chattogram, Bangladesh",,,2025-07-24,,,star_asia_2025_W30_Market-report-Week-30.pdf,24.07.2025,,EU_DDMMYYYY,AWAITING,AWAITING,STATUS,,,,
2025-07-25,30,Beaching / Arrival,LUSAY,REEFER,2979.0,,"Chattogram, Bangladesh",,,2025-07-22,,,star_asia_2025_W30_Market-report-Week-30.pdf,22.07.2025,,EU_DDMMYYYY,AWAITING,AWAITING,STATUS,,,,
2025-07-25,30,Beaching / Arrival,CONICO ATLAS,TANKER,20001.0,,"Chattogram, Bangladesh",,,2025-06-13,,,star_asia_2025_W30_Market-report-Week-30.pdf,13.06.2025,,EU_DDMMYYYY,AWAITING,AWAITING,STATUS,,,,
2025-07-25,30,Beaching / Arrival,NIRVANA,TANKER,9623.0,,"Chattogram, Bangladesh",,,2025-05-07,,,star_asia_2025_W30_Market-report-Week-30.pdf,07.05.2025,,EU_DDMMYYYY,AWAITING,AWAITING,STATUS,,,,
2025-07-25,30,Beaching / Arrival,SENAZ,CHEMICAL TANKER,2921.0,,"Chattogram, Bangladesh",,,2025-07-22,2025-07-25,,star_asia_2025_W30_Market-report-Week-30.pdf,22.07.2025,,EU_DDMMYYYY,25.07.2025,,EU_DDMMYYYY,,,,
2025-07-25,30,Beaching / Arrival,ORIENT BROTHER,GENERAL CARGO,1067.0,,"Chattogram, Bangladesh",,,2025-07-16,2025-07-25,,star_asia_2025_W30_Market-report-Week-30.pdf,16.07.2025,,EU_DDMMYYYY,25.07.2025,,EU_DDMMYYYY,,,,
2025-07-25,30,Beaching / Arrival,GAMAII,TANKER,12857.0,,"Chattogram, Bangladesh",,,2025-07-21,2025-07-24,,star_asia_2025_W30_Market-report-Week-30.pdf,21.07.2025,,EU_DDMMYYYY,24.07.2025,,EU_DDMMYYYY,,,,
2025-07-25,30,Beaching / Arrival,CORSO MARINE,GENERAL CAARGO,3169.0,,"Chattogram, Bangladesh",,,2025-07-19,2025-07-24,,star_asia_2025_W30_Market-report-Week-30.pdf,19.07.2025,,EU_DDMMYYYY,24.07.2025,,EU_DDMMYYYY,,,,
2025-07-25,30,Beaching / Arrival,BONTRUP PEARL,BULKER,11377.0,,"Chattogram, Bangladesh",,,2025-07-16,2025-07-22,,star_asia_2025_W30_Market-report-Week-30.pdf,16.07.2025,,EU_DDMMYYYY,22.07.2025,,EU_DDMMYYYY,,,,
2025-07-25,30,Beaching / Arrival,APIA,LNG,34060.0,,"Chattogram, Bangladesh",,,2025-07-18,,,star_asia_2025_W30_Market-report-Week-30.pdf,18.07.2025,,EU_DDMMYYYY,,,,,,,
2025-07-25,30,Beaching / Arrival,RUN FU 2,BULKER,6183.0,,"Chattogram, Bangladesh",,,2025-07-04,2025-07-17,,star_asia_2025_W30_Market-report-Week-30.pdf,04.07.2025,,EU_DDMMYYYY,17.07.2025,,EU_DDMMYYYY,,,,
2025-07-25,30,Beaching / Arrival,INDIA,TANKER,17647.0,,"Chattogram, Bangladesh",,,2025-07-10,2025-07-11,,star_asia_2025_W30_Market-report-Week-30.pdf,10.07.2025,,EU_DDMMYYYY,11.07.2025,,EU_DDMMYYYY,,,,
2025-07-25,30,Beaching / Arrival,ENTERPRISE,CONTAINER,16745.0,,"Chattogram, Bangladesh",,,2025-07-09,2025-07-10,,star_asia_2025_W30_Market-report-Week-30.pdf,09.07.2025,,EU_DDMMYYYY,10.07.2025,,EU_DDMMYYYY,,,,
2025-07-25,30,Beaching / Arrival,TECHNO,LNG CARRIER,34047.0,,"Chattogram, Bangladesh",,,2025-07-08,2025-07-10,,star_asia_2025_W30_Market-report-Week-30.pdf,08.07.2025,,EU_DDMMYYYY,10.07.2025,,EU_DDMMYYYY,,,,
2025-07-25,30,Beaching / Arrival,TRAWIND GLORY,GENERAL CARGO,1026.0,,"Aliaga, Turkey",,,2025-07-16,2025-07-23,,star_asia_2025_W30_Market-report-Week-30.pdf,16.07.2025,,EU_DDMMYYYY,23.07.2025,,EU_DDMMYYYY,,,,
2025-07-25,30,Beaching / Arrival,GOLD,GENERAL CARGO,2445.0,,"Aliaga, Turkey",,,2025-07-14,2025-07-21,,star_asia_2025_W30_Market-report-Week-30.pdf,14.07.2025,,EU_DDMMYYYY,21.07.2025,,EU_DDMMYYYY,,,,
2025-07-25,30,Beaching / Arrival,MEIZAN MARU,CEMENT CARRIER,835.0,,"Aliaga, Turkey",,,2025-07-11,2025-07-12,,star_asia_2025_W30_Market-report-Week-30.pdf,11.07.2025,,EU_DDMMYYYY,12.07.2025,,EU_DDMMYYYY,,,,
2025-07-25,30,Beaching / Arrival,SUR,LNG,30770.0,,"Aliaga, Turkey",,,2025-07-15,2025-07-17,,star_asia_2025_W30_Market-report-Week-30.pdf,15.07.2025,,EU_DDMMYYYY,17.07.2025,,EU_DDMMYYYY,,,,
2025-07-25,30,Beaching / Arrival,RASI,LNG,30770.0,,"Aliaga, Turkey",,,2025-07-06,2025-07-07,,star_asia_2025_W30_Market-report-Week-30.pdf,06.07.2025,,EU_DDMMYYYY,07.07.2025,,EU_DDMMYYYY,,,,
2025-07-25,30,Beaching / Arrival,ANG MIN,BULKER,11243.0,,"Aliaga, Turkey",,,2025-06-23,2025-07-02,,star_asia_2025_W30_Market-report-Week-30.pdf,23.06.2025,,EU_DDMMYYYY,02.07.2025,,EU_DDMMYYYY,,,,
2025-07-25,30,Beaching / Arrival,NASO,BULKER,23292.0,,"Aliaga, Turkey",,,2025-06-27,2025-07-01,,star_asia_2025_W30_Market-report-Week-30.pdf,27.06.2025,,EU_DDMMYYYY,01.07.2025,,EU_DDMMYYYY,,,,
2025-07-25,30,Beaching / Arrival,ABRAHIM M,BULKER,8997.0,,"Aliaga, Turkey",,,2025-06-26,2025-07-01,,star_asia_2025_W30_Market-report-Week-30.pdf,26.06.2025,,EU_DDMMYYYY,01.07.2025,,EU_DDMMYYYY,,,,
2025-07-25,30,Beaching / Arrival,WINCA,BULKER,5964.0,,"Aliaga, Turkey",,,2025-07-10,,,star_asia_2025_W30_Market-report-Week-30.pdf,10.07.2025,,EU_DDMMYYYY,AWAITING,AWAITING,STATUS,,,,
2025-07-25,30,Beaching / Arrival,TWIN,BULKER,9797.0,,"Aliaga, Turkey",,,2025-07-13,,,star_asia_2025_W30_Market-report-Week-30.pdf,13.07.2025,,EU_DDMMYYYY,AWAITING,AWAITING,STATUS,,,,
2025-08-01,31,Reported Sale,R PISCES,BULKER,19935.0,,"Alang, India",2001,JAPAN,,,DELIVERED ALANG,star_asia_2025_W31_Market-report-Week-31.pdf,,,,,,,,,,
2025-08-01,31,Beaching / Arrival,AEWO,CHEM. TANKER,5245.0,,"Chattogram, Bangladesh",,,2025-07-30,,,star_asia_2025_W31_Market-report-Week-31.pdf,30.07.2025,,EU_DDMMYYYY,AWAITING,AWAITING,STATUS,,,,
2025-08-01,31,Beaching / Arrival,ANGE,TANKER,1974.0,,"Chattogram, Bangladesh",,,2025-07-29,,,star_asia_2025_W31_Market-report-Week-31.pdf,29.07.2025,,EU_DDMMYYYY,AWAITING,AWAITING,STATUS,,,,
2025-08-01,31,Beaching / Arrival,CONICO ATLAS,TANKER,20001.0,,"Chattogram, Bangladesh",,,2025-06-13,,,star_asia_2025_W31_Market-report-Week-31.pdf,13.06.2025,,EU_DDMMYYYY,AWAITING,AWAITING,STATUS,,,,
2025-08-01,31,Beaching / Arrival,NIRVANA,TANKER,9623.0,,"Chattogram, Bangladesh",,,2025-05-07,,,star_asia_2025_W31_Market-report-Week-31.pdf,07.05.2025,,EU_DDMMYYYY,AWAITING,AWAITING,STATUS,,,,
2025-08-01,31,Beaching / Arrival,LEONID,TANKER,13605.0,,"Chattogram, Bangladesh",,,2025-07-28,,,star_asia_2025_W31_Market-report-Week-31.pdf,28.07.2025,,EU_DDMMYYYY,AWAITING,AWAITING,STATUS,,,,
2025-08-09,32,Reported Sale,DALIAN,BULKER,21392.0,,"Chattogram, Bangladesh",2002,JAPAN,,,DELIVERED CHATTOGRAM,star_asia_2025_W32_Market-report-Week-32.pdf,,,,,,,,,,
2025-08-09,32,Reported Sale,BEST 8,G. CARGO,2571.0,388.0,,1995,JAPAN,,,DELIVERED GADANI,star_asia_2025_W32_Market-report-Week-32.pdf,,,,,,,,,,
2025-08-09,32,Reported Sale,SISTER 12,BULKER,2225.0,388.0,,1991,JAPAN,,,DELIVERED GADANI,star_asia_2025_W32_Market-report-Week-32.pdf,,,,,,,,,,
2025-08-09,32,Reported Sale,GAS PIONEER,LPG,1140.0,,"Alang, India",1992,NETHERLANDS,,,DELIVERED ALANG,star_asia_2025_W32_Market-report-Week-32.pdf,,,,,,,,,,
2025-08-09,32,Reported Sale,BOW FAGUS,TANKER,11189.0,,"Alang, India",1995,NORWAY,,,DELIVERED ALANG,star_asia_2025_W32_Market-report-Week-32.pdf,,,,,,,,,,
2025-08-09,32,Reported Sale,DK 03,BULKER,7809.0,386.0,"Chattogram, Bangladesh",1994,JAPAN,,,DELIVERED CHATTOGRAM,star_asia_2025_W32_Market-report-Week-32.pdf,,,,,,,,,,
2025-08-09,32,Reported Sale,GREAT ROYAL,BULKER,6580.0,383.0,"Chattogram, Bangladesh",1994,JAPAN,,,DELIVERED CHATTOGRAM,star_asia_2025_W32_Market-report-Week-32.pdf,,,,,,,,,,
2025-08-09,32,Beaching / Arrival,R PISCES,BULKER,19935.0,,"Chattogram, Bangladesh",,,2025-08-05,,,star_asia_2025_W32_Market-report-Week-32.pdf,05.08.2025,,EU_DDMMYYYY,AWAITING,AWAITING,STATUS,,,,
2025-08-09,32,Beaching / Arrival,ANGE,TANKER,1974.0,,"Chattogram, Bangladesh",,,2025-07-29,,,star_asia_2025_W32_Market-report-Week-32.pdf,29.07.2025,,EU_DDMMYYYY,AWAITING,AWAITING,STATUS,,,,
2025-08-09,32,Beaching / Arrival,CONICO ATLAS,TANKER,20001.0,,"Chattogram, Bangladesh",,,2025-06-13,,,star_asia_2025_W32_Market-report-Week-32.pdf,13.06.2025,,EU_DDMMYYYY,AWAITING,AWAITING,STATUS,,,,
2025-08-09,32,Beaching / Arrival,NIRVANA,TANKER,9623.0,,"Chattogram, Bangladesh",,,2025-05-07,,,star_asia_2025_W32_Market-report-Week-32.pdf,07.05.2025,,EU_DDMMYYYY,AWAITING,AWAITING,STATUS,,,,
2025-08-09,32,Beaching / Arrival,AEWO,CHEM. TANKER,5245.0,,"Chattogram, Bangladesh",,,2025-07-30,2025-08-06,,star_asia_2025_W32_Market-report-Week-32.pdf,30.07.2025,,EU_DDMMYYYY,06.08.2025,,EU_DDMMYYYY,,,,
2025-08-09,32,Beaching / Arrival,DK 03,BULKER,7809.0,,"Chattogram, Bangladesh",,,2025-08-04,,,star_asia_2025_W32_Market-report-Week-32.pdf,04.08.2025,,EU_DDMMYYYY,AWAITING,AWAITING,STATUS,,,,
2025-08-09,32,Beaching / Arrival,GREAT ROYAL,BULKER,6580.0,,"Chattogram, Bangladesh",,,2025-07-28,,,star_asia_2025_W32_Market-report-Week-32.pdf,28.07.2025,,EU_DDMMYYYY,AWAITING,AWAITING,STATUS,,,,
2025-08-09,32,Beaching / Arrival,WOND,TANKER,2229.0,,"Chattogram, Bangladesh",,,2025-08-03,,,star_asia_2025_W32_Market-report-Week-32.pdf,03.08.2025,,EU_DDMMYYYY,AWAITING,AWAITING,STATUS,,,,
2025-08-09,32,Beaching / Arrival,LEONID,TANKER,13605.0,,"Chattogram, Bangladesh",,,2025-07-28,,,star_asia_2025_W32_Market-report-Week-32.pdf,28.07.2025,,EU_DDMMYYYY,AWAITING,AWAITING,STATUS,,,,
2025-08-09,32,Beaching / Arrival,HUN,WOODCHIP,8915.0,,"Chattogram, Bangladesh",,,2025-08-09,,,star_asia_2025_W32_Market-report-Week-32.pdf,09.08.2025,,EU_DDMMYYYY,AWAITING,AWAITING,STATUS,,,,
2025-08-09,32,Beaching / Arrival,BEST 8,GENERAL CARGO,2571.0,,"Chattogram, Bangladesh",,,2025-07-30,2025-08-09,,star_asia_2025_W32_Market-report-Week-32.pdf,30.07.2025,,EU_DDMMYYYY,09.08.2025,,EU_DDMMYYYY,,,,
2025-08-09,32,Beaching / Arrival,ELIAN,BULKER,8118.0,,"Chattogram, Bangladesh",,,2025-07-31,2025-08-07,,star_asia_2025_W32_Market-report-Week-32.pdf,31.07.2025,,EU_DDMMYYYY,07.08.2025,,EU_DDMMYYYY,,,,
2025-08-15,33,Reported Sale,DLB KUROSHIO,PIPE LAYER,14981.0,,"Alang, India",1972,JAPAN,,,"AS IS BATAM, INDONESIA, FOR REDELIVERY ALANG",star_asia_2025_W33_Market-report-Week-33.pdf,,,,,,,,,,
2025-08-15,33,Reported Sale,DLB KUROSHIO II,PIPE LAYER,12960.0,,"Alang, India",1976,JAPAN,,,"AS IS BATAM, INDONESIA, FOR REDELIVERY ALANG",star_asia_2025_W33_Market-report-Week-33.pdf,,,,,,,,,,
2025-08-15,33,Reported Sale,OTARIA,TANKER,16884.0,,"Alang, India",2000,S. KOREA,,,DELIVERED ALANG,star_asia_2025_W33_Market-report-Week-33.pdf,,,,,,,,,,
2025-08-15,33,Reported Sale,WOND,TANKER,2229.0,390.0,"Chattogram, Bangladesh",1985,JAPAN,,,DELIVERED CHATTOGRAM,star_asia_2025_W33_Market-report-Week-33.pdf,,,,,,,,,,
2025-08-15,33,Reported Sale,SIMAS,GEN CARGO,5027.0,,"Alang, India",1991,JAPAN,,,DELIVERED ALANG,star_asia_2025_W33_Market-report-Week-33.pdf,,,,,,,,,,
2025-08-15,33,Beaching / Arrival,YA HUSSEIN,BULKER,5413.0,,"Chattogram, Bangladesh",,,2025-08-14,,,star_asia_2025_W33_Market-report-Week-33.pdf,14.08.2025,,EU_DDMMYYYY,AWAITING,AWAITING,STATUS,,,,
2025-08-15,33,Beaching / Arrival,OTARIA,TANKER,16885.0,,"Chattogram, Bangladesh",,,2025-08-08,,,star_asia_2025_W33_Market-report-Week-33.pdf,08.08.2025,,EU_DDMMYYYY,AWAITING,AWAITING,STATUS,,,,
2025-08-15,33,Beaching / Arrival,CONICO ATLAS,TANKER,20001.0,,"Chattogram, Bangladesh",,,2025-06-13,,,star_asia_2025_W33_Market-report-Week-33.pdf,13.06.2025,,EU_DDMMYYYY,AWAITING,AWAITING,STATUS,,,,
2025-08-15,33,Beaching / Arrival,NIRVANA,TANKER,9623.0,,"Chattogram, Bangladesh",,,2025-05-07,,,star_asia_2025_W33_Market-report-Week-33.pdf,07.05.2025,,EU_DDMMYYYY,AWAITING,AWAITING,STATUS,,,,
2025-08-15,33,Beaching / Arrival,SIA 20,GEN.CARGO,2410.0,,"Chattogram, Bangladesh",,,2025-08-09,2025-08-12,,star_asia_2025_W33_Market-report-Week-33.pdf,09.08.2025,,EU_DDMMYYYY,12.0-8.2025,,RECONSTRUCTED_8DIGIT,,,,
2025-08-15,33,Beaching / Arrival,R PISCES,BULKER,19935.0,,"Chattogram, Bangladesh",,,2025-08-05,2025-08-09,,star_asia_2025_W33_Market-report-Week-33.pdf,05.08.2025,,EU_DDMMYYYY,09.08.2025,,EU_DDMMYYYY,,,,
2025-08-15,33,Beaching / Arrival,ANGE,TANKER,1974.0,,"Chattogram, Bangladesh",,,2025-07-29,2025-08-09,,star_asia_2025_W33_Market-report-Week-33.pdf,29.07.2025,,EU_DDMMYYYY,09.08.2025,,EU_DDMMYYYY,,,,
2025-08-15,33,Beaching / Arrival,AEWO,CHEM. TANKER,5245.0,,"Chattogram, Bangladesh",,,2025-07-30,2025-08-06,,star_asia_2025_W33_Market-report-Week-33.pdf,30.07.2025,,EU_DDMMYYYY,06.08.2025,,EU_DDMMYYYY,,,,
2025-08-15,33,Beaching / Arrival,DALLIAN,BULKER,21413.0,,"Chattogram, Bangladesh",,,2025-08-13,,,star_asia_2025_W33_Market-report-Week-33.pdf,13.08.2025,,EU_DDMMYYYY,AWAITING,AWAITING,STATUS,,,,
2025-08-15,33,Beaching / Arrival,DK 03,BULKER,7809.0,,"Chattogram, Bangladesh",,,2025-08-04,,,star_asia_2025_W33_Market-report-Week-33.pdf,04.08.2025,,EU_DDMMYYYY,AWAITING,AWAITING,STATUS,,,,
2025-08-15,33,Beaching / Arrival,GREAT ROYAL,BULKER,6580.0,,"Chattogram, Bangladesh",,,2025-07-28,,,star_asia_2025_W33_Market-report-Week-33.pdf,28.07.2025,,EU_DDMMYYYY,AWAITING,AWAITING,STATUS,,,,
2025-08-15,33,Beaching / Arrival,WOND,TANKER,2229.0,,"Chattogram, Bangladesh",,,2025-08-03,2025-08-13,,star_asia_2025_W33_Market-report-Week-33.pdf,03.08.2025,,EU_DDMMYYYY,13.08.2025,,EU_DDMMYYYY,,,,
2025-08-15,33,Beaching / Arrival,LEONID,TANKER,13605.0,,"Chattogram, Bangladesh",,,2025-07-28,2025-08-09,,star_asia_2025_W33_Market-report-Week-33.pdf,28.07.2025,,EU_DDMMYYYY,09.08.2025,,EU_DDMMYYYY,,,,
2025-08-15,33,Beaching / Arrival,HUN,WOODCHIP,8915.0,,"Chattogram, Bangladesh",,,2025-08-09,2025-08-12,,star_asia_2025_W33_Market-report-Week-33.pdf,09.08.2025,,EU_DDMMYYYY,12.08.2025,,EU_DDMMYYYY,,,,
2025-08-15,33,Beaching / Arrival,BEST 8,GENERAL CARGO,2571.0,,"Chattogram, Bangladesh",,,2025-07-30,2025-08-09,,star_asia_2025_W33_Market-report-Week-33.pdf,30.07.2025,,EU_DDMMYYYY,09.08.2025,,EU_DDMMYYYY,,,,
2025-08-15,33,Beaching / Arrival,ELIAN,BULKER,8118.0,,"Chattogram, Bangladesh",,,2025-07-31,2025-08-07,,star_asia_2025_W33_Market-report-Week-33.pdf,31.07.2025,,EU_DDMMYYYY,07.08.2025,,EU_DDMMYYYY,,,,
2025-08-22,34,Reported Sale,SALOME I,TANKER,7052.0,440.0,,1996,JAPAN,,,AS IS SINGAPORE WITH APPROX 400 MT ROB INCLUDED IN THE PRICE,star_asia_2025_W34_Market-report-Week-34.pdf,,,,,,,,,,
2025-08-22,34,Beaching / Arrival,SIMAS,GENERAL CARGO,5027.0,,"Chattogram, Bangladesh",,,2025-08-19,,,star_asia_2025_W34_Market-report-Week-34.pdf,19.08.2025,,EU_DDMMYYYY,AWAITING,AWAITING,STATUS,,,,
2025-08-22,34,Beaching / Arrival,ABDULLAH F,GENERAL CARGO,2766.0,,"Chattogram, Bangladesh",,,2025-08-19,,,star_asia_2025_W34_Market-report-Week-34.pdf,19.08.2025,,EU_DDMMYYYY,AWAITING,AWAITING,STATUS,,,,
2025-08-22,34,Beaching / Arrival,CONICO ATLAS,TANKER,20001.0,,"Chattogram, Bangladesh",,,2025-06-13,,,star_asia_2025_W34_Market-report-Week-34.pdf,13.06.2025,,EU_DDMMYYYY,ARRESTED,ARRESTED,STATUS,,,,
2025-08-22,34,Beaching / Arrival,NIRVANA,TANKER,9623.0,,"Chattogram, Bangladesh",,,2025-05-07,,,star_asia_2025_W34_Market-report-Week-34.pdf,07.05.2025,,EU_DDMMYYYY,ARRESTED,ARRESTED,STATUS,,,,
2025-08-22,34,Beaching / Arrival,COSMO,LNG,34158.0,,"Chattogram, Bangladesh",,,2025-08-20,2025-08-22,,star_asia_2025_W34_Market-report-Week-34.pdf,20.08.2025,,EU_DDMMYYYY,22.08.2025,,EU_DDMMYYYY,,,,
2025-08-22,34,Beaching / Arrival,LIVIA,TANKER,8766.0,,"Chattogram, Bangladesh",,,2025-08-19,2025-08-21,,star_asia_2025_W34_Market-report-Week-34.pdf,19.08.2025,,EU_DDMMYYYY,21.08.2025,,EU_DDMMYYYY,,,,
2025-08-22,34,Beaching / Arrival,YA HUSSEIN,BULKER,5413.0,,"Chattogram, Bangladesh",,,2025-08-14,2025-08-15,,star_asia_2025_W34_Market-report-Week-34.pdf,14.08.2025,,EU_DDMMYYYY,15.08.2025,,EU_DDMMYYYY,,,,
2025-08-22,34,Beaching / Arrival,OTARIA,TANKER,16885.0,,"Chattogram, Bangladesh",,,2025-08-08,2025-08-19,,star_asia_2025_W34_Market-report-Week-34.pdf,08.08.2025,,EU_DDMMYYYY,19.08.2025,,EU_DDMMYYYY,,,,
2025-08-22,34,Beaching / Arrival,SIA 20,GEN.CARGO,2410.0,,"Chattogram, Bangladesh",,,2025-08-09,2025-08-12,,star_asia_2025_W34_Market-report-Week-34.pdf,09.08.2025,,EU_DDMMYYYY,12.0-8.2025,,RECONSTRUCTED_8DIGIT,,,,
2025-08-22,34,Beaching / Arrival,R PISCES,BULKER,19935.0,,"Chattogram, Bangladesh",,,2025-08-05,2025-08-09,,star_asia_2025_W34_Market-report-Week-34.pdf,05.08.2025,,EU_DDMMYYYY,09.08.2025,,EU_DDMMYYYY,,,,
2025-08-22,34,Beaching / Arrival,ANGE,TANKER,1974.0,,"Chattogram, Bangladesh",,,2025-07-29,2025-08-09,,star_asia_2025_W34_Market-report-Week-34.pdf,29.07.2025,,EU_DDMMYYYY,09.08.2025,,EU_DDMMYYYY,,,,
2025-08-22,34,Beaching / Arrival,AEWO,CHEM. TANKER,5245.0,,"Chattogram, Bangladesh",,,2025-07-30,2025-08-06,,star_asia_2025_W34_Market-report-Week-34.pdf,30.07.2025,,EU_DDMMYYYY,06.08.2025,,EU_DDMMYYYY,,,,
2025-08-22,34,Beaching / Arrival,DALLIAN,BULKER,21413.0,,"Chattogram, Bangladesh",,,2025-08-13,,,star_asia_2025_W34_Market-report-Week-34.pdf,13.08.2025,,EU_DDMMYYYY,AWAITING,AWAITING,STATUS,,,,
2025-08-22,34,Beaching / Arrival,DK 03,BULKER,7809.0,,"Chattogram, Bangladesh",,,2025-08-04,,,star_asia_2025_W34_Market-report-Week-34.pdf,04.08.2025,,EU_DDMMYYYY,AWAITING,AWAITING,STATUS,,,,
2025-08-22,34,Beaching / Arrival,GREAT ROYAL,BULKER,6580.0,,"Chattogram, Bangladesh",,,2025-07-28,2025-08-12,,star_asia_2025_W34_Market-report-Week-34.pdf,28.07.2025,,EU_DDMMYYYY,12.08.2025,,EU_DDMMYYYY,,,,
2025-08-22,34,Beaching / Arrival,WOND,TANKER,2229.0,,"Chattogram, Bangladesh",,,2025-08-03,2025-08-13,,star_asia_2025_W34_Market-report-Week-34.pdf,03.08.2025,,EU_DDMMYYYY,13.08.2025,,EU_DDMMYYYY,,,,
2025-08-22,34,Beaching / Arrival,LEONID,TANKER,13605.0,,"Chattogram, Bangladesh",,,2025-07-28,2025-08-09,,star_asia_2025_W34_Market-report-Week-34.pdf,28.07.2025,,EU_DDMMYYYY,09.08.2025,,EU_DDMMYYYY,,,,
2025-08-22,34,Beaching / Arrival,FORTUNE OCEAN,GENERAL CARGO,2261.0,,"Aliaga, Turkey",,,2025-08-12,,,star_asia_2025_W34_Market-report-Week-34.pdf,12.08.2025,,EU_DDMMYYYY,AWAITING,AWAITING,STATUS,,,,
2025-08-22,34,Beaching / Arrival,XING JIE,GENERAL CARGO,2571.0,,"Aliaga, Turkey",,,2025-08-07,2025-08-09,,star_asia_2025_W34_Market-report-Week-34.pdf,07.08.2025,,EU_DDMMYYYY,09.08.2025,,EU_DDMMYYYY,,,,
2025-08-22,34,Beaching / Arrival,HUN,WOODCHIP,8915.0,,"Aliaga, Turkey",,,2025-08-09,2025-08-12,,star_asia_2025_W34_Market-report-Week-34.pdf,09.08.2025,,EU_DDMMYYYY,12.08.2025,,EU_DDMMYYYY,,,,
2025-08-22,34,Beaching / Arrival,BEST 8,GENERAL CARGO,2571.0,,"Aliaga, Turkey",,,2025-07-30,2025-08-09,,star_asia_2025_W34_Market-report-Week-34.pdf,30.07.2025,,EU_DDMMYYYY,09.08.2025,,EU_DDMMYYYY,,,,
2025-08-22,34,Beaching / Arrival,ELIAN,BULKER,8118.0,,"Aliaga, Turkey",,,2025-07-31,2025-08-07,,star_asia_2025_W34_Market-report-Week-34.pdf,31.07.2025,,EU_DDMMYYYY,07.08.2025,,EU_DDMMYYYY,,,,
2025-08-29,35,Reported Sale,TRADER II,LNG,28241.8,480.0,,2002,S. KOREA,,,AS IS SINGAPORE,star_asia_2025_W35_Market-report-Week-35.pdf,,,,,,,,,,
2025-08-29,35,Reported Sale,GRACE FERRUM,TANKER,10844.6,,,2013,S. KOREA,,,AS IS MALTA,star_asia_2025_W35_Market-report-Week-35.pdf,,,,,,,,,,
2025-08-29,35,Reported Sale,SUNNY OAK,CONTAINER,2261.55,305.0,,1995,S. KOREA,,,AS IS BUSAN,star_asia_2025_W35_Market-report-Week-35.pdf,,,,,,,,,,
2025-08-29,35,Beaching / Arrival,ABDULLAH F,GENERAL CARGO,2766.0,,"Chattogram, Bangladesh",,,2025-08-19,,,star_asia_2025_W35_Market-report-Week-35.pdf,19.08.2025,,EU_DDMMYYYY,AWAITING,AWAITING,STATUS,,,,
2025-08-29,35,Beaching / Arrival,CONICO ATLAS,TANKER,20001.0,,"Chattogram, Bangladesh",,,2025-06-13,,,star_asia_2025_W35_Market-report-Week-35.pdf,13.06.2025,,EU_DDMMYYYY,ARRESTED,ARRESTED,STATUS,,,,
2025-08-29,35,Beaching / Arrival,NIRVANA,TANKER,9623.0,,"Chattogram, Bangladesh",,,2025-05-07,,,star_asia_2025_W35_Market-report-Week-35.pdf,07.05.2025,,EU_DDMMYYYY,ARRESTED,ARRESTED,STATUS,,,,
2025-08-29,35,Beaching / Arrival,SIMAS,GENERAL CARGO,5027.0,,"Chattogram, Bangladesh",,,2025-08-19,2025-08-26,,star_asia_2025_W35_Market-report-Week-35.pdf,19.08.2025,,EU_DDMMYYYY,26.08.2025,,EU_DDMMYYYY,,,,
2025-08-29,35,Beaching / Arrival,BOW FAGUS,CHEM. TANKER,11190.0,,"Chattogram, Bangladesh",,,2025-08-26,2025-08-27,,star_asia_2025_W35_Market-report-Week-35.pdf,26.08.2025,,EU_DDMMYYYY,27.08.2025,,EU_DDMMYYYY,,,,
2025-08-29,35,Beaching / Arrival,MURU,TUG,282.0,,"Chattogram, Bangladesh",,,2025-08-28,2025-08-30,,star_asia_2025_W35_Market-report-Week-35.pdf,28.08.2025,,EU_DDMMYYYY,30.08.2025,,EU_DDMMYYYY,,,,
2025-08-29,35,Beaching / Arrival,COSMO,LNG,34158.0,,"Chattogram, Bangladesh",,,2025-08-20,2025-08-22,,star_asia_2025_W35_Market-report-Week-35.pdf,20.08.2025,,EU_DDMMYYYY,22.08.2025,,EU_DDMMYYYY,,,,
2025-08-29,35,Beaching / Arrival,LIVIA,TANKER,8766.0,,"Chattogram, Bangladesh",,,2025-08-19,2025-08-21,,star_asia_2025_W35_Market-report-Week-35.pdf,19.08.2025,,EU_DDMMYYYY,21.08.2025,,EU_DDMMYYYY,,,,
2025-08-29,35,Beaching / Arrival,YA HUSSEIN,BULKER,5413.0,,"Chattogram, Bangladesh",,,2025-08-14,2025-08-15,,star_asia_2025_W35_Market-report-Week-35.pdf,14.08.2025,,EU_DDMMYYYY,15.08.2025,,EU_DDMMYYYY,,,,
2025-08-29,35,Beaching / Arrival,OTARIA,TANKER,16885.0,,"Chattogram, Bangladesh",,,2025-08-08,2025-08-19,,star_asia_2025_W35_Market-report-Week-35.pdf,08.08.2025,,EU_DDMMYYYY,19.08.2025,,EU_DDMMYYYY,,,,
2025-08-29,35,Beaching / Arrival,SIA 20,GEN.CARGO,2410.0,,"Chattogram, Bangladesh",,,2025-08-09,2025-08-12,,star_asia_2025_W35_Market-report-Week-35.pdf,09.08.2025,,EU_DDMMYYYY,12.0-8.2025,,RECONSTRUCTED_8DIGIT,,,,
2025-08-29,35,Beaching / Arrival,R PISCES,BULKER,19935.0,,"Chattogram, Bangladesh",,,2025-08-05,2025-08-09,,star_asia_2025_W35_Market-report-Week-35.pdf,05.08.2025,,EU_DDMMYYYY,09.08.2025,,EU_DDMMYYYY,,,,
2025-08-29,35,Beaching / Arrival,ANGE,TANKER,1974.0,,"Chattogram, Bangladesh",,,2025-07-29,2025-08-09,,star_asia_2025_W35_Market-report-Week-35.pdf,29.07.2025,,EU_DDMMYYYY,09.08.2025,,EU_DDMMYYYY,,,,
2025-08-29,35,Beaching / Arrival,AEWO,CHEM. TANKER,5245.0,,"Chattogram, Bangladesh",,,2025-07-30,2025-08-06,,star_asia_2025_W35_Market-report-Week-35.pdf,30.07.2025,,EU_DDMMYYYY,06.08.2025,,EU_DDMMYYYY,,,,
2025-08-29,35,Beaching / Arrival,DK 03,BULKER,7809.0,,"Chattogram, Bangladesh",,,2025-08-04,,,star_asia_2025_W35_Market-report-Week-35.pdf,04.08.2025,,EU_DDMMYYYY,AWAITING,AWAITING,STATUS,,,,
2025-08-29,35,Beaching / Arrival,DALLIAN,BULKER,21413.0,,"Chattogram, Bangladesh",,,2025-08-13,2025-08-23,,star_asia_2025_W35_Market-report-Week-35.pdf,13.08.2025,,EU_DDMMYYYY,23.08.2025,,EU_DDMMYYYY,,,,
2025-08-29,35,Beaching / Arrival,GREAT ROYAL,BULKER,6580.0,,"Chattogram, Bangladesh",,,2025-07-28,2025-08-12,,star_asia_2025_W35_Market-report-Week-35.pdf,28.07.2025,,EU_DDMMYYYY,12.08.2025,,EU_DDMMYYYY,,,,
2025-08-29,35,Beaching / Arrival,WOND,TANKER,2229.0,,"Chattogram, Bangladesh",,,2025-08-03,2025-08-13,,star_asia_2025_W35_Market-report-Week-35.pdf,03.08.2025,,EU_DDMMYYYY,13.08.2025,,EU_DDMMYYYY,,,,
2025-08-29,35,Beaching / Arrival,LEONID,TANKER,13605.0,,"Chattogram, Bangladesh",,,2025-07-28,2025-08-09,,star_asia_2025_W35_Market-report-Week-35.pdf,28.07.2025,,EU_DDMMYYYY,09.08.2025,,EU_DDMMYYYY,,,,
2025-08-29,35,Beaching / Arrival,FORTUNE OCEAN,GENERAL CARGO,2261.0,,"Chattogram, Bangladesh",,,2025-08-12,2025-08-18,,star_asia_2025_W35_Market-report-Week-35.pdf,12.08.2025,,EU_DDMMYYYY,18.08.2025,,EU_DDMMYYYY,,,,
2025-08-29,35,Beaching / Arrival,XING JIE,GENERAL CARGO,2571.0,,"Chattogram, Bangladesh",,,2025-08-07,2025-08-09,,star_asia_2025_W35_Market-report-Week-35.pdf,07.08.2025,,EU_DDMMYYYY,09.08.2025,,EU_DDMMYYYY,,,,
2025-08-29,35,Beaching / Arrival,HUN,WOODCHIP,8915.0,,"Chattogram, Bangladesh",,,2025-08-09,2025-08-12,,star_asia_2025_W35_Market-report-Week-35.pdf,09.08.2025,,EU_DDMMYYYY,12.08.2025,,EU_DDMMYYYY,,,,
2025-08-29,35,Beaching / Arrival,BEST 8,GENERAL CARGO,2571.0,,"Chattogram, Bangladesh",,,2025-07-30,2025-08-09,,star_asia_2025_W35_Market-report-Week-35.pdf,30.07.2025,,EU_DDMMYYYY,09.08.2025,,EU_DDMMYYYY,,,,
2025-08-29,35,Beaching / Arrival,ELIAN,BULKER,8118.0,,"Chattogram, Bangladesh",,,2025-07-31,2025-08-07,,star_asia_2025_W35_Market-report-Week-35.pdf,31.07.2025,,EU_DDMMYYYY,07.08.2025,,EU_DDMMYYYY,,,,
2025-09-05,36,Reported Sale,BONITA,BULKER,10201.0,468.0,"Alang, India",2001,JAPAN,,,DELIVERED ALANG,star_asia_2025_W36_Market-report-Week-36.pdf,,,,,,,,,,
2025-09-05,36,Beaching / Arrival,MAHAR,TANKER,18264.0,,"Chattogram, Bangladesh",,,2025-09-03,,,star_asia_2025_W36_Market-report-Week-36.pdf,03.09.2025,,EU_DDMMYYYY,AWAITING,AWAITING,STATUS,,,,
2025-09-05,36,Beaching / Arrival,CONICO ATLAS,TANKER,20001.0,,"Chattogram, Bangladesh",,,2025-06-13,,,star_asia_2025_W36_Market-report-Week-36.pdf,13.06.2025,,EU_DDMMYYYY,ARRESTED,ARRESTED,STATUS,,,,
2025-09-05,36,Beaching / Arrival,NIRVANA,TANKER,9623.0,,"Chattogram, Bangladesh",,,2025-05-07,,,star_asia_2025_W36_Market-report-Week-36.pdf,07.05.2025,,EU_DDMMYYYY,ARRESTED,ARRESTED,STATUS,,,,
2025-09-05,36,Beaching / Arrival,ABDULLAH F,GENERAL CARGO,2766.0,,"Chattogram, Bangladesh",,,2025-08-19,2025-09-02,,star_asia_2025_W36_Market-report-Week-36.pdf,19.08.2025,,EU_DDMMYYYY,02.09.2025,,EU_DDMMYYYY,,,,
2025-09-05,36,Beaching / Arrival,DK 03,BULKER,7809.0,,,,,2025-08-04,,,star_asia_2025_W36_Market-report-Week-36.pdf,04.08.2025,,EU_DDMMYYYY,AWAITING,AWAITING,STATUS,,,,
2025-09-05,36,Beaching / Arrival,FORTUNE OCEAN,GENERAL CARGO,2261.0,,,,,2025-08-12,,,star_asia_2025_W36_Market-report-Week-36.pdf,12.08.2025,,EU_DDMMYYYY,AWAITING,AWAITING,STATUS,,,,
2025-09-12,37,Beaching / Arrival,CONICO ATLAS,TANKER,20001.0,,"Chattogram, Bangladesh",,,2025-06-13,,,star_asia_2025_W37_Market-report-Week-37.pdf,13.06.2025,,EU_DDMMYYYY,ARRESTED,ARRESTED,STATUS,,,,
2025-09-12,37,Beaching / Arrival,NIRVANA,TANKER,9623.0,,"Chattogram, Bangladesh",,,2025-05-07,,,star_asia_2025_W37_Market-report-Week-37.pdf,07.05.2025,,EU_DDMMYYYY,ARRESTED,ARRESTED,STATUS,,,,
2025-09-12,37,Beaching / Arrival,COAL II,TANKER,14840.0,,"Chattogram, Bangladesh",,,2025-09-13,,,star_asia_2025_W37_Market-report-Week-37.pdf,13.09.2025,,EU_DDMMYYYY,AWAITING,AWAITING,STATUS,,,,
2025-09-12,37,Beaching / Arrival,RISING FALCON,BULKER,5964.0,,"Chattogram, Bangladesh",,,2025-06-12,,,star_asia_2025_W37_Market-report-Week-37.pdf,12.06.2025,,EU_DDMMYYYY,AWAITING,AWAITING,STATUS,,,,
2025-09-12,37,Beaching / Arrival,PHONE,TANKER,10129.0,,"Chattogram, Bangladesh",,,2025-09-12,,,star_asia_2025_W37_Market-report-Week-37.pdf,12.09.2025,,EU_DDMMYYYY,AWAITING,AWAITING,STATUS,,,,
2025-09-12,37,Beaching / Arrival,FP FUTURE,WOODCHIP,9799.0,,"Chattogram, Bangladesh",,,2025-09-06,2025-09-11,,star_asia_2025_W37_Market-report-Week-37.pdf,06.0-9.2025,,RECONSTRUCTED_8DIGIT,11.09.2025,,EU_DDMMYYYY,,,,
2025-09-12,37,Beaching / Arrival,SHAAN,LNG,33406.0,,"Chattogram, Bangladesh",,,2025-09-07,2025-09-10,,star_asia_2025_W37_Market-report-Week-37.pdf,07.09.2025,,EU_DDMMYYYY,10.09.2025,,EU_DDMMYYYY,,,,
2025-09-12,37,Beaching / Arrival,KHAZA,LNG,33456.0,,"Chattogram, Bangladesh",,,2025-09-07,2025-09-09,,star_asia_2025_W37_Market-report-Week-37.pdf,07.09.2025,,EU_DDMMYYYY,09.09.2025,,EU_DDMMYYYY,,,,
2025-09-12,37,Beaching / Arrival,MAHAR,TANKER,18264.0,,"Chattogram, Bangladesh",,,2025-09-03,2025-09-06,,star_asia_2025_W37_Market-report-Week-37.pdf,03.09.2025,,EU_DDMMYYYY,06.09.2025,,EU_DDMMYYYY,,,,
2025-09-12,37,Beaching / Arrival,ABDULLAH F,GENERAL CARGO,2766.0,,"Chattogram, Bangladesh",,,2025-08-19,2025-09-02,,star_asia_2025_W37_Market-report-Week-37.pdf,19.08.2025,,EU_DDMMYYYY,02.09.2025,,EU_DDMMYYYY,,,,
2025-09-12,37,Beaching / Arrival,DK 03,BULKER,7809.0,,"Chattogram, Bangladesh",,,2025-08-04,,,star_asia_2025_W37_Market-report-Week-37.pdf,04.08.2025,,EU_DDMMYYYY,AWAITING,AWAITING,STATUS,,,,
2025-09-12,37,Beaching / Arrival,FORTUNE OCEAN,GENERAL CARGO,2261.0,,"Chattogram, Bangladesh",,,2025-08-12,,,star_asia_2025_W37_Market-report-Week-37.pdf,12.08.2025,,EU_DDMMYYYY,AWAITING,AWAITING,STATUS,,,,
2025-09-19,38,Reported Sale,BONITA,BULKER,10201.0,468.0,"Alang, India",2001,JAPAN,,,DELIVERED ALANG,star_asia_2025_W38_Market-report-Week-38.pdf,,,,,,,,,,
2025-09-19,38,Reported Sale,RIMBA EMPAT,CEMENT CARRIER,3192.0,,,1975,JAPAN,,,"AS IS BATAM, INDONESIA",star_asia_2025_W38_Market-report-Week-38.pdf,,,,,,,,,,
2025-09-19,38,Reported Sale,CASIO,BULKER,6725.0,,,1997,CHINA,,,AS IS HONG KONG,star_asia_2025_W38_Market-report-Week-38.pdf,,,,,,,,,,
2025-09-19,38,Reported Sale,KAVITA,BULKER,6614.0,,"Alang, India",1995,JAPAN,,,DELIVERED ALANG,star_asia_2025_W38_Market-report-Week-38.pdf,,,,,,,,,,
2025-09-19,38,Beaching / Arrival,CONICO ATLAS,TANKER,20001.0,,"Chattogram, Bangladesh",,,2025-06-13,,,star_asia_2025_W38_Market-report-Week-38.pdf,13.06.2025,,EU_DDMMYYYY,ARRESTED,ARRESTED,STATUS,,,,
2025-09-19,38,Beaching / Arrival,NIRVANA,TANKER,9623.0,,"Chattogram, Bangladesh",,,2025-05-07,,,star_asia_2025_W38_Market-report-Week-38.pdf,07.05.2025,,EU_DDMMYYYY,ARRESTED,ARRESTED,STATUS,,,,
2025-09-19,38,Beaching / Arrival,BONITA,BULKER,10201.0,,"Chattogram, Bangladesh",,,2025-09-18,,,star_asia_2025_W38_Market-report-Week-38.pdf,18.09.2025,,EU_DDMMYYYY,AWAITING,AWAITING,STATUS,,,,
2025-09-19,38,Beaching / Arrival,RISING EAGLE,BULKER,5440.0,,"Chattogram, Bangladesh",,,2025-09-18,,,star_asia_2025_W38_Market-report-Week-38.pdf,18.09.2025,,EU_DDMMYYYY,AWAITING,AWAITING,STATUS,,,,
2025-09-19,38,Beaching / Arrival,GAS PIONERR,LPG,1140.0,,"Chattogram, Bangladesh",,,2025-09-17,,,star_asia_2025_W38_Market-report-Week-38.pdf,17.09.2025,,EU_DDMMYYYY,AWAITING,AWAITING,STATUS,,,,
2025-09-19,38,Beaching / Arrival,KAVITA,BULKER,6614.0,,"Chattogram, Bangladesh",,,2025-09-16,,,star_asia_2025_W38_Market-report-Week-38.pdf,16.09.2025,,EU_DDMMYYYY,AWAITING,AWAITING,STATUS,,,,
2025-09-19,38,Beaching / Arrival,RISING FALCON,BULKER,5964.0,,"Chattogram, Bangladesh",,,2025-06-12,2025-09-18,,star_asia_2025_W38_Market-report-Week-38.pdf,12.06.2025,,EU_DDMMYYYY,18.09.2025,,EU_DDMMYYYY,,,,
2025-09-19,38,Beaching / Arrival,COAL II,TANKER,14840.0,,"Chattogram, Bangladesh",,,2025-09-13,2025-09-17,,star_asia_2025_W38_Market-report-Week-38.pdf,13.09.2025,,EU_DDMMYYYY,17.09.2025,,EU_DDMMYYYY,,,,
2025-09-19,38,Beaching / Arrival,PHONE,TANKER,10129.0,,"Chattogram, Bangladesh",,,2025-09-12,2025-09-17,,star_asia_2025_W38_Market-report-Week-38.pdf,12.09.2025,,EU_DDMMYYYY,17.09.2025,,EU_DDMMYYYY,,,,
2025-09-19,38,Beaching / Arrival,FP FUTURE,WOODCHIP,9799.0,,"Chattogram, Bangladesh",,,2025-09-06,2025-09-11,,star_asia_2025_W38_Market-report-Week-38.pdf,06.0-9.2025,,RECONSTRUCTED_8DIGIT,11.09.2025,,EU_DDMMYYYY,,,,
2025-09-19,38,Beaching / Arrival,SHAAN,LNG,33406.0,,"Chattogram, Bangladesh",,,2025-09-07,2025-09-10,,star_asia_2025_W38_Market-report-Week-38.pdf,07.09.2025,,EU_DDMMYYYY,10.09.2025,,EU_DDMMYYYY,,,,
2025-09-19,38,Beaching / Arrival,KHAZA,LNG,33456.0,,"Chattogram, Bangladesh",,,2025-09-07,2025-09-09,,star_asia_2025_W38_Market-report-Week-38.pdf,07.09.2025,,EU_DDMMYYYY,09.09.2025,,EU_DDMMYYYY,,,,
2025-09-19,38,Beaching / Arrival,MAHAR,TANKER,18264.0,,"Chattogram, Bangladesh",,,2025-09-03,2025-09-06,,star_asia_2025_W38_Market-report-Week-38.pdf,03.09.2025,,EU_DDMMYYYY,06.09.2025,,EU_DDMMYYYY,,,,
2025-09-19,38,Beaching / Arrival,ABDULLAH F,GENERAL CARGO,2766.0,,"Chattogram, Bangladesh",,,2025-08-19,2025-09-02,,star_asia_2025_W38_Market-report-Week-38.pdf,19.08.2025,,EU_DDMMYYYY,02.09.2025,,EU_DDMMYYYY,,,,
2025-09-19,38,Beaching / Arrival,DK 03,BULKER,7809.0,,"Chattogram, Bangladesh",,,2025-08-04,,,star_asia_2025_W38_Market-report-Week-38.pdf,04.08.2025,,EU_DDMMYYYY,ARRESTED,ARRESTED,STATUS,,,,
2025-09-19,38,Beaching / Arrival,CRYSTAL,TANKER,7052.0,,"Chattogram, Bangladesh",,,2025-09-17,,,star_asia_2025_W38_Market-report-Week-38.pdf,17.09.2025,,EU_DDMMYYYY,AWAITING,AWAITING,STATUS,,,,
2025-09-19,38,Beaching / Arrival,RADE,LNG,29940.0,,"Chattogram, Bangladesh",,,2025-09-12,,,star_asia_2025_W38_Market-report-Week-38.pdf,12.09.2025,,EU_DDMMYYYY,AWAITING,AWAITING,STATUS,,,,
2025-09-19,38,Beaching / Arrival,FORTUNE OCEAN,GENERAL CARGO,2261.0,,"Chattogram, Bangladesh",,,2025-08-12,,,star_asia_2025_W38_Market-report-Week-38.pdf,12.08.2025,,EU_DDMMYYYY,AWAITING,AWAITING,STATUS,,,,
2025-09-26,39,Reported Sale,KOSTA,BULKER,20841.0,,"Alang, India",1999,JAPAN,,,DELIVERED ALANG,star_asia_2025_W39_Market-report-Week-39.pdf,,,,,,,,,,
2025-09-26,39,Reported Sale,ALI S,BULKER,4877.0,,"Alang, India",1993,POLAND,,,DELIVERED ALANG,star_asia_2025_W39_Market-report-Week-39.pdf,,,,,,,,,,
2025-09-26,39,Reported Sale,ASIAN ENTERPRISE,BULKER,9016.0,425.0,"Chattogram, Bangladesh",1995,JAPAN,,,DELIVERED CHATTOGRAM,star_asia_2025_W39_Market-report-Week-39.pdf,,,,,,,,,,
2025-09-26,39,Reported Sale,AE GAS,LPG,2222.21,390.0,,1995,JAPAN,,,"AS IS BATAM, INDONESIA",star_asia_2025_W39_Market-report-Week-39.pdf,,,,,,,,,,
2025-09-26,39,Reported Sale,PUTERI KIRANA,BULKER,8082.0,,,1994,JAPAN,,,"AS IS SURABAYA, INDONESIA",star_asia_2025_W39_Market-report-Week-39.pdf,,,,,,,,,,
2025-09-26,39,Reported Sale,NIIGATA TRADER,CONTAINER,4089.92,480.0,,1997,NETHERLANDS,,,DELIVERED FULL SUB- CONTINENT IN BUYERS OPTION,star_asia_2025_W39_Market-report-Week-39.pdf,,,,,,,,,,
2025-09-26,39,Beaching / Arrival,CONICO ATLAS,TANKER,20001.0,,"Chattogram, Bangladesh",,,2025-06-13,,,star_asia_2025_W39_Market-report-Week-39.pdf,13.06.2025,,EU_DDMMYYYY,ARRESTED,ARRESTED,STATUS,,,,
2025-09-26,39,Beaching / Arrival,NIRVANA,TANKER,9623.0,,"Chattogram, Bangladesh",,,2025-05-07,,,star_asia_2025_W39_Market-report-Week-39.pdf,07.05.2025,,EU_DDMMYYYY,ARRESTED,ARRESTED,STATUS,,,,
2025-09-26,39,Beaching / Arrival,ALI S,BULKER,4869.0,,"Chattogram, Bangladesh",,,2025-09-22,,,star_asia_2025_W39_Market-report-Week-39.pdf,22.09.2025,,EU_DDMMYYYY,AWAITING,AWAITING,STATUS,,,,
2025-09-26,39,Beaching / Arrival,TRUST,GENERAL CARGO,2700.0,,"Chattogram, Bangladesh",,,2025-09-27,,,star_asia_2025_W39_Market-report-Week-39.pdf,27.09.2025,,EU_DDMMYYYY,AWAITING,AWAITING,STATUS,,,,
2025-09-26,39,Beaching / Arrival,KOSTA,BULKER,20841.0,,"Chattogram, Bangladesh",,,2025-09-23,2025-09-26,,star_asia_2025_W39_Market-report-Week-39.pdf,23.09.2025,,EU_DDMMYYYY,26.09.2025,,EU_DDMMYYYY,,,,
2025-09-26,39,Beaching / Arrival,SIA 12,GENERAL CARGO,1788.0,,"Chattogram, Bangladesh",,,2025-09-21,2025-09-25,,star_asia_2025_W39_Market-report-Week-39.pdf,21.09.2025,,EU_DDMMYYYY,25.09.2025,,EU_DDMMYYYY,,,,
2025-09-26,39,Beaching / Arrival,EMA,TANKER,9023.0,,"Chattogram, Bangladesh",,,2025-09-21,2025-09-24,,star_asia_2025_W39_Market-report-Week-39.pdf,21.09.2025,,EU_DDMMYYYY,24.09.2025,,EU_DDMMYYYY,,,,
2025-09-26,39,Beaching / Arrival,BONITA,BULKER,10201.0,,"Chattogram, Bangladesh",,,2025-09-18,2025-09-24,,star_asia_2025_W39_Market-report-Week-39.pdf,18.09.2025,,EU_DDMMYYYY,24.09.2025,,EU_DDMMYYYY,,,,
2025-09-26,39,Beaching / Arrival,RISING EAGLE,BULKER,5440.0,,"Chattogram, Bangladesh",,,2025-09-18,2025-09-25,,star_asia_2025_W39_Market-report-Week-39.pdf,18.09.2025,,EU_DDMMYYYY,25.09.2025,,EU_DDMMYYYY,,,,
2025-09-26,39,Beaching / Arrival,GAS PIONERR,LPG,1140.0,,"Chattogram, Bangladesh",,,2025-09-17,2025-09-24,,star_asia_2025_W39_Market-report-Week-39.pdf,17.09.2025,,EU_DDMMYYYY,24.09.2025,,EU_DDMMYYYY,,,,
2025-09-26,39,Beaching / Arrival,KAVITA,BULKER,6614.0,,"Chattogram, Bangladesh",,,2025-09-16,2025-09-25,,star_asia_2025_W39_Market-report-Week-39.pdf,16.09.2025,,EU_DDMMYYYY,25.09.2025,,EU_DDMMYYYY,,,,
2025-09-26,39,Beaching / Arrival,RISING FALCON,BULKER,5964.0,,"Chattogram, Bangladesh",,,2025-06-12,2025-09-18,,star_asia_2025_W39_Market-report-Week-39.pdf,12.06.2025,,EU_DDMMYYYY,18.09.2025,,EU_DDMMYYYY,,,,
2025-09-26,39,Beaching / Arrival,COAL II,TANKER,14840.0,,"Chattogram, Bangladesh",,,2025-09-13,2025-09-17,,star_asia_2025_W39_Market-report-Week-39.pdf,13.09.2025,,EU_DDMMYYYY,17.09.2025,,EU_DDMMYYYY,,,,
2025-09-26,39,Beaching / Arrival,PHONE,TANKER,10129.0,,"Chattogram, Bangladesh",,,2025-09-12,2025-09-17,,star_asia_2025_W39_Market-report-Week-39.pdf,12.09.2025,,EU_DDMMYYYY,17.09.2025,,EU_DDMMYYYY,,,,
2025-09-26,39,Beaching / Arrival,FP FUTURE,WOODCHIP,9799.0,,"Chattogram, Bangladesh",,,2025-09-06,2025-09-11,,star_asia_2025_W39_Market-report-Week-39.pdf,06.0-9.2025,,RECONSTRUCTED_8DIGIT,11.09.2025,,EU_DDMMYYYY,,,,
2025-09-26,39,Beaching / Arrival,SHAAN,LNG,33406.0,,"Chattogram, Bangladesh",,,2025-09-07,2025-09-10,,star_asia_2025_W39_Market-report-Week-39.pdf,07.09.2025,,EU_DDMMYYYY,10.09.2025,,EU_DDMMYYYY,,,,
2025-09-26,39,Beaching / Arrival,KHAZA,LNG,33456.0,,"Chattogram, Bangladesh",,,2025-09-07,2025-09-09,,star_asia_2025_W39_Market-report-Week-39.pdf,07.09.2025,,EU_DDMMYYYY,09.09.2025,,EU_DDMMYYYY,,,,
2025-09-26,39,Beaching / Arrival,MAHAR,TANKER,18264.0,,"Chattogram, Bangladesh",,,2025-09-03,2025-09-06,,star_asia_2025_W39_Market-report-Week-39.pdf,03.09.2025,,EU_DDMMYYYY,06.09.2025,,EU_DDMMYYYY,,,,
2025-09-26,39,Beaching / Arrival,ABDULLAH F,GENERAL CARGO,2766.0,,"Chattogram, Bangladesh",,,2025-08-19,2025-09-02,,star_asia_2025_W39_Market-report-Week-39.pdf,19.08.2025,,EU_DDMMYYYY,02.09.2025,,EU_DDMMYYYY,,,,
2025-09-26,39,Beaching / Arrival,DK 03,BULKER,7809.0,,"Aliaga, Turkey",,,2025-08-04,,,star_asia_2025_W39_Market-report-Week-39.pdf,04.08.2025,,EU_DDMMYYYY,ARRESTED,ARRESTED,STATUS,,,,
2025-09-26,39,Beaching / Arrival,CRYSTAL,TANKER,7052.0,,"Aliaga, Turkey",,,2025-09-17,2025-09-22,,star_asia_2025_W39_Market-report-Week-39.pdf,17.09.2025,,EU_DDMMYYYY,22.09.2025,,EU_DDMMYYYY,,,,
2025-09-26,39,Beaching / Arrival,RADE,LNG,29940.0,,"Aliaga, Turkey",,,2025-09-12,2025-09-21,,star_asia_2025_W39_Market-report-Week-39.pdf,12.09.2025,,EU_DDMMYYYY,21.09.2025,,EU_DDMMYYYY,,,,
2025-09-26,39,Beaching / Arrival,FORTUNE OCEAN,GENERAL CARGO,2261.0,,"Aliaga, Turkey",,,2025-08-12,,,star_asia_2025_W39_Market-report-Week-39.pdf,12.08.2025,,EU_DDMMYYYY,AWAITING,AWAITING,STATUS,,,,
2025-10-10,41,Reported Sale,BOW CEDAR,TANKER,11043.0,937.0,"Alang, India",1995,NORWAY,,,"DELIVERED ALANG (W/ 2,300 TON STST AND 700 TON BUNKERS ROB)",star_asia_2025_W41_Market-report-Week-41.pdf,,,,,,,,,,
2025-10-10,41,Beaching / Arrival,CONICO ATLAS,TANKER,20001.0,,,,,2025-06-13,,,star_asia_2025_W41_Market-report-Week-41.pdf,13.06.2025,,EU_DDMMYYYY,ARRESTED,ARRESTED,STATUS,,,,
2025-10-10,41,Beaching / Arrival,NIRVANA,TANKER,9623.0,,,,,2025-05-07,,,star_asia_2025_W41_Market-report-Week-41.pdf,07.05.2025,,EU_DDMMYYYY,ARRESTED,ARRESTED,STATUS,,,,
2025-10-10,41,Beaching / Arrival,AE GAS,LPG,2222.0,,,,,2025-10-07,,,star_asia_2025_W41_Market-report-Week-41.pdf,07.10.2025,,EU_DDMMYYYY,AWAITING,AWAITING,STATUS,,,,
2025-10-10,41,Beaching / Arrival,VERTEX,TANKER,1087.0,,,,,2025-10-07,,,star_asia_2025_W41_Market-report-Week-41.pdf,07.10.2025,,EU_DDMMYYYY,AWAITING,AWAITING,STATUS,,,,
2025-10-10,41,Beaching / Arrival,JOSH,PIPE LAYER BARGE,15415.0,,,,,2025-10-09,,,star_asia_2025_W41_Market-report-Week-41.pdf,09.10.2025,,EU_DDMMYYYY,AWAITING,AWAITING,STATUS,,,,
2025-10-10,41,Beaching / Arrival,JAMAL,LNG CARRIER,31326.0,,,,,2025-10-10,,,star_asia_2025_W41_Market-report-Week-41.pdf,10.10.2025,,EU_DDMMYYYY,AWAITING,AWAITING,STATUS,,,,
2025-10-10,41,Beaching / Arrival,BOW CEDAR,CHEM TANKER,11104.0,,,,,2025-10-07,2025-10-09,,star_asia_2025_W41_Market-report-Week-41.pdf,07.10.2025,,EU_DDMMYYYY,09.10.2025,,EU_DDMMYYYY,,,,
2025-10-10,41,Beaching / Arrival,SHAURYA II,TANKER,15810.0,,,,,2025-10-02,2025-10-09,,star_asia_2025_W41_Market-report-Week-41.pdf,02.10.2025,,EU_DDMMYYYY,09.10.2025,,EU_DDMMYYYY,,,,
2025-10-10,41,Beaching / Arrival,LADY L,REEFER,5827.0,,,,,2025-09-28,2025-10-08,,star_asia_2025_W41_Market-report-Week-41.pdf,28.09.2025,,EU_DDMMYYYY,08.10.2025,,EU_DDMMYYYY,,,,
2025-10-10,41,Beaching / Arrival,ALI S,BULKER,4869.0,,,,,2025-09-22,,,star_asia_2025_W41_Market-report-Week-41.pdf,22.09.2025,,EU_DDMMYYYY,AWAITING,AWAITING,STATUS,,,,
2025-10-10,41,Beaching / Arrival,TRUST,GENERAL CARGO,2700.0,,,,,2025-09-27,,,star_asia_2025_W41_Market-report-Week-41.pdf,27.09.2025,,EU_DDMMYYYY,AWAITING,AWAITING,STATUS,,,,
2025-10-10,41,Beaching / Arrival,DK 03,BULKER,7809.0,,"Chattogram, Bangladesh",,,2025-08-04,,,star_asia_2025_W41_Market-report-Week-41.pdf,04.08.2025,,EU_DDMMYYYY,ARRESTED,ARRESTED,STATUS,,,,
2025-10-10,41,Beaching / Arrival,NIGATA TRADER,CONTAINER,4809.0,,"Chattogram, Bangladesh",,,2025-10-09,,,star_asia_2025_W41_Market-report-Week-41.pdf,09.10.2025,,EU_DDMMYYYY,AWAITING,AWAITING,STATUS,,,,
2025-10-10,41,Beaching / Arrival,ASIAN ENTERPRISE,GENERAL CARGO,9016.0,,"Chattogram, Bangladesh",,,2025-10-05,2025-10-05,,star_asia_2025_W41_Market-report-Week-41.pdf,05.10.2025,,EU_DDMMYYYY,05.10.2025,,EU_DDMMYYYY,,,,
2025-10-24,43,Reported Sale,ZENITH,TANKER,17013.0,360.0,"Alang, India",1998,S.KOREA,,,DELIVERED ALANG,star_asia_2025_W43_Market-report-Week-43.pdf,,,,,,,,,,
2025-10-24,43,Reported Sale,AL SAMA,BULKER,9484.0,435.0,"Gaddani, Pakistan",1997,S.KOREA,,,DELIVERED GADDANI,star_asia_2025_W43_Market-report-Week-43.pdf,,,,,,,,,,
2025-10-24,43,Reported Sale,ASMAA,BULKER,7070.0,430.0,"Gaddani, Pakistan",1997,JAPAN,,,DELIVERED GADDANI,star_asia_2025_W43_Market-report-Week-43.pdf,,,,,,,,,,
2025-10-24,43,Reported Sale,DALIA,BULKER,1368.0,,"Alang, India",1981,SPAIN,,,DELIVERED ALANG,star_asia_2025_W43_Market-report-Week-43.pdf,,,,,,,,,,
2025-10-24,43,Reported Sale,ARATERE,RORO / RAIL,8100.0,,"Alang, India",1998,SPAIN,,,"AS IS WELLINGTON, NZ FOR REDELIVERY ALANG",star_asia_2025_W43_Market-report-Week-43.pdf,,,,,,,,,,
2025-10-24,43,Reported Sale,ICON AMMARA,PSV,2606.0,,,2013,MALAYSIA,,,"FIRE DAMAGED. AS IS LABUAN, MALAYSIA",star_asia_2025_W43_Market-report-Week-43.pdf,,,,,,,,,,
2025-10-24,43,Reported Sale,PREMIUM BAHARI,BARGE,2627.0,270.0,,2000,CHINA,,,"AS IS JAKARTA, INDONESIA FOR LOCAL RECYCLING",star_asia_2025_W43_Market-report-Week-43.pdf,,,,,,,,,,
2025-10-24,43,Beaching / Arrival,CONICO ATLAS,TANKER,20001.0,,"Chattogram, Bangladesh",,,2025-06-13,,,star_asia_2025_W43_Market-report-Week-43.pdf,13.06.2025,,EU_DDMMYYYY,ARRESTED,ARRESTED,STATUS,,,,
2025-10-24,43,Beaching / Arrival,NEER 1,TANKER,22977.0,,"Chattogram, Bangladesh",,,2025-10-17,,,star_asia_2025_W43_Market-report-Week-43.pdf,17.10.2025,,EU_DDMMYYYY,AWAITING,AWAITING,STATUS,,,,
2025-10-24,43,Beaching / Arrival,IMPALA,BULKER,4177.0,,"Chattogram, Bangladesh",,,2025-10-23,,,star_asia_2025_W43_Market-report-Week-43.pdf,23.10.2025,,EU_DDMMYYYY,AWAITING,AWAITING,STATUS,,,,
2025-10-24,43,Beaching / Arrival,YI CHENG,TANKER,1541.0,,"Chattogram, Bangladesh",,,2025-10-18,2025-10-24,,star_asia_2025_W43_Market-report-Week-43.pdf,18.10.2025,,EU_DDMMYYYY,24.10.2025,,EU_DDMMYYYY,,,,
2025-10-24,43,Beaching / Arrival,NIRVANA,TANKER,9623.0,,"Chattogram, Bangladesh",,,2025-05-07,2025-10-20,,star_asia_2025_W43_Market-report-Week-43.pdf,07.05.2025,,EU_DDMMYYYY,20.10.2025,,EU_DDMMYYYY,,,,
2025-10-24,43,Beaching / Arrival,TASCO BRAVO,TANKER,1216.0,,"Chattogram, Bangladesh",,,2025-10-16,2025-10-23,,star_asia_2025_W43_Market-report-Week-43.pdf,16.10.2025,,EU_DDMMYYYY,23.10.2025,,EU_DDMMYYYY,,,,
2025-10-24,43,Beaching / Arrival,SIA 9,`GENERAL CARGO,3368.0,,"Chattogram, Bangladesh",,,2025-10-14,2025-10-17,,star_asia_2025_W43_Market-report-Week-43.pdf,14.102025,,RECONSTRUCTED_8DIGIT,17.10.2025,,EU_DDMMYYYY,,,,
2025-10-24,43,Beaching / Arrival,JOSH 1,PIPE LAYER BARGE,13119.0,,"Chattogram, Bangladesh",,,2025-10-14,2025-10-16,,star_asia_2025_W43_Market-report-Week-43.pdf,14.10.2025,,EU_DDMMYYYY,16.10.2025,,EU_DDMMYYYY,,,,
2025-10-24,43,Beaching / Arrival,AE GAS,LPG,2222.0,,"Chattogram, Bangladesh",,,2025-10-07,2025-10-12,,star_asia_2025_W43_Market-report-Week-43.pdf,07.10.2025,,EU_DDMMYYYY,12.10.2025,,EU_DDMMYYYY,,,,
2025-10-24,43,Beaching / Arrival,VERTEX,TANKER,1087.0,,"Chattogram, Bangladesh",,,2025-10-07,2025-10-15,,star_asia_2025_W43_Market-report-Week-43.pdf,07.10.2025,,EU_DDMMYYYY,15.10.2025,,EU_DDMMYYYY,,,,
2025-10-24,43,Beaching / Arrival,JOSH,PIPE LAYER BARGE,15415.0,,"Chattogram, Bangladesh",,,2025-10-09,2025-10-11,,star_asia_2025_W43_Market-report-Week-43.pdf,09.10.2025,,EU_DDMMYYYY,11.10.2025,,EU_DDMMYYYY,,,,
2025-10-24,43,Beaching / Arrival,JAMAL,LNG CARRIER,31326.0,,"Chattogram, Bangladesh",,,2025-10-10,2025-10-17,,star_asia_2025_W43_Market-report-Week-43.pdf,10.10.2025,,EU_DDMMYYYY,17.10.2025,,EU_DDMMYYYY,,,,
2025-10-24,43,Beaching / Arrival,BOW CEDAR,CHEM TANKER,11104.0,,"Chattogram, Bangladesh",,,2025-10-07,2025-10-09,,star_asia_2025_W43_Market-report-Week-43.pdf,07.10.2025,,EU_DDMMYYYY,09.10.2025,,EU_DDMMYYYY,,,,
2025-10-24,43,Beaching / Arrival,SHAURYA II,TANKER,15810.0,,"Chattogram, Bangladesh",,,2025-10-02,2025-10-09,,star_asia_2025_W43_Market-report-Week-43.pdf,02.10.2025,,EU_DDMMYYYY,09.10.2025,,EU_DDMMYYYY,,,,
2025-10-24,43,Beaching / Arrival,LADY L,REEFER,5827.0,,"Chattogram, Bangladesh",,,2025-09-28,2025-10-08,,star_asia_2025_W43_Market-report-Week-43.pdf,28.09.2025,,EU_DDMMYYYY,08.10.2025,,EU_DDMMYYYY,,,,
2025-10-24,43,Beaching / Arrival,ALI S,BULKER,4869.0,,"Chattogram, Bangladesh",,,2025-09-22,2025-10-04,,star_asia_2025_W43_Market-report-Week-43.pdf,22.09.2025,,EU_DDMMYYYY,04.10.2025,,EU_DDMMYYYY,,,,
2025-10-24,43,Beaching / Arrival,TRUT,GENERAL CARGO,2700.0,,"Chattogram, Bangladesh",,,2025-09-27,2025-10-01,,star_asia_2025_W43_Market-report-Week-43.pdf,27.09.2025,,EU_DDMMYYYY,01.10.2025,,EU_DDMMYYYY,,,,
2025-10-24,43,Beaching / Arrival,S OAK,CONTAINER,2261.0,,"Aliaga, Turkey",,,2025-10-20,,,star_asia_2025_W43_Market-report-Week-43.pdf,20.10.2025,,EU_DDMMYYYY,AWATING,AWAITING,STATUS,,,,
2025-10-24,43,Beaching / Arrival,SIO,BULKER,6722.0,,"Aliaga, Turkey",,,2025-10-19,2025-10-19,,star_asia_2025_W43_Market-report-Week-43.pdf,19.10.2025,,EU_DDMMYYYY,19.10.2025,,EU_DDMMYYYY,,,,
2025-10-24,43,Beaching / Arrival,NIGATA TRADER,CONTAINER,4809.0,,"Aliaga, Turkey",,,2025-10-09,2025-10-09,,star_asia_2025_W43_Market-report-Week-43.pdf,09.10.2025,,EU_DDMMYYYY,09.10.2025,,EU_DDMMYYYY,,,,
2025-10-24,43,Beaching / Arrival,ASIAN ENTERPRISE,GENERAL CARGO,9016.0,,"Aliaga, Turkey",,,2025-10-05,2025-10-05,,star_asia_2025_W43_Market-report-Week-43.pdf,05.10.2025,,EU_DDMMYYYY,05.10.2025,,EU_DDMMYYYY,,,,
2025-10-24,43,Beaching / Arrival,ADALYNN,TANKER,22000.0,,"Aliaga, Turkey",,,2025-10-12,,,star_asia_2025_W43_Market-report-Week-43.pdf,12.10.2025,,EU_DDMMYYYY,AWAITING,AWAITING,STATUS,,,,
2025-10-24,43,Beaching / Arrival,AL SAMA,BULKER,9484.0,,"Aliaga, Turkey",,,2025-10-12,,,star_asia_2025_W43_Market-report-Week-43.pdf,12.10.2025,,EU_DDMMYYYY,AWAITING,AWAITING,STATUS,,,,
2025-10-24,43,Beaching / Arrival,EENA 1,GENERAL CARGO,1444.0,,"Aliaga, Turkey",,,2025-09-27,,,star_asia_2025_W43_Market-report-Week-43.pdf,27.09.2025,,EU_DDMMYYYY,AWAITING,AWAITING,STATUS,,,,
2025-10-31,44,Reported Sale,ANG HO,PUSHER TUG,493.0,405.0,"Chattogram, Bangladesh",1995,JAPAN,,,DELIVERED CHATTOGRAM,star_asia_2025_W44_Market-report-Week-44.pdf,,,,,,,,,,
2025-10-31,44,Reported Sale,ANG,BARGE,2630.0,405.0,"Chattogram, Bangladesh",1995,JAPAN,,,DELIVERED CHATTOGRAM,star_asia_2025_W44_Market-report-Week-44.pdf,,,,,,,,,,
2025-10-31,44,Beaching / Arrival,CONICO ATLAS,TANKER,20001.0,,"Chattogram, Bangladesh",,,2025-06-13,,,star_asia_2025_W44_Market-report-Week-44.pdf,13.06.2025,,EU_DDMMYYYY,ARRESTED,ARRESTED,STATUS,,,,
2025-10-31,44,Beaching / Arrival,NEER 1,TANKER,22977.0,,"Chattogram, Bangladesh",,,2025-10-17,,,star_asia_2025_W44_Market-report-Week-44.pdf,17.10.2025,,EU_DDMMYYYY,AWAITING,AWAITING,STATUS,,,,
2025-10-31,44,Beaching / Arrival,MASAL,TANKER,23159.0,,"Chattogram, Bangladesh",,,2025-10-29,,,star_asia_2025_W44_Market-report-Week-44.pdf,29.10.2025,,EU_DDMMYYYY,AWAITING,AWAITING,STATUS,,,,
2025-10-31,44,Beaching / Arrival,RIMBA EMPAY,GENERAL CARGO,3193.0,,"Chattogram, Bangladesh",,,2025-10-27,2025-10-29,,star_asia_2025_W44_Market-report-Week-44.pdf,27.10.2025,,EU_DDMMYYYY,29.10.2025,,EU_DDMMYYYY,,,,
2025-10-31,44,Beaching / Arrival,IMPALA,BULKER,4177.0,,"Chattogram, Bangladesh",,,2025-10-23,2025-10-28,,star_asia_2025_W44_Market-report-Week-44.pdf,23.10.2025,,EU_DDMMYYYY,28.10.2025,,EU_DDMMYYYY,,,,
2025-10-31,44,Beaching / Arrival,YI CHENG,TANKER,1541.0,,"Chattogram, Bangladesh",,,2025-10-18,2025-10-24,,star_asia_2025_W44_Market-report-Week-44.pdf,18.10.2025,,EU_DDMMYYYY,24.10.2025,,EU_DDMMYYYY,,,,
2025-10-31,44,Beaching / Arrival,NIRVANA,TANKER,9623.0,,"Chattogram, Bangladesh",,,2025-05-07,2025-10-20,,star_asia_2025_W44_Market-report-Week-44.pdf,07.05.2025,,EU_DDMMYYYY,20.10.2025,,EU_DDMMYYYY,,,,
2025-10-31,44,Beaching / Arrival,TASCO BRAVO,TANKER,1216.0,,"Chattogram, Bangladesh",,,2025-10-16,2025-10-23,,star_asia_2025_W44_Market-report-Week-44.pdf,16.10.2025,,EU_DDMMYYYY,23.10.2025,,EU_DDMMYYYY,,,,
2025-10-31,44,Beaching / Arrival,SIA 9,`GENERAL CARGO,3368.0,,"Chattogram, Bangladesh",,,2025-10-14,2025-10-17,,star_asia_2025_W44_Market-report-Week-44.pdf,14.102025,,RECONSTRUCTED_8DIGIT,17.10.2025,,EU_DDMMYYYY,,,,
2025-10-31,44,Beaching / Arrival,JOSH 1,PIPE LAYER BARGE,13119.0,,"Chattogram, Bangladesh",,,2025-10-14,2025-10-16,,star_asia_2025_W44_Market-report-Week-44.pdf,14.10.2025,,EU_DDMMYYYY,16.10.2025,,EU_DDMMYYYY,,,,
2025-10-31,44,Beaching / Arrival,AE GAS,LPG,2222.0,,"Chattogram, Bangladesh",,,2025-10-07,2025-10-12,,star_asia_2025_W44_Market-report-Week-44.pdf,07.10.2025,,EU_DDMMYYYY,12.10.2025,,EU_DDMMYYYY,,,,
2025-10-31,44,Beaching / Arrival,VERTEX,TANKER,1087.0,,"Chattogram, Bangladesh",,,2025-10-07,2025-10-15,,star_asia_2025_W44_Market-report-Week-44.pdf,07.10.2025,,EU_DDMMYYYY,15.10.2025,,EU_DDMMYYYY,,,,
2025-10-31,44,Beaching / Arrival,JOSH,PIPE LAYER BARGE,15415.0,,"Chattogram, Bangladesh",,,2025-10-09,2025-10-11,,star_asia_2025_W44_Market-report-Week-44.pdf,09.10.2025,,EU_DDMMYYYY,11.10.2025,,EU_DDMMYYYY,,,,
2025-10-31,44,Beaching / Arrival,JAMAL,LNG CARRIER,31326.0,,"Chattogram, Bangladesh",,,2025-10-10,2025-10-17,,star_asia_2025_W44_Market-report-Week-44.pdf,10.10.2025,,EU_DDMMYYYY,17.10.2025,,EU_DDMMYYYY,,,,
2025-10-31,44,Beaching / Arrival,BOW CEDAR,CHEM TANKER,11104.0,,"Chattogram, Bangladesh",,,2025-10-07,2025-10-09,,star_asia_2025_W44_Market-report-Week-44.pdf,07.10.2025,,EU_DDMMYYYY,09.10.2025,,EU_DDMMYYYY,,,,
2025-10-31,44,Beaching / Arrival,SHAURYA II,TANKER,15810.0,,"Chattogram, Bangladesh",,,2025-10-02,2025-10-09,,star_asia_2025_W44_Market-report-Week-44.pdf,02.10.2025,,EU_DDMMYYYY,09.10.2025,,EU_DDMMYYYY,,,,
2025-10-31,44,Beaching / Arrival,LADY L,REEFER,5827.0,,"Chattogram, Bangladesh",,,2025-09-28,2025-10-08,,star_asia_2025_W44_Market-report-Week-44.pdf,28.09.2025,,EU_DDMMYYYY,08.10.2025,,EU_DDMMYYYY,,,,
2025-10-31,44,Beaching / Arrival,ALI S,BULKER,4869.0,,"Chattogram, Bangladesh",,,2025-09-22,2025-10-04,,star_asia_2025_W44_Market-report-Week-44.pdf,22.09.2025,,EU_DDMMYYYY,04.10.2025,,EU_DDMMYYYY,,,,
2025-10-31,44,Beaching / Arrival,TRUT,GENERAL CARGO,2700.0,,"Chattogram, Bangladesh",,,2025-09-27,2025-10-01,,star_asia_2025_W44_Market-report-Week-44.pdf,27.09.2025,,EU_DDMMYYYY,01.10.2025,,EU_DDMMYYYY,,,,
2025-10-31,44,Beaching / Arrival,ANG,BARGE,2630.0,,"Chattogram, Bangladesh",,,2025-10-27,,,star_asia_2025_W44_Market-report-Week-44.pdf,27.10.2025,,EU_DDMMYYYY,AWAITING,AWAITING,STATUS,,,,
2025-10-31,44,Beaching / Arrival,ANG HO,PUSHER TUG,493.0,,"Chattogram, Bangladesh",,,2025-10-27,,,star_asia_2025_W44_Market-report-Week-44.pdf,27.10.2025,,EU_DDMMYYYY,AWAITING,AWAITING,STATUS,,,,
2025-10-31,44,Beaching / Arrival,S OAK,CONTAINER,2261.0,,"Chattogram, Bangladesh",,,2025-10-20,2025-10-24,,star_asia_2025_W44_Market-report-Week-44.pdf,20.10.2025,,EU_DDMMYYYY,24.10.2025,,EU_DDMMYYYY,,,,
2025-10-31,44,Beaching / Arrival,SIO,BULKER,6722.0,,"Chattogram, Bangladesh",,,2025-10-19,2025-10-19,,star_asia_2025_W44_Market-report-Week-44.pdf,19.10.2025,,EU_DDMMYYYY,19.10.2025,,EU_DDMMYYYY,,,,
2025-10-31,44,Beaching / Arrival,NIGATA TRADER,CONTAINER,4809.0,,"Chattogram, Bangladesh",,,2025-10-09,2025-10-09,,star_asia_2025_W44_Market-report-Week-44.pdf,09.10.2025,,EU_DDMMYYYY,09.10.2025,,EU_DDMMYYYY,,,,
2025-10-31,44,Beaching / Arrival,ASIAN ENTERPRISE,GENERAL CARGO,9016.0,,"Chattogram, Bangladesh",,,2025-10-05,2025-10-05,,star_asia_2025_W44_Market-report-Week-44.pdf,05.10.2025,,EU_DDMMYYYY,05.10.2025,,EU_DDMMYYYY,,,,
2025-10-31,44,Beaching / Arrival,ADALYNN,TANKER,22000.0,,"Chattogram, Bangladesh",,,2025-10-12,2025-10-20,,star_asia_2025_W44_Market-report-Week-44.pdf,12.10.2025,,EU_DDMMYYYY,20.10.2025,,EU_DDMMYYYY,,,,
2025-10-31,44,Beaching / Arrival,AL SAMA,BULKER,9484.0,,"Chattogram, Bangladesh",,,2025-10-12,,,star_asia_2025_W44_Market-report-Week-44.pdf,12.10.2025,,EU_DDMMYYYY,AWAITING,AWAITING,STATUS,,,,
2025-10-31,44,Beaching / Arrival,EENA 1,GENERAL CARGO,1444.0,,"Chattogram, Bangladesh",,,2025-09-27,,,star_asia_2025_W44_Market-report-Week-44.pdf,27.09.2025,,EU_DDMMYYYY,AWAITING,AWAITING,STATUS,,,,
2025-11-07,45,Reported Sale,RAISSA,TANKER,9711.0,470.0,"Chattogram, Bangladesh",1998,CROATIA,,,DELIVERED CHATTOGRAM,star_asia_2025_W45_Market-report-Week-45.pdf,,,,,,,,,,
2025-11-07,45,Reported Sale,ARK,MPP,1366.0,,"Alang, India",1985,GERMANY,,,DELIVERED ALANG,star_asia_2025_W45_Market-report-Week-45.pdf,,,,,,,,,,
2025-11-07,45,Beaching / Arrival,CONICO ATLAS,TANKER,20001.0,,"Chattogram, Bangladesh",,,2025-06-13,,,star_asia_2025_W45_Market-report-Week-45.pdf,13.06.2025,,EU_DDMMYYYY,ARRESTED,ARRESTED,STATUS,,,,
2025-11-07,45,Beaching / Arrival,DALIA,GENERAL CARGO,1368.0,,"Chattogram, Bangladesh",,,2025-11-04,,,star_asia_2025_W45_Market-report-Week-45.pdf,04.11.2025,,EU_DDMMYYYY,AWAITING,AWAITING,STATUS,,,,
2025-11-07,45,Beaching / Arrival,ARK,GENERAL CARGO,1366.0,,"Chattogram, Bangladesh",,,2025-11-01,2025-11-06,,star_asia_2025_W45_Market-report-Week-45.pdf,01.11.2025,,EU_DDMMYYYY,06.11.2025,,EU_DDMMYYYY,,,,
2025-11-07,45,Beaching / Arrival,MASAL,TANKER,23159.0,,"Chattogram, Bangladesh",,,2025-10-29,2025-11-06,,star_asia_2025_W45_Market-report-Week-45.pdf,29.10.2025,,EU_DDMMYYYY,06.11.2025,,EU_DDMMYYYY,,,,
2025-11-07,45,Beaching / Arrival,NEER 1,TANKER,22977.0,,"Chattogram, Bangladesh",,,2025-10-17,2025-11-06,,star_asia_2025_W45_Market-report-Week-45.pdf,17.10.2025,,EU_DDMMYYYY,06.11.2025,,EU_DDMMYYYY,,,,
2025-11-07,45,Beaching / Arrival,ANG,BARGE,2630.0,,"Chattogram, Bangladesh",,,2025-10-27,2025-11-04,,star_asia_2025_W45_Market-report-Week-45.pdf,27.10.2025,,EU_DDMMYYYY,04.11.2025,,EU_DDMMYYYY,,,,
2025-11-14,46,Reported Sale,TARA,GENERAL CARGO,3135.0,370.0,"Alang, India",1994,JAPAN,,,DELIVERED ALANG,star_asia_2025_W46_Market-report-Week-46.pdf,,,,,,,,,,
2025-11-14,46,Reported Sale,STAR ADVANCE,TANKER,9691.0,441.0,,1998,CROATIA,,,AS IS SINGAPORE (ROB 205MT VLSFO & 74 MGO),star_asia_2025_W46_Market-report-Week-46.pdf,,,,,,,,,,
2025-11-14,46,Beaching / Arrival,CONICO ATLAS,TANKER,20001.0,,"Chattogram, Bangladesh",,,2025-06-13,,,star_asia_2025_W46_Market-report-Week-46.pdf,13.06.2025,,EU_DDMMYYYY,ARRESTED,ARRESTED,STATUS,,,,
2025-11-14,46,Beaching / Arrival,DALIA,GENERAL CARGO,1368.0,,"Chattogram, Bangladesh",,,2025-11-04,,,star_asia_2025_W46_Market-report-Week-46.pdf,04.11.2025,,EU_DDMMYYYY,AWAITING,AWAITING,STATUS,,,,
2025-11-14,46,Beaching / Arrival,ARK,GENERAL CARGO,1366.0,,"Chattogram, Bangladesh",,,2025-11-01,2025-11-06,,star_asia_2025_W46_Market-report-Week-46.pdf,01.11.2025,,EU_DDMMYYYY,06.11.2025,,EU_DDMMYYYY,,,,
2025-11-14,46,Beaching / Arrival,MASAL,TANKER,23159.0,,"Chattogram, Bangladesh",,,2025-10-29,2025-11-06,,star_asia_2025_W46_Market-report-Week-46.pdf,29.10.2025,,EU_DDMMYYYY,06.11.2025,,EU_DDMMYYYY,,,,
2025-11-14,46,Beaching / Arrival,NEER 1,TANKER,22977.0,,"Chattogram, Bangladesh",,,2025-10-17,2025-11-06,,star_asia_2025_W46_Market-report-Week-46.pdf,17.10.2025,,EU_DDMMYYYY,06.11.2025,,EU_DDMMYYYY,,,,
2025-11-14,46,Beaching / Arrival,RAISSA,TANKER,9711.0,,"Chattogram, Bangladesh",,,2025-11-11,,,star_asia_2025_W46_Market-report-Week-46.pdf,11.11.2025,,EU_DDMMYYYY,AWAITING,AWAITING,STATUS,,,,
2025-11-14,46,Beaching / Arrival,GULY,TANKER,13782.0,,"Chattogram, Bangladesh",,,2025-11-11,,,star_asia_2025_W46_Market-report-Week-46.pdf,11.11.2025,,EU_DDMMYYYY,AWAITING,AWAITING,STATUS,,,,
2025-11-14,46,Beaching / Arrival,RANA,BULKER,8082.0,,"Chattogram, Bangladesh",,,2025-11-10,,,star_asia_2025_W46_Market-report-Week-46.pdf,10.11.2025,,EU_DDMMYYYY,AWAITING,AWAITING,STATUS,,,,
2025-11-14,46,Beaching / Arrival,FU OCEAN,BULKER,21338.0,,"Chattogram, Bangladesh",,,2025-11-10,,,star_asia_2025_W46_Market-report-Week-46.pdf,10.11.2025,,EU_DDMMYYYY,AWAITING,AWAITING,STATUS,,,,
2025-11-14,46,Beaching / Arrival,NEW PROGRESS,TANKER,2147.0,,"Chattogram, Bangladesh",,,2025-11-09,,,star_asia_2025_W46_Market-report-Week-46.pdf,09.11.2025,,EU_DDMMYYYY,AWAITING,AWAITING,STATUS,,,,
2025-11-14,46,Beaching / Arrival,ANG,BARGE,2630.0,,"Chattogram, Bangladesh",,,2025-10-27,2025-11-04,,star_asia_2025_W46_Market-report-Week-46.pdf,27.10.2025,,EU_DDMMYYYY,04.11.2025,,EU_DDMMYYYY,,,,
2025-11-21,47,Reported Sale,NEW PROGRESS,TANKER,2139.0,,"Chattogram, Bangladesh",1995,SINGAPORE,,,DELIVERED CHATTOGRAM,star_asia_2025_W47_Market-report-Week-47.pdf,,,,,,,,,,
2025-11-21,47,Reported Sale,FU OCEAN,BULKER,21338.0,,"Chattogram, Bangladesh",2001,S. KOREA,,,DELIVERED CHATTOGRAM,star_asia_2025_W47_Market-report-Week-47.pdf,,,,,,,,,,
2025-11-21,47,Reported Sale,VICTORIA 3,BULKER,6086.0,,,1993,JAPAN,,,AS IS SINGAPORE,star_asia_2025_W47_Market-report-Week-47.pdf,,,,,,,,,,
2025-11-21,47,Reported Sale,ARK PRESTIGE,TANKER,3307.0,725.0,"Alang, India",1996,JAPAN,,,DELIVERED ALANG (WITH SUS316 ONBOARD),star_asia_2025_W47_Market-report-Week-47.pdf,,,,,,,,,,
2025-11-21,47,Beaching / Arrival,CONICO ATLAS,TANKER,20001.0,,"Chattogram, Bangladesh",,,2025-06-13,,,star_asia_2025_W47_Market-report-Week-47.pdf,13.06.2025,,EU_DDMMYYYY,ARRESTED,ARRESTED,STATUS,,,,
2025-11-21,47,Beaching / Arrival,ZENITH,TANKER,17013.0,,"Chattogram, Bangladesh",,,2025-11-22,,,star_asia_2025_W47_Market-report-Week-47.pdf,22.11.2025,,EU_DDMMYYYY,AWAITING,AWAITING,STATUS,,,,
2025-11-21,47,Beaching / Arrival,KAI DE STAR,REEFER,2662.0,,"Chattogram, Bangladesh",,,,,,star_asia_2025_W47_Market-report-Week-47.pdf,21.11.205,,UNPARSED,AWAITING,AWAITING,STATUS,,,,
2025-11-21,47,Beaching / Arrival,SMURF,HLV,4043.0,,"Chattogram, Bangladesh",,,,2025-11-19,,star_asia_2025_W47_Market-report-Week-47.pdf,12.11.2205,,UNPARSED,19.11.2025,,EU_DDMMYYYY,,,,
2025-11-21,47,Beaching / Arrival,TARA,GENERAL CARGO,3150.0,,"Chattogram, Bangladesh",,,2025-11-11,2025-11-20,,star_asia_2025_W47_Market-report-Week-47.pdf,11.11.2025,,EU_DDMMYYYY,20.11.2025,,EU_DDMMYYYY,,,,
2025-11-21,47,Beaching / Arrival,ABILITY,TANKER,5318.0,,"Chattogram, Bangladesh",,,2025-11-12,2025-11-16,,star_asia_2025_W47_Market-report-Week-47.pdf,12.11.2025,,EU_DDMMYYYY,16.11.2025,,EU_DDMMYYYY,,,,
2025-11-21,47,Beaching / Arrival,DELFINA,TANKER,13783.0,,"Chattogram, Bangladesh",,,2025-11-09,2025-11-12,,star_asia_2025_W47_Market-report-Week-47.pdf,09.11.2025,,EU_DDMMYYYY,12.11.2025,,EU_DDMMYYYY,,,,
2025-11-21,47,Beaching / Arrival,DALIA,GENERAL CARGO,1368.0,,"Chattogram, Bangladesh",,,2025-11-04,2025-11-12,,star_asia_2025_W47_Market-report-Week-47.pdf,04.11.2025,,EU_DDMMYYYY,12.11.2025,,EU_DDMMYYYY,,,,
2025-11-21,47,Beaching / Arrival,ARK,GENERAL CARGO,1366.0,,"Chattogram, Bangladesh",,,2025-11-01,2025-11-06,,star_asia_2025_W47_Market-report-Week-47.pdf,01.11.2025,,EU_DDMMYYYY,06.11.2025,,EU_DDMMYYYY,,,,
2025-11-21,47,Beaching / Arrival,MASAL,TANKER,23159.0,,"Chattogram, Bangladesh",,,2025-10-29,2025-11-06,,star_asia_2025_W47_Market-report-Week-47.pdf,29.10.2025,,EU_DDMMYYYY,06.11.2025,,EU_DDMMYYYY,,,,
2025-11-21,47,Beaching / Arrival,NEER 1,TANKER,22977.0,,"Chattogram, Bangladesh",,,2025-10-17,2025-11-06,,star_asia_2025_W47_Market-report-Week-47.pdf,17.10.2025,,EU_DDMMYYYY,06.11.2025,,EU_DDMMYYYY,,,,
2025-11-21,47,Beaching / Arrival,LEO,TANKER,1788.0,,"Aliaga, Turkey",,,2025-11-13,,,star_asia_2025_W47_Market-report-Week-47.pdf,13.11.2025,,EU_DDMMYYYY,AWAITING,AWAITING,STATUS,,,,
2025-11-21,47,Beaching / Arrival,RAISSA,TANKER,9711.0,,"Aliaga, Turkey",,,2025-11-11,2025-11-17,,star_asia_2025_W47_Market-report-Week-47.pdf,11.11.2025,,EU_DDMMYYYY,17.11.2025,,EU_DDMMYYYY,,,,
2025-11-21,47,Beaching / Arrival,GULY,TANKER,13782.0,,"Aliaga, Turkey",,,2025-11-11,2025-11-19,,star_asia_2025_W47_Market-report-Week-47.pdf,11.11.2025,,EU_DDMMYYYY,19.11.2025,,EU_DDMMYYYY,,,,
2025-11-21,47,Beaching / Arrival,RANA,BULKER,8082.0,,"Aliaga, Turkey",,,2025-11-10,2025-11-19,,star_asia_2025_W47_Market-report-Week-47.pdf,10.11.2025,,EU_DDMMYYYY,19.11.2025,,EU_DDMMYYYY,,,,
2025-11-21,47,Beaching / Arrival,FU OCEAN,BULKER,21338.0,,"Aliaga, Turkey",,,2025-11-10,2025-11-20,,star_asia_2025_W47_Market-report-Week-47.pdf,10.11.2025,,EU_DDMMYYYY,20.11.2025,,EU_DDMMYYYY,,,,
2025-11-21,47,Beaching / Arrival,NEW PROGRESS,TANKER,2147.0,,"Aliaga, Turkey",,,2025-11-09,2025-11-14,,star_asia_2025_W47_Market-report-Week-47.pdf,09.11.2025,,EU_DDMMYYYY,14.11.2025,,EU_DDMMYYYY,,,,
2025-11-21,47,Beaching / Arrival,SANTA ANA,TANKER,8777.0,,"Aliaga, Turkey",,,2025-11-14,2025-11-20,,star_asia_2025_W47_Market-report-Week-47.pdf,14.11.2025,,EU_DDMMYYYY,20.11.2025,,EU_DDMMYYYY,,,,
2025-11-21,47,Beaching / Arrival,ANG,BARGE,2630.0,,"Aliaga, Turkey",,,2025-10-27,2025-11-04,,star_asia_2025_W47_Market-report-Week-47.pdf,27.10.2025,,EU_DDMMYYYY,04.11.2025,,EU_DDMMYYYY,,,,
2025-11-28,48,Reported Sale,ZI YU LAN,RORO,7542.0,,"Chattogram, Bangladesh",1995,GERMANY,,,DELIVERED CHATTOGRAM,star_asia_2025_W48_Market-report-Week-48.pdf,,,,,,,,,,
2025-11-28,48,Reported Sale,BOLD MARINER,BULKER,7507.0,430.0,"Chattogram, Bangladesh",1996,JAPAN,,,DELIVERED CHATTOGRAM,star_asia_2025_W48_Market-report-Week-48.pdf,,,,,,,,,,
2025-11-28,48,Beaching / Arrival,CONICO ATLAS,TANKER,20001.0,,"Chattogram, Bangladesh",,,2025-06-13,,,star_asia_2025_W48_Market-report-Week-48.pdf,13.06.2025,,EU_DDMMYYYY,ARRESTED,ARRESTED,STATUS,,,,
2025-11-28,48,Beaching / Arrival,SUNFLOWER,TANKER,41554.0,,"Chattogram, Bangladesh",,,2025-11-24,2025-11-25,,star_asia_2025_W48_Market-report-Week-48.pdf,24.11.2025,,EU_DDMMYYYY,25.11.2025,,EU_DDMMYYYY,,,,
2025-11-28,48,Beaching / Arrival,ZENITH,TANKER,17013.0,,"Chattogram, Bangladesh",,,2025-11-22,2025-11-28,,star_asia_2025_W48_Market-report-Week-48.pdf,22.11.2025,,EU_DDMMYYYY,28.11.2025,,EU_DDMMYYYY,,,,
2025-11-28,48,Beaching / Arrival,KAI DE STAR,REEFER,2662.0,,"Chattogram, Bangladesh",,,,2025-11-28,,star_asia_2025_W48_Market-report-Week-48.pdf,21.11.205,,UNPARSED,28.11.2025,,EU_DDMMYYYY,,,,
2025-11-28,48,Beaching / Arrival,SMURF,HLV,4043.0,,"Chattogram, Bangladesh",,,,2025-11-19,,star_asia_2025_W48_Market-report-Week-48.pdf,12.11.2205,,UNPARSED,19.11.2025,,EU_DDMMYYYY,,,,
2025-11-28,48,Beaching / Arrival,TARA,GENERAL CARGO,3150.0,,"Chattogram, Bangladesh",,,2025-11-11,2025-11-20,,star_asia_2025_W48_Market-report-Week-48.pdf,11.11.2025,,EU_DDMMYYYY,20.11.2025,,EU_DDMMYYYY,,,,
2025-11-28,48,Beaching / Arrival,ABILITY,TANKER,5318.0,,"Chattogram, Bangladesh",,,2025-11-12,2025-11-16,,star_asia_2025_W48_Market-report-Week-48.pdf,12.11.2025,,EU_DDMMYYYY,16.11.2025,,EU_DDMMYYYY,,,,
2025-11-28,48,Beaching / Arrival,DELFINA,TANKER,13783.0,,"Chattogram, Bangladesh",,,2025-11-09,2025-11-12,,star_asia_2025_W48_Market-report-Week-48.pdf,09.11.2025,,EU_DDMMYYYY,12.11.2025,,EU_DDMMYYYY,,,,
2025-11-28,48,Beaching / Arrival,DALIA,GENERAL CARGO,1368.0,,"Chattogram, Bangladesh",,,2025-11-04,2025-11-12,,star_asia_2025_W48_Market-report-Week-48.pdf,04.11.2025,,EU_DDMMYYYY,12.11.2025,,EU_DDMMYYYY,,,,
2025-11-28,48,Beaching / Arrival,ARK,GENERAL CARGO,1366.0,,"Chattogram, Bangladesh",,,2025-11-01,2025-11-06,,star_asia_2025_W48_Market-report-Week-48.pdf,01.11.2025,,EU_DDMMYYYY,06.11.2025,,EU_DDMMYYYY,,,,
2025-11-28,48,Beaching / Arrival,MASAL,TANKER,23159.0,,"Chattogram, Bangladesh",,,2025-10-29,2025-11-06,,star_asia_2025_W48_Market-report-Week-48.pdf,29.10.2025,,EU_DDMMYYYY,06.11.2025,,EU_DDMMYYYY,,,,
2025-11-28,48,Beaching / Arrival,NEER 1,TANKER,22977.0,,"Chattogram, Bangladesh",,,2025-10-17,2025-11-06,,star_asia_2025_W48_Market-report-Week-48.pdf,17.10.2025,,EU_DDMMYYYY,06.11.2025,,EU_DDMMYYYY,,,,
2025-11-28,48,Beaching / Arrival,NICA,BULKER,7779.0,,"Aliaga, Turkey",,,2025-11-25,,,star_asia_2025_W48_Market-report-Week-48.pdf,25.11.2025,,EU_DDMMYYYY,AWAITING,AWAITING,STATUS,,,,
2025-11-28,48,Beaching / Arrival,PATCHARAWDEE 14,LPG,2450.0,,"Aliaga, Turkey",,,2025-11-24,,,star_asia_2025_W48_Market-report-Week-48.pdf,24.11.2025,,EU_DDMMYYYY,AWAITING,AWAITING,STATUS,,,,
2025-11-28,48,Beaching / Arrival,PATCHARAWDEE 12,LPG,1244.1,,"Aliaga, Turkey",,,2025-11-24,,,star_asia_2025_W48_Market-report-Week-48.pdf,24.11.2025,,EU_DDMMYYYY,AWAITING,AWAITING,STATUS,,,,
2025-11-28,48,Beaching / Arrival,PATCHARAWDEE 10,LPG,1294.88,,"Aliaga, Turkey",,,2025-11-24,2025-11-27,,star_asia_2025_W48_Market-report-Week-48.pdf,24.11.2025,,EU_DDMMYYYY,27.11.2025,,EU_DDMMYYYY,,,,
2025-11-28,48,Beaching / Arrival,LEO,TANKER,1788.0,,"Aliaga, Turkey",,,2025-11-13,2025-11-21,,star_asia_2025_W48_Market-report-Week-48.pdf,13.11.2025,,EU_DDMMYYYY,21.11.2025,,EU_DDMMYYYY,,,,
2025-11-28,48,Beaching / Arrival,RAISSA,TANKER,9711.0,,"Aliaga, Turkey",,,2025-11-11,2025-11-17,,star_asia_2025_W48_Market-report-Week-48.pdf,11.11.2025,,EU_DDMMYYYY,17.11.2025,,EU_DDMMYYYY,,,,
2025-11-28,48,Beaching / Arrival,GULY,TANKER,13782.0,,"Aliaga, Turkey",,,2025-11-11,2025-11-19,,star_asia_2025_W48_Market-report-Week-48.pdf,11.11.2025,,EU_DDMMYYYY,19.11.2025,,EU_DDMMYYYY,,,,
2025-11-28,48,Beaching / Arrival,RANA,BULKER,8082.0,,"Aliaga, Turkey",,,2025-11-10,2025-11-19,,star_asia_2025_W48_Market-report-Week-48.pdf,10.11.2025,,EU_DDMMYYYY,19.11.2025,,EU_DDMMYYYY,,,,
2025-11-28,48,Beaching / Arrival,FU OCEAN,BULKER,21338.0,,"Aliaga, Turkey",,,2025-11-10,2025-11-20,,star_asia_2025_W48_Market-report-Week-48.pdf,10.11.2025,,EU_DDMMYYYY,20.11.2025,,EU_DDMMYYYY,,,,
2025-11-28,48,Beaching / Arrival,NEW PROGRESS,TANKER,2147.0,,"Aliaga, Turkey",,,2025-11-09,2025-11-14,,star_asia_2025_W48_Market-report-Week-48.pdf,09.11.2025,,EU_DDMMYYYY,14.11.2025,,EU_DDMMYYYY,,,,
2025-11-28,48,Beaching / Arrival,SANTA ANA,TANKER,8777.0,,"Aliaga, Turkey",,,2025-11-14,2025-11-20,,star_asia_2025_W48_Market-report-Week-48.pdf,14.11.2025,,EU_DDMMYYYY,20.11.2025,,EU_DDMMYYYY,,,,
2025-11-28,48,Beaching / Arrival,ANG,BARGE,2630.0,,"Aliaga, Turkey",,,2025-10-27,2025-11-04,,star_asia_2025_W48_Market-report-Week-48.pdf,27.10.2025,,EU_DDMMYYYY,04.11.2025,,EU_DDMMYYYY,,,,
2025-11-28,48,Beaching / Arrival,EENA 1,GENERAL CARGO,1444.0,,"Aliaga, Turkey",,,2025-11-15,2025-11-19,,star_asia_2025_W48_Market-report-Week-48.pdf,15.11.2025,,EU_DDMMYYYY,19.11.2025,,EU_DDMMYYYY,,,,
2025-12-05,49,Reported Sale,SEASPEAK ASIA,LNG,27450.8,420.0,"Chattogram, Bangladesh",2003,SPAIN,,,AS IS OMAN FOR REDLIVERY CHATTOGRAM,star_asia_2025_W49_Market-report-Week-49.pdf,,,,,,,,,,
2025-12-05,49,Reported Sale,GRYPHON A,FPSO,33049.0,,"Aliaga, Turkey",1993,SPAIN,,,DELIVERED ALIAGA. TURKEY,star_asia_2025_W49_Market-report-Week-49.pdf,,,,,,,,,,
2025-12-05,49,Reported Sale,VIGO,TANKER,17740.0,,,2000,S. KOREA,,,DELIVERED CHARTOGRAM,star_asia_2025_W49_Market-report-Week-49.pdf,,,,,,,,,,
2025-12-05,49,Beaching / Arrival,CONICO ATLAS,TANKER,20001.0,,"Chattogram, Bangladesh",,,2025-06-13,,,star_asia_2025_W49_Market-report-Week-49.pdf,13.06.2025,,EU_DDMMYYYY,ARRESTED,ARRESTED,STATUS,,,,
2025-12-05,49,Beaching / Arrival,MORALITY,TANKER,9852.0,,"Chattogram, Bangladesh",,,2025-12-05,,,star_asia_2025_W49_Market-report-Week-49.pdf,05.12.2025,,EU_DDMMYYYY,AWAITING,AWAITING,STATUS,,,,
2025-12-30,52,Reported Sale,GOLD ORIGIN,GENERAL CARGO,2485.0,,"Chattogram, Bangladesh",2005,CHINA,,,DELIVERED CHATTOGRAM,star_asia_2025_W52_Market-report-Week-52.pdf,,,,,,,,,,
2025-12-30,52,Beaching / Arrival,MACKEREL,TANKER,8868.0,,"Chattogram, Bangladesh",,,2025-12-17,2025-12-20,,star_asia_2025_W52_Market-report-Week-52.pdf,17.12.2025,,EU_DDMMYYYY,20.12.2025,,EU_DDMMYYYY,,,,
2025-12-30,52,Beaching / Arrival,PRESTIGE,TANKER,3307.0,,"Chattogram, Bangladesh",,,2025-12-15,2025-12-19,,star_asia_2025_W52_Market-report-Week-52.pdf,15.12.2025,,EU_DDMMYYYY,19.12.2025,,EU_DDMMYYYY,,,,
2025-12-30,52,Beaching / Arrival,MAPLE,TANKER,1302.0,,"Chattogram, Bangladesh",,,2025-12-27,,,star_asia_2025_W52_Market-report-Week-52.pdf,27.12.2025,,EU_DDMMYYYY,AWAITING,AWAITING,STATUS,,,,
2025-12-30,52,Beaching / Arrival,ELITE PROSPERITY,BARGE,13733.0,,"Chattogram, Bangladesh",,,2025-12-19,2025-12-23,,star_asia_2025_W52_Market-report-Week-52.pdf,19.12.2025,,EU_DDMMYYYY,23.12.2025,,EU_DDMMYYYY,,,,
2025-12-30,52,Beaching / Arrival,UNGGUL,GENERAL CARGO,1238.0,,"Chattogram, Bangladesh",,,2025-12-20,2025-12-24,,star_asia_2025_W52_Market-report-Week-52.pdf,20.12.2025,,EU_DDMMYYYY,24.12.2025,,EU_DDMMYYYY,,,,
2025-12-30,52,Beaching / Arrival,ZI YU LAN,MPP,7542.0,,"Chattogram, Bangladesh",,,2025-12-19,2025-12-25,,star_asia_2025_W52_Market-report-Week-52.pdf,19.12.2025,,EU_DDMMYYYY,25.12.2025,,EU_DDMMYYYY,,,,
2025-12-30,52,Beaching / Arrival,JESSICA,TANKER,2563.0,,"Chattogram, Bangladesh",,,2025-12-21,2025-12-25,,star_asia_2025_W52_Market-report-Week-52.pdf,21.12.2025,,EU_DDMMYYYY,25.12.2025,,EU_DDMMYYYY,,,,
2025-12-30,52,Beaching / Arrival,BOLD MARINER,BULKER,7507.0,,"Chattogram, Bangladesh",,,2025-12-14,2025-12-23,,star_asia_2025_W52_Market-report-Week-52.pdf,14.12.2025,,EU_DDMMYYYY,23.12.2025,,EU_DDMMYYYY,,,,
2025-12-30,52,Beaching / Arrival,FAN SHUN,BULKER,7813.5,,"Chattogram, Bangladesh",,,2025-12-12,2025-12-20,,star_asia_2025_W52_Market-report-Week-52.pdf,12.12.2025,,EU_DDMMYYYY,20.12.2025,,EU_DDMMYYYY,,,,
2025-12-30,52,Beaching / Arrival,ARDHIANTO,GENERAL CARGO,2922.0,,"Chattogram, Bangladesh",,,2025-12-18,2025-12-20,,star_asia_2025_W52_Market-report-Week-52.pdf,18.12.2025,,EU_DDMMYYYY,20.12.2025,,EU_DDMMYYYY,,,,
2026-01-09,1,Beaching / Arrival,EMANO 11,GENERAL CARGO,2556.0,,"Chattogram, Bangladesh",,,2026-01-02,,,star_asia_2026_W01_Market-report-Week-1-2.pdf,02.01.2026,,EU_DDMMYYYY,AWAITING,AWAITING,STATUS,,,,
2026-01-09,1,Beaching / Arrival,BODHI,TANKER,16294.0,,"Chattogram, Bangladesh",,,2026-01-09,,,star_asia_2026_W01_Market-report-Week-1-2.pdf,09.01.2026,,EU_DDMMYYYY,AWAITING,AWAITING,STATUS,,,,
2026-01-09,1,Beaching / Arrival,VIGO,TANKER,17740.0,,"Chattogram, Bangladesh",,,2026-07-07,,,star_asia_2026_W01_Market-report-Week-1-2.pdf,07.07.2026,,EU_DDMMYYYY,AWAITING,AWAITING,STATUS,,,,
2026-01-09,1,Beaching / Arrival,GOLD ORIGIN,GENERAL CARGO,2485.0,,"Chattogram, Bangladesh",,,2025-01-02,2025-01-07,,star_asia_2026_W01_Market-report-Week-1-2.pdf,02.01.2025,,EU_DDMMYYYY,07.01.2025,,EU_DDMMYYYY,,,,
2026-01-09,1,Beaching / Arrival,VICTOR,BULKER,6086.0,,"Chattogram, Bangladesh",,,2025-01-02,2026-01-07,,star_asia_2026_W01_Market-report-Week-1-2.pdf,02.01.2025,,EU_DDMMYYYY,07.01.2026,,EU_DDMMYYYY,,,,
2026-01-16,3,Reported Sale,SHENG LU,BULKER,6300.0,,"Alang, India",1994,JAPAN,,,DELIVERED ALANG,star_asia_2026_W03_Market-report-Week-3.pdf,,,,,,,,,,
2026-01-16,3,Reported Sale,OLGA L,REEFER,3770.0,,"Alang, India",1984,JAPAN,,,DELIVERED ALANG,star_asia_2026_W03_Market-report-Week-3.pdf,,,,,,,,,,
2026-01-16,3,Reported Sale,SALTLAKE,REEFER,2100.0,390.0,"Alang, India",1986,JAPAN,,,DELIVERED ALANG,star_asia_2026_W03_Market-report-Week-3.pdf,,,,,,,,,,
2026-01-16,3,Reported Sale,SHENG LE C,BULKER,7125.0,398.0,,1996,JAPAN,,,"AS IS SOHAR, OMAN WITH 250 MT BUNKERS ROB INCLUDED IN SALE",star_asia_2026_W03_Market-report-Week-3.pdf,,,,,,,,,,
2026-01-16,3,Reported Sale,CHUNG YANG,CEMENT CARRIER,3552.0,280.0,"Chattogram, Bangladesh",1984,JAPAN,,,"AS IS BUSAN, S. KOREA FOR REDELVIERY CHATTOGRAM.",star_asia_2026_W03_Market-report-Week-3.pdf,,,,,,,,,,
2026-01-16,3,Beaching / Arrival,EMANO 11,GENERAL CARGO,2556.0,,,,,2026-01-02,2026-01-10,,star_asia_2026_W03_Market-report-Week-3.pdf,02.01.2026,,EU_DDMMYYYY,10.01.2026,,EU_DDMMYYYY,,,,
2026-01-16,3,Beaching / Arrival,BODHI,TANKER,16294.0,,,,,2026-01-09,2026-01-15,,star_asia_2026_W03_Market-report-Week-3.pdf,09.01.2026,,EU_DDMMYYYY,15.01.2026,,EU_DDMMYYYY,,,,
2026-01-16,3,Beaching / Arrival,SHENG LU,BULKER,6300.0,,,,,2026-01-12,2026-01-17,,star_asia_2026_W03_Market-report-Week-3.pdf,12.01.2026,,EU_DDMMYYYY,17.01.2026,,EU_DDMMYYYY,,,,
2026-01-16,3,Beaching / Arrival,KHOZAN MARU,TANKER,9.962,,"Chattogram, Bangladesh",,,2026-01-15,,,star_asia_2026_W03_Market-report-Week-3.pdf,15.01.2026,,EU_DDMMYYYY,AWAITING,AWAITING,STATUS,,,,
2026-01-16,3,Beaching / Arrival,VIGO,TANKER,17740.0,,"Chattogram, Bangladesh",,,2026-07-07,2026-01-09,,star_asia_2026_W03_Market-report-Week-3.pdf,07.07.2026,,EU_DDMMYYYY,09.01.2026,,EU_DDMMYYYY,,,,
2026-01-16,3,Beaching / Arrival,GOLD ORIGIN,GENERAL CARGO,2485.0,,"Chattogram, Bangladesh",,,2025-01-02,2025-01-07,,star_asia_2026_W03_Market-report-Week-3.pdf,02.01.2025,,EU_DDMMYYYY,07.01.2025,,EU_DDMMYYYY,,,,
2026-01-16,3,Beaching / Arrival,VICTOR,BULKER,6086.0,,"Chattogram, Bangladesh",,,2025-01-02,2026-01-07,,star_asia_2026_W03_Market-report-Week-3.pdf,02.01.2025,,EU_DDMMYYYY,07.01.2026,,EU_DDMMYYYY,,,,
2026-01-23,4,Reported Sale,QUARTZ,TANKER,9453.0,435.0,,1996,CROATIA,,,AS IS SINGAPORE (WITH ROB),star_asia_2026_W04_Market-report-Week-4.pdf,,,,,,,,,,
2026-01-23,4,Reported Sale,VALDA,GENERAL CARGO,2710.0,,"Alang, India",1996,RUSSIA,,,DELIVERED ALANG,star_asia_2026_W04_Market-report-Week-4.pdf,,,,,,,,,,
2026-01-23,4,Reported Sale,LUMOSO PERMAI,BULKER,7628.0,,,1994,JAPAN,,,"AS IS PASIR GUDANG, MALAYSIA",star_asia_2026_W04_Market-report-Week-4.pdf,,,,,,,,,,
2026-01-23,4,Reported Sale,SEAPEAK MARS,LNG,29685.0,415.0,,2004,SPAIN,,,"AS IS LINGGI, MALAYSIA, WITH 500 TONS ROB INCLUDING IN SALE",star_asia_2026_W04_Market-report-Week-4.pdf,,,,,,,,,,
2026-01-23,4,Beaching / Arrival,GLOBAL STAR,TANKER,4237.0,,"Chattogram, Bangladesh",,,2026-01-24,,,star_asia_2026_W04_Market-report-Week-4.pdf,24.01.2026,,EU_DDMMYYYY,AWAITING,AWAITING,STATUS,,,,
2026-01-23,4,Beaching / Arrival,OLGA L,REEFER,3834.0,,"Chattogram, Bangladesh",,,2026-01-24,,,star_asia_2026_W04_Market-report-Week-4.pdf,24.01.2026,,EU_DDMMYYYY,AWAITING,AWAITING,STATUS,,,,
2026-01-23,4,Beaching / Arrival,YUN DA YOU 6,TANKER,1019.0,,"Chattogram, Bangladesh",,,2026-01-20,,,star_asia_2026_W04_Market-report-Week-4.pdf,20.01.2026,,EU_DDMMYYYY,AWAITING,AWAITING,STATUS,,,,
2026-01-23,4,Beaching / Arrival,TAN,FISHING TRAWLER,5581.0,,"Chattogram, Bangladesh",,,2026-01-21,2026-01-24,,star_asia_2026_W04_Market-report-Week-4.pdf,21.01.2026,,EU_DDMMYYYY,24.01.2026,,EU_DDMMYYYY,,,,
2026-01-23,4,Beaching / Arrival,EMANO 11,GENERAL CARGO,2556.0,,"Chattogram, Bangladesh",,,2026-01-02,2026-01-10,,star_asia_2026_W04_Market-report-Week-4.pdf,02.01.2026,,EU_DDMMYYYY,10.01.2026,,EU_DDMMYYYY,,,,
2026-01-23,4,Beaching / Arrival,BODHI,TANKER,16294.0,,"Chattogram, Bangladesh",,,2026-01-09,2026-01-15,,star_asia_2026_W04_Market-report-Week-4.pdf,09.01.2026,,EU_DDMMYYYY,15.01.2026,,EU_DDMMYYYY,,,,
2026-01-23,4,Beaching / Arrival,SHENG LU,BULKER,6300.0,,"Chattogram, Bangladesh",,,2026-01-12,2026-01-17,,star_asia_2026_W04_Market-report-Week-4.pdf,12.01.2026,,EU_DDMMYYYY,17.01.2026,,EU_DDMMYYYY,,,,
2026-01-23,4,Beaching / Arrival,KHOZAN MARU,TANKER,9.962,,"Chattogram, Bangladesh",,,2026-01-15,2026-01-10,,star_asia_2026_W04_Market-report-Week-4.pdf,15.01.2026,,EU_DDMMYYYY,10.01.2026,,EU_DDMMYYYY,,,,
2026-01-23,4,Beaching / Arrival,VIGO,TANKER,17740.0,,"Chattogram, Bangladesh",,,2026-07-07,2026-01-09,,star_asia_2026_W04_Market-report-Week-4.pdf,07.07.2026,,EU_DDMMYYYY,09.01.2026,,EU_DDMMYYYY,,,,
2026-01-23,4,Beaching / Arrival,GOLD ORIGIN,GENERAL CARGO,2485.0,,"Chattogram, Bangladesh",,,2025-01-02,2025-01-07,,star_asia_2026_W04_Market-report-Week-4.pdf,02.01.2025,,EU_DDMMYYYY,07.01.2025,,EU_DDMMYYYY,,,,
2026-01-23,4,Beaching / Arrival,VICTOR,BULKER,6086.0,,"Chattogram, Bangladesh",,,2025-01-02,2026-01-07,,star_asia_2026_W04_Market-report-Week-4.pdf,02.01.2025,,EU_DDMMYYYY,07.01.2026,,EU_DDMMYYYY,,,,
2026-01-30,5,Beaching / Arrival,WOODCHIP,TANKER,22800.0,,"Chattogram, Bangladesh",,,2026-01-29,,,star_asia_2026_W05_Market-report-Week-5.pdf,29.01.2026,,EU_DDMMYYYY,AWAITING,AWAITING,STATUS,,,,
2026-01-30,5,Beaching / Arrival,RISING HARRIER,BULKER,8552.0,,"Chattogram, Bangladesh",,,2026-01-25,,,star_asia_2026_W05_Market-report-Week-5.pdf,25.01.2026,,EU_DDMMYYYY,AWAITING,AWAITING,STATUS,,,,
2026-01-30,5,Beaching / Arrival,OLGA L,REEFER,3834.0,,"Chattogram, Bangladesh",,,2026-01-24,,,star_asia_2026_W05_Market-report-Week-5.pdf,24.01.2026,,EU_DDMMYYYY,AWAITING,AWAITING,STATUS,,,,
2026-01-30,5,Beaching / Arrival,YON ANG,REEFER,6057.0,,"Chattogram, Bangladesh",,,2026-01-26,2026-01-30,,star_asia_2026_W05_Market-report-Week-5.pdf,26.01.2026,,EU_DDMMYYYY,30.01.2026,,EU_DDMMYYYY,,,,
2026-01-30,5,Beaching / Arrival,GLOBAL STAR,TANKER,4237.0,,"Chattogram, Bangladesh",,,2026-01-24,2026-01-25,,star_asia_2026_W05_Market-report-Week-5.pdf,24.01.2026,,EU_DDMMYYYY,25.01.2026,,EU_DDMMYYYY,,,,
2026-01-30,5,Beaching / Arrival,YUN DA YOU 6,TANKER,1019.0,,"Chattogram, Bangladesh",,,2026-01-20,,,star_asia_2026_W05_Market-report-Week-5.pdf,20.01.2026,,EU_DDMMYYYY,AWAITING,AWAITING,STATUS,,,,
2026-01-30,5,Beaching / Arrival,TAN,FISHING TRAWLER,5581.0,,"Chattogram, Bangladesh",,,2026-01-21,2026-01-24,,star_asia_2026_W05_Market-report-Week-5.pdf,21.01.2026,,EU_DDMMYYYY,24.01.2026,,EU_DDMMYYYY,,,,
2026-01-30,5,Beaching / Arrival,EMANO 11,GENERAL CARGO,2556.0,,"Chattogram, Bangladesh",,,2026-01-02,2026-01-10,,star_asia_2026_W05_Market-report-Week-5.pdf,02.01.2026,,EU_DDMMYYYY,10.01.2026,,EU_DDMMYYYY,,,,
2026-01-30,5,Beaching / Arrival,BODHI,TANKER,16294.0,,"Chattogram, Bangladesh",,,2026-01-09,2026-01-15,,star_asia_2026_W05_Market-report-Week-5.pdf,09.01.2026,,EU_DDMMYYYY,15.01.2026,,EU_DDMMYYYY,,,,
2026-01-30,5,Beaching / Arrival,SHENG LU,BULKER,6300.0,,"Chattogram, Bangladesh",,,2026-01-12,2026-01-17,,star_asia_2026_W05_Market-report-Week-5.pdf,12.01.2026,,EU_DDMMYYYY,17.01.2026,,EU_DDMMYYYY,,,,
2026-01-30,5,Beaching / Arrival,FUJI,TANKER,949.0,,"Chattogram, Bangladesh",,,2026-01-29,,,star_asia_2026_W05_Market-report-Week-5.pdf,29.01.2026,,EU_DDMMYYYY,AWAITING,AWAITING,STATUS,,,,
2026-01-30,5,Beaching / Arrival,HAKATA,TANKER,353.0,,"Chattogram, Bangladesh",,,2026-01-29,,,star_asia_2026_W05_Market-report-Week-5.pdf,29.01.2026,,EU_DDMMYYYY,AWAITING,AWAITING,STATUS,,,,
2026-01-30,5,Beaching / Arrival,HONG LI,BULKER,6132.0,,"Chattogram, Bangladesh",,,2026-01-26,,,star_asia_2026_W05_Market-report-Week-5.pdf,26.01.2026,,EU_DDMMYYYY,AWAIITNG,AWAITING,STATUS,,,,
2026-01-30,5,Beaching / Arrival,KHOZAN MARU,TANKER,9.962,,"Chattogram, Bangladesh",,,2026-01-15,2026-01-10,,star_asia_2026_W05_Market-report-Week-5.pdf,15.01.2026,,EU_DDMMYYYY,10.01.2026,,EU_DDMMYYYY,,,,
2026-01-30,5,Beaching / Arrival,VIGO,TANKER,17740.0,,"Chattogram, Bangladesh",,,2026-07-07,2026-01-09,,star_asia_2026_W05_Market-report-Week-5.pdf,07.07.2026,,EU_DDMMYYYY,09.01.2026,,EU_DDMMYYYY,,,,
2026-01-30,5,Beaching / Arrival,GOLD ORIGIN,GENERAL CARGO,2485.0,,"Chattogram, Bangladesh",,,2025-01-02,2025-01-07,,star_asia_2026_W05_Market-report-Week-5.pdf,02.01.2025,,EU_DDMMYYYY,07.01.2025,,EU_DDMMYYYY,,,,
2026-01-30,5,Beaching / Arrival,VICTOR,BULKER,6086.0,,"Chattogram, Bangladesh",,,2025-01-02,2026-01-07,,star_asia_2026_W05_Market-report-Week-5.pdf,02.01.2025,,EU_DDMMYYYY,07.01.2026,,EU_DDMMYYYY,,,,
2026-02-06,6,Reported Sale,HONG LI,BULKER,6132.0,380.0,"Chattogram, Bangladesh",1995,JAPAN,,,DELIVERED CHATTOGRAM,star_asia_2026_W06_Market-report-Week-6.pdf,,,,,,,,,,
2026-02-06,6,Reported Sale,HANSUNG,RORO,2730.0,448.0,"Chattogram, Bangladesh",1985,JAPAN,,,DELVIERED CHATTOGRAM,star_asia_2026_W06_Market-report-Week-6.pdf,,,,,,,,,,
2026-02-06,6,Beaching / Arrival,SALTLAKE,REEFER,2127.0,,"Chattogram, Bangladesh",,,2026-02-06,,,star_asia_2026_W06_Market-report-Week-6.pdf,06.02.2026,,EU_DDMMYYYY,AWAITING,AWAITING,STATUS,,,,
2026-02-06,6,Beaching / Arrival,WOODCHIP,TANKER,22800.0,,"Chattogram, Bangladesh",,,2026-01-29,2025-02-06,,star_asia_2026_W06_Market-report-Week-6.pdf,29.01.2026,,EU_DDMMYYYY,06.02.2025,,EU_DDMMYYYY,,,,
2026-02-06,6,Beaching / Arrival,RISING HARRIER,BULKER,8552.0,,"Chattogram, Bangladesh",,,2026-01-25,2026-02-03,,star_asia_2026_W06_Market-report-Week-6.pdf,25.01.2026,,EU_DDMMYYYY,03.02.2026,,EU_DDMMYYYY,,,,
2026-02-06,6,Beaching / Arrival,OLGA L,REEFER,3834.0,,"Chattogram, Bangladesh",,,2026-01-24,,,star_asia_2026_W06_Market-report-Week-6.pdf,24.01.2026,,EU_DDMMYYYY,05.02.206,,UNPARSED,,,,
2026-02-06,6,Beaching / Arrival,YUN DA YOU 6,TANKER,1019.0,,"Chattogram, Bangladesh",,,2026-01-20,2026-02-01,,star_asia_2026_W06_Market-report-Week-6.pdf,20.01.2026,,EU_DDMMYYYY,01.02.2026,,EU_DDMMYYYY,,,,
2026-02-06,6,Beaching / Arrival,FUJI,TANKER,949.0,,"Chattogram, Bangladesh",,,2026-01-29,2026-02-04,,star_asia_2026_W06_Market-report-Week-6.pdf,29.01.2026,,EU_DDMMYYYY,04.02.2026,,EU_DDMMYYYY,,,,
2026-02-06,6,Beaching / Arrival,HAKATA,TANKER,353.0,,"Chattogram, Bangladesh",,,2026-01-29,2026-02-04,,star_asia_2026_W06_Market-report-Week-6.pdf,29.01.2026,,EU_DDMMYYYY,04.02.2026,,EU_DDMMYYYY,,,,
2026-02-06,6,Beaching / Arrival,CHANG MING YANG,BULKER,19529.0,,"Chattogram, Bangladesh",,,2026-01-31,2026-02-04,,star_asia_2026_W06_Market-report-Week-6.pdf,31.01.2026,,EU_DDMMYYYY,04.02.2026,,EU_DDMMYYYY,,,,
2026-02-06,6,Beaching / Arrival,HONG LI,BULKER,6132.0,,"Chattogram, Bangladesh",,,2026-01-26,2026-02-03,,star_asia_2026_W06_Market-report-Week-6.pdf,26.01.2026,,EU_DDMMYYYY,03.02.2026,,EU_DDMMYYYY,,,,
2026-02-13,7,Reported Sale,JMA,TANKER,2502.0,,"Alang, India",2001,S.KOREA,,,DELIVERED ALANG,star_asia_2026_W07_Market-report-Week-7.pdf,,,,,,,,,,
2026-02-13,7,Reported Sale,BEIHAI,BULKER,24181.0,,"Chattogram, Bangladesh",2002,CHINA,,,DELIVERED CHATTOGRAM,star_asia_2026_W07_Market-report-Week-7.pdf,,,,,,,,,,
2026-02-13,7,Reported Sale,ISA GOLDEN,BULKER,6200.0,,"Chattogram, Bangladesh",1995,JAPAN,,,DELIVERED CHATTOGRAM,star_asia_2026_W07_Market-report-Week-7.pdf,,,,,,,,,,
2026-02-13,7,Reported Sale,SUNNY SPRUCE,CONTAINER,2216.0,,,1996,S.KOREA,,,"AS IS BUSAN, S. KOREA",star_asia_2026_W07_Market-report-Week-7.pdf,,,,,,,,,,
2026-02-13,7,Beaching / Arrival,DIMPLE,BULKER,4869.0,,"Chattogram, Bangladesh",,,,,,star_asia_2026_W07_Market-report-Week-7.pdf,13.02.206,,UNPARSED,AWAITING,AWAITING,STATUS,,,,
2026-02-13,7,Beaching / Arrival,DIANA,TANKER,15065.0,,"Chattogram, Bangladesh",,,2026-02-13,,,star_asia_2026_W07_Market-report-Week-7.pdf,13.02.2026,,EU_DDMMYYYY,AWAITING,AWAITING,STATUS,,,,
2026-02-13,7,Beaching / Arrival,J M A,TANKER,2505.0,,"Chattogram, Bangladesh",,,2026-02-08,,,star_asia_2026_W07_Market-report-Week-7.pdf,08.02.2026,,EU_DDMMYYYY,10.02.206,,UNPARSED,,,,
2026-02-13,7,Beaching / Arrival,SALTLAKE,REEFER,2127.0,,"Chattogram, Bangladesh",,,2026-02-06,2026-02-10,,star_asia_2026_W07_Market-report-Week-7.pdf,06.02.2026,,EU_DDMMYYYY,10.02.2026,,EU_DDMMYYYY,,,,
2026-02-13,7,Beaching / Arrival,WOODCHIP,TANKER,22800.0,,"Chattogram, Bangladesh",,,2026-01-29,2025-02-06,,star_asia_2026_W07_Market-report-Week-7.pdf,29.01.2026,,EU_DDMMYYYY,06.02.2025,,EU_DDMMYYYY,,,,
2026-02-13,7,Beaching / Arrival,RISING HARRIER,BULKER,8552.0,,"Chattogram, Bangladesh",,,2026-01-25,2026-02-03,,star_asia_2026_W07_Market-report-Week-7.pdf,25.01.2026,,EU_DDMMYYYY,03.02.2026,,EU_DDMMYYYY,,,,
2026-02-13,7,Beaching / Arrival,OLGA L,REEFER,3834.0,,"Chattogram, Bangladesh",,,2026-01-24,,,star_asia_2026_W07_Market-report-Week-7.pdf,24.01.2026,,EU_DDMMYYYY,05.02.206,,UNPARSED,,,,
2026-02-13,7,Beaching / Arrival,YUN DA YOU 6,TANKER,1019.0,,"Chattogram, Bangladesh",,,2026-01-20,2026-02-01,,star_asia_2026_W07_Market-report-Week-7.pdf,20.01.2026,,EU_DDMMYYYY,01.02.2026,,EU_DDMMYYYY,,,,
2026-02-13,7,Beaching / Arrival,BEIHAI,BULKER,24181.0,,"Chattogram, Bangladesh",,,2026-02-10,,,star_asia_2026_W07_Market-report-Week-7.pdf,10.02.2026,,EU_DDMMYYYY,AWAITING,AWAITING,STATUS,,,,
2026-02-13,7,Beaching / Arrival,CHUNG,CEMENT,3551.0,,"Chattogram, Bangladesh",,,2026-07-07,,,star_asia_2026_W07_Market-report-Week-7.pdf,07.07.2026,,EU_DDMMYYYY,AWAITING,AWAITING,STATUS,,,,
2026-02-13,7,Beaching / Arrival,HANSUNG,RORO,2730.0,,"Chattogram, Bangladesh",,,2026-02-05,,,star_asia_2026_W07_Market-report-Week-7.pdf,05.02.2026,,EU_DDMMYYYY,AWAITING,AWAITING,STATUS,,,,
2026-02-13,7,Beaching / Arrival,FUJI,TANKER,949.0,,"Chattogram, Bangladesh",,,2026-01-29,2026-02-04,,star_asia_2026_W07_Market-report-Week-7.pdf,29.01.2026,,EU_DDMMYYYY,04.02.2026,,EU_DDMMYYYY,,,,
2026-02-13,7,Beaching / Arrival,HAKATA,TANKER,353.0,,"Chattogram, Bangladesh",,,2026-01-29,2026-02-04,,star_asia_2026_W07_Market-report-Week-7.pdf,29.01.2026,,EU_DDMMYYYY,04.02.2026,,EU_DDMMYYYY,,,,
2026-02-13,7,Beaching / Arrival,CHANG MING YANG,BULKER,19529.0,,"Chattogram, Bangladesh",,,2026-01-31,2026-02-04,,star_asia_2026_W07_Market-report-Week-7.pdf,31.01.2026,,EU_DDMMYYYY,04.02.2026,,EU_DDMMYYYY,,,,
2026-02-13,7,Beaching / Arrival,HONG LI,BULKER,6132.0,,"Chattogram, Bangladesh",,,2026-01-26,2026-02-03,,star_asia_2026_W07_Market-report-Week-7.pdf,26.01.2026,,EU_DDMMYYYY,03.02.2026,,EU_DDMMYYYY,,,,
2026-02-20,8,Reported Sale,ASB BONITO,BULKER,7072.0,,"Alang, India",2001,TURKEY,,,DELIVERED ALANG,star_asia_2026_W08_Market-report-Week-8.pdf,,,,,,,,,,
2026-02-20,8,Reported Sale,DIMPLE,BULKER,4869.0,,"Alang, India",1992,POLAND,,,DELIVERED ALANG,star_asia_2026_W08_Market-report-Week-8.pdf,,,,,,,,,,
2026-02-20,8,Reported Sale,SOFIA II,MPP,2450.0,,"Alang, India",1994,JAPAN,,,DELIVERED ALANG,star_asia_2026_W08_Market-report-Week-8.pdf,,,,,,,,,,
2026-02-20,8,Beaching / Arrival,SOFIA II,GENERAL CARGO,2450.0,,"Chattogram, Bangladesh",,,2026-02-17,,,star_asia_2026_W08_Market-report-Week-8.pdf,17.02.2026,,EU_DDMMYYYY,AWAITING,AWAITING,STATUS,,,,
2026-02-20,8,Beaching / Arrival,SUEN,REEFER,2296.0,,"Chattogram, Bangladesh",,,2026-02-17,,,star_asia_2026_W08_Market-report-Week-8.pdf,17.02.2026,,EU_DDMMYYYY,AWAITING,AWAITING,STATUS,,,,
2026-02-20,8,Beaching / Arrival,VALDA,GENERAL CARGO,2710.0,,"Chattogram, Bangladesh",,,2026-02-15,,,star_asia_2026_W08_Market-report-Week-8.pdf,15.02.2026,,EU_DDMMYYYY,AWAITING,AWAITING,STATUS,,,,
2026-02-20,8,Beaching / Arrival,ARMU,GENERAL CARGO,3462.0,,"Chattogram, Bangladesh",,,2026-02-16,2026-02-20,,star_asia_2026_W08_Market-report-Week-8.pdf,16.02.2026,,EU_DDMMYYYY,20.02.2026,,EU_DDMMYYYY,,,,
2026-02-20,8,Beaching / Arrival,ASB BONITO,BULKER,7022.0,,"Chattogram, Bangladesh",,,2026-02-15,2026-02-19,,star_asia_2026_W08_Market-report-Week-8.pdf,15.02.2026,,EU_DDMMYYYY,19.02.2026,,EU_DDMMYYYY,,,,
2026-02-20,8,Beaching / Arrival,TEAK,LNG,29686.0,,"Chattogram, Bangladesh",,,2026-02-15,2026-02-18,,star_asia_2026_W08_Market-report-Week-8.pdf,15.02.2026,,EU_DDMMYYYY,18.02.2026,,EU_DDMMYYYY,,,,
2026-02-20,8,Beaching / Arrival,DIANA,TANKER,15065.0,,"Chattogram, Bangladesh",,,2026-02-13,2026-02-17,,star_asia_2026_W08_Market-report-Week-8.pdf,13.02.2026,,EU_DDMMYYYY,17.02.2026,,EU_DDMMYYYY,,,,
2026-02-20,8,Beaching / Arrival,DIMPLE,BULKER,4869.0,,"Chattogram, Bangladesh",,,,2026-02-15,,star_asia_2026_W08_Market-report-Week-8.pdf,13.02.206,,UNPARSED,15.02.2026,,EU_DDMMYYYY,,,,
2026-02-20,8,Beaching / Arrival,J M A,TANKER,2505.0,,"Chattogram, Bangladesh",,,2026-02-08,,,star_asia_2026_W08_Market-report-Week-8.pdf,08.02.2026,,EU_DDMMYYYY,10.02.206,,UNPARSED,,,,
2026-02-20,8,Beaching / Arrival,SALTLAKE,REEFER,2127.0,,"Chattogram, Bangladesh",,,2026-02-06,2026-02-10,,star_asia_2026_W08_Market-report-Week-8.pdf,06.02.2026,,EU_DDMMYYYY,10.02.2026,,EU_DDMMYYYY,,,,
2026-02-20,8,Beaching / Arrival,WOODCHIP,TANKER,22800.0,,"Chattogram, Bangladesh",,,2026-01-29,2025-02-06,,star_asia_2026_W08_Market-report-Week-8.pdf,29.01.2026,,EU_DDMMYYYY,06.02.2025,,EU_DDMMYYYY,,,,
2026-02-20,8,Beaching / Arrival,RISING HARRIER,BULKER,8552.0,,"Chattogram, Bangladesh",,,2026-01-25,2026-02-03,,star_asia_2026_W08_Market-report-Week-8.pdf,25.01.2026,,EU_DDMMYYYY,03.02.2026,,EU_DDMMYYYY,,,,
2026-02-20,8,Beaching / Arrival,OLGA L,REEFER,3834.0,,"Chattogram, Bangladesh",,,2026-01-24,,,star_asia_2026_W08_Market-report-Week-8.pdf,24.01.2026,,EU_DDMMYYYY,05.02.206,,UNPARSED,,,,
2026-02-20,8,Beaching / Arrival,YUN DA YOU 6,TANKER,1019.0,,"Chattogram, Bangladesh",,,2026-01-20,2026-02-01,,star_asia_2026_W08_Market-report-Week-8.pdf,20.01.2026,,EU_DDMMYYYY,01.02.2026,,EU_DDMMYYYY,,,,
2026-02-20,8,Beaching / Arrival,NILA,LNG,26915.0,,"Aliaga, Turkey",,,2026-02-16,,,star_asia_2026_W08_Market-report-Week-8.pdf,16.02.2026,,EU_DDMMYYYY,AWAITING,AWAITING,STATUS,,,,
2026-02-20,8,Beaching / Arrival,SIRRAH,BULKER,7071.0,,"Aliaga, Turkey",,,2026-02-15,,,star_asia_2026_W08_Market-report-Week-8.pdf,15.02.2026,,EU_DDMMYYYY,AWAITING,AWAITING,STATUS,,,,
2026-02-20,8,Beaching / Arrival,BEIHAI,BULKER,24181.0,,"Aliaga, Turkey",,,2026-02-10,,,star_asia_2026_W08_Market-report-Week-8.pdf,10.02.2026,,EU_DDMMYYYY,AWAITING,AWAITING,STATUS,,,,
2026-02-20,8,Beaching / Arrival,CHUNG,CEMENT,3551.0,,"Aliaga, Turkey",,,2026-07-07,2026-02-15,,star_asia_2026_W08_Market-report-Week-8.pdf,07.07.2026,,EU_DDMMYYYY,15.02.2026,,EU_DDMMYYYY,,,,
2026-02-20,8,Beaching / Arrival,HANSUNG,RORO,2730.0,,"Aliaga, Turkey",,,2026-02-05,,,star_asia_2026_W08_Market-report-Week-8.pdf,05.02.2026,,EU_DDMMYYYY,16.02.2206,,UNPARSED,,,,
2026-02-20,8,Beaching / Arrival,FUJI,TANKER,949.0,,"Aliaga, Turkey",,,2026-01-29,2026-02-04,,star_asia_2026_W08_Market-report-Week-8.pdf,29.01.2026,,EU_DDMMYYYY,04.02.2026,,EU_DDMMYYYY,,,,
2026-02-20,8,Beaching / Arrival,HAKATA,TANKER,353.0,,"Aliaga, Turkey",,,2026-01-29,2026-02-04,,star_asia_2026_W08_Market-report-Week-8.pdf,29.01.2026,,EU_DDMMYYYY,04.02.2026,,EU_DDMMYYYY,,,,
2026-02-20,8,Beaching / Arrival,CHANG MING YANG,BULKER,19529.0,,"Aliaga, Turkey",,,2026-01-31,2026-02-04,,star_asia_2026_W08_Market-report-Week-8.pdf,31.01.2026,,EU_DDMMYYYY,04.02.2026,,EU_DDMMYYYY,,,,
2026-02-20,8,Beaching / Arrival,HONG LI,BULKER,6132.0,,"Aliaga, Turkey",,,2026-01-26,2026-02-03,,star_asia_2026_W08_Market-report-Week-8.pdf,26.01.2026,,EU_DDMMYYYY,03.02.2026,,EU_DDMMYYYY,,,,
2026-02-27,9,Reported Sale,XING FA,TANKER,2340.0,370.0,,2003,CHINA,,,DELIVERED GADANI,star_asia_2026_W09_Market-report-Week-9.pdf,,,,,,,,,,
2026-02-27,9,Reported Sale,JAHAN SISTERS,BULKER,6867.0,,"Chattogram, Bangladesh",1996,JAPAN,,,DELIVERED CHATTOGRAM,star_asia_2026_W09_Market-report-Week-9.pdf,,,,,,,,,,
2026-02-27,9,Reported Sale,ATLAS,BULKER,2573.0,,,1995,JAPAN,,,DELIVERED GADANI,star_asia_2026_W09_Market-report-Week-9.pdf,,,,,,,,,,
2026-02-27,9,Beaching / Arrival,ANTAR,GENERAL CARGO,3675.0,,"Chattogram, Bangladesh",,,2026-02-25,,,star_asia_2026_W09_Market-report-Week-9.pdf,25.02.2026,,EU_DDMMYYYY,AWAITING,AWAITING,STATUS,,,,
2026-02-27,9,Beaching / Arrival,MOKHIA,CONTAINER,25536.0,,"Chattogram, Bangladesh",,,2026-02-25,,,star_asia_2026_W09_Market-report-Week-9.pdf,25.02.2026,,EU_DDMMYYYY,AWAITING,AWAITING,STATUS,,,,
2026-02-27,9,Beaching / Arrival,BIANCA,TANKER,8987.0,,"Chattogram, Bangladesh",,,2026-02-26,2026-02-28,,star_asia_2026_W09_Market-report-Week-9.pdf,26.02.2026,,EU_DDMMYYYY,28.02.2026,,EU_DDMMYYYY,,,,
2026-02-27,9,Beaching / Arrival,FALO,TANKER,2067.0,,"Chattogram, Bangladesh",,,2026-02-24,2026-02-28,,star_asia_2026_W09_Market-report-Week-9.pdf,24.02.2026,,EU_DDMMYYYY,28.02.2026,,EU_DDMMYYYY,,,,
2026-02-27,9,Beaching / Arrival,SOFIA II,GENERAL CARGO,2450.0,,"Chattogram, Bangladesh",,,2026-02-17,2026-02-23,,star_asia_2026_W09_Market-report-Week-9.pdf,17.02.2026,,EU_DDMMYYYY,23.02.2026,,EU_DDMMYYYY,,,,
2026-02-27,9,Beaching / Arrival,SUEN,REEFER,2296.0,,"Chattogram, Bangladesh",,,2026-02-17,2026-02-21,,star_asia_2026_W09_Market-report-Week-9.pdf,17.02.2026,,EU_DDMMYYYY,21.02.2026,,EU_DDMMYYYY,,,,
2026-02-27,9,Beaching / Arrival,VALDA,GENERAL CARGO,2710.0,,"Chattogram, Bangladesh",,,2026-02-15,,,star_asia_2026_W09_Market-report-Week-9.pdf,15.02.2026,,EU_DDMMYYYY,25.02.206,,UNPARSED,,,,
2026-02-27,9,Beaching / Arrival,ARMU,GENERAL CARGO,3462.0,,"Chattogram, Bangladesh",,,2026-02-16,2026-02-20,,star_asia_2026_W09_Market-report-Week-9.pdf,16.02.2026,,EU_DDMMYYYY,20.02.2026,,EU_DDMMYYYY,,,,
2026-02-27,9,Beaching / Arrival,ASB BONITO,BULKER,7022.0,,"Chattogram, Bangladesh",,,2026-02-15,2026-02-19,,star_asia_2026_W09_Market-report-Week-9.pdf,15.02.2026,,EU_DDMMYYYY,19.02.2026,,EU_DDMMYYYY,,,,
2026-02-27,9,Beaching / Arrival,TEAK,LNG,29686.0,,"Chattogram, Bangladesh",,,2026-02-15,2026-02-18,,star_asia_2026_W09_Market-report-Week-9.pdf,15.02.2026,,EU_DDMMYYYY,18.02.2026,,EU_DDMMYYYY,,,,
2026-02-27,9,Beaching / Arrival,DIANA,TANKER,15065.0,,"Chattogram, Bangladesh",,,2026-02-13,2026-02-17,,star_asia_2026_W09_Market-report-Week-9.pdf,13.02.2026,,EU_DDMMYYYY,17.02.2026,,EU_DDMMYYYY,,,,
2026-02-27,9,Beaching / Arrival,DIMPLE,BULKER,4869.0,,"Chattogram, Bangladesh",,,,2026-02-15,,star_asia_2026_W09_Market-report-Week-9.pdf,13.02.206,,UNPARSED,15.02.2026,,EU_DDMMYYYY,,,,
2026-02-27,9,Beaching / Arrival,J M A,TANKER,2505.0,,"Chattogram, Bangladesh",,,2026-02-08,,,star_asia_2026_W09_Market-report-Week-9.pdf,08.02.2026,,EU_DDMMYYYY,10.02.206,,UNPARSED,,,,
2026-02-27,9,Beaching / Arrival,SALTLAKE,REEFER,2127.0,,"Chattogram, Bangladesh",,,2026-02-06,2026-02-10,,star_asia_2026_W09_Market-report-Week-9.pdf,06.02.2026,,EU_DDMMYYYY,10.02.2026,,EU_DDMMYYYY,,,,
2026-02-27,9,Beaching / Arrival,WOODCHIP,TANKER,22800.0,,"Chattogram, Bangladesh",,,2026-01-29,2025-02-06,,star_asia_2026_W09_Market-report-Week-9.pdf,29.01.2026,,EU_DDMMYYYY,06.02.2025,,EU_DDMMYYYY,,,,
2026-02-27,9,Beaching / Arrival,RISING HARRIER,BULKER,8552.0,,"Chattogram, Bangladesh",,,2026-01-25,2026-02-03,,star_asia_2026_W09_Market-report-Week-9.pdf,25.01.2026,,EU_DDMMYYYY,03.02.2026,,EU_DDMMYYYY,,,,
2026-02-27,9,Beaching / Arrival,OLGA L,REEFER,3834.0,,"Chattogram, Bangladesh",,,2026-01-24,,,star_asia_2026_W09_Market-report-Week-9.pdf,24.01.2026,,EU_DDMMYYYY,05.02.206,,UNPARSED,,,,
2026-02-27,9,Beaching / Arrival,YUN DA YOU 6,TANKER,1019.0,,"Chattogram, Bangladesh",,,2026-01-20,2026-02-01,,star_asia_2026_W09_Market-report-Week-9.pdf,20.01.2026,,EU_DDMMYYYY,01.02.2026,,EU_DDMMYYYY,,,,
2026-02-27,9,Beaching / Arrival,SAGE SAGITTARUS,BULKER,19943.0,,"Aliaga, Turkey",,,2026-02-25,,,star_asia_2026_W09_Market-report-Week-9.pdf,25.02.2026,,EU_DDMMYYYY,AWAITING,AWAITING,STATUS,,,,
2026-02-27,9,Beaching / Arrival,SIRRAH,BULKER,7071.0,,"Aliaga, Turkey",,,2026-02-15,,,star_asia_2026_W09_Market-report-Week-9.pdf,15.02.2026,,EU_DDMMYYYY,AWAITING,AWAITING,STATUS,,,,
2026-02-27,9,Beaching / Arrival,NILA,LNG,26915.0,,"Aliaga, Turkey",,,2026-02-16,2026-02-21,,star_asia_2026_W09_Market-report-Week-9.pdf,16.02.2026,,EU_DDMMYYYY,21.02.2026,,EU_DDMMYYYY,,,,
2026-02-27,9,Beaching / Arrival,BEIHAI,BULKER,24181.0,,"Aliaga, Turkey",,,2026-02-10,2026-02-20,,star_asia_2026_W09_Market-report-Week-9.pdf,10.02.2026,,EU_DDMMYYYY,20.02.2026,,EU_DDMMYYYY,,,,
2026-02-27,9,Beaching / Arrival,CHUNG,CEMENT,3551.0,,"Aliaga, Turkey",,,2026-07-07,2026-02-15,,star_asia_2026_W09_Market-report-Week-9.pdf,07.07.2026,,EU_DDMMYYYY,15.02.2026,,EU_DDMMYYYY,,,,
2026-02-27,9,Beaching / Arrival,HANSUNG,RORO,2730.0,,"Aliaga, Turkey",,,2026-02-05,,,star_asia_2026_W09_Market-report-Week-9.pdf,05.02.2026,,EU_DDMMYYYY,16.02.2206,,UNPARSED,,,,
2026-02-27,9,Beaching / Arrival,FUJI,TANKER,949.0,,"Aliaga, Turkey",,,2026-01-29,2026-02-04,,star_asia_2026_W09_Market-report-Week-9.pdf,29.01.2026,,EU_DDMMYYYY,04.02.2026,,EU_DDMMYYYY,,,,
2026-02-27,9,Beaching / Arrival,HAKATA,TANKER,353.0,,"Aliaga, Turkey",,,2026-01-29,2026-02-04,,star_asia_2026_W09_Market-report-Week-9.pdf,29.01.2026,,EU_DDMMYYYY,04.02.2026,,EU_DDMMYYYY,,,,
2026-02-27,9,Beaching / Arrival,CHANG MING YANG,BULKER,19529.0,,"Aliaga, Turkey",,,2026-01-31,2026-02-04,,star_asia_2026_W09_Market-report-Week-9.pdf,31.01.2026,,EU_DDMMYYYY,04.02.2026,,EU_DDMMYYYY,,,,
2026-02-27,9,Beaching / Arrival,HONG LI,BULKER,6132.0,,"Aliaga, Turkey",,,2026-01-26,2026-02-03,,star_asia_2026_W09_Market-report-Week-9.pdf,26.01.2026,,EU_DDMMYYYY,03.02.2026,,EU_DDMMYYYY,,,,
2026-02-27,9,Beaching / Arrival,BRIGHT ACE,GENERAL CARGO,2573.0,,"Aliaga, Turkey",,,2026-02-10,2026-02-19,,star_asia_2026_W09_Market-report-Week-9.pdf,10.02.2026,,EU_DDMMYYYY,19.02.2026,,EU_DDMMYYYY,,,,
2026-02-27,9,Beaching / Arrival,RUI TIGER,BULKER,10198.0,,"Aliaga, Turkey",,,2026-02-07,2026-02-19,,star_asia_2026_W09_Market-report-Week-9.pdf,07.02.2026,,EU_DDMMYYYY,19.02.2026,,EU_DDMMYYYY,,,,
2026-02-27,9,Beaching / Arrival,JIMEI FUHAO,BULKER,9881.0,,"Aliaga, Turkey",,,2026-02-05,2026-02-18,,star_asia_2026_W09_Market-report-Week-9.pdf,05.02.2026,,EU_DDMMYYYY,18.02.2026,,EU_DDMMYYYY,,,,
2026-02-27,9,Beaching / Arrival,SHENG LE,BULKER,6961.0,,"Aliaga, Turkey",,,2026-02-04,2026-02-18,,star_asia_2026_W09_Market-report-Week-9.pdf,04.02.2026,,EU_DDMMYYYY,18.02.2026,,EU_DDMMYYYY,,,,
2026-03-07,10,Reported Sale,GHADA A,MPP,2240.0,,"Alang, India",1972,NETHERLANDS,,,DELIVERED ALANG,star_asia_2026_W10_Market-report-Week-10.pdf,,,,,,,,,,
2026-03-07,10,Reported Sale,NGON SHUEN,CONTAINER,1589.0,,"Chattogram, Bangladesh",,,,,DELIVERED CHATTOGRAM,star_asia_2026_W10_Market-report-Week-10.pdf,,,,,,,,,,
2026-03-07,10,Beaching / Arrival,BUZANSKIY,GENERAL CARGO,1760.0,,"Chattogram, Bangladesh",,,2026-03-04,,,star_asia_2026_W10_Market-report-Week-10.pdf,04.03.2026,,EU_DDMMYYYY,AWAITING,AWAITING,STATUS,,,,
2026-03-07,10,Beaching / Arrival,ANTAR,GENERAL CARGO,3675.0,,"Chattogram, Bangladesh",,,2026-02-25,,,star_asia_2026_W10_Market-report-Week-10.pdf,25.02.2026,,EU_DDMMYYYY,AWAITING,AWAITING,STATUS,,,,
2026-03-07,10,Beaching / Arrival,GHADA A,GENERAL CARGO,2240.0,,"Chattogram, Bangladesh",,,2026-02-28,2026-03-06,,star_asia_2026_W10_Market-report-Week-10.pdf,28.02.2026,,EU_DDMMYYYY,06.03.2026,,EU_DDMMYYYY,,,,
2026-03-07,10,Beaching / Arrival,MOKHIA,CONTAINER,25536.0,,"Chattogram, Bangladesh",,,2026-02-25,2026-03-02,,star_asia_2026_W10_Market-report-Week-10.pdf,25.02.2026,,EU_DDMMYYYY,02.03.2026,,EU_DDMMYYYY,,,,
2026-03-07,10,Beaching / Arrival,QUARTZ,TANKER,9453.0,,"Chattogram, Bangladesh",,,,,,star_asia_2026_W10_Market-report-Week-10.pdf,26.02.206,,UNPARSED,AWAITING,AWAITING,STATUS,,,,
2026-03-07,10,Beaching / Arrival,SIRRAH,BULKER,7071.0,,"Chattogram, Bangladesh",,,2026-02-15,,,star_asia_2026_W10_Market-report-Week-10.pdf,15.02.2026,,EU_DDMMYYYY,AWAITING,AWAITING,STATUS,,,,
2026-03-07,10,Beaching / Arrival,SAGE SAGITTARUS,BULKER,19943.0,,"Chattogram, Bangladesh",,,2026-02-25,2026-03-05,,star_asia_2026_W10_Market-report-Week-10.pdf,25.02.2026,,EU_DDMMYYYY,05.03.2026,,EU_DDMMYYYY,,,,
2026-03-13,11,Reported Sale,WANTONG SUMMER,BULKER,8196.0,,"Chattogram, Bangladesh",1996,TAIPEI,,,DELIVERED CHATTOGRAM,star_asia_2026_W11_Market-report-Week-11.pdf,,,,,,,,,,
2026-03-13,11,Reported Sale,KOKOPO CHIEF,CONT.,5727.0,472.0,"Chattogram, Bangladesh",1991,JAPAN,,,DELIVERED CHATTOGRAM,star_asia_2026_W11_Market-report-Week-11.pdf,,,,,,,,,,
2026-03-13,11,Reported Sale,OCEAN AMAZING,BULKER,7075.0,310.0,"Chattogram, Bangladesh",1998,JAPAN,,,AS IS INDONESIA FOR REDELIVERY CHATTOGRAM.,star_asia_2026_W11_Market-report-Week-11.pdf,,,,,,,,,,
2026-03-13,11,Reported Sale,ENERGIA CENTAURUS,BULKER,19585.0,418.0,"Chattogram, Bangladesh",2001,JAPAN,,,AS IS JAPAN FOR REDELVIERY CHATTOGRAM (W/ 430MT FO & 84MT GO),star_asia_2026_W11_Market-report-Week-11.pdf,,,,,,,,,,
2026-03-13,11,Beaching / Arrival,CITA,TANKER,8715.0,,"Chattogram, Bangladesh",,,2026-03-12,2026-03-14,,star_asia_2026_W11_Market-report-Week-11.pdf,12.03.2026,,EU_DDMMYYYY,14.03.2026,,EU_DDMMYYYY,,,,
2026-03-13,11,Beaching / Arrival,BUZANSKIY,GENERAL CARGO,1760.0,,"Chattogram, Bangladesh",,,2026-03-04,2026-03-12,,star_asia_2026_W11_Market-report-Week-11.pdf,04.03.2026,,EU_DDMMYYYY,12.03.2026,,EU_DDMMYYYY,,,,
2026-03-13,11,Beaching / Arrival,ANTAR,GENERAL CARGO,3675.0,,"Chattogram, Bangladesh",,,2026-02-25,2026-03-12,,star_asia_2026_W11_Market-report-Week-11.pdf,25.02.2026,,EU_DDMMYYYY,12.03.2026,,EU_DDMMYYYY,,,,
2026-03-13,11,Beaching / Arrival,GHADA A,GENERAL CARGO,2240.0,,"Chattogram, Bangladesh",,,2026-02-28,2026-03-06,,star_asia_2026_W11_Market-report-Week-11.pdf,28.02.2026,,EU_DDMMYYYY,06.03.2026,,EU_DDMMYYYY,,,,
2026-03-13,11,Beaching / Arrival,MOKHIA,CONTAINER,25536.0,,"Chattogram, Bangladesh",,,2026-02-25,2026-03-02,,star_asia_2026_W11_Market-report-Week-11.pdf,25.02.2026,,EU_DDMMYYYY,02.03.2026,,EU_DDMMYYYY,,,,
2026-03-13,11,Beaching / Arrival,SMOOTH SEA,TANKER,1816.0,,"Aliaga, Turkey",,,2026-03-10,,,star_asia_2026_W11_Market-report-Week-11.pdf,10.03.2026,,EU_DDMMYYYY,AWAITING,AWAITING,STATUS,,,,
2026-03-13,11,Beaching / Arrival,QUARTZ,TANKER,9453.0,,"Aliaga, Turkey",,,,2026-03-06,,star_asia_2026_W11_Market-report-Week-11.pdf,26.02.206,,UNPARSED,06.03.2026,,EU_DDMMYYYY,,,,
2026-03-13,11,Beaching / Arrival,SIRRAH,BULKER,7071.0,,"Aliaga, Turkey",,,2026-02-15,2026-03-08,,star_asia_2026_W11_Market-report-Week-11.pdf,15.02.2026,,EU_DDMMYYYY,08.03.2026,,EU_DDMMYYYY,,,,
2026-03-13,11,Beaching / Arrival,LIMA,LNG,26915.0,,"Aliaga, Turkey",,,2026-03-08,2026-03-09,,star_asia_2026_W11_Market-report-Week-11.pdf,08.03.2026,,EU_DDMMYYYY,09.03.2026,,EU_DDMMYYYY,,,,
2026-03-13,11,Beaching / Arrival,SAGE SAGITTARUS,BULKER,19943.0,,"Aliaga, Turkey",,,2026-02-25,2026-03-05,,star_asia_2026_W11_Market-report-Week-11.pdf,25.02.2026,,EU_DDMMYYYY,05.03.2026,,EU_DDMMYYYY,,,,
2026-03-13,11,Beaching / Arrival,ATLAS,GENERAL CARGO,2573.0,,"Aliaga, Turkey",,,2026-02-26,2026-03-02,,star_asia_2026_W11_Market-report-Week-11.pdf,26.02.2026,,EU_DDMMYYYY,02.03.2026,,EU_DDMMYYYY,,,,
2026-03-13,11,Beaching / Arrival,XING FA,TANKER,2300.0,,"Aliaga, Turkey",,,2026-03-16,2026-03-01,,star_asia_2026_W11_Market-report-Week-11.pdf,16.03.2026,,EU_DDMMYYYY,01.03.2026,,EU_DDMMYYYY,,,,
2026-03-20,12,Reported Sale,PUTERI FIRUS SATU,LNGC,28805.0,,,2004,JAPAN,,,"AS IS LABUAN, MALAYSIA",star_asia_2026_W12_Market-report-Week-12.pdf,,,,,,,,,,
2026-03-20,12,Reported Sale,PUTERI ZAMRUS SATU,LNGC,28858.0,,,2004,JAPAN,,,"AS IS LABUAN, MALAYSIA",star_asia_2026_W12_Market-report-Week-12.pdf,,,,,,,,,,
2026-03-20,12,Reported Sale,PUTERI MUTIARA SATU,LNGC,28858.0,,,2005,JAPAN,,,"AS IS SG.UDANG, MALAYSIA",star_asia_2026_W12_Market-report-Week-12.pdf,,,,,,,,,,
2026-03-20,12,Reported Sale,BGP PIONEER,RESEARCH,3119.0,540.0,"Chattogram, Bangladesh",1988,NORWAY,,,DELIVERED CHATTOGRAM,star_asia_2026_W12_Market-report-Week-12.pdf,,,,,,,,,,
2026-03-20,12,Beaching / Arrival,AL DIAB II,LPG,2329.0,,"Chattogram, Bangladesh",,,,,,star_asia_2026_W12_Market-report-Week-12.pdf,20.03.2206,,UNPARSED,AWAITING,AWAITING,STATUS,,,,
2026-03-20,12,Beaching / Arrival,MAYA,TANKER,10129.0,,"Chattogram, Bangladesh",,,2026-03-15,2026-03-18,,star_asia_2026_W12_Market-report-Week-12.pdf,15.03.2026,,EU_DDMMYYYY,18.03.2026,,EU_DDMMYYYY,,,,
2026-03-20,12,Beaching / Arrival,CITA,TANKER,8715.0,,"Chattogram, Bangladesh",,,2026-03-12,2026-03-14,,star_asia_2026_W12_Market-report-Week-12.pdf,12.03.2026,,EU_DDMMYYYY,14.03.2026,,EU_DDMMYYYY,,,,
2026-03-20,12,Beaching / Arrival,BUZANSKIY,GENERAL CARGO,1760.0,,"Chattogram, Bangladesh",,,2026-03-04,2026-03-12,,star_asia_2026_W12_Market-report-Week-12.pdf,04.03.2026,,EU_DDMMYYYY,12.03.2026,,EU_DDMMYYYY,,,,
2026-03-20,12,Beaching / Arrival,ANTAR,GENERAL CARGO,3675.0,,"Chattogram, Bangladesh",,,2026-02-25,2026-03-12,,star_asia_2026_W12_Market-report-Week-12.pdf,25.02.2026,,EU_DDMMYYYY,12.03.2026,,EU_DDMMYYYY,,,,
2026-03-20,12,Beaching / Arrival,GHADA A,GENERAL CARGO,2240.0,,"Chattogram, Bangladesh",,,2026-02-28,2026-03-06,,star_asia_2026_W12_Market-report-Week-12.pdf,28.02.2026,,EU_DDMMYYYY,06.03.2026,,EU_DDMMYYYY,,,,
2026-03-20,12,Beaching / Arrival,MOKHIA,CONTAINER,25536.0,,"Chattogram, Bangladesh",,,2026-02-25,2026-03-02,,star_asia_2026_W12_Market-report-Week-12.pdf,25.02.2026,,EU_DDMMYYYY,02.03.2026,,EU_DDMMYYYY,,,,
2026-03-20,12,Beaching / Arrival,SMOOTH SEA,TANKER,1816.0,,"Chattogram, Bangladesh",,,2026-03-10,,,star_asia_2026_W12_Market-report-Week-12.pdf,10.03.2026,,EU_DDMMYYYY,AWAITING,AWAITING,STATUS,,,,
2026-03-20,12,Beaching / Arrival,QUARTZ,TANKER,9453.0,,"Chattogram, Bangladesh",,,,2026-03-06,,star_asia_2026_W12_Market-report-Week-12.pdf,26.02.206,,UNPARSED,06.03.2026,,EU_DDMMYYYY,,,,
2026-03-20,12,Beaching / Arrival,SIRRAH,BULKER,7071.0,,"Chattogram, Bangladesh",,,2026-02-15,2026-03-08,,star_asia_2026_W12_Market-report-Week-12.pdf,15.02.2026,,EU_DDMMYYYY,08.03.2026,,EU_DDMMYYYY,,,,
2026-03-20,12,Beaching / Arrival,LIMA,LNG,26915.0,,"Chattogram, Bangladesh",,,2026-03-08,2026-03-09,,star_asia_2026_W12_Market-report-Week-12.pdf,08.03.2026,,EU_DDMMYYYY,09.03.2026,,EU_DDMMYYYY,,,,
2026-03-20,12,Beaching / Arrival,SAGE SAGITTARUS,BULKER,19943.0,,"Chattogram, Bangladesh",,,2026-02-25,2026-03-05,,star_asia_2026_W12_Market-report-Week-12.pdf,25.02.2026,,EU_DDMMYYYY,05.03.2026,,EU_DDMMYYYY,,,,
2026-03-20,12,Beaching / Arrival,LUMOSO PERMAI,BULKER,7628.0,,"Chattogram, Bangladesh",,,2026-03-09,2026-03-11,,star_asia_2026_W12_Market-report-Week-12.pdf,09.03.2026,,EU_DDMMYYYY,11.03.2026,,EU_DDMMYYYY,,,,
2026-03-20,12,Beaching / Arrival,ATLAS,GENERAL CARGO,2573.0,,"Chattogram, Bangladesh",,,2026-02-26,2026-03-02,,star_asia_2026_W12_Market-report-Week-12.pdf,26.02.2026,,EU_DDMMYYYY,02.03.2026,,EU_DDMMYYYY,,,,
2026-03-20,12,Beaching / Arrival,XING FA,TANKER,2300.0,,"Chattogram, Bangladesh",,,2026-03-16,2026-03-01,,star_asia_2026_W12_Market-report-Week-12.pdf,16.03.2026,,EU_DDMMYYYY,01.03.2026,,EU_DDMMYYYY,,,,
2026-04-03,14,Reported Sale,ETERNAL ACE,BULKER,5757.0,,"Chattogram, Bangladesh",1997,JAPAN,,,AS IS SINGAPORE FOR REDELIVERY CHATTOGRAM,star_asia_2026_W14_Market-report-Week-14.pdf,,,,,,,,,,
2026-04-03,14,Beaching / Arrival,FIR 212,CRAFT,730.0,,"Alang, India",,,2026-04-03,,,star_asia_2026_W14_Market-report-Week-14.pdf,03.04.2026,,EU_DDMMYYYY,AWAITING,AWAITING,STATUS,,,,
2026-04-03,14,Beaching / Arrival,KAPID,CHEM.TANKER,3303.0,,"Alang, India",,,2026-04-03,,,star_asia_2026_W14_Market-report-Week-14.pdf,03.04.2026,,EU_DDMMYYYY,AWAITING,AWAITING,STATUS,,,,
2026-04-03,14,Beaching / Arrival,BIKRA,TANKER,4333.0,,"Alang, India",,,2026-04-01,,,star_asia_2026_W14_Market-report-Week-14.pdf,01.04.2026,,EU_DDMMYYYY,AWAITING,AWAITING,STATUS,,,,
2026-04-03,14,Beaching / Arrival,CELERIX,TANKER,9343.0,,"Alang, India",,,2026-03-28,,,star_asia_2026_W14_Market-report-Week-14.pdf,28.03.2026,,EU_DDMMYYYY,AWAITING,AWAITING,STATUS,,,,
2026-04-03,14,Beaching / Arrival,KULKAJ ARROW,BULKER,10.24,,"Alang, India",,,2026-03-22,,,star_asia_2026_W14_Market-report-Week-14.pdf,22.03.2026,,EU_DDMMYYYY,AWAITING,AWAITING,STATUS,,,,
2026-04-03,14,Beaching / Arrival,DIU,DRILLING RIG,27538.0,,"Alang, India",,,2026-04-02,,,star_asia_2026_W14_Market-report-Week-14.pdf,02.04.2026,,EU_DDMMYYYY,AWAITING,AWAITING,STATUS,,,,
2026-04-03,14,Beaching / Arrival,TAI JI,REEFER,3241.0,,,,,2026-03-31,,,star_asia_2026_W14_Market-report-Week-14.pdf,31.03.2026,,EU_DDMMYYYY,AWAITING,AWAITING,STATUS,,,,
2026-04-03,14,Beaching / Arrival,SHUEN,CONTAINER,1589.0,,,,,2026-03-31,,,star_asia_2026_W14_Market-report-Week-14.pdf,31.03.2026,,EU_DDMMYYYY,AWAITING,AWAITING,STATUS,,,,
2026-04-12,15,Reported Sale,HONGKONG ENERGY,LNGC,31341.0,500.0,"Chattogram, Bangladesh",2004,S.KOREA,,,"AS IS LINGI, MALAYSIA FOR REDELIVERY CHATTOGRAM",star_asia_2026_W15_Market-report-Week-15.pdf,,,,,,,,,,
2026-04-12,15,Reported Sale,GODSPEED 666,WOODCHIP,10348.0,,"Chattogram, Bangladesh",1996,JAPAN,,,DELIVERED CHATTOGRAM,star_asia_2026_W15_Market-report-Week-15.pdf,,,,,,,,,,
2026-04-12,15,Reported Sale,HAO HUNG 66,WOODCHIP,7982.0,,"Chattogram, Bangladesh",1996,JAPAN,,,DELIVERED CHATTOGRAM,star_asia_2026_W15_Market-report-Week-15.pdf,,,,,,,,,,
2026-04-12,15,Reported Sale,HAO HUNG 01,WOODCHIP,5102.0,,"Chattogram, Bangladesh",1988,JAPAN,,,DELIVERED CHATTOGRAM,star_asia_2026_W15_Market-report-Week-15.pdf,,,,,,,,,,
2026-04-12,15,Reported Sale,BOW FAITH,CHEM. TANKER,11060.0,945.0,"Alang, India",1997,NOWAY,,,"DELIVERED ALANG, ABOUT 2300 MT SOLID SS",star_asia_2026_W15_Market-report-Week-15.pdf,,,,,,,,,,
2026-04-12,15,Reported Sale,STOLT CEDAR,CHEM. TANKER,11436.0,,"Alang, India",1994,NORWAY,,,DELIVERED ALANG,star_asia_2026_W15_Market-report-Week-15.pdf,,,,,,,,,,
2026-04-12,15,Reported Sale,STOLT SEA,CHEM. TANKER,8074.0,,"Alang, India",1999,SPAIN,,,DELIVERED ALANG,star_asia_2026_W15_Market-report-Week-15.pdf,,,,,,,,,,
2026-04-12,15,Reported Sale,ANDHIKA KANISHKA,BULKER,10026.0,,"Chattogram, Bangladesh",1998,JAPAN,,,AS IS INDONESIAN PORT FOR REDELIVERY CHATTOGRAM,star_asia_2026_W15_Market-report-Week-15.pdf,,,,,,,,,,
2026-04-12,15,Beaching / Arrival,STOLT SEA,CHEM.TANKER,8074.0,,"Chattogram, Bangladesh",,,2026-04-10,,,star_asia_2026_W15_Market-report-Week-15.pdf,10.04.2026,,EU_DDMMYYYY,AWAITING,AWAITING,STATUS,,,,
2026-04-12,15,Beaching / Arrival,STOLT CEDAR,CHEM.TANKER,11436.0,,"Chattogram, Bangladesh",,,,,,star_asia_2026_W15_Market-report-Week-15.pdf,10.04.2206,,UNPARSED,AWAITING,AWAITING,STATUS,,,,
2026-04-12,15,Beaching / Arrival,FIR 212,CRAFT,730.0,,"Chattogram, Bangladesh",,,2026-04-03,2026-04-09,,star_asia_2026_W15_Market-report-Week-15.pdf,03.04.2026,,EU_DDMMYYYY,09.04.2026,,EU_DDMMYYYY,,,,
2026-04-12,15,Beaching / Arrival,KAPID,CHEM.TANKER,3303.0,,"Chattogram, Bangladesh",,,2026-04-03,2026-04-08,,star_asia_2026_W15_Market-report-Week-15.pdf,03.04.2026,,EU_DDMMYYYY,08.04.2026,,EU_DDMMYYYY,,,,
2026-04-12,15,Beaching / Arrival,BIKRA,TANKER,4333.0,,"Chattogram, Bangladesh",,,2026-04-01,2026-04-05,,star_asia_2026_W15_Market-report-Week-15.pdf,01.04.2026,,EU_DDMMYYYY,05.04.2026,,EU_DDMMYYYY,,,,
2026-04-12,15,Beaching / Arrival,CELERIX,TANKER,9343.0,,"Chattogram, Bangladesh",,,2026-03-28,2026-04-07,,star_asia_2026_W15_Market-report-Week-15.pdf,28.03.2026,,EU_DDMMYYYY,07.04.2026,,EU_DDMMYYYY,,,,
2026-04-12,15,Beaching / Arrival,KULKAJ ARROW,BULKER,10.24,,"Chattogram, Bangladesh",,,2026-03-22,2026-04-01,,star_asia_2026_W15_Market-report-Week-15.pdf,22.03.2026,,EU_DDMMYYYY,01.04.2026,,EU_DDMMYYYY,,,,
2026-04-12,15,Beaching / Arrival,DIU,DRILLING RIG,27538.0,,"Chattogram, Bangladesh",,,2026-04-02,2026-04-03,,star_asia_2026_W15_Market-report-Week-15.pdf,02.04.2026,,EU_DDMMYYYY,03.04.2026,,EU_DDMMYYYY,,,,
2026-04-12,15,Beaching / Arrival,ISA GOLDEN,BULKER,6257.0,,"Aliaga, Turkey",,,,,,star_asia_2026_W15_Market-report-Week-15.pdf,07.04.2206,,UNPARSED,AWAITING,AWAITING,STATUS,,,,
2026-04-12,15,Beaching / Arrival,YU YING NO.02,TRAINING SHIP,1581.0,,"Aliaga, Turkey",,,,,,star_asia_2026_W15_Market-report-Week-15.pdf,07.04.2206,,UNPARSED,AWAITING,AWAITING,STATUS,,,,
2026-04-12,15,Beaching / Arrival,TAI JI,REEFER,3241.0,,"Aliaga, Turkey",,,2026-03-31,2026-04-04,,star_asia_2026_W15_Market-report-Week-15.pdf,31.03.2026,,EU_DDMMYYYY,04.04.2026,,EU_DDMMYYYY,,,,
2026-04-12,15,Beaching / Arrival,SHUEN,CONTAINER,1589.0,,"Aliaga, Turkey",,,2026-03-31,2026-04-06,,star_asia_2026_W15_Market-report-Week-15.pdf,31.03.2026,,EU_DDMMYYYY,06.04.2026,,EU_DDMMYYYY,,,,
2026-04-18,16,Reported Sale,"CAN, EX-FELS CAN DO II",SEMI-SUB BARGE,48125.0,,"Chattogram, Bangladesh",2019,SINGAPORE,,,AS IS SINGAPORE FOR REDELIVERY CHATTOGRAM,star_asia_2026_W16_Market-report-Week-16.pdf,,,,,,,,,,
2026-04-18,16,Beaching / Arrival,AGULHAS,RESEARCH VESSEL,4316.0,,"Chattogram, Bangladesh",,,2026-04-12,2026-04-16,,star_asia_2026_W16_Market-report-Week-16.pdf,12.04.2026,,EU_DDMMYYYY,16.04.2026,,EU_DDMMYYYY,,,,
2026-04-18,16,Beaching / Arrival,STOLT SEA,CHEM.TANKER,8074.0,,"Chattogram, Bangladesh",,,2026-04-10,2026-04-16,,star_asia_2026_W16_Market-report-Week-16.pdf,10.04.2026,,EU_DDMMYYYY,16.04.2026,,EU_DDMMYYYY,,,,
2026-04-18,16,Beaching / Arrival,STOLT CEDAR,CHEM.TANKER,11436.0,,"Chattogram, Bangladesh",,,,2026-04-16,,star_asia_2026_W16_Market-report-Week-16.pdf,10.04.2206,,UNPARSED,16.04.2026,,EU_DDMMYYYY,,,,
2026-04-18,16,Beaching / Arrival,FIR 212,CRAFT,730.0,,"Chattogram, Bangladesh",,,2026-04-03,2026-04-09,,star_asia_2026_W16_Market-report-Week-16.pdf,03.04.2026,,EU_DDMMYYYY,09.04.2026,,EU_DDMMYYYY,,,,
2026-04-18,16,Beaching / Arrival,KAPID,CHEM.TANKER,3303.0,,"Chattogram, Bangladesh",,,2026-04-03,2026-04-08,,star_asia_2026_W16_Market-report-Week-16.pdf,03.04.2026,,EU_DDMMYYYY,08.04.2026,,EU_DDMMYYYY,,,,
2026-04-18,16,Beaching / Arrival,BIKRA,TANKER,4333.0,,"Chattogram, Bangladesh",,,2026-04-01,2026-04-05,,star_asia_2026_W16_Market-report-Week-16.pdf,01.04.2026,,EU_DDMMYYYY,05.04.2026,,EU_DDMMYYYY,,,,
2026-04-18,16,Beaching / Arrival,CELERIX,TANKER,9343.0,,"Chattogram, Bangladesh",,,2026-03-28,2026-04-07,,star_asia_2026_W16_Market-report-Week-16.pdf,28.03.2026,,EU_DDMMYYYY,07.04.2026,,EU_DDMMYYYY,,,,
2026-04-18,16,Beaching / Arrival,KULKAJ ARROW,BULKER,10.24,,"Chattogram, Bangladesh",,,2026-03-22,2026-04-01,,star_asia_2026_W16_Market-report-Week-16.pdf,22.03.2026,,EU_DDMMYYYY,01.04.2026,,EU_DDMMYYYY,,,,
2026-04-18,16,Beaching / Arrival,DIU,DRILLING RIG,27538.0,,"Chattogram, Bangladesh",,,2026-04-02,2026-04-03,,star_asia_2026_W16_Market-report-Week-16.pdf,02.04.2026,,EU_DDMMYYYY,03.04.2026,,EU_DDMMYYYY,,,,
2026-04-18,16,Beaching / Arrival,CAN,BARGE,48125.0,,"Aliaga, Turkey",,,2026-04-16,,,star_asia_2026_W16_Market-report-Week-16.pdf,16.04.2026,,EU_DDMMYYYY,AWAITING,AWAITING,STATUS,,,,
2026-04-18,16,Beaching / Arrival,ISA GOLDEN,BULKER,6257.0,,"Aliaga, Turkey",,,,2026-04-18,,star_asia_2026_W16_Market-report-Week-16.pdf,07.04.2206,,UNPARSED,18.04.2026,,EU_DDMMYYYY,,,,
2026-04-18,16,Beaching / Arrival,YU YING NO.02,TRAINING SHIP,1581.0,,"Aliaga, Turkey",,,,,,star_asia_2026_W16_Market-report-Week-16.pdf,07.04.2206,,UNPARSED,10.04.2206,,UNPARSED,,,,
2026-04-18,16,Beaching / Arrival,TAI JI,REEFER,3241.0,,"Aliaga, Turkey",,,2026-03-31,2026-04-04,,star_asia_2026_W16_Market-report-Week-16.pdf,31.03.2026,,EU_DDMMYYYY,04.04.2026,,EU_DDMMYYYY,,,,
2026-04-18,16,Beaching / Arrival,SHUEN,CONTAINER,1589.0,,"Aliaga, Turkey",,,2026-03-31,2026-04-06,,star_asia_2026_W16_Market-report-Week-16.pdf,31.03.2026,,EU_DDMMYYYY,06.04.2026,,EU_DDMMYYYY,,,,
2026-04-24,17,Beaching / Arrival,TORNADO,GENERAL CARGO,2446.0,,"Chattogram, Bangladesh",,,2026-04-24,,,star_asia_2026_W17_Market-report-Week-17.pdf,24.04.2026,,EU_DDMMYYYY,AWAITING,AWAITING,STATUS,,,,
2026-04-24,17,Beaching / Arrival,ANDAMAN,DRILL SHIP,37687.0,,"Chattogram, Bangladesh",,,2026-04-24,,,star_asia_2026_W17_Market-report-Week-17.pdf,24.04.2026,,EU_DDMMYYYY,AWATIING,AWAITING,STATUS,,,,
2026-04-24,17,Beaching / Arrival,AGULHAS,RESEARCH VESSEL,4316.0,,"Chattogram, Bangladesh",,,2026-04-12,2026-04-16,,star_asia_2026_W17_Market-report-Week-17.pdf,12.04.2026,,EU_DDMMYYYY,16.04.2026,,EU_DDMMYYYY,,,,
2026-04-24,17,Beaching / Arrival,STOLT SEA,CHEM.TANKER,8074.0,,"Chattogram, Bangladesh",,,2026-04-10,2026-04-16,,star_asia_2026_W17_Market-report-Week-17.pdf,10.04.2026,,EU_DDMMYYYY,16.04.2026,,EU_DDMMYYYY,,,,
2026-04-24,17,Beaching / Arrival,STOLT CEDAR,CHEM.TANKER,11436.0,,"Chattogram, Bangladesh",,,,2026-04-16,,star_asia_2026_W17_Market-report-Week-17.pdf,10.04.2206,,UNPARSED,16.04.2026,,EU_DDMMYYYY,,,,
2026-04-24,17,Beaching / Arrival,FIR 212,CRAFT,730.0,,"Chattogram, Bangladesh",,,2026-04-03,2026-04-09,,star_asia_2026_W17_Market-report-Week-17.pdf,03.04.2026,,EU_DDMMYYYY,09.04.2026,,EU_DDMMYYYY,,,,
2026-04-24,17,Beaching / Arrival,KAPID,CHEM.TANKER,3303.0,,"Chattogram, Bangladesh",,,2026-04-03,2026-04-08,,star_asia_2026_W17_Market-report-Week-17.pdf,03.04.2026,,EU_DDMMYYYY,08.04.2026,,EU_DDMMYYYY,,,,
2026-04-24,17,Beaching / Arrival,BIKRA,TANKER,4333.0,,"Chattogram, Bangladesh",,,2026-04-01,2026-04-05,,star_asia_2026_W17_Market-report-Week-17.pdf,01.04.2026,,EU_DDMMYYYY,05.04.2026,,EU_DDMMYYYY,,,,
2026-04-24,17,Beaching / Arrival,CELERIX,TANKER,9343.0,,"Chattogram, Bangladesh",,,2026-03-28,2026-04-07,,star_asia_2026_W17_Market-report-Week-17.pdf,28.03.2026,,EU_DDMMYYYY,07.04.2026,,EU_DDMMYYYY,,,,
2026-04-24,17,Beaching / Arrival,KULKAJ ARROW,BULKER,10.24,,"Chattogram, Bangladesh",,,2026-03-22,2026-04-01,,star_asia_2026_W17_Market-report-Week-17.pdf,22.03.2026,,EU_DDMMYYYY,01.04.2026,,EU_DDMMYYYY,,,,
2026-04-24,17,Beaching / Arrival,DIU,DRILLING RIG,27538.0,,"Chattogram, Bangladesh",,,2026-04-02,2026-04-03,,star_asia_2026_W17_Market-report-Week-17.pdf,02.04.2026,,EU_DDMMYYYY,03.04.2026,,EU_DDMMYYYY,,,,
2026-04-24,17,Beaching / Arrival,JIANG,BULKER,21238.0,,"Aliaga, Turkey",,,,,,star_asia_2026_W17_Market-report-Week-17.pdf,21.04.2206,,UNPARSED,AWAITING,AWAITING,STATUS,,,,
2026-04-24,17,Beaching / Arrival,SHIN HO CHUN NO.102,REEFER,2112.0,,"Aliaga, Turkey",,,2026-04-19,2026-04-23,,star_asia_2026_W17_Market-report-Week-17.pdf,19.04.2026,,EU_DDMMYYYY,23.04.2026,,EU_DDMMYYYY,,,,
2026-04-24,17,Beaching / Arrival,CAN,BARGE,48125.0,,"Aliaga, Turkey",,,2026-04-16,2026-04-19,,star_asia_2026_W17_Market-report-Week-17.pdf,16.04.2026,,EU_DDMMYYYY,19.04.2026,,EU_DDMMYYYY,,,,
2026-04-24,17,Beaching / Arrival,ISA GOLDEN,BULKER,6257.0,,"Aliaga, Turkey",,,,2026-04-18,,star_asia_2026_W17_Market-report-Week-17.pdf,07.04.2206,,UNPARSED,18.04.2026,,EU_DDMMYYYY,,,,
2026-04-24,17,Beaching / Arrival,YU YING NO.02,TRAINING SHIP,1581.0,,"Aliaga, Turkey",,,,,,star_asia_2026_W17_Market-report-Week-17.pdf,07.04.2206,,UNPARSED,10.04.2206,,UNPARSED,,,,
2026-04-24,17,Beaching / Arrival,TAI JI,REEFER,3241.0,,"Aliaga, Turkey",,,2026-03-31,2026-04-04,,star_asia_2026_W17_Market-report-Week-17.pdf,31.03.2026,,EU_DDMMYYYY,04.04.2026,,EU_DDMMYYYY,,,,
2026-04-24,17,Beaching / Arrival,SHUEN,CONTAINER,1589.0,,"Aliaga, Turkey",,,2026-03-31,2026-04-06,,star_asia_2026_W17_Market-report-Week-17.pdf,31.03.2026,,EU_DDMMYYYY,06.04.2026,,EU_DDMMYYYY,,,,
2026-05-05,18,Reported Sale,JENNY LUCKY,BULKER,7176.0,,"Gaddani, Pakistan",1992,JAPAN,,,"DELIVERED GADANI, PAKISTAN.",star_asia_2026_W18_Market-report-Week-18.pdf,,,,,,,,,,
2026-05-05,18,Beaching / Arrival,SPRUCE,CONTAINER,2216.0,,"Chattogram, Bangladesh",,,2026-04-27,,,star_asia_2026_W18_Market-report-Week-18.pdf,27.04.2026,,EU_DDMMYYYY,AWAITING,AWAITING,STATUS,,,,
2026-05-05,18,Beaching / Arrival,FESTIVAL,BULKER,6993.0,,"Chattogram, Bangladesh",,,2026-04-26,,,star_asia_2026_W18_Market-report-Week-18.pdf,26.04.2026,,EU_DDMMYYYY,AWAITING,AWAITING,STATUS,,,,
2026-05-05,18,Beaching / Arrival,JIANG,BULKER,21238.0,,"Chattogram, Bangladesh",,,,,,star_asia_2026_W18_Market-report-Week-18.pdf,21.04.2206,,UNPARSED,AWAITING,AWAITING,STATUS,,,,
2026-05-09,19,Reported Sale,JENNY LUCKY,BULKER,7176.0,460.0,,1992,JAPAN,,,DELIVERED GADANI,star_asia_2026_W19_Market-report-Week-19.pdf,,,,,,,,,,
2026-05-09,19,Reported Sale,GAS CRUSADER,LPG,1526.0,550.0,,1996,DENMARK,,,DELIVERED,star_asia_2026_W19_Market-report-Week-19.pdf,,,,,,,,,,
2026-05-09,19,Beaching / Arrival,JIAN JIE,TANKER,1807.0,,"Chattogram, Bangladesh",,,2026-05-06,,,star_asia_2026_W19_Market-report-Week-19.pdf,06.05.2026,,EU_DDMMYYYY,AWAITING,AWAITING,STATUS,,,,
2026-05-09,19,Beaching / Arrival,JIANG,Bulker,21238.0,,"Chattogram, Bangladesh",,,2026-04-21,2026-05-01,,star_asia_2026_W19_Market-report-Week-19.pdf,21.04.2026,,EU_DDMMYYYY,01.05.2026,,EU_DDMMYYYY,,,,
2026-05-09,19,Beaching / Arrival,FESTIVAL,Bulker,6993.0,,"Chattogram, Bangladesh",,,2026-04-26,2026-05-04,,star_asia_2026_W19_Market-report-Week-19.pdf,26.04.2026,,EU_DDMMYYYY,04.05.2026,,EU_DDMMYYYY,,,,
2026-05-09,19,Beaching / Arrival,SPRUCE,Container,2216.0,,"Chattogram, Bangladesh",,,2026-04-27,2026-05-04,,star_asia_2026_W19_Market-report-Week-19.pdf,27.04.2026,,EU_DDMMYYYY,04.05.2026,,EU_DDMMYYYY,,,,
2026-05-09,19,Beaching / Arrival,BGP PIONEER,Survey Vessel,3085.0,,"Chattogram, Bangladesh",,,2026-05-01,2026-05-06,,star_asia_2026_W19_Market-report-Week-19.pdf,01.05.2026,,EU_DDMMYYYY,06.05.2026,,EU_DDMMYYYY,,,,
2026-05-09,19,Beaching / Arrival,ACE 1,Bulker,5757.0,,"Chattogram, Bangladesh",,,2026-05-02,2026-05-07,,star_asia_2026_W19_Market-report-Week-19.pdf,02.05.2026,,EU_DDMMYYYY,07.05.2026,,EU_DDMMYYYY,,,,
2026-05-15,20,Reported Sale,HANJIN 3007,RORO,3665.0,415.0,,1998,S. KOREA,,,AS IS KOREA,star_asia_2026_W20_Market-Report_Week-20.pdf,,,,,,,,,,
2026-05-15,20,Reported Sale,VALARIS MS-1,SEMI-SUB,28761.0,,,2011,SINGAPORE,,,"AS IS LABUAN,",star_asia_2026_W20_Market-Report_Week-20.pdf,,,,,,,,,,
2026-05-15,20,Beaching / Arrival,ENERGIA C,BULKER,19899.0,,"Chattogram, Bangladesh",,,2026-05-14,,,star_asia_2026_W20_Market-Report_Week-20.pdf,14.05.2026,,EU_DDMMYYYY,AWAITING,AWAITING,STATUS,,,,
2026-05-15,20,Beaching / Arrival,GODSPEED 6666,WOODCHIP,10348.0,,"Chattogram, Bangladesh",,,2026-05-14,,,star_asia_2026_W20_Market-Report_Week-20.pdf,14.05.2026,,EU_DDMMYYYY,AWAITING,AWAITING,STATUS,,,,
2026-05-15,20,Beaching / Arrival,GION MARU NO.8,CEMENT,484.0,,"Chattogram, Bangladesh",,,2026-05-11,,,star_asia_2026_W20_Market-Report_Week-20.pdf,11.05.2026,,EU_DDMMYYYY,AWAITING,AWAITING,STATUS,,,,
2026-05-15,20,Beaching / Arrival,FRONTIER,RORO,4240.0,,"Chattogram, Bangladesh",,,2026-05-11,,,star_asia_2026_W20_Market-Report_Week-20.pdf,11.05.2026,,EU_DDMMYYYY,AWAITING,AWAITING,STATUS,,,,
2026-05-15,20,Beaching / Arrival,JIAN JIE,TANKER,1807.0,,"Chattogram, Bangladesh",,,2026-05-06,,,star_asia_2026_W20_Market-Report_Week-20.pdf,06.05.2026,,EU_DDMMYYYY,AWAITING,AWAITING,STATUS,,,,
2026-05-15,20,Beaching / Arrival,JIANG,BULKER,21238.0,,"Chattogram, Bangladesh",,,2026-04-21,2026-05-01,,star_asia_2026_W20_Market-Report_Week-20.pdf,21.04.2026,,EU_DDMMYYYY,01.05.2026,,EU_DDMMYYYY,,,,
2026-05-15,20,Beaching / Arrival,FESTIVAL,BULKER,6993.0,,"Chattogram, Bangladesh",,,2026-04-26,2026-05-04,,star_asia_2026_W20_Market-Report_Week-20.pdf,26.04.2026,,EU_DDMMYYYY,04.05.2026,,EU_DDMMYYYY,,,,
2026-05-15,20,Beaching / Arrival,SPRUCE,CONTAINER,2216.0,,"Chattogram, Bangladesh",,,2026-04-27,2026-05-04,,star_asia_2026_W20_Market-Report_Week-20.pdf,27.04.2026,,EU_DDMMYYYY,04.05.2026,,EU_DDMMYYYY,,,,
2026-05-15,20,Beaching / Arrival,BGP PIONEER,SURVEY VESSEL,3085.0,,"Chattogram, Bangladesh",,,2026-05-01,2026-05-06,,star_asia_2026_W20_Market-Report_Week-20.pdf,01.05.2026,,EU_DDMMYYYY,06.05.2026,,EU_DDMMYYYY,,,,
2026-05-15,20,Beaching / Arrival,ACE 1,BULKER,5757.0,,"Chattogram, Bangladesh",,,2026-05-02,2026-05-07,,star_asia_2026_W20_Market-Report_Week-20.pdf,02.05.2026,,EU_DDMMYYYY,07.05.2026,,EU_DDMMYYYY,,,,
2026-05-15,20,Beaching / Arrival,XIONG HAI,"1,659",,,"Chattogram, Bangladesh",,,2026-05-05,2026-05-07,,star_asia_2026_W20_Market-Report_Week-20.pdf,05.05.2026,,EU_DDMMYYYY,07.05.2026,,EU_DDMMYYYY,,,,
2026-05-23,21,Reported Sale,MAYMEI,TANKER,9728.0,510.0,,1997,S. KOREA,,,DELIVERED,star_asia_2026_W21_Market-Report_Week-21.pdf,,,,,,,,,,
2026-05-23,21,Reported Sale,GROUSE ARROW,GEN. CARGO,11059.0,460.0,"Alang, India",1991,JAPAN,,,DELIVERED ALANG,star_asia_2026_W21_Market-Report_Week-21.pdf,,,,,,,,,,
2026-05-23,21,Reported Sale,GLAS DOWR,FPSO,27824.0,,,1996,JAPAN,,,"AS IS BATAM, INDONESIA,",star_asia_2026_W21_Market-Report_Week-21.pdf,,,,,,,,,,
2026-05-23,21,Beaching / Arrival,K.P.P 01,TANKER,1352.0,,"Chattogram, Bangladesh",,,2026-05-17,,,star_asia_2026_W21_Market-Report_Week-21.pdf,17.05.2026,,EU_DDMMYYYY,AWAITING,AWAITING,STATUS,,,,
2026-05-23,21,Beaching / Arrival,ORIENTAL DRAGON,GENERAL CARGO,813.0,,"Chattogram, Bangladesh",,,2026-05-18,,,star_asia_2026_W21_Market-Report_Week-21.pdf,18.05.2026,,EU_DDMMYYYY,AWAITING,AWAITING,STATUS,,,,
2026-05-23,21,Beaching / Arrival,J YANG,GENERAL CARGO,4192.0,,"Chattogram, Bangladesh",,,2026-05-18,,,star_asia_2026_W21_Market-Report_Week-21.pdf,18.05.2026,,EU_DDMMYYYY,AWAITING,AWAITING,STATUS,,,,
2026-05-23,21,Beaching / Arrival,XIONG HAI,"1,659",,,"Chattogram, Bangladesh",,,2026-05-05,2026-05-07,,star_asia_2026_W21_Market-Report_Week-21.pdf,05.05.2026,,EU_DDMMYYYY,07.05.2026,,EU_DDMMYYYY,,,,
2026-05-29,22,Reported Sale,ON VICTOR,TANKER,8320.0,375.0,"Alang, India",1997,ITALY,,,DELIVERED ALANG,star_asia_2026_W22_Market-Report-Week-22.pdf,,,,,,,,,,
2026-05-29,22,Beaching / Arrival,ON VICTOR,TANKER,8320.0,,"Chattogram, Bangladesh",,,2026-05-28,2026-05-29,,star_asia_2026_W22_Market-Report-Week-22.pdf,28.05.2026,,EU_DDMMYYYY,29.05.2026,,EU_DDMMYYYY,,,,
2026-05-29,22,Beaching / Arrival,KOKOPO CHIEF,CONTAINER,5889.0,,"Chattogram, Bangladesh",,,2026-05-26,,,star_asia_2026_W22_Market-Report-Week-22.pdf,26.05.2026,,EU_DDMMYYYY,AWAITING,AWAITING,STATUS,,,,
2026-05-29,22,Beaching / Arrival,GODSPEED 6666,WOODCHIP,10348.0,,"Chattogram, Bangladesh",,,2026-05-14,2026-05-19,,star_asia_2026_W22_Market-Report-Week-22.pdf,14.05.2026,,EU_DDMMYYYY,19.05.2026,,EU_DDMMYYYY,,,,
2026-05-29,22,Beaching / Arrival,GION MARU NO.8,CEMENT,484.0,,"Chattogram, Bangladesh",,,2026-05-11,2026-05-18,,star_asia_2026_W22_Market-Report-Week-22.pdf,11.05.2026,,EU_DDMMYYYY,18.05.2026,,EU_DDMMYYYY,,,,
2026-05-29,22,Beaching / Arrival,FRONTIER,RORO,4240.0,,"Chattogram, Bangladesh",,,2026-05-11,2026-05-18,,star_asia_2026_W22_Market-Report-Week-22.pdf,11.05.2026,,EU_DDMMYYYY,18.05.2026,,EU_DDMMYYYY,,,,
2026-05-29,22,Beaching / Arrival,JIAN JIE,TANKER,1807.0,,"Chattogram, Bangladesh",,,2026-05-06,2026-05-20,,star_asia_2026_W22_Market-Report-Week-22.pdf,06.05.2026,,EU_DDMMYYYY,20.05.2026,,EU_DDMMYYYY,,,,
2026-05-29,22,Beaching / Arrival,JIANG,BULKER,21238.0,,"Chattogram, Bangladesh",,,2026-04-21,2026-05-01,,star_asia_2026_W22_Market-Report-Week-22.pdf,21.04.2026,,EU_DDMMYYYY,01.05.2026,,EU_DDMMYYYY,,,,
2026-05-29,22,Beaching / Arrival,FESTIVAL,BULKER,6993.0,,"Chattogram, Bangladesh",,,2026-04-26,2026-05-04,,star_asia_2026_W22_Market-Report-Week-22.pdf,26.04.2026,,EU_DDMMYYYY,04.05.2026,,EU_DDMMYYYY,,,,
2026-05-29,22,Beaching / Arrival,SPRUCE,CONTAINER,2216.0,,"Chattogram, Bangladesh",,,2026-04-27,2026-05-04,,star_asia_2026_W22_Market-Report-Week-22.pdf,27.04.2026,,EU_DDMMYYYY,04.05.2026,,EU_DDMMYYYY,,,,
2026-05-29,22,Beaching / Arrival,BGP PIONEER,SURVEY VESSEL,3085.0,,"Chattogram, Bangladesh",,,2026-05-01,2026-05-06,,star_asia_2026_W22_Market-Report-Week-22.pdf,01.05.2026,,EU_DDMMYYYY,06.05.2026,,EU_DDMMYYYY,,,,
2026-05-29,22,Beaching / Arrival,ACE 1,BULKER,5757.0,,"Chattogram, Bangladesh",,,2026-05-02,2026-05-07,,star_asia_2026_W22_Market-Report-Week-22.pdf,02.05.2026,,EU_DDMMYYYY,07.05.2026,,EU_DDMMYYYY,,,,
2026-05-29,22,Beaching / Arrival,XIONG HAI,"1,659",,,"Chattogram, Bangladesh",,,2026-05-05,2026-05-07,,star_asia_2026_W22_Market-Report-Week-22.pdf,05.05.2026,,EU_DDMMYYYY,07.05.2026,,EU_DDMMYYYY,,,,
2026-06-05,23,Beaching / Arrival,SOHAR LNG,LNG CARRIER,33003.0,,"Alang, India",,,2026-06-03,,,star_asia_2026_W23_Market-Report_Week-23.pdf,03.06.2026,,EU_DDMMYYYY,AWAITING,AWAITING,STATUS,,,,
2026-06-05,23,Beaching / Arrival,KOKOPO CHIEF,CONTAINER,5889.0,,"Chattogram, Bangladesh",,,2026-05-26,,,star_asia_2026_W23_Market-Report_Week-23.pdf,26.05.2026,,EU_DDMMYYYY,AWAITING,AWAITING,STATUS,,,,
2026-06-12,24,Beaching / Arrival,GALA,RORO,6378.0,,"Chattogram, Bangladesh",,,2026-06-10,,,star_asia_2026_W24_Market-Report-Week-24.pdf,10.06.2026,,EU_DDMMYYYY,AWAITING,AWAITING,STATUS,,,,
2026-06-12,24,Beaching / Arrival,GROUSE ARROW,GENERAL CARGO,11059.0,,"Chattogram, Bangladesh",,,2026-06-10,,,star_asia_2026_W24_Market-Report-Week-24.pdf,10.06.2026,,EU_DDMMYYYY,AWAITING,AWAITING,STATUS,,,,
2026-06-12,24,Beaching / Arrival,STOLT INNOVATION,CHEM. TANKER,12940.0,,"Chattogram, Bangladesh",,,2026-06-10,,,star_asia_2026_W24_Market-Report-Week-24.pdf,10.06.2026,,EU_DDMMYYYY,AWAITING,AWAITING,STATUS,,,,
2026-06-12,24,Beaching / Arrival,TIMON,CONTAINER,27062.0,,"Chattogram, Bangladesh",,,,,,star_asia_2026_W24_Market-Report-Week-24.pdf,09.06.2206,,UNPARSED,AWAITING,AWAITING,STATUS,,,,
2026-06-12,24,Beaching / Arrival,SOHAR LNG,LNG CARRIER,33003.0,,"Chattogram, Bangladesh",,,2026-06-03,2026-06-10,,star_asia_2026_W24_Market-Report-Week-24.pdf,03.06.2026,,EU_DDMMYYYY,10.06.2026,,EU_DDMMYYYY,,,,
2026-06-19,25,Reported Sale,XIN HAI 18,GENERAL,1542.0,410.0,,2004,CHINA,,,DELIVERED,star_asia_2026_W25_Market-Report-Week-25.pdf,,,,,,,,,,
2026-06-19,25,Beaching / Arrival,GALA,RORO,6378.0,,"Chattogram, Bangladesh",,,2026-06-10,,,star_asia_2026_W25_Market-Report-Week-25.pdf,10.06.2026,,EU_DDMMYYYY,AWAITING,AWAITING,STATUS,,,,
2026-06-19,25,Beaching / Arrival,MARY,PASSENGER,10509.0,,"Chattogram, Bangladesh",,,2026-06-18,2026-06-19,,star_asia_2026_W25_Market-Report-Week-25.pdf,18.06.2026,,EU_DDMMYYYY,19.06.2026,,EU_DDMMYYYY,,,,
2026-06-19,25,Beaching / Arrival,BIGLI,CONTAINER,26652.0,,"Chattogram, Bangladesh",,,2026-06-16,2026-06-17,,star_asia_2026_W25_Market-Report-Week-25.pdf,16.06.2026,,EU_DDMMYYYY,17.06.2026,,EU_DDMMYYYY,,,,
2026-06-19,25,Beaching / Arrival,OCTANS,VLCC TANKER,41478.0,,"Chattogram, Bangladesh",,,2026-06-13,2026-06-17,,star_asia_2026_W25_Market-Report-Week-25.pdf,13.06.2026,,EU_DDMMYYYY,17.06.2026,,EU_DDMMYYYY,,,,
2026-06-19,25,Beaching / Arrival,GROUSE ARROW,GENERAL CARGO,11059.0,,"Chattogram, Bangladesh",,,2026-06-10,2026-06-14,,star_asia_2026_W25_Market-Report-Week-25.pdf,10.06.2026,,EU_DDMMYYYY,14.06.2026,,EU_DDMMYYYY,,,,
2026-06-19,25,Beaching / Arrival,STOLT INNOVATION,CHEM. TANKER,12940.0,,"Chattogram, Bangladesh",,,2026-06-10,2026-06-13,,star_asia_2026_W25_Market-Report-Week-25.pdf,10.06.2026,,EU_DDMMYYYY,13.06.2026,,EU_DDMMYYYY,,,,
2026-06-19,25,Beaching / Arrival,TIMON,CONTAINER,27062.0,,"Chattogram, Bangladesh",,,,2026-06-14,,star_asia_2026_W25_Market-Report-Week-25.pdf,09.06.2206,,UNPARSED,14.06.2026,,EU_DDMMYYYY,,,,
2026-06-19,25,Beaching / Arrival,SOHAR LNG,LNG CARRIER,33003.0,,"Chattogram, Bangladesh",,,2026-06-03,2026-06-10,,star_asia_2026_W25_Market-Report-Week-25.pdf,03.06.2026,,EU_DDMMYYYY,10.06.2026,,EU_DDMMYYYY,,,,
2026-06-19,25,Beaching / Arrival,MAY 1,TANKER,1834.0,,"Chattogram, Bangladesh",,,2026-06-18,,,star_asia_2026_W25_Market-Report-Week-25.pdf,18.06.2026,,EU_DDMMYYYY,AWAITING,AWAITING,STATUS,,,,
2026-06-19,25,Beaching / Arrival,XIN HAI 18,GENERAL CARGO,1542.0,,"Chattogram, Bangladesh",,,2026-06-17,,,star_asia_2026_W25_Market-Report-Week-25.pdf,17.06.2026,,EU_DDMMYYYY,AWAITING,AWAITING,STATUS,,,,
2026-06-19,25,Beaching / Arrival,MAYMEI,TANKER,9877.0,,"Chattogram, Bangladesh",,,2026-06-25,,,star_asia_2026_W25_Market-Report-Week-25.pdf,25.06.2026,,EU_DDMMYYYY,AWAITING,AWAITING,STATUS,,,,
2026-06-26,26,Beaching / Arrival,JENNY LUCKY,BULKER,7176.0,,"Chattogram, Bangladesh",,,2026-06-21,,,star_asia_2026_W26_Market-Report-Week-26.pdf,21.06.2026,,EU_DDMMYYYY,AWAITING,AWAITING,STATUS,,,,
2026-06-26,26,Beaching / Arrival,LADONNA,BULKER,5191.0,,"Chattogram, Bangladesh",,,2026-06-21,,,star_asia_2026_W26_Market-Report-Week-26.pdf,21.06.2026,,EU_DDMMYYYY,AWAITING,AWAITING,STATUS,,,,
2026-07-10,28,Beaching / Arrival,FRIO ANTARTIC,REEFER,5685.0,,"Alang, India",,,2026-07-10,,,star_asia_2026_W28_Market-Report-Week-28-2.pdf,10.07.2026,,EU_DDMMYYYY,ÀWAITING,AWAITING,STATUS,,,,
2026-07-10,28,Beaching / Arrival,BATO,FISHING,3922.0,,"Chattogram, Bangladesh",,,2026-07-08,2026-07-11,,star_asia_2026_W28_Market-Report-Week-28-2.pdf,08.07.2026,,EU_DDMMYYYY,11.07.2026,,EU_DDMMYYYY,,,,
2026-07-10,28,Beaching / Arrival,MAYMEI,TANKER,9877.0,,"Chattogram, Bangladesh",,,2026-06-25,,,star_asia_2026_W28_Market-Report-Week-28-2.pdf,25.06.2026,,EU_DDMMYYYY,AWAITING,AWAITING,STATUS,,,,
2026-07-10,28,Beaching / Arrival,JENNY LUCKY,BULKER,7176.0,,"Chattogram, Bangladesh",,,2026-06-21,2026-07-02,,star_asia_2026_W28_Market-Report-Week-28-2.pdf,21.06.2026,,EU_DDMMYYYY,02.07.2026,,EU_DDMMYYYY,,,,
2026-07-17,29,Beaching / Arrival,JENNY LUCKY,BULKER,7176.0,,"Chattogram, Bangladesh",,,2026-06-21,2026-07-02,,star_asia_2026_W29_Market-Report-Week-29.pdf,21.06.2026,,EU_DDMMYYYY,02.07.2026,,EU_DDMMYYYY,,,,
2026-07-17,29,Beaching / Arrival,ILA,BULKER,6334.0,,"Chattogram, Bangladesh",,,2026-07-04,2026-07-10,,star_asia_2026_W29_Market-Report-Week-29.pdf,04.07.2026,,EU_DDMMYYYY,10.07.2026,,EU_DDMMYYYY,,,,
2026-07-24,30,Beaching / Arrival,ELAN,TANKER,24603.0,,"Alang, India",,,2026-07-24,,,star_asia_2026_W30_Market-Report-Week-30.pdf,24.07.2026,,EU_DDMMYYYY,AWAITING,AWAITING,STATUS,,,,
2026-07-24,30,Beaching / Arrival,EVA,CHEM. TANKER,3152.0,,"Alang, India",,,2026-07-23,,,star_asia_2026_W30_Market-Report-Week-30.pdf,23.07.2026,,EU_DDMMYYYY,AWAITING,AWAITING,STATUS,,,,
2026-07-24,30,Beaching / Arrival,PINE ARROW,GENERAL CARGO,12574.0,,"Alang, India",,,2026-07-22,,,star_asia_2026_W30_Market-Report-Week-30.pdf,22.07.2026,,EU_DDMMYYYY,AWAITING,AWAITING,STATUS,,,,
2026-07-24,30,Beaching / Arrival,STOLT KIKYO,CHEM TANKER,3305.0,,"Alang, India",,,2026-07-19,,,star_asia_2026_W30_Market-Report-Week-30.pdf,19.07.2026,,EU_DDMMYYYY,AWAIITNG,AWAITING,STATUS,,,,
2026-07-24,30,Beaching / Arrival,SUNNY,CONTAINER,2216.0,,"Chattogram, Bangladesh",,,2026-07-23,,,star_asia_2026_W30_Market-Report-Week-30.pdf,23.07.2026,,EU_DDMMYYYY,AWAITING,AWAITING,STATUS,,,,
2026-07-24,30,Beaching / Arrival,WANTONG 497,GENERAL CARGO,3610.0,,"Chattogram, Bangladesh",,,2026-07-22,,,star_asia_2026_W30_Market-Report-Week-30.pdf,22.07.2026,,EU_DDMMYYYY,AWAITING,AWAITING,STATUS,,,,
2026-07-24,30,Beaching / Arrival,EVER DELIGHT,GENERAL CARGO,1556.0,,"Chattogram, Bangladesh",,,2026-07-19,,,star_asia_2026_W30_Market-Report-Week-30.pdf,19.07.2026,,EU_DDMMYYYY,AWAITING,AWAITING,STATUS,,,,
2026-07-24,30,Beaching / Arrival,BAGUS,GENERAL CARGO,2385.0,,"Chattogram, Bangladesh",,,2026-07-20,,,star_asia_2026_W30_Market-Report-Week-30.pdf,20.07.2026,,EU_DDMMYYYY,AWAITING,AWAITING,STATUS,,,,
2026-07-24,30,Beaching / Arrival,JENNY LUCKY,BULKER,7176.0,,"Chattogram, Bangladesh",,,2026-06-21,2026-07-02,,star_asia_2026_W30_Market-Report-Week-30.pdf,21.06.2026,,EU_DDMMYYYY,02.07.2026,,EU_DDMMYYYY,,,,
2026-07-24,30,Beaching / Arrival,ILA,BULKER,6334.0,,"Chattogram, Bangladesh",,,2026-07-04,2026-07-10,,star_asia_2026_W30_Market-Report-Week-30.pdf,04.07.2026,,EU_DDMMYYYY,10.07.2026,,EU_DDMMYYYY,,,,
2026-08-01,31,Beaching / Arrival,FT ISLAND,VLCC,43402.0,,"Chattogram, Bangladesh",,,2027-07-31,,,star_asia_2026_W31_Market-Report-Week-31.pdf,31.07.2027,,EU_DDMMYYYY,AWAITING,AWAITING,STATUS,,,,
2026-08-01,31,Beaching / Arrival,GAS II,LPG,2213.0,,"Chattogram, Bangladesh",,,2026-07-29,,,star_asia_2026_W31_Market-Report-Week-31.pdf,29.07.2026,,EU_DDMMYYYY,AWAITING,AWAITING,STATUS,,,,
2026-08-15,33,Reported Sale,GREEN STARS,TANKER,8274.0,500.0,,2001,S. KOREA,,,"AS IS BELAWAN, INDONESIA",star_asia_2026_W33_Market-Report-Week-33.pdf,,,,,,,,,,
2026-08-15,33,Beaching / Arrival,CUTTA,TANKER,11552.0,,"Chattogram, Bangladesh",,,2026-08-09,,,star_asia_2026_W33_Market-Report-Week-33.pdf,09.08.2026,,EU_DDMMYYYY,12.08.2206,,UNPARSED,,,,
2026-08-15,33,Beaching / Arrival,FT ISLAND,VLCC,43402.0,,"Chattogram, Bangladesh",,,2027-07-31,2026-08-04,,star_asia_2026_W33_Market-Report-Week-33.pdf,31.07.2027,,EU_DDMMYYYY,04.08.2026,,EU_DDMMYYYY,,,,
2026-08-21,34,Beaching / Arrival,FRIO NARUTO,REEFER,5685.0,,"Chattogram, Bangladesh",,,2026-08-15,2026-08-19,,star_asia_2026_W34_Market-Report-Week-34.pdf,15.08.2026,,EU_DDMMYYYY,19.08.2026,,EU_DDMMYYYY,,,,
2026-08-21,34,Beaching / Arrival,CUTTA,TANKER,11552.0,,"Chattogram, Bangladesh",,,2026-08-09,,,star_asia_2026_W34_Market-Report-Week-34.pdf,09.08.2026,,EU_DDMMYYYY,12.08.2206,,UNPARSED,,,,
2026-08-21,34,Beaching / Arrival,FT ISLAND,VLCC,43402.0,,"Chattogram, Bangladesh",,,2027-07-31,2026-08-04,,star_asia_2026_W34_Market-Report-Week-34.pdf,31.07.2027,,EU_DDMMYYYY,04.08.2026,,EU_DDMMYYYY,,,,
2026-08-21,34,Beaching / Arrival,WANTONG 498,GENERAL CARGO,1589.0,,"Chattogram, Bangladesh",,,2026-08-16,,,star_asia_2026_W34_Market-Report-Week-34.pdf,16.08.2026,,EU_DDMMYYYY,AWAITING,AWAITING,STATUS,,,,
2026-08-28,35,Beaching / Arrival,GLOW,FPSO,27824.0,,"Chattogram, Bangladesh",,,2026-08-27,,,star_asia_2026_W35_Market-Report-Week-35.pdf,27.08.2026,,EU_DDMMYYYY,AWAITING,AWAITING,STATUS,,,,
2026-08-28,35,Beaching / Arrival,ORANGE LINK,BULKER,3845.0,,"Chattogram, Bangladesh",,,2026-08-22,,,star_asia_2026_W35_Market-Report-Week-35.pdf,22.08.2026,,EU_DDMMYYYY,AWAITING,AWAITING,STATUS,,,,
2026-08-28,35,Beaching / Arrival,PARAM,BULKER,9520.0,,"Chattogram, Bangladesh",,,2026-08-20,,,star_asia_2026_W35_Market-Report-Week-35.pdf,20.08.2026,,EU_DDMMYYYY,AWAITING,AWAITING,STATUS,,,,
2026-08-28,35,Beaching / Arrival,THAN,WOODCHIP,6356.0,,"Chattogram, Bangladesh",,,2026-08-21,,,star_asia_2026_W35_Market-Report-Week-35.pdf,21.08.2026,,EU_DDMMYYYY,AWAIITNG,AWAITING,STATUS,,,,
2026-08-28,35,Beaching / Arrival,VISAKHA,CONTAINER,8128.0,,"Chattogram, Bangladesh",,,2026-08-21,,,star_asia_2026_W35_Market-Report-Week-35.pdf,21.08.2026,,EU_DDMMYYYY,AWAITING,AWAITING,STATUS,,,,
2026-08-28,35,Beaching / Arrival,LYRA,TANKER,4990.0,,"Chattogram, Bangladesh",,,2026-08-21,,,star_asia_2026_W35_Market-Report-Week-35.pdf,21.08.2026,,EU_DDMMYYYY,,,,,,,
2026-09-04,36,Beaching / Arrival,THAN,WOODCHIP,6356.0,,"Chattogram, Bangladesh",,,2026-08-21,2026-09-01,,star_asia_2026_W36_Market-Report-Week-36.pdf,21.08.2026,,EU_DDMMYYYY,01.09.2026,,EU_DDMMYYYY,,,,
2026-09-11,37,Beaching / Arrival,MANDARIN ARROW,GENERAL CARGO,14824.0,,"Chattogram, Bangladesh",,,2026-09-10,,,star_asia_2026_W37_Market-Report-Week-37.pdf,10.09.2026,,EU_DDMMYYYY,AWAITING,AWAITING,STATUS,,,,
2026-09-11,37,Beaching / Arrival,DINA OCEAN,BULKER,5602.0,,"Chattogram, Bangladesh",,,2026-09-07,,,star_asia_2026_W37_Market-Report-Week-37.pdf,07.09.2026,,EU_DDMMYYYY,AWAITING,AWAITING,STATUS,,,,
2026-09-11,37,Beaching / Arrival,MARIA,BULKER,6141.0,,"Chattogram, Bangladesh",,,2026-09-09,,,star_asia_2026_W37_Market-Report-Week-37.pdf,09.09.2026,,EU_DDMMYYYY,AWAITING,AWAITING,STATUS,,,,
2026-09-11,37,Beaching / Arrival,SPRING,BULKER,2449.0,,"Chattogram, Bangladesh",,,2026-09-06,,,star_asia_2026_W37_Market-Report-Week-37.pdf,06.09.2026,,EU_DDMMYYYY,AWAITING,AWAITING,STATUS,,,,
2026-09-11,37,Beaching / Arrival,BR GLORY,BULKER,5000.0,,"Chattogram, Bangladesh",,,2026-09-04,,,star_asia_2026_W37_Market-Report-Week-37.pdf,04.09.2026,,EU_DDMMYYYY,AWAIITNG,AWAITING,STATUS,,,,
2026-09-11,37,Beaching / Arrival,LYRA,BULKER,4990.0,,"Chattogram, Bangladesh",,,2026-09-01,2026-09-04,,star_asia_2026_W37_Market-Report-Week-37.pdf,01.09.2026,,EU_DDMMYYYY,04.09.2026,,EU_DDMMYYYY,,,,
2026-09-11,37,Beaching / Arrival,LINA F,BULKER,5688.0,,"Chattogram, Bangladesh",,,,,,star_asia_2026_W37_Market-Report-Week-37.pdf,28.09.0226,,UNPARSED,AWAIITNG,AWAITING,STATUS,,,,
2026-09-25,39,Reported Sale,MAESTRO 1,BULKER,5142.0,507.0,,1998,JAPAN,,,DELIVERED GADANI,star_asia_2026_W39_Market-Report-Week-39-1.pdf,,,,,,,,,,
2026-09-25,39,Beaching / Arrival,ORION,TANKER,28214.0,,"Chattogram, Bangladesh",,,2026-09-25,,,star_asia_2026_W39_Market-Report-Week-39-1.pdf,25.09.2026,,EU_DDMMYYYY,AWAITING,AWAITING,STATUS,,,,
2026-09-25,39,Beaching / Arrival,CURY,REEFER,3822.0,,"Chattogram, Bangladesh",,,2026-09-21,,,star_asia_2026_W39_Market-Report-Week-39-1.pdf,21.09.2026,,EU_DDMMYYYY,AWAITING,AWAITING,STATUS,,,,
2026-09-25,39,Beaching / Arrival,MUTIARA,LNG,28773.0,,"Chattogram, Bangladesh",,,2026-09-21,,,star_asia_2026_W39_Market-Report-Week-39-1.pdf,21.09.2026,,EU_DDMMYYYY,AWAITING,AWAITING,STATUS,,,,
2026-09-25,39,Beaching / Arrival,NEPT,GENERAL CARGO,3238.0,,"Chattogram, Bangladesh",,,2026-09-17,,,star_asia_2026_W39_Market-Report-Week-39-1.pdf,17.09.2026,,EU_DDMMYYYY,AWAITING,AWAITING,STATUS,,,,
2026-09-25,39,Beaching / Arrival,FEI,TANKER,11078.0,,"Chattogram, Bangladesh",,,2026-09-20,,,star_asia_2026_W39_Market-Report-Week-39-1.pdf,20.09.2026,,EU_DDMMYYYY,AWAITING,AWAITING,STATUS,,,,
2026-09-25,39,Beaching / Arrival,KUSHIRO,GENERAL CARGO,1039.0,,"Chattogram, Bangladesh",,,2026-09-18,,,star_asia_2026_W39_Market-Report-Week-39-1.pdf,18.09.2026,,EU_DDMMYYYY,AWAITING,AWAITING,STATUS,,,,
2026-09-25,39,Beaching / Arrival,YUE,TANKER,16060.0,,"Chattogram, Bangladesh",,,2026-09-16,,,star_asia_2026_W39_Market-Report-Week-39-1.pdf,16.09.2026,,EU_DDMMYYYY,AWAITING,AWAITING,STATUS,,,,
2026-09-25,39,Beaching / Arrival,LINA F,BULKER,5688.0,,"Chattogram, Bangladesh",,,,,,star_asia_2026_W39_Market-Report-Week-39-1.pdf,01.09.0226,,UNPARSED,AWAITING,AWAITING,STATUS,,,,
2026-09-25,39,Beaching / Arrival,MARIA,BULKER,6141.0,,"Chattogram, Bangladesh",,,2026-09-09,2026-09-19,,star_asia_2026_W39_Market-Report-Week-39-1.pdf,09.09.2026,,EU_DDMMYYYY,19.09.2026,,EU_DDMMYYYY,,,,
2026-09-25,39,Beaching / Arrival,SPRING,BULKER,2449.0,,"Chattogram, Bangladesh",,,2026-09-06,2026-09-16,,star_asia_2026_W39_Market-Report-Week-39-1.pdf,06.09.2026,,EU_DDMMYYYY,16.09.2026,,EU_DDMMYYYY,,,,
2026-09-25,39,Beaching / Arrival,BR GLORY,BULKER,5000.0,,"Chattogram, Bangladesh",,,2026-09-04,2026-09-13,,star_asia_2026_W39_Market-Report-Week-39-1.pdf,04.09.2026,,EU_DDMMYYYY,13.09.2026,,EU_DDMMYYYY,,,,
2026-09-25,39,Beaching / Arrival,LARUS,GENERAL CARGO,2632.0,,"Chattogram, Bangladesh",,,2026-09-05,2026-09-13,,star_asia_2026_W39_Market-Report-Week-39-1.pdf,05.09.2026,,EU_DDMMYYYY,13.09.2026,,EU_DDMMYYYY,,,,
2026-09-25,39,Beaching / Arrival,LYRA,BULKER,4990.0,,"Chattogram, Bangladesh",,,2026-08-21,2026-09-04,,star_asia_2026_W39_Market-Report-Week-39-1.pdf,21.08.2026,,EU_DDMMYYYY,04.09.2026,,EU_DDMMYYYY,,,,
2026-09-18,38,Beaching / Arrival,NOVAYA ZEMLYA,GENERAL CARGO,8110.0,,"Chattogram, Bangladesh",,,2026-09-16,,,star_asia_21_09_2026_star_asia_shipbroking_weekly_market_report_week_38.pdf,16.09.2026,,EU_DDMMYYYY,AWAITING,AWAITING,STATUS,,,,
2026-09-18,38,Beaching / Arrival,XIANG RUI,REEFER,1304.0,,"Chattogram, Bangladesh",,,2026-07-17,,,star_asia_21_09_2026_star_asia_shipbroking_weekly_market_report_week_38.pdf,17.07.2026,,EU_DDMMYYYY,AWAITING,AWAITING,STATUS,,,,
2026-09-18,38,Beaching / Arrival,YUE,TANKER,16060.0,,"Chattogram, Bangladesh",,,2026-09-16,,,star_asia_21_09_2026_star_asia_shipbroking_weekly_market_report_week_38.pdf,16.09.2026,,EU_DDMMYYYY,AWAITING,AWAITING,STATUS,,,,
2026-09-18,38,Beaching / Arrival,MARIA,BULKER,6141.0,,"Chattogram, Bangladesh",,,2026-09-09,,,star_asia_21_09_2026_star_asia_shipbroking_weekly_market_report_week_38.pdf,09.09.2026,,EU_DDMMYYYY,AWAITING,AWAITING,STATUS,,,,
2026-09-18,38,Beaching / Arrival,LINA F,BULKER,5688.0,,"Chattogram, Bangladesh",,,,,,star_asia_21_09_2026_star_asia_shipbroking_weekly_market_report_week_38.pdf,01.09.0226,,UNPARSED,AWAITING,AWAITING,STATUS,,,,
2026-09-18,38,Beaching / Arrival,SPRING,BULKER,2449.0,,"Chattogram, Bangladesh",,,2026-09-06,2026-09-16,,star_asia_21_09_2026_star_asia_shipbroking_weekly_market_report_week_38.pdf,06.09.2026,,EU_DDMMYYYY,16.09.2026,,EU_DDMMYYYY,,,,
2026-09-18,38,Beaching / Arrival,BR GLORY,BULKER,5000.0,,"Chattogram, Bangladesh",,,2026-09-04,2026-09-13,,star_asia_21_09_2026_star_asia_shipbroking_weekly_market_report_week_38.pdf,04.09.2026,,EU_DDMMYYYY,13.09.2026,,EU_DDMMYYYY,,,,
2026-09-18,38,Beaching / Arrival,LARUS,GENERAL CARGO,2632.0,,"Chattogram, Bangladesh",,,2026-09-05,2026-09-13,,star_asia_21_09_2026_star_asia_shipbroking_weekly_market_report_week_38.pdf,05.09.2026,,EU_DDMMYYYY,13.09.2026,,EU_DDMMYYYY,,,,
2026-09-18,38,Beaching / Arrival,LYRA,BULKER,4990.0,,"Chattogram, Bangladesh",,,2026-08-21,2026-09-04,,star_asia_21_09_2026_star_asia_shipbroking_weekly_market_report_week_38.pdf,21.08.2026,,EU_DDMMYYYY,04.09.2026,,EU_DDMMYYYY,,,,
2026-10-02,40,Reported Sale,KUSHIRO,BULKER,1040.0,470.0,"Chattogram, Bangladesh",1980,JAPAN,,,DELIVERED CHATTOGRAM,star_asia_05_10_2026_star_asia_shipbroking_weekly_market_report_week_40.pdf,,,,,,,,,,
2026-10-02,40,Beaching / Arrival,HAKU,ROPAX,11304.0,,"Chattogram, Bangladesh",,,2026-09-28,,,star_asia_05_10_2026_star_asia_shipbroking_weekly_market_report_week_40.pdf,28.09.2026,,EU_DDMMYYYY,AWAITING,AWAITING,STATUS,,,,
2026-10-02,40,Beaching / Arrival,PHIL,BARGE,3543.0,,"Chattogram, Bangladesh",,,2026-09-28,2026-10-01,,star_asia_05_10_2026_star_asia_shipbroking_weekly_market_report_week_40.pdf,28.09.2026,,EU_DDMMYYYY,01.10.2026,,EU_DDMMYYYY,,,,
2026-10-02,40,Beaching / Arrival,MERC,TUG,489.0,,"Chattogram, Bangladesh",,,2026-09-28,2026-10-01,,star_asia_05_10_2026_star_asia_shipbroking_weekly_market_report_week_40.pdf,28.09.2026,,EU_DDMMYYYY,01.10.2026,,EU_DDMMYYYY,,,,
2026-10-02,40,Beaching / Arrival,PORTLAND 11,BULKER,7381.0,,"Chattogram, Bangladesh",,,2026-09-28,,,star_asia_05_10_2026_star_asia_shipbroking_weekly_market_report_week_40.pdf,28.09.2026,,EU_DDMMYYYY,,,,,,,
