issue_date,report_week,segment,country,price_usd_per_ldt,source_file
2021-07-26,29,Bulkers,Bangladesh,590.0,xclusiv_2021_xclusiv_weekly_2021_07_26.pdf
2021-07-26,29,Bulkers,India,555.0,xclusiv_2021_xclusiv_weekly_2021_07_26.pdf
2021-07-26,29,Bulkers,Pakistan,580.0,xclusiv_2021_xclusiv_weekly_2021_07_26.pdf
2021-07-26,29,Bulkers,Turkey,300.0,xclusiv_2021_xclusiv_weekly_2021_07_26.pdf
2021-07-26,29,Tankers,Bangladesh,600.0,xclusiv_2021_xclusiv_weekly_2021_07_26.pdf
2021-07-26,29,Tankers,India,570.0,xclusiv_2021_xclusiv_weekly_2021_07_26.pdf
2021-07-26,29,Tankers,Pakistan,595.0,xclusiv_2021_xclusiv_weekly_2021_07_26.pdf
2021-07-26,29,Tankers,Turkey,305.0,xclusiv_2021_xclusiv_weekly_2021_07_26.pdf
2021-08-02,30,Bulkers,Bangladesh,600.0,xclusiv_2021_xclusiv_weekly_2021_08_02.pdf
2021-08-02,30,Bulkers,India,575.0,xclusiv_2021_xclusiv_weekly_2021_08_02.pdf
2021-08-02,30,Bulkers,Pakistan,585.0,xclusiv_2021_xclusiv_weekly_2021_08_02.pdf
2021-08-02,30,Bulkers,Turkey,290.0,xclusiv_2021_xclusiv_weekly_2021_08_02.pdf
2021-08-02,30,Tankers,Bangladesh,610.0,xclusiv_2021_xclusiv_weekly_2021_08_02.pdf
2021-08-02,30,Tankers,India,585.0,xclusiv_2021_xclusiv_weekly_2021_08_02.pdf
2021-08-02,30,Tankers,Pakistan,595.0,xclusiv_2021_xclusiv_weekly_2021_08_02.pdf
2021-08-02,30,Tankers,Turkey,300.0,xclusiv_2021_xclusiv_weekly_2021_08_02.pdf
2021-08-09,31,Bulkers,Bangladesh,605.0,xclusiv_2021_xclusiv_weekly_2021_08_09.pdf
2021-08-09,31,Bulkers,India,590.0,xclusiv_2021_xclusiv_weekly_2021_08_09.pdf
2021-08-09,31,Bulkers,Pakistan,585.0,xclusiv_2021_xclusiv_weekly_2021_08_09.pdf
2021-08-09,31,Bulkers,Turkey,290.0,xclusiv_2021_xclusiv_weekly_2021_08_09.pdf
2021-08-09,31,Tankers,Bangladesh,615.0,xclusiv_2021_xclusiv_weekly_2021_08_09.pdf
2021-08-09,31,Tankers,India,600.0,xclusiv_2021_xclusiv_weekly_2021_08_09.pdf
2021-08-09,31,Tankers,Pakistan,595.0,xclusiv_2021_xclusiv_weekly_2021_08_09.pdf
2021-08-09,31,Tankers,Turkey,300.0,xclusiv_2021_xclusiv_weekly_2021_08_09.pdf
2021-08-16,32,Bulkers,Bangladesh,200.0,xclusiv_2021_xclusiv_weekly_2021_08_16.pdf
2021-08-16,32,Bulkers,India,600.0,xclusiv_2021_xclusiv_weekly_2021_08_16.pdf
2021-08-16,32,Bulkers,Pakistan,595.0,xclusiv_2021_xclusiv_weekly_2021_08_16.pdf
2021-08-16,32,Bulkers,Turkey,201.0,xclusiv_2021_xclusiv_weekly_2021_08_16.pdf
2021-08-16,32,Tankers,Bangladesh,605.0,xclusiv_2021_xclusiv_weekly_2021_08_16.pdf
2021-08-16,32,Tankers,India,610.0,xclusiv_2021_xclusiv_weekly_2021_08_16.pdf
2021-08-16,32,Tankers,Pakistan,605.0,xclusiv_2021_xclusiv_weekly_2021_08_16.pdf
2021-08-16,32,Tankers,Turkey,290.0,xclusiv_2021_xclusiv_weekly_2021_08_16.pdf
2021-08-23,33,Bulkers,Bangladesh,200.0,xclusiv_2021_xclusiv_weekly_2021_08_23.pdf
2021-08-23,33,Bulkers,India,200.0,xclusiv_2021_xclusiv_weekly_2021_08_23.pdf
2021-08-23,33,Bulkers,Pakistan,595.0,xclusiv_2021_xclusiv_weekly_2021_08_23.pdf
2021-08-23,33,Bulkers,Turkey,290.0,xclusiv_2021_xclusiv_weekly_2021_08_23.pdf
2021-08-23,33,Tankers,Bangladesh,615.0,xclusiv_2021_xclusiv_weekly_2021_08_23.pdf
2021-08-23,33,Tankers,India,600.0,xclusiv_2021_xclusiv_weekly_2021_08_23.pdf
2021-08-23,33,Tankers,Pakistan,605.0,xclusiv_2021_xclusiv_weekly_2021_08_23.pdf
2021-08-23,33,Tankers,Turkey,300.0,xclusiv_2021_xclusiv_weekly_2021_08_23.pdf
2021-08-30,34,Bulkers,Bangladesh,600.0,xclusiv_2021_xclusiv_weekly_2021_08_30.pdf
2021-08-30,34,Bulkers,India,585.0,xclusiv_2021_xclusiv_weekly_2021_08_30.pdf
2021-08-30,34,Bulkers,Pakistan,590.0,xclusiv_2021_xclusiv_weekly_2021_08_30.pdf
2021-08-30,34,Bulkers,Turkey,290.0,xclusiv_2021_xclusiv_weekly_2021_08_30.pdf
2021-08-30,34,Tankers,Bangladesh,610.0,xclusiv_2021_xclusiv_weekly_2021_08_30.pdf
2021-08-30,34,Tankers,India,595.0,xclusiv_2021_xclusiv_weekly_2021_08_30.pdf
2021-08-30,34,Tankers,Pakistan,605.0,xclusiv_2021_xclusiv_weekly_2021_08_30.pdf
2021-08-30,34,Tankers,Turkey,300.0,xclusiv_2021_xclusiv_weekly_2021_08_30.pdf
2021-09-06,35,Bulkers,Bangladesh,600.0,xclusiv_2021_xclusiv_weekly_2021_09_06.pdf
2021-09-06,35,Bulkers,India,585.0,xclusiv_2021_xclusiv_weekly_2021_09_06.pdf
2021-09-06,35,Bulkers,Pakistan,202.0,xclusiv_2021_xclusiv_weekly_2021_09_06.pdf
2021-09-06,35,Tankers,Bangladesh,605.0,xclusiv_2021_xclusiv_weekly_2021_09_06.pdf
2021-09-06,35,Tankers,India,595.0,xclusiv_2021_xclusiv_weekly_2021_09_06.pdf
2021-09-06,35,Tankers,Pakistan,590.0,xclusiv_2021_xclusiv_weekly_2021_09_06.pdf
2021-09-13,36,Bulkers,Bangladesh,201.0,xclusiv_2021_xclusiv_weekly_2021_09_13.pdf
2021-09-13,36,Bulkers,India,585.0,xclusiv_2021_xclusiv_weekly_2021_09_13.pdf
2021-09-13,36,Bulkers,Pakistan,585.0,xclusiv_2021_xclusiv_weekly_2021_09_13.pdf
2021-09-13,36,Bulkers,Turkey,280.0,xclusiv_2021_xclusiv_weekly_2021_09_13.pdf
2021-09-13,36,Tankers,Bangladesh,600.0,xclusiv_2021_xclusiv_weekly_2021_09_13.pdf
2021-09-13,36,Tankers,India,595.0,xclusiv_2021_xclusiv_weekly_2021_09_13.pdf
2021-09-13,36,Tankers,Pakistan,600.0,xclusiv_2021_xclusiv_weekly_2021_09_13.pdf
2021-09-13,36,Tankers,Turkey,290.0,xclusiv_2021_xclusiv_weekly_2021_09_13.pdf
2021-09-20,37,Bulkers,Bangladesh,600.0,xclusiv_2021_xclusiv_weekly_2021_09_20.pdf
2021-09-20,37,Bulkers,India,590.0,xclusiv_2021_xclusiv_weekly_2021_09_20.pdf
2021-09-20,37,Bulkers,Pakistan,595.0,xclusiv_2021_xclusiv_weekly_2021_09_20.pdf
2021-09-20,37,Bulkers,Turkey,202.0,xclusiv_2021_xclusiv_weekly_2021_09_20.pdf
2021-09-20,37,Tankers,Bangladesh,610.0,xclusiv_2021_xclusiv_weekly_2021_09_20.pdf
2021-09-20,37,Tankers,India,605.0,xclusiv_2021_xclusiv_weekly_2021_09_20.pdf
2021-09-20,37,Tankers,Pakistan,610.0,xclusiv_2021_xclusiv_weekly_2021_09_20.pdf
2021-09-20,37,Tankers,Turkey,280.0,xclusiv_2021_xclusiv_weekly_2021_09_20.pdf
2021-09-27,38,Bulkers,Bangladesh,600.0,xclusiv_2021_xclusiv_weekly_2021_09_27.pdf
2021-09-27,38,Bulkers,India,595.0,xclusiv_2021_xclusiv_weekly_2021_09_27.pdf
2021-09-27,38,Bulkers,Pakistan,595.0,xclusiv_2021_xclusiv_weekly_2021_09_27.pdf
2021-09-27,38,Bulkers,Turkey,280.0,xclusiv_2021_xclusiv_weekly_2021_09_27.pdf
2021-09-27,38,Tankers,Bangladesh,610.0,xclusiv_2021_xclusiv_weekly_2021_09_27.pdf
2021-09-27,38,Tankers,India,605.0,xclusiv_2021_xclusiv_weekly_2021_09_27.pdf
2021-09-27,38,Tankers,Pakistan,610.0,xclusiv_2021_xclusiv_weekly_2021_09_27.pdf
2021-09-27,38,Tankers,Turkey,290.0,xclusiv_2021_xclusiv_weekly_2021_09_27.pdf
2021-10-04,39,Bulkers,India,201.0,xclusiv_2021_xclusiv_weekly_2021_10_4.pdf
2021-10-04,39,Bulkers,Pakistan,585.0,xclusiv_2021_xclusiv_weekly_2021_10_4.pdf
2021-10-04,39,Bulkers,Turkey,270.0,xclusiv_2021_xclusiv_weekly_2021_10_4.pdf
2021-10-04,39,Tankers,India,585.0,xclusiv_2021_xclusiv_weekly_2021_10_4.pdf
2021-10-04,39,Tankers,Pakistan,595.0,xclusiv_2021_xclusiv_weekly_2021_10_4.pdf
2021-10-04,39,Tankers,Turkey,280.0,xclusiv_2021_xclusiv_weekly_2021_10_4.pdf
2021-10-11,40,Bulkers,Bangladesh,590.0,xclusiv_2021_xclusiv_weekly_2021_10_11.pdf
2021-10-11,40,Bulkers,India,575.0,xclusiv_2021_xclusiv_weekly_2021_10_11.pdf
2021-10-11,40,Bulkers,Pakistan,585.0,xclusiv_2021_xclusiv_weekly_2021_10_11.pdf
2021-10-11,40,Tankers,Bangladesh,600.0,xclusiv_2021_xclusiv_weekly_2021_10_11.pdf
2021-10-11,40,Tankers,India,585.0,xclusiv_2021_xclusiv_weekly_2021_10_11.pdf
2021-10-11,40,Tankers,Pakistan,595.0,xclusiv_2021_xclusiv_weekly_2021_10_11.pdf
2021-10-18,41,Bulkers,Bangladesh,595.0,xclusiv_2021_xclusiv_weekly_2021_10_18.pdf
2021-10-18,41,Bulkers,India,580.0,xclusiv_2021_xclusiv_weekly_2021_10_18.pdf
2021-10-18,41,Bulkers,Pakistan,590.0,xclusiv_2021_xclusiv_weekly_2021_10_18.pdf
2021-10-18,41,Bulkers,Turkey,275.0,xclusiv_2021_xclusiv_weekly_2021_10_18.pdf
2021-10-18,41,Tankers,Bangladesh,605.0,xclusiv_2021_xclusiv_weekly_2021_10_18.pdf
2021-10-18,41,Tankers,India,590.0,xclusiv_2021_xclusiv_weekly_2021_10_18.pdf
2021-10-18,41,Tankers,Pakistan,600.0,xclusiv_2021_xclusiv_weekly_2021_10_18.pdf
2021-10-18,41,Tankers,Turkey,285.0,xclusiv_2021_xclusiv_weekly_2021_10_18.pdf
2021-10-25,42,Bulkers,Bangladesh,245.7,xclusiv_2021_xclusiv_weekly_2021_10_25.pdf
2021-10-25,42,Bulkers,India,590.0,xclusiv_2021_xclusiv_weekly_2021_10_25.pdf
2021-10-25,42,Bulkers,Pakistan,374.0,xclusiv_2021_xclusiv_weekly_2021_10_25.pdf
2021-10-25,42,Bulkers,Turkey,275.0,xclusiv_2021_xclusiv_weekly_2021_10_25.pdf
2021-10-25,42,Tankers,Bangladesh,595.0,xclusiv_2021_xclusiv_weekly_2021_10_25.pdf
2021-10-25,42,Tankers,India,600.0,xclusiv_2021_xclusiv_weekly_2021_10_25.pdf
2021-10-25,42,Tankers,Pakistan,590.0,xclusiv_2021_xclusiv_weekly_2021_10_25.pdf
2021-10-25,42,Tankers,Turkey,285.0,xclusiv_2021_xclusiv_weekly_2021_10_25.pdf
2021-11-01,43,Bulkers,Bangladesh,605.0,xclusiv_2021_xclusiv_weekly_2021_11_01.pdf
2021-11-01,43,Bulkers,India,595.0,xclusiv_2021_xclusiv_weekly_2021_11_01.pdf
2021-11-01,43,Bulkers,Pakistan,600.0,xclusiv_2021_xclusiv_weekly_2021_11_01.pdf
2021-11-01,43,Bulkers,Turkey,275.0,xclusiv_2021_xclusiv_weekly_2021_11_01.pdf
2021-11-01,43,Tankers,Bangladesh,615.0,xclusiv_2021_xclusiv_weekly_2021_11_01.pdf
2021-11-01,43,Tankers,India,605.0,xclusiv_2021_xclusiv_weekly_2021_11_01.pdf
2021-11-01,43,Tankers,Pakistan,610.0,xclusiv_2021_xclusiv_weekly_2021_11_01.pdf
2021-11-01,43,Tankers,Turkey,285.0,xclusiv_2021_xclusiv_weekly_2021_11_01.pdf
2021-11-08,44,Bulkers,Bangladesh,100.8,xclusiv_2021_xclusiv_weekly_2021_11_08.pdf
2021-11-08,44,Bulkers,India,202.0,xclusiv_2021_xclusiv_weekly_2021_11_08.pdf
2021-11-08,44,Bulkers,Pakistan,605.0,xclusiv_2021_xclusiv_weekly_2021_11_08.pdf
2021-11-08,44,Bulkers,Turkey,280.0,xclusiv_2021_xclusiv_weekly_2021_11_08.pdf
2021-11-08,44,Tankers,Bangladesh,605.0,xclusiv_2021_xclusiv_weekly_2021_11_08.pdf
2021-11-08,44,Tankers,India,595.0,xclusiv_2021_xclusiv_weekly_2021_11_08.pdf
2021-11-08,44,Tankers,Pakistan,615.0,xclusiv_2021_xclusiv_weekly_2021_11_08.pdf
2021-11-08,44,Tankers,Turkey,290.0,xclusiv_2021_xclusiv_weekly_2021_11_08.pdf
2021-11-15,45,Bulkers,Bangladesh,202.0,xclusiv_2021_xclusiv_weekly_2021_11_15.pdf
2021-11-15,45,Bulkers,India,600.0,xclusiv_2021_xclusiv_weekly_2021_11_15.pdf
2021-11-15,45,Bulkers,Pakistan,605.0,xclusiv_2021_xclusiv_weekly_2021_11_15.pdf
2021-11-15,45,Bulkers,Turkey,280.0,xclusiv_2021_xclusiv_weekly_2021_11_15.pdf
2021-11-15,45,Tankers,Bangladesh,610.0,xclusiv_2021_xclusiv_weekly_2021_11_15.pdf
2021-11-15,45,Tankers,India,610.0,xclusiv_2021_xclusiv_weekly_2021_11_15.pdf
2021-11-15,45,Tankers,Pakistan,615.0,xclusiv_2021_xclusiv_weekly_2021_11_15.pdf
2021-11-15,45,Tankers,Turkey,290.0,xclusiv_2021_xclusiv_weekly_2021_11_15.pdf
2021-11-22,46,Bulkers,Bangladesh,610.0,xclusiv_2021_xclusiv_weekly_2021_11_22.pdf
2021-11-22,46,Bulkers,India,590.0,xclusiv_2021_xclusiv_weekly_2021_11_22.pdf
2021-11-22,46,Bulkers,Pakistan,237.0,xclusiv_2021_xclusiv_weekly_2021_11_22.pdf
2021-11-22,46,Bulkers,Turkey,300.0,xclusiv_2021_xclusiv_weekly_2021_11_22.pdf
2021-11-22,46,Tankers,Bangladesh,610.0,xclusiv_2021_xclusiv_weekly_2021_11_22.pdf
2021-11-22,46,Tankers,India,600.0,xclusiv_2021_xclusiv_weekly_2021_11_22.pdf
2021-11-22,46,Tankers,Pakistan,605.0,xclusiv_2021_xclusiv_weekly_2021_11_22.pdf
2021-11-22,46,Tankers,Turkey,310.0,xclusiv_2021_xclusiv_weekly_2021_11_22.pdf
2021-11-29,6,Bulkers,Bangladesh,610.0,xclusiv_2021_xclusiv_weekly_2021_11_29-.pdf
2021-11-29,6,Bulkers,India,590.0,xclusiv_2021_xclusiv_weekly_2021_11_29-.pdf
2021-11-29,6,Bulkers,Pakistan,605.0,xclusiv_2021_xclusiv_weekly_2021_11_29-.pdf
2021-11-29,6,Bulkers,Turkey,310.0,xclusiv_2021_xclusiv_weekly_2021_11_29-.pdf
2021-11-29,6,Tankers,Bangladesh,620.0,xclusiv_2021_xclusiv_weekly_2021_11_29-.pdf
2021-11-29,6,Tankers,India,600.0,xclusiv_2021_xclusiv_weekly_2021_11_29-.pdf
2021-11-29,6,Tankers,Pakistan,615.0,xclusiv_2021_xclusiv_weekly_2021_11_29-.pdf
2021-11-29,6,Tankers,Turkey,320.0,xclusiv_2021_xclusiv_weekly_2021_11_29-.pdf
2021-12-06,48,Bulkers,Bangladesh,600.0,xclusiv_2021_xclusiv_weekly_2021_12_6-.pdf
2021-12-06,48,Bulkers,India,580.0,xclusiv_2021_xclusiv_weekly_2021_12_6-.pdf
2021-12-06,48,Bulkers,Pakistan,600.0,xclusiv_2021_xclusiv_weekly_2021_12_6-.pdf
2021-12-06,48,Bulkers,Turkey,315.0,xclusiv_2021_xclusiv_weekly_2021_12_6-.pdf
2021-12-06,48,Tankers,Bangladesh,610.0,xclusiv_2021_xclusiv_weekly_2021_12_6-.pdf
2021-12-06,48,Tankers,India,590.0,xclusiv_2021_xclusiv_weekly_2021_12_6-.pdf
2021-12-06,48,Tankers,Pakistan,610.0,xclusiv_2021_xclusiv_weekly_2021_12_6-.pdf
2021-12-06,48,Tankers,Turkey,325.0,xclusiv_2021_xclusiv_weekly_2021_12_6-.pdf
2021-12-13,49,Bulkers,Bangladesh,590.0,xclusiv_2021_xclusiv_weekly_2021_12_13.pdf
2021-12-13,49,Bulkers,India,827.0,xclusiv_2021_xclusiv_weekly_2021_12_13.pdf
2021-12-13,49,Bulkers,Pakistan,590.0,xclusiv_2021_xclusiv_weekly_2021_12_13.pdf
2021-12-13,49,Bulkers,Turkey,310.0,xclusiv_2021_xclusiv_weekly_2021_12_13.pdf
2021-12-13,49,Tankers,Bangladesh,600.0,xclusiv_2021_xclusiv_weekly_2021_12_13.pdf
2021-12-13,49,Tankers,India,580.0,xclusiv_2021_xclusiv_weekly_2021_12_13.pdf
2021-12-13,49,Tankers,Pakistan,600.0,xclusiv_2021_xclusiv_weekly_2021_12_13.pdf
2021-12-13,49,Tankers,Turkey,320.0,xclusiv_2021_xclusiv_weekly_2021_12_13.pdf
2021-12-20,50,Bulkers,Bangladesh,585.0,xclusiv_2021_xclusiv_weekly_2021_12_20.pdf
2021-12-20,50,Bulkers,India,560.0,xclusiv_2021_xclusiv_weekly_2021_12_20.pdf
2021-12-20,50,Bulkers,Pakistan,585.0,xclusiv_2021_xclusiv_weekly_2021_12_20.pdf
2021-12-20,50,Bulkers,Turkey,320.0,xclusiv_2021_xclusiv_weekly_2021_12_20.pdf
2021-12-20,50,Tankers,Bangladesh,595.0,xclusiv_2021_xclusiv_weekly_2021_12_20.pdf
2021-12-20,50,Tankers,India,570.0,xclusiv_2021_xclusiv_weekly_2021_12_20.pdf
2021-12-20,50,Tankers,Pakistan,595.0,xclusiv_2021_xclusiv_weekly_2021_12_20.pdf
2021-12-20,50,Tankers,Turkey,330.0,xclusiv_2021_xclusiv_weekly_2021_12_20.pdf
2021-12-27,51,Bulkers,Bangladesh,590.0,xclusiv_2021_xclusiv_weekly_2021_12_27.pdf
2021-12-27,51,Bulkers,India,560.0,xclusiv_2021_xclusiv_weekly_2021_12_27.pdf
2021-12-27,51,Bulkers,Pakistan,585.0,xclusiv_2021_xclusiv_weekly_2021_12_27.pdf
2021-12-27,51,Bulkers,Turkey,320.0,xclusiv_2021_xclusiv_weekly_2021_12_27.pdf
2021-12-27,51,Tankers,Bangladesh,600.0,xclusiv_2021_xclusiv_weekly_2021_12_27.pdf
2021-12-27,51,Tankers,India,570.0,xclusiv_2021_xclusiv_weekly_2021_12_27.pdf
2021-12-27,51,Tankers,Pakistan,595.0,xclusiv_2021_xclusiv_weekly_2021_12_27.pdf
2021-12-27,51,Tankers,Turkey,330.0,xclusiv_2021_xclusiv_weekly_2021_12_27.pdf
2022-01-10,1,Bulkers,Bangladesh,585.0,xclusiv_2022_xclusiv_weekly_2022_01_10-1.pdf
2022-01-10,1,Bulkers,India,957.0,xclusiv_2022_xclusiv_weekly_2022_01_10-1.pdf
2022-01-10,1,Bulkers,Pakistan,300.0,xclusiv_2022_xclusiv_weekly_2022_01_10-1.pdf
2022-01-10,1,Bulkers,Turkey,320.0,xclusiv_2022_xclusiv_weekly_2022_01_10-1.pdf
2022-01-10,1,Tankers,Bangladesh,595.0,xclusiv_2022_xclusiv_weekly_2022_01_10-1.pdf
2022-01-10,1,Tankers,India,560.0,xclusiv_2022_xclusiv_weekly_2022_01_10-1.pdf
2022-01-10,1,Tankers,Pakistan,585.0,xclusiv_2022_xclusiv_weekly_2022_01_10-1.pdf
2022-01-10,1,Tankers,Turkey,330.0,xclusiv_2022_xclusiv_weekly_2022_01_10-1.pdf
2022-01-17,2,Bulkers,Bangladesh,585.0,xclusiv_2022_xclusiv_weekly_2022_01_17.pdf
2022-01-17,2,Bulkers,India,570.0,xclusiv_2022_xclusiv_weekly_2022_01_17.pdf
2022-01-17,2,Bulkers,Pakistan,585.0,xclusiv_2022_xclusiv_weekly_2022_01_17.pdf
2022-01-17,2,Bulkers,Turkey,320.0,xclusiv_2022_xclusiv_weekly_2022_01_17.pdf
2022-01-17,2,Tankers,Bangladesh,595.0,xclusiv_2022_xclusiv_weekly_2022_01_17.pdf
2022-01-17,2,Tankers,India,580.0,xclusiv_2022_xclusiv_weekly_2022_01_17.pdf
2022-01-17,2,Tankers,Pakistan,595.0,xclusiv_2022_xclusiv_weekly_2022_01_17.pdf
2022-01-17,2,Tankers,Turkey,330.0,xclusiv_2022_xclusiv_weekly_2022_01_17.pdf
2022-01-24,3,Bulkers,Bangladesh,595.0,xclusiv_2022_xclusiv_weekly_2022_01_24.pdf
2022-01-24,3,Bulkers,India,575.0,xclusiv_2022_xclusiv_weekly_2022_01_24.pdf
2022-01-24,3,Bulkers,Pakistan,590.0,xclusiv_2022_xclusiv_weekly_2022_01_24.pdf
2022-01-24,3,Bulkers,Turkey,320.0,xclusiv_2022_xclusiv_weekly_2022_01_24.pdf
2022-01-24,3,Tankers,Bangladesh,605.0,xclusiv_2022_xclusiv_weekly_2022_01_24.pdf
2022-01-24,3,Tankers,India,585.0,xclusiv_2022_xclusiv_weekly_2022_01_24.pdf
2022-01-24,3,Tankers,Pakistan,600.0,xclusiv_2022_xclusiv_weekly_2022_01_24.pdf
2022-01-24,3,Tankers,Turkey,330.0,xclusiv_2022_xclusiv_weekly_2022_01_24.pdf
2022-01-31,4,Bulkers,Bangladesh,610.0,xclusiv_2022_xclusiv_weekly_2022_01_31.pdf
2022-01-31,4,Bulkers,India,585.0,xclusiv_2022_xclusiv_weekly_2022_01_31.pdf
2022-01-31,4,Bulkers,Pakistan,595.0,xclusiv_2022_xclusiv_weekly_2022_01_31.pdf
2022-01-31,4,Bulkers,Turkey,330.0,xclusiv_2022_xclusiv_weekly_2022_01_31.pdf
2022-01-31,4,Tankers,Bangladesh,620.0,xclusiv_2022_xclusiv_weekly_2022_01_31.pdf
2022-01-31,4,Tankers,India,595.0,xclusiv_2022_xclusiv_weekly_2022_01_31.pdf
2022-01-31,4,Tankers,Pakistan,605.0,xclusiv_2022_xclusiv_weekly_2022_01_31.pdf
2022-01-31,4,Tankers,Turkey,340.0,xclusiv_2022_xclusiv_weekly_2022_01_31.pdf
2022-02-14,6,Bulkers,Bangladesh,630.0,xclusiv_2022_xclusiv_weekly_2022_02_14.pdf
2022-02-14,6,Bulkers,India,590.0,xclusiv_2022_xclusiv_weekly_2022_02_14.pdf
2022-02-14,6,Bulkers,Pakistan,610.0,xclusiv_2022_xclusiv_weekly_2022_02_14.pdf
2022-02-14,6,Bulkers,Turkey,330.0,xclusiv_2022_xclusiv_weekly_2022_02_14.pdf
2022-02-14,6,Tankers,Bangladesh,640.0,xclusiv_2022_xclusiv_weekly_2022_02_14.pdf
2022-02-14,6,Tankers,India,600.0,xclusiv_2022_xclusiv_weekly_2022_02_14.pdf
2022-02-14,6,Tankers,Pakistan,620.0,xclusiv_2022_xclusiv_weekly_2022_02_14.pdf
2022-02-14,6,Tankers,Turkey,340.0,xclusiv_2022_xclusiv_weekly_2022_02_14.pdf
2022-02-28,8,Bulkers,Bangladesh,650.0,xclusiv_2022_xclusiv_weekly_2022_02_28.pdf
2022-02-28,8,Bulkers,India,625.0,xclusiv_2022_xclusiv_weekly_2022_02_28.pdf
2022-02-28,8,Bulkers,Pakistan,635.0,xclusiv_2022_xclusiv_weekly_2022_02_28.pdf
2022-02-28,8,Bulkers,Turkey,417.0,xclusiv_2022_xclusiv_weekly_2022_02_28.pdf
2022-02-28,8,Tankers,Bangladesh,660.0,xclusiv_2022_xclusiv_weekly_2022_02_28.pdf
2022-02-28,8,Tankers,India,635.0,xclusiv_2022_xclusiv_weekly_2022_02_28.pdf
2022-02-28,8,Tankers,Pakistan,645.0,xclusiv_2022_xclusiv_weekly_2022_02_28.pdf
2022-02-28,8,Tankers,Turkey,345.0,xclusiv_2022_xclusiv_weekly_2022_02_28.pdf
2022-03-08,9,Bulkers,Bangladesh,665.0,xclusiv_2022_xclusiv_weekly_2022_03_8.pdf
2022-03-08,9,Bulkers,India,635.0,xclusiv_2022_xclusiv_weekly_2022_03_8.pdf
2022-03-08,9,Bulkers,Pakistan,655.0,xclusiv_2022_xclusiv_weekly_2022_03_8.pdf
2022-03-08,9,Bulkers,Turkey,375.0,xclusiv_2022_xclusiv_weekly_2022_03_8.pdf
2022-03-08,9,Tankers,Bangladesh,675.0,xclusiv_2022_xclusiv_weekly_2022_03_8.pdf
2022-03-08,9,Tankers,India,625.0,xclusiv_2022_xclusiv_weekly_2022_03_8.pdf
2022-03-08,9,Tankers,Pakistan,665.0,xclusiv_2022_xclusiv_weekly_2022_03_8.pdf
2022-03-08,9,Tankers,Turkey,385.0,xclusiv_2022_xclusiv_weekly_2022_03_8.pdf
2022-03-14,10,Bulkers,Bangladesh,680.0,xclusiv_2022_xclusiv_weekly_2022_03_14.pdf
2022-03-14,10,Bulkers,India,650.0,xclusiv_2022_xclusiv_weekly_2022_03_14.pdf
2022-03-14,10,Bulkers,Pakistan,665.0,xclusiv_2022_xclusiv_weekly_2022_03_14.pdf
2022-03-14,10,Bulkers,Turkey,400.0,xclusiv_2022_xclusiv_weekly_2022_03_14.pdf
2022-03-14,10,Tankers,Bangladesh,690.0,xclusiv_2022_xclusiv_weekly_2022_03_14.pdf
2022-03-14,10,Tankers,India,660.0,xclusiv_2022_xclusiv_weekly_2022_03_14.pdf
2022-03-14,10,Tankers,Pakistan,675.0,xclusiv_2022_xclusiv_weekly_2022_03_14.pdf
2022-03-14,10,Tankers,Turkey,410.0,xclusiv_2022_xclusiv_weekly_2022_03_14.pdf
2022-03-21,11,Bulkers,Bangladesh,670.0,xclusiv_2022_xclusiv_weekly_2022_03_21-1.pdf
2022-03-21,11,Bulkers,India,640.0,xclusiv_2022_xclusiv_weekly_2022_03_21-1.pdf
2022-03-21,11,Bulkers,Pakistan,655.0,xclusiv_2022_xclusiv_weekly_2022_03_21-1.pdf
2022-03-21,11,Bulkers,Turkey,390.0,xclusiv_2022_xclusiv_weekly_2022_03_21-1.pdf
2022-03-21,11,Tankers,Bangladesh,680.0,xclusiv_2022_xclusiv_weekly_2022_03_21-1.pdf
2022-03-21,11,Tankers,India,650.0,xclusiv_2022_xclusiv_weekly_2022_03_21-1.pdf
2022-03-21,11,Tankers,Pakistan,665.0,xclusiv_2022_xclusiv_weekly_2022_03_21-1.pdf
2022-03-21,11,Tankers,Turkey,400.0,xclusiv_2022_xclusiv_weekly_2022_03_21-1.pdf
2022-03-28,1,Bulkers,Bangladesh,660.0,xclusiv_2022_xclusiv_weekly_2022_03_28.pdf
2022-03-28,1,Bulkers,India,635.0,xclusiv_2022_xclusiv_weekly_2022_03_28.pdf
2022-03-28,1,Bulkers,Pakistan,665.0,xclusiv_2022_xclusiv_weekly_2022_03_28.pdf
2022-03-28,1,Bulkers,Turkey,395.0,xclusiv_2022_xclusiv_weekly_2022_03_28.pdf
2022-03-28,1,Tankers,Bangladesh,670.0,xclusiv_2022_xclusiv_weekly_2022_03_28.pdf
2022-03-28,1,Tankers,India,645.0,xclusiv_2022_xclusiv_weekly_2022_03_28.pdf
2022-03-28,1,Tankers,Pakistan,675.0,xclusiv_2022_xclusiv_weekly_2022_03_28.pdf
2022-03-28,1,Tankers,Turkey,405.0,xclusiv_2022_xclusiv_weekly_2022_03_28.pdf
2022-04-04,13,Bulkers,Bangladesh,665.0,xclusiv_2022_xclusiv_weekly_2022_04_04.pdf
2022-04-04,13,Bulkers,India,650.0,xclusiv_2022_xclusiv_weekly_2022_04_04.pdf
2022-04-04,13,Bulkers,Pakistan,670.0,xclusiv_2022_xclusiv_weekly_2022_04_04.pdf
2022-04-04,13,Bulkers,Turkey,430.0,xclusiv_2022_xclusiv_weekly_2022_04_04.pdf
2022-04-04,13,Tankers,Bangladesh,675.0,xclusiv_2022_xclusiv_weekly_2022_04_04.pdf
2022-04-04,13,Tankers,India,660.0,xclusiv_2022_xclusiv_weekly_2022_04_04.pdf
2022-04-04,13,Tankers,Pakistan,680.0,xclusiv_2022_xclusiv_weekly_2022_04_04.pdf
2022-04-04,13,Tankers,Turkey,440.0,xclusiv_2022_xclusiv_weekly_2022_04_04.pdf
2022-04-11,14,Bulkers,Bangladesh,660.0,xclusiv_2022_xclusiv_weekly_2022_04_11.pdf
2022-04-11,14,Bulkers,India,645.0,xclusiv_2022_xclusiv_weekly_2022_04_11.pdf
2022-04-11,14,Bulkers,Pakistan,665.0,xclusiv_2022_xclusiv_weekly_2022_04_11.pdf
2022-04-11,14,Bulkers,Turkey,440.0,xclusiv_2022_xclusiv_weekly_2022_04_11.pdf
2022-04-11,14,Tankers,Bangladesh,670.0,xclusiv_2022_xclusiv_weekly_2022_04_11.pdf
2022-04-11,14,Tankers,India,655.0,xclusiv_2022_xclusiv_weekly_2022_04_11.pdf
2022-04-11,14,Tankers,Pakistan,675.0,xclusiv_2022_xclusiv_weekly_2022_04_11.pdf
2022-04-11,14,Tankers,Turkey,450.0,xclusiv_2022_xclusiv_weekly_2022_04_11.pdf
2022-04-18,15,Bulkers,Bangladesh,670.0,xclusiv_2022_xclusiv_weekly_2022_04_18.pdf
2022-04-18,15,Bulkers,India,665.0,xclusiv_2022_xclusiv_weekly_2022_04_18.pdf
2022-04-18,15,Bulkers,Pakistan,680.0,xclusiv_2022_xclusiv_weekly_2022_04_18.pdf
2022-04-18,15,Bulkers,Turkey,450.0,xclusiv_2022_xclusiv_weekly_2022_04_18.pdf
2022-04-18,15,Tankers,Bangladesh,680.0,xclusiv_2022_xclusiv_weekly_2022_04_18.pdf
2022-04-18,15,Tankers,India,675.0,xclusiv_2022_xclusiv_weekly_2022_04_18.pdf
2022-04-18,15,Tankers,Pakistan,690.0,xclusiv_2022_xclusiv_weekly_2022_04_18.pdf
2022-04-18,15,Tankers,Turkey,460.0,xclusiv_2022_xclusiv_weekly_2022_04_18.pdf
2022-04-26,16,Bulkers,Bangladesh,670.0,xclusiv_2022_xclusiv_weekly_2022_04_26.pdf
2022-04-26,16,Bulkers,India,670.0,xclusiv_2022_xclusiv_weekly_2022_04_26.pdf
2022-04-26,16,Bulkers,Pakistan,685.0,xclusiv_2022_xclusiv_weekly_2022_04_26.pdf
2022-04-26,16,Bulkers,Turkey,455.0,xclusiv_2022_xclusiv_weekly_2022_04_26.pdf
2022-04-26,16,Tankers,Bangladesh,680.0,xclusiv_2022_xclusiv_weekly_2022_04_26.pdf
2022-04-26,16,Tankers,India,680.0,xclusiv_2022_xclusiv_weekly_2022_04_26.pdf
2022-04-26,16,Tankers,Pakistan,695.0,xclusiv_2022_xclusiv_weekly_2022_04_26.pdf
2022-04-26,16,Tankers,Turkey,465.0,xclusiv_2022_xclusiv_weekly_2022_04_26.pdf
2022-05-03,17,Bulkers,Bangladesh,660.0,xclusiv_2022_xclusiv_weekly_2022_05_03.pdf
2022-05-03,17,Bulkers,India,201.0,xclusiv_2022_xclusiv_weekly_2022_05_03.pdf
2022-05-03,17,Bulkers,Pakistan,680.0,xclusiv_2022_xclusiv_weekly_2022_05_03.pdf
2022-05-03,17,Bulkers,Turkey,445.0,xclusiv_2022_xclusiv_weekly_2022_05_03.pdf
2022-05-03,17,Tankers,Bangladesh,670.0,xclusiv_2022_xclusiv_weekly_2022_05_03.pdf
2022-05-03,17,Tankers,India,670.0,xclusiv_2022_xclusiv_weekly_2022_05_03.pdf
2022-05-03,17,Tankers,Pakistan,690.0,xclusiv_2022_xclusiv_weekly_2022_05_03.pdf
2022-05-03,17,Tankers,Turkey,455.0,xclusiv_2022_xclusiv_weekly_2022_05_03.pdf
2022-05-09,18,Bulkers,Bangladesh,202.0,xclusiv_2022_xclusiv_weekly_2022_05_09.pdf
2022-05-09,18,Bulkers,India,675.0,xclusiv_2022_xclusiv_weekly_2022_05_09.pdf
2022-05-09,18,Bulkers,Pakistan,680.0,xclusiv_2022_xclusiv_weekly_2022_05_09.pdf
2022-05-09,18,Bulkers,Turkey,445.0,xclusiv_2022_xclusiv_weekly_2022_05_09.pdf
2022-05-09,18,Tankers,Bangladesh,660.0,xclusiv_2022_xclusiv_weekly_2022_05_09.pdf
2022-05-09,18,Tankers,India,685.0,xclusiv_2022_xclusiv_weekly_2022_05_09.pdf
2022-05-09,18,Tankers,Pakistan,690.0,xclusiv_2022_xclusiv_weekly_2022_05_09.pdf
2022-05-09,18,Tankers,Turkey,455.0,xclusiv_2022_xclusiv_weekly_2022_05_09.pdf
2022-05-16,19,Bulkers,Bangladesh,660.0,xclusiv_2022_xclusiv_weekly_2022_05_16.pdf
2022-05-16,19,Bulkers,India,665.0,xclusiv_2022_xclusiv_weekly_2022_05_16.pdf
2022-05-16,19,Bulkers,Pakistan,670.0,xclusiv_2022_xclusiv_weekly_2022_05_16.pdf
2022-05-16,19,Bulkers,Turkey,435.0,xclusiv_2022_xclusiv_weekly_2022_05_16.pdf
2022-05-16,19,Tankers,Bangladesh,670.0,xclusiv_2022_xclusiv_weekly_2022_05_16.pdf
2022-05-16,19,Tankers,India,675.0,xclusiv_2022_xclusiv_weekly_2022_05_16.pdf
2022-05-16,19,Tankers,Pakistan,680.0,xclusiv_2022_xclusiv_weekly_2022_05_16.pdf
2022-05-16,19,Tankers,Turkey,445.0,xclusiv_2022_xclusiv_weekly_2022_05_16.pdf
2022-05-23,20,Bulkers,Bangladesh,645.0,xclusiv_2022_xclusiv_weekly_2022_05_23.pdf
2022-05-23,20,Bulkers,India,640.0,xclusiv_2022_xclusiv_weekly_2022_05_23.pdf
2022-05-23,20,Bulkers,Pakistan,640.0,xclusiv_2022_xclusiv_weekly_2022_05_23.pdf
2022-05-23,20,Bulkers,Turkey,395.0,xclusiv_2022_xclusiv_weekly_2022_05_23.pdf
2022-05-23,20,Tankers,Bangladesh,655.0,xclusiv_2022_xclusiv_weekly_2022_05_23.pdf
2022-05-23,20,Tankers,India,650.0,xclusiv_2022_xclusiv_weekly_2022_05_23.pdf
2022-05-23,20,Tankers,Pakistan,650.0,xclusiv_2022_xclusiv_weekly_2022_05_23.pdf
2022-05-23,20,Tankers,Turkey,405.0,xclusiv_2022_xclusiv_weekly_2022_05_23.pdf
2022-05-30,21,Bulkers,Bangladesh,630.0,xclusiv_2022_xclusiv_weekly_2022_05_30.pdf
2022-05-30,21,Bulkers,India,585.0,xclusiv_2022_xclusiv_weekly_2022_05_30.pdf
2022-05-30,21,Bulkers,Pakistan,700.0,xclusiv_2022_xclusiv_weekly_2022_05_30.pdf
2022-05-30,21,Bulkers,Turkey,340.0,xclusiv_2022_xclusiv_weekly_2022_05_30.pdf
2022-05-30,21,Tankers,Bangladesh,630.0,xclusiv_2022_xclusiv_weekly_2022_05_30.pdf
2022-05-30,21,Tankers,India,590.0,xclusiv_2022_xclusiv_weekly_2022_05_30.pdf
2022-05-30,21,Tankers,Pakistan,640.0,xclusiv_2022_xclusiv_weekly_2022_05_30.pdf
2022-05-30,21,Tankers,Turkey,350.0,xclusiv_2022_xclusiv_weekly_2022_05_30.pdf
2022-06-06,22,Bulkers,Bangladesh,620.0,xclusiv_2022_xclusiv_weekly_2022_06_06.pdf
2022-06-06,22,Bulkers,India,585.0,xclusiv_2022_xclusiv_weekly_2022_06_06.pdf
2022-06-06,22,Bulkers,Pakistan,610.0,xclusiv_2022_xclusiv_weekly_2022_06_06.pdf
2022-06-06,22,Bulkers,Turkey,330.0,xclusiv_2022_xclusiv_weekly_2022_06_06.pdf
2022-06-06,22,Tankers,Bangladesh,620.0,xclusiv_2022_xclusiv_weekly_2022_06_06.pdf
2022-06-06,22,Tankers,India,590.0,xclusiv_2022_xclusiv_weekly_2022_06_06.pdf
2022-06-06,22,Tankers,Pakistan,615.0,xclusiv_2022_xclusiv_weekly_2022_06_06.pdf
2022-06-06,22,Tankers,Turkey,340.0,xclusiv_2022_xclusiv_weekly_2022_06_06.pdf
2022-06-14,23,Bulkers,Bangladesh,605.0,xclusiv_2022_xclusiv_weekly_2022_06_14.pdf
2022-06-14,23,Bulkers,India,580.0,xclusiv_2022_xclusiv_weekly_2022_06_14.pdf
2022-06-14,23,Bulkers,Pakistan,610.0,xclusiv_2022_xclusiv_weekly_2022_06_14.pdf
2022-06-14,23,Bulkers,Turkey,325.0,xclusiv_2022_xclusiv_weekly_2022_06_14.pdf
2022-06-14,23,Tankers,Bangladesh,615.0,xclusiv_2022_xclusiv_weekly_2022_06_14.pdf
2022-06-14,23,Tankers,India,585.0,xclusiv_2022_xclusiv_weekly_2022_06_14.pdf
2022-06-14,23,Tankers,Pakistan,615.0,xclusiv_2022_xclusiv_weekly_2022_06_14.pdf
2022-06-14,23,Tankers,Turkey,335.0,xclusiv_2022_xclusiv_weekly_2022_06_14.pdf
2022-06-20,24,Bulkers,Bangladesh,610.0,xclusiv_2022_xclusiv_weekly_2022_06_20.pdf
2022-06-20,24,Bulkers,India,585.0,xclusiv_2022_xclusiv_weekly_2022_06_20.pdf
2022-06-20,24,Bulkers,Pakistan,605.0,xclusiv_2022_xclusiv_weekly_2022_06_20.pdf
2022-06-20,24,Bulkers,Turkey,320.0,xclusiv_2022_xclusiv_weekly_2022_06_20.pdf
2022-06-20,24,Tankers,Bangladesh,620.0,xclusiv_2022_xclusiv_weekly_2022_06_20.pdf
2022-06-20,24,Tankers,India,590.0,xclusiv_2022_xclusiv_weekly_2022_06_20.pdf
2022-06-20,24,Tankers,Pakistan,610.0,xclusiv_2022_xclusiv_weekly_2022_06_20.pdf
2022-06-20,24,Tankers,Turkey,330.0,xclusiv_2022_xclusiv_weekly_2022_06_20.pdf
2022-06-27,25,Bulkers,Bangladesh,600.0,xclusiv_2022_xclusiv_weekly_2022_06_27.pdf
2022-06-27,25,Bulkers,India,580.0,xclusiv_2022_xclusiv_weekly_2022_06_27.pdf
2022-06-27,25,Bulkers,Pakistan,699.0,xclusiv_2022_xclusiv_weekly_2022_06_27.pdf
2022-06-27,25,Bulkers,Turkey,315.0,xclusiv_2022_xclusiv_weekly_2022_06_27.pdf
2022-06-27,25,Tankers,Bangladesh,610.0,xclusiv_2022_xclusiv_weekly_2022_06_27.pdf
2022-06-27,25,Tankers,India,585.0,xclusiv_2022_xclusiv_weekly_2022_06_27.pdf
2022-06-27,25,Tankers,Pakistan,605.0,xclusiv_2022_xclusiv_weekly_2022_06_27.pdf
2022-06-27,25,Tankers,Turkey,325.0,xclusiv_2022_xclusiv_weekly_2022_06_27.pdf
2022-07-01,26,Bulkers,Bangladesh,580.0,xclusiv_2022_xclusiv_weekly_2022_07_01.pdf
2022-07-01,26,Bulkers,India,570.0,xclusiv_2022_xclusiv_weekly_2022_07_01.pdf
2022-07-01,26,Bulkers,Pakistan,580.0,xclusiv_2022_xclusiv_weekly_2022_07_01.pdf
2022-07-01,26,Bulkers,Turkey,310.0,xclusiv_2022_xclusiv_weekly_2022_07_01.pdf
2022-07-01,26,Tankers,Bangladesh,590.0,xclusiv_2022_xclusiv_weekly_2022_07_01.pdf
2022-07-01,26,Tankers,India,575.0,xclusiv_2022_xclusiv_weekly_2022_07_01.pdf
2022-07-01,26,Tankers,Pakistan,585.0,xclusiv_2022_xclusiv_weekly_2022_07_01.pdf
2022-07-01,26,Tankers,Turkey,320.0,xclusiv_2022_xclusiv_weekly_2022_07_01.pdf
2022-07-11,2,Bulkers,Bangladesh,585.0,xclusiv_2022_xclusiv_weekly_2022_07_11.pdf
2022-07-11,2,Bulkers,India,270.0,xclusiv_2022_xclusiv_weekly_2022_07_11.pdf
2022-07-11,2,Bulkers,Pakistan,580.0,xclusiv_2022_xclusiv_weekly_2022_07_11.pdf
2022-07-11,2,Bulkers,Turkey,315.0,xclusiv_2022_xclusiv_weekly_2022_07_11.pdf
2022-07-11,2,Tankers,Bangladesh,595.0,xclusiv_2022_xclusiv_weekly_2022_07_11.pdf
2022-07-11,2,Tankers,India,570.0,xclusiv_2022_xclusiv_weekly_2022_07_11.pdf
2022-07-11,2,Tankers,Pakistan,585.0,xclusiv_2022_xclusiv_weekly_2022_07_11.pdf
2022-07-11,2,Tankers,Turkey,325.0,xclusiv_2022_xclusiv_weekly_2022_07_11.pdf
2022-07-18,28,Bulkers,Bangladesh,39.0,xclusiv_2022_xclusiv_weekly_2022_07_18.pdf
2022-07-18,28,Bulkers,India,570.0,xclusiv_2022_xclusiv_weekly_2022_07_18.pdf
2022-07-18,28,Bulkers,Pakistan,181.0,xclusiv_2022_xclusiv_weekly_2022_07_18.pdf
2022-07-18,28,Bulkers,Turkey,315.0,xclusiv_2022_xclusiv_weekly_2022_07_18.pdf
2022-07-18,28,Tankers,Bangladesh,585.0,xclusiv_2022_xclusiv_weekly_2022_07_18.pdf
2022-07-18,28,Tankers,India,575.0,xclusiv_2022_xclusiv_weekly_2022_07_18.pdf
2022-07-18,28,Tankers,Pakistan,580.0,xclusiv_2022_xclusiv_weekly_2022_07_18.pdf
2022-07-18,28,Tankers,Turkey,325.0,xclusiv_2022_xclusiv_weekly_2022_07_18.pdf
2022-07-25,29,Bulkers,Bangladesh,575.0,xclusiv_2022_xclusiv_weekly_2022_07_25.pdf
2022-07-25,29,Bulkers,India,575.0,xclusiv_2022_xclusiv_weekly_2022_07_25.pdf
2022-07-25,29,Bulkers,Pakistan,575.0,xclusiv_2022_xclusiv_weekly_2022_07_25.pdf
2022-07-25,29,Bulkers,Turkey,315.0,xclusiv_2022_xclusiv_weekly_2022_07_25.pdf
2022-07-25,29,Tankers,Bangladesh,585.0,xclusiv_2022_xclusiv_weekly_2022_07_25.pdf
2022-07-25,29,Tankers,India,580.0,xclusiv_2022_xclusiv_weekly_2022_07_25.pdf
2022-07-25,29,Tankers,Pakistan,580.0,xclusiv_2022_xclusiv_weekly_2022_07_25.pdf
2022-07-25,29,Tankers,Turkey,325.0,xclusiv_2022_xclusiv_weekly_2022_07_25.pdf
2022-08-01,30,Bulkers,Bangladesh,570.0,xclusiv_2022_xclusiv_weekly_2022_08_01.pdf
2022-08-01,30,Bulkers,India,570.0,xclusiv_2022_xclusiv_weekly_2022_08_01.pdf
2022-08-01,30,Bulkers,Pakistan,570.0,xclusiv_2022_xclusiv_weekly_2022_08_01.pdf
2022-08-01,30,Bulkers,Turkey,315.0,xclusiv_2022_xclusiv_weekly_2022_08_01.pdf
2022-08-01,30,Tankers,Bangladesh,580.0,xclusiv_2022_xclusiv_weekly_2022_08_01.pdf
2022-08-01,30,Tankers,India,575.0,xclusiv_2022_xclusiv_weekly_2022_08_01.pdf
2022-08-01,30,Tankers,Pakistan,575.0,xclusiv_2022_xclusiv_weekly_2022_08_01.pdf
2022-08-01,30,Tankers,Turkey,325.0,xclusiv_2022_xclusiv_weekly_2022_08_01.pdf
2022-08-08,31,Bulkers,Bangladesh,580.0,xclusiv_2022_xclusiv_weekly_2022_08_08.pdf
2022-08-08,31,Bulkers,India,575.0,xclusiv_2022_xclusiv_weekly_2022_08_08.pdf
2022-08-08,31,Bulkers,Pakistan,575.0,xclusiv_2022_xclusiv_weekly_2022_08_08.pdf
2022-08-08,31,Bulkers,Turkey,315.0,xclusiv_2022_xclusiv_weekly_2022_08_08.pdf
2022-08-08,31,Tankers,Bangladesh,590.0,xclusiv_2022_xclusiv_weekly_2022_08_08.pdf
2022-08-08,31,Tankers,India,575.0,xclusiv_2022_xclusiv_weekly_2022_08_08.pdf
2022-08-08,31,Tankers,Pakistan,585.0,xclusiv_2022_xclusiv_weekly_2022_08_08.pdf
2022-08-08,31,Tankers,Turkey,325.0,xclusiv_2022_xclusiv_weekly_2022_08_08.pdf
2022-08-16,32,Bulkers,Bangladesh,570.0,xclusiv_2022_xclusiv_weekly_2022_08_16.pdf
2022-08-16,32,Bulkers,India,560.0,xclusiv_2022_xclusiv_weekly_2022_08_16.pdf
2022-08-16,32,Bulkers,Pakistan,560.0,xclusiv_2022_xclusiv_weekly_2022_08_16.pdf
2022-08-16,32,Bulkers,Turkey,423.0,xclusiv_2022_xclusiv_weekly_2022_08_16.pdf
2022-08-16,32,Tankers,Bangladesh,580.0,xclusiv_2022_xclusiv_weekly_2022_08_16.pdf
2022-08-16,32,Tankers,India,570.0,xclusiv_2022_xclusiv_weekly_2022_08_16.pdf
2022-08-16,32,Tankers,Pakistan,570.0,xclusiv_2022_xclusiv_weekly_2022_08_16.pdf
2022-08-16,32,Tankers,Turkey,290.0,xclusiv_2022_xclusiv_weekly_2022_08_16.pdf
2022-08-22,33,Bulkers,Bangladesh,200.0,xclusiv_2022_xclusiv_weekly_2022_08_22.pdf
2022-08-22,33,Bulkers,India,555.0,xclusiv_2022_xclusiv_weekly_2022_08_22.pdf
2022-08-22,33,Bulkers,Pakistan,550.0,xclusiv_2022_xclusiv_weekly_2022_08_22.pdf
2022-08-22,33,Bulkers,Turkey,275.0,xclusiv_2022_xclusiv_weekly_2022_08_22.pdf
2022-08-22,33,Tankers,Bangladesh,570.0,xclusiv_2022_xclusiv_weekly_2022_08_22.pdf
2022-08-22,33,Tankers,India,565.0,xclusiv_2022_xclusiv_weekly_2022_08_22.pdf
2022-08-22,33,Tankers,Pakistan,560.0,xclusiv_2022_xclusiv_weekly_2022_08_22.pdf
2022-08-22,33,Tankers,Turkey,285.0,xclusiv_2022_xclusiv_weekly_2022_08_22.pdf
2022-08-29,34,Bulkers,Bangladesh,560.0,xclusiv_2022_xclusiv_weekly_2022_08_29.pdf
2022-08-29,34,Bulkers,India,555.0,xclusiv_2022_xclusiv_weekly_2022_08_29.pdf
2022-08-29,34,Bulkers,Pakistan,550.0,xclusiv_2022_xclusiv_weekly_2022_08_29.pdf
2022-08-29,34,Bulkers,Turkey,270.0,xclusiv_2022_xclusiv_weekly_2022_08_29.pdf
2022-08-29,34,Tankers,Bangladesh,570.0,xclusiv_2022_xclusiv_weekly_2022_08_29.pdf
2022-08-29,34,Tankers,India,565.0,xclusiv_2022_xclusiv_weekly_2022_08_29.pdf
2022-08-29,34,Tankers,Pakistan,560.0,xclusiv_2022_xclusiv_weekly_2022_08_29.pdf
2022-08-29,34,Tankers,Turkey,280.0,xclusiv_2022_xclusiv_weekly_2022_08_29.pdf
2022-09-05,35,Bulkers,Bangladesh,580.0,xclusiv_2022_xclusiv_weekly_2022_09_05.pdf
2022-09-05,35,Bulkers,India,570.0,xclusiv_2022_xclusiv_weekly_2022_09_05.pdf
2022-09-05,35,Bulkers,Pakistan,560.0,xclusiv_2022_xclusiv_weekly_2022_09_05.pdf
2022-09-05,35,Bulkers,Turkey,275.0,xclusiv_2022_xclusiv_weekly_2022_09_05.pdf
2022-09-05,35,Tankers,Bangladesh,590.0,xclusiv_2022_xclusiv_weekly_2022_09_05.pdf
2022-09-05,35,Tankers,India,580.0,xclusiv_2022_xclusiv_weekly_2022_09_05.pdf
2022-09-05,35,Tankers,Pakistan,570.0,xclusiv_2022_xclusiv_weekly_2022_09_05.pdf
2022-09-05,35,Tankers,Turkey,285.0,xclusiv_2022_xclusiv_weekly_2022_09_05.pdf
2022-09-12,36,Bulkers,Bangladesh,590.0,xclusiv_2022_xclusiv_weekly_2022_09_12.pdf
2022-09-12,36,Bulkers,India,136.0,xclusiv_2022_xclusiv_weekly_2022_09_12.pdf
2022-09-12,36,Bulkers,Pakistan,188.0,xclusiv_2022_xclusiv_weekly_2022_09_12.pdf
2022-09-12,36,Bulkers,Turkey,275.0,xclusiv_2022_xclusiv_weekly_2022_09_12.pdf
2022-09-12,36,Tankers,Bangladesh,600.0,xclusiv_2022_xclusiv_weekly_2022_09_12.pdf
2022-09-12,36,Tankers,India,570.0,xclusiv_2022_xclusiv_weekly_2022_09_12.pdf
2022-09-12,36,Tankers,Pakistan,560.0,xclusiv_2022_xclusiv_weekly_2022_09_12.pdf
2022-09-12,36,Tankers,Turkey,285.0,xclusiv_2022_xclusiv_weekly_2022_09_12.pdf
2022-09-19,37,Bulkers,Bangladesh,600.0,xclusiv_2022_xclusiv_weekly_2022_09_19.pdf
2022-09-19,37,Bulkers,India,580.0,xclusiv_2022_xclusiv_weekly_2022_09_19.pdf
2022-09-19,37,Bulkers,Pakistan,585.0,xclusiv_2022_xclusiv_weekly_2022_09_19.pdf
2022-09-19,37,Bulkers,Turkey,270.0,xclusiv_2022_xclusiv_weekly_2022_09_19.pdf
2022-09-19,37,Tankers,Bangladesh,610.0,xclusiv_2022_xclusiv_weekly_2022_09_19.pdf
2022-09-19,37,Tankers,India,590.0,xclusiv_2022_xclusiv_weekly_2022_09_19.pdf
2022-09-19,37,Tankers,Pakistan,595.0,xclusiv_2022_xclusiv_weekly_2022_09_19.pdf
2022-09-19,37,Tankers,Turkey,280.0,xclusiv_2022_xclusiv_weekly_2022_09_19.pdf
2022-09-26,38,Bulkers,Bangladesh,600.0,xclusiv_2022_xclusiv_weekly_2022_09_26.pdf
2022-09-26,38,Bulkers,India,575.0,xclusiv_2022_xclusiv_weekly_2022_09_26.pdf
2022-09-26,38,Bulkers,Pakistan,580.0,xclusiv_2022_xclusiv_weekly_2022_09_26.pdf
2022-09-26,38,Bulkers,Turkey,206.0,xclusiv_2022_xclusiv_weekly_2022_09_26.pdf
2022-09-26,38,Tankers,Bangladesh,610.0,xclusiv_2022_xclusiv_weekly_2022_09_26.pdf
2022-09-26,38,Tankers,India,585.0,xclusiv_2022_xclusiv_weekly_2022_09_26.pdf
2022-09-26,38,Tankers,Pakistan,590.0,xclusiv_2022_xclusiv_weekly_2022_09_26.pdf
2022-09-26,38,Tankers,Turkey,260.0,xclusiv_2022_xclusiv_weekly_2022_09_26.pdf
2022-10-03,39,Bulkers,Bangladesh,595.0,xclusiv_2022_xclusiv_weekly_2022_10_03.pdf
2022-10-03,39,Bulkers,India,575.0,xclusiv_2022_xclusiv_weekly_2022_10_03.pdf
2022-10-03,39,Bulkers,Pakistan,201.0,xclusiv_2022_xclusiv_weekly_2022_10_03.pdf
2022-10-03,39,Bulkers,Turkey,255.0,xclusiv_2022_xclusiv_weekly_2022_10_03.pdf
2022-10-03,39,Tankers,Bangladesh,605.0,xclusiv_2022_xclusiv_weekly_2022_10_03.pdf
2022-10-03,39,Tankers,India,585.0,xclusiv_2022_xclusiv_weekly_2022_10_03.pdf
2022-10-03,39,Tankers,Pakistan,580.0,xclusiv_2022_xclusiv_weekly_2022_10_03.pdf
2022-10-03,39,Tankers,Turkey,265.0,xclusiv_2022_xclusiv_weekly_2022_10_03.pdf
2022-10-10,40,Bulkers,Bangladesh,595.0,xclusiv_2022_xclusiv_weekly_2022_10_10.pdf
2022-10-10,40,Bulkers,India,570.0,xclusiv_2022_xclusiv_weekly_2022_10_10.pdf
2022-10-10,40,Bulkers,Pakistan,585.0,xclusiv_2022_xclusiv_weekly_2022_10_10.pdf
2022-10-10,40,Bulkers,Turkey,255.0,xclusiv_2022_xclusiv_weekly_2022_10_10.pdf
2022-10-10,40,Tankers,Bangladesh,605.0,xclusiv_2022_xclusiv_weekly_2022_10_10.pdf
2022-10-10,40,Tankers,India,580.0,xclusiv_2022_xclusiv_weekly_2022_10_10.pdf
2022-10-10,40,Tankers,Pakistan,595.0,xclusiv_2022_xclusiv_weekly_2022_10_10.pdf
2022-10-10,40,Tankers,Turkey,265.0,xclusiv_2022_xclusiv_weekly_2022_10_10.pdf
2022-10-17,41,Bulkers,Bangladesh,595.0,xclusiv_2022_xclusiv_weekly_2022_10_17.pdf
2022-10-17,41,Bulkers,India,570.0,xclusiv_2022_xclusiv_weekly_2022_10_17.pdf
2022-10-17,41,Bulkers,Pakistan,585.0,xclusiv_2022_xclusiv_weekly_2022_10_17.pdf
2022-10-17,41,Bulkers,Turkey,255.0,xclusiv_2022_xclusiv_weekly_2022_10_17.pdf
2022-10-17,41,Tankers,Bangladesh,605.0,xclusiv_2022_xclusiv_weekly_2022_10_17.pdf
2022-10-17,41,Tankers,India,580.0,xclusiv_2022_xclusiv_weekly_2022_10_17.pdf
2022-10-17,41,Tankers,Pakistan,595.0,xclusiv_2022_xclusiv_weekly_2022_10_17.pdf
2022-10-17,41,Tankers,Turkey,265.0,xclusiv_2022_xclusiv_weekly_2022_10_17.pdf
2022-10-24,42,Bulkers,Bangladesh,605.0,xclusiv_2022_xclusiv_weekly_2022_10_24.pdf
2022-10-24,42,Bulkers,India,580.0,xclusiv_2022_xclusiv_weekly_2022_10_24.pdf
2022-10-24,42,Bulkers,Pakistan,590.0,xclusiv_2022_xclusiv_weekly_2022_10_24.pdf
2022-10-24,42,Bulkers,Turkey,250.0,xclusiv_2022_xclusiv_weekly_2022_10_24.pdf
2022-10-24,42,Tankers,Bangladesh,615.0,xclusiv_2022_xclusiv_weekly_2022_10_24.pdf
2022-10-24,42,Tankers,India,590.0,xclusiv_2022_xclusiv_weekly_2022_10_24.pdf
2022-10-24,42,Tankers,Pakistan,600.0,xclusiv_2022_xclusiv_weekly_2022_10_24.pdf
2022-10-24,42,Tankers,Turkey,260.0,xclusiv_2022_xclusiv_weekly_2022_10_24.pdf
2022-10-31,43,Bulkers,Bangladesh,605.0,xclusiv_2022_xclusiv_weekly_2022_10_31.pdf
2022-10-31,43,Bulkers,India,580.0,xclusiv_2022_xclusiv_weekly_2022_10_31.pdf
2022-10-31,43,Bulkers,Pakistan,590.0,xclusiv_2022_xclusiv_weekly_2022_10_31.pdf
2022-10-31,43,Bulkers,Turkey,250.0,xclusiv_2022_xclusiv_weekly_2022_10_31.pdf
2022-10-31,43,Tankers,Bangladesh,615.0,xclusiv_2022_xclusiv_weekly_2022_10_31.pdf
2022-10-31,43,Tankers,India,590.0,xclusiv_2022_xclusiv_weekly_2022_10_31.pdf
2022-10-31,43,Tankers,Pakistan,600.0,xclusiv_2022_xclusiv_weekly_2022_10_31.pdf
2022-10-31,43,Tankers,Turkey,260.0,xclusiv_2022_xclusiv_weekly_2022_10_31.pdf
2022-11-07,44,Bulkers,Bangladesh,595.0,xclusiv_2022_xclusiv_weekly_2022_11_07.pdf
2022-11-07,44,Bulkers,India,575.0,xclusiv_2022_xclusiv_weekly_2022_11_07.pdf
2022-11-07,44,Bulkers,Pakistan,580.0,xclusiv_2022_xclusiv_weekly_2022_11_07.pdf
2022-11-07,44,Bulkers,Turkey,250.0,xclusiv_2022_xclusiv_weekly_2022_11_07.pdf
2022-11-07,44,Tankers,Bangladesh,605.0,xclusiv_2022_xclusiv_weekly_2022_11_07.pdf
2022-11-07,44,Tankers,India,585.0,xclusiv_2022_xclusiv_weekly_2022_11_07.pdf
2022-11-07,44,Tankers,Pakistan,590.0,xclusiv_2022_xclusiv_weekly_2022_11_07.pdf
2022-11-07,44,Tankers,Turkey,260.0,xclusiv_2022_xclusiv_weekly_2022_11_07.pdf
2022-11-14,45,Bulkers,Bangladesh,560.0,xclusiv_2022_xclusiv_weekly_2022_11_14.pdf
2022-11-14,45,Bulkers,India,555.0,xclusiv_2022_xclusiv_weekly_2022_11_14.pdf
2022-11-14,45,Bulkers,Pakistan,550.0,xclusiv_2022_xclusiv_weekly_2022_11_14.pdf
2022-11-14,45,Bulkers,Turkey,250.0,xclusiv_2022_xclusiv_weekly_2022_11_14.pdf
2022-11-14,45,Tankers,Bangladesh,585.0,xclusiv_2022_xclusiv_weekly_2022_11_14.pdf
2022-11-14,45,Tankers,India,565.0,xclusiv_2022_xclusiv_weekly_2022_11_14.pdf
2022-11-14,45,Tankers,Pakistan,570.0,xclusiv_2022_xclusiv_weekly_2022_11_14.pdf
2022-11-14,45,Tankers,Turkey,260.0,xclusiv_2022_xclusiv_weekly_2022_11_14.pdf
2022-11-21,46,Bulkers,Bangladesh,530.0,xclusiv_2022_xclusiv_weekly_2022_11_21.pdf
2022-11-21,46,Bulkers,India,535.0,xclusiv_2022_xclusiv_weekly_2022_11_21.pdf
2022-11-21,46,Bulkers,Pakistan,115.0,xclusiv_2022_xclusiv_weekly_2022_11_21.pdf
2022-11-21,46,Bulkers,Turkey,245.0,xclusiv_2022_xclusiv_weekly_2022_11_21.pdf
2022-11-21,46,Tankers,Bangladesh,555.0,xclusiv_2022_xclusiv_weekly_2022_11_21.pdf
2022-11-21,46,Tankers,India,545.0,xclusiv_2022_xclusiv_weekly_2022_11_21.pdf
2022-11-21,46,Tankers,Pakistan,530.0,xclusiv_2022_xclusiv_weekly_2022_11_21.pdf
2022-11-21,46,Tankers,Turkey,255.0,xclusiv_2022_xclusiv_weekly_2022_11_21.pdf
2022-11-28,47,Bulkers,Bangladesh,530.0,xclusiv_2022_xclusiv_weekly_2022_11_28.pdf
2022-11-28,47,Bulkers,India,520.0,xclusiv_2022_xclusiv_weekly_2022_11_28.pdf
2022-11-28,47,Bulkers,Pakistan,495.0,xclusiv_2022_xclusiv_weekly_2022_11_28.pdf
2022-11-28,47,Bulkers,Turkey,770.0,xclusiv_2022_xclusiv_weekly_2022_11_28.pdf
2022-11-28,47,Tankers,Bangladesh,540.0,xclusiv_2022_xclusiv_weekly_2022_11_28.pdf
2022-11-28,47,Tankers,India,530.0,xclusiv_2022_xclusiv_weekly_2022_11_28.pdf
2022-11-28,47,Tankers,Pakistan,530.0,xclusiv_2022_xclusiv_weekly_2022_11_28.pdf
2022-11-28,47,Tankers,Turkey,245.0,xclusiv_2022_xclusiv_weekly_2022_11_28.pdf
2022-12-05,48,Bulkers,Bangladesh,500.0,xclusiv_2022_xclusiv_weekly_2022_12_05.pdf
2022-12-05,48,Bulkers,India,510.0,xclusiv_2022_xclusiv_weekly_2022_12_05.pdf
2022-12-05,48,Bulkers,Pakistan,510.0,xclusiv_2022_xclusiv_weekly_2022_12_05.pdf
2022-12-05,48,Bulkers,Turkey,250.0,xclusiv_2022_xclusiv_weekly_2022_12_05.pdf
2022-12-05,48,Tankers,Bangladesh,510.0,xclusiv_2022_xclusiv_weekly_2022_12_05.pdf
2022-12-05,48,Tankers,India,520.0,xclusiv_2022_xclusiv_weekly_2022_12_05.pdf
2022-12-05,48,Tankers,Pakistan,520.0,xclusiv_2022_xclusiv_weekly_2022_12_05.pdf
2022-12-05,48,Tankers,Turkey,260.0,xclusiv_2022_xclusiv_weekly_2022_12_05.pdf
2022-12-12,49,Bulkers,Bangladesh,500.0,xclusiv_2022_xclusiv_weekly_2022_12_12.pdf
2022-12-12,49,Bulkers,India,520.0,xclusiv_2022_xclusiv_weekly_2022_12_12.pdf
2022-12-12,49,Bulkers,Pakistan,510.0,xclusiv_2022_xclusiv_weekly_2022_12_12.pdf
2022-12-12,49,Bulkers,Turkey,260.0,xclusiv_2022_xclusiv_weekly_2022_12_12.pdf
2022-12-12,49,Tankers,Bangladesh,510.0,xclusiv_2022_xclusiv_weekly_2022_12_12.pdf
2022-12-12,49,Tankers,India,530.0,xclusiv_2022_xclusiv_weekly_2022_12_12.pdf
2022-12-12,49,Tankers,Pakistan,520.0,xclusiv_2022_xclusiv_weekly_2022_12_12.pdf
2022-12-12,49,Tankers,Turkey,270.0,xclusiv_2022_xclusiv_weekly_2022_12_12.pdf
2022-12-19,50,Bulkers,Bangladesh,202.0,xclusiv_2022_xclusiv_weekly_2022_12_19.pdf
2022-12-19,50,Bulkers,India,515.0,xclusiv_2022_xclusiv_weekly_2022_12_19.pdf
2022-12-19,50,Bulkers,Pakistan,202.0,xclusiv_2022_xclusiv_weekly_2022_12_19.pdf
2022-12-19,50,Bulkers,Turkey,260.0,xclusiv_2022_xclusiv_weekly_2022_12_19.pdf
2022-12-19,50,Tankers,Bangladesh,500.0,xclusiv_2022_xclusiv_weekly_2022_12_19.pdf
2022-12-19,50,Tankers,India,525.0,xclusiv_2022_xclusiv_weekly_2022_12_19.pdf
2022-12-19,50,Tankers,Pakistan,510.0,xclusiv_2022_xclusiv_weekly_2022_12_19.pdf
2022-12-19,50,Tankers,Turkey,270.0,xclusiv_2022_xclusiv_weekly_2022_12_19.pdf
2022-12-27,51,Bulkers,Bangladesh,510.0,xclusiv_2022_xclusiv_weekly_2022_12_27.pdf
2022-12-27,51,Bulkers,India,525.0,xclusiv_2022_xclusiv_weekly_2022_12_27.pdf
2022-12-27,51,Bulkers,Pakistan,520.0,xclusiv_2022_xclusiv_weekly_2022_12_27.pdf
2022-12-27,51,Bulkers,Turkey,260.0,xclusiv_2022_xclusiv_weekly_2022_12_27.pdf
2022-12-27,51,Tankers,Bangladesh,520.0,xclusiv_2022_xclusiv_weekly_2022_12_27.pdf
2022-12-27,51,Tankers,India,535.0,xclusiv_2022_xclusiv_weekly_2022_12_27.pdf
2022-12-27,51,Tankers,Pakistan,530.0,xclusiv_2022_xclusiv_weekly_2022_12_27.pdf
2022-12-27,51,Tankers,Turkey,270.0,xclusiv_2022_xclusiv_weekly_2022_12_27.pdf
2023-01-09,1,Bulkers,Bangladesh,510.0,xclusiv_2023_xclusiv_weekly_2023_01_09.pdf
2023-01-09,1,Bulkers,India,530.0,xclusiv_2023_xclusiv_weekly_2023_01_09.pdf
2023-01-09,1,Bulkers,Pakistan,510.0,xclusiv_2023_xclusiv_weekly_2023_01_09.pdf
2023-01-09,1,Bulkers,Turkey,260.0,xclusiv_2023_xclusiv_weekly_2023_01_09.pdf
2023-01-09,1,Tankers,Bangladesh,520.0,xclusiv_2023_xclusiv_weekly_2023_01_09.pdf
2023-01-09,1,Tankers,India,540.0,xclusiv_2023_xclusiv_weekly_2023_01_09.pdf
2023-01-09,1,Tankers,Pakistan,520.0,xclusiv_2023_xclusiv_weekly_2023_01_09.pdf
2023-01-09,1,Tankers,Turkey,270.0,xclusiv_2023_xclusiv_weekly_2023_01_09.pdf
2023-01-16,2,Bulkers,Bangladesh,510.0,xclusiv_2023_xclusiv_weekly_2023_01_16.pdf
2023-01-16,2,Bulkers,India,530.0,xclusiv_2023_xclusiv_weekly_2023_01_16.pdf
2023-01-16,2,Bulkers,Pakistan,525.0,xclusiv_2023_xclusiv_weekly_2023_01_16.pdf
2023-01-16,2,Bulkers,Turkey,280.0,xclusiv_2023_xclusiv_weekly_2023_01_16.pdf
2023-01-16,2,Tankers,Bangladesh,520.0,xclusiv_2023_xclusiv_weekly_2023_01_16.pdf
2023-01-16,2,Tankers,India,540.0,xclusiv_2023_xclusiv_weekly_2023_01_16.pdf
2023-01-16,2,Tankers,Pakistan,535.0,xclusiv_2023_xclusiv_weekly_2023_01_16.pdf
2023-01-16,2,Tankers,Turkey,290.0,xclusiv_2023_xclusiv_weekly_2023_01_16.pdf
2023-01-23,3,Bulkers,Bangladesh,520.0,xclusiv_2023_xclusiv_weekly_2023_01_23.pdf
2023-01-23,3,Bulkers,India,530.0,xclusiv_2023_xclusiv_weekly_2023_01_23.pdf
2023-01-23,3,Bulkers,India,525.0,xclusiv_2023_xclusiv_weekly_2023_01_23.pdf
2023-01-23,3,Bulkers,Turkey,290.0,xclusiv_2023_xclusiv_weekly_2023_01_23.pdf
2023-01-23,3,Tankers,Bangladesh,530.0,xclusiv_2023_xclusiv_weekly_2023_01_23.pdf
2023-01-23,3,Tankers,India,540.0,xclusiv_2023_xclusiv_weekly_2023_01_23.pdf
2023-01-23,3,Tankers,India,535.0,xclusiv_2023_xclusiv_weekly_2023_01_23.pdf
2023-01-23,3,Tankers,Turkey,300.0,xclusiv_2023_xclusiv_weekly_2023_01_23.pdf
2023-01-30,4,Bulkers,Bangladesh,520.0,xclusiv_2023_xclusiv_weekly_2023_01_30.pdf
2023-01-30,4,Bulkers,India,540.0,xclusiv_2023_xclusiv_weekly_2023_01_30.pdf
2023-01-30,4,Bulkers,Pakistan,530.0,xclusiv_2023_xclusiv_weekly_2023_01_30.pdf
2023-01-30,4,Bulkers,Turkey,305.0,xclusiv_2023_xclusiv_weekly_2023_01_30.pdf
2023-01-30,4,Tankers,Bangladesh,530.0,xclusiv_2023_xclusiv_weekly_2023_01_30.pdf
2023-01-30,4,Tankers,India,550.0,xclusiv_2023_xclusiv_weekly_2023_01_30.pdf
2023-01-30,4,Tankers,Pakistan,540.0,xclusiv_2023_xclusiv_weekly_2023_01_30.pdf
2023-01-30,4,Tankers,Turkey,315.0,xclusiv_2023_xclusiv_weekly_2023_01_30.pdf
2023-02-06,5,Bulkers,Bangladesh,545.0,xclusiv_2023_xclusiv_weekly_2023_02_06.pdf
2023-02-06,5,Bulkers,India,540.0,xclusiv_2023_xclusiv_weekly_2023_02_06.pdf
2023-02-06,5,Bulkers,Pakistan,550.0,xclusiv_2023_xclusiv_weekly_2023_02_06.pdf
2023-02-06,5,Bulkers,Turkey,310.0,xclusiv_2023_xclusiv_weekly_2023_02_06.pdf
2023-02-06,5,Tankers,Bangladesh,545.0,xclusiv_2023_xclusiv_weekly_2023_02_06.pdf
2023-02-06,5,Tankers,India,550.0,xclusiv_2023_xclusiv_weekly_2023_02_06.pdf
2023-02-06,5,Tankers,Pakistan,560.0,xclusiv_2023_xclusiv_weekly_2023_02_06.pdf
2023-02-06,5,Tankers,Turkey,320.0,xclusiv_2023_xclusiv_weekly_2023_02_06.pdf
2023-02-13,6,Bulkers,Bangladesh,137.0,xclusiv_2023_xclusiv_weekly_2023_02_13.pdf
2023-02-13,6,Bulkers,India,545.0,xclusiv_2023_xclusiv_weekly_2023_02_13.pdf
2023-02-13,6,Bulkers,Pakistan,555.0,xclusiv_2023_xclusiv_weekly_2023_02_13.pdf
2023-02-13,6,Bulkers,Turkey,320.0,xclusiv_2023_xclusiv_weekly_2023_02_13.pdf
2023-02-13,6,Tankers,Bangladesh,540.0,xclusiv_2023_xclusiv_weekly_2023_02_13.pdf
2023-02-13,6,Tankers,India,555.0,xclusiv_2023_xclusiv_weekly_2023_02_13.pdf
2023-02-13,6,Tankers,Pakistan,565.0,xclusiv_2023_xclusiv_weekly_2023_02_13.pdf
2023-02-13,6,Tankers,Turkey,330.0,xclusiv_2023_xclusiv_weekly_2023_02_13.pdf
2023-02-20,7,Bulkers,Bangladesh,550.0,xclusiv_2023_xclusiv_weekly_2023_02_20.pdf
2023-02-20,7,Bulkers,India,545.0,xclusiv_2023_xclusiv_weekly_2023_02_20.pdf
2023-02-20,7,Bulkers,Pakistan,555.0,xclusiv_2023_xclusiv_weekly_2023_02_20.pdf
2023-02-20,7,Bulkers,Turkey,320.0,xclusiv_2023_xclusiv_weekly_2023_02_20.pdf
2023-02-20,7,Tankers,Bangladesh,560.0,xclusiv_2023_xclusiv_weekly_2023_02_20.pdf
2023-02-20,7,Tankers,India,555.0,xclusiv_2023_xclusiv_weekly_2023_02_20.pdf
2023-02-20,7,Tankers,Pakistan,565.0,xclusiv_2023_xclusiv_weekly_2023_02_20.pdf
2023-02-20,7,Tankers,Turkey,330.0,xclusiv_2023_xclusiv_weekly_2023_02_20.pdf
2023-02-28,8,Bulkers,Bangladesh,555.0,xclusiv_2023_xclusiv_weekly_2023_02_28.pdf
2023-02-28,8,Bulkers,India,545.0,xclusiv_2023_xclusiv_weekly_2023_02_28.pdf
2023-02-28,8,Bulkers,Pakistan,555.0,xclusiv_2023_xclusiv_weekly_2023_02_28.pdf
2023-02-28,8,Bulkers,Turkey,330.0,xclusiv_2023_xclusiv_weekly_2023_02_28.pdf
2023-02-28,8,Tankers,Bangladesh,565.0,xclusiv_2023_xclusiv_weekly_2023_02_28.pdf
2023-02-28,8,Tankers,India,555.0,xclusiv_2023_xclusiv_weekly_2023_02_28.pdf
2023-02-28,8,Tankers,Pakistan,565.0,xclusiv_2023_xclusiv_weekly_2023_02_28.pdf
2023-02-28,8,Tankers,Turkey,340.0,xclusiv_2023_xclusiv_weekly_2023_02_28.pdf
2023-03-06,9,Bulkers,Bangladesh,560.0,xclusiv_2023_xclusiv_weekly_2023_03_06.pdf
2023-03-06,9,Bulkers,India,545.0,xclusiv_2023_xclusiv_weekly_2023_03_06.pdf
2023-03-06,9,Bulkers,Pakistan,555.0,xclusiv_2023_xclusiv_weekly_2023_03_06.pdf
2023-03-06,9,Bulkers,Turkey,335.0,xclusiv_2023_xclusiv_weekly_2023_03_06.pdf
2023-03-06,9,Tankers,Bangladesh,570.0,xclusiv_2023_xclusiv_weekly_2023_03_06.pdf
2023-03-06,9,Tankers,India,555.0,xclusiv_2023_xclusiv_weekly_2023_03_06.pdf
2023-03-06,9,Tankers,Pakistan,565.0,xclusiv_2023_xclusiv_weekly_2023_03_06.pdf
2023-03-06,9,Tankers,Turkey,345.0,xclusiv_2023_xclusiv_weekly_2023_03_06.pdf
2023-03-13,10,Bulkers,Bangladesh,570.0,xclusiv_2023_xclusiv_weekly_2023_03_13.pdf
2023-03-13,10,Bulkers,India,550.0,xclusiv_2023_xclusiv_weekly_2023_03_13.pdf
2023-03-13,10,Bulkers,Pakistan,555.0,xclusiv_2023_xclusiv_weekly_2023_03_13.pdf
2023-03-13,10,Bulkers,Turkey,340.0,xclusiv_2023_xclusiv_weekly_2023_03_13.pdf
2023-03-13,10,Tankers,Bangladesh,580.0,xclusiv_2023_xclusiv_weekly_2023_03_13.pdf
2023-03-13,10,Tankers,India,560.0,xclusiv_2023_xclusiv_weekly_2023_03_13.pdf
2023-03-13,10,Tankers,Pakistan,565.0,xclusiv_2023_xclusiv_weekly_2023_03_13.pdf
2023-03-13,10,Tankers,Turkey,350.0,xclusiv_2023_xclusiv_weekly_2023_03_13.pdf
2023-03-20,11,Bulkers,Bangladesh,580.0,xclusiv_2023_xclusiv_weekly_2023_03_20.pdf
2023-03-20,11,Bulkers,India,560.0,xclusiv_2023_xclusiv_weekly_2023_03_20.pdf
2023-03-20,11,Bulkers,Pakistan,545.0,xclusiv_2023_xclusiv_weekly_2023_03_20.pdf
2023-03-20,11,Bulkers,Turkey,350.0,xclusiv_2023_xclusiv_weekly_2023_03_20.pdf
2023-03-20,11,Tankers,Bangladesh,590.0,xclusiv_2023_xclusiv_weekly_2023_03_20.pdf
2023-03-20,11,Tankers,India,570.0,xclusiv_2023_xclusiv_weekly_2023_03_20.pdf
2023-03-20,11,Tankers,Pakistan,555.0,xclusiv_2023_xclusiv_weekly_2023_03_20.pdf
2023-03-20,11,Tankers,Turkey,360.0,xclusiv_2023_xclusiv_weekly_2023_03_20.pdf
2023-03-27,12,Bulkers,Bangladesh,590.0,xclusiv_2023_xclusiv_weekly_2023_03_27.pdf
2023-03-27,12,Bulkers,India,565.0,xclusiv_2023_xclusiv_weekly_2023_03_27.pdf
2023-03-27,12,Bulkers,Pakistan,530.0,xclusiv_2023_xclusiv_weekly_2023_03_27.pdf
2023-03-27,12,Bulkers,Turkey,360.0,xclusiv_2023_xclusiv_weekly_2023_03_27.pdf
2023-03-27,12,Tankers,Bangladesh,600.0,xclusiv_2023_xclusiv_weekly_2023_03_27.pdf
2023-03-27,12,Tankers,India,575.0,xclusiv_2023_xclusiv_weekly_2023_03_27.pdf
2023-03-27,12,Tankers,Pakistan,540.0,xclusiv_2023_xclusiv_weekly_2023_03_27.pdf
2023-03-27,12,Tankers,Turkey,370.0,xclusiv_2023_xclusiv_weekly_2023_03_27.pdf
2023-04-03,13,Bulkers,Bangladesh,590.0,xclusiv_2023_xclusiv_weekly_2023_04_03.pdf
2023-04-03,13,Bulkers,India,560.0,xclusiv_2023_xclusiv_weekly_2023_04_03.pdf
2023-04-03,13,Bulkers,Pakistan,520.0,xclusiv_2023_xclusiv_weekly_2023_04_03.pdf
2023-04-03,13,Bulkers,Turkey,365.0,xclusiv_2023_xclusiv_weekly_2023_04_03.pdf
2023-04-03,13,Tankers,Bangladesh,600.0,xclusiv_2023_xclusiv_weekly_2023_04_03.pdf
2023-04-03,13,Tankers,India,570.0,xclusiv_2023_xclusiv_weekly_2023_04_03.pdf
2023-04-03,13,Tankers,Pakistan,530.0,xclusiv_2023_xclusiv_weekly_2023_04_03.pdf
2023-04-03,13,Tankers,Turkey,375.0,xclusiv_2023_xclusiv_weekly_2023_04_03.pdf
2023-04-10,14,Bulkers,Bangladesh,600.0,xclusiv_2023_xclusiv_weekly_2023_04_10.pdf
2023-04-10,14,Bulkers,India,555.0,xclusiv_2023_xclusiv_weekly_2023_04_10.pdf
2023-04-10,14,Bulkers,Pakistan,500.0,xclusiv_2023_xclusiv_weekly_2023_04_10.pdf
2023-04-10,14,Bulkers,Turkey,370.0,xclusiv_2023_xclusiv_weekly_2023_04_10.pdf
2023-04-10,14,Tankers,Bangladesh,610.0,xclusiv_2023_xclusiv_weekly_2023_04_10.pdf
2023-04-10,14,Tankers,India,565.0,xclusiv_2023_xclusiv_weekly_2023_04_10.pdf
2023-04-10,14,Tankers,Pakistan,510.0,xclusiv_2023_xclusiv_weekly_2023_04_10.pdf
2023-04-10,14,Tankers,Turkey,380.0,xclusiv_2023_xclusiv_weekly_2023_04_10.pdf
2023-04-18,15,Bulkers,Bangladesh,590.0,xclusiv_2023_xclusiv_weekly_2023_04_18.pdf
2023-04-18,15,Bulkers,India,550.0,xclusiv_2023_xclusiv_weekly_2023_04_18.pdf
2023-04-18,15,Bulkers,Pakistan,495.0,xclusiv_2023_xclusiv_weekly_2023_04_18.pdf
2023-04-18,15,Bulkers,Turkey,370.0,xclusiv_2023_xclusiv_weekly_2023_04_18.pdf
2023-04-18,15,Tankers,Bangladesh,600.0,xclusiv_2023_xclusiv_weekly_2023_04_18.pdf
2023-04-18,15,Tankers,India,560.0,xclusiv_2023_xclusiv_weekly_2023_04_18.pdf
2023-04-18,15,Tankers,Pakistan,505.0,xclusiv_2023_xclusiv_weekly_2023_04_18.pdf
2023-04-18,15,Tankers,Turkey,380.0,xclusiv_2023_xclusiv_weekly_2023_04_18.pdf
2023-04-24,16,Bulkers,Bangladesh,585.0,xclusiv_2023_xclusiv_weekly_2023_04_24.pdf
2023-04-24,16,Bulkers,India,202.0,xclusiv_2023_xclusiv_weekly_2023_04_24.pdf
2023-04-24,16,Bulkers,Pakistan,146.0,xclusiv_2023_xclusiv_weekly_2023_04_24.pdf
2023-04-24,16,Bulkers,Turkey,370.0,xclusiv_2023_xclusiv_weekly_2023_04_24.pdf
2023-04-24,16,Tankers,Bangladesh,595.0,xclusiv_2023_xclusiv_weekly_2023_04_24.pdf
2023-04-24,16,Tankers,India,550.0,xclusiv_2023_xclusiv_weekly_2023_04_24.pdf
2023-04-24,16,Tankers,Pakistan,495.0,xclusiv_2023_xclusiv_weekly_2023_04_24.pdf
2023-04-24,16,Tankers,Turkey,380.0,xclusiv_2023_xclusiv_weekly_2023_04_24.pdf
2023-05-02,17,Bulkers,Bangladesh,575.0,xclusiv_2023_xclusiv_weekly_2023_05_2.pdf
2023-05-02,17,Bulkers,India,550.0,xclusiv_2023_xclusiv_weekly_2023_05_2.pdf
2023-05-02,17,Bulkers,Pakistan,0.0,xclusiv_2023_xclusiv_weekly_2023_05_2.pdf
2023-05-02,17,Bulkers,Turkey,200.0,xclusiv_2023_xclusiv_weekly_2023_05_2.pdf
2023-05-02,17,Tankers,Bangladesh,585.0,xclusiv_2023_xclusiv_weekly_2023_05_2.pdf
2023-05-02,17,Tankers,India,560.0,xclusiv_2023_xclusiv_weekly_2023_05_2.pdf
2023-05-02,17,Tankers,Pakistan,495.0,xclusiv_2023_xclusiv_weekly_2023_05_2.pdf
2023-05-02,17,Tankers,Turkey,370.0,xclusiv_2023_xclusiv_weekly_2023_05_2.pdf
2023-05-08,18,Bulkers,Bangladesh,570.0,xclusiv_2023_xclusiv_weekly_2023_05_8.pdf
2023-05-08,18,Bulkers,India,545.0,xclusiv_2023_xclusiv_weekly_2023_05_8.pdf
2023-05-08,18,Bulkers,Pakistan,500.0,xclusiv_2023_xclusiv_weekly_2023_05_8.pdf
2023-05-08,18,Bulkers,Turkey,370.0,xclusiv_2023_xclusiv_weekly_2023_05_8.pdf
2023-05-08,18,Tankers,Bangladesh,580.0,xclusiv_2023_xclusiv_weekly_2023_05_8.pdf
2023-05-08,18,Tankers,India,555.0,xclusiv_2023_xclusiv_weekly_2023_05_8.pdf
2023-05-08,18,Tankers,Pakistan,510.0,xclusiv_2023_xclusiv_weekly_2023_05_8.pdf
2023-05-08,18,Tankers,Turkey,380.0,xclusiv_2023_xclusiv_weekly_2023_05_8.pdf
2023-05-15,19,Bulkers,Bangladesh,378.0,xclusiv_2023_xclusiv_weekly_2023_05_15.pdf
2023-05-15,19,Bulkers,India,330.0,xclusiv_2023_xclusiv_weekly_2023_05_15.pdf
2023-05-15,19,Bulkers,Pakistan,209.0,xclusiv_2023_xclusiv_weekly_2023_05_15.pdf
2023-05-15,19,Bulkers,Turkey,161.0,xclusiv_2023_xclusiv_weekly_2023_05_15.pdf
2023-05-15,19,Tankers,Bangladesh,575.0,xclusiv_2023_xclusiv_weekly_2023_05_15.pdf
2023-05-15,19,Tankers,India,540.0,xclusiv_2023_xclusiv_weekly_2023_05_15.pdf
2023-05-15,19,Tankers,Pakistan,153.0,xclusiv_2023_xclusiv_weekly_2023_05_15.pdf
2023-05-15,19,Tankers,Turkey,350.0,xclusiv_2023_xclusiv_weekly_2023_05_15.pdf
2023-05-22,20,Bulkers,Bangladesh,886.0,xclusiv_2023_xclusiv_weekly_2023_05_22.pdf
2023-05-22,20,Bulkers,India,372.0,xclusiv_2023_xclusiv_weekly_2023_05_22.pdf
2023-05-22,20,Bulkers,Pakistan,540.0,xclusiv_2023_xclusiv_weekly_2023_05_22.pdf
2023-05-22,20,Bulkers,Turkey,117.0,xclusiv_2023_xclusiv_weekly_2023_05_22.pdf
2023-05-22,20,Tankers,Bangladesh,570.0,xclusiv_2023_xclusiv_weekly_2023_05_22.pdf
2023-05-22,20,Tankers,India,550.0,xclusiv_2023_xclusiv_weekly_2023_05_22.pdf
2023-05-22,20,Tankers,Pakistan,61.0,xclusiv_2023_xclusiv_weekly_2023_05_22.pdf
2023-05-22,20,Tankers,Turkey,350.0,xclusiv_2023_xclusiv_weekly_2023_05_22.pdf
2023-05-29,21,Bulkers,Bangladesh,570.0,xclusiv_2023_xclusiv_weekly_2023_05_29.pdf
2023-05-29,21,Bulkers,India,555.0,xclusiv_2023_xclusiv_weekly_2023_05_29.pdf
2023-05-29,21,Bulkers,Pakistan,510.0,xclusiv_2023_xclusiv_weekly_2023_05_29.pdf
2023-05-29,21,Bulkers,Turkey,355.0,xclusiv_2023_xclusiv_weekly_2023_05_29.pdf
2023-05-29,21,Tankers,Bangladesh,580.0,xclusiv_2023_xclusiv_weekly_2023_05_29.pdf
2023-05-29,21,Tankers,India,565.0,xclusiv_2023_xclusiv_weekly_2023_05_29.pdf
2023-05-29,21,Tankers,Pakistan,520.0,xclusiv_2023_xclusiv_weekly_2023_05_29.pdf
2023-05-29,21,Tankers,Turkey,365.0,xclusiv_2023_xclusiv_weekly_2023_05_29.pdf
2023-06-06,22,Bulkers,Bangladesh,580.0,xclusiv_2023_xclusiv_weekly_2023_06_06.pdf
2023-06-06,22,Bulkers,India,540.0,xclusiv_2023_xclusiv_weekly_2023_06_06.pdf
2023-06-06,22,Bulkers,Pakistan,510.0,xclusiv_2023_xclusiv_weekly_2023_06_06.pdf
2023-06-06,22,Bulkers,Turkey,345.0,xclusiv_2023_xclusiv_weekly_2023_06_06.pdf
2023-06-06,22,Tankers,Bangladesh,590.0,xclusiv_2023_xclusiv_weekly_2023_06_06.pdf
2023-06-06,22,Tankers,India,555.0,xclusiv_2023_xclusiv_weekly_2023_06_06.pdf
2023-06-06,22,Tankers,Pakistan,520.0,xclusiv_2023_xclusiv_weekly_2023_06_06.pdf
2023-06-06,22,Tankers,Turkey,355.0,xclusiv_2023_xclusiv_weekly_2023_06_06.pdf
2023-06-12,23,Bulkers,Bangladesh,570.0,xclusiv_2023_xclusiv_weekly_2023_06_12.pdf
2023-06-12,23,Bulkers,India,530.0,xclusiv_2023_xclusiv_weekly_2023_06_12.pdf
2023-06-12,23,Bulkers,Pakistan,500.0,xclusiv_2023_xclusiv_weekly_2023_06_12.pdf
2023-06-12,23,Bulkers,Turkey,355.0,xclusiv_2023_xclusiv_weekly_2023_06_12.pdf
2023-06-12,23,Tankers,Bangladesh,580.0,xclusiv_2023_xclusiv_weekly_2023_06_12.pdf
2023-06-12,23,Tankers,India,545.0,xclusiv_2023_xclusiv_weekly_2023_06_12.pdf
2023-06-12,23,Tankers,Pakistan,510.0,xclusiv_2023_xclusiv_weekly_2023_06_12.pdf
2023-06-12,23,Tankers,Turkey,365.0,xclusiv_2023_xclusiv_weekly_2023_06_12.pdf
2023-06-19,24,Bulkers,Bangladesh,575.0,xclusiv_2023_xclusiv_weekly_2023_06_19.pdf
2023-06-19,24,Bulkers,India,545.0,xclusiv_2023_xclusiv_weekly_2023_06_19.pdf
2023-06-19,24,Bulkers,Pakistan,500.0,xclusiv_2023_xclusiv_weekly_2023_06_19.pdf
2023-06-19,24,Bulkers,Turkey,355.0,xclusiv_2023_xclusiv_weekly_2023_06_19.pdf
2023-06-19,24,Tankers,Bangladesh,585.0,xclusiv_2023_xclusiv_weekly_2023_06_19.pdf
2023-06-19,24,Tankers,India,545.0,xclusiv_2023_xclusiv_weekly_2023_06_19.pdf
2023-06-19,24,Tankers,Pakistan,510.0,xclusiv_2023_xclusiv_weekly_2023_06_19.pdf
2023-06-19,24,Tankers,Turkey,365.0,xclusiv_2023_xclusiv_weekly_2023_06_19.pdf
2023-06-26,25,Bulkers,Bangladesh,565.0,xclusiv_2023_xclusiv_weekly_2023_06_26.pdf
2023-06-26,25,Bulkers,India,555.0,xclusiv_2023_xclusiv_weekly_2023_06_26.pdf
2023-06-26,25,Bulkers,Pakistan,510.0,xclusiv_2023_xclusiv_weekly_2023_06_26.pdf
2023-06-26,25,Bulkers,Turkey,355.0,xclusiv_2023_xclusiv_weekly_2023_06_26.pdf
2023-06-26,25,Tankers,Bangladesh,575.0,xclusiv_2023_xclusiv_weekly_2023_06_26.pdf
2023-06-26,25,Tankers,India,555.0,xclusiv_2023_xclusiv_weekly_2023_06_26.pdf
2023-06-26,25,Tankers,Pakistan,520.0,xclusiv_2023_xclusiv_weekly_2023_06_26.pdf
2023-06-26,25,Tankers,Turkey,365.0,xclusiv_2023_xclusiv_weekly_2023_06_26.pdf
2023-07-03,26,Bulkers,Bangladesh,580.0,xclusiv_2023_xclusiv_weekly_2023_07_03.pdf
2023-07-03,26,Bulkers,India,550.0,xclusiv_2023_xclusiv_weekly_2023_07_03.pdf
2023-07-03,26,Bulkers,Pakistan,510.0,xclusiv_2023_xclusiv_weekly_2023_07_03.pdf
2023-07-03,26,Bulkers,Turkey,355.0,xclusiv_2023_xclusiv_weekly_2023_07_03.pdf
2023-07-03,26,Tankers,Bangladesh,590.0,xclusiv_2023_xclusiv_weekly_2023_07_03.pdf
2023-07-03,26,Tankers,India,550.0,xclusiv_2023_xclusiv_weekly_2023_07_03.pdf
2023-07-03,26,Tankers,Pakistan,520.0,xclusiv_2023_xclusiv_weekly_2023_07_03.pdf
2023-07-03,26,Tankers,Turkey,350.0,xclusiv_2023_xclusiv_weekly_2023_07_03.pdf
2023-07-10,27,Bulkers,Bangladesh,575.0,xclusiv_2023_xclusiv_weekly_2023_07_10.pdf
2023-07-10,27,Bulkers,India,550.0,xclusiv_2023_xclusiv_weekly_2023_07_10.pdf
2023-07-10,27,Bulkers,Pakistan,510.0,xclusiv_2023_xclusiv_weekly_2023_07_10.pdf
2023-07-10,27,Bulkers,Turkey,355.0,xclusiv_2023_xclusiv_weekly_2023_07_10.pdf
2023-07-10,27,Tankers,Bangladesh,585.0,xclusiv_2023_xclusiv_weekly_2023_07_10.pdf
2023-07-10,27,Tankers,India,550.0,xclusiv_2023_xclusiv_weekly_2023_07_10.pdf
2023-07-10,27,Tankers,Pakistan,520.0,xclusiv_2023_xclusiv_weekly_2023_07_10.pdf
2023-07-10,27,Tankers,Turkey,350.0,xclusiv_2023_xclusiv_weekly_2023_07_10.pdf
2023-07-17,28,Bulkers,Bangladesh,570.0,xclusiv_2023_xclusiv_weekly_2023_07_17.pdf
2023-07-17,28,Bulkers,India,555.0,xclusiv_2023_xclusiv_weekly_2023_07_17.pdf
2023-07-17,28,Bulkers,Pakistan,510.0,xclusiv_2023_xclusiv_weekly_2023_07_17.pdf
2023-07-17,28,Bulkers,Turkey,350.0,xclusiv_2023_xclusiv_weekly_2023_07_17.pdf
2023-07-17,28,Tankers,Bangladesh,580.0,xclusiv_2023_xclusiv_weekly_2023_07_17.pdf
2023-07-17,28,Tankers,India,560.0,xclusiv_2023_xclusiv_weekly_2023_07_17.pdf
2023-07-17,28,Tankers,Pakistan,520.0,xclusiv_2023_xclusiv_weekly_2023_07_17.pdf
2023-07-17,28,Tankers,Turkey,360.0,xclusiv_2023_xclusiv_weekly_2023_07_17.pdf
2023-07-24,29,Bulkers,Bangladesh,202.0,xclusiv_2023_xclusiv_weekly_2023_07_24.pdf
2023-07-24,29,Bulkers,India,202.0,xclusiv_2023_xclusiv_weekly_2023_07_24.pdf
2023-07-24,29,Bulkers,Pakistan,510.0,xclusiv_2023_xclusiv_weekly_2023_07_24.pdf
2023-07-24,29,Bulkers,Turkey,355.0,xclusiv_2023_xclusiv_weekly_2023_07_24.pdf
2023-07-24,29,Tankers,Bangladesh,570.0,xclusiv_2023_xclusiv_weekly_2023_07_24.pdf
2023-07-24,29,Tankers,India,555.0,xclusiv_2023_xclusiv_weekly_2023_07_24.pdf
2023-07-24,29,Tankers,Pakistan,520.0,xclusiv_2023_xclusiv_weekly_2023_07_24.pdf
2023-07-24,29,Tankers,Turkey,365.0,xclusiv_2023_xclusiv_weekly_2023_07_24.pdf
2023-07-31,30,Bulkers,Bangladesh,565.0,xclusiv_2023_xclusiv_weekly_2023_07_31.pdf
2023-07-31,30,Bulkers,India,545.0,xclusiv_2023_xclusiv_weekly_2023_07_31.pdf
2023-07-31,30,Bulkers,Pakistan,515.0,xclusiv_2023_xclusiv_weekly_2023_07_31.pdf
2023-07-31,30,Bulkers,Turkey,350.0,xclusiv_2023_xclusiv_weekly_2023_07_31.pdf
2023-07-31,30,Tankers,Bangladesh,575.0,xclusiv_2023_xclusiv_weekly_2023_07_31.pdf
2023-07-31,30,Tankers,India,550.0,xclusiv_2023_xclusiv_weekly_2023_07_31.pdf
2023-07-31,30,Tankers,Pakistan,525.0,xclusiv_2023_xclusiv_weekly_2023_07_31.pdf
2023-07-31,30,Tankers,Turkey,360.0,xclusiv_2023_xclusiv_weekly_2023_07_31.pdf
2023-08-07,31,Bulkers,Bangladesh,565.0,xclusiv_2023_xclusiv_weekly_2023_08_07.pdf
2023-08-07,31,Bulkers,India,535.0,xclusiv_2023_xclusiv_weekly_2023_08_07.pdf
2023-08-07,31,Bulkers,Pakistan,515.0,xclusiv_2023_xclusiv_weekly_2023_08_07.pdf
2023-08-07,31,Bulkers,Turkey,350.0,xclusiv_2023_xclusiv_weekly_2023_08_07.pdf
2023-08-07,31,Tankers,Bangladesh,575.0,xclusiv_2023_xclusiv_weekly_2023_08_07.pdf
2023-08-07,31,Tankers,India,540.0,xclusiv_2023_xclusiv_weekly_2023_08_07.pdf
2023-08-07,31,Tankers,Pakistan,525.0,xclusiv_2023_xclusiv_weekly_2023_08_07.pdf
2023-08-07,31,Tankers,Turkey,360.0,xclusiv_2023_xclusiv_weekly_2023_08_07.pdf
2023-08-14,32,Bulkers,Bangladesh,560.0,xclusiv_2023_xclusiv_weekly_2023_08_14.pdf
2023-08-14,32,Bulkers,India,525.0,xclusiv_2023_xclusiv_weekly_2023_08_14.pdf
2023-08-14,32,Bulkers,Pakistan,505.0,xclusiv_2023_xclusiv_weekly_2023_08_14.pdf
2023-08-14,32,Bulkers,Turkey,350.0,xclusiv_2023_xclusiv_weekly_2023_08_14.pdf
2023-08-14,32,Tankers,Bangladesh,570.0,xclusiv_2023_xclusiv_weekly_2023_08_14.pdf
2023-08-14,32,Tankers,India,530.0,xclusiv_2023_xclusiv_weekly_2023_08_14.pdf
2023-08-14,32,Tankers,Pakistan,515.0,xclusiv_2023_xclusiv_weekly_2023_08_14.pdf
2023-08-14,32,Tankers,Turkey,360.0,xclusiv_2023_xclusiv_weekly_2023_08_14.pdf
2023-08-21,33,Bulkers,Bangladesh,540.0,xclusiv_2023_xclusiv_weekly_2023_08_21.pdf
2023-08-21,33,Bulkers,India,520.0,xclusiv_2023_xclusiv_weekly_2023_08_21.pdf
2023-08-21,33,Bulkers,Pakistan,505.0,xclusiv_2023_xclusiv_weekly_2023_08_21.pdf
2023-08-21,33,Bulkers,Turkey,340.0,xclusiv_2023_xclusiv_weekly_2023_08_21.pdf
2023-08-21,33,Tankers,Bangladesh,550.0,xclusiv_2023_xclusiv_weekly_2023_08_21.pdf
2023-08-21,33,Tankers,India,525.0,xclusiv_2023_xclusiv_weekly_2023_08_21.pdf
2023-08-21,33,Tankers,Pakistan,515.0,xclusiv_2023_xclusiv_weekly_2023_08_21.pdf
2023-08-21,33,Tankers,Turkey,350.0,xclusiv_2023_xclusiv_weekly_2023_08_21.pdf
2023-08-28,34,Bulkers,Bangladesh,520.0,xclusiv_2023_xclusiv_weekly_2023_08_28.pdf
2023-08-28,34,Bulkers,India,525.0,xclusiv_2023_xclusiv_weekly_2023_08_28.pdf
2023-08-28,34,Bulkers,Pakistan,515.0,xclusiv_2023_xclusiv_weekly_2023_08_28.pdf
2023-08-28,34,Bulkers,Turkey,202.0,xclusiv_2023_xclusiv_weekly_2023_08_28.pdf
2023-08-28,34,Tankers,Bangladesh,530.0,xclusiv_2023_xclusiv_weekly_2023_08_28.pdf
2023-08-28,34,Tankers,India,530.0,xclusiv_2023_xclusiv_weekly_2023_08_28.pdf
2023-08-28,34,Tankers,Pakistan,525.0,xclusiv_2023_xclusiv_weekly_2023_08_28.pdf
2023-08-28,34,Tankers,Turkey,340.0,xclusiv_2023_xclusiv_weekly_2023_08_28.pdf
2023-09-04,35,Bulkers,Bangladesh,525.0,xclusiv_2023_xclusiv_weekly_2023_09_04.pdf
2023-09-04,35,Bulkers,India,540.0,xclusiv_2023_xclusiv_weekly_2023_09_04.pdf
2023-09-04,35,Bulkers,Pakistan,530.0,xclusiv_2023_xclusiv_weekly_2023_09_04.pdf
2023-09-04,35,Bulkers,Turkey,325.0,xclusiv_2023_xclusiv_weekly_2023_09_04.pdf
2023-09-04,35,Tankers,Bangladesh,535.0,xclusiv_2023_xclusiv_weekly_2023_09_04.pdf
2023-09-04,35,Tankers,India,545.0,xclusiv_2023_xclusiv_weekly_2023_09_04.pdf
2023-09-04,35,Tankers,Pakistan,540.0,xclusiv_2023_xclusiv_weekly_2023_09_04.pdf
2023-09-04,35,Tankers,Turkey,335.0,xclusiv_2023_xclusiv_weekly_2023_09_04.pdf
2023-09-11,36,Bulkers,Bangladesh,520.0,xclusiv_2023_xclusiv_weekly_2023_09_11.pdf
2023-09-11,36,Bulkers,India,202.0,xclusiv_2023_xclusiv_weekly_2023_09_11.pdf
2023-09-11,36,Bulkers,Pakistan,535.0,xclusiv_2023_xclusiv_weekly_2023_09_11.pdf
2023-09-11,36,Bulkers,Turkey,320.0,xclusiv_2023_xclusiv_weekly_2023_09_11.pdf
2023-09-11,36,Tankers,Bangladesh,530.0,xclusiv_2023_xclusiv_weekly_2023_09_11.pdf
2023-09-11,36,Tankers,India,540.0,xclusiv_2023_xclusiv_weekly_2023_09_11.pdf
2023-09-11,36,Tankers,Pakistan,545.0,xclusiv_2023_xclusiv_weekly_2023_09_11.pdf
2023-09-11,36,Tankers,Turkey,330.0,xclusiv_2023_xclusiv_weekly_2023_09_11.pdf
2023-09-18,37,Bulkers,Bangladesh,510.0,xclusiv_2023_xclusiv_weekly_2023_09_18.pdf
2023-09-18,37,Bulkers,India,530.0,xclusiv_2023_xclusiv_weekly_2023_09_18.pdf
2023-09-18,37,Bulkers,Pakistan,535.0,xclusiv_2023_xclusiv_weekly_2023_09_18.pdf
2023-09-18,37,Bulkers,Turkey,315.0,xclusiv_2023_xclusiv_weekly_2023_09_18.pdf
2023-09-18,37,Tankers,Bangladesh,520.0,xclusiv_2023_xclusiv_weekly_2023_09_18.pdf
2023-09-18,37,Tankers,India,535.0,xclusiv_2023_xclusiv_weekly_2023_09_18.pdf
2023-09-18,37,Tankers,Pakistan,545.0,xclusiv_2023_xclusiv_weekly_2023_09_18.pdf
2023-09-18,37,Tankers,Turkey,325.0,xclusiv_2023_xclusiv_weekly_2023_09_18.pdf
2023-09-25,38,Bulkers,Bangladesh,510.0,xclusiv_2023_xclusiv_weekly_2023_09_25.pdf
2023-09-25,38,Bulkers,India,540.0,xclusiv_2023_xclusiv_weekly_2023_09_25.pdf
2023-09-25,38,Bulkers,Pakistan,545.0,xclusiv_2023_xclusiv_weekly_2023_09_25.pdf
2023-09-25,38,Bulkers,Turkey,315.0,xclusiv_2023_xclusiv_weekly_2023_09_25.pdf
2023-09-25,38,Tankers,Bangladesh,520.0,xclusiv_2023_xclusiv_weekly_2023_09_25.pdf
2023-09-25,38,Tankers,India,545.0,xclusiv_2023_xclusiv_weekly_2023_09_25.pdf
2023-09-25,38,Tankers,Pakistan,555.0,xclusiv_2023_xclusiv_weekly_2023_09_25.pdf
2023-09-25,38,Tankers,Turkey,325.0,xclusiv_2023_xclusiv_weekly_2023_09_25.pdf
2023-10-02,39,Bulkers,Bangladesh,505.0,xclusiv_2023_xclusiv_weekly_2023_10_02.pdf
2023-10-02,39,Bulkers,India,540.0,xclusiv_2023_xclusiv_weekly_2023_10_02.pdf
2023-10-02,39,Bulkers,Pakistan,540.0,xclusiv_2023_xclusiv_weekly_2023_10_02.pdf
2023-10-02,39,Bulkers,Turkey,315.0,xclusiv_2023_xclusiv_weekly_2023_10_02.pdf
2023-10-02,39,Tankers,Bangladesh,515.0,xclusiv_2023_xclusiv_weekly_2023_10_02.pdf
2023-10-02,39,Tankers,India,545.0,xclusiv_2023_xclusiv_weekly_2023_10_02.pdf
2023-10-02,39,Tankers,Pakistan,550.0,xclusiv_2023_xclusiv_weekly_2023_10_02.pdf
2023-10-02,39,Tankers,Turkey,325.0,xclusiv_2023_xclusiv_weekly_2023_10_02.pdf
2023-10-16,41,Bulkers,Bangladesh,505.0,xclusiv_2023_xclusiv_weekly_2023_10_16.pdf
2023-10-16,41,Bulkers,India,535.0,xclusiv_2023_xclusiv_weekly_2023_10_16.pdf
2023-10-16,41,Bulkers,Pakistan,540.0,xclusiv_2023_xclusiv_weekly_2023_10_16.pdf
2023-10-16,41,Bulkers,Turkey,149.0,xclusiv_2023_xclusiv_weekly_2023_10_16.pdf
2023-10-16,41,Tankers,Bangladesh,515.0,xclusiv_2023_xclusiv_weekly_2023_10_16.pdf
2023-10-16,41,Tankers,India,540.0,xclusiv_2023_xclusiv_weekly_2023_10_16.pdf
2023-10-16,41,Tankers,Pakistan,550.0,xclusiv_2023_xclusiv_weekly_2023_10_16.pdf
2023-10-16,41,Tankers,Turkey,315.0,xclusiv_2023_xclusiv_weekly_2023_10_16.pdf
2023-10-23,42,Bulkers,Bangladesh,510.0,xclusiv_2023_xclusiv_weekly_2023_10_23.pdf
2023-10-23,42,Bulkers,India,535.0,xclusiv_2023_xclusiv_weekly_2023_10_23.pdf
2023-10-23,42,Bulkers,Pakistan,530.0,xclusiv_2023_xclusiv_weekly_2023_10_23.pdf
2023-10-23,42,Bulkers,Turkey,320.0,xclusiv_2023_xclusiv_weekly_2023_10_23.pdf
2023-10-23,42,Tankers,Bangladesh,520.0,xclusiv_2023_xclusiv_weekly_2023_10_23.pdf
2023-10-23,42,Tankers,India,540.0,xclusiv_2023_xclusiv_weekly_2023_10_23.pdf
2023-10-23,42,Tankers,Pakistan,540.0,xclusiv_2023_xclusiv_weekly_2023_10_23.pdf
2023-10-23,42,Tankers,Turkey,330.0,xclusiv_2023_xclusiv_weekly_2023_10_23.pdf
2023-10-30,43,Bulkers,Bangladesh,510.0,xclusiv_2023_xclusiv_weekly_2023_10_30.pdf
2023-10-30,43,Bulkers,India,525.0,xclusiv_2023_xclusiv_weekly_2023_10_30.pdf
2023-10-30,43,Bulkers,Pakistan,530.0,xclusiv_2023_xclusiv_weekly_2023_10_30.pdf
2023-10-30,43,Bulkers,Turkey,325.0,xclusiv_2023_xclusiv_weekly_2023_10_30.pdf
2023-10-30,43,Tankers,Bangladesh,520.0,xclusiv_2023_xclusiv_weekly_2023_10_30.pdf
2023-10-30,43,Tankers,India,530.0,xclusiv_2023_xclusiv_weekly_2023_10_30.pdf
2023-10-30,43,Tankers,Pakistan,540.0,xclusiv_2023_xclusiv_weekly_2023_10_30.pdf
2023-10-30,43,Tankers,Turkey,335.0,xclusiv_2023_xclusiv_weekly_2023_10_30.pdf
2023-11-06,44,Bulkers,Bangladesh,510.0,xclusiv_2023_xclusiv_weekly_2023_11_06.pdf
2023-11-06,44,Bulkers,India,530.0,xclusiv_2023_xclusiv_weekly_2023_11_06.pdf
2023-11-06,44,Bulkers,Pakistan,530.0,xclusiv_2023_xclusiv_weekly_2023_11_06.pdf
2023-11-06,44,Bulkers,Turkey,325.0,xclusiv_2023_xclusiv_weekly_2023_11_06.pdf
2023-11-06,44,Tankers,Bangladesh,520.0,xclusiv_2023_xclusiv_weekly_2023_11_06.pdf
2023-11-06,44,Tankers,India,535.0,xclusiv_2023_xclusiv_weekly_2023_11_06.pdf
2023-11-06,44,Tankers,Pakistan,540.0,xclusiv_2023_xclusiv_weekly_2023_11_06.pdf
2023-11-06,44,Tankers,Turkey,335.0,xclusiv_2023_xclusiv_weekly_2023_11_06.pdf
2023-11-13,45,Bulkers,Bangladesh,510.0,xclusiv_2023_xclusiv_weekly_2023_11_13.pdf
2023-11-13,45,Bulkers,India,530.0,xclusiv_2023_xclusiv_weekly_2023_11_13.pdf
2023-11-13,45,Bulkers,Pakistan,535.0,xclusiv_2023_xclusiv_weekly_2023_11_13.pdf
2023-11-13,45,Bulkers,Turkey,325.0,xclusiv_2023_xclusiv_weekly_2023_11_13.pdf
2023-11-13,45,Tankers,Bangladesh,520.0,xclusiv_2023_xclusiv_weekly_2023_11_13.pdf
2023-11-13,45,Tankers,India,535.0,xclusiv_2023_xclusiv_weekly_2023_11_13.pdf
2023-11-13,45,Tankers,Pakistan,545.0,xclusiv_2023_xclusiv_weekly_2023_11_13.pdf
2023-11-13,45,Tankers,Turkey,335.0,xclusiv_2023_xclusiv_weekly_2023_11_13.pdf
2023-11-20,46,Bulkers,Bangladesh,520.0,xclusiv_2023_xclusiv_weekly_2023_11_20.pdf
2023-11-20,46,Bulkers,India,530.0,xclusiv_2023_xclusiv_weekly_2023_11_20.pdf
2023-11-20,46,Bulkers,Pakistan,535.0,xclusiv_2023_xclusiv_weekly_2023_11_20.pdf
2023-11-20,46,Bulkers,Turkey,330.0,xclusiv_2023_xclusiv_weekly_2023_11_20.pdf
2023-11-20,46,Tankers,Bangladesh,530.0,xclusiv_2023_xclusiv_weekly_2023_11_20.pdf
2023-11-20,46,Tankers,India,535.0,xclusiv_2023_xclusiv_weekly_2023_11_20.pdf
2023-11-20,46,Tankers,Pakistan,545.0,xclusiv_2023_xclusiv_weekly_2023_11_20.pdf
2023-11-20,46,Tankers,Turkey,340.0,xclusiv_2023_xclusiv_weekly_2023_11_20.pdf
2023-11-27,47,Bulkers,Bangladesh,515.0,xclusiv_2023_xclusiv_weekly_2023_11_27.pdf
2023-11-27,47,Bulkers,India,530.0,xclusiv_2023_xclusiv_weekly_2023_11_27.pdf
2023-11-27,47,Bulkers,Pakistan,530.0,xclusiv_2023_xclusiv_weekly_2023_11_27.pdf
2023-11-27,47,Bulkers,Turkey,330.0,xclusiv_2023_xclusiv_weekly_2023_11_27.pdf
2023-11-27,47,Tankers,Bangladesh,525.0,xclusiv_2023_xclusiv_weekly_2023_11_27.pdf
2023-11-27,47,Tankers,India,535.0,xclusiv_2023_xclusiv_weekly_2023_11_27.pdf
2023-11-27,47,Tankers,Pakistan,540.0,xclusiv_2023_xclusiv_weekly_2023_11_27.pdf
2023-11-27,47,Tankers,Turkey,340.0,xclusiv_2023_xclusiv_weekly_2023_11_27.pdf
2023-12-04,48,Bulkers,India,530.0,xclusiv_2023_xclusiv_weekly_2023_12_04.pdf
2023-12-04,48,Bulkers,India,515.0,xclusiv_2023_xclusiv_weekly_2023_12_04.pdf
2023-12-04,48,Bulkers,Pakistan,535.0,xclusiv_2023_xclusiv_weekly_2023_12_04.pdf
2023-12-04,48,Bulkers,Turkey,330.0,xclusiv_2023_xclusiv_weekly_2023_12_04.pdf
2023-12-04,48,Tankers,India,535.0,xclusiv_2023_xclusiv_weekly_2023_12_04.pdf
2023-12-04,48,Tankers,India,525.0,xclusiv_2023_xclusiv_weekly_2023_12_04.pdf
2023-12-04,48,Tankers,Pakistan,545.0,xclusiv_2023_xclusiv_weekly_2023_12_04.pdf
2023-12-04,48,Tankers,Turkey,340.0,xclusiv_2023_xclusiv_weekly_2023_12_04.pdf
2023-12-11,49,Bulkers,Bangladesh,0.0,xclusiv_2023_xclusiv_weekly_2023_12_11.pdf
2023-12-11,49,Bulkers,India,535.0,xclusiv_2023_xclusiv_weekly_2023_12_11.pdf
2023-12-11,49,Bulkers,Pakistan,535.0,xclusiv_2023_xclusiv_weekly_2023_12_11.pdf
2023-12-11,49,Bulkers,Turkey,330.0,xclusiv_2023_xclusiv_weekly_2023_12_11.pdf
2023-12-11,49,Tankers,Bangladesh,515.0,xclusiv_2023_xclusiv_weekly_2023_12_11.pdf
2023-12-11,49,Tankers,India,540.0,xclusiv_2023_xclusiv_weekly_2023_12_11.pdf
2023-12-11,49,Tankers,Pakistan,545.0,xclusiv_2023_xclusiv_weekly_2023_12_11.pdf
2023-12-11,49,Tankers,Turkey,340.0,xclusiv_2023_xclusiv_weekly_2023_12_11.pdf
2023-12-18,50,Bulkers,Bangladesh,510.0,xclusiv_2023_xclusiv_weekly_2023_12_18.pdf
2023-12-18,50,Bulkers,India,540.0,xclusiv_2023_xclusiv_weekly_2023_12_18.pdf
2023-12-18,50,Bulkers,Pakistan,535.0,xclusiv_2023_xclusiv_weekly_2023_12_18.pdf
2023-12-18,50,Bulkers,Turkey,340.0,xclusiv_2023_xclusiv_weekly_2023_12_18.pdf
2023-12-18,50,Tankers,Bangladesh,520.0,xclusiv_2023_xclusiv_weekly_2023_12_18.pdf
2023-12-18,50,Tankers,India,545.0,xclusiv_2023_xclusiv_weekly_2023_12_18.pdf
2023-12-18,50,Tankers,Pakistan,545.0,xclusiv_2023_xclusiv_weekly_2023_12_18.pdf
2023-12-18,50,Tankers,Turkey,350.0,xclusiv_2023_xclusiv_weekly_2023_12_18.pdf
2023-12-27,51,Bulkers,Bangladesh,510.0,xclusiv_2023_xclusiv_weekly_2023_12_27.pdf
2023-12-27,51,Bulkers,India,535.0,xclusiv_2023_xclusiv_weekly_2023_12_27.pdf
2023-12-27,51,Bulkers,Pakistan,530.0,xclusiv_2023_xclusiv_weekly_2023_12_27.pdf
2023-12-27,51,Bulkers,Turkey,350.0,xclusiv_2023_xclusiv_weekly_2023_12_27.pdf
2023-12-27,51,Tankers,Bangladesh,520.0,xclusiv_2023_xclusiv_weekly_2023_12_27.pdf
2023-12-27,51,Tankers,India,540.0,xclusiv_2023_xclusiv_weekly_2023_12_27.pdf
2023-12-27,51,Tankers,Pakistan,540.0,xclusiv_2023_xclusiv_weekly_2023_12_27.pdf
2023-12-27,51,Tankers,Turkey,360.0,xclusiv_2023_xclusiv_weekly_2023_12_27.pdf
2024-01-08,1,Bulkers,Bangladesh,510.0,xclusiv_2024_xclusiv-2024_01_08.pdf
2024-01-08,1,Bulkers,India,530.0,xclusiv_2024_xclusiv-2024_01_08.pdf
2024-01-08,1,Bulkers,Pakistan,520.0,xclusiv_2024_xclusiv-2024_01_08.pdf
2024-01-08,1,Bulkers,Turkey,360.0,xclusiv_2024_xclusiv-2024_01_08.pdf
2024-01-08,1,Tankers,Bangladesh,520.0,xclusiv_2024_xclusiv-2024_01_08.pdf
2024-01-08,1,Tankers,India,535.0,xclusiv_2024_xclusiv-2024_01_08.pdf
2024-01-08,1,Tankers,Pakistan,530.0,xclusiv_2024_xclusiv-2024_01_08.pdf
2024-01-08,1,Tankers,Turkey,370.0,xclusiv_2024_xclusiv-2024_01_08.pdf
2024-01-15,2,Bulkers,Bangladesh,520.0,xclusiv_2024_xclusiv-2024_01_15.pdf
2024-01-15,2,Bulkers,India,530.0,xclusiv_2024_xclusiv-2024_01_15.pdf
2024-01-15,2,Bulkers,Pakistan,525.0,xclusiv_2024_xclusiv-2024_01_15.pdf
2024-01-15,2,Bulkers,Turkey,375.0,xclusiv_2024_xclusiv-2024_01_15.pdf
2024-01-15,2,Tankers,Bangladesh,530.0,xclusiv_2024_xclusiv-2024_01_15.pdf
2024-01-15,2,Tankers,India,535.0,xclusiv_2024_xclusiv-2024_01_15.pdf
2024-01-15,2,Tankers,Pakistan,535.0,xclusiv_2024_xclusiv-2024_01_15.pdf
2024-01-15,2,Tankers,Turkey,385.0,xclusiv_2024_xclusiv-2024_01_15.pdf
2024-01-22,3,Bulkers,Bangladesh,530.0,xclusiv_2024_xclusiv-2024_01_22.pdf
2024-01-22,3,Bulkers,India,530.0,xclusiv_2024_xclusiv-2024_01_22.pdf
2024-01-22,3,Bulkers,Pakistan,525.0,xclusiv_2024_xclusiv-2024_01_22.pdf
2024-01-22,3,Bulkers,Turkey,385.0,xclusiv_2024_xclusiv-2024_01_22.pdf
2024-01-22,3,Tankers,Bangladesh,540.0,xclusiv_2024_xclusiv-2024_01_22.pdf
2024-01-22,3,Tankers,India,535.0,xclusiv_2024_xclusiv-2024_01_22.pdf
2024-01-22,3,Tankers,Pakistan,535.0,xclusiv_2024_xclusiv-2024_01_22.pdf
2024-01-22,3,Tankers,Turkey,395.0,xclusiv_2024_xclusiv-2024_01_22.pdf
2024-01-29,4,Bulkers,Bangladesh,530.0,xclusiv_2024_xclusiv-2024_01_29.pdf
2024-01-29,4,Bulkers,India,520.0,xclusiv_2024_xclusiv-2024_01_29.pdf
2024-01-29,4,Bulkers,Pakistan,530.0,xclusiv_2024_xclusiv-2024_01_29.pdf
2024-01-29,4,Bulkers,Turkey,395.0,xclusiv_2024_xclusiv-2024_01_29.pdf
2024-01-29,4,Tankers,Bangladesh,540.0,xclusiv_2024_xclusiv-2024_01_29.pdf
2024-01-29,4,Tankers,India,525.0,xclusiv_2024_xclusiv-2024_01_29.pdf
2024-01-29,4,Tankers,Pakistan,540.0,xclusiv_2024_xclusiv-2024_01_29.pdf
2024-01-29,4,Tankers,Turkey,405.0,xclusiv_2024_xclusiv-2024_01_29.pdf
2024-02-05,5,Bulkers,Bangladesh,530.0,xclusiv_2024_xclusiv-2024_02_05.pdf
2024-02-05,5,Bulkers,India,520.0,xclusiv_2024_xclusiv-2024_02_05.pdf
2024-02-05,5,Bulkers,Pakistan,530.0,xclusiv_2024_xclusiv-2024_02_05.pdf
2024-02-05,5,Bulkers,Turkey,405.0,xclusiv_2024_xclusiv-2024_02_05.pdf
2024-02-05,5,Tankers,Bangladesh,540.0,xclusiv_2024_xclusiv-2024_02_05.pdf
2024-02-05,5,Tankers,India,525.0,xclusiv_2024_xclusiv-2024_02_05.pdf
2024-02-05,5,Tankers,Pakistan,540.0,xclusiv_2024_xclusiv-2024_02_05.pdf
2024-02-05,5,Tankers,Turkey,415.0,xclusiv_2024_xclusiv-2024_02_05.pdf
2024-02-12,6,Bulkers,Bangladesh,525.0,xclusiv_2024_xclusiv-2024_02_12.pdf
2024-02-12,6,Bulkers,India,510.0,xclusiv_2024_xclusiv-2024_02_12.pdf
2024-02-12,6,Bulkers,Pakistan,525.0,xclusiv_2024_xclusiv-2024_02_12.pdf
2024-02-12,6,Bulkers,Turkey,385.0,xclusiv_2024_xclusiv-2024_02_12.pdf
2024-02-12,6,Tankers,Bangladesh,535.0,xclusiv_2024_xclusiv-2024_02_12.pdf
2024-02-12,6,Tankers,India,515.0,xclusiv_2024_xclusiv-2024_02_12.pdf
2024-02-12,6,Tankers,Pakistan,535.0,xclusiv_2024_xclusiv-2024_02_12.pdf
2024-02-12,6,Tankers,Turkey,395.0,xclusiv_2024_xclusiv-2024_02_12.pdf
2024-02-19,7,Bulkers,Bangladesh,530.0,xclusiv_2024_xclusiv-2024_02_19.pdf
2024-02-19,7,Bulkers,India,515.0,xclusiv_2024_xclusiv-2024_02_19.pdf
2024-02-19,7,Bulkers,Pakistan,525.0,xclusiv_2024_xclusiv-2024_02_19.pdf
2024-02-19,7,Bulkers,Turkey,375.0,xclusiv_2024_xclusiv-2024_02_19.pdf
2024-02-19,7,Tankers,Bangladesh,540.0,xclusiv_2024_xclusiv-2024_02_19.pdf
2024-02-19,7,Tankers,India,520.0,xclusiv_2024_xclusiv-2024_02_19.pdf
2024-02-19,7,Tankers,Pakistan,535.0,xclusiv_2024_xclusiv-2024_02_19.pdf
2024-02-19,7,Tankers,Turkey,385.0,xclusiv_2024_xclusiv-2024_02_19.pdf
2024-02-26,8,Bulkers,Bangladesh,530.0,xclusiv_2024_xclusiv-2024_02_26.pdf
2024-02-26,8,Bulkers,India,520.0,xclusiv_2024_xclusiv-2024_02_26.pdf
2024-02-26,8,Bulkers,Pakistan,525.0,xclusiv_2024_xclusiv-2024_02_26.pdf
2024-02-26,8,Bulkers,Turkey,370.0,xclusiv_2024_xclusiv-2024_02_26.pdf
2024-02-26,8,Tankers,Bangladesh,540.0,xclusiv_2024_xclusiv-2024_02_26.pdf
2024-02-26,8,Tankers,India,525.0,xclusiv_2024_xclusiv-2024_02_26.pdf
2024-02-26,8,Tankers,Pakistan,535.0,xclusiv_2024_xclusiv-2024_02_26.pdf
2024-02-26,8,Tankers,Turkey,380.0,xclusiv_2024_xclusiv-2024_02_26.pdf
2024-03-04,9,Bulkers,Bangladesh,530.0,xclusiv_2024_xclusiv-2024_03_04.pdf
2024-03-04,9,Bulkers,India,520.0,xclusiv_2024_xclusiv-2024_03_04.pdf
2024-03-04,9,Bulkers,Pakistan,530.0,xclusiv_2024_xclusiv-2024_03_04.pdf
2024-03-04,9,Bulkers,Turkey,365.0,xclusiv_2024_xclusiv-2024_03_04.pdf
2024-03-04,9,Tankers,Bangladesh,540.0,xclusiv_2024_xclusiv-2024_03_04.pdf
2024-03-04,9,Tankers,India,525.0,xclusiv_2024_xclusiv-2024_03_04.pdf
2024-03-04,9,Tankers,Pakistan,540.0,xclusiv_2024_xclusiv-2024_03_04.pdf
2024-03-04,9,Tankers,Turkey,375.0,xclusiv_2024_xclusiv-2024_03_04.pdf
2024-03-11,10,Bulkers,Bangladesh,530.0,xclusiv_2024_xclusiv-2024_03_11.pdf
2024-03-11,10,Bulkers,India,515.0,xclusiv_2024_xclusiv-2024_03_11.pdf
2024-03-11,10,Bulkers,Pakistan,530.0,xclusiv_2024_xclusiv-2024_03_11.pdf
2024-03-11,10,Bulkers,Turkey,360.0,xclusiv_2024_xclusiv-2024_03_11.pdf
2024-03-11,10,Tankers,Bangladesh,540.0,xclusiv_2024_xclusiv-2024_03_11.pdf
2024-03-11,10,Tankers,India,520.0,xclusiv_2024_xclusiv-2024_03_11.pdf
2024-03-11,10,Tankers,Pakistan,540.0,xclusiv_2024_xclusiv-2024_03_11.pdf
2024-03-11,10,Tankers,Turkey,370.0,xclusiv_2024_xclusiv-2024_03_11.pdf
2024-03-19,11,Bulkers,Bangladesh,525.0,xclusiv_2024_xclusiv-2024_03_19.pdf
2024-03-19,11,Bulkers,India,510.0,xclusiv_2024_xclusiv-2024_03_19.pdf
2024-03-19,11,Bulkers,Pakistan,530.0,xclusiv_2024_xclusiv-2024_03_19.pdf
2024-03-19,11,Bulkers,Turkey,355.0,xclusiv_2024_xclusiv-2024_03_19.pdf
2024-03-19,11,Tankers,Bangladesh,535.0,xclusiv_2024_xclusiv-2024_03_19.pdf
2024-03-19,11,Tankers,India,515.0,xclusiv_2024_xclusiv-2024_03_19.pdf
2024-03-19,11,Tankers,Pakistan,540.0,xclusiv_2024_xclusiv-2024_03_19.pdf
2024-03-19,11,Tankers,Turkey,365.0,xclusiv_2024_xclusiv-2024_03_19.pdf
2024-03-26,12,Bulkers,Bangladesh,520.0,xclusiv_2024_xclusiv-2024_03_26.pdf
2024-03-26,12,Bulkers,India,505.0,xclusiv_2024_xclusiv-2024_03_26.pdf
2024-03-26,12,Bulkers,Pakistan,525.0,xclusiv_2024_xclusiv-2024_03_26.pdf
2024-03-26,12,Bulkers,Turkey,355.0,xclusiv_2024_xclusiv-2024_03_26.pdf
2024-03-26,12,Tankers,Bangladesh,530.0,xclusiv_2024_xclusiv-2024_03_26.pdf
2024-03-26,12,Tankers,India,510.0,xclusiv_2024_xclusiv-2024_03_26.pdf
2024-03-26,12,Tankers,Pakistan,535.0,xclusiv_2024_xclusiv-2024_03_26.pdf
2024-03-26,12,Tankers,Turkey,365.0,xclusiv_2024_xclusiv-2024_03_26.pdf
2024-04-01,13,Bulkers,Bangladesh,520.0,xclusiv_2024_xclusiv-2024_04_01.pdf
2024-04-01,13,Bulkers,India,500.0,xclusiv_2024_xclusiv-2024_04_01.pdf
2024-04-01,13,Bulkers,Pakistan,525.0,xclusiv_2024_xclusiv-2024_04_01.pdf
2024-04-01,13,Bulkers,Turkey,355.0,xclusiv_2024_xclusiv-2024_04_01.pdf
2024-04-01,13,Tankers,Bangladesh,530.0,xclusiv_2024_xclusiv-2024_04_01.pdf
2024-04-01,13,Tankers,India,505.0,xclusiv_2024_xclusiv-2024_04_01.pdf
2024-04-01,13,Tankers,Pakistan,535.0,xclusiv_2024_xclusiv-2024_04_01.pdf
2024-04-01,13,Tankers,Turkey,365.0,xclusiv_2024_xclusiv-2024_04_01.pdf
2024-04-08,14,Bulkers,Bangladesh,525.0,xclusiv_2024_xclusiv-2024_04_08.pdf
2024-04-08,14,Bulkers,India,500.0,xclusiv_2024_xclusiv-2024_04_08.pdf
2024-04-08,14,Bulkers,Pakistan,525.0,xclusiv_2024_xclusiv-2024_04_08.pdf
2024-04-08,14,Bulkers,Turkey,355.0,xclusiv_2024_xclusiv-2024_04_08.pdf
2024-04-08,14,Tankers,Bangladesh,535.0,xclusiv_2024_xclusiv-2024_04_08.pdf
2024-04-08,14,Tankers,India,505.0,xclusiv_2024_xclusiv-2024_04_08.pdf
2024-04-08,14,Tankers,Pakistan,535.0,xclusiv_2024_xclusiv-2024_04_08.pdf
2024-04-08,14,Tankers,Turkey,365.0,xclusiv_2024_xclusiv-2024_04_08.pdf
2024-04-15,15,Bulkers,Bangladesh,525.0,xclusiv_2024_xclusiv-2024_04_15.pdf
2024-04-15,15,Bulkers,India,505.0,xclusiv_2024_xclusiv-2024_04_15.pdf
2024-04-15,15,Bulkers,Pakistan,525.0,xclusiv_2024_xclusiv-2024_04_15.pdf
2024-04-15,15,Bulkers,Turkey,350.0,xclusiv_2024_xclusiv-2024_04_15.pdf
2024-04-15,15,Tankers,Bangladesh,535.0,xclusiv_2024_xclusiv-2024_04_15.pdf
2024-04-15,15,Tankers,India,510.0,xclusiv_2024_xclusiv-2024_04_15.pdf
2024-04-15,15,Tankers,Pakistan,535.0,xclusiv_2024_xclusiv-2024_04_15.pdf
2024-04-15,15,Tankers,Turkey,360.0,xclusiv_2024_xclusiv-2024_04_15.pdf
2024-04-22,16,Bulkers,Bangladesh,525.0,xclusiv_2024_xclusiv-2024_04_22.pdf
2024-04-22,16,Bulkers,India,510.0,xclusiv_2024_xclusiv-2024_04_22.pdf
2024-04-22,16,Bulkers,Pakistan,525.0,xclusiv_2024_xclusiv-2024_04_22.pdf
2024-04-22,16,Bulkers,Turkey,345.0,xclusiv_2024_xclusiv-2024_04_22.pdf
2024-04-22,16,Tankers,Bangladesh,535.0,xclusiv_2024_xclusiv-2024_04_22.pdf
2024-04-22,16,Tankers,India,515.0,xclusiv_2024_xclusiv-2024_04_22.pdf
2024-04-22,16,Tankers,Pakistan,535.0,xclusiv_2024_xclusiv-2024_04_22.pdf
2024-04-22,16,Tankers,Turkey,355.0,xclusiv_2024_xclusiv-2024_04_22.pdf
2024-04-29,17,Bulkers,Bangladesh,530.0,xclusiv_2024_xclusiv-2024_04_29.pdf
2024-04-29,17,Bulkers,India,515.0,xclusiv_2024_xclusiv-2024_04_29.pdf
2024-04-29,17,Bulkers,Pakistan,525.0,xclusiv_2024_xclusiv-2024_04_29.pdf
2024-04-29,17,Bulkers,Turkey,345.0,xclusiv_2024_xclusiv-2024_04_29.pdf
2024-04-29,17,Tankers,Bangladesh,540.0,xclusiv_2024_xclusiv-2024_04_29.pdf
2024-04-29,17,Tankers,India,520.0,xclusiv_2024_xclusiv-2024_04_29.pdf
2024-04-29,17,Tankers,Pakistan,535.0,xclusiv_2024_xclusiv-2024_04_29.pdf
2024-04-29,17,Tankers,Turkey,355.0,xclusiv_2024_xclusiv-2024_04_29.pdf
2024-05-08,18,Bulkers,Bangladesh,530.0,xclusiv_2024_xclusiv-2024_05_08.pdf
2024-05-08,18,Bulkers,India,520.0,xclusiv_2024_xclusiv-2024_05_08.pdf
2024-05-08,18,Bulkers,Pakistan,530.0,xclusiv_2024_xclusiv-2024_05_08.pdf
2024-05-08,18,Bulkers,Turkey,345.0,xclusiv_2024_xclusiv-2024_05_08.pdf
2024-05-08,18,Tankers,Bangladesh,540.0,xclusiv_2024_xclusiv-2024_05_08.pdf
2024-05-08,18,Tankers,India,525.0,xclusiv_2024_xclusiv-2024_05_08.pdf
2024-05-08,18,Tankers,Pakistan,540.0,xclusiv_2024_xclusiv-2024_05_08.pdf
2024-05-08,18,Tankers,Turkey,355.0,xclusiv_2024_xclusiv-2024_05_08.pdf
2024-05-13,19,Bulkers,Bangladesh,530.0,xclusiv_2024_xclusiv-2024_05_13.pdf
2024-05-13,19,Bulkers,India,525.0,xclusiv_2024_xclusiv-2024_05_13.pdf
2024-05-13,19,Bulkers,Pakistan,530.0,xclusiv_2024_xclusiv-2024_05_13.pdf
2024-05-13,19,Bulkers,Turkey,345.0,xclusiv_2024_xclusiv-2024_05_13.pdf
2024-05-13,19,Tankers,Bangladesh,540.0,xclusiv_2024_xclusiv-2024_05_13.pdf
2024-05-13,19,Tankers,India,530.0,xclusiv_2024_xclusiv-2024_05_13.pdf
2024-05-13,19,Tankers,Pakistan,540.0,xclusiv_2024_xclusiv-2024_05_13.pdf
2024-05-13,19,Tankers,Turkey,355.0,xclusiv_2024_xclusiv-2024_05_13.pdf
2024-05-20,20,Bulkers,Bangladesh,530.0,xclusiv_2024_xclusiv-2024_05_20.pdf
2024-05-20,20,Bulkers,India,525.0,xclusiv_2024_xclusiv-2024_05_20.pdf
2024-05-20,20,Bulkers,Pakistan,530.0,xclusiv_2024_xclusiv-2024_05_20.pdf
2024-05-20,20,Bulkers,Turkey,345.0,xclusiv_2024_xclusiv-2024_05_20.pdf
2024-05-20,20,Tankers,Bangladesh,540.0,xclusiv_2024_xclusiv-2024_05_20.pdf
2024-05-20,20,Tankers,India,530.0,xclusiv_2024_xclusiv-2024_05_20.pdf
2024-05-20,20,Tankers,Pakistan,540.0,xclusiv_2024_xclusiv-2024_05_20.pdf
2024-05-20,20,Tankers,Turkey,355.0,xclusiv_2024_xclusiv-2024_05_20.pdf
2024-05-27,21,Bulkers,Bangladesh,530.0,xclusiv_2024_xclusiv-2024_05_27.pdf
2024-05-27,21,Bulkers,India,525.0,xclusiv_2024_xclusiv-2024_05_27.pdf
2024-05-27,21,Bulkers,Pakistan,530.0,xclusiv_2024_xclusiv-2024_05_27.pdf
2024-05-27,21,Bulkers,Turkey,345.0,xclusiv_2024_xclusiv-2024_05_27.pdf
2024-05-27,21,Tankers,Bangladesh,540.0,xclusiv_2024_xclusiv-2024_05_27.pdf
2024-05-27,21,Tankers,India,530.0,xclusiv_2024_xclusiv-2024_05_27.pdf
2024-05-27,21,Tankers,Pakistan,540.0,xclusiv_2024_xclusiv-2024_05_27.pdf
2024-05-27,21,Tankers,Turkey,355.0,xclusiv_2024_xclusiv-2024_05_27.pdf
2024-06-03,22,Bulkers,Bangladesh,530.0,xclusiv_2024_xclusiv-2024_06_03.pdf
2024-06-03,22,Bulkers,India,525.0,xclusiv_2024_xclusiv-2024_06_03.pdf
2024-06-03,22,Bulkers,Pakistan,530.0,xclusiv_2024_xclusiv-2024_06_03.pdf
2024-06-03,22,Bulkers,Turkey,345.0,xclusiv_2024_xclusiv-2024_06_03.pdf
2024-06-03,22,Tankers,Bangladesh,540.0,xclusiv_2024_xclusiv-2024_06_03.pdf
2024-06-03,22,Tankers,India,530.0,xclusiv_2024_xclusiv-2024_06_03.pdf
2024-06-03,22,Tankers,Pakistan,540.0,xclusiv_2024_xclusiv-2024_06_03.pdf
2024-06-03,22,Tankers,Turkey,355.0,xclusiv_2024_xclusiv-2024_06_03.pdf
2024-06-10,23,Bulkers,Bangladesh,530.0,xclusiv_2024_xclusiv-2024_06_10.pdf
2024-06-10,23,Bulkers,India,525.0,xclusiv_2024_xclusiv-2024_06_10.pdf
2024-06-10,23,Bulkers,Pakistan,530.0,xclusiv_2024_xclusiv-2024_06_10.pdf
2024-06-10,23,Bulkers,Turkey,345.0,xclusiv_2024_xclusiv-2024_06_10.pdf
2024-06-10,23,Tankers,Bangladesh,540.0,xclusiv_2024_xclusiv-2024_06_10.pdf
2024-06-10,23,Tankers,India,530.0,xclusiv_2024_xclusiv-2024_06_10.pdf
2024-06-10,23,Tankers,Pakistan,540.0,xclusiv_2024_xclusiv-2024_06_10.pdf
2024-06-10,23,Tankers,Turkey,355.0,xclusiv_2024_xclusiv-2024_06_10.pdf
2024-06-17,24,Bulkers,Bangladesh,525.0,xclusiv_2024_xclusiv-2024_06_17.pdf
2024-06-17,24,Bulkers,India,520.0,xclusiv_2024_xclusiv-2024_06_17.pdf
2024-06-17,24,Bulkers,Pakistan,525.0,xclusiv_2024_xclusiv-2024_06_17.pdf
2024-06-17,24,Bulkers,Turkey,345.0,xclusiv_2024_xclusiv-2024_06_17.pdf
2024-06-17,24,Tankers,Bangladesh,535.0,xclusiv_2024_xclusiv-2024_06_17.pdf
2024-06-17,24,Tankers,India,525.0,xclusiv_2024_xclusiv-2024_06_17.pdf
2024-06-17,24,Tankers,Pakistan,535.0,xclusiv_2024_xclusiv-2024_06_17.pdf
2024-06-17,24,Tankers,Turkey,355.0,xclusiv_2024_xclusiv-2024_06_17.pdf
2024-06-25,25,Bulkers,Bangladesh,525.0,xclusiv_2024_xclusiv-2024_06_25.pdf
2024-06-25,25,Bulkers,India,530.0,xclusiv_2024_xclusiv-2024_06_25.pdf
2024-06-25,25,Bulkers,Pakistan,530.0,xclusiv_2024_xclusiv-2024_06_25.pdf
2024-06-25,25,Bulkers,Turkey,350.0,xclusiv_2024_xclusiv-2024_06_25.pdf
2024-06-25,25,Tankers,Bangladesh,535.0,xclusiv_2024_xclusiv-2024_06_25.pdf
2024-06-25,25,Tankers,India,535.0,xclusiv_2024_xclusiv-2024_06_25.pdf
2024-06-25,25,Tankers,Pakistan,540.0,xclusiv_2024_xclusiv-2024_06_25.pdf
2024-06-25,25,Tankers,Turkey,360.0,xclusiv_2024_xclusiv-2024_06_25.pdf
2024-07-01,26,Bulkers,Bangladesh,525.0,xclusiv_2024_xclusiv-2024_07_01.pdf
2024-07-01,26,Bulkers,India,530.0,xclusiv_2024_xclusiv-2024_07_01.pdf
2024-07-01,26,Bulkers,Pakistan,520.0,xclusiv_2024_xclusiv-2024_07_01.pdf
2024-07-01,26,Bulkers,Turkey,350.0,xclusiv_2024_xclusiv-2024_07_01.pdf
2024-07-01,26,Tankers,Bangladesh,535.0,xclusiv_2024_xclusiv-2024_07_01.pdf
2024-07-01,26,Tankers,India,535.0,xclusiv_2024_xclusiv-2024_07_01.pdf
2024-07-01,26,Tankers,Pakistan,530.0,xclusiv_2024_xclusiv-2024_07_01.pdf
2024-07-01,26,Tankers,Turkey,360.0,xclusiv_2024_xclusiv-2024_07_01.pdf
2024-07-08,27,Bulkers,Bangladesh,530.0,xclusiv_2024_xclusiv-2024_07_08.pdf
2024-07-08,27,Bulkers,India,525.0,xclusiv_2024_xclusiv-2024_07_08.pdf
2024-07-08,27,Bulkers,Pakistan,525.0,xclusiv_2024_xclusiv-2024_07_08.pdf
2024-07-08,27,Bulkers,Turkey,355.0,xclusiv_2024_xclusiv-2024_07_08.pdf
2024-07-08,27,Tankers,Bangladesh,540.0,xclusiv_2024_xclusiv-2024_07_08.pdf
2024-07-08,27,Tankers,India,530.0,xclusiv_2024_xclusiv-2024_07_08.pdf
2024-07-08,27,Tankers,Pakistan,535.0,xclusiv_2024_xclusiv-2024_07_08.pdf
2024-07-08,27,Tankers,Turkey,365.0,xclusiv_2024_xclusiv-2024_07_08.pdf
2024-07-15,28,Bulkers,Bangladesh,525.0,xclusiv_2024_xclusiv-2024_07_15.pdf
2024-07-15,28,Bulkers,India,520.0,xclusiv_2024_xclusiv-2024_07_15.pdf
2024-07-15,28,Bulkers,Pakistan,520.0,xclusiv_2024_xclusiv-2024_07_15.pdf
2024-07-15,28,Bulkers,Turkey,355.0,xclusiv_2024_xclusiv-2024_07_15.pdf
2024-07-15,28,Tankers,Bangladesh,535.0,xclusiv_2024_xclusiv-2024_07_15.pdf
2024-07-15,28,Tankers,India,525.0,xclusiv_2024_xclusiv-2024_07_15.pdf
2024-07-15,28,Tankers,Pakistan,530.0,xclusiv_2024_xclusiv-2024_07_15.pdf
2024-07-15,28,Tankers,Turkey,365.0,xclusiv_2024_xclusiv-2024_07_15.pdf
2024-07-22,29,Bulkers,Bangladesh,520.0,xclusiv_2024_xclusiv-2024_07_22.pdf
2024-07-22,29,Bulkers,India,515.0,xclusiv_2024_xclusiv-2024_07_22.pdf
2024-07-22,29,Bulkers,Pakistan,515.0,xclusiv_2024_xclusiv-2024_07_22.pdf
2024-07-22,29,Bulkers,Turkey,355.0,xclusiv_2024_xclusiv-2024_07_22.pdf
2024-07-22,29,Tankers,Bangladesh,530.0,xclusiv_2024_xclusiv-2024_07_22.pdf
2024-07-22,29,Tankers,India,520.0,xclusiv_2024_xclusiv-2024_07_22.pdf
2024-07-22,29,Tankers,Pakistan,525.0,xclusiv_2024_xclusiv-2024_07_22.pdf
2024-07-22,29,Tankers,Turkey,365.0,xclusiv_2024_xclusiv-2024_07_22.pdf
2024-07-29,30,Bulkers,Bangladesh,520.0,xclusiv_2024_xclusiv-2024_07_29.pdf
2024-07-29,30,Bulkers,India,520.0,xclusiv_2024_xclusiv-2024_07_29.pdf
2024-07-29,30,Bulkers,Pakistan,515.0,xclusiv_2024_xclusiv-2024_07_29.pdf
2024-07-29,30,Bulkers,Turkey,355.0,xclusiv_2024_xclusiv-2024_07_29.pdf
2024-07-29,30,Tankers,Bangladesh,530.0,xclusiv_2024_xclusiv-2024_07_29.pdf
2024-07-29,30,Tankers,India,525.0,xclusiv_2024_xclusiv-2024_07_29.pdf
2024-07-29,30,Tankers,Pakistan,525.0,xclusiv_2024_xclusiv-2024_07_29.pdf
2024-07-29,30,Tankers,Turkey,365.0,xclusiv_2024_xclusiv-2024_07_29.pdf
2024-08-05,31,Bulkers,Bangladesh,515.0,xclusiv_2024_xclusiv-2024_08_05.pdf
2024-08-05,31,Bulkers,India,510.0,xclusiv_2024_xclusiv-2024_08_05.pdf
2024-08-05,31,Bulkers,Pakistan,510.0,xclusiv_2024_xclusiv-2024_08_05.pdf
2024-08-05,31,Bulkers,Turkey,360.0,xclusiv_2024_xclusiv-2024_08_05.pdf
2024-08-05,31,Tankers,Bangladesh,525.0,xclusiv_2024_xclusiv-2024_08_05.pdf
2024-08-05,31,Tankers,India,515.0,xclusiv_2024_xclusiv-2024_08_05.pdf
2024-08-05,31,Tankers,Pakistan,520.0,xclusiv_2024_xclusiv-2024_08_05.pdf
2024-08-05,31,Tankers,Turkey,370.0,xclusiv_2024_xclusiv-2024_08_05.pdf
2024-08-12,32,Bulkers,Bangladesh,515.0,xclusiv_2024_xclusiv-2024_08_12.pdf
2024-08-12,32,Bulkers,India,510.0,xclusiv_2024_xclusiv-2024_08_12.pdf
2024-08-12,32,Bulkers,Pakistan,510.0,xclusiv_2024_xclusiv-2024_08_12.pdf
2024-08-12,32,Bulkers,Turkey,360.0,xclusiv_2024_xclusiv-2024_08_12.pdf
2024-08-12,32,Tankers,Bangladesh,525.0,xclusiv_2024_xclusiv-2024_08_12.pdf
2024-08-12,32,Tankers,India,515.0,xclusiv_2024_xclusiv-2024_08_12.pdf
2024-08-12,32,Tankers,Pakistan,520.0,xclusiv_2024_xclusiv-2024_08_12.pdf
2024-08-12,32,Tankers,Turkey,370.0,xclusiv_2024_xclusiv-2024_08_12.pdf
2024-08-19,33,Bulkers,Bangladesh,500.0,xclusiv_2024_xclusiv-2024_08_19.pdf
2024-08-19,33,Bulkers,India,500.0,xclusiv_2024_xclusiv-2024_08_19.pdf
2024-08-19,33,Bulkers,Pakistan,505.0,xclusiv_2024_xclusiv-2024_08_19.pdf
2024-08-19,33,Bulkers,Turkey,360.0,xclusiv_2024_xclusiv-2024_08_19.pdf
2024-08-19,33,Tankers,Bangladesh,500.0,xclusiv_2024_xclusiv-2024_08_19.pdf
2024-08-19,33,Tankers,India,495.0,xclusiv_2024_xclusiv-2024_08_19.pdf
2024-08-19,33,Tankers,Pakistan,510.0,xclusiv_2024_xclusiv-2024_08_19.pdf
2024-08-19,33,Tankers,Turkey,370.0,xclusiv_2024_xclusiv-2024_08_19.pdf
2024-08-26,34,Bulkers,Bangladesh,505.0,xclusiv_2024_xclusiv-2024_08_26.pdf
2024-08-26,34,Bulkers,India,505.0,xclusiv_2024_xclusiv-2024_08_26.pdf
2024-08-26,34,Bulkers,Pakistan,510.0,xclusiv_2024_xclusiv-2024_08_26.pdf
2024-08-26,34,Bulkers,Turkey,345.0,xclusiv_2024_xclusiv-2024_08_26.pdf
2024-08-26,34,Tankers,Bangladesh,520.0,xclusiv_2024_xclusiv-2024_08_26.pdf
2024-08-26,34,Tankers,India,515.0,xclusiv_2024_xclusiv-2024_08_26.pdf
2024-08-26,34,Tankers,Pakistan,520.0,xclusiv_2024_xclusiv-2024_08_26.pdf
2024-08-26,34,Tankers,Turkey,355.0,xclusiv_2024_xclusiv-2024_08_26.pdf
2024-09-02,35,Bulkers,Bangladesh,505.0,xclusiv_2024_xclusiv-2024_09_02.pdf
2024-09-02,35,Bulkers,India,500.0,xclusiv_2024_xclusiv-2024_09_02.pdf
2024-09-02,35,Bulkers,Pakistan,505.0,xclusiv_2024_xclusiv-2024_09_02.pdf
2024-09-02,35,Bulkers,Turkey,345.0,xclusiv_2024_xclusiv-2024_09_02.pdf
2024-09-02,35,Tankers,Bangladesh,515.0,xclusiv_2024_xclusiv-2024_09_02.pdf
2024-09-02,35,Tankers,India,510.0,xclusiv_2024_xclusiv-2024_09_02.pdf
2024-09-02,35,Tankers,Pakistan,515.0,xclusiv_2024_xclusiv-2024_09_02.pdf
2024-09-02,35,Tankers,Turkey,355.0,xclusiv_2024_xclusiv-2024_09_02.pdf
2024-09-09,36,Bulkers,Bangladesh,500.0,xclusiv_2024_xclusiv-2024_09_09.pdf
2024-09-09,36,Bulkers,India,500.0,xclusiv_2024_xclusiv-2024_09_09.pdf
2024-09-09,36,Bulkers,Pakistan,510.0,xclusiv_2024_xclusiv-2024_09_09.pdf
2024-09-09,36,Bulkers,Turkey,340.0,xclusiv_2024_xclusiv-2024_09_09.pdf
2024-09-09,36,Tankers,Bangladesh,510.0,xclusiv_2024_xclusiv-2024_09_09.pdf
2024-09-09,36,Tankers,India,510.0,xclusiv_2024_xclusiv-2024_09_09.pdf
2024-09-09,36,Tankers,Pakistan,520.0,xclusiv_2024_xclusiv-2024_09_09.pdf
2024-09-09,36,Tankers,Turkey,350.0,xclusiv_2024_xclusiv-2024_09_09.pdf
2024-09-16,37,Bulkers,Bangladesh,490.0,xclusiv_2024_xclusiv-2024_09_16.pdf
2024-09-16,37,Bulkers,India,480.0,xclusiv_2024_xclusiv-2024_09_16.pdf
2024-09-16,37,Bulkers,Pakistan,490.0,xclusiv_2024_xclusiv-2024_09_16.pdf
2024-09-16,37,Bulkers,Turkey,320.0,xclusiv_2024_xclusiv-2024_09_16.pdf
2024-09-16,37,Tankers,Bangladesh,500.0,xclusiv_2024_xclusiv-2024_09_16.pdf
2024-09-16,37,Tankers,India,490.0,xclusiv_2024_xclusiv-2024_09_16.pdf
2024-09-16,37,Tankers,Pakistan,500.0,xclusiv_2024_xclusiv-2024_09_16.pdf
2024-09-16,37,Tankers,Turkey,330.0,xclusiv_2024_xclusiv-2024_09_16.pdf
2024-09-23,38,Bulkers,Bangladesh,500.0,xclusiv_2024_xclusiv-2024_09_23.pdf
2024-09-23,38,Bulkers,India,485.0,xclusiv_2024_xclusiv-2024_09_23.pdf
2024-09-23,38,Bulkers,Pakistan,485.0,xclusiv_2024_xclusiv-2024_09_23.pdf
2024-09-23,38,Bulkers,Turkey,320.0,xclusiv_2024_xclusiv-2024_09_23.pdf
2024-09-23,38,Tankers,Bangladesh,505.0,xclusiv_2024_xclusiv-2024_09_23.pdf
2024-09-23,38,Tankers,India,495.0,xclusiv_2024_xclusiv-2024_09_23.pdf
2024-09-23,38,Tankers,Pakistan,500.0,xclusiv_2024_xclusiv-2024_09_23.pdf
2024-09-23,38,Tankers,Turkey,330.0,xclusiv_2024_xclusiv-2024_09_23.pdf
2024-09-30,39,Bulkers,Bangladesh,490.0,xclusiv_2024_xclusiv-2024_09_30.pdf
2024-09-30,39,Bulkers,India,480.0,xclusiv_2024_xclusiv-2024_09_30.pdf
2024-09-30,39,Bulkers,Pakistan,480.0,xclusiv_2024_xclusiv-2024_09_30.pdf
2024-09-30,39,Bulkers,Turkey,320.0,xclusiv_2024_xclusiv-2024_09_30.pdf
2024-09-30,39,Tankers,Bangladesh,495.0,xclusiv_2024_xclusiv-2024_09_30.pdf
2024-09-30,39,Tankers,India,490.0,xclusiv_2024_xclusiv-2024_09_30.pdf
2024-09-30,39,Tankers,Pakistan,500.0,xclusiv_2024_xclusiv-2024_09_30.pdf
2024-09-30,39,Tankers,Turkey,330.0,xclusiv_2024_xclusiv-2024_09_30.pdf
2024-10-07,40,Bulkers,Bangladesh,485.0,xclusiv_2024_xclusiv-2024_10_07.pdf
2024-10-07,40,Bulkers,India,485.0,xclusiv_2024_xclusiv-2024_10_07.pdf
2024-10-07,40,Bulkers,Pakistan,475.0,xclusiv_2024_xclusiv-2024_10_07.pdf
2024-10-07,40,Bulkers,Turkey,320.0,xclusiv_2024_xclusiv-2024_10_07.pdf
2024-10-07,40,Tankers,Bangladesh,490.0,xclusiv_2024_xclusiv-2024_10_07.pdf
2024-10-07,40,Tankers,India,495.0,xclusiv_2024_xclusiv-2024_10_07.pdf
2024-10-07,40,Tankers,Pakistan,495.0,xclusiv_2024_xclusiv-2024_10_07.pdf
2024-10-07,40,Tankers,Turkey,330.0,xclusiv_2024_xclusiv-2024_10_07.pdf
2024-10-14,41,Bulkers,Bangladesh,475.0,xclusiv_2024_xclusiv-2024_10_14.pdf
2024-10-14,41,Bulkers,India,480.0,xclusiv_2024_xclusiv-2024_10_14.pdf
2024-10-14,41,Bulkers,Pakistan,475.0,xclusiv_2024_xclusiv-2024_10_14.pdf
2024-10-14,41,Bulkers,Turkey,320.0,xclusiv_2024_xclusiv-2024_10_14.pdf
2024-10-14,41,Tankers,Bangladesh,480.0,xclusiv_2024_xclusiv-2024_10_14.pdf
2024-10-14,41,Tankers,India,495.0,xclusiv_2024_xclusiv-2024_10_14.pdf
2024-10-14,41,Tankers,Pakistan,495.0,xclusiv_2024_xclusiv-2024_10_14.pdf
2024-10-14,41,Tankers,Turkey,330.0,xclusiv_2024_xclusiv-2024_10_14.pdf
2024-10-21,42,Bulkers,Bangladesh,470.0,xclusiv_2024_xclusiv-2024_10_21.pdf
2024-10-21,42,Bulkers,India,485.0,xclusiv_2024_xclusiv-2024_10_21.pdf
2024-10-21,42,Bulkers,Pakistan,480.0,xclusiv_2024_xclusiv-2024_10_21.pdf
2024-10-21,42,Bulkers,Turkey,320.0,xclusiv_2024_xclusiv-2024_10_21.pdf
2024-10-21,42,Tankers,Bangladesh,475.0,xclusiv_2024_xclusiv-2024_10_21.pdf
2024-10-21,42,Tankers,India,500.0,xclusiv_2024_xclusiv-2024_10_21.pdf
2024-10-21,42,Tankers,Pakistan,500.0,xclusiv_2024_xclusiv-2024_10_21.pdf
2024-10-21,42,Tankers,Turkey,330.0,xclusiv_2024_xclusiv-2024_10_21.pdf
2024-10-29,43,Bulkers,Bangladesh,460.0,xclusiv_2024_xclusiv-2024_10_29.pdf
2024-10-29,43,Bulkers,India,465.0,xclusiv_2024_xclusiv-2024_10_29.pdf
2024-10-29,43,Bulkers,Pakistan,460.0,xclusiv_2024_xclusiv-2024_10_29.pdf
2024-10-29,43,Bulkers,Turkey,320.0,xclusiv_2024_xclusiv-2024_10_29.pdf
2024-10-29,43,Tankers,Bangladesh,470.0,xclusiv_2024_xclusiv-2024_10_29.pdf
2024-10-29,43,Tankers,India,475.0,xclusiv_2024_xclusiv-2024_10_29.pdf
2024-10-29,43,Tankers,Pakistan,480.0,xclusiv_2024_xclusiv-2024_10_29.pdf
2024-10-29,43,Tankers,Turkey,330.0,xclusiv_2024_xclusiv-2024_10_29.pdf
2024-11-04,44,Bulkers,Bangladesh,455.0,xclusiv_2024_xclusiv-2024_11_04.pdf
2024-11-04,44,Bulkers,India,455.0,xclusiv_2024_xclusiv-2024_11_04.pdf
2024-11-04,44,Bulkers,Pakistan,455.0,xclusiv_2024_xclusiv-2024_11_04.pdf
2024-11-04,44,Bulkers,Turkey,320.0,xclusiv_2024_xclusiv-2024_11_04.pdf
2024-11-04,44,Tankers,Bangladesh,465.0,xclusiv_2024_xclusiv-2024_11_04.pdf
2024-11-04,44,Tankers,India,465.0,xclusiv_2024_xclusiv-2024_11_04.pdf
2024-11-04,44,Tankers,Pakistan,475.0,xclusiv_2024_xclusiv-2024_11_04.pdf
2024-11-04,44,Tankers,Turkey,330.0,xclusiv_2024_xclusiv-2024_11_04.pdf
2024-11-11,45,Bulkers,Bangladesh,470.0,xclusiv_2024_xclusiv-2024_11_11.pdf
2024-11-11,45,Bulkers,India,470.0,xclusiv_2024_xclusiv-2024_11_11.pdf
2024-11-11,45,Bulkers,Pakistan,470.0,xclusiv_2024_xclusiv-2024_11_11.pdf
2024-11-11,45,Bulkers,Turkey,320.0,xclusiv_2024_xclusiv-2024_11_11.pdf
2024-11-11,45,Tankers,Bangladesh,480.0,xclusiv_2024_xclusiv-2024_11_11.pdf
2024-11-11,45,Tankers,India,480.0,xclusiv_2024_xclusiv-2024_11_11.pdf
2024-11-11,45,Tankers,Pakistan,485.0,xclusiv_2024_xclusiv-2024_11_11.pdf
2024-11-11,45,Tankers,Turkey,330.0,xclusiv_2024_xclusiv-2024_11_11.pdf
2024-11-18,46,Bulkers,Bangladesh,465.0,xclusiv_2024_xclusiv-2024_11_18.pdf
2024-11-18,46,Bulkers,India,460.0,xclusiv_2024_xclusiv-2024_11_18.pdf
2024-11-18,46,Bulkers,Pakistan,460.0,xclusiv_2024_xclusiv-2024_11_18.pdf
2024-11-18,46,Bulkers,Turkey,325.0,xclusiv_2024_xclusiv-2024_11_18.pdf
2024-11-18,46,Tankers,Bangladesh,475.0,xclusiv_2024_xclusiv-2024_11_18.pdf
2024-11-18,46,Tankers,India,470.0,xclusiv_2024_xclusiv-2024_11_18.pdf
2024-11-18,46,Tankers,Pakistan,470.0,xclusiv_2024_xclusiv-2024_11_18.pdf
2024-11-18,46,Tankers,Turkey,335.0,xclusiv_2024_xclusiv-2024_11_18.pdf
2024-11-25,47,Bulkers,Bangladesh,470.0,xclusiv_2024_xclusiv-2024_11_25.pdf
2024-11-25,47,Bulkers,India,460.0,xclusiv_2024_xclusiv-2024_11_25.pdf
2024-11-25,47,Bulkers,Pakistan,460.0,xclusiv_2024_xclusiv-2024_11_25.pdf
2024-11-25,47,Bulkers,Turkey,330.0,xclusiv_2024_xclusiv-2024_11_25.pdf
2024-11-25,47,Tankers,Bangladesh,480.0,xclusiv_2024_xclusiv-2024_11_25.pdf
2024-11-25,47,Tankers,India,470.0,xclusiv_2024_xclusiv-2024_11_25.pdf
2024-11-25,47,Tankers,Pakistan,470.0,xclusiv_2024_xclusiv-2024_11_25.pdf
2024-11-25,47,Tankers,Turkey,340.0,xclusiv_2024_xclusiv-2024_11_25.pdf
2024-12-02,48,Bulkers,Bangladesh,475.0,xclusiv_2024_xclusiv-2024_12_02-1.pdf
2024-12-02,48,Bulkers,India,460.0,xclusiv_2024_xclusiv-2024_12_02-1.pdf
2024-12-02,48,Bulkers,Pakistan,460.0,xclusiv_2024_xclusiv-2024_12_02-1.pdf
2024-12-02,48,Bulkers,Turkey,335.0,xclusiv_2024_xclusiv-2024_12_02-1.pdf
2024-12-02,48,Tankers,Bangladesh,485.0,xclusiv_2024_xclusiv-2024_12_02-1.pdf
2024-12-02,48,Tankers,India,470.0,xclusiv_2024_xclusiv-2024_12_02-1.pdf
2024-12-02,48,Tankers,Pakistan,470.0,xclusiv_2024_xclusiv-2024_12_02-1.pdf
2024-12-02,48,Tankers,Turkey,345.0,xclusiv_2024_xclusiv-2024_12_02-1.pdf
2024-12-09,49,Bulkers,Bangladesh,475.0,xclusiv_2024_xclusiv-2024_12_09.pdf
2024-12-09,49,Bulkers,India,460.0,xclusiv_2024_xclusiv-2024_12_09.pdf
2024-12-09,49,Bulkers,Pakistan,460.0,xclusiv_2024_xclusiv-2024_12_09.pdf
2024-12-09,49,Bulkers,Turkey,325.0,xclusiv_2024_xclusiv-2024_12_09.pdf
2024-12-09,49,Tankers,Bangladesh,485.0,xclusiv_2024_xclusiv-2024_12_09.pdf
2024-12-09,49,Tankers,India,470.0,xclusiv_2024_xclusiv-2024_12_09.pdf
2024-12-09,49,Tankers,Pakistan,470.0,xclusiv_2024_xclusiv-2024_12_09.pdf
2024-12-09,49,Tankers,Turkey,335.0,xclusiv_2024_xclusiv-2024_12_09.pdf
2024-12-16,50,Bulkers,Bangladesh,475.0,xclusiv_2024_xclusiv-2024_12_16_compressed.pdf
2024-12-16,50,Bulkers,India,465.0,xclusiv_2024_xclusiv-2024_12_16_compressed.pdf
2024-12-16,50,Bulkers,Pakistan,460.0,xclusiv_2024_xclusiv-2024_12_16_compressed.pdf
2024-12-16,50,Bulkers,Turkey,325.0,xclusiv_2024_xclusiv-2024_12_16_compressed.pdf
2024-12-16,50,Tankers,Bangladesh,485.0,xclusiv_2024_xclusiv-2024_12_16_compressed.pdf
2024-12-16,50,Tankers,India,480.0,xclusiv_2024_xclusiv-2024_12_16_compressed.pdf
2024-12-16,50,Tankers,Pakistan,470.0,xclusiv_2024_xclusiv-2024_12_16_compressed.pdf
2024-12-16,50,Tankers,Turkey,335.0,xclusiv_2024_xclusiv-2024_12_16_compressed.pdf
2024-12-23,51,Bulkers,Bangladesh,475.0,xclusiv_2024_xclusiv-2024_12_23.pdf
2024-12-23,51,Bulkers,India,470.0,xclusiv_2024_xclusiv-2024_12_23.pdf
2024-12-23,51,Bulkers,Pakistan,465.0,xclusiv_2024_xclusiv-2024_12_23.pdf
2024-12-23,51,Bulkers,Turkey,320.0,xclusiv_2024_xclusiv-2024_12_23.pdf
2024-12-23,51,Tankers,Bangladesh,485.0,xclusiv_2024_xclusiv-2024_12_23.pdf
2024-12-23,51,Tankers,India,480.0,xclusiv_2024_xclusiv-2024_12_23.pdf
2024-12-23,51,Tankers,Pakistan,475.0,xclusiv_2024_xclusiv-2024_12_23.pdf
2024-12-23,51,Tankers,Turkey,330.0,xclusiv_2024_xclusiv-2024_12_23.pdf
2025-01-07,1,Bulkers,Bangladesh,475.0,xclusiv_2025_xclusiv-2025_01_07.pdf
2025-01-07,1,Bulkers,India,470.0,xclusiv_2025_xclusiv-2025_01_07.pdf
2025-01-07,1,Bulkers,Pakistan,465.0,xclusiv_2025_xclusiv-2025_01_07.pdf
2025-01-07,1,Bulkers,Turkey,320.0,xclusiv_2025_xclusiv-2025_01_07.pdf
2025-01-07,1,Tankers,Bangladesh,485.0,xclusiv_2025_xclusiv-2025_01_07.pdf
2025-01-07,1,Tankers,India,480.0,xclusiv_2025_xclusiv-2025_01_07.pdf
2025-01-07,1,Tankers,Pakistan,475.0,xclusiv_2025_xclusiv-2025_01_07.pdf
2025-01-07,1,Tankers,Turkey,330.0,xclusiv_2025_xclusiv-2025_01_07.pdf
2025-01-13,2,Bulkers,Bangladesh,475.0,xclusiv_2025_xclusiv-2025_01_13.pdf
2025-01-13,2,Bulkers,India,470.0,xclusiv_2025_xclusiv-2025_01_13.pdf
2025-01-13,2,Bulkers,Pakistan,465.0,xclusiv_2025_xclusiv-2025_01_13.pdf
2025-01-13,2,Bulkers,Turkey,320.0,xclusiv_2025_xclusiv-2025_01_13.pdf
2025-01-13,2,Tankers,Bangladesh,485.0,xclusiv_2025_xclusiv-2025_01_13.pdf
2025-01-13,2,Tankers,India,480.0,xclusiv_2025_xclusiv-2025_01_13.pdf
2025-01-13,2,Tankers,Pakistan,475.0,xclusiv_2025_xclusiv-2025_01_13.pdf
2025-01-13,2,Tankers,Turkey,330.0,xclusiv_2025_xclusiv-2025_01_13.pdf
2025-01-20,3,Bulkers,Bangladesh,480.0,xclusiv_2025_xclusiv-2025_01_20.pdf
2025-01-20,3,Bulkers,India,475.0,xclusiv_2025_xclusiv-2025_01_20.pdf
2025-01-20,3,Bulkers,Pakistan,470.0,xclusiv_2025_xclusiv-2025_01_20.pdf
2025-01-20,3,Bulkers,Turkey,320.0,xclusiv_2025_xclusiv-2025_01_20.pdf
2025-01-20,3,Tankers,Bangladesh,490.0,xclusiv_2025_xclusiv-2025_01_20.pdf
2025-01-20,3,Tankers,India,485.0,xclusiv_2025_xclusiv-2025_01_20.pdf
2025-01-20,3,Tankers,Pakistan,480.0,xclusiv_2025_xclusiv-2025_01_20.pdf
2025-01-20,3,Tankers,Turkey,330.0,xclusiv_2025_xclusiv-2025_01_20.pdf
2025-01-27,4,Bulkers,Bangladesh,480.0,xclusiv_2025_xclusiv-2025_01_27.pdf
2025-01-27,4,Bulkers,India,475.0,xclusiv_2025_xclusiv-2025_01_27.pdf
2025-01-27,4,Bulkers,Pakistan,475.0,xclusiv_2025_xclusiv-2025_01_27.pdf
2025-01-27,4,Bulkers,Turkey,325.0,xclusiv_2025_xclusiv-2025_01_27.pdf
2025-01-27,4,Tankers,Bangladesh,490.0,xclusiv_2025_xclusiv-2025_01_27.pdf
2025-01-27,4,Tankers,India,485.0,xclusiv_2025_xclusiv-2025_01_27.pdf
2025-01-27,4,Tankers,Pakistan,485.0,xclusiv_2025_xclusiv-2025_01_27.pdf
2025-01-27,4,Tankers,Turkey,335.0,xclusiv_2025_xclusiv-2025_01_27.pdf
2025-02-03,5,Bulkers,Bangladesh,480.0,xclusiv_2025_xclusiv-2025_02_03.pdf
2025-02-03,5,Bulkers,India,475.0,xclusiv_2025_xclusiv-2025_02_03.pdf
2025-02-03,5,Bulkers,Pakistan,475.0,xclusiv_2025_xclusiv-2025_02_03.pdf
2025-02-03,5,Bulkers,Turkey,305.0,xclusiv_2025_xclusiv-2025_02_03.pdf
2025-02-03,5,Tankers,Bangladesh,490.0,xclusiv_2025_xclusiv-2025_02_03.pdf
2025-02-03,5,Tankers,India,485.0,xclusiv_2025_xclusiv-2025_02_03.pdf
2025-02-03,5,Tankers,Pakistan,485.0,xclusiv_2025_xclusiv-2025_02_03.pdf
2025-02-03,5,Tankers,Turkey,335.0,xclusiv_2025_xclusiv-2025_02_03.pdf
2025-02-10,6,Bulkers,Bangladesh,480.0,xclusiv_2025_xclusiv-2025_02_10.pdf
2025-02-10,6,Bulkers,India,475.0,xclusiv_2025_xclusiv-2025_02_10.pdf
2025-02-10,6,Bulkers,Pakistan,480.0,xclusiv_2025_xclusiv-2025_02_10.pdf
2025-02-10,6,Bulkers,Turkey,310.0,xclusiv_2025_xclusiv-2025_02_10.pdf
2025-02-10,6,Tankers,Bangladesh,490.0,xclusiv_2025_xclusiv-2025_02_10.pdf
2025-02-10,6,Tankers,India,485.0,xclusiv_2025_xclusiv-2025_02_10.pdf
2025-02-10,6,Tankers,Pakistan,490.0,xclusiv_2025_xclusiv-2025_02_10.pdf
2025-02-10,6,Tankers,Turkey,320.0,xclusiv_2025_xclusiv-2025_02_10.pdf
2025-02-17,7,Bulkers,Bangladesh,460.0,xclusiv_2025_xclusiv-2025_02_17.pdf
2025-02-17,7,Bulkers,India,460.0,xclusiv_2025_xclusiv-2025_02_17.pdf
2025-02-17,7,Bulkers,Pakistan,465.0,xclusiv_2025_xclusiv-2025_02_17.pdf
2025-02-17,7,Bulkers,Turkey,300.0,xclusiv_2025_xclusiv-2025_02_17.pdf
2025-02-17,7,Tankers,Bangladesh,470.0,xclusiv_2025_xclusiv-2025_02_17.pdf
2025-02-17,7,Tankers,India,475.0,xclusiv_2025_xclusiv-2025_02_17.pdf
2025-02-17,7,Tankers,Pakistan,470.0,xclusiv_2025_xclusiv-2025_02_17.pdf
2025-02-17,7,Tankers,Turkey,310.0,xclusiv_2025_xclusiv-2025_02_17.pdf
2025-02-24,8,Bulkers,Bangladesh,455.0,xclusiv_2025_xclusiv-2025_02_24.pdf
2025-02-24,8,Bulkers,India,455.0,xclusiv_2025_xclusiv-2025_02_24.pdf
2025-02-24,8,Bulkers,Pakistan,460.0,xclusiv_2025_xclusiv-2025_02_24.pdf
2025-02-24,8,Bulkers,Turkey,300.0,xclusiv_2025_xclusiv-2025_02_24.pdf
2025-02-24,8,Tankers,Bangladesh,465.0,xclusiv_2025_xclusiv-2025_02_24.pdf
2025-02-24,8,Tankers,India,470.0,xclusiv_2025_xclusiv-2025_02_24.pdf
2025-02-24,8,Tankers,Pakistan,465.0,xclusiv_2025_xclusiv-2025_02_24.pdf
2025-02-24,8,Tankers,Turkey,310.0,xclusiv_2025_xclusiv-2025_02_24.pdf
2025-03-04,9,Bulkers,Bangladesh,460.0,xclusiv_2025_xclusiv-2025_03_04.pdf
2025-03-04,9,Bulkers,India,455.0,xclusiv_2025_xclusiv-2025_03_04.pdf
2025-03-04,9,Bulkers,Pakistan,460.0,xclusiv_2025_xclusiv-2025_03_04.pdf
2025-03-04,9,Bulkers,Turkey,300.0,xclusiv_2025_xclusiv-2025_03_04.pdf
2025-03-04,9,Tankers,Bangladesh,470.0,xclusiv_2025_xclusiv-2025_03_04.pdf
2025-03-04,9,Tankers,India,470.0,xclusiv_2025_xclusiv-2025_03_04.pdf
2025-03-04,9,Tankers,Pakistan,465.0,xclusiv_2025_xclusiv-2025_03_04.pdf
2025-03-04,9,Tankers,Turkey,310.0,xclusiv_2025_xclusiv-2025_03_04.pdf
2025-03-10,10,Bulkers,Bangladesh,455.0,xclusiv_2025_xclusiv-2025_03_10.pdf
2025-03-10,10,Bulkers,India,450.0,xclusiv_2025_xclusiv-2025_03_10.pdf
2025-03-10,10,Bulkers,Pakistan,450.0,xclusiv_2025_xclusiv-2025_03_10.pdf
2025-03-10,10,Bulkers,Turkey,300.0,xclusiv_2025_xclusiv-2025_03_10.pdf
2025-03-10,10,Tankers,Bangladesh,465.0,xclusiv_2025_xclusiv-2025_03_10.pdf
2025-03-10,10,Tankers,India,465.0,xclusiv_2025_xclusiv-2025_03_10.pdf
2025-03-10,10,Tankers,Pakistan,460.0,xclusiv_2025_xclusiv-2025_03_10.pdf
2025-03-10,10,Tankers,Turkey,310.0,xclusiv_2025_xclusiv-2025_03_10.pdf
2025-03-17,11,Bulkers,Bangladesh,455.0,xclusiv_2025_xclusiv-2025_03_17.pdf
2025-03-17,11,Bulkers,India,450.0,xclusiv_2025_xclusiv-2025_03_17.pdf
2025-03-17,11,Bulkers,Pakistan,450.0,xclusiv_2025_xclusiv-2025_03_17.pdf
2025-03-17,11,Bulkers,Turkey,295.0,xclusiv_2025_xclusiv-2025_03_17.pdf
2025-03-17,11,Tankers,Bangladesh,465.0,xclusiv_2025_xclusiv-2025_03_17.pdf
2025-03-17,11,Tankers,India,465.0,xclusiv_2025_xclusiv-2025_03_17.pdf
2025-03-17,11,Tankers,Pakistan,460.0,xclusiv_2025_xclusiv-2025_03_17.pdf
2025-03-17,11,Tankers,Turkey,305.0,xclusiv_2025_xclusiv-2025_03_17.pdf
2025-03-24,12,Bulkers,Bangladesh,455.0,xclusiv_2025_xclusiv-2025_03_24.pdf
2025-03-24,12,Bulkers,India,450.0,xclusiv_2025_xclusiv-2025_03_24.pdf
2025-03-24,12,Bulkers,Pakistan,450.0,xclusiv_2025_xclusiv-2025_03_24.pdf
2025-03-24,12,Bulkers,Turkey,295.0,xclusiv_2025_xclusiv-2025_03_24.pdf
2025-03-24,12,Tankers,Bangladesh,465.0,xclusiv_2025_xclusiv-2025_03_24.pdf
2025-03-24,12,Tankers,India,465.0,xclusiv_2025_xclusiv-2025_03_24.pdf
2025-03-24,12,Tankers,Pakistan,460.0,xclusiv_2025_xclusiv-2025_03_24.pdf
2025-03-24,12,Tankers,Turkey,305.0,xclusiv_2025_xclusiv-2025_03_24.pdf
2025-03-31,13,Bulkers,Bangladesh,460.0,xclusiv_2025_xclusiv-2025_03_31.pdf
2025-03-31,13,Bulkers,India,450.0,xclusiv_2025_xclusiv-2025_03_31.pdf
2025-03-31,13,Bulkers,Pakistan,450.0,xclusiv_2025_xclusiv-2025_03_31.pdf
2025-03-31,13,Bulkers,Turkey,295.0,xclusiv_2025_xclusiv-2025_03_31.pdf
2025-03-31,13,Tankers,Bangladesh,470.0,xclusiv_2025_xclusiv-2025_03_31.pdf
2025-03-31,13,Tankers,India,465.0,xclusiv_2025_xclusiv-2025_03_31.pdf
2025-03-31,13,Tankers,Pakistan,460.0,xclusiv_2025_xclusiv-2025_03_31.pdf
2025-03-31,13,Tankers,Turkey,305.0,xclusiv_2025_xclusiv-2025_03_31.pdf
2025-04-07,14,Bulkers,Bangladesh,460.0,xclusiv_2025_xclusiv-2025_04_07_compressed.pdf
2025-04-07,14,Bulkers,India,450.0,xclusiv_2025_xclusiv-2025_04_07_compressed.pdf
2025-04-07,14,Bulkers,Pakistan,450.0,xclusiv_2025_xclusiv-2025_04_07_compressed.pdf
2025-04-07,14,Bulkers,Turkey,295.0,xclusiv_2025_xclusiv-2025_04_07_compressed.pdf
2025-04-07,14,Tankers,Bangladesh,470.0,xclusiv_2025_xclusiv-2025_04_07_compressed.pdf
2025-04-07,14,Tankers,India,465.0,xclusiv_2025_xclusiv-2025_04_07_compressed.pdf
2025-04-07,14,Tankers,Pakistan,460.0,xclusiv_2025_xclusiv-2025_04_07_compressed.pdf
2025-04-07,14,Tankers,Turkey,305.0,xclusiv_2025_xclusiv-2025_04_07_compressed.pdf
2025-04-14,15,Bulkers,Bangladesh,460.0,xclusiv_2025_xclusiv-2025_04_14.pdf
2025-04-14,15,Bulkers,India,450.0,xclusiv_2025_xclusiv-2025_04_14.pdf
2025-04-14,15,Bulkers,Pakistan,450.0,xclusiv_2025_xclusiv-2025_04_14.pdf
2025-04-14,15,Bulkers,Turkey,295.0,xclusiv_2025_xclusiv-2025_04_14.pdf
2025-04-14,15,Tankers,Bangladesh,460.0,xclusiv_2025_xclusiv-2025_04_14.pdf
2025-04-14,15,Tankers,India,455.0,xclusiv_2025_xclusiv-2025_04_14.pdf
2025-04-14,15,Tankers,Pakistan,455.0,xclusiv_2025_xclusiv-2025_04_14.pdf
2025-04-14,15,Tankers,Turkey,270.0,xclusiv_2025_xclusiv-2025_04_14.pdf
2025-04-22,16,Bulkers,Bangladesh,465.0,xclusiv_2025_xclusiv-2025_04_22_compressed.pdf
2025-04-22,16,Bulkers,India,460.0,xclusiv_2025_xclusiv-2025_04_22_compressed.pdf
2025-04-22,16,Bulkers,Pakistan,455.0,xclusiv_2025_xclusiv-2025_04_22_compressed.pdf
2025-04-22,16,Bulkers,Turkey,300.0,xclusiv_2025_xclusiv-2025_04_22_compressed.pdf
2025-04-22,16,Tankers,Bangladesh,465.0,xclusiv_2025_xclusiv-2025_04_22_compressed.pdf
2025-04-22,16,Tankers,India,475.0,xclusiv_2025_xclusiv-2025_04_22_compressed.pdf
2025-04-22,16,Tankers,Pakistan,465.0,xclusiv_2025_xclusiv-2025_04_22_compressed.pdf
2025-04-22,16,Tankers,Turkey,310.0,xclusiv_2025_xclusiv-2025_04_22_compressed.pdf
2025-04-28,17,Bulkers,Bangladesh,465.0,xclusiv_2025_xclusiv-2025_04_28_compressed.pdf
2025-04-28,17,Bulkers,India,460.0,xclusiv_2025_xclusiv-2025_04_28_compressed.pdf
2025-04-28,17,Bulkers,Pakistan,455.0,xclusiv_2025_xclusiv-2025_04_28_compressed.pdf
2025-04-28,17,Bulkers,Turkey,300.0,xclusiv_2025_xclusiv-2025_04_28_compressed.pdf
2025-04-28,17,Tankers,Bangladesh,465.0,xclusiv_2025_xclusiv-2025_04_28_compressed.pdf
2025-04-28,17,Tankers,India,475.0,xclusiv_2025_xclusiv-2025_04_28_compressed.pdf
2025-04-28,17,Tankers,Pakistan,465.0,xclusiv_2025_xclusiv-2025_04_28_compressed.pdf
2025-04-28,17,Tankers,Turkey,310.0,xclusiv_2025_xclusiv-2025_04_28_compressed.pdf
2025-05-05,18,Bulkers,Bangladesh,465.0,xclusiv_2025_xclusiv-2025_05_05_compressed.pdf
2025-05-05,18,Bulkers,India,455.0,xclusiv_2025_xclusiv-2025_05_05_compressed.pdf
2025-05-05,18,Bulkers,Pakistan,455.0,xclusiv_2025_xclusiv-2025_05_05_compressed.pdf
2025-05-05,18,Bulkers,Turkey,290.0,xclusiv_2025_xclusiv-2025_05_05_compressed.pdf
2025-05-05,18,Tankers,Bangladesh,475.0,xclusiv_2025_xclusiv-2025_05_05_compressed.pdf
2025-05-05,18,Tankers,India,465.0,xclusiv_2025_xclusiv-2025_05_05_compressed.pdf
2025-05-05,18,Tankers,Pakistan,465.0,xclusiv_2025_xclusiv-2025_05_05_compressed.pdf
2025-05-05,18,Tankers,Turkey,300.0,xclusiv_2025_xclusiv-2025_05_05_compressed.pdf
2025-05-12,19,Bulkers,Bangladesh,455.0,xclusiv_2025_xclusiv-2025_05_12.pdf
2025-05-12,19,Bulkers,India,455.0,xclusiv_2025_xclusiv-2025_05_12.pdf
2025-05-12,19,Bulkers,Pakistan,455.0,xclusiv_2025_xclusiv-2025_05_12.pdf
2025-05-12,19,Bulkers,Turkey,290.0,xclusiv_2025_xclusiv-2025_05_12.pdf
2025-05-12,19,Tankers,Bangladesh,465.0,xclusiv_2025_xclusiv-2025_05_12.pdf
2025-05-12,19,Tankers,India,465.0,xclusiv_2025_xclusiv-2025_05_12.pdf
2025-05-12,19,Tankers,Pakistan,465.0,xclusiv_2025_xclusiv-2025_05_12.pdf
2025-05-12,19,Tankers,Turkey,300.0,xclusiv_2025_xclusiv-2025_05_12.pdf
2025-05-19,20,Bulkers,Bangladesh,455.0,xclusiv_2025_xclusiv-2025_05_19_compressed.pdf
2025-05-19,20,Bulkers,India,455.0,xclusiv_2025_xclusiv-2025_05_19_compressed.pdf
2025-05-19,20,Bulkers,Pakistan,455.0,xclusiv_2025_xclusiv-2025_05_19_compressed.pdf
2025-05-19,20,Bulkers,Turkey,290.0,xclusiv_2025_xclusiv-2025_05_19_compressed.pdf
2025-05-19,20,Tankers,Bangladesh,465.0,xclusiv_2025_xclusiv-2025_05_19_compressed.pdf
2025-05-19,20,Tankers,India,465.0,xclusiv_2025_xclusiv-2025_05_19_compressed.pdf
2025-05-19,20,Tankers,Pakistan,465.0,xclusiv_2025_xclusiv-2025_05_19_compressed.pdf
2025-05-19,20,Tankers,Turkey,300.0,xclusiv_2025_xclusiv-2025_05_19_compressed.pdf
2025-05-26,21,Bulkers,Bangladesh,455.0,xclusiv_2025_xclusiv-2025_05_26_compressed.pdf
2025-05-26,21,Bulkers,India,455.0,xclusiv_2025_xclusiv-2025_05_26_compressed.pdf
2025-05-26,21,Bulkers,Pakistan,465.0,xclusiv_2025_xclusiv-2025_05_26_compressed.pdf
2025-05-26,21,Bulkers,Turkey,290.0,xclusiv_2025_xclusiv-2025_05_26_compressed.pdf
2025-05-26,21,Tankers,Bangladesh,465.0,xclusiv_2025_xclusiv-2025_05_26_compressed.pdf
2025-05-26,21,Tankers,India,465.0,xclusiv_2025_xclusiv-2025_05_26_compressed.pdf
2025-05-26,21,Tankers,Pakistan,475.0,xclusiv_2025_xclusiv-2025_05_26_compressed.pdf
2025-05-26,21,Tankers,Turkey,300.0,xclusiv_2025_xclusiv-2025_05_26_compressed.pdf
2025-06-02,22,Bulkers,Bangladesh,435.0,xclusiv_2025_xclusiv-2025_06_02_compressed.pdf
2025-06-02,22,Bulkers,India,445.0,xclusiv_2025_xclusiv-2025_06_02_compressed.pdf
2025-06-02,22,Bulkers,Pakistan,465.0,xclusiv_2025_xclusiv-2025_06_02_compressed.pdf
2025-06-02,22,Bulkers,Turkey,290.0,xclusiv_2025_xclusiv-2025_06_02_compressed.pdf
2025-06-02,22,Tankers,Bangladesh,445.0,xclusiv_2025_xclusiv-2025_06_02_compressed.pdf
2025-06-02,22,Tankers,India,455.0,xclusiv_2025_xclusiv-2025_06_02_compressed.pdf
2025-06-02,22,Tankers,Pakistan,475.0,xclusiv_2025_xclusiv-2025_06_02_compressed.pdf
2025-06-02,22,Tankers,Turkey,300.0,xclusiv_2025_xclusiv-2025_06_02_compressed.pdf
2025-06-10,23,Bulkers,Bangladesh,435.0,xclusiv_2025_xclusiv-2025_06_10-1.pdf
2025-06-10,23,Bulkers,India,435.0,xclusiv_2025_xclusiv-2025_06_10-1.pdf
2025-06-10,23,Bulkers,Pakistan,465.0,xclusiv_2025_xclusiv-2025_06_10-1.pdf
2025-06-10,23,Bulkers,Turkey,290.0,xclusiv_2025_xclusiv-2025_06_10-1.pdf
2025-06-10,23,Tankers,Bangladesh,445.0,xclusiv_2025_xclusiv-2025_06_10-1.pdf
2025-06-10,23,Tankers,India,445.0,xclusiv_2025_xclusiv-2025_06_10-1.pdf
2025-06-10,23,Tankers,Pakistan,475.0,xclusiv_2025_xclusiv-2025_06_10-1.pdf
2025-06-10,23,Tankers,Turkey,300.0,xclusiv_2025_xclusiv-2025_06_10-1.pdf
2025-06-16,24,Bulkers,Bangladesh,430.0,xclusiv_2025_xclusiv-2025_06_16.pdf
2025-06-16,24,Bulkers,India,425.0,xclusiv_2025_xclusiv-2025_06_16.pdf
2025-06-16,24,Bulkers,Pakistan,460.0,xclusiv_2025_xclusiv-2025_06_16.pdf
2025-06-16,24,Bulkers,Turkey,290.0,xclusiv_2025_xclusiv-2025_06_16.pdf
2025-06-16,24,Tankers,Bangladesh,440.0,xclusiv_2025_xclusiv-2025_06_16.pdf
2025-06-16,24,Tankers,India,435.0,xclusiv_2025_xclusiv-2025_06_16.pdf
2025-06-16,24,Tankers,Pakistan,470.0,xclusiv_2025_xclusiv-2025_06_16.pdf
2025-06-16,24,Tankers,Turkey,300.0,xclusiv_2025_xclusiv-2025_06_16.pdf
2025-06-23,25,Bulkers,Bangladesh,425.0,xclusiv_2025_xclusiv-2025_06_23.pdf
2025-06-23,25,Bulkers,India,425.0,xclusiv_2025_xclusiv-2025_06_23.pdf
2025-06-23,25,Bulkers,Pakistan,460.0,xclusiv_2025_xclusiv-2025_06_23.pdf
2025-06-23,25,Bulkers,Turkey,290.0,xclusiv_2025_xclusiv-2025_06_23.pdf
2025-06-23,25,Tankers,Bangladesh,435.0,xclusiv_2025_xclusiv-2025_06_23.pdf
2025-06-23,25,Tankers,India,430.0,xclusiv_2025_xclusiv-2025_06_23.pdf
2025-06-23,25,Tankers,Pakistan,470.0,xclusiv_2025_xclusiv-2025_06_23.pdf
2025-06-23,25,Tankers,Turkey,300.0,xclusiv_2025_xclusiv-2025_06_23.pdf
2025-06-30,26,Bulkers,Bangladesh,425.0,xclusiv_2025_xclusiv-2025_06_30.pdf
2025-06-30,26,Bulkers,India,425.0,xclusiv_2025_xclusiv-2025_06_30.pdf
2025-06-30,26,Bulkers,Pakistan,455.0,xclusiv_2025_xclusiv-2025_06_30.pdf
2025-06-30,26,Bulkers,Turkey,280.0,xclusiv_2025_xclusiv-2025_06_30.pdf
2025-06-30,26,Tankers,Bangladesh,445.0,xclusiv_2025_xclusiv-2025_06_30.pdf
2025-06-30,26,Tankers,India,440.0,xclusiv_2025_xclusiv-2025_06_30.pdf
2025-06-30,26,Tankers,Pakistan,445.0,xclusiv_2025_xclusiv-2025_06_30.pdf
2025-06-30,26,Tankers,Turkey,300.0,xclusiv_2025_xclusiv-2025_06_30.pdf
2025-07-07,27,Bulkers,Bangladesh,410.0,xclusiv_2025_xclusiv-2025_07_07.pdf
2025-07-07,27,Bulkers,India,415.0,xclusiv_2025_xclusiv-2025_07_07.pdf
2025-07-07,27,Bulkers,Pakistan,450.0,xclusiv_2025_xclusiv-2025_07_07.pdf
2025-07-07,27,Bulkers,Turkey,280.0,xclusiv_2025_xclusiv-2025_07_07.pdf
2025-07-07,27,Tankers,Bangladesh,430.0,xclusiv_2025_xclusiv-2025_07_07.pdf
2025-07-07,27,Tankers,India,430.0,xclusiv_2025_xclusiv-2025_07_07.pdf
2025-07-07,27,Tankers,Pakistan,440.0,xclusiv_2025_xclusiv-2025_07_07.pdf
2025-07-07,27,Tankers,Turkey,300.0,xclusiv_2025_xclusiv-2025_07_07.pdf
2025-07-14,28,Bulkers,Bangladesh,410.0,xclusiv_2025_xclusiv-2025_07_14.pdf
2025-07-14,28,Bulkers,India,415.0,xclusiv_2025_xclusiv-2025_07_14.pdf
2025-07-14,28,Bulkers,Pakistan,425.0,xclusiv_2025_xclusiv-2025_07_14.pdf
2025-07-14,28,Bulkers,Turkey,280.0,xclusiv_2025_xclusiv-2025_07_14.pdf
2025-07-14,28,Tankers,Bangladesh,420.0,xclusiv_2025_xclusiv-2025_07_14.pdf
2025-07-14,28,Tankers,India,425.0,xclusiv_2025_xclusiv-2025_07_14.pdf
2025-07-14,28,Tankers,Pakistan,435.0,xclusiv_2025_xclusiv-2025_07_14.pdf
2025-07-14,28,Tankers,Turkey,300.0,xclusiv_2025_xclusiv-2025_07_14.pdf
2025-07-21,29,Bulkers,Bangladesh,405.0,xclusiv_2025_xclusiv-2025_07_21.pdf
2025-07-21,29,Bulkers,India,415.0,xclusiv_2025_xclusiv-2025_07_21.pdf
2025-07-21,29,Bulkers,Pakistan,420.0,xclusiv_2025_xclusiv-2025_07_21.pdf
2025-07-21,29,Bulkers,Turkey,270.0,xclusiv_2025_xclusiv-2025_07_21.pdf
2025-07-21,29,Tankers,Bangladesh,420.0,xclusiv_2025_xclusiv-2025_07_21.pdf
2025-07-21,29,Tankers,India,425.0,xclusiv_2025_xclusiv-2025_07_21.pdf
2025-07-21,29,Tankers,Pakistan,435.0,xclusiv_2025_xclusiv-2025_07_21.pdf
2025-07-21,29,Tankers,Turkey,290.0,xclusiv_2025_xclusiv-2025_07_21.pdf
2025-07-28,30,Bulkers,Bangladesh,415.0,xclusiv_2025_xclusiv-2025_07_28.pdf
2025-07-28,30,Bulkers,India,425.0,xclusiv_2025_xclusiv-2025_07_28.pdf
2025-07-28,30,Bulkers,Pakistan,415.0,xclusiv_2025_xclusiv-2025_07_28.pdf
2025-07-28,30,Bulkers,Turkey,270.0,xclusiv_2025_xclusiv-2025_07_28.pdf
2025-07-28,30,Tankers,Bangladesh,430.0,xclusiv_2025_xclusiv-2025_07_28.pdf
2025-07-28,30,Tankers,India,440.0,xclusiv_2025_xclusiv-2025_07_28.pdf
2025-07-28,30,Tankers,Pakistan,430.0,xclusiv_2025_xclusiv-2025_07_28.pdf
2025-07-28,30,Tankers,Turkey,290.0,xclusiv_2025_xclusiv-2025_07_28.pdf
2025-08-04,31,Bulkers,Bangladesh,420.0,xclusiv_2025_xclusiv-2025_08_04.pdf
2025-08-04,31,Bulkers,India,430.0,xclusiv_2025_xclusiv-2025_08_04.pdf
2025-08-04,31,Bulkers,Pakistan,420.0,xclusiv_2025_xclusiv-2025_08_04.pdf
2025-08-04,31,Bulkers,Turkey,270.0,xclusiv_2025_xclusiv-2025_08_04.pdf
2025-08-04,31,Tankers,Bangladesh,440.0,xclusiv_2025_xclusiv-2025_08_04.pdf
2025-08-04,31,Tankers,India,450.0,xclusiv_2025_xclusiv-2025_08_04.pdf
2025-08-04,31,Tankers,Pakistan,440.0,xclusiv_2025_xclusiv-2025_08_04.pdf
2025-08-04,31,Tankers,Turkey,290.0,xclusiv_2025_xclusiv-2025_08_04.pdf
2025-08-11,32,Bulkers,Bangladesh,410.0,xclusiv_2025_xclusiv-2025_08_11.pdf
2025-08-11,32,Bulkers,India,425.0,xclusiv_2025_xclusiv-2025_08_11.pdf
2025-08-11,32,Bulkers,Pakistan,425.0,xclusiv_2025_xclusiv-2025_08_11.pdf
2025-08-11,32,Bulkers,Turkey,260.0,xclusiv_2025_xclusiv-2025_08_11.pdf
2025-08-11,32,Tankers,Bangladesh,430.0,xclusiv_2025_xclusiv-2025_08_11.pdf
2025-08-11,32,Tankers,India,445.0,xclusiv_2025_xclusiv-2025_08_11.pdf
2025-08-11,32,Tankers,Pakistan,435.0,xclusiv_2025_xclusiv-2025_08_11.pdf
2025-08-11,32,Tankers,Turkey,280.0,xclusiv_2025_xclusiv-2025_08_11.pdf
2025-08-18,33,Bulkers,Bangladesh,410.0,xclusiv_2025_xclusiv-2025_08_18.pdf
2025-08-18,33,Bulkers,India,425.0,xclusiv_2025_xclusiv-2025_08_18.pdf
2025-08-18,33,Bulkers,Pakistan,425.0,xclusiv_2025_xclusiv-2025_08_18.pdf
2025-08-18,33,Bulkers,Turkey,260.0,xclusiv_2025_xclusiv-2025_08_18.pdf
2025-08-18,33,Tankers,Bangladesh,430.0,xclusiv_2025_xclusiv-2025_08_18.pdf
2025-08-18,33,Tankers,India,445.0,xclusiv_2025_xclusiv-2025_08_18.pdf
2025-08-18,33,Tankers,Pakistan,435.0,xclusiv_2025_xclusiv-2025_08_18.pdf
2025-08-18,33,Tankers,Turkey,280.0,xclusiv_2025_xclusiv-2025_08_18.pdf
2025-08-25,34,Bulkers,Bangladesh,410.0,xclusiv_2025_xclusiv-2025_08_25.pdf
2025-08-25,34,Bulkers,India,425.0,xclusiv_2025_xclusiv-2025_08_25.pdf
2025-08-25,34,Bulkers,Pakistan,425.0,xclusiv_2025_xclusiv-2025_08_25.pdf
2025-08-25,34,Bulkers,Turkey,260.0,xclusiv_2025_xclusiv-2025_08_25.pdf
2025-08-25,34,Tankers,Bangladesh,430.0,xclusiv_2025_xclusiv-2025_08_25.pdf
2025-08-25,34,Tankers,India,445.0,xclusiv_2025_xclusiv-2025_08_25.pdf
2025-08-25,34,Tankers,Pakistan,435.0,xclusiv_2025_xclusiv-2025_08_25.pdf
2025-08-25,34,Tankers,Turkey,280.0,xclusiv_2025_xclusiv-2025_08_25.pdf
2025-09-01,35,Bulkers,Bangladesh,410.0,xclusiv_2025_xclusiv-2025_09_01.pdf
2025-09-01,35,Bulkers,India,420.0,xclusiv_2025_xclusiv-2025_09_01.pdf
2025-09-01,35,Bulkers,Pakistan,425.0,xclusiv_2025_xclusiv-2025_09_01.pdf
2025-09-01,35,Bulkers,Turkey,260.0,xclusiv_2025_xclusiv-2025_09_01.pdf
2025-09-01,35,Tankers,Bangladesh,430.0,xclusiv_2025_xclusiv-2025_09_01.pdf
2025-09-01,35,Tankers,India,440.0,xclusiv_2025_xclusiv-2025_09_01.pdf
2025-09-01,35,Tankers,Pakistan,435.0,xclusiv_2025_xclusiv-2025_09_01.pdf
2025-09-01,35,Tankers,Turkey,280.0,xclusiv_2025_xclusiv-2025_09_01.pdf
2025-09-08,36,Bulkers,Bangladesh,405.0,xclusiv_2025_xclusiv-2025_09_08.pdf
2025-09-08,36,Bulkers,India,415.0,xclusiv_2025_xclusiv-2025_09_08.pdf
2025-09-08,36,Bulkers,Pakistan,420.0,xclusiv_2025_xclusiv-2025_09_08.pdf
2025-09-08,36,Bulkers,Turkey,260.0,xclusiv_2025_xclusiv-2025_09_08.pdf
2025-09-08,36,Tankers,Bangladesh,430.0,xclusiv_2025_xclusiv-2025_09_08.pdf
2025-09-08,36,Tankers,India,440.0,xclusiv_2025_xclusiv-2025_09_08.pdf
2025-09-08,36,Tankers,Pakistan,435.0,xclusiv_2025_xclusiv-2025_09_08.pdf
2025-09-08,36,Tankers,Turkey,280.0,xclusiv_2025_xclusiv-2025_09_08.pdf
2025-09-22,38,Bulkers,Bangladesh,405.0,xclusiv_2025_xclusiv-2025_09_22.pdf
2025-09-22,38,Bulkers,India,415.0,xclusiv_2025_xclusiv-2025_09_22.pdf
2025-09-22,38,Bulkers,Pakistan,420.0,xclusiv_2025_xclusiv-2025_09_22.pdf
2025-09-22,38,Bulkers,Turkey,260.0,xclusiv_2025_xclusiv-2025_09_22.pdf
2025-09-22,38,Tankers,Bangladesh,425.0,xclusiv_2025_xclusiv-2025_09_22.pdf
2025-09-22,38,Tankers,India,435.0,xclusiv_2025_xclusiv-2025_09_22.pdf
2025-09-22,38,Tankers,Pakistan,430.0,xclusiv_2025_xclusiv-2025_09_22.pdf
2025-09-22,38,Tankers,Turkey,280.0,xclusiv_2025_xclusiv-2025_09_22.pdf
2025-09-29,39,Bulkers,Bangladesh,405.0,xclusiv_2025_xclusiv-2025_09_29.pdf
2025-09-29,39,Bulkers,India,410.0,xclusiv_2025_xclusiv-2025_09_29.pdf
2025-09-29,39,Bulkers,Pakistan,420.0,xclusiv_2025_xclusiv-2025_09_29.pdf
2025-09-29,39,Bulkers,Turkey,260.0,xclusiv_2025_xclusiv-2025_09_29.pdf
2025-09-29,39,Tankers,Bangladesh,425.0,xclusiv_2025_xclusiv-2025_09_29.pdf
2025-09-29,39,Tankers,India,430.0,xclusiv_2025_xclusiv-2025_09_29.pdf
2025-09-29,39,Tankers,Pakistan,430.0,xclusiv_2025_xclusiv-2025_09_29.pdf
2025-09-29,39,Tankers,Turkey,280.0,xclusiv_2025_xclusiv-2025_09_29.pdf
2025-10-06,40,Bulkers,Bangladesh,405.0,xclusiv_2025_xclusiv-2025_10_06.pdf
2025-10-06,40,Bulkers,India,410.0,xclusiv_2025_xclusiv-2025_10_06.pdf
2025-10-06,40,Bulkers,Pakistan,420.0,xclusiv_2025_xclusiv-2025_10_06.pdf
2025-10-06,40,Bulkers,Turkey,260.0,xclusiv_2025_xclusiv-2025_10_06.pdf
2025-10-06,40,Tankers,Bangladesh,425.0,xclusiv_2025_xclusiv-2025_10_06.pdf
2025-10-06,40,Tankers,India,430.0,xclusiv_2025_xclusiv-2025_10_06.pdf
2025-10-06,40,Tankers,Pakistan,430.0,xclusiv_2025_xclusiv-2025_10_06.pdf
2025-10-06,40,Tankers,Turkey,280.0,xclusiv_2025_xclusiv-2025_10_06.pdf
2025-10-13,41,Bulkers,Bangladesh,405.0,xclusiv_2025_xclusiv-2025_10_13.pdf
2025-10-13,41,Bulkers,India,410.0,xclusiv_2025_xclusiv-2025_10_13.pdf
2025-10-13,41,Bulkers,Pakistan,420.0,xclusiv_2025_xclusiv-2025_10_13.pdf
2025-10-13,41,Bulkers,Turkey,260.0,xclusiv_2025_xclusiv-2025_10_13.pdf
2025-10-13,41,Tankers,Bangladesh,425.0,xclusiv_2025_xclusiv-2025_10_13.pdf
2025-10-13,41,Tankers,India,430.0,xclusiv_2025_xclusiv-2025_10_13.pdf
2025-10-13,41,Tankers,Pakistan,430.0,xclusiv_2025_xclusiv-2025_10_13.pdf
2025-10-13,41,Tankers,Turkey,280.0,xclusiv_2025_xclusiv-2025_10_13.pdf
2025-10-20,42,Bulkers,Bangladesh,400.0,xclusiv_2025_xclusiv-2025_10_20.pdf
2025-10-20,42,Bulkers,India,410.0,xclusiv_2025_xclusiv-2025_10_20.pdf
2025-10-20,42,Bulkers,Pakistan,415.0,xclusiv_2025_xclusiv-2025_10_20.pdf
2025-10-20,42,Bulkers,Turkey,260.0,xclusiv_2025_xclusiv-2025_10_20.pdf
2025-10-20,42,Tankers,Bangladesh,420.0,xclusiv_2025_xclusiv-2025_10_20.pdf
2025-10-20,42,Tankers,India,430.0,xclusiv_2025_xclusiv-2025_10_20.pdf
2025-10-20,42,Tankers,Pakistan,425.0,xclusiv_2025_xclusiv-2025_10_20.pdf
2025-10-20,42,Tankers,Turkey,280.0,xclusiv_2025_xclusiv-2025_10_20.pdf
2025-10-27,43,Bulkers,Bangladesh,400.0,xclusiv_2025_xclusiv-2025_10_27.pdf
2025-10-27,43,Bulkers,India,410.0,xclusiv_2025_xclusiv-2025_10_27.pdf
2025-10-27,43,Bulkers,Pakistan,415.0,xclusiv_2025_xclusiv-2025_10_27.pdf
2025-10-27,43,Bulkers,Turkey,260.0,xclusiv_2025_xclusiv-2025_10_27.pdf
2025-10-27,43,Tankers,Bangladesh,420.0,xclusiv_2025_xclusiv-2025_10_27.pdf
2025-10-27,43,Tankers,India,430.0,xclusiv_2025_xclusiv-2025_10_27.pdf
2025-10-27,43,Tankers,Pakistan,425.0,xclusiv_2025_xclusiv-2025_10_27.pdf
2025-10-27,43,Tankers,Turkey,280.0,xclusiv_2025_xclusiv-2025_10_27.pdf
2025-11-03,44,Bulkers,Bangladesh,400.0,xclusiv_2025_xclusiv-2025_11_03.pdf
2025-11-03,44,Bulkers,India,410.0,xclusiv_2025_xclusiv-2025_11_03.pdf
2025-11-03,44,Bulkers,Pakistan,415.0,xclusiv_2025_xclusiv-2025_11_03.pdf
2025-11-03,44,Bulkers,Turkey,260.0,xclusiv_2025_xclusiv-2025_11_03.pdf
2025-11-03,44,Tankers,Bangladesh,420.0,xclusiv_2025_xclusiv-2025_11_03.pdf
2025-11-03,44,Tankers,India,430.0,xclusiv_2025_xclusiv-2025_11_03.pdf
2025-11-03,44,Tankers,Pakistan,425.0,xclusiv_2025_xclusiv-2025_11_03.pdf
2025-11-03,44,Tankers,Turkey,280.0,xclusiv_2025_xclusiv-2025_11_03.pdf
2025-11-10,45,Bulkers,Bangladesh,400.0,xclusiv_2025_xclusiv-2025_11_10.pdf
2025-11-10,45,Bulkers,India,400.0,xclusiv_2025_xclusiv-2025_11_10.pdf
2025-11-10,45,Bulkers,Pakistan,405.0,xclusiv_2025_xclusiv-2025_11_10.pdf
2025-11-10,45,Bulkers,Turkey,260.0,xclusiv_2025_xclusiv-2025_11_10.pdf
2025-11-10,45,Tankers,Bangladesh,420.0,xclusiv_2025_xclusiv-2025_11_10.pdf
2025-11-10,45,Tankers,India,420.0,xclusiv_2025_xclusiv-2025_11_10.pdf
2025-11-10,45,Tankers,Pakistan,415.0,xclusiv_2025_xclusiv-2025_11_10.pdf
2025-11-10,45,Tankers,Turkey,280.0,xclusiv_2025_xclusiv-2025_11_10.pdf
2025-11-17,46,Bulkers,Bangladesh,410.0,xclusiv_2025_xclusiv-2025_11_17-1.pdf
2025-11-17,46,Bulkers,India,380.0,xclusiv_2025_xclusiv-2025_11_17-1.pdf
2025-11-17,46,Bulkers,Pakistan,400.0,xclusiv_2025_xclusiv-2025_11_17-1.pdf
2025-11-17,46,Bulkers,Turkey,260.0,xclusiv_2025_xclusiv-2025_11_17-1.pdf
2025-11-17,46,Tankers,Bangladesh,430.0,xclusiv_2025_xclusiv-2025_11_17-1.pdf
2025-11-17,46,Tankers,India,400.0,xclusiv_2025_xclusiv-2025_11_17-1.pdf
2025-11-17,46,Tankers,Pakistan,420.0,xclusiv_2025_xclusiv-2025_11_17-1.pdf
2025-11-17,46,Tankers,Turkey,270.0,xclusiv_2025_xclusiv-2025_11_17-1.pdf
2025-11-24,47,Bulkers,Bangladesh,410.0,xclusiv_2025_xclusiv-2025_11_24.pdf
2025-11-24,47,Bulkers,India,380.0,xclusiv_2025_xclusiv-2025_11_24.pdf
2025-11-24,47,Bulkers,Pakistan,400.0,xclusiv_2025_xclusiv-2025_11_24.pdf
2025-11-24,47,Bulkers,Turkey,260.0,xclusiv_2025_xclusiv-2025_11_24.pdf
2025-11-24,47,Tankers,Bangladesh,430.0,xclusiv_2025_xclusiv-2025_11_24.pdf
2025-11-24,47,Tankers,India,400.0,xclusiv_2025_xclusiv-2025_11_24.pdf
2025-11-24,47,Tankers,Pakistan,420.0,xclusiv_2025_xclusiv-2025_11_24.pdf
2025-11-24,47,Tankers,Turkey,270.0,xclusiv_2025_xclusiv-2025_11_24.pdf
2025-12-01,48,Bulkers,Bangladesh,410.0,xclusiv_2025_xclusiv-2025_12_01.pdf
2025-12-01,48,Bulkers,India,380.0,xclusiv_2025_xclusiv-2025_12_01.pdf
2025-12-01,48,Bulkers,Pakistan,400.0,xclusiv_2025_xclusiv-2025_12_01.pdf
2025-12-01,48,Bulkers,Turkey,260.0,xclusiv_2025_xclusiv-2025_12_01.pdf
2025-12-01,48,Tankers,Bangladesh,430.0,xclusiv_2025_xclusiv-2025_12_01.pdf
2025-12-01,48,Tankers,India,400.0,xclusiv_2025_xclusiv-2025_12_01.pdf
2025-12-01,48,Tankers,Pakistan,420.0,xclusiv_2025_xclusiv-2025_12_01.pdf
2025-12-01,48,Tankers,Turkey,270.0,xclusiv_2025_xclusiv-2025_12_01.pdf
2025-12-08,49,Bulkers,Bangladesh,410.0,xclusiv_2025_xclusiv-2025_12_08.pdf
2025-12-08,49,Bulkers,India,380.0,xclusiv_2025_xclusiv-2025_12_08.pdf
2025-12-08,49,Bulkers,Pakistan,400.0,xclusiv_2025_xclusiv-2025_12_08.pdf
2025-12-08,49,Bulkers,Turkey,270.0,xclusiv_2025_xclusiv-2025_12_08.pdf
2025-12-08,49,Tankers,Bangladesh,430.0,xclusiv_2025_xclusiv-2025_12_08.pdf
2025-12-08,49,Tankers,India,400.0,xclusiv_2025_xclusiv-2025_12_08.pdf
2025-12-08,49,Tankers,Pakistan,420.0,xclusiv_2025_xclusiv-2025_12_08.pdf
2025-12-08,49,Tankers,Turkey,280.0,xclusiv_2025_xclusiv-2025_12_08.pdf
2025-12-15,50,Bulkers,Bangladesh,410.0,xclusiv_2025_xclusiv-2025_12_15.pdf
2025-12-15,50,Bulkers,India,380.0,xclusiv_2025_xclusiv-2025_12_15.pdf
2025-12-15,50,Bulkers,Pakistan,400.0,xclusiv_2025_xclusiv-2025_12_15.pdf
2025-12-15,50,Bulkers,Turkey,270.0,xclusiv_2025_xclusiv-2025_12_15.pdf
2025-12-15,50,Tankers,Bangladesh,430.0,xclusiv_2025_xclusiv-2025_12_15.pdf
2025-12-15,50,Tankers,India,400.0,xclusiv_2025_xclusiv-2025_12_15.pdf
2025-12-15,50,Tankers,Pakistan,420.0,xclusiv_2025_xclusiv-2025_12_15.pdf
2025-12-15,50,Tankers,Turkey,280.0,xclusiv_2025_xclusiv-2025_12_15.pdf
2025-12-22,51,Bulkers,Bangladesh,410.0,xclusiv_2025_xclusiv-2025_12_22.pdf
2025-12-22,51,Bulkers,India,380.0,xclusiv_2025_xclusiv-2025_12_22.pdf
2025-12-22,51,Bulkers,Pakistan,400.0,xclusiv_2025_xclusiv-2025_12_22.pdf
2025-12-22,51,Bulkers,Turkey,270.0,xclusiv_2025_xclusiv-2025_12_22.pdf
2025-12-22,51,Tankers,Bangladesh,430.0,xclusiv_2025_xclusiv-2025_12_22.pdf
2025-12-22,51,Tankers,India,400.0,xclusiv_2025_xclusiv-2025_12_22.pdf
2025-12-22,51,Tankers,Pakistan,420.0,xclusiv_2025_xclusiv-2025_12_22.pdf
2025-12-22,51,Tankers,Turkey,280.0,xclusiv_2025_xclusiv-2025_12_22.pdf
2026-01-05,1,Bulkers,Bangladesh,410.0,xclusiv_2026_xclusiv-2026_01_05.pdf
2026-01-05,1,Bulkers,India,380.0,xclusiv_2026_xclusiv-2026_01_05.pdf
2026-01-05,1,Bulkers,Pakistan,400.0,xclusiv_2026_xclusiv-2026_01_05.pdf
2026-01-05,1,Bulkers,Turkey,270.0,xclusiv_2026_xclusiv-2026_01_05.pdf
2026-01-05,1,Tankers,Bangladesh,430.0,xclusiv_2026_xclusiv-2026_01_05.pdf
2026-01-05,1,Tankers,India,400.0,xclusiv_2026_xclusiv-2026_01_05.pdf
2026-01-05,1,Tankers,Pakistan,420.0,xclusiv_2026_xclusiv-2026_01_05.pdf
2026-01-05,1,Tankers,Turkey,280.0,xclusiv_2026_xclusiv-2026_01_05.pdf
2026-01-12,2,Bulkers,Bangladesh,410.0,xclusiv_2026_xclusiv-2026_01_12.pdf
2026-01-12,2,Bulkers,India,370.0,xclusiv_2026_xclusiv-2026_01_12.pdf
2026-01-12,2,Bulkers,Pakistan,400.0,xclusiv_2026_xclusiv-2026_01_12.pdf
2026-01-12,2,Bulkers,Turkey,270.0,xclusiv_2026_xclusiv-2026_01_12.pdf
2026-01-12,2,Tankers,Bangladesh,430.0,xclusiv_2026_xclusiv-2026_01_12.pdf
2026-01-12,2,Tankers,India,400.0,xclusiv_2026_xclusiv-2026_01_12.pdf
2026-01-12,2,Tankers,Pakistan,420.0,xclusiv_2026_xclusiv-2026_01_12.pdf
2026-01-12,2,Tankers,Turkey,280.0,xclusiv_2026_xclusiv-2026_01_12.pdf
2026-01-19,3,Bulkers,Bangladesh,410.0,xclusiv_2026_xclusiv-2026_01_19.pdf
2026-01-19,3,Bulkers,India,370.0,xclusiv_2026_xclusiv-2026_01_19.pdf
2026-01-19,3,Bulkers,Pakistan,400.0,xclusiv_2026_xclusiv-2026_01_19.pdf
2026-01-19,3,Bulkers,Turkey,270.0,xclusiv_2026_xclusiv-2026_01_19.pdf
2026-01-19,3,Tankers,Bangladesh,430.0,xclusiv_2026_xclusiv-2026_01_19.pdf
2026-01-19,3,Tankers,India,390.0,xclusiv_2026_xclusiv-2026_01_19.pdf
2026-01-19,3,Tankers,Pakistan,420.0,xclusiv_2026_xclusiv-2026_01_19.pdf
2026-01-19,3,Tankers,Turkey,280.0,xclusiv_2026_xclusiv-2026_01_19.pdf
2026-01-26,4,Bulkers,Bangladesh,410.0,xclusiv_2026_xclusiv-2026_01_26.pdf
2026-01-26,4,Bulkers,India,370.0,xclusiv_2026_xclusiv-2026_01_26.pdf
2026-01-26,4,Bulkers,Pakistan,400.0,xclusiv_2026_xclusiv-2026_01_26.pdf
2026-01-26,4,Bulkers,Turkey,270.0,xclusiv_2026_xclusiv-2026_01_26.pdf
2026-01-26,4,Tankers,Bangladesh,430.0,xclusiv_2026_xclusiv-2026_01_26.pdf
2026-01-26,4,Tankers,India,390.0,xclusiv_2026_xclusiv-2026_01_26.pdf
2026-01-26,4,Tankers,Pakistan,420.0,xclusiv_2026_xclusiv-2026_01_26.pdf
2026-01-26,4,Tankers,Turkey,280.0,xclusiv_2026_xclusiv-2026_01_26.pdf
2026-02-02,5,Bulkers,Bangladesh,410.0,xclusiv_2026_xclusiv-2026_02_02.pdf
2026-02-02,5,Bulkers,India,390.0,xclusiv_2026_xclusiv-2026_02_02.pdf
2026-02-02,5,Bulkers,Pakistan,410.0,xclusiv_2026_xclusiv-2026_02_02.pdf
2026-02-02,5,Bulkers,Turkey,270.0,xclusiv_2026_xclusiv-2026_02_02.pdf
2026-02-02,5,Tankers,Bangladesh,430.0,xclusiv_2026_xclusiv-2026_02_02.pdf
2026-02-02,5,Tankers,India,410.0,xclusiv_2026_xclusiv-2026_02_02.pdf
2026-02-02,5,Tankers,Pakistan,430.0,xclusiv_2026_xclusiv-2026_02_02.pdf
2026-02-02,5,Tankers,Turkey,280.0,xclusiv_2026_xclusiv-2026_02_02.pdf
2026-02-09,6,Bulkers,Bangladesh,410.0,xclusiv_2026_xclusiv-2026_02_09.pdf
2026-02-09,6,Bulkers,India,390.0,xclusiv_2026_xclusiv-2026_02_09.pdf
2026-02-09,6,Bulkers,Pakistan,410.0,xclusiv_2026_xclusiv-2026_02_09.pdf
2026-02-09,6,Bulkers,Turkey,270.0,xclusiv_2026_xclusiv-2026_02_09.pdf
2026-02-09,6,Tankers,Bangladesh,430.0,xclusiv_2026_xclusiv-2026_02_09.pdf
2026-02-09,6,Tankers,India,410.0,xclusiv_2026_xclusiv-2026_02_09.pdf
2026-02-09,6,Tankers,Pakistan,430.0,xclusiv_2026_xclusiv-2026_02_09.pdf
2026-02-09,6,Tankers,Turkey,280.0,xclusiv_2026_xclusiv-2026_02_09.pdf
2026-02-16,7,Bulkers,Bangladesh,410.0,xclusiv_2026_xclusiv-2026_02_16.pdf
2026-02-16,7,Bulkers,India,390.0,xclusiv_2026_xclusiv-2026_02_16.pdf
2026-02-16,7,Bulkers,Pakistan,410.0,xclusiv_2026_xclusiv-2026_02_16.pdf
2026-02-16,7,Bulkers,Turkey,270.0,xclusiv_2026_xclusiv-2026_02_16.pdf
2026-02-16,7,Tankers,Bangladesh,430.0,xclusiv_2026_xclusiv-2026_02_16.pdf
2026-02-16,7,Tankers,India,410.0,xclusiv_2026_xclusiv-2026_02_16.pdf
2026-02-16,7,Tankers,Pakistan,430.0,xclusiv_2026_xclusiv-2026_02_16.pdf
2026-02-16,7,Tankers,Turkey,280.0,xclusiv_2026_xclusiv-2026_02_16.pdf
2026-02-24,8,Bulkers,Bangladesh,410.0,xclusiv_2026_xclusiv-2026_02_24.pdf
2026-02-24,8,Bulkers,India,390.0,xclusiv_2026_xclusiv-2026_02_24.pdf
2026-02-24,8,Bulkers,Pakistan,410.0,xclusiv_2026_xclusiv-2026_02_24.pdf
2026-02-24,8,Bulkers,Turkey,270.0,xclusiv_2026_xclusiv-2026_02_24.pdf
2026-02-24,8,Tankers,Bangladesh,430.0,xclusiv_2026_xclusiv-2026_02_24.pdf
2026-02-24,8,Tankers,India,410.0,xclusiv_2026_xclusiv-2026_02_24.pdf
2026-02-24,8,Tankers,Pakistan,430.0,xclusiv_2026_xclusiv-2026_02_24.pdf
2026-02-24,8,Tankers,Turkey,280.0,xclusiv_2026_xclusiv-2026_02_24.pdf
2026-03-02,9,Bulkers,Bangladesh,410.0,xclusiv_2026_xclusiv-2026_03_02.pdf
2026-03-02,9,Bulkers,India,390.0,xclusiv_2026_xclusiv-2026_03_02.pdf
2026-03-02,9,Bulkers,Pakistan,410.0,xclusiv_2026_xclusiv-2026_03_02.pdf
2026-03-02,9,Bulkers,Turkey,270.0,xclusiv_2026_xclusiv-2026_03_02.pdf
2026-03-02,9,Tankers,Bangladesh,430.0,xclusiv_2026_xclusiv-2026_03_02.pdf
2026-03-02,9,Tankers,India,410.0,xclusiv_2026_xclusiv-2026_03_02.pdf
2026-03-02,9,Tankers,Pakistan,430.0,xclusiv_2026_xclusiv-2026_03_02.pdf
2026-03-02,9,Tankers,Turkey,280.0,xclusiv_2026_xclusiv-2026_03_02.pdf
2026-03-09,10,Bulkers,Bangladesh,410.0,xclusiv_2026_xclusiv-2026_03_09.pdf
2026-03-09,10,Bulkers,India,390.0,xclusiv_2026_xclusiv-2026_03_09.pdf
2026-03-09,10,Bulkers,Pakistan,410.0,xclusiv_2026_xclusiv-2026_03_09.pdf
2026-03-09,10,Bulkers,Turkey,270.0,xclusiv_2026_xclusiv-2026_03_09.pdf
2026-03-09,10,Tankers,Bangladesh,430.0,xclusiv_2026_xclusiv-2026_03_09.pdf
2026-03-09,10,Tankers,India,410.0,xclusiv_2026_xclusiv-2026_03_09.pdf
2026-03-09,10,Tankers,Pakistan,430.0,xclusiv_2026_xclusiv-2026_03_09.pdf
2026-03-09,10,Tankers,Turkey,280.0,xclusiv_2026_xclusiv-2026_03_09.pdf
2026-03-16,11,Bulkers,Bangladesh,410.0,xclusiv_2026_xclusiv-2026_03_16.pdf
2026-03-16,11,Bulkers,India,390.0,xclusiv_2026_xclusiv-2026_03_16.pdf
2026-03-16,11,Bulkers,Pakistan,410.0,xclusiv_2026_xclusiv-2026_03_16.pdf
2026-03-16,11,Bulkers,Turkey,270.0,xclusiv_2026_xclusiv-2026_03_16.pdf
2026-03-16,11,Tankers,Bangladesh,430.0,xclusiv_2026_xclusiv-2026_03_16.pdf
2026-03-16,11,Tankers,India,410.0,xclusiv_2026_xclusiv-2026_03_16.pdf
2026-03-16,11,Tankers,Pakistan,430.0,xclusiv_2026_xclusiv-2026_03_16.pdf
2026-03-16,11,Tankers,Turkey,280.0,xclusiv_2026_xclusiv-2026_03_16.pdf
2026-03-23,12,Bulkers,Bangladesh,410.0,xclusiv_2026_xclusiv-2026_03_23.pdf
2026-03-23,12,Bulkers,India,390.0,xclusiv_2026_xclusiv-2026_03_23.pdf
2026-03-23,12,Bulkers,Pakistan,410.0,xclusiv_2026_xclusiv-2026_03_23.pdf
2026-03-23,12,Bulkers,Turkey,270.0,xclusiv_2026_xclusiv-2026_03_23.pdf
2026-03-23,12,Tankers,Bangladesh,430.0,xclusiv_2026_xclusiv-2026_03_23.pdf
2026-03-23,12,Tankers,India,410.0,xclusiv_2026_xclusiv-2026_03_23.pdf
2026-03-23,12,Tankers,Pakistan,430.0,xclusiv_2026_xclusiv-2026_03_23.pdf
2026-03-23,12,Tankers,Turkey,280.0,xclusiv_2026_xclusiv-2026_03_23.pdf
2026-03-30,13,Bulkers,Bangladesh,410.0,xclusiv_2026_xclusiv-2026_03_30.pdf
2026-03-30,13,Bulkers,India,390.0,xclusiv_2026_xclusiv-2026_03_30.pdf
2026-03-30,13,Bulkers,Pakistan,410.0,xclusiv_2026_xclusiv-2026_03_30.pdf
2026-03-30,13,Bulkers,Turkey,270.0,xclusiv_2026_xclusiv-2026_03_30.pdf
2026-03-30,13,Tankers,Bangladesh,430.0,xclusiv_2026_xclusiv-2026_03_30.pdf
2026-03-30,13,Tankers,India,410.0,xclusiv_2026_xclusiv-2026_03_30.pdf
2026-03-30,13,Tankers,Pakistan,430.0,xclusiv_2026_xclusiv-2026_03_30.pdf
2026-03-30,13,Tankers,Turkey,280.0,xclusiv_2026_xclusiv-2026_03_30.pdf
2026-04-14,15,Bulkers,Bangladesh,410.0,xclusiv_2026_xclusiv-2026_04_14.pdf
2026-04-14,15,Bulkers,India,390.0,xclusiv_2026_xclusiv-2026_04_14.pdf
2026-04-14,15,Bulkers,Pakistan,410.0,xclusiv_2026_xclusiv-2026_04_14.pdf
2026-04-14,15,Bulkers,Turkey,270.0,xclusiv_2026_xclusiv-2026_04_14.pdf
2026-04-14,15,Tankers,Bangladesh,430.0,xclusiv_2026_xclusiv-2026_04_14.pdf
2026-04-14,15,Tankers,India,410.0,xclusiv_2026_xclusiv-2026_04_14.pdf
2026-04-14,15,Tankers,Pakistan,430.0,xclusiv_2026_xclusiv-2026_04_14.pdf
2026-04-14,15,Tankers,Turkey,280.0,xclusiv_2026_xclusiv-2026_04_14.pdf
2026-04-20,16,Bulkers,Bangladesh,410.0,xclusiv_2026_xclusiv-2026_04_20.pdf
2026-04-20,16,Bulkers,India,390.0,xclusiv_2026_xclusiv-2026_04_20.pdf
2026-04-20,16,Bulkers,Pakistan,410.0,xclusiv_2026_xclusiv-2026_04_20.pdf
2026-04-20,16,Bulkers,Turkey,270.0,xclusiv_2026_xclusiv-2026_04_20.pdf
2026-04-20,16,Tankers,Bangladesh,430.0,xclusiv_2026_xclusiv-2026_04_20.pdf
2026-04-20,16,Tankers,India,410.0,xclusiv_2026_xclusiv-2026_04_20.pdf
2026-04-20,16,Tankers,Pakistan,430.0,xclusiv_2026_xclusiv-2026_04_20.pdf
2026-04-20,16,Tankers,Turkey,280.0,xclusiv_2026_xclusiv-2026_04_20.pdf
2026-04-27,17,Bulkers,Bangladesh,410.0,xclusiv_2026_xclusiv-2026_04_27.pdf
2026-04-27,17,Bulkers,India,390.0,xclusiv_2026_xclusiv-2026_04_27.pdf
2026-04-27,17,Bulkers,Pakistan,410.0,xclusiv_2026_xclusiv-2026_04_27.pdf
2026-04-27,17,Bulkers,Turkey,270.0,xclusiv_2026_xclusiv-2026_04_27.pdf
2026-04-27,17,Tankers,Bangladesh,430.0,xclusiv_2026_xclusiv-2026_04_27.pdf
2026-04-27,17,Tankers,India,410.0,xclusiv_2026_xclusiv-2026_04_27.pdf
2026-04-27,17,Tankers,Pakistan,430.0,xclusiv_2026_xclusiv-2026_04_27.pdf
2026-04-27,17,Tankers,Turkey,280.0,xclusiv_2026_xclusiv-2026_04_27.pdf
2026-05-04,18,Bulkers,Bangladesh,410.0,xclusiv_2026_xclusiv-2026_05_04.pdf
2026-05-04,18,Bulkers,India,390.0,xclusiv_2026_xclusiv-2026_05_04.pdf
2026-05-04,18,Bulkers,Pakistan,410.0,xclusiv_2026_xclusiv-2026_05_04.pdf
2026-05-04,18,Bulkers,Turkey,270.0,xclusiv_2026_xclusiv-2026_05_04.pdf
2026-05-04,18,Tankers,Bangladesh,430.0,xclusiv_2026_xclusiv-2026_05_04.pdf
2026-05-04,18,Tankers,India,410.0,xclusiv_2026_xclusiv-2026_05_04.pdf
2026-05-04,18,Tankers,Pakistan,430.0,xclusiv_2026_xclusiv-2026_05_04.pdf
2026-05-04,18,Tankers,Turkey,280.0,xclusiv_2026_xclusiv-2026_05_04.pdf
2026-05-11,19,Bulkers,Bangladesh,460.0,xclusiv_2026_xclusiv-2026_05_11.pdf
2026-05-11,19,Bulkers,India,420.0,xclusiv_2026_xclusiv-2026_05_11.pdf
2026-05-11,19,Bulkers,Pakistan,445.0,xclusiv_2026_xclusiv-2026_05_11.pdf
2026-05-11,19,Bulkers,Turkey,275.0,xclusiv_2026_xclusiv-2026_05_11.pdf
2026-05-11,19,Tankers,Bangladesh,480.0,xclusiv_2026_xclusiv-2026_05_11.pdf
2026-05-11,19,Tankers,India,440.0,xclusiv_2026_xclusiv-2026_05_11.pdf
2026-05-11,19,Tankers,Pakistan,465.0,xclusiv_2026_xclusiv-2026_05_11.pdf
2026-05-11,19,Tankers,Turkey,285.0,xclusiv_2026_xclusiv-2026_05_11.pdf
2026-05-18,20,Bulkers,Bangladesh,460.0,xclusiv_2026_xclusiv-2026_05_18.pdf
2026-05-18,20,Bulkers,India,415.0,xclusiv_2026_xclusiv-2026_05_18.pdf
2026-05-18,20,Bulkers,Pakistan,445.0,xclusiv_2026_xclusiv-2026_05_18.pdf
2026-05-18,20,Bulkers,Turkey,275.0,xclusiv_2026_xclusiv-2026_05_18.pdf
2026-05-18,20,Tankers,Bangladesh,480.0,xclusiv_2026_xclusiv-2026_05_18.pdf
2026-05-18,20,Tankers,India,435.0,xclusiv_2026_xclusiv-2026_05_18.pdf
2026-05-18,20,Tankers,Pakistan,465.0,xclusiv_2026_xclusiv-2026_05_18.pdf
2026-05-18,20,Tankers,Turkey,285.0,xclusiv_2026_xclusiv-2026_05_18.pdf
2026-05-25,21,Bulkers,Bangladesh,460.0,xclusiv_2026_xclusiv-2026_05_25_.pdf
2026-05-25,21,Bulkers,India,410.0,xclusiv_2026_xclusiv-2026_05_25_.pdf
2026-05-25,21,Bulkers,Pakistan,440.0,xclusiv_2026_xclusiv-2026_05_25_.pdf
2026-05-25,21,Bulkers,Turkey,275.0,xclusiv_2026_xclusiv-2026_05_25_.pdf
2026-05-25,21,Tankers,Bangladesh,480.0,xclusiv_2026_xclusiv-2026_05_25_.pdf
2026-05-25,21,Tankers,India,430.0,xclusiv_2026_xclusiv-2026_05_25_.pdf
2026-05-25,21,Tankers,Pakistan,460.0,xclusiv_2026_xclusiv-2026_05_25_.pdf
2026-05-25,21,Tankers,Turkey,285.0,xclusiv_2026_xclusiv-2026_05_25_.pdf
2026-06-01,22,Bulkers,Bangladesh,460.0,xclusiv_2026_xclusiv-2026_06_01.pdf
2026-06-01,22,Bulkers,India,410.0,xclusiv_2026_xclusiv-2026_06_01.pdf
2026-06-01,22,Bulkers,Pakistan,440.0,xclusiv_2026_xclusiv-2026_06_01.pdf
2026-06-01,22,Bulkers,Turkey,275.0,xclusiv_2026_xclusiv-2026_06_01.pdf
2026-06-01,22,Tankers,Bangladesh,480.0,xclusiv_2026_xclusiv-2026_06_01.pdf
2026-06-01,22,Tankers,India,430.0,xclusiv_2026_xclusiv-2026_06_01.pdf
2026-06-01,22,Tankers,Pakistan,460.0,xclusiv_2026_xclusiv-2026_06_01.pdf
2026-06-01,22,Tankers,Turkey,285.0,xclusiv_2026_xclusiv-2026_06_01.pdf
2026-06-08,23,Bulkers,Bangladesh,460.0,xclusiv_2026_xclusiv-2026_06_08.pdf
2026-06-08,23,Bulkers,India,415.0,xclusiv_2026_xclusiv-2026_06_08.pdf
2026-06-08,23,Bulkers,Pakistan,440.0,xclusiv_2026_xclusiv-2026_06_08.pdf
2026-06-08,23,Bulkers,Turkey,275.0,xclusiv_2026_xclusiv-2026_06_08.pdf
2026-06-08,23,Tankers,Bangladesh,480.0,xclusiv_2026_xclusiv-2026_06_08.pdf
2026-06-08,23,Tankers,India,435.0,xclusiv_2026_xclusiv-2026_06_08.pdf
2026-06-08,23,Tankers,Pakistan,460.0,xclusiv_2026_xclusiv-2026_06_08.pdf
2026-06-08,23,Tankers,Turkey,285.0,xclusiv_2026_xclusiv-2026_06_08.pdf
2026-06-15,24,Bulkers,Bangladesh,460.0,xclusiv_2026_xclusiv-2026_06_15.pdf
2026-06-15,24,Bulkers,India,415.0,xclusiv_2026_xclusiv-2026_06_15.pdf
2026-06-15,24,Bulkers,Pakistan,440.0,xclusiv_2026_xclusiv-2026_06_15.pdf
2026-06-15,24,Bulkers,Turkey,275.0,xclusiv_2026_xclusiv-2026_06_15.pdf
2026-06-15,24,Tankers,Bangladesh,480.0,xclusiv_2026_xclusiv-2026_06_15.pdf
2026-06-15,24,Tankers,India,435.0,xclusiv_2026_xclusiv-2026_06_15.pdf
2026-06-15,24,Tankers,Pakistan,460.0,xclusiv_2026_xclusiv-2026_06_15.pdf
2026-06-15,24,Tankers,Turkey,285.0,xclusiv_2026_xclusiv-2026_06_15.pdf
2026-06-22,25,Bulkers,Bangladesh,460.0,xclusiv_2026_xclusiv-2026_06_22.pdf
2026-06-22,25,Bulkers,India,415.0,xclusiv_2026_xclusiv-2026_06_22.pdf
2026-06-22,25,Bulkers,Pakistan,440.0,xclusiv_2026_xclusiv-2026_06_22.pdf
2026-06-22,25,Bulkers,Turkey,275.0,xclusiv_2026_xclusiv-2026_06_22.pdf
2026-06-22,25,Tankers,Bangladesh,480.0,xclusiv_2026_xclusiv-2026_06_22.pdf
2026-06-22,25,Tankers,India,435.0,xclusiv_2026_xclusiv-2026_06_22.pdf
2026-06-22,25,Tankers,Pakistan,460.0,xclusiv_2026_xclusiv-2026_06_22.pdf
2026-06-22,25,Tankers,Turkey,285.0,xclusiv_2026_xclusiv-2026_06_22.pdf
2026-06-29,26,Bulkers,Bangladesh,460.0,xclusiv_2026_xclusiv-2026_06_29.pdf
2026-06-29,26,Bulkers,India,415.0,xclusiv_2026_xclusiv-2026_06_29.pdf
2026-06-29,26,Bulkers,Pakistan,440.0,xclusiv_2026_xclusiv-2026_06_29.pdf
2026-06-29,26,Bulkers,Turkey,270.0,xclusiv_2026_xclusiv-2026_06_29.pdf
2026-06-29,26,Tankers,Bangladesh,480.0,xclusiv_2026_xclusiv-2026_06_29.pdf
2026-06-29,26,Tankers,India,435.0,xclusiv_2026_xclusiv-2026_06_29.pdf
2026-06-29,26,Tankers,Pakistan,460.0,xclusiv_2026_xclusiv-2026_06_29.pdf
2026-06-29,26,Tankers,Turkey,280.0,xclusiv_2026_xclusiv-2026_06_29.pdf
2026-07-06,27,Bulkers,Bangladesh,460.0,xclusiv_2026_xclusiv-2026_07_06-1.pdf
2026-07-06,27,Bulkers,India,415.0,xclusiv_2026_xclusiv-2026_07_06-1.pdf
2026-07-06,27,Bulkers,Pakistan,440.0,xclusiv_2026_xclusiv-2026_07_06-1.pdf
2026-07-06,27,Bulkers,Turkey,270.0,xclusiv_2026_xclusiv-2026_07_06-1.pdf
2026-07-06,27,Tankers,Bangladesh,480.0,xclusiv_2026_xclusiv-2026_07_06-1.pdf
2026-07-06,27,Tankers,India,435.0,xclusiv_2026_xclusiv-2026_07_06-1.pdf
2026-07-06,27,Tankers,Pakistan,460.0,xclusiv_2026_xclusiv-2026_07_06-1.pdf
2026-07-06,27,Tankers,Turkey,280.0,xclusiv_2026_xclusiv-2026_07_06-1.pdf
2026-07-13,28,Bulkers,Bangladesh,455.0,xclusiv_2026_xclusiv-2026_07_13.pdf
2026-07-13,28,Bulkers,India,415.0,xclusiv_2026_xclusiv-2026_07_13.pdf
2026-07-13,28,Bulkers,Pakistan,440.0,xclusiv_2026_xclusiv-2026_07_13.pdf
2026-07-13,28,Bulkers,Turkey,270.0,xclusiv_2026_xclusiv-2026_07_13.pdf
2026-07-13,28,Tankers,Bangladesh,475.0,xclusiv_2026_xclusiv-2026_07_13.pdf
2026-07-13,28,Tankers,India,435.0,xclusiv_2026_xclusiv-2026_07_13.pdf
2026-07-13,28,Tankers,Pakistan,460.0,xclusiv_2026_xclusiv-2026_07_13.pdf
2026-07-13,28,Tankers,Turkey,280.0,xclusiv_2026_xclusiv-2026_07_13.pdf
2026-07-20,29,Bulkers,Bangladesh,445.0,xclusiv_2026_xclusiv-2026_07_20.pdf
2026-07-20,29,Bulkers,India,415.0,xclusiv_2026_xclusiv-2026_07_20.pdf
2026-07-20,29,Bulkers,Pakistan,435.0,xclusiv_2026_xclusiv-2026_07_20.pdf
2026-07-20,29,Bulkers,Turkey,270.0,xclusiv_2026_xclusiv-2026_07_20.pdf
2026-07-20,29,Tankers,Bangladesh,465.0,xclusiv_2026_xclusiv-2026_07_20.pdf
2026-07-20,29,Tankers,India,435.0,xclusiv_2026_xclusiv-2026_07_20.pdf
2026-07-20,29,Tankers,Pakistan,455.0,xclusiv_2026_xclusiv-2026_07_20.pdf
2026-07-20,29,Tankers,Turkey,280.0,xclusiv_2026_xclusiv-2026_07_20.pdf
2026-07-27,30,Bulkers,Bangladesh,445.0,xclusiv_2026_xclusiv-2026_07_27.pdf
2026-07-27,30,Bulkers,India,415.0,xclusiv_2026_xclusiv-2026_07_27.pdf
2026-07-27,30,Bulkers,Pakistan,435.0,xclusiv_2026_xclusiv-2026_07_27.pdf
2026-07-27,30,Bulkers,Turkey,270.0,xclusiv_2026_xclusiv-2026_07_27.pdf
2026-07-27,30,Tankers,Bangladesh,465.0,xclusiv_2026_xclusiv-2026_07_27.pdf
2026-07-27,30,Tankers,India,435.0,xclusiv_2026_xclusiv-2026_07_27.pdf
2026-07-27,30,Tankers,Pakistan,455.0,xclusiv_2026_xclusiv-2026_07_27.pdf
2026-07-27,30,Tankers,Turkey,280.0,xclusiv_2026_xclusiv-2026_07_27.pdf
2026-08-03,31,Bulkers,Bangladesh,445.0,xclusiv_2026_xclusiv-2026_08_03.pdf
2026-08-03,31,Bulkers,India,415.0,xclusiv_2026_xclusiv-2026_08_03.pdf
2026-08-03,31,Bulkers,Pakistan,435.0,xclusiv_2026_xclusiv-2026_08_03.pdf
2026-08-03,31,Bulkers,Turkey,270.0,xclusiv_2026_xclusiv-2026_08_03.pdf
2026-08-03,31,Tankers,Bangladesh,465.0,xclusiv_2026_xclusiv-2026_08_03.pdf
2026-08-03,31,Tankers,India,435.0,xclusiv_2026_xclusiv-2026_08_03.pdf
2026-08-03,31,Tankers,Pakistan,455.0,xclusiv_2026_xclusiv-2026_08_03.pdf
2026-08-03,31,Tankers,Turkey,280.0,xclusiv_2026_xclusiv-2026_08_03.pdf
2026-08-10,32,Bulkers,Bangladesh,445.0,xclusiv_2026_nan_xclusiv-2026_08_10.pdf
2026-08-10,32,Bulkers,India,415.0,xclusiv_2026_nan_xclusiv-2026_08_10.pdf
2026-08-10,32,Bulkers,Pakistan,435.0,xclusiv_2026_nan_xclusiv-2026_08_10.pdf
2026-08-10,32,Bulkers,Turkey,270.0,xclusiv_2026_nan_xclusiv-2026_08_10.pdf
2026-08-10,32,Tankers,Bangladesh,465.0,xclusiv_2026_nan_xclusiv-2026_08_10.pdf
2026-08-10,32,Tankers,India,435.0,xclusiv_2026_nan_xclusiv-2026_08_10.pdf
2026-08-10,32,Tankers,Pakistan,455.0,xclusiv_2026_nan_xclusiv-2026_08_10.pdf
2026-08-10,32,Tankers,Turkey,280.0,xclusiv_2026_nan_xclusiv-2026_08_10.pdf
2026-08-17,33,Bulkers,Bangladesh,450.0,xclusiv_2026_nan_xclusiv-2026_08_17.pdf
2026-08-17,33,Bulkers,India,420.0,xclusiv_2026_nan_xclusiv-2026_08_17.pdf
2026-08-17,33,Bulkers,Pakistan,440.0,xclusiv_2026_nan_xclusiv-2026_08_17.pdf
2026-08-17,33,Bulkers,Turkey,270.0,xclusiv_2026_nan_xclusiv-2026_08_17.pdf
2026-08-17,33,Tankers,Bangladesh,470.0,xclusiv_2026_nan_xclusiv-2026_08_17.pdf
2026-08-17,33,Tankers,India,440.0,xclusiv_2026_nan_xclusiv-2026_08_17.pdf
2026-08-17,33,Tankers,Pakistan,460.0,xclusiv_2026_nan_xclusiv-2026_08_17.pdf
2026-08-17,33,Tankers,Turkey,280.0,xclusiv_2026_nan_xclusiv-2026_08_17.pdf
2026-08-24,34,Bulkers,Bangladesh,470.0,xclusiv_2026_nan_xclusiv-2026_08_24.pdf
2026-08-24,34,Bulkers,India,430.0,xclusiv_2026_nan_xclusiv-2026_08_24.pdf
2026-08-24,34,Bulkers,Pakistan,480.0,xclusiv_2026_nan_xclusiv-2026_08_24.pdf
2026-08-24,34,Bulkers,Turkey,270.0,xclusiv_2026_nan_xclusiv-2026_08_24.pdf
2026-08-24,34,Tankers,Bangladesh,490.0,xclusiv_2026_nan_xclusiv-2026_08_24.pdf
2026-08-24,34,Tankers,India,450.0,xclusiv_2026_nan_xclusiv-2026_08_24.pdf
2026-08-24,34,Tankers,Pakistan,500.0,xclusiv_2026_nan_xclusiv-2026_08_24.pdf
2026-08-24,34,Tankers,Turkey,280.0,xclusiv_2026_nan_xclusiv-2026_08_24.pdf
2026-08-31,35,Bulkers,Bangladesh,490.0,xclusiv_2026_nan_xclusiv-2026_08_31.pdf
2026-08-31,35,Bulkers,India,450.0,xclusiv_2026_nan_xclusiv-2026_08_31.pdf
2026-08-31,35,Bulkers,Pakistan,500.0,xclusiv_2026_nan_xclusiv-2026_08_31.pdf
2026-08-31,35,Bulkers,Turkey,270.0,xclusiv_2026_nan_xclusiv-2026_08_31.pdf
2026-08-31,35,Tankers,Bangladesh,510.0,xclusiv_2026_nan_xclusiv-2026_08_31.pdf
2026-08-31,35,Tankers,India,470.0,xclusiv_2026_nan_xclusiv-2026_08_31.pdf
2026-08-31,35,Tankers,Pakistan,520.0,xclusiv_2026_nan_xclusiv-2026_08_31.pdf
2026-08-31,35,Tankers,Turkey,280.0,xclusiv_2026_nan_xclusiv-2026_08_31.pdf
2026-09-07,36,Bulkers,Bangladesh,470.0,xclusiv_2026_xclusiv-2026_09_07.pdf
2026-09-07,36,Bulkers,India,450.0,xclusiv_2026_xclusiv-2026_09_07.pdf
2026-09-07,36,Bulkers,Pakistan,490.0,xclusiv_2026_xclusiv-2026_09_07.pdf
2026-09-07,36,Bulkers,Turkey,270.0,xclusiv_2026_xclusiv-2026_09_07.pdf
2026-09-07,36,Tankers,Bangladesh,490.0,xclusiv_2026_xclusiv-2026_09_07.pdf
2026-09-07,36,Tankers,India,470.0,xclusiv_2026_xclusiv-2026_09_07.pdf
2026-09-07,36,Tankers,Pakistan,510.0,xclusiv_2026_xclusiv-2026_09_07.pdf
2026-09-07,36,Tankers,Turkey,280.0,xclusiv_2026_xclusiv-2026_09_07.pdf
2026-09-15,37,Bulkers,Bangladesh,485.0,xclusiv_15_09_2026_xclusiv_shipbrokers_weekly_14th_september_2026.pdf
2026-09-15,37,Bulkers,India,450.0,xclusiv_15_09_2026_xclusiv_shipbrokers_weekly_14th_september_2026.pdf
2026-09-15,37,Bulkers,Pakistan,490.0,xclusiv_15_09_2026_xclusiv_shipbrokers_weekly_14th_september_2026.pdf
2026-09-15,37,Bulkers,Turkey,280.0,xclusiv_15_09_2026_xclusiv_shipbrokers_weekly_14th_september_2026.pdf
2026-09-15,37,Tankers,Bangladesh,505.0,xclusiv_15_09_2026_xclusiv_shipbrokers_weekly_14th_september_2026.pdf
2026-09-15,37,Tankers,India,470.0,xclusiv_15_09_2026_xclusiv_shipbrokers_weekly_14th_september_2026.pdf
2026-09-15,37,Tankers,Pakistan,510.0,xclusiv_15_09_2026_xclusiv_shipbrokers_weekly_14th_september_2026.pdf
2026-09-15,37,Tankers,Turkey,290.0,xclusiv_15_09_2026_xclusiv_shipbrokers_weekly_14th_september_2026.pdf
2026-09-21,38,Bulkers,Bangladesh,485.0,xclusiv_2026_xclusiv-2026_09_21.pdf
2026-09-21,38,Bulkers,India,460.0,xclusiv_2026_xclusiv-2026_09_21.pdf
2026-09-21,38,Bulkers,Pakistan,490.0,xclusiv_2026_xclusiv-2026_09_21.pdf
2026-09-21,38,Bulkers,Turkey,280.0,xclusiv_2026_xclusiv-2026_09_21.pdf
2026-09-21,38,Tankers,Bangladesh,505.0,xclusiv_2026_xclusiv-2026_09_21.pdf
2026-09-21,38,Tankers,India,480.0,xclusiv_2026_xclusiv-2026_09_21.pdf
2026-09-21,38,Tankers,Pakistan,510.0,xclusiv_2026_xclusiv-2026_09_21.pdf
2026-09-21,38,Tankers,Turkey,290.0,xclusiv_2026_xclusiv-2026_09_21.pdf
2026-09-28,39,Bulkers,Bangladesh,495.0,xclusiv_2026_xclusiv-2026_09_28.pdf
2026-09-28,39,Bulkers,India,460.0,xclusiv_2026_xclusiv-2026_09_28.pdf
2026-09-28,39,Bulkers,Pakistan,500.0,xclusiv_2026_xclusiv-2026_09_28.pdf
2026-09-28,39,Bulkers,Turkey,290.0,xclusiv_2026_xclusiv-2026_09_28.pdf
2026-09-28,39,Tankers,Bangladesh,515.0,xclusiv_2026_xclusiv-2026_09_28.pdf
2026-09-28,39,Tankers,India,480.0,xclusiv_2026_xclusiv-2026_09_28.pdf
2026-09-28,39,Tankers,Pakistan,520.0,xclusiv_2026_xclusiv-2026_09_28.pdf
2026-09-28,39,Tankers,Turkey,300.0,xclusiv_2026_xclusiv-2026_09_28.pdf
